일시,지점,폭염여부(O/X),최고체감온도(°C),최고기온(°C),평균기온(°C),최저기온(°C),평균상대습도(%),폭염특보(O/X),폭염영향예보(단계),열대야(O/X),자외선지수(단계)
7/1/2019,북강릉(104),X,28.2,27,23.9,20.7,67,X, ,X,매우높음
7/1/2019,동해(106),X,26.7,24.4,21.9,20.9,77.1,X, ,X,낮음
7/1/2019,서울(108),X,28.1,28.9,23.9,20.6,64.4,X, ,X,매우높음
7/1/2019,인천(112),X,26.9,25.8,22.3,19.8,81.6,X, ,X,매우높음
7/1/2019,원주(114),X,27.1,27.3,23.4,20.5,61,X,관심,X,낮음
7/1/2019,울릉도(115),X,27.9,25.6,22.3,20.1,84.1,X, ,X,낮음
7/1/2019,수원(119),X,29,29,23.2,19.6,76.1,X, ,X,낮음
7/1/2019,영월(121),X,26.5,26.1,22,18.4,73.4,X, ,X,낮음
7/1/2019,충주(127),X,27.9,27.6,23.8,21.3,69.3,X, ,X,낮음
7/1/2019,서산(129),X,28.1,27.4,22.4,18.8,77.5,X, ,X,매우높음
7/1/2019,울진(130),X,27.3,26.1,23.8,22.2,71.9,X, ,X,낮음
7/1/2019,청주(131),X,28.7,28,24.5,21.8,70.9,X, ,X,매우높음
7/1/2019,대전(133),X,28.7,27.3,23.7,20.7,77.4,X, ,X,매우높음
7/1/2019,추풍령(135),X,26,24.9,21.9,17.8,74.8,X, ,X,낮음
7/1/2019,안동(136),X,27.1,26,22.8,18.7,75.1,X, ,X,매우높음
7/1/2019,상주(137),X,28.2,26.3,23.3,19.5,76.8,X, ,X,낮음
7/1/2019,포항(138),X,28.4,26.9,24.8,22.5,73.8,X, ,X,낮음
7/1/2019,군산(140),X,27.6,26.2,22.7,19.6,85,X, ,X,낮음
7/1/2019,대구(143),X,28.7,27.6,24.3,21.2,77.6,X,관심,X,매우높음
7/1/2019,전주(146),X,29.2,26.7,23.6,21.7,93.5,X, ,X,매우높음
7/1/2019,울산(152),X,29.5,28.4,24.4,21.3,82.5,X, ,X,높음
7/1/2019,창원(155),X,29.4,28.4,23.6,20.4,83.4,X, ,X,매우높음
7/1/2019,광주(156),X,28.8,25.9,22.6,21.4,96.1,X, ,X,매우높음
7/1/2019,부산(159),X,29.2,27.8,23.1,21.3,88.6,X, ,X,매우높음
7/1/2019,통영(162),X,28.6,26.2,22.9,20.5,88.3,X, ,X,낮음
7/1/2019,목포(165),X,26.5,23.3,22,20.8,92.9,X, ,X,보통
7/1/2019,여수(168),X,27.8,25.3,23.4,22.2,88,X, ,X,낮음
7/1/2019,흑산도(169),X,26.2,22.5,20.4,18.2,98.9,X, ,X,낮음
7/1/2019,완도(170),X,27.8,25.2,22.9,20.8,88.5,X, ,X,낮음
7/1/2019,고창(172),X,28.4,25.9,22.5,20.9,93.3,X, ,X,낮음
7/1/2019,제주(184),X,28.2,25.6,23.4,22.3,90.3,X, ,X,매우높음
7/1/2019,진주(192),X,28.8,26.2,23.8,20.8,87.1,X, ,X,낮음
7/1/2019,양평(202),X,28.4,29.5,23.9,20.2,61.6,X,관심,X,낮음
7/1/2019,이천(203),X,28.5,28.4,23.3,19.1,66.4,X,관심,X,낮음
7/1/2019,인제(211),X,27.5,27.5,23.3,19.9,63.3,X, ,X,낮음
7/1/2019,홍천(212),X,29.2,29.7,23.9,19.7,65.3,X,관심,X,낮음
7/1/2019,태백(216),X,25.1,24.2,20,16.5,70.4,X, ,X,낮음
7/1/2019,정선군(217),X,26.8,27,21.9,17.4,67.4,X, ,X,낮음
7/1/2019,제천(221),X,26.9,26.8,21.9,17.5,68.9,X, ,X,낮음
7/1/2019,보은(226),X,28.5,27.5,22.2,17.1,80,X, ,X,낮음
7/1/2019,천안(232),X,27.6,27,22.2,18.3,75.9,X, ,X,낮음
7/1/2019,보령(235),X,27.4,26.4,22,18.1,82,X, ,X,낮음
7/1/2019,부여(236),X,28.1,27.8,22.9,17.3,78.4,X, ,X,낮음
7/1/2019,금산(238),X,27.4,26.3,22.5,17.8,77.1,X, ,X,낮음
7/1/2019,세종(239),X,28,26.8,23.2,19.4,75.3,X, ,X,매우높음
7/1/2019,부안(243),X,28.3,26.6,22.9,19.8,84,X, ,X,낮음
7/1/2019,임실(244),X,28.1,26.8,22.3,19.9,85.8,X, ,X,낮음
7/1/2019,정읍(245),X,27.5,25.5,22.5,20.6,85.5,X, ,X,낮음
7/1/2019,남원(247),X,27.3,25.8,22.9,21,86.6,X, ,X,낮음
7/1/2019,장수(248),X,26.1,25.2,21.9,19.4,78.8,X, ,X,낮음
7/1/2019,영광군(252),X,28.8,26.5,22.9,21,92.3,X, ,X,낮음
7/1/2019,김해시(253),X,30.4,29.2,24.7,21.5,83.4,X, ,X,낮음
7/1/2019,순창군(254),X,27.9,26.1,22.3,20.1,91.6,X, ,X,낮음
7/1/2019,양산시(257),X,30.3,28.7,24.8,20.8,84.5,X,관심,X,낮음
7/1/2019,강진군(259),X,27.7,25.2,22.8,19.8,85.8,X, ,X,낮음
7/1/2019,장흥(260),X,28.5,26,23.4,20.4,85.1,X, ,X,낮음
7/1/2019,해남(261),X,26.7,23.5,21.3,18.7,97.3,X, ,X,낮음
7/1/2019,고흥(262),X,27.7,25.4,22.7,19.6,87.3,X, ,X,낮음
7/1/2019,의령군(263),X,28.9,27.2,24.2,20.5,82.9,X,관심,X,낮음
7/1/2019,함양군(264),X,28.9,26.3,23.1,19.8,87.5,X, ,X,낮음
7/1/2019,진도군ASOS(268),X,27,24,21.7,19.5,92.8,X, ,X,낮음
7/1/2019,봉화(271),X,26.7,25.8,20.5,16.2,81.4,X, ,X,낮음
7/1/2019,영주(272),X,26.7,26.4,22,17.2,70.1,X, ,X,낮음
7/1/2019,문경(273),X,28.5,27.7,22.5,18.8,75.4,X, ,X,낮음
7/1/2019,청송군(276),X,27.7,25.9,21.3,16.4,88.5,X, ,X,낮음
7/1/2019,영덕(277),X,28.3,26.9,23.4,20.5,75.4,X, ,X,낮음
7/1/2019,의성(278),X,28.7,28.3,23.1,18,77,X,관심,X,낮음
7/1/2019,구미(279),X,29.1,27,23.4,19.6,89.4,X, ,X,낮음
7/1/2019,영천(281),X,28.4,27.3,23.4,19.4,77.4,X,관심,X,낮음
7/1/2019,경주시(283),X,29.2,27.4,23.3,20.2,88.6,X,관심,X,낮음
7/1/2019,거창(284),X,27.1,25.6,22,18.7,84.9,X, ,X,낮음
7/1/2019,합천(285),X,28.3,27.2,23.3,20.1,75.6,X,관심,X,낮음
7/1/2019,밀양(288),X,28.5,27.5,24.4,21.1,81.3,X,관심,X,낮음
7/1/2019,산청(289),X,28.3,26.6,23.3,20.2,81.3,X, ,X,낮음
7/1/2019,거제(294),X,31.3,29.6,24.2,21.5,90.3,X, ,X,낮음
7/1/2019,남해(295),X,29.8,28.5,24.4,21.6,83.6,X, ,X,낮음
7/1/2019,부천(433),X,,27.9,22.9,19.6,,X, ,X,낮음
7/1/2019,안양(434),X,,27.3,23.2,20.4,75,X, ,X,낮음
7/1/2019,광명(437),X,,28.7,23.5,20.1,,X, ,X,낮음
7/1/2019,군포(438),X,,28.5,23.1,19.6,,X, ,X,낮음
7/1/2019,김포(441),X,,27.8,22.3,18,,X, ,X,낮음
7/1/2019,하남(444),X,,,23.6,,,X, ,X,낮음
7/1/2019,의왕(445),X,,26.6,21.2,17.4,,X, ,X,낮음
7/1/2019,포천(504),X,29,30.1,23.4,18.2,65,X, ,X,낮음
7/1/2019,가평조종(505),X,,29.6,23,17.8,,X,관심,X,낮음
7/1/2019,안성(516),X,28.5,28.1,23.1,18.6,76,X,관심,X,낮음
7/1/2019,간성(517),X,27.8,24.8,22.2,19.2,94,X, ,X,낮음
7/1/2019,평창(526),X,26.3,26.8,21,16.5,72,X, ,X,낮음
7/1/2019,의정부(532),X,30.4,30.2,23.4,19.1,76,X, ,X,낮음
7/1/2019,횡성(536),X,29.7,29,22.8,16.9,79,X,관심,X,낮음
7/1/2019,고양(540),X,31.1,31.8,23.4,18.4,74,X, ,X,낮음
7/1/2019,남양주(541),X,29.2,30.3,24.1,19.7,64,X, ,X,낮음
7/1/2019,안산(545),X,28.8,28.4,21.9,16.8,79,X, ,X,낮음
7/1/2019,경기광주(546),X,28.3,28.7,22.7,18.8,70,X, ,X,낮음
7/1/2019,여주(548),X,27.7,26.8,22.8,19.5,70,X,관심,X,낮음
7/1/2019,용인(549),X,26.9,27.5,22.6,17.9,66,X, ,X,낮음
7/1/2019,오산(550),X,28.3,28.7,23.3,19.4,63,X, ,X,낮음
7/1/2019,평택(551),X,28.6,28.3,23.3,19.7,72,X, ,X,낮음
7/1/2019,화천(555),X,30,31.1,23.5,17.4,71,X,관심,X,낮음
7/1/2019,양구(556),X,28.5,28.6,23.4,18.6,66,X, ,X,낮음
7/1/2019,시흥(565),X,27.7,27.6,23.4,19.6,73,X, ,X,낮음
7/1/2019,구리(569),X,29.3,30.2,24.5,20.4,61,X, ,X,낮음
7/1/2019,화성(571),X,27.5,27.7,22.6,18.8,71,X, ,X,낮음
7/1/2019,성남(572),X,28.2,28.7,23.7,20.2,64,X, ,X,매우높음
7/1/2019,과천(590),X,28.4,28.3,23.1,19.4,71,X, ,X,낮음
7/1/2019,양주(598),X,29.4,29.7,23.2,17.9,69,X, ,X,낮음
7/1/2019,단양(601),X,28.8,28,23.2,20.4,82,X, ,X,낮음
7/1/2019,진천(602),X,28,28.6,23.1,17.8,65,X, ,X,낮음
7/1/2019,괴산(603),X,27.7,27.6,22.9,19.8,73,X, ,X,낮음
7/1/2019,옥천(604),X,27.3,26.7,22.7,17.3,76,X, ,X,낮음
7/1/2019,홍북(608),X,28.9,27.9,21.9,17.3,84,X, ,X,낮음
7/1/2019,공주(612),X,28.9,28.1,23.4,18.1,77,X, ,X,낮음
7/1/2019,서천(614),X,27.5,26.9,23.2,18.9,81,X, ,X,낮음
7/1/2019,논산(615),X,28.1,27.3,23.3,18.6,79,X, ,X,낮음
7/1/2019,당진(616),X,28.6,27.8,22.5,18.5,80,X, ,X,낮음
7/1/2019,청양(618),X,27.9,27,21.9,15.3,81,X, ,X,낮음
7/1/2019,음성(619),X,27.8,27.2,22.6,18.1,77,X, ,X,낮음
7/1/2019,증평(623),X,27.9,27.3,23.8,20.9,74,X, ,X,낮음
7/1/2019,태안(627),X,28.6,28,22.3,18.7,81,X, ,X,낮음
7/1/2019,예산(628),X,28.8,28.3,23.3,19.7,79,X, ,X,낮음
7/1/2019,아산(634),X,28.3,28.4,23.2,19.2,70,X, ,X,낮음
7/1/2019,계룡(636),X,27.6,26.7,21.5,14.6,82,X, ,X,낮음
7/1/2019,연천청산(652),X,29.2,29.9,23.4,18.7,70,X, ,X,낮음
7/1/2019,양양(670),X,31.3,28.8,24.2,20.8,89,X, ,X,낮음
7/1/2019,무안(699),X,27.3,24.1,21.9,19.6,96,X, ,X,낮음
7/1/2019,무주(701),X,28.4,26.4,22.2,17.3,88,X, ,X,낮음
7/1/2019,익산(702),X,30.1,27.9,23.4,19.3,91,X, ,X,낮음
7/1/2019,진안(703),X,26.8,24.6,21.6,19.7,91,X, ,X,낮음
7/1/2019,담양(706),X,29.9,26.1,22.5,20.7,99,X, ,X,낮음
7/1/2019,구례(709),X,28.4,25.8,23.3,21.1,90,X, ,X,낮음
7/1/2019,나주(710),X,27.6,24.8,22.4,20.4,95,X, ,X,낮음
7/1/2019,순천시(712),X,29.3,26.7,24.5,21.6,86,X, ,X,낮음
7/1/2019,광양읍(713),X,29.7,27.9,24.2,21,83,X, ,X,낮음
7/1/2019,장성(730),X,28.2,25.5,22,20.4,94,X, ,X,낮음
7/1/2019,영암(731),X,27.9,24.8,22.5,20.2,94,X, ,X,낮음
7/1/2019,보성(732),X,27.6,24.7,22,18.7,93,X, ,X,낮음
7/1/2019,완주(734),X,27.8,26,22.4,18.3,88,X, ,X,낮음
7/1/2019,김제(737),X,28.3,26,22.8,20.3,89,X, ,X,낮음
7/1/2019,화순(741),X,27.2,25.1,22.1,20.4,86,X, ,X,낮음
7/1/2019,함평(754),X,27.9,24.8,22.3,20.2,94,X, ,X,낮음
7/1/2019,곡성(768),X,27.8,25.7,21.9,19.5,87,X, ,X,낮음
7/1/2019,압해도(789),X,27.2,24,22.1,20.9,96,X, ,X,낮음
7/1/2019,영양(801),X,27,25.5,21.5,16.9,85,X, ,X,낮음
7/1/2019,성주(810),X,28.3,27.4,22.6,19.4,80,X, ,X,낮음
7/1/2019,고령(812),X,29.2,27,22.6,19.9,91,X, ,X,낮음
7/1/2019,청도(813),X,29.2,27.7,24,21,78,X, ,X,낮음
7/1/2019,예천(815),X,28.2,26.5,22.1,18.5,89,X, ,X,낮음
7/1/2019,김천(822),X,28.8,27.2,21.9,17.4,87,X,관심,X,낮음
7/1/2019,군위(823),X,29.1,27.8,22.8,18.3,82,X,관심,X,낮음
7/1/2019,칠곡(825),X,29,27.7,23.2,19.3,85,X, ,X,낮음
7/1/2019,경산(827),X,28.2,27.3,24,20.8,74,X,관심,X,낮음
7/1/2019,삼척(876),X,27.6,26.1,23.7,20.6,67,X, ,X,낮음
7/1/2019,속초(90),X,28.4,26,23.2,21.2,84.3,X, ,X,낮음
7/1/2019,삼천포(907),X,29.2,27.1,23.7,21.4,89,X, ,X,낮음
7/1/2019,고성(918),X,29.4,27.4,23.7,20.7,89,X, ,X,낮음
7/1/2019,창녕(919),X,28.9,26.8,24.3,21,86,X,관심,X,낮음
7/1/2019,함안(920),X,29.9,28.7,24.8,20.8,78,X,관심,X,낮음
7/1/2019,북춘천(93),X,29.3,29.8,23.9,19.4,69,X,관심,X,매우높음
7/1/2019,하동(932),X,28.6,26.3,23.5,20.8,87,X, ,X,낮음
7/1/2019,철원(95),X,28.8,29,23.6,19.3,70.1,X, ,X,낮음
7/1/2019,동두천(98),X,29.3,29.6,23.2,18.7,74.1,X, ,X,낮음
7/1/2019,파주(99),X,29.7,29.8,22.7,17.5,75.9,X, ,X,낮음
7/2/2019,북강릉(104),X,28.1,28.9,23.4,18.8,58.4,X,관심,X,매우높음
7/2/2019,동해(106),X,27.2,27.4,22.3,18.4,61.6,X, ,X,낮음
7/2/2019,서울(108),X,28.9,30.1,24.4,20.8,63.5,X, ,X,매우높음
7/2/2019,인천(112),X,27.8,26.3,22.7,19.6,83.6,X, ,X,매우높음
7/2/2019,원주(114),X,28.3,29.1,23.8,18.2,55.9,X,관심,X,낮음
7/2/2019,울릉도(115),X,28.1,26.6,23.4,20.2,64,X, ,X,낮음
7/2/2019,수원(119),X,30,30.2,23.9,19.7,75.3,X, ,X,낮음
7/2/2019,영월(121),X,27.7,28.3,21.8,15.6,69.6,X,관심,X,낮음
7/2/2019,충주(127),X,29.1,29.6,22.4,15.8,67.9,X,관심,X,낮음
7/2/2019,서산(129),X,28.6,27.6,22.7,19.2,82,X, ,X,매우높음
7/2/2019,울진(130),X,28.4,29,22.9,18.8,72.6,X, ,X,낮음
7/2/2019,청주(131),X,29.5,30.4,24.5,19,64.1,X,관심,X,매우높음
7/2/2019,대전(133),X,29.7,29.9,23.8,17.2,72.3,X,관심,X,매우높음
7/2/2019,추풍령(135),X,27.7,27.9,21.8,16,68,X,관심,X,낮음
7/2/2019,안동(136),X,28.5,29.4,23.1,16.7,66.3,X,관심,X,매우높음
7/2/2019,상주(137),X,29.5,29.2,23.7,16.5,69.5,X,관심,X,낮음
7/2/2019,포항(138),X,31.3,31.4,26,19.9,62.4,X, ,X,낮음
7/2/2019,군산(140),X,28.2,27,22.4,18.4,84,X, ,X,낮음
7/2/2019,대구(143),X,29.7,31.2,25.2,19,61.3,X,관심,X,매우높음
7/2/2019,전주(146),X,29.5,28.4,23.7,20.4,82.3,X, ,X,매우높음
7/2/2019,울산(152),X,29.6,29.1,23.7,20.1,81.8,X, ,X,매우높음
7/2/2019,창원(155),X,29.8,29.3,24.3,20.2,74.6,X, ,X,매우높음
7/2/2019,광주(156),X,29.9,29.6,23.9,20.6,78,X, ,X,매우높음
7/2/2019,부산(159),X,28.4,26.4,23.4,20.9,81.6,X, ,X,매우높음
7/2/2019,통영(162),X,28.1,26.2,23,21,87,X, ,X,낮음
7/2/2019,목포(165),X,28.1,26.8,23,20.5,84,X, ,X,매우높음
7/2/2019,여수(168),X,28.1,26.5,23.8,22,83.1,X, ,X,낮음
7/2/2019,흑산도(169),X,28.2,25.4,21.8,19.7,93.8,X, ,X,낮음
7/2/2019,완도(170),X,30.2,28.9,24.2,21.5,78.8,X, ,X,낮음
7/2/2019,고창(172),X,29.3,28.1,23.2,19.3,81.3,X, ,X,낮음
7/2/2019,제주(184),X,27.9,25.7,23.3,21.8,84.9,X, ,X,매우높음
7/2/2019,진주(192),X,30.3,29.6,24,18.8,78,X, ,X,낮음
7/2/2019,양평(202),X,29.6,32.1,24.2,17.7,60.6,X,관심,X,낮음
7/2/2019,이천(203),X,29.3,30,23.5,17.8,66,X,관심,X,낮음
7/2/2019,인제(211),X,27.5,28.4,22,16.1,64.1,X, ,X,낮음
7/2/2019,홍천(212),X,29.3,30.6,23.5,16.5,62,X,관심,X,낮음
7/2/2019,태백(216),X,26.4,26.7,19.8,14.3,70.6,X, ,X,낮음
7/2/2019,정선군(217),X,27.8,29.1,21.4,14.6,64.4,X,관심,X,낮음
7/2/2019,제천(221),X,28.1,29.4,21.6,14.2,68,X,관심,X,낮음
7/2/2019,보은(226),X,28.8,29.5,22.2,14.3,71.9,X, ,X,낮음
7/2/2019,천안(232),X,28.2,28.3,21.6,14.5,74,X, ,X,낮음
7/2/2019,보령(235),X,28.1,26.9,21.9,17.5,84.5,X, ,X,낮음
7/2/2019,부여(236),X,28.9,28.7,22,15.5,77.3,X, ,X,낮음
7/2/2019,금산(238),X,28.2,28.7,22.2,15.7,70.4,X, ,X,낮음
7/2/2019,세종(239),X,29.1,29.3,22.9,16.1,71.3,X,관심,X,매우높음
7/2/2019,부안(243),X,28.6,27.8,23.1,19.5,77,X, ,X,낮음
7/2/2019,임실(244),X,29.2,29.5,22.3,16.9,74.1,X, ,X,낮음
7/2/2019,정읍(245),X,28.7,28.4,22.8,18.7,75.5,X, ,X,낮음
7/2/2019,남원(247),X,28.9,29.1,23.5,19.3,74,X, ,X,낮음
7/2/2019,장수(248),X,27,27.4,21.1,16.3,77.3,X, ,X,낮음
7/2/2019,영광군(252),X,29.7,28.7,23.7,19.7,78.9,X, ,X,낮음
7/2/2019,김해시(253),X,30.8,29.7,25,21.9,76.3,X, ,X,낮음
7/2/2019,순창군(254),X,29.7,29.5,23.1,18.8,79.1,X, ,X,낮음
7/2/2019,양산시(257),X,31.1,31.2,25.4,21.3,74.3,X,관심,X,낮음
7/2/2019,강진군(259),X,29.6,28.9,24.2,21.1,75.4,X, ,X,낮음
7/2/2019,장흥(260),X,30.8,30.5,25.1,20.9,71.1,X, ,X,낮음
7/2/2019,해남(261),X,29,28.2,23.4,20.6,84,X, ,X,낮음
7/2/2019,고흥(262),X,29.6,28.4,23.6,20,81.5,X, ,X,낮음
7/2/2019,의령군(263),X,30.6,30.7,24.6,18.9,75.1,X,관심,X,낮음
7/2/2019,함양군(264),X,30.2,29.6,22.9,17,80.6,X, ,X,낮음
7/2/2019,진도군ASOS(268),X,28.2,26.2,22.7,20.4,84,X, ,X,낮음
7/2/2019,봉화(271),X,27.7,28.3,20.7,14.2,72.9,X, ,X,낮음
7/2/2019,영주(272),X,27.8,28.7,21.8,15.5,68,X,관심,X,낮음
7/2/2019,문경(273),X,29.3,30,22.7,16.2,66.6,X,관심,X,낮음
7/2/2019,청송군(276),X,29.3,29.1,21.5,14.8,80.8,X,관심,X,낮음
7/2/2019,영덕(277),X,30.1,30.6,23.8,18.6,71.3,X, ,X,낮음
7/2/2019,의성(278),X,29.6,31.1,23.4,16.5,68,X,관심,X,낮음
7/2/2019,구미(279),X,29.9,29.9,24.3,17.5,72.4,X,관심,X,낮음
7/2/2019,영천(281),X,29.6,31.3,24.3,17.1,64.8,X,관심,X,낮음
7/2/2019,경주시(283),X,31,31.6,24.4,18.1,74.8,X,관심,X,낮음
7/2/2019,거창(284),X,29.1,29.9,22.3,16.3,73.1,X, ,X,낮음
7/2/2019,합천(285),X,30.4,32.1,24.3,17.7,65.5,X,관심,X,낮음
7/2/2019,밀양(288),X,29.3,31,25,19.9,68.4,X,관심,X,낮음
7/2/2019,산청(289),X,29.8,30.8,23.8,18.5,72.4,X, ,X,낮음
7/2/2019,거제(294),X,29.6,28.5,24.6,21.3,81.1,X, ,X,낮음
7/2/2019,남해(295),X,30.5,29.1,24.6,21.1,77.9,X, ,X,낮음
7/2/2019,부천(433),X,,28.7,23.4,20.2,,X, ,X,낮음
7/2/2019,안양(434),X,,28.2,23.9,20.5,73,X, ,X,낮음
7/2/2019,광명(437),X,,29.5,24.3,20.6,,X, ,X,낮음
7/2/2019,군포(438),X,,29.5,23.8,20,,X, ,X,낮음
7/2/2019,김포(441),X,,28,22.5,18.9,,X, ,X,낮음
7/2/2019,하남(444),X,,,23.7,,,X, ,X,낮음
7/2/2019,의왕(445),X,,27.7,21.8,17.4,,X, ,X,낮음
7/2/2019,포천(504),X,29.3,30.3,23.7,18.7,64,X,관심,X,낮음
7/2/2019,가평조종(505),X,,30.1,22.8,15.5,,X,관심,X,낮음
7/2/2019,안성(516),X,29.7,30.2,23.1,16.8,72,X,관심,X,낮음
7/2/2019,간성(517),X,29,29.5,23.8,18.2,65,X, ,X,낮음
7/2/2019,평창(526),X,27.2,28.2,20.9,13.4,67,X, ,X,낮음
7/2/2019,의정부(532),X,30.1,30.2,23.4,17.7,76,X, ,X,낮음
7/2/2019,횡성(536),X,31.2,31.5,22.8,15.2,76,X,관심,X,낮음
7/2/2019,고양(540),X,31.2,32.2,23.8,18.6,72,X, ,X,낮음
7/2/2019,남양주(541),X,29.3,30.4,23.6,18.5,64,X, ,X,낮음
7/2/2019,안산(545),X,29,28.8,23,17.8,80,X, ,X,낮음
7/2/2019,경기광주(546),X,28.8,29.8,23,17.1,68,X,관심,X,낮음
7/2/2019,여주(548),X,29.1,29.2,22.8,17.4,68,X,관심,X,낮음
7/2/2019,용인(549),X,28,28.9,23,17.3,65,X, ,X,낮음
7/2/2019,오산(550),X,28.6,29.8,23.7,19.1,62,X, ,X,낮음
7/2/2019,평택(551),X,29.7,30.3,23.4,17.3,72,X, ,X,낮음
7/2/2019,화천(555),X,30,31.5,22.9,15.1,70,X,관심,X,낮음
7/2/2019,양구(556),X,30.2,31.7,22.6,15.7,67,X,관심,X,낮음
7/2/2019,시흥(565),X,28.5,28.4,23.9,20.6,74,X, ,X,낮음
7/2/2019,구리(569),X,29.9,31.3,24.8,20.4,59,X, ,X,낮음
7/2/2019,화성(571),X,28.5,28.9,23.4,18.8,71,X, ,X,낮음
7/2/2019,성남(572),X,28.9,29.6,24.3,20.3,63,X, ,X,매우높음
7/2/2019,과천(590),X,29.1,29.1,23.6,19.2,70,X, ,X,낮음
7/2/2019,양주(598),X,29.5,30,23.6,17.1,67,X, ,X,낮음
7/2/2019,단양(601),X,30.2,30.9,23.4,17.5,75,X,관심,X,낮음
7/2/2019,진천(602),X,28.5,30.1,23,15.8,62,X,관심,X,낮음
7/2/2019,괴산(603),X,29.3,30.3,22.1,15,71,X, ,X,낮음
7/2/2019,옥천(604),X,29,29,22.7,15.8,71,X, ,X,낮음
7/2/2019,홍북(608),X,30.2,29.5,22.3,17.1,84,X, ,X,낮음
7/2/2019,공주(612),X,29.9,30.9,22.9,15.6,73,X,관심,X,낮음
7/2/2019,서천(614),X,28.6,27.3,22.5,18.1,81,X, ,X,낮음
7/2/2019,논산(615),X,29.6,29.3,22.7,16.8,77,X, ,X,낮음
7/2/2019,당진(616),X,29.3,28.2,22.8,18.4,79,X, ,X,낮음
7/2/2019,청양(618),X,29.3,28.6,20.8,13.7,83,X, ,X,낮음
7/2/2019,음성(619),X,29,28.8,21.5,14.5,73,X,관심,X,낮음
7/2/2019,증평(623),X,28.8,29.6,22.7,16.3,71,X, ,X,낮음
7/2/2019,태안(627),X,29.3,27.6,22.3,19.1,88,X, ,X,낮음
7/2/2019,예산(628),X,29.9,29.4,23.1,17.8,80,X, ,X,낮음
7/2/2019,아산(634),X,29,29.4,23.2,17.3,69,X, ,X,낮음
7/2/2019,계룡(636),X,28.6,28.7,20.6,12.5,77,X, ,X,낮음
7/2/2019,연천청산(652),X,29.2,30,23.1,18.3,74,X, ,X,낮음
7/2/2019,양양(670),X,30.7,30.9,24.1,18.6,75,X,관심,X,낮음
7/2/2019,무안(699),X,28.8,27.4,23.1,20.2,84,X, ,X,낮음
7/2/2019,무주(701),X,29.5,29.3,21.9,16.7,81,X, ,X,낮음
7/2/2019,익산(702),X,30.8,29.4,23.4,19.1,85,X, ,X,낮음
7/2/2019,진안(703),X,27.9,27.1,21.5,17,80,X, ,X,낮음
7/2/2019,담양(706),X,31.2,29.6,23.8,19.5,87,X, ,X,낮음
7/2/2019,구례(709),X,30.1,30,24,19.5,78,X,관심,X,낮음
7/2/2019,나주(710),X,30.3,28.8,23.7,19.4,82,X, ,X,낮음
7/2/2019,순천시(712),X,31.7,31.6,25.5,20.6,76,X, ,X,낮음
7/2/2019,광양읍(713),X,31.3,31.5,25.1,19.7,73,X,관심,X,낮음
7/2/2019,장성(730),X,29.2,28.8,23,18.5,81,X, ,X,낮음
7/2/2019,영암(731),X,29.6,28.2,23.5,20.1,83,X, ,X,낮음
7/2/2019,보성(732),X,29.6,28.9,23.3,18.9,78,X, ,X,낮음
7/2/2019,완주(734),X,28.9,28.1,22.4,17.8,79,X, ,X,낮음
7/2/2019,김제(737),X,29,27.9,23.1,19.7,81,X, ,X,낮음
7/2/2019,화순(741),X,29.2,29.9,23.7,19.3,72,X, ,X,낮음
7/2/2019,함평(754),X,29.5,28.5,23.8,20.6,82,X, ,X,낮음
7/2/2019,곡성(768),X,29,29,22.8,18.3,77,X, ,X,낮음
7/2/2019,압해도(789),X,28.8,26.4,23.1,20.5,90,X, ,X,낮음
7/2/2019,영양(801),X,28.6,28.3,21.3,16.2,81,X, ,X,낮음
7/2/2019,성주(810),X,29.3,30.2,23.5,16.8,65,X,관심,X,낮음
7/2/2019,고령(812),X,29.7,29.4,23.3,18.2,79,X,관심,X,낮음
7/2/2019,청도(813),X,29.8,31.5,24.9,19,67,X,관심,X,낮음
7/2/2019,예천(815),X,29.3,29.3,22.5,15.8,78,X,관심,X,낮음
7/2/2019,김천(822),X,29.9,29.9,22.2,15.1,77,X,관심,X,낮음
7/2/2019,군위(823),X,30.3,30.3,23,16.1,74,X,관심,X,낮음
7/2/2019,칠곡(825),X,29.9,30.4,24.2,17.5,70,X,관심,X,낮음
7/2/2019,경산(827),X,29.3,31,24.7,18.7,60,X,관심,X,낮음
7/2/2019,삼척(876),X,28,28.5,23.8,20.5,55,X, ,X,낮음
7/2/2019,속초(90),X,29.3,30.4,24.5,19.9,59.4,X, ,X,낮음
7/2/2019,삼천포(907),X,29.6,27.9,23.8,20.8,82,X, ,X,낮음
7/2/2019,고성(918),X,30,28.9,23.9,20.3,83,X, ,X,낮음
7/2/2019,창녕(919),X,30.9,31.4,25.1,19.3,74,X,관심,X,낮음
7/2/2019,함안(920),X,32.1,32.3,25.8,20.2,69,X,관심,X,낮음
7/2/2019,북춘천(93),X,29.1,30.3,23.2,16.3,67.1,X,관심,X,매우높음
7/2/2019,하동(932),X,30.8,30.8,24.3,19.4,79,X, ,X,낮음
7/2/2019,철원(95),X,28.9,29.3,23.2,19,71.6,X, ,X,낮음
7/2/2019,동두천(98),X,29.9,30,23.2,18.6,74.1,X, ,X,낮음
7/2/2019,파주(99),X,29.4,29.3,23.3,18.5,75.9,X, ,X,낮음
7/3/2019,북강릉(104),X,28.2,28.9,24.3,19.8,60.5,X,관심,X,위험
7/3/2019,동해(106),X,28.4,28.2,22.3,18.6,71.6,X, ,X,낮음
7/3/2019,서울(108),X,27.7,27.4,24.1,21.2,64.6,X,관심,X,높음
7/3/2019,인천(112),X,27.3,25.2,22.3,20.3,87,X, ,X,높음
7/3/2019,원주(114),X,29.3,30.1,24.3,18.5,58.5,O,주의,X,낮음
7/3/2019,울릉도(115),X,28.3,24.7,21.3,19.6,97.8,X, ,X,낮음
7/3/2019,수원(119),X,29.7,28.8,23.9,19.9,78,X,관심,X,낮음
7/3/2019,영월(121),X,29.6,29.7,22.1,16,73.5,O,주의,X,낮음
7/3/2019,충주(127),X,29.2,29.1,23.1,15.3,68,X,관심,X,낮음
7/3/2019,서산(129),X,28.9,28.8,22.5,18.5,77.6,X, ,X,매우높음
7/3/2019,울진(130),X,28,27,22.1,18,76.4,X, ,X,낮음
7/3/2019,청주(131),X,29.8,30.1,24.8,20.2,68.3,X,관심,X,매우높음
7/3/2019,대전(133),X,29.7,28.8,24.4,20.2,75.1,X,관심,X,매우높음
7/3/2019,추풍령(135),X,26.8,26.9,21.4,17.1,71.5,X,관심,X,낮음
7/3/2019,안동(136),X,28,27.5,22.4,17.1,73.6,X,관심,X,매우높음
7/3/2019,상주(137),X,28.8,28.1,23.2,18.5,76.6,X,관심,X,낮음
7/3/2019,포항(138),X,29.9,28.8,24.8,21.5,70.3,X, ,X,낮음
7/3/2019,군산(140),X,29.3,27.7,22.7,18.9,83.1,X, ,X,낮음
7/3/2019,대구(143),X,29.3,29.6,24.8,19.7,67.1,O,주의,X,위험
7/3/2019,전주(146),X,30.4,29.2,23.4,18.9,86.8,X,관심,X,매우높음
7/3/2019,울산(152),X,29,28.1,23.4,20.4,82.4,X, ,X,매우높음
7/3/2019,창원(155),X,28.6,27.3,22.9,19.8,79.4,X, ,X,매우높음
7/3/2019,광주(156),X,29.4,29,23.3,19.1,79.3,X,관심,X,높음
7/3/2019,부산(159),X,26.8,24.1,21.9,20.4,91.1,X, ,X,매우높음
7/3/2019,통영(162),X,29,27,21.9,20.2,91.5,X, ,X,낮음
7/3/2019,목포(165),X,28.6,27.1,23,20.4,79.8,X, ,X,매우높음
7/3/2019,여수(168),X,27.5,25,22.8,21.1,88.3,X, ,X,낮음
7/3/2019,흑산도(169),X,27.7,24.6,21.5,19.1,94.6,X, ,X,낮음
7/3/2019,완도(170),X,28.4,27.3,23.1,19.6,75.9,X, ,X,낮음
7/3/2019,고창(172),X,29.3,28.6,22.3,18.4,84.5,X, ,X,낮음
7/3/2019,제주(184),X,27,24.9,22.6,21.6,86.1,X, ,X,매우높음
7/3/2019,진주(192),X,29.2,28.2,23.1,18.6,81.9,X,관심,X,낮음
7/3/2019,양평(202),X,29.2,29.9,23.8,18.1,64.4,X,관심,X,낮음
7/3/2019,이천(203),X,29.5,30.2,23.5,17.1,70,X,관심,X,낮음
7/3/2019,인제(211),X,28.9,29.8,22.5,15.6,64.8,X,관심,X,낮음
7/3/2019,홍천(212),X,29.7,31.4,24.2,17.2,62.1,O,주의,X,낮음
7/3/2019,태백(216),X,26.5,26.7,19.8,13.7,75.9,X, ,X,낮음
7/3/2019,정선군(217),X,28.9,30.2,20.9,14.9,73,X,관심,X,낮음
7/3/2019,제천(221),X,28.8,29.3,22.4,15,67.4,X,관심,X,낮음
7/3/2019,보은(226),X,29.1,28.7,22.6,16.2,76.5,X,관심,X,낮음
7/3/2019,천안(232),X,28.9,28.3,22.2,16.5,78.1,X,관심,X,낮음
7/3/2019,보령(235),X,28.3,27.2,22.1,18.6,82.8,X, ,X,낮음
7/3/2019,부여(236),X,29.7,29.8,22.6,16.8,78.6,X,관심,X,낮음
7/3/2019,금산(238),X,28.6,28.5,21.4,15.4,77,X,관심,X,낮음
7/3/2019,세종(239),X,28.8,28.3,23,18.3,77.4,X,관심,X,위험
7/3/2019,부안(243),X,29.3,28.6,22.7,18,78.9,X, ,X,낮음
7/3/2019,임실(244),X,28.6,28.6,21.7,15.5,77.9,X,관심,X,낮음
7/3/2019,정읍(245),X,29.1,28.2,21.9,16.9,80.3,X,관심,X,낮음
7/3/2019,남원(247),X,28.3,28.5,22,16.6,76.9,X,관심,X,낮음
7/3/2019,장수(248),X,27.5,27.5,20,13.3,79.9,X, ,X,낮음
7/3/2019,영광군(252),X,30.3,29.5,22.6,19.1,81.8,X, ,X,낮음
7/3/2019,김해시(253),X,30.1,28.4,23.9,21.1,81.6,X,관심,X,낮음
7/3/2019,순창군(254),X,29.4,29.1,22,15.9,80.5,X,관심,X,낮음
7/3/2019,양산시(257),X,30.3,29.7,24.1,20.1,81.5,X,관심,X,낮음
7/3/2019,강진군(259),X,28.8,29,23.2,19.9,74.9,X, ,X,낮음
7/3/2019,장흥(260),X,29.8,29.6,23.7,19.5,74.3,X, ,X,낮음
7/3/2019,해남(261),X,28.7,27.7,22.3,18.9,83,X, ,X,낮음
7/3/2019,고흥(262),X,28.7,27.5,22,17.9,84.5,X, ,X,낮음
7/3/2019,의령군(263),X,29.2,28.4,23.5,19.2,77.4,X,관심,X,낮음
7/3/2019,함양군(264),X,29.6,28.5,21.6,15.6,85.1,X,관심,X,낮음
7/3/2019,진도군ASOS(268),X,27.6,26.6,22.2,18.5,80.5,X, ,X,낮음
7/3/2019,봉화(271),X,27.6,27,21,14.1,75,X, ,X,낮음
7/3/2019,영주(272),X,28.3,28.1,22,15.6,70.8,X,관심,X,낮음
7/3/2019,문경(273),X,28.8,28.2,22.8,16.9,70,X,관심,X,낮음
7/3/2019,청송군(276),X,28.7,27.4,20.7,14.9,87.5,X, ,X,낮음
7/3/2019,영덕(277),X,29.8,29.2,23,18.2,74.1,X, ,X,낮음
7/3/2019,의성(278),X,29.2,29.6,22.8,15.9,72.4,O,주의,X,낮음
7/3/2019,구미(279),X,29.3,28.5,23.2,18.9,81.4,O,주의,X,낮음
7/3/2019,영천(281),X,29.4,30.3,23.8,17.8,69.1,O,주의,X,낮음
7/3/2019,경주시(283),X,30.5,30.2,23.6,19.1,78.4,X,관심,X,낮음
7/3/2019,거창(284),X,28.1,27.9,21.3,14.8,76.5,X,관심,X,낮음
7/3/2019,합천(285),X,29.1,29.2,22.9,17,69.3,X,관심,X,낮음
7/3/2019,밀양(288),X,29.2,29.6,24.4,20.7,73.4,X,관심,X,낮음
7/3/2019,산청(289),X,30,29.3,22.6,17.2,78.5,X,관심,X,낮음
7/3/2019,거제(294),X,30,27.8,24.1,20.8,86.4,X, ,X,낮음
7/3/2019,남해(295),X,28.7,27.2,23,20.4,83.1,X, ,X,낮음
7/3/2019,부천(433),X,,26.9,23.2,20.5,,X, ,X,낮음
7/3/2019,안양(434),X,,27.2,24,20.9,73,X, ,X,낮음
7/3/2019,광명(437),X,,27.5,24.3,21,,X, ,X,낮음
7/3/2019,군포(438),X,,27.5,23.9,20.3,,X, ,X,낮음
7/3/2019,김포(441),X,,25.8,22.1,18.9,,X, ,X,낮음
7/3/2019,하남(444),X,,,23.2,,,X,관심,X,낮음
7/3/2019,의왕(445),X,,26.1,21.8,18.1,,X, ,X,낮음
7/3/2019,포천(504),X,28.1,28.2,22.6,17.2,70,X,관심,X,낮음
7/3/2019,가평조종(505),X,,28.7,22.7,15.2,,X,관심,X,낮음
7/3/2019,안성(516),X,30.1,29.8,23.9,18.7,75,X,관심,X,낮음
7/3/2019,간성(517),X,29.4,29.5,23.8,18.2,73,X, ,X,낮음
7/3/2019,평창(526),X,28.4,29,21.5,14.9,70,X, ,X,낮음
7/3/2019,의정부(532),X,28.9,27.8,22.6,17.6,83,X, ,X,낮음
7/3/2019,횡성(536),X,31.2,32,23.7,16.2,74,O,주의,X,낮음
7/3/2019,고양(540),X,29,28.9,23,18.7,76,X,관심,X,낮음
7/3/2019,남양주(541),X,28.2,28.2,23.3,18.5,69,X,관심,X,낮음
7/3/2019,안산(545),X,28.6,27.7,21.6,16.4,84,X, ,X,낮음
7/3/2019,경기광주(546),X,28.5,28.8,22.8,17.8,72,X,관심,X,낮음
7/3/2019,여주(548),X,28.9,29.7,22.8,17.4,70,X,관심,X,낮음
7/3/2019,용인(549),X,27.7,27.8,22.3,18,71,X,관심,X,낮음
7/3/2019,오산(550),X,28,28.4,23.5,19.6,66,X, ,X,낮음
7/3/2019,평택(551),X,29.9,29.7,23.6,19.1,77,X, ,X,낮음
7/3/2019,화천(555),X,31.1,32.8,23.7,16.1,71,O,주의,X,낮음
7/3/2019,양구(556),X,30.4,31.5,23.2,15.7,66,X,관심,X,낮음
7/3/2019,시흥(565),X,28.2,27.4,23.3,18.4,78,X, ,X,낮음
7/3/2019,구리(569),X,28.4,28.4,24.1,19.4,63,X,관심,X,낮음
7/3/2019,화성(571),X,28.3,27.8,22.8,19.4,75,X, ,X,낮음
7/3/2019,성남(572),X,28.8,28.8,23.7,18.8,67,X,관심,X,매우높음
7/3/2019,과천(590),X,28,27.2,22.6,17.8,75,X, ,X,낮음
7/3/2019,양주(598),X,29.5,29.1,22.5,16.8,73,X, ,X,낮음
7/3/2019,단양(601),X,30.7,30.4,23.8,17.1,76,X,관심,X,낮음
7/3/2019,진천(602),X,29.4,30.3,24,17,63,X,관심,X,낮음
7/3/2019,괴산(603),X,29.3,29.9,22.8,14.6,71,X,관심,X,낮음
7/3/2019,옥천(604),X,28.8,28.5,22.7,17.4,79,X,관심,X,낮음
7/3/2019,홍북(608),X,30.1,28.7,22.1,17.6,82,X, ,X,낮음
7/3/2019,공주(612),X,29.6,29.6,23.1,17.8,77,X,관심,X,낮음
7/3/2019,서천(614),X,29.5,28.7,22.9,18.4,80,X, ,X,낮음
7/3/2019,논산(615),X,30.1,29.3,23.7,18.8,79,X,관심,X,낮음
7/3/2019,당진(616),X,28.7,27.7,21.8,18.3,85,X, ,X,낮음
7/3/2019,청양(618),X,29.5,28.3,21.2,15.9,86,X, ,X,낮음
7/3/2019,음성(619),X,29.4,28.9,22.3,14.2,74,X,관심,X,낮음
7/3/2019,증평(623),X,29.8,29.6,23.3,16.7,76,X,관심,X,낮음
7/3/2019,태안(627),X,29.4,28,22.2,18.8,84,X, ,X,낮음
7/3/2019,예산(628),X,29.8,28.9,22.8,18.3,82,X, ,X,낮음
7/3/2019,아산(634),X,28.6,28.4,23,18.4,73,X, ,X,낮음
7/3/2019,계룡(636),X,28.6,28.2,21.8,15.7,80,X, ,X,낮음
7/3/2019,연천청산(652),X,28.1,28.4,22.2,16.2,77,X, ,X,낮음
7/3/2019,양양(670),X,31.1,30.2,25.4,18,75,X, ,X,낮음
7/3/2019,무안(699),X,28.7,27.6,22.1,18.9,85,X, ,X,낮음
7/3/2019,무주(701),X,29.8,28.8,20.8,14.5,87,X,관심,X,낮음
7/3/2019,익산(702),X,31.2,29.4,23.6,18.3,86,X,관심,X,낮음
7/3/2019,진안(703),X,28,26.6,19.9,13.5,87,X, ,X,낮음
7/3/2019,담양(706),X,30.5,28.8,22.7,16.8,89,X,관심,X,낮음
7/3/2019,구례(709),X,29.4,28.4,22.7,17.7,82,X,관심,X,낮음
7/3/2019,나주(710),X,28.8,27.9,22.4,18.3,83,X,관심,X,낮음
7/3/2019,순천시(712),X,30.4,29.3,24.2,21.3,79,X, ,X,낮음
7/3/2019,광양읍(713),X,29.6,29,23.8,18.3,77,X,관심,X,낮음
7/3/2019,장성(730),X,28.2,28,22.1,16.7,80,X, ,X,낮음
7/3/2019,영암(731),X,29.5,28.7,22.5,19,84,X, ,X,낮음
7/3/2019,보성(732),X,28,26.8,21.4,17.5,84,X, ,X,낮음
7/3/2019,완주(734),X,28.9,28.7,22.2,16.9,81,X,관심,X,낮음
7/3/2019,김제(737),X,29.9,29.1,22.7,18.8,82,X, ,X,낮음
7/3/2019,화순(741),X,27.9,28.1,22.4,18.5,72,X,관심,X,낮음
7/3/2019,함평(754),X,30,29,22.7,18.4,82,X,관심,X,낮음
7/3/2019,곡성(768),X,28.6,28.4,21.1,16,78,X,관심,X,낮음
7/3/2019,압해도(789),X,29.3,27.1,23,20.3,88,X, ,X,낮음
7/3/2019,영양(801),X,28.9,27.9,20.7,15.2,86,X, ,X,낮음
7/3/2019,성주(810),X,28.9,28.7,23,17.8,67,X,관심,X,낮음
7/3/2019,고령(812),X,29.3,28.5,22.5,17.2,80,X,관심,X,낮음
7/3/2019,청도(813),X,29.9,29.9,24.4,19.1,71,X,관심,X,낮음
7/3/2019,예천(815),X,28.9,27.3,21.9,16.1,86,X,관심,X,낮음
7/3/2019,김천(822),X,29.1,28.7,21.2,15.2,81,O,주의,X,낮음
7/3/2019,군위(823),X,29.7,29.1,22.7,16.9,78,O,주의,X,낮음
7/3/2019,칠곡(825),X,29.1,29.4,23.6,19.1,75,X,관심,X,낮음
7/3/2019,경산(827),X,29.1,28.9,24.1,19.2,68,O,주의,X,낮음
7/3/2019,삼척(876),X,28.9,29,23.8,19.7,62,X, ,X,낮음
7/3/2019,속초(90),X,29.8,29.4,24.7,19.4,66.6,X, ,X,낮음
7/3/2019,삼천포(907),X,28.1,26.3,22,20.3,90,X, ,X,낮음
7/3/2019,고성(918),X,29.2,27.3,23.3,20.4,87,X, ,X,낮음
7/3/2019,창녕(919),X,29.8,29,24.4,20,77,X,관심,X,낮음
7/3/2019,함안(920),X,30.2,29.5,23.9,20,74,X,관심,X,낮음
7/3/2019,북춘천(93),X,29.7,30.8,23.6,17.2,70,O,주의,X,매우높음
7/3/2019,하동(932),X,29.4,28.7,23.1,18.3,81,X,관심,X,낮음
7/3/2019,철원(95),X,30,29.8,23,16.1,77.3,X, ,X,낮음
7/3/2019,동두천(98),X,28.6,28.6,22.6,17.7,77.8,X, ,X,낮음
7/3/2019,파주(99),X,28,27.1,22.1,18,80.9,X, ,X,낮음
7/4/2019,북강릉(104),X,28.4,29.5,25.3,19.4,54.6,X, ,X,매우높음
7/4/2019,동해(106),X,28,27.4,23,17.8,66.3,X, ,X,낮음
7/4/2019,서울(108),X,30.7,32.8,25.4,20,59.6,X,주의,X,매우높음
7/4/2019,인천(112),X,27.2,27.2,22.8,19.7,82.3,X,관심,X,매우높음
7/4/2019,원주(114),X,30.5,33.1,25.7,18.8,51.5,O,주의,X,낮음
7/4/2019,울릉도(115),X,28.4,25.1,22.2,19,85.4,X, ,X,낮음
7/4/2019,수원(119),X,31.4,31.6,24.1,18.4,74.5,X,관심,X,낮음
7/4/2019,영월(121),X,31.3,33,24.3,17.7,67,O,주의,X,낮음
7/4/2019,충주(127),X,31.3,32.7,24.7,16.5,62.4,X,관심,X,낮음
7/4/2019,서산(129),X,30.5,30.9,22.9,16.1,74.1,X, ,X,매우높음
7/4/2019,울진(130),X,27.5,27.1,22.7,17.5,73.5,X, ,X,낮음
7/4/2019,청주(131),X,31.1,32.3,26,19.8,55.1,X,관심,X,매우높음
7/4/2019,대전(133),X,31,32,25.6,19.2,66.8,X,관심,X,매우높음
7/4/2019,추풍령(135),X,29.6,30.5,23.7,18.2,63.9,X,관심,X,낮음
7/4/2019,안동(136),X,30.4,31.8,24.5,17.8,65.6,X, ,X,매우높음
7/4/2019,상주(137),X,31.5,31.7,25.3,18.9,70.3,X, ,X,낮음
7/4/2019,포항(138),X,30.4,30.3,25.5,21.2,70.3,X, ,X,낮음
7/4/2019,군산(140),X,29.6,28.9,23.1,18.8,79.5,X, ,X,낮음
7/4/2019,대구(143),X,30.9,32.6,26.4,19.9,59.9,O,주의,X,매우높음
7/4/2019,전주(146),X,31.5,30.8,24.5,20.4,78.6,X,관심,X,매우높음
7/4/2019,울산(152),X,30.5,30,24.7,18.5,72.4,X, ,X,매우높음
7/4/2019,창원(155),X,31,32.1,24.5,19.5,65.9,X, ,X,매우높음
7/4/2019,광주(156),X,30.4,31.3,25.2,20.2,75,X,관심,X,매우높음
7/4/2019,부산(159),X,29.5,28.3,24.2,19.8,75.8,X, ,X,매우높음
7/4/2019,통영(162),X,31,31.5,23.4,20.2,82.9,X, ,X,낮음
7/4/2019,목포(165),X,29,28.3,23.9,20.4,75,X, ,X,매우높음
7/4/2019,여수(168),X,30,28.9,24.6,20.5,76.8,X, ,X,낮음
7/4/2019,흑산도(169),X,28.9,26.2,22.4,19.3,91.9,X, ,X,낮음
7/4/2019,완도(170),X,30.8,29.9,24.3,19.6,75.6,X, ,X,낮음
7/4/2019,고창(172),X,29.9,29.9,23.3,18.7,78.4,X,관심,X,낮음
7/4/2019,제주(184),X,27.8,25.9,22.3,20.4,82.3,X, ,X,매우높음
7/4/2019,진주(192),X,30.9,31.6,24.5,18.9,72.3,X, ,X,낮음
7/4/2019,양평(202),X,31.2,34.2,25.7,17.4,52,O,주의,X,낮음
7/4/2019,이천(203),X,31.5,33.1,24.7,16.5,58.9,O,주의,X,낮음
7/4/2019,인제(211),X,30.3,32.4,23.9,15.8,59.8,O,주의,X,낮음
7/4/2019,홍천(212),X,32,35.5,26.3,17.5,55.3,O,주의,X,낮음
7/4/2019,태백(216),X,28.4,28.9,21.3,14.4,74.6,X, ,X,낮음
7/4/2019,정선군(217),X,31.6,33.2,22.4,17,71.6,O,주의,X,낮음
7/4/2019,제천(221),X,30.3,32,23.8,16,64.3,X,관심,X,낮음
7/4/2019,보은(226),X,31.2,32.2,24.1,16.9,68.8,X,관심,X,낮음
7/4/2019,천안(232),X,29.5,30.7,23.5,15.5,61.8,X,관심,X,낮음
7/4/2019,보령(235),X,29.6,29,22.7,17.7,73,X, ,X,낮음
7/4/2019,부여(236),X,30.6,32.1,24,17.2,68.1,X,관심,X,낮음
7/4/2019,금산(238),X,30,31.1,23.3,17.3,72.4,X,관심,X,낮음
7/4/2019,세종(239),X,30.4,31.5,24.7,17.8,64.9,X,관심,X,매우높음
7/4/2019,부안(243),X,29.9,30.3,23.5,19.1,73.5,X, ,X,낮음
7/4/2019,임실(244),X,29.9,31.6,23.5,17.8,71.5,X,관심,X,낮음
7/4/2019,정읍(245),X,29.7,29.5,23.3,17.9,72.8,X,관심,X,낮음
7/4/2019,남원(247),X,30.4,31.4,24,18.5,73.3,X,관심,X,낮음
7/4/2019,장수(248),X,28.6,29.8,22.1,16,74.5,X, ,X,낮음
7/4/2019,영광군(252),X,30.8,30.2,23.5,18.5,75.1,X, ,X,낮음
7/4/2019,김해시(253),X,31.9,32,25.1,20.4,71,X, ,X,낮음
7/4/2019,순창군(254),X,30.8,31.4,24.1,18,74.5,X,관심,X,낮음
7/4/2019,양산시(257),X,32.2,33.1,25.6,20.3,70.9,X, ,X,낮음
7/4/2019,강진군(259),X,31.8,31.7,24.8,18.3,72.6,X, ,X,낮음
7/4/2019,장흥(260),O,33.3,33.5,25.4,19,70.9,X, ,X,낮음
7/4/2019,해남(261),X,31.3,30.4,23.6,18.1,81.5,X, ,X,낮음
7/4/2019,고흥(262),X,30.8,30,23.6,17.7,78.4,X, ,X,낮음
7/4/2019,의령군(263),X,30.9,32,25,19.4,70.4,X, ,X,낮음
7/4/2019,함양군(264),X,31.5,31.9,23.6,16.3,78.9,X, ,X,낮음
7/4/2019,진도군ASOS(268),X,28.6,27.7,22.4,17.7,78.8,X, ,X,낮음
7/4/2019,봉화(271),X,29.9,30.9,22.4,14.8,72.8,X, ,X,낮음
7/4/2019,영주(272),X,30.7,31.5,24,15.9,66.6,X, ,X,낮음
7/4/2019,문경(273),X,30.8,32.2,25,18.3,61.4,X, ,X,낮음
7/4/2019,청송군(276),X,30.8,30.8,22.5,16.5,80.3,X, ,X,낮음
7/4/2019,영덕(277),X,31.3,31.1,24.1,18.2,67.4,X, ,X,낮음
7/4/2019,의성(278),X,30.9,32.8,24.5,17.8,68.3,O,주의,X,낮음
7/4/2019,구미(279),X,31.5,32,25.1,18.4,73.4,O,주의,X,낮음
7/4/2019,영천(281),X,31.2,32.7,24.7,17.5,65.6,O,주의,X,낮음
7/4/2019,경주시(283),X,32.5,32.8,24.5,18,73.5,X, ,X,낮음
7/4/2019,거창(284),X,30.1,31.3,23.2,15.9,72.5,X, ,X,낮음
7/4/2019,합천(285),X,30.8,32.9,24.7,17.7,63.6,X, ,X,낮음
7/4/2019,밀양(288),X,30.6,32.9,25.6,19.4,65,X, ,X,낮음
7/4/2019,산청(289),X,31.5,32.7,24.6,17.6,70.1,X, ,X,낮음
7/4/2019,거제(294),X,31.8,32.3,25.2,19.9,73.4,X, ,X,낮음
7/4/2019,남해(295),X,31.3,31.9,25,20.1,69.5,X, ,X,낮음
7/4/2019,부천(433),X,,30.2,24.1,18.7,,X,관심,X,낮음
7/4/2019,안양(434),X,,30.5,24.7,19.1,68,X,관심,X,낮음
7/4/2019,광명(437),X,,30.9,24.9,19,,X,관심,X,낮음
7/4/2019,군포(438),X,,31.3,24.6,18.5,,X,관심,X,낮음
7/4/2019,김포(441),X,,30.2,22.6,17.6,,X,관심,X,낮음
7/4/2019,하남(444),X,,,24.7,,,O,주의,X,낮음
7/4/2019,의왕(445),X,,29.3,22,16.1,,X,관심,X,낮음
7/4/2019,포천(504),X,31.2,33.2,24.5,16.2,59,X,관심,X,낮음
7/4/2019,가평조종(505),X,,,,,,O,주의,X,낮음
7/4/2019,안성(516),X,30.9,31.5,23.5,17.6,,O,주의,X,낮음
7/4/2019,간성(517),X,29.7,30.4,24.9,19.5,68,X, ,X,낮음
7/4/2019,평창(526),X,30.1,31.4,22.6,15.6,69,X,관심,X,낮음
7/4/2019,의정부(532),X,31.9,33.2,24.3,16.7,68,X,관심,X,낮음
7/4/2019,횡성(536),O,33.1,34.3,24.8,15.9,69,O,주의,X,낮음
7/4/2019,고양(540),O,33.3,34.9,24.4,17,71,O,주의,X,낮음
7/4/2019,남양주(541),X,31.8,33.6,24.7,17.6,58,O,주의,X,낮음
7/4/2019,안산(545),X,30.1,30.3,22.6,15,80,X,관심,X,낮음
7/4/2019,경기광주(546),X,30.8,32.8,24.5,16.9,60,O,주의,X,낮음
7/4/2019,여주(548),X,31.3,32.8,24.2,16.9,62,O,주의,X,낮음
7/4/2019,용인(549),X,29.7,31,23.1,16.4,63,O,주의,X,낮음
7/4/2019,오산(550),X,30,31.4,23.7,17.8,61,X,관심,X,낮음
7/4/2019,평택(551),X,30.4,31.9,23.5,18.3,73,X,관심,X,낮음
7/4/2019,화천(555),O,33,35.8,25,16.3,67,O,주의,X,낮음
7/4/2019,양구(556),X,31.3,34.3,24.5,16.1,62,O,주의,X,낮음
7/4/2019,시흥(565),X,29.1,29.6,23.8,17.3,71,X, ,X,낮음
7/4/2019,구리(569),X,31.7,34.1,25.4,18.1,53,O,주의,X,낮음
7/4/2019,화성(571),X,29.4,30.5,23,17.5,72,X,관심,X,낮음
7/4/2019,성남(572),X,31,33,24.9,17.6,56,O,주의,X,매우높음
7/4/2019,과천(590),X,31,31.5,23.6,16.4,66,X,관심,X,낮음
7/4/2019,양주(598),X,31.6,33.1,24.2,16.3,64,X,관심,X,낮음
7/4/2019,단양(601),X,32.6,34.2,25.2,17.7,72,X,관심,X,낮음
7/4/2019,진천(602),X,30.4,32.7,25.2,17.2,49,X,관심,X,낮음
7/4/2019,괴산(603),X,30.9,32.8,24.2,16.3,65,X,관심,X,낮음
7/4/2019,옥천(604),X,30.5,31.3,24.3,17,67,X,관심,X,낮음
7/4/2019,홍북(608),X,32.9,33.2,22.5,15.2,77,X,관심,X,낮음
7/4/2019,공주(612),X,30.6,32.4,24.2,16.3,65,X,관심,X,낮음
7/4/2019,서천(614),X,29.7,28.8,23.6,18.6,76,X, ,X,낮음
7/4/2019,논산(615),X,30.9,32.1,24.8,19.3,72,X,관심,X,낮음
7/4/2019,당진(616),X,31.2,31.1,22.4,16,78,X,관심,X,낮음
7/4/2019,청양(618),X,30.7,31.4,21.9,14.5,75,X,관심,X,낮음
7/4/2019,음성(619),X,31.2,32.3,23.5,15.7,67,X,관심,X,낮음
7/4/2019,증평(623),X,31.2,31.7,24.6,17.4,63,X,관심,X,낮음
7/4/2019,태안(627),X,30.7,30.3,23,17.1,79,X, ,X,낮음
7/4/2019,예산(628),X,31,31.7,23.9,17.1,73,X,관심,X,낮음
7/4/2019,아산(634),X,30,31,23.8,17.3,67,X,관심,X,낮음
7/4/2019,계룡(636),X,30.1,31.7,22.5,14.4,72,X,관심,X,낮음
7/4/2019,연천청산(652),X,31,32.4,23.9,16.2,64,X,관심,X,낮음
7/4/2019,양양(670),X,32,31.6,27.2,21.8,66,X, ,X,낮음
7/4/2019,무안(699),X,29.2,27.9,23.2,18.4,80,X, ,X,낮음
7/4/2019,무주(701),X,31.1,31.8,23.2,15.8,78,X,관심,X,낮음
7/4/2019,익산(702),X,31.7,31.7,24,18.4,80,X,관심,X,낮음
7/4/2019,진안(703),X,29,29.3,21.9,16.7,76,X, ,X,낮음
7/4/2019,담양(706),X,32.3,31,24.6,18.2,85,X,관심,X,낮음
7/4/2019,구례(709),X,31.5,31.3,24.7,19.2,77,X,관심,X,낮음
7/4/2019,나주(710),X,31.2,31.2,24.1,18.9,80,X,관심,X,낮음
7/4/2019,순천시(712),X,32.4,32.2,26,20,74,X, ,X,낮음
7/4/2019,광양읍(713),X,32.4,32.9,25.7,19,72,X, ,X,낮음
7/4/2019,장성(730),X,30.5,30.5,23.6,17.8,77,X,관심,X,낮음
7/4/2019,영암(731),X,31.4,30.8,23.9,18.2,82,X,관심,X,낮음
7/4/2019,보성(732),X,30.4,30.4,22.9,16.7,80,X,관심,X,낮음
7/4/2019,완주(734),X,30.4,30.7,23.5,18,78,X,관심,X,낮음
7/4/2019,김제(737),X,30.2,30.4,23.5,19.7,77,X,관심,X,낮음
7/4/2019,화순(741),X,30.1,31.5,24.3,18.8,68,X,관심,X,낮음
7/4/2019,함평(754),X,30.9,29.8,23.9,17.9,78,X,관심,X,낮음
7/4/2019,곡성(768),X,30.6,30.9,23.6,17.7,74,X,관심,X,낮음
7/4/2019,압해도(789),X,29.9,28.9,23.5,19.6,81,X, ,X,낮음
7/4/2019,영양(801),X,31.1,30.7,22.6,16.9,79,X, ,X,낮음
7/4/2019,성주(810),X,30.6,32.2,24.4,17.1,64,X, ,X,낮음
7/4/2019,고령(812),X,31.3,32.6,23.7,16.9,73,X, ,X,낮음
7/4/2019,청도(813),X,30.5,32.9,24.7,18.5,67,X, ,X,낮음
7/4/2019,예천(815),X,32,31.8,24.1,16.5,79,X, ,X,낮음
7/4/2019,김천(822),X,31.5,31.7,23.7,15.8,73,O,주의,X,낮음
7/4/2019,군위(823),X,32.1,32.5,24.4,17,74,O,주의,X,낮음
7/4/2019,칠곡(825),X,31.1,32.1,25.1,17.9,70,X, ,X,낮음
7/4/2019,경산(827),X,30.4,32.1,25.5,19.3,60,O,주의,X,낮음
7/4/2019,삼척(876),X,29.1,29.2,25.1,19.6,57,X, ,X,낮음
7/4/2019,속초(90),X,29.9,30.1,26,21.5,58.8,X, ,X,낮음
7/4/2019,삼천포(907),X,30.9,30.1,23.9,19.6,79,X, ,X,낮음
7/4/2019,고성(918),X,31.1,31.3,24.6,19.1,74,X, ,X,낮음
7/4/2019,창녕(919),X,31.5,32.4,25.4,19.3,70,X, ,X,낮음
7/4/2019,함안(920),X,31.7,33,24.7,18.6,69,X, ,X,낮음
7/4/2019,북춘천(93),X,31.5,34.1,25.4,16.9,61.6,O,주의,X,매우높음
7/4/2019,하동(932),X,31.5,32.3,25,19.4,74,X, ,X,낮음
7/4/2019,철원(95),X,31.3,31.9,24,16.3,67.8,X,관심,X,낮음
7/4/2019,동두천(98),X,31.5,33.1,24.4,17.8,67.1,X,관심,X,낮음
7/4/2019,파주(99),X,31.2,32.1,23.7,17.5,72,X,관심,X,낮음
7/5/2019,북강릉(104),X,28.7,28.1,24.5,20.8,68.1,X, ,X,위험
7/5/2019,동해(106),X,28.9,27.9,23.2,20.3,73.5,X, ,X,낮음
7/5/2019,서울(108),X,32.7,35,27.6,20.2,42.1,X,경고,X,매우높음
7/5/2019,인천(112),X,30,30.8,25.1,20.7,62,O,주의,X,위험
7/5/2019,원주(114),X,31.6,35.3,27.4,19.7,45.3,O,경고,X,낮음
7/5/2019,울릉도(115),X,29.2,26.1,22.4,19.8,94.8,X, ,X,낮음
7/5/2019,수원(119),O,33.8,35,26.8,19.3,62.6,O,경고,X,낮음
7/5/2019,영월(121),O,34,36.9,23.7,18,71.5,O,경고,X,낮음
7/5/2019,충주(127),X,32.6,34.9,26,16.6,53.9,O,경고,X,낮음
7/5/2019,서산(129),X,31.6,33.1,24.7,18,63.8,O,주의,X,위험
7/5/2019,울진(130),X,26.5,23.8,21.3,19.2,89.9,X, ,X,낮음
7/5/2019,청주(131),X,32.7,35.5,27.9,20.6,46.9,O,경고,X,매우높음
7/5/2019,대전(133),O,33,35.1,27.7,20,56.4,O,경고,X,위험
7/5/2019,추풍령(135),X,30.3,30.8,24.2,17.7,60.5,O,경고,X,낮음
7/5/2019,안동(136),X,31.2,33,25.7,18.5,57.9,X, ,X,매우높음
7/5/2019,상주(137),X,32.7,32.7,25.4,19.3,69,X, ,X,낮음
7/5/2019,포항(138),X,30.3,28.1,24.5,22.3,79.4,X, ,X,낮음
7/5/2019,군산(140),X,31.7,31.7,24.7,18.9,72.5,X, ,X,낮음
7/5/2019,대구(143),X,31.5,32.8,26.4,20.8,61.9,O, ,X,매우높음
7/5/2019,전주(146),O,33.1,32.7,25.9,19.6,75.3,O,주의,X,매우높음
7/5/2019,울산(152),X,29.8,28.8,23.7,20,75,X, ,X,위험
7/5/2019,창원(155),X,29.7,28.6,23.3,19.5,74.1,X, ,X,매우높음
7/5/2019,광주(156),X,31.6,32.1,26.5,21.6,67.3,O,경고,X,위험
7/5/2019,부산(159),X,28.3,26.9,23.8,20.6,70.3,X, ,X,매우높음
7/5/2019,통영(162),X,29.8,28.5,24,20.9,72,X, ,X,낮음
7/5/2019,목포(165),X,30.6,30.1,24.9,21.2,72.5,X, ,X,매우높음
7/5/2019,여수(168),X,29.1,27.6,24.4,22.5,73.4,X, ,X,낮음
7/5/2019,흑산도(169),X,28.9,27,22.8,20.1,83.6,X, ,X,낮음
7/5/2019,완도(170),X,31.1,29.8,24.2,20.4,79.5,X, ,X,낮음
7/5/2019,고창(172),X,32,32.8,24.7,18.5,74.4,X, ,X,낮음
7/5/2019,제주(184),X,29.6,28.7,23.9,21.6,68.1,X, ,X,매우높음
7/5/2019,진주(192),X,31.7,31.6,24.8,19.1,74.6,X, ,X,낮음
7/5/2019,양평(202),X,31.8,36.4,26.8,18.1,53.1,O,경고,X,낮음
7/5/2019,이천(203),X,32.8,36,25.3,16.5,62.8,O,경고,X,낮음
7/5/2019,인제(211),X,31.6,34.2,25.1,17,60.4,O,주의,X,낮음
7/5/2019,홍천(212),O,33.3,36.5,27.4,18.1,54,O,경고,X,낮음
7/5/2019,태백(216),X,29.1,29.5,22,15.7,71,X, ,X,낮음
7/5/2019,정선군(217),X,31.7,34.1,22.8,17.5,70.9,O,주의,X,낮음
7/5/2019,제천(221),X,31.6,34.3,24.6,16.3,59.1,O,경고,X,낮음
7/5/2019,보은(226),X,31.7,33.4,24.9,16.5,64.8,O,주의,X,낮음
7/5/2019,천안(232),X,31.7,33.4,24.4,15.4,57,O,경고,X,낮음
7/5/2019,보령(235),X,30.3,31,24.3,18.1,64.8,X,관심,X,낮음
7/5/2019,부여(236),X,32.4,34.4,25.4,17.6,63.1,O,경고,X,낮음
7/5/2019,금산(238),X,31.4,33.9,24.8,17.6,62.8,O,주의,X,낮음
7/5/2019,세종(239),X,32.2,34.4,26.7,18.8,54.9,O,경고,X,매우높음
7/5/2019,부안(243),X,32.4,33,24.7,18.7,70.8,X,주의,X,낮음
7/5/2019,임실(244),X,31.6,33.1,25,16.8,65.3,O,주의,X,낮음
7/5/2019,정읍(245),X,32,32.5,24.7,17.9,68.5,O,주의,X,낮음
7/5/2019,남원(247),X,31.8,32.9,25.3,19.2,68.4,X, ,X,낮음
7/5/2019,장수(248),X,27.7,30.7,23,15.9,,X, ,X,낮음
7/5/2019,영광군(252),X,32.8,33.2,25.7,19.3,69.1,O,주의,X,낮음
7/5/2019,김해시(253),X,31.6,30.7,25.4,21,65.8,X, ,X,낮음
7/5/2019,순창군(254),X,32.5,33.3,25.4,18.4,72,X,주의,X,낮음
7/5/2019,양산시(257),X,31.6,32.1,25.7,20.3,64.3,X, ,X,낮음
7/5/2019,강진군(259),X,32,32.9,25.3,20.5,73,X,주의,X,낮음
7/5/2019,장흥(260),X,32.4,32.3,26.2,20.6,73,O,주의,X,낮음
7/5/2019,해남(261),X,31.7,31.6,24.3,19.2,78.5,X,주의,X,낮음
7/5/2019,고흥(262),X,30.8,30,23.5,18.6,79.3,X, ,X,낮음
7/5/2019,의령군(263),X,31.7,31.9,25.2,19.5,72.1,X, ,X,낮음
7/5/2019,함양군(264),X,32.5,32.9,24.4,17.5,79.5,X, ,X,낮음
7/5/2019,진도군ASOS(268),X,30.7,31,24,18.9,75.6,X, ,X,낮음
7/5/2019,봉화(271),X,29.7,31.4,23,15.7,65.3,X, ,X,낮음
7/5/2019,영주(272),X,31.6,32.5,23.9,17.3,65.3,X, ,X,낮음
7/5/2019,문경(273),X,31.9,33.2,25.4,17.6,57.6,X, ,X,낮음
7/5/2019,청송군(276),X,31.2,30.7,22.4,15.4,78.1,X, ,X,낮음
7/5/2019,영덕(277),X,31.2,30.5,23.5,18.9,78,X, ,X,낮음
7/5/2019,의성(278),X,31.6,34.4,25,17.8,62,O, ,X,낮음
7/5/2019,구미(279),X,32.6,33.2,26,20,73.1,O, ,X,낮음
7/5/2019,영천(281),X,31,32.2,25.1,18.4,62.4,O, ,X,낮음
7/5/2019,경주시(283),X,31.8,32,23.8,18,73.3,X, ,X,낮음
7/5/2019,거창(284),X,30.9,31.5,23.7,16.7,75,X, ,X,낮음
7/5/2019,합천(285),X,32,33.3,25.2,18.4,66.1,X,관심,X,낮음
7/5/2019,밀양(288),X,30.9,32.7,25.6,20.3,61.4,X,관심,X,낮음
7/5/2019,산청(289),X,32.7,33,25.3,19.1,72.3,X, ,X,낮음
7/5/2019,거제(294),X,31.4,30.4,24.7,20.6,72,X, ,X,낮음
7/5/2019,남해(295),X,31,30,24.7,20.5,70.5,X, ,X,낮음
7/5/2019,부천(433),X,,32.9,26.4,20.3,,O,주의,X,낮음
7/5/2019,안양(434),X,,33,27.3,20.9,57,O,주의,X,낮음
7/5/2019,광명(437),X,,34.2,27.8,20.8,,O,주의,X,낮음
7/5/2019,군포(438),X,,34.2,27.6,20.5,,O,주의,X,낮음
7/5/2019,김포(441),X,,32.2,24.8,18.3,,O,주의,X,낮음
7/5/2019,하남(444),X,,,,,,O,경고,X,낮음
7/5/2019,의왕(445),X,,32.8,24.6,16.3,,O,주의,X,낮음
7/5/2019,포천(504),X,32.3,35,26.2,16.7,52,O,경고,X,낮음
7/5/2019,가평조종(505),X,,36,25.9,15.2,,O,경고,X,낮음
7/5/2019,안성(516),O,33.5,36.1,25.4,17.2,64,O,경고,X,낮음
7/5/2019,간성(517),X,28.9,26.1,23.3,19.1,92,X, ,X,낮음
7/5/2019,평창(526),X,31,33.4,23.2,16.3,67,X,주의,X,낮음
7/5/2019,의정부(532),O,33.4,35.7,26.7,17.5,60,O,경고,X,낮음
7/5/2019,횡성(536),O,34.2,36.8,25.8,16.8,68,O,경고,X,낮음
7/5/2019,고양(540),O,34.7,36.4,26.3,16.3,58,O,경고,X,낮음
7/5/2019,남양주(541),X,32.8,36.1,26.9,17.5,49,O,경고,X,낮음
7/5/2019,안산(545),X,31.4,31.7,23.8,15.1,71,O,주의,X,낮음
7/5/2019,경기광주(546),X,32,35.5,25.7,16.7,57,O,경고,X,낮음
7/5/2019,여주(548),X,32.6,35.4,26,17.1,56,O,경고,X,낮음
7/5/2019,용인(549),X,31,34.7,25.1,16.2,57,O,경고,X,낮음
7/5/2019,오산(550),X,31.8,34.6,26.2,18.6,50,O,주의,X,낮음
7/5/2019,평택(551),O,34.3,36.5,25.3,17.8,65,O,경고,X,낮음
7/5/2019,화천(555),O,33.5,37.4,26.8,17.1,61,O,경고,X,낮음
7/5/2019,양구(556),X,32.8,35.9,26,16.9,60,O,주의,X,낮음
7/5/2019,시흥(565),X,31.5,32.9,25.9,17.7,61,O,주의,X,낮음
7/5/2019,구리(569),O,33.2,36.5,27.7,18.3,46,O,경고,X,낮음
7/5/2019,화성(571),X,31.8,32.7,25.5,18.7,58,O,주의,X,낮음
7/5/2019,성남(572),X,32.7,35.1,27.3,18.4,50,O,경고,X,위험
7/5/2019,과천(590),X,32.9,34.5,26.3,17,59,O,주의,X,낮음
7/5/2019,양주(598),O,33.5,34.6,26.3,16.5,58,O,경고,X,낮음
7/5/2019,단양(601),O,33.3,35.5,25.6,18.7,69,O,경고,X,낮음
7/5/2019,진천(602),X,31.9,34.6,25.9,16.1,47,O,경고,X,낮음
7/5/2019,괴산(603),X,32,35.1,25.1,15,59,O,경고,X,낮음
7/5/2019,옥천(604),X,32.1,34.2,25.4,17.9,66,O,주의,X,낮음
7/5/2019,홍북(608),O,33.6,34.4,24.8,17,67,O,경고,X,낮음
7/5/2019,공주(612),X,32.6,35.1,25.9,17.5,59,O,경고,X,낮음
7/5/2019,서천(614),X,31.9,32,25.2,18.8,67,O,주의,X,낮음
7/5/2019,논산(615),X,32.5,33.8,25.8,19.2,70,O,경고,X,낮음
7/5/2019,당진(616),X,32.4,31.7,24.1,17.7,71,O,주의,X,낮음
7/5/2019,청양(618),X,32.7,33.8,23.8,14.8,69,O,경고,X,낮음
7/5/2019,음성(619),X,32.3,34.4,24.7,14.6,61,O,경고,X,낮음
7/5/2019,증평(623),X,32.9,35,26.2,16.7,57,O,경고,X,낮음
7/5/2019,태안(627),X,31.2,31.6,24.8,18.7,63,X,관심,X,낮음
7/5/2019,예산(628),X,32.7,33.7,25,18.3,68,O,주의,X,낮음
7/5/2019,아산(634),X,31.8,33.2,25.1,18.5,60,O,경고,X,낮음
7/5/2019,계룡(636),X,32.1,33.8,24.3,15.2,68,O,주의,X,낮음
7/5/2019,연천청산(652),X,32.9,34.2,25.5,16.1,60,O,경고,X,낮음
7/5/2019,양양(670),X,30.7,27.8,24.8,20.1,91,X, ,X,낮음
7/5/2019,무안(699),X,31.7,31.5,24.6,19.5,76,X, ,X,낮음
7/5/2019,무주(701),X,32.6,33.9,24.6,16.9,75,O,주의,X,낮음
7/5/2019,익산(702),O,34.3,34,25.4,18,79,O,주의,X,낮음
7/5/2019,진안(703),X,31.1,31.8,23.6,16,73,X,주의,X,낮음
7/5/2019,담양(706),O,33.7,32.9,26,19.6,82,O,주의,X,낮음
7/5/2019,구례(709),X,32.5,32.6,25.5,20.1,75,O,주의,X,낮음
7/5/2019,나주(710),X,32.3,32.3,25.5,20,77,O,주의,X,낮음
7/5/2019,순천시(712),X,32.9,32.4,26.4,21.8,76,X, ,X,낮음
7/5/2019,광양읍(713),X,32.6,32.9,26.3,20.8,71,X,주의,X,낮음
7/5/2019,장성(730),X,31.7,31.9,24.8,18.8,72,X,주의,X,낮음
7/5/2019,영암(731),X,31.9,32.1,25.3,19.7,78,X, ,X,낮음
7/5/2019,보성(732),X,31.4,30.8,23.7,18.7,81,X, ,X,낮음
7/5/2019,완주(734),X,32.1,32.2,24.5,17.8,75,X,관심,X,낮음
7/5/2019,김제(737),X,32.4,32.4,25.2,19,70,X,관심,X,낮음
7/5/2019,화순(741),X,31,32.8,25.3,20.1,65,O,주의,X,낮음
7/5/2019,함평(754),X,32.8,32.8,25.4,19.7,76,O,주의,X,낮음
7/5/2019,곡성(768),X,32,32.7,24,18.5,75,O,주의,X,낮음
7/5/2019,압해도(789),X,31.6,30.6,24.3,20.6,82,X, ,X,낮음
7/5/2019,영양(801),X,31.3,31.2,22.9,16,75,X, ,X,낮음
7/5/2019,성주(810),X,31.9,33.5,25.4,18.7,61,X, ,X,낮음
7/5/2019,고령(812),X,32.2,33.1,24.4,17.6,76,X, ,X,낮음
7/5/2019,청도(813),X,31.1,32.8,24.9,18.8,61,X, ,X,낮음
7/5/2019,예천(815),X,32.7,33.3,24.5,17.9,78,X, ,X,낮음
7/5/2019,김천(822),X,32.9,33,24.5,16.9,74,O, ,X,낮음
7/5/2019,군위(823),O,33,33.5,24.8,17.9,71,O, ,X,낮음
7/5/2019,칠곡(825),X,32.7,33,25.6,19.8,69,X, ,X,낮음
7/5/2019,경산(827),X,31.8,32.8,25.6,19.9,61,O, ,X,낮음
7/5/2019,삼척(876),X,29.6,29.6,25,21.1,65,X, ,X,낮음
7/5/2019,속초(90),X,29.1,26.9,23.9,20.9,84.8,X, ,X,낮음
7/5/2019,삼천포(907),X,30.5,29.5,23.4,19.5,79,X, ,X,낮음
7/5/2019,고성(918),X,31.2,30.4,24.1,19.2,77,X, ,X,낮음
7/5/2019,창녕(919),X,32.6,32.3,25.5,20.2,71,X,관심,X,낮음
7/5/2019,함안(920),X,32,32.8,25.2,19.6,69,X,관심,X,낮음
7/5/2019,북춘천(93),X,32.5,36.2,26.6,17.9,58.4,O,경고,X,매우높음
7/5/2019,하동(932),X,31.9,31.9,25.3,20.2,74,X, ,X,낮음
7/5/2019,철원(95),X,32.6,34.5,25,16.1,66.1,O,주의,X,낮음
7/5/2019,동두천(98),O,33.7,35.6,26.3,17.2,57.8,O,경고,X,낮음
7/5/2019,파주(99),X,32.8,33.1,25.1,18.2,69.1,O,경고,X,낮음
7/6/2019,북강릉(104),X,27.5,26.1,23.1,21.1,80.9,X, ,X,매우높음
7/6/2019,동해(106),X,26.3,24.1,22,20.3,84,X, ,X,낮음
7/6/2019,서울(108),X,32.8,36.1,29.7,24.6,40.9,X,주의,X,매우높음
7/6/2019,인천(112),X,32.4,34.6,28.6,22.9,48.8,O,주의,X,매우높음
7/6/2019,원주(114),X,30.7,33.9,27.2,20.8,46,O,주의,X,낮음
7/6/2019,울릉도(115),X,27.2,24.1,20.8,19.1,94.9,X, ,X,낮음
7/6/2019,수원(119),O,33,35.1,28.6,20.3,48.6,O,주의,X,낮음
7/6/2019,영월(121),X,32.9,34.8,24.6,16.9,62.1,O,주의,X,낮음
7/6/2019,충주(127),X,31.8,33.9,26.5,18.8,52.5,O,주의,X,낮음
7/6/2019,서산(129),X,31.9,34.8,27.1,17.8,48.9,O,관심,X,매우높음
7/6/2019,울진(130),X,27.9,25.7,22.2,18.2,85.5,X, ,X,낮음
7/6/2019,청주(131),X,31.9,33.8,28.6,22.5,44,O,주의,X,높음
7/6/2019,대전(133),X,32.1,33.3,27.5,20.7,52.6,O,주의,X,매우높음
7/6/2019,추풍령(135),X,29.1,29.8,23.2,15.1,57.6,O,관심,X,낮음
7/6/2019,안동(136),X,29.2,31.1,24.4,17.7,57.5,X, ,X,매우높음
7/6/2019,상주(137),X,31.4,31.8,24.8,17.2,64.8,X, ,X,낮음
7/6/2019,포항(138),X,27.5,24.9,23,21.3,87,X, ,X,낮음
7/6/2019,군산(140),X,32.5,34,26,19.8,62.9,X, ,X,낮음
7/6/2019,대구(143),X,28.7,29.1,24,19.8,69.5,X, ,X,매우높음
7/6/2019,전주(146),O,33.2,34,27.3,20.6,62.5,O, ,X,매우높음
7/6/2019,울산(152),X,28.6,27.2,23.2,19.1,76.1,X, ,X,매우높음
7/6/2019,창원(155),X,30.5,31.3,24.9,19.2,56.6,X, ,X,매우높음
7/6/2019,광주(156),X,31.3,32.8,26.9,21.6,64.6,O, ,X,매우높음
7/6/2019,부산(159),X,29.5,28.9,24.3,20.7,65.9,X, ,X,매우높음
7/6/2019,통영(162),X,30,30.4,24.8,20.1,62.3,X, ,X,낮음
7/6/2019,목포(165),X,30.8,31.4,25.7,21.2,67.8,X, ,X,매우높음
7/6/2019,여수(168),X,28.7,27.5,24.5,21.2,66.9,X, ,X,낮음
7/6/2019,흑산도(169),X,28.4,27.3,22.2,18.1,76.8,X, ,X,낮음
7/6/2019,완도(170),X,28.5,27.9,23.2,19.3,74.5,X, ,X,낮음
7/6/2019,고창(172),X,31.8,32.8,24.9,19,73.6,X, ,X,낮음
7/6/2019,제주(184),X,28.7,27.2,23.8,20.8,78.6,X, ,X,매우높음
7/6/2019,진주(192),X,31.3,32,25,17.3,63.4,X, ,X,낮음
7/6/2019,양평(202),X,31.9,35.2,27.9,20.5,50.4,O,주의,X,낮음
7/6/2019,이천(203),X,32.5,34.4,26.3,18.8,62.5,O,주의,X,낮음
7/6/2019,인제(211),X,29.7,30.9,24.3,19.2,63,O, ,X,낮음
7/6/2019,홍천(212),O,33.1,35.2,27.4,20.7,54.9,O,주의,X,낮음
7/6/2019,태백(216),X,26.6,25.9,20.2,15.4,79,X, ,X,낮음
7/6/2019,정선군(217),X,29.3,30.1,23.2,16.8,62.1,O, ,X,낮음
7/6/2019,제천(221),X,30.1,31.9,24.4,17,57.9,O,관심,X,낮음
7/6/2019,보은(226),X,30.6,32,24.7,16.2,58.4,O,관심,X,낮음
7/6/2019,천안(232),X,30.5,32.2,25.8,16.7,51.1,O,주의,X,낮음
7/6/2019,보령(235),X,32,33.9,26.2,19.7,53.6,X,관심,X,낮음
7/6/2019,부여(236),X,31.6,33.9,26.9,18.5,52.3,O,주의,X,낮음
7/6/2019,금산(238),X,30.7,32,24.6,16.1,56.1,O,관심,X,낮음
7/6/2019,세종(239),X,31,32.5,26.9,19.6,50.5,O,주의,X,매우높음
7/6/2019,부안(243),X,32,34.5,26.4,19.7,62.9,O, ,X,낮음
7/6/2019,임실(244),X,29.9,31.5,24.3,16.5,61.6,O, ,X,낮음
7/6/2019,정읍(245),X,31.7,33.4,25.6,18.2,60.5,O, ,X,낮음
7/6/2019,남원(247),X,30.4,31.6,25.8,19.2,55.5,X, ,X,낮음
7/6/2019,장수(248),X,20.5,28.9,22.3,15.6,,X, ,X,낮음
7/6/2019,영광군(252),O,33,34.5,25.4,19.3,71.9,O, ,X,낮음
7/6/2019,김해시(253),X,31,31.9,25.6,20.4,58.3,X, ,X,낮음
7/6/2019,순창군(254),X,31.1,32.4,25.6,18.3,64.9,O, ,X,낮음
7/6/2019,양산시(257),X,30.5,31.3,25.4,20.7,61.9,X, ,X,낮음
7/6/2019,강진군(259),X,29.8,29.9,24.4,19.5,71.5,O, ,X,낮음
7/6/2019,장흥(260),X,30.6,30.7,25,18.9,69.3,O, ,X,낮음
7/6/2019,해남(261),X,29.7,29.8,23.8,17.7,72.8,O, ,X,낮음
7/6/2019,고흥(262),X,28.5,28.9,23,16.8,73.9,X, ,X,낮음
7/6/2019,의령군(263),X,30.9,31.7,24.6,16.9,65,X, ,X,낮음
7/6/2019,함양군(264),X,30.8,31,24,17,72.5,X, ,X,낮음
7/6/2019,진도군ASOS(268),X,28.8,29.1,23.8,18.2,70.8,X, ,X,낮음
7/6/2019,봉화(271),X,27.8,28.8,22.4,13.5,62.9,X, ,X,낮음
7/6/2019,영주(272),X,29.8,31.1,23.3,15.7,61.4,X, ,X,낮음
7/6/2019,문경(273),X,30.3,31.6,24,17.3,60.1,X, ,X,낮음
7/6/2019,청송군(276),X,29.1,28.7,21.9,13.5,75.5,X, ,X,낮음
7/6/2019,영덕(277),X,28.6,26.5,22.1,16.9,85.8,X, ,X,낮음
7/6/2019,의성(278),X,29.7,32.3,24,15.2,57.1,X, ,X,낮음
7/6/2019,구미(279),X,31.7,32.2,24.6,17.2,69.9,X, ,X,낮음
7/6/2019,영천(281),X,28.6,29.2,23.3,16.4,64.8,X, ,X,낮음
7/6/2019,경주시(283),X,28.6,27.5,22.4,16.8,77.6,X, ,X,낮음
7/6/2019,거창(284),X,29.8,30.1,23.1,15.9,66.9,X, ,X,낮음
7/6/2019,합천(285),X,30.6,31.9,24.3,17.1,60.3,X, ,X,낮음
7/6/2019,밀양(288),X,29.5,31.2,24.3,16.7,59.8,X, ,X,낮음
7/6/2019,산청(289),X,31,31.5,24.4,18.6,68.1,X, ,X,낮음
7/6/2019,거제(294),X,30.4,29.5,24.1,18.4,72,X, ,X,낮음
7/6/2019,남해(295),X,30.9,30.6,24.5,18.8,66.6,X, ,X,낮음
7/6/2019,부천(433),X,,35.8,28.6,22.5,,O,주의,X,낮음
7/6/2019,안양(434),X,,34.3,29.3,24.1,48,O,주의,X,낮음
7/6/2019,광명(437),X,,35.6,29.8,24.9,,O,주의,X,낮음
7/6/2019,군포(438),X,,35,29.5,23.2,,O,주의,X,낮음
7/6/2019,김포(441),X,,34.8,26.9,20.7,,O,주의,X,낮음
7/6/2019,하남(444),X,,,,,,O,주의,X,낮음
7/6/2019,의왕(445),X,,33.2,26.8,19.5,,O,주의,X,낮음
7/6/2019,포천(504),X,32.4,34.7,27.9,23,49,O,주의,X,낮음
7/6/2019,가평조종(505),X,,33.9,27.1,20,,O,주의,X,낮음
7/6/2019,안성(516),X,32.4,35.5,27.8,18.9,49,O,주의,X,낮음
7/6/2019,간성(517),X,28.3,25.4,23,21,93,X, ,X,낮음
7/6/2019,평창(526),X,29,30,23.2,16.9,63,O, ,X,낮음
7/6/2019,의정부(532),O,33.8,35.3,27.8,22.2,60,O,주의,X,낮음
7/6/2019,횡성(536),O,33.6,35.2,26.7,17.9,63,O,주의,X,낮음
7/6/2019,고양(540),O,33.9,36.8,28.1,20.9,55,O,주의,X,낮음
7/6/2019,남양주(541),X,32.9,35.5,28.3,22.7,50,O,주의,X,낮음
7/6/2019,안산(545),O,33,35.2,27,15.8,56,O,주의,X,낮음
7/6/2019,경기광주(546),X,32,34.1,26.7,18.8,58,O,주의,X,낮음
7/6/2019,여주(548),X,32.2,34.2,25,19.1,62,O,주의,X,낮음
7/6/2019,용인(549),X,31.2,33.9,26.3,18.5,54,O,주의,X,낮음
7/6/2019,오산(550),X,31.5,34.8,28.2,20.1,38,O,주의,X,낮음
7/6/2019,평택(551),X,32.6,34.8,27.2,18.7,53,O,주의,X,낮음
7/6/2019,화천(555),O,33,34.3,26.2,19.9,64,O,주의,X,낮음
7/6/2019,양구(556),X,31.6,32.7,25,18.9,64,O, ,X,낮음
7/6/2019,시흥(565),X,32.6,35.8,29,19.7,47,O,주의,X,낮음
7/6/2019,구리(569),O,33.7,36.8,28.9,22.8,47,O,주의,X,낮음
7/6/2019,화성(571),X,32.7,36,28.3,20.2,42,O,주의,X,낮음
7/6/2019,성남(572),X,32.1,34.4,28.6,21.5,47,O,주의,X,매우높음
7/6/2019,과천(590),X,32.9,34.4,28.1,20.6,53,O,주의,X,낮음
7/6/2019,양주(598),O,34.7,37.7,27.1,20.8,59,O,주의,X,낮음
7/6/2019,단양(601),X,32.6,34,25.6,17.8,66,O,관심,X,낮음
7/6/2019,진천(602),X,31.7,34.7,26.2,17.3,45,O,주의,X,낮음
7/6/2019,괴산(603),X,31,33.3,25.4,15.7,55,O,주의,X,낮음
7/6/2019,옥천(604),X,31.1,32.7,25.3,16.8,58,O,관심,X,낮음
7/6/2019,홍북(608),X,31.1,33.2,26.4,17.1,52,O,주의,X,낮음
7/6/2019,공주(612),X,30.7,32.9,26,16.4,51,O,주의,X,낮음
7/6/2019,서천(614),X,32.6,34,26.4,19.3,62,O,관심,X,낮음
7/6/2019,논산(615),X,32.1,33.8,26.8,18.6,58,O,주의,X,낮음
7/6/2019,당진(616),X,32.3,34.4,26.7,17.6,53,O,관심,X,낮음
7/6/2019,청양(618),X,31.7,33.2,24.6,14.9,64,O,주의,X,낮음
7/6/2019,음성(619),X,31.8,34.2,25.5,15.3,57,O,주의,X,낮음
7/6/2019,증평(623),X,32.2,33.9,26.7,19.6,51,O,주의,X,낮음
7/6/2019,태안(627),X,32.4,34.5,26.7,19.1,51,X,관심,X,낮음
7/6/2019,예산(628),X,32,34.3,27.6,18.7,51,O,관심,X,낮음
7/6/2019,아산(634),X,31.4,34.7,27.5,18,41,O,주의,X,낮음
7/6/2019,계룡(636),X,30.3,32.1,24.6,14.3,55,O,관심,X,낮음
7/6/2019,연천청산(652),O,33.5,34.9,27.4,22,57,O,주의,X,낮음
7/6/2019,양양(670),X,30.6,26.9,23.8,21.6,97,X, ,X,낮음
7/6/2019,무안(699),X,30.2,31.5,24.9,19.9,70,X, ,X,낮음
7/6/2019,무주(701),X,31.5,31.7,24.3,15.4,67,O, ,X,낮음
7/6/2019,익산(702),O,34.8,35.4,26.4,18.3,72,O, ,X,낮음
7/6/2019,진안(703),X,30,30.2,23,15.3,66,O, ,X,낮음
7/6/2019,담양(706),X,32.2,32.7,25.9,19.4,75,O, ,X,낮음
7/6/2019,구례(709),X,31.3,31.6,24.8,18.7,71,O, ,X,낮음
7/6/2019,나주(710),X,31.4,32.1,25.6,20,74,O, ,X,낮음
7/6/2019,순천시(712),X,32.6,31.6,25.8,19.9,73,X, ,X,낮음
7/6/2019,광양읍(713),X,32,32.4,25.9,18.8,64,O, ,X,낮음
7/6/2019,장성(730),X,30.9,32.2,25.2,18.9,69,O, ,X,낮음
7/6/2019,영암(731),X,30.8,31.4,25.3,19.2,71,X, ,X,낮음
7/6/2019,보성(732),X,30.3,29.3,22.8,18.1,81,X, ,X,낮음
7/6/2019,완주(734),X,31.5,32.8,25.3,17.5,62,X, ,X,낮음
7/6/2019,김제(737),X,32.5,34,26.7,20.2,61,X, ,X,낮음
7/6/2019,화순(741),X,29.8,31.9,25,19.3,64,O, ,X,낮음
7/6/2019,함평(754),X,31.2,32.7,25.6,20,69,O, ,X,낮음
7/6/2019,곡성(768),X,30.7,32,24.4,18.3,66,O, ,X,낮음
7/6/2019,압해도(789),X,31.2,31.3,24,19.8,81,X, ,X,낮음
7/6/2019,영양(801),X,28.8,29.5,22.4,14.5,70,X, ,X,낮음
7/6/2019,성주(810),X,30.3,31.4,23.3,15.9,62,X, ,X,낮음
7/6/2019,고령(812),X,29.9,30.5,23.8,16.1,66,X, ,X,낮음
7/6/2019,청도(813),X,28.9,29.7,23.1,16.1,61,X, ,X,낮음
7/6/2019,예천(815),X,31.5,31.7,23.9,16.3,72,X, ,X,낮음
7/6/2019,김천(822),X,31.6,32.1,22.6,14.3,71,X, ,X,낮음
7/6/2019,군위(823),X,30.7,31.6,23.6,15.2,68,X, ,X,낮음
7/6/2019,칠곡(825),X,30.5,31.7,23.8,16.8,69,X, ,X,낮음
7/6/2019,경산(827),X,28.9,29,23.2,18.1,66,X, ,X,낮음
7/6/2019,삼척(876),X,27.7,26.1,23.2,20.8,77,X, ,X,낮음
7/6/2019,속초(90),X,28.1,25.8,23.4,22.1,85.6,X, ,X,낮음
7/6/2019,삼천포(907),X,30.3,29.6,23.6,17.8,67,X, ,X,낮음
7/6/2019,고성(918),X,30.7,29.8,23.6,16.4,72,X, ,X,낮음
7/6/2019,창녕(919),X,30.3,30.8,24.9,19.1,63,X, ,X,낮음
7/6/2019,함안(920),X,31.3,32.6,24.6,16.5,63,X, ,X,낮음
7/6/2019,북춘천(93),X,32,33.2,26.4,20.6,59.8,O,주의,X,매우높음
7/6/2019,하동(932),X,31.5,31.8,25.3,18.5,66,X, ,X,낮음
7/6/2019,철원(95),X,32.9,33.6,26.1,20.7,70.4,O,관심,X,낮음
7/6/2019,동두천(98),O,33.5,35.8,28,22.7,57.6,O,주의,X,낮음
7/6/2019,파주(99),O,33.3,34.5,26.2,21.3,67.9,O,주의,X,낮음
7/7/2019,북강릉(104),X,24.7,23.2,21,19.2,76.3,X, ,X,매우높음
7/7/2019,동해(106),X,24.6,23.1,20.7,19.6,74.9,X, ,X,낮음
7/7/2019,서울(108),X,30,32.5,26.7,22.7,43.3,X,주의,X,매우높음
7/7/2019,인천(112),X,29.3,30.6,27,23.9,46.4,O,주의,X,매우높음
7/7/2019,원주(114),X,27.7,29.8,24.4,20.8,47.1,O,주의,X,낮음
7/7/2019,울릉도(115),X,24.6,22.2,19.6,18.5,90.1,X, ,X,낮음
7/7/2019,수원(119),X,30.7,31.9,27,23.6,49.3,O,주의,X,낮음
7/7/2019,영월(121),X,28.5,29.6,23.4,19.7,55.5,O,주의,X,낮음
7/7/2019,충주(127),X,29.5,31,24.5,18.3,54.8,O,주의,X,낮음
7/7/2019,서산(129),X,30.3,31.6,25.6,21.2,54.6,X,관심,X,매우높음
7/7/2019,울진(130),X,25.9,24.4,21.8,20.1,74.5,X, ,X,낮음
7/7/2019,청주(131),X,29.6,31.1,25.9,22,52.1,O,주의,X,보통
7/7/2019,대전(133),X,29.5,30.2,25.3,21.1,58.9,O,주의,X,매우높음
7/7/2019,추풍령(135),X,25.9,26,21.7,17.2,62,X,관심,X,낮음
7/7/2019,안동(136),X,26.7,27.3,22.8,19.2,61.6,X, ,X,매우높음
7/7/2019,상주(137),X,28.7,28.3,23.3,18.2,67.1,X, ,X,낮음
7/7/2019,포항(138),X,25.8,23.9,22.5,21.4,79.6,X, ,X,낮음
7/7/2019,군산(140),X,29.9,30.2,24.9,21.6,67.4,X, ,X,낮음
7/7/2019,대구(143),X,26.9,26.7,22.9,20.5,65.3,X, ,X,매우높음
7/7/2019,전주(146),X,31,30.9,25.2,20.8,72.5,X, ,X,매우높음
7/7/2019,울산(152),X,26.3,25,22.2,20.2,76,X, ,X,매우높음
7/7/2019,창원(155),X,27.7,28.1,23.4,19.9,60.8,X, ,X,매우높음
7/7/2019,광주(156),X,29.9,29.9,23.9,20.7,72.6,X, ,X,매우높음
7/7/2019,부산(159),X,26.9,26.5,23,20.8,66.1,X, ,X,매우높음
7/7/2019,통영(162),X,27.8,27.2,23.3,21.2,66,X, ,X,낮음
7/7/2019,목포(165),X,28.8,28.2,23.6,20.8,73.6,X, ,X,매우높음
7/7/2019,여수(168),X,27.2,25.8,23.1,21.7,70.8,X, ,X,낮음
7/7/2019,흑산도(169),X,26,23.7,20.1,17.9,87.6,X, ,X,낮음
7/7/2019,완도(170),X,26.9,25.2,22.1,19.7,77.5,X, ,X,낮음
7/7/2019,고창(172),X,30.1,30.1,22.9,18.8,83.1,X, ,X,낮음
7/7/2019,제주(184),X,27.8,26.4,23.3,22.2,78.9,X, ,X,매우높음
7/7/2019,진주(192),X,28.6,28.6,23.1,18.1,69,X, ,X,낮음
7/7/2019,양평(202),X,28.5,30.9,25.6,21.4,45.9,O,주의,X,낮음
7/7/2019,이천(203),X,29.8,31.8,24.2,18.6,55.8,O,주의,X,낮음
7/7/2019,인제(211),X,25.3,25,21.2,17.7,66.4,X, ,X,낮음
7/7/2019,홍천(212),X,28.8,30,23.9,19.4,57.1,O,주의,X,낮음
7/7/2019,태백(216),X,22.3,21,17.7,15.3,81.3,X, ,X,낮음
7/7/2019,정선군(217),X,25.4,25.8,21.8,18.9,58.9,X, ,X,낮음
7/7/2019,제천(221),X,26.5,28.2,22.7,18.1,53.5,X,관심,X,낮음
7/7/2019,보은(226),X,28.3,28.8,23.3,17.4,62,X,관심,X,낮음
7/7/2019,천안(232),X,28.8,29.7,23.9,18.1,59.4,O,주의,X,낮음
7/7/2019,보령(235),X,30,31.1,25.2,20.2,58.8,X,관심,X,낮음
7/7/2019,부여(236),X,29.5,30.7,25.4,21.2,56.1,O,주의,X,낮음
7/7/2019,금산(238),X,28,28.3,22.8,17.6,64.3,X,관심,X,낮음
7/7/2019,세종(239),X,28.9,30,25.3,21.5,53.4,O,주의,X,매우높음
7/7/2019,부안(243),X,30.9,31.6,24.4,19.5,71.1,X, ,X,낮음
7/7/2019,임실(244),X,28.4,29.2,22.4,16.4,66.8,X, ,X,낮음
7/7/2019,정읍(245),X,30,30.6,23.3,18.5,71.3,X, ,X,낮음
7/7/2019,남원(247),X,28,28.4,24,20.5,56.6,X, ,X,낮음
7/7/2019,장수(248),X,,26.2,20.6,15,,X, ,X,낮음
7/7/2019,영광군(252),X,30.9,31.5,23.4,19.6,80.4,X, ,X,낮음
7/7/2019,김해시(253),X,29,28.8,23.9,20.9,63.4,X, ,X,낮음
7/7/2019,순창군(254),X,30.2,30.5,23.4,19.8,74.9,X, ,X,낮음
7/7/2019,양산시(257),X,29.1,28.9,24,21.4,63.9,X, ,X,낮음
7/7/2019,강진군(259),X,28.4,27.3,23.1,19,71.4,X, ,X,낮음
7/7/2019,장흥(260),X,29.1,28.5,23.8,19.1,69,X, ,X,낮음
7/7/2019,해남(261),X,28,26.8,22.2,18,75.6,X, ,X,낮음
7/7/2019,고흥(262),X,27.6,26.6,22.3,18.7,72.5,X, ,X,낮음
7/7/2019,의령군(263),X,28.3,28.2,23.3,18.6,67,X, ,X,낮음
7/7/2019,함양군(264),X,28.3,27.8,22,16.9,78.1,X, ,X,낮음
7/7/2019,진도군ASOS(268),X,27.3,26.2,22.2,18.5,72.9,X, ,X,낮음
7/7/2019,봉화(271),X,25.2,25.5,22,19.6,56,X, ,X,낮음
7/7/2019,영주(272),X,27.3,28.1,22.2,17.1,62.4,X, ,X,낮음
7/7/2019,문경(273),X,28.4,28.7,22.3,16.9,66.9,X, ,X,낮음
7/7/2019,청송군(276),X,26.3,25.3,20.8,18.2,78.6,X, ,X,낮음
7/7/2019,영덕(277),X,27.3,26,22.1,20.2,76.9,X, ,X,낮음
7/7/2019,의성(278),X,27.3,28.5,22.9,17.9,60.1,X, ,X,낮음
7/7/2019,구미(279),X,28.5,28.5,23.4,19.2,72.3,X, ,X,낮음
7/7/2019,영천(281),X,26.9,27.1,22.5,19.7,65.9,X, ,X,낮음
7/7/2019,경주시(283),X,26.3,24.9,21.9,20,73.9,X, ,X,낮음
7/7/2019,거창(284),X,27.2,27.1,21.3,16.4,71.5,X, ,X,낮음
7/7/2019,합천(285),X,27.6,28.6,22.8,18.1,61.9,X, ,X,낮음
7/7/2019,밀양(288),X,27,27.6,23.7,21,52.4,X, ,X,낮음
7/7/2019,산청(289),X,28.7,28.9,22.4,17.9,71.5,X, ,X,낮음
7/7/2019,거제(294),X,27.9,27.4,23.3,21.4,73.9,X, ,X,낮음
7/7/2019,남해(295),X,28.5,27.9,23.4,20.7,69.5,X, ,X,낮음
7/7/2019,부천(433),X,,31.6,26.6,23.4,,O,주의,X,낮음
7/7/2019,안양(434),X,,30.5,26.4,23.6,53,O,주의,X,낮음
7/7/2019,광명(437),X,,31.9,27.2,23.9,,O,주의,X,낮음
7/7/2019,군포(438),X,,31.4,26.5,23.4,,O,주의,X,낮음
7/7/2019,김포(441),X,,29.9,25.1,21.6,,O,주의,X,낮음
7/7/2019,하남(444),X,,,,,,O,주의,X,낮음
7/7/2019,의왕(445),X,,29.4,24.7,21.5,,O,주의,X,낮음
7/7/2019,포천(504),X,29,30.4,24.5,20,53,O,주의,X,낮음
7/7/2019,가평조종(505),X,,29.6,23.6,19.7,,O,주의,X,낮음
7/7/2019,안성(516),X,30.2,32.7,26,20.7,51,O,주의,X,낮음
7/7/2019,간성(517),X,25.7,23.1,20.8,18.6,89,X, ,X,낮음
7/7/2019,평창(526),X,26.3,27.1,21.5,17.6,60,X, ,X,낮음
7/7/2019,의정부(532),X,30.7,31.2,25.1,20.7,59,O,주의,X,낮음
7/7/2019,횡성(536),X,29.6,30.9,24.4,18.6,60,O,주의,X,낮음
7/7/2019,고양(540),X,31.1,33.2,26.3,20.8,51,O,주의,X,낮음
7/7/2019,남양주(541),X,29.5,31.4,25.8,22.1,48,O,주의,X,낮음
7/7/2019,안산(545),X,30.9,32.5,26.1,18.3,52,O,주의,X,낮음
7/7/2019,경기광주(546),X,28.7,30.5,24.7,21,52,O,주의,X,낮음
7/7/2019,여주(548),X,28.8,29.5,23.6,18.4,58,O,주의,X,낮음
7/7/2019,용인(549),X,28.8,30.6,24.6,20.5,50,O,주의,X,낮음
7/7/2019,오산(550),X,29.3,31.7,26.2,22.5,40,O,주의,X,낮음
7/7/2019,평택(551),X,30.9,32.2,26,20.7,52,O,주의,X,낮음
7/7/2019,화천(555),X,28.7,29.3,22.7,17.3,67,O,주의,X,낮음
7/7/2019,양구(556),X,27.6,28.2,22.6,17.9,62,X, ,X,낮음
7/7/2019,시흥(565),X,30.2,32.2,27.1,21.8,46,O,주의,X,낮음
7/7/2019,구리(569),X,30,32.1,26.1,22.3,46,O,주의,X,낮음
7/7/2019,화성(571),X,30.8,33,27.1,22.6,43,O,주의,X,낮음
7/7/2019,성남(572),X,29.9,32,26,21.8,47,O,주의,X,매우높음
7/7/2019,과천(590),X,30.2,31.6,25.4,20.6,53,O,주의,X,낮음
7/7/2019,양주(598),X,30.8,32,24.7,18.3,59,O,주의,X,낮음
7/7/2019,단양(601),X,29.7,30.8,24.5,19.4,62,X,관심,X,낮음
7/7/2019,진천(602),X,29.4,31.5,24.4,18.2,52,O,주의,X,낮음
7/7/2019,괴산(603),X,29.6,31.1,23.6,16.7,61,O,주의,X,낮음
7/7/2019,옥천(604),X,28.5,29.3,23.6,17.5,60,X,관심,X,낮음
7/7/2019,홍북(608),X,29.6,30.4,25,20.4,58,O,주의,X,낮음
7/7/2019,공주(612),X,28.7,29.8,24.9,20.4,53,O,주의,X,낮음
7/7/2019,서천(614),X,30.6,31,25.6,21.2,63,X,관심,X,낮음
7/7/2019,논산(615),X,29.7,30.4,25.5,21.5,57,O,주의,X,낮음
7/7/2019,당진(616),X,29.8,30.4,25.6,21.6,60,X,관심,X,낮음
7/7/2019,청양(618),X,29.7,29.9,24,18.9,66,O,주의,X,낮음
7/7/2019,음성(619),X,29.2,30.9,23.3,16.6,60,O,주의,X,낮음
7/7/2019,증평(623),X,30.5,31.4,24.6,18.9,62,O,주의,X,낮음
7/7/2019,태안(627),X,29.9,30.5,25.6,21.6,59,X,관심,X,낮음
7/7/2019,예산(628),X,30.3,31.6,26,20.5,56,X,관심,X,낮음
7/7/2019,아산(634),X,29.9,31.8,26.1,21.9,45,O,주의,X,낮음
7/7/2019,계룡(636),X,28,28.9,24.4,18.5,51,X,관심,X,낮음
7/7/2019,연천청산(652),X,29.5,30.7,24.4,18.5,57,O,주의,X,낮음
7/7/2019,양양(670),X,27.3,24.1,21.6,19.9,94,X, ,X,낮음
7/7/2019,무안(699),X,28.6,28.3,22.3,18.8,82,X, ,X,낮음
7/7/2019,무주(701),X,29.1,28.8,23.5,17.7,70,X, ,X,낮음
7/7/2019,익산(702),X,32.7,32.4,25,18,78,X, ,X,낮음
7/7/2019,진안(703),X,27.7,27,21.7,16.1,74,X, ,X,낮음
7/7/2019,담양(706),X,31.9,30.1,23.9,19,86,X, ,X,낮음
7/7/2019,구례(709),X,29.7,29.6,23,17.6,75,X, ,X,낮음
7/7/2019,나주(710),X,30.4,29.8,23,18.9,81,X, ,X,낮음
7/7/2019,순천시(712),X,29.8,29.5,24.7,20.7,67,X, ,X,낮음
7/7/2019,광양읍(713),X,29.7,29.9,25.2,22.1,60,X, ,X,낮음
7/7/2019,장성(730),X,30.2,29.9,22.6,18.2,81,X, ,X,낮음
7/7/2019,영암(731),X,29.3,28.6,23.4,19.7,73,X, ,X,낮음
7/7/2019,보성(732),X,28,27,22.3,17.5,75,X, ,X,낮음
7/7/2019,완주(734),X,29.4,29.9,24.8,19.1,62,X, ,X,낮음
7/7/2019,김제(737),X,31.3,31.8,24.4,20.4,68,X, ,X,낮음
7/7/2019,화순(741),X,28.8,29.4,23,18,68,X, ,X,낮음
7/7/2019,함평(754),X,29.7,29.6,23.1,19.3,80,X, ,X,낮음
7/7/2019,곡성(768),X,29.9,30.2,22.4,16.5,71,X, ,X,낮음
7/7/2019,압해도(789),X,29.5,29.1,22.7,19.3,84,X, ,X,낮음
7/7/2019,영양(801),X,25.8,25,20.9,18.2,71,X, ,X,낮음
7/7/2019,성주(810),X,28.1,28.8,22.2,17.1,65,X, ,X,낮음
7/7/2019,고령(812),X,27.3,27.5,22.4,17.6,69,X, ,X,낮음
7/7/2019,청도(813),X,26.1,26.3,22.8,20,56,X, ,X,낮음
7/7/2019,예천(815),X,29.5,28.9,22.3,17.6,78,X, ,X,낮음
7/7/2019,김천(822),X,28.9,28.5,21.5,15.8,75,X, ,X,낮음
7/7/2019,군위(823),X,28.2,28.3,22.3,17.1,70,X, ,X,낮음
7/7/2019,칠곡(825),X,28.1,28.4,22.7,18.8,71,X, ,X,낮음
7/7/2019,경산(827),X,27.3,27,22.6,20.1,64,X, ,X,낮음
7/7/2019,삼척(876),X,25.4,24.6,21.5,20.3,71,X, ,X,낮음
7/7/2019,속초(90),X,25.8,24.2,21.5,19.5,77.1,X, ,X,낮음
7/7/2019,삼천포(907),X,28.7,28.3,23.2,19.4,69,X, ,X,낮음
7/7/2019,고성(918),X,27.8,26.8,22.8,19.2,71,X, ,X,낮음
7/7/2019,창녕(919),X,27.8,27.6,23.5,20.3,65,X, ,X,낮음
7/7/2019,함안(920),X,29.3,29.7,23.2,17.8,67,X, ,X,낮음
7/7/2019,북춘천(93),X,27.7,28.1,23.5,19.6,59.5,O,주의,X,매우높음
7/7/2019,하동(932),X,28.8,29,24.2,21,65,X, ,X,낮음
7/7/2019,철원(95),X,28.8,29.3,23.3,18.7,65.6,X,관심,X,낮음
7/7/2019,동두천(98),X,30.1,31,24.8,20.9,56.6,O,주의,X,낮음
7/7/2019,파주(99),X,29.5,29.8,24.1,19.1,63.9,O,주의,X,낮음
7/8/2019,북강릉(104),X,25,23,19.7,17.7,87,X, ,X,매우높음
7/8/2019,동해(106),X,24.6,22.3,20,17.5,83.1,X, ,X,낮음
7/8/2019,서울(108),X,29.2,31,25.1,21.2,46.6,X,주의,X,높음
7/8/2019,인천(112),X,28.9,30.2,25.6,21.8,49,O,주의,X,높음
7/8/2019,원주(114),X,26.4,27.3,22.4,19,54.8,O, ,X,낮음
7/8/2019,울릉도(115),X,23.4,19.8,18.8,18.3,96.6,X, ,X,낮음
7/8/2019,수원(119),X,29.4,30,25.2,21.3,53.1,O,주의,X,낮음
7/8/2019,영월(121),X,27.2,27.3,20.3,16.4,69.3,O, ,X,낮음
7/8/2019,충주(127),X,28.7,29.2,23,18.2,58.8,O,주의,X,낮음
7/8/2019,서산(129),X,29.2,30.7,25,21.1,53.3,X, ,X,높음
7/8/2019,울진(130),X,25.6,23.7,20.7,19.2,83,X, ,X,낮음
7/8/2019,청주(131),X,28.8,29.4,24.9,20.3,54.5,O,주의,X,보통
7/8/2019,대전(133),X,29.8,30.5,24.5,19.6,63.3,O,주의,X,높음
7/8/2019,추풍령(135),X,26.4,26.3,20.6,16.8,67.4,X, ,X,낮음
7/8/2019,안동(136),X,26.4,25.7,20.8,16.7,70.6,X, ,X,보통
7/8/2019,상주(137),X,28.7,27.6,21.9,18.1,72,X, ,X,낮음
7/8/2019,포항(138),X,25.8,23.3,21.9,20.9,81.8,X, ,X,낮음
7/8/2019,군산(140),X,29.6,29.8,24.1,20.8,64.1,X, ,X,낮음
7/8/2019,대구(143),X,28,27,22.3,19.6,68.8,X, ,X,보통
7/8/2019,전주(146),X,30,29.6,23.8,19.2,75.6,X, ,X,매우높음
7/8/2019,울산(152),X,26.7,24.7,21.6,20.2,79.1,X, ,X,높음
7/8/2019,창원(155),X,28.4,27.8,22,19.1,70,X, ,X,보통
7/8/2019,광주(156),X,29.1,28.8,23.4,20.2,75.6,X, ,X,매우높음
7/8/2019,부산(159),X,28,26.9,22.2,20.5,72,X, ,X,높음
7/8/2019,통영(162),X,28.6,27.9,22.6,19.5,70.9,X, ,X,낮음
7/8/2019,목포(165),X,28.9,28,23.3,19.8,75,X, ,X,높음
7/8/2019,여수(168),X,26.8,25.5,22.6,19.6,74.8,X, ,X,낮음
7/8/2019,흑산도(169),X,27.5,25.5,22.4,19,82.5,X, ,X,낮음
7/8/2019,완도(170),X,27.4,26.6,22,19.2,80,X, ,X,낮음
7/8/2019,고창(172),X,29,28.4,22.8,19.7,77.6,X, ,X,낮음
7/8/2019,제주(184),X,25.5,22.7,21.8,20.6,88.5,X, ,X,보통
7/8/2019,진주(192),X,27.8,28,23.1,17.7,65.6,X, ,X,낮음
7/8/2019,양평(202),X,27.2,28.2,23.4,19.7,53.6,O,주의,X,낮음
7/8/2019,이천(203),X,29.4,30.2,22.8,17.8,62,O,주의,X,낮음
7/8/2019,인제(211),X,23.8,22.4,20,17.4,72.5,X, ,X,낮음
7/8/2019,홍천(212),X,26.8,26.3,22.1,18.5,65.1,O,주의,X,낮음
7/8/2019,태백(216),X,21.1,18.7,16.4,15,91.1,X, ,X,낮음
7/8/2019,정선군(217),X,24.4,23.9,20,16.9,68.5,X, ,X,낮음
7/8/2019,제천(221),X,25.7,25.5,20.5,16.9,65.6,X, ,X,낮음
7/8/2019,보은(226),X,28,28.3,22.6,17.9,63.6,X, ,X,낮음
7/8/2019,천안(232),X,27.2,27.6,23.2,19.1,58.5,O,주의,X,낮음
7/8/2019,보령(235),X,28.5,29.5,24.6,21,57.4,X, ,X,낮음
7/8/2019,부여(236),X,29.7,30.5,24.5,20.3,54.8,O,주의,X,낮음
7/8/2019,금산(238),X,28.1,28.7,22.2,16.9,65.8,X, ,X,낮음
7/8/2019,세종(239),X,28.7,29.2,24.4,20,56,O,주의,X,보통
7/8/2019,부안(243),X,29.4,29.3,23.9,20.1,68.5,X, ,X,낮음
7/8/2019,임실(244),X,28.5,29.3,22.6,17.1,67.3,X, ,X,낮음
7/8/2019,정읍(245),X,28.8,28.9,23.1,18.3,69.8,X, ,X,낮음
7/8/2019,남원(247),X,27.3,27.6,23.3,19.4,59.4,X, ,X,낮음
7/8/2019,장수(248),X,26.4,28,20.7,16.3,,X, ,X,낮음
7/8/2019,영광군(252),X,28.6,28,23.4,19.7,75.8,X, ,X,낮음
7/8/2019,김해시(253),X,29.3,28.9,23,20.3,71,X, ,X,낮음
7/8/2019,순창군(254),X,29.3,29.7,22.8,17.5,74.1,X, ,X,낮음
7/8/2019,양산시(257),X,29.3,28.5,22.9,20.1,73.9,X, ,X,낮음
7/8/2019,강진군(259),X,28.2,27.7,22.9,19.2,73.1,X, ,X,낮음
7/8/2019,장흥(260),X,28.6,28.2,23.7,20,70.5,X, ,X,낮음
7/8/2019,해남(261),X,28.1,26.9,21.5,18.2,82,X, ,X,낮음
7/8/2019,고흥(262),X,26.8,25.6,21.9,18.2,76.5,X, ,X,낮음
7/8/2019,의령군(263),X,28.6,28,22.8,17.9,68.8,X, ,X,낮음
7/8/2019,함양군(264),X,27.8,26.9,21.7,16.7,79.8,X, ,X,낮음
7/8/2019,진도군ASOS(268),X,27.8,26.8,22.1,17.8,75.6,X, ,X,낮음
7/8/2019,봉화(271),X,24.7,24.2,18.7,13.9,74.6,X, ,X,낮음
7/8/2019,영주(272),X,26.4,25.7,20.1,15.5,69.4,X, ,X,낮음
7/8/2019,문경(273),X,27.9,27.7,21.7,16.2,68.5,X, ,X,낮음
7/8/2019,청송군(276),X,24.7,22.3,19.5,16.9,87.6,X, ,X,낮음
7/8/2019,영덕(277),X,25.7,23.6,21,19.6,82.6,X, ,X,낮음
7/8/2019,의성(278),X,27.9,28.1,22,17.9,65.1,X, ,X,낮음
7/8/2019,구미(279),X,28.8,28.1,22.4,18.6,76.3,X, ,X,낮음
7/8/2019,영천(281),X,27.2,26.1,21.7,18.4,71.5,X, ,X,낮음
7/8/2019,경주시(283),X,26.3,24.4,21.6,19.5,77.9,X, ,X,낮음
7/8/2019,거창(284),X,27,27,21.3,16.9,73,X, ,X,낮음
7/8/2019,합천(285),X,28,28.6,22.4,17,64.6,X, ,X,낮음
7/8/2019,밀양(288),X,27.2,27.6,22.9,18.7,57.1,X, ,X,낮음
7/8/2019,산청(289),X,28.6,28.6,22.5,17,71.3,X, ,X,낮음
7/8/2019,거제(294),X,28.8,27.5,22.8,20.4,77.8,X, ,X,낮음
7/8/2019,남해(295),X,28.1,27.3,23,18.7,72.8,X, ,X,낮음
7/8/2019,부천(433),X,,30.8,25.5,21.6,,O,주의,X,낮음
7/8/2019,안양(434),X,,28.5,24.9,21.6,56,O,주의,X,낮음
7/8/2019,광명(437),X,,30.4,26,22.5,,O,주의,X,낮음
7/8/2019,군포(438),X,,29.6,24.9,21.1,,O,주의,X,낮음
7/8/2019,김포(441),X,,29.3,23.7,20.2,,O,주의,X,낮음
7/8/2019,하남(444),X,,,,,,O,주의,X,낮음
7/8/2019,의왕(445),X,,27.7,23,19.6,,O,주의,X,낮음
7/8/2019,포천(504),X,28.3,29,23.3,18.3,55,O,주의,X,낮음
7/8/2019,가평조종(505),X,,27.5,22.2,17.2,,O,주의,X,낮음
7/8/2019,안성(516),X,29.6,30.5,24.8,20.6,54,O,주의,X,낮음
7/8/2019,간성(517),X,26.5,23.8,20.4,17.9,92,X, ,X,낮음
7/8/2019,평창(526),X,24.3,24.1,18.8,14.3,72,X, ,X,낮음
7/8/2019,의정부(532),X,30.1,30.3,23.9,19.4,61,O,주의,X,낮음
7/8/2019,횡성(536),X,28.4,27.9,21.2,17.3,76,O,주의,X,낮음
7/8/2019,고양(540),X,30,31.1,24.4,18.7,56,O,주의,X,낮음
7/8/2019,남양주(541),X,28.9,30,23.8,20.8,54,O,주의,X,낮음
7/8/2019,안산(545),X,29.8,30.5,24.3,19.2,54,O,주의,X,낮음
7/8/2019,경기광주(546),X,27.8,28.6,22.8,19.2,57,O,주의,X,낮음
7/8/2019,여주(548),X,28.2,28.5,21.9,16.9,64,O,주의,X,낮음
7/8/2019,용인(549),X,28.3,29.2,23.1,18.8,55,O,주의,X,낮음
7/8/2019,오산(550),X,28.2,29.7,24.5,20.9,44,O,주의,X,낮음
7/8/2019,평택(551),X,30.6,31.7,24.8,20.4,54,O,주의,X,낮음
7/8/2019,화천(555),X,27.1,26.6,21,16.1,74,O, ,X,낮음
7/8/2019,양구(556),X,25.2,24.3,20.5,16.7,72,X, ,X,낮음
7/8/2019,시흥(565),X,29.1,30.1,25.4,21.1,48,O,주의,X,낮음
7/8/2019,구리(569),X,29.6,30.9,24.5,20.4,50,O,주의,X,낮음
7/8/2019,화성(571),X,29.7,31.4,25.4,21.4,44,O,주의,X,낮음
7/8/2019,성남(572),X,29.3,30.2,24.5,20.7,50,O,주의,X,높음
7/8/2019,과천(590),X,29.3,29.7,23.9,20,56,O,주의,X,낮음
7/8/2019,양주(598),X,30.8,32.2,23.5,18,57,O,주의,X,낮음
7/8/2019,단양(601),X,28.4,27.7,21.6,17.3,76,X, ,X,낮음
7/8/2019,진천(602),X,27.7,28.6,23.2,18.7,53,O,주의,X,낮음
7/8/2019,괴산(603),X,28,28.4,22.6,17.3,63,O,주의,X,낮음
7/8/2019,옥천(604),X,28.7,29.4,23.5,18.8,60,X, ,X,낮음
7/8/2019,홍북(608),X,29.3,30,24.6,20.2,58,O,주의,X,낮음
7/8/2019,공주(612),X,28.4,29.1,24.6,18.7,55,O,주의,X,낮음
7/8/2019,서천(614),X,29.6,30.3,24.6,21.3,62,X, ,X,낮음
7/8/2019,논산(615),X,30,31,25.3,20.7,54,O,주의,X,낮음
7/8/2019,당진(616),X,29.4,30,24.7,20.2,58,X, ,X,낮음
7/8/2019,청양(618),X,29,29.6,23.1,18.2,66,O,주의,X,낮음
7/8/2019,음성(619),X,28,28.5,21.9,16.9,65,O,주의,X,낮음
7/8/2019,증평(623),X,28.9,28.7,23.3,18.4,64,O,주의,X,낮음
7/8/2019,태안(627),X,29.5,29.9,24.8,21.3,57,X, ,X,낮음
7/8/2019,예산(628),X,29.9,30.7,25.1,20.3,58,X, ,X,낮음
7/8/2019,아산(634),X,28.9,30.7,25.2,20.6,46,O,주의,X,낮음
7/8/2019,계룡(636),X,28.1,29.1,22.7,18.4,60,X, ,X,낮음
7/8/2019,연천청산(652),X,29.2,29.9,23.2,16.8,60,O,주의,X,낮음
7/8/2019,양양(670),X,27.7,24,20.7,18.1,97,X, ,X,낮음
7/8/2019,무안(699),X,28.4,27.6,22.8,19.3,75,X, ,X,낮음
7/8/2019,무주(701),X,29.1,29.2,22.8,17.4,73,X, ,X,낮음
7/8/2019,익산(702),X,30.8,30.5,24.2,17.4,74,X, ,X,낮음
7/8/2019,진안(703),X,27.7,27.1,21.2,16.1,78,X, ,X,낮음
7/8/2019,담양(706),X,30.1,,,,,X, ,X,낮음
7/8/2019,구례(709),X,29.1,29,22.9,17.8,78,X, ,X,낮음
7/8/2019,나주(710),X,29.3,28.9,23.2,19.2,79,X, ,X,낮음
7/8/2019,순천시(712),X,29.5,,23.8,,72,X, ,X,낮음
7/8/2019,광양읍(713),X,29.4,29.5,24.1,19.6,68,X, ,X,낮음
7/8/2019,장성(730),X,28.5,28.7,23,19.6,75,X, ,X,낮음
7/8/2019,영암(731),X,28.8,27.9,22.7,18.9,78,X, ,X,낮음
7/8/2019,보성(732),X,27.9,26.7,21.9,18.3,78,X, ,X,낮음
7/8/2019,완주(734),X,29.1,29.6,23.2,16.6,67,X, ,X,낮음
7/8/2019,김제(737),X,29.6,29.9,23.7,19.4,68,X, ,X,낮음
7/8/2019,화순(741),X,28.2,29.2,23,18.4,67,X, ,X,낮음
7/8/2019,함평(754),X,30.2,29.1,23.5,19.9,75,X, ,X,낮음
7/8/2019,곡성(768),X,28.3,28.6,21.9,17.4,74,X, ,X,낮음
7/8/2019,압해도(789),X,29.6,28.3,23.1,19.3,78,X, ,X,낮음
7/8/2019,영양(801),X,24.1,22.1,19.1,16,82,X, ,X,낮음
7/8/2019,성주(810),X,27.8,27.6,21.7,17.6,68,X, ,X,낮음
7/8/2019,고령(812),X,28.2,28,22.4,17.6,71,X, ,X,낮음
7/8/2019,청도(813),X,27.5,27.8,22.1,18.2,64,X, ,X,낮음
7/8/2019,예천(815),X,28.3,27.2,20.9,16.5,84,X, ,X,낮음
7/8/2019,김천(822),X,28.7,28.3,21.1,16.3,78,X, ,X,낮음
7/8/2019,군위(823),X,28.2,27.2,21.1,16.9,77,X, ,X,낮음
7/8/2019,칠곡(825),X,28.7,28.3,22.3,18.6,75,X, ,X,낮음
7/8/2019,경산(827),X,27.5,26.7,22.3,19.5,66,X, ,X,낮음
7/8/2019,삼척(876),X,25.6,23.8,20.8,18.1,80,X, ,X,낮음
7/8/2019,속초(90),X,26,23.9,20.7,17.7,85.3,X, ,X,낮음
7/8/2019,삼천포(907),X,28.5,27.4,22.1,17.5,76,X, ,X,낮음
7/8/2019,고성(918),X,28.6,27.5,22.3,18.4,77,X, ,X,낮음
7/8/2019,창녕(919),X,28.7,28.3,23.1,19.1,67,X, ,X,낮음
7/8/2019,함안(920),X,28.8,29.3,23.1,18.4,67,X, ,X,낮음
7/8/2019,북춘천(93),X,26.6,26,21.6,17.3,68.8,O, ,X,높음
7/8/2019,하동(932),X,28.6,28.2,23,19.3,71,X, ,X,낮음
7/8/2019,철원(95),X,28.2,27.6,22.1,17.3,69,X, ,X,낮음
7/8/2019,동두천(98),X,29.7,30.1,23.7,18.3,59.9,O,주의,X,낮음
7/8/2019,파주(99),X,29.5,29.6,22.7,17.2,66,O,주의,X,낮음
7/9/2019,북강릉(104),X,24.7,22.8,20.3,18.1,80.6,X, ,X,높음
7/9/2019,동해(106),X,24.1,22.3,19.8,17.6,80.8,X, ,X,낮음
7/9/2019,서울(108),X,28.4,30,25,19.7,46.4,X, ,X,높음
7/9/2019,인천(112),X,28.2,29,25.1,21,51.3,O, ,X,높음
7/9/2019,원주(114),X,27.6,28.9,22.8,16.6,53.9,X, ,X,낮음
7/9/2019,울릉도(115),X,25.3,22.6,19.5,18,94.9,X, ,X,낮음
7/9/2019,수원(119),X,29.6,30.4,25.3,20.6,54.4,O, ,X,낮음
7/9/2019,영월(121),X,29.6,30.5,21.1,13.9,66.9,X, ,X,낮음
7/9/2019,충주(127),X,28.2,29,22.9,16.1,60.4,O, ,X,낮음
7/9/2019,서산(129),X,29.1,30.2,25,19.7,55,X, ,X,높음
7/9/2019,울진(130),X,25.6,24.1,21.1,19.2,79.5,X, ,X,낮음
7/9/2019,청주(131),X,28.5,29.2,24.8,20.7,54.4,O, ,X,높음
7/9/2019,대전(133),X,29.2,29.3,24.4,19.6,62.8,O, ,X,매우높음
7/9/2019,추풍령(135),X,25.6,25.2,20.4,15,68.8,X, ,X,낮음
7/9/2019,안동(136),X,26.4,26.2,21.3,15.8,68.6,X, ,X,높음
7/9/2019,상주(137),X,27.9,27,21.9,15.5,72.4,X, ,X,낮음
7/9/2019,포항(138),X,25.7,23.5,22.1,21,80.9,X, ,X,낮음
7/9/2019,군산(140),X,29.8,30.1,24.4,20.6,66,X, ,X,낮음
7/9/2019,대구(143),X,25.9,24.7,21.6,18.8,73.3,X, ,X,높음
7/9/2019,전주(146),X,29.9,29.5,24.5,19.9,74.9,X, ,X,매우높음
7/9/2019,울산(152),X,25.9,23.8,21.3,19.3,81.1,X, ,X,높음
7/9/2019,창원(155),X,26.1,25.1,22.3,19.3,66.8,X, ,X,매우높음
7/9/2019,광주(156),X,28.5,28.1,23.9,20.3,76.3,X, ,X,높음
7/9/2019,부산(159),X,27.2,26.1,22.2,20.2,71.8,X, ,X,매우높음
7/9/2019,통영(162),X,28,26.7,23.1,20.9,70.3,X, ,X,낮음
7/9/2019,목포(165),X,27.2,25.4,23,21,80.5,X, ,X,높음
7/9/2019,여수(168),X,27.3,26.4,23.2,21.2,71.4,X, ,X,낮음
7/9/2019,흑산도(169),X,26.9,24.5,21.8,18.9,82.4,X, ,X,낮음
7/9/2019,완도(170),X,27.9,26.2,22.5,20.3,78.8,X, ,X,낮음
7/9/2019,고창(172),X,28.4,27,22.9,18.8,83.3,X, ,X,낮음
7/9/2019,제주(184),X,25.6,23.6,22,20.9,87.4,X, ,X,매우높음
7/9/2019,진주(192),X,27.4,26.7,23,19.6,67.1,X, ,X,낮음
7/9/2019,양평(202),X,27.9,29.4,24,17.4,52.6,O, ,X,낮음
7/9/2019,이천(203),X,29.1,30.3,22.7,15.6,60.4,O, ,X,낮음
7/9/2019,인제(211),X,24.4,23.9,20.6,17.8,68.3,X, ,X,낮음
7/9/2019,홍천(212),X,28.4,28.9,22.2,15.4,63.9,O, ,X,낮음
7/9/2019,태백(216),X,21.3,19.1,16.1,14.8,90.3,X, ,X,낮음
7/9/2019,정선군(217),X,24.9,24.9,20.5,16.4,64.3,X, ,X,낮음
7/9/2019,제천(221),X,26.5,26.9,20.8,13.6,63.4,X, ,X,낮음
7/9/2019,보은(226),X,27.3,27.2,21.8,14.8,67.3,X, ,X,낮음
7/9/2019,천안(232),X,27.9,28.4,22.7,15.7,63.1,O, ,X,낮음
7/9/2019,보령(235),X,28.5,28.3,24.3,20.3,57.8,X, ,X,낮음
7/9/2019,부여(236),X,28.6,29.4,24.5,19.1,56.3,O, ,X,낮음
7/9/2019,금산(238),X,27.1,27.3,22.4,15.6,64.3,X, ,X,낮음
7/9/2019,세종(239),X,28.6,29.3,24.1,19.7,56.8,O, ,X,높음
7/9/2019,부안(243),X,28.6,28.8,23.9,19.3,72,X, ,X,낮음
7/9/2019,임실(244),X,27.8,27.9,22.5,16.4,67,X, ,X,낮음
7/9/2019,정읍(245),X,28.8,28.4,23.5,18.9,72.5,X, ,X,낮음
7/9/2019,남원(247),X,27.1,27.1,23.4,20,58.5,X, ,X,낮음
7/9/2019,장수(248),X,25.9,25.6,20.3,14.3,72.3,X, ,X,낮음
7/9/2019,영광군(252),X,29.1,28.3,23.7,19.8,77.8,X, ,X,낮음
7/9/2019,김해시(253),X,27.8,26.5,23,20.5,70.1,X, ,X,낮음
7/9/2019,순창군(254),X,28.9,28.5,23.5,18.1,71,X, ,X,낮음
7/9/2019,양산시(257),X,28.2,27,23,20.7,70.5,X, ,X,낮음
7/9/2019,강진군(259),X,27.3,26.5,23.4,20.5,72.1,X, ,X,낮음
7/9/2019,장흥(260),X,28.5,27.8,24.1,21,71.4,X, ,X,낮음
7/9/2019,해남(261),X,27.5,26.3,22.4,18.8,80.1,X, ,X,낮음
7/9/2019,고흥(262),X,26.9,25.6,22.4,19.8,76.5,X, ,X,낮음
7/9/2019,의령군(263),X,27.3,26.2,22.4,18.8,70.4,X, ,X,낮음
7/9/2019,함양군(264),X,27.4,26.1,21.5,15.6,81.4,X, ,X,낮음
7/9/2019,진도군ASOS(268),X,27.5,26.5,22.6,19,76.8,X, ,X,낮음
7/9/2019,봉화(271),X,25.5,25.4,19,12.4,71.4,X, ,X,낮음
7/9/2019,영주(272),X,27.3,27.3,20.5,14,68.5,X, ,X,낮음
7/9/2019,문경(273),X,28,27.7,21.5,14.8,68.4,X, ,X,낮음
7/9/2019,청송군(276),X,26,24,19.9,16.4,85.3,X, ,X,낮음
7/9/2019,영덕(277),X,26.6,24.7,21.5,19.2,79.4,X, ,X,낮음
7/9/2019,의성(278),X,26.9,26.7,21.4,15.8,69.1,X, ,X,낮음
7/9/2019,구미(279),X,27.5,26,21.8,17.5,81.1,X, ,X,낮음
7/9/2019,영천(281),X,26.3,25.7,21.1,17.3,73.5,X, ,X,낮음
7/9/2019,경주시(283),X,25.4,23.2,21,18.7,79.1,X, ,X,낮음
7/9/2019,거창(284),X,26.5,25.6,20.9,15.8,74.4,X, ,X,낮음
7/9/2019,합천(285),X,26.8,26.5,22,17.5,65.1,X, ,X,낮음
7/9/2019,밀양(288),X,25.7,25.4,22.7,19.8,58.1,X, ,X,낮음
7/9/2019,산청(289),X,27.1,26,22,17.7,72,X, ,X,낮음
7/9/2019,거제(294),X,28.2,26.4,23.3,21,75.5,X, ,X,낮음
7/9/2019,남해(295),X,28.1,27.3,23.7,20.8,68.6,X, ,X,낮음
7/9/2019,부천(433),X,,30.4,25.2,20.7,,O, ,X,낮음
7/9/2019,안양(434),X,,29.5,24.9,20.8,57,O, ,X,낮음
7/9/2019,광명(437),X,,30.6,26,21.9,,O, ,X,낮음
7/9/2019,군포(438),X,,30.1,25,20.9,,O, ,X,낮음
7/9/2019,김포(441),X,,29.7,24.2,17.8,,O, ,X,낮음
7/9/2019,하남(444),X,,,,,,O, ,X,낮음
7/9/2019,의왕(445),X,,27.9,23,17.1,,O, ,X,낮음
7/9/2019,포천(504),X,28.5,29.6,23.1,15.4,55,O, ,X,낮음
7/9/2019,가평조종(505),X,,28.4,22,14,,O, ,X,낮음
7/9/2019,안성(516),X,29.4,30.7,24.7,17.8,55,O, ,X,낮음
7/9/2019,간성(517),X,25.9,23.7,20.7,18.8,87,X, ,X,낮음
7/9/2019,평창(526),X,25.7,25.7,19.6,12.4,67,X, ,X,낮음
7/9/2019,의정부(532),X,30.1,30.4,24.1,16.8,63,O, ,X,낮음
7/9/2019,횡성(536),X,30.3,31.1,22.5,14.4,68,O, ,X,낮음
7/9/2019,고양(540),X,31.1,33,24.5,16.4,56,O, ,X,낮음
7/9/2019,남양주(541),X,29,30.5,24.3,17.5,53,O, ,X,낮음
7/9/2019,안산(545),X,30,31.1,23.9,15.3,60,O, ,X,낮음
7/9/2019,경기광주(546),X,28.2,29.4,23.3,17.2,56,O, ,X,낮음
7/9/2019,여주(548),X,28.3,28.7,22.2,16.1,62,O, ,X,낮음
7/9/2019,용인(549),X,27.8,28.7,22.9,16.4,56,O, ,X,낮음
7/9/2019,오산(550),X,28.1,29.8,24.9,18.9,43,O, ,X,낮음
7/9/2019,평택(551),X,30.1,30.9,24.9,19.1,54,O, ,X,낮음
7/9/2019,화천(555),X,29.2,30.3,21.7,14.1,68,X, ,X,낮음
7/9/2019,양구(556),X,26.5,26.9,21.6,16,64,X, ,X,낮음
7/9/2019,시흥(565),X,29.3,30.9,25,17,54,O, ,X,낮음
7/9/2019,구리(569),X,29.7,31.5,25.1,19.1,48,O, ,X,낮음
7/9/2019,화성(571),X,29.5,31.4,25.4,19.8,46,O, ,X,낮음
7/9/2019,성남(572),X,29.6,30.8,24.3,17.9,53,O, ,X,높음
7/9/2019,과천(590),X,29.2,29.9,23.8,16.4,59,O, ,X,낮음
7/9/2019,양주(598),X,31.3,32.7,23.4,15.1,59,O, ,X,낮음
7/9/2019,단양(601),X,29.5,29.3,21.9,15.2,74,X, ,X,낮음
7/9/2019,진천(602),X,28.3,30.1,23.9,16.6,51,O, ,X,낮음
7/9/2019,괴산(603),X,28.6,29.4,23.1,14.5,61,O, ,X,낮음
7/9/2019,옥천(604),X,28,28.5,22.6,15.9,65,X, ,X,낮음
7/9/2019,홍북(608),X,28.9,29.7,24.4,18.8,58,O, ,X,낮음
7/9/2019,공주(612),X,28.3,29.1,23.6,17.4,58,O, ,X,낮음
7/9/2019,서천(614),X,30.1,30.6,25.1,20.3,63,X, ,X,낮음
7/9/2019,논산(615),X,29.5,30.1,24.9,18.8,57,O, ,X,낮음
7/9/2019,당진(616),X,29.7,30.5,24.7,19,63,X, ,X,낮음
7/9/2019,청양(618),X,28.4,28.5,22.7,14.9,69,O, ,X,낮음
7/9/2019,음성(619),X,28.1,28.9,22.4,14.2,62,O, ,X,낮음
7/9/2019,증평(623),X,28.7,28.7,23.6,17.9,65,O, ,X,낮음
7/9/2019,태안(627),X,29.4,29.9,24.7,19.4,60,X, ,X,낮음
7/9/2019,예산(628),X,29.4,30.1,25,18.5,59,X, ,X,낮음
7/9/2019,아산(634),X,28.4,29.7,25,19.7,48,O, ,X,낮음
7/9/2019,계룡(636),X,27.7,28.4,23,15.2,58,X, ,X,낮음
7/9/2019,연천청산(652),X,29,29.9,22.9,14.9,62,O, ,X,낮음
7/9/2019,양양(670),X,27.8,24.6,21.5,18.6,94,X, ,X,낮음
7/9/2019,무안(699),X,27.2,26,22.5,19.9,82,X, ,X,낮음
7/9/2019,무주(701),X,28.9,28.1,21.8,14.8,77,X, ,X,낮음
7/9/2019,익산(702),X,31.5,30.9,25,19.1,74,X, ,X,낮음
7/9/2019,진안(703),X,27.2,26.1,21,14.5,77,X, ,X,낮음
7/9/2019,담양(706),X,29.4,,,,,X, ,X,낮음
7/9/2019,구례(709),X,28.5,27.7,23.7,18.2,73,X, ,X,낮음
7/9/2019,나주(710),X,28.3,27,23.5,20.1,79,X, ,X,낮음
7/9/2019,순천시(712),X,29,,,,,X, ,X,낮음
7/9/2019,광양읍(713),X,29.1,28.7,23.9,19,69,X, ,X,낮음
7/9/2019,장성(730),X,28,27.1,22.9,19.7,83,X, ,X,낮음
7/9/2019,영암(731),X,28.3,27,23.4,19.2,80,X, ,X,낮음
7/9/2019,보성(732),X,27,25.8,22,18.7,80,X, ,X,낮음
7/9/2019,완주(734),X,29,29.1,23.6,17.1,65,X, ,X,낮음
7/9/2019,김제(737),X,29.1,29.1,23.7,19.8,71,X, ,X,낮음
7/9/2019,화순(741),X,27.1,26.8,23.4,20.3,67,X, ,X,낮음
7/9/2019,함평(754),X,28.8,27.6,23.5,19.6,79,X, ,X,낮음
7/9/2019,곡성(768),X,27.9,27.4,22.7,17.2,70,X, ,X,낮음
7/9/2019,압해도(789),X,28.1,26,22.5,20,85,X, ,X,낮음
7/9/2019,영양(801),X,24.9,23.5,19.9,14.8,79,X, ,X,낮음
7/9/2019,성주(810),X,26.4,25.8,21.5,16.4,68,X, ,X,낮음
7/9/2019,고령(812),X,27.1,26.3,21.8,16.9,73,X, ,X,낮음
7/9/2019,청도(813),X,25.6,24.9,21.2,17.6,65,X, ,X,낮음
7/9/2019,예천(815),X,28.7,27.8,21.1,14.5,80,X, ,X,낮음
7/9/2019,김천(822),X,27.3,26.1,20.4,15.2,81,X, ,X,낮음
7/9/2019,군위(823),X,27.4,26.3,20.9,15.4,77,X, ,X,낮음
7/9/2019,칠곡(825),X,26.7,25.9,21.5,17.4,78,X, ,X,낮음
7/9/2019,경산(827),X,26,24.9,21.4,18.8,70,X, ,X,낮음
7/9/2019,삼척(876),X,25.2,24.2,20.8,18.4,78,X, ,X,낮음
7/9/2019,속초(90),X,26.8,25.2,21.4,19.1,77.5,X, ,X,낮음
7/9/2019,삼천포(907),X,28.6,27.9,23.3,19.6,70,X, ,X,낮음
7/9/2019,고성(918),X,27.5,26.1,22.7,18.8,74,X, ,X,낮음
7/9/2019,창녕(919),X,27.2,26.1,22.3,18.9,71,X, ,X,낮음
7/9/2019,함안(920),X,28,27.6,22.6,18.5,68,X, ,X,낮음
7/9/2019,북춘천(93),X,27,27.2,21.8,14.8,65.8,X, ,X,매우높음
7/9/2019,하동(932),X,27.6,26.9,23.1,18.7,70,X, ,X,낮음
7/9/2019,철원(95),X,27.9,28.4,22.1,14.3,66.4,X, ,X,낮음
7/9/2019,동두천(98),X,29.2,30.2,23.4,16.5,60.9,O, ,X,낮음
7/9/2019,파주(99),X,29.6,30.2,23.2,16.3,63.4,O, ,X,낮음
7/10/2019,북강릉(104),X,23.8,20.3,18.5,17.2,93.4,X, ,X,보통
7/10/2019,동해(106),X,23.8,20.2,18.2,17,94.8,X, ,X,낮음
7/10/2019,서울(108),X,26.8,27.3,22.7,19.3,64.1,X, ,X,높음
7/10/2019,인천(112),X,26.4,26.4,22.8,19.6,67.5,X, ,X,매우높음
7/10/2019,원주(114),X,25.8,26.3,21.4,18.5,66.9,X, ,X,낮음
7/10/2019,울릉도(115),X,24.8,21.1,20.1,18.8,97.3,X, ,X,낮음
7/10/2019,수원(119),X,27,26.5,22.5,19.2,72.1,X, ,X,낮음
7/10/2019,영월(121),X,25.2,24.6,19.9,15.6,79,X, ,X,낮음
7/10/2019,충주(127),X,25.8,25.2,21.2,18.3,73.3,X, ,X,낮음
7/10/2019,서산(129),X,25.9,24.8,21.6,19.2,75.1,X, ,X,보통
7/10/2019,울진(130),X,25.2,21.5,19.7,18.6,95.9,X, ,X,낮음
7/10/2019,청주(131),X,25.7,25,21.8,19.3,73.9,X, ,X,높음
7/10/2019,대전(133),X,25.7,24,21.6,19.5,82.5,X, ,X,높음
7/10/2019,추풍령(135),X,23.2,21.5,19.4,18.2,78.5,X, ,X,낮음
7/10/2019,안동(136),X,24.9,23.6,20.6,18.1,79.9,X, ,X,높음
7/10/2019,상주(137),X,25.3,23.6,20.1,18.6,88.6,X, ,X,낮음
7/10/2019,포항(138),X,26.1,22.4,21.3,20.5,94.5,X, ,X,낮음
7/10/2019,군산(140),X,25.2,23,21.1,19.6,84.5,X, ,X,낮음
7/10/2019,대구(143),X,26.2,23.3,21.4,20.1,86.9,X, ,X,보통
7/10/2019,전주(146),X,26.3,23.6,21.5,20,90.9,X, ,X,보통
7/10/2019,울산(152),X,25.9,22.3,21.4,20.4,93.9,X, ,X,높음
7/10/2019,창원(155),X,24.7,22.4,21,19.2,83.3,X, ,X,보통
7/10/2019,광주(156),X,26.3,23.8,20.9,20,92.8,X, ,X,높음
7/10/2019,부산(159),X,25.5,22.7,21.7,20.7,87.8,X, ,X,보통
7/10/2019,통영(162),X,25.6,22.4,21.5,19.5,88.8,X, ,X,낮음
7/10/2019,목포(165),X,25.3,22.3,21.5,21,89,X, ,X,보통
7/10/2019,여수(168),X,24.8,22.8,21.2,20.6,87.4,X, ,X,낮음
7/10/2019,흑산도(169),X,24.9,21.5,20.3,19.3,95.8,X, ,X,낮음
7/10/2019,완도(170),X,24.6,22.2,21.1,20.3,89.8,X, ,X,낮음
7/10/2019,고창(172),X,25.4,22.1,20.6,19.5,97.4,X, ,X,낮음
7/10/2019,제주(184),X,25.6,22,21.4,20.5,97.3,X, ,X,높음
7/10/2019,진주(192),X,24.7,21.8,20.7,19.2,87.1,X, ,X,낮음
7/10/2019,양평(202),X,26,26.3,22,19.1,67.6,X, ,X,낮음
7/10/2019,이천(203),X,26.6,26.3,20.9,17.2,76.1,X, ,X,낮음
7/10/2019,인제(211),X,22.5,20.9,19,18.1,76.6,X, ,X,낮음
7/10/2019,홍천(212),X,26.6,26.5,21.3,18.4,73.4,X, ,X,낮음
7/10/2019,태백(216),X,21.9,18.3,15.9,14.6,98.9,X, ,X,낮음
7/10/2019,정선군(217),X,22.4,21.1,19.3,17.9,73.9,X, ,X,낮음
7/10/2019,제천(221),X,23.9,23.1,19.7,16.3,73.9,X, ,X,낮음
7/10/2019,보은(226),X,25.2,24.1,20.7,18.7,79.4,X, ,X,낮음
7/10/2019,천안(232),X,25.2,24,20.8,18.8,76.8,X, ,X,낮음
7/10/2019,보령(235),X,25.4,24.7,21.4,19.9,77.9,X, ,X,낮음
7/10/2019,부여(236),X,25.1,24,21,19.3,81.9,X, ,X,낮음
7/10/2019,금산(238),X,23.9,22.6,20.4,18.9,79.1,X, ,X,낮음
7/10/2019,세종(239),X,24.9,23.6,21.3,19.3,78.5,X, ,X,보통
7/10/2019,부안(243),X,25.1,22.2,21,20.1,86,X, ,X,낮음
7/10/2019,임실(244),X,24.1,22,20.1,19,85.6,X, ,X,낮음
7/10/2019,정읍(245),X,24.7,22,20.4,19.4,88.9,X, ,X,낮음
7/10/2019,남원(247),X,24.1,22.3,20.7,19.7,81.9,X, ,X,낮음
7/10/2019,장수(248),X,22.8,20.5,18.9,17.3,85.9,X, ,X,낮음
7/10/2019,영광군(252),X,25.6,22.4,21,20.2,93.8,X, ,X,낮음
7/10/2019,김해시(253),X,26.5,24.5,22.4,21.1,83.1,X, ,X,낮음
7/10/2019,순창군(254),X,24.5,22.9,20.6,19.6,86.4,X, ,X,낮음
7/10/2019,양산시(257),X,26.7,23.3,22,21,90.1,X, ,X,낮음
7/10/2019,강진군(259),X,24.8,22.4,21.5,20.5,84,X, ,X,낮음
7/10/2019,장흥(260),X,25.4,23.2,21.8,20.7,81.8,X, ,X,낮음
7/10/2019,해남(261),X,24.4,21.9,21,20,87.5,X, ,X,낮음
7/10/2019,고흥(262),X,24.3,22.1,20.8,20.1,88.6,X, ,X,낮음
7/10/2019,의령군(263),X,25.4,22.9,21.3,20.3,84.1,X, ,X,낮음
7/10/2019,함양군(264),X,23.8,21,19.8,19,95,X, ,X,낮음
7/10/2019,진도군ASOS(268),X,24.5,22.2,21.3,20.6,87.9,X, ,X,낮음
7/10/2019,봉화(271),X,23.4,22.1,19.5,14.2,78.6,X, ,X,낮음
7/10/2019,영주(272),X,24.9,23.7,19.7,15.1,81.6,X, ,X,낮음
7/10/2019,문경(273),X,25.1,23.9,20,16.7,81.5,X, ,X,낮음
7/10/2019,청송군(276),X,24.1,21.5,19.8,18,92.3,X, ,X,낮음
7/10/2019,영덕(277),X,25.1,21.5,20.4,19.1,91.3,X, ,X,낮음
7/10/2019,의성(278),X,25.6,24.8,21.3,16.6,80.4,X, ,X,낮음
7/10/2019,구미(279),X,25.7,23.4,20.8,19.5,92.1,X, ,X,낮음
7/10/2019,영천(281),X,25.6,23.1,22,20.1,79.1,X, ,X,낮음
7/10/2019,경주시(283),X,25.3,21.7,20.4,19.1,95.3,X, ,X,낮음
7/10/2019,거창(284),X,23.5,21.1,19.5,18.6,90.9,X, ,X,낮음
7/10/2019,합천(285),X,24.2,22.2,20.6,19.9,80.1,X, ,X,낮음
7/10/2019,밀양(288),X,25.7,23.2,21.7,21,82.8,X, ,X,낮음
7/10/2019,산청(289),X,23.8,21.1,19.8,19.2,92.6,X, ,X,낮음
7/10/2019,거제(294),X,26.7,23.1,22.2,21.1,92.6,X, ,X,낮음
7/10/2019,남해(295),X,24.9,22.7,20.9,19.3,90.8,X, ,X,낮음
7/10/2019,부천(433),X,,26.6,22.5,18.9,,X, ,X,낮음
7/10/2019,안양(434),X,,26.3,22.5,19.3,72,X, ,X,낮음
7/10/2019,광명(437),X,,27.1,23.1,19.8,,X, ,X,낮음
7/10/2019,군포(438),X,,26.4,22.4,18.8,,X, ,X,낮음
7/10/2019,김포(441),X,,25.2,21.4,18.1,,X, ,X,낮음
7/10/2019,하남(444),X,,,,,,X, ,X,낮음
7/10/2019,의왕(445),X,,24.6,20.7,17.9,,X, ,X,낮음
7/10/2019,포천(504),X,25.8,26,21,17.6,68,X, ,X,낮음
7/10/2019,가평조종(505),X,,24.5,20.6,18.1,,X, ,X,낮음
7/10/2019,안성(516),X,26.7,26.3,22.1,19.2,73,X, ,X,낮음
7/10/2019,간성(517),X,24.2,21.7,19.9,18.3,89,X, ,X,낮음
7/10/2019,평창(526),X,24.8,24.5,19.5,15.5,75,X, ,X,낮음
7/10/2019,의정부(532),X,27.3,26.6,21.6,18.7,78,X, ,X,낮음
7/10/2019,횡성(536),X,27.3,27.1,21.4,15.9,79,X, ,X,낮음
7/10/2019,고양(540),X,28.3,28.8,22.2,19,72,X, ,X,낮음
7/10/2019,남양주(541),X,27.7,28.6,22.8,19.3,63,X, ,X,낮음
7/10/2019,안산(545),X,27.2,27.1,22,18.8,73,X, ,X,낮음
7/10/2019,경기광주(546),X,25.9,25.8,21,18.1,74,X, ,X,낮음
7/10/2019,여주(548),X,25.9,25.3,20.4,17.3,77,X, ,X,낮음
7/10/2019,용인(549),X,25.5,25.1,21.2,18.4,69,X, ,X,낮음
7/10/2019,오산(550),X,25.9,26.2,22.1,19.2,61,X, ,X,낮음
7/10/2019,평택(551),X,26.7,26.2,21.8,19,75,X, ,X,낮음
7/10/2019,화천(555),X,25.5,25,21,18.4,75,X, ,X,낮음
7/10/2019,양구(556),X,23.8,22.9,20.2,18.3,74,X, ,X,낮음
7/10/2019,시흥(565),X,27,27.2,23.1,20.1,65,X, ,X,낮음
7/10/2019,구리(569),X,27.5,28.2,22.4,19.2,65,X, ,X,낮음
7/10/2019,화성(571),X,26.6,26.8,22.4,19.2,65,X, ,X,낮음
7/10/2019,성남(572),X,27.1,27.3,22.2,19,68,X, ,X,높음
7/10/2019,과천(590),X,26.9,26.7,21.8,18.6,72,X, ,X,낮음
7/10/2019,양주(598),X,27,26.9,21.2,17.4,73,X, ,X,낮음
7/10/2019,단양(601),X,26.3,25.1,20.2,16.5,88,X, ,X,낮음
7/10/2019,진천(602),X,25.7,25.7,21.1,18.3,70,X, ,X,낮음
7/10/2019,괴산(603),X,25.5,25,20.7,17.4,78,X, ,X,낮음
7/10/2019,옥천(604),X,24.8,23.3,20.8,19.2,81,X, ,X,낮음
7/10/2019,홍북(608),X,25,23.6,20.5,18.4,84,X, ,X,낮음
7/10/2019,공주(612),X,25.1,23.9,21.1,19.3,78,X, ,X,낮음
7/10/2019,서천(614),X,26,24.2,22,20.4,80,X, ,X,낮음
7/10/2019,논산(615),X,25.3,24,21.6,19.6,79,X, ,X,낮음
7/10/2019,당진(616),X,26.7,25.3,21.5,18.9,79,X, ,X,낮음
7/10/2019,청양(618),X,25.1,23.3,20.3,18.6,85,X, ,X,낮음
7/10/2019,음성(619),X,25.3,24.7,20.4,16.8,78,X, ,X,낮음
7/10/2019,증평(623),X,26,24.9,21.2,19.3,80,X, ,X,낮음
7/10/2019,태안(627),X,25.9,24.6,21.6,19.3,78,X, ,X,낮음
7/10/2019,예산(628),X,26.5,24.8,21.7,19.2,81,X, ,X,낮음
7/10/2019,아산(634),X,26.2,25.8,22.1,19,66,X, ,X,낮음
7/10/2019,계룡(636),X,24.1,22.8,20.6,19.1,76,X, ,X,낮음
7/10/2019,연천청산(652),X,26,25.6,20.7,16.1,76,X, ,X,낮음
7/10/2019,양양(670),X,25.3,21.9,20.2,18.4,96,X, ,X,낮음
7/10/2019,무안(699),X,24.9,22,21,19.8,91,X, ,X,낮음
7/10/2019,무주(701),X,25.1,23,20.5,19,90,X, ,X,낮음
7/10/2019,익산(702),X,26.6,24.1,21.6,19.6,91,X, ,X,낮음
7/10/2019,진안(703),X,23.4,20.9,19.3,18.3,89,X, ,X,낮음
7/10/2019,담양(706),X,26.6,23.1,21.2,20,95,X, ,X,낮음
7/10/2019,구례(709),X,25.5,22.7,21,20,92,X, ,X,낮음
7/10/2019,나주(710),X,25.4,23,21,20.3,94,X, ,X,낮음
7/10/2019,순천시(712),X,26,23.6,21.9,20,90,X, ,X,낮음
7/10/2019,광양읍(713),X,26.3,24,22,19.2,83,X, ,X,낮음
7/10/2019,장성(730),X,25.3,22.1,20.7,19.1,95,X, ,X,낮음
7/10/2019,영암(731),X,25.2,23.2,21.3,20.3,90,X, ,X,낮음
7/10/2019,보성(732),X,24.3,21.3,20,19.4,91,X, ,X,낮음
7/10/2019,완주(734),X,25.1,23.6,21.2,19.6,83,X, ,X,낮음
7/10/2019,김제(737),X,24.8,22.6,20.9,19.3,88,X, ,X,낮음
7/10/2019,화순(741),X,24.7,23.3,21.4,20,78,X, ,X,낮음
7/10/2019,함평(754),X,25.3,22.5,21.3,20.4,89,X, ,X,낮음
7/10/2019,곡성(768),X,23.6,21.6,19.9,19.1,85,X, ,X,낮음
7/10/2019,압해도(789),X,25.3,22.4,21.5,20.5,93,X, ,X,낮음
7/10/2019,영양(801),X,24,21.7,19.7,15.8,89,X, ,X,낮음
7/10/2019,성주(810),X,24,22.4,20.3,18.9,82,X, ,X,낮음
7/10/2019,고령(812),X,24.6,22.7,20.6,19.7,86,X, ,X,낮음
7/10/2019,청도(813),X,24.2,22,21.1,20.1,77,X, ,X,낮음
7/10/2019,예천(815),X,26.9,25,20,16.7,91,X, ,X,낮음
7/10/2019,김천(822),X,24.2,21.5,19.5,17.1,92,X, ,X,낮음
7/10/2019,군위(823),X,25.2,23.4,20.5,16.6,85,X, ,X,낮음
7/10/2019,칠곡(825),X,25.3,23.4,21.1,19.3,86,X, ,X,낮음
7/10/2019,경산(827),X,24.9,22.3,20.9,19.9,83,X, ,X,낮음
7/10/2019,삼척(876),X,24.5,21,18.9,17.8,93,X, ,X,낮음
7/10/2019,속초(90),X,24.4,22,20,18,84.6,X, ,X,낮음
7/10/2019,삼천포(907),X,25.3,22.9,21.2,19.2,89,X, ,X,낮음
7/10/2019,고성(918),X,25.3,22.2,21.3,19.8,89,X, ,X,낮음
7/10/2019,창녕(919),X,25.3,22.9,21.6,20.6,84,X, ,X,낮음
7/10/2019,함안(920),X,25.7,23.3,21.2,19.2,84,X, ,X,낮음
7/10/2019,북춘천(93),X,25,24.5,21.4,19,71.9,X, ,X,높음
7/10/2019,하동(932),X,25.3,22.8,21.7,20.2,81,X, ,X,낮음
7/10/2019,철원(95),X,24.8,23.7,20.3,18,77.1,X, ,X,낮음
7/10/2019,동두천(98),X,26.3,25.8,21,18.2,74.9,X, ,X,낮음
7/10/2019,파주(99),X,25.3,24.1,20,16.8,78.1,X, ,X,낮음
7/11/2019,북강릉(104),X,23.8,20.3,19.2,17.8,96,X, ,X,높음
7/11/2019,동해(106),X,24.6,21.1,19.7,18.5,92.9,X, ,X,낮음
7/11/2019,서울(108),X,27,25.9,21.9,19.5,76.9,X, ,X,보통
7/11/2019,인천(112),X,25.3,23.2,21,19.5,84.4,X, ,X,높음
7/11/2019,원주(114),X,26.6,25.7,22.3,19,74.1,X, ,X,낮음
7/11/2019,울릉도(115),X,24.9,23.1,21.2,20.5,93.8,X, ,X,낮음
7/11/2019,수원(119),X,28.5,26.8,22.1,19.6,86.5,X, ,X,낮음
7/11/2019,영월(121),X,29.9,28.6,22.2,18.5,85,X, ,X,낮음
7/11/2019,충주(127),X,27.9,26,21.3,18.7,89.9,X, ,X,낮음
7/11/2019,서산(129),X,26.5,24.7,21.2,18.6,86.5,X, ,X,높음
7/11/2019,울진(130),X,29.4,26.3,22.3,20.5,89.8,X, ,X,낮음
7/11/2019,청주(131),X,26.1,23.3,21.5,19.3,89.6,X, ,X,높음
7/11/2019,대전(133),X,26.4,23.2,21.3,19.5,95.4,X, ,X,높음
7/11/2019,추풍령(135),X,25.1,22.7,20.4,18.8,86.8,X, ,X,낮음
7/11/2019,안동(136),X,28.9,27.1,23,19.7,82,X, ,X,높음
7/11/2019,상주(137),X,28.2,25.8,22.3,19.2,90.1,X, ,X,낮음
7/11/2019,포항(138),X,29.8,28,24.2,22,88.8,X, ,X,낮음
7/11/2019,군산(140),X,27.5,25.3,21.5,19.6,91.3,X, ,X,낮음
7/11/2019,대구(143),X,30.5,29.2,24.4,20.5,82.4,X, ,X,높음
7/11/2019,전주(146),X,26.8,23.1,21.1,19.7,99,X, ,X,높음
7/11/2019,울산(152),X,30.6,28.5,24.5,21.8,89.3,X, ,X,높음
7/11/2019,창원(155),X,29.8,28.3,23.7,20.4,81.6,X, ,X,높음
7/11/2019,광주(156),X,27.3,25.1,23.3,21.2,80.4,X, ,X,높음
7/11/2019,부산(159),X,29,27.2,23.8,21.6,85.4,X, ,X,높음
7/11/2019,통영(162),X,29.3,27.6,23.4,21.2,84.1,X, ,X,낮음
7/11/2019,목포(165),X,26,23.9,21.7,20.5,87.5,X, ,X,높음
7/11/2019,여수(168),X,28.1,26.4,23.4,21.5,80.8,X, ,X,낮음
7/11/2019,흑산도(169),X,28.5,26,21.9,19,90.5,X, ,X,낮음
7/11/2019,완도(170),X,27.7,25.8,22.6,20.7,82.6,X, ,X,낮음
7/11/2019,고창(172),X,25.8,23.1,21,19.6,90.8,X, ,X,낮음
7/11/2019,제주(184),X,28.8,26.7,23.2,20.6,88.4,X, ,X,매우높음
7/11/2019,진주(192),X,30.6,29.5,24.2,20.3,80.5,X, ,X,낮음
7/11/2019,양평(202),X,27.1,26.4,23,19.5,73.1,X, ,X,낮음
7/11/2019,이천(203),X,28.5,27.3,22.2,18.4,83.6,X, ,X,낮음
7/11/2019,인제(211),X,24.4,22.3,20.1,17.9,80.8,X, ,X,낮음
7/11/2019,홍천(212),X,27.6,26.5,22.4,19,78.9,X, ,X,낮음
7/11/2019,태백(216),X,24.6,22.1,19.3,17.5,89.1,X, ,X,낮음
7/11/2019,정선군(217),X,26.2,25.2,21.8,18.8,72.4,X, ,X,낮음
7/11/2019,제천(221),X,27.2,25.6,21.6,18.3,84,X, ,X,낮음
7/11/2019,보은(226),X,26,23.5,21,18.9,91.1,X, ,X,낮음
7/11/2019,천안(232),X,25.3,22.7,20.3,18.7,94.1,X, ,X,낮음
7/11/2019,보령(235),X,27.2,25.6,21.3,19.7,85,X, ,X,낮음
7/11/2019,부여(236),X,26.9,24.3,21.4,19.4,92,X, ,X,낮음
7/11/2019,금산(238),X,26.6,24.2,20.8,18.7,88.4,X, ,X,낮음
7/11/2019,세종(239),X,26.1,22.9,21.1,19.2,92.6,X, ,X,높음
7/11/2019,부안(243),X,27.3,25.4,21.4,19.5,85.8,X, ,X,낮음
7/11/2019,임실(244),X,25.6,22.9,19.9,18.9,92.6,X, ,X,낮음
7/11/2019,정읍(245),X,25.8,23.4,20.4,19,88.8,X, ,X,낮음
7/11/2019,남원(247),X,25.8,23.3,21,19.7,91.3,X, ,X,낮음
7/11/2019,장수(248),X,25.7,23.4,19.7,18.3,88.3,X, ,X,낮음
7/11/2019,영광군(252),X,26.7,24.5,21.7,19.7,87.1,X, ,X,낮음
7/11/2019,김해시(253),X,31.1,29.3,24.5,21.4,84.1,X, ,X,낮음
7/11/2019,순창군(254),X,25.9,23.5,21,19.5,90,X, ,X,낮음
7/11/2019,양산시(257),X,31.3,29.4,24.6,22.1,86.4,X, ,X,낮음
7/11/2019,강진군(259),X,26.8,24.7,22.4,20,79.6,X, ,X,낮음
7/11/2019,장흥(260),X,26.6,24.6,22.4,20.3,82,X, ,X,낮음
7/11/2019,해남(261),X,26.5,24.1,21.7,19.9,88.3,X, ,X,낮음
7/11/2019,고흥(262),X,26.6,24.4,22.2,19.9,85.1,X, ,X,낮음
7/11/2019,의령군(263),X,31.1,29.7,24.4,20.8,78.1,X, ,X,낮음
7/11/2019,함양군(264),X,28.2,25.5,22,19.6,92.6,X, ,X,낮음
7/11/2019,진도군ASOS(268),X,27.9,25.9,21.9,19.5,83.9,X, ,X,낮음
7/11/2019,봉화(271),X,28.9,27.1,22.7,19.2,83.5,X, ,X,낮음
7/11/2019,영주(272),X,28,27.1,22.8,19.2,79,X, ,X,낮음
7/11/2019,문경(273),X,29.4,27.8,23.1,19.3,80.8,X, ,X,낮음
7/11/2019,청송군(276),X,28.4,25.8,23,19.7,89.9,X, ,X,낮음
7/11/2019,영덕(277),X,31.7,29.5,22.9,20,91.3,X, ,X,낮음
7/11/2019,의성(278),X,29.7,27.9,24.1,20.7,79,X, ,X,낮음
7/11/2019,구미(279),X,30.5,28,23.4,19.9,93.3,X, ,X,낮음
7/11/2019,영천(281),X,29.5,27.6,24,21.2,79.8,X, ,X,낮음
7/11/2019,경주시(283),X,31.1,29.2,24.4,21.6,86.1,X, ,X,낮음
7/11/2019,거창(284),X,29.2,27.8,22.4,19,84.3,X, ,X,낮음
7/11/2019,합천(285),X,30.1,29.6,24.3,19.6,72.1,X, ,X,낮음
7/11/2019,밀양(288),X,30.2,29.8,24.8,20.9,77.9,X, ,X,낮음
7/11/2019,산청(289),X,29.2,27.9,23,19.5,81.4,X, ,X,낮음
7/11/2019,거제(294),X,30.7,28.3,24.2,21.9,89.9,X, ,X,낮음
7/11/2019,남해(295),X,29.6,28,24.1,20.7,79.5,X, ,X,낮음
7/11/2019,부천(433),X,,23.7,20.9,18.9,,X, ,X,낮음
7/11/2019,안양(434),X,,24.6,21.7,19.7,86,X, ,X,낮음
7/11/2019,광명(437),X,,24.9,21.7,19.6,,X, ,X,낮음
7/11/2019,군포(438),X,,24.8,21.5,19.3,,X, ,X,낮음
7/11/2019,김포(441),X,,22.7,20.3,18.1,,X, ,X,낮음
7/11/2019,하남(444),X,,,,,,X, ,X,낮음
7/11/2019,의왕(445),X,,23,20,18.1,,X, ,X,낮음
7/11/2019,포천(504),X,25.2,24,21.1,18.4,73,X, ,X,낮음
7/11/2019,가평조종(505),X,,24.6,20.6,18.2,,X, ,X,낮음
7/11/2019,안성(516),X,28.5,24.9,21.8,19.4,92,X, ,X,낮음
7/11/2019,간성(517),X,23.6,20.1,19.1,18,97,X, ,X,낮음
7/11/2019,평창(526),X,26.7,26.1,21.4,18.2,81,X, ,X,낮음
7/11/2019,의정부(532),X,26.9,24.5,21,18.7,92,X, ,X,낮음
7/11/2019,횡성(536),X,28.5,27,22.7,19,82,X, ,X,낮음
7/11/2019,고양(540),X,27.3,26,20.9,19.1,85,X, ,X,낮음
7/11/2019,남양주(541),X,27.7,27,21.9,19.3,77,X, ,X,낮음
7/11/2019,안산(545),X,26.6,24.6,21.2,18,86,X, ,X,낮음
7/11/2019,경기광주(546),X,26.8,25.3,21.1,18.4,83,X, ,X,낮음
7/11/2019,여주(548),X,26.1,24.4,21.1,18.1,84,X, ,X,낮음
7/11/2019,용인(549),X,26.4,25.1,21.1,18.7,81,X, ,X,낮음
7/11/2019,오산(550),X,25.5,24.6,21.7,19.3,75,X, ,X,낮음
7/11/2019,평택(551),X,26.6,24.6,21.7,19.1,89,X, ,X,낮음
7/11/2019,화천(555),X,25.9,24.2,20.7,18.2,85,X, ,X,낮음
7/11/2019,양구(556),X,25.1,23.9,20.8,18.2,80,X, ,X,낮음
7/11/2019,시흥(565),X,26.6,24.8,21.8,19.9,80,X, ,X,낮음
7/11/2019,구리(569),X,27.1,26.2,21.8,19.2,73,X, ,X,낮음
7/11/2019,화성(571),X,26.5,25,21.9,19.2,76,X, ,X,낮음
7/11/2019,성남(572),X,27.2,26.1,21.9,19.1,79,X, ,X,높음
7/11/2019,과천(590),X,26.8,25.1,21.3,19.1,85,X, ,X,낮음
7/11/2019,양주(598),X,26.1,24.1,20.7,18.6,83,X, ,X,낮음
7/11/2019,단양(601),X,29.5,27,21.8,18.7,96,X, ,X,낮음
7/11/2019,진천(602),X,26.5,24.7,21.4,19,84,X, ,X,낮음
7/11/2019,괴산(603),X,27.1,25.1,21.1,18.8,93,X, ,X,낮음
7/11/2019,옥천(604),X,25.9,22.7,20.6,19.1,95,X, ,X,낮음
7/11/2019,홍북(608),X,26.6,23.7,20.6,18.4,93,X, ,X,낮음
7/11/2019,공주(612),X,26.4,23.7,21.5,19.2,90,X, ,X,낮음
7/11/2019,서천(614),X,27.7,25.6,22.5,20.5,84,X, ,X,낮음
7/11/2019,논산(615),X,26.6,23.6,,19.6,,X, ,X,낮음
7/11/2019,당진(616),X,26.5,23.5,20.7,18.5,91,X, ,X,낮음
7/11/2019,청양(618),X,25.9,23.1,20.6,18.6,92,X, ,X,낮음
7/11/2019,음성(619),X,27.4,25.3,21.1,18.5,90,X, ,X,낮음
7/11/2019,증평(623),X,26.9,24.1,21.1,19.3,97,X, ,X,낮음
7/11/2019,태안(627),X,27.1,25,20.7,18.3,90,X, ,X,낮음
7/11/2019,예산(628),X,26.4,23.7,21.3,19.3,92,X, ,X,낮음
7/11/2019,아산(634),X,25.7,23.6,21.2,19.4,84,X, ,X,낮음
7/11/2019,계룡(636),X,25.7,22.8,20.7,19.2,90,X, ,X,낮음
7/11/2019,연천청산(652),X,26.1,24.2,20.5,18.6,86,X, ,X,낮음
7/11/2019,양양(670),X,24.8,21.2,20,18.7,97,X, ,X,낮음
7/11/2019,무안(699),X,25.8,23.2,21.3,19.3,89,X, ,X,낮음
7/11/2019,무주(701),X,27.1,23.6,20.8,19,98,X, ,X,낮음
7/11/2019,익산(702),X,27.6,24.2,21.4,19.6,98,X, ,X,낮음
7/11/2019,진안(703),X,24.3,21,19.3,18.4,94,X, ,X,낮음
7/11/2019,담양(706),X,28.2,24.5,21.5,19.6,98,X, ,X,낮음
7/11/2019,구례(709),X,28,25.7,22.4,20.5,86,X, ,X,낮음
7/11/2019,나주(710),X,26.5,24.2,21.7,19.4,88,X, ,X,낮음
7/11/2019,순천시(712),X,28.9,26.9,23.7,21.6,82,X, ,X,낮음
7/11/2019,광양읍(713),X,28.9,27.5,23.7,21.5,78,X, ,X,낮음
7/11/2019,장성(730),X,25.9,23.2,20.9,19,89,X, ,X,낮음
7/11/2019,영암(731),X,26.2,23.3,21.6,20.2,91,X, ,X,낮음
7/11/2019,보성(732),X,26,23.4,20.8,19.1,89,X, ,X,낮음
7/11/2019,완주(734),X,25.3,22.1,20.6,19.4,93,X, ,X,낮음
7/11/2019,김제(737),X,26.7,23.9,20.8,19.3,94,X, ,X,낮음
7/11/2019,화순(741),X,25.2,23.3,21.2,20,81,X, ,X,낮음
7/11/2019,함평(754),X,27.1,25,22,19.7,85,X, ,X,낮음
7/11/2019,곡성(768),X,26.7,24.4,21.4,19.4,82,X, ,X,낮음
7/11/2019,압해도(789),X,27,24.2,22.1,20.5,90,X, ,X,낮음
7/11/2019,영양(801),X,28.8,26.2,22.7,20.2,92,X, ,X,낮음
7/11/2019,성주(810),X,29.5,28.4,23.6,19.8,75,X, ,X,낮음
7/11/2019,고령(812),X,30.4,29.6,23.6,19.9,86,X, ,X,낮음
7/11/2019,청도(813),X,29.9,29.2,24.1,21,79,X, ,X,낮음
7/11/2019,예천(815),X,29.8,27,22.8,19,95,X, ,X,낮음
7/11/2019,김천(822),X,29,26.8,22.6,19,89,X, ,X,낮음
7/11/2019,군위(823),X,29.5,27.7,22.8,19.9,87,X, ,X,낮음
7/11/2019,칠곡(825),X,30.5,29.1,23.7,20.3,84,X, ,X,낮음
7/11/2019,경산(827),X,29.5,28.3,24.3,20.6,78,X, ,X,낮음
7/11/2019,삼척(876),X,25.5,22.7,20.5,19.3,89,X, ,X,낮음
7/11/2019,속초(90),X,24.2,20.7,19.4,18.1,96.8,X, ,X,낮음
7/11/2019,삼천포(907),X,29.5,27.9,23.8,20.9,81,X, ,X,낮음
7/11/2019,고성(918),X,30.2,28.6,24,20.7,84,X, ,X,낮음
7/11/2019,창녕(919),X,31.3,30.2,24.6,20.6,80,X, ,X,낮음
7/11/2019,함안(920),X,31.3,30.5,25.1,20.7,73,X, ,X,낮음
7/11/2019,북춘천(93),X,26.9,25.7,22,19,78,X, ,X,보통
7/11/2019,하동(932),X,30,28.8,23.9,21.2,79,X, ,X,낮음
7/11/2019,철원(95),X,25.6,23.6,20,17.9,93,X, ,X,낮음
7/11/2019,동두천(98),X,26.5,24.2,20.3,18.2,88.8,X, ,X,낮음
7/11/2019,파주(99),X,25.8,23.2,20.1,18.2,88,X, ,X,낮음
7/12/2019,북강릉(104),X,27.5,26,21.4,17.7,82.3,X, ,X,매우높음
7/12/2019,동해(106),X,25.2,22.7,20.5,18.1,86.8,X, ,X,낮음
7/12/2019,서울(108),X,28.7,28.7,23.6,20,65.5,X, ,X,매우높음
7/12/2019,인천(112),X,27.4,25.7,22.7,20.2,83,X, ,X,매우높음
7/12/2019,원주(114),X,27.8,27.9,22.9,19.2,68.5,X, ,X,낮음
7/12/2019,울릉도(115),X,15.4,23.5,20.6,18.7,86.1,X, ,X,낮음
7/12/2019,수원(119),X,29.4,28.3,23.8,19.7,77.3,X, ,X,낮음
7/12/2019,영월(121),X,27.5,26.5,21.3,18.5,83.9,X, ,X,낮음
7/12/2019,충주(127),X,28.7,28.2,22.6,19.2,77.9,X, ,X,낮음
7/12/2019,서산(129),X,28.1,27,22.2,17.6,83.9,X, ,X,매우높음
7/12/2019,울진(130),X,26.8,24,21.5,19.6,86.1,X, ,X,낮음
7/12/2019,청주(131),X,28.7,28.4,23.8,20.2,72.5,X, ,X,매우높음
7/12/2019,대전(133),X,29.2,28.1,23.5,19.9,79.1,X, ,X,매우높음
7/12/2019,추풍령(135),X,26.9,26.6,21.8,19,73.9,X, ,X,낮음
7/12/2019,안동(136),X,27.9,27.5,23.4,20.6,70.4,X, ,X,매우높음
7/12/2019,상주(137),X,29.4,28.6,23.7,20.3,74.5,X, ,X,낮음
7/12/2019,포항(138),X,29.2,27,23.7,20.9,83.6,X, ,X,낮음
7/12/2019,군산(140),X,28.2,26.4,22.6,19.1,84.4,X, ,X,낮음
7/12/2019,대구(143),X,29.8,30,25.3,22.3,64.6,X, ,X,매우높음
7/12/2019,전주(146),X,29.7,27.3,22.9,20.1,90.1,X, ,X,높음
7/12/2019,울산(152),X,29.1,27.1,22.5,20.5,91.5,X, ,X,높음
7/12/2019,창원(155),X,30.2,30.2,24.1,19.5,71.1,X, ,X,매우높음
7/12/2019,광주(156),X,29.4,28.6,24.4,20.7,73.9,X, ,X,매우높음
7/12/2019,부산(159),X,29.6,28.9,24.1,21.5,77.4,X, ,X,매우높음
7/12/2019,통영(162),X,29.3,28.6,24,20.8,74.6,X, ,X,낮음
7/12/2019,목포(165),X,27.8,26.5,22.9,20,80.3,X, ,X,위험
7/12/2019,여수(168),X,29.5,28.8,24.3,21.1,74.3,X, ,X,낮음
7/12/2019,흑산도(169),X,27.5,24.7,21.5,19.2,92.4,X, ,X,낮음
7/12/2019,완도(170),X,30,28.5,23.5,19.9,77.4,X, ,X,낮음
7/12/2019,고창(172),X,28.9,27.3,22.4,18.6,86.5,X, ,X,낮음
7/12/2019,제주(184),X,28.1,25.8,23.3,21.7,86.8,X, ,X,매우높음
7/12/2019,진주(192),X,29.6,29.5,24.3,18.7,73.4,X, ,X,낮음
7/12/2019,양평(202),X,28.9,29.6,24.2,20.4,64.6,X, ,X,낮음
7/12/2019,이천(203),X,28.6,28.1,23.2,19.4,73.1,X, ,X,낮음
7/12/2019,인제(211),X,27.1,26.3,20.6,17.1,81.4,X, ,X,낮음
7/12/2019,홍천(212),X,29,28.6,23,18.9,73.1,X, ,X,낮음
7/12/2019,태백(216),X,25.6,24.3,19.7,16.6,79.9,X, ,X,낮음
7/12/2019,정선군(217),X,26.6,25.8,20.6,17.8,76.9,X, ,X,낮음
7/12/2019,제천(221),X,27.4,26.9,21.8,18.8,75.8,X, ,X,낮음
7/12/2019,보은(226),X,28.6,28.4,22.6,19.5,78.3,X, ,X,낮음
7/12/2019,천안(232),X,27.3,26.4,21.9,18,79.8,X, ,X,낮음
7/12/2019,보령(235),X,27.7,25.8,21.9,17.6,85.3,X, ,X,낮음
7/12/2019,부여(236),X,28.6,27.4,22.4,17.6,81.3,X, ,X,낮음
7/12/2019,금산(238),X,27.8,26.9,22.5,19.5,75.1,X, ,X,낮음
7/12/2019,세종(239),X,28.9,27.5,23,19.3,76.1,X, ,X,매우높음
7/12/2019,부안(243),X,28.5,27.2,22.6,19.1,79.8,X, ,X,낮음
7/12/2019,임실(244),X,28.8,27.9,21.9,18.6,80.5,X, ,X,낮음
7/12/2019,정읍(245),X,28.6,27.3,21.9,19.2,81.8,X, ,X,낮음
7/12/2019,남원(247),X,28,27.3,22.5,19.5,80.4,X, ,X,낮음
7/12/2019,장수(248),X,26.5,25.7,20.9,17.7,78,X, ,X,낮음
7/12/2019,영광군(252),X,29.4,28.5,23.5,18.7,79.5,X, ,X,낮음
7/12/2019,김해시(253),X,31.5,31,25.1,21.6,73,X, ,X,낮음
7/12/2019,순창군(254),X,28.6,27.7,22.4,18.5,82.3,X, ,X,낮음
7/12/2019,양산시(257),X,32,32,25.4,20.7,74.9,X, ,X,낮음
7/12/2019,강진군(259),X,29.5,28.7,23.8,19.8,73.5,X, ,X,낮음
7/12/2019,장흥(260),X,30.7,30.5,24.6,19.4,73,X, ,X,낮음
7/12/2019,해남(261),X,29.1,27.3,22.3,18.3,85.6,X, ,X,낮음
7/12/2019,고흥(262),X,29.1,28.4,23.5,20.4,75.5,X, ,X,낮음
7/12/2019,의령군(263),X,30,29.5,24.2,18.7,73.9,X, ,X,낮음
7/12/2019,함양군(264),X,29.3,27.9,23.2,19.8,83.1,X, ,X,낮음
7/12/2019,진도군ASOS(268),X,27.9,26.5,22.5,18.6,81,X, ,X,낮음
7/12/2019,봉화(271),X,27.3,26.9,21,16.8,81.9,X, ,X,낮음
7/12/2019,영주(272),X,27.3,27,22.2,19.3,71.8,X, ,X,낮음
7/12/2019,문경(273),X,29,28.9,23.1,19.5,72.4,X, ,X,낮음
7/12/2019,청송군(276),X,28.9,27.9,22.3,18.1,84.5,X, ,X,낮음
7/12/2019,영덕(277),X,29,27.5,22.7,19.3,86,X, ,X,낮음
7/12/2019,의성(278),X,28.9,29.6,24.2,20.5,66.9,X, ,X,낮음
7/12/2019,구미(279),X,29.8,28.9,24.6,21.8,78.5,X, ,X,낮음
7/12/2019,영천(281),X,29.5,29.7,24.5,21.1,69,X, ,X,낮음
7/12/2019,경주시(283),X,30.5,29.7,24.1,20.7,79.4,X, ,X,낮음
7/12/2019,거창(284),X,29,28.6,23.1,19.4,74.5,X, ,X,낮음
7/12/2019,합천(285),X,29.9,30.6,24.8,20,63.6,X, ,X,낮음
7/12/2019,밀양(288),X,29,29.6,24.9,20.7,70.3,X, ,X,낮음
7/12/2019,산청(289),X,29.6,29.4,24,20.9,69.4,X, ,X,낮음
7/12/2019,거제(294),X,31,30.5,24.9,20.9,77,X, ,X,낮음
7/12/2019,남해(295),X,30,29.5,24.6,21.1,72.8,X, ,X,낮음
7/12/2019,부천(433),X,,26.8,23,19.8,,X, ,X,낮음
7/12/2019,안양(434),X,,27.2,23.3,20.5,76,X, ,X,낮음
7/12/2019,광명(437),X,,27.7,23.9,20.7,,X, ,X,낮음
7/12/2019,군포(438),X,,28.2,23.4,19.7,,X, ,X,낮음
7/12/2019,김포(441),X,,27.2,22.4,18.4,,X, ,X,낮음
7/12/2019,하남(444),X,,,,,,X, ,X,낮음
7/12/2019,의왕(445),X,,26.4,21.2,17,,X, ,X,낮음
7/12/2019,포천(504),X,28.4,28.4,22.3,18.5,73,X, ,X,낮음
7/12/2019,가평조종(505),X,,28,21.8,17.7,,X, ,X,낮음
7/12/2019,안성(516),X,29.6,28.6,23.4,19.7,82,X, ,X,낮음
7/12/2019,간성(517),X,29.6,29.2,23.6,17.5,76,X, ,X,낮음
7/12/2019,평창(526),X,25.9,25,20.5,17.6,80,X, ,X,낮음
7/12/2019,의정부(532),X,29.7,28.6,23,19,85,X, ,X,낮음
7/12/2019,횡성(536),X,28.6,27,21.8,18.7,86,X, ,X,낮음
7/12/2019,고양(540),X,30.8,30.9,23.7,18.6,74,X, ,X,낮음
7/12/2019,남양주(541),X,28,,,,64,X, ,X,낮음
7/12/2019,안산(545),X,29.1,28,22.3,17.8,82,X, ,X,낮음
7/12/2019,경기광주(546),X,28.7,28.5,23,19.3,74,X, ,X,낮음
7/12/2019,여주(548),X,28.6,27.8,22.7,19.1,75,X, ,X,낮음
7/12/2019,용인(549),X,27.6,27.9,22.6,18.6,71,X, ,X,낮음
7/12/2019,오산(550),X,28.6,28.8,23.2,19,65,X, ,X,낮음
7/12/2019,평택(551),X,29.1,28.5,23.3,19.7,77,X, ,X,낮음
7/12/2019,화천(555),X,29.4,28.8,21.9,17.9,84,X, ,X,낮음
7/12/2019,양구(556),X,27.6,26.7,21.1,18,80,X, ,X,낮음
7/12/2019,시흥(565),X,28.2,27.3,23.4,19.7,75,X, ,X,낮음
7/12/2019,구리(569),X,29.4,29.9,24,20,63,X, ,X,낮음
7/12/2019,화성(571),X,28.2,27.5,23,19.3,73,X, ,X,낮음
7/12/2019,성남(572),X,28.5,28.4,23.9,20.2,66,X, ,X,매우높음
7/12/2019,과천(590),X,28.9,28.3,23.1,19,75,X, ,X,낮음
7/12/2019,양주(598),X,28.5,28.2,22.8,18.7,74,X, ,X,낮음
7/12/2019,단양(601),X,29.2,27.7,22.3,19.3,90,X, ,X,낮음
7/12/2019,진천(602),X,28.1,28.5,22.7,19,68,X, ,X,낮음
7/12/2019,괴산(603),X,28.1,27.7,22.5,19.2,79,X, ,X,낮음
7/12/2019,옥천(604),X,29,29,22.8,19.5,77,X, ,X,낮음
7/12/2019,홍북(608),X,29.6,28.3,22,17.1,86,X, ,X,낮음
7/12/2019,공주(612),X,29.5,29,23.3,19.2,75,X, ,X,낮음
7/12/2019,서천(614),X,28.3,26.3,22.8,19,82,X, ,X,낮음
7/12/2019,논산(615),X,28.9,,23.1,,80,X, ,X,낮음
7/12/2019,당진(616),X,29.6,27.7,22.3,17.9,87,X, ,X,낮음
7/12/2019,청양(618),X,29.1,27.6,21.5,16,85,X, ,X,낮음
7/12/2019,음성(619),X,28.6,27.8,22.4,18.9,80,X, ,X,낮음
7/12/2019,증평(623),X,28.7,28,22.6,19.3,84,X, ,X,낮음
7/12/2019,태안(627),X,28.7,26.6,22.2,17.9,89,X, ,X,낮음
7/12/2019,예산(628),X,29,27.7,23.1,19,81,X, ,X,낮음
7/12/2019,아산(634),X,28.1,27.5,23,18.8,74,X, ,X,낮음
7/12/2019,계룡(636),X,27.9,27.1,21.6,17.3,81,X, ,X,낮음
7/12/2019,연천청산(652),X,29.4,29,22.3,18.6,83,X, ,X,낮음
7/12/2019,양양(670),X,30.3,29.1,23.8,18.3,83,X, ,X,낮음
7/12/2019,무안(699),X,28.5,27.2,22.7,18.8,81,X, ,X,낮음
7/12/2019,무주(701),X,28.9,28,22.3,18.7,87,X, ,X,낮음
7/12/2019,익산(702),X,30.4,28,23.1,18.9,90,X, ,X,낮음
7/12/2019,진안(703),X,26.9,25.3,20.6,17.9,88,X, ,X,낮음
7/12/2019,담양(706),X,30.6,27.5,23.2,18.6,93,X, ,X,낮음
7/12/2019,구례(709),X,29.4,28.3,23.8,20.2,78,X, ,X,낮음
7/12/2019,나주(710),X,29.8,28.4,23,18.2,83,X, ,X,낮음
7/12/2019,순천시(712),X,30.5,29.7,24.9,19.9,75,X, ,X,낮음
7/12/2019,광양읍(713),X,30.7,30.3,25,20.2,70,X, ,X,낮음
7/12/2019,장성(730),X,29.3,28.3,22.2,18.3,84,X, ,X,낮음
7/12/2019,영암(731),X,29.6,28.4,23.2,18.8,85,X, ,X,낮음
7/12/2019,보성(732),X,28.7,27.6,22.6,18.6,81,X, ,X,낮음
7/12/2019,완주(734),X,28.5,26.8,22.1,18.7,84,X, ,X,낮음
7/12/2019,김제(737),X,28.4,27,22.6,19.5,84,X, ,X,낮음
7/12/2019,화순(741),X,28.5,28.2,23.2,18.8,71,X, ,X,낮음
7/12/2019,함평(754),X,29.9,29,23.1,17.7,82,X, ,X,낮음
7/12/2019,곡성(768),X,28.5,27.6,22.4,19.3,76,X, ,X,낮음
7/12/2019,압해도(789),X,29.3,27.2,23.1,19.5,87,X, ,X,낮음
7/12/2019,영양(801),X,28.1,26.9,21.6,17.5,85,X, ,X,낮음
7/12/2019,성주(810),X,28.9,29.3,23.8,19.3,68,X, ,X,낮음
7/12/2019,고령(812),X,29.9,29.7,23.5,19.3,81,X, ,X,낮음
7/12/2019,청도(813),X,29.4,29.9,23.8,20.1,68,X, ,X,낮음
7/12/2019,예천(815),X,28.7,27.4,22.8,19.7,85,X, ,X,낮음
7/12/2019,김천(822),X,30,29.5,23.4,19.2,79,X, ,X,낮음
7/12/2019,군위(823),X,29.5,29,23.7,19.9,76,X, ,X,낮음
7/12/2019,칠곡(825),X,29.7,29.4,24.7,21.3,70,X, ,X,낮음
7/12/2019,경산(827),X,29.2,29.6,24.6,21.4,65,X, ,X,낮음
7/12/2019,삼척(876),X,26.7,24.6,21.7,18.6,81,X, ,X,낮음
7/12/2019,속초(90),X,29.3,28.4,23.2,18.2,79.3,X, ,X,낮음
7/12/2019,삼천포(907),X,29.6,28.9,23.8,20.8,78,X, ,X,낮음
7/12/2019,고성(918),X,30.3,29.3,24,18.8,80,X, ,X,낮음
7/12/2019,창녕(919),X,30.2,30.1,24.5,20.8,75,X, ,X,낮음
7/12/2019,함안(920),X,30.6,31,25,19.3,69,X, ,X,낮음
7/12/2019,북춘천(93),X,29,28.3,22.3,18.7,79.8,X, ,X,높음
7/12/2019,하동(932),X,30.2,29.8,24.4,18.7,74,X, ,X,낮음
7/12/2019,철원(95),X,28.8,27.8,21.5,17.7,87.6,X, ,X,낮음
7/12/2019,동두천(98),X,29.5,28.7,22.4,18.7,81.6,X, ,X,낮음
7/12/2019,파주(99),X,28.6,27.4,22.3,18.2,82.3,X, ,X,낮음
7/13/2019,북강릉(104),X,28.4,28,23.5,19.4,69.4,X, ,X,매우높음
7/13/2019,동해(106),X,26.9,25.8,22.6,19.8,73,X, ,X,낮음
7/13/2019,서울(108),X,29.4,29.7,24.9,22.1,67.3,X, ,X,보통
7/13/2019,인천(112),X,28.2,26.3,23.1,21.5,87.1,X, ,X,높음
7/13/2019,원주(114),X,28.2,29.2,23.9,20.3,65.8,X, ,X,낮음
7/13/2019,울릉도(115),X,,25.2,22.1,20.1,86.3,X, ,X,낮음
7/13/2019,수원(119),X,30,28.1,23.6,20.9,84.9,X, ,X,낮음
7/13/2019,영월(121),X,29.1,28.9,22.8,18,76,X, ,X,낮음
7/13/2019,충주(127),X,29,28.5,23.6,19.6,75.6,X, ,X,낮음
7/13/2019,서산(129),X,27.6,25.1,21.9,20,93.3,X, ,X,높음
7/13/2019,울진(130),X,27.8,26.5,22.7,20,83.1,X, ,X,낮음
7/13/2019,청주(131),X,30,29.7,24.6,21.6,73.5,X, ,X,높음
7/13/2019,대전(133),X,29.8,28.8,24.4,21.4,80.1,X, ,X,높음
7/13/2019,추풍령(135),X,28.3,27.5,22.4,17.8,76.3,X, ,X,낮음
7/13/2019,안동(136),X,29,28.9,23.8,19.3,71.4,X, ,X,매우높음
7/13/2019,상주(137),X,30.2,28.9,24.2,19.8,77.9,X, ,X,낮음
7/13/2019,포항(138),X,29.6,28.1,24.7,22.5,74.5,X, ,X,낮음
7/13/2019,군산(140),X,28.4,26.5,23,20.9,87.4,X, ,X,낮음
7/13/2019,대구(143),X,29.2,28.8,24.4,21.2,72.8,X, ,X,높음
7/13/2019,전주(146),X,30.2,28,23.5,20.4,91,X, ,X,높음
7/13/2019,울산(152),X,28.3,26.3,22.5,19.9,86.4,X, ,X,높음
7/13/2019,창원(155),X,26.9,24.5,21.9,19.9,83.9,X, ,X,보통
7/13/2019,광주(156),X,29,27.9,23.6,21.1,82.8,X, ,X,높음
7/13/2019,부산(159),X,26.4,23.5,22.3,21,83.5,X, ,X,보통
7/13/2019,통영(162),X,25.7,23.3,21.7,20.2,86,X, ,X,낮음
7/13/2019,목포(165),X,28.2,26.7,23.2,21.5,81.9,X, ,X,높음
7/13/2019,여수(168),X,26.6,23.7,22.4,21.5,87.1,X, ,X,낮음
7/13/2019,흑산도(169),X,27.3,25.1,22,19.4,91.1,X, ,X,낮음
7/13/2019,완도(170),X,27.2,25,21.9,20.1,87.8,X, ,X,낮음
7/13/2019,고창(172),X,28.9,27.6,22.5,20,87,X, ,X,낮음
7/13/2019,제주(184),X,26.2,22.9,21.6,20.4,91.8,X, ,X,보통
7/13/2019,진주(192),X,27.3,25.2,22.1,19.6,87.6,X, ,X,낮음
7/13/2019,양평(202),X,29.6,29.6,24.9,20.5,67.3,X, ,X,낮음
7/13/2019,이천(203),X,29.1,28.7,23.9,20.3,74.8,X, ,X,낮음
7/13/2019,인제(211),X,29,29.1,23.1,17.8,71.8,X, ,X,낮음
7/13/2019,홍천(212),X,30.5,31.2,24.9,19.2,69.1,X, ,X,낮음
7/13/2019,태백(216),X,26.4,25.7,20.7,16.4,78,X, ,X,낮음
7/13/2019,정선군(217),X,28.9,29.4,22.2,17.1,71,X, ,X,낮음
7/13/2019,제천(221),X,29.4,29.9,22.6,16.9,73.6,X, ,X,낮음
7/13/2019,보은(226),X,30,29.5,23.1,18.8,82,X, ,X,낮음
7/13/2019,천안(232),X,28,26.8,22.4,18.7,82.6,X, ,X,낮음
7/13/2019,보령(235),X,27.7,26.1,22.7,21,83.9,X, ,X,낮음
7/13/2019,부여(236),X,28.8,27.6,22.8,20.1,86,X, ,X,낮음
7/13/2019,금산(238),X,29.3,28.6,22.4,18.2,78.9,X, ,X,낮음
7/13/2019,세종(239),X,29.5,28.3,23.3,19.7,79.9,X, ,X,높음
7/13/2019,부안(243),X,28.6,26.7,23,20.7,81.8,X, ,X,낮음
7/13/2019,임실(244),X,28.9,28.3,22.9,18.9,79.3,X, ,X,낮음
7/13/2019,정읍(245),X,28.5,27,22.6,19.6,80.9,X, ,X,낮음
7/13/2019,남원(247),X,28.8,28,23.2,19.7,79.9,X, ,X,낮음
7/13/2019,장수(248),X,27.3,26.2,21.5,17.5,78.9,X, ,X,낮음
7/13/2019,영광군(252),X,29.6,28.3,23.4,20.6,83.4,X, ,X,낮음
7/13/2019,김해시(253),X,27.6,24.9,22.8,21.1,83.5,X, ,X,낮음
7/13/2019,순창군(254),X,29.1,28.3,23.3,19.8,81.1,X, ,X,낮음
7/13/2019,양산시(257),X,27.6,24.5,22.5,20.5,90.9,X, ,X,낮음
7/13/2019,강진군(259),X,28.7,27.1,22.6,20.2,83.1,X, ,X,낮음
7/13/2019,장흥(260),X,29.6,28.6,23.3,20.9,81.8,X, ,X,낮음
7/13/2019,해남(261),X,28.2,26.6,21.7,19.3,88.8,X, ,X,낮음
7/13/2019,고흥(262),X,26.9,24.8,21.9,19.9,88.6,X, ,X,낮음
7/13/2019,의령군(263),X,28.7,27.5,23,20.7,84.4,X, ,X,낮음
7/13/2019,함양군(264),X,29.6,28,22.9,19,88.3,X, ,X,낮음
7/13/2019,진도군ASOS(268),X,27.1,25.3,22.2,20.2,84.4,X, ,X,낮음
7/13/2019,봉화(271),X,28.6,28.5,21.9,15.6,78.4,X, ,X,낮음
7/13/2019,영주(272),X,29.1,28.4,23,18.1,72.1,X, ,X,낮음
7/13/2019,문경(273),X,29.7,29,23.6,19.4,74.4,X, ,X,낮음
7/13/2019,청송군(276),X,29.5,28.8,22,16.6,86.3,X, ,X,낮음
7/13/2019,영덕(277),X,31.1,30.2,23.9,19.9,77.6,X, ,X,낮음
7/13/2019,의성(278),X,30.2,30.7,24.2,19.1,71.6,X, ,X,낮음
7/13/2019,구미(279),X,30.3,29.1,24.1,20.2,86.8,X, ,X,낮음
7/13/2019,영천(281),X,29.1,29.2,24,19.5,73.1,X, ,X,낮음
7/13/2019,경주시(283),X,29.4,27.9,23.2,19.7,84.1,X, ,X,낮음
7/13/2019,거창(284),X,28.7,27.6,22.1,18.3,84.3,X, ,X,낮음
7/13/2019,합천(285),X,29,28.7,23.3,19.4,73.9,X, ,X,낮음
7/13/2019,밀양(288),X,28.8,27.1,23,20.9,87.9,X, ,X,낮음
7/13/2019,산청(289),X,30.2,29,22.8,19.7,84.9,X, ,X,낮음
7/13/2019,거제(294),X,27.3,24.4,22.9,20.7,90,X, ,X,낮음
7/13/2019,남해(295),X,26.8,24.7,22.5,20.2,86.9,X, ,X,낮음
7/13/2019,부천(433),X,,28.6,23.6,20.8,,X, ,X,낮음
7/13/2019,안양(434),X,,28.2,24.3,21.8,,X, ,X,낮음
7/13/2019,광명(437),X,,28.5,24.8,22,,X, ,X,낮음
7/13/2019,군포(438),X,,28.8,24.1,21,,X, ,X,낮음
7/13/2019,김포(441),X,,28.9,23.3,20.2,,X, ,X,낮음
7/13/2019,하남(444),X,,,,,,X, ,X,낮음
7/13/2019,의왕(445),X,,26.1,21.9,19,,X, ,X,낮음
7/13/2019,포천(504),X,29.3,29.1,23.4,19.8,76,X, ,X,낮음
7/13/2019,가평조종(505),X,,30.2,23.3,18.8,,X, ,X,낮음
7/13/2019,안성(516),X,29.4,27.8,23.4,20.4,84,X, ,X,낮음
7/13/2019,간성(517),X,29.6,28.7,24.4,21.1,76,X, ,X,낮음
7/13/2019,평창(526),X,28.1,28.3,22.1,16.9,74,X, ,X,낮음
7/13/2019,의정부(532),X,30.9,29.7,24.2,20.8,88,X, ,X,낮음
7/13/2019,횡성(536),X,30.4,29.4,23.7,18.4,81,X, ,X,낮음
7/13/2019,고양(540),X,31.5,31.5,24.4,20.1,76,X, ,X,낮음
7/13/2019,남양주(541),X,29.9,29.8,24.3,21.1,73,X, ,X,낮음
7/13/2019,안산(545),X,29.5,28.1,22.4,18.4,89,X, ,X,낮음
7/13/2019,경기광주(546),X,29.5,29,23.8,19.9,76,X, ,X,낮음
7/13/2019,여주(548),X,28.7,28.1,23.2,19.6,76,X, ,X,낮음
7/13/2019,용인(549),X,28.6,28.1,22.7,19.1,74,X, ,X,낮음
7/13/2019,오산(550),X,28.7,28,23.2,20.1,74,X, ,X,낮음
7/13/2019,평택(551),X,29.2,28,23.9,20.8,78,X, ,X,낮음
7/13/2019,화천(555),X,31.3,31.8,24.2,18.8,77,X, ,X,낮음
7/13/2019,양구(556),X,30.2,29.8,23.7,18.8,73,X, ,X,낮음
7/13/2019,시흥(565),X,30.3,29.5,24.1,19.8,76,X, ,X,낮음
7/13/2019,구리(569),X,30.4,30.9,25.1,21.9,68,X, ,X,낮음
7/13/2019,화성(571),X,28.8,27.4,23.3,20.6,79,X, ,X,낮음
7/13/2019,성남(572),X,29.2,28.8,24.4,21.2,69,X, ,X,높음
7/13/2019,과천(590),X,29.5,28.7,23.6,20,78,X, ,X,낮음
7/13/2019,양주(598),X,30.2,29.9,24.2,20.6,78,X, ,X,낮음
7/13/2019,단양(601),X,30.7,30.1,24,19.4,85,X, ,X,낮음
7/13/2019,진천(602),X,28.1,27.9,23.1,19.6,74,X, ,X,낮음
7/13/2019,괴산(603),X,29.1,28.6,23,18.9,79,X, ,X,낮음
7/13/2019,옥천(604),X,29.8,29.5,23,18.5,80,X, ,X,낮음
7/13/2019,홍북(608),X,27.9,25.3,21.4,19.1,98,X, ,X,낮음
7/13/2019,공주(612),X,29.3,28.5,23.2,19,80,X, ,X,낮음
7/13/2019,서천(614),X,28.7,26.8,23.7,21.8,83,X, ,X,낮음
7/13/2019,논산(615),X,29.6,,,,,X, ,X,낮음
7/13/2019,당진(616),X,28.7,25.7,21.9,19.6,92,X, ,X,낮음
7/13/2019,청양(618),X,27.6,25.2,21.2,18.1,93,X, ,X,낮음
7/13/2019,음성(619),X,28.4,26.9,22.6,18.8,83,X, ,X,낮음
7/13/2019,증평(623),X,29.9,28.6,23.5,19.5,83,X, ,X,낮음
7/13/2019,태안(627),X,27.4,24.3,21.7,19.8,96,X, ,X,낮음
7/13/2019,예산(628),X,28.3,26,22.5,20.4,91,X, ,X,낮음
7/13/2019,아산(634),X,28,26.8,23.2,20.7,76,X, ,X,낮음
7/13/2019,계룡(636),X,28.5,27.4,21.5,16.7,86,X, ,X,낮음
7/13/2019,연천청산(652),X,29.8,29.6,23.7,20.1,81,X, ,X,낮음
7/13/2019,양양(670),X,32.3,30.5,25.2,21,82,X, ,X,낮음
7/13/2019,무안(699),X,28.3,26.8,22.7,19.9,84,X, ,X,낮음
7/13/2019,무주(701),X,30.4,29.2,23,18,87,X, ,X,낮음
7/13/2019,익산(702),X,30.6,28.2,23.4,19.8,91,X, ,X,낮음
7/13/2019,진안(703),X,29.3,27.3,21.6,17.7,86,X, ,X,낮음
7/13/2019,담양(706),X,31,28.2,23.6,20.2,93,X, ,X,낮음
7/13/2019,구례(709),X,28.9,27.3,23.2,20.3,87,X, ,X,낮음
7/13/2019,나주(710),X,28.8,27.4,23.2,20.3,85,X, ,X,낮음
7/13/2019,순천시(712),X,29.2,26.7,23.4,21.9,91,X, ,X,낮음
7/13/2019,광양읍(713),X,28.4,26.4,23.1,21.2,86,X, ,X,낮음
7/13/2019,장성(730),X,28.9,28,22.7,19.6,84,X, ,X,낮음
7/13/2019,영암(731),X,29.3,27.7,23,20.2,86,X, ,X,낮음
7/13/2019,보성(732),X,27.3,25.3,21.4,19.6,91,X, ,X,낮음
7/13/2019,완주(734),X,29.8,28.2,22.9,18.6,85,X, ,X,낮음
7/13/2019,김제(737),X,28.8,27.2,22.9,20.3,87,X, ,X,낮음
7/13/2019,화순(741),X,28.1,27,22.8,20,77,X, ,X,낮음
7/13/2019,함평(754),X,29.7,28.3,23.4,20.4,83,X, ,X,낮음
7/13/2019,곡성(768),X,29,28.1,23,19.5,78,X, ,X,낮음
7/13/2019,압해도(789),X,28.6,26.4,23,20.9,88,X, ,X,낮음
7/13/2019,영양(801),X,29.4,28.4,22.2,17.2,85,X, ,X,낮음
7/13/2019,성주(810),X,29.1,28.7,23.5,19.6,73,X, ,X,낮음
7/13/2019,고령(812),X,29.1,28.4,22.6,19.3,87,X, ,X,낮음
7/13/2019,청도(813),X,,28.2,22.9,19.6,,X, ,X,낮음
7/13/2019,예천(815),X,30,28.1,23,18.4,90,X, ,X,낮음
7/13/2019,김천(822),X,30,29,23,18.3,82,X, ,X,낮음
7/13/2019,군위(823),X,30.1,29.5,23.4,18.6,80,X, ,X,낮음
7/13/2019,칠곡(825),X,29.2,28.5,24.1,20.3,79,X, ,X,낮음
7/13/2019,경산(827),X,28.5,28.3,23.8,20.7,71,X, ,X,낮음
7/13/2019,삼척(876),X,28.3,27.7,24.1,20.8,67,X, ,X,낮음
7/13/2019,속초(90),X,30.2,28.8,24.9,21.4,71.5,X, ,X,낮음
7/13/2019,삼천포(907),X,26.2,23.8,21.7,19.6,88,X, ,X,낮음
7/13/2019,고성(918),X,26.2,24.7,21.9,19.5,87,X, ,X,낮음
7/13/2019,창녕(919),X,29.3,27.8,23.6,21,85,X, ,X,낮음
7/13/2019,함안(920),X,29,27.2,23.3,20.9,81,X, ,X,낮음
7/13/2019,북춘천(93),X,30.2,30.8,24.4,19.4,73.4,X, ,X,보통
7/13/2019,하동(932),X,28.3,26.3,22.4,20.6,87,X, ,X,낮음
7/13/2019,철원(95),X,30.1,29.5,23.6,19.7,83.3,X, ,X,낮음
7/13/2019,동두천(98),X,30.6,29.9,23.7,20.8,83.5,X, ,X,낮음
7/13/2019,파주(99),X,31,30.1,24,19.7,80.5,X, ,X,낮음
7/14/2019,북강릉(104),X,25.2,22.6,20.7,18.9,87.8,X, ,X,매우높음
7/14/2019,동해(106),X,25.4,23,20.8,18.5,84.6,X, ,X,낮음
7/14/2019,서울(108),X,30.6,31.6,25.9,21.2,64.6,X, ,X,높음
7/14/2019,인천(112),X,29.1,28.2,24.3,21.2,80.9,X, ,X,높음
7/14/2019,원주(114),X,30.4,30.9,24.2,20.8,70.6,X, ,X,낮음
7/14/2019,울릉도(115),X,25.6,24,21.4,19.4,86.6,X, ,X,낮음
7/14/2019,수원(119),X,31.7,31.2,25,20.6,79,X, ,X,낮음
7/14/2019,영월(121),X,31.6,32.6,23.1,18.6,80.6,X, ,X,낮음
7/14/2019,충주(127),X,31.1,31.5,24.5,19.8,75.9,X, ,X,낮음
7/14/2019,서산(129),X,29.5,28.2,24.1,20.4,84.6,X, ,X,매우높음
7/14/2019,울진(130),X,27.5,25,22.2,18.7,86.1,X, ,X,낮음
7/14/2019,청주(131),X,30.9,31,25.9,21.7,72.1,X, ,X,매우높음
7/14/2019,대전(133),X,31.5,31,25.9,21.4,76.8,X, ,X,매우높음
7/14/2019,추풍령(135),X,29.5,28.9,23.6,20.8,76.5,X, ,X,낮음
7/14/2019,안동(136),X,29.9,30.4,24.7,20.8,68.4,X, ,X,높음
7/14/2019,상주(137),X,31.2,30.4,24,21.3,85.4,X, ,X,낮음
7/14/2019,포항(138),X,28.4,25.8,23.1,21.3,86,X, ,X,낮음
7/14/2019,군산(140),X,29.8,28.1,24.2,20.7,86.8,X, ,X,낮음
7/14/2019,대구(143),X,29.7,29.4,24.6,21.3,73.9,X, ,X,매우높음
7/14/2019,전주(146),X,31.5,29.7,25,21.1,88.4,X, ,X,매우높음
7/14/2019,울산(152),X,28.4,26.4,22.7,19,85,X, ,X,매우높음
7/14/2019,창원(155),X,27.8,26.3,22.8,19.6,78.4,X, ,X,위험
7/14/2019,광주(156),X,31.2,30.4,25.1,21.2,80.4,X, ,X,매우높음
7/14/2019,부산(159),X,28.1,26.8,23.6,20.6,74.8,X, ,X,매우높음
7/14/2019,통영(162),X,29.2,28,23.2,19.8,80.3,X, ,X,낮음
7/14/2019,목포(165),X,29,27.5,24.4,21.9,82.8,X, ,X,매우높음
7/14/2019,여수(168),X,28.8,27.1,23.8,21.3,80.6,X, ,X,낮음
7/14/2019,흑산도(169),X,30,27.4,23.5,20.6,89.1,X, ,X,낮음
7/14/2019,완도(170),X,31,29.5,24.3,21,82.1,X, ,X,낮음
7/14/2019,고창(172),X,29.6,28.2,23.7,19.7,86,X, ,X,낮음
7/14/2019,제주(184),X,29.3,27.1,24.2,21.5,85.3,X, ,X,매우높음
7/14/2019,진주(192),X,30.5,29.2,23.8,19.2,80.3,X, ,X,낮음
7/14/2019,양평(202),X,31,32,24.1,20.1,78.5,X, ,X,낮음
7/14/2019,이천(203),X,31.1,31.5,24.4,19.2,78.4,X, ,X,낮음
7/14/2019,인제(211),X,28.8,28.7,23,18.9,70.9,X, ,X,낮음
7/14/2019,홍천(212),X,31.5,32.1,24,20.1,78.3,X, ,X,낮음
7/14/2019,태백(216),X,26,25.1,19,15,87.6,X, ,X,낮음
7/14/2019,정선군(217),X,29.7,30.1,22.3,18.5,73.4,X, ,X,낮음
7/14/2019,제천(221),X,30.6,31.7,22.6,18.2,75.9,X, ,X,낮음
7/14/2019,보은(226),X,31,30.7,23.8,19.8,81.1,X, ,X,낮음
7/14/2019,천안(232),X,29.9,29.6,23.9,18.4,77.9,X, ,X,낮음
7/14/2019,보령(235),X,29.3,27.7,23.8,20.8,85.1,X, ,X,낮음
7/14/2019,부여(236),X,30.6,29.9,24.1,19.1,80.3,X, ,X,낮음
7/14/2019,금산(238),X,30.4,29.9,23.7,19.5,76.8,X, ,X,낮음
7/14/2019,세종(239),X,30.5,30,24.5,19.6,77.4,X, ,X,매우높음
7/14/2019,부안(243),X,30.4,29,24.7,21.7,80.3,X, ,X,낮음
7/14/2019,임실(244),X,30.6,30.2,24.4,19.8,75.8,X, ,X,낮음
7/14/2019,정읍(245),X,29.9,28.7,24.2,20.9,78.6,X, ,X,낮음
7/14/2019,남원(247),X,30.9,31.1,24.4,20.4,81,X, ,X,낮음
7/14/2019,장수(248),X,29.2,28.4,23.1,19.5,77.1,X, ,X,낮음
7/14/2019,영광군(252),X,30.6,29.6,24.9,21,80.8,X, ,X,낮음
7/14/2019,김해시(253),X,30.6,29.5,24.4,20.2,77.4,X, ,X,낮음
7/14/2019,순창군(254),X,30.9,30.5,24.5,19.7,79.9,X, ,X,낮음
7/14/2019,양산시(257),X,31.2,30.2,24.6,19.8,78,X, ,X,낮음
7/14/2019,강진군(259),X,30.7,29.9,24.5,20.9,77.5,X, ,X,낮음
7/14/2019,장흥(260),X,31.8,31.3,25,20.6,76.6,X, ,X,낮음
7/14/2019,해남(261),X,31.1,29.6,24,19.5,83.9,X, ,X,낮음
7/14/2019,고흥(262),X,30.2,28.8,23.2,19.2,81.8,X, ,X,낮음
7/14/2019,의령군(263),X,30.6,29.5,22.6,19.7,88.5,X, ,X,낮음
7/14/2019,함양군(264),X,31.2,29.5,23.6,19.8,91.1,X, ,X,낮음
7/14/2019,진도군ASOS(268),X,29.2,27.6,23.6,20.8,83.8,X, ,X,낮음
7/14/2019,봉화(271),X,28,28,21.8,18.6,86.9,X, ,X,낮음
7/14/2019,영주(272),X,29.7,30.1,23.9,19.7,69.5,X, ,X,낮음
7/14/2019,문경(273),X,30.7,30.4,23.5,19.9,80.1,X, ,X,낮음
7/14/2019,청송군(276),X,29.3,28,22.8,18.7,83.1,X, ,X,낮음
7/14/2019,영덕(277),X,29.3,27.2,22.7,18.4,83.6,X, ,X,낮음
7/14/2019,의성(278),X,30.5,32,24.9,19.5,71.5,X, ,X,낮음
7/14/2019,구미(279),X,31.2,30.4,25.4,21.2,80.4,X, ,X,낮음
7/14/2019,영천(281),X,29.1,29,24.1,20,72.1,X, ,X,낮음
7/14/2019,경주시(283),X,29.2,28,22.9,18.5,83,X, ,X,낮음
7/14/2019,거창(284),X,29.6,28.3,22.7,19.1,88.5,X, ,X,낮음
7/14/2019,합천(285),X,30.5,30.2,23.6,19.4,78.4,X, ,X,낮음
7/14/2019,밀양(288),X,29.7,30.2,25,20.5,69.9,X, ,X,낮음
7/14/2019,산청(289),X,31.3,30.2,23.4,20.1,86.3,X, ,X,낮음
7/14/2019,거제(294),X,30.5,29.2,24.5,20.1,80.1,X, ,X,낮음
7/14/2019,남해(295),X,30.5,29,23.9,19.9,79.9,X, ,X,낮음
7/14/2019,부천(433),X,,30.7,25,21,,X, ,X,낮음
7/14/2019,안양(434),X,,30,25.2,21.4,76,X, ,X,낮음
7/14/2019,광명(437),X,,31.7,25.5,21,,X, ,X,낮음
7/14/2019,군포(438),X,,31.4,25.5,20.7,,X, ,X,낮음
7/14/2019,김포(441),X,,30.1,23.5,19.4,,X, ,X,낮음
7/14/2019,하남(444),X,,,,,,X, ,X,낮음
7/14/2019,의왕(445),X,,29.2,23.1,18.5,,X, ,X,낮음
7/14/2019,포천(504),X,29.8,29.3,23.9,19,76,X, ,X,낮음
7/14/2019,가평조종(505),X,,29.2,23.5,18.6,,X, ,X,낮음
7/14/2019,안성(516),X,31.4,31.3,25.2,20.3,77,X, ,X,낮음
7/14/2019,간성(517),X,26.5,23.7,22,20.5,93,X, ,X,낮음
7/14/2019,평창(526),X,28.8,28.8,22.3,18.2,80,X, ,X,낮음
7/14/2019,의정부(532),X,31.5,30,24.3,19.8,86,X, ,X,낮음
7/14/2019,횡성(536),X,32.8,32.2,24.3,19.5,82,X, ,X,낮음
7/14/2019,고양(540),O,33.3,33.8,25.2,18.9,75,X, ,X,낮음
7/14/2019,남양주(541),X,31.1,31.8,24.4,20.1,79,X, ,X,낮음
7/14/2019,안산(545),X,30.8,30.3,23.5,19.1,83,X, ,X,낮음
7/14/2019,경기광주(546),X,31.4,31.9,24.2,19.5,76,X, ,X,낮음
7/14/2019,여주(548),X,30.6,30.7,23.8,19.1,78,X, ,X,낮음
7/14/2019,용인(549),X,30,30.9,24.3,19,69,X, ,X,낮음
7/14/2019,오산(550),X,30.7,31,24.7,20.4,67,X, ,X,낮음
7/14/2019,평택(551),X,31.3,31.8,25.5,20.4,74,X, ,X,낮음
7/14/2019,화천(555),X,31.7,32.1,24.8,19.2,78,X, ,X,낮음
7/14/2019,양구(556),X,29.6,29.2,23.7,19.4,74,X, ,X,낮음
7/14/2019,시흥(565),X,30.2,30.5,25.3,19.8,73,X, ,X,낮음
7/14/2019,구리(569),X,31.2,32.5,25.6,20.2,67,X, ,X,낮음
7/14/2019,화성(571),X,30.2,30.5,24.4,20.5,75,X, ,X,낮음
7/14/2019,성남(572),X,30.7,30.9,25.1,19.6,67,X, ,X,매우높음
7/14/2019,과천(590),X,31.1,30.9,24.5,18.7,74,X, ,X,낮음
7/14/2019,양주(598),X,30.8,30.2,23.8,18.6,80,X, ,X,낮음
7/14/2019,단양(601),X,31.9,31.5,24.5,20.4,85,X, ,X,낮음
7/14/2019,진천(602),X,30.6,30.8,25.2,19.1,66,X, ,X,낮음
7/14/2019,괴산(603),X,30.7,30.6,24.1,19.1,79,X, ,X,낮음
7/14/2019,옥천(604),X,31.1,31.2,24.3,20.6,78,X, ,X,낮음
7/14/2019,홍북(608),X,31.7,30.8,23.2,18.4,87,X, ,X,낮음
7/14/2019,공주(612),X,31,31,24.5,19.2,76,X, ,X,낮음
7/14/2019,서천(614),X,30,27.9,24.8,21.1,83,X, ,X,낮음
7/14/2019,논산(615),X,30.7,29.9,24.8,20,80,X, ,X,낮음
7/14/2019,당진(616),X,31.1,29.3,24.1,20.2,87,X, ,X,낮음
7/14/2019,청양(618),X,30.2,28.8,23,18.7,87,X, ,X,낮음
7/14/2019,음성(619),X,31,30.2,23.8,18.4,80,X, ,X,낮음
7/14/2019,증평(623),X,30.7,30,24.8,19.8,81,X, ,X,낮음
7/14/2019,태안(627),X,29.9,27.8,23.9,21.4,91,X, ,X,낮음
7/14/2019,예산(628),X,30.8,29.5,24.3,19.9,84,X, ,X,낮음
7/14/2019,아산(634),X,31.1,31.3,24.6,20.7,76,X, ,X,낮음
7/14/2019,계룡(636),X,30.4,29.7,23.5,17.4,78,X, ,X,낮음
7/14/2019,연천청산(652),X,30.6,29.8,24.1,18.8,79,X, ,X,낮음
7/14/2019,양양(670),X,27.6,23.9,21.6,19.7,97,X, ,X,낮음
7/14/2019,무안(699),X,30,28.5,23.8,20.5,84,X, ,X,낮음
7/14/2019,무주(701),X,31.5,30.3,24,20.4,90,X, ,X,낮음
7/14/2019,익산(702),X,31.9,30,24.6,20,88,X, ,X,낮음
7/14/2019,진안(703),X,29.7,28.2,23.3,19.7,85,X, ,X,낮음
7/14/2019,담양(706),X,32.8,30.5,24.9,20.1,91,X, ,X,낮음
7/14/2019,구례(709),X,31.2,30.2,24.7,21.3,82,X, ,X,낮음
7/14/2019,나주(710),X,31.4,30.1,24.4,20.2,82,X, ,X,낮음
7/14/2019,순천시(712),X,31.5,30,25.1,20.9,82,X, ,X,낮음
7/14/2019,광양읍(713),X,31.8,30.8,24.1,20.2,86,X, ,X,낮음
7/14/2019,장성(730),X,30.7,29.5,23.9,19.5,82,X, ,X,낮음
7/14/2019,영암(731),X,31.1,29.3,24.3,20,85,X, ,X,낮음
7/14/2019,보성(732),X,29.9,28.2,22.9,19.3,87,X, ,X,낮음
7/14/2019,완주(734),X,30.9,30,24.4,19.3,81,X, ,X,낮음
7/14/2019,김제(737),X,31,29.2,24.3,21.3,85,X, ,X,낮음
7/14/2019,화순(741),X,30.2,30.3,24.6,20.2,72,X, ,X,낮음
7/14/2019,함평(754),X,30.8,29.6,24.5,20.1,82,X, ,X,낮음
7/14/2019,곡성(768),X,30.8,30.3,23.7,19.6,81,X, ,X,낮음
7/14/2019,압해도(789),X,29.5,27,24,21.3,90,X, ,X,낮음
7/14/2019,영양(801),X,29.5,28.7,22.5,18.5,80,X, ,X,낮음
7/14/2019,성주(810),X,30.2,30.2,24.3,20.3,74,X, ,X,낮음
7/14/2019,고령(812),X,30.7,30.2,24,19.7,83,X, ,X,낮음
7/14/2019,청도(813),X,,,24.4,,,X, ,X,낮음
7/14/2019,예천(815),X,31.1,30.6,24,19.3,84,X, ,X,낮음
7/14/2019,김천(822),X,31.5,30.7,24.5,20.4,84,X, ,X,낮음
7/14/2019,군위(823),X,31.4,31,24.7,19.1,74,X, ,X,낮음
7/14/2019,칠곡(825),X,30.4,29.4,25.3,20.9,75,X, ,X,낮음
7/14/2019,경산(827),X,29.9,30.1,24,20.7,71,X, ,X,낮음
7/14/2019,삼척(876),X,27,24.7,22.1,19.4,81,X, ,X,낮음
7/14/2019,속초(90),X,26.5,24.1,22.1,20.8,87.8,X, ,X,낮음
7/14/2019,삼천포(907),X,29.3,27.1,22.7,19.2,85,X, ,X,낮음
7/14/2019,고성(918),X,29.7,27.8,23.3,18.9,84,X, ,X,낮음
7/14/2019,창녕(919),X,30.6,29.4,24.6,20.8,82,X, ,X,낮음
7/14/2019,함안(920),X,30.8,29.9,23.4,19.6,83,X, ,X,낮음
7/14/2019,북춘천(93),X,30.8,30.6,25.2,20.6,71.9,X, ,X,보통
7/14/2019,하동(932),X,30.6,29.2,24,20,80,X, ,X,낮음
7/14/2019,철원(95),X,30.6,29.5,23.5,18.5,85.4,X, ,X,낮음
7/14/2019,동두천(98),X,30.3,28.8,23.1,19.3,89,X, ,X,낮음
7/14/2019,파주(99),X,31.5,31.1,24,19.2,81,X, ,X,낮음
7/15/2019,북강릉(104),X,27.2,25,21.4,19.4,87.9,X, ,X,높음
7/15/2019,동해(106),X,26.1,23.7,21.2,19.1,88.1,X, ,X,낮음
7/15/2019,서울(108),X,28.4,27.4,23.8,22.1,80,X,관심,X,보통
7/15/2019,인천(112),X,28.1,26.5,24,22.1,85,X, ,X,보통
7/15/2019,원주(114),X,27.4,26,22.4,20.4,82.1,X, ,X,낮음
7/15/2019,울릉도(115),X,25.6,23,20.6,19.6,94.1,X, ,X,낮음
7/15/2019,수원(119),X,29.5,27.2,23.9,21.4,88.1,X, ,X,낮음
7/15/2019,영월(121),X,28.5,27.3,22.4,19.8,83.8,X, ,X,낮음
7/15/2019,충주(127),X,29.8,28.7,23,21.2,88.3,X, ,X,낮음
7/15/2019,서산(129),X,28.2,25.9,23.1,21.4,91.1,X, ,X,높음
7/15/2019,울진(130),X,27,24.5,22.6,20.6,87,X, ,X,낮음
7/15/2019,청주(131),X,29.4,28.1,24,20.2,83,X,관심,X,높음
7/15/2019,대전(133),X,30.2,28.3,23.8,21.5,87.6,X,관심,X,매우높음
7/15/2019,추풍령(135),X,27.6,25.7,21.6,20,85,X, ,X,낮음
7/15/2019,안동(136),X,26.2,23.8,22.1,20,83.1,X, ,X,매우높음
7/15/2019,상주(137),X,28.1,25.7,22.3,20.3,93.9,X, ,X,낮음
7/15/2019,포항(138),X,27.8,25.3,23.1,20.8,85.8,X, ,X,낮음
7/15/2019,군산(140),X,29,27.1,23.9,21.7,84.8,X, ,X,낮음
7/15/2019,대구(143),X,28.5,27.1,23.2,21.2,82.3,X, ,X,높음
7/15/2019,전주(146),X,31,29,23.7,21.3,93,X,관심,X,매우높음
7/15/2019,울산(152),X,28,26,22.4,19.5,88.1,X, ,X,높음
7/15/2019,창원(155),X,28.4,27.1,23.2,20.5,79.3,X, ,X,매우높음
7/15/2019,광주(156),X,30.8,29.5,25.2,21.5,80.9,X,관심,X,보통
7/15/2019,부산(159),X,28.4,26.6,23.6,21.8,78.4,X, ,X,매우높음
7/15/2019,통영(162),X,28.6,27,23.7,21.4,79.4,X, ,X,낮음
7/15/2019,목포(165),X,29.4,28,24.5,21.8,81.3,X, ,X,매우높음
7/15/2019,여수(168),X,28.7,26.7,24,22.4,83.9,X, ,X,낮음
7/15/2019,흑산도(169),X,28.1,25.3,21.4,19.6,95.1,X, ,X,낮음
7/15/2019,완도(170),X,29.5,27.3,23.5,20.6,86.1,X, ,X,낮음
7/15/2019,고창(172),X,30.2,28.9,23.6,20.1,87.3,X, ,X,낮음
7/15/2019,제주(184),X,28.9,26.5,24.2,22.2,87.3,X, ,X,매우높음
7/15/2019,진주(192),X,29.9,28.9,24.1,20.7,79.1,X, ,X,낮음
7/15/2019,양평(202),X,28.6,27.4,23.5,21.2,84.5,X,관심,X,낮음
7/15/2019,이천(203),X,29,27.2,23,20.2,90.4,X,관심,X,낮음
7/15/2019,인제(211),X,27.7,26.9,21.9,19.9,80.4,X, ,X,낮음
7/15/2019,홍천(212),X,28.1,26.1,22.4,20,86.4,X,관심,X,낮음
7/15/2019,태백(216),X,23.1,20.2,18.8,17.6,94.4,X, ,X,낮음
7/15/2019,정선군(217),X,26.5,25.1,21.6,19.1,79.4,X, ,X,낮음
7/15/2019,제천(221),X,28.3,26.8,22.5,20,80,X, ,X,낮음
7/15/2019,보은(226),X,29.3,28.2,23.2,20.7,82.6,X, ,X,낮음
7/15/2019,천안(232),X,28.5,26.8,23.3,20.6,84.5,X,관심,X,낮음
7/15/2019,보령(235),X,28.4,26.8,23.3,21.2,86.3,X, ,X,낮음
7/15/2019,부여(236),X,29,27.6,23.6,20.1,86,X,관심,X,낮음
7/15/2019,금산(238),X,29.5,28.6,22.5,19.6,83.8,X,관심,X,낮음
7/15/2019,세종(239),X,29.2,27.9,23.4,19.4,85.8,X,관심,X,높음
7/15/2019,부안(243),X,30.1,28.3,24,21.1,81.3,X, ,X,낮음
7/15/2019,임실(244),X,30,29.7,23.4,19.2,79.9,X,관심,X,낮음
7/15/2019,정읍(245),X,29.8,28.6,23.9,19.5,79.1,X,관심,X,낮음
7/15/2019,남원(247),X,29.9,29.4,23.3,19.3,84.8,X, ,X,낮음
7/15/2019,장수(248),X,28.6,27.9,22.5,18.2,79.1,X, ,X,낮음
7/15/2019,영광군(252),X,31.3,30.2,25.3,20.7,79.6,X, ,X,낮음
7/15/2019,김해시(253),X,30.4,29.1,24.4,21.5,76,X, ,X,낮음
7/15/2019,순창군(254),X,30.3,29.4,23.7,20.5,84.4,X,관심,X,낮음
7/15/2019,양산시(257),X,30.4,29.1,24.4,22.2,75.1,X, ,X,낮음
7/15/2019,강진군(259),X,29.9,28.6,24.3,21,80.4,X, ,X,낮음
7/15/2019,장흥(260),X,30.6,29.2,24.6,20.3,78.4,X, ,X,낮음
7/15/2019,해남(261),X,30.2,28.6,23.5,19.6,86.3,X, ,X,낮음
7/15/2019,고흥(262),X,29.4,27.5,23.1,20,83.9,X, ,X,낮음
7/15/2019,의령군(263),X,30,29.3,23.9,20.6,80.9,X, ,X,낮음
7/15/2019,함양군(264),X,31.1,29.2,23.3,20.5,93.8,X, ,X,낮음
7/15/2019,진도군ASOS(268),X,29.1,27.5,23.2,20.1,82.8,X, ,X,낮음
7/15/2019,봉화(271),X,26.4,24.7,21,19.5,93,X, ,X,낮음
7/15/2019,영주(272),X,26.2,24.2,21.5,19.5,84.8,X, ,X,낮음
7/15/2019,문경(273),X,27,24.7,21.8,19.6,85.6,X, ,X,낮음
7/15/2019,청송군(276),X,27.2,24.8,21.5,18.8,91.8,X, ,X,낮음
7/15/2019,영덕(277),X,29.6,27.7,22.9,20,84.8,X, ,X,낮음
7/15/2019,의성(278),X,28,26.4,22.9,20.8,86.4,X, ,X,낮음
7/15/2019,구미(279),X,29.7,27.1,22.6,20.4,97.3,X, ,X,낮음
7/15/2019,영천(281),X,27.8,26.4,23.1,20.9,79.5,X, ,X,낮음
7/15/2019,경주시(283),X,28.7,27,22.5,19.6,86.3,X, ,X,낮음
7/15/2019,거창(284),X,29.3,27.8,22.5,19.5,88.8,X, ,X,낮음
7/15/2019,합천(285),X,29.8,29.2,23.4,20,78.5,X, ,X,낮음
7/15/2019,밀양(288),X,29.1,29.1,25,22.4,71.6,X, ,X,낮음
7/15/2019,산청(289),X,29.6,28,23.3,20.2,87.8,X, ,X,낮음
7/15/2019,거제(294),X,30.5,29.1,24.5,22.6,83,X, ,X,낮음
7/15/2019,남해(295),X,29.8,28.7,24,20.7,75.6,X, ,X,낮음
7/15/2019,부천(433),X,,27.3,23.6,21,,X, ,X,낮음
7/15/2019,안양(434),X,,27,24,21.8,,X, ,X,낮음
7/15/2019,광명(437),X,,27.2,24.3,21.6,,X, ,X,낮음
7/15/2019,군포(438),X,,27.5,24.1,20.9,,X, ,X,낮음
7/15/2019,김포(441),X,,26.2,22.2,19.9,,X, ,X,낮음
7/15/2019,하남(444),X,,,,,,X,관심,X,낮음
7/15/2019,의왕(445),X,,25.1,22,19.4,,X, ,X,낮음
7/15/2019,포천(504),X,28.6,27.8,22.4,19.1,81,X, ,X,낮음
7/15/2019,가평조종(505),X,,28.4,22.1,18.8,,X,관심,X,낮음
7/15/2019,안성(516),X,29.3,27.7,23.8,20.4,86,X,관심,X,낮음
7/15/2019,간성(517),X,27.2,24.2,21.8,20.1,95,X, ,X,낮음
7/15/2019,평창(526),X,28,26.8,21.7,19.4,82,X, ,X,낮음
7/15/2019,의정부(532),X,29.7,27.5,22.4,19.8,93,X, ,X,낮음
7/15/2019,횡성(536),X,28.9,26.4,21.8,19.4,97,X,관심,X,낮음
7/15/2019,고양(540),X,29.7,28.5,22.6,19.7,90,X, ,X,낮음
7/15/2019,남양주(541),X,28.8,27.8,22.9,20.5,87,X, ,X,낮음
7/15/2019,안산(545),X,28.7,26.8,23.3,19.6,87,X, ,X,낮음
7/15/2019,경기광주(546),X,29.3,28,22.9,20.2,89,X,관심,X,낮음
7/15/2019,여주(548),X,28.1,26,22,19.9,91,X,관심,X,낮음
7/15/2019,용인(549),X,27.8,26.4,22.6,20.5,81,X,관심,X,낮음
7/15/2019,오산(550),X,28.2,27,23.2,20.8,82,X, ,X,낮음
7/15/2019,평택(551),X,29.4,28.1,23.5,20.8,90,X, ,X,낮음
7/15/2019,화천(555),X,30.8,29.8,22.5,19.8,89,X, ,X,낮음
7/15/2019,양구(556),X,29.1,28.3,22.9,19.2,79,X, ,X,낮음
7/15/2019,시흥(565),X,29.4,27.5,24.9,21.3,80,X, ,X,낮음
7/15/2019,구리(569),X,29.5,28.9,23.5,21.1,77,X, ,X,낮음
7/15/2019,화성(571),X,29.3,27.9,23.7,21.4,82,X, ,X,낮음
7/15/2019,성남(572),X,28.8,27.7,23,21,82,X,관심,X,높음
7/15/2019,과천(590),X,28.3,26.6,22.7,19.8,88,X, ,X,낮음
7/15/2019,양주(598),X,29.6,28.4,22.6,19,87,X, ,X,낮음
7/15/2019,단양(601),X,30.4,28.8,23.4,20.5,91,X, ,X,낮음
7/15/2019,진천(602),X,29.3,28.6,23.8,21.5,76,X,관심,X,낮음
7/15/2019,괴산(603),X,29.6,28.6,23.3,21,86,X, ,X,낮음
7/15/2019,옥천(604),X,29.7,28.7,22.7,20,88,X, ,X,낮음
7/15/2019,홍북(608),X,29.5,27,22.7,20.5,92,X, ,X,낮음
7/15/2019,공주(612),X,29.6,28.6,23.6,19.4,83,X,관심,X,낮음
7/15/2019,서천(614),X,29,27,24,21.7,86,X, ,X,낮음
7/15/2019,논산(615),X,30.3,28.9,24.9,21.9,81,X,관심,X,낮음
7/15/2019,당진(616),X,29.6,27,22.8,20.7,92,X, ,X,낮음
7/15/2019,청양(618),X,28.8,26.6,22.7,19.5,91,X, ,X,낮음
7/15/2019,음성(619),X,28.6,26.9,22.6,21,91,X, ,X,낮음
7/15/2019,증평(623),X,29.7,27.7,23.2,21.1,93,X,관심,X,낮음
7/15/2019,태안(627),X,28.4,25.7,23,21.7,93,X, ,X,낮음
7/15/2019,예산(628),X,29.4,27.3,24,21.3,86,X, ,X,낮음
7/15/2019,아산(634),X,29.3,28.7,24.2,21.3,77,X,관심,X,낮음
7/15/2019,계룡(636),X,30.1,28.9,23,19.4,86,X, ,X,낮음
7/15/2019,연천청산(652),X,29.1,28.1,22.5,18.9,90,X, ,X,낮음
7/15/2019,양양(670),X,29.8,26.7,22.4,20.2,97,X, ,X,낮음
7/15/2019,무안(699),X,30.1,28.8,23.8,20.2,83,X, ,X,낮음
7/15/2019,무주(701),X,31.3,29.8,23.5,20.2,92,X, ,X,낮음
7/15/2019,익산(702),X,31.5,29.7,24.9,20.5,89,X,관심,X,낮음
7/15/2019,진안(703),X,29.3,27.6,21.8,18.1,90,X, ,X,낮음
7/15/2019,담양(706),X,32.4,29.4,24,20.5,95,X, ,X,낮음
7/15/2019,구례(709),X,30.6,29.5,24.2,20.6,83,X, ,X,낮음
7/15/2019,나주(710),X,30.9,29.6,24.7,19.8,82,X,관심,X,낮음
7/15/2019,순천시(712),X,30.5,28.7,24.8,21,83,X, ,X,낮음
7/15/2019,광양읍(713),X,31.5,30.3,25.1,20.9,77,X, ,X,낮음
7/15/2019,장성(730),X,30.1,29.2,24,19.3,83,X, ,X,낮음
7/15/2019,영암(731),X,31.1,29.7,24.3,20.1,84,X, ,X,낮음
7/15/2019,보성(732),X,29.2,27.3,22.6,19.1,87,X, ,X,낮음
7/15/2019,완주(734),X,30.2,29.1,23.6,20.9,87,X,관심,X,낮음
7/15/2019,김제(737),X,30.2,28.7,24,21.1,83,X, ,X,낮음
7/15/2019,화순(741),X,29.8,29.5,24.1,20.6,76,X,관심,X,낮음
7/15/2019,함평(754),X,30.8,29.4,24.2,20.7,84,X, ,X,낮음
7/15/2019,곡성(768),X,30,29.1,23.3,18.7,83,X, ,X,낮음
7/15/2019,압해도(789),X,30,28,23.8,20.9,87,X, ,X,낮음
7/15/2019,영양(801),X,28.2,26.4,21.3,18.5,91,X, ,X,낮음
7/15/2019,성주(810),X,28.4,27,22.3,20.2,84,X, ,X,낮음
7/15/2019,고령(812),X,29,27.3,22.4,20,92,X, ,X,낮음
7/15/2019,청도(813),X,,28.4,23.3,20.5,,X, ,X,낮음
7/15/2019,예천(815),X,27.5,23.9,21.7,19.5,98,X, ,X,낮음
7/15/2019,김천(822),X,29.9,27.6,22.5,20.3,91,X, ,X,낮음
7/15/2019,군위(823),X,28.9,26.8,22.8,20.3,86,X, ,X,낮음
7/15/2019,칠곡(825),X,29.2,27.6,23,21.1,89,X, ,X,낮음
7/15/2019,경산(827),X,28.5,27,22.6,21.2,81,X, ,X,낮음
7/15/2019,삼척(876),X,26.7,24.6,22.2,20.6,85,X, ,X,낮음
7/15/2019,속초(90),X,27.9,25.1,22.1,20.1,91.9,X, ,X,낮음
7/15/2019,삼천포(907),X,29.1,27.4,23.4,20.9,85,X, ,X,낮음
7/15/2019,고성(918),X,29.5,27.5,23.8,20.7,82,X, ,X,낮음
7/15/2019,창녕(919),X,30.2,29.2,23.6,20.4,84,X, ,X,낮음
7/15/2019,함안(920),X,30.7,30,24.4,21.1,76,X, ,X,낮음
7/15/2019,북춘천(93),X,30.2,29.1,23.2,20,85,X, ,X,보통
7/15/2019,하동(932),X,30,28.9,24.6,21.1,78,X, ,X,낮음
7/15/2019,철원(95),X,29.8,28.2,21.9,19.3,93.8,X, ,X,낮음
7/15/2019,동두천(98),X,29.4,27.5,22.2,19.3,90.9,X, ,X,낮음
7/15/2019,파주(99),X,28.9,27.1,21.5,19.2,92.6,X, ,X,낮음
7/16/2019,북강릉(104),X,25.7,22.8,21.3,19.9,92.1,X, ,X,보통
7/16/2019,동해(106),X,26.9,24.3,21.4,20,89.1,X, ,X,낮음
7/16/2019,서울(108),X,29.6,28.8,24.7,21.4,79,X,관심,X,높음
7/16/2019,인천(112),X,29.3,28.1,24.3,22,85,X, ,X,매우높음
7/16/2019,원주(114),X,29.8,29.9,23.8,19.8,73.9,X,관심,X,낮음
7/16/2019,울릉도(115),X,24.5,22.1,20,19.1,88.3,X, ,X,낮음
7/16/2019,수원(119),X,31,29.5,25.1,21.5,81.5,X,관심,X,낮음
7/16/2019,영월(121),X,30.3,29.7,23.6,19.8,78.8,X,관심,X,낮음
7/16/2019,충주(127),X,30.8,30.3,24.5,20.2,77,X, ,X,낮음
7/16/2019,서산(129),X,29.7,28.3,23.9,21.3,83.5,X, ,X,매우높음
7/16/2019,울진(130),X,27.9,25.7,22.8,21.2,86.4,X, ,X,낮음
7/16/2019,청주(131),X,31.2,31,25,20.2,73.8,X, ,X,매우높음
7/16/2019,대전(133),X,31.7,30.6,24.8,20.2,83.4,X, ,X,매우높음
7/16/2019,추풍령(135),X,29.1,28.3,22.4,18.2,78.6,X, ,X,낮음
7/16/2019,안동(136),X,29.7,29.7,24.2,20.7,70.9,X, ,X,높음
7/16/2019,상주(137),X,30.9,29.5,24.3,20.7,83.8,X, ,X,낮음
7/16/2019,포항(138),X,28,25.8,23.9,22.6,84.1,X, ,X,낮음
7/16/2019,군산(140),X,30.6,29.4,24.3,21,83.1,X, ,X,낮음
7/16/2019,대구(143),X,30.3,29.7,24.6,21,78.8,X, ,X,매우높음
7/16/2019,전주(146),X,32.2,30.8,24,21.2,90.6,X, ,X,매우높음
7/16/2019,울산(152),X,28.4,26.8,23.2,19.7,84.9,X, ,X,매우높음
7/16/2019,창원(155),X,28.5,27.1,23.4,20.4,78.1,X, ,X,매우높음
7/16/2019,광주(156),X,30.9,29.8,24.6,21.2,83.9,X, ,X,매우높음
7/16/2019,부산(159),X,28.7,27.1,23.8,21,77.5,X, ,X,매우높음
7/16/2019,통영(162),X,29.3,28,23.9,20.3,76.5,X, ,X,낮음
7/16/2019,목포(165),X,29.9,28.6,24.9,21.5,78.3,X, ,X,매우높음
7/16/2019,여수(168),X,28.6,26.7,24.1,21.7,83,X, ,X,낮음
7/16/2019,흑산도(169),X,28.6,26.1,22.2,19.6,91.1,X, ,X,낮음
7/16/2019,완도(170),X,29.5,27.6,23.5,20,83.1,X, ,X,낮음
7/16/2019,고창(172),X,30.3,29.1,24.1,19.7,84.1,X, ,X,낮음
7/16/2019,제주(184),X,29.1,27.2,24.8,22.2,79.1,X, ,X,매우높음
7/16/2019,진주(192),X,30.5,29.3,23.7,19.2,81.1,X, ,X,낮음
7/16/2019,양평(202),X,30.7,31.2,25,20.7,73.1,X,관심,X,낮음
7/16/2019,이천(203),X,31.4,31.2,24.8,20.3,80,X,관심,X,낮음
7/16/2019,인제(211),X,28.2,27,22.1,19.1,79.9,X, ,X,낮음
7/16/2019,홍천(212),X,31,30.6,24.3,20,78.3,X,관심,X,낮음
7/16/2019,태백(216),X,25.8,24.1,19.6,17.2,92.8,X, ,X,낮음
7/16/2019,정선군(217),X,28.5,28.6,21.8,19.4,79.3,X, ,X,낮음
7/16/2019,제천(221),X,30.2,30.5,23.7,19.9,73.5,X, ,X,낮음
7/16/2019,보은(226),X,30.4,30.1,24,18.6,77.8,X, ,X,낮음
7/16/2019,천안(232),X,30.1,29.3,23.2,19.7,80.8,X, ,X,낮음
7/16/2019,보령(235),X,28.9,27.2,23.9,21.2,78.8,X, ,X,낮음
7/16/2019,부여(236),X,31.2,31,24.6,20,80.8,X, ,X,낮음
7/16/2019,금산(238),X,29.9,29.4,23.8,18.8,74.5,X, ,X,낮음
7/16/2019,세종(239),X,30.9,30.3,24.1,19.9,81.1,X, ,X,매우높음
7/16/2019,부안(243),X,30.8,29.6,24.7,20.8,77.5,X, ,X,낮음
7/16/2019,임실(244),X,30.5,30,23.1,18.6,82,X, ,X,낮음
7/16/2019,정읍(245),X,30.2,29.2,24,20,79.8,X, ,X,낮음
7/16/2019,남원(247),X,30.4,29.9,23.1,18.9,88,X, ,X,낮음
7/16/2019,장수(248),X,28.6,27.3,22,17.7,81,X, ,X,낮음
7/16/2019,영광군(252),X,31.6,30.6,25.2,20.5,78.8,X, ,X,낮음
7/16/2019,김해시(253),X,30.8,29.8,24.5,20.7,75.8,X, ,X,낮음
7/16/2019,순창군(254),X,31.2,30.7,23.9,19.6,85.5,X, ,X,낮음
7/16/2019,양산시(257),X,30.9,30.2,25.2,20.4,75,X, ,X,낮음
7/16/2019,강진군(259),X,30.5,29.4,23.9,20,79,X, ,X,낮음
7/16/2019,장흥(260),X,30.9,29.6,24.5,19.2,76.8,X, ,X,낮음
7/16/2019,해남(261),X,30.3,28.8,23.4,18.8,83.4,X, ,X,낮음
7/16/2019,고흥(262),X,29.5,28.1,23,18.7,82.4,X, ,X,낮음
7/16/2019,의령군(263),X,30.7,29.5,23.9,20.2,81,X, ,X,낮음
7/16/2019,함양군(264),X,30.7,29.1,22.9,18.9,91.1,X, ,X,낮음
7/16/2019,진도군ASOS(268),X,29.5,28.2,23.4,19.5,80,X, ,X,낮음
7/16/2019,봉화(271),X,28.4,27.8,22,19.1,85.1,X, ,X,낮음
7/16/2019,영주(272),X,29.6,29.7,23.1,19.6,77.9,X, ,X,낮음
7/16/2019,문경(273),X,29.8,28.9,23.6,20.1,79.9,X, ,X,낮음
7/16/2019,청송군(276),X,29.3,27.3,22.1,18.8,87.1,X, ,X,낮음
7/16/2019,영덕(277),X,29.3,27.5,22.5,20,87.1,X, ,X,낮음
7/16/2019,의성(278),X,30.1,30,23.7,20.1,80.8,X, ,X,낮음
7/16/2019,구미(279),X,31.3,29.7,25,20.6,84.9,X, ,X,낮음
7/16/2019,영천(281),X,29.5,28.9,24,20.8,77,X, ,X,낮음
7/16/2019,경주시(283),X,29.6,28.5,23.3,19.5,82,X, ,X,낮음
7/16/2019,거창(284),X,29,27.6,22.4,18.2,86,X, ,X,낮음
7/16/2019,합천(285),X,30.5,30.4,24.2,19.3,74.3,X, ,X,낮음
7/16/2019,밀양(288),X,29,28.7,24.8,21.2,72.6,X, ,X,낮음
7/16/2019,산청(289),X,31.4,30.5,24.1,19.3,79.9,X, ,X,낮음
7/16/2019,거제(294),X,30.2,28.6,24.6,20.7,82.4,X, ,X,낮음
7/16/2019,남해(295),X,30.4,29.3,24.4,20.5,79.8,X, ,X,낮음
7/16/2019,부천(433),X,,28.4,23.6,21.3,,X,관심,X,낮음
7/16/2019,안양(434),X,,27.9,24.6,22.4,83,X,관심,X,낮음
7/16/2019,광명(437),X,,28.9,25,22.6,,X,관심,X,낮음
7/16/2019,군포(438),X,,29,24.7,21.5,,X,관심,X,낮음
7/16/2019,김포(441),X,,28.1,22.6,20.3,,X, ,X,낮음
7/16/2019,하남(444),X,,,,,,X,관심,X,낮음
7/16/2019,의왕(445),X,,27.3,22.6,19.6,,X,관심,X,낮음
7/16/2019,포천(504),X,29.3,28.4,23.8,20.2,76,X,관심,X,낮음
7/16/2019,가평조종(505),X,,30.1,23.5,19.3,,X,관심,X,낮음
7/16/2019,안성(516),X,32,31,24.5,20.3,84,X,관심,X,낮음
7/16/2019,간성(517),X,26.3,22.7,21.5,20.3,97,X, ,X,낮음
7/16/2019,평창(526),X,28.2,27.6,22,18.6,82,X, ,X,낮음
7/16/2019,의정부(532),X,30.8,28.5,23.8,20.6,92,X,관심,X,낮음
7/16/2019,횡성(536),X,31.8,30.7,24.2,18.9,85,X,관심,X,낮음
7/16/2019,고양(540),X,31.9,31,24.5,20.5,85,X,관심,X,낮음
7/16/2019,남양주(541),X,29.8,29.3,24.3,20.6,81,X,관심,X,낮음
7/16/2019,안산(545),X,29.9,28.8,23.3,19.3,86,X,관심,X,낮음
7/16/2019,경기광주(546),X,30,29.2,23.9,20.4,84,X,관심,X,낮음
7/16/2019,여주(548),X,30.4,29.9,23.5,19.3,84,X,관심,X,낮음
7/16/2019,용인(549),X,29.8,29.7,23.8,19.9,76,X,관심,X,낮음
7/16/2019,오산(550),X,30.2,30.5,24.6,20.6,71,X,관심,X,낮음
7/16/2019,평택(551),X,31.4,30.7,24.6,20.5,82,X,관심,X,낮음
7/16/2019,화천(555),X,31.9,31.6,23.5,19.7,85,X,관심,X,낮음
7/16/2019,양구(556),X,30.1,29.4,22.9,19.6,83,X, ,X,낮음
7/16/2019,시흥(565),X,29.8,28.3,24.3,21.3,83,X, ,X,낮음
7/16/2019,구리(569),X,30,29.9,24.7,20.8,74,X,관심,X,낮음
7/16/2019,화성(571),X,30.6,30.4,24.5,21.1,77,X,관심,X,낮음
7/16/2019,성남(572),X,29.6,28.8,24.7,21.3,76,X,관심,X,매우높음
7/16/2019,과천(590),X,30.1,28.7,24,21.1,84,X,관심,X,낮음
7/16/2019,양주(598),X,29.8,28.9,23.6,20.2,84,X,관심,X,낮음
7/16/2019,단양(601),X,31,29.9,24.6,20.6,85,X, ,X,낮음
7/16/2019,진천(602),X,30.3,30.5,24.6,19.9,67,X, ,X,낮음
7/16/2019,괴산(603),X,30.6,30.6,24.5,20.1,79,X, ,X,낮음
7/16/2019,옥천(604),X,30.8,30.4,23.9,18.7,79,X, ,X,낮음
7/16/2019,홍북(608),X,31.5,30.4,23.8,19.7,82,X, ,X,낮음
7/16/2019,공주(612),X,30.4,30.1,24.4,19.5,80,X, ,X,낮음
7/16/2019,서천(614),X,30.5,29.4,24.7,21.2,81,X, ,X,낮음
7/16/2019,논산(615),X,31.7,31.3,25.6,20.6,78,X, ,X,낮음
7/16/2019,당진(616),X,30.6,27.9,23.1,20.1,91,X, ,X,낮음
7/16/2019,청양(618),X,30.7,29.3,23.4,19,84,X, ,X,낮음
7/16/2019,음성(619),X,29.8,28.9,24,20.2,81,X, ,X,낮음
7/16/2019,증평(623),X,30.8,29.7,24.3,19.4,83,X, ,X,낮음
7/16/2019,태안(627),X,29.6,27.6,23.8,21.2,87,X, ,X,낮음
7/16/2019,예산(628),X,30.8,29.6,24,20.9,87,X, ,X,낮음
7/16/2019,아산(634),X,30.6,30.5,24.1,20.6,81,X, ,X,낮음
7/16/2019,계룡(636),X,30.4,30.2,23.3,18.5,82,X, ,X,낮음
7/16/2019,연천청산(652),X,29.7,28.6,23.2,19.9,88,X,관심,X,낮음
7/16/2019,양양(670),X,27.3,23.7,21.8,20,97,X, ,X,낮음
7/16/2019,무안(699),X,30.4,29.4,24.2,20.2,81,X, ,X,낮음
7/16/2019,무주(701),X,31.4,30.1,23.1,18,90,X, ,X,낮음
7/16/2019,익산(702),O,33.6,32.1,25.2,20.4,88,X, ,X,낮음
7/16/2019,진안(703),X,29.1,27.2,21.6,17.7,91,X, ,X,낮음
7/16/2019,담양(706),X,32.6,30,24.6,20.3,93,X, ,X,낮음
7/16/2019,구례(709),X,30.7,29.3,24.3,19.5,83,X, ,X,낮음
7/16/2019,나주(710),X,30.9,29.8,24.5,19.5,83,X, ,X,낮음
7/16/2019,순천시(712),X,31.2,29.5,25.2,21.3,81,X, ,X,낮음
7/16/2019,광양읍(713),X,31.4,30.8,25.5,20.2,76,X, ,X,낮음
7/16/2019,장성(730),X,30.9,30.1,24.1,19.5,84,X, ,X,낮음
7/16/2019,영암(731),X,30.7,29.6,24.6,19.6,80,X, ,X,낮음
7/16/2019,보성(732),X,29.4,27.8,22.5,18.5,89,X, ,X,낮음
7/16/2019,완주(734),X,31.3,30.7,24,19.6,86,X, ,X,낮음
7/16/2019,김제(737),X,31,29.8,24.7,21.1,81,X, ,X,낮음
7/16/2019,화순(741),X,29.9,29.6,23.8,19.4,75,X, ,X,낮음
7/16/2019,함평(754),X,31.2,30.3,24.8,20.1,80,X, ,X,낮음
7/16/2019,곡성(768),X,30.8,30.1,,19.3,81,X, ,X,낮음
7/16/2019,압해도(789),X,30.5,28.9,24.5,20.5,83,X, ,X,낮음
7/16/2019,영양(801),X,29.1,27.5,22.2,18.9,85,X, ,X,낮음
7/16/2019,성주(810),X,30.2,30,24.5,19.9,72,X, ,X,낮음
7/16/2019,고령(812),X,30.8,30.3,23.5,19.3,86,X, ,X,낮음
7/16/2019,청도(813),X,,28.9,24.2,20.4,,X, ,X,낮음
7/16/2019,예천(815),X,31,29.5,23.1,20.3,92,X, ,X,낮음
7/16/2019,김천(822),X,30.9,,,,,X, ,X,낮음
7/16/2019,군위(823),X,30.8,29.7,24.7,20.4,77,X, ,X,낮음
7/16/2019,칠곡(825),X,30.7,29.8,24.6,20.4,80,X, ,X,낮음
7/16/2019,경산(827),X,30,29.4,24.1,20.8,77,X, ,X,낮음
7/16/2019,삼척(876),X,27.2,24.9,22.2,20.5,85,X, ,X,낮음
7/16/2019,속초(90),X,27,24.2,21.9,20.5,92.4,X, ,X,낮음
7/16/2019,삼천포(907),X,29.4,,,,,X, ,X,낮음
7/16/2019,고성(918),X,29.8,28.5,23.9,19.8,81,X, ,X,낮음
7/16/2019,창녕(919),X,31,29.8,24.2,20.4,84,X, ,X,낮음
7/16/2019,함안(920),X,31.2,30.8,24.3,20.4,77,X, ,X,낮음
7/16/2019,북춘천(93),X,30.6,30.4,23.6,19.5,84.1,X,관심,X,보통
7/16/2019,하동(932),X,30.5,29.8,24.9,21,77,X, ,X,낮음
7/16/2019,철원(95),X,30.1,28.4,22.8,19.1,91.1,X, ,X,낮음
7/16/2019,동두천(98),X,30.3,28.3,23.2,20,88.4,X,관심,X,낮음
7/16/2019,파주(99),X,29.7,27.8,23.1,19.7,89,X,관심,X,낮음
7/17/2019,북강릉(104),X,27.8,25.7,22.6,19.9,87,X, ,X,위험
7/17/2019,동해(106),X,26.2,24.1,21.8,19.8,86.3,X, ,X,낮음
7/17/2019,서울(108),X,29.8,29.2,25.6,22.3,73.9,X,관심,X,보통
7/17/2019,인천(112),X,29.7,28.4,25.1,22.3,76.4,X, ,X,매우높음
7/17/2019,원주(114),X,29.9,29.3,25.3,21.4,71.9,X,관심,X,낮음
7/17/2019,울릉도(115),X,27.4,25.5,21.7,18.2,80.9,X, ,X,낮음
7/17/2019,수원(119),X,31.8,30.6,26.1,22,78.3,X,관심,X,낮음
7/17/2019,영월(121),X,31.2,30.8,24.2,19.7,76.1,X,관심,X,낮음
7/17/2019,충주(127),X,30.8,29.7,25.3,21.6,72.3,X, ,X,낮음
7/17/2019,서산(129),X,30.1,28.5,24.2,19.9,80.9,X, ,X,매우높음
7/17/2019,울진(130),X,27.9,25.8,22.9,20.2,85.5,X, ,X,낮음
7/17/2019,청주(131),X,30.9,30.3,26.9,23.7,69.6,X, ,X,매우높음
7/17/2019,대전(133),X,31.5,30,26,22.2,81.5,X, ,X,매우높음
7/17/2019,추풍령(135),X,28.7,27.6,23.2,20.7,77.6,X, ,X,낮음
7/17/2019,안동(136),X,29.7,29.3,24.6,20.2,72.1,X, ,X,높음
7/17/2019,상주(137),X,30.4,28.5,24.4,21.5,82.4,X, ,X,낮음
7/17/2019,포항(138),X,28.7,26.7,24.3,22.1,80.4,X, ,X,낮음
7/17/2019,군산(140),X,31.4,30.4,25,21.2,84,X, ,X,낮음
7/17/2019,대구(143),X,30.2,29.4,25,20.4,75,X, ,X,높음
7/17/2019,전주(146),O,33,31.5,26.3,21.8,84.5,X, ,X,매우높음
7/17/2019,울산(152),X,29,27.8,23.3,19.4,83.9,X, ,X,매우높음
7/17/2019,창원(155),X,28.8,28,23.5,19.8,75.5,X, ,X,매우높음
7/17/2019,광주(156),X,30.7,30.4,25.3,21.4,77.4,X, ,X,매우높음
7/17/2019,부산(159),X,28.8,27.8,23.8,21.2,79.3,X, ,X,매우높음
7/17/2019,통영(162),X,30.2,28.7,24.3,20.8,77.1,X, ,X,낮음
7/17/2019,목포(165),X,30.1,29.4,24.9,21.5,75.8,X, ,X,매우높음
7/17/2019,여수(168),X,28.5,26.7,24,22.2,81.5,X, ,X,낮음
7/17/2019,흑산도(169),X,28,25.7,21.7,19.2,91,X, ,X,낮음
7/17/2019,완도(170),X,28.3,26,23,21,87.9,X, ,X,낮음
7/17/2019,고창(172),X,31.3,30.8,25.3,20.9,78.8,X, ,X,낮음
7/17/2019,제주(184),X,29.8,28,25,22.9,84.4,X, ,X,높음
7/17/2019,진주(192),X,29.9,29.1,24.4,19.2,78,X, ,X,낮음
7/17/2019,양평(202),X,30.9,30.7,25.7,22.6,75.4,X,관심,X,낮음
7/17/2019,이천(203),X,31.7,30.9,26,22.2,78,X,관심,X,낮음
7/17/2019,인제(211),X,28.9,28.1,23.4,18.9,74.5,X, ,X,낮음
7/17/2019,홍천(212),X,30.7,29.9,25.3,21.1,75,X,관심,X,낮음
7/17/2019,태백(216),X,28.2,27,21.2,17.1,85.6,X, ,X,낮음
7/17/2019,정선군(217),X,30.5,30.6,23.8,19.4,72.3,X, ,X,낮음
7/17/2019,제천(221),X,30.6,30.5,24.4,19.5,72.6,X, ,X,낮음
7/17/2019,보은(226),X,29.9,28.7,24.1,20.1,79.1,X, ,X,낮음
7/17/2019,천안(232),X,30,29.4,24.5,20.5,79.8,X, ,X,낮음
7/17/2019,보령(235),X,30.2,28.7,24.3,20.6,80.1,X, ,X,낮음
7/17/2019,부여(236),X,31.5,30.4,25.3,21,82.1,X, ,X,낮음
7/17/2019,금산(238),X,30.7,30,24.7,20.4,76,X, ,X,낮음
7/17/2019,세종(239),X,30.5,29.5,25.4,21.4,80.4,X, ,X,높음
7/17/2019,부안(243),X,32.1,31.5,25.7,22.2,77,X, ,X,낮음
7/17/2019,임실(244),X,31.1,30.9,24.5,20.2,76.8,X, ,X,낮음
7/17/2019,정읍(245),X,31.4,31.4,25.2,21.1,76.1,X, ,X,낮음
7/17/2019,남원(247),X,30.1,30,25,20.8,77.8,X, ,X,낮음
7/17/2019,장수(248),X,28.9,28.5,23.1,17.7,75.6,X, ,X,낮음
7/17/2019,영광군(252),X,31.8,32.2,25.9,21.3,78,X, ,X,낮음
7/17/2019,김해시(253),X,31.5,31.2,25.2,20.6,72.8,X, ,X,낮음
7/17/2019,순창군(254),X,30.4,29.8,24.9,21,79.9,X, ,X,낮음
7/17/2019,양산시(257),X,32.2,31.9,25.5,21.3,73.3,X, ,X,낮음
7/17/2019,강진군(259),X,29.1,27.6,23.9,19.7,79.4,X, ,X,낮음
7/17/2019,장흥(260),X,29.9,28.3,24.6,19.4,76.8,X, ,X,낮음
7/17/2019,해남(261),X,29,27.5,23.4,19.5,83.8,X, ,X,낮음
7/17/2019,고흥(262),X,28.4,26.6,23,19.6,83,X, ,X,낮음
7/17/2019,의령군(263),X,30.6,29.5,24.3,19.6,79.3,X, ,X,낮음
7/17/2019,함양군(264),X,30.8,29.4,24.1,19.2,87.3,X, ,X,낮음
7/17/2019,진도군ASOS(268),X,29.1,27.7,23.6,19.9,81,X, ,X,낮음
7/17/2019,봉화(271),X,29.1,28.4,23,18.8,81.1,X, ,X,낮음
7/17/2019,영주(272),X,29.1,28.3,23.6,20.2,74.6,X, ,X,낮음
7/17/2019,문경(273),X,29.6,28.3,23.6,21,79.3,X, ,X,낮음
7/17/2019,청송군(276),X,29.9,28.1,22.7,16.7,86.6,X, ,X,낮음
7/17/2019,영덕(277),X,28.2,26.3,22.3,19.1,85.5,X, ,X,낮음
7/17/2019,의성(278),X,31.2,31.6,24.7,18.6,72.5,X, ,X,낮음
7/17/2019,구미(279),X,30.7,29.4,25.1,21.4,84.9,X, ,X,낮음
7/17/2019,영천(281),X,29.7,29.1,24.1,18.7,74.9,X, ,X,낮음
7/17/2019,경주시(283),X,29.8,28.6,23.7,17.7,80.4,X, ,X,낮음
7/17/2019,거창(284),X,29.7,28.4,23.7,20.3,83.3,X, ,X,낮음
7/17/2019,합천(285),X,30.3,30.4,24.8,20.9,72.1,X, ,X,낮음
7/17/2019,밀양(288),X,29.6,30.4,25.2,20.1,69.6,X, ,X,낮음
7/17/2019,산청(289),X,30.4,29.7,24.4,19.7,77.6,X, ,X,낮음
7/17/2019,거제(294),X,29.9,28,24.2,20.7,84.1,X, ,X,낮음
7/17/2019,남해(295),X,30.1,28.9,24.4,20.3,79.9,X, ,X,낮음
7/17/2019,부천(433),X,,29.3,25.3,21.5,,X,관심,X,낮음
7/17/2019,안양(434),X,,29.3,26.1,22.5,,X,관심,X,낮음
7/17/2019,광명(437),X,,30.3,26.5,22.6,,X,관심,X,낮음
7/17/2019,군포(438),X,,30,26,22,,X,관심,X,낮음
7/17/2019,김포(441),X,,27.3,23.9,20.2,,X, ,X,낮음
7/17/2019,하남(444),X,,,25.2,,,X,관심,X,낮음
7/17/2019,의왕(445),X,,28,24,19.8,,X,관심,X,낮음
7/17/2019,포천(504),X,29.1,28.2,23.9,20.6,80,X,관심,X,낮음
7/17/2019,가평조종(505),X,,28.1,23.7,20.1,,X,관심,X,낮음
7/17/2019,안성(516),X,31.6,30.8,26.1,22.2,79,X,관심,X,낮음
7/17/2019,간성(517),X,28.6,25.5,22.8,20.8,95,X, ,X,낮음
7/17/2019,평창(526),X,29.5,29.1,23.5,18.7,79,X, ,X,낮음
7/17/2019,의정부(532),X,30.8,28.2,24.7,21.2,92,X,관심,X,낮음
7/17/2019,횡성(536),X,31.8,30.3,25,21,85,X,관심,X,낮음
7/17/2019,고양(540),X,31.2,29.9,25.1,20.5,81,X,관심,X,낮음
7/17/2019,남양주(541),X,29.7,28.8,25.2,21.5,77,X,관심,X,낮음
7/17/2019,안산(545),X,30.7,29.5,24.2,18.7,82,X,관심,X,낮음
7/17/2019,경기광주(546),X,30.6,29.9,24.9,21.5,82,X,관심,X,낮음
7/17/2019,여주(548),X,30,28.4,24.4,21.1,83,X,관심,X,낮음
7/17/2019,용인(549),X,29.3,28.7,24.6,21,77,X,관심,X,낮음
7/17/2019,오산(550),X,29.7,29.6,25.7,22.2,67,X,관심,X,낮음
7/17/2019,평택(551),X,31.1,30.4,25.7,21.8,79,X,관심,X,낮음
7/17/2019,화천(555),X,30.5,29.3,24,20,84,X,관심,X,낮음
7/17/2019,양구(556),X,29.4,28.2,23.6,19.3,79,X, ,X,낮음
7/17/2019,시흥(565),X,31.3,31.1,25.4,20.4,77,X, ,X,낮음
7/17/2019,구리(569),X,30.6,29.7,25.8,22.3,72,X,관심,X,낮음
7/17/2019,화성(571),X,31.2,30.4,25.5,21.2,73,X,관심,X,낮음
7/17/2019,성남(572),X,30.5,29.5,25.9,22.5,73,X,관심,X,매우높음
7/17/2019,과천(590),X,30.6,29.5,25.3,20.6,78,X,관심,X,낮음
7/17/2019,양주(598),X,30.7,29.2,24.4,20.3,81,X,관심,X,낮음
7/17/2019,단양(601),X,32.6,31.9,25.1,19.7,83,X, ,X,낮음
7/17/2019,진천(602),X,30.8,30.7,25.8,21.8,68,X, ,X,낮음
7/17/2019,괴산(603),X,30.6,30.3,25,20.5,76,X, ,X,낮음
7/17/2019,옥천(604),X,30.3,29.4,24.6,20.4,81,X, ,X,낮음
7/17/2019,홍북(608),X,31.2,30.4,23.6,19,88,X, ,X,낮음
7/17/2019,공주(612),X,31.4,30.5,25.2,20.8,79,X, ,X,낮음
7/17/2019,서천(614),X,32.6,31.7,25.5,21.2,80,X, ,X,낮음
7/17/2019,논산(615),X,32.3,31.7,26.3,21.4,79,X, ,X,낮음
7/17/2019,당진(616),X,31.1,28.5,24,19.8,89,X, ,X,낮음
7/17/2019,청양(618),X,30.8,29.3,23.6,18.6,87,X, ,X,낮음
7/17/2019,음성(619),X,30.3,29.1,24.3,20.7,82,X, ,X,낮음
7/17/2019,증평(623),X,30.6,29.2,25.3,22.4,82,X, ,X,낮음
7/17/2019,태안(627),X,30.2,28.5,24,20.1,82,X, ,X,낮음
7/17/2019,예산(628),X,31,29.1,24.9,20.7,86,X, ,X,낮음
7/17/2019,아산(634),X,30.4,29.6,25,20.9,75,X, ,X,낮음
7/17/2019,계룡(636),X,30.6,29.7,24,19,82,X, ,X,낮음
7/17/2019,연천청산(652),X,29.6,28.3,23.9,20,86,X,관심,X,낮음
7/17/2019,양양(670),X,29.9,26.2,23.5,21,97,X, ,X,낮음
7/17/2019,무안(699),X,30.2,29.5,24.5,20.7,77,X, ,X,낮음
7/17/2019,무주(701),X,31.6,29.7,24,18.4,89,X, ,X,낮음
7/17/2019,익산(702),O,34,32.6,26.1,21.2,87,X, ,X,낮음
7/17/2019,진안(703),X,30.7,29.1,23.1,18.5,86,X, ,X,낮음
7/17/2019,담양(706),X,32.6,30.8,25.2,20.8,91,X, ,X,낮음
7/17/2019,구례(709),X,30.7,29.9,24.7,19.9,81,X, ,X,낮음
7/17/2019,나주(710),X,30.6,29.9,24.8,19.7,82,X, ,X,낮음
7/17/2019,순천시(712),X,31.1,30.2,25.2,21.2,79,X, ,X,낮음
7/17/2019,광양읍(713),X,31.5,31,25.2,20.2,75,X, ,X,낮음
7/17/2019,장성(730),X,30.6,30.4,24.9,20,80,X, ,X,낮음
7/17/2019,영암(731),X,30.8,29.5,24.3,20.2,81,X, ,X,낮음
7/17/2019,보성(732),X,29.3,27.6,22.6,18.3,87,X, ,X,낮음
7/17/2019,완주(734),X,32,31.1,25.3,20.4,82,X, ,X,낮음
7/17/2019,김제(737),X,31.8,31.2,25.7,22.1,80,X, ,X,낮음
7/17/2019,화순(741),X,29.8,29.5,24.7,20.1,70,X, ,X,낮음
7/17/2019,함평(754),X,31,30.6,25.4,21,78,X, ,X,낮음
7/17/2019,곡성(768),X,31,30.1,24.4,19.8,76,X, ,X,낮음
7/17/2019,압해도(789),X,31.3,30.3,24.4,20.3,81,X, ,X,낮음
7/17/2019,영양(801),X,30.5,29.6,23,17.2,84,X, ,X,낮음
7/17/2019,성주(810),X,30.3,30,24.8,21.3,70,X, ,X,낮음
7/17/2019,고령(812),X,30.1,29.5,24.3,20.8,84,X, ,X,낮음
7/17/2019,청도(813),X,,29.3,24.3,19,,X, ,X,낮음
7/17/2019,예천(815),X,30.4,28.4,23.8,20.1,92,X, ,X,낮음
7/17/2019,김천(822),X,30.9,29.4,24,20.9,85,X, ,X,낮음
7/17/2019,군위(823),X,31.5,31,25,19.2,75,X, ,X,낮음
7/17/2019,칠곡(825),X,30.7,29.9,25,21.7,77,X, ,X,낮음
7/17/2019,경산(827),X,30.2,29.2,24.6,19.8,73,X, ,X,낮음
7/17/2019,삼척(876),X,28,26.1,22.9,19.9,83,X, ,X,낮음
7/17/2019,속초(90),X,28.3,25.8,23.1,21.2,88.1,X, ,X,낮음
7/17/2019,삼천포(907),X,29.6,27.9,23.7,19.5,80,X, ,X,낮음
7/17/2019,고성(918),X,29.7,28.2,24.1,19.7,79,X, ,X,낮음
7/17/2019,창녕(919),X,30.9,30.2,25.5,21.7,75,X, ,X,낮음
7/17/2019,함안(920),X,31,30.9,24.8,19.3,72,X, ,X,낮음
7/17/2019,북춘천(93),X,30.2,29,24.6,20.9,82.3,X,관심,X,보통
7/17/2019,하동(932),X,30.8,30.1,25,20.2,76,X, ,X,낮음
7/17/2019,철원(95),X,29.9,28.1,23.7,19.4,88.9,X, ,X,낮음
7/17/2019,동두천(98),X,29.8,27.6,23.6,20.3,90.9,X,관심,X,낮음
7/17/2019,파주(99),X,29.8,28.1,23.9,20.8,87.8,X,관심,X,낮음
7/18/2019,북강릉(104),X,30.1,28.9,25.2,21.5,74.3,X, ,X,매우높음
7/18/2019,동해(106),X,29,27.7,23.4,20.9,80,X, ,X,낮음
7/18/2019,서울(108),X,31.3,32.1,26.9,23.3,65,X,주의,X,높음
7/18/2019,인천(112),X,31.1,30.1,25.8,22.6,70.8,X, ,X,높음
7/18/2019,원주(114),X,30.9,30.8,26.1,22.6,64,O,주의,X,낮음
7/18/2019,울릉도(115),X,28.6,26.1,22.6,19.7,89.3,X, ,X,낮음
7/18/2019,수원(119),X,32.8,32.3,27,23.2,71.8,X,관심,X,낮음
7/18/2019,영월(121),X,31.4,31.6,24.8,20.7,74.6,O,주의,X,낮음
7/18/2019,충주(127),X,31.2,30.7,25,21.2,76.5,X, ,X,낮음
7/18/2019,서산(129),X,30.8,30.8,25.2,21.6,80.3,X, ,X,보통
7/18/2019,울진(130),X,28.2,25.5,23.5,21.6,88.4,X, ,X,낮음
7/18/2019,청주(131),X,30.8,29.9,26.5,23.4,70.8,X, ,X,높음
7/18/2019,대전(133),X,30.6,28.7,25.6,22.8,84,X, ,X,보통
7/18/2019,추풍령(135),X,27.4,25.4,22.3,20.3,84,X, ,X,낮음
7/18/2019,안동(136),X,29.5,28.7,24.1,21.4,79.1,X, ,X,높음
7/18/2019,상주(137),X,29.2,27.4,23.5,21.2,90.4,X, ,X,낮음
7/18/2019,포항(138),X,29.4,27.6,24.4,22.3,85.3,X, ,X,낮음
7/18/2019,군산(140),X,29.2,26.7,23.8,21.3,91.1,X, ,X,낮음
7/18/2019,대구(143),X,29.3,27.6,24.1,21,85.8,X, ,X,보통
7/18/2019,전주(146),X,32.5,29.9,25,21.1,92.5,X, ,X,보통
7/18/2019,울산(152),X,27.3,23.8,22.1,20.8,97.9,X, ,X,보통
7/18/2019,창원(155),X,26.9,24.1,21.9,20.1,90.8,X, ,X,보통
7/18/2019,광주(156),X,29.5,26.6,23.6,20.4,92.8,X, ,X,매우높음
7/18/2019,부산(159),X,26.6,23,22.3,21.2,97.1,X, ,X,보통
7/18/2019,통영(162),X,27.1,23.8,22.2,20.1,96.8,X, ,X,낮음
7/18/2019,목포(165),X,27.9,25.1,23.6,22,89.9,X, ,X,보통
7/18/2019,여수(168),X,26.9,23.2,22.6,21.5,95.1,X, ,X,낮음
7/18/2019,흑산도(169),X,25.8,22.1,21.3,19.7,99,X, ,X,낮음
7/18/2019,완도(170),X,26.5,22.9,22.5,22,96.6,X, ,X,낮음
7/18/2019,고창(172),X,29.8,27.7,23.6,19.7,88.9,X, ,X,낮음
7/18/2019,제주(184),X,29.2,25.9,24.2,22.9,97,X, ,X,높음
7/18/2019,진주(192),X,27,24.2,22.5,20.7,91.3,X, ,X,낮음
7/18/2019,양평(202),X,31.3,31.9,26.8,22.5,70.6,O,주의,X,낮음
7/18/2019,이천(203),X,32,31.9,26.8,22.2,71.4,O,주의,X,낮음
7/18/2019,인제(211),X,31.2,31.9,25,19.7,69.6,X, ,X,낮음
7/18/2019,홍천(212),X,32.8,33.4,27.2,22.4,71.9,O,주의,X,낮음
7/18/2019,태백(216),X,28.9,28.2,21.8,17.8,83.5,X, ,X,낮음
7/18/2019,정선군(217),X,30.7,31.5,24.3,20.3,70.9,X, ,X,낮음
7/18/2019,제천(221),X,31,31.2,24.8,20.7,71.9,X, ,X,낮음
7/18/2019,보은(226),X,29.3,27.9,24.2,20.8,80.9,X, ,X,낮음
7/18/2019,천안(232),X,29.8,29,24.9,22,78.6,X, ,X,낮음
7/18/2019,보령(235),X,30.1,28.5,24.4,21.6,83.1,X, ,X,낮음
7/18/2019,부여(236),X,30,28.2,24.8,22.2,85.1,X, ,X,낮음
7/18/2019,금산(238),X,29,27.2,23.7,21.1,84.5,X, ,X,낮음
7/18/2019,세종(239),X,30.7,29,25,22.5,82.3,X, ,X,보통
7/18/2019,부안(243),X,30.2,28.5,24.7,20.8,83.4,X, ,X,낮음
7/18/2019,임실(244),X,29.2,26.8,22.6,19.6,88.4,X, ,X,낮음
7/18/2019,정읍(245),X,29.4,27.1,23.8,20.3,82.9,X, ,X,낮음
7/18/2019,남원(247),X,28.1,26.3,23,19.6,86.4,X, ,X,낮음
7/18/2019,장수(248),X,29,27.7,22.2,18.7,84.4,X, ,X,낮음
7/18/2019,영광군(252),X,30.2,28.3,23.7,19.7,88,X, ,X,낮음
7/18/2019,김해시(253),X,27.7,24.8,22.8,21.3,93.3,X, ,X,낮음
7/18/2019,순창군(254),X,29.1,26.8,22.8,19.8,90.6,X, ,X,낮음
7/18/2019,양산시(257),X,27.9,24.8,22.8,21.2,97.3,X, ,X,낮음
7/18/2019,강진군(259),X,27.3,25.1,23.2,22.1,87.5,X, ,X,낮음
7/18/2019,장흥(260),X,28.5,26.2,24,22.4,87.4,X, ,X,낮음
7/18/2019,해남(261),X,28,25.2,,21.5,,X, ,X,낮음
7/18/2019,고흥(262),X,26.7,23.4,22.4,21.2,96.6,X, ,X,낮음
7/18/2019,의령군(263),X,27.7,25,22.9,20.8,89.4,X, ,X,낮음
7/18/2019,함양군(264),X,28.8,26.1,22.4,19.4,94.3,X, ,X,낮음
7/18/2019,진도군ASOS(268),X,28.4,25.8,23.6,22.2,90.5,X, ,X,낮음
7/18/2019,봉화(271),X,29.1,28.2,22.9,19.4,84.1,X, ,X,낮음
7/18/2019,영주(272),X,28.9,28,23.3,20.3,79.6,X, ,X,낮음
7/18/2019,문경(273),X,29.1,27.5,23.4,20.7,83.1,X, ,X,낮음
7/18/2019,청송군(276),X,29.7,27.6,23,20.3,91.4,X, ,X,낮음
7/18/2019,영덕(277),X,29,26.8,23.5,20.6,87.3,X, ,X,낮음
7/18/2019,의성(278),X,29.5,28.4,24.4,21.9,83,X, ,X,낮음
7/18/2019,구미(279),X,29.6,26.9,23.8,21.3,94,X, ,X,낮음
7/18/2019,영천(281),X,29.6,28.6,24.3,21.6,80.9,X, ,X,낮음
7/18/2019,경주시(283),X,29.3,26.9,22.9,21,92.5,X, ,X,낮음
7/18/2019,거창(284),X,27.6,25.2,22.3,19.6,90.4,X, ,X,낮음
7/18/2019,합천(285),X,28,26.4,22.7,20.1,81.1,X, ,X,낮음
7/18/2019,밀양(288),X,28.1,25.4,23,21.3,95.6,X, ,X,낮음
7/18/2019,산청(289),X,27.9,25.6,22.3,19.4,91.8,X, ,X,낮음
7/18/2019,거제(294),X,28.4,24.6,22.9,21.5,98.8,X, ,X,낮음
7/18/2019,남해(295),X,26.8,23.7,22.6,21.2,93.9,X, ,X,낮음
7/18/2019,부천(433),X,,32,26.2,22.3,,X,관심,X,낮음
7/18/2019,안양(434),X,,32,26.9,23.3,,X,관심,X,낮음
7/18/2019,광명(437),X,,32.9,27.3,23.4,,X,관심,X,낮음
7/18/2019,군포(438),X,,32.4,26.8,23.1,,X,관심,X,낮음
7/18/2019,김포(441),X,,30.7,25.2,21.2,,X, ,X,낮음
7/18/2019,하남(444),X,,,,,,X,관심,X,낮음
7/18/2019,의왕(445),X,,30.4,24.9,21.2,,X,관심,X,낮음
7/18/2019,포천(504),X,32.1,32.3,26.5,20.3,68,X,관심,X,낮음
7/18/2019,가평조종(505),X,,31.9,25.7,19.7,,O,주의,X,낮음
7/18/2019,안성(516),X,32.2,31.8,26.7,23.4,75,O,주의,X,낮음
7/18/2019,간성(517),X,30.8,29.2,24.4,20.4,87,X, ,X,낮음
7/18/2019,평창(526),X,30.2,30.3,24.4,20.4,74,X, ,X,낮음
7/18/2019,의정부(532),O,33.2,32.3,26.6,21.7,82,X,관심,X,낮음
7/18/2019,횡성(536),O,33.2,32.6,26.2,21.7,79,O,주의,X,낮음
7/18/2019,고양(540),O,33.8,33.8,26.3,20.8,75,O,주의,X,낮음
7/18/2019,남양주(541),X,31.9,32.4,26.5,22.1,71,X,관심,X,낮음
7/18/2019,안산(545),X,32.7,32.8,25.5,19.9,77,X,관심,X,낮음
7/18/2019,경기광주(546),X,32.3,32.5,26.3,21.7,73,O,주의,X,낮음
7/18/2019,여주(548),X,31.6,30.6,25.4,21.6,76,O,주의,X,낮음
7/18/2019,용인(549),X,31.3,31.8,25.7,21,69,X,관심,X,낮음
7/18/2019,오산(550),X,31.2,31.8,26.4,22.2,60,X,관심,X,낮음
7/18/2019,평택(551),X,31.8,31.4,26.6,23,72,X,관심,X,낮음
7/18/2019,화천(555),O,33.1,33.2,25.5,20.1,81,O,주의,X,낮음
7/18/2019,양구(556),X,31.9,31.9,25.4,21,74,X, ,X,낮음
7/18/2019,시흥(565),O,34,34.6,26.5,22.2,74,X, ,X,낮음
7/18/2019,구리(569),X,32.8,33.6,26.9,22.7,69,X,관심,X,낮음
7/18/2019,화성(571),X,32.5,33,26.4,22.1,66,X,관심,X,낮음
7/18/2019,성남(572),X,32,31.8,26.9,23,67,X,관심,X,높음
7/18/2019,과천(590),X,32.8,32.6,26.5,21.6,72,X,관심,X,낮음
7/18/2019,양주(598),X,32.4,32.1,26.4,20.4,73,X,관심,X,낮음
7/18/2019,단양(601),X,32.7,31.7,25.2,20.9,85,X, ,X,낮음
7/18/2019,진천(602),X,30.3,30.8,26.1,22.8,66,X, ,X,낮음
7/18/2019,괴산(603),X,30.3,29.9,24.7,21.6,80,X, ,X,낮음
7/18/2019,옥천(604),X,29.4,27.8,24.2,21.7,86,X, ,X,낮음
7/18/2019,홍북(608),X,31.1,29.5,24.4,20.7,85,X, ,X,낮음
7/18/2019,공주(612),X,30.5,29.3,25.2,22.4,81,X, ,X,낮음
7/18/2019,서천(614),X,30.1,27.8,25.2,22.5,85,X, ,X,낮음
7/18/2019,논산(615),X,30.4,28.6,25.1,22.8,85,X, ,X,낮음
7/18/2019,당진(616),X,32.3,31,25.3,21.2,85,X, ,X,낮음
7/18/2019,청양(618),X,30.2,28.4,24.4,21.5,86,X, ,X,낮음
7/18/2019,음성(619),X,30.4,29.3,24.3,20.8,82,X, ,X,낮음
7/18/2019,증평(623),X,31.1,29.9,25.6,22.4,81,X, ,X,낮음
7/18/2019,태안(627),X,31.6,30.5,24.7,21.2,82,X, ,X,낮음
7/18/2019,예산(628),X,31.7,31.1,26.1,22.1,79,X, ,X,낮음
7/18/2019,아산(634),X,30.9,31.1,26.2,22.4,67,X, ,X,낮음
7/18/2019,계룡(636),X,29.7,28.1,23.9,20.9,85,X, ,X,낮음
7/18/2019,연천청산(652),X,32.2,32.2,26,20.1,76,X,관심,X,낮음
7/18/2019,양양(670),O,33.4,31.4,25.9,21.5,88,X, ,X,낮음
7/18/2019,무안(699),X,28.8,26.2,23.4,21.1,90,X, ,X,낮음
7/18/2019,무주(701),X,30.4,28,23.5,20,95,X, ,X,낮음
7/18/2019,익산(702),X,31.9,29.2,24.8,21.3,94,X, ,X,낮음
7/18/2019,진안(703),X,30,27,22.3,19,93,X, ,X,낮음
7/18/2019,담양(706),X,30.6,26.9,23.5,20.1,97,X, ,X,낮음
7/18/2019,구례(709),X,28.4,25.7,23.1,20.5,91,X, ,X,낮음
7/18/2019,나주(710),X,28.9,26.4,23.2,20.9,93,X, ,X,낮음
7/18/2019,순천시(712),X,28,25,23,21.3,97,X, ,X,낮음
7/18/2019,광양읍(713),X,28,25.5,22.9,20.8,95,X, ,X,낮음
7/18/2019,장성(730),X,28.9,26.5,22.9,20.1,91,X, ,X,낮음
7/18/2019,영암(731),X,28.3,25.7,23.5,21.8,91,X, ,X,낮음
7/18/2019,보성(732),X,26.2,23.1,21.7,20.4,96,X, ,X,낮음
7/18/2019,완주(734),X,30.3,28.2,24.4,21,88,X, ,X,낮음
7/18/2019,김제(737),X,30.5,28.6,24.7,20.7,86,X, ,X,낮음
7/18/2019,화순(741),X,27.6,25.7,23.2,21.2,82,X, ,X,낮음
7/18/2019,함평(754),X,29.2,26.9,23.6,21,89,X, ,X,낮음
7/18/2019,곡성(768),X,28.2,26.1,22.4,19.1,85,X, ,X,낮음
7/18/2019,압해도(789),X,29.1,26.3,23.8,22.2,92,X, ,X,낮음
7/18/2019,영양(801),X,29.7,28.5,23.3,20.4,86,X, ,X,낮음
7/18/2019,성주(810),X,28.8,27.8,23.4,20.4,80,X, ,X,낮음
7/18/2019,고령(812),X,28.4,25.9,22.8,20.2,92,X, ,X,낮음
7/18/2019,청도(813),X,,26.3,22.7,20.4,,X, ,X,낮음
7/18/2019,예천(815),X,30,27.6,23.3,20.9,93,X, ,X,낮음
7/18/2019,김천(822),X,28.9,26.5,23,20.9,90,X, ,X,낮음
7/18/2019,군위(823),X,29.3,27.4,23.7,21.3,87,X, ,X,낮음
7/18/2019,칠곡(825),X,28.7,26.7,23.8,21.5,87,X, ,X,낮음
7/18/2019,경산(827),X,29.2,28.1,23.9,21.1,81,X, ,X,낮음
7/18/2019,삼척(876),X,29,27.5,24.9,21.7,75,X, ,X,낮음
7/18/2019,속초(90),X,31.1,29.9,24.4,21.3,83.3,X, ,X,낮음
7/18/2019,삼천포(907),X,26.9,23.7,22.3,19.9,95,X, ,X,낮음
7/18/2019,고성(918),X,26.8,23.8,22.5,20.4,94,X, ,X,낮음
7/18/2019,창녕(919),X,28.9,26.4,23.2,21.2,90,X, ,X,낮음
7/18/2019,함안(920),X,27.8,25.7,23.1,20.8,85,X, ,X,낮음
7/18/2019,북춘천(93),X,32.1,32.5,26.3,21.3,75.1,O,주의,X,높음
7/18/2019,하동(932),X,27.7,25,22.6,20.7,93,X, ,X,낮음
7/18/2019,철원(95),X,32.3,31.5,25.8,19.2,77.4,X,관심,X,낮음
7/18/2019,동두천(98),X,32.8,31.8,25.9,20.7,77.6,X,관심,X,낮음
7/18/2019,파주(99),X,32.2,32,25.8,20.5,76.5,X,관심,X,낮음
7/19/2019,북강릉(104),X,29,27.1,24.2,21.2,83.8,X, ,X,매우높음
7/19/2019,동해(106),X,27.2,25.3,22.4,21,89.1,X, ,X,낮음
7/19/2019,서울(108),O,33.7,35,28.6,22.8,61.3,X,주의,O,매우높음
7/19/2019,인천(112),O,33.4,33.6,28.1,23,66.4,X, ,O,매우높음
7/19/2019,원주(114),X,31.7,32.7,26.9,22.1,66.3,O,주의,X,낮음
7/19/2019,울릉도(115),X,28.3,24.9,22.9,21.5,95.1,X, ,X,낮음
7/19/2019,수원(119),O,34,33.8,28.3,22.1,72.6,X,관심,O,낮음
7/19/2019,영월(121),X,32.5,32.6,25.3,19.4,77.3,O, ,X,낮음
7/19/2019,충주(127),X,32.1,31.2,26.6,22.1,73.8,X,관심,X,낮음
7/19/2019,서산(129),O,33,32.4,26.7,22.3,79.1,X,관심,O,보통
7/19/2019,울진(130),X,28.7,26.3,22.7,19.8,92.1,X, ,X,낮음
7/19/2019,청주(131),X,31.6,30.4,27.9,24.7,69.3,X, ,X,높음
7/19/2019,대전(133),X,32.1,30,26.6,23.5,82.8,X,관심,X,보통
7/19/2019,추풍령(135),X,27.7,25.3,23.4,20.7,84.3,X, ,X,낮음
7/19/2019,안동(136),X,30.4,28.8,25.3,21.2,78.8,X, ,X,높음
7/19/2019,상주(137),X,29.6,26.7,24.6,21.7,90.8,X, ,X,낮음
7/19/2019,포항(138),X,29.6,27,25.4,23.5,87.1,X, ,X,낮음
7/19/2019,군산(140),X,31.4,29.4,26.5,23.5,80.4,X, ,X,낮음
7/19/2019,대구(143),X,29.6,26.6,24.2,22.7,96.3,X, ,X,높음
7/19/2019,전주(146),X,32.2,29.3,26.9,23,88.6,X, ,X,보통
7/19/2019,울산(152),X,28.4,24.8,23.7,22.2,98,X, ,X,높음
7/19/2019,창원(155),X,27.7,24.9,23.2,22.1,92.9,X, ,X,높음
7/19/2019,광주(156),X,30.2,27.3,24.8,22.7,93.9,X, ,X,매우높음
7/19/2019,부산(159),X,27.3,23.7,23.1,22.7,98.4,X, ,X,보통
7/19/2019,통영(162),X,28.4,24.8,23.6,22.7,96.3,X, ,X,낮음
7/19/2019,목포(165),X,28.6,26.2,24.5,23.3,89.1,X, ,X,보통
7/19/2019,여수(168),X,28.1,24.6,23.5,22.6,98.6,X, ,X,낮음
7/19/2019,흑산도(169),X,28.1,24.9,22.5,21.1,96.4,X, ,X,낮음
7/19/2019,완도(170),X,27.5,24,23.3,22.5,97.4,X, ,X,낮음
7/19/2019,고창(172),X,30.1,27.5,25.4,22.2,85,X, ,X,낮음
7/19/2019,제주(184),X,29.8,26.2,24.1,22.3,99.4,X, ,X,보통
7/19/2019,진주(192),X,28.1,24.7,23.5,22.3,94.5,X, ,X,낮음
7/19/2019,양평(202),O,33,34,26.9,21.7,74,O,주의,O,낮음
7/19/2019,이천(203),O,34.3,34.2,26.3,21.4,81.6,O,주의,X,낮음
7/19/2019,인제(211),X,32.4,33,25.3,19.9,74.1,X, ,X,낮음
7/19/2019,홍천(212),O,34.6,35.4,28,21.6,69.8,O,주의,X,낮음
7/19/2019,태백(216),X,29.4,27.8,21.8,15.9,89.3,X, ,X,낮음
7/19/2019,정선군(217),X,31.5,32.4,24.6,19.4,73.8,X, ,X,낮음
7/19/2019,제천(221),X,31.1,31.6,25.1,19.5,73.4,X, ,X,낮음
7/19/2019,보은(226),X,29.3,27.3,24.8,20.9,81.4,X, ,X,낮음
7/19/2019,천안(232),X,31.2,30.1,26.1,22.2,75.9,X,관심,X,낮음
7/19/2019,보령(235),X,32.1,31.3,27.8,23.4,70.8,X,관심,X,낮음
7/19/2019,부여(236),X,32.1,30.5,26.8,23,78.9,X,관심,X,낮음
7/19/2019,금산(238),X,30,28.4,25,21.7,79.9,X,관심,X,낮음
7/19/2019,세종(239),X,31.1,29.2,26.5,23.3,77.9,X,관심,X,보통
7/19/2019,부안(243),X,31.8,30.2,26.3,22.7,77.6,X, ,X,낮음
7/19/2019,임실(244),X,28.6,26.3,23.9,20.2,86.4,X, ,X,낮음
7/19/2019,정읍(245),X,29.8,28.1,25.5,22.3,77.6,X, ,X,낮음
7/19/2019,남원(247),X,29.1,26.7,24.2,21.6,90.4,X, ,X,낮음
7/19/2019,장수(248),X,28.1,26.1,23.5,19.3,81,X, ,X,낮음
7/19/2019,영광군(252),X,30.7,28.6,25.6,22.6,85.3,X, ,X,낮음
7/19/2019,김해시(253),X,27.8,24.4,23.6,22.8,95.4,X, ,X,낮음
7/19/2019,순창군(254),X,29.6,26.9,24,21.5,91,X, ,X,낮음
7/19/2019,양산시(257),X,28.7,25.2,24,22.9,98.9,X, ,X,낮음
7/19/2019,강진군(259),X,28.1,25.3,24.2,23.2,89.5,X, ,X,낮음
7/19/2019,장흥(260),X,29,26.3,25.3,23.7,85.8,X, ,X,낮음
7/19/2019,해남(261),X,28.2,24.8,23.9,22.8,94.3,X, ,X,낮음
7/19/2019,고흥(262),X,28.3,24.8,23.7,22.6,97.6,X, ,X,낮음
7/19/2019,의령군(263),X,27.9,24.8,23.7,22.6,93.6,X, ,X,낮음
7/19/2019,함양군(264),X,28.9,25.2,23.6,21.8,98.1,X, ,X,낮음
7/19/2019,진도군ASOS(268),X,28.9,25.8,24.5,23.2,89.5,X, ,X,낮음
7/19/2019,봉화(271),X,30.8,30.2,23.2,17.9,86.4,X, ,X,낮음
7/19/2019,영주(272),X,30.5,29.4,23.9,19.6,82.4,X, ,X,낮음
7/19/2019,문경(273),X,29.4,27,23.9,20.8,87.6,X, ,X,낮음
7/19/2019,청송군(276),X,30.1,27.2,23.5,20.1,93.1,X, ,X,낮음
7/19/2019,영덕(277),X,29.8,27.3,24.3,22.3,88.3,X, ,X,낮음
7/19/2019,의성(278),X,31.2,29.9,25.6,21.5,80.4,X, ,X,낮음
7/19/2019,구미(279),X,30.3,26.7,24.6,22,98.1,X, ,X,낮음
7/19/2019,영천(281),X,29.8,27.8,24.5,21.7,86.3,X, ,X,낮음
7/19/2019,경주시(283),X,28.6,25.2,23.8,21.8,95,X, ,X,낮음
7/19/2019,거창(284),X,28.1,24.7,23,21.5,96.4,X, ,X,낮음
7/19/2019,합천(285),X,27.7,24.7,23.3,21.8,89.1,X, ,X,낮음
7/19/2019,밀양(288),X,29.3,25.5,23.7,22.2,99,X, ,X,낮음
7/19/2019,산청(289),X,27.9,24.5,23.1,21.8,98.9,X, ,X,낮음
7/19/2019,거제(294),X,30.5,26.6,24.5,23.2,98.8,X, ,X,낮음
7/19/2019,남해(295),X,28.8,25.5,23.8,22.6,97.3,X, ,X,낮음
7/19/2019,부천(433),X,,34.6,28,21.8,,X,관심,X,낮음
7/19/2019,안양(434),X,,33.1,27.8,23.3,,X,관심,O,낮음
7/19/2019,광명(437),X,,35,29,23.9,,X,관심,O,낮음
7/19/2019,군포(438),X,,33.6,27.6,22.9,,X,관심,X,낮음
7/19/2019,김포(441),X,,33.7,26.9,20.5,,X, ,X,낮음
7/19/2019,하남(444),X,,,,,,X,관심,X,낮음
7/19/2019,의왕(445),X,,31.6,25.6,20,,X,관심,X,낮음
7/19/2019,포천(504),O,33.4,34.2,27.9,20.6,64,X,관심,O,낮음
7/19/2019,가평조종(505),X,,34.3,27.2,19.9,,O,주의,X,낮음
7/19/2019,안성(516),O,33.7,32.9,27.9,22.4,74,O,주의,X,낮음
7/19/2019,간성(517),X,29.2,25.9,23.3,20,94,X, ,X,낮음
7/19/2019,평창(526),X,31.5,31.8,24.5,18.8,79,X, ,X,낮음
7/19/2019,의정부(532),O,34.7,34.6,28.1,21.2,78,X,관심,O,낮음
7/19/2019,횡성(536),O,34.2,34.3,27.1,20.2,79,O, ,X,낮음
7/19/2019,고양(540),O,35.1,35.8,28.3,20.7,70,O,주의,X,낮음
7/19/2019,남양주(541),O,33.3,34,28,21.7,67,X,관심,O,낮음
7/19/2019,안산(545),O,34.2,34.1,26.9,18.6,76,X,관심,X,낮음
7/19/2019,경기광주(546),O,33.3,33.9,27,20.6,73,O,주의,X,낮음
7/19/2019,여주(548),X,32.8,32.6,26.3,21,75,O,주의,X,낮음
7/19/2019,용인(549),X,32.8,33.3,26,20.4,74,X,관심,X,낮음
7/19/2019,오산(550),X,32.2,32.9,27.7,22.8,61,X,관심,X,낮음
7/19/2019,평택(551),O,33.6,32.8,27.5,23.3,73,X,관심,X,낮음
7/19/2019,화천(555),O,35.3,36,27.3,20.3,77,O, ,X,낮음
7/19/2019,양구(556),O,33.4,33.8,26.9,20.8,72,X, ,X,낮음
7/19/2019,시흥(565),O,34.4,35,28.2,20.7,69,X, ,O,낮음
7/19/2019,구리(569),O,33.8,34.7,28.2,21.9,65,X,관심,O,낮음
7/19/2019,화성(571),O,34.2,34.5,28.3,22.6,64,X,관심,X,낮음
7/19/2019,성남(572),X,32.7,33,27,21.8,71,X,관심,X,높음
7/19/2019,과천(590),O,33.5,33.4,26.7,20.5,75,X,관심,X,낮음
7/19/2019,양주(598),O,35.2,35.8,28,20.3,69,X,관심,O,낮음
7/19/2019,단양(601),X,32.8,31.8,25.3,20.6,89,X, ,X,낮음
7/19/2019,진천(602),X,31.9,32.1,26.9,23,66,X,관심,X,낮음
7/19/2019,괴산(603),X,30.7,29.9,26.3,21.6,75,X, ,X,낮음
7/19/2019,옥천(604),X,30.5,28.6,25.2,21.4,82,X, ,X,낮음
7/19/2019,홍북(608),X,32.6,31.5,26.7,21.9,78,X,관심,X,낮음
7/19/2019,공주(612),X,31.7,30,26.4,22.3,79,X,관심,X,낮음
7/19/2019,서천(614),X,32.3,30.5,27.4,23.4,78,X,관심,X,낮음
7/19/2019,논산(615),X,32.6,30.7,27.1,23,77,X,관심,X,낮음
7/19/2019,당진(616),O,34.5,32.6,27.2,21.7,83,X,관심,X,낮음
7/19/2019,청양(618),X,31.8,29.9,26.4,21.1,81,X,관심,X,낮음
7/19/2019,음성(619),X,31.4,30.2,25.4,21.3,81,X,관심,X,낮음
7/19/2019,증평(623),X,31.8,30,26.5,23.1,81,X, ,X,낮음
7/19/2019,태안(627),O,33.4,32.2,27.3,21.7,79,X,관심,X,낮음
7/19/2019,예산(628),O,33.7,32.9,27.4,22.5,77,X,관심,X,낮음
7/19/2019,아산(634),X,32,31.9,27.6,22.9,63,X,관심,X,낮음
7/19/2019,계룡(636),X,31.5,29.9,25.5,20.4,79,X,관심,X,낮음
7/19/2019,연천청산(652),O,34.5,35.1,28,20.3,69,X,관심,X,낮음
7/19/2019,양양(670),X,31.6,27.8,25,21.7,97,X, ,X,낮음
7/19/2019,무안(699),X,28.9,26.4,24.6,23.2,89,X, ,X,낮음
7/19/2019,무주(701),X,30.7,28.1,24.4,20.7,93,X, ,X,낮음
7/19/2019,익산(702),O,33.8,30.9,27,22.9,88,X, ,X,낮음
7/19/2019,진안(703),X,29.7,26.6,23.8,19.4,92,X, ,X,낮음
7/19/2019,담양(706),X,31.2,27.5,24.7,22.6,98,X, ,X,낮음
7/19/2019,구례(709),X,28.5,25.7,24.3,22.5,92,X, ,X,낮음
7/19/2019,나주(710),X,29.7,26.8,24.6,22.6,91,X, ,X,낮음
7/19/2019,순천시(712),X,28.5,24.7,23.9,22.9,99,X, ,X,낮음
7/19/2019,광양읍(713),X,28.9,25,24,22.9,98,X, ,X,낮음
7/19/2019,장성(730),X,29.7,27.2,24.6,21.7,89,X, ,X,낮음
7/19/2019,영암(731),X,29.3,26.2,24.7,23.6,90,X, ,X,낮음
7/19/2019,보성(732),X,27.7,23.9,22.9,22,100,X, ,X,낮음
7/19/2019,완주(734),X,31.4,29.9,26.3,21.5,80,X, ,X,낮음
7/19/2019,김제(737),X,30.7,28.8,26.3,23,80,X, ,X,낮음
7/19/2019,화순(741),X,28.1,25.6,24.4,23.4,82,X, ,X,낮음
7/19/2019,함평(754),X,29.9,27.5,25.3,23.3,87,X, ,X,낮음
7/19/2019,곡성(768),X,28.4,25.9,23.7,21.4,86,X, ,X,낮음
7/19/2019,압해도(789),X,29.6,26.5,24.8,22.9,92,X, ,X,낮음
7/19/2019,영양(801),X,31.1,28.9,24.2,20.3,88,X, ,X,낮음
7/19/2019,성주(810),X,28.6,26.4,24,22.1,85,X, ,X,낮음
7/19/2019,고령(812),X,28.9,25.1,23.6,22,98,X, ,X,낮음
7/19/2019,청도(813),X,,25.7,23.6,21.9,,X, ,X,낮음
7/19/2019,예천(815),X,31.2,27.9,24.4,20.5,96,X, ,X,낮음
7/19/2019,김천(822),X,29.4,26.4,23.7,21.3,95,X, ,X,낮음
7/19/2019,군위(823),X,30.8,28.6,25,21.6,87,X, ,X,낮음
7/19/2019,칠곡(825),X,30,27.5,24.7,22.3,91,X, ,X,낮음
7/19/2019,경산(827),X,28.9,26.1,23.8,22.3,89,X, ,X,낮음
7/19/2019,삼척(876),X,29.2,27.6,24.1,22.4,80,X, ,X,낮음
7/19/2019,속초(90),X,29.1,26.4,24,21.2,89.3,X, ,X,낮음
7/19/2019,삼천포(907),X,28,24.4,23.7,22.5,96,X, ,X,낮음
7/19/2019,고성(918),X,28.6,25.6,24.3,22.7,94,X, ,X,낮음
7/19/2019,창녕(919),X,29.3,26.6,24.3,22.6,92,X, ,X,낮음
7/19/2019,함안(920),X,28.3,25.5,24.2,22.9,88,X, ,X,낮음
7/19/2019,북춘천(93),O,34.2,34.6,27.9,21.5,72.8,O,주의,X,위험
7/19/2019,하동(932),X,28.1,24.8,23.6,22.4,96,X, ,X,낮음
7/19/2019,철원(95),O,34,34.1,27.5,19.9,76.1,X, ,X,낮음
7/19/2019,동두천(98),O,34.2,34.1,27.9,21,72.9,X,관심,O,낮음
7/19/2019,파주(99),O,34.6,34.7,27.3,20,74.6,X,관심,X,낮음
7/20/2019,북강릉(104),X,27.2,24.1,22.9,22,94,X, ,X,보통
7/20/2019,동해(106),X,26.7,23.1,22.2,21,96.3,X, ,X,낮음
7/20/2019,서울(108),X,32,31.9,28,25.1,66.9,X, ,X,보통
7/20/2019,인천(112),X,32,31,27.8,24.9,73,X, ,X,보통
7/20/2019,원주(114),X,29.8,28.9,26.7,24.2,68.3,X, ,X,낮음
7/20/2019,울릉도(115),X,27.1,23.7,22.6,22.2,93.9,X, ,X,낮음
7/20/2019,수원(119),O,33.3,32.2,28.4,25.6,71.5,X, ,X,낮음
7/20/2019,영월(121),X,28.8,26.5,24.2,22.3,88.1,X, ,X,낮음
7/20/2019,충주(127),X,30.5,28.4,25.6,23.5,80.9,X, ,X,낮음
7/20/2019,서산(129),X,31.3,29.9,26.3,25,81.9,X, ,X,보통
7/20/2019,울진(130),X,27,23.2,22.4,20.7,98.8,X, ,X,낮음
7/20/2019,청주(131),X,31.6,30.2,26.6,24.2,79.4,X, ,X,보통
7/20/2019,대전(133),X,31.2,28.5,25.6,23.8,90.9,X, ,X,보통
7/20/2019,추풍령(135),X,27.7,25,23.6,22.5,85.9,X, ,X,낮음
7/20/2019,안동(136),X,28.7,26,24.2,23.2,87.9,X, ,X,보통
7/20/2019,상주(137),X,28.7,24.9,23.7,22.6,99.3,X, ,X,낮음
7/20/2019,포항(138),X,29.1,26.4,24.9,24,93.9,X, ,X,낮음
7/20/2019,군산(140),X,30.7,28.5,25.3,23.5,90.9,X, ,X,낮음
7/20/2019,대구(143),X,29.5,25.8,24.6,23.5,98.3,X, ,X,보통
7/20/2019,전주(146),X,32.5,29.3,25.3,23.3,98.4,X, ,X,보통
7/20/2019,울산(152),X,28.4,24.7,24.1,23.4,98,X, ,X,보통
7/20/2019,창원(155),X,27.8,24.9,23.8,22.8,91.4,X, ,X,보통
7/20/2019,광주(156),X,29.9,26.5,24.2,22.4,96.6,X, ,X,보통
7/20/2019,부산(159),X,27.7,23.9,23.4,23,98.8,X, ,X,보통
7/20/2019,통영(162),X,28.8,25.5,24.2,23.5,94,X, ,X,낮음
7/20/2019,목포(165),X,28.1,24.9,23.4,22.2,95.3,X, ,X,보통
7/20/2019,여수(168),X,28.4,25.1,23.6,22.9,99,X, ,X,낮음
7/20/2019,흑산도(169),X,27.6,23.8,22,20.4,99,X, ,X,낮음
7/20/2019,완도(170),X,28,24.3,23.6,22.8,95.1,X, ,X,낮음
7/20/2019,고창(172),X,29.7,27,24.4,20.9,91.9,X, ,X,낮음
7/20/2019,제주(184),X,30.3,28.2,25.7,24.6,88.4,X, ,X,보통
7/20/2019,진주(192),X,29.1,25.7,24.1,23.1,93.9,X, ,X,낮음
7/20/2019,양평(202),X,31.5,30.7,27.7,25.2,68.4,X, ,X,낮음
7/20/2019,이천(203),X,31.9,30.1,26,23.6,85,X, ,X,낮음
7/20/2019,인제(211),X,29.4,28.1,24.9,22.5,77.1,X, ,X,낮음
7/20/2019,홍천(212),X,32.1,31,27.1,24.7,73.5,X, ,X,낮음
7/20/2019,태백(216),X,26.1,22.8,21.8,20.6,95.4,X, ,X,낮음
7/20/2019,정선군(217),X,28,25.3,23.1,22.2,87.6,X, ,X,낮음
7/20/2019,제천(221),X,28.6,26.5,24.7,22.6,79.6,X, ,X,낮음
7/20/2019,보은(226),X,30.3,28.1,25.4,23,81.5,X, ,X,낮음
7/20/2019,천안(232),X,30.4,28.6,25.2,23.1,83.1,X, ,X,낮음
7/20/2019,보령(235),X,31.6,30.2,26.6,24.1,77.6,X, ,X,낮음
7/20/2019,부여(236),X,32,30.3,25.6,23.5,88.3,X, ,X,낮음
7/20/2019,금산(238),X,29.2,27.1,24.5,22.6,85.3,X, ,X,낮음
7/20/2019,세종(239),X,30.6,28.4,25.4,23.4,88,X, ,X,보통
7/20/2019,부안(243),X,30.8,29,24.8,21.7,86.9,X, ,X,낮음
7/20/2019,임실(244),X,29.4,27,23.9,21.8,88.4,X, ,X,낮음
7/20/2019,정읍(245),X,29.3,27,24,21,87.3,X, ,X,낮음
7/20/2019,남원(247),X,30.4,28.2,24.7,22.9,90.6,X, ,X,낮음
7/20/2019,장수(248),X,28.5,26.7,24.3,21.6,78.6,X, ,X,낮음
7/20/2019,영광군(252),X,29.6,26.8,24.4,21.1,91.8,X, ,X,낮음
7/20/2019,김해시(253),X,28.3,24.9,24,23.6,96.8,X, ,X,낮음
7/20/2019,순창군(254),X,28.6,25.2,23.3,22.3,96.9,X, ,X,낮음
7/20/2019,양산시(257),X,29.6,26.4,25.1,23.9,95.6,X, ,X,낮음
7/20/2019,강진군(259),X,28.7,25.9,24,22.9,89.3,X, ,X,낮음
7/20/2019,장흥(260),X,28.8,26.1,24.4,23.7,90.1,X, ,X,낮음
7/20/2019,해남(261),X,28.2,24.7,23.2,22.3,97.4,X, ,X,낮음
7/20/2019,고흥(262),X,28.9,25.3,23.8,22.8,95.9,X, ,X,낮음
7/20/2019,의령군(263),X,29.4,26.8,24.3,23.2,92.1,X, ,X,낮음
7/20/2019,함양군(264),X,29,25.3,23.5,22.3,98.8,X, ,X,낮음
7/20/2019,진도군ASOS(268),X,28.3,25.3,23.6,22.3,92.4,X, ,X,낮음
7/20/2019,봉화(271),X,27.8,24.4,23,21.5,94.6,X, ,X,낮음
7/20/2019,영주(272),X,27.8,24,22.9,21.8,96.8,X, ,X,낮음
7/20/2019,문경(273),X,28,25,23.7,22.7,90.1,X, ,X,낮음
7/20/2019,청송군(276),X,28.3,24.8,23.7,21.6,97,X, ,X,낮음
7/20/2019,영덕(277),X,27.7,24.5,23.6,22.8,94.6,X, ,X,낮음
7/20/2019,의성(278),X,30.4,28.1,25.3,23.6,91.3,X, ,X,낮음
7/20/2019,구미(279),X,30.2,26.3,24.4,23.2,99,X, ,X,낮음
7/20/2019,영천(281),X,29.8,27.2,24.9,23.8,88,X, ,X,낮음
7/20/2019,경주시(283),X,28.8,25.7,24.5,23.5,93.4,X, ,X,낮음
7/20/2019,거창(284),X,28.4,24.9,23.4,22.2,96.1,X, ,X,낮음
7/20/2019,합천(285),X,28.9,26.3,24.1,22.5,87.3,X, ,X,낮음
7/20/2019,밀양(288),X,29.3,25.5,24.2,22.7,99,X, ,X,낮음
7/20/2019,산청(289),X,28.5,25,23.3,22.4,99.4,X, ,X,낮음
7/20/2019,거제(294),X,30.8,27.1,25,24.1,98.8,X, ,X,낮음
7/20/2019,남해(295),X,29.5,26.4,24.5,23.4,92.1,X, ,X,낮음
7/20/2019,부천(433),X,,32.1,27.7,24.5,,X, ,X,낮음
7/20/2019,안양(434),X,,31.4,28,25.3,,X, ,X,낮음
7/20/2019,광명(437),X,,31.4,28.8,26.1,,X, ,X,낮음
7/20/2019,군포(438),X,,31.2,28,24.9,,X, ,X,낮음
7/20/2019,김포(441),X,,30.7,27.4,24.7,,X, ,X,낮음
7/20/2019,하남(444),X,,,,,,X, ,X,낮음
7/20/2019,의왕(445),X,,29.9,26.6,23.9,,X, ,X,낮음
7/20/2019,포천(504),X,32.2,31.9,28.6,25.6,61,X, ,X,낮음
7/20/2019,가평조종(505),X,,29.7,27.7,24.2,,X, ,X,낮음
7/20/2019,안성(516),O,33.2,31.6,26.9,24.3,79,X, ,X,낮음
7/20/2019,간성(517),X,27.7,24.1,23,22.2,97,X, ,X,낮음
7/20/2019,평창(526),X,28.8,27,23.8,21.8,86,X, ,X,낮음
7/20/2019,의정부(532),O,34.3,32.9,28.5,25.1,79,X, ,X,낮음
7/20/2019,횡성(536),X,31.4,28.8,26.2,23.5,87,X, ,X,낮음
7/20/2019,고양(540),O,33.3,32.8,28.4,24.9,69,X, ,X,낮음
7/20/2019,남양주(541),X,31.8,31.2,28.7,26.1,62,X, ,X,낮음
7/20/2019,안산(545),X,32.1,30.9,27.7,24.6,70,X, ,X,낮음
7/20/2019,경기광주(546),X,31.6,30.5,27.2,24.6,70,X, ,X,낮음
7/20/2019,여주(548),X,31.5,29.9,25.3,22.6,83,X, ,X,낮음
7/20/2019,용인(549),X,31.5,30.6,26.6,23.8,70,X, ,X,낮음
7/20/2019,오산(550),X,31.3,31,27.5,24.9,61,X, ,X,낮음
7/20/2019,평택(551),X,32.1,30.6,26.6,24,80,X, ,X,낮음
7/20/2019,화천(555),X,31.7,30.8,27.1,23.7,75,X, ,X,낮음
7/20/2019,양구(556),X,30.6,29.5,26.3,23.1,73,X, ,X,낮음
7/20/2019,시흥(565),X,32.3,31.5,28.4,25.6,68,X, ,X,낮음
7/20/2019,구리(569),X,31.9,31.3,28.6,25,62,X, ,X,낮음
7/20/2019,화성(571),X,32.3,31.6,28.2,24.9,65,X, ,X,낮음
7/20/2019,성남(572),X,32,31,27.5,24.6,69,X, ,X,보통
7/20/2019,과천(590),X,31.8,30.6,27.2,24.6,73,X, ,X,낮음
7/20/2019,양주(598),X,32.2,31.5,28.3,25.8,65,X, ,X,낮음
7/20/2019,단양(601),X,30.5,27,24.6,22.9,98,X, ,X,낮음
7/20/2019,진천(602),X,30.7,29.6,25.7,23.7,77,X, ,X,낮음
7/20/2019,괴산(603),X,29.7,28.1,25.8,23.7,80,X, ,X,낮음
7/20/2019,옥천(604),X,30.1,27.9,24.7,23.1,88,X, ,X,낮음
7/20/2019,홍북(608),X,32.5,31,25.5,23.3,89,X, ,X,낮음
7/20/2019,공주(612),X,30.9,29.1,25.2,23.4,88,X, ,X,낮음
7/20/2019,서천(614),X,31.7,29.8,26.6,24.6,84,X, ,X,낮음
7/20/2019,논산(615),X,31.8,30.1,25.8,23.9,87,X, ,X,낮음
7/20/2019,당진(616),X,32.4,29.6,26.2,24.2,91,X, ,X,낮음
7/20/2019,청양(618),X,31.4,29.3,25.4,23.4,87,X, ,X,낮음
7/20/2019,음성(619),X,30.2,27.9,24.6,22.9,89,X, ,X,낮음
7/20/2019,증평(623),X,31.4,28.9,25.6,23.6,88,X, ,X,낮음
7/20/2019,태안(627),X,32.6,31,26.6,24.8,83,X, ,X,낮음
7/20/2019,예산(628),X,32.2,30.2,26.5,24.5,85,X, ,X,낮음
7/20/2019,아산(634),X,31.3,30.7,26.6,24.3,73,X, ,X,낮음
7/20/2019,계룡(636),X,30.3,28.4,24.9,23.2,83,X, ,X,낮음
7/20/2019,연천청산(652),X,32.5,31.8,28,24.4,70,X, ,X,낮음
7/20/2019,양양(670),X,27.9,24.2,23.4,22.6,97,X, ,X,낮음
7/20/2019,무안(699),X,28.4,25.3,23.5,21.8,95,X, ,X,낮음
7/20/2019,무주(701),X,30.6,27.5,24.3,22.7,98,X, ,X,낮음
7/20/2019,익산(702),O,33.3,30.1,25.6,23.7,97,X, ,X,낮음
7/20/2019,진안(703),X,29.5,26.3,24,21.7,93,X, ,X,낮음
7/20/2019,담양(706),X,30.3,26.5,24.2,22.5,98,X, ,X,낮음
7/20/2019,구례(709),X,29.5,26.7,24.5,23.2,93,X, ,X,낮음
7/20/2019,나주(710),X,28.8,25.3,24,22.9,95,X, ,X,낮음
7/20/2019,순천시(712),X,29.2,25.4,24.2,23.2,99,X, ,X,낮음
7/20/2019,광양읍(713),X,29.3,25.8,24.3,23.2,97,X, ,X,낮음
7/20/2019,장성(730),X,28.9,25.9,23.9,21.8,94,X, ,X,낮음
7/20/2019,영암(731),X,28.6,25.3,24.1,23.1,95,X, ,X,낮음
7/20/2019,보성(732),X,28.1,24.5,22.9,21.9,99,X, ,X,낮음
7/20/2019,완주(734),X,30.6,28.3,25.4,23,87,X, ,X,낮음
7/20/2019,김제(737),X,31,28.7,24.8,21.4,92,X, ,X,낮음
7/20/2019,화순(741),X,28,25.3,23.9,22.8,86,X, ,X,낮음
7/20/2019,함평(754),X,28.9,25.6,24.1,22.1,94,X, ,X,낮음
7/20/2019,곡성(768),X,28.5,25.8,23.5,22.3,90,X, ,X,낮음
7/20/2019,압해도(789),X,28.4,24.9,23.6,22,96,X, ,X,낮음
7/20/2019,영양(801),X,28.2,25,24,22.2,93,X, ,X,낮음
7/20/2019,성주(810),X,28.5,25.7,24.1,23,89,X, ,X,낮음
7/20/2019,고령(812),X,29.6,25.8,24.1,22.7,98,X, ,X,낮음
7/20/2019,청도(813),X,,25.7,24.2,22.2,,X, ,X,낮음
7/20/2019,예천(815),X,29.7,25.8,24,22.5,99,X, ,X,낮음
7/20/2019,김천(822),X,29.2,25.8,23.8,22.6,98,X, ,X,낮음
7/20/2019,군위(823),X,29.3,26.1,24.7,23,91,X, ,X,낮음
7/20/2019,칠곡(825),X,29.7,27.1,25,23.1,92,X, ,X,낮음
7/20/2019,경산(827),X,29.1,25.5,24.1,23,94,X, ,X,낮음
7/20/2019,삼척(876),X,27,23.6,22.7,22.1,95,X, ,X,낮음
7/20/2019,속초(90),X,27.3,23.8,23,21.9,94.8,X, ,X,낮음
7/20/2019,삼천포(907),X,28.9,25.5,24.1,23.2,95,X, ,X,낮음
7/20/2019,고성(918),X,30.3,27.5,24.9,23.6,92,X, ,X,낮음
7/20/2019,창녕(919),X,29.9,27.3,25.6,23.8,87,X, ,X,낮음
7/20/2019,함안(920),X,29.1,26.4,24.7,23.5,87,X, ,X,낮음
7/20/2019,북춘천(93),X,31.4,30.3,27.7,24.4,72.3,X, ,X,보통
7/20/2019,하동(932),X,29,25.6,24.3,23.2,94,X, ,X,낮음
7/20/2019,철원(95),X,31.7,29.9,26.8,24.5,80.6,X, ,X,낮음
7/20/2019,동두천(98),X,31.8,30.2,28.2,26,70.3,X, ,X,낮음
7/20/2019,파주(99),X,32.2,30.7,27.4,24.4,75.9,X, ,X,낮음
7/21/2019,북강릉(104),X,31.5,29.7,24.3,21.4,88.3,X, ,X,높음
7/21/2019,동해(106),X,30.4,28.6,24.2,19.9,84.1,X, ,X,낮음
7/21/2019,서울(108),X,29.5,27,25.1,24.2,87.1,X, ,X,보통
7/21/2019,인천(112),X,29.6,27.5,24.6,23.4,94.8,X, ,X,매우높음
7/21/2019,원주(114),X,28.4,25.8,24.4,23.4,85.9,X, ,X,낮음
7/21/2019,울릉도(115),X,26,22.6,22.2,21.9,95.6,X, ,X,낮음
7/21/2019,수원(119),X,30.3,28,25.1,23.7,94.1,X, ,X,낮음
7/21/2019,영월(121),X,28.5,25.4,23.8,22.6,94.1,X, ,X,낮음
7/21/2019,충주(127),X,29.1,26.1,24.5,22.7,90.4,X, ,X,낮음
7/21/2019,서산(129),X,31,28.7,24.6,23,93.4,X, ,X,높음
7/21/2019,울진(130),O,33,31.3,23.5,18.8,89,X, ,X,낮음
7/21/2019,청주(131),X,29.9,27.2,25.2,22.6,89,X, ,X,높음
7/21/2019,대전(133),X,30.1,27.3,24.8,22.3,93.3,X, ,O,높음
7/21/2019,추풍령(135),X,28,25.7,23.9,22,84.6,X, ,X,낮음
7/21/2019,안동(136),X,29.4,27.2,24.5,22.8,87,X, ,X,보통
7/21/2019,상주(137),X,30.5,27.5,24.7,22.9,93.4,X,관심,X,낮음
7/21/2019,포항(138),X,32.2,30.6,27.4,25.2,78.5,X,관심,O,낮음
7/21/2019,군산(140),X,30.2,27.5,24.8,22.2,93.6,X, ,X,낮음
7/21/2019,대구(143),X,31.3,29.3,25.7,23.5,91.5,X,관심,X,보통
7/21/2019,전주(146),X,31.1,27.4,24.7,21.5,98.8,X, ,X,높음
7/21/2019,울산(152),X,31.5,29.3,25.6,23.5,90.6,X, ,X,높음
7/21/2019,창원(155),X,30.7,28.5,24.6,23.1,87,X, ,X,보통
7/21/2019,광주(156),X,30.9,27.6,24.7,22.4,96.9,X, ,X,높음
7/21/2019,부산(159),X,28.9,26,23.6,22.2,94.4,X, ,X,보통
7/21/2019,통영(162),X,29.4,26.6,24.3,22.9,90,X, ,X,낮음
7/21/2019,목포(165),X,30.2,28,24.9,22.5,89,X, ,X,높음
7/21/2019,여수(168),X,28.9,25.9,24.3,22.8,94.4,X, ,X,낮음
7/21/2019,흑산도(169),X,31.7,29.8,24.7,20.9,90.8,X, ,X,낮음
7/21/2019,완도(170),X,31.4,29.4,25,22.8,89.4,X, ,X,낮음
7/21/2019,고창(172),X,30.8,28.4,25.1,21.6,92.8,X, ,X,낮음
7/21/2019,제주(184),X,32.2,30.7,27.3,24.8,80.6,X, ,X,매우높음
7/21/2019,진주(192),X,31,28.6,25.3,23.2,87.3,X, ,X,낮음
7/21/2019,양평(202),X,30.7,28.8,25.3,23.7,87.1,X, ,X,낮음
7/21/2019,이천(203),X,30.7,27.4,24.9,23.5,94.1,X, ,X,낮음
7/21/2019,인제(211),X,27.8,25.3,23.7,21.9,86.6,X, ,X,낮음
7/21/2019,홍천(212),X,29.7,27.2,24.9,23.2,87.9,X, ,X,낮음
7/21/2019,태백(216),X,29.2,25.7,22.9,20.9,91.9,X, ,X,낮음
7/21/2019,정선군(217),X,27.2,24.8,23.3,21.9,85.6,X, ,X,낮음
7/21/2019,제천(221),X,27.4,24.3,23.4,22.6,90.4,X, ,X,낮음
7/21/2019,보은(226),X,29.1,26.6,24.3,21.9,88.6,X, ,X,낮음
7/21/2019,천안(232),X,29,26.2,24.1,21.6,90.6,X, ,X,낮음
7/21/2019,보령(235),X,28.4,25.3,23.6,21.3,94,X, ,X,낮음
7/21/2019,부여(236),X,30.1,27.3,24.9,22.3,93.1,X, ,X,낮음
7/21/2019,금산(238),X,29.3,27.2,24.3,21.7,86.1,X, ,X,낮음
7/21/2019,세종(239),X,31.1,28.4,24.7,21.8,91.4,X, ,O,보통
7/21/2019,부안(243),X,31.2,29.7,25.7,21.4,85,X, ,X,낮음
7/21/2019,임실(244),X,29.1,26.5,23.6,21.5,92.6,X, ,X,낮음
7/21/2019,정읍(245),X,30.1,27.9,25,21.1,86.8,X, ,X,낮음
7/21/2019,남원(247),X,29.4,26.8,24.3,22.8,95.5,X, ,X,낮음
7/21/2019,장수(248),X,27,24.6,23.4,21.6,86.6,X, ,X,낮음
7/21/2019,영광군(252),X,31.9,30.1,25.7,22.7,90.4,X, ,X,낮음
7/21/2019,김해시(253),X,29.8,27.1,24.5,22.8,91.6,X, ,X,낮음
7/21/2019,순창군(254),X,30.2,27.8,24.7,22.4,91.9,X, ,X,낮음
7/21/2019,양산시(257),X,30.2,27.4,24.8,23.3,94.5,X, ,X,낮음
7/21/2019,강진군(259),X,31.5,29.5,25.1,22.9,86.9,X, ,X,낮음
7/21/2019,장흥(260),X,32.3,30.8,26.1,23.5,84,X, ,X,낮음
7/21/2019,해남(261),X,30.9,28.3,24.3,22.3,93.1,X, ,X,낮음
7/21/2019,고흥(262),X,30.3,28,24.4,21.9,92.3,X, ,X,낮음
7/21/2019,의령군(263),X,30.5,28.5,25.7,23.5,83.4,X, ,X,낮음
7/21/2019,함양군(264),X,30.7,27.3,24.4,22.3,96.4,X, ,X,낮음
7/21/2019,진도군ASOS(268),X,31,28.7,25.1,23.2,88.8,X, ,X,낮음
7/21/2019,봉화(271),X,28.2,24.6,23.3,22.1,96.5,X, ,X,낮음
7/21/2019,영주(272),X,29.5,25.7,23.6,21.6,94.9,X, ,X,낮음
7/21/2019,문경(273),X,29.7,26.8,23.8,22.3,90.9,X, ,X,낮음
7/21/2019,청송군(276),X,30.3,27.4,24.4,22.4,93.4,X, ,X,낮음
7/21/2019,영덕(277),X,32.2,30.5,26.1,22.9,82.1,X,관심,X,낮음
7/21/2019,의성(278),X,31.3,28.7,25.3,22.9,93.3,X,관심,X,낮음
7/21/2019,구미(279),X,31.4,28,25,23,97.5,X,관심,X,낮음
7/21/2019,영천(281),X,30.8,28.5,25.6,23.5,83.4,X,관심,X,낮음
7/21/2019,경주시(283),X,31.6,29.8,25.6,23.5,87.9,X,관심,X,낮음
7/21/2019,거창(284),X,29.7,27.2,24.4,22.3,90.8,X, ,X,낮음
7/21/2019,합천(285),X,31.7,29.9,25.5,23.2,79.6,X, ,X,낮음
7/21/2019,밀양(288),X,30,28.2,25.5,23.3,91.8,X, ,X,낮음
7/21/2019,산청(289),X,31.3,29.3,25,22.7,91,X, ,X,낮음
7/21/2019,거제(294),X,30.1,26.5,24.8,23.6,97.6,X, ,X,낮음
7/21/2019,남해(295),X,32,30.1,26.2,23.1,84,X, ,X,낮음
7/21/2019,부천(433),X,,27.1,24.5,23.2,,X, ,X,낮음
7/21/2019,안양(434),X,,27.1,25,24,,X, ,X,낮음
7/21/2019,광명(437),X,,28.6,25.2,24.2,,X, ,X,낮음
7/21/2019,군포(438),X,,27.7,24.8,23.7,,X, ,X,낮음
7/21/2019,김포(441),X,,27.4,24,22.6,,X, ,X,낮음
7/21/2019,하남(444),X,,,,,,X, ,X,낮음
7/21/2019,의왕(445),X,,26.1,23.3,22.5,,X, ,X,낮음
7/21/2019,포천(504),X,29.2,26.9,24.7,23,85,X, ,X,낮음
7/21/2019,가평조종(505),X,,26.6,24,22.8,,X, ,X,낮음
7/21/2019,안성(516),X,30.2,27.2,25.1,23.7,,X, ,X,낮음
7/21/2019,간성(517),X,27.9,24.3,22.6,21.1,97,X, ,X,낮음
7/21/2019,평창(526),X,28,24.8,23.4,22.3,92,X, ,X,낮음
7/21/2019,의정부(532),X,31.3,28.1,25.1,23.3,96,X, ,X,낮음
7/21/2019,횡성(536),X,29.2,25.4,24.4,23.3,98,X, ,X,낮음
7/21/2019,고양(540),X,31.1,28.9,25.1,23.8,90,X, ,X,낮음
7/21/2019,남양주(541),X,30.6,28.5,25.1,23.4,87,X, ,X,낮음
7/21/2019,안산(545),X,29.2,27.2,24.4,23.6,95,X, ,X,낮음
7/21/2019,경기광주(546),X,30.3,27.3,24.3,23,94,X, ,X,낮음
7/21/2019,여주(548),X,29.6,26.6,23.9,22.7,94,X, ,X,낮음
7/21/2019,용인(549),X,28.9,26.5,24.4,23,87,X, ,X,낮음
7/21/2019,오산(550),X,29.2,27.2,24.7,23.5,85,X, ,X,낮음
7/21/2019,평택(551),X,30.8,28.2,25.1,23.8,94,X, ,X,낮음
7/21/2019,화천(555),X,30,26.7,24.2,22.8,96,X, ,X,낮음
7/21/2019,양구(556),X,28.8,25.7,24,22.5,89,X, ,X,낮음
7/21/2019,시흥(565),X,30,28.3,25.4,24.3,90,X, ,X,낮음
7/21/2019,구리(569),X,31.1,29.3,25.6,23.8,81,X, ,X,낮음
7/21/2019,화성(571),X,29.6,27.5,24.9,23.8,91,X, ,X,낮음
7/21/2019,성남(572),X,29.7,27.2,25.1,23.5,85,X, ,X,높음
7/21/2019,과천(590),X,31,28.4,25,23.4,89,X, ,X,낮음
7/21/2019,양주(598),X,30.2,27.9,25,23.2,87,X, ,X,낮음
7/21/2019,단양(601),X,29.8,25.9,24,23,99,X, ,X,낮음
7/21/2019,진천(602),X,29.2,26.9,25,22.6,84,X, ,X,낮음
7/21/2019,괴산(603),X,29.4,26.7,24.2,22.3,94,X, ,X,낮음
7/21/2019,옥천(604),X,30.2,28,24.7,21.9,88,X, ,X,낮음
7/21/2019,홍북(608),X,30.3,26.9,23.7,22.6,99,X, ,X,낮음
7/21/2019,공주(612),X,31.4,28.9,24.8,21.9,91,X, ,X,낮음
7/21/2019,서천(614),X,30.3,27.3,25.4,23.4,91,X, ,O,낮음
7/21/2019,논산(615),X,30.1,27.5,24.9,21.7,93,X, ,X,낮음
7/21/2019,당진(616),X,31.5,28.5,24.8,23.1,92,X, ,X,낮음
7/21/2019,청양(618),X,29.9,27.2,24.3,23,93,X, ,X,낮음
7/21/2019,음성(619),X,29.2,25.8,24,22.2,94,X, ,X,낮음
7/21/2019,증평(623),X,29.8,26.4,24.3,22,97,X, ,X,낮음
7/21/2019,태안(627),X,31.6,29,24.3,22.6,96,X, ,X,낮음
7/21/2019,예산(628),X,30.6,27.8,24.7,23.5,96,X, ,X,낮음
7/21/2019,아산(634),X,30.4,27.7,24.9,23.6,93,X, ,X,낮음
7/21/2019,계룡(636),X,28.7,26.1,24.1,21.3,89,X, ,X,낮음
7/21/2019,연천청산(652),X,30.6,27.2,24.5,22.9,98,X, ,X,낮음
7/21/2019,양양(670),X,30.4,26.8,23.6,21.6,97,X, ,X,낮음
7/21/2019,무안(699),X,30.4,27.6,24.5,22.2,92,X, ,X,낮음
7/21/2019,무주(701),X,29.5,26.2,24,22.3,99,X, ,X,낮음
7/21/2019,익산(702),X,31.2,27.7,24.9,21.4,99,X, ,X,낮음
7/21/2019,진안(703),X,28,24.6,23.3,21.7,94,X, ,X,낮음
7/21/2019,담양(706),X,31.8,27.9,24.7,22.5,98,X, ,X,낮음
7/21/2019,구례(709),X,30.1,27,24.3,23,96,X, ,X,낮음
7/21/2019,나주(710),X,30.8,28.1,24.9,22.9,93,X, ,X,낮음
7/21/2019,순천시(712),X,32.5,29.2,25,23.2,97,X, ,X,낮음
7/21/2019,광양읍(713),X,30.9,28.2,24.8,23.3,96,X, ,X,낮음
7/21/2019,장성(730),X,30.7,28.2,24.6,21.9,94,X, ,X,낮음
7/21/2019,영암(731),X,31.2,28.7,25.2,23,93,X, ,X,낮음
7/21/2019,보성(732),X,30.9,28.6,24,21.8,94,X, ,X,낮음
7/21/2019,완주(734),X,29.5,26.6,24.1,21,95,X, ,X,낮음
7/21/2019,김제(737),X,30.3,27.4,24.8,20.9,94,X, ,X,낮음
7/21/2019,화순(741),X,30,28.3,24.7,22.9,85,X, ,X,낮음
7/21/2019,함평(754),X,30.8,28.4,25.1,22.8,92,X, ,X,낮음
7/21/2019,곡성(768),X,30.2,27.7,24.2,22.5,90,X, ,X,낮음
7/21/2019,압해도(789),X,31,28,24.7,22.6,93,X, ,X,낮음
7/21/2019,영양(801),X,29,26.3,24.4,22.4,90,X, ,X,낮음
7/21/2019,성주(810),X,30.2,28.4,25.2,22.4,83,X,관심,X,낮음
7/21/2019,고령(812),X,31.8,28.7,25.7,23.4,90,X,관심,X,낮음
7/21/2019,청도(813),X,,27.9,24.8,23,,X,관심,X,낮음
7/21/2019,예천(815),X,29.6,25.7,23.6,22.5,99,X,관심,X,낮음
7/21/2019,김천(822),X,31.4,28.6,24.7,22.1,92,X,관심,X,낮음
7/21/2019,군위(823),X,31.6,28.9,24.8,22.4,91,X,관심,X,낮음
7/21/2019,칠곡(825),X,31.1,28.3,25.3,23.5,92,X,관심,X,낮음
7/21/2019,경산(827),X,30.5,28.7,25.8,23.4,81,X,관심,X,낮음
7/21/2019,삼척(876),X,32.8,31.4,25.5,21.7,82,X, ,X,낮음
7/21/2019,속초(90),X,27.4,24,22.5,20.5,95.9,X, ,X,낮음
7/21/2019,삼천포(907),X,30.9,28.6,25.2,23,89,X, ,X,낮음
7/21/2019,고성(918),X,30,27.2,24.4,23.1,92,X, ,X,낮음
7/21/2019,창녕(919),X,31,28.5,25.6,23.8,89,X, ,X,낮음
7/21/2019,함안(920),X,31.5,29.7,26.2,23.7,79,X, ,X,낮음
7/21/2019,북춘천(93),X,29.6,27.9,24.6,23.2,94.4,X, ,X,보통
7/21/2019,하동(932),X,30.6,28.3,25.3,23.3,90,X, ,X,낮음
7/21/2019,철원(95),X,29.1,25.6,23.9,22.6,99.9,X, ,X,낮음
7/21/2019,동두천(98),X,29.5,26.8,24.1,22.7,95.9,X, ,X,낮음
7/21/2019,파주(99),X,30.2,27.3,25,23.1,93,X, ,X,낮음
7/22/2019,북강릉(104),O,33.1,33.9,29.7,23.6,54.5,O,주의,O,위험
7/22/2019,동해(106),X,32.1,32.4,28.8,23.4,57,O,주의,O,낮음
7/22/2019,서울(108),X,31.6,31,26.7,24.2,74.6,X,주의,X,매우높음
7/22/2019,인천(112),X,30.6,28.1,24.9,23.2,92.5,X, ,X,매우높음
7/22/2019,원주(114),X,31.1,30.3,26.2,24,74,O,주의,X,낮음
7/22/2019,울릉도(115),X,31.5,30.4,26.5,22.1,67.4,X, ,O,낮음
7/22/2019,수원(119),X,28.6,31.7,27,24.3,80.8,O,주의,X,낮음
7/22/2019,영월(121),X,30.5,29.4,25.6,22.6,81,O,주의,X,낮음
7/22/2019,충주(127),X,32.2,30.8,26.4,24,82.4,O,주의,X,낮음
7/22/2019,서산(129),X,31.7,29.4,25.1,22.8,90.6,X, ,X,매우높음
7/22/2019,울진(130),O,34.6,34.3,29.4,23.6,63.5,O,주의,O,낮음
7/22/2019,청주(131),O,33.7,33.1,28.3,24.8,75.8,O,주의,O,매우높음
7/22/2019,대전(133),O,33.5,32,27.9,25.4,80.6,O,주의,O,매우높음
7/22/2019,추풍령(135),X,31.6,30.9,26.8,22.8,72,O,주의,X,낮음
7/22/2019,안동(136),X,32.5,31.8,27.2,22.9,75.8,O,주의,X,매우높음
7/22/2019,상주(137),O,33.7,32.2,28.1,24.1,76,O,주의,O,낮음
7/22/2019,포항(138),O,34.2,33.8,29.4,25,69.4,O,주의,O,낮음
7/22/2019,군산(140),X,32.5,30.3,26.6,24.5,88,X, ,X,낮음
7/22/2019,대구(143),O,34,33.7,28.5,23,76.1,O,주의,O,매우높음
7/22/2019,전주(146),O,34.4,31.9,27.5,24.7,93.4,O,주의,O,매우높음
7/22/2019,울산(152),O,33.7,32.7,28,22.9,80.5,O,주의,O,매우높음
7/22/2019,창원(155),O,33.4,31.7,26.4,22.4,82.9,X,관심,X,매우높음
7/22/2019,광주(156),O,33.9,31.8,27,23.5,90.9,X,관심,O,매우높음
7/22/2019,부산(159),X,31.5,29.1,25.8,22.9,88.1,X, ,X,매우높음
7/22/2019,통영(162),X,31.8,29.6,25.1,22.5,89.3,X, ,X,낮음
7/22/2019,목포(165),X,31,28.2,25.6,23.5,92.6,X, ,X,매우높음
7/22/2019,여수(168),X,30.8,28.1,24.9,22.9,96.4,X, ,X,낮음
7/22/2019,흑산도(169),X,28.6,25.2,22.5,19.8,98,X, ,X,낮음
7/22/2019,완도(170),X,30.8,27.8,24.7,22.4,95.8,X, ,X,낮음
7/22/2019,고창(172),O,33.6,31.8,27,23.3,86.9,X,관심,O,낮음
7/22/2019,제주(184),O,34.3,32.7,27.1,23.8,89.6,X,관심,X,높음
7/22/2019,진주(192),O,33.6,31.7,26.8,22.7,85.1,X,관심,X,낮음
7/22/2019,양평(202),X,32.5,32.2,27.3,24.3,74.9,O,주의,X,낮음
7/22/2019,이천(203),O,33.1,32,27,24.3,80.5,O,주의,X,낮음
7/22/2019,인제(211),X,30.9,30,26,23.5,74.6,X, ,X,낮음
7/22/2019,홍천(212),X,32.8,32.1,27.2,23.6,76.1,O,주의,X,낮음
7/22/2019,태백(216),X,29.5,28.6,25.1,22.7,70.3,X, ,X,낮음
7/22/2019,정선군(217),X,31.1,30.6,25.3,21.8,73.5,X, ,X,낮음
7/22/2019,제천(221),X,31.7,30.8,25.4,22.6,79.9,O,주의,X,낮음
7/22/2019,보은(226),O,33.1,32.3,27.3,23.9,77.4,O,주의,X,낮음
7/22/2019,천안(232),X,32.5,31.4,26.3,23.1,80.4,O,주의,X,낮음
7/22/2019,보령(235),X,30.5,27.9,25.1,23.2,90.1,X, ,X,낮음
7/22/2019,부여(236),O,33.4,32.5,27.5,24.4,81.4,O,주의,O,낮음
7/22/2019,금산(238),O,33,32,27.1,23.7,75.3,O,주의,X,낮음
7/22/2019,세종(239),O,33.4,32.1,27.7,25,78.4,O,주의,O,매우높음
7/22/2019,부안(243),O,33.7,31.9,27.4,24.1,81.4,X,관심,X,낮음
7/22/2019,임실(244),O,33.4,32.5,26.5,22.2,82.6,O,주의,X,낮음
7/22/2019,정읍(245),O,33.4,32.2,27,23.4,80.3,O,주의,X,낮음
7/22/2019,남원(247),O,33,32.1,26.9,22.5,82.9,X,관심,X,낮음
7/22/2019,장수(248),X,31.7,30.8,25.8,23.1,78.6,X, ,X,낮음
7/22/2019,영광군(252),O,34.4,32.7,27.5,23.7,85.8,X, ,O,낮음
7/22/2019,김해시(253),O,35.1,33.7,27.3,22.5,81.6,O,주의,X,낮음
7/22/2019,순창군(254),O,33.2,32.3,26.8,22.8,84.4,X,관심,X,낮음
7/22/2019,양산시(257),O,34.3,32.8,27.4,22.5,85.4,O,주의,O,낮음
7/22/2019,강진군(259),X,30.7,28.1,25.1,22.9,90.9,X, ,X,낮음
7/22/2019,장흥(260),O,33.8,32,26.6,23.2,87.6,X, ,X,낮음
7/22/2019,해남(261),X,31.3,28.1,24.8,21.3,96.3,X, ,X,낮음
7/22/2019,고흥(262),X,32.7,30.4,25.4,21.5,92.1,X, ,X,낮음
7/22/2019,의령군(263),O,34.2,32.8,27.9,23.4,78.1,O,주의,O,낮음
7/22/2019,함양군(264),O,34.4,32.7,27.3,21.8,86.4,O,주의,X,낮음
7/22/2019,진도군ASOS(268),X,31.7,28.8,25.6,22.9,92.1,X, ,X,낮음
7/22/2019,봉화(271),X,31.3,30.6,25.3,21.1,80.4,X,관심,X,낮음
7/22/2019,영주(272),X,30.4,29.3,25.2,21.8,77,X,관심,X,낮음
7/22/2019,문경(273),O,33.6,32.9,26.9,21.7,76.5,O,주의,X,낮음
7/22/2019,청송군(276),O,33.1,31.4,26,21.3,87.5,X,관심,X,낮음
7/22/2019,영덕(277),O,34,33.3,28.9,24.7,67.4,O,주의,O,낮음
7/22/2019,의성(278),O,33.8,33.8,27.4,22.1,77.1,O,주의,X,낮음
7/22/2019,구미(279),O,34.5,32.8,27.1,22.4,88.1,O,주의,X,낮음
7/22/2019,영천(281),O,34,34,28.2,23.1,72,O,주의,X,낮음
7/22/2019,경주시(283),O,34.9,34,27.5,22,80.9,O,주의,X,낮음
7/22/2019,거창(284),O,33.5,32.7,26.5,21.6,81.3,X,관심,X,낮음
7/22/2019,합천(285),O,34.2,34,28.2,23,71.5,O,주의,X,낮음
7/22/2019,밀양(288),O,33.3,33.2,27.8,22.6,76,O,주의,X,낮음
7/22/2019,산청(289),O,34.6,33.8,27.3,22.4,81.3,O,주의,X,낮음
7/22/2019,거제(294),X,32.9,30.2,26.4,23.2,94.3,X, ,X,낮음
7/22/2019,남해(295),O,34.3,32.8,27.1,22.1,83.4,X, ,O,낮음
7/22/2019,부천(433),X,,30.7,26.3,23.6,,X,관심,X,낮음
7/22/2019,안양(434),X,,30.9,26.6,24.4,84,X,관심,X,낮음
7/22/2019,광명(437),X,,31.6,26.7,24.3,,X,관심,X,낮음
7/22/2019,군포(438),X,,31.7,26.7,23.9,,X,주의,X,낮음
7/22/2019,김포(441),X,,29.7,25.1,22.4,,X,관심,X,낮음
7/22/2019,하남(444),X,,,,,,O,주의,X,낮음
7/22/2019,의왕(445),X,,29.7,24.8,22.1,,O,주의,X,낮음
7/22/2019,포천(504),X,32.3,31.9,26.4,23.9,76,O,주의,X,낮음
7/22/2019,가평조종(505),X,,31.5,25.7,22.7,,O,주의,X,낮음
7/22/2019,안성(516),O,34.1,33.6,27,24.3,82,O,주의,X,낮음
7/22/2019,간성(517),O,34,33.9,30.3,21.9,60,O,주의,O,낮음
7/22/2019,평창(526),X,31.1,30,25,21.7,80,X, ,X,낮음
7/22/2019,의정부(532),O,33.9,32.3,26.9,24.1,89,O,주의,X,낮음
7/22/2019,횡성(536),X,32.4,30.1,25.8,23.2,91,O,주의,X,낮음
7/22/2019,고양(540),O,34.2,33.4,27,23.2,79,O,주의,X,낮음
7/22/2019,남양주(541),X,32.6,31.8,27,24.1,74,O,주의,X,낮음
7/22/2019,안산(545),X,32.9,31.4,25.5,21.3,88,X,관심,X,낮음
7/22/2019,경기광주(546),X,32.4,31.4,26.5,23.6,80,O,주의,X,낮음
7/22/2019,여주(548),X,31.4,29.7,25.9,23.3,82,O,주의,X,낮음
7/22/2019,용인(549),X,28,,,,,O,주의,X,낮음
7/22/2019,오산(550),X,32.1,31.4,26.5,23.9,75,O,주의,X,낮음
7/22/2019,평택(551),X,28.9,,,,,O,주의,X,낮음
7/22/2019,화천(555),O,33.5,32.6,26.3,22,85,O,주의,X,낮음
7/22/2019,양구(556),X,31.8,31,26.5,22.2,75,O,주의,X,낮음
7/22/2019,시흥(565),X,32.6,31.3,26.5,23.2,83,X,관심,X,낮음
7/22/2019,구리(569),O,33,32.9,27.6,24.6,69,O,주의,X,낮음
7/22/2019,화성(571),X,28.2,,,,,X,관심,X,낮음
7/22/2019,성남(572),X,32.2,31.3,26.9,23.8,75,O,주의,X,매우높음
7/22/2019,과천(590),X,32.4,31.3,26.7,23.3,80,O,주의,X,낮음
7/22/2019,양주(598),X,32.6,31.9,26.6,24.1,78,O,주의,X,낮음
7/22/2019,단양(601),O,33.4,31.1,25.9,23.2,94,O,주의,X,낮음
7/22/2019,진천(602),O,33.1,32.7,27.3,23.9,70,O,주의,X,낮음
7/22/2019,괴산(603),X,32.8,31.8,27.3,24.2,78,O,주의,X,낮음
7/22/2019,옥천(604),O,33.1,32.3,27.6,22.9,77,O,주의,X,낮음
7/22/2019,홍북(608),O,33.3,31.7,25.6,22.4,89,X, ,X,낮음
7/22/2019,공주(612),O,34.1,33.6,27.9,24.7,76,O,주의,X,낮음
7/22/2019,서천(614),X,32.7,30.5,27,25.3,85,X, ,O,낮음
7/22/2019,논산(615),O,33.7,32.3,27.6,24.9,82,O,주의,O,낮음
7/22/2019,당진(616),O,33.7,31,25.7,23.2,89,X, ,X,낮음
7/22/2019,청양(618),O,33.1,32,26.4,23.1,84,X, ,X,낮음
7/22/2019,음성(619),X,32.6,30.8,26.1,23.4,86,O,주의,X,낮음
7/22/2019,증평(623),O,33.1,31.6,26.7,24.1,87,O,주의,X,낮음
7/22/2019,태안(627),X,30.5,27.6,23.9,22.2,96,X, ,X,낮음
7/22/2019,예산(628),O,33.6,32.4,26.9,23.5,84,X, ,O,낮음
7/22/2019,아산(634),O,33.4,32.8,26.9,23.5,80,O,주의,X,낮음
7/22/2019,계룡(636),X,32.8,31.6,26.6,22.9,80,X, ,X,낮음
7/22/2019,연천청산(652),X,32.7,31.6,26,23.5,88,O,주의,X,낮음
7/22/2019,양양(670),O,35.1,33.9,30.2,25.9,73,O,주의,O,낮음
7/22/2019,무안(699),X,32.4,29.7,25.8,22.5,91,X, ,X,낮음
7/22/2019,무주(701),O,33.8,32.5,26.7,22.7,85,X,관심,X,낮음
7/22/2019,익산(702),O,35.2,33.1,27.3,24.3,91,O,주의,X,낮음
7/22/2019,진안(703),O,33.7,30.6,25.8,22.9,88,X, ,X,낮음
7/22/2019,담양(706),O,35,31.8,26.8,23.1,97,X,관심,X,낮음
7/22/2019,구례(709),O,33.7,32.4,26.9,23.1,87,X, ,X,낮음
7/22/2019,나주(710),O,33.6,31.2,26,22.1,92,X,관심,X,낮음
7/22/2019,순천시(712),O,34,31.1,26.6,23.5,93,X, ,O,낮음
7/22/2019,광양읍(713),O,34.7,32.8,27.1,23.2,87,X, ,O,낮음
7/22/2019,장성(730),O,33.5,31.8,26.4,23,89,X, ,X,낮음
7/22/2019,영암(731),O,33.2,30.7,26,21.9,93,X, ,X,낮음
7/22/2019,보성(732),X,32.6,30,25.2,21.7,94,X, ,X,낮음
7/22/2019,완주(734),O,33.6,32.2,26.7,23.2,86,O,주의,X,낮음
7/22/2019,김제(737),O,33.5,31.4,27,24.4,87,X,관심,X,낮음
7/22/2019,화순(741),O,33,32.6,26.5,22.3,79,X, ,X,낮음
7/22/2019,함평(754),O,33.5,31.2,26.2,22.7,92,X, ,X,낮음
7/22/2019,곡성(768),O,33.4,32.4,26.6,21.7,83,X, ,X,낮음
7/22/2019,압해도(789),X,32.4,29.4,25.6,23.3,94,X, ,X,낮음
7/22/2019,영양(801),X,32.5,31.1,26.2,21.9,81,X,관심,X,낮음
7/22/2019,성주(810),O,33.2,33.2,26.9,21.8,77,O,주의,X,낮음
7/22/2019,고령(812),O,34,33.4,27.7,23.1,84,O,주의,X,낮음
7/22/2019,청도(813),O,33.5,,27.5,,,O,주의,X,낮음
7/22/2019,예천(815),O,33.8,32,26.2,21.6,90,O,주의,X,낮음
7/22/2019,김천(822),O,34.5,33.3,26.3,21.5,87,O,주의,X,낮음
7/22/2019,군위(823),O,34.1,33,27.3,22.6,82,O,주의,X,낮음
7/22/2019,칠곡(825),O,34.4,33.6,27.6,23.7,82,O,주의,X,낮음
7/22/2019,경산(827),O,33.8,34,28.4,23.2,72,O,주의,X,낮음
7/22/2019,삼척(876),O,33.8,33.8,29.3,24.1,58,O,주의,O,낮음
7/22/2019,속초(90),O,34.4,35,31.1,22.4,54.1,O, ,O,낮음
7/22/2019,삼천포(907),X,32.3,29.7,25.4,21.9,92,X, ,X,낮음
7/22/2019,고성(918),X,32.5,29.7,25.8,22.9,91,X, ,X,낮음
7/22/2019,창녕(919),O,34.7,33.4,28.4,23.8,79,O,주의,X,낮음
7/22/2019,함안(920),O,34.1,33.5,28,22.3,74,O,주의,O,낮음
7/22/2019,북춘천(93),X,32.8,31.6,26.8,23.1,82.1,O,주의,X,매우높음
7/22/2019,하동(932),O,34.4,32.5,26.7,22.5,87,X,관심,X,낮음
7/22/2019,철원(95),X,32.7,30.7,26,23.7,91.1,O,주의,X,낮음
7/22/2019,동두천(98),X,32.7,30.8,25.9,23.5,87.6,O,주의,X,낮음
7/22/2019,파주(99),X,32.8,31.2,26,23.2,85.9,O,주의,X,낮음
7/23/2019,북강릉(104),O,34.2,34.5,29.6,26,61.8,O,경고,O,매우높음
7/23/2019,동해(106),O,33.3,33,29,25.2,60.9,O,주의,X,낮음
7/23/2019,서울(108),O,33.1,32.9,28.1,24.4,70.8,X, ,O,매우높음
7/23/2019,인천(112),X,31.4,29.9,26.5,23.7,86.3,X, ,X,매우높음
7/23/2019,원주(114),X,32.7,32.7,28,24.1,69.1,O, ,X,낮음
7/23/2019,울릉도(115),X,32.6,32.1,28.6,25.7,56.5,X, ,X,낮음
7/23/2019,수원(119),X,30.4,33.8,28.3,24.6,76.9,O, ,X,낮음
7/23/2019,영월(121),X,32.6,32,26.3,21.9,80.8,O, ,X,낮음
7/23/2019,충주(127),O,33.9,33.2,27.9,23.7,78.4,O, ,O,낮음
7/23/2019,서산(129),X,31.8,30.5,26.7,23.7,86.3,X, ,X,매우높음
7/23/2019,울진(130),O,35.2,34.6,28.5,24.3,68.1,O,주의,X,낮음
7/23/2019,청주(131),O,34.3,34.1,29.4,26.2,72.3,O, ,O,매우높음
7/23/2019,대전(133),O,34.2,33.1,29,26.2,78.3,O, ,O,매우높음
7/23/2019,추풍령(135),X,32.9,32.1,27.5,23.1,73.5,O, ,X,낮음
7/23/2019,안동(136),O,33.7,33.3,28.5,23.7,71.9,O, ,O,매우높음
7/23/2019,상주(137),O,34.8,33.5,29.3,25.7,76.3,O, ,O,낮음
7/23/2019,포항(138),O,35.4,35.1,30.5,27.2,69.6,O,주의,O,낮음
7/23/2019,군산(140),O,34,32.3,27.8,24.9,82.4,X, ,O,낮음
7/23/2019,대구(143),O,34.7,35,29.5,25.5,73.6,O,주의,O,매우높음
7/23/2019,전주(146),O,34.7,32.9,28.7,25.5,85.8,O, ,O,매우높음
7/23/2019,울산(152),O,34.7,33.8,28.8,25.3,78.5,O,관심,X,매우높음
7/23/2019,창원(155),O,33.7,32.5,27.1,24.3,81.8,O,관심,X,매우높음
7/23/2019,광주(156),O,33.3,31.4,27.7,25.2,84.4,O, ,O,매우높음
7/23/2019,부산(159),X,31.9,29.9,26.6,24.9,86.3,O,관심,X,매우높음
7/23/2019,통영(162),X,31.1,28.4,25.1,23.4,91.1,X, ,X,낮음
7/23/2019,목포(165),X,32.2,30.4,26.9,24.5,84.3,X, ,O,매우높음
7/23/2019,여수(168),X,31.6,29.4,25.8,24,93,X, ,X,낮음
7/23/2019,흑산도(169),X,28.1,24.3,22.8,21.2,99,X, ,X,낮음
7/23/2019,완도(170),O,33,31.2,26.3,23.5,87.1,X, ,X,낮음
7/23/2019,고창(172),O,33.1,31.5,27.5,25.3,80.4,X, ,O,낮음
7/23/2019,제주(184),X,32.2,30.3,27.6,24.3,82.5,X,관심,O,매우높음
7/23/2019,진주(192),O,33.6,32.1,27.3,23.7,82.5,O,관심,X,낮음
7/23/2019,양평(202),O,33.4,33,28,23.9,74.9,O, ,O,낮음
7/23/2019,이천(203),O,34.2,33.6,28.2,24,76.5,O, ,X,낮음
7/23/2019,인제(211),X,32.3,32.3,26.7,22.5,74,X, ,X,낮음
7/23/2019,홍천(212),O,34,33.4,27.8,22.9,77.8,O, ,O,낮음
7/23/2019,태백(216),X,31.1,30.5,25.7,22,72.9,X, ,X,낮음
7/23/2019,정선군(217),O,33.3,33,25.9,20.8,74.8,X, ,X,낮음
7/23/2019,제천(221),O,33.2,32.9,26.4,21.8,77.9,O, ,X,낮음
7/23/2019,보은(226),O,34,33.6,27.7,23.4,78,O,관심,X,낮음
7/23/2019,천안(232),X,32.7,32,26.9,22.6,80,O, ,X,낮음
7/23/2019,보령(235),X,31.6,30,26.7,24.3,83.8,X, ,X,낮음
7/23/2019,부여(236),O,33.5,32.4,27.9,25.5,81.4,O, ,X,낮음
7/23/2019,금산(238),O,33.1,32.6,27.5,23.7,74.4,O, ,X,낮음
7/23/2019,세종(239),O,33.7,32.8,27.9,25.2,79.3,O, ,X,매우높음
7/23/2019,부안(243),O,33.7,32.9,28.3,24.7,74,X, ,O,낮음
7/23/2019,임실(244),O,33.2,32.5,26.7,22.8,79.8,O, ,X,낮음
7/23/2019,정읍(245),O,33.6,33.3,27.9,24.8,72.9,O, ,O,낮음
7/23/2019,남원(247),O,33.2,32.5,28.1,24,75.9,X, ,O,낮음
7/23/2019,장수(248),X,31.6,30.4,26.3,22.6,74.4,X, ,X,낮음
7/23/2019,영광군(252),O,33.6,32.4,28.1,25.3,81.1,X, ,O,낮음
7/23/2019,김해시(253),O,34.9,33.6,27.8,24.7,81.8,O,관심,X,낮음
7/23/2019,순창군(254),X,32.7,31.5,27.7,24,78.4,X, ,O,낮음
7/23/2019,양산시(257),O,34.8,33.5,27.9,25.2,84,O,관심,O,낮음
7/23/2019,강진군(259),X,32.1,30.2,26.9,24.2,82.4,X, ,O,낮음
7/23/2019,장흥(260),O,33.4,32,27.3,24,82.5,X, ,X,낮음
7/23/2019,해남(261),X,32.8,30.7,26.5,24.1,86.6,X, ,O,낮음
7/23/2019,고흥(262),X,32.6,30.7,26.2,23.3,87.8,X, ,X,낮음
7/23/2019,의령군(263),O,34.7,33,28.3,25.1,78.3,O,관심,O,낮음
7/23/2019,함양군(264),O,34.5,32.6,27.6,23.8,88.5,O,관심,X,낮음
7/23/2019,진도군ASOS(268),X,30.7,28.1,25.6,24.2,89.5,X, ,X,낮음
7/23/2019,봉화(271),O,33,32.8,26,20.6,79.5,X,관심,X,낮음
7/23/2019,영주(272),X,32.5,32.5,27.3,22.6,71,X, ,X,낮음
7/23/2019,문경(273),O,34.5,34.3,28.4,24,74,O,관심,X,낮음
7/23/2019,청송군(276),O,34.4,33.3,26.7,21.9,86.3,X,관심,X,낮음
7/23/2019,영덕(277),O,35.2,34.4,29,25,71.4,O,주의,O,낮음
7/23/2019,의성(278),O,34.4,35.2,28.7,23,74.3,O,주의,X,낮음
7/23/2019,구미(279),O,35.2,34,28.8,23.8,85.1,O,주의,O,낮음
7/23/2019,영천(281),O,35,35.3,30,24.3,68,O,주의,O,낮음
7/23/2019,경주시(283),O,36.1,35.4,28.8,23.8,78.8,O,주의,X,낮음
7/23/2019,거창(284),O,33.5,32.9,27.1,22,80.6,O,관심,X,낮음
7/23/2019,합천(285),O,34,33.5,28.2,23.3,73.3,O,주의,X,낮음
7/23/2019,밀양(288),O,33.4,33.3,28.3,24.5,75.6,O,주의,X,낮음
7/23/2019,산청(289),O,34.4,33.2,27.5,23.3,81.9,O,관심,X,낮음
7/23/2019,거제(294),O,33.9,31.3,26.6,24.9,94.1,X, ,X,낮음
7/23/2019,남해(295),O,33.5,32,27.6,24.9,82.8,X, ,X,낮음
7/23/2019,부천(433),X,,32.7,27.2,23.3,,X, ,X,낮음
7/23/2019,안양(434),X,,32.6,27.7,24.3,82,X, ,X,낮음
7/23/2019,광명(437),X,,33,28,24.5,,X, ,X,낮음
7/23/2019,군포(438),X,,34.2,27.8,23.6,,X, ,X,낮음
7/23/2019,김포(441),X,,32.5,26.2,22.2,,X, ,X,낮음
7/23/2019,하남(444),X,,,,,,O, ,X,낮음
7/23/2019,의왕(445),X,,31.5,26.2,21.9,,O, ,X,낮음
7/23/2019,포천(504),X,32.8,32.1,26.6,21.9,76,O, ,X,낮음
7/23/2019,가평조종(505),X,,32.2,26.2,21,,O, ,X,낮음
7/23/2019,안성(516),O,34.2,33.2,28.1,24.8,78,O, ,X,낮음
7/23/2019,간성(517),O,35.2,35.2,29.8,25.9,66,O,경고,O,낮음
7/23/2019,평창(526),X,32,31.8,25.5,21.2,79,X, ,X,낮음
7/23/2019,의정부(532),O,34.5,32.5,27.3,22.5,89,O, ,O,낮음
7/23/2019,횡성(536),O,34.6,33.1,27,22.4,88,O, ,X,낮음
7/23/2019,고양(540),O,35.2,35.2,27.8,22.3,77,O, ,X,낮음
7/23/2019,남양주(541),O,33.3,33.1,27.2,23.1,76,O, ,O,낮음
7/23/2019,안산(545),O,34.5,33.4,27.1,21.4,83,X, ,X,낮음
7/23/2019,경기광주(546),O,34.1,33.9,27.2,22.9,80,O, ,X,낮음
7/23/2019,여주(548),X,32.8,31.2,26.9,23.7,81,O, ,X,낮음
7/23/2019,용인(549),X,32.8,32.6,27,22.7,73,O, ,X,낮음
7/23/2019,오산(550),O,33.6,34,28,23.7,68,O, ,X,낮음
7/23/2019,평택(551),O,34.2,33.1,28.1,24.4,79,O, ,X,낮음
7/23/2019,화천(555),O,34.6,33.9,27.1,22.3,83,O, ,X,낮음
7/23/2019,양구(556),O,33.1,32.1,26.9,22.5,77,O, ,X,낮음
7/23/2019,시흥(565),O,34,33.2,28.4,22.9,77,X, ,O,낮음
7/23/2019,구리(569),O,34,33.9,28.1,23.8,69,O, ,O,낮음
7/23/2019,화성(571),O,34.2,33.6,27.8,24,77,X, ,X,낮음
7/23/2019,성남(572),O,33.5,33.4,28,24.6,73,O, ,X,매우높음
7/23/2019,과천(590),O,33.2,32.3,27.4,22.6,79,O, ,X,낮음
7/23/2019,양주(598),O,33.7,32.9,26.7,21.9,80,O, ,X,낮음
7/23/2019,단양(601),O,35.1,33.8,27.3,22.9,89,O,관심,X,낮음
7/23/2019,진천(602),O,33.6,33.7,28.1,23.4,68,O,관심,O,낮음
7/23/2019,괴산(603),O,33.6,33,28.1,23.6,78,O,관심,O,낮음
7/23/2019,옥천(604),O,34,33.6,28,23.9,79,O,관심,O,낮음
7/23/2019,홍북(608),O,33.8,32.4,26.7,23.8,86,X, ,X,낮음
7/23/2019,공주(612),O,33.9,33.4,28.3,24.8,77,O, ,X,낮음
7/23/2019,서천(614),O,33.8,32,28.4,25.7,81,X, ,O,낮음
7/23/2019,논산(615),O,34.5,33.5,28.6,25.4,79,O, ,O,낮음
7/23/2019,당진(616),O,33.9,31.6,27,23.8,88,X, ,X,낮음
7/23/2019,청양(618),O,33.6,32.2,27.2,23.2,83,X, ,X,낮음
7/23/2019,음성(619),O,33.3,31.8,26.8,22.7,84,O, ,X,낮음
7/23/2019,증평(623),O,33.7,32.7,27.9,24.3,83,O, ,O,낮음
7/23/2019,태안(627),X,32.4,30.3,25.7,23.1,92,X, ,X,낮음
7/23/2019,예산(628),O,34.1,32.5,27.8,25,83,X, ,X,낮음
7/23/2019,아산(634),O,34.1,33.6,28,24.6,78,O, ,X,낮음
7/23/2019,계룡(636),O,33.4,32.7,27.4,23.9,80,X, ,X,낮음
7/23/2019,연천청산(652),O,33,31.9,25.8,21.9,89,O, ,X,낮음
7/23/2019,양양(670),O,35.7,34.9,30.7,28.1,76,O,경고,O,낮음
7/23/2019,무안(699),X,31.7,29.8,26.8,24.1,84,X, ,O,낮음
7/23/2019,무주(701),O,34.1,32.8,27,22.6,86,X, ,X,낮음
7/23/2019,익산(702),O,36.2,34.3,28.6,24.3,86,O, ,O,낮음
7/23/2019,진안(703),O,34.6,32.3,26.3,22.9,88,X, ,X,낮음
7/23/2019,담양(706),O,34.6,31.3,27.4,24.8,95,O, ,X,낮음
7/23/2019,구례(709),O,34,32.6,27.5,24.1,85,O, ,X,낮음
7/23/2019,나주(710),O,33.3,31.5,27.3,24.7,85,O, ,O,낮음
7/23/2019,순천시(712),O,34.3,32.1,27.5,25,90,O, ,X,낮음
7/23/2019,광양읍(713),O,34.6,33.4,28.4,25.1,82,O, ,O,낮음
7/23/2019,장성(730),X,32.6,31.1,27.2,24.4,82,X, ,O,낮음
7/23/2019,영암(731),O,33.1,30.9,27.2,23.8,84,X, ,O,낮음
7/23/2019,보성(732),X,32.5,30.7,25.8,23.1,90,X, ,X,낮음
7/23/2019,완주(734),O,33.4,32.3,27.1,23.7,84,O, ,X,낮음
7/23/2019,김제(737),O,34,33,28.1,24.6,78,X, ,O,낮음
7/23/2019,화순(741),X,32.6,32.3,27.2,24.3,73,O, ,X,낮음
7/23/2019,함평(754),X,32.8,30.8,27.2,24.8,85,X, ,O,낮음
7/23/2019,곡성(768),O,33.4,32.9,27.2,23.3,79,O, ,X,낮음
7/23/2019,압해도(789),X,32.6,30,26.6,24.5,89,X, ,X,낮음
7/23/2019,영양(801),O,34,33.2,26.3,20.9,84,X,관심,X,낮음
7/23/2019,성주(810),O,34.4,34.3,28.2,22.9,73,O,관심,X,낮음
7/23/2019,고령(812),O,34.6,34.3,28.2,23.4,80,O,관심,X,낮음
7/23/2019,청도(813),O,34.9,34.2,28.4,23.8,76,O,관심,X,낮음
7/23/2019,예천(815),O,34.8,33.2,27.7,22.5,88,O,주의,X,낮음
7/23/2019,김천(822),O,35.2,34.4,27.6,22,83,O,주의,X,낮음
7/23/2019,군위(823),O,35.4,34.6,28.4,22.9,81,O, ,X,낮음
7/23/2019,칠곡(825),O,34.6,34.3,28.6,23.7,79,O,관심,O,낮음
7/23/2019,경산(827),O,34.9,35,29.4,24.7,68,O,주의,O,낮음
7/23/2019,삼척(876),O,34.6,34.3,30,26.7,61,O,주의,O,낮음
7/23/2019,속초(90),O,35.5,36.1,30.4,25.3,59.5,O,경고,O,낮음
7/23/2019,삼천포(907),X,31.5,28.7,25.7,24,91,O,관심,X,낮음
7/23/2019,고성(918),O,33.1,31,26.1,24.2,91,X,관심,X,낮음
7/23/2019,창녕(919),O,34.7,33.6,28.9,24.4,77,O,주의,X,낮음
7/23/2019,함안(920),O,35,33.9,28.9,25.1,73,O,주의,X,낮음
7/23/2019,북춘천(93),O,33.5,32.6,27.1,22.6,81,O, ,O,매우높음
7/23/2019,하동(932),O,33.8,32.7,27.8,24,82,O,관심,X,낮음
7/23/2019,철원(95),O,33.1,30.5,26,21.4,91.1,O, ,X,낮음
7/23/2019,동두천(98),O,33.2,31.4,26.3,22.3,87.1,O, ,X,낮음
7/23/2019,파주(99),O,33.3,31.4,26.1,22.2,86.9,O, ,X,낮음
7/24/2019,북강릉(104),O,33.3,32.6,28.3,25.8,71.6,O, ,O,매우높음
7/24/2019,동해(106),X,31.6,30.1,26.3,24.6,77.8,O, ,X,낮음
7/24/2019,서울(108),X,29.7,27.2,26.5,25.2,82.3,X, ,O,보통
7/24/2019,인천(112),X,29.5,26.2,25.5,24.8,95.5,X, ,O,높음
7/24/2019,원주(114),X,30.2,28.7,26.7,24.9,76.4,O, ,X,낮음
7/24/2019,울릉도(115),X,31.4,29.4,26.6,23.9,77.8,X, ,X,낮음
7/24/2019,수원(119),X,30.5,27.7,26.5,24.7,88.5,O, ,O,낮음
7/24/2019,영월(121),X,31.1,29.1,25.6,23.4,88.4,O, ,X,낮음
7/24/2019,충주(127),X,30.5,28.3,26.4,25,84.1,O, ,X,낮음
7/24/2019,서산(129),X,30.8,28.2,25.6,24.4,94.1,X, ,X,높음
7/24/2019,울진(130),O,34,32.7,28.8,26.3,73.5,O, ,O,낮음
7/24/2019,청주(131),X,31.5,29.9,28.3,26.3,74.4,O, ,O,높음
7/24/2019,대전(133),X,31.8,29.7,27.7,25.5,82.6,O, ,O,높음
7/24/2019,추풍령(135),X,30.5,28.6,25.8,23.1,79.6,O, ,X,낮음
7/24/2019,안동(136),X,31.8,30.2,27,25,79.5,O,관심,X,높음
7/24/2019,상주(137),X,32.3,29.8,27,25,87.9,O,관심,X,낮음
7/24/2019,포항(138),O,34,33,29.3,26.9,70.9,O,관심,O,낮음
7/24/2019,군산(140),X,32.1,30.2,27.1,25.3,86.3,X, ,O,낮음
7/24/2019,대구(143),X,32.1,31.5,28.1,25.3,74.5,O,관심,O,높음
7/24/2019,전주(146),O,33,30.1,27.6,26.4,92.3,O, ,X,높음
7/24/2019,울산(152),O,33.2,32,27.7,24.9,78.8,O,관심,X,높음
7/24/2019,창원(155),X,32,30.4,26.3,24.4,83.6,O,관심,X,높음
7/24/2019,광주(156),X,31.7,28.6,26.9,25.7,89.5,O,관심,O,높음
7/24/2019,부산(159),X,31.6,29.3,26,24.6,89.1,O, ,X,높음
7/24/2019,통영(162),X,31.2,28.7,25.5,24.3,91.3,X, ,X,낮음
7/24/2019,목포(165),X,32.1,30.1,26.5,25.2,87.8,X, ,O,높음
7/24/2019,여수(168),X,30.3,27.2,25.4,24.1,96.5,X, ,X,낮음
7/24/2019,흑산도(169),X,27.8,24,22.7,21.1,99,X, ,X,낮음
7/24/2019,완도(170),X,31.3,28.7,26.4,25,87.6,X, ,X,낮음
7/24/2019,고창(172),O,33.2,31,27.3,25.7,84,X, ,O,낮음
7/24/2019,제주(184),X,32.6,30.9,27.9,25.7,80.4,X,관심,O,매우높음
7/24/2019,진주(192),X,31.4,28.9,26.3,24.7,86.3,O,관심,O,낮음
7/24/2019,양평(202),X,31.4,29.3,26.7,25.5,85.8,O, ,O,낮음
7/24/2019,이천(203),X,30.9,28.5,26.3,24.9,87.8,O, ,X,낮음
7/24/2019,인제(211),X,31,29.4,25.8,23.8,81.9,X, ,X,낮음
7/24/2019,홍천(212),X,31.5,29.6,26.7,25.3,85.5,O, ,O,낮음
7/24/2019,태백(216),X,30.8,29.7,24.8,21.4,82.4,X, ,X,낮음
7/24/2019,정선군(217),X,31.1,30,24.6,22.5,83.8,X, ,X,낮음
7/24/2019,제천(221),X,30.6,28.7,25.5,23.2,84.8,O, ,X,낮음
7/24/2019,보은(226),X,31.3,29.6,26.5,24.2,83.1,O, ,X,낮음
7/24/2019,천안(232),X,30.3,28.1,25.8,24.3,84.6,O, ,X,낮음
7/24/2019,보령(235),X,31.7,29.9,26,24.5,88.5,X, ,X,낮음
7/24/2019,부여(236),X,31.7,29.3,26.7,24.5,88.3,O, ,O,낮음
7/24/2019,금산(238),X,30.8,29.3,26.7,24.9,75.5,O, ,X,낮음
7/24/2019,세종(239),X,31.6,29.7,26.7,24.9,83.3,O, ,O,높음
7/24/2019,부안(243),X,32.4,30.8,28,25.8,77.3,X, ,O,낮음
7/24/2019,임실(244),X,30.2,27.8,25.4,23.8,85.3,O, ,X,낮음
7/24/2019,정읍(245),X,32.2,30.7,27.4,25.5,75.9,O, ,O,낮음
7/24/2019,남원(247),X,30.8,29.2,26.9,24.7,77.6,X, ,X,낮음
7/24/2019,장수(248),X,29.3,27.3,25.3,24.1,77,X, ,X,낮음
7/24/2019,영광군(252),X,32.6,30.5,27,25.2,87.5,X, ,O,낮음
7/24/2019,김해시(253),O,33.4,32,27.1,24.7,82.9,O,관심,O,낮음
7/24/2019,순창군(254),X,30.7,28.5,26.5,25.1,82,X, ,X,낮음
7/24/2019,양산시(257),O,33.6,32.1,27.4,25.2,85.6,O,관심,O,낮음
7/24/2019,강진군(259),X,31.3,28.9,26.3,25.1,85.3,X, ,O,낮음
7/24/2019,장흥(260),X,30.8,28,25.8,24.5,89.9,X,관심,O,낮음
7/24/2019,해남(261),X,31.3,28.5,26.3,25.1,90.9,X, ,O,낮음
7/24/2019,고흥(262),X,31.4,29,25.7,23.4,90.9,X, ,X,낮음
7/24/2019,의령군(263),X,31.5,29.8,27.2,25,78,O,관심,O,낮음
7/24/2019,함양군(264),X,32.3,29.8,26.1,23.3,94.4,O,관심,X,낮음
7/24/2019,진도군ASOS(268),X,30.1,27.1,25.6,24.7,92,X, ,X,낮음
7/24/2019,봉화(271),X,31.4,29.8,25.4,22.3,86.4,X, ,X,낮음
7/24/2019,영주(272),X,32.2,30.8,26.1,23.2,80.6,X, ,X,낮음
7/24/2019,문경(273),X,31.4,29.4,26.1,23.9,84.3,O,관심,X,낮음
7/24/2019,청송군(276),X,32.4,30.1,25.7,22.7,92.5,X,관심,X,낮음
7/24/2019,영덕(277),O,33.2,31.7,27.7,25.4,78.9,O,관심,X,낮음
7/24/2019,의성(278),X,31.9,30.2,27.2,24.5,83.1,O,관심,X,낮음
7/24/2019,구미(279),O,33.2,30.2,27.1,25,94.1,O,관심,X,낮음
7/24/2019,영천(281),X,32.5,31.6,28.2,25.5,70.3,O,관심,X,낮음
7/24/2019,경주시(283),O,34,32.8,27.4,23.6,78.3,O,관심,X,낮음
7/24/2019,거창(284),X,31,29.3,25.9,22.9,85.8,O,관심,X,낮음
7/24/2019,합천(285),X,31.7,30.3,27.1,24.1,75.5,O,관심,X,낮음
7/24/2019,밀양(288),X,31.7,31.6,27.1,23.9,77.9,O,관심,O,낮음
7/24/2019,산청(289),X,31.1,28.7,26.1,23.5,88.1,O,관심,X,낮음
7/24/2019,거제(294),X,31.6,28.1,26,24.8,97.8,X, ,O,낮음
7/24/2019,남해(295),X,31.2,28.8,26.2,24.2,88.6,X, ,O,낮음
7/24/2019,부천(433),X,,26.7,25.5,24,,X, ,O,낮음
7/24/2019,안양(434),X,,27.5,26.2,24.8,93,X, ,O,낮음
7/24/2019,광명(437),X,,27.4,26.3,24.9,,X, ,O,낮음
7/24/2019,군포(438),X,,26.9,25.6,24.2,,X, ,X,낮음
7/24/2019,김포(441),X,,25.9,24.6,23.6,,X, ,X,낮음
7/24/2019,하남(444),X,,,,,,O, ,X,낮음
7/24/2019,의왕(445),X,,25.2,23.9,23.1,,O, ,X,낮음
7/24/2019,포천(504),X,30.7,28.3,26,24.7,85,O, ,X,낮음
7/24/2019,가평조종(505),X,,29,25.6,24,,O, ,X,낮음
7/24/2019,안성(516),X,30.8,28.5,26.7,24.6,84,O, ,O,낮음
7/24/2019,간성(517),O,34.3,32.2,28.3,25.2,83,O, ,X,낮음
7/24/2019,평창(526),X,30.7,29.2,25.1,22.3,85,X, ,X,낮음
7/24/2019,의정부(532),X,32.4,28.8,26.3,25,97,O, ,X,낮음
7/24/2019,횡성(536),X,32.6,29.7,26.1,24.2,95,O, ,X,낮음
7/24/2019,고양(540),X,31.1,28.1,25.6,24.4,94,O, ,O,낮음
7/24/2019,남양주(541),X,31.3,28.8,26.6,25.3,84,O, ,X,낮음
7/24/2019,안산(545),X,30.4,27.1,25.3,24,99,X, ,X,낮음
7/24/2019,경기광주(546),X,30.4,27.4,25.4,24.2,94,O, ,X,낮음
7/24/2019,여주(548),X,30.5,27.8,25.9,24.6,87,O, ,X,낮음
7/24/2019,용인(549),X,28.9,26.2,24.9,24,89,O, ,X,낮음
7/24/2019,오산(550),X,29.6,27.3,26.1,24.4,82,O, ,O,낮음
7/24/2019,평택(551),X,30.6,28.1,26.3,24.7,90,O, ,O,낮음
7/24/2019,화천(555),X,32.8,30.9,26.6,24.3,91,O, ,X,낮음
7/24/2019,양구(556),X,31.2,29.5,26.4,24.2,82,O, ,X,낮음
7/24/2019,시흥(565),X,31,28.3,26.5,25.2,92,X, ,O,낮음
7/24/2019,구리(569),X,31.5,29.7,27.1,25.7,77,O, ,O,낮음
7/24/2019,화성(571),X,30.4,27.9,26.1,24.5,90,X, ,O,낮음
7/24/2019,성남(572),X,30.3,27.8,26.3,24.8,84,O, ,O,높음
7/24/2019,과천(590),X,30,27,25.4,24.6,94,O, ,X,낮음
7/24/2019,양주(598),X,31.3,28.6,26,24.6,90,O, ,X,낮음
7/24/2019,단양(601),O,33.1,30.1,26.5,24.3,96,O, ,X,낮음
7/24/2019,진천(602),X,30.4,29.1,26.7,25,73,O, ,X,낮음
7/24/2019,괴산(603),X,31.1,28.9,26.6,24.7,85,O, ,X,낮음
7/24/2019,옥천(604),X,31.9,30.5,26.8,24.6,82,O, ,X,낮음
7/24/2019,홍북(608),X,31.4,28.6,25.3,24,96,X, ,X,낮음
7/24/2019,공주(612),X,31.6,29.9,26.7,24.6,86,O, ,X,낮음
7/24/2019,서천(614),X,32.6,30.2,27.8,25.9,85,X, ,O,낮음
7/24/2019,논산(615),X,32.1,30.4,27.7,25.5,80,O, ,O,낮음
7/24/2019,당진(616),X,32.3,29.2,25.9,24.4,93,X, ,X,낮음
7/24/2019,청양(618),X,30.9,27.9,25.5,23.9,96,X, ,X,낮음
7/24/2019,음성(619),X,30.3,27.6,25.7,23.5,89,O, ,X,낮음
7/24/2019,증평(623),X,30.9,28.1,26.4,25.2,90,O, ,X,낮음
7/24/2019,태안(627),X,30.2,26.8,24.8,23.6,97,X, ,X,낮음
7/24/2019,예산(628),X,31.6,29,26.7,24.8,91,X, ,X,낮음
7/24/2019,아산(634),X,31.3,28.8,26.5,24.4,89,O, ,X,낮음
7/24/2019,계룡(636),X,30.7,28.7,25.5,23.7,89,X, ,X,낮음
7/24/2019,연천청산(652),X,32.1,28.9,25.7,24.1,95,O, ,X,낮음
7/24/2019,양양(670),O,35.8,33.7,29.5,27.4,88,O, ,O,낮음
7/24/2019,무안(699),X,31.8,29.6,26.7,25.3,86,X, ,O,낮음
7/24/2019,무주(701),X,32.3,30.2,26.4,23.7,90,X, ,X,낮음
7/24/2019,익산(702),O,34.2,31.3,27.8,25.8,92,O, ,O,낮음
7/24/2019,진안(703),X,30.6,27.6,25,23.5,92,X, ,X,낮음
7/24/2019,담양(706),O,33.1,29.2,26.5,24.9,98,O,관심,O,낮음
7/24/2019,구례(709),X,31,28.6,26.3,24.4,90,O,주의,O,낮음
7/24/2019,나주(710),X,31.9,29.2,26.7,25,88,O, ,O,낮음
7/24/2019,순천시(712),X,31.4,28.3,26.4,24.9,94,O, ,O,낮음
7/24/2019,광양읍(713),X,31.4,29,26.7,25.1,87,O, ,O,낮음
7/24/2019,장성(730),X,31.2,28.7,26.6,25,86,X,관심,X,낮음
7/24/2019,영암(731),X,32.4,29.8,26.8,25.2,87,X, ,O,낮음
7/24/2019,보성(732),X,30.2,27.2,25,23.2,94,X, ,X,낮음
7/24/2019,완주(734),X,32.3,30.7,27.3,24.6,79,O, ,X,낮음
7/24/2019,김제(737),X,32.5,30.7,27.7,25.9,80,X, ,O,낮음
7/24/2019,화순(741),X,30.4,28.6,26.1,24.2,79,O,주의,O,낮음
7/24/2019,함평(754),X,32.8,30.7,26.9,25.5,88,X,관심,O,낮음
7/24/2019,곡성(768),X,31.3,29.5,25.7,23.8,85,O,관심,X,낮음
7/24/2019,압해도(789),X,32.5,29.8,26,24.5,92,X, ,X,낮음
7/24/2019,영양(801),X,32.1,29.9,25.6,22.4,89,X, ,X,낮음
7/24/2019,성주(810),X,32.2,31,27.1,24.9,75,O,관심,X,낮음
7/24/2019,고령(812),X,32,30.4,26.9,24.1,87,O,관심,X,낮음
7/24/2019,청도(813),X,32.5,31.1,26.9,23.6,79,O,관심,X,낮음
7/24/2019,예천(815),X,32.5,29.7,26.3,23.9,95,O,관심,X,낮음
7/24/2019,김천(822),O,33.3,30.6,26.7,24.1,90,O,관심,X,낮음
7/24/2019,군위(823),X,32.6,30.6,27.1,23.9,84,O,관심,X,낮음
7/24/2019,칠곡(825),X,32.1,29.9,27.1,25.1,84,O,관심,X,낮음
7/24/2019,경산(827),X,31.9,31,27.7,25.2,71,O,관심,O,낮음
7/24/2019,삼척(876),O,33.7,32.5,28.5,26.2,70,O, ,O,낮음
7/24/2019,속초(90),O,33.9,32.5,28.4,25.3,74.4,O, ,O,낮음
7/24/2019,삼천포(907),X,30.5,27.6,25.2,24,94,O,관심,X,낮음
7/24/2019,고성(918),X,30.8,27.8,25.7,24.6,93,X, ,X,낮음
7/24/2019,창녕(919),X,32,30.3,27.3,24.7,80,O,관심,O,낮음
7/24/2019,함안(920),X,31.8,30.8,27.4,24.2,75,O,관심,O,낮음
7/24/2019,북춘천(93),X,31.8,29.3,26.6,25,90.6,O, ,O,보통
7/24/2019,하동(932),X,31.5,29.1,26.3,24.3,89,O,관심,X,낮음
7/24/2019,철원(95),X,32,29,26.2,24.4,96.3,O, ,X,낮음
7/24/2019,동두천(98),X,31.3,27.9,25.4,24.2,95.8,O, ,X,낮음
7/24/2019,파주(99),X,29.6,25.9,25,24.2,98.1,O, ,X,낮음
7/25/2019,북강릉(104),O,34.2,33.5,28.4,25.6,74.8,O, ,X,높음
7/25/2019,동해(106),O,33.6,32.5,27.7,23.8,74.6,O, ,X,낮음
7/25/2019,서울(108),X,30.5,27.4,26.3,25.6,90.1,X, ,X,높음
7/25/2019,인천(112),X,29.8,26.1,25.5,24.9,97.4,X, ,X,높음
7/25/2019,원주(114),X,31,29.1,26.2,24.6,84.6,X, ,O,낮음
7/25/2019,울릉도(115),X,31.5,29.1,26.3,24.4,84.8,X, ,X,낮음
7/25/2019,수원(119),X,30.8,27.3,26.2,25.5,94.9,X, ,O,낮음
7/25/2019,영월(121),X,31.1,27.9,24.8,23.6,97,X, ,X,낮음
7/25/2019,충주(127),X,30.7,27.7,25.5,24.3,93.5,X, ,X,낮음
7/25/2019,서산(129),X,29.6,25.9,,,,X, ,X,보통
7/25/2019,울진(130),O,35.1,34,27.3,25.8,83,O,주의,X,낮음
7/25/2019,청주(131),X,30.6,27.7,26.1,24.7,93.6,X, ,O,보통
7/25/2019,대전(133),X,31.6,27.8,26.4,25.6,96.8,X, ,O,보통
7/25/2019,추풍령(135),X,30.5,27.7,25.5,23.2,88.6,X, ,X,낮음
7/25/2019,안동(136),X,29.5,26.2,25.3,24.1,92.4,X,관심,O,보통
7/25/2019,상주(137),X,30.8,27.2,25.5,24.5,98.8,X,관심,O,낮음
7/25/2019,포항(138),O,33.2,31.1,28.5,26.9,80.8,O,주의,O,낮음
7/25/2019,군산(140),X,32.4,29.5,26.7,25.2,94.9,X, ,O,낮음
7/25/2019,대구(143),X,32.5,30,27.5,25.3,87.5,O,주의,O,높음
7/25/2019,전주(146),O,35,31.6,27.7,24.9,98,X, ,O,보통
7/25/2019,울산(152),X,32.5,30,27.3,24.8,88.3,O,관심,O,보통
7/25/2019,창원(155),X,29.6,26.7,25.5,24.8,90.9,X,관심,O,높음
7/25/2019,광주(156),O,33.9,31.1,27.6,25.9,92.5,X,관심,O,높음
7/25/2019,부산(159),X,30.7,27.7,25.6,24.9,95.6,X,관심,X,높음
7/25/2019,통영(162),X,29.4,25.8,24.8,24.3,97.1,X, ,X,낮음
7/25/2019,목포(165),X,32.6,30.6,27.3,25.2,86.6,X, ,O,높음
7/25/2019,여수(168),X,30.6,27.2,25.7,24.5,97.4,X, ,X,낮음
7/25/2019,흑산도(169),X,30,26.3,23.2,21.2,98.8,X, ,X,낮음
7/25/2019,완도(170),X,32.9,30.5,26.5,24.4,89.8,X, ,X,낮음
7/25/2019,고창(172),O,33.4,30.8,27.7,25.8,86.6,X, ,O,낮음
7/25/2019,제주(184),O,33.2,31.1,27.9,25.9,85.8,X,관심,O,위험
7/25/2019,진주(192),X,32,29.5,26.6,25,88.6,X,관심,O,낮음
7/25/2019,양평(202),X,31.4,28.6,26.4,25.1,91.6,X, ,O,낮음
7/25/2019,이천(203),X,31.7,28.8,25.9,24.6,96.5,X, ,X,낮음
7/25/2019,인제(211),X,31.4,30.1,26.2,23.6,82.9,X, ,X,낮음
7/25/2019,홍천(212),X,31.9,29.4,26.4,25.2,91.4,X, ,O,낮음
7/25/2019,태백(216),X,29.9,27.6,24.4,22.4,89.9,X, ,X,낮음
7/25/2019,정선군(217),X,29,26.1,24.3,23.1,88.6,X, ,X,낮음
7/25/2019,제천(221),X,29.5,26.4,24.7,23.6,90.8,X, ,X,낮음
7/25/2019,보은(226),X,30.4,26.7,24.8,24.1,96.1,X, ,X,낮음
7/25/2019,천안(232),X,28.9,25.1,24.4,23.8,96.6,X, ,X,낮음
7/25/2019,보령(235),X,30.8,27.7,25.7,24.3,93.5,X, ,O,낮음
7/25/2019,부여(236),X,31.8,28.3,26.1,25,97,X, ,O,낮음
7/25/2019,금산(238),X,32.6,30.7,26.3,23.9,87,X, ,X,낮음
7/25/2019,세종(239),X,30.4,26.6,25.6,25,97.5,X, ,O,높음
7/25/2019,부안(243),O,33.3,31.1,28.1,25.4,82.8,X, ,O,낮음
7/25/2019,임실(244),X,31.3,28.4,25.7,23.5,92.3,X, ,X,낮음
7/25/2019,정읍(245),X,32.6,30.6,27.7,25.2,80,X, ,O,낮음
7/25/2019,남원(247),X,32.3,30.1,26.9,24.5,89.3,X, ,X,낮음
7/25/2019,장수(248),X,30.4,28,25.3,23.2,86.6,X, ,X,낮음
7/25/2019,영광군(252),O,33.9,31.6,27.7,25.7,87.1,X, ,O,낮음
7/25/2019,김해시(253),X,30.8,27.9,26.1,25.1,92.8,X,관심,O,낮음
7/25/2019,순창군(254),O,33.7,31.4,27.2,24.6,88.3,X, ,O,낮음
7/25/2019,양산시(257),X,31.5,28.4,26.7,25.8,93.6,O,관심,O,낮음
7/25/2019,강진군(259),X,32.1,29.8,26.7,25.2,87.8,X, ,O,낮음
7/25/2019,장흥(260),O,33.3,31.4,26.8,25.3,89.8,X,관심,O,낮음
7/25/2019,해남(261),X,32.6,30.1,26.5,24.9,91.8,X, ,X,낮음
7/25/2019,고흥(262),X,32.2,29.8,26.5,24.5,90.6,X, ,X,낮음
7/25/2019,의령군(263),X,32.4,30,27.3,25.5,83.8,X,관심,O,낮음
7/25/2019,함양군(264),O,34.3,30.7,26.6,24.5,97.4,X,관심,X,낮음
7/25/2019,진도군ASOS(268),X,30.6,27.6,26,24.7,92,X, ,X,낮음
7/25/2019,봉화(271),X,28.6,24.9,24.1,23.1,98,X, ,X,낮음
7/25/2019,영주(272),X,29.3,26.1,24.3,23.6,93.3,X, ,X,낮음
7/25/2019,문경(273),X,28.8,25.2,24.4,23.7,95.1,X,관심,X,낮음
7/25/2019,청송군(276),X,31.7,28.1,25,22.7,98.5,X,관심,X,낮음
7/25/2019,영덕(277),O,33.5,31,27.5,24.9,85.5,O,주의,O,낮음
7/25/2019,의성(278),X,31.9,29.1,26.3,23.7,94.1,X,주의,X,낮음
7/25/2019,구미(279),X,32.6,28.7,26.4,24.5,98.9,X,주의,O,낮음
7/25/2019,영천(281),X,31.8,29.5,26.7,23.9,84.1,O,주의,O,낮음
7/25/2019,경주시(283),O,33.7,31.5,27.1,23.9,88,O,주의,O,낮음
7/25/2019,거창(284),X,32.9,30.3,26.2,23.7,93.6,X,관심,X,낮음
7/25/2019,합천(285),X,32,30.2,27.2,24.6,79.4,X,관심,O,낮음
7/25/2019,밀양(288),X,32,28.9,27,25.3,93.9,O,주의,O,낮음
7/25/2019,산청(289),O,33.3,30.7,26.9,24.5,92,X,관심,X,낮음
7/25/2019,거제(294),X,30.4,26.5,25.8,25.2,99,X, ,O,낮음
7/25/2019,남해(295),X,32.9,30.6,26.9,25,89.4,X, ,O,낮음
7/25/2019,부천(433),X,,26.5,25.4,24.6,,X, ,X,낮음
7/25/2019,안양(434),X,,27.6,26.3,25.7,,X, ,X,낮음
7/25/2019,광명(437),X,,27.3,26.4,25.9,,X, ,X,낮음
7/25/2019,군포(438),X,,26.8,25.6,24.9,,X, ,X,낮음
7/25/2019,김포(441),X,,25.9,24.5,23.5,,X, ,X,낮음
7/25/2019,하남(444),X,,,,,,X, ,X,낮음
7/25/2019,의왕(445),X,,25.9,24.4,23.5,,X, ,X,낮음
7/25/2019,포천(504),X,30.5,27.8,25.8,24.6,89,X, ,X,낮음
7/25/2019,가평조종(505),X,,27.6,25.5,24.3,,X, ,X,낮음
7/25/2019,안성(516),X,30.6,27.4,25.9,25,94,X, ,O,낮음
7/25/2019,간성(517),O,34.9,32.7,28.8,24.2,84,O, ,X,낮음
7/25/2019,평창(526),X,29.6,26.5,24.7,23.5,92,X, ,X,낮음
7/25/2019,의정부(532),X,31.6,27.7,25.9,24.9,98,X, ,X,낮음
7/25/2019,횡성(536),X,31.6,28,25.8,24.5,98,X, ,X,낮음
7/25/2019,고양(540),X,30.6,26.9,25.7,25,98,X, ,X,낮음
7/25/2019,남양주(541),X,30.7,27.6,26.1,24.9,92,X, ,X,낮음
7/25/2019,안산(545),X,30.9,27,25.5,24.6,100,X, ,X,낮음
7/25/2019,경기광주(546),X,31.3,28.2,25.7,24.5,97,X, ,X,낮음
7/25/2019,여주(548),X,30.8,27.5,25.3,24.1,95,X, ,X,낮음
7/25/2019,용인(549),X,29.7,26.3,24.9,24.2,93,X, ,X,낮음
7/25/2019,오산(550),X,29.9,26.7,25.6,25,91,X, ,X,낮음
7/25/2019,평택(551),X,30.4,26.5,25.7,24.6,99,X, ,O,낮음
7/25/2019,화천(555),O,34.6,33.2,27.3,24.7,89,X, ,X,낮음
7/25/2019,양구(556),X,32.8,31.4,27,24.1,83,X, ,X,낮음
7/25/2019,시흥(565),X,31.4,27.8,26.6,25.9,93,X, ,X,낮음
7/25/2019,구리(569),X,31.2,28.7,26.5,25.2,85,X, ,X,낮음
7/25/2019,화성(571),X,30.6,26.8,25.9,25.3,98,X, ,X,낮음
7/25/2019,성남(572),X,30.6,27.8,26.3,25.2,89,X, ,X,보통
7/25/2019,과천(590),X,31,27.8,25.6,24.7,96,X, ,X,낮음
7/25/2019,양주(598),X,31.2,28.1,25.8,24.9,95,X, ,X,낮음
7/25/2019,단양(601),X,32.4,28.5,25.1,24,99,X, ,X,낮음
7/25/2019,진천(602),X,30.4,27.5,25.5,24.8,93,X, ,X,낮음
7/25/2019,괴산(603),X,30.4,26.7,24.9,24,98,X, ,X,낮음
7/25/2019,옥천(604),X,31.4,28.4,25.8,24.4,94,X, ,X,낮음
7/25/2019,홍북(608),X,29.7,25.8,24.6,23.9,99,X, ,X,낮음
7/25/2019,공주(612),X,30.8,26.9,25.7,24.9,99,X, ,X,낮음
7/25/2019,서천(614),O,33.6,30.7,27.1,26.2,93,X, ,O,낮음
7/25/2019,논산(615),O,33.1,30.3,26.7,25.3,96,X, ,O,낮음
7/25/2019,당진(616),X,29.4,26,25.1,24.6,93,X, ,X,낮음
7/25/2019,청양(618),X,30.6,26.7,25.4,24.6,98,X, ,X,낮음
7/25/2019,음성(619),X,30.2,26.9,24.6,23.8,96,X, ,X,낮음
7/25/2019,증평(623),X,30.1,26.2,24.8,23.8,100,X, ,X,낮음
7/25/2019,태안(627),X,29.1,25.3,24,23.5,99,X, ,X,낮음
7/25/2019,예산(628),X,30.5,26.7,25.7,24.4,99,X, ,O,낮음
7/25/2019,아산(634),X,30.5,26.6,25.3,24,99,X, ,X,낮음
7/25/2019,계룡(636),X,31.5,28,25.5,24.3,96,X, ,X,낮음
7/25/2019,연천청산(652),X,31.8,28.2,25.7,24.5,98,X, ,X,낮음
7/25/2019,양양(670),O,37.1,34.7,30.7,27,86,O, ,X,낮음
7/25/2019,무안(699),X,32.3,29.9,27.2,25.6,87,X, ,O,낮음
7/25/2019,무주(701),O,33.9,31.4,26.6,23.4,94,X, ,X,낮음
7/25/2019,익산(702),O,34.8,31.5,27.4,25.1,98,X, ,O,낮음
7/25/2019,진안(703),X,31.8,28.2,25.2,23.3,94,X, ,X,낮음
7/25/2019,담양(706),O,36,32,27.2,25.1,98,X,관심,O,낮음
7/25/2019,구례(709),X,32,29.1,26.8,25.1,91,X,관심,O,낮음
7/25/2019,나주(710),O,33.7,31.4,27.6,25.5,89,X,관심,O,낮음
7/25/2019,순천시(712),X,32.3,28.8,26.5,25.1,97,X,관심,O,낮음
7/25/2019,광양읍(713),X,32.4,29.4,26.6,25.1,94,X,관심,O,낮음
7/25/2019,장성(730),O,33.3,30.6,26.9,24.6,90,X,관심,O,낮음
7/25/2019,영암(731),O,34.2,32,27.7,25.7,87,X, ,O,낮음
7/25/2019,보성(732),X,31.7,28.8,25.4,24.2,97,X,관심,X,낮음
7/25/2019,완주(734),O,33.5,31.1,26.6,24.3,93,X, ,X,낮음
7/25/2019,김제(737),O,33.1,30.4,27.4,25.2,92,X, ,O,낮음
7/25/2019,화순(741),X,32.4,30.9,27.3,25.3,79,X,관심,X,낮음
7/25/2019,함평(754),O,33.3,30.9,27.4,25.7,88,X,관심,O,낮음
7/25/2019,곡성(768),O,33.1,30.9,26.9,24.5,88,X,관심,X,낮음
7/25/2019,압해도(789),X,32.8,30.2,26.6,24.9,92,X, ,O,낮음
7/25/2019,영양(801),X,30.4,27,25.1,23,97,X,관심,X,낮음
7/25/2019,성주(810),X,31.8,29.5,27,24.6,83,O,주의,O,낮음
7/25/2019,고령(812),X,32.4,28.6,26.7,24.7,98,O,관심,O,낮음
7/25/2019,청도(813),X,30.8,28.2,26.7,24.9,85,O,주의,O,낮음
7/25/2019,예천(815),X,29.2,25.3,24.5,24,99,X,관심,X,낮음
7/25/2019,김천(822),O,33.2,30.2,26.3,23.8,95,X,주의,X,낮음
7/25/2019,군위(823),X,32.3,29.4,25.9,23.7,94,X,관심,X,낮음
7/25/2019,칠곡(825),X,31.5,28.5,26.8,24.9,92,O,주의,O,낮음
7/25/2019,경산(827),X,31.3,29.1,27.3,25.4,80,O,주의,O,낮음
7/25/2019,삼척(876),O,34.6,33.3,29.1,25,72,O, ,O,낮음
7/25/2019,속초(90),O,34.5,33.2,28.9,25.5,75.8,O, ,X,낮음
7/25/2019,삼천포(907),X,29.6,25.9,25,24.2,98,X,관심,X,낮음
7/25/2019,고성(918),X,30.2,26.6,25.4,24.7,96,X, ,O,낮음
7/25/2019,창녕(919),X,32.3,29.8,27.2,25.5,87,O,주의,O,낮음
7/25/2019,함안(920),X,32.5,30.6,27.4,25.4,81,X,주의,O,낮음
7/25/2019,북춘천(93),X,32.3,29.3,26.4,25,94.6,X, ,X,보통
7/25/2019,하동(932),X,31.8,29,26.2,24.7,93,X,관심,O,낮음
7/25/2019,철원(95),X,32.6,29.3,25.9,24,98.8,X, ,X,낮음
7/25/2019,동두천(98),X,30.5,26.9,25.4,24.6,98.6,X, ,X,낮음
7/25/2019,파주(99),X,30.3,26.5,25.2,24.7,99.4,X, ,X,낮음
7/26/2019,북강릉(104),X,30.2,27.8,24.4,23.3,95.5,X, ,X,보통
7/26/2019,동해(106),X,29.9,27.6,24.3,22.8,93,X, ,X,낮음
7/26/2019,서울(108),X,29.3,25.9,25.1,23.7,95.3,X, ,X,보통
7/26/2019,인천(112),X,28.9,25.1,24.4,23.2,98.4,X, ,X,높음
7/26/2019,원주(114),X,29.4,26.4,25.5,24.6,88.5,X, ,X,낮음
7/26/2019,울릉도(115),X,29.1,26.6,25.3,24,87.5,X, ,X,낮음
7/26/2019,수원(119),X,31.5,28.5,25.8,24.7,94.3,X, ,X,낮음
7/26/2019,영월(121),X,29.9,26.4,24.6,23.9,96.6,X, ,X,낮음
7/26/2019,충주(127),X,30.8,28.1,25.7,24.2,93.1,X, ,X,낮음
7/26/2019,서산(129),X,29.9,26.2,24.9,24.3,97,X, ,X,높음
7/26/2019,울진(130),X,31.7,29.7,25.5,22.9,88.6,O, ,X,낮음
7/26/2019,청주(131),X,31.2,28.7,27.2,26.1,88.9,X, ,O,보통
7/26/2019,대전(133),X,32.4,29.8,27,25.7,93.8,X, ,O,매우높음
7/26/2019,추풍령(135),X,31.7,30.1,26.2,24.2,83.9,X, ,X,낮음
7/26/2019,안동(136),X,32.3,30.5,26.9,25.2,85.9,X,관심,X,보통
7/26/2019,상주(137),X,32.8,30.2,26.9,25,93.1,X,관심,X,낮음
7/26/2019,포항(138),O,34.4,33.4,30.1,27.2,73.1,O,주의,O,낮음
7/26/2019,군산(140),X,31.8,29.2,26.4,25.6,92.4,X, ,O,낮음
7/26/2019,대구(143),O,33.7,32.8,29.1,26.4,74.5,O,주의,O,높음
7/26/2019,전주(146),O,33.5,30.5,27.6,25.9,94.4,X,관심,O,보통
7/26/2019,울산(152),X,32.5,30.3,27.8,25.6,84.9,X,주의,X,보통
7/26/2019,창원(155),X,31,28.5,26.1,25.1,89.6,X,관심,O,높음
7/26/2019,광주(156),X,32.7,30.1,27.4,25.7,90.8,X,관심,O,보통
7/26/2019,부산(159),X,30.2,26.8,25.8,24.7,96.1,X,관심,X,높음
7/26/2019,통영(162),X,30.3,27.1,26.3,24.9,92.4,X, ,X,낮음
7/26/2019,목포(165),X,31.9,29.5,27.1,25.7,89,X, ,O,높음
7/26/2019,여수(168),X,30.2,26.6,25.6,24.7,100,X, ,O,낮음
7/26/2019,흑산도(169),X,28.7,24.9,,21.9,99,X, ,X,낮음
7/26/2019,완도(170),X,31.7,28.8,26,24.2,94,X, ,X,낮음
7/26/2019,고창(172),X,32.4,30.2,27.3,25.8,87.3,X,관심,O,낮음
7/26/2019,제주(184),O,33.2,31.2,27.8,25.3,86.8,X,관심,O,위험
7/26/2019,진주(192),X,32.2,29.7,27.1,25.2,87.3,X,관심,O,낮음
7/26/2019,양평(202),X,30.5,27.2,25.7,24.8,94.9,X, ,X,낮음
7/26/2019,이천(203),X,31.5,27.7,25.6,24.2,99.1,X, ,X,낮음
7/26/2019,인제(211),X,28.8,26.1,24.6,23.1,90.9,X, ,X,낮음
7/26/2019,홍천(212),X,30.4,27.2,25.6,23.7,94.9,X, ,X,낮음
7/26/2019,태백(216),X,29.2,26.9,24.3,22.4,90.1,X, ,X,낮음
7/26/2019,정선군(217),X,29,26.4,24.4,22.9,87.4,X, ,X,낮음
7/26/2019,제천(221),X,28.9,25.9,24.5,23.9,92.4,X, ,X,낮음
7/26/2019,보은(226),X,31.8,29.9,26.3,24,90.1,X, ,X,낮음
7/26/2019,천안(232),X,29.3,25.8,25,24,94.3,X, ,X,낮음
7/26/2019,보령(235),X,30.5,27.4,25.9,24.4,90.8,X, ,X,낮음
7/26/2019,부여(236),X,31.5,28.5,26.4,25.3,92.9,X, ,O,낮음
7/26/2019,금산(238),X,31.8,30.3,26.3,24.4,84.1,X, ,X,낮음
7/26/2019,세종(239),X,31.6,28.5,26.4,25.5,92.8,X, ,X,높음
7/26/2019,부안(243),X,32.2,30.3,27.5,25.8,82.6,X,관심,X,낮음
7/26/2019,임실(244),X,31.2,29.1,26,24.3,87.5,X,관심,X,낮음
7/26/2019,정읍(245),X,32.3,30.8,27.5,25.7,79.6,X,관심,X,낮음
7/26/2019,남원(247),X,32.2,30.7,26.9,24,84.9,X,관심,X,낮음
7/26/2019,장수(248),X,31,29.4,25.6,23.8,80.9,X, ,X,낮음
7/26/2019,영광군(252),X,32.5,30,27.2,25.8,89.4,X, ,O,낮음
7/26/2019,김해시(253),X,31.4,28.8,26.6,25,91,X,관심,X,낮음
7/26/2019,순창군(254),X,31.6,29.7,26.8,25.2,87,X,관심,X,낮음
7/26/2019,양산시(257),X,32,29,27,25.6,94.3,X,주의,O,낮음
7/26/2019,강진군(259),X,32.7,30.7,26.9,25.1,86.4,X, ,O,낮음
7/26/2019,장흥(260),X,32.5,30,26.8,25,90.8,X,관심,O,낮음
7/26/2019,해남(261),X,32.7,30.3,26.8,24.8,90.6,X, ,X,낮음
7/26/2019,고흥(262),X,32.6,30.6,26.5,24.8,91.5,X, ,X,낮음
7/26/2019,의령군(263),X,32.4,30.3,27.6,25.5,81.5,X,관심,X,낮음
7/26/2019,함양군(264),O,34.2,31.5,27,24,94.4,X,관심,X,낮음
7/26/2019,진도군ASOS(268),X,30.6,27.5,26.1,24.9,92.3,X, ,O,낮음
7/26/2019,봉화(271),X,30.2,28,25.3,23.5,91.6,X, ,X,낮음
7/26/2019,영주(272),X,30.2,28,25.1,23.4,89.1,X, ,X,낮음
7/26/2019,문경(273),X,31.7,28.9,25.9,23.9,92.3,X,관심,X,낮음
7/26/2019,청송군(276),O,33.7,31.6,27,22.8,89.3,X,관심,X,낮음
7/26/2019,영덕(277),O,35.5,34.3,28.8,25,79.3,O,주의,O,낮음
7/26/2019,의성(278),O,33.7,32.9,28,24.4,82.6,X,주의,X,낮음
7/26/2019,구미(279),O,34.3,31.8,27.9,25.3,94,X,관심,X,낮음
7/26/2019,영천(281),O,33.5,32.6,29,26.5,71.5,O,주의,O,낮음
7/26/2019,경주시(283),O,34,32.1,27.8,25.4,83.8,O,주의,X,낮음
7/26/2019,거창(284),X,32.9,30.8,26.6,23.5,88.9,X,관심,X,낮음
7/26/2019,합천(285),X,32.6,31.4,27.9,25.5,74.8,X,관심,X,낮음
7/26/2019,밀양(288),X,31.8,30.5,27.4,25.3,88.8,X,주의,O,낮음
7/26/2019,산청(289),X,32.9,30.7,27.1,24.1,85.4,X,관심,X,낮음
7/26/2019,거제(294),X,31,27.1,26.4,25.8,99,X,관심,O,낮음
7/26/2019,남해(295),X,31.5,28.7,26.7,25.7,90.5,X,관심,O,낮음
7/26/2019,부천(433),X,,25.4,24.3,22.7,,X, ,X,낮음
7/26/2019,안양(434),X,,27.5,25.7,24.8,,X, ,O,낮음
7/26/2019,광명(437),X,,26.7,25.7,23.8,,X, ,O,낮음
7/26/2019,군포(438),X,,28.7,25.2,24.2,,X, ,X,낮음
7/26/2019,김포(441),X,,25.3,23.4,22.2,,X, ,X,낮음
7/26/2019,하남(444),X,,,,,,X, ,X,낮음
7/26/2019,의왕(445),X,,25.9,24,23.1,,X, ,X,낮음
7/26/2019,포천(504),X,29.2,26.3,24.6,22.6,92,X, ,X,낮음
7/26/2019,가평조종(505),X,,26,24.3,22.9,,X, ,X,낮음
7/26/2019,안성(516),X,30.8,27.4,26,25.1,95,X, ,X,낮음
7/26/2019,간성(517),X,29.7,26,24.2,23.1,97,X, ,X,낮음
7/26/2019,평창(526),X,29,,,,,X, ,X,낮음
7/26/2019,의정부(532),X,30.8,27,25,23.6,98,X, ,X,낮음
7/26/2019,횡성(536),X,30.4,26.5,25.4,24.7,99,X, ,X,낮음
7/26/2019,고양(540),X,29.7,25.9,24.8,23.8,99,X, ,X,낮음
7/26/2019,남양주(541),X,29.6,26.4,25.1,23.7,94,X, ,X,낮음
7/26/2019,안산(545),X,31.5,28.3,25.2,24.2,99,X, ,X,낮음
7/26/2019,경기광주(546),X,31.1,27.8,24.8,24.1,99,X, ,X,낮음
7/26/2019,여주(548),X,29.9,26.3,25,24.2,97,X, ,X,낮음
7/26/2019,용인(549),X,30,27.2,24.8,23.9,94,X, ,X,낮음
7/26/2019,오산(550),X,30.5,27.7,25.4,24.4,94,X, ,X,낮음
7/26/2019,평택(551),X,30.9,27,25.7,25.1,99,X, ,X,낮음
7/26/2019,화천(555),X,30.1,26.6,24.8,23.4,97,X, ,X,낮음
7/26/2019,양구(556),X,29.8,27.5,24.9,23.3,91,X, ,X,낮음
7/26/2019,시흥(565),X,31.2,28.3,25.9,24.4,95,X, ,O,낮음
7/26/2019,구리(569),X,31.3,29.1,25.6,24.3,88,X, ,X,낮음
7/26/2019,화성(571),X,31.3,27.9,25.6,24.3,98,X, ,X,낮음
7/26/2019,성남(572),X,30.3,27.4,25.6,24.5,92,X, ,X,보통
7/26/2019,과천(590),X,31.1,28.6,25.4,24.4,95,X, ,X,낮음
7/26/2019,양주(598),X,29.9,26.3,24.8,23.7,96,X, ,X,낮음
7/26/2019,단양(601),X,32.8,29.7,25.6,23.8,98,X, ,X,낮음
7/26/2019,진천(602),X,30,27.3,26.2,25.1,85,X, ,X,낮음
7/26/2019,괴산(603),X,31.2,28.3,25.8,24.1,96,X, ,X,낮음
7/26/2019,옥천(604),X,31.9,29.9,26.7,24.6,90,X, ,X,낮음
7/26/2019,홍북(608),X,30.2,26.3,24.9,24.1,99,X, ,X,낮음
7/26/2019,공주(612),X,30.9,27.8,26.1,24.9,96,X, ,X,낮음
7/26/2019,서천(614),X,32.1,29.5,27.1,25.8,92,X, ,O,낮음
7/26/2019,논산(615),X,32.9,30.5,26.8,25.4,93,X, ,O,낮음
7/26/2019,당진(616),X,30.5,27,25.2,23.9,93,X, ,X,낮음
7/26/2019,청양(618),X,29.9,26.5,25.3,24.2,98,X, ,X,낮음
7/26/2019,음성(619),X,31.4,30.2,25.6,23.9,95,X, ,X,낮음
7/26/2019,증평(623),X,30.8,27.2,25.9,24.5,98,X, ,X,낮음
7/26/2019,태안(627),X,29.1,25.4,24.2,23.4,99,X, ,X,낮음
7/26/2019,예산(628),X,31.4,28,25.8,24.1,97,X, ,X,낮음
7/26/2019,아산(634),X,30.8,27.4,25.5,24.5,99,X, ,X,낮음
7/26/2019,계룡(636),X,31.8,29.5,26,24.3,90,X, ,X,낮음
7/26/2019,연천청산(652),X,29.2,25.4,24.1,22.8,99,X, ,X,낮음
7/26/2019,양양(670),O,33.2,30,25.1,23.9,97,X, ,X,낮음
7/26/2019,무안(699),X,31.9,29.7,27.2,25.9,87,X, ,O,낮음
7/26/2019,무주(701),O,33.3,31.5,26.5,23.8,92,X, ,X,낮음
7/26/2019,익산(702),O,34,30.6,26.9,25.6,97,X,관심,O,낮음
7/26/2019,진안(703),X,32.1,29,25.5,23.6,92,X,관심,X,낮음
7/26/2019,담양(706),O,34.2,30.2,26.7,25.1,98,X,관심,O,낮음
7/26/2019,구례(709),X,32.4,30,27.2,25.3,87,X,관심,X,낮음
7/26/2019,나주(710),X,32.7,30.2,27.1,25.2,90,X,관심,O,낮음
7/26/2019,순천시(712),O,33.3,30.5,27.1,25.3,94,X,관심,O,낮음
7/26/2019,광양읍(713),O,33.3,31.1,27.5,25.6,89,X,관심,O,낮음
7/26/2019,장성(730),X,32.6,30.1,26.8,25.6,90,X, ,X,낮음
7/26/2019,영암(731),O,33,30.8,27.5,25.7,87,X,관심,O,낮음
7/26/2019,보성(732),X,32.6,30.2,26,24.2,93,X,관심,X,낮음
7/26/2019,완주(734),X,32.1,29.9,26.4,24.4,91,X,관심,X,낮음
7/26/2019,김제(737),X,32.4,30.1,26.9,25.7,92,X,관심,X,낮음
7/26/2019,화순(741),X,32,30.8,27.2,24.9,77,X,관심,X,낮음
7/26/2019,함평(754),X,32.8,30.3,27.3,26.1,90,X,관심,O,낮음
7/26/2019,곡성(768),X,32.3,30.4,26.7,24.4,87,X,관심,X,낮음
7/26/2019,압해도(789),X,32.8,30,26.6,25,92,X, ,O,낮음
7/26/2019,영양(801),O,33.2,31.3,26.8,24,89,X,관심,X,낮음
7/26/2019,성주(810),X,32.7,31.3,28.1,25.8,75,O,주의,O,낮음
7/26/2019,고령(812),X,32.5,30.6,27.3,25,89,O,주의,X,낮음
7/26/2019,청도(813),X,31.7,29.9,27.3,25.7,77,O,주의,X,낮음
7/26/2019,예천(815),X,32.1,28.7,25.7,24,98,X,관심,X,낮음
7/26/2019,김천(822),O,34.4,32.3,27.4,24.3,90,X,관심,X,낮음
7/26/2019,군위(823),O,34.3,32.7,28,24.3,84,X,관심,X,낮음
7/26/2019,칠곡(825),O,33.3,31.1,28,26,83,O,주의,O,낮음
7/26/2019,경산(827),X,32.8,31.7,28.8,26.8,71,O,주의,O,낮음
7/26/2019,삼척(876),X,30.8,29.3,25.9,24.3,88,X, ,X,낮음
7/26/2019,속초(90),X,30.8,28.1,24.3,23.3,96.3,X, ,X,낮음
7/26/2019,삼천포(907),X,31,27.7,25.8,24.6,96,X,관심,X,낮음
7/26/2019,고성(918),X,30.5,27,26.3,25.1,95,X, ,O,낮음
7/26/2019,창녕(919),O,33,31.2,28.3,26.1,81,X,주의,O,낮음
7/26/2019,함안(920),X,32.6,31.1,28.1,25.8,77,X,관심,O,낮음
7/26/2019,북춘천(93),X,30,26.5,25.3,23.8,97.5,X, ,X,보통
7/26/2019,하동(932),X,31.8,29,26.7,25.1,91,X,관심,O,낮음
7/26/2019,철원(95),X,29.2,25.3,23.7,22.5,100,X, ,X,낮음
7/26/2019,동두천(98),X,29.4,25.8,24.3,23.2,99.8,X, ,X,낮음
7/26/2019,파주(99),X,30.2,26.3,24.6,23.1,98.5,X, ,X,낮음
7/27/2019,북강릉(104),X,31,28.8,26.4,24.1,84,X,관심,X,높음
7/27/2019,동해(106),X,29.7,27.5,25.2,23.4,87.9,X, ,X,낮음
7/27/2019,서울(108),O,33.6,33.4,28.4,24.9,76.6,X, ,O,보통
7/27/2019,인천(112),X,32.4,30.9,27.2,24.5,85.6,X, ,O,보통
7/27/2019,원주(114),O,33.2,33.2,27.9,24.4,75.5,X, ,O,낮음
7/27/2019,울릉도(115),X,31.7,29.7,26.2,23.3,87.9,X, ,O,낮음
7/27/2019,수원(119),O,34.6,33.2,28.3,24.5,83.9,X, ,X,낮음
7/27/2019,영월(121),O,33.4,32.3,26.5,23.5,86.1,X, ,X,낮음
7/27/2019,충주(127),O,34.5,33.4,27.6,24.2,85.3,X, ,O,낮음
7/27/2019,서산(129),X,32.7,30.2,26.6,23.8,91.6,X, ,X,보통
7/27/2019,울진(130),O,33.7,32.2,27.5,24.2,82.8,O,주의,X,낮음
7/27/2019,청주(131),O,34.4,32.7,28.6,25.8,81.9,X, ,O,보통
7/27/2019,대전(133),O,33.5,31.4,27.9,25.1,89.4,X, ,O,보통
7/27/2019,추풍령(135),X,31.9,30,26.2,23.8,84.5,X, ,X,낮음
7/27/2019,안동(136),O,33.1,31.2,27.2,24.3,83.9,X,관심,O,보통
7/27/2019,상주(137),O,33.6,31.2,27,24.7,92.6,X,관심,O,낮음
7/27/2019,포항(138),O,34.4,33,29.8,27.4,75,O,주의,O,낮음
7/27/2019,군산(140),X,31.8,29,26.3,24,94.5,X, ,O,낮음
7/27/2019,대구(143),X,32.7,30.3,28.1,26.3,84.6,O,주의,O,보통
7/27/2019,전주(146),O,33.9,29.9,26.8,25.2,99,X,관심,O,보통
7/27/2019,울산(152),O,33.4,31.5,27.5,24.3,88.1,X,관심,O,보통
7/27/2019,창원(155),X,30.4,27.3,26.2,25.3,91,X,관심,O,높음
7/27/2019,광주(156),X,32.2,28.5,26.4,25,97.5,X,관심,X,보통
7/27/2019,부산(159),X,30.6,26.9,25.9,24.7,98.5,X, ,O,높음
7/27/2019,통영(162),X,30.6,27.2,25.8,24.6,96.5,X, ,O,낮음
7/27/2019,목포(165),X,30.4,26.9,26.3,25.7,95.1,X, ,O,보통
7/27/2019,여수(168),X,30.7,27,25.9,25.1,99.4,X, ,O,낮음
7/27/2019,흑산도(169),X,29.1,25.3,,19.2,99,X, ,X,낮음
7/27/2019,완도(170),X,30.7,27.2,25.6,24.8,96.4,X, ,O,낮음
7/27/2019,고창(172),X,31.3,27.9,26.4,25.3,95.3,X,관심,O,낮음
7/27/2019,제주(184),O,33.1,31,28.1,26.5,87.6,X,관심,O,매우높음
7/27/2019,진주(192),X,31.3,28.3,26.7,25.1,90.1,X,관심,O,낮음
7/27/2019,양평(202),O,34,33.4,28.3,24.7,80.4,X, ,O,낮음
7/27/2019,이천(203),O,35.1,33.9,27.9,24.4,86.5,X, ,O,낮음
7/27/2019,인제(211),O,33.3,32.9,26.2,22.9,82.9,X, ,X,낮음
7/27/2019,홍천(212),O,35.2,35.2,28.8,24.5,78.5,X, ,O,낮음
7/27/2019,태백(216),X,32.1,31.3,25.7,21.4,82.8,X, ,X,낮음
7/27/2019,정선군(217),O,33.2,32.6,25.9,22.6,81,X, ,X,낮음
7/27/2019,제천(221),O,34.2,33.8,26.5,23.4,84.4,X, ,X,낮음
7/27/2019,보은(226),O,33.4,31.8,27.1,24.3,86.4,X, ,X,낮음
7/27/2019,천안(232),X,32.5,30.6,26.8,24.2,85.9,X, ,X,낮음
7/27/2019,보령(235),X,32.7,30.4,26.8,24,88.6,X, ,X,낮음
7/27/2019,부여(236),O,33.3,31,26.6,25.1,92.4,X, ,O,낮음
7/27/2019,금산(238),X,31.9,29.9,26.8,23.6,83.5,X, ,X,낮음
7/27/2019,세종(239),O,33.2,30.6,27.2,24.9,89.8,X, ,O,높음
7/27/2019,부안(243),X,32.6,29.9,26.5,21.9,90.6,X,관심,O,낮음
7/27/2019,임실(244),X,30.1,26.9,24.8,23.8,94.5,X,관심,X,낮음
7/27/2019,정읍(245),X,31.3,28.6,26.1,23.3,90,X,관심,O,낮음
7/27/2019,남원(247),X,30.8,27.5,25.4,23.9,98.5,X,관심,O,낮음
7/27/2019,장수(248),X,29.3,26.8,24.8,23.2,87.5,X, ,X,낮음
7/27/2019,영광군(252),X,31.9,28.5,26.4,25.2,96.4,X,관심,O,낮음
7/27/2019,김해시(253),X,31.6,28.4,26.3,24.9,94.6,X,관심,O,낮음
7/27/2019,순창군(254),X,30.7,27.7,25.5,24.2,97.6,X,관심,X,낮음
7/27/2019,양산시(257),X,32.3,28.9,27,25.6,96.4,X,관심,O,낮음
7/27/2019,강진군(259),X,30.6,27.6,26,25.2,92.6,X, ,O,낮음
7/27/2019,장흥(260),X,30.9,27.4,26.3,25.4,94.3,X,관심,O,낮음
7/27/2019,해남(261),X,30.9,27.5,26.6,24.6,93.1,X, ,O,낮음
7/27/2019,고흥(262),X,31.4,28.1,26.1,24.8,98,X, ,O,낮음
7/27/2019,의령군(263),X,31.7,29.1,27,24.9,88.4,X,관심,O,낮음
7/27/2019,함양군(264),X,31.1,27.5,25.5,24.1,98.5,X,관심,X,낮음
7/27/2019,진도군ASOS(268),X,30.2,26.8,26.2,25.6,93.5,X, ,O,낮음
7/27/2019,봉화(271),X,32.6,31.9,26.4,23.1,86.3,X, ,X,낮음
7/27/2019,영주(272),X,32.9,31.1,26.4,23.2,84.9,X, ,X,낮음
7/27/2019,문경(273),O,33.4,31.3,27,24.6,87,X,관심,O,낮음
7/27/2019,청송군(276),O,33.2,30.8,26.7,23.7,91.3,X,관심,X,낮음
7/27/2019,영덕(277),O,35,33.7,28.4,25.3,81.8,O,주의,O,낮음
7/27/2019,의성(278),O,33.1,31.5,27.5,23.8,85.3,X,주의,O,낮음
7/27/2019,구미(279),O,33.8,30.6,27.2,24.4,97.8,X,관심,O,낮음
7/27/2019,영천(281),O,33.1,31.8,28.4,25,76.5,O,주의,O,낮음
7/27/2019,경주시(283),O,34.6,32.7,27.7,24.2,85.8,O,주의,O,낮음
7/27/2019,거창(284),X,30.7,27.7,25.4,23.7,95.9,X,관심,X,낮음
7/27/2019,합천(285),X,31.7,29.8,26.6,24.6,84.3,X,관심,O,낮음
7/27/2019,밀양(288),X,32,29.8,27.4,25,91.9,X,관심,O,낮음
7/27/2019,산청(289),X,31.3,27.9,25.8,24.6,97.9,X,관심,O,낮음
7/27/2019,거제(294),X,31.3,27.4,26.7,26,99,X, ,O,낮음
7/27/2019,남해(295),X,32.3,29.6,27.2,25.7,88.8,X,관심,O,낮음
7/27/2019,부천(433),X,,32.9,27.7,23.9,,X, ,X,낮음
7/27/2019,안양(434),X,,32.8,28.4,25,,X, ,O,낮음
7/27/2019,광명(437),X,,33.6,28.8,25.2,,X, ,O,낮음
7/27/2019,군포(438),X,,33.7,28,24.3,,X, ,X,낮음
7/27/2019,김포(441),X,,31.4,26.5,23.3,,X, ,X,낮음
7/27/2019,하남(444),X,,,,,,X, ,X,낮음
7/27/2019,의왕(445),X,,32.2,26.3,23.2,,X, ,X,낮음
7/27/2019,포천(504),O,34,33.3,27.5,23.3,79,X, ,O,낮음
7/27/2019,가평조종(505),X,,33.2,27.5,23.4,,X, ,X,낮음
7/27/2019,안성(516),O,34.4,32.7,27.8,24.6,84,X, ,O,낮음
7/27/2019,간성(517),X,30.8,27.3,25.1,22.6,96,X, ,X,낮음
7/27/2019,평창(526),X,32.7,32.2,26.2,22.6,82,X, ,X,낮음
7/27/2019,의정부(532),O,35.1,32.8,27.8,24.2,92,X, ,O,낮음
7/27/2019,횡성(536),O,33.9,,,,,X, ,X,낮음
7/27/2019,고양(540),O,35.4,34.5,27.9,24.4,86,X, ,X,낮음
7/27/2019,남양주(541),O,34,33.5,27.6,24.3,83,X, ,X,낮음
7/27/2019,안산(545),O,34.6,32.8,27.2,24.1,89,X, ,X,낮음
7/27/2019,경기광주(546),O,34.1,33.5,27.4,24.3,85,X, ,O,낮음
7/27/2019,여주(548),O,33.5,32,26.8,24.1,86,X, ,X,낮음
7/27/2019,용인(549),X,32.8,31.7,26.9,23.9,82,X, ,X,낮음
7/27/2019,오산(550),O,33.5,33.3,27.6,23.7,79,X, ,O,낮음
7/27/2019,평택(551),O,34.8,32.5,27.6,24.4,89,X, ,O,낮음
7/27/2019,화천(555),O,35.5,35.1,27.8,23.7,84,X, ,X,낮음
7/27/2019,양구(556),O,33.8,33,27.3,23.7,81,X, ,X,낮음
7/27/2019,시흥(565),O,35.3,34.2,28.6,25.2,82,X, ,O,낮음
7/27/2019,구리(569),O,34.6,34.5,28.7,24.8,75,X, ,X,낮음
7/27/2019,화성(571),O,34.5,33.5,27.5,24,88,X, ,X,낮음
7/27/2019,성남(572),O,33.8,33.3,28.3,24.6,79,X, ,O,보통
7/27/2019,과천(590),O,34.3,33.3,28.2,24.6,82,X, ,X,낮음
7/27/2019,양주(598),O,34.7,33.6,27.9,23.8,83,X, ,X,낮음
7/27/2019,단양(601),O,35.4,33.6,27.3,24,93,X, ,X,낮음
7/27/2019,진천(602),O,33.6,32.9,28,24.9,79,X, ,O,낮음
7/27/2019,괴산(603),O,34.3,33.3,27.4,24.8,87,X, ,O,낮음
7/27/2019,옥천(604),O,33.8,32.8,27.3,24.4,86,X, ,O,낮음
7/27/2019,홍북(608),O,33,30.2,26,23.6,96,X, ,X,낮음
7/27/2019,공주(612),O,33.4,31.3,27.3,24.8,89,X, ,O,낮음
7/27/2019,서천(614),O,33.1,30.3,27.2,25.9,92,X, ,O,낮음
7/27/2019,논산(615),X,32.9,31.1,27.4,25.1,89,X, ,O,낮음
7/27/2019,당진(616),O,34.6,31.5,26.9,23.7,91,X, ,X,낮음
7/27/2019,청양(618),X,32,29.2,25.9,24,94,X, ,X,낮음
7/27/2019,음성(619),O,33.6,32.3,26.8,24.1,89,X, ,X,낮음
7/27/2019,증평(623),O,34,31.9,27,24,92,X, ,O,낮음
7/27/2019,태안(627),O,33.2,29.9,25.7,23.1,97,X, ,X,낮음
7/27/2019,예산(628),O,34.4,32.1,27.5,24.6,91,X, ,O,낮음
7/27/2019,아산(634),O,34.1,32.4,27.8,24.3,85,X, ,O,낮음
7/27/2019,계룡(636),X,32,29.8,26.6,24,89,X, ,X,낮음
7/27/2019,연천청산(652),O,33.7,32.6,27.1,23.3,87,X, ,X,낮음
7/27/2019,양양(670),O,33.3,29.5,26.8,24.3,97,X,관심,O,낮음
7/27/2019,무안(699),X,31.1,27.5,26.4,24.8,93,X, ,O,낮음
7/27/2019,무주(701),X,32.3,28.8,26.1,23.4,97,X, ,X,낮음
7/27/2019,익산(702),O,34.6,31,27.3,24.9,97,X,관심,O,낮음
7/27/2019,진안(703),X,30.7,27.2,24.5,23.4,94,X,관심,X,낮음
7/27/2019,담양(706),X,32.2,28.3,26.2,25,98,X,관심,X,낮음
7/27/2019,구례(709),X,30.7,27.2,25.8,24.9,97,X,관심,O,낮음
7/27/2019,나주(710),X,31.5,27.9,26.2,25.1,97,X,관심,X,낮음
7/27/2019,순천시(712),X,31.8,28.4,26.5,25.6,99,X,관심,O,낮음
7/27/2019,광양읍(713),X,31.6,28.6,26.7,25.9,95,X,관심,O,낮음
7/27/2019,장성(730),X,30.9,27.4,25.9,24.5,96,X,관심,X,낮음
7/27/2019,영암(731),X,31.4,28.1,26.6,25.7,93,X,관심,O,낮음
7/27/2019,보성(732),X,30,26.3,25.5,24.6,99,X,관심,X,낮음
7/27/2019,완주(734),X,32.4,30.1,26.5,23.8,91,X,관심,O,낮음
7/27/2019,김제(737),X,32.9,30.1,26.4,22.9,94,X,관심,O,낮음
7/27/2019,화순(741),X,30.6,27.9,25.9,24.9,87,X,관심,O,낮음
7/27/2019,함평(754),X,31.1,27.5,26.3,25.6,97,X,관심,O,낮음
7/27/2019,곡성(768),X,30.9,27.6,25.1,24.1,99,X,관심,X,낮음
7/27/2019,압해도(789),X,30.7,26.9,26,25,97,X, ,O,낮음
7/27/2019,영양(801),O,33.3,31.1,26.6,23.2,89,X,관심,X,낮음
7/27/2019,성주(810),X,31.7,29.6,27.2,25.2,84,O,주의,O,낮음
7/27/2019,고령(812),X,32.8,29,27,24.6,98,O,주의,O,낮음
7/27/2019,청도(813),X,31.5,29.2,26.8,24.9,84,O,주의,O,낮음
7/27/2019,예천(815),O,34.6,31.7,26.7,23.9,95,X,관심,X,낮음
7/27/2019,김천(822),O,33.2,30.8,26.9,24.5,93,X,관심,X,낮음
7/27/2019,군위(823),O,33.4,31.4,27.4,23.9,87,X,관심,O,낮음
7/27/2019,칠곡(825),X,32.4,29.4,27.4,25.9,90,O,주의,O,낮음
7/27/2019,경산(827),X,32.7,31.2,28.3,26.5,75,O,주의,O,낮음
7/27/2019,삼척(876),X,31.5,29.8,27,24.7,80,X,관심,O,낮음
7/27/2019,속초(90),X,31.4,28.5,25.9,23.8,89.1,X, ,X,낮음
7/27/2019,삼천포(907),X,30.1,26.4,25.3,24.8,99,X,관심,O,낮음
7/27/2019,고성(918),X,30.7,27,26.2,25.8,97,X, ,O,낮음
7/27/2019,창녕(919),X,32.4,29.5,27.4,25.4,90,X,관심,O,낮음
7/27/2019,함안(920),X,32.1,30.2,28,25.4,79,X,관심,O,낮음
7/27/2019,북춘천(93),O,34.6,33.8,28,24.2,83.9,X, ,O,보통
7/27/2019,하동(932),X,31.5,28.4,26.5,25.4,94,X,관심,O,낮음
7/27/2019,철원(95),O,33.8,32.2,26.9,22.6,91.1,X, ,X,낮음
7/27/2019,동두천(98),O,34.2,31.9,27.2,23.6,89,X, ,X,낮음
7/27/2019,파주(99),O,33.5,31.7,27.1,23.6,88,X, ,X,낮음
7/28/2019,북강릉(104),X,32.4,30.5,27.5,24.7,79.3,X,관심,X,높음
7/28/2019,동해(106),X,32.7,31.3,25.8,23.5,84.9,X, ,X,낮음
7/28/2019,서울(108),X,30.6,28.2,26.1,25,88.3,X, ,O,보통
7/28/2019,인천(112),X,30.7,26.8,25.5,24.6,96,X, ,X,보통
7/28/2019,원주(114),X,30.5,28.8,26,25,84.5,X, ,X,낮음
7/28/2019,울릉도(115),X,31.1,29.4,26.7,25.2,78.9,X, ,O,낮음
7/28/2019,수원(119),X,30.9,28,26.4,24.8,89.9,X, ,O,낮음
7/28/2019,영월(121),X,31.7,29.3,25,23.6,93.4,X, ,X,낮음
7/28/2019,충주(127),X,31,27.9,26,24.2,91.6,X, ,X,낮음
7/28/2019,서산(129),X,30.5,27.1,25.7,24.5,96.8,X, ,X,보통
7/28/2019,울진(130),X,32.8,31.2,27.3,25.3,81.6,O,주의,O,낮음
7/28/2019,청주(131),X,31.6,29.4,26.9,25.6,88.8,X,관심,O,보통
7/28/2019,대전(133),X,31.7,28.8,26.7,25.5,93.6,X,관심,X,보통
7/28/2019,추풍령(135),X,30.7,28.5,25.4,23.2,87.4,X,관심,X,낮음
7/28/2019,안동(136),X,32.5,30.7,26.2,24.6,88.5,X,관심,X,높음
7/28/2019,상주(137),O,33.3,30.4,26,24.7,97,X,관심,X,낮음
7/28/2019,포항(138),O,35,34.6,30.6,27.9,67.8,O,주의,O,낮음
7/28/2019,군산(140),X,31.9,29.3,26.9,25,89.3,X,관심,X,낮음
7/28/2019,대구(143),O,34.4,33.4,29.3,26.8,72.9,O,주의,X,보통
7/28/2019,전주(146),X,32.9,29.5,27.6,26,97.1,X,관심,O,보통
7/28/2019,울산(152),O,33.5,31.8,28.3,26,78.3,O,주의,X,보통
7/28/2019,창원(155),X,32.6,31,27.1,24.8,82.6,X,관심,X,보통
7/28/2019,광주(156),O,33.5,30.3,27.1,24.7,93.3,X,관심,O,보통
7/28/2019,부산(159),X,31.8,29.1,26.9,25.7,90.1,X,관심,O,매우높음
7/28/2019,통영(162),X,31.7,29.6,27.4,25.1,85.3,X, ,O,낮음
7/28/2019,목포(165),X,32.2,30.1,27.2,25.6,84.9,X, ,O,높음
7/28/2019,여수(168),X,31.2,28.2,26.6,25.5,95,X, ,O,낮음
7/28/2019,흑산도(169),X,29.1,25.3,,23,99,X, ,X,낮음
7/28/2019,완도(170),O,33.1,31.1,27.5,24.8,84.5,X, ,X,낮음
7/28/2019,고창(172),X,32.7,30.6,27.7,25.8,82.6,X,관심,O,낮음
7/28/2019,제주(184),O,33.2,31.8,29.3,27,75.8,X,관심,O,매우높음
7/28/2019,진주(192),X,32.8,31,27.7,24.9,82.6,X,관심,X,낮음
7/28/2019,양평(202),X,30.3,27.1,26,25.3,92.5,X, ,O,낮음
7/28/2019,이천(203),X,31,27.1,25.6,24.4,99.6,X, ,X,낮음
7/28/2019,인제(211),X,29.3,26,24.7,23.7,90.4,X, ,X,낮음
7/28/2019,홍천(212),X,31.3,28.9,25.9,24.8,93.4,X, ,X,낮음
7/28/2019,태백(216),X,31.1,29.7,25,23,81.6,X, ,X,낮음
7/28/2019,정선군(217),X,30.8,29.1,24.5,23.1,86.3,X, ,X,낮음
7/28/2019,제천(221),X,31,28.8,25,24,90.4,X, ,X,낮음
7/28/2019,보은(226),X,31.6,29.8,26,24.4,89.9,X,관심,X,낮음
7/28/2019,천안(232),X,29.3,26.1,25.1,23.9,92.3,X, ,X,낮음
7/28/2019,보령(235),X,30.6,27.5,26.2,24.3,89,X, ,O,낮음
7/28/2019,부여(236),X,31.7,28.7,26.2,24.6,94.3,X,관심,X,낮음
7/28/2019,금산(238),X,30.9,28.6,26.1,23.6,85.3,X,관심,X,낮음
7/28/2019,세종(239),X,31.3,28.4,26.3,24.8,92.8,X,관심,X,높음
7/28/2019,부안(243),X,32.5,30.7,27.3,25.1,83.3,X,관심,X,낮음
7/28/2019,임실(244),X,31.1,28.3,25.4,23.7,91.8,X,관심,X,낮음
7/28/2019,정읍(245),X,31.8,30.1,27.3,25.3,78.4,X,관심,X,낮음
7/28/2019,남원(247),X,31.6,29.9,27.4,24.4,81.9,X,관심,X,낮음
7/28/2019,장수(248),X,29.3,27.2,25.5,23.4,80.3,X, ,X,낮음
7/28/2019,영광군(252),X,32.7,30.5,27,24.3,89,X,관심,X,낮음
7/28/2019,김해시(253),O,33.4,31.9,27.7,25.3,82.8,O,주의,O,낮음
7/28/2019,순창군(254),X,32.1,29.7,26.3,23.5,88.4,X,관심,X,낮음
7/28/2019,양산시(257),O,33.9,31.9,28.1,25.9,87.1,O,주의,X,낮음
7/28/2019,강진군(259),X,32.6,30.9,27.6,25.3,82.3,X, ,X,낮음
7/28/2019,장흥(260),O,33.1,31,27.2,25.7,89.3,X, ,O,낮음
7/28/2019,해남(261),O,33.6,31.5,27.5,24.1,84.8,X, ,X,낮음
7/28/2019,고흥(262),X,32.7,30.3,27.2,24.8,87.4,X, ,X,낮음
7/28/2019,의령군(263),O,33.5,32,28.4,24.7,75.3,X,관심,X,낮음
7/28/2019,함양군(264),O,34.1,30.8,26.5,23.7,96.5,O,주의,X,낮음
7/28/2019,진도군ASOS(268),X,31.9,29.4,26.8,24.9,85.4,X, ,X,낮음
7/28/2019,봉화(271),X,31.8,29.6,25.1,23.6,95.1,X, ,X,낮음
7/28/2019,영주(272),X,30.8,28.6,25.3,23.6,86.4,X, ,X,낮음
7/28/2019,문경(273),X,32.5,29.9,25.5,24.2,92.3,X,관심,X,낮음
7/28/2019,청송군(276),O,34.2,32.7,26.5,24,91.9,X,관심,X,낮음
7/28/2019,영덕(277),O,34.6,33.9,28.6,25.1,80.1,O,주의,X,낮음
7/28/2019,의성(278),O,34.4,33.6,27.9,24.9,84.3,O,주의,X,낮음
7/28/2019,구미(279),O,33.8,30.8,27.4,25,95,O,주의,X,낮음
7/28/2019,영천(281),O,33.7,33.3,29.2,26.1,68.5,O,주의,X,낮음
7/28/2019,경주시(283),O,35.1,33.9,28.2,25.2,79.9,O,주의,X,낮음
7/28/2019,거창(284),X,32.1,29.9,26.4,23.7,88.8,X,관심,X,낮음
7/28/2019,합천(285),X,32.8,31.7,27.7,25.5,75.8,O,주의,X,낮음
7/28/2019,밀양(288),X,32.6,32.4,28.4,24.4,74.9,O,주의,X,낮음
7/28/2019,산청(289),X,32,29.8,26.9,25.1,87,X,관심,X,낮음
7/28/2019,거제(294),X,32.7,29,27.5,26.7,97.4,X,관심,O,낮음
7/28/2019,남해(295),X,32.3,29.9,27.8,26.4,83,X,관심,X,낮음
7/28/2019,부천(433),X,,27.1,25.3,24,,X, ,X,낮음
7/28/2019,안양(434),X,,28.2,26.2,25,,X, ,O,낮음
7/28/2019,광명(437),X,,28.4,26.4,25,,X, ,O,낮음
7/28/2019,군포(438),X,,27.6,25.5,24.4,,X, ,O,낮음
7/28/2019,김포(441),X,,26.5,24.6,23.7,,X, ,X,낮음
7/28/2019,하남(444),X,,,,,,X, ,X,낮음
7/28/2019,의왕(445),X,,26,24.1,23,,X, ,X,낮음
7/28/2019,포천(504),X,29.4,26.2,25.3,24.3,91,X, ,X,낮음
7/28/2019,가평조종(505),X,,25.8,24.9,24,,X, ,X,낮음
7/28/2019,안성(516),X,30.9,27.8,26.1,24.6,92,X, ,X,낮음
7/28/2019,간성(517),X,32.6,29.4,26.6,24.3,93,X, ,O,낮음
7/28/2019,평창(526),X,30.2,27.3,24.2,22.8,92,X, ,X,낮음
7/28/2019,의정부(532),X,30.6,26.8,25.6,24.7,98,X, ,X,낮음
7/28/2019,횡성(536),X,,,,,,X, ,X,낮음
7/28/2019,고양(540),X,30.4,27.1,25.5,24.7,96,X, ,X,낮음
7/28/2019,남양주(541),X,30.4,27.2,25.7,24.8,93,X, ,X,낮음
7/28/2019,안산(545),X,30.8,27,25.2,24.4,99,X, ,X,낮음
7/28/2019,경기광주(546),X,29.8,26.3,25.3,24.4,97,X, ,X,낮음
7/28/2019,여주(548),X,30.5,26.9,25.1,24.3,97,X, ,X,낮음
7/28/2019,용인(549),X,29.2,26,24.8,23.9,90,X, ,X,낮음
7/28/2019,오산(550),X,30.2,27.4,25.7,24.7,89,X, ,X,낮음
7/28/2019,평택(551),X,31.1,27.6,25.7,25,97,X, ,X,낮음
7/28/2019,화천(555),X,30.4,26.6,25.1,24,97,X, ,X,낮음
7/28/2019,양구(556),X,30.2,27.1,25.5,24.3,90,X, ,X,낮음
7/28/2019,시흥(565),X,31.4,28.2,26.6,25.3,93,X, ,O,낮음
7/28/2019,구리(569),X,30.3,28,25.9,24.9,89,X, ,X,낮음
7/28/2019,화성(571),X,30.7,27.3,25.8,24.2,94,X, ,X,낮음
7/28/2019,성남(572),X,30.5,28.1,26.2,25.1,87,X, ,O,보통
7/28/2019,과천(590),X,30.5,27.5,25.8,24.7,93,X, ,X,낮음
7/28/2019,양주(598),X,29.8,26.6,25.5,24.1,93,X, ,O,낮음
7/28/2019,단양(601),O,33.9,31.2,26.2,23.9,95,X, ,X,낮음
7/28/2019,진천(602),X,30.5,27.6,26.1,25.1,87,X, ,X,낮음
7/28/2019,괴산(603),X,31.7,29,26.1,24.3,93,X, ,X,낮음
7/28/2019,옥천(604),X,31,28.5,26.2,24.1,92,X,관심,X,낮음
7/28/2019,홍북(608),X,31.2,27.9,25.5,23.6,98,X, ,X,낮음
7/28/2019,공주(612),X,31.5,28.4,25.9,24.9,95,X,관심,X,낮음
7/28/2019,서천(614),X,32.9,30,27.4,25.3,89,X, ,X,낮음
7/28/2019,논산(615),X,32.3,29.8,26.8,25.1,95,X,관심,X,낮음
7/28/2019,당진(616),X,31.6,28.1,26,24.6,93,X, ,X,낮음
7/28/2019,청양(618),X,30.4,27.1,25.4,23.8,95,X, ,X,낮음
7/28/2019,음성(619),X,30.9,28,25.5,23.8,93,X, ,X,낮음
7/28/2019,증평(623),X,30.9,27.4,25.7,24.7,98,X, ,X,낮음
7/28/2019,태안(627),X,30.3,26.6,25.4,23.8,96,X, ,X,낮음
7/28/2019,예산(628),X,32.4,29.1,26,24.5,96,X,관심,X,낮음
7/28/2019,아산(634),X,32,28.6,25.5,24.5,96,X, ,X,낮음
7/28/2019,계룡(636),X,31.1,28.4,25.3,23.5,93,X,관심,X,낮음
7/28/2019,연천청산(652),X,29.8,26,25,24.1,99,X, ,X,낮음
7/28/2019,양양(670),O,34.4,30.8,27.9,25.3,95,X,관심,O,낮음
7/28/2019,무안(699),X,32.2,29.9,27.3,25.7,83,X, ,X,낮음
7/28/2019,무주(701),X,32.1,29.7,25.7,22.9,96,X,관심,X,낮음
7/28/2019,익산(702),O,34.5,30.9,27,24.3,98,X,관심,X,낮음
7/28/2019,진안(703),X,30.8,27.3,25.2,23,94,X, ,X,낮음
7/28/2019,담양(706),O,34.6,30.6,26.4,24.3,98,X,관심,X,낮음
7/28/2019,구례(709),X,32.2,,,,,X,관심,X,낮음
7/28/2019,나주(710),O,33.3,31.1,26.7,23.9,91,X,관심,X,낮음
7/28/2019,순천시(712),O,33.4,30.3,27.4,25.8,93,X,관심,O,낮음
7/28/2019,광양읍(713),O,33.9,31.8,27.8,25.6,87,X,관심,X,낮음
7/28/2019,장성(730),X,32.6,30.4,26.9,24.9,87,X,관심,X,낮음
7/28/2019,영암(731),O,33.2,31.2,27.8,25.5,83,X,관심,X,낮음
7/28/2019,보성(732),X,32.5,29.6,26.4,24.7,92,X, ,X,낮음
7/28/2019,완주(734),X,31.7,29.3,26.6,24,87,X,관심,X,낮음
7/28/2019,김제(737),X,32.4,29.9,27.3,25.1,87,X,관심,O,낮음
7/28/2019,화순(741),X,31.6,30.4,27.2,24.9,76,X,관심,X,낮음
7/28/2019,함평(754),X,32.8,30.3,27.2,24.4,88,X,관심,X,낮음
7/28/2019,곡성(768),X,31.8,30,26.4,24.2,84,X,관심,X,낮음
7/28/2019,압해도(789),O,33.3,30.6,26.8,25.2,90,X, ,X,낮음
7/28/2019,영양(801),O,33,31.2,26,23.7,91,X,관심,X,낮음
7/28/2019,성주(810),X,32.8,31,27.5,25.4,79,O,주의,X,낮음
7/28/2019,고령(812),O,33.4,31,27.7,25.6,85,O,주의,X,낮음
7/28/2019,청도(813),X,32.9,31.5,28.2,25,72,O,관심,X,낮음
7/28/2019,예천(815),X,32.9,29.3,25.3,24,99,O,주의,X,낮음
7/28/2019,김천(822),O,33.6,31.6,26.8,24.6,94,O,주의,X,낮음
7/28/2019,군위(823),O,35,33.4,27.6,24.7,86,O,주의,X,낮음
7/28/2019,칠곡(825),O,33.2,31,27.6,25.4,88,O,주의,X,낮음
7/28/2019,경산(827),O,33.3,32.4,28.9,26.8,68,O,주의,O,낮음
7/28/2019,삼척(876),O,33.6,32.4,27.8,24.4,79,X,관심,X,낮음
7/28/2019,속초(90),X,32.1,29.2,26.9,24.9,88.4,X, ,O,낮음
7/28/2019,삼천포(907),X,32.6,30.2,27,25.2,88,X,관심,O,낮음
7/28/2019,고성(918),X,32,29.2,27.3,26.1,89,X,관심,O,낮음
7/28/2019,창녕(919),O,33.6,32.2,28.6,25.4,76,O,주의,X,낮음
7/28/2019,함안(920),O,33.5,32.7,28.8,24.4,70,O,주의,X,낮음
7/28/2019,북춘천(93),X,30.7,27.1,25.8,24.9,96.4,X, ,X,보통
7/28/2019,하동(932),X,32.8,30.8,27.3,25.1,88,X,관심,X,낮음
7/28/2019,철원(95),X,29.9,26,24.9,24.2,100,X, ,X,낮음
7/28/2019,동두천(98),X,29.9,26.3,25,24.1,98.5,X, ,X,낮음
7/28/2019,파주(99),X,29.9,26.4,25,23.7,97.6,X, ,X,낮음
7/29/2019,북강릉(104),O,33.4,33.3,29.4,26.2,62,O,주의,O,매우높음
7/29/2019,동해(106),X,32.3,32.1,27.2,23.6,71.1,O,주의,X,낮음
7/29/2019,서울(108),X,31.5,30,27.5,25.6,74.5,X,주의,O,높음
7/29/2019,인천(112),X,31.2,29,26.8,25.1,84,X, ,O,높음
7/29/2019,원주(114),X,31.8,30.9,27.5,24.9,69.5,O,관심,O,낮음
7/29/2019,울릉도(115),X,31.7,29.7,26.8,25.1,77.3,X, ,O,낮음
7/29/2019,수원(119),O,33,31.2,28,25.6,80.3,X,관심,O,낮음
7/29/2019,영월(121),X,31.6,30.1,25.8,23,84.1,O,관심,X,낮음
7/29/2019,충주(127),O,33.1,32.2,27.3,23.3,79,O,관심,X,낮음
7/29/2019,서산(129),X,31.6,29.4,26.8,24.7,87.1,X, ,O,매우높음
7/29/2019,울진(130),O,34.1,33.5,28.6,25.3,72,O,주의,O,낮음
7/29/2019,청주(131),O,33.6,33.1,29.2,25.6,71.6,O,주의,O,매우높음
7/29/2019,대전(133),O,34.2,32.8,28.5,24.5,77.8,O,주의,O,매우높음
7/29/2019,추풍령(135),X,32.9,32.2,26.3,22.2,76.1,O,주의,X,낮음
7/29/2019,안동(136),O,33.4,32.7,27.7,23.3,78.6,O,주의,X,매우높음
7/29/2019,상주(137),O,34.5,33,27.9,23.9,83,O,관심,X,낮음
7/29/2019,포항(138),O,35.4,35.1,30.3,27.1,68.1,O,주의,O,낮음
7/29/2019,군산(140),O,33.6,32.4,28.1,24.4,78.3,O,관심,O,낮음
7/29/2019,대구(143),O,34.4,34.6,29.4,24.5,69.9,O,주의,X,높음
7/29/2019,전주(146),O,34.9,33.2,28.7,25.1,85.1,O,주의,O,매우높음
7/29/2019,울산(152),O,34.2,32.6,28.1,24.8,80.9,O,주의,O,매우높음
7/29/2019,창원(155),O,33.7,32.2,27.3,24.2,83,O,주의,O,매우높음
7/29/2019,광주(156),O,33.6,31.8,28.3,25.1,80.6,O,주의,O,매우높음
7/29/2019,부산(159),X,32.8,30.3,27,25.2,88.8,O,관심,O,매우높음
7/29/2019,통영(162),X,32.9,30.7,27.5,25.2,87.5,X, ,O,낮음
7/29/2019,목포(165),X,32.8,31.8,28,25.2,79.5,X,관심,O,위험
7/29/2019,여수(168),X,32.5,30.5,27.5,25.7,89.4,O,관심,O,낮음
7/29/2019,흑산도(169),X,,,,,98.1,X, ,X,낮음
7/29/2019,완도(170),O,33.4,31.8,27,23.5,85,X,관심,X,낮음
7/29/2019,고창(172),O,33.1,31.8,28,25,78.3,O,관심,O,낮음
7/29/2019,제주(184),X,32.7,31.3,28.7,26.1,73.5,O,관심,O,위험
7/29/2019,진주(192),O,33.7,32.1,27.8,23.6,81,O,관심,O,낮음
7/29/2019,양평(202),O,33.1,31.9,27.3,25.1,82,O,주의,X,낮음
7/29/2019,이천(203),O,33.6,31.8,27.2,24,84.8,O,주의,X,낮음
7/29/2019,인제(211),X,30,28.1,26,24.4,79,X, ,X,낮음
7/29/2019,홍천(212),O,33.4,32,27.2,24.8,82.5,X,관심,O,낮음
7/29/2019,태백(216),X,30.9,29.9,25.5,23.7,73.6,X, ,X,낮음
7/29/2019,정선군(217),X,30.6,29.3,25.6,22.6,76.1,X, ,X,낮음
7/29/2019,제천(221),X,32.2,30.8,26.3,23.2,79.8,O,관심,X,낮음
7/29/2019,보은(226),O,33.8,33.2,27.4,23.2,80.8,O,관심,X,낮음
7/29/2019,천안(232),X,31.9,30.8,26.6,22.6,78.6,O,주의,X,낮음
7/29/2019,보령(235),X,32.2,30.5,28,25.6,75.3,X, ,O,낮음
7/29/2019,부여(236),O,33.6,32.4,27.8,23.1,78.4,O,주의,O,낮음
7/29/2019,금산(238),O,33.6,33.2,26.9,22,73.3,O,주의,X,낮음
7/29/2019,세종(239),O,33.2,32,28,24,75.8,O,주의,O,매우높음
7/29/2019,부안(243),O,33.8,32.8,28.3,24.5,74.1,O,관심,O,낮음
7/29/2019,임실(244),O,33.4,32.3,26.8,22.8,77.3,O,주의,X,낮음
7/29/2019,정읍(245),X,32.8,32.3,28,24.7,70.8,O,주의,O,낮음
7/29/2019,남원(247),O,33.1,32.5,27.6,22.3,75.9,O,주의,X,낮음
7/29/2019,장수(248),X,31.5,30.5,25.9,21.6,74.6,X,관심,X,낮음
7/29/2019,영광군(252),O,33.5,32.2,27.9,23.8,80.1,O,주의,O,낮음
7/29/2019,김해시(253),O,34.2,32.5,28,25,82.3,O,주의,O,낮음
7/29/2019,순창군(254),O,33.8,33,27.3,22.2,78.3,O,주의,X,낮음
7/29/2019,양산시(257),O,34.8,33.3,27.9,24.6,86.5,O,주의,O,낮음
7/29/2019,강진군(259),O,33.1,31.8,27.5,23.5,80,O,관심,X,낮음
7/29/2019,장흥(260),O,33.5,32.3,28,25.3,83.1,O,관심,X,낮음
7/29/2019,해남(261),O,33.2,31.2,27.1,22.3,84.4,O,관심,X,낮음
7/29/2019,고흥(262),O,33,31.6,27.1,23.2,83.3,X,관심,X,낮음
7/29/2019,의령군(263),O,34.2,33.1,28.2,23.7,76.9,O,주의,O,낮음
7/29/2019,함양군(264),O,34.8,33.3,26.7,21.9,88,O,주의,X,낮음
7/29/2019,진도군ASOS(268),X,32,29.7,27.1,24.2,84.1,X,관심,O,낮음
7/29/2019,봉화(271),X,32.3,31,26.2,22.6,83.5,X,관심,X,낮음
7/29/2019,영주(272),X,32.7,31.5,25.9,22.6,80.8,X,관심,X,낮음
7/29/2019,문경(273),O,34.4,33.7,27.1,23.3,82.1,O,관심,X,낮음
7/29/2019,청송군(276),O,33.9,32.7,26.6,22,87.1,X,관심,X,낮음
7/29/2019,영덕(277),O,35.1,34.7,28.7,24.4,75.8,O,주의,X,낮음
7/29/2019,의성(278),O,34.5,34.8,28.6,23.1,74.9,O,주의,X,낮음
7/29/2019,구미(279),O,35,33.2,28,23.3,89.9,O,주의,X,낮음
7/29/2019,영천(281),O,34.4,34.3,28.9,23.6,68.6,O,주의,X,낮음
7/29/2019,경주시(283),O,35.9,35.2,28,22.9,79.6,O,주의,X,낮음
7/29/2019,거창(284),O,33.3,32.8,26.4,21.8,82.3,O,주의,X,낮음
7/29/2019,합천(285),O,34.1,33.6,28,22.3,71.6,O,주의,X,낮음
7/29/2019,밀양(288),O,33.2,32.7,27.7,23.2,79.5,O,주의,X,낮음
7/29/2019,산청(289),O,34.4,33.2,27.4,22.5,81.6,O,주의,X,낮음
7/29/2019,거제(294),O,33.9,30.8,28.1,26.8,94.9,X,관심,O,낮음
7/29/2019,남해(295),O,34.1,32.3,28.2,24.6,80.5,O,관심,O,낮음
7/29/2019,부천(433),X,,29.8,26.9,24.9,,X, ,O,낮음
7/29/2019,안양(434),X,,30.5,27.8,25.9,,X, ,O,낮음
7/29/2019,광명(437),X,,30.8,28,25.9,,X, ,O,낮음
7/29/2019,군포(438),X,,32.1,27.5,25.3,,X, ,O,낮음
7/29/2019,김포(441),X,,29.5,26.4,24.5,,X, ,X,낮음
7/29/2019,하남(444),X,,,27.5,,,O,주의,X,낮음
7/29/2019,의왕(445),X,,29,25.9,22.9,,X, ,X,낮음
7/29/2019,포천(504),X,31.5,30,27.1,24.8,77,X, ,O,낮음
7/29/2019,가평조종(505),X,,30.8,26.9,24.6,,X,관심,O,낮음
7/29/2019,안성(516),O,33.4,32,27.6,24.1,80,O,주의,X,낮음
7/29/2019,간성(517),O,34.2,33.5,29.6,25.4,71,O,주의,O,낮음
7/29/2019,평창(526),X,31.4,30.3,25.2,22.1,82,X, ,X,낮음
7/29/2019,의정부(532),O,33.4,30.6,27.6,25.3,91,X, ,O,낮음
7/29/2019,횡성(536),X,32.7,,,,,X,관심,X,낮음
7/29/2019,고양(540),X,32.2,30.3,27.5,25.5,80,X,관심,O,낮음
7/29/2019,남양주(541),X,32.3,31.3,27.4,24.4,77,X,관심,O,낮음
7/29/2019,안산(545),O,33,31.3,26.9,23.3,85,X,관심,O,낮음
7/29/2019,경기광주(546),X,32.4,30.7,26.9,24.3,82,O,주의,O,낮음
7/29/2019,여주(548),X,32.1,30.2,26.2,23.8,84,O,주의,X,낮음
7/29/2019,용인(549),X,31.7,31.1,26.6,23.4,78,O,주의,X,낮음
7/29/2019,오산(550),X,31.8,30.6,27.2,24.3,75,O,주의,X,낮음
7/29/2019,평택(551),O,33.4,32,27.9,24.3,80,O,주의,X,낮음
7/29/2019,화천(555),X,32.2,29.8,26.2,23.8,89,X,관심,O,낮음
7/29/2019,양구(556),X,30.6,28.8,27,24.3,75,X,관심,X,낮음
7/29/2019,시흥(565),O,33,31.2,28.3,26.3,79,X,관심,O,낮음
7/29/2019,구리(569),O,33.2,32.4,28,24.8,74,O,주의,O,낮음
7/29/2019,화성(571),X,32.6,31.1,27.7,24.9,77,O,주의,O,낮음
7/29/2019,성남(572),X,32.7,31.4,27.8,25.1,75,O,주의,O,매우높음
7/29/2019,과천(590),X,32.8,31.5,27.5,24.8,79,X,관심,O,낮음
7/29/2019,양주(598),X,32.5,30.8,27.5,25.5,78,X, ,O,낮음
7/29/2019,단양(601),O,35.1,32.9,27.2,23.2,90,O,관심,X,낮음
7/29/2019,진천(602),X,32.9,32.7,28,23.9,69,O,주의,X,낮음
7/29/2019,괴산(603),O,33,32.1,27.1,23.6,83,O,관심,X,낮음
7/29/2019,옥천(604),O,33.8,33.5,27.4,22.8,79,O,관심,X,낮음
7/29/2019,홍북(608),X,32.7,31,26.8,24,83,O,관심,O,낮음
7/29/2019,공주(612),O,33.9,33.1,27.8,23.4,78,O,주의,X,낮음
7/29/2019,서천(614),O,33.6,32,28.3,23.6,78,O,관심,O,낮음
7/29/2019,논산(615),O,33.9,32.7,28.2,23.5,77,O,주의,X,낮음
7/29/2019,당진(616),O,33,30.1,27.3,24.9,90,O,관심,O,낮음
7/29/2019,청양(618),O,33.2,32.2,27.1,22.8,81,O,관심,X,낮음
7/29/2019,음성(619),X,32.8,31.2,26.2,23,86,O,관심,X,낮음
7/29/2019,증평(623),O,33.5,32,27.2,23.8,84,O,관심,X,낮음
7/29/2019,태안(627),X,32.4,29.7,26.4,24.9,90,X, ,O,낮음
7/29/2019,예산(628),O,33.4,31.9,28.1,24.9,80,O,관심,O,낮음
7/29/2019,아산(634),O,33.7,32.7,28,24.6,74,O,관심,X,낮음
7/29/2019,계룡(636),X,32.6,31.7,26.8,22,78,O,관심,X,낮음
7/29/2019,연천청산(652),X,31.9,30.2,26.9,24.7,86,X, ,X,낮음
7/29/2019,양양(670),O,35.5,33.5,29.9,27.4,82,O,주의,O,낮음
7/29/2019,무안(699),X,32.6,31.4,27.8,24.2,78,O,관심,O,낮음
7/29/2019,무주(701),O,34.4,33.5,26.7,21.6,84,O,주의,X,낮음
7/29/2019,익산(702),O,36,33.6,28.3,22.9,87,O,주의,X,낮음
7/29/2019,진안(703),X,32.4,30.5,25.4,21.2,85,O,주의,X,낮음
7/29/2019,담양(706),O,35.4,31.9,27,22.9,94,O,주의,X,낮음
7/29/2019,구례(709),O,34.2,32.8,27.6,22.9,84,O,주의,X,낮음
7/29/2019,나주(710),O,33.8,32,27.2,22.5,85,O,주의,X,낮음
7/29/2019,순천시(712),O,34.9,32.7,28.4,25.3,86,O,주의,O,낮음
7/29/2019,광양읍(713),O,34.7,33.7,28.9,24.3,78,O,주의,O,낮음
7/29/2019,장성(730),O,33.2,31.8,27.4,23.5,80,O,주의,X,낮음
7/29/2019,영암(731),O,33.2,31.4,27.9,24.8,81,O,주의,X,낮음
7/29/2019,보성(732),O,33.1,31.3,26.7,24.3,88,O,관심,X,낮음
7/29/2019,완주(734),O,34,32.8,27.7,23,77,O,주의,X,낮음
7/29/2019,김제(737),O,33.9,32.5,28.3,25.1,76,O,주의,O,낮음
7/29/2019,화순(741),O,33.4,33,27.4,23.2,72,O,주의,X,낮음
7/29/2019,함평(754),O,34,32.8,27.4,23.5,84,O,주의,X,낮음
7/29/2019,곡성(768),O,33.8,33.1,27,22.4,76,O,주의,X,낮음
7/29/2019,압해도(789),O,33.3,31,27.4,24.6,86,X,관심,O,낮음
7/29/2019,영양(801),O,33.4,32.1,27.2,23.1,82,X,관심,X,낮음
7/29/2019,성주(810),O,34.1,33.5,28.1,22.8,74,O,주의,X,낮음
7/29/2019,고령(812),O,34,33.3,28.2,22.7,79,O,주의,X,낮음
7/29/2019,청도(813),O,33.7,33.1,27.8,23.5,80,O,주의,X,낮음
7/29/2019,예천(815),O,34.9,32.5,27.1,23.8,92,O,주의,X,낮음
7/29/2019,김천(822),O,35.6,34.1,27,22.8,87,O,주의,X,낮음
7/29/2019,군위(823),O,35.7,34.7,28.5,22.8,80,O,주의,X,낮음
7/29/2019,칠곡(825),O,34.1,32.7,28.3,23.8,80,O,주의,X,낮음
7/29/2019,경산(827),O,33.6,33.5,29.2,25.8,67,O,주의,O,낮음
7/29/2019,삼척(876),O,34,33.9,30,26.6,59,O,주의,O,낮음
7/29/2019,속초(90),O,34.8,34.3,30.2,26.8,64.4,O,주의,O,낮음
7/29/2019,삼천포(907),O,33,30.4,27.1,25,88,O,관심,X,낮음
7/29/2019,고성(918),O,33.3,30.5,27.4,25.3,89,X,관심,O,낮음
7/29/2019,창녕(919),O,34.8,34.1,28.8,23.9,75,O,주의,O,낮음
7/29/2019,함안(920),O,34.3,34.2,28.4,23.8,72,O,주의,X,낮음
7/29/2019,북춘천(93),X,32.4,30.3,26.8,24.8,89,X,관심,O,높음
7/29/2019,하동(932),O,34.5,33.4,27.8,23.5,81,O,관심,X,낮음
7/29/2019,철원(95),X,32.3,29.8,26.8,24.9,91.3,X, ,X,낮음
7/29/2019,동두천(98),X,31.9,29.1,26.7,24.7,87.6,X, ,X,낮음
7/29/2019,파주(99),X,31.3,28.6,26.6,24.7,89.3,X, ,X,낮음
7/30/2019,북강릉(104),O,33.9,33.5,30.1,26.6,59.8,O,경고,O,위험
7/30/2019,동해(106),X,32.1,31.2,27.9,24.8,66,O,경고,O,낮음
7/30/2019,서울(108),X,32.3,30.8,28.1,26.3,75.3,X, ,X,매우높음
7/30/2019,인천(112),X,31.5,29.2,27.1,25.6,87.6,X, ,X,매우높음
7/30/2019,원주(114),X,32.6,32.1,28.5,25.1,66.6,O,관심,O,낮음
7/30/2019,울릉도(115),X,31.5,29.7,27.4,26,74.8,X, ,O,낮음
7/30/2019,수원(119),O,33.5,31.5,28.7,26.6,79.4,X, ,O,낮음
7/30/2019,영월(121),X,32.4,30.7,26.1,22.8,86.3,O,관심,X,낮음
7/30/2019,충주(127),O,33.7,32.6,28.1,24.2,77,O,주의,O,낮음
7/30/2019,서산(129),X,32,29.3,27.1,25.7,90.6,X, ,O,매우높음
7/30/2019,울진(130),O,35.2,34.9,30,25.6,65,O,주의,O,낮음
7/30/2019,청주(131),O,34.9,34,29.8,26.8,70.3,O,주의,O,매우높음
7/30/2019,대전(133),O,34.7,33.3,29.4,26.4,77.3,O,경고,O,매우높음
7/30/2019,추풍령(135),O,33.2,33,26.6,20.6,73.8,O,주의,X,낮음
7/30/2019,안동(136),O,33.8,33.2,28.4,23.8,75.1,O,주의,O,매우높음
7/30/2019,상주(137),O,35,33.7,28.2,22.6,79.9,O,주의,O,낮음
7/30/2019,포항(138),O,35.8,35.7,31.1,26.9,64.8,O,경고,O,낮음
7/30/2019,군산(140),O,34.4,32.4,28.3,25.2,80.1,O,관심,O,낮음
7/30/2019,대구(143),O,35.6,36,30.4,24.9,67.1,O,경고,O,매우높음
7/30/2019,전주(146),O,35.9,33.9,29.2,25.8,86.8,O,경고,O,매우높음
7/30/2019,울산(152),O,33.8,32.6,28.8,25,75.9,O,주의,O,매우높음
7/30/2019,창원(155),O,33.7,32.2,28.3,25.2,78,O,주의,O,위험
7/30/2019,광주(156),O,34.4,32.4,28.4,25.9,85.1,O,경고,O,매우높음
7/30/2019,부산(159),O,33.2,30.5,27.7,25.5,87.8,O,주의,O,위험
7/30/2019,통영(162),X,32.6,30.1,27.8,26.1,87.3,X, ,O,낮음
7/30/2019,목포(165),O,33.2,31.5,28.4,26.1,81.8,X,관심,O,매우높음
7/30/2019,여수(168),X,32.8,30.4,27.7,26,92.5,O,주의,O,낮음
7/30/2019,흑산도(169),X,,,,,98,X, ,X,낮음
7/30/2019,완도(170),O,34.1,32.3,28.3,24.2,81.6,X,관심,O,낮음
7/30/2019,고창(172),O,33.7,32.2,28.8,25.5,77.5,O,관심,O,낮음
7/30/2019,제주(184),O,35.3,35.4,30.4,27.3,70,O,주의,O,위험
7/30/2019,진주(192),O,33.7,32.1,28.5,25.6,80.4,O,주의,O,낮음
7/30/2019,양평(202),O,33,31.5,27.9,24.8,79.4,O,관심,O,낮음
7/30/2019,이천(203),O,33.2,31.3,27.6,23.8,84.9,O,관심,O,낮음
7/30/2019,인제(211),X,30.8,29.3,26.9,24.5,75.1,X, ,O,낮음
7/30/2019,홍천(212),O,33.3,32.1,28.3,25.3,76.4,X,관심,O,낮음
7/30/2019,태백(216),X,30.7,29.4,26.1,23.6,71.1,X, ,X,낮음
7/30/2019,정선군(217),X,31.2,30,26,22.4,74.4,X,관심,X,낮음
7/30/2019,제천(221),O,33,32,27,22.7,79,O,관심,O,낮음
7/30/2019,보은(226),O,34.5,33.9,27.8,22.4,77.8,O,관심,X,낮음
7/30/2019,천안(232),O,33.5,32,27.7,25.1,76.6,O,관심,O,낮음
7/30/2019,보령(235),X,32.2,29.9,27.8,26.4,81.8,X, ,O,낮음
7/30/2019,부여(236),O,34.1,32.4,28.4,25.5,81,O,주의,O,낮음
7/30/2019,금산(238),O,34.1,33.3,28,22.3,71.5,O,주의,O,낮음
7/30/2019,세종(239),O,34.2,32.7,28.5,25.9,76,O,경고,O,매우높음
7/30/2019,부안(243),O,34.4,33.1,29.2,26.1,73.9,O,주의,O,낮음
7/30/2019,임실(244),O,33.7,32.2,27.1,22.9,79.3,O,관심,X,낮음
7/30/2019,정읍(245),O,33.8,32.8,28.6,25.5,72.6,O,경고,O,낮음
7/30/2019,남원(247),O,33.8,32.9,27.8,22.6,76.5,O,주의,O,낮음
7/30/2019,장수(248),X,31.7,30.4,26.5,22.8,74.4,X,관심,O,낮음
7/30/2019,영광군(252),O,34.1,32.1,28.5,25.7,82,O,주의,O,낮음
7/30/2019,김해시(253),O,33.9,32.5,28.8,26,78,O,주의,O,낮음
7/30/2019,순창군(254),O,34.1,32.8,28.1,23.2,76.5,O,주의,X,낮음
7/30/2019,양산시(257),O,34.2,32.5,28.7,25.7,84.1,O,주의,O,낮음
7/30/2019,강진군(259),O,33.2,31.7,27.8,24,81.1,O,주의,O,낮음
7/30/2019,장흥(260),O,33.8,32.6,28.4,24,80.5,O,주의,O,낮음
7/30/2019,해남(261),O,34.1,31.9,28.4,23.8,82.5,O,주의,O,낮음
7/30/2019,고흥(262),O,33.1,31.2,27.6,23.7,84.5,X,관심,X,낮음
7/30/2019,의령군(263),O,34.1,33,29.1,25.1,73.3,O,주의,O,낮음
7/30/2019,함양군(264),O,35.4,34,27.1,21,86.9,O,주의,X,낮음
7/30/2019,진도군ASOS(268),X,32.3,29.9,28,26.8,83.9,X,관심,O,낮음
7/30/2019,봉화(271),X,32.1,30.9,25.7,20.7,83.1,O,주의,X,낮음
7/30/2019,영주(272),O,33,32.1,26,21.2,80,O,주의,X,낮음
7/30/2019,문경(273),O,34.6,33.9,27.3,21.8,79.4,O,주의,X,낮음
7/30/2019,청송군(276),O,34.5,33.1,27.1,21.4,85.1,O,주의,X,낮음
7/30/2019,영덕(277),O,35.2,34.9,29.8,24.4,69.4,O,경고,O,낮음
7/30/2019,의성(278),O,35.2,35.4,29.3,22.7,70.8,O,경고,X,낮음
7/30/2019,구미(279),O,35.9,34.6,29,23.4,83.9,O,경고,X,낮음
7/30/2019,영천(281),O,34.3,34.7,29.9,23.9,65.1,O,경고,O,낮음
7/30/2019,경주시(283),O,36.1,35.7,29.1,23.3,74.6,O,경고,X,낮음
7/30/2019,거창(284),O,33.7,32.6,26.8,21.8,81.4,O,주의,X,낮음
7/30/2019,합천(285),O,34,33.4,28.4,22.6,71.8,O,주의,X,낮음
7/30/2019,밀양(288),O,33.7,33.6,28.6,24.1,73.1,O,주의,X,낮음
7/30/2019,산청(289),O,34.7,33.4,27.8,22.4,80.5,O,주의,X,낮음
7/30/2019,거제(294),O,33.2,29.6,28.2,27.2,96.3,X,관심,O,낮음
7/30/2019,남해(295),O,33.4,31.4,28.7,26.9,80.4,O,주의,O,낮음
7/30/2019,부천(433),X,,30.5,27.3,25.3,,X, ,X,낮음
7/30/2019,안양(434),X,,30.2,28,26.2,,X, ,O,낮음
7/30/2019,광명(437),X,,31.2,28.4,26.1,,X, ,X,낮음
7/30/2019,군포(438),X,,30.4,27.7,25.5,,X, ,X,낮음
7/30/2019,김포(441),X,,29.4,26.4,24.6,,X, ,X,낮음
7/30/2019,하남(444),X,,,,,,O, ,X,낮음
7/30/2019,의왕(445),X,,29.2,26.5,24.4,,X, ,X,낮음
7/30/2019,포천(504),X,31.3,29.4,27,24.7,80,X, ,X,낮음
7/30/2019,가평조종(505),X,,28.9,26.7,24.9,,X, ,X,낮음
7/30/2019,안성(516),O,34.5,33.3,28.7,23.9,77,O,관심,O,낮음
7/30/2019,간성(517),O,34.4,33.3,30.2,27.6,69,O,경고,O,낮음
7/30/2019,평창(526),X,31.7,30.4,25.1,21.4,82,X,관심,X,낮음
7/30/2019,의정부(532),O,33.4,30.4,27.7,25.6,93,X, ,X,낮음
7/30/2019,횡성(536),O,33.3,31.1,26.3,22.7,89,X,관심,X,낮음
7/30/2019,고양(540),X,32.7,30.6,27.7,25.5,84,X, ,X,낮음
7/30/2019,남양주(541),X,32.3,30.9,28.4,26.4,74,X, ,X,낮음
7/30/2019,안산(545),O,33.6,31.6,27.8,25.3,84,X, ,X,낮음
7/30/2019,경기광주(546),X,32.5,30.7,27.7,25.2,78,O,관심,O,낮음
7/30/2019,여주(548),O,33.2,31.4,27.1,23.5,81,O,관심,O,낮음
7/30/2019,용인(549),X,32.4,31.1,26.9,23.7,78,O,관심,O,낮음
7/30/2019,오산(550),X,32.8,32.3,28.4,24.8,69,O,관심,O,낮음
7/30/2019,평택(551),O,34.1,32.5,28.5,24.8,79,O,관심,O,낮음
7/30/2019,화천(555),X,31.3,28.9,26.3,25.1,88,X, ,X,낮음
7/30/2019,양구(556),X,31.8,30.3,27.4,25.2,75,X, ,O,낮음
7/30/2019,시흥(565),O,33.8,32,28.6,26.9,80,X, ,X,낮음
7/30/2019,구리(569),O,33,31.6,28.6,26.4,71,O, ,O,낮음
7/30/2019,화성(571),O,33.1,31.4,28.1,26.1,78,O,관심,O,낮음
7/30/2019,성남(572),X,32.6,31.2,28.5,26.8,74,O, ,O,매우높음
7/30/2019,과천(590),X,32.8,30.8,28,25.9,80,X, ,X,낮음
7/30/2019,양주(598),X,32.4,30.3,27.6,24.6,81,X, ,X,낮음
7/30/2019,단양(601),O,35.3,33.3,27.4,23.7,91,O,관심,X,낮음
7/30/2019,진천(602),O,33.4,32.9,29.1,25.9,64,O,주의,O,낮음
7/30/2019,괴산(603),O,34.1,33.1,27.7,22.8,80,O,관심,O,낮음
7/30/2019,옥천(604),O,35.3,34.6,27.9,22.6,78,O,주의,X,낮음
7/30/2019,홍북(608),O,33.2,30.8,27.3,25.5,87,O,관심,O,낮음
7/30/2019,공주(612),O,34.4,33.5,28.6,24.8,76,O,경고,O,낮음
7/30/2019,서천(614),O,34.2,31.9,28.9,25.6,81,O,관심,O,낮음
7/30/2019,논산(615),O,35.3,34,29,24.3,76,O,경고,O,낮음
7/30/2019,당진(616),O,33.8,30.7,27.9,25.9,91,O,관심,O,낮음
7/30/2019,청양(618),O,34.1,32.4,28.1,24,81,O,주의,O,낮음
7/30/2019,음성(619),O,33.6,31.7,27.1,22.7,84,O,관심,O,낮음
7/30/2019,증평(623),O,34,32.3,28.2,24,83,O,관심,O,낮음
7/30/2019,태안(627),X,31.4,28,26.2,25.3,94,X, ,O,낮음
7/30/2019,예산(628),O,33.8,31.6,28.6,26,83,O,관심,O,낮음
7/30/2019,아산(634),O,34.1,32.9,28.4,24.5,78,O,관심,O,낮음
7/30/2019,계룡(636),O,33.3,32.1,27.5,22.7,79,O,관심,O,낮음
7/30/2019,연천청산(652),X,32.9,30.5,27,23.7,90,X, ,X,낮음
7/30/2019,양양(670),O,36.1,34.1,30.6,27.2,79,O,경고,O,낮음
7/30/2019,무안(699),X,32.9,31.2,28.2,25.9,80,O,주의,O,낮음
7/30/2019,무주(701),O,34.9,33.7,28.7,21.9,78,O,관심,O,낮음
7/30/2019,익산(702),O,36.3,34.2,28.9,23.1,89,O,경고,O,낮음
7/30/2019,진안(703),O,33.6,31.1,26.9,21.9,88,O,관심,X,낮음
7/30/2019,담양(706),O,35.4,32.1,27.7,23.6,96,O,주의,O,낮음
7/30/2019,구례(709),O,34.2,32.4,27.6,23.4,86,O,주의,O,낮음
7/30/2019,나주(710),O,34.2,32.3,27.6,23.5,87,O,경고,O,낮음
7/30/2019,순천시(712),O,34.6,32.2,28.6,25.6,90,O,주의,O,낮음
7/30/2019,광양읍(713),O,35.2,33.8,28.9,25.5,81,O,경고,O,낮음
7/30/2019,장성(730),O,33.4,32.1,27.8,24.9,81,O,주의,O,낮음
7/30/2019,영암(731),O,33.9,31.9,28.5,24.9,81,O,주의,O,낮음
7/30/2019,보성(732),X,32.7,30.2,26.8,23.5,90,O,주의,X,낮음
7/30/2019,완주(734),O,34,32.5,28.2,23.7,77,O,주의,X,낮음
7/30/2019,김제(737),O,34.3,32.8,28.7,25.6,77,O,주의,O,낮음
7/30/2019,화순(741),O,33,32.3,27.2,23.4,75,O,주의,X,낮음
7/30/2019,함평(754),O,34.5,32.4,28,24.8,86,O,주의,O,낮음
7/30/2019,곡성(768),O,34,32.8,27.2,22.6,79,O,주의,X,낮음
7/30/2019,압해도(789),O,33.7,31.3,28.1,25.6,86,X, ,O,낮음
7/30/2019,영양(801),O,33.6,32.4,27.8,23.9,80,O,주의,O,낮음
7/30/2019,성주(810),O,35,34.6,29,22.9,71,O,경고,X,낮음
7/30/2019,고령(812),O,34.5,33.5,28.8,24.1,80,O,경고,O,낮음
7/30/2019,청도(813),O,35.7,34.7,29.1,24.1,74,O,경고,O,낮음
7/30/2019,예천(815),O,35.2,33.2,27.3,22.1,89,O,주의,X,낮음
7/30/2019,김천(822),O,36,35.6,28.1,21.5,80,O,경고,X,낮음
7/30/2019,군위(823),O,35.9,35.1,29.2,22.8,76,O,경고,X,낮음
7/30/2019,칠곡(825),O,35,33.7,28.8,24.1,79,O,경고,O,낮음
7/30/2019,경산(827),O,34.9,35.1,29.8,25.5,64,O,경고,O,낮음
7/30/2019,삼척(876),O,34.5,33.8,29.5,26.9,60,O,경고,O,낮음
7/30/2019,속초(90),O,33.9,33,29.8,26.9,65.8,O,경고,O,낮음
7/30/2019,삼천포(907),O,34,31.8,27.9,24.9,85,O,주의,O,낮음
7/30/2019,고성(918),X,32.8,29.9,27.8,26.3,87,O,관심,O,낮음
7/30/2019,창녕(919),O,34.9,34,29.7,25.9,72,O,주의,O,낮음
7/30/2019,함안(920),O,34.4,33.7,28.9,23.7,72,O,주의,X,낮음
7/30/2019,북춘천(93),X,31.9,28.9,27,25.2,88.9,X, ,O,보통
7/30/2019,하동(932),O,34.4,32.8,28,24.2,82,O,주의,O,낮음
7/30/2019,철원(95),X,31.6,28.4,26.2,24.2,96.1,X, ,X,낮음
7/30/2019,동두천(98),X,31.6,28.7,26.6,23.5,91,X, ,X,낮음
7/30/2019,파주(99),X,32.9,30,26.6,23.6,92.5,X, ,X,낮음
7/31/2019,북강릉(104),O,33.7,33.4,30.3,27.6,62.3,O,경고,X,매우높음
7/31/2019,동해(106),O,33.7,33.5,29.6,25.4,61.4,O,경고,O,낮음
7/31/2019,서울(108),X,30.1,27.5,25.8,24,91.1,X, ,X,보통
7/31/2019,인천(112),X,29.9,26.3,25,23.7,97.1,X, ,X,보통
7/31/2019,원주(114),X,30.8,28.9,26.8,24.8,78.6,X,관심,X,낮음
7/31/2019,울릉도(115),X,32.2,31.4,28.5,26,67.5,X, ,O,낮음
7/31/2019,수원(119),X,32,28.8,26.9,23.8,89.4,X, ,O,낮음
7/31/2019,영월(121),X,32.2,30.6,27.4,24.1,76,X,관심,X,낮음
7/31/2019,충주(127),O,33.6,32.4,28.7,26,73.3,O,관심,X,낮음
7/31/2019,서산(129),X,31.1,27.4,26.2,24.6,97,X, ,O,매우높음
7/31/2019,울진(130),O,35.3,34.9,30.4,25.8,65.4,O,주의,O,낮음
7/31/2019,청주(131),O,34.2,33.1,29.8,27.8,69.9,O,주의,O,높음
7/31/2019,대전(133),O,34.6,33,29.6,27.4,76.1,O,주의,O,매우높음
7/31/2019,추풍령(135),O,33.2,32.6,27.8,22.8,72,O,주의,X,낮음
7/31/2019,안동(136),O,33.8,33.2,29,25.6,73,O,주의,X,매우높음
7/31/2019,상주(137),O,34.7,33.3,29.6,25.2,74,O,주의,O,낮음
7/31/2019,포항(138),O,36.3,36.5,32,28.3,63.5,O,경고,O,낮음
7/31/2019,군산(140),O,33.4,31.9,28.6,26.1,79,O,관심,O,낮음
7/31/2019,대구(143),O,35.7,36,31,26.2,64.5,O,경고,O,매우높음
7/31/2019,전주(146),O,35.4,33.3,29.7,27,85.4,O,경고,O,매우높음
7/31/2019,울산(152),O,34.5,33.9,29.7,26.4,72.9,O,주의,X,높음
7/31/2019,창원(155),O,34.1,32.7,28.7,26,76.5,O,주의,X,매우높음
7/31/2019,광주(156),O,34.6,32.9,29,26.4,83,O,경고,X,보통
7/31/2019,부산(159),X,32.8,30.9,28,26.2,83,O,주의,O,매우높음
7/31/2019,통영(162),X,32.8,30.7,28,26.5,86,X,관심,O,낮음
7/31/2019,목포(165),O,34,32.7,28.9,26.2,78.9,X,관심,O,매우높음
7/31/2019,여수(168),X,32.7,30.6,27.9,26.2,89.6,O,주의,O,낮음
7/31/2019,흑산도(169),X,27.5,24.3,,23.8,96.3,X, ,X,낮음
7/31/2019,완도(170),O,33.8,32.3,28,24.9,81.8,X,관심,X,낮음
7/31/2019,고창(172),O,33.5,32.2,28.9,25.8,76,O,관심,X,낮음
7/31/2019,제주(184),O,33.8,32.3,29.5,27.9,76.9,O,주의,O,위험
7/31/2019,진주(192),O,34.3,32.6,28.8,26,79.3,O,주의,X,낮음
7/31/2019,양평(202),X,30.8,28.1,26.2,25.1,92.4,X, ,X,낮음
7/31/2019,이천(203),X,32.3,29.4,26.7,24.7,93.9,X,관심,X,낮음
7/31/2019,인제(211),X,30.1,28.4,25.1,23.3,85.5,X, ,X,낮음
7/31/2019,홍천(212),X,31,28.7,26.2,23.7,90,X, ,X,낮음
7/31/2019,태백(216),X,31.4,30.2,26.3,24.7,73.4,X, ,X,낮음
7/31/2019,정선군(217),X,30.2,28.6,26.5,23.7,74.3,X, ,X,낮음
7/31/2019,제천(221),X,32.2,30.5,27.1,23.9,76.8,O,관심,X,낮음
7/31/2019,보은(226),O,34.3,33.8,28.2,24.3,75.3,O,주의,X,낮음
7/31/2019,천안(232),X,31.9,30,27.2,24.3,79.3,X,관심,X,낮음
7/31/2019,보령(235),X,31.8,29.3,27.2,26.3,84.8,X,관심,O,낮음
7/31/2019,부여(236),O,33.5,32.1,28.2,25.6,81.6,O,주의,X,낮음
7/31/2019,금산(238),O,34.2,33.7,28.9,25.4,68.9,O,주의,X,낮음
7/31/2019,세종(239),O,33.9,32.5,28.4,26.4,76,O,주의,O,매우높음
7/31/2019,부안(243),O,34.2,33.1,29.2,26.5,74,O,주의,X,낮음
7/31/2019,임실(244),O,33.7,32.8,27.8,24,77.3,O,주의,X,낮음
7/31/2019,정읍(245),O,33.6,32.7,28.8,25.8,71.1,O,경고,X,낮음
7/31/2019,남원(247),O,34.3,33.9,29.3,25,70.4,O,주의,X,낮음
7/31/2019,장수(248),X,32.5,31.5,27,24.2,74,X,관심,X,낮음
7/31/2019,영광군(252),O,34,32.2,28.6,26.2,81,O,주의,X,낮음
7/31/2019,김해시(253),O,34.7,33.5,29.2,26.5,76.3,O,경고,O,낮음
7/31/2019,순창군(254),O,34,33.2,28.4,24.6,76.8,O,주의,X,낮음
7/31/2019,양산시(257),O,35,33.9,29.5,26.9,79.3,O,경고,X,낮음
7/31/2019,강진군(259),O,34,32.4,28.5,25.1,78.3,O,주의,X,낮음
7/31/2019,장흥(260),O,34.8,33.3,28.5,25.5,82.6,O,주의,X,낮음
7/31/2019,해남(261),O,33.9,31.9,27.9,24.4,82.6,O,주의,X,낮음
7/31/2019,고흥(262),O,33.5,32.1,27.5,23.9,83.8,X,관심,X,낮음
7/31/2019,의령군(263),O,35.5,34.5,29.7,26.8,71.6,O,주의,X,낮음
7/31/2019,함양군(264),O,35.6,34,28.3,22.6,85.1,O,경고,X,낮음
7/31/2019,진도군ASOS(268),O,33.1,31.1,28,24.8,82.8,X,관심,X,낮음
7/31/2019,봉화(271),X,32.4,31.6,26.7,22.7,79,O,주의,X,낮음
7/31/2019,영주(272),O,33.3,32.9,27.6,23.4,73.1,O,주의,O,낮음
7/31/2019,문경(273),O,34.5,33.6,28.2,24.2,76.4,O,주의,X,낮음
7/31/2019,청송군(276),O,34.6,33.6,27.8,22.3,84.1,O,주의,X,낮음
7/31/2019,영덕(277),O,35.7,35.6,30.7,26.4,66.9,O,경고,O,낮음
7/31/2019,의성(278),O,35,35.5,29.5,23.9,72.6,O,경고,X,낮음
7/31/2019,구미(279),O,35.4,34.6,29.5,24.7,83.5,O,경고,O,낮음
7/31/2019,영천(281),O,35.4,36,30.7,26.2,63.1,O,경고,O,낮음
7/31/2019,경주시(283),O,36.6,36.2,30.2,24.8,72.1,O,경고,X,낮음
7/31/2019,거창(284),O,34.2,33.6,28.1,22.5,77.6,O,주의,X,낮음
7/31/2019,합천(285),O,35.2,34.8,29.1,23.6,70.6,O,경고,X,낮음
7/31/2019,밀양(288),O,33.8,33.9,29.2,24.5,69,O,경고,X,낮음
7/31/2019,산청(289),O,35.2,34,28.6,23.5,80.9,O,경고,X,낮음
7/31/2019,거제(294),O,34.8,32.4,28.5,27.5,93,X,관심,O,낮음
7/31/2019,남해(295),O,34.2,32.4,29,25.9,78.4,O,주의,X,낮음
7/31/2019,부천(433),X,,26.9,25.2,23,,X, ,X,낮음
7/31/2019,안양(434),X,,27.8,26.4,23.7,,X, ,X,낮음
7/31/2019,광명(437),X,,27.7,26.3,23.8,,X, ,X,낮음
7/31/2019,군포(438),X,,27.7,25.9,23.6,,X, ,X,낮음
7/31/2019,김포(441),X,,25.9,24.2,22.3,,X, ,X,낮음
7/31/2019,하남(444),X,,,,,,X, ,X,낮음
7/31/2019,의왕(445),X,,26.4,24.6,22.4,,X, ,X,낮음
7/31/2019,포천(504),X,29.1,26.7,25.1,23.9,88,X, ,X,낮음
7/31/2019,가평조종(505),X,,27,24.6,23.2,,X, ,X,낮음
7/31/2019,안성(516),X,32.2,30.1,28.1,26.4,82,X,관심,O,낮음
7/31/2019,간성(517),O,33.8,33,28.8,24.4,78,O,경고,O,낮음
7/31/2019,평창(526),X,31,29.2,26.2,22.8,78,X,관심,X,낮음
7/31/2019,의정부(532),X,30.8,27,25.2,24,98,X, ,X,낮음
7/31/2019,횡성(536),X,30.3,26.9,25,24.1,97,X,관심,X,낮음
7/31/2019,고양(540),X,30,26.6,25.3,23.5,98,X, ,X,낮음
7/31/2019,남양주(541),X,30.3,28,25.2,23.5,92,X, ,X,낮음
7/31/2019,안산(545),X,31.9,28.6,26,23.6,97,X, ,X,낮음
7/31/2019,경기광주(546),X,31.2,27.5,25.7,23.8,95,X, ,X,낮음
7/31/2019,여주(548),X,30.6,28.1,26,24,90,X,관심,X,낮음
7/31/2019,용인(549),X,30.4,27.8,25.7,23.3,88,X, ,X,낮음
7/31/2019,오산(550),X,32.2,29.7,26.8,23.7,83,X, ,X,낮음
7/31/2019,평택(551),O,33.3,30.7,27.9,26.1,85,X,관심,O,낮음
7/31/2019,화천(555),X,32.1,30.3,25.5,23.5,93,X, ,X,낮음
7/31/2019,양구(556),X,30.2,28.3,25.4,23.7,87,X, ,X,낮음
7/31/2019,시흥(565),X,31.8,28.5,26.7,23.5,92,X, ,X,낮음
7/31/2019,구리(569),X,30.5,28.2,25.6,23.9,92,X, ,X,낮음
7/31/2019,화성(571),X,31,28.1,26.9,24,87,X, ,O,낮음
7/31/2019,성남(572),X,31.2,28.3,26.4,24.1,88,X, ,X,높음
7/31/2019,과천(590),X,30.9,27.6,25.9,23.5,92,X, ,X,낮음
7/31/2019,양주(598),X,29.8,26.8,25,23.7,93,X, ,X,낮음
7/31/2019,단양(601),O,34.7,33,28,24.8,92,O,관심,O,낮음
7/31/2019,진천(602),O,33.1,32.2,28.6,25.4,68,O,주의,X,낮음
7/31/2019,괴산(603),O,33.5,32.4,28.6,25.4,72,O,관심,X,낮음
7/31/2019,옥천(604),O,34.6,34.1,28.9,24.6,74,O,주의,X,낮음
7/31/2019,홍북(608),X,31.8,28.5,26.1,25,97,X,관심,X,낮음
7/31/2019,공주(612),O,34.1,33,28.5,26.2,76,O,주의,X,낮음
7/31/2019,서천(614),O,33.5,31.5,28.9,26.2,79,O,주의,X,낮음
7/31/2019,논산(615),O,34.4,33,29.1,26.4,76,O,주의,O,낮음
7/31/2019,당진(616),X,31.2,27.7,26.1,24.8,93,X,관심,O,낮음
7/31/2019,청양(618),X,32.4,29.9,27.1,24.3,85,X,관심,X,낮음
7/31/2019,음성(619),O,33.2,31.5,27.6,24.7,81,O,관심,X,낮음
7/31/2019,증평(623),O,33.7,31.6,28.4,25.7,81,O,관심,X,낮음
7/31/2019,태안(627),X,30.4,26.7,25.6,24.4,97,X, ,X,낮음
7/31/2019,예산(628),O,33,30.3,27.5,26.5,90,X,관심,O,낮음
7/31/2019,아산(634),O,33.7,31.2,27.4,26,87,X,관심,X,낮음
7/31/2019,계룡(636),O,33.6,32.2,28,24.3,76,O,주의,X,낮음
7/31/2019,연천청산(652),X,30.4,27.4,25.2,24.1,98,X, ,X,낮음
7/31/2019,양양(670),O,36.1,33.9,30.5,27,81,O,경고,X,낮음
7/31/2019,무안(699),O,33.6,32.1,28.2,24.7,80,O,주의,X,낮음
7/31/2019,무주(701),O,34.8,33.4,28.8,24.3,80,O,관심,X,낮음
7/31/2019,익산(702),O,36.3,33.8,29.2,25.5,86,O,경고,X,낮음
7/31/2019,진안(703),O,33.4,31,26.9,23.7,87,O,관심,X,낮음
7/31/2019,담양(706),O,36,32.5,28.1,24.8,96,O,주의,X,낮음
7/31/2019,구례(709),O,35,33.1,28.5,25.1,84,O,주의,X,낮음
7/31/2019,나주(710),O,34.7,33.1,28.4,24.8,83,O,경고,X,낮음
7/31/2019,순천시(712),O,35.4,32.9,28.9,25.9,87,O,주의,X,낮음
7/31/2019,광양읍(713),O,35.4,34.2,29.7,25.6,79,O,경고,X,낮음
7/31/2019,장성(730),O,34,32.7,28.5,25.4,79,O,주의,X,낮음
7/31/2019,영암(731),O,34,32.2,28.3,25.1,83,O,주의,X,낮음
7/31/2019,보성(732),O,33.6,31.2,27.2,24.6,89,O,주의,X,낮음
7/31/2019,완주(734),O,34.2,32.5,28.5,24.7,78,O,주의,X,낮음
7/31/2019,김제(737),O,34.1,32.9,28.9,26.3,78,O,주의,X,낮음
7/31/2019,화순(741),O,33.5,33.6,28.4,24.2,72,O,주의,X,낮음
7/31/2019,함평(754),O,34.3,33.3,28.4,24.9,82,O,주의,X,낮음
7/31/2019,곡성(768),O,34.2,33.6,28.1,23.7,75,O,주의,X,낮음
7/31/2019,압해도(789),O,34.5,32,27.9,25.2,86,X,관심,X,낮음
7/31/2019,영양(801),O,33.9,32.8,28.2,24.2,79,O,주의,X,낮음
7/31/2019,성주(810),O,35.1,35.3,29.7,23.9,70,O,경고,X,낮음
7/31/2019,고령(812),O,34.7,34.3,29.4,25.7,77,O,경고,X,낮음
7/31/2019,청도(813),O,35,34.3,29.5,25.7,73,O,경고,X,낮음
7/31/2019,예천(815),O,35,33.4,28.4,24.7,88,O,주의,X,낮음
7/31/2019,김천(822),O,36,35.5,28.7,22.5,78,O,경고,X,낮음
7/31/2019,군위(823),O,36.5,35.9,29.6,23.9,77,O,경고,X,낮음
7/31/2019,칠곡(825),O,35.1,34.3,29.7,25.1,76,O,경고,X,낮음
7/31/2019,경산(827),O,35.3,35.5,30.9,27.4,63,O,경고,O,낮음
7/31/2019,삼척(876),O,34.6,34.2,31.4,27.5,57,O,경고,O,낮음
7/31/2019,속초(90),O,33.4,32.6,30.2,27.9,63.9,O,주의,O,낮음
7/31/2019,삼천포(907),O,33.8,31.7,27.8,25.3,84,O,주의,X,낮음
7/31/2019,고성(918),O,33.1,30.3,28,25.8,86,O,주의,X,낮음
7/31/2019,창녕(919),O,35.5,34.9,30.2,26.6,72,O,경고,X,낮음
7/31/2019,함안(920),O,34.8,34.4,29.5,24.7,70,O,경고,X,낮음
7/31/2019,북춘천(93),X,30.7,28.3,25.6,23.5,94.8,X, ,X,보통
7/31/2019,하동(932),O,34.9,33.4,29.1,25.8,79,O,주의,X,낮음
7/31/2019,철원(95),X,30.3,27.3,25.2,23.8,98.9,X, ,X,낮음
7/31/2019,동두천(98),X,30,26.7,24.4,23.5,98.5,X, ,X,낮음
7/31/2019,파주(99),X,30.5,27.6,25,23.6,97.6,X, ,X,낮음
