일시,지점,폭염여부(O/X),최고체감온도(°C),최고기온(°C),평균기온(°C),최저기온(°C),평균상대습도(%),폭염특보(O/X),폭염영향예보(단계),열대야(O/X),자외선지수(단계)
7/1/2020,북강릉(104),X,24.9,23.7,18.8,16,81.4,X, ,X,보통
7/1/2020,동해(106),X,23.8,22.1,18.3,15.8,80.8,X, ,X,낮음
7/1/2020,서울(108),X,25.9,24.3,21.1,18.1,79.3,X, ,X,높음
7/1/2020,인천(112),X,24.8,23.1,20.6,18.5,84.6,X, ,X,높음
7/1/2020,원주(114),X,24.3,23.1,19.5,17.1,78.3,X, ,X,낮음
7/1/2020,울릉도(115),X,22.8,19.3,16.8,16,93.3,X, ,X,낮음
7/1/2020,수원(119),X,26.4,24.6,20.8,17.5,86.6,X, ,X,낮음
7/1/2020,영월(121),X,24.9,23.2,19,16.3,86.4,X, ,X,낮음
7/1/2020,충주(127),X,24.4,22.4,18.9,16.7,87.9,X, ,X,낮음
7/1/2020,서산(129),X,26.1,24.5,20.7,17.1,86,X, ,X,보통
7/1/2020,울진(130),X,24.8,23.4,19,16.5,83.6,X, ,X,낮음
7/1/2020,청주(131),X,25.9,24.7,21.3,17.7,77.3,X, ,X,높음
7/1/2020,대전(133),X,26.4,24.3,20.9,17.3,84.1,X, ,X,매우높음
7/1/2020,추풍령(135),X,24.9,23.6,19.2,16.2,79.5,X, ,X,낮음
7/1/2020,안동(136),X,24.8,23.1,19.9,17,81.6,X, ,X,매우높음
7/1/2020,상주(137),X,26.7,24.9,20.4,17.5,85.4,X, ,X,낮음
7/1/2020,포항(138),X,26.2,24.9,20.9,19,82.8,X, ,X,낮음
7/1/2020,군산(140),X,26.6,25.1,21.2,17.7,78.4,X, ,X,낮음
7/1/2020,대구(143),X,26.5,26.3,22.2,19.1,69.1,X, ,X,매우높음
7/1/2020,전주(146),X,26.9,25.8,21.1,17.7,75.4,X, ,X,매우높음
7/1/2020,울산(152),X,27,25.6,20.4,17.9,90.3,X, ,X,높음
7/1/2020,창원(155),X,27.6,27,22,18.8,71.3,X, ,X,매우높음
7/1/2020,광주(156),X,28.3,27.9,22.1,17.8,75.6,X, ,X,매우높음
7/1/2020,부산(159),X,26,24.3,20.8,19.1,81.1,X, ,X,매우높음
7/1/2020,통영(162),X,27,26.3,21.7,19.2,78.3,X, ,X,낮음
7/1/2020,목포(165),X,27,25.7,21.8,18.9,77,X, ,X,매우높음
7/1/2020,여수(168),X,26.8,26.3,22.6,19.8,71.4,X, ,X,낮음
7/1/2020,흑산도(169),X,26.2,24,20.7,17.8,85.4,X, ,X,낮음
7/1/2020,완도(170),X,29.2,28.5,23.1,18.9,70.9,X, ,X,낮음
7/1/2020,고창(172),X,27.5,26.7,21.2,18.2,80.3,X, ,X,낮음
7/1/2020,제주(184),X,27.3,26.8,22.6,19.7,73.1,X, ,X,매우높음
7/1/2020,진주(192),X,27.9,27.5,22.3,18.6,77.4,X, ,X,낮음
7/1/2020,양평(202),X,24.8,22.9,20,17.5,84.8,X, ,X,낮음
7/1/2020,이천(203),X,25.4,23,19.8,17,91.5,X, ,X,낮음
7/1/2020,인제(211),X,26.1,25.6,19.1,15.9,83.8,X, ,X,낮음
7/1/2020,홍천(212),X,25.7,24.5,19.5,16.3,83.6,X, ,X,낮음
7/1/2020,태백(216),X,22.4,21.1,15.9,12.6,84.9,X, ,X,낮음
7/1/2020,정선군(217),X,25,23.2,18.2,15.6,90.3,X, ,X,낮음
7/1/2020,제천(221),X,24.4,22.4,18.2,15.1,87.4,X, ,X,낮음
7/1/2020,보은(226),X,26.1,24.6,20.6,17,79.5,X, ,X,낮음
7/1/2020,천안(232),X,26,24.2,19.9,16.7,91.9,X, ,X,낮음
7/1/2020,보령(235),X,25.4,23.3,20.6,17.4,86.3,X, ,X,낮음
7/1/2020,부여(236),X,26.7,26.1,21,17.1,81,X, ,X,낮음
7/1/2020,금산(238),X,26.1,24.8,20.3,16.9,81.5,X, ,X,낮음
7/1/2020,세종(239),X,26.3,25.4,20.8,17.1,78.4,X, ,X,매우높음
7/1/2020,부안(243),X,26.8,25.5,21.3,18.3,79.5,X, ,X,낮음
7/1/2020,임실(244),X,25.9,24.9,20.1,16.5,79.9,X, ,X,낮음
7/1/2020,정읍(245),X,26.7,26,20.9,17.4,75.3,X, ,X,낮음
7/1/2020,남원(247),X,27.2,26.6,21.2,17.4,77.1,X, ,X,낮음
7/1/2020,장수(248),X,24.8,23.2,18.8,15.6,86.8,X, ,X,낮음
7/1/2020,영광군(252),X,26.9,26.6,21.4,17.4,75.5,X, ,X,낮음
7/1/2020,김해시(253),X,27.7,26.2,21.6,19.5,80.1,X, ,X,낮음
7/1/2020,순창군(254),X,27.2,26.7,20.9,17.1,78,X, ,X,낮음
7/1/2020,양산시(257),X,28.2,27.6,22.7,20,76,X, ,X,낮음
7/1/2020,강진군(259),X,28.9,28.4,22.6,19,69.5,X, ,X,낮음
7/1/2020,장흥(260),X,28.2,27.9,22.4,18.6,71.4,X, ,X,낮음
7/1/2020,해남(261),X,28.5,27.7,21.9,18.1,76.4,X, ,X,낮음
7/1/2020,고흥(262),X,28.7,28.2,22.2,18.2,72.8,X, ,X,낮음
7/1/2020,의령군(263),X,29.1,28.8,23.2,19.4,71.5,X, ,X,낮음
7/1/2020,함양군(264),X,26.3,25.3,21.3,16.6,69.5,X, ,X,낮음
7/1/2020,진도군ASOS(268),X,,,,,79.3,X, ,X,낮음
7/1/2020,봉화(271),X,24.4,22.9,17.7,14.7,90,X, ,X,낮음
7/1/2020,영주(272),X,23.7,21.8,18.8,15.3,82.8,X, ,X,낮음
7/1/2020,문경(273),X,26.2,25,19.5,16.5,84,X, ,X,낮음
7/1/2020,청송군(276),X,26.5,24.7,19.3,15.6,90,X, ,X,낮음
7/1/2020,영덕(277),X,25,23.2,19,16.2,84.8,X, ,X,낮음
7/1/2020,의성(278),X,25.9,24.5,20.3,17.1,83.6,X, ,X,낮음
7/1/2020,구미(279),X,27.6,26,21.3,18.2,87.9,X, ,X,낮음
7/1/2020,영천(281),X,26.7,25.8,21,17.6,80,X, ,X,낮음
7/1/2020,경주시(283),X,27.8,27.1,21.5,18.1,81,X, ,X,낮음
7/1/2020,거창(284),X,26.8,26.1,21,16.3,75.8,X, ,X,낮음
7/1/2020,합천(285),X,28.1,27.4,22,18.8,79.5,X, ,X,낮음
7/1/2020,밀양(288),X,27.3,27,22.9,19.7,68.9,X, ,X,낮음
7/1/2020,산청(289),X,27.7,27,22.1,17.6,71.5,X, ,X,낮음
7/1/2020,거제(294),X,27.6,27,21.6,18.4,73.9,X, ,X,낮음
7/1/2020,남해(295),X,28,27.2,22.5,19,72,X, ,X,낮음
7/1/2020,부천(433),X,,24.3,20.5,17.5,,X, ,X,낮음
7/1/2020,안양(434),X,,23.8,21.2,18.7,,X, ,X,낮음
7/1/2020,광명(437),X,,24.6,21.5,18.9,,X, ,X,낮음
7/1/2020,군포(438),X,,24.5,20.9,18.3,,X, ,X,낮음
7/1/2020,김포(441),X,,24.8,20.6,17.7,,X, ,X,낮음
7/1/2020,하남(444),X,,23.4,19.6,16.4,,X, ,X,낮음
7/1/2020,의왕(445),X,,22.6,19,15.6,,X, ,X,낮음
7/1/2020,포천(504),X,26.1,24.8,19.6,16.1,81,X, ,X,낮음
7/1/2020,가평조종(505),X,26,24.5,18.9,15.8,89,X, ,X,낮음
7/1/2020,안성(516),X,26.3,24.3,20.1,16.8,89,X, ,X,낮음
7/1/2020,간성(517),X,26.6,25,19.3,16.2,89,X, ,X,낮음
7/1/2020,평창(526),X,24.8,23.5,18.5,15.9,82,X, ,X,낮음
7/1/2020,의정부(532),X,26.9,24.3,19.9,16.5,92,X, ,X,낮음
7/1/2020,횡성(536),X,25.8,23.7,18.5,16.3,92,X, ,X,낮음
7/1/2020,고양(540),X,26.5,25,20.2,16.5,86,X, ,X,낮음
7/1/2020,남양주(541),X,26.4,25.6,20.5,17.4,78,X, ,X,낮음
7/1/2020,안산(545),X,25.7,24.1,20.1,16.6,89,X, ,X,낮음
7/1/2020,경기광주(546),X,25.9,24.1,19.5,16.4,87,X, ,X,낮음
7/1/2020,여주(548),X,24.1,21.5,18.7,16.3,91,X, ,X,낮음
7/1/2020,용인(549),X,24.4,22.5,19.5,16.4,86,X, ,X,낮음
7/1/2020,오산(550),X,24.9,23.5,20.2,17,80,X, ,X,낮음
7/1/2020,평택(551),X,26,23.8,20.4,17.2,88,X, ,X,낮음
7/1/2020,화천(555),X,27.5,26.1,19.6,16,88,X, ,X,낮음
7/1/2020,양구(556),X,26.8,26,19.4,16.3,82,X, ,X,낮음
7/1/2020,시흥(565),X,26.4,25.1,21.2,17.4,81,X, ,X,낮음
7/1/2020,구리(569),X,26.7,25.8,21.1,17.4,72,X, ,X,낮음
7/1/2020,화성(571),X,25.1,23.6,20.8,17.6,82,X, ,X,낮음
7/1/2020,성남(572),X,25.1,23.7,20.4,16.9,79,X, ,X,보통
7/1/2020,과천(590),X,25.7,23.8,20.5,17.1,83,X, ,X,낮음
7/1/2020,양주(598),X,26.5,25,19.7,16.3,84,X, ,X,낮음
7/1/2020,단양(601),X,25.2,21.8,18.8,16.7,98,X, ,X,낮음
7/1/2020,진천(602),X,25.6,23.8,19.6,16.4,87,X, ,X,낮음
7/1/2020,괴산(603),X,24.8,23.4,19.4,16.5,86,X, ,X,낮음
7/1/2020,옥천(604),X,26.9,25.8,20.4,17.2,80,X, ,X,낮음
7/1/2020,홍북(608),X,27.5,25.6,20.2,15.9,91,X, ,X,낮음
7/1/2020,공주(612),X,27.5,26.6,21,16.6,83,X, ,X,낮음
7/1/2020,서천(614),X,26.8,25.2,21.8,18.8,76,X, ,X,낮음
7/1/2020,논산(615),X,27.2,26.1,21.4,17.9,80,X, ,X,낮음
7/1/2020,당진(616),X,25.4,23.9,20.2,17.1,86,X, ,X,낮음
7/1/2020,청양(618),X,26.3,24.9,20,16,86,X, ,X,낮음
7/1/2020,음성(619),X,24.8,22.9,19.1,16.4,90,X, ,X,낮음
7/1/2020,증평(623),X,25.4,23,19.5,16.6,91,X, ,X,낮음
7/1/2020,태안(627),X,26.5,24.1,20,17.1,93,X, ,X,낮음
7/1/2020,예산(628),X,26.5,24.4,21,17.1,85,X, ,X,낮음
7/1/2020,아산(634),X,26.9,25.7,21,16.9,83,X, ,X,낮음
7/1/2020,계룡(636),X,25.4,24.4,20,16.4,78,X, ,X,낮음
7/1/2020,연천청산(652),X,26.4,25.1,19.7,16.4,89,X, ,X,낮음
7/1/2020,양양(670),X,27.2,24.7,19.8,16.5,93,X, ,X,낮음
7/1/2020,무안(699),X,27.7,26.3,21.5,18.1,81,X, ,X,낮음
7/1/2020,무주(701),X,27.3,26,20,16.5,89,X, ,X,낮음
7/1/2020,익산(702),X,27.5,26.2,21.3,17.3,80,X, ,X,낮음
7/1/2020,진안(703),X,25.4,24.4,19,15.6,83,X, ,X,낮음
7/1/2020,담양(706),X,29.7,28.7,22.3,18.3,81,X, ,X,낮음
7/1/2020,구례(709),X,28.6,27.7,21.9,18.2,76,X,관심,X,낮음
7/1/2020,나주(710),X,28.7,27.7,21.9,17.7,79,X, ,X,낮음
7/1/2020,순천시(712),X,29.2,29.1,23.6,20,69,X, ,X,낮음
7/1/2020,광양읍(713),X,28.4,29.9,23.5,19.2,54,X,관심,X,낮음
7/1/2020,장성(730),X,28.2,27.5,21.5,17.7,78,X, ,X,낮음
7/1/2020,영암(731),X,28.5,27.5,21.9,18.2,81,X, ,X,낮음
7/1/2020,보성(732),X,28.2,27.4,21.6,17.5,74,X, ,X,낮음
7/1/2020,완주(734),X,27.4,26.2,20.4,16.7,84,X, ,X,낮음
7/1/2020,김제(737),X,26.9,25.6,21.4,17.9,76,X, ,X,낮음
7/1/2020,화순(741),X,27.8,27.8,21.8,18,69,X, ,X,낮음
7/1/2020,함평(754),X,28.4,27.1,21.7,17.4,81,X, ,X,낮음
7/1/2020,곡성(768),X,27.8,27.6,21.4,17.7,71,X, ,X,낮음
7/1/2020,압해도(789),X,28.4,26.4,22,19.1,83,X, ,X,낮음
7/1/2020,영양(801),X,25.5,23.9,19,15.9,88,X, ,X,낮음
7/1/2020,성주(810),X,26.7,26.5,21.7,18.4,71,X, ,X,낮음
7/1/2020,고령(812),X,27.1,26.4,21.5,18.1,83,X, ,X,낮음
7/1/2020,청도(813),X,26.9,25.9,21.7,18.4,78,X, ,X,낮음
7/1/2020,예천(815),X,24.9,,20,,79,X, ,X,낮음
7/1/2020,김천(822),X,28.2,27.1,21.6,17.9,81,X,관심,X,낮음
7/1/2020,군위(823),X,26.3,24.9,20.7,17.3,84,X, ,X,낮음
7/1/2020,칠곡(825),X,26.7,25.6,21.9,18.5,79,X, ,X,낮음
7/1/2020,경산(827),X,27.3,26.9,22.3,18.9,70,X, ,X,낮음
7/1/2020,삼척(876),X,25.3,24.1,19.2,16.6,77,X, ,X,낮음
7/1/2020,속초(90),X,26.3,25,19.5,16.1,81,X, ,X,낮음
7/1/2020,삼천포(907),X,28.5,27.5,22.1,19.2,77,X, ,X,낮음
7/1/2020,고성(918),X,27.5,26.4,21.4,18.1,82,X, ,X,낮음
7/1/2020,창녕(919),X,28.5,27.7,22.9,19.5,74,X, ,X,낮음
7/1/2020,함안(920),X,29.1,27.7,22.4,19.6,78,X, ,X,낮음
7/1/2020,북춘천(93),X,26.4,25,19.8,16.4,87.4,X, ,X,높음
7/1/2020,하동(932),X,28.6,27.9,22.3,18.7,77,X, ,X,낮음
7/1/2020,철원(95),X,27.5,25.3,19.6,16.2,94,X, ,X,낮음
7/1/2020,동두천(98),X,26.6,24.3,19.7,16.2,89.8,X, ,X,낮음
7/1/2020,파주(99),X,27.5,25.3,20,16.2,90.8,X, ,X,낮음
7/2/2020,북강릉(104),X,28.5,28.6,22.7,16.3,65.8,X, ,X,위험
7/2/2020,동해(106),X,27,26.9,21.1,15.9,72,X, ,X,낮음
7/2/2020,서울(108),X,30.2,29.8,24.2,20.4,74.5,X, ,X,매우높음
7/2/2020,인천(112),X,28.1,26.8,22.9,20.3,78.3,X, ,X,매우높음
7/2/2020,원주(114),X,28.9,29.9,24.2,17.9,60,X,관심,X,낮음
7/2/2020,울릉도(115),X,25.4,23.4,20.1,16.9,73.4,X, ,X,낮음
7/2/2020,수원(119),X,30.2,29.5,23.8,19,80,X, ,X,낮음
7/2/2020,영월(121),X,29.4,29.9,22.8,17.1,71.9,X, ,X,낮음
7/2/2020,충주(127),X,29,29.5,23.6,16.7,70.6,X, ,X,낮음
7/2/2020,서산(129),X,29.8,28.8,22.9,19.1,79.5,X, ,X,매우높음
7/2/2020,울진(130),X,26.1,25.2,20,15.4,77.5,X, ,X,낮음
7/2/2020,청주(131),X,30,30.1,24.6,19.1,65.9,X, ,X,매우높음
7/2/2020,대전(133),X,29.9,28.8,23.5,17.7,76.8,X, ,X,매우높음
7/2/2020,추풍령(135),X,27.4,27.2,21.2,15.3,74.9,X, ,X,낮음
7/2/2020,안동(136),X,29.3,29.7,22.3,16.3,70.5,X, ,X,매우높음
7/2/2020,상주(137),X,29.5,28.5,22.5,16.7,81,X, ,X,낮음
7/2/2020,포항(138),X,28,26.9,22.9,18.6,70.1,X, ,X,낮음
7/2/2020,군산(140),X,29,27.9,22.5,17.9,79.1,X, ,X,낮음
7/2/2020,대구(143),X,28.3,28.8,23.6,18.3,64.1,X, ,X,매우높음
7/2/2020,전주(146),X,30.5,30,23,17.9,78.4,X, ,X,매우높음
7/2/2020,울산(152),X,27.4,25.9,21.7,17.6,74.5,X, ,X,매우높음
7/2/2020,창원(155),X,28,26.6,21.8,18.3,72.3,X, ,X,높음
7/2/2020,광주(156),X,29.4,28.1,23.1,18.6,80.4,X,관심,X,매우높음
7/2/2020,부산(159),X,27.3,25.8,21.7,19,72.5,X, ,X,매우높음
7/2/2020,통영(162),X,27.5,26.6,22,18.3,78.6,X, ,X,낮음
7/2/2020,목포(165),X,28.7,27.4,23,19.3,77.1,X, ,X,매우높음
7/2/2020,여수(168),X,26.5,24.7,22.3,20.1,78,X, ,X,낮음
7/2/2020,흑산도(169),X,25.4,23.3,19.9,18.2,87.9,X, ,X,낮음
7/2/2020,완도(170),X,28.1,26.5,22.1,17.7,78.8,X, ,X,낮음
7/2/2020,고창(172),X,28.8,27.9,22.4,16.8,81.4,X, ,X,낮음
7/2/2020,제주(184),X,26.3,25.2,23,20.2,66.4,X, ,X,매우높음
7/2/2020,진주(192),X,28.7,27.1,21.6,16.5,81.4,X, ,X,낮음
7/2/2020,양평(202),X,28.7,28.9,22.9,17.4,75.4,X,관심,X,낮음
7/2/2020,이천(203),X,29.7,29.4,23.3,17.1,78.1,X, ,X,낮음
7/2/2020,인제(211),X,29.7,30.2,21.8,16.2,79.3,X, ,X,낮음
7/2/2020,홍천(212),X,29.9,29.9,23.2,17.2,72.3,X,관심,X,낮음
7/2/2020,태백(216),X,25.6,25.8,18.2,10.9,77.3,X, ,X,낮음
7/2/2020,정선군(217),X,29.2,29.4,21.6,15.7,75.8,X, ,X,낮음
7/2/2020,제천(221),X,29,29.1,22.2,15.2,74.3,X, ,X,낮음
7/2/2020,보은(226),X,28.6,29.1,22.5,17.3,75.9,X, ,X,낮음
7/2/2020,천안(232),X,28.9,28.1,22.4,16.9,82.4,X,관심,X,낮음
7/2/2020,보령(235),X,28.7,27.5,22.4,18.2,81.1,X, ,X,낮음
7/2/2020,부여(236),X,29.5,28.7,22.8,17,80.5,X, ,X,낮음
7/2/2020,금산(238),X,28.9,28.7,21.9,15.6,79.9,X, ,X,낮음
7/2/2020,세종(239),X,28.7,28.2,23.2,17.6,74,X, ,X,높음
7/2/2020,부안(243),X,29.7,28.9,22.8,17.7,80.8,X, ,X,낮음
7/2/2020,임실(244),X,28,26.7,21.4,15.8,83.9,X, ,X,낮음
7/2/2020,정읍(245),X,28.7,28.1,22.4,16.4,76.6,X, ,X,낮음
7/2/2020,남원(247),X,28.3,26.8,22.1,16.6,79.6,X, ,X,낮음
7/2/2020,장수(248),X,27.6,26.2,20.1,14.5,89.4,X, ,X,낮음
7/2/2020,영광군(252),X,28.8,27.8,22.3,17,79.8,X, ,X,낮음
7/2/2020,김해시(253),X,28.9,27.1,22.5,18.7,76.3,X, ,X,낮음
7/2/2020,순창군(254),X,28.3,27.2,22.6,16.7,78.5,X, ,X,낮음
7/2/2020,양산시(257),X,29.7,28.8,23.1,18.3,71.6,X, ,X,낮음
7/2/2020,강진군(259),X,29.1,28.1,22.3,17.3,77.8,X, ,X,낮음
7/2/2020,장흥(260),X,28.1,26.6,21.6,16.7,81.4,X, ,X,낮음
7/2/2020,해남(261),X,28.8,27.4,21.6,16.3,81.3,X, ,X,낮음
7/2/2020,고흥(262),X,27.4,26,21.4,16.5,82.4,X, ,X,낮음
7/2/2020,의령군(263),X,28.7,27.7,22.3,17.5,77.3,X, ,X,낮음
7/2/2020,함양군(264),X,28.1,27.3,21.3,15,77.8,X, ,X,낮음
7/2/2020,진도군ASOS(268),X,,,,,82.3,X, ,X,낮음
7/2/2020,봉화(271),X,27,26.7,19.6,13.5,81.6,X, ,X,낮음
7/2/2020,영주(272),X,27.9,27.9,21.5,13.5,73.4,X, ,X,낮음
7/2/2020,문경(273),X,28.1,27.8,21.7,15.6,79.6,X, ,X,낮음
7/2/2020,청송군(276),X,29,28.5,20.2,14.8,84.4,X, ,X,낮음
7/2/2020,영덕(277),X,28.8,28.2,20.9,15.7,74.1,X, ,X,낮음
7/2/2020,의성(278),X,29.3,28.9,21.5,15.3,79.3,X, ,X,낮음
7/2/2020,구미(279),X,30.1,29.2,23.4,17.4,79.4,X, ,X,낮음
7/2/2020,영천(281),X,28.1,27.8,21.9,16,75.1,X, ,X,낮음
7/2/2020,경주시(283),X,29.2,28.8,22.4,17.4,76.1,X, ,X,낮음
7/2/2020,거창(284),X,28.2,27.1,21,15.1,81.1,X, ,X,낮음
7/2/2020,합천(285),X,28.2,27.3,22,16.7,79.9,X, ,X,낮음
7/2/2020,밀양(288),X,28.4,28.1,22.9,18.5,71.8,X, ,X,낮음
7/2/2020,산청(289),X,27.9,26.2,21.7,15.8,78.5,X, ,X,낮음
7/2/2020,거제(294),X,27.3,26.1,21.7,17.4,76.5,X, ,X,낮음
7/2/2020,남해(295),X,27.9,26.5,21.9,18.3,79.8,X, ,X,낮음
7/2/2020,부천(433),X,,28.3,23,19.5,,X, ,X,낮음
7/2/2020,안양(434),X,,29,23.8,20,,X, ,X,낮음
7/2/2020,광명(437),X,,29.8,24.4,20.4,,X, ,X,낮음
7/2/2020,군포(438),X,,29.6,23.7,19,,X, ,X,낮음
7/2/2020,김포(441),X,,28.7,23.2,19.7,,X, ,X,낮음
7/2/2020,하남(444),X,,30.3,23.3,17.5,,X, ,X,낮음
7/2/2020,의왕(445),X,,27.2,21.9,16.6,,X, ,X,낮음
7/2/2020,포천(504),X,29.5,29.6,23.4,16.8,68,X,관심,X,낮음
7/2/2020,가평조종(505),X,29.4,29.2,22.3,16.1,76,X,관심,X,낮음
7/2/2020,안성(516),X,30.4,29.3,23.5,17.7,77,X, ,X,낮음
7/2/2020,간성(517),X,28,25.6,21.6,16.1,87,X, ,X,낮음
7/2/2020,평창(526),X,29.3,30.6,22.6,16.7,65,X, ,X,낮음
7/2/2020,의정부(532),X,30.8,29.5,23.5,17.9,86,X, ,X,낮음
7/2/2020,횡성(536),X,29.9,29.7,23.1,16,76,X, ,X,낮음
7/2/2020,고양(540),X,31.4,31.1,24,18.1,77,X, ,X,낮음
7/2/2020,남양주(541),X,29.4,29.8,24.1,18.2,70,X, ,X,낮음
7/2/2020,안산(545),X,29.9,29,22.4,16.3,81,X, ,X,낮음
7/2/2020,경기광주(546),X,29.1,29.1,22.6,17.7,77,X,관심,X,낮음
7/2/2020,여주(548),X,29.2,29.1,22.9,16.6,75,X, ,X,낮음
7/2/2020,용인(549),X,29.1,28.8,22.7,17,75,X, ,X,낮음
7/2/2020,오산(550),X,29.1,28.9,23.3,18,71,X, ,X,낮음
7/2/2020,평택(551),X,30.6,29.5,23.6,18,78,X, ,X,낮음
7/2/2020,화천(555),X,30.4,30.9,23.1,16.9,77,X, ,X,낮음
7/2/2020,양구(556),X,30.2,30.6,22.9,17,74,X, ,X,낮음
7/2/2020,시흥(565),X,29.7,29.2,23.5,18.6,77,X, ,X,낮음
7/2/2020,구리(569),X,30.4,30.6,24.6,19.2,66,X, ,X,낮음
7/2/2020,화성(571),X,30,29.5,23.4,18.8,75,X, ,X,낮음
7/2/2020,성남(572),X,28.9,29,23.9,18.2,69,X, ,X,매우높음
7/2/2020,과천(590),X,30.4,29.8,23.4,17.2,78,X, ,X,낮음
7/2/2020,양주(598),X,29.8,29.1,23.4,16.6,77,X, ,X,낮음
7/2/2020,단양(601),X,30.5,30.8,23.3,16.7,80,X, ,X,낮음
7/2/2020,진천(602),X,29.5,29.2,22.9,17,77,X, ,X,낮음
7/2/2020,괴산(603),X,29.7,30,23.2,17.8,71,X, ,X,낮음
7/2/2020,옥천(604),X,29.4,29.1,22.3,16.6,79,X, ,X,낮음
7/2/2020,홍북(608),X,29.9,28.2,21.8,17.8,88,X, ,X,낮음
7/2/2020,공주(612),X,30.1,29.5,23.3,16.7,80,X,관심,X,낮음
7/2/2020,서천(614),X,29.6,28.8,23.1,18.5,78,X, ,X,낮음
7/2/2020,논산(615),X,30.4,29.7,23.4,17.1,78,X,관심,X,낮음
7/2/2020,당진(616),X,29.1,28.2,22.1,17.4,83,X, ,X,낮음
7/2/2020,청양(618),X,29.6,28.9,21.9,16.3,84,X, ,X,낮음
7/2/2020,음성(619),X,29.2,29,22.7,17.8,77,X, ,X,낮음
7/2/2020,증평(623),X,29.2,28.2,22.9,17.3,80,X, ,X,낮음
7/2/2020,태안(627),X,28.5,26.5,22.2,19.5,88,X, ,X,낮음
7/2/2020,예산(628),X,29.9,29.2,22.9,17.8,83,X, ,X,낮음
7/2/2020,아산(634),X,29.6,29.3,23.3,17.9,74,X,관심,X,낮음
7/2/2020,계룡(636),X,29.2,29,21.8,14.7,78,X, ,X,낮음
7/2/2020,연천청산(652),X,29.4,28.2,22.7,16.9,82,X, ,X,낮음
7/2/2020,양양(670),X,28.4,25.8,22.1,18.2,91,X, ,X,낮음
7/2/2020,무안(699),X,29,27.8,22.3,17.4,81,X, ,X,낮음
7/2/2020,무주(701),X,30,28.7,21.6,15.3,86,X, ,X,낮음
7/2/2020,익산(702),X,30.2,29.6,23.3,17.4,80,X, ,X,낮음
7/2/2020,진안(703),X,28.1,27.2,20.4,14.6,85,X, ,X,낮음
7/2/2020,담양(706),X,30.6,28.4,23.2,17.3,87,X,관심,X,낮음
7/2/2020,구례(709),X,28.4,27,22,16.7,83,X, ,X,낮음
7/2/2020,나주(710),X,29.1,27.4,22.2,16.9,84,X, ,X,낮음
7/2/2020,순천시(712),X,28.8,27.5,23.3,18.8,77,X, ,X,낮음
7/2/2020,광양읍(713),X,28,28,23.2,17.7,63,X, ,X,낮음
7/2/2020,장성(730),X,28.8,27.6,22.4,16.7,81,X, ,X,낮음
7/2/2020,영암(731),X,29.7,28.6,22.5,17,83,X, ,X,낮음
7/2/2020,보성(732),X,27.9,26.2,21.1,15.7,82,X, ,X,낮음
7/2/2020,완주(734),X,30,29.1,22.5,17.2,82,X, ,X,낮음
7/2/2020,김제(737),X,30.4,29.9,23.4,17.9,76,X, ,X,낮음
7/2/2020,화순(741),X,28.7,28,22.1,16.5,74,X, ,X,낮음
7/2/2020,함평(754),X,29.7,28.4,22.3,17.3,84,X, ,X,낮음
7/2/2020,곡성(768),X,28.2,27.4,22.3,16.2,76,X, ,X,낮음
7/2/2020,압해도(789),X,29.2,28,22.5,18.5,84,X, ,X,낮음
7/2/2020,영양(801),X,28.2,28.1,21,16,79,X, ,X,낮음
7/2/2020,성주(810),X,29.7,30.2,23.1,16.5,70,X, ,X,낮음
7/2/2020,고령(812),X,28.4,27.7,22.4,17.1,81,X, ,X,낮음
7/2/2020,청도(813),X,29,28.3,22.4,17.4,76,X, ,X,낮음
7/2/2020,예천(815),X,29,29.1,21.5,15.2,76,X, ,X,낮음
7/2/2020,김천(822),X,30.8,30.2,22.8,16,81,X, ,X,낮음
7/2/2020,군위(823),X,29.1,29.4,22.2,16.6,80,X, ,X,낮음
7/2/2020,칠곡(825),X,29.6,29.7,23.3,17.9,78,X, ,X,낮음
7/2/2020,경산(827),X,29.1,29.3,23.2,18,67,X, ,X,낮음
7/2/2020,삼척(876),X,27.8,27.8,22.6,17.8,64,X, ,X,낮음
7/2/2020,속초(90),X,27.7,25.7,22,18,76.9,X, ,X,낮음
7/2/2020,삼천포(907),X,27.8,25.9,21.7,18.1,82,X, ,X,낮음
7/2/2020,고성(918),X,27.5,26.3,22,16.9,79,X, ,X,낮음
7/2/2020,창녕(919),X,28.7,27.9,23.2,18.6,77,X, ,X,낮음
7/2/2020,함안(920),X,28.1,26.5,21.8,17.6,83,X, ,X,낮음
7/2/2020,북춘천(93),X,30.3,30.2,23.4,16.5,76.8,X, ,X,매우높음
7/2/2020,하동(932),X,28.4,27.1,22.5,17.4,81,X, ,X,낮음
7/2/2020,철원(95),X,29.9,29.4,22.8,16.2,83.5,X,관심,X,낮음
7/2/2020,동두천(98),X,30.1,28.6,23.2,17.7,82.5,X, ,X,낮음
7/2/2020,파주(99),X,29.1,27.6,22.6,18.6,85.1,X, ,X,낮음
7/3/2020,북강릉(104),X,26.1,24.7,20.2,17.9,83.1,X, ,X,매우높음
7/3/2020,동해(106),X,23.8,21.5,19.3,17.4,88.4,X, ,X,낮음
7/3/2020,서울(108),X,30.3,30.6,25.5,21.6,63.5,X, ,X,매우높음
7/3/2020,인천(112),X,29.1,29.2,24.4,20.9,69.9,X, ,X,매우높음
7/3/2020,원주(114),X,27.7,28.9,24.2,20.6,53.8,X,관심,X,낮음
7/3/2020,울릉도(115),X,24.1,21.9,19.2,17.8,90.4,X, ,X,낮음
7/3/2020,수원(119),X,29.6,29,23.8,19.6,73.5,X, ,X,낮음
7/3/2020,영월(121),X,27.1,27,20.7,16.9,76.1,X, ,X,낮음
7/3/2020,충주(127),X,26.5,26.1,21.5,17.7,74.5,X, ,X,낮음
7/3/2020,서산(129),X,27.4,27.4,22.4,18.8,76.6,X, ,X,매우높음
7/3/2020,울진(130),X,23.7,20.9,19.3,16.7,89.3,X, ,X,낮음
7/3/2020,청주(131),X,25.9,25.8,23,19.7,66.9,X, ,X,매우높음
7/3/2020,대전(133),X,26.1,24.6,22,19.1,80.9,X, ,X,보통
7/3/2020,추풍령(135),X,22.9,20.9,19.3,16.6,79.1,X, ,X,낮음
7/3/2020,안동(136),X,23.8,22.3,19.8,17.7,75.6,X, ,X,매우높음
7/3/2020,상주(137),X,25.1,22.9,20.3,17.6,86.5,X, ,X,낮음
7/3/2020,포항(138),X,24.5,21.5,20.5,19.7,89.3,X, ,X,낮음
7/3/2020,군산(140),X,27,25.1,21.6,19.5,85.1,X, ,X,낮음
7/3/2020,대구(143),X,24.2,22.6,20.7,18,73.9,X, ,X,매우높음
7/3/2020,전주(146),X,25.6,24.5,21.2,18.5,83,X, ,X,매우높음
7/3/2020,울산(152),X,24.3,21.4,20,18.4,89.6,X, ,X,매우높음
7/3/2020,창원(155),X,24.6,22.8,20.7,18.4,74.8,X, ,X,매우높음
7/3/2020,광주(156),X,25.4,22.7,20.3,18.1,88.9,X, ,X,매우높음
7/3/2020,부산(159),X,24.6,22.1,20.6,18.7,81.6,X, ,X,매우높음
7/3/2020,통영(162),X,24.6,21.9,20.7,18.9,82,X, ,X,낮음
7/3/2020,목포(165),X,25.4,22.4,20.3,18.5,85.1,X, ,X,보통
7/3/2020,여수(168),X,24.2,22.1,20.7,19.1,81.5,X, ,X,낮음
7/3/2020,흑산도(169),X,22.8,19.6,18.5,17.1,94.8,X, ,X,낮음
7/3/2020,완도(170),X,23.9,21.1,20.1,19,91,X, ,X,낮음
7/3/2020,고창(172),X,25,23.3,20.3,18.5,88.3,X, ,X,낮음
7/3/2020,제주(184),X,25.7,23.8,21.4,19.7,93.8,X, ,X,보통
7/3/2020,진주(192),X,24.2,21.3,19.5,18.1,91.4,X, ,X,낮음
7/3/2020,양평(202),X,29.2,28.5,23.6,19.2,69.9,X,관심,X,낮음
7/3/2020,이천(203),X,28.4,28.2,22.8,18.9,75.8,X, ,X,낮음
7/3/2020,인제(211),X,29,29.6,23,17.7,66.3,X, ,X,낮음
7/3/2020,홍천(212),X,30.2,31.3,24.8,20,60.9,X,관심,X,낮음
7/3/2020,태백(216),X,22.5,21.5,17.2,13.4,76.8,X, ,X,낮음
7/3/2020,정선군(217),X,27,26.6,20.9,16.1,69.4,X, ,X,낮음
7/3/2020,제천(221),X,25.7,25.1,20.6,17.2,77.6,X, ,X,낮음
7/3/2020,보은(226),X,24.6,23.2,20.5,18,79.4,X, ,X,낮음
7/3/2020,천안(232),X,25.8,25.3,21.5,18.5,79.9,X,관심,X,낮음
7/3/2020,보령(235),X,26.9,26.1,22.2,19.3,80.1,X, ,X,낮음
7/3/2020,부여(236),X,26.3,24.8,21.9,19.4,84,X, ,X,낮음
7/3/2020,금산(238),X,25.3,24.5,20.7,18,81.9,X, ,X,낮음
7/3/2020,세종(239),X,25,24.3,21.9,19.3,73.3,X, ,X,매우높음
7/3/2020,부안(243),X,26.5,24.6,21.2,18.9,89.8,X, ,X,낮음
7/3/2020,임실(244),X,24.3,21.6,19.2,17,88.5,X, ,X,낮음
7/3/2020,정읍(245),X,24.6,23.1,20.4,17.9,80.8,X, ,X,낮음
7/3/2020,남원(247),X,24.5,21.7,20.2,17.7,83.5,X, ,X,낮음
7/3/2020,장수(248),X,23.3,21.2,18.2,16.4,90.5,X, ,X,낮음
7/3/2020,영광군(252),X,25.3,23.1,20.3,18.3,88.1,X, ,X,낮음
7/3/2020,김해시(253),X,25.4,23.1,20.8,18,79.9,X, ,X,낮음
7/3/2020,순창군(254),X,24.5,21.9,19.9,17.5,88.5,X, ,X,낮음
7/3/2020,양산시(257),X,25.2,23,21.1,18.8,81.4,X, ,X,낮음
7/3/2020,강진군(259),X,24.4,21.9,20.3,19,85.5,X, ,X,낮음
7/3/2020,장흥(260),X,23.6,21.3,19.8,18.2,88.4,X, ,X,낮음
7/3/2020,해남(261),X,23.7,21.1,19.7,17.6,88.4,X, ,X,낮음
7/3/2020,고흥(262),X,23.7,21.8,19.5,18.6,89.4,X, ,X,낮음
7/3/2020,의령군(263),X,25.3,22.8,20.2,18.4,87.1,X, ,X,낮음
7/3/2020,함양군(264),X,23.9,21.3,19.3,17.6,88.1,X, ,X,낮음
7/3/2020,진도군ASOS(268),X,24.1,21.4,,19,85.8,X, ,X,낮음
7/3/2020,봉화(271),X,23.2,21.7,18.1,13.9,80.6,X, ,X,낮음
7/3/2020,영주(272),X,24.6,23.4,19.7,16.3,81.3,X, ,X,낮음
7/3/2020,문경(273),X,24.9,23,19.6,17,84.4,X, ,X,낮음
7/3/2020,청송군(276),X,24.5,22.1,18.4,14.6,91.6,X, ,X,낮음
7/3/2020,영덕(277),X,24.5,21.7,18.9,15.9,90,X, ,X,낮음
7/3/2020,의성(278),X,25.3,24,20,16.5,82,X, ,X,낮음
7/3/2020,구미(279),X,25.8,23.7,20.8,18,88.1,X, ,X,낮음
7/3/2020,영천(281),X,24.2,21.9,19.6,17.5,84.5,X, ,X,낮음
7/3/2020,경주시(283),X,25.2,23.3,20.3,17.5,85.6,X, ,X,낮음
7/3/2020,거창(284),X,23.6,21.4,19.1,17.3,90.9,X, ,X,낮음
7/3/2020,합천(285),X,24.5,21.9,19.7,17.7,90.4,X, ,X,낮음
7/3/2020,밀양(288),X,24.7,22.8,20.5,18.5,79.5,X, ,X,낮음
7/3/2020,산청(289),X,23.5,21.1,18.9,17.4,90.6,X, ,X,낮음
7/3/2020,거제(294),X,24,21.4,20.4,18.6,85,X, ,X,낮음
7/3/2020,남해(295),X,24.3,21.7,20,18.7,88.4,X, ,X,낮음
7/3/2020,부천(433),X,,30.2,24.5,19.7,,X, ,X,낮음
7/3/2020,안양(434),X,,29.3,25,20.7,,X, ,X,낮음
7/3/2020,광명(437),X,,31.2,25.8,21.2,,X, ,X,낮음
7/3/2020,군포(438),X,,30,24.4,20.2,,X, ,X,낮음
7/3/2020,김포(441),X,,31.3,24.5,19.6,,X, ,X,낮음
7/3/2020,하남(444),X,,30.5,24.2,19.3,,X, ,X,낮음
7/3/2020,의왕(445),X,,28.1,22.3,17.3,,X, ,X,낮음
7/3/2020,포천(504),X,29.9,30.6,23.2,18.8,74,X,관심,X,낮음
7/3/2020,가평조종(505),X,29.9,29.6,21.7,17.4,85,X,관심,X,낮음
7/3/2020,안성(516),X,28,27.6,22.8,19.1,74,X,관심,X,낮음
7/3/2020,간성(517),X,27.2,24.5,20.9,17.9,92,X, ,X,낮음
7/3/2020,평창(526),X,26.6,27.3,21.6,17.2,62,X, ,X,낮음
7/3/2020,의정부(532),X,31.1,30,24.3,19.3,80,X, ,X,낮음
7/3/2020,횡성(536),X,30.1,29.4,23.4,19,70,X, ,X,낮음
7/3/2020,고양(540),X,31.2,32.1,24.6,19,67,X, ,X,낮음
7/3/2020,남양주(541),X,30.5,31.5,25.2,20,62,X, ,X,낮음
7/3/2020,안산(545),X,29.9,30,22.7,17.3,75,X, ,X,낮음
7/3/2020,경기광주(546),X,29.7,29.4,23.7,19.5,66,X,관심,X,낮음
7/3/2020,여주(548),X,28.4,28.3,22.6,18.6,69,X, ,X,낮음
7/3/2020,용인(549),X,27.4,,,,,X, ,X,낮음
7/3/2020,오산(550),X,28.3,28.7,23.1,19.4,67,X, ,X,낮음
7/3/2020,평택(551),X,27.6,27,22.4,19.4,78,X, ,X,낮음
7/3/2020,화천(555),X,30.6,32.3,25,19.3,64,X, ,X,낮음
7/3/2020,양구(556),X,29.2,30.5,23.6,18.1,65,X, ,X,낮음
7/3/2020,시흥(565),X,30,30.3,24.1,19,68,X, ,X,낮음
7/3/2020,구리(569),X,30.3,31.4,25.1,20.4,59,X, ,X,낮음
7/3/2020,화성(571),X,29.5,29.5,23.7,19.2,70,X, ,X,낮음
7/3/2020,성남(572),X,29.9,29.7,24.5,20.2,60,X, ,X,매우높음
7/3/2020,과천(590),X,30.1,30,24.2,19.3,69,X, ,X,낮음
7/3/2020,양주(598),X,31.3,31.1,23.4,18.5,79,X, ,X,낮음
7/3/2020,단양(601),X,27.1,25.8,20.9,17.8,86,X, ,X,낮음
7/3/2020,진천(602),X,27.1,26.5,21.9,18.2,78,X, ,X,낮음
7/3/2020,괴산(603),X,25.7,25.3,20.7,17.8,80,X, ,X,낮음
7/3/2020,옥천(604),X,24.7,23.4,21,18.1,79,X, ,X,낮음
7/3/2020,홍북(608),X,26.3,25.3,21.1,17.9,84,X,관심,X,낮음
7/3/2020,공주(612),X,26.1,25.2,21.8,19.1,79,X, ,X,낮음
7/3/2020,서천(614),X,27.4,25.8,22.8,20.3,80,X, ,X,낮음
7/3/2020,논산(615),X,26.4,25.4,22.1,19.8,79,X, ,X,낮음
7/3/2020,당진(616),X,27.7,27.3,22.1,18.5,77,X, ,X,낮음
7/3/2020,청양(618),X,26.2,25,21.1,18.5,85,X, ,X,낮음
7/3/2020,음성(619),X,26.7,26.1,20.9,17.6,81,X, ,X,낮음
7/3/2020,증평(623),X,25.8,24.8,21.5,18.1,79,X, ,X,낮음
7/3/2020,태안(627),X,27.8,26.8,21.8,18.8,84,X, ,X,낮음
7/3/2020,예산(628),X,27.6,27.2,22.7,19.6,80,X, ,X,낮음
7/3/2020,아산(634),X,26.7,27,22.9,19.7,74,X,관심,X,낮음
7/3/2020,계룡(636),X,24.3,23.4,20.6,18.1,75,X, ,X,낮음
7/3/2020,연천청산(652),X,30.6,31.2,23.5,18.4,80,X, ,X,낮음
7/3/2020,양양(670),X,28.1,25,21.2,18.5,93,X, ,X,낮음
7/3/2020,무안(699),X,24.4,22.1,19.9,18.3,87,X, ,X,낮음
7/3/2020,무주(701),X,24.9,23,19.8,17.4,90,X, ,X,낮음
7/3/2020,익산(702),X,27,25.9,21.8,19.1,85,X, ,X,낮음
7/3/2020,진안(703),X,23.4,21.9,19.1,16.7,81,X, ,X,낮음
7/3/2020,담양(706),X,25.7,22.6,20.6,18.5,93,X, ,X,낮음
7/3/2020,구례(709),X,24.3,22.1,20,18.5,89,X, ,X,낮음
7/3/2020,나주(710),X,24.6,22.2,20,18.5,92,X, ,X,낮음
7/3/2020,순천시(712),X,25,22.3,20.7,18.7,87,X, ,X,낮음
7/3/2020,광양읍(713),X,24.1,23.6,20.8,18.6,67,X, ,X,낮음
7/3/2020,장성(730),X,24.7,22.2,20.1,18.4,90,X, ,X,낮음
7/3/2020,영암(731),X,24.2,21.7,20.2,18.5,87,X, ,X,낮음
7/3/2020,보성(732),X,23.2,20.3,19.1,17.5,90,X, ,X,낮음
7/3/2020,완주(734),X,27.1,25.5,20.5,18,91,X, ,X,낮음
7/3/2020,김제(737),X,26.2,25.3,21.4,18.8,87,X, ,X,낮음
7/3/2020,화순(741),X,23.6,21.5,20,18.2,78,X, ,X,낮음
7/3/2020,함평(754),X,24.5,22.2,20.2,18.6,90,X, ,X,낮음
7/3/2020,곡성(768),X,24,22.2,19.8,17.7,85,X, ,X,낮음
7/3/2020,압해도(789),X,25,22.2,20.3,19,89,X, ,X,낮음
7/3/2020,영양(801),X,23.7,21.9,18.9,15.6,82,X, ,X,낮음
7/3/2020,성주(810),X,24.7,23.3,20.4,17.8,80,X, ,X,낮음
7/3/2020,고령(812),X,25.1,22.6,20.1,17.6,90,X, ,X,낮음
7/3/2020,청도(813),X,24.8,22.7,20,17.9,84,X, ,X,낮음
7/3/2020,예천(815),X,24.7,23.6,20.2,17.5,77,X, ,X,낮음
7/3/2020,김천(822),X,26.4,24.6,20.7,17.8,89,X, ,X,낮음
7/3/2020,군위(823),X,24.9,23.2,19.8,17.2,85,X, ,X,낮음
7/3/2020,칠곡(825),X,25.5,23.9,20.9,18.5,84,X, ,X,낮음
7/3/2020,경산(827),X,24.4,22.4,20.4,18,78,X, ,X,낮음
7/3/2020,삼척(876),X,24.8,23.3,20.3,18.2,82,X, ,X,낮음
7/3/2020,속초(90),X,27.1,25.2,21.7,18.6,82.1,X, ,X,낮음
7/3/2020,삼천포(907),X,25,22.7,20.2,18.2,83,X, ,X,낮음
7/3/2020,고성(918),X,25.2,22.7,20.7,19.1,83,X, ,X,낮음
7/3/2020,창녕(919),X,25.1,22.8,20.7,18.6,85,X, ,X,낮음
7/3/2020,함안(920),X,24.6,21.8,19.8,18.2,92,X, ,X,낮음
7/3/2020,북춘천(93),X,30.2,31.2,25.6,19.5,59.8,X,관심,X,매우높음
7/3/2020,하동(932),X,24.2,21.8,20.2,18.3,86,X, ,X,낮음
7/3/2020,철원(95),X,30.8,31.1,24.2,18.7,81.4,X, ,X,낮음
7/3/2020,동두천(98),X,31.5,31.3,23,18.8,85.1,X, ,X,낮음
7/3/2020,파주(99),X,30.8,29.8,23.1,18.6,83.1,X, ,X,낮음
7/4/2020,북강릉(104),X,25.2,24,20.1,17,77.9,X, ,X,매우높음
7/4/2020,동해(106),X,24.2,22,19,16.9,84.9,X, ,X,낮음
7/4/2020,서울(108),X,28.9,29.5,24.2,20.4,63.9,X, ,X,매우높음
7/4/2020,인천(112),X,26.5,25.4,22.2,20.2,79.8,X, ,X,매우높음
7/4/2020,원주(114),X,27.6,28.4,22.9,17.7,59,X, ,X,낮음
7/4/2020,울릉도(115),X,24.6,21.9,19,17.5,96.6,X, ,X,낮음
7/4/2020,수원(119),X,28.5,28.2,22.5,18.5,79.3,X, ,X,낮음
7/4/2020,영월(121),X,28.2,28.5,21.2,16,73.6,X, ,X,낮음
7/4/2020,충주(127),X,28.1,27.8,22.1,17.2,74.1,X, ,X,낮음
7/4/2020,서산(129),X,28.3,27.8,21.7,18.3,78.4,X, ,X,매우높음
7/4/2020,울진(130),X,24.6,22.6,19.8,17.9,87.4,X, ,X,낮음
7/4/2020,청주(131),X,27.9,27.6,22.5,18.7,72.6,X, ,X,매우높음
7/4/2020,대전(133),X,27.9,26.6,21.7,18.8,82.8,X, ,X,매우높음
7/4/2020,추풍령(135),X,25.2,23.9,19.8,16.4,79.6,X, ,X,낮음
7/4/2020,안동(136),X,26.8,26.5,21.4,17.1,76,X, ,X,매우높음
7/4/2020,상주(137),X,28,26.8,21.6,17.3,83.4,X, ,X,낮음
7/4/2020,포항(138),X,25,22.9,20.7,19.4,85.4,X, ,X,낮음
7/4/2020,군산(140),X,25.5,23.6,20.6,18.7,83.4,X, ,X,낮음
7/4/2020,대구(143),X,25.3,24.2,21.2,17.9,75.8,X, ,X,매우높음
7/4/2020,전주(146),X,24.8,22.2,19.9,18.1,91.1,X, ,X,매우높음
7/4/2020,울산(152),X,24.6,22.1,19.8,18.1,90.6,X, ,X,매우높음
7/4/2020,창원(155),X,26,24.7,20.4,17.9,81.1,X, ,X,매우높음
7/4/2020,광주(156),X,25.4,22.8,20.1,17.9,95,X, ,X,매우높음
7/4/2020,부산(159),X,26.8,25.4,20.4,18.7,79.9,X, ,X,매우높음
7/4/2020,통영(162),X,26.5,25.1,21.2,18.6,80.5,X, ,X,낮음
7/4/2020,목포(165),X,24.3,21.5,20,18.3,90.9,X, ,X,매우높음
7/4/2020,여수(168),X,25.3,23.5,21.3,19.5,79.5,X, ,X,낮음
7/4/2020,흑산도(169),X,25.7,23,19.3,17.4,93.5,X, ,X,낮음
7/4/2020,완도(170),X,25.4,23.2,20.6,18.9,84,X, ,X,낮음
7/4/2020,고창(172),X,25.3,22.9,20.3,18.5,91.3,X, ,X,낮음
7/4/2020,제주(184),X,24.4,21.7,20.2,19.5,91.6,X, ,X,높음
7/4/2020,진주(192),X,26.9,25.1,21.1,17.2,84.5,X, ,X,낮음
7/4/2020,양평(202),X,28.3,28.6,23,18.4,69.9,X, ,X,낮음
7/4/2020,이천(203),X,28.5,28.4,22.3,17.4,76.8,X, ,X,낮음
7/4/2020,인제(211),X,28.4,29.5,22.1,16.4,63.3,X, ,X,낮음
7/4/2020,홍천(212),X,27.8,28.8,22.7,16.8,63.4,X, ,X,낮음
7/4/2020,태백(216),X,24.4,24,17.9,14.4,79.3,X, ,X,낮음
7/4/2020,정선군(217),X,28,28.2,21.3,15.2,72.9,X, ,X,낮음
7/4/2020,제천(221),X,27.2,27.3,21,16.1,73.9,X, ,X,낮음
7/4/2020,보은(226),X,28,27.7,21.3,17.7,78.6,X, ,X,낮음
7/4/2020,천안(232),X,27.5,26.8,21.5,17.6,79.8,X, ,X,낮음
7/4/2020,보령(235),X,26.7,25.5,21.2,18.6,78.4,X, ,X,낮음
7/4/2020,부여(236),X,26.7,25.1,21.2,18.6,81.9,X, ,X,낮음
7/4/2020,금산(238),X,25.5,23.7,19.8,17.2,87.9,X, ,X,낮음
7/4/2020,세종(239),X,27.2,26.6,21.4,18.8,76,X, ,X,매우높음
7/4/2020,부안(243),X,25.1,22.7,20.2,18.6,89.6,X, ,X,낮음
7/4/2020,임실(244),X,24.6,22.4,19.1,17.1,91,X, ,X,낮음
7/4/2020,정읍(245),X,24.7,22.8,19.6,17.9,88.6,X, ,X,낮음
7/4/2020,남원(247),X,25.2,22.9,20.2,18.3,86.8,X, ,X,낮음
7/4/2020,장수(248),X,23.8,21,18.5,16.4,95.4,X, ,X,낮음
7/4/2020,영광군(252),X,25.2,23.1,20.1,18.3,89.1,X, ,X,낮음
7/4/2020,김해시(253),X,26.4,24.5,20.5,18.2,86,X, ,X,낮음
7/4/2020,순창군(254),X,24.9,22.8,19.7,17.6,90.4,X, ,X,낮음
7/4/2020,양산시(257),X,26.7,25.2,21.5,18.8,82.4,X, ,X,낮음
7/4/2020,강진군(259),X,25.1,23,20.6,18,85.1,X, ,X,낮음
7/4/2020,장흥(260),X,25.1,23,20.3,18.2,87.9,X, ,X,낮음
7/4/2020,해남(261),X,25.3,23.2,19.5,17.4,93.9,X, ,X,낮음
7/4/2020,고흥(262),X,25.9,24.2,20.6,18.6,84.8,X, ,X,낮음
7/4/2020,의령군(263),X,26.2,24.8,21.6,18.1,79.3,X, ,X,낮음
7/4/2020,함양군(264),X,25.8,24.5,20.3,17.1,83.1,X, ,X,낮음
7/4/2020,진도군ASOS(268),X,24,20.9,19.6,18.8,93.4,X, ,X,낮음
7/4/2020,봉화(271),X,25.8,24.6,19.6,15.5,82.5,X, ,X,낮음
7/4/2020,영주(272),X,27.3,26.4,21.1,16.3,78.9,X, ,X,낮음
7/4/2020,문경(273),X,27.3,26.3,21,16.8,82.4,X, ,X,낮음
7/4/2020,청송군(276),X,27.3,25.5,19.7,16.5,90.1,X, ,X,낮음
7/4/2020,영덕(277),X,26.6,24.4,19.1,16.9,88.9,X, ,X,낮음
7/4/2020,의성(278),X,27.4,26.7,21,17.6,82.9,X, ,X,낮음
7/4/2020,구미(279),X,27.3,25.6,21.5,18,89.8,X, ,X,낮음
7/4/2020,영천(281),X,25.1,23.3,20.1,17.4,84.5,X, ,X,낮음
7/4/2020,경주시(283),X,25.5,23.6,20.5,18.2,85.4,X, ,X,낮음
7/4/2020,거창(284),X,25.4,23.9,19.8,16.6,86.3,X, ,X,낮음
7/4/2020,합천(285),X,26.7,25.2,20.6,17,86.8,X, ,X,낮음
7/4/2020,밀양(288),X,26.1,25.1,21.4,18.3,77,X, ,X,낮음
7/4/2020,산청(289),X,26.5,24.8,20.2,17.1,86.5,X, ,X,낮음
7/4/2020,거제(294),X,26.9,25,20.5,17.8,84,X, ,X,낮음
7/4/2020,남해(295),X,26.3,24.4,20.9,18.3,83.1,X, ,X,낮음
7/4/2020,부천(433),X,,28.2,22.6,18.8,,X, ,X,낮음
7/4/2020,안양(434),X,,28.5,23.2,20.1,,X, ,X,낮음
7/4/2020,광명(437),X,,28.7,23.8,20.7,,X, ,X,낮음
7/4/2020,군포(438),X,,29,22.9,19.3,,X, ,X,낮음
7/4/2020,김포(441),X,,28.5,22.8,19.1,,X, ,X,낮음
7/4/2020,하남(444),X,,29.5,22.7,18.2,,X, ,X,낮음
7/4/2020,의왕(445),X,,27.3,20.8,16.9,,X, ,X,낮음
7/4/2020,포천(504),X,29.5,29.8,23.5,19.1,67,X, ,X,낮음
7/4/2020,가평조종(505),X,28.3,28.5,22.1,17.6,74,X, ,X,낮음
7/4/2020,안성(516),X,28.6,28.5,22.2,18,77,X, ,X,낮음
7/4/2020,간성(517),X,26.8,24.7,20.5,16.8,88,X, ,X,낮음
7/4/2020,평창(526),X,27.4,28.2,20.5,15.5,70,X, ,X,낮음
7/4/2020,의정부(532),X,29,28.5,23.3,19,74,X, ,X,낮음
7/4/2020,횡성(536),X,28.7,28.6,21.8,16.8,75,X, ,X,낮음
7/4/2020,고양(540),X,30.1,31,23.1,19,72,X, ,X,낮음
7/4/2020,남양주(541),X,28.4,29.8,23.6,19.6,65,X, ,X,낮음
7/4/2020,안산(545),X,28.7,27.9,21.4,16.9,83,X, ,X,낮음
7/4/2020,경기광주(546),X,28.9,28.6,22.3,18,73,X, ,X,낮음
7/4/2020,여주(548),X,28.4,27.7,21.9,16.9,74,X, ,X,낮음
7/4/2020,용인(549),X,27.3,28,21.6,17.6,70,X, ,X,낮음
7/4/2020,오산(550),X,28.3,28.3,22.3,18.1,68,X, ,X,낮음
7/4/2020,평택(551),X,28.2,27.8,22.1,17.8,76,X, ,X,낮음
7/4/2020,화천(555),X,29.4,30.3,23.1,17.4,67,X, ,X,낮음
7/4/2020,양구(556),X,28.2,29.5,22.2,16.7,62,X, ,X,낮음
7/4/2020,시흥(565),X,28.3,27.8,22.8,19.4,75,X, ,X,낮음
7/4/2020,구리(569),X,28.7,30.3,23.8,19.5,61,X, ,X,낮음
7/4/2020,화성(571),X,28.9,28.8,22.1,18.8,74,X, ,X,낮음
7/4/2020,성남(572),X,28.3,29.4,23.5,19.3,62,X, ,X,매우높음
7/4/2020,과천(590),X,28.8,28.9,22.8,19.2,73,X, ,X,낮음
7/4/2020,양주(598),X,28.4,28.8,23.1,19.2,72,X, ,X,낮음
7/4/2020,단양(601),X,29.2,28.5,22.1,16.6,84,X, ,X,낮음
7/4/2020,진천(602),X,27.6,27.3,21.7,17.8,77,X, ,X,낮음
7/4/2020,괴산(603),X,28.2,28,22,17.6,75,X, ,X,낮음
7/4/2020,옥천(604),X,26.8,26,20.8,17.6,81,X, ,X,낮음
7/4/2020,홍북(608),X,28.9,27.4,21.1,17,83,X, ,X,낮음
7/4/2020,공주(612),X,28.3,27.5,21.7,18.3,79,X, ,X,낮음
7/4/2020,서천(614),X,26.9,25,21.5,19.9,79,X, ,X,낮음
7/4/2020,논산(615),X,26.9,25.4,21.4,19.2,80,X, ,X,낮음
7/4/2020,당진(616),X,27.4,26.3,21,18.1,81,X, ,X,낮음
7/4/2020,청양(618),X,27.5,26.2,20.7,17.4,84,X, ,X,낮음
7/4/2020,음성(619),X,27.8,27.1,21.5,17.4,79,X, ,X,낮음
7/4/2020,증평(623),X,27.5,26.9,22.1,17.9,79,X, ,X,낮음
7/4/2020,태안(627),X,27.7,25.9,21.1,17.9,84,X, ,X,낮음
7/4/2020,예산(628),X,27.8,27.4,21.7,18.9,82,X, ,X,낮음
7/4/2020,아산(634),X,28.2,28,22.1,18.9,70,X, ,X,낮음
7/4/2020,계룡(636),X,25.9,24.8,20.4,18,77,X, ,X,낮음
7/4/2020,연천청산(652),X,28.7,28.8,23.2,19.3,73,X, ,X,낮음
7/4/2020,양양(670),X,27.1,24.9,21,17.9,89,X, ,X,낮음
7/4/2020,무안(699),X,24.7,22.2,20,18.1,93,X, ,X,낮음
7/4/2020,무주(701),X,25.8,23.4,19.3,16.6,95,X, ,X,낮음
7/4/2020,익산(702),X,25.6,23.2,20.4,18.8,90,X, ,X,낮음
7/4/2020,진안(703),X,23.8,21.2,18.4,16.3,93,X, ,X,낮음
7/4/2020,담양(706),X,26.9,24,20.7,18.6,94,X, ,X,낮음
7/4/2020,구례(709),X,25.5,23,20.3,18.4,93,X, ,X,낮음
7/4/2020,나주(710),X,25.6,23,20.4,18,90,X, ,X,낮음
7/4/2020,순천시(712),X,26.7,24.9,21.6,18.4,85,X, ,X,낮음
7/4/2020,광양읍(713),X,26.3,25.7,21.4,18.4,71,X, ,X,낮음
7/4/2020,장성(730),X,25.3,22.9,20.3,18.4,91,X, ,X,낮음
7/4/2020,영암(731),X,25.7,23,20.1,17.7,95,X, ,X,낮음
7/4/2020,보성(732),X,25,23,19.7,17.4,90,X, ,X,낮음
7/4/2020,완주(734),X,24.9,22,19.5,17.5,93,X, ,X,낮음
7/4/2020,김제(737),X,25.4,22.7,20,18.1,93,X, ,X,낮음
7/4/2020,화순(741),X,24.6,22.6,19.8,17.9,86,X, ,X,낮음
7/4/2020,함평(754),X,25.2,22.8,20.3,18.2,91,X, ,X,낮음
7/4/2020,곡성(768),X,25.2,23,19.8,17.3,89,X, ,X,낮음
7/4/2020,압해도(789),X,25.2,22.1,20.5,19.1,92,X, ,X,낮음
7/4/2020,영양(801),X,26.5,25.6,19.9,16.8,84,X, ,X,낮음
7/4/2020,성주(810),X,26.8,25.6,21.2,17.6,77,X, ,X,낮음
7/4/2020,고령(812),X,26.2,24.8,20.5,17,88,X, ,X,낮음
7/4/2020,청도(813),X,27,25.6,20.6,17.7,83,X, ,X,낮음
7/4/2020,예천(815),X,26.9,26.7,21.8,17.3,75,X, ,X,낮음
7/4/2020,김천(822),X,27.8,26.1,21.1,17.2,86,X, ,X,낮음
7/4/2020,군위(823),X,27.1,25.7,20.8,17.5,85,X, ,X,낮음
7/4/2020,칠곡(825),X,26.6,24.8,21.5,17.9,84,X, ,X,낮음
7/4/2020,경산(827),X,25.6,24.1,21.1,17.9,79,X, ,X,낮음
7/4/2020,삼척(876),X,25.4,24.1,20.2,17.8,76,X, ,X,낮음
7/4/2020,속초(90),X,26.6,24.8,21.1,18,80.5,X, ,X,낮음
7/4/2020,삼천포(907),X,27.1,25.2,21.2,18.3,82,X, ,X,낮음
7/4/2020,고성(918),X,27.3,25.4,20.9,18.4,85,X, ,X,낮음
7/4/2020,창녕(919),X,26.9,25.2,21.4,18.2,84,X, ,X,낮음
7/4/2020,함안(920),X,27,25.3,21,17.7,86,X, ,X,낮음
7/4/2020,북춘천(93),X,28.8,30.2,23.6,18.7,61.4,X, ,X,매우높음
7/4/2020,하동(932),X,26.7,25.1,21.3,18.3,84,X, ,X,낮음
7/4/2020,철원(95),X,28.4,28.1,23,18.7,75.8,X, ,X,낮음
7/4/2020,동두천(98),X,29.6,28.9,23.1,18.8,73.9,X, ,X,낮음
7/4/2020,파주(99),X,28.7,28.2,22.6,19.1,79.9,X, ,X,낮음
7/5/2020,북강릉(104),X,28.7,28.8,23.7,17.5,69,X, ,X,매우높음
7/5/2020,동해(106),X,27.6,27,21.7,17.4,78.1,X, ,X,낮음
7/5/2020,서울(108),X,28.1,27.6,23.8,19.9,68.6,X, ,X,높음
7/5/2020,인천(112),X,26.7,26,22.2,19.2,75.6,X, ,X,높음
7/5/2020,원주(114),X,28,28.4,23.6,18.6,61.6,X, ,X,낮음
7/5/2020,울릉도(115),X,26.6,24.1,19.8,16.8,90.5,X, ,X,낮음
7/5/2020,수원(119),X,29.4,28.1,22.6,18.1,78.9,X, ,X,낮음
7/5/2020,영월(121),X,29,29.4,22.6,17.6,72.8,X, ,X,낮음
7/5/2020,충주(127),X,29,28.5,23.4,19,75.6,X, ,X,낮음
7/5/2020,서산(129),X,28.1,27.5,22,17.7,79.9,X, ,X,매우높음
7/5/2020,울진(130),X,26.6,24.3,20.5,17.1,88.1,X, ,X,낮음
7/5/2020,청주(131),X,28.8,28.1,24.2,20.2,70.6,X, ,X,매우높음
7/5/2020,대전(133),X,28.5,27,23.5,20.2,81.1,X, ,X,매우높음
7/5/2020,추풍령(135),X,26.4,25.2,21,17.3,78.8,X, ,X,낮음
7/5/2020,안동(136),X,29.3,28.5,22.8,18.6,73.8,X, ,X,매우높음
7/5/2020,상주(137),X,28.6,27,22.4,18.1,83.4,X, ,X,낮음
7/5/2020,포항(138),X,29.3,28.6,23.9,18.8,74.8,X, ,X,낮음
7/5/2020,군산(140),X,28.4,26.9,22,19.6,84.5,X, ,X,낮음
7/5/2020,대구(143),X,28.6,28.6,23.7,19.8,70.1,X, ,X,매우높음
7/5/2020,전주(146),X,28.3,27,22.9,19.4,80.8,X, ,X,매우높음
7/5/2020,울산(152),X,27.8,26.3,21.6,17.7,86.8,X, ,X,매우높음
7/5/2020,창원(155),X,28.1,26.9,22,18.3,78.4,X, ,X,매우높음
7/5/2020,광주(156),X,28.4,26.4,22.5,19.5,88.4,X, ,X,매우높음
7/5/2020,부산(159),X,27.1,25.9,22.2,19.1,79.6,X, ,X,매우높음
7/5/2020,통영(162),X,26.7,24.9,21.9,19.2,80.4,X, ,X,낮음
7/5/2020,목포(165),X,27.2,25.1,22.2,19.4,84.6,X, ,X,높음
7/5/2020,여수(168),X,26.1,24.7,22.1,20.3,82.9,X, ,X,낮음
7/5/2020,흑산도(169),X,25.3,23,18.9,16.5,92.4,X, ,X,낮음
7/5/2020,완도(170),X,26.8,23.7,20.9,19,91,X, ,X,낮음
7/5/2020,고창(172),X,28.1,26.3,22,18.9,87.3,X, ,X,낮음
7/5/2020,제주(184),X,27,24.2,21.2,19.2,93.3,X, ,X,높음
7/5/2020,진주(192),X,28.4,27.1,22.2,19.3,83.8,X, ,X,낮음
7/5/2020,양평(202),X,28.4,28,22.9,17.7,74.5,X, ,X,낮음
7/5/2020,이천(203),X,29.2,28,23.2,17.2,77.9,X, ,X,낮음
7/5/2020,인제(211),X,28.5,28.9,22.5,16.8,71.5,X, ,X,낮음
7/5/2020,홍천(212),X,28.4,28.8,22.7,17,70.4,X, ,X,낮음
7/5/2020,태백(216),X,26.1,26.8,19.6,14,76.3,X, ,X,낮음
7/5/2020,정선군(217),X,28.8,28.8,22.2,16.4,76.6,X, ,X,낮음
7/5/2020,제천(221),X,28.1,27.8,22.1,16.4,75.6,X, ,X,낮음
7/5/2020,보은(226),X,28.5,27.8,22.5,18.2,77.4,X, ,X,낮음
7/5/2020,천안(232),X,27.7,26.5,21.9,17.6,83.9,X, ,X,낮음
7/5/2020,보령(235),X,27.3,25.5,21.4,18.4,84.1,X, ,X,낮음
7/5/2020,부여(236),X,28.4,27.5,22.8,19.1,82.3,X, ,X,낮음
7/5/2020,금산(238),X,27.7,26.2,21.9,18.4,83.1,X, ,X,낮음
7/5/2020,세종(239),X,27.8,26.8,22.5,19.4,77.3,X, ,X,매우높음
7/5/2020,부안(243),X,28.4,26.6,22.2,19.6,87.6,X, ,X,낮음
7/5/2020,임실(244),X,27.4,25.7,21.2,18.4,85.9,X, ,X,낮음
7/5/2020,정읍(245),X,28.4,27.3,22,18.7,82.4,X, ,X,낮음
7/5/2020,남원(247),X,28.1,26.6,22.3,19.4,84.8,X, ,X,낮음
7/5/2020,장수(248),X,26,24.1,20.3,16.9,89.4,X, ,X,낮음
7/5/2020,영광군(252),X,28,26.4,21.8,19.1,84.6,X, ,X,낮음
7/5/2020,김해시(253),X,29.2,27.3,22.7,18.7,81,X, ,X,낮음
7/5/2020,순창군(254),X,28.2,26.8,21.9,18.8,84,X, ,X,낮음
7/5/2020,양산시(257),X,29.6,28.7,23.5,19.7,77.4,X, ,X,낮음
7/5/2020,강진군(259),X,26.9,24.8,21.6,18.9,86.1,X, ,X,낮음
7/5/2020,장흥(260),X,26.9,24.7,21,18.1,88.4,X, ,X,낮음
7/5/2020,해남(261),X,27.7,25.3,21.1,18.5,89.4,X, ,X,낮음
7/5/2020,고흥(262),X,26.4,24.5,21.5,18.1,85.1,X, ,X,낮음
7/5/2020,의령군(263),X,29,28.1,23.2,20.1,77.9,X, ,X,낮음
7/5/2020,함양군(264),X,28.8,27.9,21.9,18.8,83.4,X, ,X,낮음
7/5/2020,진도군ASOS(268),X,26.9,24.4,21.4,18.6,90.5,X, ,X,낮음
7/5/2020,봉화(271),X,27.1,26.4,20.7,16.4,81.6,X, ,X,낮음
7/5/2020,영주(272),X,28.3,27.3,21.3,16.8,82.6,X, ,X,낮음
7/5/2020,문경(273),X,29.3,28.2,21.7,17,84,X, ,X,낮음
7/5/2020,청송군(276),X,30,28.5,20.9,15.5,87.4,X, ,X,낮음
7/5/2020,영덕(277),X,28.5,27.6,21.2,16.7,82.4,X, ,X,낮음
7/5/2020,의성(278),X,29.1,28.2,21.8,16,81.6,X, ,X,낮음
7/5/2020,구미(279),X,29.2,27.4,22.7,19,88.5,X, ,X,낮음
7/5/2020,영천(281),X,28.3,27.6,22,16.4,79.9,X, ,X,낮음
7/5/2020,경주시(283),X,29.7,28.8,22.9,17.5,81.4,X, ,X,낮음
7/5/2020,거창(284),X,27.5,26.1,21.4,18.1,84,X, ,X,낮음
7/5/2020,합천(285),X,28.9,27.7,22.5,19.5,83.1,X, ,X,낮음
7/5/2020,밀양(288),X,28.7,27.9,23.1,20,75.5,X, ,X,낮음
7/5/2020,산청(289),X,27.8,26.1,21.9,18.9,84.6,X, ,X,낮음
7/5/2020,거제(294),X,27.7,26.2,22,18.2,81.4,X, ,X,낮음
7/5/2020,남해(295),X,27.8,26.1,21.9,18.7,82.9,X, ,X,낮음
7/5/2020,부천(433),X,,28.5,22.7,18.8,,X, ,X,낮음
7/5/2020,안양(434),X,,27.1,23.2,19.1,,X, ,X,낮음
7/5/2020,광명(437),X,,28.9,23.8,19.5,,X, ,X,낮음
7/5/2020,군포(438),X,,28.2,23.2,18.4,,X, ,X,낮음
7/5/2020,김포(441),X,,27.7,22.5,18.2,,X, ,X,낮음
7/5/2020,하남(444),X,,27.9,22.1,16.5,,X, ,X,낮음
7/5/2020,의왕(445),X,,27,20.9,16.1,,X, ,X,낮음
7/5/2020,포천(504),X,28.2,28,22.6,16.6,70,X, ,X,낮음
7/5/2020,가평조종(505),X,28.4,27.8,21.5,15.5,78,X, ,X,낮음
7/5/2020,안성(516),X,29.2,28.3,22.7,17.7,78,X, ,X,낮음
7/5/2020,간성(517),X,29.6,28.5,23.4,17.1,77,X, ,X,낮음
7/5/2020,평창(526),X,28.4,29,22,15.8,69,X, ,X,낮음
7/5/2020,의정부(532),X,29,27.3,22.2,17.4,86,X, ,X,낮음
7/5/2020,횡성(536),X,29,28.6,22.3,16.7,78,X, ,X,낮음
7/5/2020,고양(540),X,30.1,30.2,22.6,17.2,74,X, ,X,낮음
7/5/2020,남양주(541),X,28.9,29,23.3,17.5,67,X, ,X,낮음
7/5/2020,안산(545),X,29.4,28.3,21.3,15.7,81,X, ,X,낮음
7/5/2020,경기광주(546),X,28.8,28.1,22.5,16.5,74,X, ,X,낮음
7/5/2020,여주(548),X,28,27.2,22.7,17.1,74,X, ,X,낮음
7/5/2020,용인(549),X,27.9,27.7,22.1,16.8,70,X, ,X,낮음
7/5/2020,오산(550),X,28.7,28.6,23,18.2,68,X, ,X,낮음
7/5/2020,평택(551),X,29,28,23.2,18.4,78,X, ,X,낮음
7/5/2020,화천(555),X,30.4,30.6,22.6,15.8,78,X, ,X,낮음
7/5/2020,양구(556),X,28.8,29.4,22.4,16.1,71,X, ,X,낮음
7/5/2020,시흥(565),X,28.4,28.1,22.7,18.2,74,X, ,X,낮음
7/5/2020,구리(569),X,29.3,29.7,23.7,18.5,63,X, ,X,낮음
7/5/2020,화성(571),X,28.4,27.5,22.7,18.2,73,X, ,X,낮음
7/5/2020,성남(572),X,28.2,28.1,23.5,17.8,65,X, ,X,매우높음
7/5/2020,과천(590),X,28.9,28.5,23.2,17.1,73,X, ,X,낮음
7/5/2020,양주(598),X,28,27.4,22.3,16.4,76,X, ,X,낮음
7/5/2020,단양(601),X,30.3,29.1,23.6,19.7,85,X, ,X,낮음
7/5/2020,진천(602),X,28.7,28.1,22.7,17.6,76,X, ,X,낮음
7/5/2020,괴산(603),X,28.8,28.5,23.1,19.3,76,X, ,X,낮음
7/5/2020,옥천(604),X,28.5,27.1,22.1,18.7,82,X, ,X,낮음
7/5/2020,홍북(608),X,28.5,26.6,21.3,16.8,90,X, ,X,낮음
7/5/2020,공주(612),X,28.4,27.3,22.7,18.9,81,X, ,X,낮음
7/5/2020,서천(614),X,29,27.5,23.1,19.9,79,X, ,X,낮음
7/5/2020,논산(615),X,29.2,28.1,23.3,20.1,79,X, ,X,낮음
7/5/2020,당진(616),X,27.6,26.4,21.2,17.4,83,X, ,X,낮음
7/5/2020,청양(618),X,28.5,27.2,21.5,17.1,84,X, ,X,낮음
7/5/2020,음성(619),X,29,28.1,22.5,18.4,80,X, ,X,낮음
7/5/2020,증평(623),X,28.3,27.2,23.1,19.7,79,X, ,X,낮음
7/5/2020,태안(627),X,28.1,26.5,21.6,17.9,85,X, ,X,낮음
7/5/2020,예산(628),X,28.4,27.2,22.4,19,82,X, ,X,낮음
7/5/2020,아산(634),X,29.3,29.1,22.7,18.4,72,X, ,X,낮음
7/5/2020,계룡(636),X,27.4,26.2,21.4,17.8,79,X, ,X,낮음
7/5/2020,연천청산(652),X,28.5,27.8,22.3,16.7,78,X, ,X,낮음
7/5/2020,양양(670),X,30.7,29.8,24.8,18.2,77,X, ,X,낮음
7/5/2020,무안(699),X,27.1,24.8,21.7,18.9,88,X, ,X,낮음
7/5/2020,무주(701),X,28.1,25.8,21.1,17.9,91,X, ,X,낮음
7/5/2020,익산(702),X,28.9,27.7,23.1,19.6,83,X, ,X,낮음
7/5/2020,진안(703),X,26.5,25.3,20.5,17.3,87,X, ,X,낮음
7/5/2020,담양(706),X,30.7,28.4,23,19.8,90,X, ,X,낮음
7/5/2020,구례(709),X,28.6,27,22.5,19.5,86,X, ,X,낮음
7/5/2020,나주(710),X,28,25.9,21.9,19.5,90,X, ,X,낮음
7/5/2020,순천시(712),X,28.3,26.4,22.7,19.9,84,X, ,X,낮음
7/5/2020,광양읍(713),X,27.9,27.8,22.8,19.4,66,X, ,X,낮음
7/5/2020,장성(730),X,28.4,26.9,22.1,19.5,86,X, ,X,낮음
7/5/2020,영암(731),X,28.4,26.3,22,18.9,87,X, ,X,낮음
7/5/2020,보성(732),X,26.3,23.6,20.5,17.8,89,X, ,X,낮음
7/5/2020,완주(734),X,28.4,26.7,22.2,18.6,86,X, ,X,낮음
7/5/2020,김제(737),X,28.6,27.6,22.7,19.4,84,X, ,X,낮음
7/5/2020,화순(741),X,27.6,26.5,21.8,19.2,79,X, ,X,낮음
7/5/2020,함평(754),X,28,25.9,22,18.9,88,X, ,X,낮음
7/5/2020,곡성(768),X,28.6,27.6,22.4,19.1,79,X, ,X,낮음
7/5/2020,압해도(789),X,28.6,26.3,22.3,19.3,89,X, ,X,낮음
7/5/2020,영양(801),X,28.5,28,21.6,15.9,82,X, ,X,낮음
7/5/2020,성주(810),X,28.7,,,,,X, ,X,낮음
7/5/2020,고령(812),X,28.3,27.3,22.2,18.9,87,X, ,X,낮음
7/5/2020,청도(813),X,29,27.8,22.6,18.2,82,X, ,X,낮음
7/5/2020,예천(815),X,28.9,28.6,22.7,18.5,73,X, ,X,낮음
7/5/2020,김천(822),X,29.7,27.9,22.4,18.5,86,X, ,X,낮음
7/5/2020,군위(823),X,29,27.5,22.2,17,83,X, ,X,낮음
7/5/2020,칠곡(825),X,28.6,27.2,23,19.3,84,X, ,X,낮음
7/5/2020,경산(827),X,28.7,28.5,23.4,19.3,72,X, ,X,낮음
7/5/2020,삼척(876),X,28.5,27.8,23.4,18,71,X, ,X,낮음
7/5/2020,속초(90),X,28.8,28.2,23.2,18.4,74.6,X, ,X,낮음
7/5/2020,삼천포(907),X,27.2,25.4,21.8,19.5,82,X, ,X,낮음
7/5/2020,고성(918),X,28.4,26.7,22.4,19.2,82,X, ,X,낮음
7/5/2020,창녕(919),X,29.3,27.9,23.2,19.7,81,X, ,X,낮음
7/5/2020,함안(920),X,28.8,27.4,22.6,19.3,84,X, ,X,낮음
7/5/2020,북춘천(93),X,29.2,29.3,23.1,17.2,73.3,X, ,X,높음
7/5/2020,하동(932),X,28.3,27.1,22.6,19.1,83,X, ,X,낮음
7/5/2020,철원(95),X,28.5,27.8,22.5,18.2,83.5,X, ,X,낮음
7/5/2020,동두천(98),X,29.1,27.7,22.2,17.1,80.9,X, ,X,낮음
7/5/2020,파주(99),X,29.2,28,21.8,17.5,79.8,X, ,X,낮음
7/6/2020,북강릉(104),X,27.8,26.2,22.2,19.4,81.3,X, ,X,매우높음
7/6/2020,동해(106),X,26,24,20.9,19,85.8,X, ,X,낮음
7/6/2020,서울(108),X,31,30.9,25.6,21.8,66.6,X, ,X,매우높음
7/6/2020,인천(112),X,29.2,27.9,24,21.3,72.4,X, ,X,매우높음
7/6/2020,원주(114),X,30.3,31.5,25.4,20.2,60.5,X,관심,X,낮음
7/6/2020,울릉도(115),X,28.1,25.8,22,18.4,91.1,X, ,X,낮음
7/6/2020,수원(119),X,31.2,30.5,24.6,20.1,76.5,X, ,X,낮음
7/6/2020,영월(121),X,31.1,31.8,23.7,18,73.9,X,관심,X,낮음
7/6/2020,충주(127),X,30.4,29.8,24.2,18.7,75.4,X,관심,X,낮음
7/6/2020,서산(129),X,30.7,30.2,24.1,19.5,74.5,X, ,X,매우높음
7/6/2020,울진(130),X,26.7,24.9,20.6,17.8,93.1,X, ,X,낮음
7/6/2020,청주(131),X,30.4,30.2,25.4,21.1,71.3,X,관심,X,매우높음
7/6/2020,대전(133),X,30.8,29.5,24.3,19.9,84.8,X,관심,X,매우높음
7/6/2020,추풍령(135),X,27.8,26.3,21,16.3,86.1,X,관심,X,낮음
7/6/2020,안동(136),X,29.8,29,22.4,18.4,83.3,X,관심,X,매우높음
7/6/2020,상주(137),X,29.7,27.9,22.2,18.6,92.6,X,관심,X,낮음
7/6/2020,포항(138),X,28.3,26.5,23.7,21.1,83.3,X,관심,X,낮음
7/6/2020,군산(140),X,29.8,28.5,23.3,19.4,83.6,X, ,X,낮음
7/6/2020,대구(143),X,28.8,28.1,24.1,19.9,74.6,X,관심,X,매우높음
7/6/2020,전주(146),X,30.3,29,23.1,20,85.3,X,관심,X,매우높음
7/6/2020,울산(152),X,28.3,25.4,22.4,19.7,94.4,X,관심,X,매우높음
7/6/2020,창원(155),X,27.5,25,22.1,20,88.1,X,관심,X,보통
7/6/2020,광주(156),X,28.5,25,22.9,20.4,95.4,X,관심,X,매우높음
7/6/2020,부산(159),X,28,25.6,22.7,21.2,90.6,X,관심,X,매우높음
7/6/2020,통영(162),X,27.6,24.1,22.3,20.9,95.3,X, ,X,낮음
7/6/2020,목포(165),X,27.5,24.6,22.7,20.4,90.8,X, ,X,매우높음
7/6/2020,여수(168),X,26.9,23.4,22.2,21.2,95.6,X, ,X,낮음
7/6/2020,흑산도(169),X,25.3,21.9,19.2,17.5,98.9,X, ,X,낮음
7/6/2020,완도(170),X,26.2,23,21.7,20.7,96.4,X, ,X,낮음
7/6/2020,고창(172),X,28.6,26.2,22.8,19.5,91.6,X, ,X,낮음
7/6/2020,제주(184),X,29,26.1,22.5,20.7,95.5,X, ,X,보통
7/6/2020,진주(192),X,27.1,24,22,18.9,92.8,X,관심,X,낮음
7/6/2020,양평(202),X,29.9,29.7,24.9,19.8,72.8,X,관심,X,낮음
7/6/2020,이천(203),X,30.8,30.5,24.7,19,76.8,X,관심,X,낮음
7/6/2020,인제(211),X,30.1,30.3,23.5,17.1,71.8,X, ,X,낮음
7/6/2020,홍천(212),X,30.1,30.2,24.3,18,69.9,X,관심,X,낮음
7/6/2020,태백(216),X,27.7,27.6,20.2,13.7,81.1,X, ,X,낮음
7/6/2020,정선군(217),X,30.5,30.7,23.3,17.7,74.6,X,관심,X,낮음
7/6/2020,제천(221),X,29.7,29.2,23,17,77.5,X,관심,X,낮음
7/6/2020,보은(226),X,29.5,28.7,22.9,17.6,82.1,X,관심,X,낮음
7/6/2020,천안(232),X,29.6,28.8,23.8,18.2,80.1,X,관심,X,낮음
7/6/2020,보령(235),X,29.5,28,23.4,19.7,79.9,X, ,X,낮음
7/6/2020,부여(236),X,30.4,29.3,23.8,19.4,82.3,X, ,X,낮음
7/6/2020,금산(238),X,29.4,28.3,22.4,18.3,88.5,X,관심,X,낮음
7/6/2020,세종(239),X,30.2,29.4,24.1,19.4,77.3,X,관심,X,매우높음
7/6/2020,부안(243),X,29.7,28,22.9,20.1,91,X,관심,X,낮음
7/6/2020,임실(244),X,27,25.2,21.4,17.9,91.9,X,관심,X,낮음
7/6/2020,정읍(245),X,28.5,27,22.3,19.2,88.1,X,관심,X,낮음
7/6/2020,남원(247),X,28,25.5,22.5,19.2,88.4,X,관심,X,낮음
7/6/2020,장수(248),X,27.5,25.7,21.3,16.7,92.9,X, ,X,낮음
7/6/2020,영광군(252),X,28.1,25.9,22.7,19.6,88.9,X, ,X,낮음
7/6/2020,김해시(253),X,28.7,26.2,22.8,20.5,90.6,X,관심,X,낮음
7/6/2020,순창군(254),X,27.5,24.6,21.8,18.8,92.8,X,관심,X,낮음
7/6/2020,양산시(257),X,30.3,28.4,23.4,20.2,88.1,X,관심,X,낮음
7/6/2020,강진군(259),X,26.9,24.2,22.4,19.7,89.8,X, ,X,낮음
7/6/2020,장흥(260),X,27.5,24.8,22.2,19.3,92.1,X, ,X,낮음
7/6/2020,해남(261),X,27.9,24.9,22.6,19.6,91.3,X, ,X,낮음
7/6/2020,고흥(262),X,26.8,24,22.2,20,94.9,X, ,X,낮음
7/6/2020,의령군(263),X,28.3,26.7,22.8,19.3,87.3,X,관심,X,낮음
7/6/2020,함양군(264),X,27.8,25.7,21.7,18.2,87.4,X,관심,X,낮음
7/6/2020,진도군ASOS(268),X,27.2,24.2,22.1,19.8,94.5,X, ,X,낮음
7/6/2020,봉화(271),X,27.4,26.4,21.2,15.4,84,X, ,X,낮음
7/6/2020,영주(272),X,29,28,22.5,16.5,82.4,X, ,X,낮음
7/6/2020,문경(273),X,29.1,27.7,22.6,17.7,86.5,X,관심,X,낮음
7/6/2020,청송군(276),X,30.3,28.6,22,17.1,91.3,X,관심,X,낮음
7/6/2020,영덕(277),X,29,27.4,21.8,17.8,89.6,X,관심,X,낮음
7/6/2020,의성(278),X,29.8,28.8,22.8,17.2,85.5,X,관심,X,낮음
7/6/2020,구미(279),X,30.1,27.9,23,19,91.9,X,관심,X,낮음
7/6/2020,영천(281),X,29.1,28,23.2,18.1,83.5,X,관심,X,낮음
7/6/2020,경주시(283),X,29.7,27.8,23.2,18.6,86.6,X,관심,X,낮음
7/6/2020,거창(284),X,27.8,25.8,21.6,17.4,89.8,X,관심,X,낮음
7/6/2020,합천(285),X,28.1,25.7,22.1,18.2,90.9,X,관심,X,낮음
7/6/2020,밀양(288),X,28.1,26.2,23,19.3,83.5,X,관심,X,낮음
7/6/2020,산청(289),X,27.8,25.5,21.6,18.1,91.8,X,관심,X,낮음
7/6/2020,거제(294),X,26.8,23.8,22.2,20.4,93.4,X, ,X,낮음
7/6/2020,남해(295),X,26.4,22.9,21.7,19.6,94.8,X, ,X,낮음
7/6/2020,부천(433),X,,29.6,24.6,20.9,,X, ,X,낮음
7/6/2020,안양(434),X,,30.7,25.7,22,,X, ,X,낮음
7/6/2020,광명(437),X,,32,26,22.3,,X, ,X,낮음
7/6/2020,군포(438),X,,31.4,25.6,21.2,,X, ,X,낮음
7/6/2020,김포(441),X,,29.6,24.4,20.1,,X, ,X,낮음
7/6/2020,하남(444),X,,30.7,24.9,19.5,,X, ,X,낮음
7/6/2020,의왕(445),X,,29.1,23.2,18.2,,X, ,X,낮음
7/6/2020,포천(504),X,30.2,30.5,25.1,20.1,66,X, ,X,낮음
7/6/2020,가평조종(505),X,30.1,30,24.2,18.1,73,X,관심,X,낮음
7/6/2020,안성(516),X,31.2,31,24.6,19.6,76,X,관심,X,낮음
7/6/2020,간성(517),X,28.6,26.7,22.5,18.5,89,X, ,X,낮음
7/6/2020,평창(526),X,29.5,30.3,23.5,17.2,70,X,관심,X,낮음
7/6/2020,의정부(532),X,30.9,30,24.6,20.3,83,X, ,X,낮음
7/6/2020,횡성(536),X,31,30.7,24.1,17.8,77,X, ,X,낮음
7/6/2020,고양(540),X,32.1,32.5,24.6,19.2,72,X, ,X,낮음
7/6/2020,남양주(541),X,30.9,31.5,25.6,20.8,66,X, ,X,낮음
7/6/2020,안산(545),X,30.8,30.3,23.6,17.4,80,X, ,X,낮음
7/6/2020,경기광주(546),X,30.5,30.1,24.3,18.9,72,X,관심,X,낮음
7/6/2020,여주(548),X,30.4,29.8,24.2,19.1,74,X,관심,X,낮음
7/6/2020,용인(549),X,30,30.5,23.7,19,68,X, ,X,낮음
7/6/2020,오산(550),X,30.5,31,24.9,19.7,64,X, ,X,낮음
7/6/2020,평택(551),X,31,30.3,24.2,19.7,78,X, ,X,낮음
7/6/2020,화천(555),X,31.2,31.8,24.4,17.9,77,X,관심,X,낮음
7/6/2020,양구(556),X,30.6,31,23.7,16.9,71,X, ,X,낮음
7/6/2020,시흥(565),X,30.7,30.8,24.5,19.1,71,X, ,X,낮음
7/6/2020,구리(569),X,30.9,31.6,26,20.9,62,X, ,X,낮음
7/6/2020,화성(571),X,31.3,31.1,24.5,19.9,70,X, ,X,낮음
7/6/2020,성남(572),X,30.4,30.5,25.5,20.5,63,X, ,X,매우높음
7/6/2020,과천(590),X,30.6,30.7,24.8,19.8,71,X, ,X,낮음
7/6/2020,양주(598),X,30.7,30.4,24.5,19.2,72,X, ,X,낮음
7/6/2020,단양(601),X,31.4,30.9,24.2,18.1,84,X,관심,X,낮음
7/6/2020,진천(602),X,30,29.5,24.4,18.8,74,X,관심,X,낮음
7/6/2020,괴산(603),X,30,30.1,24,18,76,X,관심,X,낮음
7/6/2020,옥천(604),X,30.1,29.3,22.6,18.6,88,X,관심,X,낮음
7/6/2020,홍북(608),X,30.5,28.8,22.7,18.7,85,X,관심,X,낮음
7/6/2020,공주(612),X,30.8,30.3,24.4,18.8,80,X,관심,X,낮음
7/6/2020,서천(614),X,30.5,29.1,24.3,20.4,80,X, ,X,낮음
7/6/2020,논산(615),X,31.1,30.2,23.7,19.2,85,X,관심,X,낮음
7/6/2020,당진(616),X,29.2,27.7,22.6,18.3,81,X, ,X,낮음
7/6/2020,청양(618),X,30.7,29.3,23.2,18.2,84,X,관심,X,낮음
7/6/2020,음성(619),X,30,29.4,23.3,17.8,80,X,관심,X,낮음
7/6/2020,증평(623),X,30.5,29.4,24.4,18.7,80,X, ,X,낮음
7/6/2020,태안(627),X,30.3,29,23.2,19.7,84,X, ,X,낮음
7/6/2020,예산(628),X,30.9,29.9,24.3,19.6,79,X, ,X,낮음
7/6/2020,아산(634),X,30.7,30.9,24.4,19.5,71,X,관심,X,낮음
7/6/2020,계룡(636),X,29.2,28.7,22.2,16.5,82,X, ,X,낮음
7/6/2020,연천청산(652),X,30.4,30.5,24.4,19.4,74,X, ,X,낮음
7/6/2020,양양(670),X,29.2,27.1,23.4,19.8,89,X, ,X,낮음
7/6/2020,무안(699),X,27.5,24.5,22.5,19.8,91,X, ,X,낮음
7/6/2020,무주(701),X,30.4,28.7,21.8,16.4,92,X,관심,X,낮음
7/6/2020,익산(702),X,31.1,29.9,23.7,19,87,X,관심,X,낮음
7/6/2020,진안(703),X,27.4,25.7,20.9,16.8,92,X,관심,X,낮음
7/6/2020,담양(706),X,29.1,25.5,22.8,19.8,95,X,관심,X,낮음
7/6/2020,구례(709),X,28.1,25.3,22.8,19.4,91,X,관심,X,낮음
7/6/2020,나주(710),X,28.1,25.2,22.9,19.5,93,X,관심,X,낮음
7/6/2020,순천시(712),X,28.1,25.8,23.2,20.9,91,X,관심,X,낮음
7/6/2020,광양읍(713),X,27.1,26.1,23.3,20.2,73,X,관심,X,낮음
7/6/2020,장성(730),X,28.2,25.8,22.6,19.5,92,X, ,X,낮음
7/6/2020,영암(731),X,28.3,25.3,23.2,20.3,91,X,관심,X,낮음
7/6/2020,보성(732),X,26.2,23,21.5,18.9,96,X,관심,X,낮음
7/6/2020,완주(734),X,29.7,28.2,23,18.2,89,X,관심,X,낮음
7/6/2020,김제(737),X,30,29,23.1,20.1,90,X, ,X,낮음
7/6/2020,화순(741),X,27.1,24.8,22.7,19.5,83,X,관심,X,낮음
7/6/2020,함평(754),X,28,25.1,22.9,19.9,91,X,관심,X,낮음
7/6/2020,곡성(768),X,27.3,25.1,22.1,18.8,87,X,관심,X,낮음
7/6/2020,압해도(789),X,28.6,25.4,22.6,19.8,92,X, ,X,낮음
7/6/2020,영양(801),X,29.4,28.6,22.2,17.7,86,X,관심,X,낮음
7/6/2020,성주(810),X,30.2,,,,,X,관심,X,낮음
7/6/2020,고령(812),X,28.4,25.8,22.2,18.2,91,X,관심,X,낮음
7/6/2020,청도(813),X,28.6,26.7,22.8,18.3,87,X,관심,X,낮음
7/6/2020,예천(815),X,29.6,28.6,23.2,17.9,80,X, ,X,낮음
7/6/2020,김천(822),X,31,29,22.9,18.5,91,X,관심,X,낮음
7/6/2020,군위(823),X,29.9,28.4,22.7,18.1,89,X,관심,X,낮음
7/6/2020,칠곡(825),X,29.7,27.9,23.5,19.4,88,X,관심,X,낮음
7/6/2020,경산(827),X,29.2,27.9,24,19.4,77,X,관심,X,낮음
7/6/2020,삼척(876),X,28.4,27.4,23.1,20.5,75,X, ,X,낮음
7/6/2020,속초(90),X,29.2,27.9,22.8,19,80.9,X, ,X,낮음
7/6/2020,삼천포(907),X,26.8,23.8,21.9,19.8,93,X,관심,X,낮음
7/6/2020,고성(918),X,27.5,24.3,22.6,20.2,93,X, ,X,낮음
7/6/2020,창녕(919),X,28.2,25.4,23,19.7,89,X,관심,X,낮음
7/6/2020,함안(920),X,27.5,24.5,22.2,19,93,X,관심,X,낮음
7/6/2020,북춘천(93),X,30.6,31.1,25,18.7,71.6,X,관심,X,매우높음
7/6/2020,하동(932),X,27.8,25.2,22.7,19.8,90,X,관심,X,낮음
7/6/2020,철원(95),X,30.8,30,24.2,18.7,83.9,X, ,X,낮음
7/6/2020,동두천(98),X,30.8,30,24.5,19.7,78.5,X, ,X,낮음
7/6/2020,파주(99),X,30.2,28.8,23.3,17.8,81.8,X, ,X,낮음
7/7/2020,북강릉(104),X,28.4,27,22.7,19.2,83.3,X, ,X,매우높음
7/7/2020,동해(106),X,26.2,24.2,21.2,19.1,88.4,X, ,X,낮음
7/7/2020,서울(108),X,29.2,28.1,24.1,22.1,75.5,X, ,X,보통
7/7/2020,인천(112),X,27.8,26.2,23,21.3,81.4,X, ,X,매우높음
7/7/2020,원주(114),X,28.1,27.8,24.7,22.1,64.3,X,관심,X,낮음
7/7/2020,울릉도(115),X,28.6,25.7,22.5,20.6,94.8,X, ,X,낮음
7/7/2020,수원(119),X,29.3,27.9,23.3,20.7,83.4,X, ,X,낮음
7/7/2020,영월(121),X,29.5,29.1,23.5,20.1,74.9,X,관심,X,낮음
7/7/2020,충주(127),X,28.4,27.1,24,21.1,76.8,X,관심,X,낮음
7/7/2020,서산(129),X,28.5,27.2,23.1,19.6,83.5,X, ,X,매우높음
7/7/2020,울진(130),X,28.3,25.9,22.2,19.6,90.4,X, ,X,낮음
7/7/2020,청주(131),X,29.6,28.5,25,22.7,71.9,X,관심,X,매우높음
7/7/2020,대전(133),X,30.4,28.7,24.7,22.5,83.1,X, ,X,매우높음
7/7/2020,추풍령(135),X,28.9,27.5,23.3,20,79.6,X,관심,X,낮음
7/7/2020,안동(136),X,30.1,28.7,24.1,20,80.4,X,관심,X,매우높음
7/7/2020,상주(137),X,31.7,30,24.8,21.3,85.4,X, ,X,낮음
7/7/2020,포항(138),O,33.3,32.7,27.2,23.4,73.6,X,관심,X,낮음
7/7/2020,군산(140),X,28.6,26.5,23.1,20.5,85.5,X, ,X,낮음
7/7/2020,대구(143),X,31.9,32.4,26.5,23.1,70.4,X,관심,X,매우높음
7/7/2020,전주(146),X,29.7,28.1,23.9,21.7,84,X, ,X,매우높음
7/7/2020,울산(152),X,31.2,29.8,24.3,20.6,86.1,X,관심,X,매우높음
7/7/2020,창원(155),X,30.6,29,24,21.3,82.5,X,관심,X,매우높음
7/7/2020,광주(156),X,32.5,31.6,25.3,22.3,82.9,X,관심,X,매우높음
7/7/2020,부산(159),X,27.6,25.1,22.7,21.6,88,X,관심,X,매우높음
7/7/2020,통영(162),X,28.5,24.7,22.1,20.5,97,X, ,X,낮음
7/7/2020,목포(165),X,29.6,27.8,23.3,20.8,89.5,X, ,X,매우높음
7/7/2020,여수(168),X,28.8,26.4,23.3,21.6,93.8,X,관심,X,낮음
7/7/2020,흑산도(169),X,26.5,23.7,20.5,18.1,95.5,X, ,X,낮음
7/7/2020,완도(170),X,30.3,28.2,23.2,20.4,88.6,X, ,X,낮음
7/7/2020,고창(172),X,30.6,28.4,23.7,21.1,87.1,X, ,X,낮음
7/7/2020,제주(184),X,28.3,25.5,22.5,21.2,95.5,X, ,X,보통
7/7/2020,진주(192),X,31.7,30.1,24.6,21.8,84.9,X,관심,X,낮음
7/7/2020,양평(202),X,28.8,27.9,24.3,22.1,73.9,X,관심,X,낮음
7/7/2020,이천(203),X,29.4,27.8,24.1,21.2,80.1,X, ,X,낮음
7/7/2020,인제(211),X,27.8,26.7,23.1,19.5,77,X, ,X,낮음
7/7/2020,홍천(212),X,28.5,27.8,23.4,20.2,75.9,X,관심,X,낮음
7/7/2020,태백(216),X,27.7,27.4,21.7,17.1,75.9,X, ,X,낮음
7/7/2020,정선군(217),X,29.3,28.6,23.2,18.8,77.4,X, ,X,낮음
7/7/2020,제천(221),X,28.2,27.3,23,20,78.4,X, ,X,낮음
7/7/2020,보은(226),X,28.8,27.8,23.5,19.9,82.9,X, ,X,낮음
7/7/2020,천안(232),X,28.6,27.1,23.7,20.4,79.4,X,관심,X,낮음
7/7/2020,보령(235),X,28.2,26.5,23.1,20.6,84,X, ,X,낮음
7/7/2020,부여(236),X,30.1,28.7,24.1,20.9,80.8,X, ,X,낮음
7/7/2020,금산(238),X,29.5,27.9,24,21.5,85,X,관심,X,낮음
7/7/2020,세종(239),X,30.1,28.9,24.1,21.5,77.8,X,관심,X,매우높음
7/7/2020,부안(243),X,28.8,26.3,23.1,21,90.4,X, ,X,낮음
7/7/2020,임실(244),X,30.5,28.7,23.5,20.2,85.8,X,관심,X,낮음
7/7/2020,정읍(245),X,30.7,28.9,23.5,20.1,83.8,X,관심,X,낮음
7/7/2020,남원(247),X,31.8,30.8,25.2,20.9,81,X,관심,X,낮음
7/7/2020,장수(248),X,29.7,28.2,22.8,18.8,88.3,X,관심,X,낮음
7/7/2020,영광군(252),X,29.9,27.8,23.4,20.5,84.9,X, ,X,낮음
7/7/2020,김해시(253),X,31.7,29.8,24.2,21.6,86.4,X,관심,X,낮음
7/7/2020,순창군(254),X,31.3,30,24.9,21.4,79.4,X,관심,X,낮음
7/7/2020,양산시(257),X,31.4,30.2,25,22.6,84.5,X,관심,X,낮음
7/7/2020,강진군(259),X,30.8,29.4,24.6,21.3,81.6,X,관심,X,낮음
7/7/2020,장흥(260),X,30.6,28.7,24.2,21.1,85.8,X,관심,X,낮음
7/7/2020,해남(261),X,31.5,29.6,23.8,20.6,87,X,관심,X,낮음
7/7/2020,고흥(262),X,30.4,28.2,23.8,21.2,87.1,X,관심,X,낮음
7/7/2020,의령군(263),X,32.4,31.6,26,22.5,75.8,X,관심,X,낮음
7/7/2020,함양군(264),X,31.9,31.5,25.4,19.6,75.6,X,관심,X,낮음
7/7/2020,진도군ASOS(268),X,30.3,28.2,23.1,20.3,89.5,X, ,X,낮음
7/7/2020,봉화(271),X,28.1,26.6,22,18,85,X, ,X,낮음
7/7/2020,영주(272),X,28.7,27.7,23.7,20.4,78,X, ,X,낮음
7/7/2020,문경(273),X,29.7,28.4,23.9,20.1,81.1,X, ,X,낮음
7/7/2020,청송군(276),X,31.3,29.6,23.3,19,87.6,X, ,X,낮음
7/7/2020,영덕(277),X,30.8,29.1,24.1,19.8,81.6,X, ,X,낮음
7/7/2020,의성(278),X,31.2,30.3,24.4,20.1,81.9,X,관심,X,낮음
7/7/2020,구미(279),X,32.4,30.4,25.5,21.3,87.9,X,관심,X,낮음
7/7/2020,영천(281),X,31.6,31,25.8,21.3,75.5,X,관심,X,낮음
7/7/2020,경주시(283),O,33.4,32.3,26.2,21.3,78.9,X,관심,X,낮음
7/7/2020,거창(284),X,32.1,31.6,24.9,19.7,77.9,X,관심,X,낮음
7/7/2020,합천(285),X,32.5,31.6,25.3,20.3,80.4,X,관심,X,낮음
7/7/2020,밀양(288),X,31.9,31.4,25.8,21.9,76,X,관심,X,낮음
7/7/2020,산청(289),X,31.9,30.6,24.8,20.8,82.6,X,관심,X,낮음
7/7/2020,거제(294),X,29,26.5,23,21.1,87.9,X, ,X,낮음
7/7/2020,남해(295),X,29.8,28.1,23.4,20.7,87.3,X,관심,X,낮음
7/7/2020,부천(433),X,,27.8,23.3,21.5,,X, ,X,낮음
7/7/2020,안양(434),X,,27.7,23.7,21.3,,X, ,X,낮음
7/7/2020,광명(437),X,,28.8,24.5,22.2,,X, ,X,낮음
7/7/2020,군포(438),X,,28.3,23.8,21.4,,X, ,X,낮음
7/7/2020,김포(441),X,,27.8,23.1,20.4,,X, ,X,낮음
7/7/2020,하남(444),X,,28.3,24,20.6,,X, ,X,낮음
7/7/2020,의왕(445),X,,26.3,22,18.8,,X, ,X,낮음
7/7/2020,포천(504),X,28.8,27.9,23.5,21.5,72,X,관심,X,낮음
7/7/2020,가평조종(505),X,28.4,26.8,22.8,19.7,80,X,관심,X,낮음
7/7/2020,안성(516),X,29.4,28.1,23.7,20.6,81,X, ,X,낮음
7/7/2020,간성(517),X,29.2,26.3,22.6,19.8,93,X, ,X,낮음
7/7/2020,평창(526),X,28.3,27.8,23.1,19,71,X, ,X,낮음
7/7/2020,의정부(532),X,30.6,28.3,23.9,21.6,88,X, ,X,낮음
7/7/2020,횡성(536),X,29.4,28.1,23.2,21.1,83,X,관심,X,낮음
7/7/2020,고양(540),X,30.7,30.1,23.6,20.1,78,X, ,X,낮음
7/7/2020,남양주(541),X,29.6,29.3,24.6,22.2,70,X, ,X,낮음
7/7/2020,안산(545),X,28.8,27.8,22.7,18.9,83,X, ,X,낮음
7/7/2020,경기광주(546),X,28.8,27.7,23.2,21.3,78,X,관심,X,낮음
7/7/2020,여주(548),X,28.2,27.2,23.6,21.4,75,X, ,X,낮음
7/7/2020,용인(549),X,27.6,26.8,23.2,20.9,71,X, ,X,낮음
7/7/2020,오산(550),X,28.6,27.9,23.5,21,70,X, ,X,낮음
7/7/2020,평택(551),X,29.2,27.9,23.8,21.4,79,X, ,X,낮음
7/7/2020,화천(555),X,29.4,28.6,23.4,18.5,82,X,관심,X,낮음
7/7/2020,양구(556),X,28.1,27.2,23,19.1,76,X,관심,X,낮음
7/7/2020,시흥(565),X,28.8,28,23.5,19.6,75,X, ,X,낮음
7/7/2020,구리(569),X,29.4,29.3,24.6,22,66,X, ,X,낮음
7/7/2020,화성(571),X,28.8,28.2,23.4,20.7,75,X, ,X,낮음
7/7/2020,성남(572),X,28.7,28.2,24.1,22.2,70,X, ,X,매우높음
7/7/2020,과천(590),X,29.2,28.3,23.8,20.2,76,X, ,X,낮음
7/7/2020,양주(598),X,28.8,27.9,23.6,21.1,78,X, ,X,낮음
7/7/2020,단양(601),X,30.3,28.3,24.2,21.6,91,X,관심,X,낮음
7/7/2020,진천(602),X,28.5,26.9,23.7,20.4,77,X, ,X,낮음
7/7/2020,괴산(603),X,29,27.9,23.7,19.4,78,X, ,X,낮음
7/7/2020,옥천(604),X,29.6,28.3,24.4,21.8,80,X,관심,X,낮음
7/7/2020,홍북(608),X,29.4,27.4,22.3,18.2,92,X,관심,X,낮음
7/7/2020,공주(612),X,30.6,29.5,24.6,20.8,78,X,관심,X,낮음
7/7/2020,서천(614),X,29.1,27.3,24.1,21.5,82,X, ,X,낮음
7/7/2020,논산(615),X,30.5,29,24.6,21.8,83,X, ,X,낮음
7/7/2020,당진(616),X,27.7,25.8,22.1,19.5,86,X, ,X,낮음
7/7/2020,청양(618),X,29.6,27.9,23.1,19.2,84,X,관심,X,낮음
7/7/2020,음성(619),X,28.5,26.9,23.2,19.4,83,X, ,X,낮음
7/7/2020,증평(623),X,28.8,27.5,24.1,20.6,79,X,관심,X,낮음
7/7/2020,태안(627),X,28.7,26.8,22.6,20.1,88,X, ,X,낮음
7/7/2020,예산(628),X,28.8,26.7,23.4,20.5,85,X, ,X,낮음
7/7/2020,아산(634),X,28,27.2,23.5,20.6,76,X,관심,X,낮음
7/7/2020,계룡(636),X,29,27.7,23.2,19.3,81,X, ,X,낮음
7/7/2020,연천청산(652),X,28.9,27.3,23.3,20,80,X, ,X,낮음
7/7/2020,양양(670),X,31.7,29.6,23.7,20.7,94,X, ,X,낮음
7/7/2020,무안(699),X,30.4,28.8,23.5,20.8,86,X, ,X,낮음
7/7/2020,무주(701),X,30.8,28.8,23.8,20.7,91,X, ,X,낮음
7/7/2020,익산(702),X,30,28.2,23.9,20.2,85,X, ,X,낮음
7/7/2020,진안(703),X,29.3,27.7,23,19.4,86,X,관심,X,낮음
7/7/2020,담양(706),O,34.2,32.4,26,22,87,X,관심,X,낮음
7/7/2020,구례(709),X,32.4,31.4,25.4,21.2,84,X,관심,X,낮음
7/7/2020,나주(710),X,31.8,30.4,25.1,22,82,X,관심,X,낮음
7/7/2020,순천시(712),X,31.2,29.2,24.7,21.8,88,X,관심,X,낮음
7/7/2020,광양읍(713),X,31.1,31,25.3,21.6,71,X,관심,X,낮음
7/7/2020,장성(730),X,31.9,30.4,24.7,21.4,82,X,관심,X,낮음
7/7/2020,영암(731),X,31.8,30,24.8,20.8,86,X,관심,X,낮음
7/7/2020,보성(732),X,30.2,28.1,23.5,20.8,88,X,관심,X,낮음
7/7/2020,완주(734),X,29.7,27.8,23.6,20.7,88,X,관심,X,낮음
7/7/2020,김제(737),X,30.1,28.3,23.5,21,88,X,관심,X,낮음
7/7/2020,화순(741),X,31.5,31.2,24.8,21.5,76,X,관심,X,낮음
7/7/2020,함평(754),X,31.7,30.1,24.4,21.3,83,X,관심,X,낮음
7/7/2020,곡성(768),X,31.9,31.5,26,20.6,75,X,관심,X,낮음
7/7/2020,압해도(789),X,30.7,28.1,23.5,20.8,91,X, ,X,낮음
7/7/2020,영양(801),X,30.1,28.9,23.2,18.9,86,X, ,X,낮음
7/7/2020,성주(810),X,31.9,30.9,25.5,21.7,76,X, ,X,낮음
7/7/2020,고령(812),X,32.6,32.2,25.2,21.4,89,X, ,X,낮음
7/7/2020,청도(813),X,32.5,32,25.4,21.4,82,X, ,X,낮음
7/7/2020,예천(815),X,30.3,29.8,24.2,20.3,77,X, ,X,낮음
7/7/2020,김천(822),X,32.8,30.9,25.4,21.9,86,X,관심,X,낮음
7/7/2020,군위(823),X,31.6,30.4,24.8,21.2,83,X, ,X,낮음
7/7/2020,칠곡(825),X,31.5,30.3,25.9,21.7,79,X, ,X,낮음
7/7/2020,경산(827),X,31.9,31.7,25.5,22.2,75,O,관심,X,낮음
7/7/2020,삼척(876),X,28,26.6,22.8,19.7,81,X,관심,X,낮음
7/7/2020,속초(90),X,29,26.9,23.1,21,85.8,X, ,X,낮음
7/7/2020,삼천포(907),X,29.3,26.8,22.8,20.9,91,X,관심,X,낮음
7/7/2020,고성(918),X,30.2,28,23.5,21.6,91,X,관심,X,낮음
7/7/2020,창녕(919),X,32.7,31.6,26,22.3,80,O,관심,X,낮음
7/7/2020,함안(920),X,31.8,30.1,25.2,21.6,81,X,관심,X,낮음
7/7/2020,북춘천(93),X,29,28.1,24.1,20,79.3,X,관심,X,보통
7/7/2020,하동(932),X,31.7,30.4,24.7,21.3,86,O,관심,X,낮음
7/7/2020,철원(95),X,29,26.9,22.9,19.7,90.3,X, ,X,낮음
7/7/2020,동두천(98),X,30.1,28.2,23.2,21.1,85.5,X, ,X,낮음
7/7/2020,파주(99),X,29.1,27.3,23.1,20.5,85.8,X, ,X,낮음
7/8/2020,북강릉(104),X,27.6,25.8,22.3,19.1,80.3,X, ,X,매우높음
7/8/2020,동해(106),X,26.8,25.3,20.9,19.2,86.8,X, ,X,낮음
7/8/2020,서울(108),X,31,30.4,25.5,21.3,71.9,X,관심,X,매우높음
7/8/2020,인천(112),X,28.5,27,23.1,20.7,83.8,X,관심,X,매우높음
7/8/2020,원주(114),X,30,30.8,25.7,20.6,61.6,X,관심,X,낮음
7/8/2020,울릉도(115),X,27,24.6,21.4,19.9,93.1,X, ,X,낮음
7/8/2020,수원(119),X,30.8,29.6,23.6,19.9,84.9,X,관심,X,낮음
7/8/2020,영월(121),X,31.9,33,25.2,19.3,67.5,X,관심,X,낮음
7/8/2020,충주(127),X,32.9,32.4,24.9,19.8,73,X,관심,X,낮음
7/8/2020,서산(129),X,30.9,30.2,23.3,17.4,80.8,X, ,X,매우높음
7/8/2020,울진(130),X,27.1,25.1,21.4,19,89.5,X, ,X,낮음
7/8/2020,청주(131),X,30.9,30.9,25.3,21,68.8,X,관심,X,매우높음
7/8/2020,대전(133),X,31.1,30.2,25.2,20.2,79.9,X,관심,X,매우높음
7/8/2020,추풍령(135),X,29,28.8,23.3,18.8,73.3,X,관심,X,낮음
7/8/2020,안동(136),X,30.8,31.2,24.6,19.1,72.6,X,관심,X,매우높음
7/8/2020,상주(137),X,31.3,30.7,25.1,20.3,75.8,X,관심,X,낮음
7/8/2020,포항(138),X,30.3,28.7,23.6,21.3,83.8,X,관심,X,낮음
7/8/2020,군산(140),X,29.4,27.5,22.7,19.3,85.4,X, ,X,낮음
7/8/2020,대구(143),X,30.3,31,26.2,22.3,64.5,X,관심,X,매우높음
7/8/2020,전주(146),X,30.1,29,24.1,20.7,79.4,X,관심,X,매우높음
7/8/2020,울산(152),X,29.8,28.6,24.3,20.5,80.8,X,관심,X,매우높음
7/8/2020,창원(155),X,30.8,30.8,24.8,20.8,72.8,X,관심,X,매우높음
7/8/2020,광주(156),X,31.8,30.8,24.8,20.3,81.1,X,관심,X,매우높음
7/8/2020,부산(159),X,29.3,28.1,23.5,21.3,82,X,관심,X,매우높음
7/8/2020,통영(162),X,28.9,27.1,22.7,20.6,90.8,X, ,X,낮음
7/8/2020,목포(165),X,28.1,26,23.2,21,85.1,X, ,X,매우높음
7/8/2020,여수(168),X,29.2,27.8,24,21.8,84.3,X, ,X,낮음
7/8/2020,흑산도(169),X,27.9,25.1,21.4,19.4,94.4,X, ,X,낮음
7/8/2020,완도(170),X,30.6,29,24.1,20.1,81.1,X, ,X,낮음
7/8/2020,고창(172),X,29.4,27.5,22.4,18.7,88.3,X, ,X,낮음
7/8/2020,제주(184),X,27.7,25.6,22.3,20,90.3,X, ,X,매우높음
7/8/2020,진주(192),X,31,30.2,24.9,20.8,80.3,X,관심,X,낮음
7/8/2020,양평(202),X,30.7,31,25,19.3,75.6,X,관심,X,낮음
7/8/2020,이천(203),X,31.4,30.7,24.5,19.4,79.1,X,관심,X,낮음
7/8/2020,인제(211),X,31.4,31.3,23.5,18.4,75.3,X,관심,X,낮음
7/8/2020,홍천(212),X,31,31.3,24.6,18.5,71,O,관심,X,낮음
7/8/2020,태백(216),X,26.5,25.6,20.6,15.4,83.5,X, ,X,낮음
7/8/2020,정선군(217),X,30.9,31.4,24.2,18,74.4,X,관심,X,낮음
7/8/2020,제천(221),X,30.3,30.3,24.3,17.9,73.3,X,관심,X,낮음
7/8/2020,보은(226),X,29.6,28.7,23.2,18.2,81.6,X,관심,X,낮음
7/8/2020,천안(232),X,30.3,29.6,23.4,18.1,80.4,X,관심,X,낮음
7/8/2020,보령(235),X,28.8,27,21.9,18.4,86.8,X, ,X,낮음
7/8/2020,부여(236),X,30.4,29.8,23.4,18.3,82.3,X,관심,X,낮음
7/8/2020,금산(238),X,30.3,29.8,24.4,20.3,78,X,관심,X,낮음
7/8/2020,세종(239),X,30.2,29.9,24.2,18.6,75.8,X,관심,X,매우높음
7/8/2020,부안(243),X,29.4,27.7,22.9,20.1,87.4,X,관심,X,낮음
7/8/2020,임실(244),X,29.7,28.7,23.4,19.7,81.1,X,관심,X,낮음
7/8/2020,정읍(245),X,29.7,28.7,23.1,19.4,80.5,X,관심,X,낮음
7/8/2020,남원(247),X,30.7,30.3,25.1,21.2,76.9,X,관심,X,낮음
7/8/2020,장수(248),X,29,28,22.5,17.9,84.8,X,관심,X,낮음
7/8/2020,영광군(252),X,29.4,27.6,22.9,20,84.1,X, ,X,낮음
7/8/2020,김해시(253),X,32,31.1,24.9,21.6,78.5,X,관심,X,낮음
7/8/2020,순창군(254),X,30.4,30.4,24.3,18.5,75.3,X,관심,X,낮음
7/8/2020,양산시(257),X,31.7,31.2,25.5,21.5,75.4,X,관심,X,낮음
7/8/2020,강진군(259),X,31.3,30.6,24.8,20.6,76.5,X,관심,X,낮음
7/8/2020,장흥(260),X,31.2,30.2,23.9,19.2,79,X, ,X,낮음
7/8/2020,해남(261),X,29.9,28.4,23.9,20.1,83.6,X,관심,X,낮음
7/8/2020,고흥(262),X,31.2,29.9,23.8,19.5,79.6,X,관심,X,낮음
7/8/2020,의령군(263),X,31.6,31.5,25.6,20.4,76.1,X,관심,X,낮음
7/8/2020,함양군(264),X,30.8,31.2,24.6,19.2,74.4,X,관심,X,낮음
7/8/2020,진도군ASOS(268),X,28.7,26.5,22.4,19.8,87.3,X, ,X,낮음
7/8/2020,봉화(271),X,28.4,27.6,21.9,16.8,82.4,X, ,X,낮음
7/8/2020,영주(272),X,30,30,24.3,18.7,74,X, ,X,낮음
7/8/2020,문경(273),X,30.5,30,24.9,19.9,75.3,X,관심,X,낮음
7/8/2020,청송군(276),X,30.7,29.5,22.7,17.9,87.4,X,관심,X,낮음
7/8/2020,영덕(277),X,29.6,28.4,22.9,20,83.4,X,관심,X,낮음
7/8/2020,의성(278),X,31.1,31.1,24.3,18.5,77.3,X,관심,X,낮음
7/8/2020,구미(279),X,31.4,30.9,26,21.5,77,X,관심,X,낮음
7/8/2020,영천(281),X,30.1,29.8,24.1,19.5,76.6,X,관심,X,낮음
7/8/2020,경주시(283),X,31.7,30.7,24.6,20.9,80,X,관심,X,낮음
7/8/2020,거창(284),X,30.1,29.9,24.1,18.2,77.5,X,관심,X,낮음
7/8/2020,합천(285),X,30.9,30.7,25.1,20.4,78.1,X,관심,X,낮음
7/8/2020,밀양(288),X,31.2,31.6,25.4,21,72.5,X,관심,X,낮음
7/8/2020,산청(289),X,31.1,30.6,24.8,19.7,75.6,X,관심,X,낮음
7/8/2020,거제(294),X,30,28.7,24.2,21.1,80,X,관심,X,낮음
7/8/2020,남해(295),X,30.2,28.8,23.6,20.2,81.8,X, ,X,낮음
7/8/2020,부천(433),X,,29.9,23.8,20.1,,X,관심,X,낮음
7/8/2020,안양(434),X,,29.3,24.5,21,,X,관심,X,낮음
7/8/2020,광명(437),X,,30.4,25,21.1,,X,관심,X,낮음
7/8/2020,군포(438),X,,30.2,24.3,19.8,,X,관심,X,낮음
7/8/2020,김포(441),X,,29.2,23.4,19.7,,X,관심,X,낮음
7/8/2020,하남(444),X,,31.1,24.8,19.2,,X,관심,X,낮음
7/8/2020,의왕(445),X,,28.2,22.3,17.6,,X,관심,X,낮음
7/8/2020,포천(504),X,30.9,31.1,25.2,19.7,68,X,관심,X,낮음
7/8/2020,가평조종(505),X,30.3,30.3,23.6,18.1,77,X,관심,X,낮음
7/8/2020,안성(516),X,30.8,30.3,23.8,19.3,81,X,관심,X,낮음
7/8/2020,간성(517),X,28.3,25.3,22.1,19.1,94,X, ,X,낮음
7/8/2020,평창(526),X,30.2,31,24.6,17.5,66,X,관심,X,낮음
7/8/2020,의정부(532),X,31.8,30.3,25,20,85,X,관심,X,낮음
7/8/2020,횡성(536),X,31.6,30.8,24,18,79,X,관심,X,낮음
7/8/2020,고양(540),X,32.7,32.4,24.6,19.1,76,X,관심,X,낮음
7/8/2020,남양주(541),X,31.7,31.5,25.4,20.6,69,X,관심,X,낮음
7/8/2020,안산(545),X,30.2,29.2,23,17.7,84,X,관심,X,낮음
7/8/2020,경기광주(546),X,30.7,30.4,24.4,19.2,75,X,관심,X,낮음
7/8/2020,여주(548),X,30.5,30.1,24.1,19,75,X,관심,X,낮음
7/8/2020,용인(549),X,29.8,29.9,23.7,18.6,71,X,관심,X,낮음
7/8/2020,오산(550),X,30.8,30.5,23.8,19.1,75,X,관심,X,낮음
7/8/2020,평택(551),X,30.4,29.4,23.5,19.1,83,X,관심,X,낮음
7/8/2020,화천(555),X,31.2,31,23.7,18,80,X,관심,X,낮음
7/8/2020,양구(556),X,30.8,31.2,24.1,18.4,72,X,관심,X,낮음
7/8/2020,시흥(565),X,29.7,29,23.5,18.3,81,X,관심,X,낮음
7/8/2020,구리(569),X,31.3,31.7,25.8,20.6,65,X,관심,X,낮음
7/8/2020,화성(571),X,30.3,29.7,22.8,19.1,84,X,관심,X,낮음
7/8/2020,성남(572),X,30.6,30.4,25.2,20.3,67,X,관심,X,매우높음
7/8/2020,과천(590),X,30.9,30.3,24.5,19,76,X,관심,X,낮음
7/8/2020,양주(598),X,30.6,30.5,24.8,18.8,74,X,관심,X,낮음
7/8/2020,단양(601),X,32.5,31.8,25.7,21.2,82,X,관심,X,낮음
7/8/2020,진천(602),X,30.5,30,23.9,18.6,76,X,관심,X,낮음
7/8/2020,괴산(603),X,30.8,30.7,24,18,77,X,관심,X,낮음
7/8/2020,옥천(604),X,30.3,30,24.3,19.2,75,X,관심,X,낮음
7/8/2020,홍북(608),X,31.7,30.1,22.4,16.6,87,X,관심,X,낮음
7/8/2020,공주(612),X,31.9,31.8,24.3,18.7,78,X,관심,X,낮음
7/8/2020,서천(614),X,29.3,27.6,23.1,19.2,83,X, ,X,낮음
7/8/2020,논산(615),X,31.4,30.9,24.5,19.3,79,X,관심,X,낮음
7/8/2020,당진(616),X,30.2,28.6,22.7,18.1,84,X, ,X,낮음
7/8/2020,청양(618),X,31.3,30.1,22.8,17.2,82,X,관심,X,낮음
7/8/2020,음성(619),X,30.7,30.4,23.5,18,81,X,관심,X,낮음
7/8/2020,증평(623),X,30.7,30.1,24,18.6,79,X,관심,X,낮음
7/8/2020,태안(627),X,30.7,29.2,22.6,18,87,X, ,X,낮음
7/8/2020,예산(628),X,31,29.5,23.7,18.7,83,X,관심,X,낮음
7/8/2020,아산(634),X,29.7,29.6,23.3,18.2,80,X,관심,X,낮음
7/8/2020,계룡(636),X,30.6,30.4,23.2,18,78,X, ,X,낮음
7/8/2020,연천청산(652),X,30.6,30.1,24.3,19.1,79,X,관심,X,낮음
7/8/2020,양양(670),X,29.3,25.7,23.3,21.4,93,X, ,X,낮음
7/8/2020,무안(699),X,29.3,27.4,23.3,20.7,85,X, ,X,낮음
7/8/2020,무주(701),X,31.2,30.5,24.4,19.5,84,X,관심,X,낮음
7/8/2020,익산(702),X,30.6,29.5,23.8,18.8,84,X,관심,X,낮음
7/8/2020,진안(703),X,29.2,28.2,22.7,18.1,82,X,관심,X,낮음
7/8/2020,담양(706),O,33,31.6,25,19.2,84,X,관심,X,낮음
7/8/2020,구례(709),X,31.3,30.4,25.2,19.8,78,X,관심,X,낮음
7/8/2020,나주(710),X,30.7,29.2,24,18.8,83,X,관심,X,낮음
7/8/2020,순천시(712),X,31.2,29.9,24.9,20.5,81,X,관심,X,낮음
7/8/2020,광양읍(713),X,30.5,31.1,25.2,19.8,65,X,관심,X,낮음
7/8/2020,장성(730),X,30.5,29.5,23.9,19,82,X, ,X,낮음
7/8/2020,영암(731),X,31.2,29.4,23.8,20,86,X,관심,X,낮음
7/8/2020,보성(732),X,30.1,28.7,23.4,19.3,80,X,관심,X,낮음
7/8/2020,완주(734),X,30.7,29.7,23.8,19.6,84,X,관심,X,낮음
7/8/2020,김제(737),X,30.1,28.5,22.9,19.8,87,X, ,X,낮음
7/8/2020,화순(741),X,30,29.8,24.3,19.9,73,X,관심,X,낮음
7/8/2020,함평(754),X,29.7,28,23.7,20.1,85,X,관심,X,낮음
7/8/2020,곡성(768),X,31,31,25.3,20.9,70,X,관심,X,낮음
7/8/2020,압해도(789),X,29.2,26.5,23.1,21,90,X, ,X,낮음
7/8/2020,영양(801),X,31,30.5,22.6,18.7,83,X,관심,X,낮음
7/8/2020,성주(810),X,31.6,32.2,25.9,20.1,67,X,관심,X,낮음
7/8/2020,고령(812),X,30.6,30.9,24.8,20.5,80,X,관심,X,낮음
7/8/2020,청도(813),X,31.4,30.7,24.7,20.9,78,X,관심,X,낮음
7/8/2020,예천(815),X,30.6,30.8,24.6,18.3,70,X,관심,X,낮음
7/8/2020,김천(822),X,32.4,31.8,25.5,19.4,79,X,관심,X,낮음
7/8/2020,군위(823),X,31.9,31.4,25.1,19.1,76,X,관심,X,낮음
7/8/2020,칠곡(825),X,31.1,30.9,26.1,21.3,74,X,관심,X,낮음
7/8/2020,경산(827),X,31.2,31.4,25.4,20.7,70,O,주의,X,낮음
7/8/2020,삼척(876),X,28,27.3,22.4,21.2,80,X, ,X,낮음
7/8/2020,속초(90),X,29.3,27,23.4,20.6,82.1,X, ,X,낮음
7/8/2020,삼천포(907),X,30.4,28.8,23.6,20.8,83,X,관심,X,낮음
7/8/2020,고성(918),X,30.5,28.8,24,19.9,84,X, ,X,낮음
7/8/2020,창녕(919),X,31.4,30.8,25.5,21,76,O,주의,X,낮음
7/8/2020,함안(920),X,31.3,30.4,24.4,20.5,82,X,관심,X,낮음
7/8/2020,북춘천(93),X,31.4,31.2,24.9,17.8,73.5,O,관심,X,매우높음
7/8/2020,하동(932),X,30.9,29.8,24.7,21,82,O,주의,X,낮음
7/8/2020,철원(95),X,30.6,30.2,24,18.9,81.4,X,관심,X,낮음
7/8/2020,동두천(98),X,31.3,30.2,24.5,19.7,80.5,X,관심,X,낮음
7/8/2020,파주(99),X,30.6,29.5,23.6,18.6,82.4,X,관심,X,낮음
7/9/2020,북강릉(104),X,26.1,23.7,21.4,20.5,89.5,X, ,X,매우높음
7/9/2020,동해(106),X,25.5,23,20.7,19.5,90.1,X, ,X,낮음
7/9/2020,서울(108),X,32.1,32.9,27.5,21.8,64.6,X,관심,X,매우높음
7/9/2020,인천(112),X,31.2,30.4,25.3,20.3,76.1,X,관심,X,매우높음
7/9/2020,원주(114),X,30.7,33,27.2,21.7,53.9,X,관심,X,낮음
7/9/2020,울릉도(115),X,28,25.4,22,20.4,92.4,X, ,X,낮음
7/9/2020,수원(119),X,32.8,33,27,20,71,X,관심,X,낮음
7/9/2020,영월(121),O,33.6,35,26.1,19.3,63.4,X,관심,X,낮음
7/9/2020,충주(127),X,31.6,32.1,26.4,20.2,67.1,X,관심,X,낮음
7/9/2020,서산(129),X,32.2,32.1,24.6,20,77.1,X,관심,X,매우높음
7/9/2020,울진(130),X,26.8,24.5,21.6,19.8,87.5,X, ,X,낮음
7/9/2020,청주(131),X,32,32.8,27.5,21.9,63.4,X,관심,X,매우높음
7/9/2020,대전(133),X,32.5,31.6,26.6,21.3,76.1,X,관심,X,매우높음
7/9/2020,추풍령(135),X,29.5,28.4,23.7,19.1,75.8,X,관심,X,낮음
7/9/2020,안동(136),X,31,30.9,24.8,20.2,70.9,X,관심,X,매우높음
7/9/2020,상주(137),X,31.7,30.7,25.3,20.2,78.8,X,관심,X,낮음
7/9/2020,포항(138),X,26.3,23.5,22.1,21.2,88.4,X, ,X,낮음
7/9/2020,군산(140),X,31.7,31,24.9,19.3,79.5,X,관심,X,낮음
7/9/2020,대구(143),X,30.3,29.7,24.4,20.8,74.3,X,관심,X,매우높음
7/9/2020,전주(146),X,32.1,31.7,26.2,20.4,72,X,관심,X,매우높음
7/9/2020,울산(152),X,28,25.7,22.1,20.2,90.9,X,관심,X,매우높음
7/9/2020,창원(155),X,28.7,27.4,22.9,20.3,85.1,X,관심,X,매우높음
7/9/2020,광주(156),X,31.2,29.9,25,21.1,82,X,관심,X,매우높음
7/9/2020,부산(159),X,27.7,25.5,22.2,20.6,87.6,X,관심,X,매우높음
7/9/2020,통영(162),X,28.1,25.9,22.6,20.3,91,X, ,X,낮음
7/9/2020,목포(165),X,29.5,28.1,24.1,21.2,82.9,X, ,X,높음
7/9/2020,여수(168),X,27.5,25.3,22.9,21.2,92.3,X, ,X,낮음
7/9/2020,흑산도(169),X,27.7,25.2,21.7,18.6,91.3,X, ,X,낮음
7/9/2020,완도(170),X,28.5,26.2,22.6,20.1,92,X, ,X,낮음
7/9/2020,고창(172),X,31.2,30.3,25.1,19.4,79.5,X,관심,X,낮음
7/9/2020,제주(184),X,29.6,27.6,23.2,20.9,91.9,X, ,X,높음
7/9/2020,진주(192),X,29.3,27.3,22.6,18.8,90.6,X,관심,X,낮음
7/9/2020,양평(202),X,31.6,31.9,26,20.4,72.5,X,관심,X,낮음
7/9/2020,이천(203),X,32.2,32.3,25.9,19.7,72.6,X,관심,X,낮음
7/9/2020,인제(211),X,30.9,30.8,24.3,19.3,71.9,X,관심,X,낮음
7/9/2020,홍천(212),X,32.1,32.7,25.9,19.9,67.4,O,주의,X,낮음
7/9/2020,태백(216),X,27.2,25.8,20.6,16.6,85.8,X, ,X,낮음
7/9/2020,정선군(217),X,31.3,30.9,23.8,19.3,77.6,X,관심,X,낮음
7/9/2020,제천(221),X,30.7,31.2,25,19,69.1,X,관심,X,낮음
7/9/2020,보은(226),X,30.2,29.5,24.5,18.6,75.6,X,관심,X,낮음
7/9/2020,천안(232),X,31,30.6,25.4,19,73,X,관심,X,낮음
7/9/2020,보령(235),X,31.2,30.1,24.2,18.6,81.3,X,관심,X,낮음
7/9/2020,부여(236),X,32,31.8,25.4,18.7,76.3,X,관심,X,낮음
7/9/2020,금산(238),X,31.1,31.1,25.5,20.4,74.8,X,관심,X,낮음
7/9/2020,세종(239),X,30.7,30.6,25.7,19.7,70.1,X,관심,X,매우높음
7/9/2020,부안(243),X,31.7,31.3,24.7,19.5,83.6,X,관심,X,낮음
7/9/2020,임실(244),X,30.1,29.2,24,19.3,80.4,X,관심,X,낮음
7/9/2020,정읍(245),X,31.2,30.6,25.1,19,75.4,X,관심,X,낮음
7/9/2020,남원(247),X,30.3,29.4,24.9,20.3,76.1,X,관심,X,낮음
7/9/2020,장수(248),X,29.1,27.7,23,18,83.1,X,관심,X,낮음
7/9/2020,영광군(252),X,30.9,30.2,24.9,19.7,77.3,X,관심,X,낮음
7/9/2020,김해시(253),X,29.7,28.1,23.5,21.1,85.3,X,관심,X,낮음
7/9/2020,순창군(254),X,30.9,30.1,24.2,19.6,81.9,X,관심,X,낮음
7/9/2020,양산시(257),X,30.6,29.2,23.7,20.7,84.4,X,관심,X,낮음
7/9/2020,강진군(259),X,29.2,27.4,23.5,20.6,84.9,X, ,X,낮음
7/9/2020,장흥(260),X,29.4,27.8,23.4,19.7,85.3,X, ,X,낮음
7/9/2020,해남(261),X,30.3,28.5,23.4,20,87.9,X,관심,X,낮음
7/9/2020,고흥(262),X,28.3,26.3,22.6,19.2,91.5,X, ,X,낮음
7/9/2020,의령군(263),X,29.8,28.6,23.6,19.7,84.9,X,관심,X,낮음
7/9/2020,함양군(264),X,30.4,29.4,23.1,17.9,82.4,X,관심,X,낮음
7/9/2020,진도군ASOS(268),X,29.9,28.3,23.6,18.9,87.5,X, ,X,낮음
7/9/2020,봉화(271),X,28.5,28.4,22.7,17.6,77.6,X, ,X,낮음
7/9/2020,영주(272),X,30.5,30.4,24.8,19.3,72.1,X, ,X,낮음
7/9/2020,문경(273),X,31.1,30.5,25.1,20.9,73.3,X,관심,X,낮음
7/9/2020,청송군(276),X,30.5,29.6,23.2,17.4,83.3,X,관심,X,낮음
7/9/2020,영덕(277),X,27,24.7,21.3,19.6,88.3,X, ,X,낮음
7/9/2020,의성(278),X,31.4,31.2,25.4,19.2,72.8,X,관심,X,낮음
7/9/2020,구미(279),X,31.9,30.7,25.5,20.7,82.4,X,관심,X,낮음
7/9/2020,영천(281),X,28.8,27.3,22.9,20,80.9,X,관심,X,낮음
7/9/2020,경주시(283),X,29.1,27,23,21.1,85.1,X,관심,X,낮음
7/9/2020,거창(284),X,29.6,28.2,22.8,17.8,84.9,X,관심,X,낮음
7/9/2020,합천(285),X,30.5,29,23.6,19.6,86,X,관심,X,낮음
7/9/2020,밀양(288),X,30.7,30.4,24.4,20.6,77.9,X,관심,X,낮음
7/9/2020,산청(289),X,29.1,27.5,22.5,18.4,88.6,X,관심,X,낮음
7/9/2020,거제(294),X,26.7,24.1,21.3,20.4,92.3,X,관심,X,낮음
7/9/2020,남해(295),X,27.7,25.4,22,19.2,92.5,X, ,X,낮음
7/9/2020,부천(433),X,,32.5,26,19.8,,X,관심,X,낮음
7/9/2020,안양(434),X,,32,27.3,20.9,,X,관심,X,낮음
7/9/2020,광명(437),X,,33.9,27.5,20.8,,X,관심,X,낮음
7/9/2020,군포(438),X,,33.5,26.9,20.1,,X,관심,X,낮음
7/9/2020,김포(441),X,,32.3,25.6,19.3,,X,관심,X,낮음
7/9/2020,하남(444),X,,33.6,26.1,19.8,,X,관심,X,낮음
7/9/2020,의왕(445),X,,30.9,24.9,18.4,,X,관심,X,낮음
7/9/2020,포천(504),X,31.3,32.8,26.1,19.7,63,X,관심,X,낮음
7/9/2020,가평조종(505),X,31.5,31.6,24.7,17.8,76,X,관심,X,낮음
7/9/2020,안성(516),X,32.3,33.1,26.8,20.3,68,X,관심,X,낮음
7/9/2020,간성(517),X,27.8,25,22.2,19.9,94,X, ,X,낮음
7/9/2020,평창(526),X,31.1,32.2,25.3,19.6,65,X,관심,X,낮음
7/9/2020,의정부(532),X,32.2,32.1,25.8,20,77,X,관심,X,낮음
7/9/2020,횡성(536),X,32.7,33.2,25.9,19.5,73,X,관심,X,낮음
7/9/2020,고양(540),O,33.5,34.7,26.1,19.3,70,X,관심,X,낮음
7/9/2020,남양주(541),X,31.6,33.7,26.8,21,62,X,관심,X,낮음
7/9/2020,안산(545),X,32.5,31.8,25,19.5,80,X,관심,X,낮음
7/9/2020,경기광주(546),X,31.3,31.8,25.8,19.4,69,X,관심,X,낮음
7/9/2020,여주(548),X,32,32.5,25.9,19.5,67,X,관심,X,낮음
7/9/2020,용인(549),X,30.9,31.8,24.9,19,66,X,관심,X,낮음
7/9/2020,오산(550),X,31.8,32.8,26.5,19.9,63,X,관심,X,낮음
7/9/2020,평택(551),X,32.3,32.3,26.2,20.4,72,X,관심,X,낮음
7/9/2020,화천(555),X,32.6,33.4,25.3,17.2,73,X,관심,X,낮음
7/9/2020,양구(556),X,31.8,32.3,25.1,19.9,69,X,관심,X,낮음
7/9/2020,시흥(565),X,31.9,32.1,26.2,19.8,71,X,관심,X,낮음
7/9/2020,구리(569),X,32.4,34.2,27.4,21.3,59,X,관심,X,낮음
7/9/2020,화성(571),X,32.7,33.1,26.1,20,72,X,관심,X,낮음
7/9/2020,성남(572),X,31.3,32.1,26.9,20.5,60,X,관심,X,매우높음
7/9/2020,과천(590),X,32,32.6,26,19.2,69,X,관심,X,낮음
7/9/2020,양주(598),X,32.2,33.3,26.1,19.7,71,X,관심,X,낮음
7/9/2020,단양(601),X,32.4,32.4,26.2,19.7,76,X,관심,X,낮음
7/9/2020,진천(602),X,31.7,32,25.9,19.3,70,X,관심,X,낮음
7/9/2020,괴산(603),X,30.8,31.5,25.8,18.9,69,X,관심,X,낮음
7/9/2020,옥천(604),X,31.5,31.2,25.7,20,74,X,관심,X,낮음
7/9/2020,홍북(608),X,31.4,30.8,24.2,18.3,85,X,관심,X,낮음
7/9/2020,공주(612),X,32,32,25.6,19,74,X,관심,X,낮음
7/9/2020,서천(614),X,32.7,32.5,25.8,19.9,77,X,관심,X,낮음
7/9/2020,논산(615),X,32.8,32.9,26.2,19.9,76,X,관심,X,낮음
7/9/2020,당진(616),X,31.5,31.4,24.2,19.9,80,X,관심,X,낮음
7/9/2020,청양(618),X,32.1,31.5,24.4,16.8,80,X,관심,X,낮음
7/9/2020,음성(619),X,30.9,31.3,24.9,18.5,75,X,관심,X,낮음
7/9/2020,증평(623),X,31.5,31.3,26,19.6,72,X,관심,X,낮음
7/9/2020,태안(627),X,31.8,30.5,24.6,19.7,82,X,관심,X,낮음
7/9/2020,예산(628),X,32.1,32,25.7,20.4,77,X,관심,X,낮음
7/9/2020,아산(634),X,31.5,32.3,25.8,20.5,72,X,관심,X,낮음
7/9/2020,계룡(636),X,30.7,30.4,24.6,17.5,74,X,관심,X,낮음
7/9/2020,연천청산(652),X,31.3,32.4,25.4,19.2,74,X,관심,X,낮음
7/9/2020,양양(670),X,28.5,25.1,22.6,21,96,X, ,X,낮음
7/9/2020,무안(699),X,29.7,28.3,24,20.3,82,X,관심,X,낮음
7/9/2020,무주(701),X,31.9,30.8,25.1,19.5,82,X,관심,X,낮음
7/9/2020,익산(702),O,33.5,33.1,26,19,76,X,관심,X,낮음
7/9/2020,진안(703),X,29.2,28.5,24,18.1,76,X,관심,X,낮음
7/9/2020,담양(706),X,32.3,30.7,25.4,19.9,84,X,관심,X,낮음
7/9/2020,구례(709),X,30.6,29.5,24.1,19.4,83,X,관심,X,낮음
7/9/2020,나주(710),X,31.5,30,24.3,19,84,X,관심,X,낮음
7/9/2020,순천시(712),X,30.6,28.7,23.8,20.3,88,X,관심,X,낮음
7/9/2020,광양읍(713),X,29.4,29.3,24.1,19.4,72,X,관심,X,낮음
7/9/2020,장성(730),X,31,30.5,25,19.8,77,X, ,X,낮음
7/9/2020,영암(731),X,30.3,28.9,24.2,20.2,85,X,관심,X,낮음
7/9/2020,보성(732),X,29.3,27.4,22.5,19.3,90,X, ,X,낮음
7/9/2020,완주(734),X,32.3,31.9,25.5,18.9,78,X,관심,X,낮음
7/9/2020,김제(737),X,32.1,31.6,25.1,19.7,81,X,관심,X,낮음
7/9/2020,화순(741),X,30.2,29.5,24.2,19.7,74,X,관심,X,낮음
7/9/2020,함평(754),X,30.6,29.3,24.4,20.1,83,X,관심,X,낮음
7/9/2020,곡성(768),X,31.4,31.3,24.5,19.1,77,X,관심,X,낮음
7/9/2020,압해도(789),X,31.3,29.7,24.3,20.3,86,X, ,X,낮음
7/9/2020,영양(801),X,29.7,28.6,22.8,17.7,80,X, ,X,낮음
7/9/2020,성주(810),X,31.2,30.6,24.4,19.4,76,X,관심,X,낮음
7/9/2020,고령(812),X,30.6,29.7,23.4,18.9,88,X,관심,X,낮음
7/9/2020,청도(813),X,31.6,30.2,24.2,19.3,81,X,관심,X,낮음
7/9/2020,예천(815),X,31.6,31.7,25.5,20.4,67,X,관심,X,낮음
7/9/2020,김천(822),X,32.5,31.1,25.4,20,83,X,관심,X,낮음
7/9/2020,군위(823),X,31,30.3,25,19.4,75,X,관심,X,낮음
7/9/2020,칠곡(825),X,31.4,30.7,25.3,20.7,80,X,관심,X,낮음
7/9/2020,경산(827),X,30.7,29.9,23.7,20.7,77,X,주의,X,낮음
7/9/2020,삼척(876),X,27,25,21.8,19.8,84,X, ,X,낮음
7/9/2020,속초(90),X,27.7,25.8,22.7,21.1,86,X, ,X,낮음
7/9/2020,삼천포(907),X,29,27.1,22.8,19.2,88,X,관심,X,낮음
7/9/2020,고성(918),X,28.9,26.9,22.7,19.6,89,X, ,X,낮음
7/9/2020,창녕(919),X,31.3,30,24.3,20.3,84,X,주의,X,낮음
7/9/2020,함안(920),X,29.7,28.2,23,19.2,91,X,관심,X,낮음
7/9/2020,북춘천(93),X,32.3,32.4,26.1,19.8,71.8,O,주의,X,매우높음
7/9/2020,하동(932),X,29.7,28.1,23.2,19.6,90,X,주의,X,낮음
7/9/2020,철원(95),X,31.9,31.7,25,17.9,79.6,X,관심,X,낮음
7/9/2020,동두천(98),X,31.7,32.2,25.7,19.3,73.1,X,관심,X,낮음
7/9/2020,파주(99),X,31.9,30.7,24.6,19.7,84.1,X,관심,X,낮음
7/10/2020,북강릉(104),X,26.5,23.4,21,19.9,95.9,X, ,X,보통
7/10/2020,동해(106),X,25.7,22.2,20.4,19.6,97.8,X, ,X,낮음
7/10/2020,서울(108),X,28.7,27.7,24.5,22.7,75,X, ,X,보통
7/10/2020,인천(112),X,28.7,27.4,24.2,22.1,76.6,X, ,X,보통
7/10/2020,원주(114),X,28.8,28.5,24.8,22.7,64.1,X, ,X,낮음
7/10/2020,울릉도(115),X,25.4,21.7,21.2,20.6,100,X, ,X,낮음
7/10/2020,수원(119),X,30.6,29.1,25.8,23.1,73.4,X, ,X,낮음
7/10/2020,영월(121),X,30.2,29.5,23.8,20.8,77.9,X, ,X,낮음
7/10/2020,충주(127),X,30.6,29.4,25,22.1,74,X, ,X,낮음
7/10/2020,서산(129),X,31.2,30.4,25.5,22.3,73.6,X,관심,X,보통
7/10/2020,울진(130),X,26.4,22.7,21.1,20.1,97.9,X, ,X,낮음
7/10/2020,청주(131),X,30.7,29.7,25.7,22.3,74.5,X, ,X,보통
7/10/2020,대전(133),X,31.1,29.2,25.4,22.1,85.5,X,관심,X,보통
7/10/2020,추풍령(135),X,28.4,26.7,22.2,20.1,86.5,X, ,X,낮음
7/10/2020,안동(136),X,29.4,27.4,23.8,20.9,83,X, ,X,보통
7/10/2020,상주(137),X,30.5,28.3,23.4,20.7,91.1,X, ,X,낮음
7/10/2020,포항(138),X,28.2,25.2,22.3,21.2,95.6,X, ,X,낮음
7/10/2020,군산(140),X,31,29.3,25.1,22.4,83.9,X, ,X,낮음
7/10/2020,대구(143),X,30.1,28.4,24,21,84,X, ,X,보통
7/10/2020,전주(146),X,31.8,30.4,25.7,22.5,79.5,X, ,X,보통
7/10/2020,울산(152),X,29.2,25.4,22.5,21,98,X, ,X,보통
7/10/2020,창원(155),X,29,26.2,22.9,21.5,92.3,X, ,X,보통
7/10/2020,광주(156),X,31.4,28.3,24.7,22,91.3,X,관심,X,보통
7/10/2020,부산(159),X,28.9,25.9,22.2,20.8,96.5,X, ,X,보통
7/10/2020,통영(162),X,31,27.1,22.9,21.7,99.3,X, ,X,낮음
7/10/2020,목포(165),X,28.2,25.1,23.1,21.7,94.6,X, ,X,보통
7/10/2020,여수(168),X,28.6,26,23.1,21.9,96,X, ,X,낮음
7/10/2020,흑산도(169),X,27.9,24.9,21.6,20.6,95.4,X, ,X,낮음
7/10/2020,완도(170),X,28.6,25.5,23.3,21.7,94.5,X, ,X,낮음
7/10/2020,고창(172),X,31.3,29.5,25.2,22.6,85.4,X,관심,X,낮음
7/10/2020,제주(184),X,31.7,29.8,25.6,21.9,88.3,X, ,X,보통
7/10/2020,진주(192),X,31,28.7,23.9,21.7,91.6,X, ,X,낮음
7/10/2020,양평(202),X,29.4,28.5,24.6,21.9,73.1,X, ,X,낮음
7/10/2020,이천(203),X,30.4,28.8,24,20.9,82.5,X, ,X,낮음
7/10/2020,인제(211),X,26,23.4,21.9,19.7,83.5,X, ,X,낮음
7/10/2020,홍천(212),X,28.3,27.2,23,20.7,77.5,X, ,X,낮음
7/10/2020,태백(216),X,25.6,22.8,18.9,17.6,97.8,X, ,X,낮음
7/10/2020,정선군(217),X,30.5,29.6,22.8,18.9,83.3,X, ,X,낮음
7/10/2020,제천(221),X,29.7,28.7,23.8,20.2,78,X, ,X,낮음
7/10/2020,보은(226),X,29.3,27.5,23.2,20.9,88.1,X, ,X,낮음
7/10/2020,천안(232),X,30,28.6,24.7,22.1,83.1,X,관심,X,낮음
7/10/2020,보령(235),X,31.6,30.6,25.9,22.8,78.5,X, ,X,낮음
7/10/2020,부여(236),X,31.3,30.2,25.4,22.1,82.4,X, ,X,낮음
7/10/2020,금산(238),X,30.5,28.6,24.4,21.3,85.1,X, ,X,낮음
7/10/2020,세종(239),X,30,28.9,25.1,21.6,77.8,X, ,X,보통
7/10/2020,부안(243),X,31.6,29.5,25.2,22.4,87.1,X,관심,X,낮음
7/10/2020,임실(244),X,30.6,29.3,24.6,21.1,81.5,X,관심,X,낮음
7/10/2020,정읍(245),X,31.2,29.8,24.9,22,81.1,X,관심,X,낮음
7/10/2020,남원(247),X,31.7,30.5,25.6,21.5,79.8,X,관심,X,낮음
7/10/2020,장수(248),X,30.4,29.2,23.8,20.5,89.9,X, ,X,낮음
7/10/2020,영광군(252),X,30.5,29,24.7,22.7,84.9,X,관심,X,낮음
7/10/2020,김해시(253),X,29.4,26.6,22.9,21.2,96.9,X, ,X,낮음
7/10/2020,순창군(254),X,31.4,30.4,25.1,21.3,82.3,X,관심,X,낮음
7/10/2020,양산시(257),X,30.2,27.5,23.3,21.4,96.5,X,관심,X,낮음
7/10/2020,강진군(259),X,29.9,28,24.3,22.4,86.8,X,관심,X,낮음
7/10/2020,장흥(260),X,29.7,27.2,24.2,22.3,86.6,X, ,X,낮음
7/10/2020,해남(261),X,29.1,26.3,23.4,21.9,92.1,X, ,X,낮음
7/10/2020,고흥(262),X,29.2,26.6,23.7,21.9,94,X,관심,X,낮음
7/10/2020,의령군(263),X,30.3,28.5,24.3,21.7,87.9,X, ,X,낮음
7/10/2020,함양군(264),X,31.3,30.2,24.6,21.2,83,X,관심,X,낮음
7/10/2020,진도군ASOS(268),X,29.2,26.4,23.4,22,93,X, ,X,낮음
7/10/2020,봉화(271),X,27.9,26.1,22.2,20,86.8,X, ,X,낮음
7/10/2020,영주(272),X,30,28.5,23.4,20.6,86.6,X, ,X,낮음
7/10/2020,문경(273),X,30,27.8,23.2,20.4,90.3,X, ,X,낮음
7/10/2020,청송군(276),X,29.5,26.2,22.3,20.1,97.3,X, ,X,낮음
7/10/2020,영덕(277),X,27.1,23.6,21.3,20,98.6,X, ,X,낮음
7/10/2020,의성(278),X,29.6,27.4,23.6,21,88.9,X, ,X,낮음
7/10/2020,구미(279),X,30.6,27.5,23.6,20.9,96.3,X, ,X,낮음
7/10/2020,영천(281),X,29.1,26.8,22.7,20.6,90.3,X, ,X,낮음
7/10/2020,경주시(283),X,29.2,26.2,22.4,20.7,96.1,X, ,X,낮음
7/10/2020,거창(284),X,30.7,29.6,23.7,20.7,88.1,X,관심,X,낮음
7/10/2020,합천(285),X,30.4,28.3,23.7,20.6,91.8,X, ,X,낮음
7/10/2020,밀양(288),X,29.4,27.2,23.5,21.2,90,X, ,X,낮음
7/10/2020,산청(289),X,30.5,28.5,23.9,20.9,88.9,X,관심,X,낮음
7/10/2020,거제(294),X,28.4,25.2,22.4,21.2,97,X, ,X,낮음
7/10/2020,남해(295),X,28.9,26.5,23.3,21.6,93.9,X, ,X,낮음
7/10/2020,부천(433),X,,27.6,23.8,21.5,,X, ,X,낮음
7/10/2020,안양(434),X,,27.8,25.2,23.6,,X, ,X,낮음
7/10/2020,광명(437),X,,28.3,25.4,23.1,,X, ,X,낮음
7/10/2020,군포(438),X,,28.7,25.4,23.1,,X, ,X,낮음
7/10/2020,김포(441),X,,26.9,23.2,21.5,,X, ,X,낮음
7/10/2020,하남(444),X,,27.3,24.1,21.2,,X, ,X,낮음
7/10/2020,의왕(445),X,,26.2,23.5,21.4,,X, ,X,낮음
7/10/2020,포천(504),X,26.2,24.4,22.5,20.8,76,X, ,X,낮음
7/10/2020,가평조종(505),X,27.9,25.9,21.8,19.2,88,X, ,X,낮음
7/10/2020,안성(516),X,31.2,30.4,25.2,22,80,X, ,X,낮음
7/10/2020,간성(517),X,25.5,22,21.1,20.2,97,X, ,X,낮음
7/10/2020,평창(526),X,29.4,28.7,23.4,20,76,X, ,X,낮음
7/10/2020,의정부(532),X,28.6,26,22.9,20.5,92,X, ,X,낮음
7/10/2020,횡성(536),X,28.9,27.3,23.6,19.9,79,X, ,X,낮음
7/10/2020,고양(540),X,29.6,28.6,23.4,20.5,80,X, ,X,낮음
7/10/2020,남양주(541),X,28.2,27.1,23.8,21.3,74,X, ,X,낮음
7/10/2020,안산(545),X,30,28.8,24.4,21,77,X, ,X,낮음
7/10/2020,경기광주(546),X,28.1,26.6,23.3,21,78,X, ,X,낮음
7/10/2020,여주(548),X,29.2,28.1,23.7,21.7,75,X, ,X,낮음
7/10/2020,용인(549),X,28.6,27.7,24.3,21.6,67,X, ,X,낮음
7/10/2020,오산(550),X,29.9,29.1,25.6,21.8,65,X, ,X,낮음
7/10/2020,평택(551),X,31.6,30.5,25.3,21.6,78,X, ,X,낮음
7/10/2020,화천(555),X,27,24.6,21.5,19.2,93,X, ,X,낮음
7/10/2020,양구(556),X,26.5,24.6,21.4,18.5,86,X, ,X,낮음
7/10/2020,시흥(565),X,29.4,28.7,24.7,21.8,70,X, ,X,낮음
7/10/2020,구리(569),X,29.5,28.5,24.3,22.1,69,X, ,X,낮음
7/10/2020,화성(571),X,30.7,29.9,25.9,22.8,68,X, ,X,낮음
7/10/2020,성남(572),X,29.5,28.9,24.9,22.4,69,X, ,X,보통
7/10/2020,과천(590),X,29.4,28.2,23.9,20.9,78,X, ,X,낮음
7/10/2020,양주(598),X,27.7,25.6,22.2,19.9,85,X, ,X,낮음
7/10/2020,단양(601),X,31.8,29,24.4,21.1,95,X, ,X,낮음
7/10/2020,진천(602),X,29.7,28,24.1,21.9,86,X, ,X,낮음
7/10/2020,괴산(603),X,30.6,29.6,24.4,21.6,81,X, ,X,낮음
7/10/2020,옥천(604),X,30.6,28.9,24.2,21.2,84,X, ,X,낮음
7/10/2020,홍북(608),X,31.4,30.4,25.2,21.6,81,X,관심,X,낮음
7/10/2020,공주(612),X,31.2,29.9,25.5,21.9,80,X,관심,X,낮음
7/10/2020,서천(614),X,31.8,30.6,26.3,23.5,79,X, ,X,낮음
7/10/2020,논산(615),X,31.7,30.4,26.1,22.4,79,X, ,X,낮음
7/10/2020,당진(616),X,30.4,29.3,24.2,21.4,82,X,관심,X,낮음
7/10/2020,청양(618),X,31.6,30.5,25.2,21.9,82,X, ,X,낮음
7/10/2020,음성(619),X,30.5,28.8,23.6,21,86,X, ,X,낮음
7/10/2020,증평(623),X,30.6,28.7,24.5,22.3,84,X, ,X,낮음
7/10/2020,태안(627),X,31.2,29,24.5,21.7,84,X, ,X,낮음
7/10/2020,예산(628),X,32.5,31.1,26,22.7,77,X,관심,X,낮음
7/10/2020,아산(634),X,30.8,30.8,26.2,23.3,64,X,관심,X,낮음
7/10/2020,계룡(636),X,30,28.8,24.4,21.2,80,X, ,X,낮음
7/10/2020,연천청산(652),X,27,25.1,21.8,20.3,90,X, ,X,낮음
7/10/2020,양양(670),X,26.7,23.1,21.5,20.7,97,X, ,X,낮음
7/10/2020,무안(699),X,29.9,27.6,23.6,21.8,92,X,관심,X,낮음
7/10/2020,무주(701),X,31.1,28.7,24.7,20.9,91,X, ,X,낮음
7/10/2020,익산(702),X,31.6,30.2,25.7,22.4,84,X, ,X,낮음
7/10/2020,진안(703),X,30.4,29.1,24.2,20.8,81,X, ,X,낮음
7/10/2020,담양(706),O,33.3,30.5,25.9,21.9,90,X,관심,X,낮음
7/10/2020,구례(709),X,31.6,,,,,X,관심,X,낮음
7/10/2020,나주(710),X,29.8,27.4,24.5,22.3,89,X,관심,X,낮음
7/10/2020,순천시(712),X,31.2,,,,,X,관심,X,낮음
7/10/2020,광양읍(713),X,30.3,29.3,24.6,22.4,78,X,관심,X,낮음
7/10/2020,장성(730),X,31.1,29.3,25.2,22.2,83,X,관심,X,낮음
7/10/2020,영암(731),X,29.7,27.3,24.2,22.4,92,X,관심,X,낮음
7/10/2020,보성(732),X,29.3,26.6,23.4,21.7,92,X,관심,X,낮음
7/10/2020,완주(734),X,32,30.4,25.2,21.7,84,X,관심,X,낮음
7/10/2020,김제(737),X,31.8,30.3,25.1,22.3,87,X,관심,X,낮음
7/10/2020,화순(741),X,30.7,29.4,24.7,22.3,82,X,관심,X,낮음
7/10/2020,함평(754),X,29.9,27.6,24.4,21.9,89,X,관심,X,낮음
7/10/2020,곡성(768),X,31.5,30.4,25.3,21.6,81,X,관심,X,낮음
7/10/2020,압해도(789),X,29.8,26.9,23.9,22.2,93,X,관심,X,낮음
7/10/2020,영양(801),X,28.5,26.1,22.6,20.6,92,X, ,X,낮음
7/10/2020,성주(810),X,29.4,27.9,23.4,20.9,87,X, ,X,낮음
7/10/2020,고령(812),X,30.4,27.8,23.1,20.9,96,X, ,X,낮음
7/10/2020,청도(813),X,28.9,26.6,23.5,21.1,90,X, ,X,낮음
7/10/2020,예천(815),X,29.6,27.8,24.1,21.2,82,X, ,X,낮음
7/10/2020,김천(822),X,30.7,28.3,23.9,21.3,93,X, ,X,낮음
7/10/2020,군위(823),X,30.1,27.7,23.3,21,93,X, ,X,낮음
7/10/2020,칠곡(825),X,30.2,27.8,24,21.3,92,X, ,X,낮음
7/10/2020,경산(827),X,29.6,27.5,23.5,20.9,86,X, ,X,낮음
7/10/2020,삼척(876),X,26.7,23.4,21.2,20,94,X, ,X,낮음
7/10/2020,속초(90),X,25.9,22.3,21.5,20.5,96.5,X, ,X,낮음
7/10/2020,삼천포(907),X,30.1,28,23.6,21.9,92,X, ,X,낮음
7/10/2020,고성(918),X,29.6,27,23.7,22.1,93,X, ,X,낮음
7/10/2020,창녕(919),X,30.3,28.2,24.2,21.6,89,X,관심,X,낮음
7/10/2020,함안(920),X,30.3,27.9,23.6,21.4,93,X, ,X,낮음
7/10/2020,북춘천(93),X,26.7,24.7,23,20.7,83,X, ,X,보통
7/10/2020,하동(932),X,30.6,28.7,24.1,22.1,90,X,관심,X,낮음
7/10/2020,철원(95),X,27.1,24.3,21.8,20,95.5,X, ,X,낮음
7/10/2020,동두천(98),X,26.8,24.1,22.1,20.4,87.6,X, ,X,낮음
7/10/2020,파주(99),X,26.8,24.1,21.6,19.6,89.3,X, ,X,낮음
7/11/2020,북강릉(104),X,24.2,20.8,19,17.7,92.8,X, ,X,보통
7/11/2020,동해(106),X,24.4,21.5,19.6,18,90.6,X, ,X,낮음
7/11/2020,서울(108),X,30.5,30.2,25.8,22.2,62.6,X, ,X,매우높음
7/11/2020,인천(112),X,29.6,29.5,25.8,21.3,60.9,X, ,X,매우높음
7/11/2020,원주(114),X,28.6,29.2,24.8,21.9,60.1,X, ,X,낮음
7/11/2020,울릉도(115),X,25.8,22.1,20.1,18.5,99.1,X, ,X,낮음
7/11/2020,수원(119),X,30.9,30.6,26,21,67.1,X, ,X,낮음
7/11/2020,영월(121),X,30.7,30.2,24.3,20.8,70.4,X, ,X,낮음
7/11/2020,충주(127),X,30.1,29.8,24.9,20.1,70.4,X, ,X,낮음
7/11/2020,서산(129),X,30,29.6,25.1,19.4,70.8,X, ,X,매우높음
7/11/2020,울진(130),X,27.1,25.1,21.7,19.3,86.9,X, ,X,낮음
7/11/2020,청주(131),X,30.6,30,26.7,23.2,65.5,X, ,X,높음
7/11/2020,대전(133),X,31,29.4,26.2,23.5,78.3,X, ,X,높음
7/11/2020,추풍령(135),X,29.6,28.8,24.7,21.2,73.1,X, ,X,낮음
7/11/2020,안동(136),X,30.3,29.5,25.1,22,73.9,X, ,X,높음
7/11/2020,상주(137),X,32.3,30.8,26.1,22.8,77.4,X, ,X,낮음
7/11/2020,포항(138),X,25.9,23.2,21.7,20.2,90.5,X, ,X,낮음
7/11/2020,군산(140),X,29.6,27.6,24.1,21.7,82.9,X, ,X,낮음
7/11/2020,대구(143),X,31.2,31.3,25.5,21.6,71.6,X, ,X,높음
7/11/2020,전주(146),X,30.5,29.4,25.1,22.7,79.3,X,관심,X,높음
7/11/2020,울산(152),X,28.8,26,22.5,20.4,92.8,X, ,X,높음
7/11/2020,창원(155),X,31.2,29.5,23.4,20.9,84.4,X, ,X,높음
7/11/2020,광주(156),X,31,28.9,24.9,21.8,88.1,X,관심,X,매우높음
7/11/2020,부산(159),X,27.1,24.3,21.6,20.2,89.4,X, ,X,높음
7/11/2020,통영(162),X,27.6,24.7,22.1,20.9,92.9,X, ,X,낮음
7/11/2020,목포(165),X,28.1,25.9,23.3,21.5,86,X, ,X,매우높음
7/11/2020,여수(168),X,28.4,25.9,23.3,21.1,90.1,X, ,X,낮음
7/11/2020,흑산도(169),X,27.8,24.8,21.5,19.9,95.4,X, ,X,낮음
7/11/2020,완도(170),X,29.1,26.7,23.7,21.5,87.6,X, ,X,낮음
7/11/2020,고창(172),X,29.2,27.3,24,21.9,84.5,X,관심,X,낮음
7/11/2020,제주(184),X,28.1,25.8,23.3,22.5,88.9,X, ,X,매우높음
7/11/2020,진주(192),X,31.9,29.7,24.7,21.7,87.3,X,관심,X,낮음
7/11/2020,양평(202),X,29.7,29.7,25.1,21.1,67.1,X, ,X,낮음
7/11/2020,이천(203),X,31.2,30.5,24.6,20.6,73.6,X, ,X,낮음
7/11/2020,인제(211),X,24.8,23.7,20.7,17,74.5,X, ,X,낮음
7/11/2020,홍천(212),X,28.5,28,23.3,19.8,68,X, ,X,낮음
7/11/2020,태백(216),X,23,20.3,18,16.2,96.9,X, ,X,낮음
7/11/2020,정선군(217),X,27.6,26.4,22.3,19.5,78.5,X, ,X,낮음
7/11/2020,제천(221),X,28.6,28,23.4,19.3,74.6,X, ,X,낮음
7/11/2020,보은(226),X,29.9,28.8,24.4,21.4,80.6,X, ,X,낮음
7/11/2020,천안(232),X,29.8,28.8,25,20.8,76.5,X, ,X,낮음
7/11/2020,보령(235),X,30.3,28.9,24.1,20.7,79.8,X, ,X,낮음
7/11/2020,부여(236),X,30.7,29.5,25.3,22.3,80.9,X, ,X,낮음
7/11/2020,금산(238),X,30.2,29.1,25.3,22.5,78.8,X, ,X,낮음
7/11/2020,세종(239),X,30.5,29.8,25.4,21.9,72.6,X, ,X,높음
7/11/2020,부안(243),X,29.7,27.8,24.1,21.9,85,X,관심,X,낮음
7/11/2020,임실(244),X,29.6,28.1,24.3,21.8,83.4,X,관심,X,낮음
7/11/2020,정읍(245),X,29.2,27.7,24.3,22,79.6,X,관심,X,낮음
7/11/2020,남원(247),X,30.5,29.2,25.4,22.6,80.5,X,관심,X,낮음
7/11/2020,장수(248),X,29.6,28.4,24,21.3,86.4,X, ,X,낮음
7/11/2020,영광군(252),X,28.6,27.2,23.9,21.5,80.8,X, ,X,낮음
7/11/2020,김해시(253),X,32.2,30.1,23.8,21.7,87.6,X, ,X,낮음
7/11/2020,순창군(254),X,30.1,28.9,25,21.8,82.1,X,관심,X,낮음
7/11/2020,양산시(257),X,32.4,30.5,24.5,22.3,85.5,X, ,X,낮음
7/11/2020,강진군(259),X,29.7,27.7,24.4,22.3,84,X, ,X,낮음
7/11/2020,장흥(260),X,30,27.9,24.1,21.8,84.9,X,관심,X,낮음
7/11/2020,해남(261),X,28.9,26.6,23.5,21.3,88.4,X,관심,X,낮음
7/11/2020,고흥(262),X,30,27.8,23.7,21.5,85.9,X, ,X,낮음
7/11/2020,의령군(263),X,32.5,31.4,25.6,22.7,78.8,X, ,X,낮음
7/11/2020,함양군(264),X,31.3,30.9,25.9,22.6,73.8,X,관심,X,낮음
7/11/2020,진도군ASOS(268),X,28.5,26.1,23,21.4,87.8,X, ,X,낮음
7/11/2020,봉화(271),X,27.2,25.9,21.9,19.1,84.1,X, ,X,낮음
7/11/2020,영주(272),X,29.4,28.8,24.6,20.5,73.1,X, ,X,낮음
7/11/2020,문경(273),X,30.3,29.1,24.9,21.2,78.6,X, ,X,낮음
7/11/2020,청송군(276),X,30.8,29.1,23.3,18.8,89.5,X, ,X,낮음
7/11/2020,영덕(277),X,28.5,26,21.1,19.1,92.6,X, ,X,낮음
7/11/2020,의성(278),X,31.3,30.6,25.1,21.2,80.4,X, ,X,낮음
7/11/2020,구미(279),X,32.6,31.5,26.2,22.4,81.4,X, ,X,낮음
7/11/2020,영천(281),X,30.9,30.3,23.1,19.7,83,X,관심,X,낮음
7/11/2020,경주시(283),X,31.2,29.2,22.9,20.3,87.1,X, ,X,낮음
7/11/2020,거창(284),X,31.6,30.8,25.1,21.5,81,X, ,X,낮음
7/11/2020,합천(285),X,31.9,30.8,25.6,21.6,82.3,X, ,X,낮음
7/11/2020,밀양(288),X,31.9,30.7,25.5,22.8,77.1,X, ,X,낮음
7/11/2020,산청(289),X,31.4,30.2,25,21.5,84.1,X,관심,X,낮음
7/11/2020,거제(294),X,30,27.9,22.5,20.2,89.1,X, ,X,낮음
7/11/2020,남해(295),X,29.9,27.7,24.1,22,85.1,X, ,X,낮음
7/11/2020,부천(433),X,,30.9,25.6,21.2,,X, ,X,낮음
7/11/2020,안양(434),X,,29.7,26,23,,X, ,X,낮음
7/11/2020,광명(437),X,,30.8,26.8,23,,X, ,X,낮음
7/11/2020,군포(438),X,,30.2,25.8,22.4,,X, ,X,낮음
7/11/2020,김포(441),X,,30.6,25.4,21.3,,X, ,X,낮음
7/11/2020,하남(444),X,,29.7,24.7,20.3,,X, ,X,낮음
7/11/2020,의왕(445),X,,28.5,24.3,20.8,,X, ,X,낮음
7/11/2020,포천(504),X,29.4,29,24.1,20.3,64,X, ,X,낮음
7/11/2020,가평조종(505),X,28.6,27.6,22.9,18.5,75,X, ,X,낮음
7/11/2020,안성(516),X,31.2,30.4,25.7,21.2,71,X, ,X,낮음
7/11/2020,간성(517),X,25.3,22.4,19.3,16.8,96,X, ,X,낮음
7/11/2020,평창(526),X,27.1,26.8,22.9,18.4,69,X, ,X,낮음
7/11/2020,의정부(532),X,31,29.3,24.4,20.8,81,X, ,X,낮음
7/11/2020,횡성(536),X,29.7,29.4,24,19.3,73,X, ,X,낮음
7/11/2020,고양(540),X,30.8,30.8,25.4,21,64,X, ,X,낮음
7/11/2020,남양주(541),X,29.9,30.2,25.6,21.4,59,X, ,X,낮음
7/11/2020,안산(545),X,30.6,30.1,24.5,18.6,71,X, ,X,낮음
7/11/2020,경기광주(546),X,29.3,28.7,24.2,19.9,68,X, ,X,낮음
7/11/2020,여주(548),X,29.2,28.4,24.2,20.8,68,X, ,X,낮음
7/11/2020,용인(549),X,29,29.2,24.2,20.3,64,X, ,X,낮음
7/11/2020,오산(550),X,30.5,30.6,25.8,21.7,59,X, ,X,낮음
7/11/2020,평택(551),X,31,29.9,25.4,21.6,70,X, ,X,낮음
7/11/2020,화천(555),X,28.4,27.8,22.7,17.7,77,X, ,X,낮음
7/11/2020,양구(556),X,26.1,25.6,21.2,16,73,X, ,X,낮음
7/11/2020,시흥(565),X,30.3,30.8,26,20.8,59,X, ,X,낮음
7/11/2020,구리(569),X,30.3,30.8,25.7,21.8,57,X, ,X,낮음
7/11/2020,화성(571),X,31.2,31.2,26.3,21.1,61,X, ,X,낮음
7/11/2020,성남(572),X,29.9,30.1,25.6,21.5,60,X, ,X,높음
7/11/2020,과천(590),X,30.5,30.3,25.2,20.5,67,X, ,X,낮음
7/11/2020,양주(598),X,30,29.1,24.3,20.2,69,X, ,X,낮음
7/11/2020,단양(601),X,30.4,29.1,24.7,21.6,84,X, ,X,낮음
7/11/2020,진천(602),X,30,29.1,24.6,20.2,74,X, ,X,낮음
7/11/2020,괴산(603),X,30.6,29.6,24.4,20.4,76,X, ,X,낮음
7/11/2020,옥천(604),X,30.7,29.8,25.6,22.9,76,X, ,X,낮음
7/11/2020,홍북(608),X,30.5,29.8,24.6,19.4,78,X, ,X,낮음
7/11/2020,공주(612),X,31.3,30.4,25.7,21.5,76,X, ,X,낮음
7/11/2020,서천(614),X,30.7,29,25,22.4,81,X, ,X,낮음
7/11/2020,논산(615),X,31.1,30.1,25.7,22.8,80,X, ,X,낮음
7/11/2020,당진(616),X,29.9,28.9,24.2,19.6,77,X, ,X,낮음
7/11/2020,청양(618),X,30.5,29.3,24.2,20.2,83,X, ,X,낮음
7/11/2020,음성(619),X,29.8,28.9,24.4,19.6,75,X, ,X,낮음
7/11/2020,증평(623),X,30.5,29.3,25.2,21.2,76,X, ,X,낮음
7/11/2020,태안(627),X,30.3,29,24.9,20.5,75,X, ,X,낮음
7/11/2020,예산(628),X,30.8,29.7,25.3,20.5,77,X, ,X,낮음
7/11/2020,아산(634),X,29.7,29.9,25.7,20.2,64,X, ,X,낮음
7/11/2020,계룡(636),X,29.8,28.9,24.5,21,78,X, ,X,낮음
7/11/2020,연천청산(652),X,29.7,28.9,23.3,19.3,75,X, ,X,낮음
7/11/2020,양양(670),X,25.3,22.2,19.9,17.7,96,X, ,X,낮음
7/11/2020,무안(699),X,28.5,26.5,23.5,21.8,88,X, ,X,낮음
7/11/2020,무주(701),X,31.9,30.6,25.3,21.8,87,X, ,X,낮음
7/11/2020,익산(702),X,31.8,30.6,25.1,22.5,83,X,관심,X,낮음
7/11/2020,진안(703),X,29.6,28.1,23.8,21.6,83,X, ,X,낮음
7/11/2020,담양(706),X,32.4,29.7,25.5,22.2,91,X,관심,X,낮음
7/11/2020,구례(709),X,31.2,29.7,26.1,23.5,79,X,관심,X,낮음
7/11/2020,나주(710),X,30.2,28,24.3,21.9,87,X,관심,X,낮음
7/11/2020,순천시(712),X,31.6,29.8,25.2,22.1,86,X,관심,X,낮음
7/11/2020,광양읍(713),X,31,30.5,25.6,22.8,69,X,주의,X,낮음
7/11/2020,장성(730),X,30.6,29.1,25,22,82,X, ,X,낮음
7/11/2020,영암(731),X,30.7,28.6,24.1,21.8,90,X,관심,X,낮음
7/11/2020,보성(732),X,30.2,27.6,23.8,21.6,87,X, ,X,낮음
7/11/2020,완주(734),X,30.9,29.4,24.9,22.2,85,X,관심,X,낮음
7/11/2020,김제(737),X,30.4,28.8,24.4,21.9,83,X,관심,X,낮음
7/11/2020,화순(741),X,29.7,28.1,24.5,21.5,81,X,관심,X,낮음
7/11/2020,함평(754),X,29.6,27.7,24,22.3,87,X,관심,X,낮음
7/11/2020,곡성(768),X,31.2,29.9,25.7,23,76,X,관심,X,낮음
7/11/2020,압해도(789),X,29.6,27.1,23.7,21.5,90,X, ,X,낮음
7/11/2020,영양(801),X,29.4,27.8,23.8,20.1,80,X, ,X,낮음
7/11/2020,성주(810),X,31.6,31.2,25.7,21.9,74,X, ,X,낮음
7/11/2020,고령(812),X,31.6,30.5,25.6,22,85,X, ,X,낮음
7/11/2020,청도(813),X,32.3,31.5,25.6,21.9,78,X, ,X,낮음
7/11/2020,예천(815),X,31,30.4,24.9,21.3,73,X, ,X,낮음
7/11/2020,김천(822),O,33,31.8,26.6,22.5,80,X,관심,X,낮음
7/11/2020,군위(823),X,31.7,30.6,25.2,21,79,X, ,X,낮음
7/11/2020,칠곡(825),X,31.5,30.9,26.1,22.5,78,X, ,X,낮음
7/11/2020,경산(827),X,31.2,31,25.3,21.5,73,X,관심,X,낮음
7/11/2020,삼척(876),X,25,21.5,20.2,19.3,88,X, ,X,낮음
7/11/2020,속초(90),X,24.4,21.8,19.3,16.7,89.9,X, ,X,낮음
7/11/2020,삼천포(907),X,29,26.7,23.3,21.8,88,X,관심,X,낮음
7/11/2020,고성(918),X,30.2,27.5,23.6,21.2,89,X, ,X,낮음
7/11/2020,창녕(919),X,32.7,31.6,25.9,23,82,X, ,X,낮음
7/11/2020,함안(920),X,31.9,30.8,24.4,21.7,87,X, ,X,낮음
7/11/2020,북춘천(93),X,28.2,27.2,23.4,18.7,72,X, ,X,높음
7/11/2020,하동(932),X,31.3,29.4,24.8,22.1,87,X,관심,X,낮음
7/11/2020,철원(95),X,28.8,26.9,22.7,19.8,80,X, ,X,낮음
7/11/2020,동두천(98),X,29.6,27.7,23.6,20.1,75.5,X, ,X,낮음
7/11/2020,파주(99),X,30,28.5,23.4,20,75.1,X, ,X,낮음
7/12/2020,북강릉(104),X,23.4,20.9,18.6,15.5,89.3,X, ,X,매우높음
7/12/2020,동해(106),X,23.1,20.4,18.5,17.2,88.9,X, ,X,낮음
7/12/2020,서울(108),X,27.3,26,23.5,21.7,71.9,X, ,X,높음
7/12/2020,인천(112),X,27,25.1,23.3,21.4,73.9,X, ,X,높음
7/12/2020,원주(114),X,26.6,25.8,22.4,19.8,68.4,X,관심,X,낮음
7/12/2020,울릉도(115),X,24.2,21.8,18.9,17.3,90.3,X, ,X,낮음
7/12/2020,수원(119),X,27.5,25.6,23.2,20.8,79.9,X, ,X,낮음
7/12/2020,영월(121),X,27,25.8,21.1,17.7,79.5,X, ,X,낮음
7/12/2020,충주(127),X,26.7,24.9,22,18.7,77.8,X, ,X,낮음
7/12/2020,서산(129),X,27,24.9,22.3,19.7,85.8,X, ,X,높음
7/12/2020,울진(130),X,23.9,21.6,19.5,17.6,88,X, ,X,낮음
7/12/2020,청주(131),X,26.9,25.3,23.2,20.1,76,X, ,X,높음
7/12/2020,대전(133),X,28.1,25.7,22.2,18.9,89.3,X, ,X,높음
7/12/2020,추풍령(135),X,23.8,21.6,19.5,17.5,86.1,X, ,X,낮음
7/12/2020,안동(136),X,25.3,23.2,20.2,17.6,82.1,X, ,X,높음
7/12/2020,상주(137),X,26.4,23.8,20.5,17.6,93.1,X, ,X,낮음
7/12/2020,포항(138),X,24.1,21.4,20.4,19.4,88.4,X, ,X,낮음
7/12/2020,군산(140),X,27,24.1,22.1,19.9,90.3,X, ,X,낮음
7/12/2020,대구(143),X,24,21.9,20.4,18.1,82.8,X, ,X,높음
7/12/2020,전주(146),X,27.3,24.7,22.3,19.6,89.3,X, ,X,높음
7/12/2020,울산(152),X,24.3,20.7,19.7,18.4,97.5,X, ,X,높음
7/12/2020,창원(155),X,24.5,21.8,20.3,18.9,90.1,X, ,X,높음
7/12/2020,광주(156),X,27.1,24.1,21.9,20.1,94.4,X, ,X,높음
7/12/2020,부산(159),X,24.3,21.4,20.1,18.7,91.3,X, ,X,높음
7/12/2020,통영(162),X,25.2,22,20.5,19.3,94,X, ,X,낮음
7/12/2020,목포(165),X,26.4,23.3,21.5,20.2,90.6,X, ,X,보통
7/12/2020,여수(168),X,25,21.7,20.7,19.6,98.6,X, ,X,낮음
7/12/2020,흑산도(169),X,24.9,21.2,18.9,17.8,99,X, ,X,낮음
7/12/2020,완도(170),X,25.1,21.7,20.6,20,96.8,X, ,X,낮음
7/12/2020,고창(172),X,27,24.1,21.9,19.8,88.4,X, ,X,낮음
7/12/2020,제주(184),X,29.2,26.5,24.6,22.6,89.4,X, ,X,보통
7/12/2020,진주(192),X,25.3,22.1,20.9,19.3,95.1,X, ,X,낮음
7/12/2020,양평(202),X,26.9,25.2,21.9,19.5,78.9,X,관심,X,낮음
7/12/2020,이천(203),X,27.6,25.7,21.7,19.7,83.3,X, ,X,낮음
7/12/2020,인제(211),X,26.1,25.3,19.9,14.2,71.9,X, ,X,낮음
7/12/2020,홍천(212),X,26.2,25.4,21.2,17.4,71.9,X,관심,X,낮음
7/12/2020,태백(216),X,22.7,20.2,16.8,14.5,92.6,X, ,X,낮음
7/12/2020,정선군(217),X,26.4,25.1,20.3,16.7,78.8,X, ,X,낮음
7/12/2020,제천(221),X,25.9,24,20.5,17.7,82.9,X, ,X,낮음
7/12/2020,보은(226),X,25.7,22.9,20.8,18.3,87.1,X, ,X,낮음
7/12/2020,천안(232),X,26.4,24.1,21.7,18.8,88.5,X, ,X,낮음
7/12/2020,보령(235),X,27.9,25.5,22.7,20.4,87.1,X, ,X,낮음
7/12/2020,부여(236),X,26.8,24.2,22.1,19.6,92,X, ,X,낮음
7/12/2020,금산(238),X,26.3,23,21.2,18.9,90.4,X, ,X,낮음
7/12/2020,세종(239),X,27.1,25.3,22.1,19.1,81.6,X, ,X,높음
7/12/2020,부안(243),X,26.8,24.2,22.2,19.9,93.9,X, ,X,낮음
7/12/2020,임실(244),X,26.1,22.9,20.7,18.7,93.1,X, ,X,낮음
7/12/2020,정읍(245),X,26.4,23.6,21.6,19.4,86.9,X, ,X,낮음
7/12/2020,남원(247),X,27.1,24.4,21.6,19.6,91.5,X, ,X,낮음
7/12/2020,장수(248),X,26.4,22.9,20.3,18.1,96.9,X, ,X,낮음
7/12/2020,영광군(252),X,26.4,23.5,21.6,20.2,87.5,X, ,X,낮음
7/12/2020,김해시(253),X,25.3,22.7,20.7,18.7,90.5,X, ,X,낮음
7/12/2020,순창군(254),X,26.9,24.2,21.2,19.3,90.6,X, ,X,낮음
7/12/2020,양산시(257),X,25.4,22.4,20.9,18.9,89.3,X, ,X,낮음
7/12/2020,강진군(259),X,25.6,22.9,21.6,19.9,86.4,X, ,X,낮음
7/12/2020,장흥(260),X,25.2,22.4,21.1,19.9,88.6,X, ,X,낮음
7/12/2020,해남(261),X,25.3,22.4,21.2,19.7,90.1,X, ,X,낮음
7/12/2020,고흥(262),X,24.5,21.7,20.6,19.6,93.8,X, ,X,낮음
7/12/2020,의령군(263),X,25.9,23.1,21.4,19.2,90.6,X, ,X,낮음
7/12/2020,함양군(264),X,25.3,22.9,21.1,19,88.4,X, ,X,낮음
7/12/2020,진도군ASOS(268),X,26.4,23.1,21.9,20.9,90.4,X, ,X,낮음
7/12/2020,봉화(271),X,23.7,22.2,19.2,16.3,85.4,X, ,X,낮음
7/12/2020,영주(272),X,24.5,22.1,20.1,17,87.5,X, ,X,낮음
7/12/2020,문경(273),X,25.1,22,20,17.1,90.8,X, ,X,낮음
7/12/2020,청송군(276),X,24.2,21.3,19.1,16.8,96.3,X, ,X,낮음
7/12/2020,영덕(277),X,24.3,21.6,19.4,17.8,90.4,X, ,X,낮음
7/12/2020,의성(278),X,25.5,23.2,20.6,18.1,88.4,X, ,X,낮음
7/12/2020,구미(279),X,26.3,23.4,20.9,18.4,95.8,X, ,X,낮음
7/12/2020,영천(281),X,23.8,21.2,19.4,17.7,90.1,X, ,X,낮음
7/12/2020,경주시(283),X,24,20.6,19.6,18.3,92.6,X, ,X,낮음
7/12/2020,거창(284),X,25.2,22.1,20.3,18.5,93.6,X, ,X,낮음
7/12/2020,합천(285),X,26.1,23.3,21.1,18.8,92.3,X, ,X,낮음
7/12/2020,밀양(288),X,25.2,22.8,20.9,18.7,86.1,X, ,X,낮음
7/12/2020,산청(289),X,25.2,22.4,20.6,18.9,92.8,X, ,X,낮음
7/12/2020,거제(294),X,23.9,21.1,20,19.1,93.4,X, ,X,낮음
7/12/2020,남해(295),X,24.9,22.2,20.5,19.4,95.4,X, ,X,낮음
7/12/2020,부천(433),X,,25.2,23,20.8,,X, ,X,낮음
7/12/2020,안양(434),X,,25.3,23.2,21.5,,X, ,X,낮음
7/12/2020,광명(437),X,,26.2,24,21.9,,X, ,X,낮음
7/12/2020,군포(438),X,,25.2,23,21,,X, ,X,낮음
7/12/2020,김포(441),X,,26.2,22.8,19.8,,X, ,X,낮음
7/12/2020,하남(444),X,,24.8,22,19.9,,X, ,X,낮음
7/12/2020,의왕(445),X,,23.7,21.3,19.1,,X, ,X,낮음
7/12/2020,포천(504),X,26.3,25.3,21.9,17.8,71,X,관심,X,낮음
7/12/2020,가평조종(505),X,25.6,24.1,20.4,15.6,82,X,관심,X,낮음
7/12/2020,안성(516),X,27.4,25.6,22.8,19.8,80,X, ,X,낮음
7/12/2020,간성(517),X,25.3,22.3,18.9,14.7,93,X, ,X,낮음
7/12/2020,평창(526),X,26.3,25.2,20.6,17.2,73,X, ,X,낮음
7/12/2020,의정부(532),X,27.6,25.1,21.6,18.5,92,X, ,X,낮음
7/12/2020,횡성(536),X,27.4,26.1,22.1,18.7,77,X, ,X,낮음
7/12/2020,고양(540),X,28.1,27,22.3,19.3,81,X,관심,X,낮음
7/12/2020,남양주(541),X,27,26.3,22.5,19.8,73,X, ,X,낮음
7/12/2020,안산(545),X,27,25.1,22.3,20,84,X, ,X,낮음
7/12/2020,경기광주(546),X,26.2,24.3,21.6,20.2,77,X,관심,X,낮음
7/12/2020,여주(548),X,27.2,25.5,21,19.1,85,X, ,X,낮음
7/12/2020,용인(549),X,26.1,24.4,21.2,19.2,79,X, ,X,낮음
7/12/2020,오산(550),X,26.5,25.2,22.5,20,74,X, ,X,낮음
7/12/2020,평택(551),X,26.8,24.7,22.2,19.4,86,X, ,X,낮음
7/12/2020,화천(555),X,26.4,24.7,20.7,14.9,79,X, ,X,낮음
7/12/2020,양구(556),X,26.4,25.3,19.8,13.5,73,X, ,X,낮음
7/12/2020,시흥(565),X,26.8,25.4,23,20.9,74,X, ,X,낮음
7/12/2020,구리(569),X,27.3,26.5,22.7,20.9,67,X, ,X,낮음
7/12/2020,화성(571),X,27,25.5,22.9,20.3,77,X, ,X,낮음
7/12/2020,성남(572),X,26.7,25.3,22.4,20.5,75,X, ,X,높음
7/12/2020,과천(590),X,27,25.2,22.4,20.1,80,X, ,X,낮음
7/12/2020,양주(598),X,26.9,25.4,21.9,17.4,79,X, ,X,낮음
7/12/2020,단양(601),X,28.1,25.6,21.4,18.3,94,X, ,X,낮음
7/12/2020,진천(602),X,26.7,24.8,21.6,19,86,X, ,X,낮음
7/12/2020,괴산(603),X,26.2,24.5,20.9,18.4,86,X, ,X,낮음
7/12/2020,옥천(604),X,26.5,24.3,21.3,18.7,85,X, ,X,낮음
7/12/2020,홍북(608),X,26.5,23.9,21.2,18.8,94,X, ,X,낮음
7/12/2020,공주(612),X,26.5,24.4,21.9,19.3,88,X, ,X,낮음
7/12/2020,서천(614),X,28.4,25.6,23,20.7,91,X, ,X,낮음
7/12/2020,논산(615),X,27.3,24.3,22.3,19.7,89,X, ,X,낮음
7/12/2020,당진(616),X,26.7,24.4,21.9,19.4,88,X, ,X,낮음
7/12/2020,청양(618),X,26.5,24,21.3,19.3,94,X, ,X,낮음
7/12/2020,음성(619),X,26.1,24.1,21.2,18.8,87,X, ,X,낮음
7/12/2020,증평(623),X,26.5,24.2,21.7,18.8,87,X, ,X,낮음
7/12/2020,태안(627),X,27.3,25.1,22.2,19.6,93,X, ,X,낮음
7/12/2020,예산(628),X,27.8,25.4,22.4,20.2,89,X, ,X,낮음
7/12/2020,아산(634),X,25.8,24.6,22.5,19.8,78,X, ,X,낮음
7/12/2020,계룡(636),X,25.5,22.9,21.1,18.6,85,X, ,X,낮음
7/12/2020,연천청산(652),X,26.8,25,21.4,17.2,82,X, ,X,낮음
7/12/2020,양양(670),X,25.9,23,19.5,16,96,X, ,X,낮음
7/12/2020,무안(699),X,26.4,23.4,21.4,20,90,X, ,X,낮음
7/12/2020,무주(701),X,26.2,23.1,20.7,18.4,99,X, ,X,낮음
7/12/2020,익산(702),X,28,25,22.4,19.8,94,X, ,X,낮음
7/12/2020,진안(703),X,25.5,22.6,20.6,18.5,88,X, ,X,낮음
7/12/2020,담양(706),X,28.3,24.8,22.1,20.3,95,X, ,X,낮음
7/12/2020,구례(709),X,26.7,23.7,22,20.2,91,X, ,X,낮음
7/12/2020,나주(710),X,26.6,23.7,21.6,20.2,91,X, ,X,낮음
7/12/2020,순천시(712),X,26.2,23,21.5,19.9,95,X, ,X,낮음
7/12/2020,광양읍(713),X,25.3,23.5,21.6,19.8,79,X, ,X,낮음
7/12/2020,장성(730),X,27.1,24.3,21.8,20.2,88,X, ,X,낮음
7/12/2020,영암(731),X,26.5,23.3,21.8,20.3,90,X, ,X,낮음
7/12/2020,보성(732),X,24.7,21.6,20.3,19.4,93,X, ,X,낮음
7/12/2020,완주(734),X,27.1,24,21.8,19.3,95,X, ,X,낮음
7/12/2020,김제(737),X,27.1,24.6,22.1,19.5,93,X, ,X,낮음
7/12/2020,화순(741),X,25.7,23.2,21.5,20,85,X, ,X,낮음
7/12/2020,함평(754),X,26.7,23.4,21.4,19.9,92,X, ,X,낮음
7/12/2020,곡성(768),X,26.3,24.1,21.8,19.9,84,X, ,X,낮음
7/12/2020,압해도(789),X,26.4,22.9,21.7,20.5,90,X, ,X,낮음
7/12/2020,영양(801),X,23.9,22,19.4,16.9,89,X, ,X,낮음
7/12/2020,성주(810),X,24.4,22.4,20.6,18.2,82,X, ,X,낮음
7/12/2020,고령(812),X,25.9,22.3,20.5,18.3,98,X, ,X,낮음
7/12/2020,청도(813),X,24.8,22.1,20.5,18.1,87,X, ,X,낮음
7/12/2020,예천(815),X,24.9,23,20.7,17.8,83,X, ,X,낮음
7/12/2020,김천(822),X,26.1,23.9,20.7,18.3,93,X, ,X,낮음
7/12/2020,군위(823),X,25.3,22.8,20.4,17.7,89,X, ,X,낮음
7/12/2020,칠곡(825),X,25.2,22.5,20.9,18.5,92,X, ,X,낮음
7/12/2020,경산(827),X,23.9,21.5,20,17.9,85,X, ,X,낮음
7/12/2020,삼척(876),X,24.1,22.1,19.4,17.4,86,X, ,X,낮음
7/12/2020,속초(90),X,25.1,22.8,19.7,15.6,84.1,X, ,X,낮음
7/12/2020,삼천포(907),X,24.9,22.2,20.6,19.2,94,X, ,X,낮음
7/12/2020,고성(918),X,25,22.4,21.1,19.5,89,X, ,X,낮음
7/12/2020,창녕(919),X,26.3,23.5,21.4,19.3,89,X, ,X,낮음
7/12/2020,함안(920),X,25.8,22.6,20.8,18.8,94,X, ,X,낮음
7/12/2020,북춘천(93),X,26.9,25,21.8,16.1,71.1,X, ,X,매우높음
7/12/2020,하동(932),X,26.1,23,21.3,19.7,93,X, ,X,낮음
7/12/2020,철원(95),X,27.5,24.9,20.9,15.3,88,X, ,X,낮음
7/12/2020,동두천(98),X,27,24.7,21.7,18.3,82.1,X, ,X,낮음
7/12/2020,파주(99),X,26.3,23.7,21,18,86.4,X, ,X,낮음
7/13/2020,북강릉(104),X,22,18.6,17.8,17,96.1,X, ,X,보통
7/13/2020,동해(106),X,21.7,18.1,17.4,16.6,98.5,X, ,X,낮음
7/13/2020,서울(108),X,24.7,21.7,18.7,17.7,94.8,X, ,X,보통
7/13/2020,인천(112),X,24.6,21.9,18.7,17.8,95.1,X, ,X,보통
7/13/2020,원주(114),X,22.7,20.1,18.6,17.5,84.9,X, ,X,낮음
7/13/2020,울릉도(115),X,21.7,18.1,17.8,17.5,99.9,X, ,X,낮음
7/13/2020,수원(119),X,24.1,20.8,19,18.3,96.6,X, ,X,낮음
7/13/2020,영월(121),X,22.9,19.7,18.3,16.6,91.4,X, ,X,낮음
7/13/2020,충주(127),X,23.2,20.6,19.1,17.6,84,X, ,X,낮음
7/13/2020,서산(129),X,23,19.7,18.7,17.8,95.3,X, ,X,보통
7/13/2020,울진(130),X,22.2,18.7,18.2,16.9,97.8,X, ,X,낮음
7/13/2020,청주(131),X,24,22.1,20,17.8,82.6,X, ,X,보통
7/13/2020,대전(133),X,23.2,19.7,18.8,17.7,97,X, ,X,보통
7/13/2020,추풍령(135),X,21.2,18.3,17.6,16.7,89,X, ,X,낮음
7/13/2020,안동(136),X,22.7,20,18.7,17,86.9,X, ,X,보통
7/13/2020,상주(137),X,22.7,19.1,17.9,16.8,100,X, ,X,낮음
7/13/2020,포항(138),X,23.1,19.6,19.1,18.5,96.6,X, ,X,낮음
7/13/2020,군산(140),X,25.1,21.5,19.8,18.7,96,X, ,X,낮음
7/13/2020,대구(143),X,23.9,21,19.2,18.2,89.3,X, ,X,보통
7/13/2020,전주(146),X,26.7,24.2,21.2,19.4,90.3,X, ,X,보통
7/13/2020,울산(152),X,24,20.4,19.2,18.1,98,X, ,X,보통
7/13/2020,창원(155),X,23.2,19.9,19.2,18.4,94.6,X, ,X,보통
7/13/2020,광주(156),X,29.3,25.7,21.5,20,98,X, ,X,보통
7/13/2020,부산(159),X,23.7,20.2,18.9,18.1,97,X, ,X,보통
7/13/2020,통영(162),X,24.4,20.7,20,19.2,100,X, ,X,낮음
7/13/2020,목포(165),X,27.8,24.2,22.1,20,93.9,X, ,X,보통
7/13/2020,여수(168),X,24.3,20.6,19.8,19.3,100,X, ,X,낮음
7/13/2020,흑산도(169),X,27.6,24.8,21.7,19.4,91.4,X, ,X,낮음
7/13/2020,완도(170),X,28.7,25.2,22.4,20.5,91.9,X, ,X,낮음
7/13/2020,고창(172),X,28.7,26,21.8,20.1,93,X, ,X,낮음
7/13/2020,제주(184),X,32.4,30.6,25.6,22.6,86.9,X, ,X,보통
7/13/2020,진주(192),X,23.7,20.2,19.3,18.5,98.9,X, ,X,낮음
7/13/2020,양평(202),X,23.4,20.9,18.9,17.9,90.9,X, ,X,낮음
7/13/2020,이천(203),X,23.5,19.8,18.2,17.3,100,X, ,X,낮음
7/13/2020,인제(211),X,23.1,20.5,18.8,17.7,83,X, ,X,낮음
7/13/2020,홍천(212),X,23.4,20.8,18.4,17.1,90.9,X, ,X,낮음
7/13/2020,태백(216),X,19.4,15.9,15.1,14.4,98.5,X, ,X,낮음
7/13/2020,정선군(217),X,22.2,19.6,17.9,16,88.3,X, ,X,낮음
7/13/2020,제천(221),X,21.9,19,17.9,16.4,89.5,X, ,X,낮음
7/13/2020,보은(226),X,22.5,20.1,18.5,17.1,89.6,X, ,X,낮음
7/13/2020,천안(232),X,23.3,20.2,18.7,17.7,97.1,X, ,X,낮음
7/13/2020,보령(235),X,24.4,22,20.6,19.1,85.9,X, ,X,낮음
7/13/2020,부여(236),X,23.3,19.9,19.1,18.1,96.6,X, ,X,낮음
7/13/2020,금산(238),X,22.7,19.8,18.5,17.5,96,X, ,X,낮음
7/13/2020,세종(239),X,22.6,19.6,18.6,17.5,93.9,X, ,X,보통
7/13/2020,부안(243),X,27.5,24.6,21.3,19.9,96.3,X, ,X,낮음
7/13/2020,임실(244),X,24.3,21,19.2,18,97.1,X, ,X,낮음
7/13/2020,정읍(245),X,27,24.8,21.7,19.5,87.6,X, ,X,낮음
7/13/2020,남원(247),X,24.6,21.8,19.5,18.2,94.8,X, ,X,낮음
7/13/2020,장수(248),X,24,20.6,18.7,17.2,98.6,X, ,X,낮음
7/13/2020,영광군(252),X,28.3,25.7,21.6,19.7,92.3,X, ,X,낮음
7/13/2020,김해시(253),X,23.9,20.3,19.3,18.4,98.6,X, ,X,낮음
7/13/2020,순창군(254),X,25.6,22.5,20.2,18.7,96,X, ,X,낮음
7/13/2020,양산시(257),X,23.9,20.4,19.6,18.9,95.8,X, ,X,낮음
7/13/2020,강진군(259),X,28.5,26,22.3,20.1,89.3,X, ,X,낮음
7/13/2020,장흥(260),X,27.5,25,21.4,20.1,93.6,X, ,X,낮음
7/13/2020,해남(261),X,28.3,25.9,22.2,19.9,92.9,X, ,X,낮음
7/13/2020,고흥(262),X,26.9,23.8,20.9,19.8,95.3,X, ,X,낮음
7/13/2020,의령군(263),X,24.2,21.1,19.7,18.6,95.6,X, ,X,낮음
7/13/2020,함양군(264),X,23.2,19.8,18.7,17.6,95.8,X, ,X,낮음
7/13/2020,진도군ASOS(268),X,28.4,25.5,23,20.3,91.8,X, ,X,낮음
7/13/2020,봉화(271),X,21.6,19.3,17.9,16.1,88.1,X, ,X,낮음
7/13/2020,영주(272),X,22.2,19,17.6,16.4,97.4,X, ,X,낮음
7/13/2020,문경(273),X,22.4,19.1,17.8,16.6,97.5,X, ,X,낮음
7/13/2020,청송군(276),X,23.2,19.9,18,16.4,97.8,X, ,X,낮음
7/13/2020,영덕(277),X,22,18.4,17.8,17,99.6,X, ,X,낮음
7/13/2020,의성(278),X,23.8,20.9,18.9,17.4,93.8,X, ,X,낮음
7/13/2020,구미(279),X,23.9,20.3,18.8,17.6,99,X, ,X,낮음
7/13/2020,영천(281),X,23.8,21.3,19.1,17.6,91,X, ,X,낮음
7/13/2020,경주시(283),X,22.9,19.4,18.7,18,97.9,X, ,X,낮음
7/13/2020,거창(284),X,23.1,19.6,18.1,17.1,98.8,X, ,X,낮음
7/13/2020,합천(285),X,23.8,20.6,18.8,17.8,97.9,X, ,X,낮음
7/13/2020,밀양(288),X,23.9,20.8,19.2,18.2,94.4,X, ,X,낮음
7/13/2020,산청(289),X,23.3,19.8,18.6,17.7,98.3,X, ,X,낮음
7/13/2020,거제(294),X,23.9,20.3,19.6,18.6,97.4,X, ,X,낮음
7/13/2020,남해(295),X,23.2,19.7,19.4,18.8,99.4,X, ,X,낮음
7/13/2020,부천(433),X,,21.5,18.3,17.2,,X, ,X,낮음
7/13/2020,안양(434),X,,21.9,19,18,,X, ,X,낮음
7/13/2020,광명(437),X,,22.2,19.2,18.2,,X, ,X,낮음
7/13/2020,군포(438),X,,21.5,18.4,17.6,,X, ,X,낮음
7/13/2020,김포(441),X,,21.9,19,17.8,,X, ,X,낮음
7/13/2020,하남(444),X,,21.1,18.5,17.3,,X, ,X,낮음
7/13/2020,의왕(445),X,,20.1,17.6,16.6,,X, ,X,낮음
7/13/2020,포천(504),X,23.6,21.7,19.1,17.2,80,X, ,X,낮음
7/13/2020,가평조종(505),X,22.7,20.8,18.4,16.5,88,X, ,X,낮음
7/13/2020,안성(516),X,23.4,20.4,19,18,93,X, ,X,낮음
7/13/2020,간성(517),X,23.3,19.8,19.1,18,97,X, ,X,낮음
7/13/2020,평창(526),X,22.5,20.1,17.8,16.3,87,X, ,X,낮음
7/13/2020,의정부(532),X,24.9,21.4,18.9,17.5,97,X, ,X,낮음
7/13/2020,횡성(536),X,23.1,20.1,18.4,17.3,94,X, ,X,낮음
7/13/2020,고양(540),X,24.1,21.1,18.8,17.7,91,X, ,X,낮음
7/13/2020,남양주(541),X,24.2,21.3,19.1,17.8,85,X, ,X,낮음
7/13/2020,안산(545),X,23.8,20.3,18.5,17.8,99,X, ,X,낮음
7/13/2020,경기광주(546),X,23.8,20.7,17.9,17.2,94,X, ,X,낮음
7/13/2020,여주(548),X,22.8,19.2,17.6,16.7,99,X, ,X,낮음
7/13/2020,용인(549),X,22.5,19.6,18,17.3,90,X, ,X,낮음
7/13/2020,오산(550),X,23.1,20,18.6,17.8,90,X, ,X,낮음
7/13/2020,평택(551),X,23.2,19.6,18.5,17.6,100,X, ,X,낮음
7/13/2020,화천(555),X,25.2,22.2,18.9,17.2,91,X, ,X,낮음
7/13/2020,양구(556),X,23.5,21.4,19,17.3,82,X, ,X,낮음
7/13/2020,시흥(565),X,24.2,21.9,19.2,18.1,92,X, ,X,낮음
7/13/2020,구리(569),X,23.8,21.1,18.8,17.8,85,X, ,X,낮음
7/13/2020,화성(571),X,23.4,20.3,18.7,18.1,94,X, ,X,낮음
7/13/2020,성남(572),X,23.8,21,18.6,17.8,90,X, ,X,보통
7/13/2020,과천(590),X,24.2,21.4,18.6,17.8,96,X, ,X,낮음
7/13/2020,양주(598),X,24.3,22,19.1,17.3,87,X, ,X,낮음
7/13/2020,단양(601),X,23.7,20.1,18.5,17.1,99,X, ,X,낮음
7/13/2020,진천(602),X,23.1,20.2,18.9,17.4,92,X, ,X,낮음
7/13/2020,괴산(603),X,22.9,20.8,18.7,17.1,91,X, ,X,낮음
7/13/2020,옥천(604),X,22.5,19.4,18.5,17.5,93,X, ,X,낮음
7/13/2020,홍북(608),X,22.7,19.2,18.1,17.1,99,X, ,X,낮음
7/13/2020,공주(612),X,22.8,19.3,18.4,17.5,99,X, ,X,낮음
7/13/2020,서천(614),X,25.7,22,20.3,19.2,98,X, ,X,낮음
7/13/2020,논산(615),X,23.8,21.1,19.5,18.4,92,X, ,X,낮음
7/13/2020,당진(616),X,22.8,19.4,18.3,17.6,98,X, ,X,낮음
7/13/2020,청양(618),X,23.2,19.7,18.9,17.9,95,X, ,X,낮음
7/13/2020,음성(619),X,22.8,19.6,18.3,16.9,96,X, ,X,낮음
7/13/2020,증평(623),X,23.5,20.5,19,17.4,94,X, ,X,낮음
7/13/2020,태안(627),X,23.2,19.7,18.7,17.8,97,X, ,X,낮음
7/13/2020,예산(628),X,23.6,20.3,19.2,17.9,95,X, ,X,낮음
7/13/2020,아산(634),X,23.3,20.3,19.2,18,93,X, ,X,낮음
7/13/2020,계룡(636),X,22.2,19.3,18.2,17.2,90,X, ,X,낮음
7/13/2020,연천청산(652),X,24.1,22.1,19.1,17.2,89,X, ,X,낮음
7/13/2020,양양(670),X,23.4,19.9,18.8,17.8,97,X, ,X,낮음
7/13/2020,무안(699),X,28.1,25,21.7,19.6,96,X, ,X,낮음
7/13/2020,무주(701),X,24.1,20.4,18.8,17.5,100,X, ,X,낮음
7/13/2020,익산(702),X,26.8,23.6,20.9,19.3,96,X, ,X,낮음
7/13/2020,진안(703),X,23.8,20.7,19,17.4,92,X, ,X,낮음
7/13/2020,담양(706),X,28.5,25,21.4,20.1,95,X, ,X,낮음
7/13/2020,구례(709),X,24.8,21.8,20.6,19.7,95,X, ,X,낮음
7/13/2020,나주(710),X,28.6,25.5,21.7,19.9,96,X, ,X,낮음
7/13/2020,순천시(712),X,24,20.4,19.8,19.1,99,X, ,X,낮음
7/13/2020,광양읍(713),X,23.5,20.7,19.9,19.3,86,X, ,X,낮음
7/13/2020,장성(730),X,28.6,26.3,21.5,20.1,95,X, ,X,낮음
7/13/2020,영암(731),X,29,26.5,22.6,20.1,94,X, ,X,낮음
7/13/2020,보성(732),X,26.3,23,20.3,19.1,98,X, ,X,낮음
7/13/2020,완주(734),X,25.7,23.1,20.5,19,93,X, ,X,낮음
7/13/2020,김제(737),X,27.1,24.2,21.2,19.6,96,X, ,X,낮음
7/13/2020,화순(741),X,28.6,26.5,21.5,19.8,89,X, ,X,낮음
7/13/2020,함평(754),X,28.2,25.3,21.6,19.8,97,X, ,X,낮음
7/13/2020,곡성(768),X,25.9,22.6,20.2,18.7,97,X, ,X,낮음
7/13/2020,압해도(789),X,28.4,25.2,22.3,20.1,93,X, ,X,낮음
7/13/2020,영양(801),X,22.6,19.6,18,16.7,95,X, ,X,낮음
7/13/2020,성주(810),X,23.1,20.1,18.7,17.8,94,X, ,X,낮음
7/13/2020,고령(812),X,23.6,20.1,18.8,17.8,98,X, ,X,낮음
7/13/2020,청도(813),X,23.5,20.3,19,18,95,X, ,X,낮음
7/13/2020,예천(815),X,23.1,20.2,18.4,17.1,92,X, ,X,낮음
7/13/2020,김천(822),X,23.4,19.8,18.6,17.5,99,X, ,X,낮음
7/13/2020,군위(823),X,23.4,20.2,18.6,17.3,96,X, ,X,낮음
7/13/2020,칠곡(825),X,24.1,20.6,19.1,18,99,X, ,X,낮음
7/13/2020,경산(827),X,23.4,20.5,18.9,17.8,92,X, ,X,낮음
7/13/2020,삼척(876),X,22.1,18.7,18.1,17.2,95,X, ,X,낮음
7/13/2020,속초(90),X,22.8,19.9,19,18.2,91.9,X, ,X,낮음
7/13/2020,삼천포(907),X,24,20.4,19.6,19.1,99,X, ,X,낮음
7/13/2020,고성(918),X,23.9,20.6,20.1,19.3,96,X, ,X,낮음
7/13/2020,창녕(919),X,24.7,21.7,19.6,18.5,95,X, ,X,낮음
7/13/2020,함안(920),X,23.6,20.1,19.2,18.3,99,X, ,X,낮음
7/13/2020,북춘천(93),X,24.1,22.1,20,17.9,81.3,X, ,X,보통
7/13/2020,하동(932),X,23.9,20.5,19.6,18.9,99,X, ,X,낮음
7/13/2020,철원(95),X,24.4,21.7,18.8,16.9,94.3,X, ,X,낮음
7/13/2020,동두천(98),X,23.8,21.5,18.6,16.9,94,X, ,X,낮음
7/13/2020,파주(99),X,24.4,21.7,18.8,16.8,93.4,X, ,X,낮음
7/14/2020,북강릉(104),X,22.2,19.2,17.7,16.1,94.4,X, ,X,보통
7/14/2020,동해(106),X,22.4,19.1,17.3,16.3,96.5,X, ,X,낮음
7/14/2020,서울(108),X,25.7,24.3,20.3,17.2,79.4,X, ,X,높음
7/14/2020,인천(112),X,23.9,22.5,19.8,17.4,77.6,X, ,X,높음
7/14/2020,원주(114),X,24.4,23.9,20.2,16.6,71.3,X, ,X,낮음
7/14/2020,울릉도(115),X,22,18.4,17.8,17.3,98.5,X, ,X,낮음
7/14/2020,수원(119),X,25.6,23.9,20.8,17.6,80.5,X, ,X,낮음
7/14/2020,영월(121),X,24.3,22.9,19.6,17,76.1,X, ,X,낮음
7/14/2020,충주(127),X,25.3,22.9,19.7,17.6,84.8,X, ,X,낮음
7/14/2020,서산(129),X,24,21.7,19.5,17.2,86.1,X, ,X,높음
7/14/2020,울진(130),X,23.4,20.3,18.4,16.7,93.1,X, ,X,낮음
7/14/2020,청주(131),X,24.4,22.2,19.9,18.2,89.3,X, ,X,보통
7/14/2020,대전(133),X,24.7,21.6,19.9,18.9,94.8,X, ,X,보통
7/14/2020,추풍령(135),X,22,19.3,18.2,17.4,88.5,X, ,X,낮음
7/14/2020,안동(136),X,23.8,21.3,19.5,17.7,87.3,X, ,X,높음
7/14/2020,상주(137),X,23.6,20.3,18.9,17.9,98.6,X, ,X,낮음
7/14/2020,포항(138),X,23.2,20.5,19.5,18.2,88.4,X, ,X,낮음
7/14/2020,군산(140),X,24.1,20.6,19.8,19,96.1,X, ,X,낮음
7/14/2020,대구(143),X,23.8,21.5,19.6,18.4,89.6,X, ,X,보통
7/14/2020,전주(146),X,24.7,21.7,20.3,19.1,92.6,X, ,X,보통
7/14/2020,울산(152),X,23.8,20.8,19.5,18.6,93.8,X, ,X,보통
7/14/2020,창원(155),X,23.5,20.5,19.3,18.4,94.1,X, ,X,보통
7/14/2020,광주(156),X,23.8,20.2,19.5,18.9,98.8,X, ,X,높음
7/14/2020,부산(159),X,23.6,20.7,19.3,18.7,93,X, ,X,높음
7/14/2020,통영(162),X,24.7,21.3,20,19,96.8,X, ,X,낮음
7/14/2020,목포(165),X,24,21.5,19.9,19.2,92.6,X, ,X,보통
7/14/2020,여수(168),X,25.5,23.5,21,19.5,90.3,X, ,X,낮음
7/14/2020,흑산도(169),X,25.3,22.7,19.7,18.6,91.1,X, ,X,낮음
7/14/2020,완도(170),X,24.5,22.2,20.4,19.1,86.8,X, ,X,낮음
7/14/2020,고창(172),X,23.7,20.7,19.7,19.1,97.3,X, ,X,낮음
7/14/2020,제주(184),X,25.8,23.6,21.6,19.8,85.8,X, ,X,높음
7/14/2020,진주(192),X,25.9,23.1,20.2,18.8,96.3,X, ,X,낮음
7/14/2020,양평(202),X,24.9,23.5,20.2,17,78.4,X, ,X,낮음
7/14/2020,이천(203),X,25.3,23.2,20,16.6,86,X, ,X,낮음
7/14/2020,인제(211),X,23.1,21.4,18.4,15.8,80,X, ,X,낮음
7/14/2020,홍천(212),X,24.8,23.6,19.4,16.2,79.4,X, ,X,낮음
7/14/2020,태백(216),X,19.7,16.2,14.7,13.8,98.4,X, ,X,낮음
7/14/2020,정선군(217),X,23.3,21.5,18.4,15.6,84.8,X, ,X,낮음
7/14/2020,제천(221),X,24.1,22.4,19.2,16.4,79.9,X, ,X,낮음
7/14/2020,보은(226),X,23.3,20.6,19.1,18.2,91.8,X, ,X,낮음
7/14/2020,천안(232),X,24.4,21.7,19.5,17.6,93.4,X, ,X,낮음
7/14/2020,보령(235),X,24,21.1,20.2,19,89.3,X, ,X,낮음
7/14/2020,부여(236),X,24.3,21,19.8,18.9,96.1,X, ,X,낮음
7/14/2020,금산(238),X,23.7,20.7,19.1,18.3,95.5,X, ,X,낮음
7/14/2020,세종(239),X,23.9,20.8,19.2,18.1,94.4,X, ,X,높음
7/14/2020,부안(243),X,24.3,21.1,20.1,19.1,97.5,X, ,X,낮음
7/14/2020,임실(244),X,23.9,21,19.1,18.2,96.9,X, ,X,낮음
7/14/2020,정읍(245),X,23.8,20.9,19.8,19.2,90.9,X, ,X,낮음
7/14/2020,남원(247),X,25.1,22.6,20.1,18.8,93.6,X, ,X,낮음
7/14/2020,장수(248),X,23.7,20.5,18.7,17.7,98.9,X, ,X,낮음
7/14/2020,영광군(252),X,23.8,20.9,19.8,19.2,93.8,X, ,X,낮음
7/14/2020,김해시(253),X,24.9,22.3,20,18.6,92.1,X, ,X,낮음
7/14/2020,순창군(254),X,23.5,20.6,19.6,18.9,93.3,X, ,X,낮음
7/14/2020,양산시(257),X,24.9,22.5,20.3,19.2,89.3,X, ,X,낮음
7/14/2020,강진군(259),X,24.4,22.4,20.4,19.1,85.4,X, ,X,낮음
7/14/2020,장흥(260),X,23.9,21.2,19.8,19,90.4,X, ,X,낮음
7/14/2020,해남(261),X,24.1,21.7,19.7,18.4,90.6,X, ,X,낮음
7/14/2020,고흥(262),X,24.5,22.2,20.4,19.4,87.3,X, ,X,낮음
7/14/2020,의령군(263),X,24.3,20.9,20,19,96.8,X, ,X,낮음
7/14/2020,함양군(264),X,24.8,21.9,19.4,18.5,95.6,X, ,X,낮음
7/14/2020,진도군ASOS(268),X,25.4,22.8,19.9,18.7,90.4,X, ,X,낮음
7/14/2020,봉화(271),X,23,21.5,18.6,16.8,81.1,X, ,X,낮음
7/14/2020,영주(272),X,24.4,21.9,19,17.1,91.8,X, ,X,낮음
7/14/2020,문경(273),X,23.4,19.9,18.6,17.5,97.4,X, ,X,낮음
7/14/2020,청송군(276),X,24.2,21.5,19,17,94.1,X, ,X,낮음
7/14/2020,영덕(277),X,24.1,21.5,18.7,16.9,91.5,X, ,X,낮음
7/14/2020,의성(278),X,24.2,21.4,19.7,18.2,92.1,X, ,X,낮음
7/14/2020,구미(279),X,25.3,22,19.7,18.5,98.6,X, ,X,낮음
7/14/2020,영천(281),X,23.4,20.5,18.9,18.2,92.5,X, ,X,낮음
7/14/2020,경주시(283),X,23.9,21.3,19.4,18,90,X, ,X,낮음
7/14/2020,거창(284),X,23.4,20.4,18.8,18,96.8,X, ,X,낮음
7/14/2020,합천(285),X,23.7,20.2,19.2,18.7,98.8,X, ,X,낮음
7/14/2020,밀양(288),X,23.7,20.9,19.5,18.7,93.9,X, ,X,낮음
7/14/2020,산청(289),X,25.5,22.4,19.3,18.2,97.8,X, ,X,낮음
7/14/2020,거제(294),X,23.9,20.5,19.6,18.8,95.5,X, ,X,낮음
7/14/2020,남해(295),X,27,25,21.2,19.2,88.6,X, ,X,낮음
7/14/2020,부천(433),X,,23.4,19.9,16.8,,X, ,X,낮음
7/14/2020,안양(434),X,,23.7,20.6,17.1,,X, ,X,낮음
7/14/2020,광명(437),X,,24.4,20.9,17.7,,X, ,X,낮음
7/14/2020,군포(438),X,,23.3,20.3,16.7,,X, ,X,낮음
7/14/2020,김포(441),X,,23.9,20,17.4,,X, ,X,낮음
7/14/2020,하남(444),X,,23.2,19.9,16.3,,X, ,X,낮음
7/14/2020,의왕(445),X,,21.8,18.8,15.9,,X, ,X,낮음
7/14/2020,포천(504),X,24.5,23.5,19.5,16.5,72,X, ,X,낮음
7/14/2020,가평조종(505),X,24.9,23.4,19.1,15.8,82,X, ,X,낮음
7/14/2020,안성(516),X,25.2,22.8,19.9,17.5,88,X, ,X,낮음
7/14/2020,간성(517),X,23.9,20.6,18.4,17,96,X, ,X,낮음
7/14/2020,평창(526),X,23.4,22.5,19,15.7,76,X, ,X,낮음
7/14/2020,의정부(532),X,27.1,24.8,19.5,16.8,92,X, ,X,낮음
7/14/2020,횡성(536),X,25.6,24.7,19.8,16.3,81,X, ,X,낮음
7/14/2020,고양(540),X,25.9,24.4,19.8,16.8,83,X, ,X,낮음
7/14/2020,남양주(541),X,25.7,24.9,20.3,17.2,74,X, ,X,낮음
7/14/2020,안산(545),X,24.7,23.1,19.7,17.1,86,X, ,X,낮음
7/14/2020,경기광주(546),X,24.2,22.5,19.2,16.2,81,X, ,X,낮음
7/14/2020,여주(548),X,24.2,22.1,19.1,16,86,X, ,X,낮음
7/14/2020,용인(549),X,23.6,22.2,19.4,16.6,79,X, ,X,낮음
7/14/2020,오산(550),X,24.2,22.9,20.4,17.2,74,X, ,X,낮음
7/14/2020,평택(551),X,24.6,22.2,19.8,17.1,88,X, ,X,낮음
7/14/2020,화천(555),X,25.9,25,19.4,16.2,85,X, ,X,낮음
7/14/2020,양구(556),X,23.7,22.4,18.7,15.5,77,X, ,X,낮음
7/14/2020,시흥(565),X,25.1,23.9,20.6,17.6,77,X, ,X,낮음
7/14/2020,구리(569),X,26.2,25.5,20.4,16.8,71,X, ,X,낮음
7/14/2020,화성(571),X,25.5,24.4,20.7,17.5,77,X, ,X,낮음
7/14/2020,성남(572),X,24.8,24,20.6,16.9,73,X, ,X,보통
7/14/2020,과천(590),X,25.4,24.2,20.3,17.1,80,X, ,X,낮음
7/14/2020,양주(598),X,25.7,24.4,19.9,16.7,79,X, ,X,낮음
7/14/2020,단양(601),X,26.3,23.5,19.7,17,96,X, ,X,낮음
7/14/2020,진천(602),X,24.7,22.4,19.4,17.3,89,X, ,X,낮음
7/14/2020,괴산(603),X,25,23.1,19.7,17.4,89,X, ,X,낮음
7/14/2020,옥천(604),X,23.9,21.8,19.5,18.3,91,X, ,X,낮음
7/14/2020,홍북(608),X,23.8,20.8,18.7,16.6,96,X, ,X,낮음
7/14/2020,공주(612),X,24,20.4,19.1,18.1,99,X, ,X,낮음
7/14/2020,서천(614),X,25.5,21.8,21,20.2,99,X, ,X,낮음
7/14/2020,논산(615),X,24.5,22,20.1,19.2,93,X, ,X,낮음
7/14/2020,당진(616),X,23.8,21.2,19.2,16.9,90,X, ,X,낮음
7/14/2020,청양(618),X,23.8,20.7,19.3,18.7,95,X, ,X,낮음
7/14/2020,음성(619),X,24.7,22.1,19.2,16.8,94,X, ,X,낮음
7/14/2020,증평(623),X,25.5,22.8,19.8,17.7,92,X, ,X,낮음
7/14/2020,태안(627),X,24,21.4,19.5,17.4,89,X, ,X,낮음
7/14/2020,예산(628),X,24.5,21.7,19.6,17.5,94,X, ,X,낮음
7/14/2020,아산(634),X,23.5,21.8,19.7,17.2,86,X, ,X,낮음
7/14/2020,계룡(636),X,23.3,20.7,19.1,18.3,88,X, ,X,낮음
7/14/2020,연천청산(652),X,24.8,23.5,19.8,16.8,78,X, ,X,낮음
7/14/2020,양양(670),X,23.9,20.4,18.4,16.8,97,X, ,X,낮음
7/14/2020,무안(699),X,23.7,20.8,19.8,19.1,95,X, ,X,낮음
7/14/2020,무주(701),X,25.4,22.2,19.4,18.2,99,X, ,X,낮음
7/14/2020,익산(702),X,25.2,21.6,20.2,19.4,97,X, ,X,낮음
7/14/2020,진안(703),X,23.4,20.6,18.7,17.7,95,X, ,X,낮음
7/14/2020,담양(706),X,24.1,20.7,20.1,19.4,95,X, ,X,낮음
7/14/2020,구례(709),X,26.3,23.9,20.8,19.7,93,X, ,X,낮음
7/14/2020,나주(710),X,24.2,21.2,19.8,19.1,95,X, ,X,낮음
7/14/2020,순천시(712),X,26.9,24.6,21.4,19.7,91,X, ,X,낮음
7/14/2020,광양읍(713),X,26.3,25,21.4,19.5,78,X, ,X,낮음
7/14/2020,장성(730),X,23.9,20.8,19.8,19.1,96,X, ,X,낮음
7/14/2020,영암(731),X,24.2,21.2,19.9,19,95,X, ,X,낮음
7/14/2020,보성(732),X,23.8,20.8,19.4,18.6,95,X, ,X,낮음
7/14/2020,완주(734),X,25.4,22.3,20.1,18.7,97,X, ,X,낮음
7/14/2020,김제(737),X,24.3,21,19.8,19,98,X, ,X,낮음
7/14/2020,화순(741),X,23.3,20.2,19.4,18.9,93,X, ,X,낮음
7/14/2020,함평(754),X,23.8,20.9,19.9,19.4,95,X, ,X,낮음
7/14/2020,곡성(768),X,25.5,23.4,20.7,19.3,90,X, ,X,낮음
7/14/2020,압해도(789),X,25.5,22.5,20.9,19.9,94,X, ,X,낮음
7/14/2020,영양(801),X,24,21.8,19.4,18,80,X, ,X,낮음
7/14/2020,성주(810),X,23.6,20.6,19.3,18.5,93,X, ,X,낮음
7/14/2020,고령(812),X,24.1,20.5,19.2,18.6,98,X, ,X,낮음
7/14/2020,청도(813),X,24.3,21.9,19.7,18.6,92,X, ,X,낮음
7/14/2020,예천(815),X,24.2,21.9,19.7,18,88,X, ,X,낮음
7/14/2020,김천(822),X,24.9,22.1,19.6,18.5,96,X, ,X,낮음
7/14/2020,군위(823),X,24.1,21.1,19.6,18.2,93,X, ,X,낮음
7/14/2020,칠곡(825),X,24.4,20.8,19.5,18.8,99,X, ,X,낮음
7/14/2020,경산(827),X,23.9,21.5,19.6,18.5,88,X, ,X,낮음
7/14/2020,삼척(876),X,23.3,20.2,18.4,17,93,X, ,X,낮음
7/14/2020,속초(90),X,22.4,19.8,18.4,17.1,87.8,X, ,X,낮음
7/14/2020,삼천포(907),X,26.5,23.9,20.5,19.3,93,X, ,X,낮음
7/14/2020,고성(918),X,25.2,22.2,20.5,19.1,93,X, ,X,낮음
7/14/2020,창녕(919),X,24.2,21.3,19.9,19.3,95,X, ,X,낮음
7/14/2020,함안(920),X,24.4,20.8,19.7,18.8,99,X, ,X,낮음
7/14/2020,북춘천(93),X,25,23.8,19.9,16.3,78.8,X, ,X,높음
7/14/2020,하동(932),X,27.8,25.9,21,19.3,92,X, ,X,낮음
7/14/2020,철원(95),X,24.7,22.9,19.3,16.3,84.9,X, ,X,낮음
7/14/2020,동두천(98),X,25.6,23.7,19.5,16.3,82.3,X, ,X,낮음
7/14/2020,파주(99),X,25.3,23.7,19.7,16.7,80.8,X, ,X,낮음
7/15/2020,북강릉(104),X,23,21.3,18.1,14.9,83.8,X, ,X,매우높음
7/15/2020,동해(106),X,22.8,20.4,17.6,14.9,87.8,X, ,X,낮음
7/15/2020,서울(108),X,28.3,28.7,23.4,18.9,63.1,X, ,X,매우높음
7/15/2020,인천(112),X,26.3,26,22.1,18.8,65,X, ,X,매우높음
7/15/2020,원주(114),X,26.3,26.2,21.1,17.2,72,X, ,X,낮음
7/15/2020,울릉도(115),X,21.9,18.8,17.8,16.8,91.6,X, ,X,낮음
7/15/2020,수원(119),X,28.5,27.9,22.3,18.7,76,X, ,X,낮음
7/15/2020,영월(121),X,26.5,25.9,20.1,16.5,77.4,X, ,X,낮음
7/15/2020,충주(127),X,26.9,25.5,20.5,17.1,82.8,X, ,X,낮음
7/15/2020,서산(129),X,28.2,27.6,21.5,18.1,79.9,X, ,X,높음
7/15/2020,울진(130),X,24.9,22.8,19,16.1,84.4,X, ,X,낮음
7/15/2020,청주(131),X,27.7,26.3,21.8,18.3,80.1,X, ,X,높음
7/15/2020,대전(133),X,27.3,25.1,21.1,19,92.6,X, ,X,보통
7/15/2020,추풍령(135),X,23.6,21.1,18.4,16.7,89.4,X, ,X,낮음
7/15/2020,안동(136),X,24.6,22.8,19.6,17.5,83,X, ,X,높음
7/15/2020,상주(137),X,24.9,22.1,19.5,17.7,95.5,X, ,X,낮음
7/15/2020,포항(138),X,23.6,21.3,19.7,18.2,85.6,X, ,X,낮음
7/15/2020,군산(140),X,26.1,23.5,20.3,18.8,93.8,X, ,X,낮음
7/15/2020,대구(143),X,24.5,22.9,19.2,17.5,83.8,X, ,X,보통
7/15/2020,전주(146),X,25.6,23.1,20.6,18.7,92.3,X, ,X,보통
7/15/2020,울산(152),X,24,21,18.9,17.9,95,X, ,X,높음
7/15/2020,창원(155),X,22.9,19.9,18.9,18.1,92.5,X, ,X,보통
7/15/2020,광주(156),X,25.2,21.5,19.8,18.9,98.6,X, ,X,높음
7/15/2020,부산(159),X,23.7,21,19.6,18.5,83.3,X, ,X,매우높음
7/15/2020,통영(162),X,24.6,21.1,19.9,18.9,92.9,X, ,X,낮음
7/15/2020,목포(165),X,25.6,23.3,20.8,19.2,86.4,X, ,X,보통
7/15/2020,여수(168),X,23.6,20.4,19.8,19.1,95.1,X, ,X,낮음
7/15/2020,흑산도(169),X,26.4,23.9,20.9,18.5,87.8,X, ,X,낮음
7/15/2020,완도(170),X,25,22.7,20.4,18.9,90.8,X, ,X,낮음
7/15/2020,고창(172),X,25.8,23.3,20.5,19.1,91.5,X, ,X,낮음
7/15/2020,제주(184),X,26.7,24.6,21.6,20.2,85,X, ,X,보통
7/15/2020,진주(192),X,24.8,21.7,19.5,18.7,97.8,X, ,X,낮음
7/15/2020,양평(202),X,26.4,25.7,21,17.3,78,X, ,X,낮음
7/15/2020,이천(203),X,27.5,26.6,21.2,17.7,83.3,X, ,X,낮음
7/15/2020,인제(211),X,27.8,28.5,20.8,15.9,72,X, ,X,낮음
7/15/2020,홍천(212),X,27.2,26.9,21,16.5,74,X, ,X,낮음
7/15/2020,태백(216),X,21.5,19.4,15.1,13.7,94.6,X, ,X,낮음
7/15/2020,정선군(217),X,26.9,26.3,19,15.7,83.4,X, ,X,낮음
7/15/2020,제천(221),X,26,25.4,19.8,16.5,80.8,X, ,X,낮음
7/15/2020,보은(226),X,25.9,24,19.6,16.5,89.6,X, ,X,낮음
7/15/2020,천안(232),X,27.3,26.1,21,18.1,87.4,X, ,X,낮음
7/15/2020,보령(235),X,26.9,24.9,21,18.7,87.4,X, ,X,낮음
7/15/2020,부여(236),X,26.3,23.9,21,18.7,90.6,X, ,X,낮음
7/15/2020,금산(238),X,25.9,23.6,19.9,18.2,93.4,X, ,X,낮음
7/15/2020,세종(239),X,27,25.3,20.9,18.3,88,X, ,X,보통
7/15/2020,부안(243),X,25.2,22.4,20.1,19.1,97.3,X, ,X,낮음
7/15/2020,임실(244),X,24.2,21.3,19.1,17.7,96.1,X, ,X,낮음
7/15/2020,정읍(245),X,23.7,20.6,19.7,18.9,93.8,X, ,X,낮음
7/15/2020,남원(247),X,25,22.2,19.8,18.3,94.1,X, ,X,낮음
7/15/2020,장수(248),X,24.7,21.6,18.8,17.1,97.3,X, ,X,낮음
7/15/2020,영광군(252),X,25.6,23.6,20.5,19.2,87.1,X, ,X,낮음
7/15/2020,김해시(253),X,24.1,20.8,19.5,18.8,92.4,X, ,X,낮음
7/15/2020,순창군(254),X,24.6,21.5,19.4,18.5,97,X, ,X,낮음
7/15/2020,양산시(257),X,25.2,22.9,20.4,19.1,83.8,X, ,X,낮음
7/15/2020,강진군(259),X,25.6,23.8,20.4,18.9,90,X, ,X,낮음
7/15/2020,장흥(260),X,24.4,21.6,19.7,18.6,94.5,X, ,X,낮음
7/15/2020,해남(261),X,25.4,23,20.4,18.4,88.5,X, ,X,낮음
7/15/2020,고흥(262),X,24.2,20.6,19.3,18.7,98.5,X, ,X,낮음
7/15/2020,의령군(263),X,25,22.4,19.9,18.5,92.4,X, ,X,낮음
7/15/2020,함양군(264),X,24.6,21.9,19.6,18,93.1,X, ,X,낮음
7/15/2020,진도군ASOS(268),X,26.4,24.2,20.6,18.7,87.6,X, ,X,낮음
7/15/2020,봉화(271),X,23.8,21.6,18.8,16.3,82.9,X, ,X,낮음
7/15/2020,영주(272),X,25,23.2,19.2,17,89.9,X, ,X,낮음
7/15/2020,문경(273),X,24.8,22.3,19,17.3,94.9,X, ,X,낮음
7/15/2020,청송군(276),X,24.8,22,18.1,14.7,95.1,X, ,X,낮음
7/15/2020,영덕(277),X,23.9,21.6,18.6,16.4,90,X, ,X,낮음
7/15/2020,의성(278),X,25.6,23.6,19.4,16.3,91.3,X, ,X,낮음
7/15/2020,구미(279),X,25.4,22.5,19.7,17.9,96.5,X, ,X,낮음
7/15/2020,영천(281),X,23.1,20.6,18.5,16.8,89.5,X, ,X,낮음
7/15/2020,경주시(283),X,23.9,21.2,18.7,17.4,92.5,X, ,X,낮음
7/15/2020,거창(284),X,24.1,21.6,19.3,17.4,91.3,X, ,X,낮음
7/15/2020,합천(285),X,24.4,21.6,19.5,18,95.5,X, ,X,낮음
7/15/2020,밀양(288),X,24.3,22.1,19.4,18,89.6,X, ,X,낮음
7/15/2020,산청(289),X,24,20.7,19.1,17.9,94.9,X, ,X,낮음
7/15/2020,거제(294),X,24.1,21.4,19.7,18.6,87.8,X, ,X,낮음
7/15/2020,남해(295),X,24.1,21.2,19.8,18.8,93.1,X, ,X,낮음
7/15/2020,부천(433),X,,28.5,22.2,18.4,,X, ,X,낮음
7/15/2020,안양(434),X,,28,22.9,19.5,,X, ,X,낮음
7/15/2020,광명(437),X,,29.2,24,20.1,,X, ,X,낮음
7/15/2020,군포(438),X,,28.6,23.1,19,,X, ,X,낮음
7/15/2020,김포(441),X,,28.1,22.1,18.1,,X, ,X,낮음
7/15/2020,하남(444),X,,27.5,21.2,16.8,,X, ,X,낮음
7/15/2020,의왕(445),X,,26.5,20.5,16.5,,X, ,X,낮음
7/15/2020,포천(504),X,28.7,29.1,21.9,16.9,64,X,관심,X,낮음
7/15/2020,가평조종(505),X,27.8,27.3,20.7,15.8,79,X,관심,X,낮음
7/15/2020,안성(516),X,28.5,27.7,22.1,18.4,76,X, ,X,낮음
7/15/2020,간성(517),X,24.8,22.3,19.1,16.4,88,X, ,X,낮음
7/15/2020,평창(526),X,26.1,26,19.5,16,76,X, ,X,낮음
7/15/2020,의정부(532),X,28.2,27.8,21.7,17.2,82,X, ,X,낮음
7/15/2020,횡성(536),X,27.5,27,20.4,16.3,83,X, ,X,낮음
7/15/2020,고양(540),X,30.1,30.5,22.2,16.9,73,X, ,X,낮음
7/15/2020,남양주(541),X,28,28.3,22.1,17.4,68,X, ,X,낮음
7/15/2020,안산(545),X,28.2,27.4,21.5,16.9,79,X, ,X,낮음
7/15/2020,경기광주(546),X,27.4,26.6,20.7,17,75,X, ,X,낮음
7/15/2020,여주(548),X,26.3,24.9,20.5,17.1,79,X, ,X,낮음
7/15/2020,용인(549),X,26.8,26.7,20.9,17.2,74,X, ,X,낮음
7/15/2020,오산(550),X,27.3,27.1,22,17.6,70,X, ,X,낮음
7/15/2020,평택(551),X,28.6,28.2,22.7,18.3,74,X, ,X,낮음
7/15/2020,화천(555),X,29.7,29.6,21.2,16.1,82,X, ,X,낮음
7/15/2020,양구(556),X,28.7,29.2,20.9,15.7,74,X, ,X,낮음
7/15/2020,시흥(565),X,28.2,28.3,22.5,18.1,70,X, ,X,낮음
7/15/2020,구리(569),X,28.2,28.9,22.7,17.9,63,X, ,X,낮음
7/15/2020,화성(571),X,28.1,28,22.6,18.8,69,X, ,X,낮음
7/15/2020,성남(572),X,27.5,28,22.3,18.1,67,X, ,X,높음
7/15/2020,과천(590),X,28,28,22,17.8,71,X, ,X,낮음
7/15/2020,양주(598),X,29,29.1,22.3,16.9,70,X, ,X,낮음
7/15/2020,단양(601),X,28.4,26.8,20.6,17.2,91,X, ,X,낮음
7/15/2020,진천(602),X,27.3,26.5,21.2,17.8,81,X, ,X,낮음
7/15/2020,괴산(603),X,27.6,26.5,20.6,17.3,86,X, ,X,낮음
7/15/2020,옥천(604),X,26.2,24.4,20,17.5,90,X, ,X,낮음
7/15/2020,홍북(608),X,28.5,26.6,20.6,17.4,88,X, ,X,낮음
7/15/2020,공주(612),X,28.1,26.7,21.2,18.4,89,X, ,X,낮음
7/15/2020,서천(614),X,27.1,24.9,21.8,19.7,93,X, ,X,낮음
7/15/2020,논산(615),X,26.4,24.3,21,18.9,91,X, ,X,낮음
7/15/2020,당진(616),X,27.2,26.1,20.6,17.6,85,X, ,X,낮음
7/15/2020,청양(618),X,27.1,24.9,20.9,18.5,89,X, ,X,낮음
7/15/2020,음성(619),X,27,25.8,20.2,17.1,86,X, ,X,낮음
7/15/2020,증평(623),X,27.6,25.7,21.2,18,88,X, ,X,낮음
7/15/2020,태안(627),X,27.3,25.8,21.3,17.6,83,X, ,X,낮음
7/15/2020,예산(628),X,28.1,27.5,22.1,18.4,81,X, ,X,낮음
7/15/2020,아산(634),X,27.3,27.5,22.1,18.4,75,X, ,X,낮음
7/15/2020,계룡(636),X,26.4,24.8,19.9,18,89,X, ,X,낮음
7/15/2020,연천청산(652),X,28.9,28.8,21.7,16.5,75,X,관심,X,낮음
7/15/2020,양양(670),X,25.2,22.2,19,16.3,93,X, ,X,낮음
7/15/2020,무안(699),X,26.6,24.9,20.8,19.2,88,X, ,X,낮음
7/15/2020,무주(701),X,25.9,22.9,20.1,18,98,X, ,X,낮음
7/15/2020,익산(702),X,27.1,24.4,20.8,19.1,95,X, ,X,낮음
7/15/2020,진안(703),X,23.8,20.4,18.6,17.3,96,X, ,X,낮음
7/15/2020,담양(706),X,25.4,22,20.2,19.4,95,X, ,X,낮음
7/15/2020,구례(709),X,24.9,21.6,20.1,19.1,96,X, ,X,낮음
7/15/2020,나주(710),X,25.1,22.4,20.3,18.9,95,X, ,X,낮음
7/15/2020,순천시(712),X,24,20.4,19.8,19.3,99,X, ,X,낮음
7/15/2020,광양읍(713),X,23.7,20.9,19.7,19.3,86,X, ,X,낮음
7/15/2020,장성(730),X,25.4,22.1,20.3,19.1,95,X, ,X,낮음
7/15/2020,영암(731),X,25.9,23.9,20.7,19,92,X, ,X,낮음
7/15/2020,보성(732),X,24,20.4,19,18.3,99,X, ,X,낮음
7/15/2020,완주(734),X,25.7,22.9,20.3,18.5,96,X, ,X,낮음
7/15/2020,김제(737),X,26,22.4,20,18.8,99,X, ,X,낮음
7/15/2020,화순(741),X,24.3,21.1,19.6,18.8,94,X, ,X,낮음
7/15/2020,함평(754),X,26.6,24.3,20.8,19.5,90,X, ,X,낮음
7/15/2020,곡성(768),X,25.1,22,19.9,18.8,98,X, ,X,낮음
7/15/2020,압해도(789),X,27.3,24.5,21.2,19,91,X, ,X,낮음
7/15/2020,영양(801),X,24.3,22.3,18.7,16.6,90,X, ,X,낮음
7/15/2020,성주(810),X,24.4,22.3,19.5,18.1,89,X, ,X,낮음
7/15/2020,고령(812),X,25.1,21.5,19.1,17.7,98,X, ,X,낮음
7/15/2020,청도(813),X,25.3,23.2,19.2,17.7,92,X, ,X,낮음
7/15/2020,예천(815),X,25.8,24,20,17.9,84,X, ,X,낮음
7/15/2020,김천(822),X,25.6,23,19.9,18.2,95,X, ,X,낮음
7/15/2020,군위(823),X,24.6,22.1,19,15.8,92,X, ,X,낮음
7/15/2020,칠곡(825),X,25.1,22.8,19.9,18.4,92,X, ,X,낮음
7/15/2020,경산(827),X,25.1,23.3,18.9,17.6,87,X, ,X,낮음
7/15/2020,삼척(876),X,24.4,22.6,18.7,15.9,84,X, ,X,낮음
7/15/2020,속초(90),X,25.2,23.2,19.6,16.3,77.6,X, ,X,낮음
7/15/2020,삼천포(907),X,24.3,21.4,19.8,18.6,91,X, ,X,낮음
7/15/2020,고성(918),X,24.2,21.3,19.8,18.9,92,X, ,X,낮음
7/15/2020,창녕(919),X,25,22.2,19.7,18.4,93,X, ,X,낮음
7/15/2020,함안(920),X,24.2,20.8,19.4,18.3,96,X, ,X,낮음
7/15/2020,북춘천(93),X,28.4,27.9,21.2,16.6,78.9,X, ,X,높음
7/15/2020,하동(932),X,24.2,20.6,19.7,19.2,99,X, ,X,낮음
7/15/2020,철원(95),X,29.6,29.4,22.1,16.2,79.8,X, ,X,낮음
7/15/2020,동두천(98),X,29.2,28.2,22,17.1,76.3,X, ,X,낮음
7/15/2020,파주(99),X,28.6,28,21.7,16.7,77.4,X,관심,X,낮음
7/16/2020,북강릉(104),X,25.9,24.5,19.9,13.9,79.5,X, ,X,매우높음
7/16/2020,동해(106),X,23.7,21.8,18.1,14,86.1,X, ,X,낮음
7/16/2020,서울(108),X,30.6,29.7,25,20.4,70.9,X,관심,X,매우높음
7/16/2020,인천(112),X,27.6,26.5,23.3,20.4,73,X, ,X,매우높음
7/16/2020,원주(114),X,29.1,29.4,22.8,18.1,71.8,X,관심,X,낮음
7/16/2020,울릉도(115),X,24.3,22,19.3,16.4,85.1,X, ,X,낮음
7/16/2020,수원(119),X,30,29,23.3,18,78.6,X,관심,X,낮음
7/16/2020,영월(121),X,30.5,30.5,21.9,17.2,79.9,X,관심,X,낮음
7/16/2020,충주(127),X,29.4,28.7,22.8,17.6,78.6,X, ,X,낮음
7/16/2020,서산(129),X,29.3,28.9,22.5,16.4,76.1,X, ,X,매우높음
7/16/2020,울진(130),X,24.3,22.1,18.6,14.4,86.8,X, ,X,낮음
7/16/2020,청주(131),X,29.6,29.4,24,19.7,70.9,X, ,X,매우높음
7/16/2020,대전(133),X,29.5,28.2,23.2,19.2,84.4,X, ,X,매우높음
7/16/2020,추풍령(135),X,27.5,27,21.2,17.4,76.8,X, ,X,낮음
7/16/2020,안동(136),X,28.9,28.9,21.9,17.1,71.4,X, ,X,매우높음
7/16/2020,상주(137),X,29.1,28.3,22.7,18.2,81.5,X, ,X,낮음
7/16/2020,포항(138),X,25.2,23.2,20.2,16.2,80.5,X, ,X,낮음
7/16/2020,군산(140),X,28.9,27.7,22.8,19.6,83,X, ,X,낮음
7/16/2020,대구(143),X,28.3,28.8,22.2,16.8,65.8,X, ,X,매우높음
7/16/2020,전주(146),X,29.5,28.2,23.5,19.3,78.4,X, ,X,매우높음
7/16/2020,울산(152),X,26.6,24.9,20,16.2,84.8,X, ,X,매우높음
7/16/2020,창원(155),X,26.8,25.5,21,17.9,79.9,X, ,X,매우높음
7/16/2020,광주(156),X,29.4,28.3,22.7,19,89.5,X, ,X,매우높음
7/16/2020,부산(159),X,25.9,24.2,21.3,18.7,76,X, ,X,매우높음
7/16/2020,통영(162),X,26.5,25.1,21.6,18.3,79.9,X, ,X,낮음
7/16/2020,목포(165),X,27,25.1,22.1,19.9,82.6,X, ,X,매우높음
7/16/2020,여수(168),X,26.3,24.9,21.6,19.6,83.1,X, ,X,낮음
7/16/2020,흑산도(169),X,26.6,24.7,20.7,17.7,84,X, ,X,낮음
7/16/2020,완도(170),X,27.3,25.3,21.4,19.3,87.5,X, ,X,낮음
7/16/2020,고창(172),X,29.1,28.1,22.4,19.2,85.5,X, ,X,낮음
7/16/2020,제주(184),X,26.6,24.5,22.2,20.2,81.3,X, ,X,높음
7/16/2020,진주(192),X,28.8,28.2,22,18.2,83.1,X, ,X,낮음
7/16/2020,양평(202),X,30.3,29.7,23.4,17,79,X,관심,X,낮음
7/16/2020,이천(203),X,30.6,29.9,23.3,16.9,78.6,X,관심,X,낮음
7/16/2020,인제(211),X,30.3,30,21.2,14.8,80.8,X,관심,X,낮음
7/16/2020,홍천(212),X,30.2,30.2,21.5,16.6,81.9,X,관심,X,낮음
7/16/2020,태백(216),X,25.9,25.5,18,11,76.5,X, ,X,낮음
7/16/2020,정선군(217),X,30.3,30.9,21,15.4,75.1,X, ,X,낮음
7/16/2020,제천(221),X,29.1,28.3,21.9,16.5,81.4,X, ,X,낮음
7/16/2020,보은(226),X,28.6,27.8,21.7,16.5,82.5,X, ,X,낮음
7/16/2020,천안(232),X,29.2,28.1,22.3,17.6,83.5,X, ,X,낮음
7/16/2020,보령(235),X,28.6,26.9,22,17.5,83.9,X, ,X,낮음
7/16/2020,부여(236),X,29.3,28.3,22.9,18.2,82.9,X, ,X,낮음
7/16/2020,금산(238),X,28.7,27.9,22.2,18.5,82.5,X, ,X,낮음
7/16/2020,세종(239),X,29.2,28.6,22.8,18.9,77.8,X, ,X,매우높음
7/16/2020,부안(243),X,28.9,26.9,22.5,19.8,86.9,X, ,X,낮음
7/16/2020,임실(244),X,28.8,27.6,22.3,17.5,81.6,X, ,X,낮음
7/16/2020,정읍(245),X,29.2,28.1,22.5,19.2,80.3,X, ,X,낮음
7/16/2020,남원(247),X,29.8,29.5,23.4,19,79.1,X, ,X,낮음
7/16/2020,장수(248),X,28.3,26.8,21.4,17.6,85.5,X, ,X,낮음
7/16/2020,영광군(252),X,28.9,27.1,22,19.1,84.1,X, ,X,낮음
7/16/2020,김해시(253),X,28.6,27.2,22,18.2,79.6,X, ,X,낮음
7/16/2020,순창군(254),X,29.3,29.2,22.9,18.6,79.5,X, ,X,낮음
7/16/2020,양산시(257),X,29.3,28.5,22.6,18.4,74.1,X, ,X,낮음
7/16/2020,강진군(259),X,28.4,27.1,22.2,19.3,82.8,X, ,X,낮음
7/16/2020,장흥(260),X,28.2,27.1,21.6,19,85.8,X, ,X,낮음
7/16/2020,해남(261),X,28,26.4,21.9,19.2,86.5,X, ,X,낮음
7/16/2020,고흥(262),X,28.1,26.3,21.2,18.5,87.5,X, ,X,낮음
7/16/2020,의령군(263),X,29,28.8,22.7,18.7,76.4,X, ,X,낮음
7/16/2020,함양군(264),X,28.9,28.8,22.2,17.8,78.5,X, ,X,낮음
7/16/2020,진도군ASOS(268),X,27.8,25.8,21.2,18.2,88.9,X, ,X,낮음
7/16/2020,봉화(271),X,27.9,27.2,20.9,17,79.3,X, ,X,낮음
7/16/2020,영주(272),X,28.7,28,22,17.7,82.5,X, ,X,낮음
7/16/2020,문경(273),X,29.2,27.6,22.3,17.8,82.5,X, ,X,낮음
7/16/2020,청송군(276),X,29.1,28.6,20.3,14.1,82.9,X, ,X,낮음
7/16/2020,영덕(277),X,25.9,24.4,18.7,14.1,84.9,X, ,X,낮음
7/16/2020,의성(278),X,29.3,28.9,22,16.3,76.6,X, ,X,낮음
7/16/2020,구미(279),X,29.5,28.7,22.6,17.9,84.5,X, ,X,낮음
7/16/2020,영천(281),X,27.5,27,19.6,13.6,80,X, ,X,낮음
7/16/2020,경주시(283),X,28.1,27.3,20.4,15.8,82.4,X, ,X,낮음
7/16/2020,거창(284),X,28,27,21.9,18,80.6,X, ,X,낮음
7/16/2020,합천(285),X,28.5,27.9,22.1,18.3,82.8,X, ,X,낮음
7/16/2020,밀양(288),X,29.1,29,22.5,18.2,75.3,X, ,X,낮음
7/16/2020,산청(289),X,29,28.3,22.3,18,78.9,X, ,X,낮음
7/16/2020,거제(294),X,27.1,25.8,21.5,17.6,77.8,X, ,X,낮음
7/16/2020,남해(295),X,27.5,26.2,21.3,18.6,84.8,X, ,X,낮음
7/16/2020,부천(433),X,,28.9,23.9,19.5,,X, ,X,낮음
7/16/2020,안양(434),X,,29,24.2,20.1,,X, ,X,낮음
7/16/2020,광명(437),X,,29.5,25.1,20.6,,X, ,X,낮음
7/16/2020,군포(438),X,,29.8,24.2,19.1,,X,관심,X,낮음
7/16/2020,김포(441),X,,28.4,23.5,18.9,,X,관심,X,낮음
7/16/2020,하남(444),X,,30.2,23.6,17.2,,X,관심,X,낮음
7/16/2020,의왕(445),X,,27.9,21.9,16.1,,X, ,X,낮음
7/16/2020,포천(504),X,30.7,30.6,23.9,17.9,72,X,관심,X,낮음
7/16/2020,가평조종(505),X,30.2,29.8,22.8,15.7,79,X,관심,X,낮음
7/16/2020,안성(516),X,30.7,29.9,23.3,17.7,79,X,관심,X,낮음
7/16/2020,간성(517),X,26.6,24,19.6,14.4,90,X, ,X,낮음
7/16/2020,평창(526),X,29.4,29.8,20.6,14.3,77,X, ,X,낮음
7/16/2020,의정부(532),X,31.9,30.2,23.7,18.1,88,X,관심,X,낮음
7/16/2020,횡성(536),X,30.8,30.4,21.9,16.2,86,X,관심,X,낮음
7/16/2020,고양(540),X,32.2,31.6,24,17.8,78,X,관심,X,낮음
7/16/2020,남양주(541),X,30.9,30.3,23.8,18.1,73,X,관심,X,낮음
7/16/2020,안산(545),X,29.2,28.5,21.8,15.5,80,X, ,X,낮음
7/16/2020,경기광주(546),X,30.1,29.6,22.8,16.6,78,X,관심,X,낮음
7/16/2020,여주(548),X,29.4,28.3,22.6,16.6,79,X,관심,X,낮음
7/16/2020,용인(549),X,29.2,29.3,22.4,16.5,72,X,관심,X,낮음
7/16/2020,오산(550),X,29.9,29.7,23.3,17.6,70,X, ,X,낮음
7/16/2020,평택(551),X,30.3,29.2,23.2,17.7,79,X,관심,X,낮음
7/16/2020,화천(555),X,31.5,31.1,23.1,17,83,X,관심,X,낮음
7/16/2020,양구(556),X,31.1,31.4,22.4,15.5,75,X,관심,X,낮음
7/16/2020,시흥(565),X,28.8,28.4,23.3,17.3,74,X, ,X,낮음
7/16/2020,구리(569),X,31.4,31.6,24.7,18.5,67,X,관심,X,낮음
7/16/2020,화성(571),X,29.6,28.9,23.1,18,75,X, ,X,낮음
7/16/2020,성남(572),X,30.1,30.2,24.3,18.1,67,X, ,X,매우높음
7/16/2020,과천(590),X,30.5,29.9,23.8,17.3,75,X,관심,X,낮음
7/16/2020,양주(598),X,30.8,30.3,24.2,18.6,75,X,관심,X,낮음
7/16/2020,단양(601),X,31.3,30.3,23.3,18.1,86,X, ,X,낮음
7/16/2020,진천(602),X,30.1,29.8,23.1,17.8,78,X, ,X,낮음
7/16/2020,괴산(603),X,30,29.8,22.2,16.2,80,X, ,X,낮음
7/16/2020,옥천(604),X,28.8,27.9,22,17.2,83,X, ,X,낮음
7/16/2020,홍북(608),X,29.2,27,21.4,16.3,88,X, ,X,낮음
7/16/2020,공주(612),X,30.2,29.4,23,18.4,82,X, ,X,낮음
7/16/2020,서천(614),X,29.9,28.6,23.8,21,84,X, ,X,낮음
7/16/2020,논산(615),X,30.1,29.8,23.4,18.2,79,X, ,X,낮음
7/16/2020,당진(616),X,28.8,27.7,22,16.5,80,X, ,X,낮음
7/16/2020,청양(618),X,29.6,28.4,21.9,16.8,85,X, ,X,낮음
7/16/2020,음성(619),X,29.4,28.7,22,16.5,82,X, ,X,낮음
7/16/2020,증평(623),X,29.3,28.3,22.6,17.6,84,X, ,X,낮음
7/16/2020,태안(627),X,29.1,27.6,21.8,16.7,83,X, ,X,낮음
7/16/2020,예산(628),X,29.5,28.9,23,17.7,81,X, ,X,낮음
7/16/2020,아산(634),X,29,29,22.7,17.3,73,X, ,X,낮음
7/16/2020,계룡(636),X,28.6,27.9,21.2,16.7,82,X, ,X,낮음
7/16/2020,연천청산(652),X,30.6,30.1,23.8,18.6,80,X,관심,X,낮음
7/16/2020,양양(670),X,27.3,24.4,20,15,93,X, ,X,낮음
7/16/2020,무안(699),X,28.4,26.7,21.7,19.1,86,X, ,X,낮음
7/16/2020,무주(701),X,30.2,28.6,22.2,18.4,87,X, ,X,낮음
7/16/2020,익산(702),X,29.1,28,23.2,19.3,84,X, ,X,낮음
7/16/2020,진안(703),X,28,26.9,21.5,17.9,82,X, ,X,낮음
7/16/2020,담양(706),X,31.1,30,23.6,19.5,85,X, ,X,낮음
7/16/2020,구례(709),X,29.8,28.3,23,19.1,83,X, ,X,낮음
7/16/2020,나주(710),X,29,27.3,22.5,19.2,86,X, ,X,낮음
7/16/2020,순천시(712),X,29.1,27.3,22.5,19.1,85,X, ,X,낮음
7/16/2020,광양읍(713),X,29,28.9,22.7,18.9,69,X, ,X,낮음
7/16/2020,장성(730),X,29.7,28.5,22.8,19.1,83,X, ,X,낮음
7/16/2020,영암(731),X,28.2,26.3,22.3,19.3,89,X, ,X,낮음
7/16/2020,보성(732),X,27.9,26,20.9,18.3,88,X, ,X,낮음
7/16/2020,완주(734),X,29.9,28.9,22.4,17.6,84,X, ,X,낮음
7/16/2020,김제(737),X,29.1,27.8,22.9,19.7,84,X, ,X,낮음
7/16/2020,화순(741),X,29.1,28.1,22.6,18.8,80,X, ,X,낮음
7/16/2020,함평(754),X,28.9,27.3,22.6,18.9,86,X, ,X,낮음
7/16/2020,곡성(768),X,29.7,29.8,23.3,18.6,81,X, ,X,낮음
7/16/2020,압해도(789),X,28.7,26.4,22.1,19.4,87,X, ,X,낮음
7/16/2020,영양(801),X,28.2,27.8,20.2,15.5,82,X, ,X,낮음
7/16/2020,성주(810),X,28.8,28.9,22.2,17.8,74,X, ,X,낮음
7/16/2020,고령(812),X,28.5,28.5,21.8,17.8,84,X, ,X,낮음
7/16/2020,청도(813),X,29.5,29.1,22.1,17.4,78,X, ,X,낮음
7/16/2020,예천(815),X,28.8,28.4,22.5,18.5,75,X, ,X,낮음
7/16/2020,김천(822),X,29.9,29.2,22.9,18.3,80,X, ,X,낮음
7/16/2020,군위(823),X,29.4,28.6,21.8,15.8,79,X, ,X,낮음
7/16/2020,칠곡(825),X,29,28.6,22.8,18.6,75,X, ,X,낮음
7/16/2020,경산(827),X,28.2,28.8,21.7,16.4,70,X, ,X,낮음
7/16/2020,삼척(876),X,25.5,24,19.3,14.6,82,X, ,X,낮음
7/16/2020,속초(90),X,26,24.3,20.5,15.7,80.5,X, ,X,낮음
7/16/2020,삼천포(907),X,28,25.9,21.1,18.3,83,X, ,X,낮음
7/16/2020,고성(918),X,27.9,26.4,21.7,18.2,82,X, ,X,낮음
7/16/2020,창녕(919),X,29.3,28.2,22.7,18.7,81,X, ,X,낮음
7/16/2020,함안(920),X,29.1,27.9,21.5,17.7,84,X, ,X,낮음
7/16/2020,북춘천(93),X,31,30.3,22.7,16.7,86.1,X,관심,X,매우높음
7/16/2020,하동(932),X,29,28.1,22.3,19,84,X, ,X,낮음
7/16/2020,철원(95),X,30.5,29.1,23.3,17.9,87.3,X,관심,X,낮음
7/16/2020,동두천(98),X,31.6,30.1,23.9,19.2,83,X,관심,X,낮음
7/16/2020,파주(99),X,30.9,29.1,23.1,18.5,85.6,X,관심,X,낮음
7/17/2020,북강릉(104),X,26.2,24.7,20.5,15.7,81.3,X, ,X,매우높음
7/17/2020,동해(106),X,24.6,22.5,19,15.1,86,X, ,X,낮음
7/17/2020,서울(108),X,32,31.6,26,21.5,72,X,관심,X,매우높음
7/17/2020,인천(112),X,28.8,27.7,24.3,21.3,74.9,X,관심,X,매우높음
7/17/2020,원주(114),X,29.8,30.4,24.7,20.1,69.3,X,관심,X,낮음
7/17/2020,울릉도(115),X,25.6,23.4,20.1,17.3,87.1,X, ,X,낮음
7/17/2020,수원(119),X,31.6,29.8,24.4,20.4,83.8,X, ,X,낮음
7/17/2020,영월(121),X,31.4,32.7,24.1,17.2,71.1,X,관심,X,낮음
7/17/2020,충주(127),X,30.9,30.8,24.6,19.1,75.9,X,관심,X,낮음
7/17/2020,서산(129),X,30.9,29.8,23.3,17.6,75.1,X,관심,X,매우높음
7/17/2020,울진(130),X,24.8,22.6,19.2,15,86.1,X, ,X,낮음
7/17/2020,청주(131),X,31.5,31.5,25.7,21,69.3,X, ,X,매우높음
7/17/2020,대전(133),X,31.8,30.9,25,19.9,81.1,X,관심,X,높음
7/17/2020,추풍령(135),X,28.8,28.3,21.8,17,77.4,X, ,X,낮음
7/17/2020,안동(136),X,29.2,29.9,22.6,17,66.8,X, ,X,매우높음
7/17/2020,상주(137),X,30.6,29.5,23.4,17.9,78.8,X, ,X,낮음
7/17/2020,포항(138),X,25.5,23.3,21,17.6,81.5,X, ,X,낮음
7/17/2020,군산(140),X,29.5,28,23.2,18.7,80.5,X, ,X,낮음
7/17/2020,대구(143),X,28.4,28.8,22.7,17.3,65.9,X, ,X,매우높음
7/17/2020,전주(146),X,30.6,29.2,24.1,20.9,75.1,X,관심,X,매우높음
7/17/2020,울산(152),X,26.2,24.4,20.1,15.6,85.5,X, ,X,매우높음
7/17/2020,창원(155),X,27.5,26.6,22,18.1,75.5,X, ,X,매우높음
7/17/2020,광주(156),X,30.9,30.1,24.4,20.6,84,X,관심,X,매우높음
7/17/2020,부산(159),X,27,25.9,21.8,17.8,75,X, ,X,매우높음
7/17/2020,통영(162),X,27.9,27,22.8,19.4,72.5,X, ,X,낮음
7/17/2020,목포(165),X,28.5,26.4,22.8,20.4,84.8,X, ,X,높음
7/17/2020,여수(168),X,27.7,26,22.6,20.8,81.8,X, ,X,낮음
7/17/2020,흑산도(169),X,28,25.8,21.7,18.3,86.9,X, ,X,낮음
7/17/2020,완도(170),X,29,27.1,22.1,19,83.6,X, ,X,낮음
7/17/2020,고창(172),X,29.8,28.2,23,18.6,84,X, ,X,낮음
7/17/2020,제주(184),X,27,25.8,23.1,20.1,71.4,X, ,X,매우높음
7/17/2020,진주(192),X,29.9,29.4,22.7,18.8,81.9,X, ,X,낮음
7/17/2020,양평(202),X,31.7,31.6,24.6,19.6,82.3,X,관심,X,낮음
7/17/2020,이천(203),X,31.9,31.2,24.4,19.1,86.1,X,관심,X,낮음
7/17/2020,인제(211),X,31.5,31.7,23.7,17.9,71.9,X,관심,X,낮음
7/17/2020,홍천(212),X,32.1,32.3,23.4,19.1,81.3,X,관심,X,낮음
7/17/2020,태백(216),X,26.8,26.1,18.8,11.5,77.9,X, ,X,낮음
7/17/2020,정선군(217),X,30.4,31.4,22.5,15.5,70.6,X,관심,X,낮음
7/17/2020,제천(221),X,30.4,30,23.5,18.5,76.8,X,관심,X,낮음
7/17/2020,보은(226),X,29.8,29.2,22.8,17.9,82.8,X, ,X,낮음
7/17/2020,천안(232),X,30.7,29.6,23.8,18.7,79.6,X,관심,X,낮음
7/17/2020,보령(235),X,28.8,27.8,22.7,18.1,79.6,X, ,X,낮음
7/17/2020,부여(236),X,31.4,30.7,23.7,18.7,82.4,X,관심,X,낮음
7/17/2020,금산(238),X,30.7,30.2,23.6,18.3,80.6,X, ,X,낮음
7/17/2020,세종(239),X,30.8,30.5,24.1,18.3,75.8,X,관심,X,매우높음
7/17/2020,부안(243),X,29.6,27.7,23.1,18.7,84.1,X,관심,X,낮음
7/17/2020,임실(244),X,29.7,28.2,22.3,18.7,86.3,X, ,X,낮음
7/17/2020,정읍(245),X,30.5,29.1,23.1,18.5,77.9,X,관심,X,낮음
7/17/2020,남원(247),X,30.9,30.6,24.1,19.3,79.9,X, ,X,낮음
7/17/2020,장수(248),X,29.6,28.4,21.1,16.3,90.5,X, ,X,낮음
7/17/2020,영광군(252),X,30,28.4,22.9,18.3,81.1,X, ,X,낮음
7/17/2020,김해시(253),X,29.7,28.6,22.5,16.6,77.4,X, ,X,낮음
7/17/2020,순창군(254),X,30.8,30.8,24.1,18.5,79.3,X, ,X,낮음
7/17/2020,양산시(257),X,29.9,29.1,22.9,17.1,75.9,X, ,X,낮음
7/17/2020,강진군(259),X,30.2,28.8,23,18.9,80.4,X, ,X,낮음
7/17/2020,장흥(260),X,29.5,27.6,22.6,19.1,84,X, ,X,낮음
7/17/2020,해남(261),X,29.9,27.9,21.9,17.2,84.6,X, ,X,낮음
7/17/2020,고흥(262),X,29.2,27.4,22,19.2,83.9,X, ,X,낮음
7/17/2020,의령군(263),X,29.6,29.9,23.4,18.7,74.6,X, ,X,낮음
7/17/2020,함양군(264),X,30.5,30.5,22.5,17,80.8,X, ,X,낮음
7/17/2020,진도군ASOS(268),X,28.8,26.7,21.7,16.6,86.3,X, ,X,낮음
7/17/2020,봉화(271),X,28.2,28,20.7,15.2,79.8,X, ,X,낮음
7/17/2020,영주(272),X,29.4,29,22,17.8,82.9,X, ,X,낮음
7/17/2020,문경(273),X,29.6,29,22.5,17.1,79.3,X, ,X,낮음
7/17/2020,청송군(276),X,29,28.5,20.3,13.3,82,X, ,X,낮음
7/17/2020,영덕(277),X,26.2,24.7,19,14.5,86.1,X, ,X,낮음
7/17/2020,의성(278),X,30.3,30.8,22.7,16.1,71.1,X,관심,X,낮음
7/17/2020,구미(279),X,31,30.4,24,17.7,74.4,X, ,X,낮음
7/17/2020,영천(281),X,27.6,27.2,20.6,14.9,77.6,X, ,X,낮음
7/17/2020,경주시(283),X,28.5,27.4,20.8,14.9,81.8,X, ,X,낮음
7/17/2020,거창(284),X,29.7,28.8,22.2,17,81.9,X, ,X,낮음
7/17/2020,합천(285),X,29.7,29.1,23.3,18.8,78.6,X, ,X,낮음
7/17/2020,밀양(288),X,29.4,30,22.9,17.2,70.5,X, ,X,낮음
7/17/2020,산청(289),X,30.7,29.8,23,17.7,79.1,X,관심,X,낮음
7/17/2020,거제(294),X,27.8,26.5,22.1,18.6,76.1,X, ,X,낮음
7/17/2020,남해(295),X,28.4,26.9,21.9,18.7,83.6,X, ,X,낮음
7/17/2020,부천(433),X,,29.3,24.6,20.5,,X,관심,X,낮음
7/17/2020,안양(434),X,,29.8,25.2,21.3,,X,관심,X,낮음
7/17/2020,광명(437),X,,31.3,26,21.6,,X,관심,X,낮음
7/17/2020,군포(438),X,,30.9,24.8,20.5,,X,관심,X,낮음
7/17/2020,김포(441),X,,30.5,24.8,20.3,,X,관심,X,낮음
7/17/2020,하남(444),X,,32.4,24.9,19.4,,X,관심,X,낮음
7/17/2020,의왕(445),X,,29.3,22.8,18,,X, ,X,낮음
7/17/2020,포천(504),X,32.2,31.7,24.9,20,76,X,관심,X,낮음
7/17/2020,가평조종(505),X,31.8,30.6,24.2,19.6,83,X,관심,X,낮음
7/17/2020,안성(516),X,32.3,31.3,24.4,19.1,78,X,관심,X,낮음
7/17/2020,간성(517),X,27.4,24.6,20.7,16.5,90,X, ,X,낮음
7/17/2020,평창(526),X,30.2,30.4,22.9,16,73,X, ,X,낮음
7/17/2020,의정부(532),X,32.5,30.7,24.1,19.8,91,X,관심,X,낮음
7/17/2020,횡성(536),X,32,31.4,23.3,18,83,X,관심,X,낮음
7/17/2020,고양(540),O,33.5,33.4,25.1,19.3,77,X,관심,X,낮음
7/17/2020,남양주(541),X,32.6,32.4,25.2,20.3,76,X,관심,X,낮음
7/17/2020,안산(545),X,31.2,29.5,23.2,18,85,X, ,X,낮음
7/17/2020,경기광주(546),X,31.7,31.4,25.1,19.1,76,X,관심,X,낮음
7/17/2020,여주(548),X,30.8,30.1,23.6,19.1,82,X,관심,X,낮음
7/17/2020,용인(549),X,30.4,30.1,23.8,18.4,71,X,관심,X,낮음
7/17/2020,오산(550),X,31.2,30.5,24.7,19.7,70,X, ,X,낮음
7/17/2020,평택(551),X,31.7,30.7,24.1,19.5,80,X,관심,X,낮음
7/17/2020,화천(555),X,32.7,33.1,25.4,20.7,80,X,관심,X,낮음
7/17/2020,양구(556),X,31.9,32.4,24.3,18.9,75,X,관심,X,낮음
7/17/2020,시흥(565),X,30.3,29.2,24.2,19.2,77,X, ,X,낮음
7/17/2020,구리(569),X,32.7,32.9,26.1,20.6,69,X,관심,X,낮음
7/17/2020,화성(571),X,31,29.8,23.9,19.5,78,X,관심,X,낮음
7/17/2020,성남(572),X,31.4,31.6,25.6,20.1,69,X,관심,X,매우높음
7/17/2020,과천(590),X,31.7,30.7,24.6,19,78,X,관심,X,낮음
7/17/2020,양주(598),X,31.7,31.3,25.1,19.1,76,X,관심,X,낮음
7/17/2020,단양(601),X,32.5,32.3,24.2,19.7,85,X,관심,X,낮음
7/17/2020,진천(602),X,31.2,30.6,24.3,19,76,X, ,X,낮음
7/17/2020,괴산(603),X,31.3,31.5,24.3,18.9,77,X, ,X,낮음
7/17/2020,옥천(604),X,30.3,30.3,23.7,18.6,78,X, ,X,낮음
7/17/2020,홍북(608),X,31,29.5,22.5,16.8,84,X,관심,X,낮음
7/17/2020,공주(612),X,32.2,31.9,24.6,18.5,80,X,관심,X,낮음
7/17/2020,서천(614),X,30.2,28.7,23.8,19.2,80,X, ,X,낮음
7/17/2020,논산(615),X,32.2,31.5,24.5,19.2,79,X,관심,X,낮음
7/17/2020,당진(616),X,30.2,28.8,22.9,17.9,81,X, ,X,낮음
7/17/2020,청양(618),X,31.2,29.9,22.7,16.9,83,X,관심,X,낮음
7/17/2020,음성(619),X,31.4,30.4,24,18.7,82,X,관심,X,낮음
7/17/2020,증평(623),X,31.3,30.5,24.5,19.6,82,X, ,X,낮음
7/17/2020,태안(627),X,29.7,28.5,23,18.6,82,X, ,X,낮음
7/17/2020,예산(628),X,31.3,30,23.8,18.7,80,X,관심,X,낮음
7/17/2020,아산(634),X,31,30.5,23.8,18.1,76,X,관심,X,낮음
7/17/2020,계룡(636),X,31,30.1,23,16.9,82,X, ,X,낮음
7/17/2020,연천청산(652),X,31.5,31.1,25.4,20,79,X,관심,X,낮음
7/17/2020,양양(670),X,27.8,24.6,20.7,16.4,94,X, ,X,낮음
7/17/2020,무안(699),X,29.3,27.6,22.8,18.5,84,X, ,X,낮음
7/17/2020,무주(701),X,31.3,30.5,23,16.8,85,X, ,X,낮음
7/17/2020,익산(702),X,31.1,29.6,23.6,18.7,83,X,관심,X,낮음
7/17/2020,진안(703),X,29.3,28.6,22,18.2,87,X,관심,X,낮음
7/17/2020,담양(706),O,33.3,31.1,24.7,19.5,89,X,관심,X,낮음
7/17/2020,구례(709),X,31.2,30.2,24.2,20.5,79,X,관심,X,낮음
7/17/2020,나주(710),X,30.7,29.2,24,19.7,84,X,관심,X,낮음
7/17/2020,순천시(712),X,30.3,28.8,23.9,21,80,X, ,X,낮음
7/17/2020,광양읍(713),X,29.5,29.8,23.9,20.1,62,X, ,X,낮음
7/17/2020,장성(730),X,30.7,29.4,23.3,19.3,83,X, ,X,낮음
7/17/2020,영암(731),X,30.4,28.7,23.1,18.7,87,X, ,X,낮음
7/17/2020,보성(732),X,29.3,27.7,22.2,18.9,85,X, ,X,낮음
7/17/2020,완주(734),X,31.7,30.4,23.7,19.2,85,X,관심,X,낮음
7/17/2020,김제(737),X,30.5,28.8,23.5,20,82,X,관심,X,낮음
7/17/2020,화순(741),X,30.5,29.8,24.2,20.5,77,X,관심,X,낮음
7/17/2020,함평(754),X,30.1,28.3,23.2,18.3,85,X, ,X,낮음
7/17/2020,곡성(768),X,31.4,31.3,24.4,20.6,82,X,관심,X,낮음
7/17/2020,압해도(789),X,29.6,27.2,22.8,19.4,89,X, ,X,낮음
7/17/2020,영양(801),X,28.7,28.1,20.2,14.6,80,X, ,X,낮음
7/17/2020,성주(810),X,29.9,30.1,23.7,18,68,X, ,X,낮음
7/17/2020,고령(812),X,29.7,30.5,22.9,18.7,78,X, ,X,낮음
7/17/2020,청도(813),X,29.6,29.6,22.2,15.3,74,X, ,X,낮음
7/17/2020,예천(815),X,30,30.2,22.7,16.8,73,X,관심,X,낮음
7/17/2020,김천(822),X,31.7,30.7,23.2,17.5,83,X,관심,X,낮음
7/17/2020,군위(823),X,30.4,30.1,22.8,16.4,75,X, ,X,낮음
7/17/2020,칠곡(825),X,30,29.7,23.4,17.7,74,X, ,X,낮음
7/17/2020,경산(827),X,28.7,29.1,22.1,16.6,69,X, ,X,낮음
7/17/2020,삼척(876),X,26.1,24.5,20.1,15.8,82,X, ,X,낮음
7/17/2020,속초(90),X,26.7,24.9,21.5,17.9,81.5,X, ,X,낮음
7/17/2020,삼천포(907),X,28.2,26.6,21.9,19.3,82,X, ,X,낮음
7/17/2020,고성(918),X,28.4,27.1,22.7,19,79,X, ,X,낮음
7/17/2020,창녕(919),X,30.4,29.9,23.4,17.7,78,X,관심,X,낮음
7/17/2020,함안(920),X,29.6,28.9,22,17.5,83,X, ,X,낮음
7/17/2020,북춘천(93),X,32.9,32.7,24.8,20,84,X,관심,X,매우높음
7/17/2020,하동(932),X,30.3,29.4,22.9,18.9,82,X,관심,X,낮음
7/17/2020,철원(95),X,32,30.6,24.7,20.3,87.1,X,관심,X,낮음
7/17/2020,동두천(98),X,32.5,30.8,25.1,20.1,82.5,X,관심,X,낮음
7/17/2020,파주(99),X,31.8,30.5,24,18.8,84.6,X,관심,X,낮음
7/18/2020,북강릉(104),X,25.3,23.4,19.8,16.6,85.6,X, ,X,위험
7/18/2020,동해(106),X,25.3,23.3,19,15.6,86.6,X, ,X,낮음
7/18/2020,서울(108),X,31.6,31,26.1,22.8,71.6,X,관심,X,매우높음
7/18/2020,인천(112),X,28.3,27.1,24.3,21.7,75.6,X,관심,X,매우높음
7/18/2020,원주(114),X,29.8,29.8,25,21,66.3,X,관심,X,낮음
7/18/2020,울릉도(115),X,25.8,23.6,20.6,17.6,86.3,X, ,X,낮음
7/18/2020,수원(119),X,31.3,30,25.2,20.5,78,X,관심,X,낮음
7/18/2020,영월(121),X,31.3,32.3,23.8,18,69.6,X,관심,X,낮음
7/18/2020,충주(127),X,30.7,30.2,24.6,19.3,69.8,X,관심,X,낮음
7/18/2020,서산(129),X,30.2,29.1,23.6,19,78.5,X,관심,X,매우높음
7/18/2020,울진(130),X,25.3,23.4,19.6,14.5,84,X, ,X,낮음
7/18/2020,청주(131),X,29.5,30,25.7,22.5,63.9,X,관심,X,매우높음
7/18/2020,대전(133),X,29.8,29.1,25,21.8,75.1,X,관심,X,매우높음
7/18/2020,추풍령(135),X,26.1,25.1,20.6,16.2,77.8,X, ,X,낮음
7/18/2020,안동(136),X,28.5,27.9,21.8,16.1,72,X, ,X,매우높음
7/18/2020,상주(137),X,28.6,27,21.8,17.4,82.5,X, ,X,낮음
7/18/2020,포항(138),X,25.8,23.6,21.7,19,81,X, ,X,낮음
7/18/2020,군산(140),X,30,29,23.9,20,78,X, ,X,낮음
7/18/2020,대구(143),X,28,27.6,22.4,16.8,71,X, ,X,높음
7/18/2020,전주(146),X,29.8,28.9,24.4,21,73.3,X, ,X,매우높음
7/18/2020,울산(152),X,26.1,24.2,21.2,17,87,X, ,X,매우높음
7/18/2020,창원(155),X,26.7,25.4,21.8,18,78.3,X, ,X,높음
7/18/2020,광주(156),X,28.1,26.8,23.7,21.4,79.8,X, ,X,매우높음
7/18/2020,부산(159),X,27.1,25.5,22.2,18.9,78.6,X, ,X,매우높음
7/18/2020,통영(162),X,27.5,25.9,22.3,19.2,79.3,X, ,X,낮음
7/18/2020,목포(165),X,25.8,23.8,22.4,20.7,78.4,X, ,X,매우높음
7/18/2020,여수(168),X,26,23.6,22.1,20.4,85.8,X, ,X,낮음
7/18/2020,흑산도(169),X,24,21.3,19.9,18.7,92.8,X, ,X,낮음
7/18/2020,완도(170),X,25.8,23.1,21.3,18.8,91.3,X, ,X,낮음
7/18/2020,고창(172),X,28.3,27,23.3,20.3,77.6,X, ,X,낮음
7/18/2020,제주(184),X,28.4,26.7,24.2,20.7,75.4,X, ,X,높음
7/18/2020,진주(192),X,27.2,25.7,22.1,18.7,84.8,X, ,X,낮음
7/18/2020,양평(202),X,30.3,29.8,24.9,21.2,79.4,X,관심,X,낮음
7/18/2020,이천(203),X,30.6,29.7,24.8,20.7,76.9,X,관심,X,낮음
7/18/2020,인제(211),X,30.4,30.5,23.5,19.3,72.3,X,관심,X,낮음
7/18/2020,홍천(212),X,30.9,30.4,24.6,20.1,75.4,X,관심,X,낮음
7/18/2020,태백(216),X,26.5,26.1,18.9,12.9,80.6,X, ,X,낮음
7/18/2020,정선군(217),X,30.3,31.6,22.4,17,76.4,X,관심,X,낮음
7/18/2020,제천(221),X,29.8,29,23.1,18.3,76.6,X,관심,X,낮음
7/18/2020,보은(226),X,27.3,26.7,22.9,19,72.1,X, ,X,낮음
7/18/2020,천안(232),X,29.5,28.4,23.6,19.6,76.1,X,관심,X,낮음
7/18/2020,보령(235),X,28.6,26.8,23.7,19.8,81,X, ,X,낮음
7/18/2020,부여(236),X,29.9,28.9,24,19.4,78.3,X,관심,X,낮음
7/18/2020,금산(238),X,29.2,28.3,23.9,19.8,76.5,X, ,X,낮음
7/18/2020,세종(239),X,28.7,28.8,24.6,20.7,68.9,X,관심,X,높음
7/18/2020,부안(243),X,29.2,28.2,23.8,20,80,X, ,X,낮음
7/18/2020,임실(244),X,28.1,26.4,22.6,19.6,80.4,X, ,X,낮음
7/18/2020,정읍(245),X,28.9,28.4,23.4,19,72.4,X, ,X,낮음
7/18/2020,남원(247),X,28.4,27,23.4,20.6,78.5,X, ,X,낮음
7/18/2020,장수(248),X,27,26,21.8,17.4,80.8,X, ,X,낮음
7/18/2020,영광군(252),X,28.3,27.3,23.2,20.7,76.9,X, ,X,낮음
7/18/2020,김해시(253),X,28,26.4,22.4,17.7,80.4,X, ,X,낮음
7/18/2020,순창군(254),X,27.7,26.8,23.1,21.2,75.9,X, ,X,낮음
7/18/2020,양산시(257),X,28.2,26.9,22.8,17.9,78,X, ,X,낮음
7/18/2020,강진군(259),X,26.1,24.5,22.1,18.8,82.8,X, ,X,낮음
7/18/2020,장흥(260),X,26.5,24.4,21.6,18.3,84.4,X, ,X,낮음
7/18/2020,해남(261),X,26.7,24.3,21.5,18.5,84.9,X, ,X,낮음
7/18/2020,고흥(262),X,26.3,24.2,21.5,18.3,86.8,X, ,X,낮음
7/18/2020,의령군(263),X,27.8,26.5,22.4,18.6,80.4,X, ,X,낮음
7/18/2020,함양군(264),X,27.5,26.6,22.8,19.3,77.1,X, ,X,낮음
7/18/2020,진도군ASOS(268),X,26.8,24.5,21.9,18.8,85,X, ,X,낮음
7/18/2020,봉화(271),X,27.4,27.2,20.1,14.4,78.3,X, ,X,낮음
7/18/2020,영주(272),X,27.9,27.1,21.5,16.3,81.6,X, ,X,낮음
7/18/2020,문경(273),X,27.5,26.1,21,15.9,82.5,X, ,X,낮음
7/18/2020,청송군(276),X,28.1,26.8,19.7,12.8,87.1,X, ,X,낮음
7/18/2020,영덕(277),X,26.7,24.9,19.9,16.1,83.8,X, ,X,낮음
7/18/2020,의성(278),X,28.5,27.5,21,14.2,79,X, ,X,낮음
7/18/2020,구미(279),X,28.3,27.3,22.3,17.4,85.6,X, ,X,낮음
7/18/2020,영천(281),X,27,25.8,20.5,15.1,81.9,X, ,X,낮음
7/18/2020,경주시(283),X,29.3,28.3,21.3,15.6,81.9,X, ,X,낮음
7/18/2020,거창(284),X,26.9,25.6,21.5,18,82.4,X, ,X,낮음
7/18/2020,합천(285),X,27.4,26.2,22.3,18.3,81.3,X, ,X,낮음
7/18/2020,밀양(288),X,27.3,26.1,22.6,18,73,X, ,X,낮음
7/18/2020,산청(289),X,27.1,25.7,22.5,20.2,80.5,X, ,X,낮음
7/18/2020,거제(294),X,26.9,24.8,21.6,17.8,82.6,X, ,X,낮음
7/18/2020,남해(295),X,26.9,24.6,21.6,18,85.6,X, ,X,낮음
7/18/2020,부천(433),X,,29.1,24.8,20.9,,X,관심,X,낮음
7/18/2020,안양(434),X,,29.6,25.8,22.3,,X, ,X,낮음
7/18/2020,광명(437),X,,30.3,26.1,22.3,,X,관심,X,낮음
7/18/2020,군포(438),X,,30.2,25.5,21.3,,X,관심,X,낮음
7/18/2020,김포(441),X,,29.7,24.8,20.6,,X,관심,X,낮음
7/18/2020,하남(444),X,,30.3,25.1,21.4,,X,관심,X,낮음
7/18/2020,의왕(445),X,,28.5,23.1,18.7,,X, ,X,낮음
7/18/2020,포천(504),X,30.9,30.3,25.1,21.1,76,X,관심,X,낮음
7/18/2020,가평조종(505),X,31.2,30,24.5,20.2,82,X,관심,X,낮음
7/18/2020,안성(516),X,31.2,30.9,25,20.2,74,X,관심,X,낮음
7/18/2020,간성(517),X,27,24.2,21.1,17.8,91,X, ,X,낮음
7/18/2020,평창(526),X,29.8,30.4,23.4,17.4,68,X,관심,X,낮음
7/18/2020,의정부(532),X,32.5,30,24.5,20.7,92,X,관심,X,낮음
7/18/2020,횡성(536),X,31.2,30.5,23.9,19.1,83,X,관심,X,낮음
7/18/2020,고양(540),X,32.6,32,24.8,20.1,79,X,관심,X,낮음
7/18/2020,남양주(541),X,31.3,31.3,25.8,21.6,72,X,관심,X,낮음
7/18/2020,안산(545),X,30.6,29.4,23.3,17.9,84,X,관심,X,낮음
7/18/2020,경기광주(546),X,30.9,30.2,24.9,20.7,73,X,관심,X,낮음
7/18/2020,여주(548),X,30,29.3,24.3,20,73,X,관심,X,낮음
7/18/2020,용인(549),X,30,29.8,24.1,20.4,69,X,관심,X,낮음
7/18/2020,오산(550),X,30.5,30.3,25.2,20.6,67,X, ,X,낮음
7/18/2020,평택(551),X,31.4,30.6,24.8,20.3,75,X,관심,X,낮음
7/18/2020,화천(555),X,32.5,31.9,25.4,21.1,81,X,관심,X,낮음
7/18/2020,양구(556),X,30.7,31.2,24.5,18.7,71,X,관심,X,낮음
7/18/2020,시흥(565),X,30.6,30.1,24.5,19.7,75,X, ,X,낮음
7/18/2020,구리(569),X,31.9,32,26.4,22.1,65,X,관심,X,낮음
7/18/2020,화성(571),X,31.3,30.4,24.7,20.1,75,X,관심,X,낮음
7/18/2020,성남(572),X,30.4,29.9,25.8,22.3,65,X, ,X,매우높음
7/18/2020,과천(590),X,31.4,30.6,24.9,20,79,X,관심,X,낮음
7/18/2020,양주(598),X,31.1,29.9,24.7,19.8,79,X,관심,X,낮음
7/18/2020,단양(601),X,31.5,31.8,23.8,18.7,84,X,관심,X,낮음
7/18/2020,진천(602),X,30.2,29.6,24.1,20.2,74,X,관심,X,낮음
7/18/2020,괴산(603),X,29.8,29.6,23.7,18.8,69,X,관심,X,낮음
7/18/2020,옥천(604),X,28.6,28.4,23.4,19,72,X, ,X,낮음
7/18/2020,홍북(608),X,29.8,28.4,22.9,18.1,88,X,관심,X,낮음
7/18/2020,공주(612),X,30.3,30,24.6,20,74,X,관심,X,낮음
7/18/2020,서천(614),X,31,30.4,24.8,20.6,78,X,관심,X,낮음
7/18/2020,논산(615),X,31,30.9,24.8,20.1,77,X,관심,X,낮음
7/18/2020,당진(616),X,30.3,28.9,23,18.5,83,X,관심,X,낮음
7/18/2020,청양(618),X,30,29.1,23.2,18.2,83,X,관심,X,낮음
7/18/2020,음성(619),X,29.8,29.4,23.3,18.9,76,X,관심,X,낮음
7/18/2020,증평(623),X,30.2,29.4,24.2,20.6,78,X,관심,X,낮음
7/18/2020,태안(627),X,28.8,26.6,23.3,19.2,85,X,관심,X,낮음
7/18/2020,예산(628),X,31,30.2,24.3,20.1,77,X,관심,X,낮음
7/18/2020,아산(634),X,30.4,30,24.3,19.7,71,X,관심,X,낮음
7/18/2020,계룡(636),X,29.6,28.9,22.9,18.3,81,X, ,X,낮음
7/18/2020,연천청산(652),X,30.8,29.6,24.6,20.9,85,X,관심,X,낮음
7/18/2020,양양(670),X,28,24.7,21.2,18.5,95,X, ,X,낮음
7/18/2020,무안(699),X,27.1,25.2,22.4,20.2,82,X, ,X,낮음
7/18/2020,무주(701),X,30.4,29.1,22.7,17.7,84,X, ,X,낮음
7/18/2020,익산(702),X,31.7,31.1,24.3,18.9,78,X, ,X,낮음
7/18/2020,진안(703),X,27.7,27,21.8,18.1,81,X, ,X,낮음
7/18/2020,담양(706),X,29.7,27.8,24.3,21.8,84,X, ,X,낮음
7/18/2020,구례(709),X,27.8,26.3,23.3,20.7,80,X, ,X,낮음
7/18/2020,나주(710),X,28.3,26.6,22.9,20.5,82,X, ,X,낮음
7/18/2020,순천시(712),X,28,26.2,22.9,20.5,84,X, ,X,낮음
7/18/2020,광양읍(713),X,26.4,26.1,23.3,20.8,62,X, ,X,낮음
7/18/2020,장성(730),X,28.4,27.1,23.4,20.4,76,X, ,X,낮음
7/18/2020,영암(731),X,27.4,25.3,22.5,19.5,83,X, ,X,낮음
7/18/2020,보성(732),X,25.6,23.4,21,18.1,88,X, ,X,낮음
7/18/2020,완주(734),X,30.2,28.8,23.4,18.4,84,X, ,X,낮음
7/18/2020,김제(737),X,29.6,29.2,24.1,20.3,74,X, ,X,낮음
7/18/2020,화순(741),X,26.9,25.8,22.7,20.4,76,X, ,X,낮음
7/18/2020,함평(754),X,27.6,25.9,22.9,20.5,83,X, ,X,낮음
7/18/2020,곡성(768),X,27.7,26.6,23.2,19.7,77,X, ,X,낮음
7/18/2020,압해도(789),X,26.8,,,,,X, ,X,낮음
7/18/2020,영양(801),X,27.3,26.9,19.5,13.5,82,X, ,X,낮음
7/18/2020,성주(810),X,28.1,27.6,22.1,18,74,X, ,X,낮음
7/18/2020,고령(812),X,26.9,25.9,21.9,18.2,86,X, ,X,낮음
7/18/2020,청도(813),X,27.6,26.4,21.7,15.4,79,X, ,X,낮음
7/18/2020,예천(815),X,28.3,27.6,22,16.7,75,X, ,X,낮음
7/18/2020,김천(822),X,29.4,28,21.4,16.7,85,X, ,X,낮음
7/18/2020,군위(823),X,28.1,27.2,21.9,15.6,78,X, ,X,낮음
7/18/2020,칠곡(825),X,28.3,27,22.9,19.2,78,X, ,X,낮음
7/18/2020,경산(827),X,28.1,27.6,22.1,16.3,74,X, ,X,낮음
7/18/2020,삼척(876),X,26,24.3,20.2,15.7,83,X, ,X,낮음
7/18/2020,속초(90),X,27.1,25.3,21.6,19.6,81.3,X, ,X,낮음
7/18/2020,삼천포(907),X,27.2,25.6,21.9,18.5,83,X, ,X,낮음
7/18/2020,고성(918),X,27.2,25.6,22.1,18,83,X, ,X,낮음
7/18/2020,창녕(919),X,28.6,27.2,22.5,18.7,81,X, ,X,낮음
7/18/2020,함안(920),X,27.9,26,21.8,17.5,85,X, ,X,낮음
7/18/2020,북춘천(93),X,31.8,31.2,25,20.6,80.3,X,관심,X,매우높음
7/18/2020,하동(932),X,28.3,26.6,22.9,20.5,82,X, ,X,낮음
7/18/2020,철원(95),X,31.3,29.2,24,20.7,93.1,X,관심,X,낮음
7/18/2020,동두천(98),X,32.1,29.9,23.6,21.2,92.4,X,관심,X,낮음
7/18/2020,파주(99),X,31.2,28.9,23.8,19.5,86.6,X,관심,X,낮음
7/19/2020,북강릉(104),X,26.4,24.2,20.9,17.7,87.6,X, ,X,매우높음
7/19/2020,동해(106),X,27.1,24.6,20.1,16.9,90,X, ,X,낮음
7/19/2020,서울(108),X,29,26.6,24,20.6,81.6,X, ,X,보통
7/19/2020,인천(112),X,29.1,27,24.4,21.1,79.5,X, ,X,보통
7/19/2020,원주(114),X,30,29.6,25.1,20.7,65.9,X,관심,X,낮음
7/19/2020,울릉도(115),X,26.2,22.4,21.1,18.8,97.4,X, ,X,낮음
7/19/2020,수원(119),X,30.5,28.1,25.1,20.5,83.3,X, ,X,낮음
7/19/2020,영월(121),X,30.9,30.1,23.1,17.8,80.9,X, ,X,낮음
7/19/2020,충주(127),X,29.6,28,24.7,20.3,76.8,X, ,X,낮음
7/19/2020,서산(129),X,30.7,28.6,25.5,20.8,82.5,X, ,X,보통
7/19/2020,울진(130),X,26.1,22.7,20.3,16.1,93.1,X, ,X,낮음
7/19/2020,청주(131),X,30.2,28.8,25.8,21.1,73.5,X, ,X,높음
7/19/2020,대전(133),X,32.2,29.9,25.6,21,85,X,관심,X,높음
7/19/2020,추풍령(135),X,27.1,24.7,22,19.6,83.8,X,관심,X,낮음
7/19/2020,안동(136),X,27.2,24.6,22.1,17.7,84.4,X, ,X,높음
7/19/2020,상주(137),X,27.1,24.1,21.8,18.8,91.3,X, ,X,낮음
7/19/2020,포항(138),X,28,25,23,20.5,89.8,X, ,X,낮음
7/19/2020,군산(140),X,31.7,29.7,26.1,20.5,80.6,X, ,X,낮음
7/19/2020,대구(143),X,30,28,24.3,20.5,78.4,X, ,O,높음
7/19/2020,전주(146),X,31.9,30.2,27.1,22.1,71.8,X,관심,X,높음
7/19/2020,울산(152),X,30.3,26.8,23.5,20.6,96.5,X, ,X,높음
7/19/2020,창원(155),X,29.8,26.8,23.7,20.8,88.6,X,관심,X,보통
7/19/2020,광주(156),X,31.4,28.8,26.2,23.3,88.6,X,관심,X,보통
7/19/2020,부산(159),X,28.8,25.2,23.2,21.4,91.6,X,관심,X,보통
7/19/2020,통영(162),X,30.3,26.4,24.2,21.4,97.1,X, ,O,낮음
7/19/2020,목포(165),X,30.5,27.9,25.8,22.9,85.3,X, ,X,높음
7/19/2020,여수(168),X,30.6,26.9,24,21.5,97.4,X, ,X,낮음
7/19/2020,흑산도(169),X,28.5,24.8,22.2,20,98,X, ,X,낮음
7/19/2020,완도(170),X,31.4,28.5,24.8,21.7,92.4,X, ,X,낮음
7/19/2020,고창(172),X,31.1,28.7,25.7,23,84.1,X, ,X,낮음
7/19/2020,제주(184),O,34.5,34.3,29.1,23,70.8,X,관심,O,높음
7/19/2020,진주(192),X,29.7,26.2,23.3,20.7,94.1,X, ,X,낮음
7/19/2020,양평(202),X,28.9,26.6,23.4,19.8,85.5,X, ,X,낮음
7/19/2020,이천(203),X,30.4,27.7,23.3,19.6,91.9,X, ,X,낮음
7/19/2020,인제(211),X,25.1,22.7,20.9,18.7,84.1,X, ,X,낮음
7/19/2020,홍천(212),X,27.9,25.6,22.2,19.6,85.3,X, ,X,낮음
7/19/2020,태백(216),X,26.6,24.6,19.6,11.8,83.1,X, ,X,낮음
7/19/2020,정선군(217),X,29.9,28.4,22.3,17.2,82.3,X, ,X,낮음
7/19/2020,제천(221),X,28.6,26.8,23,18.3,81.9,X, ,X,낮음
7/19/2020,보은(226),X,28.3,26.2,23.6,19.8,81.8,X, ,X,낮음
7/19/2020,천안(232),X,30,27.9,24.6,20.1,82.9,X,관심,X,낮음
7/19/2020,보령(235),X,31.1,29.2,26.6,21.1,76.1,X, ,X,낮음
7/19/2020,부여(236),X,31.2,29.1,25.8,20.5,82,X, ,X,낮음
7/19/2020,금산(238),X,32,30.7,25.8,20.2,77.4,X,관심,X,낮음
7/19/2020,세종(239),X,30,28.2,24.7,20,78.9,X,관심,X,보통
7/19/2020,부안(243),X,32.3,30.2,26.7,21.6,79.8,X, ,X,낮음
7/19/2020,임실(244),X,30.2,27.8,24.5,20.5,83.5,X, ,X,낮음
7/19/2020,정읍(245),X,31,29.4,26.9,22.2,71.1,X, ,X,낮음
7/19/2020,남원(247),X,31.5,29.6,26.1,21.8,78,X, ,X,낮음
7/19/2020,장수(248),X,30.4,28.2,24.1,19.2,86.8,X, ,X,낮음
7/19/2020,영광군(252),X,30.7,28.3,25.6,23,82.9,X, ,X,낮음
7/19/2020,김해시(253),X,29.2,25.5,23.7,20.8,92.5,X,관심,X,낮음
7/19/2020,순창군(254),X,30.1,27.9,25.1,20.9,82.4,X, ,X,낮음
7/19/2020,양산시(257),X,29.5,25.7,24,20.9,92.3,X,관심,X,낮음
7/19/2020,강진군(259),X,30.8,28.6,25,22,87.1,X, ,X,낮음
7/19/2020,장흥(260),X,30.6,27.7,24.7,21.9,90.4,X, ,X,낮음
7/19/2020,해남(261),X,31.5,29,25.8,22.4,85.1,X,관심,X,낮음
7/19/2020,고흥(262),X,30.9,28.2,24.4,21.4,93,X,관심,X,낮음
7/19/2020,의령군(263),X,30.5,27.9,24.5,20.7,86.9,X, ,O,낮음
7/19/2020,함양군(264),X,29.7,27.3,23.7,20.3,85.1,X,관심,X,낮음
7/19/2020,진도군ASOS(268),X,30,27,25.6,23.7,89.3,X, ,X,낮음
7/19/2020,봉화(271),X,25.3,22.7,19.2,13.5,92.3,X, ,X,낮음
7/19/2020,영주(272),X,25.7,23.4,21,17.8,89.3,X, ,X,낮음
7/19/2020,문경(273),X,26.6,23.3,21.5,18.6,90.1,X, ,X,낮음
7/19/2020,청송군(276),X,28.4,25,21.2,15.5,96.5,X, ,X,낮음
7/19/2020,영덕(277),X,25.9,22.9,20.8,16.8,95.3,X, ,X,낮음
7/19/2020,의성(278),X,28.6,26,22.6,17.9,88.4,X, ,X,낮음
7/19/2020,구미(279),X,31.3,28.2,24.7,21.6,92.8,X, ,O,낮음
7/19/2020,영천(281),X,28.4,25.9,22.8,18.6,88.1,X,관심,X,낮음
7/19/2020,경주시(283),X,29.8,26.8,23.5,19.7,89.4,X,관심,X,낮음
7/19/2020,거창(284),X,29.6,27.9,23.1,19.8,86.6,X, ,X,낮음
7/19/2020,합천(285),X,30.1,27,22.9,20.3,91.4,X, ,X,낮음
7/19/2020,밀양(288),X,29.7,27,24.1,20.6,85.4,X, ,O,낮음
7/19/2020,산청(289),X,30,27.6,23.5,20.8,88.8,X, ,O,낮음
7/19/2020,거제(294),X,30.1,26.8,23.9,21.3,94,X,관심,O,낮음
7/19/2020,남해(295),X,30.1,27,23.4,20.8,94.4,X, ,X,낮음
7/19/2020,부천(433),X,,27.2,24,19.8,,X, ,X,낮음
7/19/2020,안양(434),X,,27.9,25.1,20.3,,X, ,X,낮음
7/19/2020,광명(437),X,,28.3,25.2,20.6,,X, ,X,낮음
7/19/2020,군포(438),X,,27.2,24.4,20,,X, ,X,낮음
7/19/2020,김포(441),X,,27.6,24.6,20.4,,X, ,X,낮음
7/19/2020,하남(444),X,,26.7,23.7,19.2,,X, ,X,낮음
7/19/2020,의왕(445),X,,26,23.1,18.9,,X, ,X,낮음
7/19/2020,포천(504),X,28.6,26.8,23.2,19.2,79,X, ,X,낮음
7/19/2020,가평조종(505),X,26.9,23.9,21.1,18.7,94,X, ,X,낮음
7/19/2020,안성(516),X,31,29.4,25.2,20.7,79,X, ,O,낮음
7/19/2020,간성(517),X,27.1,24.1,20.5,18.5,96,X, ,X,낮음
7/19/2020,평창(526),X,28.4,27.1,22.1,17.4,80,X, ,X,낮음
7/19/2020,의정부(532),X,29.7,26.5,23.2,19.8,94,X, ,X,낮음
7/19/2020,횡성(536),X,29.4,27.6,23,18.7,91,X, ,X,낮음
7/19/2020,고양(540),X,29.2,27.1,24.4,20.6,79,X, ,X,낮음
7/19/2020,남양주(541),X,28.3,26.5,23.9,20,76,X, ,X,낮음
7/19/2020,안산(545),X,29.9,27.5,23.9,20.1,87,X, ,X,낮음
7/19/2020,경기광주(546),X,28,25.7,22.8,19.3,84,X, ,X,낮음
7/19/2020,여주(548),X,29.3,27.3,23.2,19.2,84,X, ,X,낮음
7/19/2020,용인(549),X,27.9,25.7,23.2,19.4,78,X, ,X,낮음
7/19/2020,오산(550),X,28.9,27.2,24.8,20.2,74,X, ,X,낮음
7/19/2020,평택(551),X,30.6,28.3,25,20.4,84,X, ,X,낮음
7/19/2020,화천(555),X,25.7,23,20.6,18.5,97,X, ,X,낮음
7/19/2020,양구(556),X,25.1,22.5,20.7,18.3,87,X, ,X,낮음
7/19/2020,시흥(565),X,30.1,28.3,24.9,20.6,77,X, ,X,낮음
7/19/2020,구리(569),X,28.4,26.9,23.9,20.1,74,X, ,X,낮음
7/19/2020,화성(571),X,30.5,28.4,25.1,20.3,79,X, ,X,낮음
7/19/2020,성남(572),X,28.7,26.9,24.4,20,74,X, ,X,높음
7/19/2020,과천(590),X,29.6,27.4,24.3,20.1,81,X, ,X,낮음
7/19/2020,양주(598),X,28.5,26.2,23.3,19.9,83,X, ,X,낮음
7/19/2020,단양(601),X,31.8,29.3,24.1,18.6,92,X, ,X,낮음
7/19/2020,진천(602),X,30.1,28.5,24.7,19.9,79,X, ,X,낮음
7/19/2020,괴산(603),X,29.5,28.3,23.9,18.9,79,X, ,X,낮음
7/19/2020,옥천(604),X,31.3,29.8,24.4,19.9,82,X,관심,X,낮음
7/19/2020,홍북(608),X,30,27.5,24.7,19.8,87,X,관심,X,낮음
7/19/2020,공주(612),X,31.5,29.4,25.5,20,80,X,관심,X,낮음
7/19/2020,서천(614),X,32.3,30.1,27,21.4,80,X, ,X,낮음
7/19/2020,논산(615),X,32.6,31.3,26.7,20.9,76,X,관심,X,낮음
7/19/2020,당진(616),X,30.5,28.1,24.6,19.8,86,X, ,X,낮음
7/19/2020,청양(618),X,31.2,28.9,24.7,20.3,84,X,관심,X,낮음
7/19/2020,음성(619),X,29.4,27.6,23.4,18.9,85,X, ,X,낮음
7/19/2020,증평(623),X,29.8,27.6,24.3,20.2,84,X, ,X,낮음
7/19/2020,태안(627),X,30.6,27.6,24.9,20.6,91,X, ,X,낮음
7/19/2020,예산(628),X,31.8,29.7,25.9,20.3,83,X, ,X,낮음
7/19/2020,아산(634),X,30.4,29,25.4,19.9,74,X,관심,X,낮음
7/19/2020,계룡(636),X,31.4,29.7,25.1,19.6,78,X, ,X,낮음
7/19/2020,연천청산(652),X,29.5,27.7,23.5,20.5,87,X, ,X,낮음
7/19/2020,양양(670),X,27,23.9,21.2,18.7,97,X, ,X,낮음
7/19/2020,무안(699),X,30.3,27.6,25.6,22.9,85,X, ,X,낮음
7/19/2020,무주(701),O,33.3,31.4,25.2,19.8,87,X,관심,X,낮음
7/19/2020,익산(702),X,32.9,30.9,26.8,21.4,81,X, ,X,낮음
7/19/2020,진안(703),X,30.7,28.8,24.8,19.1,80,X, ,X,낮음
7/19/2020,담양(706),X,32.3,29.3,26.5,23,90,X,관심,X,낮음
7/19/2020,구례(709),X,30.6,27.9,25.4,22,84,X,관심,O,낮음
7/19/2020,나주(710),X,30.8,28.3,25.7,22.7,84,X,관심,X,낮음
7/19/2020,순천시(712),X,31,27.4,24.6,21.8,94,X,관심,X,낮음
7/19/2020,광양읍(713),X,30,28.3,25,21.8,72,X,주의,X,낮음
7/19/2020,장성(730),X,30.3,28.3,25.9,23,79,X, ,X,낮음
7/19/2020,영암(731),X,30.8,28.4,25.9,22.8,85,X, ,X,낮음
7/19/2020,보성(732),X,29.3,25.7,22.9,20.8,97,X, ,X,낮음
7/19/2020,완주(734),X,32.9,31.5,26.6,20.5,78,X, ,X,낮음
7/19/2020,김제(737),X,31.7,29.9,26.7,21,77,X, ,X,낮음
7/19/2020,화순(741),X,31.1,29.1,25.4,22.5,80,X,관심,X,낮음
7/19/2020,함평(754),X,30.5,27.8,25.4,22.8,88,X, ,X,낮음
7/19/2020,곡성(768),X,30.5,28.4,25.8,22.1,78,X,관심,O,낮음
7/19/2020,압해도(789),X,30.3,,,,,X, ,X,낮음
7/19/2020,영양(801),X,26.9,24,20.5,15.6,93,X, ,X,낮음
7/19/2020,성주(810),X,29.4,27.1,23.6,20.8,80,X, ,X,낮음
7/19/2020,고령(812),X,30.3,26.5,23.4,20.1,98,X, ,X,낮음
7/19/2020,청도(813),X,30,27.5,23.9,20.3,88,X, ,O,낮음
7/19/2020,예천(815),X,26.4,24.2,22,18.9,80,X, ,X,낮음
7/19/2020,김천(822),X,30.1,27.7,23.4,19.6,91,X, ,X,낮음
7/19/2020,군위(823),X,30.4,28.2,23.8,19,86,X, ,X,낮음
7/19/2020,칠곡(825),X,30.3,27.1,24.3,21.2,88,X, ,O,낮음
7/19/2020,경산(827),X,29.9,27.6,24,19.9,81,X,관심,O,낮음
7/19/2020,삼척(876),X,27.6,25.4,21.4,17.1,84,X, ,X,낮음
7/19/2020,속초(90),X,26.7,24.4,21.1,19.3,88.8,X, ,X,낮음
7/19/2020,삼천포(907),X,29.4,25.8,23.1,20.7,97,X, ,X,낮음
7/19/2020,고성(918),X,30.4,26.9,24.2,21.1,93,X, ,O,낮음
7/19/2020,창녕(919),X,30.2,27.3,24.3,21,90,X, ,O,낮음
7/19/2020,함안(920),X,30.7,28.1,24,20.4,92,X, ,O,낮음
7/19/2020,북춘천(93),X,26.2,22.9,21.5,19.7,94.4,X, ,X,보통
7/19/2020,하동(932),X,30,26.8,23.7,21.1,94,X,관심,X,낮음
7/19/2020,철원(95),X,30.4,27.2,21.9,19.2,98.8,X, ,X,낮음
7/19/2020,동두천(98),X,28.9,26,23,19.8,92.3,X, ,X,낮음
7/19/2020,파주(99),X,29.5,27.1,23.5,20.2,89,X, ,X,낮음
7/20/2020,북강릉(104),X,30.2,29.2,26.1,21.2,71.3,X, ,X,보통
7/20/2020,동해(106),X,29.5,28.3,24.3,21.1,78.8,X, ,X,낮음
7/20/2020,서울(108),X,29.4,26.6,23.8,22.4,86.3,X, ,X,높음
7/20/2020,인천(112),X,28.9,25.8,23.1,21.6,87.4,X, ,X,높음
7/20/2020,원주(114),X,29.7,28.8,24.4,22.1,78.3,X, ,X,낮음
7/20/2020,울릉도(115),X,27.3,23.9,23,22.2,97,X, ,X,낮음
7/20/2020,수원(119),X,30.3,27.8,24,22.5,90.8,X, ,X,낮음
7/20/2020,영월(121),X,30.2,28.3,24.7,22,82.1,X, ,X,낮음
7/20/2020,충주(127),X,30,28.2,24.4,21.3,86,X,관심,X,낮음
7/20/2020,서산(129),X,29.4,26.6,22.9,21.7,90.9,X, ,X,높음
7/20/2020,울진(130),X,31.8,30.2,24.8,21.7,82.5,X,관심,X,낮음
7/20/2020,청주(131),X,30.5,28.7,25.2,23.2,80.8,X,관심,X,보통
7/20/2020,대전(133),X,31.3,29.3,24.5,22.5,92.9,X, ,X,보통
7/20/2020,추풍령(135),X,29.6,27.8,23.7,21.7,83.9,X,관심,X,낮음
7/20/2020,안동(136),X,32,30.3,25.6,22.6,80.3,X,관심,X,보통
7/20/2020,상주(137),X,31.6,29.4,24.1,21.8,90.4,X,관심,X,낮음
7/20/2020,포항(138),O,34.3,33.5,29.5,23.8,69.1,X,관심,X,낮음
7/20/2020,군산(140),X,30,27.6,23.4,21.4,90.9,X, ,X,낮음
7/20/2020,대구(143),O,33.2,32.8,29.1,25.9,63.4,O,관심,X,보통
7/20/2020,전주(146),X,30.6,28.8,24.3,22,87.4,X, ,X,보통
7/20/2020,울산(152),X,32.6,30.5,27.8,25.9,82,X,관심,X,보통
7/20/2020,창원(155),X,31.9,29.7,25.8,23.2,84.5,X,관심,X,보통
7/20/2020,광주(156),X,30.6,27.2,24.8,21.8,94.1,X,관심,X,높음
7/20/2020,부산(159),X,29.3,26.4,24.9,23.7,89.8,X,관심,X,보통
7/20/2020,통영(162),X,30.2,27.3,25.2,22.8,92.4,X, ,X,낮음
7/20/2020,목포(165),X,29.1,25.9,24,22.3,91,X, ,X,보통
7/20/2020,여수(168),X,30,27,24.5,23,95.4,X,관심,X,낮음
7/20/2020,흑산도(169),X,28.1,24.9,22.1,20.8,96.8,X, ,X,낮음
7/20/2020,완도(170),X,30.6,28.8,25.6,23,83.9,X, ,X,낮음
7/20/2020,고창(172),X,29.9,27.2,23.7,22.1,92.1,X, ,X,낮음
7/20/2020,제주(184),X,31.8,29.9,26.4,22.8,84.1,X, ,X,보통
7/20/2020,진주(192),X,32.6,30.2,26.3,23.8,88,X,관심,X,낮음
7/20/2020,양평(202),X,28.7,26,24.1,21.7,86.8,X, ,X,낮음
7/20/2020,이천(203),X,29.5,26.5,24.1,22.2,92.5,X, ,X,낮음
7/20/2020,인제(211),X,29.4,27.6,24.3,20.9,80.9,X, ,X,낮음
7/20/2020,홍천(212),X,29.7,28,24.5,21.5,80.9,X, ,X,낮음
7/20/2020,태백(216),X,27.2,25.4,23.2,20.7,78.4,X, ,X,낮음
7/20/2020,정선군(217),X,28.9,26.7,24,22.4,85,X, ,X,낮음
7/20/2020,제천(221),X,28.7,25.7,23.4,21.2,89.4,X,관심,X,낮음
7/20/2020,보은(226),X,29.1,27,23.8,21.6,87.9,X,관심,X,낮음
7/20/2020,천안(232),X,29.6,27.2,23.8,21.5,92.5,X, ,X,낮음
7/20/2020,보령(235),X,30.1,27.7,23.1,22,92.5,X, ,X,낮음
7/20/2020,부여(236),X,30.2,27.9,23.9,22,89.4,X, ,X,낮음
7/20/2020,금산(238),X,30.6,29,24.8,21.7,83.9,X, ,X,낮음
7/20/2020,세종(239),X,30.5,29.2,24.1,21.7,84.9,X, ,X,보통
7/20/2020,부안(243),X,30.2,27.5,23.7,21.8,92.3,X, ,X,낮음
7/20/2020,임실(244),X,29.4,27.1,24,21.5,89.6,X, ,X,낮음
7/20/2020,정읍(245),X,30.1,28.3,23.6,21.7,87.1,X, ,X,낮음
7/20/2020,남원(247),X,31,29,25.7,22.6,84.5,X, ,X,낮음
7/20/2020,장수(248),X,29.1,26.6,24,21.7,90.1,X, ,X,낮음
7/20/2020,영광군(252),X,29.6,26.7,23.7,22,89.9,X, ,X,낮음
7/20/2020,김해시(253),X,32,29.6,25.8,23.4,89.5,X,관심,X,낮음
7/20/2020,순창군(254),X,29.9,27.6,24.7,22,85.9,X, ,X,낮음
7/20/2020,양산시(257),X,31.6,29,26,24,90.5,X,관심,X,낮음
7/20/2020,강진군(259),X,30.5,28.5,25.1,22.4,84.6,X,관심,X,낮음
7/20/2020,장흥(260),X,31.1,29.3,25.4,22.4,85.3,X,관심,X,낮음
7/20/2020,해남(261),X,29.7,27.5,24.5,21.7,88.6,X, ,X,낮음
7/20/2020,고흥(262),X,31.5,29.3,25.5,23.4,88,X,관심,X,낮음
7/20/2020,의령군(263),X,32.7,31,27.7,24.6,77.4,X,관심,X,낮음
7/20/2020,함양군(264),X,31.1,29.6,25.8,23.5,81.8,X,관심,X,낮음
7/20/2020,진도군ASOS(268),X,29.2,26,24.2,21.7,89.6,X, ,X,낮음
7/20/2020,봉화(271),X,29.1,27.4,23.8,21.3,86.9,X, ,X,낮음
7/20/2020,영주(272),X,30.5,29,24.5,21.9,83.8,X, ,X,낮음
7/20/2020,문경(273),X,30.7,28.9,24.5,22.7,86,X,관심,X,낮음
7/20/2020,청송군(276),O,33.1,31.1,26.7,22.5,85.3,X,관심,X,낮음
7/20/2020,영덕(277),X,32.5,31.1,26.5,21,78.1,X,관심,X,낮음
7/20/2020,의성(278),O,33.2,31.4,26.9,22.8,78.8,O,관심,X,낮음
7/20/2020,구미(279),O,33.5,32.1,27.2,23.4,90,X,관심,X,낮음
7/20/2020,영천(281),X,32.6,31.3,27.4,23.3,75.8,O,관심,X,낮음
7/20/2020,경주시(283),X,32.9,31,27.6,25.4,79.8,X,관심,X,낮음
7/20/2020,거창(284),X,31.7,30.2,25.9,22.4,81.4,X,관심,X,낮음
7/20/2020,합천(285),X,32.6,30.5,26.9,22.8,82.3,O,관심,X,낮음
7/20/2020,밀양(288),X,32.3,30.7,27.3,24.2,77.8,O,관심,X,낮음
7/20/2020,산청(289),X,32.8,30.8,26,23,85.9,O,관심,X,낮음
7/20/2020,거제(294),X,29.7,26.7,24.9,23.3,90,X, ,X,낮음
7/20/2020,남해(295),X,32.2,30.2,26.2,23.6,85.9,X,관심,X,낮음
7/20/2020,부천(433),X,,25.6,23,21.5,,X, ,X,낮음
7/20/2020,안양(434),X,,27.8,23.7,22.4,,X, ,X,낮음
7/20/2020,광명(437),X,,27.3,23.8,22.2,,X, ,X,낮음
7/20/2020,군포(438),X,,26.6,23.2,21.8,,X, ,X,낮음
7/20/2020,김포(441),X,,25.9,23.5,20.9,,X, ,X,낮음
7/20/2020,하남(444),X,,26.9,23.6,20.9,,X, ,X,낮음
7/20/2020,의왕(445),X,,25.9,22.1,20.2,,X, ,X,낮음
7/20/2020,포천(504),X,29.1,27.4,23.3,21.5,83,X, ,X,낮음
7/20/2020,가평조종(505),X,28.8,26.3,23.2,20.8,90,X, ,X,낮음
7/20/2020,안성(516),X,30.3,28.4,24.6,22.5,85,X, ,X,낮음
7/20/2020,간성(517),X,31.9,31.1,27,20.3,74,X, ,X,낮음
7/20/2020,평창(526),X,28.2,26.3,23.4,21,86,X, ,X,낮음
7/20/2020,의정부(532),X,29.7,26.3,23.3,20.7,97,X, ,X,낮음
7/20/2020,횡성(536),X,29.3,26.9,23.4,20.9,95,X, ,X,낮음
7/20/2020,고양(540),X,28.9,26.3,23.4,20.8,90,X, ,X,낮음
7/20/2020,남양주(541),X,29.1,27.3,24,21.8,80,X, ,X,낮음
7/20/2020,안산(545),X,29.1,26.5,23.3,20.5,92,X, ,X,낮음
7/20/2020,경기광주(546),X,28.5,26.3,23.5,21.2,86,X, ,X,낮음
7/20/2020,여주(548),X,28.9,26.9,23.3,21.3,91,X, ,X,낮음
7/20/2020,용인(549),X,28.5,26.7,23.3,22,82,X, ,X,낮음
7/20/2020,오산(550),X,29.2,27.6,23.8,22.4,83,X, ,X,낮음
7/20/2020,평택(551),X,30,27.8,24.2,22.7,90,X, ,X,낮음
7/20/2020,화천(555),X,31.1,28.4,23.1,20.7,94,X, ,X,낮음
7/20/2020,양구(556),X,29.3,27.7,24.3,21.2,79,X, ,X,낮음
7/20/2020,시흥(565),X,28.9,26.7,23.6,21.8,84,X, ,X,낮음
7/20/2020,구리(569),X,28.7,27.1,24.2,22.5,77,X, ,X,낮음
7/20/2020,화성(571),X,30,27.9,23.7,22.2,87,X, ,X,낮음
7/20/2020,성남(572),X,29.2,27.5,23.9,22.3,80,X, ,X,보통
7/20/2020,과천(590),X,30,27.9,23.7,21.8,87,X, ,X,낮음
7/20/2020,양주(598),X,28.8,26,23.2,20,88,X, ,X,낮음
7/20/2020,단양(601),X,32.5,29.5,25.7,22.4,95,X,관심,X,낮음
7/20/2020,진천(602),X,29.5,27.6,24.6,22.1,83,X,관심,X,낮음
7/20/2020,괴산(603),X,29.2,27.3,24.6,21.9,84,X,관심,X,낮음
7/20/2020,옥천(604),X,30.3,28.7,25,22.3,81,X,관심,X,낮음
7/20/2020,홍북(608),X,29.7,27.2,22.3,21,99,X, ,X,낮음
7/20/2020,공주(612),X,30.5,28.7,24,22.3,87,X, ,X,낮음
7/20/2020,서천(614),X,30.9,28.9,24.4,22.8,92,X, ,X,낮음
7/20/2020,논산(615),X,30.7,28.9,24.4,22.1,87,X, ,X,낮음
7/20/2020,당진(616),X,29.9,27.5,22.8,21.5,92,X, ,X,낮음
7/20/2020,청양(618),X,30,27.7,23.4,21.2,89,X, ,X,낮음
7/20/2020,음성(619),X,29.1,27.2,23.8,21.3,92,X,관심,X,낮음
7/20/2020,증평(623),X,29.4,26.9,24.3,22,91,X, ,X,낮음
7/20/2020,태안(627),X,28.5,24.9,22.7,21.6,95,X, ,X,낮음
7/20/2020,예산(628),X,30.6,28.2,23.8,22.3,91,X, ,X,낮음
7/20/2020,아산(634),X,29.6,28.2,23.8,22.1,92,X, ,X,낮음
7/20/2020,계룡(636),X,29.8,28.1,23.3,20.6,86,X, ,X,낮음
7/20/2020,연천청산(652),X,29.7,27.8,23.3,21.5,92,X, ,X,낮음
7/20/2020,양양(670),X,31.9,29.8,26.3,21,84,X, ,X,낮음
7/20/2020,무안(699),X,29.4,26.4,23.5,21.5,94,X, ,X,낮음
7/20/2020,무주(701),X,31.2,29.5,25.5,22.2,90,X, ,X,낮음
7/20/2020,익산(702),X,30.9,28.5,24.2,22.2,93,X, ,X,낮음
7/20/2020,진안(703),X,29.1,27.1,23.4,21.3,90,X, ,X,낮음
7/20/2020,담양(706),X,31.5,28.3,25,22.6,95,X,관심,X,낮음
7/20/2020,구례(709),X,31.8,29.7,26.3,23.4,86,X,관심,X,낮음
7/20/2020,나주(710),X,30,27.2,24.8,22,90,X,관심,X,낮음
7/20/2020,순천시(712),X,32.7,30,26.3,24.3,91,X,관심,X,낮음
7/20/2020,광양읍(713),X,31.9,31,26.2,23.9,74,X,관심,X,낮음
7/20/2020,장성(730),X,29.6,26.9,24.3,22.1,90,X, ,X,낮음
7/20/2020,영암(731),X,30.4,27.8,25,22.3,90,X,관심,X,낮음
7/20/2020,보성(732),X,31,29,25,22.2,89,X,관심,X,낮음
7/20/2020,완주(734),X,30.7,28.8,23.8,21.5,93,X, ,X,낮음
7/20/2020,김제(737),X,30.3,28.3,23.7,21.6,94,X, ,X,낮음
7/20/2020,화순(741),X,29.9,28.2,25,22.2,83,X,관심,X,낮음
7/20/2020,함평(754),X,29.7,26.5,23.8,21.6,94,X, ,X,낮음
7/20/2020,곡성(768),X,31.1,29.4,25.8,22.7,84,X,관심,X,낮음
7/20/2020,압해도(789),X,29.6,26.5,23.6,22,93,X, ,X,낮음
7/20/2020,영양(801),X,31.7,29.8,24.8,20,85,X,관심,X,낮음
7/20/2020,성주(810),O,33.6,33.1,27.8,23.6,71,X,관심,X,낮음
7/20/2020,고령(812),O,33,30.4,27.1,22.9,87,X,관심,X,낮음
7/20/2020,청도(813),X,32.9,31.6,27.5,24,78,X,관심,X,낮음
7/20/2020,예천(815),X,30.8,29.6,25.1,22.5,80,X,관심,X,낮음
7/20/2020,김천(822),O,34.1,32.5,26.4,23.1,86,X,관심,X,낮음
7/20/2020,군위(823),O,33.2,31.3,27.2,22.2,79,X,관심,X,낮음
7/20/2020,칠곡(825),O,33.8,31.7,27.7,24.3,81,O,관심,X,낮음
7/20/2020,경산(827),O,33.2,32.3,28.8,26.2,67,O,관심,X,낮음
7/20/2020,삼척(876),X,30.7,29.5,26.6,23.6,70,X, ,X,낮음
7/20/2020,속초(90),X,31.5,30.9,26.9,20.8,67.8,X, ,X,낮음
7/20/2020,삼천포(907),X,29.3,26.2,24.7,22.8,92,X,관심,X,낮음
7/20/2020,고성(918),X,30.7,27.7,25.3,22.9,90,X,관심,X,낮음
7/20/2020,창녕(919),X,32.9,31.2,27.8,25,79,O,관심,X,낮음
7/20/2020,함안(920),X,32.5,30.7,27.4,23.8,81,X,관심,X,낮음
7/20/2020,북춘천(93),X,30,26.9,23.6,21.4,92.5,X, ,X,보통
7/20/2020,하동(932),X,32.8,31,26.5,24.8,85,O,관심,X,낮음
7/20/2020,철원(95),X,30.6,27.5,23.3,21.4,99.3,X, ,X,낮음
7/20/2020,동두천(98),X,29.1,26.1,23,21.2,93.9,X, ,X,낮음
7/20/2020,파주(99),X,28.8,26,23.1,21,93.8,X, ,X,낮음
7/21/2020,북강릉(104),X,29.3,28.6,25.3,21.6,67.6,X,관심,X,매우높음
7/21/2020,동해(106),X,28.4,27.5,24.4,21.4,69.8,X,관심,X,낮음
7/21/2020,서울(108),X,30.9,30.5,25,21.4,77,X,관심,X,높음
7/21/2020,인천(112),X,28.5,27.5,23.8,21.3,79.3,X,관심,X,매우높음
7/21/2020,원주(114),X,30.4,30.9,25.2,22,65.9,O,주의,X,낮음
7/21/2020,울릉도(115),X,29.5,28,24,20.8,76.8,X, ,X,낮음
7/21/2020,수원(119),X,31,29.9,24.7,21.5,82,X, ,X,낮음
7/21/2020,영월(121),X,30.7,30.1,24.6,20.4,76.5,O,주의,X,낮음
7/21/2020,충주(127),X,30.7,30.4,24.9,21.2,74.1,X,관심,X,낮음
7/21/2020,서산(129),X,30.2,29.5,23.8,21.1,78.3,X, ,X,매우높음
7/21/2020,울진(130),X,29.7,29.1,24.4,21.2,75.4,X, ,X,낮음
7/21/2020,청주(131),X,30.5,30.6,26.2,22,66.8,X,관심,X,높음
7/21/2020,대전(133),X,30.9,30,25.9,22,79.3,X,관심,X,높음
7/21/2020,추풍령(135),X,30,29.5,24.4,21.1,73.5,X,관심,X,낮음
7/21/2020,안동(136),X,31.4,30.8,26,21.3,70.5,X,관심,X,매우높음
7/21/2020,상주(137),X,31.5,30.6,26.1,22.5,74.9,X,관심,X,낮음
7/21/2020,포항(138),X,32.1,31,26.4,23.9,76.4,X,관심,X,낮음
7/21/2020,군산(140),X,29.1,27.6,24.1,21.6,83.6,X, ,X,낮음
7/21/2020,대구(143),X,31.3,31.8,26.9,22.8,64.9,O,주의,X,매우높음
7/21/2020,전주(146),X,31.3,30.5,24.9,21.5,77,X,관심,X,높음
7/21/2020,울산(152),X,31.9,31.5,26.1,22.7,75.8,X,관심,X,높음
7/21/2020,창원(155),X,30.8,29.1,25.3,22.5,81.3,X,관심,X,매우높음
7/21/2020,광주(156),X,31.1,29.1,24.7,21.6,87.8,X, ,X,매우높음
7/21/2020,부산(159),X,30.7,28.6,24.9,22.6,84.6,X,관심,X,높음
7/21/2020,통영(162),X,29.9,27.2,24.1,22.2,92.5,X, ,X,낮음
7/21/2020,목포(165),X,28.6,26.2,23.4,21.7,91.9,X, ,X,위험
7/21/2020,여수(168),X,28.3,25.8,24,22.6,90.9,X, ,X,낮음
7/21/2020,흑산도(169),X,26.6,23.2,21.5,19.9,97.1,X, ,X,낮음
7/21/2020,완도(170),X,28.1,25,22.9,22,94.4,X, ,X,낮음
7/21/2020,고창(172),X,30.5,29.2,23.9,21.4,86.3,X, ,X,낮음
7/21/2020,제주(184),X,29.5,27.2,24.6,22.6,89.4,X, ,X,보통
7/21/2020,진주(192),X,31.5,29.6,25.2,22,84.4,X,관심,X,낮음
7/21/2020,양평(202),X,30.6,30.3,25,21.1,78.5,O,관심,X,낮음
7/21/2020,이천(203),X,30.6,30.1,25,21.5,80.9,X,관심,X,낮음
7/21/2020,인제(211),X,30.3,30.4,24.8,21.1,73.6,O,주의,X,낮음
7/21/2020,홍천(212),X,30.5,30.6,24.9,21.2,73.5,O,주의,X,낮음
7/21/2020,태백(216),X,28.2,27.2,21.6,17,78.3,X, ,X,낮음
7/21/2020,정선군(217),X,32.3,32.2,24.8,19.1,76.8,O,관심,X,낮음
7/21/2020,제천(221),X,30.2,29.5,23.9,20.1,79.9,X,관심,X,낮음
7/21/2020,보은(226),X,29.5,29,24.4,20.3,76.3,X,관심,X,낮음
7/21/2020,천안(232),X,29.7,29.1,24.3,20.8,80.3,X,관심,X,낮음
7/21/2020,보령(235),X,29.3,27.8,23.9,21.3,83.4,X, ,X,낮음
7/21/2020,부여(236),X,30.5,29.7,25.1,21.6,78.3,X, ,X,낮음
7/21/2020,금산(238),X,30.8,29.9,25.1,21.3,77.1,X,관심,X,낮음
7/21/2020,세종(239),X,30.3,29.8,24.8,21.1,73.4,X,관심,X,매우높음
7/21/2020,부안(243),X,29.5,27.8,24,21.8,86,X, ,X,낮음
7/21/2020,임실(244),X,30.4,29.4,24.2,20.7,82.6,X, ,X,낮음
7/21/2020,정읍(245),X,31.3,30.1,24.3,21.1,78.8,X,관심,X,낮음
7/21/2020,남원(247),X,30.4,29.6,25.3,22,81.3,X,관심,X,낮음
7/21/2020,장수(248),X,30.6,29.6,24,20.3,82.6,X, ,X,낮음
7/21/2020,영광군(252),X,29.9,28.1,23.8,21,83.9,X, ,X,낮음
7/21/2020,김해시(253),X,32.6,31.3,26,22.6,81.6,X,관심,X,낮음
7/21/2020,순창군(254),X,30.8,31.2,25,21.4,81.5,X, ,X,낮음
7/21/2020,양산시(257),X,32.9,31.9,27,22.9,79.9,X,관심,X,낮음
7/21/2020,강진군(259),X,29.3,27.2,23.8,21.9,87,X, ,X,낮음
7/21/2020,장흥(260),X,29.4,26.9,23.6,21.5,88.5,X, ,X,낮음
7/21/2020,해남(261),X,28.4,26.1,23.3,21.4,93,X, ,X,낮음
7/21/2020,고흥(262),X,29.3,26.8,23.5,21.5,91,X, ,X,낮음
7/21/2020,의령군(263),X,31.9,31.3,26.4,23.3,79.5,X,관심,X,낮음
7/21/2020,함양군(264),X,32.1,31.2,25.5,21.6,79,X,관심,X,낮음
7/21/2020,진도군ASOS(268),X,27.7,24.5,22.6,21.3,96.3,X, ,X,낮음
7/21/2020,봉화(271),X,29.7,28.8,23.2,17.9,79.3,X, ,X,낮음
7/21/2020,영주(272),X,30.6,29.9,25,20.5,76.1,X, ,X,낮음
7/21/2020,문경(273),X,31,30.2,25.4,21.8,74.6,X,관심,X,낮음
7/21/2020,청송군(276),X,32.5,31.4,24.8,20.3,83,X,관심,X,낮음
7/21/2020,영덕(277),X,31.4,30.7,24.7,20.1,73.6,X,관심,X,낮음
7/21/2020,의성(278),X,32.4,31.8,26.4,21.7,75.1,O,주의,X,낮음
7/21/2020,구미(279),X,32.4,31.5,26.4,22.1,82.3,X,관심,X,낮음
7/21/2020,영천(281),X,31.6,31.3,25.8,21.7,72.1,O,주의,X,낮음
7/21/2020,경주시(283),O,33.2,32.9,26.7,23.4,71.3,X,관심,X,낮음
7/21/2020,거창(284),X,31.4,30.1,24.9,20.8,83.3,X,관심,X,낮음
7/21/2020,합천(285),X,31.6,30.3,25.6,21.9,83.6,O,주의,X,낮음
7/21/2020,밀양(288),X,32.2,31.8,26.8,22.6,72.9,O,주의,X,낮음
7/21/2020,산청(289),X,31.5,29.7,25.2,21.5,83.6,O,주의,X,낮음
7/21/2020,거제(294),X,29.7,27.9,24.7,22.2,84.5,X,관심,X,낮음
7/21/2020,남해(295),X,30.3,28.1,24.7,22,84.8,X, ,X,낮음
7/21/2020,부천(433),X,,29.1,24.1,20.5,,X, ,X,낮음
7/21/2020,안양(434),X,,29.5,24.9,21.8,,X,관심,X,낮음
7/21/2020,광명(437),X,,30.9,25.6,22.1,,X,관심,X,낮음
7/21/2020,군포(438),X,,30,24.7,21,,X, ,X,낮음
7/21/2020,김포(441),X,,30.1,24.1,20.8,,X,관심,X,낮음
7/21/2020,하남(444),X,,31.1,24.3,20.8,,X,관심,X,낮음
7/21/2020,의왕(445),X,,29,22.8,19.1,,X, ,X,낮음
7/21/2020,포천(504),X,31,30.8,24.1,20.1,75,O,관심,X,낮음
7/21/2020,가평조종(505),X,30.5,29.3,23.9,20.1,82,O,주의,X,낮음
7/21/2020,안성(516),X,31.2,30.8,25.4,21.6,76,O,주의,X,낮음
7/21/2020,간성(517),X,30.8,29,25.2,21.3,78,X,관심,X,낮음
7/21/2020,평창(526),X,30.4,30.3,24.2,19.5,75,X,관심,X,낮음
7/21/2020,의정부(532),X,31.9,30.1,24.3,21,88,X,관심,X,낮음
7/21/2020,횡성(536),X,31.3,31,24.6,20.7,82,O,관심,X,낮음
7/21/2020,고양(540),X,32.6,32.4,24.4,20.3,80,O,주의,X,낮음
7/21/2020,남양주(541),X,31,31.3,25.2,21.4,72,X,관심,X,낮음
7/21/2020,안산(545),X,30.1,28.9,23.7,20,83,X, ,X,낮음
7/21/2020,경기광주(546),X,30.3,30,24.4,20.4,77,X,관심,X,낮음
7/21/2020,여주(548),X,30.3,29.2,23.7,20.6,80,X,관심,X,낮음
7/21/2020,용인(549),X,29.2,29.3,24.1,20.5,73,X,관심,X,낮음
7/21/2020,오산(550),X,30.4,30.2,25.1,21.3,72,X, ,X,낮음
7/21/2020,평택(551),X,30.6,30.1,25,21.3,80,X,관심,X,낮음
7/21/2020,화천(555),X,31.6,31.9,24.6,20.2,82,O,주의,X,낮음
7/21/2020,양구(556),X,30.5,30.8,24.7,20.6,73,O,주의,X,낮음
7/21/2020,시흥(565),X,30.2,29.5,24.2,20.1,77,X, ,X,낮음
7/21/2020,구리(569),X,31.5,32.3,26,22.1,67,X,관심,X,낮음
7/21/2020,화성(571),X,30.2,28.9,24.3,21.7,79,X,관심,X,낮음
7/21/2020,성남(572),X,30,30.2,25.1,21.3,70,X, ,X,높음
7/21/2020,과천(590),X,30.9,30.4,24.6,20.2,78,X,관심,X,낮음
7/21/2020,양주(598),X,30.8,30.3,24.6,20.8,79,X,관심,X,낮음
7/21/2020,단양(601),O,33.3,31.6,25.5,21.7,87,X,관심,X,낮음
7/21/2020,진천(602),X,30.3,30.3,24.7,20.8,76,X, ,X,낮음
7/21/2020,괴산(603),X,30.8,31.1,25,21.2,74,X, ,X,낮음
7/21/2020,옥천(604),X,30.4,29.8,25.1,21.3,75,X, ,X,낮음
7/21/2020,홍북(608),X,30.7,28.9,23.5,20.4,85,X,관심,X,낮음
7/21/2020,공주(612),X,31.2,31.3,25.5,21.4,73,X,관심,X,낮음
7/21/2020,서천(614),X,29.7,28.2,25,22.7,82,X, ,X,낮음
7/21/2020,논산(615),X,31.1,30.7,25.8,22,75,X, ,X,낮음
7/21/2020,당진(616),X,29.5,28,23.1,20.5,86,X,관심,X,낮음
7/21/2020,청양(618),X,30.9,30.3,24.2,20.8,81,X, ,X,낮음
7/21/2020,음성(619),X,30.3,29.8,24.1,20.2,81,X,관심,X,낮음
7/21/2020,증평(623),X,30.1,29.4,24.7,21.4,78,X, ,X,낮음
7/21/2020,태안(627),X,29.2,27.1,23.1,20.8,87,X, ,X,낮음
7/21/2020,예산(628),X,30.2,29.5,24.8,21.7,81,X,관심,X,낮음
7/21/2020,아산(634),X,29.9,29.7,24.4,21.5,74,X,관심,X,낮음
7/21/2020,계룡(636),X,30,29.8,24.1,20.3,77,X, ,X,낮음
7/21/2020,연천청산(652),X,30.6,30,23.9,19.9,83,O,관심,X,낮음
7/21/2020,양양(670),X,31.7,30.3,26,22.5,82,X,관심,X,낮음
7/21/2020,무안(699),X,30,28,23.8,21.4,89,X, ,X,낮음
7/21/2020,무주(701),X,31.9,31.1,25.2,21.3,84,X,관심,X,낮음
7/21/2020,익산(702),X,31.9,31.3,25.3,22,81,X, ,X,낮음
7/21/2020,진안(703),X,29.5,28.7,23.7,20,80,X, ,X,낮음
7/21/2020,담양(706),X,32.6,30.7,25.6,21.7,89,X, ,X,낮음
7/21/2020,구례(709),X,31.6,29.8,25.2,21.7,85,X, ,X,낮음
7/21/2020,나주(710),X,30.3,28.7,24.6,21.8,87,X, ,X,낮음
7/21/2020,순천시(712),X,31.5,29.2,25,22.1,88,X, ,X,낮음
7/21/2020,광양읍(713),X,31.4,30.3,25.2,22,84,X, ,X,낮음
7/21/2020,장성(730),X,30.8,29.7,24.7,21.5,84,X, ,X,낮음
7/21/2020,영암(731),X,31,29,24.5,22.2,90,X, ,X,낮음
7/21/2020,보성(732),X,29.2,26.8,23.3,21.1,91,X, ,X,낮음
7/21/2020,완주(734),X,31,29.9,24.7,20.9,84,X, ,X,낮음
7/21/2020,김제(737),X,30.3,29,24.4,21.6,85,X,관심,X,낮음
7/21/2020,화순(741),X,30.4,29.2,24.6,21.7,82,X, ,X,낮음
7/21/2020,함평(754),X,30.4,28.8,24,21.5,88,X, ,X,낮음
7/21/2020,곡성(768),X,31.3,30.6,25.3,21.9,83,X, ,X,낮음
7/21/2020,압해도(789),X,29.6,26.9,23.4,21.6,91,X, ,X,낮음
7/21/2020,영양(801),X,31.5,31,24.5,19.2,78,X,관심,X,낮음
7/21/2020,성주(810),X,32.5,32.4,26.7,22.5,72,X,관심,X,낮음
7/21/2020,고령(812),X,31.4,30.8,26,22,81,X,관심,X,낮음
7/21/2020,청도(813),X,32.5,31.9,26.9,22.3,74,X,관심,X,낮음
7/21/2020,예천(815),X,31.3,31,25.8,21,70,X,관심,X,낮음
7/21/2020,김천(822),O,33.2,32.2,26.4,22.3,80,X,관심,X,낮음
7/21/2020,군위(823),X,32.4,31.5,26.2,21.4,75,X,관심,X,낮음
7/21/2020,칠곡(825),X,32,31.2,26.6,22.8,75,O,주의,X,낮음
7/21/2020,경산(827),X,32.4,32.5,26.8,22.8,67,O,주의,X,낮음
7/21/2020,삼척(876),X,30.2,29.8,25.7,22.8,65,X,관심,X,낮음
7/21/2020,속초(90),X,30,28.9,25.2,22,71.9,X,관심,X,낮음
7/21/2020,삼천포(907),X,29.9,27.8,24.6,22.4,85,X,관심,X,낮음
7/21/2020,고성(918),X,31.7,30.7,25.2,22.7,86,X,관심,X,낮음
7/21/2020,창녕(919),X,32.6,31.8,26.8,22.5,79,O,주의,X,낮음
7/21/2020,함안(920),X,31.6,30.4,26,22.8,83,X,관심,X,낮음
7/21/2020,북춘천(93),X,30.8,31.1,25.1,19.9,78.1,O,주의,X,높음
7/21/2020,하동(932),X,31.3,29.6,25.1,22.3,86,O,주의,X,낮음
7/21/2020,철원(95),X,30.6,29.3,24,20.5,87.8,O,관심,X,낮음
7/21/2020,동두천(98),X,31.3,29.9,23.9,20.3,86.4,X,관심,X,낮음
7/21/2020,파주(99),X,30.7,29.2,23.8,20.7,86.4,X,관심,X,낮음
7/22/2020,북강릉(104),X,28.5,26.8,22.6,20.5,84.9,X,관심,X,높음
7/22/2020,동해(106),X,26.5,24,21.5,19.9,88.4,X, ,X,낮음
7/22/2020,서울(108),X,28.4,25.7,23.7,22.6,89.3,X,관심,X,보통
7/22/2020,인천(112),X,27,23.7,22.3,21.2,96.1,X,관심,X,보통
7/22/2020,원주(114),X,28.1,26.3,23.4,21.9,81.5,O,주의,X,낮음
7/22/2020,울릉도(115),X,27.7,24.9,22.2,20.6,86.9,X, ,X,낮음
7/22/2020,수원(119),X,27.1,23.7,22.6,21.7,96.5,X,관심,X,낮음
7/22/2020,영월(121),X,28.4,25.7,22.7,20.7,90.5,O,주의,X,낮음
7/22/2020,충주(127),X,27,23.7,22.5,21.5,92.1,X,관심,X,낮음
7/22/2020,서산(129),X,28.1,26.2,22.3,20.6,87.9,X, ,X,보통
7/22/2020,울진(130),X,27.9,25.2,22.2,20.7,88.1,X, ,X,낮음
7/22/2020,청주(131),X,27.9,25.2,23.8,22.5,86.4,X, ,X,보통
7/22/2020,대전(133),X,28.8,25.2,23.5,21.8,94.9,X, ,X,보통
7/22/2020,추풍령(135),X,27,24.5,21.9,20.5,90.1,X, ,X,낮음
7/22/2020,안동(136),X,26.4,24.2,22.4,21.4,89.5,X, ,X,보통
7/22/2020,상주(137),X,27.8,24.9,22.6,21.3,97.6,X, ,X,낮음
7/22/2020,포항(138),X,27,24.2,22.7,22,94.8,X, ,X,낮음
7/22/2020,군산(140),X,26.9,23.4,21.9,21.3,95.4,X, ,X,낮음
7/22/2020,대구(143),X,27,25.1,22.5,21.5,94.3,X, ,X,보통
7/22/2020,전주(146),X,27.4,24.2,22.1,21.1,93.3,X, ,X,보통
7/22/2020,울산(152),X,27.2,24.4,22.2,21.5,98,X, ,X,보통
7/22/2020,창원(155),X,28,25.2,22.6,21.5,93.3,X, ,X,보통
7/22/2020,광주(156),X,27.9,24.1,23,22.1,99,X, ,X,보통
7/22/2020,부산(159),X,27.4,23.9,22.5,21.4,95.6,X, ,X,보통
7/22/2020,통영(162),X,28.3,24.5,22.9,22,100,X, ,X,낮음
7/22/2020,목포(165),X,27.1,23.4,22.5,21.9,98.3,X, ,X,보통
7/22/2020,여수(168),X,28.1,24.3,23.2,22.4,99.9,X, ,X,낮음
7/22/2020,흑산도(169),X,26.2,22.5,20.7,19.3,99,X, ,X,낮음
7/22/2020,완도(170),X,28.8,25.4,23.6,21.9,95.1,X, ,X,낮음
7/22/2020,고창(172),X,27.3,23.6,22,21.1,98.5,X, ,X,낮음
7/22/2020,제주(184),X,32.7,30.4,26.8,23.8,85.8,X, ,X,높음
7/22/2020,진주(192),X,28.3,25.1,23.4,22.1,95.3,X, ,X,낮음
7/22/2020,양평(202),X,28.3,25.3,22.8,21.6,93,O,주의,X,낮음
7/22/2020,이천(203),X,28.5,25.1,22.6,21.5,98.8,X,관심,X,낮음
7/22/2020,인제(211),X,29.9,29.2,23.4,20,81,O,주의,X,낮음
7/22/2020,홍천(212),X,29.4,28.1,23.4,20.4,82.9,O,주의,X,낮음
7/22/2020,태백(216),X,26.4,24.4,20.2,16.4,89.1,X, ,X,낮음
7/22/2020,정선군(217),X,29.2,27.4,22.6,20.4,89.1,O,주의,X,낮음
7/22/2020,제천(221),X,27.2,24.3,22.2,20.6,91.9,X,관심,X,낮음
7/22/2020,보은(226),X,26.7,23.3,21.9,21,96.9,X, ,X,낮음
7/22/2020,천안(232),X,27.6,24,22.3,21.3,98.9,X, ,X,낮음
7/22/2020,보령(235),X,27.1,24.2,22.6,21.1,91.8,X, ,X,낮음
7/22/2020,부여(236),X,27.9,25.1,22.8,21.6,92.9,X, ,X,낮음
7/22/2020,금산(238),X,28.1,24.6,22.4,20.6,95.5,X, ,X,낮음
7/22/2020,세종(239),X,27.9,24.9,22.9,20.9,91.4,X, ,X,보통
7/22/2020,부안(243),X,27.3,23.7,22,21.2,97.6,X, ,X,낮음
7/22/2020,임실(244),X,27.5,23.7,21.9,20.4,97.6,X, ,X,낮음
7/22/2020,정읍(245),X,27.1,23.8,,20.6,,X, ,X,낮음
7/22/2020,남원(247),X,28.2,24.5,23.1,22,97.9,X, ,X,낮음
7/22/2020,장수(248),X,27.8,24,21.9,20.4,100,X, ,X,낮음
7/22/2020,영광군(252),X,26.8,23.3,22,21.2,95.1,X, ,X,낮음
7/22/2020,김해시(253),X,28.5,25.2,22.9,21.5,97.4,X, ,X,낮음
7/22/2020,순창군(254),X,27.9,24.4,23,21.7,97.1,X, ,X,낮음
7/22/2020,양산시(257),X,29.6,26.9,23.4,22,97.5,X, ,X,낮음
7/22/2020,강진군(259),X,28.5,25.7,23.6,22.2,91.9,X, ,X,낮음
7/22/2020,장흥(260),X,28.4,25.1,23.2,22.1,95.3,X, ,X,낮음
7/22/2020,해남(261),X,28.1,24.8,23,22,96.6,X, ,X,낮음
7/22/2020,고흥(262),X,29,25.3,23.5,22.1,96.4,X, ,X,낮음
7/22/2020,의령군(263),X,28.6,25.6,23.4,22.4,94.8,X, ,X,낮음
7/22/2020,함양군(264),X,27.2,24.1,22.6,21.7,94.5,X, ,X,낮음
7/22/2020,진도군ASOS(268),X,28,24.6,22.5,21.5,98.1,X, ,X,낮음
7/22/2020,봉화(271),X,26.6,24.1,21.2,19,94.9,X, ,X,낮음
7/22/2020,영주(272),X,26.5,23,21.9,20.8,96.5,X, ,X,낮음
7/22/2020,문경(273),X,26.3,23.2,21.8,21.3,98.4,X, ,X,낮음
7/22/2020,청송군(276),X,27.6,23.8,21.7,20.2,99,X, ,X,낮음
7/22/2020,영덕(277),X,26,22.5,21.2,20.1,96.6,X, ,X,낮음
7/22/2020,의성(278),X,27.5,24.3,22.7,21.7,95.4,X, ,X,낮음
7/22/2020,구미(279),X,29.2,26.6,22.8,21.7,99,X, ,X,낮음
7/22/2020,영천(281),X,26.6,23.7,22.1,21.3,96.5,X, ,X,낮음
7/22/2020,경주시(283),X,27.4,24,22.6,21.6,97,X, ,X,낮음
7/22/2020,거창(284),X,26.9,23.7,22,21.3,97.5,X, ,X,낮음
7/22/2020,합천(285),X,27.5,24,22.7,21.7,98.1,X, ,X,낮음
7/22/2020,밀양(288),X,27.6,24.7,23.2,21.8,93.6,X, ,X,낮음
7/22/2020,산청(289),X,27.9,24.3,22.5,21.4,97.9,X, ,X,낮음
7/22/2020,거제(294),X,28.4,25,23.2,21.9,95,X, ,X,낮음
7/22/2020,남해(295),X,28.5,25.4,23.2,21.9,96.1,X, ,X,낮음
7/22/2020,부천(433),X,,24.7,22.1,20.5,,X,관심,X,낮음
7/22/2020,안양(434),X,,24.7,23.1,22.1,,X,관심,X,낮음
7/22/2020,광명(437),X,,25.5,23.3,22.2,,X,관심,X,낮음
7/22/2020,군포(438),X,,24,22.5,21,,X,관심,X,낮음
7/22/2020,김포(441),X,,24.8,22.5,21.3,,X,관심,X,낮음
7/22/2020,하남(444),X,,25.4,22.5,21.1,,X,관심,X,낮음
7/22/2020,의왕(445),X,,22.4,20.9,19.1,,X, ,X,낮음
7/22/2020,포천(504),X,28.8,26.9,23.2,20.2,82,O,주의,X,낮음
7/22/2020,가평조종(505),X,28.9,26.4,22.2,18.9,92,O,주의,X,낮음
7/22/2020,안성(516),X,27.5,23.9,22.8,21.9,97,O,주의,X,낮음
7/22/2020,간성(517),X,28.2,25.5,22.3,19.8,96,X, ,X,낮음
7/22/2020,평창(526),X,28,26.1,22.8,20.1,83,X,관심,X,낮음
7/22/2020,의정부(532),X,29.9,26.1,23.2,21.4,98,X,관심,X,낮음
7/22/2020,횡성(536),X,29.1,26.9,23.3,21,90,O,주의,X,낮음
7/22/2020,고양(540),X,29.5,26.9,22.8,21,95,O,주의,X,낮음
7/22/2020,남양주(541),X,28.8,26.8,23.2,21.5,86,X,관심,X,낮음
7/22/2020,안산(545),X,27.7,24,21.6,19.8,99,X, ,X,낮음
7/22/2020,경기광주(546),X,27.4,24.3,22.1,21.1,94,X,관심,X,낮음
7/22/2020,여주(548),X,27.8,24.4,22.1,21,95,X,관심,X,낮음
7/22/2020,용인(549),X,27,23.9,21.8,20.9,92,X,관심,X,낮음
7/22/2020,오산(550),X,26.5,23.3,22.2,21.4,93,X, ,X,낮음
7/22/2020,평택(551),X,27.5,23.7,22.5,22,98,X,관심,X,낮음
7/22/2020,화천(555),X,30.1,27.9,23.2,19.7,91,O,주의,X,낮음
7/22/2020,양구(556),X,30.2,28.7,23,19.7,83,O,주의,X,낮음
7/22/2020,시흥(565),X,26.6,23.9,22.4,20.9,95,X, ,X,낮음
7/22/2020,구리(569),X,29.5,27.6,23.7,22.2,81,X,관심,X,낮음
7/22/2020,화성(571),X,26.6,23.1,22,20.9,97,X, ,X,낮음
7/22/2020,성남(572),X,27.2,24.4,22.7,21.6,88,X, ,X,보통
7/22/2020,과천(590),X,27.9,24.8,22.7,20.9,94,X,관심,X,낮음
7/22/2020,양주(598),X,29.1,27,23.4,20.4,90,X,관심,X,낮음
7/22/2020,단양(601),X,28.6,24.8,22.6,21.3,99,X,관심,X,낮음
7/22/2020,진천(602),X,27.6,24.4,22.4,21.6,96,X, ,X,낮음
7/22/2020,괴산(603),X,27.4,24.1,22.4,21.4,94,X, ,X,낮음
7/22/2020,옥천(604),X,28,24.7,22.5,20.5,94,X, ,X,낮음
7/22/2020,홍북(608),X,28,24.5,21.7,20.1,98,X, ,X,낮음
7/22/2020,공주(612),X,28.1,25,22.9,21.3,92,X, ,X,낮음
7/22/2020,서천(614),X,27.8,24.3,23,22.3,96,X, ,X,낮음
7/22/2020,논산(615),X,28.2,25.2,23.1,21.6,92,X, ,X,낮음
7/22/2020,당진(616),X,26.5,22.9,21.2,20,97,X, ,X,낮음
7/22/2020,청양(618),X,28.6,25.8,22.3,20.4,92,X, ,X,낮음
7/22/2020,음성(619),X,27.8,24.3,22.2,21.1,97,X,관심,X,낮음
7/22/2020,증평(623),X,27.5,24,22.6,21.5,98,X, ,X,낮음
7/22/2020,태안(627),X,27.7,25.4,22.2,20.7,92,X, ,X,낮음
7/22/2020,예산(628),X,28.3,25.9,22.8,21.2,91,X, ,X,낮음
7/22/2020,아산(634),X,27.9,24.4,22.3,21.3,97,X, ,X,낮음
7/22/2020,계룡(636),X,27.4,24.6,22,20.1,91,X, ,X,낮음
7/22/2020,연천청산(652),X,29.3,26.8,23.3,20.3,92,O,주의,X,낮음
7/22/2020,양양(670),X,29.3,25.9,22.9,20,96,X,관심,X,낮음
7/22/2020,무안(699),X,27.4,23.8,22.2,21.3,98,X, ,X,낮음
7/22/2020,무주(701),X,28.4,24.6,22.5,21,100,X, ,X,낮음
7/22/2020,익산(702),X,28,24.3,22.4,21.1,97,X, ,X,낮음
7/22/2020,진안(703),X,27,23.7,21.6,20.1,97,X, ,X,낮음
7/22/2020,담양(706),X,29,25.4,23.6,22.2,95,X, ,X,낮음
7/22/2020,구례(709),X,28.9,25.5,23.7,22.6,97,X, ,X,낮음
7/22/2020,나주(710),X,28.1,24.4,23,22,98,X, ,X,낮음
7/22/2020,순천시(712),X,29.3,25.5,23.9,22.3,99,X, ,X,낮음
7/22/2020,광양읍(713),X,29.3,25.8,24,22.5,95,X, ,X,낮음
7/22/2020,장성(730),X,28.2,24.5,22.8,21.4,98,X, ,X,낮음
7/22/2020,영암(731),X,28.7,25,23.2,22.4,99,X, ,X,낮음
7/22/2020,보성(732),X,28.4,25,23,21.6,98,X, ,X,낮음
7/22/2020,완주(734),X,27.1,23.4,21.8,20.2,98,X, ,X,낮음
7/22/2020,김제(737),X,27.7,23.9,21.9,21.1,99,X, ,X,낮음
7/22/2020,화순(741),X,27.9,24.7,23.2,22,92,X, ,X,낮음
7/22/2020,함평(754),X,27.5,23.8,22.6,21.8,99,X, ,X,낮음
7/22/2020,곡성(768),X,28.4,24.6,23.1,22,100,X, ,X,낮음
7/22/2020,압해도(789),X,27.6,23.9,22.5,21.6,97,X, ,X,낮음
7/22/2020,영양(801),X,26.8,23.2,21.6,20.5,98,X, ,X,낮음
7/22/2020,성주(810),X,28.5,26.3,22.7,22.1,92,X, ,X,낮음
7/22/2020,고령(812),X,28.3,25.7,22.6,21.9,98,X, ,X,낮음
7/22/2020,청도(813),X,27.9,25.7,22.6,21.1,96,X, ,X,낮음
7/22/2020,예천(815),X,26.9,24.6,22.6,21.9,92,X, ,X,낮음
7/22/2020,김천(822),X,28.9,25.3,23.1,22.1,98,X, ,X,낮음
7/22/2020,군위(823),X,27.7,25.2,22.5,21.6,96,X, ,X,낮음
7/22/2020,칠곡(825),X,28.3,26,23,22,99,X, ,X,낮음
7/22/2020,경산(827),X,27,24.6,22.5,21.4,93,X, ,X,낮음
7/22/2020,삼척(876),X,29.5,28,23.2,21.1,80,X,관심,X,낮음
7/22/2020,속초(90),X,28.2,25.3,22.8,20.8,87.8,X, ,X,낮음
7/22/2020,삼천포(907),X,28.3,25,23.1,21.9,97,X, ,X,낮음
7/22/2020,고성(918),X,28.5,25.4,23.5,21.9,96,X, ,X,낮음
7/22/2020,창녕(919),X,28.4,25.2,23.1,22,96,X, ,X,낮음
7/22/2020,함안(920),X,28.3,25,23,21.8,98,X, ,X,낮음
7/22/2020,북춘천(93),X,29.9,27.7,23.3,20.4,92.4,O,주의,X,높음
7/22/2020,하동(932),X,29.2,25.6,23.9,22.5,97,X, ,X,낮음
7/22/2020,철원(95),X,31.2,28.5,23.4,19.4,94.5,O,주의,X,낮음
7/22/2020,동두천(98),X,29.2,26.2,23,20.6,93.9,X,관심,X,낮음
7/22/2020,파주(99),X,29,26.2,22.9,20.6,94.1,X,관심,X,낮음
7/23/2020,북강릉(104),X,25.8,22.7,20.4,18.7,95.3,X, ,X,높음
7/23/2020,동해(106),X,24.5,21.6,19.7,18.1,96.9,X, ,X,낮음
7/23/2020,서울(108),X,25.9,22.6,21.1,18.5,95.5,X, ,X,보통
7/23/2020,인천(112),X,25.8,22.4,20.9,18.7,94.4,X, ,X,보통
7/23/2020,원주(114),X,25.7,23.6,21.3,19,83.3,X, ,X,낮음
7/23/2020,울릉도(115),X,26.9,24.3,21.5,20.4,93,X, ,X,낮음
7/23/2020,수원(119),X,26.7,23.1,21.6,19.7,96.9,X, ,X,낮음
7/23/2020,영월(121),X,26.1,22.5,20.4,18,95.1,X, ,X,낮음
7/23/2020,충주(127),X,25.5,22.1,21.1,19.3,88.9,X, ,X,낮음
7/23/2020,서산(129),X,25.3,22.1,21,20.3,94.6,X, ,X,보통
7/23/2020,울진(130),X,25.4,22.3,20.6,19.3,93.6,X, ,X,낮음
7/23/2020,청주(131),X,26.6,23.8,22.8,21.2,83.6,X, ,X,보통
7/23/2020,대전(133),X,26.5,22.9,21.7,20.8,97,X, ,X,보통
7/23/2020,추풍령(135),X,24.9,21.7,20.5,20,90.5,X, ,X,낮음
7/23/2020,안동(136),X,25,21.6,20.3,19.1,90.5,X, ,X,보통
7/23/2020,상주(137),X,25.4,21.7,20.5,19.8,100,X, ,X,낮음
7/23/2020,포항(138),X,25.6,22.1,21.5,21,95.9,X, ,X,낮음
7/23/2020,군산(140),X,27.5,24.7,22.2,20.9,94,X, ,X,낮음
7/23/2020,대구(143),X,26,22.5,21.7,21,91.8,X, ,X,보통
7/23/2020,전주(146),X,27.5,24.9,22.4,20.8,92.5,X, ,X,보통
7/23/2020,울산(152),X,26.4,22.7,21.5,20.8,98,X, ,X,보통
7/23/2020,창원(155),X,28,24.7,22.3,21.5,93.5,X, ,X,보통
7/23/2020,광주(156),X,28.5,25,22.8,21.5,98.4,X, ,X,보통
7/23/2020,부산(159),X,26.7,23,21.8,21.2,97.3,X, ,X,보통
7/23/2020,통영(162),X,30.3,26.4,22.9,21.6,100,X, ,X,낮음
7/23/2020,목포(165),X,29,25.5,23.3,21.4,94.1,X, ,X,보통
7/23/2020,여수(168),X,29,25.1,22.6,21.5,99.4,X, ,X,낮음
7/23/2020,흑산도(169),X,27.1,23.4,21.5,19.2,98.5,X, ,X,낮음
7/23/2020,완도(170),X,30.1,26.9,23.3,21.8,95.3,X, ,X,낮음
7/23/2020,고창(172),X,28.5,25.6,22.7,21.1,93.8,X, ,X,낮음
7/23/2020,제주(184),X,32.7,30.5,26.5,23.6,82.8,X,주의,X,보통
7/23/2020,진주(192),X,27.3,23.7,22.5,21.7,96.8,X, ,X,낮음
7/23/2020,양평(202),X,26.3,23,21.2,19.1,92.6,X, ,X,낮음
7/23/2020,이천(203),X,26.2,22.4,20.7,18.3,99.9,X, ,X,낮음
7/23/2020,인제(211),X,26.6,25.3,20.7,17.9,85.3,X, ,X,낮음
7/23/2020,홍천(212),X,26.2,23.2,20.7,17.6,91.1,X, ,X,낮음
7/23/2020,태백(216),X,22.6,19.4,17.8,15.3,95.8,X, ,X,낮음
7/23/2020,정선군(217),X,25.8,22.9,20.3,18.1,91.1,X, ,X,낮음
7/23/2020,제천(221),X,25.1,22,20.1,17.8,94.1,X, ,X,낮음
7/23/2020,보은(226),X,25.5,22.1,21,20.2,92.3,X, ,X,낮음
7/23/2020,천안(232),X,26.2,22.5,21.3,20.2,97.1,X, ,X,낮음
7/23/2020,보령(235),X,27,24.7,22.6,20.8,87.5,X, ,X,낮음
7/23/2020,부여(236),X,26.1,23.1,21.7,20.7,95,X, ,X,낮음
7/23/2020,금산(238),X,26.1,22.7,21.4,20.4,96.1,X, ,X,낮음
7/23/2020,세종(239),X,26.1,22.7,21.5,20.6,93,X, ,X,보통
7/23/2020,부안(243),X,28.8,26,22.8,20.9,94.6,X, ,X,낮음
7/23/2020,임실(244),X,25.7,22.3,21.2,20.5,97.4,X, ,X,낮음
7/23/2020,정읍(245),X,27.9,25.8,22.8,20.5,85.9,X, ,X,낮음
7/23/2020,남원(247),X,27,24.1,22.5,21.4,94.8,X, ,X,낮음
7/23/2020,장수(248),X,25.8,23.1,20.9,19.8,98.4,X, ,X,낮음
7/23/2020,영광군(252),X,28.6,25.5,22.7,21.1,93.5,X, ,X,낮음
7/23/2020,김해시(253),X,26.9,23.3,22.3,21.7,98.1,X, ,X,낮음
7/23/2020,순창군(254),X,27.7,24.7,22.4,21.2,95.8,X, ,X,낮음
7/23/2020,양산시(257),X,26.7,23.3,22.5,21.7,96.9,X, ,X,낮음
7/23/2020,강진군(259),X,28.9,26.2,23.7,22.1,89.1,X, ,X,낮음
7/23/2020,장흥(260),X,28.8,25.4,23.1,21.7,93.1,X, ,X,낮음
7/23/2020,해남(261),X,29.4,26.1,23.1,21,93.8,X, ,X,낮음
7/23/2020,고흥(262),X,29.5,25.7,22.7,21.4,97.4,X, ,X,낮음
7/23/2020,의령군(263),X,27.7,24.2,22.8,21.9,96.1,X, ,X,낮음
7/23/2020,함양군(264),X,26,22.7,21.7,20.7,95,X, ,X,낮음
7/23/2020,진도군ASOS(268),X,29.5,26.2,23.8,21.4,93.1,X, ,X,낮음
7/23/2020,봉화(271),X,23.9,20.9,19.8,18.3,90.5,X, ,X,낮음
7/23/2020,영주(272),X,24.8,21.1,19.8,18,98.1,X, ,X,낮음
7/23/2020,문경(273),X,25.2,21.5,20.1,18.9,98.3,X, ,X,낮음
7/23/2020,청송군(276),X,25.6,21.9,20.1,19.1,99,X, ,X,낮음
7/23/2020,영덕(277),X,24.9,21.3,19.9,18.9,98.8,X, ,X,낮음
7/23/2020,의성(278),X,25.8,22.4,21.3,20.6,96.1,X, ,X,낮음
7/23/2020,구미(279),X,26.5,22.8,21.6,20.8,99,X, ,X,낮음
7/23/2020,영천(281),X,24.9,21.5,21,20.3,94.9,X, ,X,낮음
7/23/2020,경주시(283),X,26.1,22.5,21.5,20.8,96.8,X, ,X,낮음
7/23/2020,거창(284),X,25.8,22.2,21.3,20.4,97.9,X, ,X,낮음
7/23/2020,합천(285),X,26.7,23.1,22,21.1,98.3,X, ,X,낮음
7/23/2020,밀양(288),X,27.2,23.9,22.6,21.6,93.3,X, ,X,낮음
7/23/2020,산청(289),X,26.2,22.6,21.8,20.7,97.8,X, ,X,낮음
7/23/2020,거제(294),X,29,25.3,22.1,21,97.1,X, ,X,낮음
7/23/2020,남해(295),X,29.2,25.8,22.8,21.5,95.5,X, ,X,낮음
7/23/2020,부천(433),X,,22.3,20.4,18.5,,X, ,X,낮음
7/23/2020,안양(434),X,,23.1,21.6,19.8,,X, ,X,낮음
7/23/2020,광명(437),X,,23.3,21.5,19.3,,X, ,X,낮음
7/23/2020,군포(438),X,,23,21.1,19.1,,X, ,X,낮음
7/23/2020,김포(441),X,,22.9,21.1,19.5,,X, ,X,낮음
7/23/2020,하남(444),X,,22.5,20.7,18.7,,X, ,X,낮음
7/23/2020,의왕(445),X,,21.3,20,18,,X, ,X,낮음
7/23/2020,포천(504),X,25.9,23.5,20.9,17.9,86,X, ,X,낮음
7/23/2020,가평조종(505),X,25.9,23,20.8,18.1,90,X, ,X,낮음
7/23/2020,안성(516),X,26.4,22.9,21.6,19.6,95,X, ,X,낮음
7/23/2020,간성(517),X,26.1,22.5,21.2,19.6,97,X, ,X,낮음
7/23/2020,평창(526),X,25.1,22.9,20.2,17.7,87,X, ,X,낮음
7/23/2020,의정부(532),X,26.2,22.5,20.8,18.8,98,X, ,X,낮음
7/23/2020,횡성(536),X,26.4,23.5,20.6,18,94,X, ,X,낮음
7/23/2020,고양(540),X,26.1,22.6,21,18.9,93,X, ,X,낮음
7/23/2020,남양주(541),X,25.6,22.8,21.2,18.8,88,X, ,X,낮음
7/23/2020,안산(545),X,26.3,22.5,20.7,19.1,99,X, ,X,낮음
7/23/2020,경기광주(546),X,25.1,22.1,20.5,18.2,93,X, ,X,낮음
7/23/2020,여주(548),X,25.5,21.8,20.2,17.7,99,X, ,X,낮음
7/23/2020,용인(549),X,24.9,21.7,20.5,18.6,90,X, ,X,낮음
7/23/2020,오산(550),X,25.8,22.6,21.2,19.3,92,X, ,X,낮음
7/23/2020,평택(551),X,26.2,,,,,X, ,X,낮음
7/23/2020,화천(555),X,27,24.6,20.8,17.6,95,X, ,X,낮음
7/23/2020,양구(556),X,26.6,25,20.5,17.9,87,X, ,X,낮음
7/23/2020,시흥(565),X,26.3,23.3,21.4,19.8,90,X, ,X,낮음
7/23/2020,구리(569),X,25.7,23,21.1,18.3,88,X, ,X,낮음
7/23/2020,화성(571),X,26.5,22.7,21.1,19.5,98,X, ,X,낮음
7/23/2020,성남(572),X,26,22.9,21,19,89,X, ,X,보통
7/23/2020,과천(590),X,25.9,22.7,20.8,18.7,96,X, ,X,낮음
7/23/2020,양주(598),X,26.3,23.4,20.7,17.9,91,X, ,X,낮음
7/23/2020,단양(601),X,26.2,22.5,21,19.1,99,X, ,X,낮음
7/23/2020,진천(602),X,26.1,22.8,21.4,19.7,92,X, ,X,낮음
7/23/2020,괴산(603),X,25.8,22.5,21.3,19.4,91,X, ,X,낮음
7/23/2020,옥천(604),X,25.9,22.5,21.3,20.4,93,X, ,X,낮음
7/23/2020,홍북(608),X,25,21.3,20.4,20,99,X, ,X,낮음
7/23/2020,공주(612),X,26.1,22.4,21.2,20.5,97,X, ,X,낮음
7/23/2020,서천(614),X,28.4,25.8,23.1,21.9,97,X, ,X,낮음
7/23/2020,논산(615),X,26.5,23.7,22.2,21,93,X, ,X,낮음
7/23/2020,당진(616),X,25.6,22,20.5,19.5,98,X, ,X,낮음
7/23/2020,청양(618),X,25.8,22.8,21.3,20.2,95,X, ,X,낮음
7/23/2020,음성(619),X,25.6,22,20.7,18.6,98,X, ,X,낮음
7/23/2020,증평(623),X,26.1,22.6,21.3,19.9,95,X, ,X,낮음
7/23/2020,태안(627),X,25.4,21.9,21,20.4,97,X, ,X,낮음
7/23/2020,예산(628),X,26.3,22.9,21.4,20.6,97,X, ,X,낮음
7/23/2020,아산(634),X,26.3,22.8,21.2,20.2,99,X, ,X,낮음
7/23/2020,계룡(636),X,25.3,22.3,21,19.7,90,X, ,X,낮음
7/23/2020,연천청산(652),X,26.9,23.4,20.8,18.4,96,X, ,X,낮음
7/23/2020,양양(670),X,26.5,22.9,21.1,18.9,97,X, ,X,낮음
7/23/2020,무안(699),X,29.1,26.1,23.1,21.4,94,X, ,X,낮음
7/23/2020,무주(701),X,26.7,23.5,21.7,20.6,98,X, ,X,낮음
7/23/2020,익산(702),X,28.4,25.3,22.4,21,96,X, ,X,낮음
7/23/2020,진안(703),X,25.5,23,21,19.9,93,X, ,X,낮음
7/23/2020,담양(706),X,29.1,25.5,22.9,21.9,95,X, ,X,낮음
7/23/2020,구례(709),X,27.2,24.2,22.8,21.7,95,X, ,X,낮음
7/23/2020,나주(710),X,28.9,25,22.9,21.8,96,X, ,X,낮음
7/23/2020,순천시(712),X,28.5,24.7,23,22.1,98,X, ,X,낮음
7/23/2020,광양읍(713),X,28.2,24.6,22.9,21.9,94,X, ,X,낮음
7/23/2020,장성(730),X,27.7,24.3,22.7,21.3,95,X, ,X,낮음
7/23/2020,영암(731),X,29.7,26.3,23.4,21.8,95,X, ,X,낮음
7/23/2020,보성(732),X,28.1,24.5,22.2,20.9,97,X, ,X,낮음
7/23/2020,완주(734),X,27.6,25.5,22.1,20.1,93,X, ,X,낮음
7/23/2020,김제(737),X,28.6,25.9,22.6,20.8,96,X, ,X,낮음
7/23/2020,화순(741),X,27.9,24.7,22.8,21.4,91,X,관심,X,낮음
7/23/2020,함평(754),X,28.9,25.1,22.9,21.3,97,X, ,X,낮음
7/23/2020,곡성(768),X,27.3,24.1,22.5,21.3,97,X, ,X,낮음
7/23/2020,압해도(789),X,29.5,26.1,23.2,21.2,93,X, ,X,낮음
7/23/2020,영양(801),X,25.1,21.8,20.1,18.5,97,X, ,X,낮음
7/23/2020,성주(810),X,25.7,22.4,21.8,21,91,X, ,X,낮음
7/23/2020,고령(812),X,26.5,22.8,21.7,20.8,98,X, ,X,낮음
7/23/2020,청도(813),X,26.8,23.5,22.1,21.1,96,X, ,X,낮음
7/23/2020,예천(815),X,25.5,22,20.6,19.2,92,X, ,X,낮음
7/23/2020,김천(822),X,27.3,23.5,21.9,20.8,99,X, ,X,낮음
7/23/2020,군위(823),X,25.8,22.4,21.7,20.8,94,X, ,X,낮음
7/23/2020,칠곡(825),X,26.4,22.8,22.1,21,99,X, ,X,낮음
7/23/2020,경산(827),X,25.6,22.2,21.2,20.7,94,X, ,X,낮음
7/23/2020,삼척(876),X,26.2,23.2,20.6,19.1,93,X, ,X,낮음
7/23/2020,속초(90),X,25.8,22.7,21.1,19.2,94.8,X, ,X,낮음
7/23/2020,삼천포(907),X,28.6,24.8,22.8,21.5,97,X, ,X,낮음
7/23/2020,고성(918),X,29.8,26.3,23.2,21.8,95,X, ,X,낮음
7/23/2020,창녕(919),X,27.7,24.1,22.8,22,96,X, ,X,낮음
7/23/2020,함안(920),X,27.5,23.9,22.5,21,98,X, ,X,낮음
7/23/2020,북춘천(93),X,27.3,24.7,21.6,19.3,89.8,X, ,X,높음
7/23/2020,하동(932),X,27,23.9,22.5,21.5,98,X, ,X,낮음
7/23/2020,철원(95),X,27,23.8,20.9,18.2,98.8,X, ,X,낮음
7/23/2020,동두천(98),X,26.4,23.5,20.6,17.3,95.4,X, ,X,낮음
7/23/2020,파주(99),X,25.9,22.7,20.5,18.2,97.6,X, ,X,낮음
7/24/2020,북강릉(104),X,24.3,20.8,19.6,17.7,97.6,X, ,X,보통
7/24/2020,동해(106),X,24.7,21.1,19.6,17.1,98.1,X, ,X,낮음
7/24/2020,서울(108),X,28,26.8,22.5,18.7,74.3,X, ,X,보통
7/24/2020,인천(112),X,26.7,25.9,22.4,18.9,71.5,X, ,X,보통
7/24/2020,원주(114),X,26.3,25.3,21.8,18.5,75.1,X, ,X,낮음
7/24/2020,울릉도(115),X,25.5,21.8,20.4,18,99.9,X, ,X,낮음
7/24/2020,수원(119),X,28.7,27.2,23.3,20.3,74,X, ,X,낮음
7/24/2020,영월(121),X,26.1,23.6,20.7,18.1,90,X, ,X,낮음
7/24/2020,충주(127),X,26.5,24.2,21.8,19.2,82.3,X, ,X,낮음
7/24/2020,서산(129),X,26.4,24.3,21.7,18.8,81.4,X, ,X,보통
7/24/2020,울진(130),X,25.6,22.6,20.7,18.9,95.8,X, ,X,낮음
7/24/2020,청주(131),X,27.7,25.7,22.3,19.8,83.3,X, ,X,보통
7/24/2020,대전(133),X,27.5,24.2,21.6,20.1,96.3,X, ,X,보통
7/24/2020,추풍령(135),X,24.5,21.7,20,19,89.8,X, ,X,낮음
7/24/2020,안동(136),X,26.4,24,21.1,19.2,87.6,X, ,X,보통
7/24/2020,상주(137),X,26.4,22.8,20.2,19,99.6,X, ,X,낮음
7/24/2020,포항(138),X,27.9,26.4,23.1,21,86.1,X, ,X,낮음
7/24/2020,군산(140),X,26.8,23.9,21.7,20.7,94.3,X, ,X,낮음
7/24/2020,대구(143),X,25.7,23,21.3,20.2,91.1,X, ,X,보통
7/24/2020,전주(146),X,26.5,23.7,21.7,20.7,92.5,X, ,X,보통
7/24/2020,울산(152),X,28.1,25.7,22.5,20.5,89.4,X, ,X,보통
7/24/2020,창원(155),X,26.9,23.7,21.1,20.1,87.6,X, ,X,보통
7/24/2020,광주(156),X,26.3,22.7,20.9,19.8,98.9,X, ,X,보통
7/24/2020,부산(159),X,26.6,24.1,21.6,20.1,88.5,X, ,X,보통
7/24/2020,통영(162),X,26.9,23.2,21.6,20.1,93.4,X, ,X,낮음
7/24/2020,목포(165),X,25,21.4,20.6,19.8,96.1,X, ,X,보통
7/24/2020,여수(168),X,25.9,22.5,20.9,20.3,97.1,X, ,X,낮음
7/24/2020,흑산도(169),X,25.5,22,20.5,19.8,95.3,X, ,X,낮음
7/24/2020,완도(170),X,25.3,22.3,20.9,20,91,X, ,X,낮음
7/24/2020,고창(172),X,26.5,23.3,21.2,19.9,94.9,X, ,X,낮음
7/24/2020,제주(184),X,27.2,25.1,23,21.3,84.3,X, ,X,높음
7/24/2020,진주(192),X,26.2,22.7,21.1,20,92.5,X, ,X,낮음
7/24/2020,양평(202),X,27.8,26.3,23,19.4,71.4,X, ,X,낮음
7/24/2020,이천(203),X,28.1,26.1,21.4,18.2,89.3,X, ,X,낮음
7/24/2020,인제(211),X,25.4,23,20.4,18.1,84.8,X, ,X,낮음
7/24/2020,홍천(212),X,27.6,26.2,21.5,17.6,78.6,X, ,X,낮음
7/24/2020,태백(216),X,23.2,19.7,17.4,15.4,98.1,X, ,X,낮음
7/24/2020,정선군(217),X,26.1,24,20.6,18.6,88.4,X, ,X,낮음
7/24/2020,제천(221),X,25.3,22.5,20.9,17.7,84,X, ,X,낮음
7/24/2020,보은(226),X,25.7,23,20.8,19.1,91.9,X, ,X,낮음
7/24/2020,천안(232),X,26.8,24.3,21.4,19.1,90.8,X, ,X,낮음
7/24/2020,보령(235),X,26.8,24.6,21.9,20.6,88,X, ,X,낮음
7/24/2020,부여(236),X,27.1,24.4,21.4,20,94,X, ,X,낮음
7/24/2020,금산(238),X,26.1,23.4,21.3,19.7,93.5,X, ,X,낮음
7/24/2020,세종(239),X,26.3,23.5,21.2,19.4,90.9,X, ,X,보통
7/24/2020,부안(243),X,26.4,23.1,21.6,20.3,96.5,X, ,X,낮음
7/24/2020,임실(244),X,25.1,21.5,20.2,19.3,98.8,X, ,X,낮음
7/24/2020,정읍(245),X,26.4,23.3,21.5,20.1,88.3,X, ,X,낮음
7/24/2020,남원(247),X,26.5,23.7,20.9,19.9,95.3,X, ,X,낮음
7/24/2020,장수(248),X,24.4,20.7,19.8,18.9,99.9,X, ,X,낮음
7/24/2020,영광군(252),X,26.2,23.6,21.1,19.7,92.5,X, ,X,낮음
7/24/2020,김해시(253),X,26.9,23.3,21.4,20.1,92.6,X, ,X,낮음
7/24/2020,순창군(254),X,25.9,23.1,20.9,19.9,96.8,X, ,X,낮음
7/24/2020,양산시(257),X,27.8,25.5,22.3,20.6,91,X, ,X,낮음
7/24/2020,강진군(259),X,25.3,22.5,21.1,20.2,89.6,X, ,X,낮음
7/24/2020,장흥(260),X,25.2,22.2,20.9,20,91.3,X, ,X,낮음
7/24/2020,해남(261),X,25,21.3,20.2,19.4,93.9,X, ,X,낮음
7/24/2020,고흥(262),X,25.4,22.3,21,19.9,91.8,X, ,X,낮음
7/24/2020,의령군(263),X,26.5,24.4,21.7,20.4,91,X, ,X,낮음
7/24/2020,함양군(264),X,25.4,22.4,21,19.8,91.1,X, ,X,낮음
7/24/2020,진도군ASOS(268),X,25.2,22,20.7,19.7,92.6,X, ,X,낮음
7/24/2020,봉화(271),X,25.5,22.7,20,18.3,90.9,X, ,X,낮음
7/24/2020,영주(272),X,25.7,22.4,19.6,17.8,98.4,X, ,X,낮음
7/24/2020,문경(273),X,25.4,22.1,20.1,18.7,96.9,X, ,X,낮음
7/24/2020,청송군(276),X,26.8,23.4,20.2,18.8,98.6,X, ,X,낮음
7/24/2020,영덕(277),X,26.8,24.1,21.1,19,95.5,X, ,X,낮음
7/24/2020,의성(278),X,27,24.7,21.4,19.8,93.5,X, ,X,낮음
7/24/2020,구미(279),X,26.9,23.3,21.1,19.9,98.9,X, ,X,낮음
7/24/2020,영천(281),X,26.3,23.6,21.2,20,95,X, ,X,낮음
7/24/2020,경주시(283),X,28,25.6,22.3,20.2,89.5,X, ,X,낮음
7/24/2020,거창(284),X,25,21.8,20.6,19.5,94.1,X, ,X,낮음
7/24/2020,합천(285),X,25,22.1,21,19.9,96.8,X, ,X,낮음
7/24/2020,밀양(288),X,25.9,23.2,21.5,19.9,90.3,X, ,X,낮음
7/24/2020,산청(289),X,25.5,22.4,20.3,19.5,96.1,X, ,X,낮음
7/24/2020,거제(294),X,26.1,23.2,21.2,20,91.8,X, ,X,낮음
7/24/2020,남해(295),X,26.3,23.7,21.4,20.1,91.5,X, ,X,낮음
7/24/2020,부천(433),X,,27,22.6,18.8,,X, ,X,낮음
7/24/2020,안양(434),X,,26.8,23.2,20.3,,X, ,X,낮음
7/24/2020,광명(437),X,,27.3,23.6,19.6,,X, ,X,낮음
7/24/2020,군포(438),X,,27.3,23,19.5,,X, ,X,낮음
7/24/2020,김포(441),X,,27.5,22.8,19.5,,X, ,X,낮음
7/24/2020,하남(444),X,,26.3,22.3,19.7,,X, ,X,낮음
7/24/2020,의왕(445),X,,25.3,21.8,18.6,,X, ,X,낮음
7/24/2020,포천(504),X,26.7,25.8,22.2,18.3,67,X, ,X,낮음
7/24/2020,가평조종(505),X,26.9,25.6,22.7,19,68,X, ,X,낮음
7/24/2020,안성(516),X,27.2,25,21.9,19.6,84,X, ,X,낮음
7/24/2020,간성(517),X,24.6,21.1,19.6,18.3,97,X, ,X,낮음
7/24/2020,평창(526),X,26.3,24.6,20.5,18.1,83,X, ,X,낮음
7/24/2020,의정부(532),X,29.1,27,22.7,18.9,83,X, ,X,낮음
7/24/2020,횡성(536),X,28,26.3,22,18.3,83,X, ,X,낮음
7/24/2020,고양(540),X,29.2,28.7,22.9,19.6,70,X, ,X,낮음
7/24/2020,남양주(541),X,28.2,28.1,23.3,19.2,64,X, ,X,낮음
7/24/2020,안산(545),X,27.8,26.1,22.4,19.2,74,X, ,X,낮음
7/24/2020,경기광주(546),X,27.7,26.6,21.4,18.4,79,X, ,X,낮음
7/24/2020,여주(548),X,26.3,24.1,20.6,17.4,88,X, ,X,낮음
7/24/2020,용인(549),X,26.1,24.6,21.5,18.8,76,X, ,X,낮음
7/24/2020,오산(550),X,27.3,26.1,22.8,19.5,67,X, ,X,낮음
7/24/2020,평택(551),X,,,,,,X, ,X,낮음
7/24/2020,화천(555),X,26.4,24.4,21.6,17.5,81,X, ,X,낮음
7/24/2020,양구(556),X,25.3,23.6,20.8,18.1,77,X, ,X,낮음
7/24/2020,시흥(565),X,28.2,27.1,23,19.9,68,X, ,X,낮음
7/24/2020,구리(569),X,28.7,28,22.8,18.4,67,X, ,X,낮음
7/24/2020,화성(571),X,28,26.7,23.3,19.6,70,X, ,X,낮음
7/24/2020,성남(572),X,28.3,27.2,22.7,19.6,68,X, ,X,보통
7/24/2020,과천(590),X,27.6,26.2,22.9,18.9,72,X, ,X,낮음
7/24/2020,양주(598),X,27.9,26.7,21.7,17.9,77,X, ,X,낮음
7/24/2020,단양(601),X,27.5,23.7,20.7,18.6,99,X, ,X,낮음
7/24/2020,진천(602),X,26.9,24.4,21.5,19.4,86,X, ,X,낮음
7/24/2020,괴산(603),X,26.2,23.6,21.2,19.5,88,X, ,X,낮음
7/24/2020,옥천(604),X,25.8,22.8,20.9,19.4,92,X, ,X,낮음
7/24/2020,홍북(608),X,26.4,23.7,20.7,18.5,93,X, ,X,낮음
7/24/2020,공주(612),X,27.1,24.1,20.8,19.1,95,X, ,X,낮음
7/24/2020,서천(614),X,28.6,25.9,23.1,21.5,93,X, ,X,낮음
7/24/2020,논산(615),X,27.8,25.2,22.2,20.2,91,X, ,X,낮음
7/24/2020,당진(616),X,27.6,25.5,21.5,18.7,84,X, ,X,낮음
7/24/2020,청양(618),X,26.3,,,,,X, ,X,낮음
7/24/2020,음성(619),X,26.4,23.3,20.9,18.5,91,X, ,X,낮음
7/24/2020,증평(623),X,27,24.3,21.7,19.5,91,X, ,X,낮음
7/24/2020,태안(627),X,26.9,24.9,21.4,18.7,89,X, ,X,낮음
7/24/2020,예산(628),X,27.1,24.4,21.9,19.2,89,X, ,X,낮음
7/24/2020,아산(634),X,26.7,25.2,22.1,19.1,79,X, ,X,낮음
7/24/2020,계룡(636),X,26.2,23.3,20.9,19.2,88,X, ,X,낮음
7/24/2020,연천청산(652),X,27.6,26.6,22.5,18.3,72,X, ,X,낮음
7/24/2020,양양(670),X,24.5,21,19.9,18.4,97,X, ,X,낮음
7/24/2020,무안(699),X,25.5,22.3,20.7,19.5,97,X, ,X,낮음
7/24/2020,무주(701),X,26.7,22.9,20.9,19.7,99,X, ,X,낮음
7/24/2020,익산(702),X,27.2,23.8,22,21.1,97,X, ,X,낮음
7/24/2020,진안(703),X,24.4,20.9,20.1,19.5,94,X, ,X,낮음
7/24/2020,담양(706),X,26.6,23.1,21.6,20.2,95,X, ,X,낮음
7/24/2020,구례(709),X,26.2,22.8,21,20.4,98,X, ,X,낮음
7/24/2020,나주(710),X,26.5,23.6,21,19.9,98,X, ,X,낮음
7/24/2020,순천시(712),X,26.9,23.5,21.1,19.9,97,X, ,X,낮음
7/24/2020,광양읍(713),X,26.2,23.3,21.2,20.3,91,X, ,X,낮음
7/24/2020,장성(730),X,26.7,23.2,21.3,20,97,X, ,X,낮음
7/24/2020,영암(731),X,26.8,23.6,21.1,20.4,97,X, ,X,낮음
7/24/2020,보성(732),X,25,21.7,20.3,19.5,96,X, ,X,낮음
7/24/2020,완주(734),X,26.5,23.1,21.6,20.6,97,X, ,X,낮음
7/24/2020,김제(737),X,27.3,23.6,21.5,20.3,99,X, ,X,낮음
7/24/2020,화순(741),X,25.5,22.7,21,19.7,92,X, ,X,낮음
7/24/2020,함평(754),X,26.2,22.5,20.9,19.7,98,X, ,X,낮음
7/24/2020,곡성(768),X,25.8,23,21.1,20.3,93,X, ,X,낮음
7/24/2020,압해도(789),X,26.9,23.3,21.1,20,94,X, ,X,낮음
7/24/2020,영양(801),X,26.8,24.1,20.8,18.8,93,X, ,X,낮음
7/24/2020,성주(810),X,26.4,24.1,21.3,20.1,89,X, ,X,낮음
7/24/2020,고령(812),X,26.1,22.4,21,20.1,98,X, ,X,낮음
7/24/2020,청도(813),X,25.9,22.8,21.2,20,93,X, ,X,낮음
7/24/2020,예천(815),X,26.4,23.4,21,19.1,89,X, ,X,낮음
7/24/2020,김천(822),X,27.6,24.6,21.4,20.1,97,X, ,X,낮음
7/24/2020,군위(823),X,26.1,23.2,21.1,19.6,95,X, ,X,낮음
7/24/2020,칠곡(825),X,26.7,23.8,21.4,20.5,98,X, ,X,낮음
7/24/2020,경산(827),X,25.8,23.1,21.3,20.1,90,X, ,X,낮음
7/24/2020,삼척(876),X,25.3,21.8,20.3,18,95,X, ,X,낮음
7/24/2020,속초(90),X,24.3,20.8,19.8,18.3,96,X, ,X,낮음
7/24/2020,삼천포(907),X,26.3,23.6,21.2,20.3,92,X, ,X,낮음
7/24/2020,고성(918),X,26.7,23.5,21.5,20.5,91,X, ,X,낮음
7/24/2020,창녕(919),X,26.2,23.7,21.8,20.4,93,X, ,X,낮음
7/24/2020,함안(920),X,26.3,23.4,21.3,19.9,93,X, ,X,낮음
7/24/2020,북춘천(93),X,27.3,25.8,22.8,18.4,74,X, ,X,보통
7/24/2020,하동(932),X,26.4,23.1,21.1,19.8,95,X, ,X,낮음
7/24/2020,철원(95),X,27.7,25.9,21.6,18.2,85,X, ,X,낮음
7/24/2020,동두천(98),X,27.3,25.5,21.9,17.3,80.6,X, ,X,낮음
7/24/2020,파주(99),X,27.9,26.5,21.6,18.2,80.3,X, ,X,낮음
7/25/2020,북강릉(104),X,24.2,20.6,20,19.5,98,X, ,X,보통
7/25/2020,동해(106),X,23.9,20.3,19.9,19.6,99,X, ,X,낮음
7/25/2020,서울(108),X,29.7,29,24.3,22.3,69.3,X, ,X,높음
7/25/2020,인천(112),X,28.8,28.4,24.4,22,64.3,X, ,X,높음
7/25/2020,원주(114),X,27.6,26.8,23,20.3,73.9,X, ,X,낮음
7/25/2020,울릉도(115),X,25.1,21.5,20.7,20.1,100,X, ,X,낮음
7/25/2020,수원(119),X,30.5,29.4,25.2,22.4,70.1,X, ,X,낮음
7/25/2020,영월(121),X,28.4,25.6,22.2,19.6,87,X, ,X,낮음
7/25/2020,충주(127),X,28.7,26.5,22.5,20,89.1,X, ,X,낮음
7/25/2020,서산(129),X,30.2,29.6,24.5,21.1,69.3,X, ,X,높음
7/25/2020,울진(130),X,25.8,22.5,21.1,20,97,X, ,X,낮음
7/25/2020,청주(131),X,28.3,26.6,23.1,20.7,86.8,X, ,X,보통
7/25/2020,대전(133),X,28.3,25.3,22.7,20.9,94.9,X, ,X,보통
7/25/2020,추풍령(135),X,26.4,23.8,21,19.2,89.5,X, ,X,낮음
7/25/2020,안동(136),X,27,24.6,21.6,19.6,89.3,X, ,X,보통
7/25/2020,상주(137),X,28.1,24.7,21.9,19.8,96.6,X, ,X,낮음
7/25/2020,포항(138),X,27,24.6,22.2,21.1,92.5,X, ,X,낮음
7/25/2020,군산(140),X,29.3,27.3,23.2,21,87.1,X, ,X,낮음
7/25/2020,대구(143),X,27.1,24.8,21.9,20.1,93.6,X, ,X,보통
7/25/2020,전주(146),X,29.2,26.9,23.2,20.7,86,X, ,X,보통
7/25/2020,울산(152),X,28.3,25.5,22,20.5,93.9,X, ,X,보통
7/25/2020,창원(155),X,26.8,24.2,21.7,19.9,88.6,X, ,X,높음
7/25/2020,광주(156),X,27.9,24.3,22,20.2,97.4,X, ,X,높음
7/25/2020,부산(159),X,26.3,23.7,21.3,20,90.8,X, ,X,높음
7/25/2020,통영(162),X,26.6,23.1,21.5,20.4,98.6,X, ,X,낮음
7/25/2020,목포(165),X,27.3,25.5,22.2,20.4,87.8,X, ,X,높음
7/25/2020,여수(168),X,26.6,23.4,21.6,20.7,96,X, ,X,낮음
7/25/2020,흑산도(169),X,27.2,24.7,21.2,19,91.3,X, ,X,낮음
7/25/2020,완도(170),X,27.9,25.9,22.7,19.8,82.6,X, ,X,낮음
7/25/2020,고창(172),X,28.2,25.2,21.9,20.6,95.3,X, ,X,낮음
7/25/2020,제주(184),X,28.2,26.6,23.7,21.2,79.5,X, ,X,높음
7/25/2020,진주(192),X,27.7,24.5,21.6,19.8,95.6,X, ,X,낮음
7/25/2020,양평(202),X,28.2,27.2,24.3,21.5,69.5,X, ,X,낮음
7/25/2020,이천(203),X,30,28.3,23.6,20.3,82.1,X, ,X,낮음
7/25/2020,인제(211),X,26.1,24.1,21,19.3,84.8,X, ,X,낮음
7/25/2020,홍천(212),X,27.2,26,22.1,19.2,80,X, ,X,낮음
7/25/2020,태백(216),X,23.5,19.9,18.5,17.3,98.6,X, ,X,낮음
7/25/2020,정선군(217),X,27.3,25.3,21.6,19,88.8,X, ,X,낮음
7/25/2020,제천(221),X,28.3,26.5,22.5,19.5,84.8,X, ,X,낮음
7/25/2020,보은(226),X,27.2,25.1,21.5,19.6,94.8,X, ,X,낮음
7/25/2020,천안(232),X,28.7,26.9,22.5,20,92.3,X,관심,X,낮음
7/25/2020,보령(235),X,29.5,28.4,23.7,20.3,82.4,X, ,X,낮음
7/25/2020,부여(236),X,29.1,27.2,23.5,20.7,86.9,X, ,X,낮음
7/25/2020,금산(238),X,27.5,24.7,22,20.2,93.5,X,관심,X,낮음
7/25/2020,세종(239),X,28.4,26.2,22.5,20.6,89,X, ,X,보통
7/25/2020,부안(243),X,28.7,26.5,23,20.9,90.4,X, ,X,낮음
7/25/2020,임실(244),X,28.1,25.8,21.8,19.5,92.1,X, ,X,낮음
7/25/2020,정읍(245),X,27.1,24.9,21.9,20.6,90,X, ,X,낮음
7/25/2020,남원(247),X,28.3,26.1,22.3,19.8,93,X, ,X,낮음
7/25/2020,장수(248),X,27.1,24.1,21.2,18.7,96.1,X, ,X,낮음
7/25/2020,영광군(252),X,27.9,25.7,22.5,20.8,89.3,X, ,X,낮음
7/25/2020,김해시(253),X,27.6,24.8,21.6,20.1,94.6,X, ,X,낮음
7/25/2020,순창군(254),X,27.6,25.2,22.3,20.4,91.8,X, ,X,낮음
7/25/2020,양산시(257),X,28.6,26.4,22.5,20.7,91.5,X, ,X,낮음
7/25/2020,강진군(259),X,27.7,25.4,21.8,19.9,88,X, ,X,낮음
7/25/2020,장흥(260),X,27.1,24.6,21.3,19.8,92.5,X, ,X,낮음
7/25/2020,해남(261),X,27.6,25.2,21.4,18.5,89.1,X, ,X,낮음
7/25/2020,고흥(262),X,26.8,24.3,21.7,19.4,90,X, ,X,낮음
7/25/2020,의령군(263),X,28.8,26.9,22.7,20.4,87.8,X, ,X,낮음
7/25/2020,함양군(264),X,29,27.2,22,19.6,90.1,X, ,X,낮음
7/25/2020,진도군ASOS(268),X,27.4,25.2,21.5,19.1,88.9,X, ,X,낮음
7/25/2020,봉화(271),X,25.9,23.7,20.5,18.4,92.1,X, ,X,낮음
7/25/2020,영주(272),X,27.6,25.1,21.6,19.1,92.5,X, ,X,낮음
7/25/2020,문경(273),X,27.9,25.3,21.5,19.5,94.9,X, ,X,낮음
7/25/2020,청송군(276),X,27.5,24.1,21,19.2,99,X, ,X,낮음
7/25/2020,영덕(277),X,26.9,23.4,20.9,19.6,97.1,X, ,X,낮음
7/25/2020,의성(278),X,27.3,24.3,21.8,20.2,94.9,X, ,X,낮음
7/25/2020,구미(279),X,28.9,25.7,22.2,20.2,97.9,X, ,X,낮음
7/25/2020,영천(281),X,27,24.5,21.6,19.7,93.8,X, ,X,낮음
7/25/2020,경주시(283),X,28.5,26.1,22.3,20.4,93.1,X, ,X,낮음
7/25/2020,거창(284),X,28.4,26.5,21.4,19.4,94.1,X, ,X,낮음
7/25/2020,합천(285),X,29,26.6,22.1,19.9,94,X, ,X,낮음
7/25/2020,밀양(288),X,28.8,27,22.3,19.8,88.6,X, ,X,낮음
7/25/2020,산청(289),X,28.1,25.7,21.9,19.5,92.6,X,관심,X,낮음
7/25/2020,거제(294),X,26.7,24.1,21.7,20.1,88.9,X, ,X,낮음
7/25/2020,남해(295),X,27.8,25.5,22.4,20.1,90.1,X, ,X,낮음
7/25/2020,부천(433),X,,28.3,23.9,20.9,,X, ,X,낮음
7/25/2020,안양(434),X,,28.6,25,22.1,,X, ,X,낮음
7/25/2020,광명(437),X,,29.5,24.9,22,,X, ,X,낮음
7/25/2020,군포(438),X,,28.6,24.7,22,,X, ,X,낮음
7/25/2020,김포(441),X,,28.9,24.3,21.8,,X, ,X,낮음
7/25/2020,하남(444),X,,28,23.6,19.8,,X, ,X,낮음
7/25/2020,의왕(445),X,,26.8,23.4,21.1,,X, ,X,낮음
7/25/2020,포천(504),X,27.3,26.6,23.3,21.1,65,X, ,X,낮음
7/25/2020,가평조종(505),X,27.9,26.7,23.4,20,72,X, ,X,낮음
7/25/2020,안성(516),X,30.2,28.8,23.8,20.4,79,X,관심,X,낮음
7/25/2020,간성(517),X,23.7,20.2,19.7,19.4,97,X, ,X,낮음
7/25/2020,평창(526),X,27.1,25.5,21.8,19,85,X, ,X,낮음
7/25/2020,의정부(532),X,29.2,27,23.2,20.8,86,X, ,X,낮음
7/25/2020,횡성(536),X,27.9,26.2,22.9,19.5,83,X, ,X,낮음
7/25/2020,고양(540),X,30.9,30.7,24.1,21,68,X, ,X,낮음
7/25/2020,남양주(541),X,29.3,29,23.8,20.7,68,X, ,X,낮음
7/25/2020,안산(545),X,30.5,29.8,23.8,20.2,73,X, ,X,낮음
7/25/2020,경기광주(546),X,28.9,28.3,23.8,21.1,70,X,관심,X,낮음
7/25/2020,여주(548),X,27.8,26.3,22.5,19.4,80,X,관심,X,낮음
7/25/2020,용인(549),X,28.4,27.9,23.4,20,68,X, ,X,낮음
7/25/2020,오산(550),X,29.2,28.7,24.8,22.2,62,X, ,X,낮음
7/25/2020,평택(551),X,,,,,,X, ,X,낮음
7/25/2020,화천(555),X,28.5,27.4,22.4,19.6,84,X, ,X,낮음
7/25/2020,양구(556),X,26.2,24.8,22.4,20.9,72,X, ,X,낮음
7/25/2020,시흥(565),X,29.5,29.1,24.8,20.4,63,X, ,X,낮음
7/25/2020,구리(569),X,30.3,29.9,24.8,21.4,63,X, ,X,낮음
7/25/2020,화성(571),X,31.2,30.9,25.2,21.6,65,X, ,X,낮음
7/25/2020,성남(572),X,29.9,29.7,25.1,21,62,X, ,X,보통
7/25/2020,과천(590),X,30.2,29.4,24.4,19.8,70,X, ,X,낮음
7/25/2020,양주(598),X,29.4,28.2,23.1,21,71,X, ,X,낮음
7/25/2020,단양(601),X,28.4,24.6,21.6,20.1,99,X, ,X,낮음
7/25/2020,진천(602),X,28.9,26.9,22.5,19.8,87,X, ,X,낮음
7/25/2020,괴산(603),X,29,27.3,22.7,20.1,90,X, ,X,낮음
7/25/2020,옥천(604),X,26.9,24.4,22,20.2,92,X, ,X,낮음
7/25/2020,홍북(608),X,29.6,28.2,23.6,19,81,X, ,X,낮음
7/25/2020,공주(612),X,29,27.1,22.6,20.2,90,X,관심,X,낮음
7/25/2020,서천(614),X,30.5,28.8,24.8,22.1,85,X, ,X,낮음
7/25/2020,논산(615),X,29.3,27.5,23.3,21,89,X, ,X,낮음
7/25/2020,당진(616),X,30,28.5,24.1,20.8,74,X, ,X,낮음
7/25/2020,청양(618),X,29.1,27.3,22.7,20,87,X, ,X,낮음
7/25/2020,음성(619),X,29,27.2,22.4,19.9,91,X, ,X,낮음
7/25/2020,증평(623),X,29.2,26.9,22.6,20.3,93,X, ,X,낮음
7/25/2020,태안(627),X,30.2,28.8,24.4,21.4,76,X, ,X,낮음
7/25/2020,예산(628),X,30.8,29.4,24.3,20.5,81,X, ,X,낮음
7/25/2020,아산(634),X,29.4,29.1,24.3,20.3,73,X, ,X,낮음
7/25/2020,계룡(636),X,27.4,25.4,21.5,20.1,89,X, ,X,낮음
7/25/2020,연천청산(652),X,28.1,27.1,23.2,20.4,70,X, ,X,낮음
7/25/2020,양양(670),X,24.2,20.7,20.2,19.7,97,X, ,X,낮음
7/25/2020,무안(699),X,28.5,26.6,22.2,20.2,90,X, ,X,낮음
7/25/2020,무주(701),X,28.4,25.1,21.7,19.8,98,X, ,X,낮음
7/25/2020,익산(702),X,29.6,27.6,23.4,21.1,90,X, ,X,낮음
7/25/2020,진안(703),X,26.7,24.6,21.2,19,93,X, ,X,낮음
7/25/2020,담양(706),X,29.5,25.9,22.6,20.8,95,X,관심,X,낮음
7/25/2020,구례(709),X,28.7,26,22.4,20.5,96,X,관심,X,낮음
7/25/2020,나주(710),X,28.5,26.2,22.2,20.3,92,X,관심,X,낮음
7/25/2020,순천시(712),X,28.9,25.7,22.7,20.2,95,X,관심,X,낮음
7/25/2020,광양읍(713),X,30,27.8,22.5,20.5,91,X,주의,X,낮음
7/25/2020,장성(730),X,27.7,25.2,22.1,20.5,95,X, ,X,낮음
7/25/2020,영암(731),X,28.8,26.3,21.8,20,94,X, ,X,낮음
7/25/2020,보성(732),X,27.4,24.8,21.2,19.6,95,X, ,X,낮음
7/25/2020,완주(734),X,28.9,26.5,22.7,20.1,91,X, ,X,낮음
7/25/2020,김제(737),X,29.4,27.2,23,20.7,91,X, ,X,낮음
7/25/2020,화순(741),X,26.5,23.4,21.5,20.1,92,X,관심,X,낮음
7/25/2020,함평(754),X,28.1,26,22.5,20.5,90,X, ,X,낮음
7/25/2020,곡성(768),X,29.1,26.7,22.3,20.3,96,X,관심,X,낮음
7/25/2020,압해도(789),X,28.5,26,22.5,20.7,90,X, ,X,낮음
7/25/2020,영양(801),X,26.2,23.5,21.2,19.4,93,X, ,X,낮음
7/25/2020,성주(810),X,26.8,24.4,21.8,20.1,93,X, ,X,낮음
7/25/2020,고령(812),X,29.7,26,22,20,97,X, ,X,낮음
7/25/2020,청도(813),X,27.6,25,22.2,19.9,92,X, ,X,낮음
7/25/2020,예천(815),X,27.5,24.6,21.8,19.8,91,X, ,X,낮음
7/25/2020,김천(822),X,29,25.7,22.1,20.4,98,X, ,X,낮음
7/25/2020,군위(823),X,28.1,25.1,21.5,20,98,X, ,X,낮음
7/25/2020,칠곡(825),X,27.6,24.4,22.3,20.5,96,X, ,X,낮음
7/25/2020,경산(827),X,26.6,23.7,21.9,20.1,91,X, ,X,낮음
7/25/2020,삼척(876),X,24.6,21,20.7,20.3,97,X, ,X,낮음
7/25/2020,속초(90),X,24.2,20.7,19.9,19.4,97.4,X, ,X,낮음
7/25/2020,삼천포(907),X,28.1,25.3,22,19.6,91,X, ,X,낮음
7/25/2020,고성(918),X,28,25.2,22.1,20.3,92,X, ,X,낮음
7/25/2020,창녕(919),X,28,25.4,22.5,20.4,93,X,관심,X,낮음
7/25/2020,함안(920),X,28,25.6,22.3,20,92,X, ,X,낮음
7/25/2020,북춘천(93),X,28.4,27.4,24,20.3,72.8,X, ,X,높음
7/25/2020,하동(932),X,28.6,26.1,22.1,19.9,95,X,관심,X,낮음
7/25/2020,철원(95),X,28.5,26.5,22.7,20.6,82.9,X, ,X,낮음
7/25/2020,동두천(98),X,29.3,27.7,23.7,21.2,74.9,X, ,X,낮음
7/25/2020,파주(99),X,28.6,27.3,23.4,21,72.3,X, ,X,낮음
7/26/2020,북강릉(104),X,26.1,23.5,20.4,18.7,92.5,X, ,X,보통
7/26/2020,동해(106),X,25,22.1,20.1,18.7,94.9,X, ,X,낮음
7/26/2020,서울(108),X,30.4,29.6,25.4,21.6,69.3,X,관심,X,매우높음
7/26/2020,인천(112),X,28.7,27.9,24.2,21.5,71.9,X, ,X,매우높음
7/26/2020,원주(114),X,29.8,29.1,24.3,20.5,70.5,X,관심,X,낮음
7/26/2020,울릉도(115),X,26.6,22.8,21.4,20.8,99.5,X, ,X,낮음
7/26/2020,수원(119),X,30.6,29.2,25,22.5,77.8,X, ,X,낮음
7/26/2020,영월(121),X,29.8,28.2,23.4,19.4,81.8,X,관심,X,낮음
7/26/2020,충주(127),X,29.5,27.8,22.7,20.3,89.1,X, ,X,낮음
7/26/2020,서산(129),X,28.3,26.5,23.5,20.7,80,X, ,X,매우높음
7/26/2020,울진(130),X,26.8,24.1,20.6,19.5,95,X, ,X,낮음
7/26/2020,청주(131),X,30,28.2,24.3,21.2,83,X, ,X,높음
7/26/2020,대전(133),X,29.9,27.4,24,22,93.5,X, ,X,매우높음
7/26/2020,추풍령(135),X,27.9,25.8,21.8,20.2,88.8,X, ,X,낮음
7/26/2020,안동(136),X,29.3,27.3,22.3,20.4,87.9,X, ,X,보통
7/26/2020,상주(137),X,29.7,27.2,22.7,20.8,96.5,X,관심,X,낮음
7/26/2020,포항(138),X,27.7,25,22.7,21.3,91.4,X, ,X,낮음
7/26/2020,군산(140),X,28.2,26.1,23,21.4,87.6,X, ,X,낮음
7/26/2020,대구(143),X,30.2,30.2,25,21.3,75,X, ,X,매우높음
7/26/2020,전주(146),X,30.4,28.8,23.6,21.6,83.4,X,관심,X,보통
7/26/2020,울산(152),X,29.8,28.3,24.1,20.2,87.4,X, ,X,높음
7/26/2020,창원(155),X,29.2,27.9,23.8,20.3,79,X, ,X,매우높음
7/26/2020,광주(156),X,30,28.4,23.3,19.6,88.8,X,관심,X,매우높음
7/26/2020,부산(159),X,28.9,27.1,23.9,20.2,80.6,X, ,X,매우높음
7/26/2020,통영(162),X,28.3,27,23.4,20.4,84.1,X, ,X,낮음
7/26/2020,목포(165),X,28.1,26.3,22.8,19.8,83.8,X, ,X,매우높음
7/26/2020,여수(168),X,28,26.2,22.9,20.1,84.4,X, ,X,낮음
7/26/2020,흑산도(169),X,27.6,24.9,20.4,17.8,94.1,X, ,X,낮음
7/26/2020,완도(170),X,29.7,27.7,22.3,18.5,86.6,X, ,X,낮음
7/26/2020,고창(172),X,29.6,28,22.8,20.5,86.9,X, ,X,낮음
7/26/2020,제주(184),X,27.4,25.5,23.4,20.7,82,X, ,X,매우높음
7/26/2020,진주(192),X,30.1,28.8,23.7,20.2,81.3,X, ,X,낮음
7/26/2020,양평(202),X,30.4,30,24.9,20.9,74.4,X, ,X,낮음
7/26/2020,이천(203),X,30.5,29.2,24.3,20.8,82.8,X, ,X,낮음
7/26/2020,인제(211),X,29.7,28.6,22.5,19.4,80.6,X, ,X,낮음
7/26/2020,홍천(212),X,30.2,29.5,23.5,19,79.9,X, ,X,낮음
7/26/2020,태백(216),X,25.1,22.2,19,17.6,96,X, ,X,낮음
7/26/2020,정선군(217),X,30,28.3,22.3,17.8,86.4,X, ,X,낮음
7/26/2020,제천(221),X,28.6,26.8,22.9,19.3,83.9,X, ,X,낮음
7/26/2020,보은(226),X,27.7,25.3,22.5,20.6,93.4,X, ,X,낮음
7/26/2020,천안(232),X,29.1,26.7,23.1,20.1,90.9,X,관심,X,낮음
7/26/2020,보령(235),X,27,24.7,22.3,21,91,X, ,X,낮음
7/26/2020,부여(236),X,28.9,26.4,23.2,21.2,92.1,X, ,X,낮음
7/26/2020,금산(238),X,29.1,26.9,23,21.1,93.4,X,관심,X,낮음
7/26/2020,세종(239),X,29.8,28.1,23.6,21.2,87.9,X, ,X,매우높음
7/26/2020,부안(243),X,28.9,26.8,23,21.2,88,X,관심,X,낮음
7/26/2020,임실(244),X,29.2,27.7,22.7,19.9,89.3,X, ,X,낮음
7/26/2020,정읍(245),X,29.2,27.9,22.9,20.6,81.9,X,관심,X,낮음
7/26/2020,남원(247),X,30.6,29.4,23.8,21,85.8,X, ,X,낮음
7/26/2020,장수(248),X,28.1,26.6,22.3,20,91.4,X, ,X,낮음
7/26/2020,영광군(252),X,29.2,27.4,22.7,20.4,84.8,X, ,X,낮음
7/26/2020,김해시(253),X,30.8,29,24,19.8,84.4,X, ,X,낮음
7/26/2020,순창군(254),X,29.6,28.2,23.3,20.3,85.9,X, ,X,낮음
7/26/2020,양산시(257),X,30.8,29.9,24.8,20,80.6,X,관심,X,낮음
7/26/2020,강진군(259),X,29.2,28.1,22.8,19.2,82,X, ,X,낮음
7/26/2020,장흥(260),X,29,27.7,22.1,18.5,85.8,X, ,X,낮음
7/26/2020,해남(261),X,29.1,27.7,22.3,17.2,83.4,X, ,X,낮음
7/26/2020,고흥(262),X,29.3,28,22.3,17.9,85.5,X, ,X,낮음
7/26/2020,의령군(263),X,31.2,30.7,24.6,21.4,78.5,X, ,X,낮음
7/26/2020,함양군(264),X,29.5,28,23.1,20.5,85.8,X, ,X,낮음
7/26/2020,진도군ASOS(268),X,29.1,27.4,21.3,18,88.9,X, ,X,낮음
7/26/2020,봉화(271),X,26,23.1,20.8,19,92.8,X, ,X,낮음
7/26/2020,영주(272),X,27,24.3,21.7,20.3,94.6,X, ,X,낮음
7/26/2020,문경(273),X,28.2,25.7,22,20.4,96.3,X, ,X,낮음
7/26/2020,청송군(276),X,30.6,27.8,21.9,19.5,95.8,X, ,X,낮음
7/26/2020,영덕(277),X,27.5,24.6,21,19.8,95.4,X, ,X,낮음
7/26/2020,의성(278),X,30.7,29.4,23.4,20.9,89.9,X,관심,X,낮음
7/26/2020,구미(279),X,31.3,28.5,23.5,21.3,97,X,관심,X,낮음
7/26/2020,영천(281),X,29.8,29.4,23.6,20.6,82.8,X,관심,X,낮음
7/26/2020,경주시(283),X,31.5,30.3,24,20.7,85.9,X,관심,X,낮음
7/26/2020,거창(284),X,29.1,27.5,22.5,20.2,91.1,X, ,X,낮음
7/26/2020,합천(285),X,30.5,29.5,24.3,21,82.4,X, ,X,낮음
7/26/2020,밀양(288),X,30.3,30,25.1,21.4,72.9,X, ,X,낮음
7/26/2020,산청(289),X,29.5,28.4,23.6,20.7,82.6,X,관심,X,낮음
7/26/2020,거제(294),X,29,27.9,23.6,20.5,79.3,X, ,X,낮음
7/26/2020,남해(295),X,29.4,28.2,23.2,19.4,79.5,X, ,X,낮음
7/26/2020,부천(433),X,,27.8,24.1,21.1,,X, ,X,낮음
7/26/2020,안양(434),X,,28.8,24.9,22.4,,X,관심,X,낮음
7/26/2020,광명(437),X,,29.3,25.3,22.5,,X,관심,X,낮음
7/26/2020,군포(438),X,,28.6,24.7,22.2,,X, ,X,낮음
7/26/2020,김포(441),X,,29.2,24.3,20.6,,X, ,X,낮음
7/26/2020,하남(444),X,,29.2,24.8,21.5,,X, ,X,낮음
7/26/2020,의왕(445),X,,28.2,22.8,21.1,,X, ,X,낮음
7/26/2020,포천(504),X,28.9,27.8,24,19.9,70,X, ,X,낮음
7/26/2020,가평조종(505),X,29.7,28.4,23.7,18.8,78,X,관심,X,낮음
7/26/2020,안성(516),X,30,28.5,24,20.7,84,X,관심,X,낮음
7/26/2020,간성(517),X,26.8,23.7,20.5,18.8,96,X, ,X,낮음
7/26/2020,평창(526),X,29.5,28.6,22.6,18.1,80,X, ,X,낮음
7/26/2020,의정부(532),X,31.3,28.7,24.2,20.2,87,X, ,X,낮음
7/26/2020,횡성(536),X,31.6,30.4,23.9,19.7,81,X, ,X,낮음
7/26/2020,고양(540),X,30.6,29.8,24.5,20,72,X, ,X,낮음
7/26/2020,남양주(541),X,29.8,29.6,24.8,20.6,70,X, ,X,낮음
7/26/2020,안산(545),X,30.2,29.2,23.5,19.6,82,X, ,X,낮음
7/26/2020,경기광주(546),X,29.6,28.5,24.2,20.2,75,X,관심,X,낮음
7/26/2020,여주(548),X,29.7,28.3,23.5,20.2,81,X,관심,X,낮음
7/26/2020,용인(549),X,28.9,28.2,23.5,20.4,74,X,관심,X,낮음
7/26/2020,오산(550),X,29.8,29.2,24.1,21.2,71,X, ,X,낮음
7/26/2020,평택(551),X,,,,,,X,관심,X,낮음
7/26/2020,화천(555),X,31.1,30.1,23.3,18.3,84,X, ,X,낮음
7/26/2020,양구(556),X,30,29.1,22.7,18.5,79,X, ,X,낮음
7/26/2020,시흥(565),X,29.9,29.3,24.4,21.2,70,X, ,X,낮음
7/26/2020,구리(569),X,31.3,31,25.3,20.7,66,X, ,X,낮음
7/26/2020,화성(571),X,30.4,29.2,24.5,22,73,X, ,X,낮음
7/26/2020,성남(572),X,29.7,29.2,25,22,67,X, ,X,높음
7/26/2020,과천(590),X,30.2,29.1,24.5,21.5,73,X, ,X,낮음
7/26/2020,양주(598),X,30.2,28.8,24.3,19.1,76,X, ,X,낮음
7/26/2020,단양(601),X,30.9,28.2,23.6,20.5,97,X,관심,X,낮음
7/26/2020,진천(602),X,29.5,27.9,23.3,19.5,87,X, ,X,낮음
7/26/2020,괴산(603),X,29.7,28,23.1,20.7,89,X, ,X,낮음
7/26/2020,옥천(604),X,28.6,26.4,23.1,21.1,91,X, ,X,낮음
7/26/2020,홍북(608),X,28.1,24.5,22.3,20.4,92,X,관심,X,낮음
7/26/2020,공주(612),X,29.8,28,23.9,20.9,91,X,관심,X,낮음
7/26/2020,서천(614),X,28.6,26.6,23.7,22.2,91,X, ,X,낮음
7/26/2020,논산(615),X,29.8,27.8,24,21.9,88,X, ,X,낮음
7/26/2020,당진(616),X,29.2,27.5,23.4,20.4,84,X, ,X,낮음
7/26/2020,청양(618),X,27.6,24.8,22.3,19.8,93,X, ,X,낮음
7/26/2020,음성(619),X,28.5,26.2,22.5,19.7,91,X, ,X,낮음
7/26/2020,증평(623),X,29.4,26.3,23,20.2,92,X, ,X,낮음
7/26/2020,태안(627),X,28.4,25.5,23.1,21.1,85,X, ,X,낮음
7/26/2020,예산(628),X,28.5,26.1,23.9,21.5,86,X,관심,X,낮음
7/26/2020,아산(634),X,29.4,27.9,24.4,21.5,73,X,관심,X,낮음
7/26/2020,계룡(636),X,28.8,27.1,22.8,20.2,88,X, ,X,낮음
7/26/2020,연천청산(652),X,29.3,28.2,24,20.6,74,X, ,X,낮음
7/26/2020,양양(670),X,27.8,24.2,21,19.2,97,X, ,X,낮음
7/26/2020,무안(699),X,29,27.4,22.5,19.6,87,X, ,X,낮음
7/26/2020,무주(701),X,29.9,27,23,20.9,96,X, ,X,낮음
7/26/2020,익산(702),X,30.4,28.5,23.7,21.3,88,X, ,X,낮음
7/26/2020,진안(703),X,28.2,26.7,22.2,20,90,X, ,X,낮음
7/26/2020,담양(706),X,31.8,29.9,23.7,20.1,92,X,관심,X,낮음
7/26/2020,구례(709),X,30.5,29.4,24.1,20.5,83,X,관심,X,낮음
7/26/2020,나주(710),X,29.7,28,22.8,19.1,87,X,관심,X,낮음
7/26/2020,순천시(712),X,30.7,29.5,24.2,20.7,80,X,관심,X,낮음
7/26/2020,광양읍(713),X,30.6,30.1,24.4,20.8,74,X,관심,X,낮음
7/26/2020,장성(730),X,30,28.7,23.3,20.3,87,X, ,X,낮음
7/26/2020,영암(731),X,30.2,28.5,22.2,17.8,89,X, ,X,낮음
7/26/2020,보성(732),X,28.9,27.5,22.3,18.8,85,X, ,X,낮음
7/26/2020,완주(734),X,30.1,28.2,23.2,21,91,X,관심,X,낮음
7/26/2020,김제(737),X,29.8,27.9,23.1,20.7,89,X, ,X,낮음
7/26/2020,화순(741),X,30.2,29.4,22.9,19.3,82,X,관심,X,낮음
7/26/2020,함평(754),X,29.6,27.9,22.9,19.6,88,X, ,X,낮음
7/26/2020,곡성(768),X,30.4,29.4,23.6,20.1,85,X,관심,X,낮음
7/26/2020,압해도(789),X,29.3,27.3,22.6,19.5,88,X, ,X,낮음
7/26/2020,영양(801),X,28.6,26.3,21.3,19.6,94,X, ,X,낮음
7/26/2020,성주(810),X,30.8,30.3,24.2,21.1,82,X, ,X,낮음
7/26/2020,고령(812),X,29.9,29.2,23.7,21,87,X, ,X,낮음
7/26/2020,청도(813),X,30.6,29.5,24.1,21.3,79,X, ,X,낮음
7/26/2020,예천(815),X,29,27,22.5,20.8,90,X, ,X,낮음
7/26/2020,김천(822),X,31.3,28.8,23.1,21.3,96,X,관심,X,낮음
7/26/2020,군위(823),X,30.5,28.7,23.4,20.6,91,X, ,X,낮음
7/26/2020,칠곡(825),X,30.6,29.4,24.1,21.4,90,X, ,X,낮음
7/26/2020,경산(827),X,30.7,30.5,24.6,21,75,X,관심,X,낮음
7/26/2020,삼척(876),X,26.3,23.7,20.8,19.3,92,X, ,X,낮음
7/26/2020,속초(90),X,25.8,23.2,20.5,18.9,92.3,X, ,X,낮음
7/26/2020,삼천포(907),X,29.4,27.8,23.2,20.7,82,X, ,X,낮음
7/26/2020,고성(918),X,29.3,27.8,23.8,20.2,80,X, ,X,낮음
7/26/2020,창녕(919),X,30.9,30,24.7,21.5,81,X,관심,X,낮음
7/26/2020,함안(920),X,30.6,29.1,24,20.9,82,X, ,X,낮음
7/26/2020,북춘천(93),X,30.8,29.6,24,19.5,78.9,X, ,X,높음
7/26/2020,하동(932),X,30.1,29.5,24,20.8,81,X,관심,X,낮음
7/26/2020,철원(95),X,29.3,27,22.8,19.8,87.5,X, ,X,낮음
7/26/2020,동두천(98),X,29.6,27.7,24,20.9,78.9,X, ,X,낮음
7/26/2020,파주(99),X,30.4,28.4,23.4,19.2,79.9,X, ,X,낮음
7/27/2020,북강릉(104),X,24.5,21.3,19.9,19.4,96.8,X, ,X,높음
7/27/2020,동해(106),X,24.4,21.1,19.7,19.1,98,X, ,X,낮음
7/27/2020,서울(108),X,28.4,25.5,24.3,22.9,86.4,X, ,X,보통
7/27/2020,인천(112),X,27.9,24.4,23.4,22.4,90.6,X, ,X,보통
7/27/2020,원주(114),X,28.7,27.5,24.6,22.1,71.6,X,관심,X,낮음
7/27/2020,울릉도(115),X,27.7,24.7,22.1,20.8,97.5,X, ,X,낮음
7/27/2020,수원(119),X,29.7,27.1,24.6,22.6,91,X, ,X,낮음
7/27/2020,영월(121),X,28.4,26.4,22.5,20.2,89.3,X,관심,X,낮음
7/27/2020,충주(127),X,29,27.2,23.4,21.1,87.9,X, ,X,낮음
7/27/2020,서산(129),X,28.9,27,23.8,21.3,86.9,X, ,X,높음
7/27/2020,울진(130),X,26.8,23.7,20.6,19.8,96.5,X, ,X,낮음
7/27/2020,청주(131),X,29.4,28.1,24.9,22.6,80.4,X, ,X,높음
7/27/2020,대전(133),X,29.7,27.2,24.4,22.3,90.3,X, ,X,높음
7/27/2020,추풍령(135),X,27,24.5,21.9,19.6,87.4,X, ,X,낮음
7/27/2020,안동(136),X,27.3,24.8,22.1,19.8,88.6,X, ,X,높음
7/27/2020,상주(137),X,28.8,25.6,22.7,21.1,96.1,X, ,X,낮음
7/27/2020,포항(138),X,26,23.1,21.8,21,93.3,X, ,X,낮음
7/27/2020,군산(140),X,29.2,26.9,23.4,21.2,89,X, ,X,낮음
7/27/2020,대구(143),X,27.2,24.6,22.6,21.3,89.9,X, ,X,높음
7/27/2020,전주(146),X,29.4,28,23.9,21.5,85.3,X, ,X,높음
7/27/2020,울산(152),X,28.2,25,22.6,21.3,96.6,X, ,X,높음
7/27/2020,창원(155),X,28.2,25.6,23.1,22,90.9,X, ,X,높음
7/27/2020,광주(156),X,29.7,27.2,23.2,20.9,94.1,X, ,X,보통
7/27/2020,부산(159),X,27.6,24.7,22.6,21.5,94.4,X, ,X,보통
7/27/2020,통영(162),X,29.5,26.3,23.5,22.1,98.5,X, ,X,낮음
7/27/2020,목포(165),X,28.3,25.9,23,21.3,90.3,X, ,X,높음
7/27/2020,여수(168),X,27.2,23.9,22.7,22,95.4,X, ,X,낮음
7/27/2020,흑산도(169),X,26.4,23,20.4,18.5,97.5,X, ,X,낮음
7/27/2020,완도(170),X,28,24.9,22.3,20,95,X, ,X,낮음
7/27/2020,고창(172),X,29.3,27.2,23.1,20.8,90.5,X, ,X,낮음
7/27/2020,제주(184),X,30.5,27.9,24.8,22.6,91.8,X,관심,O,보통
7/27/2020,진주(192),X,28.2,25.2,22,19.7,94.9,X, ,X,낮음
7/27/2020,양평(202),X,28.8,26.3,24,21.9,89.1,X, ,X,낮음
7/27/2020,이천(203),X,29.7,26.7,24.3,22,92.9,X, ,X,낮음
7/27/2020,인제(211),X,26,22.9,21.2,20.1,91,X, ,X,낮음
7/27/2020,홍천(212),X,27.8,25,22.6,20.5,87.8,X, ,X,낮음
7/27/2020,태백(216),X,24.5,21.7,18.6,17.8,98.1,X, ,X,낮음
7/27/2020,정선군(217),X,28.3,26.5,21.7,19.5,92.4,X, ,X,낮음
7/27/2020,제천(221),X,28.1,26,22.7,20.3,88.5,X, ,X,낮음
7/27/2020,보은(226),X,28.2,25.9,22.8,20.6,89.4,X, ,X,낮음
7/27/2020,천안(232),X,28.9,26.7,23.6,21.4,92.1,X, ,X,낮음
7/27/2020,보령(235),X,28.6,26.7,23.5,21.2,88.8,X, ,X,낮음
7/27/2020,부여(236),X,29.2,27.2,23.4,20.8,88.9,X, ,X,낮음
7/27/2020,금산(238),X,28.8,26.8,23.4,21.3,88.6,X, ,X,낮음
7/27/2020,세종(239),X,29,27.3,23.7,21.6,88,X, ,X,높음
7/27/2020,부안(243),X,28.8,26.2,23.5,21.2,89.4,X, ,X,낮음
7/27/2020,임실(244),X,27.7,25.2,22,20,93.8,X, ,X,낮음
7/27/2020,정읍(245),X,28.6,26.3,23,20.6,87,X, ,X,낮음
7/27/2020,남원(247),X,28.7,26.4,23.1,20.6,90.1,X, ,X,낮음
7/27/2020,장수(248),X,27.6,25.1,21.6,19,91.9,X, ,X,낮음
7/27/2020,영광군(252),X,29,27,22.7,20.7,89.4,X, ,X,낮음
7/27/2020,김해시(253),X,29.1,26.5,23.3,21.9,95,X, ,X,낮음
7/27/2020,순창군(254),X,29.2,27.2,23,20.5,91.1,X, ,X,낮음
7/27/2020,양산시(257),X,29.4,27,23.6,22,93.5,X, ,X,낮음
7/27/2020,강진군(259),X,28.3,26.1,22.6,20.1,90.8,X, ,X,낮음
7/27/2020,장흥(260),X,28.1,25.8,22.4,19.7,92.1,X, ,X,낮음
7/27/2020,해남(261),X,28.9,26.6,22.9,19.9,90.8,X, ,X,낮음
7/27/2020,고흥(262),X,28,25.4,22.3,19.7,96.1,X, ,X,낮음
7/27/2020,의령군(263),X,28.6,26,23,20.8,92.9,X, ,X,낮음
7/27/2020,함양군(264),X,28.2,25.6,22.4,19.9,90.1,X, ,X,낮음
7/27/2020,진도군ASOS(268),X,28.5,26.1,22.7,19.5,91.4,X, ,X,낮음
7/27/2020,봉화(271),X,26.4,24.1,20.8,18.5,92.8,X, ,X,낮음
7/27/2020,영주(272),X,27.5,24.9,22,20.2,93.4,X, ,X,낮음
7/27/2020,문경(273),X,28.1,25.2,22.5,20.9,94.4,X, ,X,낮음
7/27/2020,청송군(276),X,28.8,25.6,21.2,19,98.6,X, ,X,낮음
7/27/2020,영덕(277),X,26.2,23,20.6,19.7,97.6,X, ,X,낮음
7/27/2020,의성(278),X,28.9,26.2,22.7,20.3,92.8,X, ,X,낮음
7/27/2020,구미(279),X,29.2,25.4,22.9,21.2,99,X, ,X,낮음
7/27/2020,영천(281),X,26.6,24,21.7,20.6,93,X, ,X,낮음
7/27/2020,경주시(283),X,27,24.1,21.7,20.9,95.1,X, ,X,낮음
7/27/2020,거창(284),X,27.9,25.2,22,19.8,93.3,X, ,X,낮음
7/27/2020,합천(285),X,28.2,25.1,22.3,20.2,94.5,X, ,X,낮음
7/27/2020,밀양(288),X,28.8,27,22.9,21.3,89,X, ,X,낮음
7/27/2020,산청(289),X,27.8,24.7,21.8,19.6,94.8,X, ,X,낮음
7/27/2020,거제(294),X,26.9,23.8,22.4,21.5,95.6,X, ,X,낮음
7/27/2020,남해(295),X,26.7,23.3,21.9,20.2,95.4,X, ,X,낮음
7/27/2020,부천(433),X,,25.1,23.6,21.3,,X, ,X,낮음
7/27/2020,안양(434),X,,25.8,24.2,22.2,,X, ,X,낮음
7/27/2020,광명(437),X,,26.1,24.6,22.5,,X, ,X,낮음
7/27/2020,군포(438),X,,26.1,24,21.9,,X, ,X,낮음
7/27/2020,김포(441),X,,25.5,23.5,21.7,,X, ,X,낮음
7/27/2020,하남(444),X,,24.8,23.1,21.8,,X, ,X,낮음
7/27/2020,의왕(445),X,,24.4,22.5,20.3,,X, ,X,낮음
7/27/2020,포천(504),X,27.1,24.9,22.6,20.8,85,X, ,X,낮음
7/27/2020,가평조종(505),X,27.2,24,21.8,20.7,96,X,관심,X,낮음
7/27/2020,안성(516),X,29.7,27.6,24.7,22.4,84,X, ,X,낮음
7/27/2020,간성(517),X,25.3,21.8,20.5,19.7,97,X, ,X,낮음
7/27/2020,평창(526),X,27.9,26.4,22.3,20.2,86,X, ,X,낮음
7/27/2020,의정부(532),X,29,25.2,23,21.4,98,X, ,X,낮음
7/27/2020,횡성(536),X,28.7,26.1,23.6,21.3,91,X, ,X,낮음
7/27/2020,고양(540),X,28.8,26,23.4,21.5,92,X,관심,X,낮음
7/27/2020,남양주(541),X,28,25.5,23.5,21.9,85,X, ,X,낮음
7/27/2020,안산(545),X,29.1,25.8,23.2,21.3,97,X, ,X,낮음
7/27/2020,경기광주(546),X,27.6,24.3,22.9,21.6,91,X,관심,X,낮음
7/27/2020,여주(548),X,28.6,26,23.7,21.4,85,X, ,X,낮음
7/27/2020,용인(549),X,27.8,25.6,23.4,21.6,84,X, ,X,낮음
7/27/2020,오산(550),X,28.7,26.8,24.1,22,85,X, ,X,낮음
7/27/2020,평택(551),X,,,,,,X, ,X,낮음
7/27/2020,화천(555),X,27.1,23.5,21.4,20.1,97,X, ,X,낮음
7/27/2020,양구(556),X,26.1,23.3,21.5,20.3,91,X, ,X,낮음
7/27/2020,시흥(565),X,28.6,26.3,23.8,21.7,90,X, ,X,낮음
7/27/2020,구리(569),X,28.5,26.2,24.1,22.4,79,X, ,X,낮음
7/27/2020,화성(571),X,29.6,27.4,24.1,22,87,X, ,X,낮음
7/27/2020,성남(572),X,28.3,25.9,24,22.2,83,X, ,X,높음
7/27/2020,과천(590),X,28.5,25.6,23.6,22,92,X, ,X,낮음
7/27/2020,양주(598),X,28.5,25.6,23,21.2,92,X, ,X,낮음
7/27/2020,단양(601),X,30.3,26.7,23,21,99,X, ,X,낮음
7/27/2020,진천(602),X,28.9,27.3,24.1,21.5,83,X, ,X,낮음
7/27/2020,괴산(603),X,29,27.5,23.5,21.4,88,X, ,X,낮음
7/27/2020,옥천(604),X,29,27,23.5,21.3,87,X, ,X,낮음
7/27/2020,홍북(608),X,29.1,26.3,23.1,20.4,94,X, ,X,낮음
7/27/2020,공주(612),X,29.7,27.6,23.9,21.3,90,X, ,X,낮음
7/27/2020,서천(614),X,30.1,28,24.4,22.1,90,X, ,X,낮음
7/27/2020,논산(615),X,30.2,28.4,24.3,21.3,87,X, ,X,낮음
7/27/2020,당진(616),X,28.5,25.4,23.5,21.1,92,X, ,X,낮음
7/27/2020,청양(618),X,28.9,26.9,23.4,20.7,90,X, ,X,낮음
7/27/2020,음성(619),X,28.5,26.4,23.1,20.9,91,X, ,X,낮음
7/27/2020,증평(623),X,29.3,26.9,23.8,21.4,90,X, ,X,낮음
7/27/2020,태안(627),X,29.5,26.5,23,20.9,93,X, ,X,낮음
7/27/2020,예산(628),X,29.7,27.5,24.2,22.2,89,X, ,X,낮음
7/27/2020,아산(634),X,29.1,27.3,24.3,21.8,84,X, ,X,낮음
7/27/2020,계룡(636),X,28.4,26.4,23.2,20.3,85,X, ,X,낮음
7/27/2020,연천청산(652),X,28.6,25.3,22.5,20.6,96,X, ,X,낮음
7/27/2020,양양(670),X,25,21.5,20.5,20.1,97,X, ,X,낮음
7/27/2020,무안(699),X,28.6,26.3,22.7,20.4,91,X, ,X,낮음
7/27/2020,무주(701),X,29.9,27.4,22.8,19.8,94,X, ,X,낮음
7/27/2020,익산(702),X,30.2,28.6,24.1,21.4,89,X, ,X,낮음
7/27/2020,진안(703),X,27.5,25.6,22,19.4,89,X, ,X,낮음
7/27/2020,담양(706),X,30.9,28.4,23.8,21.2,92,X, ,X,낮음
7/27/2020,구례(709),X,28.9,26.4,22.6,20.2,94,X, ,X,낮음
7/27/2020,나주(710),X,29.7,27.4,22.9,20.2,93,X, ,X,낮음
7/27/2020,순천시(712),X,29.6,27.1,23.1,21,93,X, ,X,낮음
7/27/2020,광양읍(713),X,28.7,27,23.1,20.8,87,X,관심,X,낮음
7/27/2020,장성(730),X,29,27,23.1,21.1,91,X, ,X,낮음
7/27/2020,영암(731),X,29.3,26.9,23.3,20.1,93,X, ,X,낮음
7/27/2020,보성(732),X,28.1,25.3,21.9,19.5,95,X, ,X,낮음
7/27/2020,완주(734),X,29.7,27.4,23.6,20.5,92,X, ,X,낮음
7/27/2020,김제(737),X,29,27,23.6,21.3,89,X, ,X,낮음
7/27/2020,화순(741),X,28.5,26.4,22.9,20.4,88,X, ,X,낮음
7/27/2020,함평(754),X,29.3,27,22.9,20.5,93,X, ,X,낮음
7/27/2020,곡성(768),X,29.1,27.2,22.9,19.9,91,X, ,X,낮음
7/27/2020,압해도(789),X,29.3,26.5,22.8,20.5,92,X, ,X,낮음
7/27/2020,영양(801),X,27.5,24.8,21.2,18.9,96,X, ,X,낮음
7/27/2020,성주(810),X,27.9,25.5,22.7,21,90,X, ,X,낮음
7/27/2020,고령(812),X,29.5,25.7,22.5,20.4,98,X, ,X,낮음
7/27/2020,청도(813),X,28.9,26.5,22.5,20.5,94,X, ,X,낮음
7/27/2020,예천(815),X,28.5,25.7,22.7,20.5,90,X, ,X,낮음
7/27/2020,김천(822),X,29.3,26.3,23.2,20.6,96,X, ,X,낮음
7/27/2020,군위(823),X,28.6,25.6,22.6,20.6,95,X, ,X,낮음
7/27/2020,칠곡(825),X,28.9,26.1,23.3,21.4,95,X, ,X,낮음
7/27/2020,경산(827),X,27.1,24.6,22.3,21,89,X, ,X,낮음
7/27/2020,삼척(876),X,24.9,21.5,20.4,19.8,95,X, ,X,낮음
7/27/2020,속초(90),X,24.9,21.4,20.3,19.7,95.9,X, ,X,낮음
7/27/2020,삼천포(907),X,28.2,25.1,22.3,20.7,95,X, ,X,낮음
7/27/2020,고성(918),X,28.2,25.4,23,21,95,X, ,X,낮음
7/27/2020,창녕(919),X,28.7,25.8,23.1,21.6,95,X,관심,X,낮음
7/27/2020,함안(920),X,28.3,25.3,22.4,20.6,98,X,관심,X,낮음
7/27/2020,북춘천(93),X,27.3,23.8,22.3,21.2,97,X, ,X,보통
7/27/2020,하동(932),X,28.8,26.3,22.4,20.1,94,X, ,X,낮음
7/27/2020,철원(95),X,27.9,24.1,21.8,19.6,100,X, ,X,낮음
7/27/2020,동두천(98),X,28.4,25.1,22.5,20.6,95.6,X, ,X,낮음
7/27/2020,파주(99),X,28.1,24.7,22.4,20.2,95.6,X, ,X,낮음
7/28/2020,북강릉(104),X,25.1,21.8,20.4,19.5,96.8,X, ,X,높음
7/28/2020,동해(106),X,24.5,21,19.8,19.3,97.9,X, ,X,낮음
7/28/2020,서울(108),X,28.6,26.4,24.4,22.7,84.8,X,관심,X,높음
7/28/2020,인천(112),X,28.1,25.7,24.3,22.9,84.8,X,관심,X,높음
7/28/2020,원주(114),X,28.1,26.6,23.8,22.2,78.9,X, ,X,낮음
7/28/2020,울릉도(115),X,27.1,23.3,21.9,21,99.8,X, ,X,낮음
7/28/2020,수원(119),X,28.8,25.7,24.2,22.8,91.3,X,관심,X,낮음
7/28/2020,영월(121),X,29.1,26.3,22.5,20.2,91.6,X, ,X,낮음
7/28/2020,충주(127),X,29.1,27,23.3,20.8,90.4,X, ,X,낮음
7/28/2020,서산(129),X,28.8,26.7,24.1,22.3,87.3,X, ,X,높음
7/28/2020,울진(130),X,25.8,22.8,20.7,20,95.9,X, ,X,낮음
7/28/2020,청주(131),X,29.5,27.4,24.7,21.9,82.9,X, ,X,보통
7/28/2020,대전(133),X,30.1,26.9,24,21.7,95.9,X, ,X,보통
7/28/2020,추풍령(135),X,25.7,22.5,21.6,20.5,91.9,X, ,X,낮음
7/28/2020,안동(136),X,27.3,24.2,22.1,20.7,91.1,X, ,X,보통
7/28/2020,상주(137),X,26.8,23,22,20.8,100,X, ,X,낮음
7/28/2020,포항(138),X,25.8,22.6,21.6,21,96,X, ,X,낮음
7/28/2020,군산(140),X,29.5,26.4,24.4,21.6,91.6,X, ,X,낮음
7/28/2020,대구(143),X,27,24.2,22.3,21.3,91.8,X, ,X,보통
7/28/2020,전주(146),X,31.1,29,25.1,22.1,90.5,X, ,X,보통
7/28/2020,울산(152),X,27.6,23.9,21.9,21,97.8,X,관심,X,보통
7/28/2020,창원(155),X,28.2,24.8,23.1,22.2,93.6,X,관심,X,보통
7/28/2020,광주(156),X,32.6,29,25,22.5,98.1,X, ,X,높음
7/28/2020,부산(159),X,26,22.8,21.9,21.5,96.6,X,관심,X,높음
7/28/2020,통영(162),X,29.2,25.3,23.7,22.8,100,X, ,X,낮음
7/28/2020,목포(165),X,30.8,27.9,25.2,22.5,94.1,X, ,X,높음
7/28/2020,여수(168),X,30.2,26.8,24.3,22.9,99.4,X,관심,X,낮음
7/28/2020,흑산도(169),X,27.2,23.5,21.8,20.1,98.6,X, ,X,낮음
7/28/2020,완도(170),X,30.6,27.7,25.4,24.1,94.1,X,관심,X,낮음
7/28/2020,고창(172),X,31.3,28.6,25.1,21.4,93,X, ,X,낮음
7/28/2020,제주(184),O,34.3,33.8,28.7,25.1,79.1,O,관심,O,높음
7/28/2020,진주(192),X,31.8,28.9,24.4,22,94.9,X,관심,X,낮음
7/28/2020,양평(202),X,28,25.2,23.4,21.6,93.3,X,관심,X,낮음
7/28/2020,이천(203),X,29.2,26.3,23.6,21.7,96.1,X, ,X,낮음
7/28/2020,인제(211),X,28.8,27,22.6,19.7,85.5,X, ,X,낮음
7/28/2020,홍천(212),X,28.3,26.3,22.9,20.6,86.4,X,관심,X,낮음
7/28/2020,태백(216),X,24.1,20.8,18.9,17.6,97.6,X, ,X,낮음
7/28/2020,정선군(217),X,27.6,25,21.5,19.5,95,X, ,X,낮음
7/28/2020,제천(221),X,28.1,25.5,22.4,20.1,92.3,X, ,X,낮음
7/28/2020,보은(226),X,27.9,25.2,22.3,20.4,94.6,X, ,X,낮음
7/28/2020,천안(232),X,29.1,25.9,23.5,21.6,94.1,X, ,X,낮음
7/28/2020,보령(235),X,29.2,27,24.2,22,89.6,X, ,X,낮음
7/28/2020,부여(236),X,29.7,26.8,24.3,21.8,92.3,X, ,X,낮음
7/28/2020,금산(238),X,29.9,27.4,23.3,21.4,94.6,X, ,X,낮음
7/28/2020,세종(239),X,29.3,26.6,23.9,21.4,89,X, ,X,보통
7/28/2020,부안(243),X,30.4,27.2,24.6,21.7,95.4,X, ,X,낮음
7/28/2020,임실(244),X,30.2,27.4,23.7,21.4,96.5,X, ,X,낮음
7/28/2020,정읍(245),X,30.7,28.5,24.7,21.5,90.3,X, ,X,낮음
7/28/2020,남원(247),X,32.3,30.5,24.6,22.4,95,X, ,X,낮음
7/28/2020,장수(248),X,30.3,28,23.7,20.8,96.4,X, ,X,낮음
7/28/2020,영광군(252),X,30.9,28.2,24.9,21.2,91.1,X, ,X,낮음
7/28/2020,김해시(253),X,29.1,25.4,23.3,21.8,97.5,X,관심,X,낮음
7/28/2020,순창군(254),X,31.6,29.1,24.2,22.2,96.1,X, ,X,낮음
7/28/2020,양산시(257),X,27.3,23.9,22.8,21.8,97.3,X,관심,X,낮음
7/28/2020,강진군(259),X,31.4,29,25.6,22.7,92.3,X,관심,X,낮음
7/28/2020,장흥(260),X,30.8,27.7,25.2,23.2,94.5,X,관심,X,낮음
7/28/2020,해남(261),X,32,29.2,25.5,23.2,94.4,X,관심,X,낮음
7/28/2020,고흥(262),X,31.2,28.4,25.7,23.2,93.4,X,관심,X,낮음
7/28/2020,의령군(263),X,29.9,27.2,23.9,22.6,93.5,X,관심,X,낮음
7/28/2020,함양군(264),X,31.4,29.1,24,21.6,91.8,X,관심,X,낮음
7/28/2020,진도군ASOS(268),X,30.8,27.8,25,22.1,95.8,X, ,X,낮음
7/28/2020,봉화(271),X,25.9,23.1,21,19.3,94.8,X, ,X,낮음
7/28/2020,영주(272),X,26.3,23.4,21.5,20,96.9,X, ,X,낮음
7/28/2020,문경(273),X,26.7,23.2,21.8,20.6,98.3,X, ,X,낮음
7/28/2020,청송군(276),X,28,24.8,21.5,20.1,97.6,X, ,X,낮음
7/28/2020,영덕(277),X,27,23.7,20.8,20,97.6,X, ,X,낮음
7/28/2020,의성(278),X,28,25.4,22.9,21.3,93.6,X, ,X,낮음
7/28/2020,구미(279),X,28.3,24.5,22.7,21.4,99,X, ,X,낮음
7/28/2020,영천(281),X,26.2,23,21.4,20.6,96.6,X, ,X,낮음
7/28/2020,경주시(283),X,26.3,23,21.6,20.8,97.1,X, ,X,낮음
7/28/2020,거창(284),X,29.5,26.8,23,21.1,95.8,X,관심,X,낮음
7/28/2020,합천(285),X,28.3,25.3,23.1,21.3,96.6,X,관심,X,낮음
7/28/2020,밀양(288),X,27.9,25,23.1,21.6,93,X,관심,X,낮음
7/28/2020,산청(289),X,31,28.2,24.2,21.4,94.6,X,관심,X,낮음
7/28/2020,거제(294),X,29.6,26.6,23.3,21.9,96,X,관심,X,낮음
7/28/2020,남해(295),X,31.9,29.4,25.2,22.1,92.5,X,관심,X,낮음
7/28/2020,부천(433),X,,25.6,23.7,21.6,,X,관심,X,낮음
7/28/2020,안양(434),X,,25.2,24.1,22.8,,X,관심,X,낮음
7/28/2020,광명(437),X,,26.5,24.8,23.4,,X,관심,X,낮음
7/28/2020,군포(438),X,,25.4,23.7,22.8,,X, ,X,낮음
7/28/2020,김포(441),X,,,,,,X,관심,X,낮음
7/28/2020,하남(444),X,,25,23.2,21.3,,X, ,X,낮음
7/28/2020,의왕(445),X,,23.9,22.1,20.8,,X, ,X,낮음
7/28/2020,포천(504),X,29,27.7,23.9,21,77,X,관심,X,낮음
7/28/2020,가평조종(505),X,29,26.8,22.7,20,91,X,관심,X,낮음
7/28/2020,안성(516),X,29.6,26.7,24.1,22.2,90,X,관심,X,낮음
7/28/2020,간성(517),X,27.8,24.2,21.2,19.5,97,X, ,X,낮음
7/28/2020,평창(526),X,27.3,25,22.2,19.8,89,X, ,X,낮음
7/28/2020,의정부(532),X,30,27.1,23.7,21.3,95,X,관심,X,낮음
7/28/2020,횡성(536),X,28.3,25.8,23.2,21.1,94,X, ,X,낮음
7/28/2020,고양(540),X,29.5,27.9,24.2,21.1,86,X,관심,X,낮음
7/28/2020,남양주(541),X,28.6,26.9,23.7,21.6,84,X,관심,X,낮음
7/28/2020,안산(545),X,28.6,25,23.1,20.8,98,X,관심,X,낮음
7/28/2020,경기광주(546),X,27.3,24.6,22.7,21.1,92,X,관심,X,낮음
7/28/2020,여주(548),X,27.9,25,22.7,21,93,X, ,X,낮음
7/28/2020,용인(549),X,27.1,24.7,22.8,21.2,87,X,관심,X,낮음
7/28/2020,오산(550),X,28.3,25.7,23.5,21.8,87,X, ,X,낮음
7/28/2020,평택(551),X,,,,,,X,관심,X,낮음
7/28/2020,화천(555),X,30,28.1,23.4,20,91,X,관심,X,낮음
7/28/2020,양구(556),X,28.4,26.9,22.7,19.7,85,X, ,X,낮음
7/28/2020,시흥(565),X,27.8,25.6,23.9,21.6,86,X,관심,X,낮음
7/28/2020,구리(569),X,28.9,27,24.2,21.5,80,X,관심,X,낮음
7/28/2020,화성(571),X,28.9,26.3,24,22.5,88,X,관심,X,낮음
7/28/2020,성남(572),X,27.8,25.3,23.6,22.3,85,X,관심,X,보통
7/28/2020,과천(590),X,28.1,25.2,23.5,21.5,91,X,관심,X,낮음
7/28/2020,양주(598),X,29.8,28.3,24.4,20.6,83,X,관심,X,낮음
7/28/2020,단양(601),X,30.7,27.6,23.1,20.8,98,X, ,X,낮음
7/28/2020,진천(602),X,29.3,27.3,23.8,21.5,89,X, ,X,낮음
7/28/2020,괴산(603),X,29.2,27.3,23.5,21,90,X, ,X,낮음
7/28/2020,옥천(604),X,28.4,25.9,22.9,21.1,94,X, ,X,낮음
7/28/2020,홍북(608),X,28.5,25.7,23,21.1,98,X, ,X,낮음
7/28/2020,공주(612),X,30,27.4,24.1,21.4,91,X, ,X,낮음
7/28/2020,서천(614),X,31.1,28.4,25.6,22.5,93,X, ,X,낮음
7/28/2020,논산(615),X,30.6,28,24.9,22.2,90,X, ,X,낮음
7/28/2020,당진(616),X,28.3,25.1,23.4,21.7,94,X, ,X,낮음
7/28/2020,청양(618),X,29.4,26.6,23.8,21.6,92,X, ,X,낮음
7/28/2020,음성(619),X,28.9,26.5,22.9,20.7,94,X, ,X,낮음
7/28/2020,증평(623),X,29.2,26.3,23.5,21.4,93,X, ,X,낮음
7/28/2020,태안(627),X,28.5,25.3,23.4,21.4,96,X, ,X,낮음
7/28/2020,예산(628),X,29.5,27.1,24,22.1,94,X, ,X,낮음
7/28/2020,아산(634),X,28.9,26.4,24.2,22,93,X, ,X,낮음
7/28/2020,계룡(636),X,29.1,26.6,23.3,20.8,91,X, ,X,낮음
7/28/2020,연천청산(652),X,29.8,28.6,24.2,20.8,84,X,관심,X,낮음
7/28/2020,양양(670),X,26.9,23.3,21.3,20.1,97,X, ,X,낮음
7/28/2020,무안(699),X,31,28,25.1,22.1,94,X,관심,X,낮음
7/28/2020,무주(701),X,31.5,28.4,23.3,21.2,98,X, ,X,낮음
7/28/2020,익산(702),X,31.5,29,25,22.3,94,X, ,X,낮음
7/28/2020,진안(703),X,29.6,27.2,23.4,20.7,94,X, ,X,낮음
7/28/2020,담양(706),O,33.7,30.2,25.2,22.9,95,X, ,X,낮음
7/28/2020,구례(709),X,32.8,30.4,25.2,22.3,94,X,관심,X,낮음
7/28/2020,나주(710),X,32.2,29.2,25.4,22.3,94,X,관심,X,낮음
7/28/2020,순천시(712),X,32.1,28.7,25.8,22.7,97,X,관심,X,낮음
7/28/2020,광양읍(713),X,31.5,29.1,25.9,22.7,90,X,관심,X,낮음
7/28/2020,장성(730),X,31.6,28.8,25.2,22.2,94,X, ,X,낮음
7/28/2020,영암(731),X,32.8,30.1,26,22.7,94,X,관심,X,낮음
7/28/2020,보성(732),X,30.6,27.2,25,22.2,97,X,관심,X,낮음
7/28/2020,완주(734),X,31.4,28.6,24.5,21.7,95,X, ,X,낮음
7/28/2020,김제(737),X,31.2,28.2,24.8,21.5,98,X, ,X,낮음
7/28/2020,화순(741),X,31.5,29.3,25.5,22.6,88,X,관심,X,낮음
7/28/2020,함평(754),X,31.9,29.1,25.3,22,95,X, ,X,낮음
7/28/2020,곡성(768),O,33.1,31.4,24.8,22.7,94,X,관심,X,낮음
7/28/2020,압해도(789),X,31.7,28.4,25,22.2,95,X, ,X,낮음
7/28/2020,영양(801),X,26.7,23.7,21.6,20,96,X, ,X,낮음
7/28/2020,성주(810),X,27.2,24.6,22.6,21.3,93,X, ,X,낮음
7/28/2020,고령(812),X,28.9,25.1,22.7,21.3,98,X, ,X,낮음
7/28/2020,청도(813),X,28.2,25.2,23.1,21.5,95,X, ,X,낮음
7/28/2020,예천(815),X,26.9,23.7,22.2,20.8,93,X, ,X,낮음
7/28/2020,김천(822),X,28.5,25.2,23.1,21.7,98,X, ,X,낮음
7/28/2020,군위(823),X,27.8,24.8,22.6,21.1,95,X, ,X,낮음
7/28/2020,칠곡(825),X,28.1,24.8,23.1,21.6,97,X, ,X,낮음
7/28/2020,경산(827),X,26.6,23.6,21.8,20.9,93,X, ,X,낮음
7/28/2020,삼척(876),X,25.3,22,20.7,20,95,X, ,X,낮음
7/28/2020,속초(90),X,26.8,23.8,21.3,20,94.1,X, ,X,낮음
7/28/2020,삼천포(907),X,31.1,28.1,24.1,22.3,97,X,관심,X,낮음
7/28/2020,고성(918),X,30.7,27.5,24.1,22.7,96,X,관심,X,낮음
7/28/2020,창녕(919),X,29.4,26.5,23.6,21.9,97,X,관심,X,낮음
7/28/2020,함안(920),X,29.1,25.8,23.4,22.2,97,X,관심,X,낮음
7/28/2020,북춘천(93),X,29.2,27.1,23.3,20,92,X,관심,X,높음
7/28/2020,하동(932),X,31.7,29.2,25,22.2,96,X,관심,X,낮음
7/28/2020,철원(95),X,30.6,27.7,23.7,20.1,96.3,X,관심,X,낮음
7/28/2020,동두천(98),X,29.8,27.4,23.9,21.1,87.6,X,관심,X,낮음
7/28/2020,파주(99),X,29.8,27.8,24.2,21,86.9,X,관심,X,낮음
7/29/2020,북강릉(104),X,25.7,22.6,20.8,19.8,95.5,X, ,X,높음
7/29/2020,동해(106),X,25.3,22.1,20.1,19.3,97.6,X, ,X,낮음
7/29/2020,서울(108),X,28.5,24.9,23.7,22.6,95.8,X,관심,X,보통
7/29/2020,인천(112),X,28.5,24.9,24,23.3,96.4,X,관심,X,보통
7/29/2020,원주(114),X,29.1,27.8,24.5,22.4,80.4,X, ,X,낮음
7/29/2020,울릉도(115),X,26.3,22.8,21.6,20.7,98.4,X, ,X,낮음
7/29/2020,수원(119),X,30.8,27.8,24.7,23.2,97.9,X,관심,X,낮음
7/29/2020,영월(121),X,28.6,26.1,22.4,20.7,94.3,X, ,X,낮음
7/29/2020,충주(127),X,28.6,25.5,23.5,22,92.4,X, ,X,낮음
7/29/2020,서산(129),X,31.2,28.9,25,22.9,91.3,X, ,X,보통
7/29/2020,울진(130),X,25.4,21.9,20.9,20,98.4,X, ,X,낮음
7/29/2020,청주(131),X,29.3,26.6,25,23.8,89.1,X, ,X,보통
7/29/2020,대전(133),X,29.9,26.2,24.7,22.5,97,X, ,X,보통
7/29/2020,추풍령(135),X,26.8,23.6,22.3,21.6,92.8,X, ,X,낮음
7/29/2020,안동(136),X,27,23.8,22.4,21.1,92.3,X, ,X,보통
7/29/2020,상주(137),X,27.2,23.7,22.2,21.5,99.6,X, ,X,낮음
7/29/2020,포항(138),X,28.4,25.5,22.7,21.3,94.4,X, ,X,낮음
7/29/2020,군산(140),X,29.3,25.9,24.8,23.7,95.4,X, ,X,낮음
7/29/2020,대구(143),X,27.9,24.7,23.1,21.6,94.4,X, ,X,보통
7/29/2020,전주(146),X,29.5,26.5,24.9,23.6,92.4,X, ,X,보통
7/29/2020,울산(152),X,27.6,23.9,23,21.8,98,X,관심,X,보통
7/29/2020,창원(155),X,29.6,26.5,23.3,22.1,94.9,X,관심,X,보통
7/29/2020,광주(156),X,30,26.2,24.9,23.2,99,X,관심,X,보통
7/29/2020,부산(159),X,28.4,24.8,23.2,21.9,96.5,X,관심,X,보통
7/29/2020,통영(162),X,32,28,24.2,23,100,X,관심,X,낮음
7/29/2020,목포(165),X,31.7,29.1,26.5,24.7,92.4,X, ,O,매우높음
7/29/2020,여수(168),X,31.2,28.1,24.9,23.4,99.1,X, ,X,낮음
7/29/2020,흑산도(169),X,28.9,25.1,22.5,20.6,99,X, ,X,낮음
7/29/2020,완도(170),X,32.9,30.5,26,23.6,92.8,X, ,X,낮음
7/29/2020,고창(172),X,30.2,26.9,25.2,23.1,95.3,X, ,O,낮음
7/29/2020,제주(184),O,33.3,30.9,27.9,25.7,84.6,O,주의,O,매우높음
7/29/2020,진주(192),X,30.8,27.4,24.4,23.2,95.6,X,관심,X,낮음
7/29/2020,양평(202),X,28.4,25.3,23.4,21.5,97,X,관심,X,낮음
7/29/2020,이천(203),X,29.7,26.2,23.9,22.1,98.1,X,관심,X,낮음
7/29/2020,인제(211),X,27,24.4,22.1,20.2,88.8,X, ,X,낮음
7/29/2020,홍천(212),X,28.7,25.8,23,20.5,90.8,X,관심,X,낮음
7/29/2020,태백(216),X,26.8,24.7,19.9,17.5,96,X, ,X,낮음
7/29/2020,정선군(217),X,29.2,27.1,21.7,19.5,95.1,X, ,X,낮음
7/29/2020,제천(221),X,28.3,26,22.7,20.4,94,X, ,X,낮음
7/29/2020,보은(226),X,27.2,24,22.5,21.8,97.5,X, ,X,낮음
7/29/2020,천안(232),X,28.7,25.1,23.9,22.9,99.3,X, ,X,낮음
7/29/2020,보령(235),X,30,27.2,25.3,23.5,93.5,X, ,X,낮음
7/29/2020,부여(236),X,29.6,26.4,24.9,23.6,95.4,X, ,X,낮음
7/29/2020,금산(238),X,29.4,26.2,24.2,23,96.1,X, ,X,낮음
7/29/2020,세종(239),X,29.7,26.5,24.6,22.9,94.3,X, ,X,보통
7/29/2020,부안(243),X,29.8,26.2,24.9,23.2,98.8,X, ,X,낮음
7/29/2020,임실(244),X,27.4,23.8,23.2,22.4,99,X, ,X,낮음
7/29/2020,정읍(245),X,29.3,26.3,24.6,23.1,91.3,X, ,X,낮음
7/29/2020,남원(247),X,28.6,25.2,23.9,23.2,98.9,X, ,X,낮음
7/29/2020,장수(248),X,27.9,24.2,23.4,22.5,99,X, ,X,낮음
7/29/2020,영광군(252),X,30.6,27.5,25.4,22.6,93.9,X, ,O,낮음
7/29/2020,김해시(253),X,30.6,27.3,23.9,22.1,98.9,X,관심,X,낮음
7/29/2020,순창군(254),X,29,25.6,23.9,23.2,98.8,X, ,X,낮음
7/29/2020,양산시(257),X,32.2,29.7,24.4,21.9,96.9,X,관심,X,낮음
7/29/2020,강진군(259),X,31.8,29,26.3,24.8,91.6,X,관심,X,낮음
7/29/2020,장흥(260),X,31.7,28.7,25.9,24.2,94.5,X,관심,X,낮음
7/29/2020,해남(261),X,31.9,28.9,26.5,25.7,93.6,X, ,O,낮음
7/29/2020,고흥(262),X,32.2,29.8,26.1,23.9,92.4,X, ,X,낮음
7/29/2020,의령군(263),X,30.5,27.2,24.9,23.2,93,X,관심,X,낮음
7/29/2020,함양군(264),X,28.1,24.8,23.7,22.9,95.5,X,관심,X,낮음
7/29/2020,진도군ASOS(268),X,32.5,29.5,26.4,24.5,93.1,X, ,X,낮음
7/29/2020,봉화(271),X,26.2,23.2,21,20.1,97.9,X, ,X,낮음
7/29/2020,영주(272),X,26.3,22.7,21.6,20.1,98.6,X, ,X,낮음
7/29/2020,문경(273),X,26.9,23.6,22,21.2,98.3,X, ,X,낮음
7/29/2020,청송군(276),X,28.7,24.9,22.1,20.3,99,X, ,X,낮음
7/29/2020,영덕(277),X,28.1,24.7,21.3,20,98.6,X, ,X,낮음
7/29/2020,의성(278),X,28.2,24.9,23.2,21.8,95.8,X, ,X,낮음
7/29/2020,구미(279),X,29,25.2,23.4,22.1,99,X, ,X,낮음
7/29/2020,영천(281),X,27.6,24.2,22.5,21,95.8,X, ,X,낮음
7/29/2020,경주시(283),X,28.3,24.8,22.6,21.2,97.1,X, ,X,낮음
7/29/2020,거창(284),X,28.2,24.5,23.4,22.3,98.4,X,관심,X,낮음
7/29/2020,합천(285),X,29.3,25.6,23.7,22.4,99.5,X,관심,X,낮음
7/29/2020,밀양(288),X,30,27,24.3,22.7,94.1,X,관심,X,낮음
7/29/2020,산청(289),X,28.8,25.2,23.9,23.1,98.8,X,관심,X,낮음
7/29/2020,거제(294),X,30.5,27.5,24.3,22.2,94.1,X,관심,X,낮음
7/29/2020,남해(295),X,30.7,27.4,24.4,22.8,97.3,X,관심,X,낮음
7/29/2020,부천(433),X,,25.1,23.1,21.9,,X,관심,X,낮음
7/29/2020,안양(434),X,,26.9,24.3,22.9,,X, ,X,낮음
7/29/2020,광명(437),X,,26.4,24.3,22.7,,X, ,X,낮음
7/29/2020,군포(438),X,,26.2,24,22.6,,X, ,X,낮음
7/29/2020,김포(441),X,,,,,,X,관심,X,낮음
7/29/2020,하남(444),X,,26.1,23.2,21.5,,X, ,X,낮음
7/29/2020,의왕(445),X,,25.5,22.9,21.4,,X, ,X,낮음
7/29/2020,포천(504),X,27.7,25.4,23.1,21.5,88,X,관심,X,낮음
7/29/2020,가평조종(505),X,26.5,22.8,21.9,20.6,99,X,관심,X,낮음
7/29/2020,안성(516),X,30.4,27.6,24.9,23.3,94,X,관심,X,낮음
7/29/2020,간성(517),X,26.1,22.5,21.1,20.2,97,X, ,X,낮음
7/29/2020,평창(526),X,28.8,26.9,22.4,20.3,91,X, ,X,낮음
7/29/2020,의정부(532),X,27.7,24,23.1,21.9,98,X,관심,X,낮음
7/29/2020,횡성(536),X,30.1,27.4,23.6,21.5,95,X, ,X,낮음
7/29/2020,고양(540),X,28.5,24.9,23.7,22.3,98,X,관심,X,낮음
7/29/2020,남양주(541),X,28.6,25.9,23.6,22,90,X,관심,X,낮음
7/29/2020,안산(545),X,30,26.3,24,22.7,99,X,관심,X,낮음
7/29/2020,경기광주(546),X,29.1,26.1,23.3,21.3,95,X,관심,X,낮음
7/29/2020,여주(548),X,29.2,26.4,23.4,21.6,95,X,관심,X,낮음
7/29/2020,용인(549),X,29.1,26.1,23.4,22.2,92,X,관심,X,낮음
7/29/2020,오산(550),X,30.1,27.7,24.4,22.7,92,X, ,X,낮음
7/29/2020,평택(551),X,,,,,,X,관심,X,낮음
7/29/2020,화천(555),X,27.1,23.6,22.3,21,97,X,관심,X,낮음
7/29/2020,양구(556),X,26.8,24.2,22.2,20.5,91,X, ,X,낮음
7/29/2020,시흥(565),X,29.3,26.1,24.2,22.9,94,X, ,X,낮음
7/29/2020,구리(569),X,29.1,26.7,23.9,22,88,X,관심,X,낮음
7/29/2020,화성(571),X,30.4,26.9,24.5,23.4,98,X,관심,X,낮음
7/29/2020,성남(572),X,29.5,27,24.3,22.3,89,X,관심,X,보통
7/29/2020,과천(590),X,29.6,26.5,24,22.5,97,X,관심,X,낮음
7/29/2020,양주(598),X,28.5,26,23.4,21.9,96,X,관심,X,낮음
7/29/2020,단양(601),X,29.8,26,23.3,21.2,99,X, ,X,낮음
7/29/2020,진천(602),X,28.4,25.4,23.9,22.9,95,X, ,X,낮음
7/29/2020,괴산(603),X,28.4,25.7,23.5,22.4,95,X, ,X,낮음
7/29/2020,옥천(604),X,28.8,25.7,23.4,22.3,96,X, ,X,낮음
7/29/2020,홍북(608),X,31.4,27.9,24.2,22.5,99,X, ,X,낮음
7/29/2020,공주(612),X,30.2,26.3,24.4,23.3,98,X, ,X,낮음
7/29/2020,서천(614),X,31.1,27.4,26,24.6,98,X, ,X,낮음
7/29/2020,논산(615),X,30.5,27.8,25.6,24.2,92,X, ,X,낮음
7/29/2020,당진(616),X,31.9,29.6,25,23,92,X, ,X,낮음
7/29/2020,청양(618),X,30,26.9,24.8,23.3,94,X, ,X,낮음
7/29/2020,음성(619),X,28,24.6,23.1,22.3,98,X, ,X,낮음
7/29/2020,증평(623),X,28.6,25.3,23.8,22.8,98,X, ,X,낮음
7/29/2020,태안(627),X,31.7,28.7,24.2,22.6,97,X, ,X,낮음
7/29/2020,예산(628),X,31.5,29,25.6,23.6,94,X, ,X,낮음
7/29/2020,아산(634),X,31.3,28.5,25.3,23.4,94,X, ,X,낮음
7/29/2020,계룡(636),X,29.7,26.4,24,22.4,96,X, ,X,낮음
7/29/2020,연천청산(652),X,28,25.3,23,21,97,X,관심,X,낮음
7/29/2020,양양(670),X,27.3,23.7,21.5,20.4,97,X, ,X,낮음
7/29/2020,무안(699),X,31.5,28.2,25.8,24,95,X, ,O,낮음
7/29/2020,무주(701),X,30.4,26.6,23.7,22.6,99,X, ,X,낮음
7/29/2020,익산(702),X,30.8,27,24.9,23.6,97,X, ,X,낮음
7/29/2020,진안(703),X,28,24.8,23.1,22.3,96,X, ,X,낮음
7/29/2020,담양(706),X,30.2,26.6,25,23.9,95,X,관심,X,낮음
7/29/2020,구례(709),X,30.2,26.7,24.6,23.3,98,X,관심,X,낮음
7/29/2020,나주(710),X,30.5,27.1,24.9,23.6,100,X,관심,X,낮음
7/29/2020,순천시(712),X,32.4,29.2,25.7,24.3,97,X,관심,X,낮음
7/29/2020,광양읍(713),X,31.4,28.9,25.9,24.8,91,X,관심,X,낮음
7/29/2020,장성(730),X,29.7,26.3,25,23,97,X,관심,X,낮음
7/29/2020,영암(731),O,33.1,30.5,27,24.8,93,X,관심,O,낮음
7/29/2020,보성(732),X,31,27.8,25.8,24.2,95,X,관심,X,낮음
7/29/2020,완주(734),X,30.1,26.9,24.2,22.9,97,X, ,X,낮음
7/29/2020,김제(737),X,30,26.2,24.9,23.3,99,X, ,X,낮음
7/29/2020,화순(741),X,30.5,27.5,25.1,23.9,91,X,관심,X,낮음
7/29/2020,함평(754),X,30.8,27.3,25.4,23.7,99,X,관심,X,낮음
7/29/2020,곡성(768),X,30,26.1,24.4,23.1,100,X,관심,X,낮음
7/29/2020,압해도(789),X,32.2,28.7,25.7,24.4,95,X, ,X,낮음
7/29/2020,영양(801),X,27.5,24.4,21.9,20.4,98,X, ,X,낮음
7/29/2020,성주(810),X,28.5,25.5,23.5,22.2,97,X, ,X,낮음
7/29/2020,고령(812),X,29.4,25.6,23.6,22.4,98,X, ,X,낮음
7/29/2020,청도(813),X,30.3,27.1,24.4,22.7,95,X, ,X,낮음
7/29/2020,예천(815),X,27,24.1,22.4,21.5,93,X, ,X,낮음
7/29/2020,김천(822),X,29.2,25.6,23.6,22.4,99,X, ,X,낮음
7/29/2020,군위(823),X,28.4,25.1,23.1,21.7,98,X, ,X,낮음
7/29/2020,칠곡(825),X,29,25.3,23.9,22.6,99,X, ,X,낮음
7/29/2020,경산(827),X,28,24.8,23.1,21.4,93,X, ,X,낮음
7/29/2020,삼척(876),X,26.3,23.2,21,19.9,94,X, ,X,낮음
7/29/2020,속초(90),X,26.7,23.5,21.3,20.2,95.5,X, ,X,낮음
7/29/2020,삼천포(907),X,30.3,26.6,24.2,22.8,99,X,관심,X,낮음
7/29/2020,고성(918),X,31.2,27.9,24.3,22.8,98,X,관심,X,낮음
7/29/2020,창녕(919),X,30.4,27.2,24.8,23.3,97,X,관심,X,낮음
7/29/2020,함안(920),X,30.6,27.7,24.4,22.5,97,X,관심,X,낮음
7/29/2020,북춘천(93),X,27.2,23.7,22.6,21.3,97.9,X,관심,X,높음
7/29/2020,하동(932),X,31.1,27.5,24.8,23.8,98,X,관심,X,낮음
7/29/2020,철원(95),X,30.2,27.3,23.2,21.8,97.9,X,관심,X,낮음
7/29/2020,동두천(98),X,29,25.7,23.1,21.1,98,X, ,X,낮음
7/29/2020,파주(99),X,28.3,25.2,23.3,21.2,96.9,X,관심,X,낮음
7/30/2020,북강릉(104),X,27.1,24.1,21.3,20.2,94.9,X,관심,X,보통
7/30/2020,동해(106),X,25.6,22.4,20.6,19.9,97,X,관심,X,낮음
7/30/2020,서울(108),X,30.4,28.4,25.3,23.4,85.5,X,관심,X,보통
7/30/2020,인천(112),X,27.8,25.6,23.7,22.1,90.3,X,관심,X,보통
7/30/2020,원주(114),X,30.1,28.5,25,23,79.8,X,관심,X,낮음
7/30/2020,울릉도(115),X,27.7,25.4,22.9,21.1,91.1,X, ,X,낮음
7/30/2020,수원(119),X,31.1,28.3,24.8,22.6,94,X,관심,X,낮음
7/30/2020,영월(121),X,29.2,26.8,23.4,21.3,92.3,X,관심,X,낮음
7/30/2020,충주(127),X,30.2,28.1,24.2,22.1,91.1,X, ,X,낮음
7/30/2020,서산(129),X,30.2,28.2,24.6,23,89.8,X, ,X,보통
7/30/2020,울진(130),X,30.2,28.2,23.1,20.8,89.3,X, ,X,낮음
7/30/2020,청주(131),X,30.6,28.2,25.6,24.2,88.6,X, ,X,보통
7/30/2020,대전(133),X,30.5,27,25,23.2,96,X, ,X,보통
7/30/2020,추풍령(135),X,27.6,25,22.2,20.7,91.3,X, ,X,낮음
7/30/2020,안동(136),X,28.2,25.9,22.4,20.8,92.6,X,관심,X,보통
7/30/2020,상주(137),X,29.1,26.2,23.1,21.6,96.5,X, ,X,낮음
7/30/2020,포항(138),X,27.6,24.4,23.5,22.2,88.6,X, ,X,낮음
7/30/2020,군산(140),X,31.6,28.9,24.9,23.3,95.1,X,관심,X,낮음
7/30/2020,대구(143),X,27.8,25,23.1,21.2,91.8,X,관심,X,보통
7/30/2020,전주(146),X,30.9,28.3,25.7,23.8,90.3,X,관심,X,보통
7/30/2020,울산(152),X,30,26.2,22.7,20.9,96.9,X,관심,X,보통
7/30/2020,창원(155),X,31.5,28.8,23.1,21.7,91.9,X,관심,X,보통
7/30/2020,광주(156),O,33.4,30.1,26.8,24.8,96.6,X,관심,X,보통
7/30/2020,부산(159),X,30.8,27.9,24,22,91.5,X,관심,X,보통
7/30/2020,통영(162),X,28.3,27.9,24.1,22.5,,X,관심,X,낮음
7/30/2020,목포(165),X,32.6,29.9,26.8,25.7,92.8,X,관심,O,보통
7/30/2020,여수(168),X,32.2,29.5,25.3,23.2,96.9,X,관심,X,낮음
7/30/2020,흑산도(169),X,29.5,25.7,23,21.3,99,X, ,X,낮음
7/30/2020,완도(170),O,33.3,30.9,26.7,24.2,90.9,X,관심,X,낮음
7/30/2020,고창(172),X,31.9,29.1,26.4,24.6,92.8,X,관심,X,낮음
7/30/2020,제주(184),X,32.7,31,27.8,25.4,83.8,O,주의,O,높음
7/30/2020,진주(192),O,33.3,30.8,24.6,21.8,93.8,X,관심,X,낮음
7/30/2020,양평(202),X,30.5,28.3,24.5,21.8,90.6,X,관심,X,낮음
7/30/2020,이천(203),X,31.5,29.3,24.8,22.4,93.4,X,관심,X,낮음
7/30/2020,인제(211),X,30.1,28.6,24.2,20.5,84.6,X,관심,X,낮음
7/30/2020,홍천(212),X,31.3,30,24.4,21.8,85.9,X,관심,X,낮음
7/30/2020,태백(216),X,27.2,25.5,21.5,19.7,86.9,X, ,X,낮음
7/30/2020,정선군(217),X,29.6,27.5,22.6,19.6,95,X,관심,X,낮음
7/30/2020,제천(221),X,29.1,26.9,23.1,21.2,93.6,X, ,X,낮음
7/30/2020,보은(226),X,28,25.2,23.1,21.8,95.5,X, ,X,낮음
7/30/2020,천안(232),X,30.4,27.3,24.5,23,97.5,X, ,X,낮음
7/30/2020,보령(235),X,29.5,26.3,,22.9,,X, ,X,낮음
7/30/2020,부여(236),X,30.8,28,25,23.6,94.9,X, ,X,낮음
7/30/2020,금산(238),X,29.7,27.1,24,21.5,93.8,X, ,X,낮음
7/30/2020,세종(239),X,30.6,27.5,25.2,23.8,93.8,X, ,X,보통
7/30/2020,부안(243),X,31.5,28.6,25.8,23.5,94.1,X,관심,X,낮음
7/30/2020,임실(244),X,29.4,26.3,24,22.5,96.5,X,관심,X,낮음
7/30/2020,정읍(245),X,30.9,28.5,25.7,24,87,X,관심,X,낮음
7/30/2020,남원(247),X,31.3,28.8,25,22.9,95,X,관심,X,낮음
7/30/2020,장수(248),X,29.2,26.2,23.1,19.8,98.4,X,관심,X,낮음
7/30/2020,영광군(252),X,31.7,28.8,26.3,25,91.8,X,관심,X,낮음
7/30/2020,김해시(253),X,32.3,29.3,23.4,21.6,97,X,관심,X,낮음
7/30/2020,순창군(254),X,32,29.5,25.7,23.5,91,X,관심,X,낮음
7/30/2020,양산시(257),X,32.5,30.1,23,21.1,97.8,X,관심,X,낮음
7/30/2020,강진군(259),O,33.6,31.3,27.2,24.7,87.5,X,관심,X,낮음
7/30/2020,장흥(260),O,33.8,31.4,26.8,23.6,88.5,X,관심,X,낮음
7/30/2020,해남(261),O,33.2,30.7,26.7,25,93.1,X,관심,X,낮음
7/30/2020,고흥(262),O,33.6,31.6,26.3,23.4,89.9,X,관심,X,낮음
7/30/2020,의령군(263),O,33.3,31.2,23.6,21,93.4,X,관심,X,낮음
7/30/2020,함양군(264),X,29.1,26,23,21,92.9,X,관심,X,낮음
7/30/2020,진도군ASOS(268),X,32.9,30.1,26.9,24.9,92.3,X,관심,X,낮음
7/30/2020,봉화(271),X,26,23,20.9,18.5,97.4,X, ,X,낮음
7/30/2020,영주(272),X,27,23.7,21.7,20.2,98.9,X, ,X,낮음
7/30/2020,문경(273),X,28,24.8,22.8,21.7,97.5,X, ,X,낮음
7/30/2020,청송군(276),X,27.8,24.2,21.2,19.9,99,X,관심,X,낮음
7/30/2020,영덕(277),X,27.5,24.9,21.9,20.7,94.3,X, ,X,낮음
7/30/2020,의성(278),X,28.1,25.1,,21.5,,X,관심,X,낮음
7/30/2020,구미(279),X,29.3,25.5,22.9,21.3,99,X,관심,X,낮음
7/30/2020,영천(281),X,27.3,24,22.2,20.9,94.4,X,관심,X,낮음
7/30/2020,경주시(283),X,28.3,24.6,22.4,20.7,96.4,X,관심,X,낮음
7/30/2020,거창(284),X,27.9,25.5,22.8,20,95.3,X,관심,X,낮음
7/30/2020,합천(285),X,29.4,25.8,23,21.3,96.3,X,관심,X,낮음
7/30/2020,밀양(288),X,31.2,28.9,22.7,20.8,93.1,X,관심,X,낮음
7/30/2020,산청(289),X,30,26.6,23.2,21.7,95.4,X,관심,X,낮음
7/30/2020,거제(294),X,32.7,29.8,24.9,22.6,91.3,X,관심,X,낮음
7/30/2020,남해(295),O,33.4,31.4,25,22.5,92,X,관심,X,낮음
7/30/2020,부천(433),X,,27.3,23.8,21.6,,X,관심,X,낮음
7/30/2020,안양(434),X,,28,25.2,23.8,,X, ,X,낮음
7/30/2020,광명(437),X,,28.4,25,23.2,,X, ,X,낮음
7/30/2020,군포(438),X,,28.9,24.7,22.8,,X, ,X,낮음
7/30/2020,김포(441),X,,,,,,X, ,X,낮음
7/30/2020,하남(444),X,,29.6,24.6,21.5,,X, ,X,낮음
7/30/2020,의왕(445),X,,26.8,23.1,20.5,,X, ,X,낮음
7/30/2020,포천(504),X,31.1,29.8,25,21.3,80,X,관심,X,낮음
7/30/2020,가평조종(505),X,31.1,29.3,24.2,20.2,89,X,관심,X,낮음
7/30/2020,안성(516),X,31.6,29.4,25.3,23.1,91,X,관심,X,낮음
7/30/2020,간성(517),X,28.9,25.4,22.4,20.6,96,X,관심,X,낮음
7/30/2020,평창(526),X,29.2,27.3,23.1,20.1,89,X, ,X,낮음
7/30/2020,의정부(532),X,32.7,29.9,24.8,21.1,93,X,관심,X,낮음
7/30/2020,횡성(536),X,31.3,29.3,24.2,21.4,93,X,관심,X,낮음
7/30/2020,고양(540),X,31.9,30.5,25,21.1,88,X,관심,X,낮음
7/30/2020,남양주(541),X,31.6,30.1,25,22.3,82,X,관심,X,낮음
7/30/2020,안산(545),X,30.1,28,23.5,20,95,X, ,X,낮음
7/30/2020,경기광주(546),X,31,29.2,24.6,21.8,88,X,관심,X,낮음
7/30/2020,여주(548),X,30.7,28.2,24,21.8,93,X,관심,X,낮음
7/30/2020,용인(549),X,30,28.8,24.2,22,85,X,관심,X,낮음
7/30/2020,오산(550),X,30.8,29.1,24.7,22,87,X, ,X,낮음
7/30/2020,평택(551),X,,,,,,X,관심,X,낮음
7/30/2020,화천(555),X,32.8,30.9,25.2,21.5,89,X,관심,X,낮음
7/30/2020,양구(556),X,31,29.8,24.8,21.5,81,X,관심,X,낮음
7/30/2020,시흥(565),X,30.4,28.9,24.2,20.7,88,X, ,X,낮음
7/30/2020,구리(569),X,31.9,30.5,25.4,22.5,80,X, ,X,낮음
7/30/2020,화성(571),X,30.1,27.7,24.3,22.1,93,X,관심,X,낮음
7/30/2020,성남(572),X,30.4,28.9,25.1,23,82,X, ,X,보통
7/30/2020,과천(590),X,31.3,29.3,25.1,22.6,88,X,관심,X,낮음
7/30/2020,양주(598),X,31.2,29.7,25,20.9,86,X,관심,X,낮음
7/30/2020,단양(601),X,31.9,28.4,23.7,21.7,99,X, ,X,낮음
7/30/2020,진천(602),X,29.8,27,24.4,22.9,92,X, ,X,낮음
7/30/2020,괴산(603),X,30.1,28.1,24.2,22.5,93,X, ,X,낮음
7/30/2020,옥천(604),X,28.9,26.3,23.5,21.2,94,X, ,X,낮음
7/30/2020,홍북(608),X,30.1,26.4,23.9,22.5,99,X, ,X,낮음
7/30/2020,공주(612),O,33.1,29.4,25.3,23.9,96,X, ,X,낮음
7/30/2020,서천(614),X,32.5,29.3,25.5,24.1,98,X, ,X,낮음
7/30/2020,논산(615),X,31.2,28.6,25.4,23.9,94,X, ,X,낮음
7/30/2020,당진(616),X,30.7,28.7,24.6,22.6,90,X, ,X,낮음
7/30/2020,청양(618),X,30.6,27.9,24.9,23.2,93,X, ,X,낮음
7/30/2020,음성(619),X,30.2,27.5,23.8,21.7,95,X, ,X,낮음
7/30/2020,증평(623),X,29.8,26.7,24.4,22.8,97,X, ,X,낮음
7/30/2020,태안(627),X,30.4,27.4,23.8,22.7,96,X, ,X,낮음
7/30/2020,예산(628),X,30.4,28,25,23.4,92,X, ,X,낮음
7/30/2020,아산(634),X,31.2,28.6,24.7,23.3,95,X, ,X,낮음
7/30/2020,계룡(636),X,29.7,26.9,24.6,22.3,94,X, ,X,낮음
7/30/2020,연천청산(652),X,31.2,29.6,24.5,21,89,X,관심,X,낮음
7/30/2020,양양(670),X,29.5,26.5,23,21,96,X,관심,X,낮음
7/30/2020,무안(699),X,32.5,29.7,26.3,25.1,95,X,관심,X,낮음
7/30/2020,무주(701),X,30.1,26.7,23.4,19.9,97,X,관심,X,낮음
7/30/2020,익산(702),X,32.2,28.4,25.5,23.4,97,X,관심,X,낮음
7/30/2020,진안(703),X,29,26,23.7,19.9,92,X,관심,X,낮음
7/30/2020,담양(706),O,34.2,30.8,26.7,24.7,95,X,관심,X,낮음
7/30/2020,구례(709),X,32.3,29.3,25,23.5,95,X,관심,X,낮음
7/30/2020,나주(710),O,33.7,31.3,26.8,24.4,93,X,관심,X,낮음
7/30/2020,순천시(712),O,33.8,31,25.6,23.7,97,X,관심,X,낮음
7/30/2020,광양읍(713),O,33.8,31.8,25.4,23.2,92,X,관심,X,낮음
7/30/2020,장성(730),X,32.9,30.7,26.3,24.4,93,X,관심,X,낮음
7/30/2020,영암(731),O,33.8,31.3,27.2,24.9,92,X,관심,X,낮음
7/30/2020,보성(732),O,33.4,30.9,25.6,23,94,X,관심,X,낮음
7/30/2020,완주(734),X,29.6,27.1,24.7,22.6,93,X,관심,X,낮음
7/30/2020,김제(737),X,31.6,28.2,25.5,23.8,97,X,관심,X,낮음
7/30/2020,화순(741),X,32.6,30.5,25.6,23.1,91,X,관심,X,낮음
7/30/2020,함평(754),O,33.3,30.7,26.5,24.5,95,X,관심,O,낮음
7/30/2020,곡성(768),X,32.3,29.3,24.7,23.1,97,X,관심,X,낮음
7/30/2020,압해도(789),O,33.2,29.9,26.1,24.4,95,X,관심,X,낮음
7/30/2020,영양(801),X,27,23.9,21.6,20.2,97,X, ,X,낮음
7/30/2020,성주(810),X,28,25.4,23.3,21.1,92,X,관심,X,낮음
7/30/2020,고령(812),X,28.4,24.7,22.9,20.9,98,X,관심,X,낮음
7/30/2020,청도(813),X,30.5,27.3,22.7,20.3,93,X,관심,X,낮음
7/30/2020,예천(815),X,27.7,25.3,22.8,21.8,92,X, ,X,낮음
7/30/2020,김천(822),X,29.3,26.8,23.3,20.9,96,X,관심,X,낮음
7/30/2020,군위(823),X,27.8,24.9,22.8,21,97,X,관심,X,낮음
7/30/2020,칠곡(825),X,28.3,24.8,23.6,21.8,97,X,관심,X,낮음
7/30/2020,경산(827),X,28,25.2,22.9,21.1,90,X,관심,X,낮음
7/30/2020,삼척(876),X,27.6,24.3,21.7,20.4,93,X,관심,X,낮음
7/30/2020,속초(90),X,28.1,25.3,22.7,20.9,91,X,관심,X,낮음
7/30/2020,삼천포(907),X,31.6,,,,,X,관심,X,낮음
7/30/2020,고성(918),X,32.1,29,24.4,22.4,97,X,관심,X,낮음
7/30/2020,창녕(919),X,30.9,27.6,23.4,21.2,96,X,관심,X,낮음
7/30/2020,함안(920),X,32.2,29.8,22.9,21.1,97,X,관심,X,낮음
7/30/2020,북춘천(93),X,31.9,30.2,25.2,22.1,88.1,X,관심,X,보통
7/30/2020,하동(932),O,33.2,30.8,24.5,22.2,96,X,관심,X,낮음
7/30/2020,철원(95),X,31.9,29.3,24.6,20.9,94.1,X,관심,X,낮음
7/30/2020,동두천(98),X,31.4,29.1,24.9,21.6,90.6,X, ,X,낮음
7/30/2020,파주(99),X,31.2,28.8,24.3,21,91.1,X,관심,X,낮음
7/31/2020,북강릉(104),X,31.9,31.7,26.9,20.7,68.1,O,관심,X,매우높음
7/31/2020,동해(106),X,30.6,30.1,25.1,20.2,70.8,X,관심,X,낮음
7/31/2020,서울(108),X,31.6,29.6,26.2,22.8,81.9,X,관심,X,높음
7/31/2020,인천(112),X,30.4,28.2,24.9,21.9,88.3,X,관심,X,높음
7/31/2020,원주(114),X,30.4,29.8,26,22.4,74.8,X,관심,X,낮음
7/31/2020,울릉도(115),X,31,29.2,25.7,23.1,71.6,X, ,X,낮음
7/31/2020,수원(119),X,32.4,30,25.9,22.5,92.3,X,관심,X,낮음
7/31/2020,영월(121),X,31.1,30,24.4,20.8,85.4,X,관심,X,낮음
7/31/2020,충주(127),X,31.3,29.3,25.9,23.2,84.9,X,관심,X,낮음
7/31/2020,서산(129),X,31.7,30,25,23.3,92,X, ,X,높음
7/31/2020,울진(130),X,32.3,31.7,25.2,20.3,78.4,O,주의,X,낮음
7/31/2020,청주(131),X,32.5,30.9,27.4,24.3,78.9,X,관심,O,높음
7/31/2020,대전(133),X,32.8,30,25.9,23.7,93.5,X,관심,X,보통
7/31/2020,추풍령(135),X,31.2,29.6,25,20.7,84.4,X,관심,X,낮음
7/31/2020,안동(136),X,32.2,30.5,25.1,21,86.1,O,관심,X,높음
7/31/2020,상주(137),O,33.7,31.9,25.8,21.8,88.3,O,관심,X,낮음
7/31/2020,포항(138),O,33.5,32.5,27.8,23.3,75.6,O,주의,O,낮음
7/31/2020,군산(140),X,32.3,29.5,25.7,23.8,93.8,O,관심,X,낮음
7/31/2020,대구(143),X,32.1,31.5,26.1,21.9,81,O,주의,X,높음
7/31/2020,전주(146),X,32.2,29.9,26.3,24.2,88.6,O,관심,X,보통
7/31/2020,울산(152),O,33.4,32,26.1,21.2,87.6,O,주의,X,높음
7/31/2020,창원(155),O,33.1,31.1,26,21.5,85.5,O,주의,X,높음
7/31/2020,광주(156),O,33.5,30.7,27.4,24.9,91.5,O,관심,X,높음
7/31/2020,부산(159),X,32.8,30.6,26.1,22.8,84,O,주의,X,높음
7/31/2020,통영(162),X,30.3,30,25.4,22.6,,O,관심,X,낮음
7/31/2020,목포(165),X,31.9,29.8,27,25.4,86.9,O,관심,O,높음
7/31/2020,여수(168),X,31.5,29,25.8,23.7,93,O,관심,X,낮음
7/31/2020,흑산도(169),X,28.6,24.8,23,21.5,98.8,X, ,X,낮음
7/31/2020,완도(170),O,33,31,26.6,23.8,86.4,O,관심,X,낮음
7/31/2020,고창(172),X,32.5,30.2,26.7,24.5,90.4,O,관심,X,낮음
7/31/2020,제주(184),X,32,29.5,26.9,25.1,87.6,O,주의,O,매우높음
7/31/2020,진주(192),O,33.4,31.3,26.2,22.4,88.3,O,주의,X,낮음
7/31/2020,양평(202),X,30.8,28.9,25.1,21.2,87.9,X,관심,X,낮음
7/31/2020,이천(203),X,31.7,29.3,25.4,21.5,91.5,X,관심,X,낮음
7/31/2020,인제(211),X,31.4,30.9,26,21.4,77.4,X,관심,X,낮음
7/31/2020,홍천(212),X,31.5,30.5,25.2,20.4,81,X,관심,X,낮음
7/31/2020,태백(216),X,28.9,29.1,23.8,18.9,71,X,관심,X,낮음
7/31/2020,정선군(217),X,32.4,31.2,24,18.3,85.6,X,관심,X,낮음
7/31/2020,제천(221),X,31.1,29.9,24.5,20.2,86.5,X,관심,X,낮음
7/31/2020,보은(226),X,31.7,30.2,25.2,21.9,88.5,X,관심,X,낮음
7/31/2020,천안(232),X,31.6,29.3,25.5,22.8,92.3,X,관심,X,낮음
7/31/2020,보령(235),X,31.3,28.4,25,23.5,95.3,X, ,X,낮음
7/31/2020,부여(236),X,32.6,30.5,26.2,23.4,89.6,X,관심,X,낮음
7/31/2020,금산(238),X,32,30,25.5,22.9,90.6,X,관심,X,낮음
7/31/2020,세종(239),X,32.6,30.4,25.9,23.6,89,X,관심,X,높음
7/31/2020,부안(243),X,31.9,29.2,25.8,24.1,95.9,O,관심,X,낮음
7/31/2020,임실(244),X,31.5,29.6,25.2,22.4,92.1,O,관심,X,낮음
7/31/2020,정읍(245),X,32.6,30.8,26,23.2,86.6,O,관심,X,낮음
7/31/2020,남원(247),X,32.5,30.6,26.4,22.6,89.1,O,관심,X,낮음
7/31/2020,장수(248),X,30.7,28.7,24.3,22.1,92.6,O,관심,X,낮음
7/31/2020,영광군(252),X,32.5,30.3,26.9,24.7,87.8,O,관심,X,낮음
7/31/2020,김해시(253),O,33.6,31.7,26.1,21.4,87.3,O,주의,X,낮음
7/31/2020,순창군(254),O,33,31,26.6,23.5,87.8,O,관심,X,낮음
7/31/2020,양산시(257),O,33.8,32.7,26.5,21.3,86.8,O,주의,X,낮음
7/31/2020,강진군(259),O,33.1,31.4,26.8,24.1,84.5,O,관심,X,낮음
7/31/2020,장흥(260),O,33.6,31.5,26.7,23.4,85.5,O,관심,X,낮음
7/31/2020,해남(261),O,33.2,31,26.7,24,87.8,O,관심,X,낮음
7/31/2020,고흥(262),O,33,31,26.1,23.1,87.4,O,관심,X,낮음
7/31/2020,의령군(263),O,33.8,32.5,26.5,22.6,85,O,주의,X,낮음
7/31/2020,함양군(264),X,32.5,31.5,25.6,21.4,85.5,O,주의,X,낮음
7/31/2020,진도군ASOS(268),X,32.9,30.8,26.9,24.4,87.5,O,관심,X,낮음
7/31/2020,봉화(271),X,30.2,28.3,23.4,18.2,86.8,O,관심,X,낮음
7/31/2020,영주(272),X,31.2,30,24.9,20.2,85,O,관심,X,낮음
7/31/2020,문경(273),X,31.6,29.9,25,21.3,90.6,O,관심,X,낮음
7/31/2020,청송군(276),X,32.7,30.5,24.6,19.5,92,O,관심,X,낮음
7/31/2020,영덕(277),X,32.8,31.3,26.8,21.6,75.9,O,주의,X,낮음
7/31/2020,의성(278),X,32.7,31.4,25.4,21.4,88.6,O,주의,X,낮음
7/31/2020,구미(279),O,33.5,31.3,25.6,21.2,95,O,주의,X,낮음
7/31/2020,영천(281),X,32,30.7,25.4,20.8,85,O,주의,X,낮음
7/31/2020,경주시(283),X,32.8,31.3,25.3,20.2,88,O,주의,X,낮음
7/31/2020,거창(284),X,32.5,30.4,24.9,21.5,90.1,O,주의,X,낮음
7/31/2020,합천(285),O,33.1,31.1,25.2,21.1,91.8,O,주의,X,낮음
7/31/2020,밀양(288),O,33,31.8,25.4,20.5,85.5,O,주의,X,낮음
7/31/2020,산청(289),O,33.8,32.2,25.6,21.4,89.4,O,주의,X,낮음
7/31/2020,거제(294),X,32.2,29.9,26,22.6,85.6,O,관심,X,낮음
7/31/2020,남해(295),O,33.5,31.6,25.9,22.1,89,O,관심,X,낮음
7/31/2020,부천(433),X,,29,25,21.1,,X,관심,X,낮음
7/31/2020,안양(434),X,,28.9,26,23,,X,관심,O,낮음
7/31/2020,광명(437),X,,29.8,26.5,23.1,,X,관심,X,낮음
7/31/2020,군포(438),X,,29.3,25.6,22.4,,X,관심,X,낮음
7/31/2020,김포(441),X,,30.1,25.2,20.8,,X,관심,X,낮음
7/31/2020,하남(444),X,,29.9,25.5,21,,X,관심,X,낮음
7/31/2020,의왕(445),X,,28.2,24.1,20.5,,X, ,X,낮음
7/31/2020,포천(504),X,32,31.2,25,19.2,78,X,관심,X,낮음
7/31/2020,가평조종(505),X,31.4,29.9,24.2,19,88,X,관심,X,낮음
7/31/2020,안성(516),X,32.7,30.9,26,23.6,91,X,관심,X,낮음
7/31/2020,간성(517),O,34.3,34.4,28.2,20.6,74,X,관심,X,낮음
7/31/2020,평창(526),X,30.9,30,24.3,19.6,80,X,관심,X,낮음
7/31/2020,의정부(532),X,32.8,30,24.7,19.7,94,X,관심,X,낮음
7/31/2020,횡성(536),X,31.4,29.7,25.1,20.7,88,X,관심,X,낮음
7/31/2020,고양(540),X,32.8,31.3,25.7,20.8,85,X,관심,X,낮음
7/31/2020,남양주(541),X,31.5,30.2,25.7,20.8,79,X,관심,X,낮음
7/31/2020,안산(545),X,30.8,28.6,25,20.8,93,X,관심,X,낮음
7/31/2020,경기광주(546),X,31.7,30.1,25.4,21.2,86,X,관심,X,낮음
7/31/2020,여주(548),X,30.5,28.2,25,21.8,87,X,관심,X,낮음
7/31/2020,용인(549),X,30,28.5,25.3,22,80,X,관심,X,낮음
7/31/2020,오산(550),X,32.1,30.5,25.6,22.1,85,X,관심,X,낮음
7/31/2020,평택(551),X,,,,,,X,관심,X,낮음
7/31/2020,화천(555),O,33.3,32.4,25.4,21,86,X,관심,X,낮음
7/31/2020,양구(556),X,31.8,31.4,25.5,20.2,77,X,관심,X,낮음
7/31/2020,시흥(565),X,31,29.4,25.8,20.5,82,X,관심,X,낮음
7/31/2020,구리(569),X,32.6,31.6,26.5,21.9,75,X,관심,X,낮음
7/31/2020,화성(571),X,31.2,29,25.7,22.6,90,X,관심,X,낮음
7/31/2020,성남(572),X,31.2,29.7,26.3,23,77,X,관심,X,높음
7/31/2020,과천(590),X,31.7,29.7,26.2,22.4,84,X,관심,X,낮음
7/31/2020,양주(598),X,32.3,30.7,25.2,19.2,86,X,관심,X,낮음
7/31/2020,단양(601),O,33.4,31.1,25.9,21.7,93,X,관심,X,낮음
7/31/2020,진천(602),X,31.8,30.2,25.8,22.8,88,X,관심,X,낮음
7/31/2020,괴산(603),X,32.1,30.7,26.2,23.2,84,X,관심,X,낮음
7/31/2020,옥천(604),X,32.6,31.4,25.3,22.6,88,X,관심,X,낮음
7/31/2020,홍북(608),X,31.5,27.8,24.6,22.9,98,X, ,X,낮음
7/31/2020,공주(612),O,33.3,31.3,26.3,23.4,89,X,관심,X,낮음
7/31/2020,서천(614),O,33.3,30.7,26.6,24.9,95,X, ,O,낮음
7/31/2020,논산(615),X,32.9,31,26.8,24.3,88,X,관심,X,낮음
7/31/2020,당진(616),X,31.4,29.1,25.1,22.9,93,X, ,X,낮음
7/31/2020,청양(618),X,32.1,29.7,25.3,23.2,93,X,관심,X,낮음
7/31/2020,음성(619),X,31.7,29.5,25.2,21.7,90,X,관심,X,낮음
7/31/2020,증평(623),X,31.7,29.1,25.7,23.2,91,X,관심,X,낮음
7/31/2020,태안(627),X,31.7,28.6,24,22.8,99,X, ,X,낮음
7/31/2020,예산(628),X,32.7,30.5,26,23.8,91,X,관심,X,낮음
7/31/2020,아산(634),X,32.2,30.4,26.1,23.4,91,X,관심,X,낮음
7/31/2020,계룡(636),X,32.5,30.8,25,22.4,91,X,관심,X,낮음
7/31/2020,연천청산(652),X,31.8,30.5,25.5,20.1,84,X,관심,X,낮음
7/31/2020,양양(670),O,34.8,34.8,29.3,24.7,74,O,관심,O,낮음
7/31/2020,무안(699),X,32.7,30.4,26.7,24.5,88,O,관심,X,낮음
7/31/2020,무주(701),O,33,30.4,25.1,21.5,95,O,관심,X,낮음
7/31/2020,익산(702),O,34.2,31.3,26.5,24.3,94,O,관심,X,낮음
7/31/2020,진안(703),X,30.5,28.3,24.7,22.3,91,O,관심,X,낮음
7/31/2020,담양(706),O,34.9,32,27.3,24.9,92,O,관심,X,낮음
7/31/2020,구례(709),O,33.4,31.5,26.8,22.8,89,O,관심,X,낮음
7/31/2020,나주(710),O,33.3,31.5,27.2,24.4,88,O,관심,X,낮음
7/31/2020,순천시(712),O,34.1,31.6,27,22.8,90,O,관심,X,낮음
7/31/2020,광양읍(713),O,34.7,33.1,27,22.4,86,O,관심,X,낮음
7/31/2020,장성(730),X,32.7,30.7,26.7,24.3,89,O,관심,X,낮음
7/31/2020,영암(731),O,33.5,31.3,27.1,23.6,87,O,관심,X,낮음
7/31/2020,보성(732),O,33,30.6,25.3,22.4,92,O,관심,X,낮음
7/31/2020,완주(734),X,32.3,29.7,25.9,22.7,91,O,관심,X,낮음
7/31/2020,김제(737),X,32.5,30.1,26,24.2,94,O,관심,X,낮음
7/31/2020,화순(741),O,33.2,31.5,27,23.9,85,O,관심,X,낮음
7/31/2020,함평(754),O,33.6,31.9,27.2,24.5,87,O,관심,X,낮음
7/31/2020,곡성(768),X,32.7,31,26.5,23.3,90,O,관심,X,낮음
7/31/2020,압해도(789),X,32.9,30.5,26.6,24.6,92,O,관심,X,낮음
7/31/2020,영양(801),X,31.5,29.8,24.8,20.4,88,O,관심,X,낮음
7/31/2020,성주(810),X,32.2,30.6,25.3,22,90,O,주의,X,낮음
7/31/2020,고령(812),O,33.4,30.2,24.2,21.2,95,O,주의,X,낮음
7/31/2020,청도(813),O,33.3,32,24.8,20.1,90,O,주의,X,낮음
7/31/2020,예천(815),X,31.9,31.1,25.1,21.6,87,O,주의,X,낮음
7/31/2020,김천(822),O,34.8,33,26.2,21.8,92,O,주의,X,낮음
7/31/2020,군위(823),O,33.1,31.8,25.5,20.7,90,O,주의,X,낮음
7/31/2020,칠곡(825),X,32.6,30.4,25.4,21.7,92,O,주의,X,낮음
7/31/2020,경산(827),X,32.8,32.5,25.7,21.3,81,O,주의,X,낮음
7/31/2020,삼척(876),X,32,31.7,26.8,20.8,66,O,관심,X,낮음
7/31/2020,속초(90),O,33.1,33.3,27.6,21.5,70.4,O,관심,O,낮음
7/31/2020,삼천포(907),X,31.5,28.7,25.6,22.7,90,O,주의,X,낮음
7/31/2020,고성(918),O,33.1,31,26.1,22.5,90,O,관심,X,낮음
7/31/2020,창녕(919),O,33.2,31.7,25.3,22.2,92,O,주의,X,낮음
7/31/2020,함안(920),O,33.7,32,25.7,21.3,91,O,주의,X,낮음
7/31/2020,북춘천(93),X,32.1,30.7,25.4,20.5,87,X,관심,X,높음
7/31/2020,하동(932),O,33.2,31.3,26.1,21.9,91,O,주의,X,낮음
7/31/2020,철원(95),X,32.1,30,25.6,20.9,90.3,X,관심,X,낮음
7/31/2020,동두천(98),X,32.8,30.5,25,19.8,89.6,X,관심,X,낮음
7/31/2020,파주(99),X,32.3,30,24.4,18.8,90.6,X,관심,X,낮음
