일시,지점,폭염여부(O/X),최고체감온도(°C),최고기온(°C),평균기온(°C),최저기온(°C),평균상대습도(%),폭염특보(O/X),폭염영향예보(단계),열대야(O/X),자외선지수(단계)
6/1/2020,북강릉(104),X,25.3,27.8,23,18.5,40.9,X, ,X,매우높음
6/1/2020,동해(106),X,25,26.7,22.7,16.5,44,X, ,X,낮음
6/1/2020,서울(108),X,23.7,24.5,19.7,16.6,64.3,X, ,X,높음
6/1/2020,인천(112),X,21.1,20.3,17.4,14.6,78.4,X, ,X,높음
6/1/2020,원주(114),X,23.6,25.5,20.1,16.2,53.1,X, ,X,낮음
6/1/2020,울릉도(115),X,25.7,25,21.2,17.9,62.9,X, ,X,낮음
6/1/2020,수원(119),X,24.2,24,18.9,14,74.3,X, ,X,낮음
6/1/2020,영월(121),X,23.5,24.8,19.8,14,55.4,X, ,X,낮음
6/1/2020,충주(127),X,24.9,26.3,19.7,13.8,60.3,X, ,X,낮음
6/1/2020,서산(129),X,24.3,23.7,18.5,14,78.8,X, ,X,보통
6/1/2020,울진(130),X,26.8,28.7,23.5,16.7,45.8,X, ,X,낮음
6/1/2020,청주(131),X,24.3,26.7,21.5,17.7,52.6,X, ,X,보통
6/1/2020,대전(133),X,25.4,26.5,21.1,16.3,60.3,X, ,X,높음
6/1/2020,추풍령(135),X,23.5,25,20,16.8,55.1,X, ,X,낮음
6/1/2020,안동(136),X,24.8,26.5,21.6,17.6,48.1,X, ,X,보통
6/1/2020,상주(137),X,25.4,26.5,21.4,17.8,56.6,X, ,X,낮음
6/1/2020,포항(138),X,27.5,29.3,24.4,20.4,46.6,X, ,X,낮음
6/1/2020,군산(140),X,23.9,22.2,18.5,14.9,85,X, ,X,낮음
6/1/2020,대구(143),X,27.1,29.1,23.6,19.9,47.8,X,관심,X,높음
6/1/2020,전주(146),X,25.3,25.4,19.5,16.1,73.9,X, ,X,높음
6/1/2020,울산(152),X,28.4,29.2,22.8,17.8,58.5,X, ,X,보통
6/1/2020,창원(155),X,29.3,30.2,22.9,17.1,58.9,X, ,X,매우높음
6/1/2020,광주(156),X,25.1,26.1,21.1,17.5,64.4,X, ,X,높음
6/1/2020,부산(159),X,26.9,25.5,22,18.3,66.9,X, ,X,높음
6/1/2020,통영(162),X,27.2,26.6,21.4,18.2,73.8,X, ,X,낮음
6/1/2020,목포(165),X,24.2,22.4,19.1,16.6,86.1,X, ,X,높음
6/1/2020,여수(168),X,26.9,27.7,22.5,18.7,60,X, ,X,낮음
6/1/2020,흑산도(169),X,23.8,21.3,17.2,14.1,91.6,X, ,X,낮음
6/1/2020,완도(170),X,26.1,25.5,20.4,16.1,74.4,X, ,X,낮음
6/1/2020,고창(172),X,24.5,24.3,18.8,14.2,83.8,X, ,X,낮음
6/1/2020,제주(184),X,23.8,21.7,18.7,16.7,83,X, ,X,매우높음
6/1/2020,진주(192),X,28.3,28.9,22.1,15.9,63.1,X, ,X,낮음
6/1/2020,양평(202),X,24.7,25.7,20.4,15.7,59.9,X, ,X,낮음
6/1/2020,이천(203),X,25.1,26.2,20.1,15.9,62.6,X, ,X,낮음
6/1/2020,인제(211),X,23.8,25.1,20.4,15,54.1,X, ,X,낮음
6/1/2020,홍천(212),X,24.4,25.7,20.3,14.7,57,X, ,X,낮음
6/1/2020,태백(216),X,22.1,22.7,18,14.7,55.6,X, ,X,낮음
6/1/2020,정선군(217),X,24.1,24.6,19.4,13.5,65.1,X, ,X,낮음
6/1/2020,제천(221),X,23.6,24.5,18.9,12.3,62.5,X, ,X,낮음
6/1/2020,보은(226),X,24.6,25.7,19.6,12.7,62.6,X, ,X,낮음
6/1/2020,천안(232),X,23.5,25.4,19.6,13.5,64,X, ,X,낮음
6/1/2020,보령(235),X,23.2,21.3,17.5,13.5,86.8,X, ,X,낮음
6/1/2020,부여(236),X,25.2,26.5,20.1,13.3,65.9,X, ,X,낮음
6/1/2020,금산(238),X,24.4,25.7,19.9,13.2,64,X, ,X,낮음
6/1/2020,세종(239),X,24.3,25.7,20.3,15.4,55.9,X, ,X,높음
6/1/2020,부안(243),X,24.4,23.5,18.8,14.6,83.9,X, ,X,낮음
6/1/2020,임실(244),X,23.9,24.2,18.3,11.4,72.9,X, ,X,낮음
6/1/2020,정읍(245),X,24.1,24.7,19.1,13.6,71.8,X, ,X,낮음
6/1/2020,남원(247),X,24.8,25.5,20.3,14,66.1,X, ,X,낮음
6/1/2020,장수(248),X,23.5,23.2,18,10.5,72.5,X, ,X,낮음
6/1/2020,영광군(252),X,23.9,24.6,18.9,14,77,X, ,X,낮음
6/1/2020,김해시(253),X,29.1,30.3,23.6,18,56.8,X, ,X,낮음
6/1/2020,순창군(254),X,23.7,24.7,19.7,13,64.3,X, ,X,낮음
6/1/2020,양산시(257),X,29.8,31.2,23.9,17.8,57.5,X, ,X,낮음
6/1/2020,강진군(259),X,25.6,25.8,20.7,15,68.9,X, ,X,낮음
6/1/2020,장흥(260),X,25.8,25.7,20.3,14.6,71.8,X, ,X,낮음
6/1/2020,해남(261),X,25.2,24.2,19.1,14,82.8,X, ,X,낮음
6/1/2020,고흥(262),X,26.3,26.7,20.6,14,70.4,X, ,X,낮음
6/1/2020,의령군(263),X,27.4,29.5,22.9,16.3,56.5,X, ,X,낮음
6/1/2020,함양군(264),X,25.2,26.5,21.5,13.1,55.6,X, ,X,낮음
6/1/2020,진도군ASOS(268),X,24.2,22.6,18.5,15.1,87.4,X, ,X,낮음
6/1/2020,봉화(271),X,22.8,23.6,18.9,11.8,59.6,X, ,X,낮음
6/1/2020,영주(272),X,23.9,25.1,20.5,17.5,52.4,X, ,X,낮음
6/1/2020,문경(273),X,24.1,25.4,20.3,14.9,54,X, ,X,낮음
6/1/2020,청송군(276),X,25.6,26.6,20.8,13.1,59.4,X, ,X,낮음
6/1/2020,영덕(277),X,26.2,27.5,22.7,18,48.1,X, ,X,낮음
6/1/2020,의성(278),X,26.2,27.7,21.3,12.2,53.5,X, ,X,낮음
6/1/2020,구미(279),X,26.3,27.5,22.5,17.9,55.6,X, ,X,낮음
6/1/2020,영천(281),X,26.6,28.5,22.6,14.9,48,X,관심,X,낮음
6/1/2020,경주시(283),X,27.6,29.5,23.6,18.1,50.5,X,관심,X,낮음
6/1/2020,거창(284),X,25.6,27,21,13,60.8,X, ,X,낮음
6/1/2020,합천(285),X,27.1,29.1,22.6,16.3,56.8,X, ,X,낮음
6/1/2020,밀양(288),X,27.3,30.1,22.8,17.2,54.8,X, ,X,낮음
6/1/2020,산청(289),X,25.6,27.4,21.8,15.6,57.4,X, ,X,낮음
6/1/2020,거제(294),X,27.7,26.9,21.8,17.1,69.9,X, ,X,낮음
6/1/2020,남해(295),X,27,27.8,22,16.8,62.1,X, ,X,낮음
6/1/2020,부천(433),X,,23.7,18.5,14.9,,X, ,X,낮음
6/1/2020,안양(434),X,,23,18.9,15.6,,X, ,X,낮음
6/1/2020,광명(437),X,,24.3,19.5,15.2,,X, ,X,낮음
6/1/2020,군포(438),X,,24,18.8,14.4,,X, ,X,낮음
6/1/2020,김포(441),X,,,,,,X, ,X,낮음
6/1/2020,하남(444),X,,26.5,19.7,14.2,,X, ,X,낮음
6/1/2020,의왕(445),X,,22.5,17.6,11.9,,X, ,X,낮음
6/1/2020,포천(504),X,24.4,25,19.4,14.5,61,X, ,X,낮음
6/1/2020,가평조종(505),X,24.2,24.7,19,12.8,65,X, ,X,낮음
6/1/2020,안성(516),X,24.5,25.9,20.1,14.5,64,X, ,X,낮음
6/1/2020,간성(517),X,25.6,27.8,23.4,17,44,X, ,X,낮음
6/1/2020,평창(526),X,23.7,25.2,19,12.1,56,X, ,X,낮음
6/1/2020,의정부(532),X,24.5,24.6,19.5,14.2,69,X, ,X,낮음
6/1/2020,횡성(536),X,24.9,25.9,19.3,12.2,67,X, ,X,낮음
6/1/2020,고양(540),X,25.9,27,19.8,13.8,67,X, ,X,낮음
6/1/2020,남양주(541),X,25.2,26.1,20.3,15.2,56,X, ,X,낮음
6/1/2020,안산(545),X,24.5,24.6,18.2,11.4,77,X, ,X,낮음
6/1/2020,경기광주(546),X,24,24.9,19.2,14.8,62,X, ,X,낮음
6/1/2020,여주(548),X,23.9,24.8,19.3,14.9,61,X, ,X,낮음
6/1/2020,용인(549),X,23.3,24.4,19.2,13.4,60,X, ,X,낮음
6/1/2020,오산(550),X,24.1,25.1,19.6,14.4,61,X, ,X,낮음
6/1/2020,평택(551),X,23.7,25,20.1,15.7,65,X, ,X,낮음
6/1/2020,화천(555),X,25.4,26.9,20.3,13.1,64,X, ,X,낮음
6/1/2020,양구(556),X,24.8,26.7,20.4,14.9,55,X, ,X,낮음
6/1/2020,시흥(565),X,22.6,22.4,18.1,13.7,75,X, ,X,낮음
6/1/2020,구리(569),X,24.3,25.8,20.5,15.8,56,X, ,X,낮음
6/1/2020,화성(571),X,23.5,23.8,18.3,13.1,71,X, ,X,낮음
6/1/2020,성남(572),X,24,25,20.2,15.8,57,X, ,X,보통
6/1/2020,과천(590),X,24.5,24.6,19.6,15.1,67,X, ,X,낮음
6/1/2020,양주(598),X,24.3,25.1,19.3,13.5,63,X, ,X,낮음
6/1/2020,단양(601),X,25.4,26.1,20.3,15,65,X, ,X,낮음
6/1/2020,진천(602),X,23.6,25.1,20.1,15.6,60,X, ,X,낮음
6/1/2020,괴산(603),X,23.8,25.6,19.2,12.1,60,X, ,X,낮음
6/1/2020,옥천(604),X,24.7,26.4,20.4,13.1,61,X, ,X,낮음
6/1/2020,홍북(608),X,26.3,25.9,18.4,12.4,83,X, ,X,낮음
6/1/2020,공주(612),X,25.4,,,,,X, ,X,낮음
6/1/2020,서천(614),X,24.2,22.3,19,15.5,81,X, ,X,낮음
6/1/2020,논산(615),X,24.9,26.2,20.6,15.8,66,X, ,X,낮음
6/1/2020,당진(616),X,23.5,25.2,19.2,14.1,69,X, ,X,낮음
6/1/2020,청양(618),X,25.1,25.4,18.3,10.9,75,X, ,X,낮음
6/1/2020,음성(619),X,24,24.8,19.2,12.6,65,X, ,X,낮음
6/1/2020,증평(623),X,23.4,25.4,20,14.6,60,X, ,X,낮음
6/1/2020,태안(627),X,24.4,23.1,17.4,13,86,X, ,X,낮음
6/1/2020,예산(628),X,24.9,25.7,20,15.5,69,X, ,X,낮음
6/1/2020,아산(634),X,25.5,26.9,20.4,14.9,62,X, ,X,낮음
6/1/2020,계룡(636),X,24.8,26,18,9.4,64,X, ,X,낮음
6/1/2020,연천청산(652),X,24.7,25.6,19.8,14.4,66,X, ,X,낮음
6/1/2020,양양(670),X,26.4,28,23.6,18.3,50,X, ,X,낮음
6/1/2020,무안(699),X,24.8,23.8,18.9,14.4,84,X, ,X,낮음
6/1/2020,무주(701),X,25.3,26.2,19.9,11.3,70,X, ,X,낮음
6/1/2020,익산(702),X,25.8,25.7,19.8,14.6,74,X, ,X,낮음
6/1/2020,진안(703),X,23.2,23.3,17.7,10.3,73,X, ,X,낮음
6/1/2020,담양(706),X,26.4,27.6,21.1,14.2,69,X, ,X,낮음
6/1/2020,구례(709),X,26.4,27.1,21.4,14.1,64,X, ,X,낮음
6/1/2020,나주(710),X,25.5,25.8,20.1,13.8,73,X, ,X,낮음
6/1/2020,순천시(712),X,27.4,28.4,22.8,19,57,X, ,X,낮음
6/1/2020,광양읍(713),X,27.7,28.8,22.6,15.2,59,X, ,X,낮음
6/1/2020,장성(730),X,25.5,26.2,19.9,13.2,71,X, ,X,낮음
6/1/2020,영암(731),X,25.3,24.8,19.8,14.4,81,X, ,X,낮음
6/1/2020,보성(732),X,25.6,25.8,19.7,13.1,70,X, ,X,낮음
6/1/2020,완주(734),X,26,26.2,18.6,12,77,X, ,X,낮음
6/1/2020,김제(737),X,24.6,23.9,19.1,15.7,84,X, ,X,낮음
6/1/2020,화순(741),X,24.8,25.9,20.1,13,63,X, ,X,낮음
6/1/2020,함평(754),X,25.1,23.7,19,12.8,84,X, ,X,낮음
6/1/2020,곡성(768),X,25.3,26.2,20.5,12.2,56,X, ,X,낮음
6/1/2020,압해도(789),X,24.8,22.9,18.7,15.4,91,X, ,X,낮음
6/1/2020,영양(801),X,24.8,26.1,19.8,11.4,57,X, ,X,낮음
6/1/2020,성주(810),X,26.3,28.4,22.2,14.5,50,X, ,X,낮음
6/1/2020,고령(812),X,27.6,29.5,21.8,13.6,59,X, ,X,낮음
6/1/2020,청도(813),X,28.1,29.5,22.1,14.4,59,X, ,X,낮음
6/1/2020,예천(815),X,25.3,26.4,20.7,13.9,63,X, ,X,낮음
6/1/2020,김천(822),X,26.6,27.7,21.5,12.6,61,X, ,X,낮음
6/1/2020,군위(823),X,25.6,26.7,21,13.4,57,X, ,X,낮음
6/1/2020,칠곡(825),X,26.1,27.4,23.1,18.3,52,X, ,X,낮음
6/1/2020,경산(827),X,26.9,29.8,23.4,18.1,45,X,관심,X,낮음
6/1/2020,삼척(876),X,26.3,28.6,23.6,18,42,X, ,X,낮음
6/1/2020,속초(90),X,25.8,28.5,23.9,17.3,40.8,X, ,X,낮음
6/1/2020,삼천포(907),X,27.7,27.6,22.6,17.3,59,X, ,X,낮음
6/1/2020,고성(918),X,28.3,29.1,22.4,17.3,66,X, ,X,낮음
6/1/2020,창녕(919),X,28.5,30.9,23,15.7,55,X, ,X,낮음
6/1/2020,함안(920),X,27.5,29,22.4,15.5,64,X, ,X,낮음
6/1/2020,북춘천(93),X,24.9,26.6,21,15.8,58.1,X, ,X,높음
6/1/2020,하동(932),X,26.6,27.9,21.7,15.6,62,X, ,X,낮음
6/1/2020,철원(95),X,24.5,25.3,19.8,15.5,67.6,X, ,X,낮음
6/1/2020,동두천(98),X,25,25.2,19.5,15.1,69,X, ,X,낮음
6/1/2020,파주(99),X,24.6,24.6,19.1,14.1,71.1,X, ,X,낮음
6/2/2020,북강릉(104),X,23.8,25.9,19.8,13.6,50.3,X, ,X,높음
6/2/2020,동해(106),X,23.8,25.3,20.3,15.5,49.3,X, ,X,낮음
6/2/2020,서울(108),X,22.1,21.8,17.9,14.8,71,X, ,X,보통
6/2/2020,인천(112),X,21.8,21.8,16.9,13.9,77.9,X, ,X,보통
6/2/2020,원주(114),X,22.2,25,19,13.5,51.5,X, ,X,낮음
6/2/2020,울릉도(115),X,25.1,24.6,20.5,18.1,49.4,X, ,X,낮음
6/2/2020,수원(119),X,23.3,23.3,18.3,13,76,X, ,X,낮음
6/2/2020,영월(121),X,23.3,24.6,18.7,11.3,53.1,X, ,X,낮음
6/2/2020,충주(127),X,23.8,25.3,18.8,11.6,58.1,X, ,X,낮음
6/2/2020,서산(129),X,22.6,22.3,17.3,13.6,82.4,X, ,X,보통
6/2/2020,울진(130),X,24.5,25.5,19.7,15.5,51.1,X, ,X,낮음
6/2/2020,청주(131),X,23,24.3,20.1,15.6,53.9,X, ,X,높음
6/2/2020,대전(133),X,23.3,23.2,20.1,15,60.4,X, ,X,매우높음
6/2/2020,추풍령(135),X,23,24.7,18.5,10.7,51.5,X, ,X,낮음
6/2/2020,안동(136),X,24.3,26.2,20.3,12.6,45.9,X, ,X,높음
6/2/2020,상주(137),X,25.2,25.8,20.6,14.1,54.9,X, ,X,낮음
6/2/2020,포항(138),X,25.9,27.8,23.6,18.4,39.8,X,관심,X,낮음
6/2/2020,군산(140),X,23.2,22.7,18.9,14,77.9,X, ,X,낮음
6/2/2020,대구(143),X,26.4,29.3,22.5,15,41.9,X,관심,X,매우높음
6/2/2020,전주(146),X,25,25.5,20,13.5,57.4,X, ,X,매우높음
6/2/2020,울산(152),X,24.5,26.7,21.5,16.1,44.1,X, ,X,높음
6/2/2020,창원(155),X,25.8,27.4,21.1,15.7,48.5,X, ,X,매우높음
6/2/2020,광주(156),X,26.5,27.8,21.3,14.2,61.3,X, ,X,보통
6/2/2020,부산(159),X,24.9,25.1,21.1,18,50.8,X, ,X,보통
6/2/2020,통영(162),X,24.6,24.9,19.8,15.1,68.1,X, ,X,낮음
6/2/2020,목포(165),X,25.7,25.5,19.8,15.2,77.6,X, ,X,매우높음
6/2/2020,여수(168),X,24.9,24.7,20.5,16.3,63,X, ,X,낮음
6/2/2020,흑산도(169),X,21.2,17.9,15.5,11.8,98.4,X, ,X,낮음
6/2/2020,완도(170),X,25.7,26.1,19.5,13.4,65.5,X, ,X,낮음
6/2/2020,고창(172),X,25.7,26.3,20.2,12.7,68.3,X, ,X,낮음
6/2/2020,제주(184),X,23.4,22.5,18.6,15,69.3,X, ,X,매우높음
6/2/2020,진주(192),X,26.6,28.6,20.2,10.9,56.6,X, ,X,낮음
6/2/2020,양평(202),X,22,22.1,17.4,12.7,71.1,X, ,X,낮음
6/2/2020,이천(203),X,23.3,23.8,18,11.7,71.9,X, ,X,낮음
6/2/2020,인제(211),X,21.8,22.2,17,12.7,65.5,X, ,X,낮음
6/2/2020,홍천(212),X,21.6,22.6,17.1,12.3,65.6,X, ,X,낮음
6/2/2020,태백(216),X,23,24.9,19,10.7,42.6,X, ,X,낮음
6/2/2020,정선군(217),X,23.8,24.1,18.9,10.8,60.4,X, ,X,낮음
6/2/2020,제천(221),X,22,23.2,18.1,10.8,57.1,X, ,X,낮음
6/2/2020,보은(226),X,22.5,23.4,18.1,11.5,65,X, ,X,낮음
6/2/2020,천안(232),X,22.4,23,17.9,11.5,66.9,X, ,X,낮음
6/2/2020,보령(235),X,22.1,21.8,18.1,13.3,77.1,X, ,X,낮음
6/2/2020,부여(236),X,22.9,22.3,18.8,13.6,75.5,X, ,X,낮음
6/2/2020,금산(238),X,23.9,24.2,18.2,10.9,64.8,X, ,X,낮음
6/2/2020,세종(239),X,22.8,23.5,18.6,13.5,64.1,X, ,X,매우높음
6/2/2020,부안(243),X,24,23.8,19.5,13.5,72.5,X, ,X,낮음
6/2/2020,임실(244),X,24.3,25.5,18.6,9.8,65.6,X, ,X,낮음
6/2/2020,정읍(245),X,24.6,25.5,19.9,11.9,60.4,X, ,X,낮음
6/2/2020,남원(247),X,26.4,28.2,20.9,11.7,52.6,X, ,X,낮음
6/2/2020,장수(248),X,23.9,25.3,18,8.2,63.5,X, ,X,낮음
6/2/2020,영광군(252),X,26,26,20,11.8,67.8,X, ,X,낮음
6/2/2020,김해시(253),X,26.8,28.1,21.7,16.1,49.8,X, ,X,낮음
6/2/2020,순창군(254),X,25.7,27.7,20.2,11.3,62.3,X, ,X,낮음
6/2/2020,양산시(257),X,26.9,29,21.9,14.9,47.1,X, ,X,낮음
6/2/2020,강진군(259),X,26.5,27.6,19.5,11.9,61.6,X, ,X,낮음
6/2/2020,장흥(260),X,26.4,28,18.7,10.9,67.6,X, ,X,낮음
6/2/2020,해남(261),X,26.4,26.8,19.5,12.4,73.1,X, ,X,낮음
6/2/2020,고흥(262),X,26.1,28.1,18.9,9.8,64.6,X, ,X,낮음
6/2/2020,의령군(263),X,27.7,30.3,21.4,12.4,48.9,X, ,X,낮음
6/2/2020,함양군(264),X,26.1,28.8,19.5,10,56,X, ,X,낮음
6/2/2020,진도군ASOS(268),X,24.7,24.9,18.1,10.6,81.8,X, ,X,낮음
6/2/2020,봉화(271),X,22.4,23.6,17.5,9.9,60.5,X, ,X,낮음
6/2/2020,영주(272),X,23.7,24.7,19,11.7,54.6,X, ,X,낮음
6/2/2020,문경(273),X,23.7,25,19.2,12.6,58.8,X, ,X,낮음
6/2/2020,청송군(276),X,27,28.6,19.5,9.3,57.5,X, ,X,낮음
6/2/2020,영덕(277),X,24.7,26.4,21.7,16.8,40.5,X, ,X,낮음
6/2/2020,의성(278),X,25.8,28,19.7,10.2,51,X, ,X,낮음
6/2/2020,구미(279),X,25.5,27.1,20.9,14.3,53,X, ,X,낮음
6/2/2020,영천(281),X,25.6,28.4,20.9,12.2,47.5,X,관심,X,낮음
6/2/2020,경주시(283),X,28.5,31.1,22.9,15.5,41.6,X,관심,X,낮음
6/2/2020,거창(284),X,26,28.1,18.9,10,60.3,X, ,X,낮음
6/2/2020,합천(285),X,27,29.8,21.3,12.2,51.1,X, ,X,낮음
6/2/2020,밀양(288),X,26.4,30.6,22,13.6,39,X, ,X,낮음
6/2/2020,산청(289),X,26.8,29.3,20.4,12,54.1,X, ,X,낮음
6/2/2020,거제(294),X,25,26.6,20.3,14.3,61.1,X, ,X,낮음
6/2/2020,남해(295),X,26.2,27.5,20.8,14.2,53.1,X, ,X,낮음
6/2/2020,부천(433),X,,22.1,17.5,13.5,,X, ,X,낮음
6/2/2020,안양(434),X,,22.9,18.3,14.9,,X, ,X,낮음
6/2/2020,광명(437),X,,22.8,18.7,15.2,,X, ,X,낮음
6/2/2020,군포(438),X,,22.7,17.9,13.8,,X, ,X,낮음
6/2/2020,김포(441),X,,,,,,X, ,X,낮음
6/2/2020,하남(444),X,,21.7,17.1,12.3,,X, ,X,낮음
6/2/2020,의왕(445),X,,21.5,16,10.7,,X, ,X,낮음
6/2/2020,포천(504),X,21.8,21.5,16.6,12.8,70,X, ,X,낮음
6/2/2020,가평조종(505),X,21.4,21,14.9,10.9,83,X, ,X,낮음
6/2/2020,안성(516),X,24.9,26.3,18.9,12.5,68,X, ,X,낮음
6/2/2020,간성(517),X,23.5,23.9,18.5,12.9,60,X, ,X,낮음
6/2/2020,평창(526),X,22.1,23.7,17.9,10.6,53,X, ,X,낮음
6/2/2020,의정부(532),X,22.7,21.9,17.1,13.2,81,X, ,X,낮음
6/2/2020,횡성(536),X,22.9,23.7,17.2,11.3,72,X, ,X,낮음
6/2/2020,고양(540),X,23.1,23,17.2,11.9,75,X, ,X,낮음
6/2/2020,남양주(541),X,22.1,22.6,17.5,13,68,X, ,X,낮음
6/2/2020,안산(545),X,23,22.8,16.8,9.9,84,X, ,X,낮음
6/2/2020,경기광주(546),X,22,22.1,17,11.1,72,X, ,X,낮음
6/2/2020,여주(548),X,23.2,23.6,17.5,11.5,66,X, ,X,낮음
6/2/2020,용인(549),X,23.2,24,17.4,11.5,70,X, ,X,낮음
6/2/2020,오산(550),X,23.3,24.5,18.5,13.1,64,X, ,X,낮음
6/2/2020,평택(551),X,24.2,24.5,18.5,13.2,75,X, ,X,낮음
6/2/2020,화천(555),X,21.9,21.1,15.6,12.1,83,X, ,X,낮음
6/2/2020,양구(556),X,22,22.4,16.5,12.3,68,X, ,X,낮음
6/2/2020,시흥(565),X,22.8,22.9,17.4,11.3,78,X, ,X,낮음
6/2/2020,구리(569),X,22.5,22.7,18.1,13.9,66,X, ,X,낮음
6/2/2020,화성(571),X,23,22.9,18.1,12.7,73,X, ,X,낮음
6/2/2020,성남(572),X,22.9,23.6,18.4,13.3,63,X, ,X,높음
6/2/2020,과천(590),X,22.7,22.9,17.8,11.7,72,X, ,X,낮음
6/2/2020,양주(598),X,22.5,22.4,16.6,11.9,75,X, ,X,낮음
6/2/2020,단양(601),X,25.1,27.6,20,12.5,58,X, ,X,낮음
6/2/2020,진천(602),X,23.1,24.3,18.7,12.8,63,X, ,X,낮음
6/2/2020,괴산(603),X,23.4,25.1,18.3,10.6,59,X, ,X,낮음
6/2/2020,옥천(604),X,23.2,23.9,18.8,11.8,61,X, ,X,낮음
6/2/2020,홍북(608),X,21.8,20.2,16.2,12,87,X, ,X,낮음
6/2/2020,공주(612),X,,,,,,X, ,X,낮음
6/2/2020,서천(614),X,24.2,23.9,19.9,15.5,75,X, ,X,낮음
6/2/2020,논산(615),X,23.8,24.4,19.8,13.8,69,X, ,X,낮음
6/2/2020,당진(616),X,23.3,23,17,12.3,80,X, ,X,낮음
6/2/2020,청양(618),X,22.4,21.9,17.1,11,81,X, ,X,낮음
6/2/2020,음성(619),X,23.7,25.4,17.8,10.7,63,X, ,X,낮음
6/2/2020,증평(623),X,23.6,25,19.2,12.9,60,X, ,X,낮음
6/2/2020,태안(627),X,21.8,21.1,16.8,12.7,87,X, ,X,낮음
6/2/2020,예산(628),X,22.9,22.6,18.1,13.5,75,X, ,X,낮음
6/2/2020,아산(634),X,22.9,23.2,18,13.3,72,X, ,X,낮음
6/2/2020,계룡(636),X,22.1,22.7,17.6,9.3,62,X, ,X,낮음
6/2/2020,연천청산(652),X,22.3,22.1,16.3,12.5,79,X, ,X,낮음
6/2/2020,양양(670),X,25,25.4,20,15.2,61,X, ,X,낮음
6/2/2020,무안(699),X,25.9,26.4,19.6,11.8,75,X, ,X,낮음
6/2/2020,무주(701),X,24.7,25.8,18.1,9.2,70,X, ,X,낮음
6/2/2020,익산(702),X,25.3,25.8,19.5,11.3,70,X, ,X,낮음
6/2/2020,진안(703),X,22.8,23.9,16.8,7.6,67,X, ,X,낮음
6/2/2020,담양(706),X,27.5,28,20.9,12,71,X, ,X,낮음
6/2/2020,구례(709),X,27.9,29.8,20.5,11.1,59,X, ,X,낮음
6/2/2020,나주(710),X,27.3,27.8,19.9,11.2,73,X, ,X,낮음
6/2/2020,순천시(712),X,27.5,28.3,21.2,14.4,56,X, ,X,낮음
6/2/2020,광양읍(713),X,28.3,29.7,20.9,12.1,54,X, ,X,낮음
6/2/2020,장성(730),X,25.6,27,20.1,11.4,65,X, ,X,낮음
6/2/2020,영암(731),X,28,28,20.1,12.5,71,X, ,X,낮음
6/2/2020,보성(732),X,26.4,27.6,18,9.6,68,X, ,X,낮음
6/2/2020,완주(734),X,25.1,24.8,18.3,10.3,68,X, ,X,낮음
6/2/2020,김제(737),X,24,,,,,X, ,X,낮음
6/2/2020,화순(741),X,26.3,28.6,19.7,10.3,57,X, ,X,낮음
6/2/2020,함평(754),X,26.9,26.9,19.5,11.2,73,X, ,X,낮음
6/2/2020,곡성(768),X,27,29.6,20.3,10.5,51,X, ,X,낮음
6/2/2020,압해도(789),X,26.1,25.9,19.8,13.5,80,X, ,X,낮음
6/2/2020,영양(801),X,25.3,27.4,19.5,9.4,51,X, ,X,낮음
6/2/2020,성주(810),X,25.8,28.3,20,11.3,51,X, ,X,낮음
6/2/2020,고령(812),X,26.6,29.4,20.7,10.5,53,X, ,X,낮음
6/2/2020,청도(813),X,27,29.9,21.3,11.2,48,X, ,X,낮음
6/2/2020,예천(815),X,24.8,25.3,19.3,12.3,66,X, ,X,낮음
6/2/2020,김천(822),X,25.9,27.7,19.6,10,63,X, ,X,낮음
6/2/2020,군위(823),X,25.7,26.7,19,10.7,62,X, ,X,낮음
6/2/2020,칠곡(825),X,25.3,27.4,21.2,13.6,52,X, ,X,낮음
6/2/2020,경산(827),X,26.9,30.1,22.6,14,37,X,관심,X,낮음
6/2/2020,삼척(876),X,24.7,26.5,20.8,15.7,49,X, ,X,낮음
6/2/2020,속초(90),X,24.6,25.1,19.3,13.9,56.5,X, ,X,낮음
6/2/2020,삼천포(907),X,24.7,25.5,19.8,14.5,59,X, ,X,낮음
6/2/2020,고성(918),X,25,25.7,19.9,12.9,61,X, ,X,낮음
6/2/2020,창녕(919),X,27.7,30.6,22.1,13,47,X, ,X,낮음
6/2/2020,함안(920),X,27.9,29.6,20.7,12.1,59,X, ,X,낮음
6/2/2020,북춘천(93),X,21.6,21.3,17,13.7,75.1,X, ,X,보통
6/2/2020,하동(932),X,26.9,28.7,20.5,12.2,57,X, ,X,낮음
6/2/2020,철원(95),X,22,22,16.3,12.7,82.9,X, ,X,낮음
6/2/2020,동두천(98),X,22.6,21.8,16.5,13.3,77.9,X, ,X,낮음
6/2/2020,파주(99),X,23.4,22.7,16.5,12.4,81.9,X, ,X,낮음
6/3/2020,북강릉(104),X,26.8,26.2,22.2,13.5,60.1,X, ,X,매우높음
6/3/2020,동해(106),X,25.1,25.6,20.1,15,69.3,X, ,X,낮음
6/3/2020,서울(108),X,28.4,28.4,22,17.6,73.3,X, ,X,높음
6/3/2020,인천(112),X,25.5,24.3,20.1,16.7,82.1,X, ,X,높음
6/3/2020,원주(114),X,26.9,27.5,21.9,16.9,66.6,X, ,X,낮음
6/3/2020,울릉도(115),X,25.3,23.7,21.1,18.5,69.4,X, ,X,낮음
6/3/2020,수원(119),X,28.3,28,21.9,18,82.1,X, ,X,낮음
6/3/2020,영월(121),X,28.7,29.5,21.4,16.7,66.1,X, ,X,낮음
6/3/2020,충주(127),X,27.9,28.2,21.8,17,72.8,X, ,X,낮음
6/3/2020,서산(129),X,27,25.5,20.4,17.2,88.3,X, ,X,매우높음
6/3/2020,울진(130),X,27,27.4,21.4,14.9,66.4,X, ,X,낮음
6/3/2020,청주(131),X,28.9,29.1,23.2,18.2,70.4,X, ,X,매우높음
6/3/2020,대전(133),X,29.2,28.8,23.3,19.3,75.3,X, ,X,매우높음
6/3/2020,추풍령(135),X,27.8,28.2,22.1,14.8,62.4,X, ,X,낮음
6/3/2020,안동(136),X,28.3,28.9,22.7,16.5,58.6,X,관심,X,매우높음
6/3/2020,상주(137),X,29.4,29.5,23.6,18.7,65.6,X,관심,X,낮음
6/3/2020,포항(138),X,30.2,31.1,25.6,20.4,51.8,X,관심,X,낮음
6/3/2020,군산(140),X,27.8,25.8,21.7,19.1,86,X, ,X,낮음
6/3/2020,대구(143),X,30.2,31.1,24.1,17.2,56.5,X,관심,X,매우높음
6/3/2020,전주(146),X,29.4,29.1,23.3,19.5,72.1,X, ,X,매우높음
6/3/2020,울산(152),X,28.7,28.6,23.2,17.1,63.4,X,관심,X,매우높음
6/3/2020,창원(155),X,27.8,26.8,21.3,16.5,75.6,X,관심,X,매우높음
6/3/2020,광주(156),X,29.5,28,22.7,18.3,83.4,X,관심,X,매우높음
6/3/2020,부산(159),X,27.1,25.7,21.3,18.6,81.3,X, ,X,높음
6/3/2020,통영(162),X,27.2,25.1,20.7,18.4,88.8,X, ,X,낮음
6/3/2020,목포(165),X,26.7,24.4,21.2,18.8,92.3,X, ,X,매우높음
6/3/2020,여수(168),X,25.9,23.4,20.9,18.7,91.5,X, ,X,낮음
6/3/2020,흑산도(169),X,21.7,18.2,16.9,15.5,98.9,X, ,X,낮음
6/3/2020,완도(170),X,25.8,22.9,20.4,18,90.5,X, ,X,낮음
6/3/2020,고창(172),X,28.2,26.7,22.2,18.8,83,X, ,X,낮음
6/3/2020,제주(184),X,26.4,24.7,20.5,18.1,83.6,X, ,X,높음
6/3/2020,진주(192),X,28.8,27.8,21.4,15.3,77.3,X,관심,X,낮음
6/3/2020,양평(202),X,27.6,27.4,22,17.7,73.5,X, ,X,낮음
6/3/2020,이천(203),X,28,27.5,22,17.5,78.5,X, ,X,낮음
6/3/2020,인제(211),X,27.9,28.6,22.8,16.4,58.5,X, ,X,낮음
6/3/2020,홍천(212),X,27.9,28.3,22.3,16.6,63.9,X, ,X,낮음
6/3/2020,태백(216),X,26.8,28.5,21.5,17.4,56.1,X, ,X,낮음
6/3/2020,정선군(217),X,28.6,28.8,21.6,16.8,72.3,X, ,X,낮음
6/3/2020,제천(221),X,26.8,27,20.8,16.1,73.3,X, ,X,낮음
6/3/2020,보은(226),X,27.6,27.7,22.1,16.8,71.5,X, ,X,낮음
6/3/2020,천안(232),X,28.1,27.9,21.7,17.4,78.6,X, ,X,낮음
6/3/2020,보령(235),X,26,23.8,20.3,18.2,91.1,X, ,X,낮음
6/3/2020,부여(236),X,28.4,27.8,21.8,18.7,84.1,X, ,X,낮음
6/3/2020,금산(238),X,28.6,28.7,22.4,16.9,72.9,X, ,X,낮음
6/3/2020,세종(239),X,28,28.1,22.2,17.7,74.8,X, ,X,매우높음
6/3/2020,부안(243),X,28.3,27,22.8,19.5,81.1,X, ,X,낮음
6/3/2020,임실(244),X,28.7,28.1,21.8,17.2,76.6,X, ,X,낮음
6/3/2020,정읍(245),X,28.6,27.8,22.8,19.1,73.1,X, ,X,낮음
6/3/2020,남원(247),X,29,28.6,22.9,18.3,68.8,X,관심,X,낮음
6/3/2020,장수(248),X,27.7,27.5,21.9,15.7,74,X, ,X,낮음
6/3/2020,영광군(252),X,27.7,26.2,22,18.3,82.1,X, ,X,낮음
6/3/2020,김해시(253),X,29.4,28.4,21.8,17,76.9,X,관심,X,낮음
6/3/2020,순창군(254),X,28.4,27.4,22.3,18.1,76.1,X,관심,X,낮음
6/3/2020,양산시(257),X,29.2,28.5,21.8,16.7,76.6,X,관심,X,낮음
6/3/2020,강진군(259),X,26.1,24.1,20.9,18.1,83.5,X, ,X,낮음
6/3/2020,장흥(260),X,25.8,23.4,20.5,17.2,84.5,X, ,X,낮음
6/3/2020,해남(261),X,27,24.8,21.5,18.5,87.6,X, ,X,낮음
6/3/2020,고흥(262),X,25.6,23.5,20.7,15.8,86.9,X, ,X,낮음
6/3/2020,의령군(263),X,29.5,29.2,22.3,15.8,69.9,X,관심,X,낮음
6/3/2020,함양군(264),X,29.2,29.9,23,15.9,64.1,X,관심,X,낮음
6/3/2020,진도군ASOS(268),X,26.5,24.4,20.7,18.8,91.5,X, ,X,낮음
6/3/2020,봉화(271),X,26.5,26.9,19.8,13.3,70.9,X, ,X,낮음
6/3/2020,영주(272),X,28.1,27.8,21.6,16.1,68.8,X, ,X,낮음
6/3/2020,문경(273),X,28.6,28.7,22.5,16.7,67.9,X,관심,X,낮음
6/3/2020,청송군(276),X,29.1,29.6,21,12.9,71.8,X, ,X,낮음
6/3/2020,영덕(277),X,28.5,28.9,23,17.4,58.4,X, ,X,낮음
6/3/2020,의성(278),X,28.9,29.6,21.8,13.9,64.4,X,관심,X,낮음
6/3/2020,구미(279),X,29.6,29.7,23,16.3,69.6,X,관심,X,낮음
6/3/2020,영천(281),X,28.7,30,22.6,14.3,61.1,X,관심,X,낮음
6/3/2020,경주시(283),X,29.9,30.7,23.4,15.6,61.6,X,관심,X,낮음
6/3/2020,거창(284),X,29.7,30.1,21.5,14,70.9,X, ,X,낮음
6/3/2020,합천(285),X,29.8,29.9,21.6,14.4,72.9,X,관심,X,낮음
6/3/2020,밀양(288),X,28.3,29.4,22,15.5,68.4,X,관심,X,낮음
6/3/2020,산청(289),X,28.6,28.2,20.8,14.7,76.6,X,관심,X,낮음
6/3/2020,거제(294),X,26.5,24.5,21.3,18.6,82,X, ,X,낮음
6/3/2020,남해(295),X,27,25.2,21.2,16.7,81.3,X, ,X,낮음
6/3/2020,부천(433),X,,27.5,21.1,16.8,,X, ,X,낮음
6/3/2020,안양(434),X,,27.6,21.7,17.7,,X, ,X,낮음
6/3/2020,광명(437),X,,28,22,17.9,,X, ,X,낮음
6/3/2020,군포(438),X,,28.3,21.5,17.3,,X, ,X,낮음
6/3/2020,김포(441),X,,28,21.2,17.2,,X, ,X,낮음
6/3/2020,하남(444),X,,28.9,21.9,17,,X, ,X,낮음
6/3/2020,의왕(445),X,,26.4,20.4,16.7,,X, ,X,낮음
6/3/2020,포천(504),X,27.8,28.1,21.6,16.6,68,X, ,X,낮음
6/3/2020,가평조종(505),X,28.2,28.2,21.1,14.1,73,X, ,X,낮음
6/3/2020,안성(516),X,29.3,29.1,22.5,17.6,79,X, ,X,낮음
6/3/2020,간성(517),X,26.9,27.3,22.5,12.6,64,X, ,X,낮음
6/3/2020,평창(526),X,27.5,28.1,20.6,15,65,X, ,X,낮음
6/3/2020,의정부(532),X,28.7,28.4,21.2,15.8,82,X, ,X,낮음
6/3/2020,횡성(536),X,27.9,27.6,21.7,16.9,76,X, ,X,낮음
6/3/2020,고양(540),X,30,30.5,22,16.6,74,X, ,X,낮음
6/3/2020,남양주(541),X,28.6,28.9,22.1,16.4,68,X, ,X,낮음
6/3/2020,안산(545),X,28.3,27.7,21.3,17.6,82,X, ,X,낮음
6/3/2020,경기광주(546),X,28.1,27.9,21.3,16.5,75,X, ,X,낮음
6/3/2020,여주(548),X,27.8,27.4,21.6,16.7,77,X, ,X,낮음
6/3/2020,용인(549),X,27.4,27.3,21.8,17.2,73,X, ,X,낮음
6/3/2020,오산(550),X,27.5,27.9,22,17.8,74,X, ,X,낮음
6/3/2020,평택(551),X,29.3,28.6,22.2,17.7,83,X, ,X,낮음
6/3/2020,화천(555),X,29.4,29.7,21.3,13.8,74,X, ,X,낮음
6/3/2020,양구(556),X,27.6,28.9,22.2,14.3,62,X, ,X,낮음
6/3/2020,시흥(565),X,28.5,28.5,21.3,17.3,81,X, ,X,낮음
6/3/2020,구리(569),X,29.1,29.9,22.4,17.3,66,X, ,X,낮음
6/3/2020,화성(571),X,28.1,28,21.8,17.9,77,X, ,X,낮음
6/3/2020,성남(572),X,27.9,28.2,22.3,18.1,67,X, ,X,매우높음
6/3/2020,과천(590),X,28.7,28.6,22.1,17.7,76,X, ,X,낮음
6/3/2020,양주(598),X,28.3,28.8,21.5,16.4,71,X, ,X,낮음
6/3/2020,단양(601),X,29.1,29.4,22.4,17.8,79,X, ,X,낮음
6/3/2020,진천(602),X,28.1,28.1,22.4,17.8,74,X, ,X,낮음
6/3/2020,괴산(603),X,28.3,28.8,21.9,17.4,72,X, ,X,낮음
6/3/2020,옥천(604),X,28.3,29,22.7,17.7,71,X, ,X,낮음
6/3/2020,홍북(608),X,28.5,26.5,20,17.2,94,X, ,X,낮음
6/3/2020,공주(612),X,29.2,,,,,X, ,X,낮음
6/3/2020,서천(614),X,28,26,22.4,20.3,83,X, ,X,낮음
6/3/2020,논산(615),X,29.4,29.3,22.4,18.7,81,X, ,X,낮음
6/3/2020,당진(616),X,27.8,26.4,20.9,17.3,87,X, ,X,낮음
6/3/2020,청양(618),X,29,28,21.7,17.8,84,X, ,X,낮음
6/3/2020,음성(619),X,28,28,21.7,16.8,77,X, ,X,낮음
6/3/2020,증평(623),X,28.1,28.2,22.4,17.4,77,X, ,X,낮음
6/3/2020,태안(627),X,26.6,23.4,19,16.4,96,X, ,X,낮음
6/3/2020,예산(628),X,28.4,27.1,21.4,18.3,86,X, ,X,낮음
6/3/2020,아산(634),X,29.6,29.8,22.4,18.2,80,X, ,X,낮음
6/3/2020,계룡(636),X,26.9,26.9,21.2,17.1,74,X, ,X,낮음
6/3/2020,연천청산(652),X,28.1,28.2,21.1,16.1,78,X, ,X,낮음
6/3/2020,양양(670),X,29.2,29.7,23.8,14.4,67,X, ,X,낮음
6/3/2020,무안(699),X,27.4,25.8,21.3,18.3,88,X, ,X,낮음
6/3/2020,무주(701),X,29.6,30,23.7,15.1,72,X, ,X,낮음
6/3/2020,익산(702),X,29.6,29.4,23,18.9,79,X, ,X,낮음
6/3/2020,진안(703),X,27,27.2,21.7,15.6,71,X, ,X,낮음
6/3/2020,담양(706),X,30.6,28.5,22.8,18.2,87,X,관심,X,낮음
6/3/2020,구례(709),X,29.2,28.3,22.1,17.1,75,X,관심,X,낮음
6/3/2020,나주(710),X,28.5,26.7,21.9,17.4,85,X,관심,X,낮음
6/3/2020,순천시(712),X,28.1,26.2,21.5,17.2,82,X,관심,X,낮음
6/3/2020,광양읍(713),X,28.4,26.9,21.9,15.9,77,X,관심,X,낮음
6/3/2020,장성(730),X,28.4,27.1,22,17.9,83,X, ,X,낮음
6/3/2020,영암(731),X,28.1,25.9,22,18.6,85,X,관심,X,낮음
6/3/2020,보성(732),X,26.2,23.8,20,14.9,88,X, ,X,낮음
6/3/2020,완주(734),X,29,28.6,21.8,16.4,82,X, ,X,낮음
6/3/2020,김제(737),X,28.8,28.1,22.6,19.5,81,X, ,X,낮음
6/3/2020,화순(741),X,28.2,27.3,22.2,17.4,72,X,관심,X,낮음
6/3/2020,함평(754),X,28.6,26.5,21.3,18,91,X, ,X,낮음
6/3/2020,곡성(768),X,28.9,28.9,22.8,16.4,66,X,관심,X,낮음
6/3/2020,압해도(789),X,27.4,25,21.3,18.6,91,X, ,X,낮음
6/3/2020,영양(801),X,28.5,29.3,21.5,14.3,64,X, ,X,낮음
6/3/2020,성주(810),X,29.7,30.4,22.3,14.5,64,X,관심,X,낮음
6/3/2020,고령(812),X,29.7,30.5,22,14.6,69,X,관심,X,낮음
6/3/2020,청도(813),X,29.5,30.4,21.7,13.9,68,X,관심,X,낮음
6/3/2020,예천(815),X,29.3,28.7,22.1,16.6,79,X,관심,X,낮음
6/3/2020,김천(822),X,31.5,31.6,22.2,14,71,X,관심,X,낮음
6/3/2020,군위(823),X,29.2,29.5,21.9,13.7,69,X,관심,X,낮음
6/3/2020,칠곡(825),X,29.5,29.5,23.3,16.6,64,X,관심,X,낮음
6/3/2020,경산(827),X,29.4,30.5,23.7,17.2,54,X,관심,X,낮음
6/3/2020,삼척(876),X,26.5,26.4,22.9,15.8,57,X, ,X,낮음
6/3/2020,속초(90),X,26.5,27.9,22.6,13.9,58.4,X, ,X,낮음
6/3/2020,삼천포(907),X,26,23.9,20.1,16.8,87,X, ,X,낮음
6/3/2020,고성(918),X,26.4,24,20.9,16.9,86,X, ,X,낮음
6/3/2020,창녕(919),X,29.9,30,22.9,16.2,66,X,관심,X,낮음
6/3/2020,함안(920),X,29.2,28.5,21.5,15.4,76,X,관심,X,낮음
6/3/2020,북춘천(93),X,28.2,28.8,22,13.6,69.4,X, ,X,보통
6/3/2020,하동(932),X,28.1,26.5,21.7,16,78,X,관심,X,낮음
6/3/2020,철원(95),X,28.3,28,21.2,16.2,80.8,X, ,X,낮음
6/3/2020,동두천(98),X,28.9,28.6,21.5,16.8,77.5,X, ,X,낮음
6/3/2020,파주(99),X,28.1,27.1,20.7,16.8,81.1,X, ,X,낮음
6/4/2020,북강릉(104),X,29.7,31,26,21.1,48.4,X, ,X,매우높음
6/4/2020,동해(106),X,28.9,30.3,25.2,20.7,49,X, ,X,낮음
6/4/2020,서울(108),X,27.5,26.5,21.9,19.7,81.1,X, ,X,높음
6/4/2020,인천(112),X,23.5,21.4,19,17.9,92.4,X, ,X,매우높음
6/4/2020,원주(114),X,28.1,30,24.5,19.8,59,X, ,X,낮음
6/4/2020,울릉도(115),X,29,28.7,24.6,19.9,58.1,X, ,X,낮음
6/4/2020,수원(119),X,28.7,27.4,22.3,19,86.5,X, ,X,낮음
6/4/2020,영월(121),X,28.7,29.7,24.1,17.5,61.8,X,관심,X,낮음
6/4/2020,충주(127),X,30.2,30.5,25,19.6,66.6,X,관심,X,낮음
6/4/2020,서산(129),X,25.7,23.5,19.7,18.3,93.8,X, ,X,매우높음
6/4/2020,울진(130),X,31.6,33.7,25,17.4,52.3,X, ,X,낮음
6/4/2020,청주(131),X,30.2,31.4,25.5,21.6,64.5,X,관심,X,매우높음
6/4/2020,대전(133),X,30.5,30.9,25.3,21.9,72.1,X,관심,X,매우높음
6/4/2020,추풍령(135),X,29.4,31.3,25,18.2,57.4,X,관심,X,낮음
6/4/2020,안동(136),X,30.6,32.4,25.2,17.1,55.8,X,관심,X,매우높음
6/4/2020,상주(137),X,31,32.8,26.3,21,61.6,X,관심,X,낮음
6/4/2020,포항(138),O,33.9,35.6,28.8,22.4,52.6,X, ,X,낮음
6/4/2020,군산(140),X,28.1,26.3,22.4,19.5,85.4,X, ,X,낮음
6/4/2020,대구(143),O,33.2,35.3,27.7,19.6,56.5,O,주의,X,매우높음
6/4/2020,전주(146),X,30.9,30.6,24.5,20.7,72.8,X,관심,X,매우높음
6/4/2020,울산(152),X,30.1,29.9,24.7,18.3,70.4,X,관심,X,매우높음
6/4/2020,창원(155),X,31.1,31.1,23.8,19.7,73.5,X,관심,X,매우높음
6/4/2020,광주(156),X,31.3,31.4,24.9,20.2,72.5,X,관심,X,매우높음
6/4/2020,부산(159),X,28.1,26.6,22.9,20.3,78.1,X,관심,X,보통
6/4/2020,통영(162),X,28.3,27.2,21.6,19.3,82.9,X, ,X,낮음
6/4/2020,목포(165),X,27.8,26.1,21.9,18.9,87.5,X, ,X,매우높음
6/4/2020,여수(168),X,27.1,25.6,22.3,19.5,84.1,X,관심,X,낮음
6/4/2020,흑산도(169),X,23.8,20.8,17.1,14.9,96.4,X, ,X,낮음
6/4/2020,완도(170),X,29.7,28.9,22.6,18.1,78.6,X, ,X,낮음
6/4/2020,고창(172),X,30.5,30.2,24,19.7,78.1,X, ,X,낮음
6/4/2020,제주(184),X,26.9,25.3,21.2,18.7,86.4,X, ,X,매우높음
6/4/2020,진주(192),X,31.2,30.9,24.2,19.7,76.6,X,관심,X,낮음
6/4/2020,양평(202),X,29.5,29.6,23.4,18.7,74.8,X, ,X,낮음
6/4/2020,이천(203),X,29.5,29.7,23.8,18.9,78,X, ,X,낮음
6/4/2020,인제(211),X,28.4,28.4,23.1,18.9,65.6,X, ,X,낮음
6/4/2020,홍천(212),X,29.2,29.7,23.5,16.9,68.6,X, ,X,낮음
6/4/2020,태백(216),X,27.2,28.4,22.5,15.2,57.5,X, ,X,낮음
6/4/2020,정선군(217),X,29.4,30,23.7,16.1,66.6,X, ,X,낮음
6/4/2020,제천(221),X,28.8,29.4,23.6,17.1,67.8,X,관심,X,낮음
6/4/2020,보은(226),X,29.4,30.2,24.5,20.3,65.4,X,관심,X,낮음
6/4/2020,천안(232),X,30,29.9,23.9,18.5,76.3,X,관심,X,낮음
6/4/2020,보령(235),X,25.4,22.8,20,18.4,92.6,X, ,X,낮음
6/4/2020,부여(236),X,29.7,28.9,23.1,20.4,81.4,X, ,X,낮음
6/4/2020,금산(238),X,29.9,30.9,25.3,20.6,65,X,관심,X,낮음
6/4/2020,세종(239),X,29.8,30,24.3,20.9,68.5,X,관심,X,매우높음
6/4/2020,부안(243),X,30.5,30.2,23.4,19.9,80.9,X, ,X,낮음
6/4/2020,임실(244),X,29.8,30.7,23.9,18.9,73.1,X,관심,X,낮음
6/4/2020,정읍(245),X,29.9,29.3,23.4,19.2,75.1,X,관심,X,낮음
6/4/2020,남원(247),X,32,32.3,25.5,20,69.4,X,관심,X,낮음
6/4/2020,장수(248),X,29.7,30,24,18.5,70.1,X, ,X,낮음
6/4/2020,영광군(252),X,30.5,30.2,23.7,20,76.8,X, ,X,낮음
6/4/2020,김해시(253),X,31.8,31.4,24.6,19.6,74,X,관심,X,낮음
6/4/2020,순창군(254),X,31.4,31.6,25.1,19.9,69.1,O,관심,X,낮음
6/4/2020,양산시(257),X,31.3,31,24.9,19.4,73.9,X,관심,X,낮음
6/4/2020,강진군(259),X,30.8,30.3,23.7,18.3,75,X, ,X,낮음
6/4/2020,장흥(260),X,30.8,30.2,23.7,18.7,76.8,X,관심,X,낮음
6/4/2020,해남(261),X,29,28,22,17.2,84.4,X,관심,X,낮음
6/4/2020,고흥(262),X,30,29,23.1,18.2,78,X, ,X,낮음
6/4/2020,의령군(263),X,32,33.2,26.2,19.4,65.8,X,관심,X,낮음
6/4/2020,함양군(264),X,31.2,32.9,27.1,22.3,55.9,X,관심,X,낮음
6/4/2020,진도군ASOS(268),X,29.7,28.6,21.9,17,84.1,X, ,X,낮음
6/4/2020,봉화(271),X,28.3,29.1,21.5,12.4,66.1,X, ,X,낮음
6/4/2020,영주(272),X,30.1,31,24.1,15.2,63.4,X, ,X,낮음
6/4/2020,문경(273),X,30,31.6,24.5,17.6,62,X,관심,X,낮음
6/4/2020,청송군(276),X,31.4,33,23.8,15.2,68.1,X,관심,X,낮음
6/4/2020,영덕(277),X,31.3,32.6,27.3,21.4,47.8,X, ,X,낮음
6/4/2020,의성(278),X,31.3,33.4,24.9,16.3,60,O,관심,X,낮음
6/4/2020,구미(279),X,32.6,34.2,26.2,17.8,63.6,O,관심,X,낮음
6/4/2020,영천(281),X,31.6,33.9,26.5,18.2,56.3,O,관심,X,낮음
6/4/2020,경주시(283),O,33.4,35.6,26.7,18.7,62.8,O,관심,X,낮음
6/4/2020,거창(284),X,31.3,33.2,24.5,15.4,64.4,X,관심,X,낮음
6/4/2020,합천(285),X,32.9,34.2,25.3,17.1,71.6,O,관심,X,낮음
6/4/2020,밀양(288),X,31.3,33.8,25.3,18.2,71.1,X,관심,X,낮음
6/4/2020,산청(289),X,32,32.2,24.7,16.5,72.9,O,관심,X,낮음
6/4/2020,거제(294),X,28.6,27.4,23.4,19.9,75.1,X, ,X,낮음
6/4/2020,남해(295),X,30.5,29.8,24.7,20.5,72.9,X, ,X,낮음
6/4/2020,부천(433),X,,24.3,20.1,18,,X, ,X,낮음
6/4/2020,안양(434),X,,26.3,21.6,19.3,,X, ,X,낮음
6/4/2020,광명(437),X,,25.8,21.4,19.4,,X, ,X,낮음
6/4/2020,군포(438),X,,27.1,21.5,19.2,,X, ,X,낮음
6/4/2020,김포(441),X,,24.2,20.2,18.5,,X, ,X,낮음
6/4/2020,하남(444),X,,29.6,22.6,18.4,,X, ,X,낮음
6/4/2020,의왕(445),X,,25.5,20.5,17.6,,X, ,X,낮음
6/4/2020,포천(504),X,28.3,27.8,21.9,18.2,74,X, ,X,낮음
6/4/2020,가평조종(505),X,28.7,28.4,22,17.3,76,X, ,X,낮음
6/4/2020,안성(516),X,29.9,29.9,24.3,20.1,74,X,관심,X,낮음
6/4/2020,간성(517),X,30.5,31.6,25.4,17.3,53,X, ,X,낮음
6/4/2020,평창(526),X,28.5,30.2,22.3,13.8,63,X, ,X,낮음
6/4/2020,의정부(532),X,29.3,28,21.9,17.2,88,X, ,X,낮음
6/4/2020,횡성(536),X,29.3,29.7,23.7,18.1,74,X, ,X,낮음
6/4/2020,고양(540),X,29.2,28.7,21.5,18.7,84,X, ,X,낮음
6/4/2020,남양주(541),X,29.2,28.9,22.8,18.8,74,X, ,X,낮음
6/4/2020,안산(545),X,27.7,26.1,21.1,18.1,89,X, ,X,낮음
6/4/2020,경기광주(546),X,29.4,29.2,22.6,18,78,X,관심,X,낮음
6/4/2020,여주(548),X,29.2,29.6,23.3,18.2,74,X, ,X,낮음
6/4/2020,용인(549),X,28.8,28.6,22.7,18.8,75,X,관심,X,낮음
6/4/2020,오산(550),X,29.2,29,22.9,19.4,75,X, ,X,낮음
6/4/2020,평택(551),X,29.5,28.6,23.5,20.8,80,X, ,X,낮음
6/4/2020,화천(555),X,29.9,30.6,21.8,15,75,X, ,X,낮음
6/4/2020,양구(556),X,28.5,28.9,23.1,16.7,64,X, ,X,낮음
6/4/2020,시흥(565),X,26.2,24.3,20.6,18.4,89,X, ,X,낮음
6/4/2020,구리(569),X,29.6,29.4,23.3,19.5,70,X, ,X,낮음
6/4/2020,화성(571),X,27.6,26.2,21.3,18.4,83,X, ,X,낮음
6/4/2020,성남(572),X,28.8,28.4,23,18.9,73,X, ,X,매우높음
6/4/2020,과천(590),X,28.8,27.8,22.5,19.4,80,X, ,X,낮음
6/4/2020,양주(598),X,27.5,26.7,21.3,18.2,80,X, ,X,낮음
6/4/2020,단양(601),X,30.4,31.5,25,18.7,71,X,관심,X,낮음
6/4/2020,진천(602),X,30.2,30.9,24.5,19.6,71,X,관심,X,낮음
6/4/2020,괴산(603),X,29.6,30.8,24.6,19.2,64,X,관심,X,낮음
6/4/2020,옥천(604),X,30.3,31.6,25.2,20.2,66,X,관심,X,낮음
6/4/2020,홍북(608),X,29.1,27.1,20.4,18,95,X, ,X,낮음
6/4/2020,공주(612),X,30.1,30.4,24.6,20.7,71,X,관심,X,낮음
6/4/2020,서천(614),X,27.7,25.5,22.5,21.1,83,X, ,X,낮음
6/4/2020,논산(615),X,30.2,29.8,24.2,21.1,76,X, ,X,낮음
6/4/2020,당진(616),X,27,24.9,20.5,18.5,91,X, ,X,낮음
6/4/2020,청양(618),X,30.5,29.7,23,19.8,81,X, ,X,낮음
6/4/2020,음성(619),X,29.9,30,24.4,19.8,73,X,관심,X,낮음
6/4/2020,증평(623),X,30.1,30.4,24.8,20.9,72,X,관심,X,낮음
6/4/2020,태안(627),X,23.6,20.2,18.2,17.2,98,X, ,X,낮음
6/4/2020,예산(628),X,29.5,28.2,22.4,19.9,84,X, ,X,낮음
6/4/2020,아산(634),X,30.3,30.5,23.7,20.1,76,X,관심,X,낮음
6/4/2020,계룡(636),X,29.1,28.9,23.2,19.6,68,X, ,X,낮음
6/4/2020,연천청산(652),X,27.4,26.5,21.2,17.2,84,X, ,X,낮음
6/4/2020,양양(670),X,31.6,32,25.6,19.1,65,X, ,X,낮음
6/4/2020,무안(699),X,28.6,27.7,22.6,18.9,81,X, ,X,낮음
6/4/2020,무주(701),X,31.6,33.2,25.6,19.9,69,X, ,X,낮음
6/4/2020,익산(702),X,31.1,30.5,24.3,20.5,78,X,관심,X,낮음
6/4/2020,진안(703),X,29.1,30,23.3,18.4,72,X,관심,X,낮음
6/4/2020,담양(706),X,32.6,31.6,25.3,20.4,81,X,관심,X,낮음
6/4/2020,구례(709),X,32,33.4,26.1,20.5,66,O,관심,X,낮음
6/4/2020,나주(710),X,31,30.5,24.4,20.2,78,X,관심,X,낮음
6/4/2020,순천시(712),X,32.2,30.9,24.8,19.6,80,O,관심,X,낮음
6/4/2020,광양읍(713),X,32.6,32.1,25.4,19.3,76,O,관심,X,낮음
6/4/2020,장성(730),X,30.7,30.7,24.4,19.9,73,X,관심,X,낮음
6/4/2020,영암(731),X,30.5,29.3,23.6,18.9,82,X,관심,X,낮음
6/4/2020,보성(732),X,30.1,28.8,23.1,18.5,81,X, ,X,낮음
6/4/2020,완주(734),X,30.5,30.2,23.8,19.1,78,X, ,X,낮음
6/4/2020,김제(737),X,30.4,29.6,23.5,20,81,X, ,X,낮음
6/4/2020,화순(741),X,30.9,31.6,24.5,20.5,67,X,관심,X,낮음
6/4/2020,함평(754),X,29.9,29,23.4,19.9,80,X, ,X,낮음
6/4/2020,곡성(768),X,31.7,32.7,25.6,20,61,O,관심,X,낮음
6/4/2020,압해도(789),X,28.4,26.5,21.6,18,89,X, ,X,낮음
6/4/2020,영양(801),X,30.5,31.6,23.4,14.5,60,X, ,X,낮음
6/4/2020,성주(810),O,33,34.9,25.2,15.8,60,O,주의,X,낮음
6/4/2020,고령(812),X,32.6,34.4,25.7,17.2,71,O,주의,X,낮음
6/4/2020,청도(813),X,32.6,35.1,25.5,16.2,66,O,주의,X,낮음
6/4/2020,예천(815),X,31,32,24.6,15.5,70,X,관심,X,낮음
6/4/2020,김천(822),O,33.3,34.9,24.8,14.8,67,O,주의,X,낮음
6/4/2020,군위(823),X,32.2,33.4,24.6,16.5,68,O,관심,X,낮음
6/4/2020,칠곡(825),X,32.5,34.2,25.9,18,64,O,주의,X,낮음
6/4/2020,경산(827),X,32.6,35.2,27,18.8,56,O,주의,X,낮음
6/4/2020,삼척(876),X,30.3,32.3,26.8,22.4,45,X, ,X,낮음
6/4/2020,속초(90),X,29.8,31.4,25.9,20.6,51,X, ,X,낮음
6/4/2020,삼천포(907),X,27.6,26,22,19,82,X,관심,X,낮음
6/4/2020,고성(918),X,29.1,27.2,22.8,19.6,83,X,관심,X,낮음
6/4/2020,창녕(919),X,32.9,34.1,26.6,18.1,65,O,주의,X,낮음
6/4/2020,함안(920),X,32.5,33.1,25.3,17.6,71,X,관심,X,낮음
6/4/2020,북춘천(93),X,29.1,29.2,23.2,16.9,74,X, ,X,높음
6/4/2020,하동(932),X,31.5,30.9,24.7,20.4,76,X,관심,X,낮음
6/4/2020,철원(95),X,28.4,26.7,21.6,18,89,X, ,X,낮음
6/4/2020,동두천(98),X,28.8,27.4,21.4,18.2,85.8,X, ,X,낮음
6/4/2020,파주(99),X,25.6,23.3,19.9,18.2,90.3,X, ,X,낮음
6/5/2020,북강릉(104),X,24.1,23.4,18.4,15.6,82.1,X, ,X,매우높음
6/5/2020,동해(106),X,25.7,25.2,18,16,83.8,X, ,X,낮음
6/5/2020,서울(108),X,28.6,28.7,23,18.4,69.4,X, ,X,매우높음
6/5/2020,인천(112),X,25.4,24.4,20.2,17.3,80.3,X, ,X,매우높음
6/5/2020,원주(114),X,27.4,29.2,24.1,20.6,55.1,X, ,X,낮음
6/5/2020,울릉도(115),X,25.8,25.8,20.3,16.7,68.9,X, ,X,낮음
6/5/2020,수원(119),X,28.8,27.9,21.5,18.3,82.1,X, ,X,낮음
6/5/2020,영월(121),X,29.3,30.8,24,19.2,60,X, ,X,낮음
6/5/2020,충주(127),X,28.9,29.9,24.1,20.1,66.3,X, ,X,낮음
6/5/2020,서산(129),X,28.3,28.4,20.9,17.1,81.6,X, ,X,매우높음
6/5/2020,울진(130),X,25.5,25,19.4,17.3,80.4,X, ,X,낮음
6/5/2020,청주(131),X,30.1,30.4,25.5,21.8,61,X, ,X,매우높음
6/5/2020,대전(133),X,30.8,30.8,25.4,22,73,X,관심,X,매우높음
6/5/2020,추풍령(135),X,30.1,30.4,24.7,21,62.5,X,관심,X,낮음
6/5/2020,안동(136),X,29.9,31.1,24.4,20.2,61.6,X,관심,X,매우높음
6/5/2020,상주(137),X,31.2,31.7,25.9,21.7,64.1,X,관심,X,낮음
6/5/2020,포항(138),X,27.5,27.4,22,18.7,77.4,X,관심,X,낮음
6/5/2020,군산(140),X,28.3,26.7,21.2,18.7,89.5,X, ,X,낮음
6/5/2020,대구(143),X,32.9,34.6,25.9,19.8,61,O,주의,X,매우높음
6/5/2020,전주(146),X,30.8,30.4,24,20.6,75.8,X,관심,X,매우높음
6/5/2020,울산(152),X,29.4,28.6,23.2,18.6,67.8,X,관심,X,매우높음
6/5/2020,창원(155),X,29.2,28.9,22.6,18.6,73.3,X,관심,X,매우높음
6/5/2020,광주(156),X,32.5,32.8,25,20.2,78.6,X,관심,X,매우높음
6/5/2020,부산(159),X,28.1,27,22,18.4,79.6,X,관심,X,매우높음
6/5/2020,통영(162),X,26.4,25.1,21.1,18.4,79.5,X, ,X,낮음
6/5/2020,목포(165),X,28.3,26.6,21.5,18.8,90.3,X, ,X,매우높음
6/5/2020,여수(168),X,28.5,27.3,23,20.6,80.6,X,관심,X,낮음
6/5/2020,흑산도(169),X,24,21.4,17.2,14.8,95.4,X, ,X,낮음
6/5/2020,완도(170),X,29.8,28.1,22.5,18.6,82.3,X, ,X,낮음
6/5/2020,고창(172),X,30.5,29.2,22.4,19.1,87,X, ,X,낮음
6/5/2020,제주(184),X,26.2,24.2,19.9,17.4,92.9,X, ,X,매우높음
6/5/2020,진주(192),X,30.9,31.1,24.1,17.6,72.3,X,관심,X,낮음
6/5/2020,양평(202),X,28.4,29,23.2,18.3,67.3,X, ,X,낮음
6/5/2020,이천(203),X,28.7,28.7,23.7,18.8,72.4,X, ,X,낮음
6/5/2020,인제(211),X,27.7,28.5,21.9,17.1,68.6,X, ,X,낮음
6/5/2020,홍천(212),X,28.3,29.7,23,17.5,64.9,X, ,X,낮음
6/5/2020,태백(216),X,27.4,28.5,19.8,15.2,70.6,X, ,X,낮음
6/5/2020,정선군(217),X,29.4,30.6,22.4,16.7,70.3,X, ,X,낮음
6/5/2020,제천(221),X,28.1,29.1,23.1,17.6,64.9,X, ,X,낮음
6/5/2020,보은(226),X,29.2,29.6,24.2,20.7,69.4,X,관심,X,낮음
6/5/2020,천안(232),X,28.4,28.8,23.5,19.2,67.3,X, ,X,낮음
6/5/2020,보령(235),X,26.6,24.5,19.7,17.4,91.8,X, ,X,낮음
6/5/2020,부여(236),X,29.9,29.6,23,19.2,81.5,X, ,X,낮음
6/5/2020,금산(238),X,30.8,30.6,25.3,21.8,68.6,X,관심,X,낮음
6/5/2020,세종(239),X,29.4,29.9,24.1,20.6,72.5,X, ,X,매우높음
6/5/2020,부안(243),X,28.3,26.2,21.7,19.4,89,X, ,X,낮음
6/5/2020,임실(244),X,30.5,30.3,23.1,17,78.6,X,관심,X,낮음
6/5/2020,정읍(245),X,30.8,30.5,22.9,18.9,78.3,X,관심,X,낮음
6/5/2020,남원(247),X,31.7,32.5,25.4,18.1,71.1,X,관심,X,낮음
6/5/2020,장수(248),X,30.3,30.5,23.3,16.8,76.3,X, ,X,낮음
6/5/2020,영광군(252),X,29.6,28.1,21.8,19.5,85.8,X, ,X,낮음
6/5/2020,김해시(253),X,30.5,29.9,23.8,19.9,75,X,관심,X,낮음
6/5/2020,순창군(254),X,31.9,32.5,24.9,18,73.3,O,주의,X,낮음
6/5/2020,양산시(257),X,31.2,31.2,24.9,18.9,69,X,관심,X,낮음
6/5/2020,강진군(259),X,31.3,31.4,23.8,18.4,76,X, ,X,낮음
6/5/2020,장흥(260),X,31.3,31.1,23.9,17.7,77.3,X,관심,X,낮음
6/5/2020,해남(261),X,30.4,29,21.9,17.3,87,X, ,X,낮음
6/5/2020,고흥(262),X,30.9,29.9,23.2,17,77.8,X, ,X,낮음
6/5/2020,의령군(263),X,31.9,32.8,25.6,18.8,66.6,X,관심,X,낮음
6/5/2020,함양군(264),X,31.7,33.6,26.7,19.8,57.1,X,관심,X,낮음
6/5/2020,진도군ASOS(268),X,29.8,28.4,21.7,16.9,86,X, ,X,낮음
6/5/2020,봉화(271),X,27.6,28.5,21,15.3,72.4,X, ,X,낮음
6/5/2020,영주(272),X,28.7,31,24.9,19,57,X, ,X,낮음
6/5/2020,문경(273),X,29.7,30.9,24.9,19.5,62.3,X,관심,X,낮음
6/5/2020,청송군(276),X,31.5,32.1,22.7,17,75.3,X,관심,X,낮음
6/5/2020,영덕(277),X,26.3,26.7,20.9,17.3,76.1,X, ,X,낮음
6/5/2020,의성(278),X,31.6,32.8,25.4,18.5,61,O,주의,X,낮음
6/5/2020,구미(279),O,33,33.9,26.6,20.1,66.8,O,주의,X,낮음
6/5/2020,영천(281),X,30.4,31.1,23.5,18.3,65.5,O,주의,X,낮음
6/5/2020,경주시(283),X,30.8,30.9,24,18.8,68.3,O,주의,X,낮음
6/5/2020,거창(284),X,31.4,33.7,25.2,16.5,63.1,X,관심,X,낮음
6/5/2020,합천(285),X,32.7,33.2,26,18.2,67.6,O,주의,X,낮음
6/5/2020,밀양(288),X,30.8,33.1,25.5,19.1,62.6,X,관심,X,낮음
6/5/2020,산청(289),X,31.5,31.3,25,18.7,69.5,O,주의,X,낮음
6/5/2020,거제(294),X,30.4,30.1,23.4,18.6,74.1,X, ,X,낮음
6/5/2020,남해(295),X,30.4,29.7,23.8,19,75.3,X,관심,X,낮음
6/5/2020,부천(433),X,,27.6,21.5,17.6,,X, ,X,낮음
6/5/2020,안양(434),X,,28.5,22.6,19,,X, ,X,낮음
6/5/2020,광명(437),X,,29.2,22.9,18.4,,X, ,X,낮음
6/5/2020,군포(438),X,,28.4,22.5,18.3,,X, ,X,낮음
6/5/2020,김포(441),X,,28.1,21.5,17.6,,X, ,X,낮음
6/5/2020,하남(444),X,,29.6,22.8,17.4,,X, ,X,낮음
6/5/2020,의왕(445),X,,26.6,20.4,16.9,,X, ,X,낮음
6/5/2020,포천(504),X,28.8,30.1,22.5,17.2,65,X, ,X,낮음
6/5/2020,가평조종(505),X,28.3,28.7,21.7,15.7,69,X, ,X,낮음
6/5/2020,안성(516),X,28.4,29.1,23.1,18.9,72,X, ,X,낮음
6/5/2020,간성(517),X,24.1,23.5,19,16.6,87,X, ,X,낮음
6/5/2020,평창(526),X,28.2,30,22.6,15.7,61,X, ,X,낮음
6/5/2020,의정부(532),X,29.1,28.9,22.6,16.8,78,X, ,X,낮음
6/5/2020,횡성(536),X,28.8,29,22.2,16.9,74,X, ,X,낮음
6/5/2020,고양(540),X,30.2,30.9,22.9,17.4,72,X, ,X,낮음
6/5/2020,남양주(541),X,28.5,29.7,23.3,18,64,X, ,X,낮음
6/5/2020,안산(545),X,27.9,26.9,20.1,15,86,X, ,X,낮음
6/5/2020,경기광주(546),X,28.1,28.1,22.4,17.9,72,X, ,X,낮음
6/5/2020,여주(548),X,27.7,27.7,22.9,19.1,67,X, ,X,낮음
6/5/2020,용인(549),X,27.3,28.1,22.2,18.3,69,X, ,X,낮음
6/5/2020,오산(550),X,27.9,28.6,21.9,18.4,69,X, ,X,낮음
6/5/2020,평택(551),X,27.9,28.7,22.3,18.6,76,X, ,X,낮음
6/5/2020,화천(555),X,29.4,30.2,21.9,15.2,74,X, ,X,낮음
6/5/2020,양구(556),X,28.5,30.4,22.5,15.9,63,X, ,X,낮음
6/5/2020,시흥(565),X,27.5,27,21.1,16.8,78,X, ,X,낮음
6/5/2020,구리(569),X,29,29.9,23.5,17.9,63,X, ,X,낮음
6/5/2020,화성(571),X,28.1,27.8,21.1,16.9,77,X, ,X,낮음
6/5/2020,성남(572),X,28.4,29.7,23.2,18.3,65,X, ,X,매우높음
6/5/2020,과천(590),X,28.9,29.4,22.4,16.5,74,X, ,X,낮음
6/5/2020,양주(598),X,28.1,28.9,22.6,16.9,69,X, ,X,낮음
6/5/2020,단양(601),X,30.1,31.2,25.1,20.6,71,X, ,X,낮음
6/5/2020,진천(602),X,29.5,30,24.1,19.9,66,X, ,X,낮음
6/5/2020,괴산(603),X,29.5,30.2,24.1,18.2,65,X, ,X,낮음
6/5/2020,옥천(604),X,30.6,31.1,25.3,21.8,67,X,관심,X,낮음
6/5/2020,홍북(608),X,29.8,28,20.7,17.2,88,X, ,X,낮음
6/5/2020,공주(612),X,30.2,30.7,24.5,20.2,73,X, ,X,낮음
6/5/2020,서천(614),X,28.8,26,21.3,19,87,X, ,X,낮음
6/5/2020,논산(615),X,30.2,30.5,23.7,20.5,79,X, ,X,낮음
6/5/2020,당진(616),X,27.4,26.5,20.6,16.5,83,X, ,X,낮음
6/5/2020,청양(618),X,30.2,29.4,22.6,18.5,81,X, ,X,낮음
6/5/2020,음성(619),X,29.4,29.6,23.6,18.5,69,X, ,X,낮음
6/5/2020,증평(623),X,29.6,30,24.5,20.3,69,X, ,X,낮음
6/5/2020,태안(627),X,28.3,27,19.6,15.9,91,X, ,X,낮음
6/5/2020,예산(628),X,28.4,28.5,22.4,18.9,79,X, ,X,낮음
6/5/2020,아산(634),X,27.1,27.5,21.9,18.6,75,X, ,X,낮음
6/5/2020,계룡(636),X,28.7,29.3,23.2,19.9,70,X, ,X,낮음
6/5/2020,연천청산(652),X,27.4,27.9,21.6,17,75,X, ,X,낮음
6/5/2020,양양(670),X,25.9,24.4,18.9,16.4,95,X, ,X,낮음
6/5/2020,무안(699),X,30.3,29.2,22.2,18.4,87,X, ,X,낮음
6/5/2020,무주(701),X,32.5,33.3,24.9,17.6,78,X,관심,X,낮음
6/5/2020,익산(702),X,30.9,,,,83,X,관심,X,낮음
6/5/2020,진안(703),X,29.8,30.4,23.4,16.5,74,X,관심,X,낮음
6/5/2020,담양(706),O,33,32.7,25.1,18.3,82,X,관심,X,낮음
6/5/2020,구례(709),X,32.5,33.5,25.9,18,71,O,주의,X,낮음
6/5/2020,나주(710),X,31.6,30.7,23.1,18.5,86,X,관심,X,낮음
6/5/2020,순천시(712),X,31.9,30.8,24.9,20,77,O,주의,X,낮음
6/5/2020,광양읍(713),X,32.5,32.2,25.1,18.4,77,O,주의,X,낮음
6/5/2020,장성(730),X,31.6,32.1,23.8,18.3,80,X,관심,X,낮음
6/5/2020,영암(731),X,31.7,30.7,22.9,18.8,87,X,관심,X,낮음
6/5/2020,보성(732),X,30.9,30.3,23,16.8,82,X,관심,X,낮음
6/5/2020,완주(734),X,30.7,30,23.8,19.5,80,X, ,X,낮음
6/5/2020,김제(737),X,29.4,,,,,X, ,X,낮음
6/5/2020,화순(741),X,31.4,32.2,23.8,18.4,75,X,관심,X,낮음
6/5/2020,함평(754),X,31.2,30.3,22.4,18.8,88,X,관심,X,낮음
6/5/2020,곡성(768),X,32.2,33.8,25.7,17.4,65,O,주의,X,낮음
6/5/2020,압해도(789),X,28.9,26.9,20.9,18.7,92,X, ,X,낮음
6/5/2020,영양(801),X,29.6,30.8,22.2,17,69,X,관심,X,낮음
6/5/2020,성주(810),X,32.8,34.4,25.8,17.3,58,O,주의,X,낮음
6/5/2020,고령(812),X,32.2,33.3,25.4,17.3,69,O,주의,X,낮음
6/5/2020,청도(813),X,32.2,33.2,25.6,17.9,64,O,주의,X,낮음
6/5/2020,예천(815),X,31.3,31.3,24.4,18.4,75,X,관심,X,낮음
6/5/2020,김천(822),O,33.4,34.3,25.9,16.8,68,O,주의,X,낮음
6/5/2020,군위(823),X,32.1,32.8,24.5,17.8,66,O,주의,X,낮음
6/5/2020,칠곡(825),X,32.5,32.9,26.4,20.1,63,O,주의,X,낮음
6/5/2020,경산(827),X,31.9,34.2,25.2,19,60,O,주의,X,낮음
6/5/2020,삼척(876),X,24.9,24.1,19.1,16.4,80,X, ,X,낮음
6/5/2020,속초(90),X,25,24.4,18.9,17,82.5,X, ,X,낮음
6/5/2020,삼천포(907),X,28.9,28.1,22.3,18.7,79,X,관심,X,낮음
6/5/2020,고성(918),X,31.4,31,23.4,17.7,78,X, ,X,낮음
6/5/2020,창녕(919),O,33.1,34,26.4,19.1,65,O,주의,X,낮음
6/5/2020,함안(920),X,31.7,31.5,24.9,18.8,72,X,관심,X,낮음
6/5/2020,북춘천(93),X,28.8,29.2,22.9,17.2,72,X, ,X,매우높음
6/5/2020,하동(932),X,31.1,31.2,24,18.6,76,X,관심,X,낮음
6/5/2020,철원(95),X,27.5,27.7,21.7,17,76.4,X, ,X,낮음
6/5/2020,동두천(98),X,28.5,28.8,22.3,17.5,75,X, ,X,낮음
6/5/2020,파주(99),X,28.2,27.7,21.3,17,79.5,X, ,X,낮음
6/6/2020,북강릉(104),X,22.9,21.2,18,13.8,82.3,X, ,X,매우높음
6/6/2020,동해(106),X,22.8,20.7,17.6,15.1,83.4,X, ,X,낮음
6/6/2020,서울(108),X,29.9,30.9,24.6,19.2,63.6,X, ,X,매우높음
6/6/2020,인천(112),X,27.7,27.3,21.8,17.4,74,X, ,X,매우높음
6/6/2020,원주(114),X,28.5,30.4,24.4,18,48.5,X, ,X,낮음
6/6/2020,울릉도(115),X,22.9,22.5,18.6,16.3,60.4,X, ,X,낮음
6/6/2020,수원(119),X,30.7,30.7,23.3,16.7,72,X, ,X,낮음
6/6/2020,영월(121),X,29.8,31.6,23.1,16,53.5,X, ,X,낮음
6/6/2020,충주(127),X,29.4,30.1,23.7,17,57.1,X, ,X,낮음
6/6/2020,서산(129),X,29.6,29.2,21.5,15.9,77,X, ,X,매우높음
6/6/2020,울진(130),X,23,20.9,18.2,15.6,84.5,X, ,X,낮음
6/6/2020,청주(131),X,30.2,31.4,25.3,20,57.8,X, ,X,매우높음
6/6/2020,대전(133),X,31.5,31.3,24.7,20,74.5,X, ,X,매우높음
6/6/2020,추풍령(135),X,27.3,27.1,21.6,17.6,61.1,X, ,X,낮음
6/6/2020,안동(136),X,26.7,27.9,21.7,17.6,54.1,X, ,X,매우높음
6/6/2020,상주(137),X,29.4,29.5,23.1,18.8,61.9,X, ,X,낮음
6/6/2020,포항(138),X,23.8,21.5,19.5,17.6,84,X, ,X,낮음
6/6/2020,군산(140),X,29.8,28.7,21,17.9,85.8,X, ,X,낮음
6/6/2020,대구(143),X,26.7,26.3,21.2,18.4,65.9,X, ,X,매우높음
6/6/2020,전주(146),X,31.2,30.4,23.2,19.9,78.8,X,관심,X,매우높음
6/6/2020,울산(152),X,25.5,23.7,19.7,16.5,76.3,X, ,X,매우높음
6/6/2020,창원(155),X,28.4,28.1,21.7,18.2,71.5,X, ,X,매우높음
6/6/2020,광주(156),X,31.3,30.4,24,20.6,83.9,X,관심,X,매우높음
6/6/2020,부산(159),X,27.5,26.6,21,17.7,69.3,X, ,X,매우높음
6/6/2020,통영(162),X,28.3,27.8,21.3,18.7,71,X, ,X,낮음
6/6/2020,목포(165),X,28.4,26.6,21.9,19.2,86.4,X, ,X,매우높음
6/6/2020,여수(168),X,26.4,25.1,21,18.9,82.1,X, ,X,낮음
6/6/2020,흑산도(169),X,24.6,22,17.9,14.8,92.1,X, ,X,낮음
6/6/2020,완도(170),X,26.9,25.4,21.4,18.8,81.1,X, ,X,낮음
6/6/2020,고창(172),X,29.7,28.3,21.6,19.2,87.1,X, ,X,낮음
6/6/2020,제주(184),X,27.8,26.5,21.2,19.2,85.8,X, ,X,매우높음
6/6/2020,진주(192),X,30.3,30,22.5,19.5,77.9,X, ,X,낮음
6/6/2020,양평(202),X,28.8,29.5,23.8,17.5,64.4,X, ,X,낮음
6/6/2020,이천(203),X,29.8,30.8,24.4,16.9,66.4,X, ,X,낮음
6/6/2020,인제(211),X,28.4,29.4,21.2,13.9,65.1,X, ,X,낮음
6/6/2020,홍천(212),X,29.3,30.6,23.7,16.7,59.8,X, ,X,낮음
6/6/2020,태백(216),X,23.8,24.3,17.5,12.5,64.5,X, ,X,낮음
6/6/2020,정선군(217),X,28.3,29.7,21,14.5,65.6,X, ,X,낮음
6/6/2020,제천(221),X,28.1,28.6,22.3,16.5,60.5,X, ,X,낮음
6/6/2020,보은(226),X,28.2,28.2,22.7,16.9,64.6,X, ,X,낮음
6/6/2020,천안(232),X,29.5,30.2,23.4,15.4,66,X,관심,X,낮음
6/6/2020,보령(235),X,26.2,24.2,19.1,16.8,90.9,X, ,X,낮음
6/6/2020,부여(236),X,30.9,31,22.8,17.7,76.3,X, ,X,낮음
6/6/2020,금산(238),X,30.9,31.2,23.4,19.4,77.8,X, ,X,낮음
6/6/2020,세종(239),X,30.4,31.1,23.7,18.6,69.6,X, ,X,매우높음
6/6/2020,부안(243),X,29.5,27.7,21.5,19.5,86.4,X, ,X,낮음
6/6/2020,임실(244),X,30.1,29.5,22.4,18.4,83.8,X,관심,X,낮음
6/6/2020,정읍(245),X,30.6,29.9,21.8,19,80.5,X, ,X,낮음
6/6/2020,남원(247),X,30.4,30.5,23.2,19,82.3,X, ,X,낮음
6/6/2020,장수(248),X,29.2,28.5,21.8,18,84,X, ,X,낮음
6/6/2020,영광군(252),X,28.7,27.1,21.3,18.8,84.4,X, ,X,낮음
6/6/2020,김해시(253),X,29.1,28.6,22.8,19.4,62.3,X, ,X,낮음
6/6/2020,순창군(254),X,30.9,30.6,23.1,19.1,81.3,X,관심,X,낮음
6/6/2020,양산시(257),X,28.7,28.4,22.7,19.9,63.3,X, ,X,낮음
6/6/2020,강진군(259),X,27.6,26.2,21.9,19.7,78.9,X, ,X,낮음
6/6/2020,장흥(260),X,27.7,25.9,21.8,19.1,81.5,X, ,X,낮음
6/6/2020,해남(261),X,28.5,26.8,21.7,18.3,80.9,X, ,X,낮음
6/6/2020,고흥(262),X,27.9,26.8,21.3,17.3,83.8,X, ,X,낮음
6/6/2020,의령군(263),X,30,30.2,23.6,19.5,68,X, ,X,낮음
6/6/2020,함양군(264),X,29.7,29.8,22.7,19.5,79,X, ,X,낮음
6/6/2020,진도군ASOS(268),X,27.9,26.1,21.3,18.3,82.8,X, ,X,낮음
6/6/2020,봉화(271),X,24.4,25.1,18.9,12.7,62.9,X, ,X,낮음
6/6/2020,영주(272),X,27.2,27.9,21.1,15.2,62.8,X, ,X,낮음
6/6/2020,문경(273),X,28,28.1,21.6,16.4,62.3,X, ,X,낮음
6/6/2020,청송군(276),X,26.7,26.8,19.6,13.1,70.8,X, ,X,낮음
6/6/2020,영덕(277),X,24.7,23.5,18.8,14.2,78.1,X, ,X,낮음
6/6/2020,의성(278),X,29.1,30.1,21.6,14.6,60.3,X, ,X,낮음
6/6/2020,구미(279),X,29.5,29.1,23.1,18.9,64,X, ,X,낮음
6/6/2020,영천(281),X,25.2,24.6,19.7,15.1,72.1,X, ,X,낮음
6/6/2020,경주시(283),X,25.8,24.7,20,15.9,76.4,X, ,X,낮음
6/6/2020,거창(284),X,28.6,27.9,22.1,19.6,81.4,X, ,X,낮음
6/6/2020,합천(285),X,29.5,29.2,23.3,19.7,67.6,X, ,X,낮음
6/6/2020,밀양(288),X,28.4,29.4,23.4,19.9,54.6,X, ,X,낮음
6/6/2020,산청(289),X,30,29.5,22.9,20.2,79.3,X, ,X,낮음
6/6/2020,거제(294),X,27.1,26,20.6,17.8,72.5,X, ,X,낮음
6/6/2020,남해(295),X,28.3,27.3,21.7,18.6,78.5,X, ,X,낮음
6/6/2020,부천(433),X,,30.2,23,17.8,,X, ,X,낮음
6/6/2020,안양(434),X,,30.8,24.1,19.1,,X, ,X,낮음
6/6/2020,광명(437),X,,31,24.3,19.1,,X, ,X,낮음
6/6/2020,군포(438),X,,31,23.9,18.2,,X, ,X,낮음
6/6/2020,김포(441),X,,30.2,23,17.5,,X, ,X,낮음
6/6/2020,하남(444),X,,30.6,23.9,17,,X, ,X,낮음
6/6/2020,의왕(445),X,,29.1,21.7,15.3,,X, ,X,낮음
6/6/2020,포천(504),X,29.3,30.4,23.5,16,61,X, ,X,낮음
6/6/2020,가평조종(505),X,29.1,30,22.2,13.9,69,X,관심,X,낮음
6/6/2020,안성(516),X,31,31.9,24.2,16.9,66,X, ,X,낮음
6/6/2020,간성(517),X,23.9,20.9,17.4,13.4,94,X, ,X,낮음
6/6/2020,평창(526),X,27.7,28.9,21.6,15,58,X, ,X,낮음
6/6/2020,의정부(532),X,29.8,30,23.7,16.7,75,X, ,X,낮음
6/6/2020,횡성(536),X,29.6,29.9,23,15.2,68,X, ,X,낮음
6/6/2020,고양(540),X,31.4,32.8,23.8,16.1,67,X, ,X,낮음
6/6/2020,남양주(541),X,29.4,30.8,24.5,17.3,59,X, ,X,낮음
6/6/2020,안산(545),X,29.7,29.4,21.5,13.8,77,X, ,X,낮음
6/6/2020,경기광주(546),X,29.2,29.9,23.6,16.8,66,X,관심,X,낮음
6/6/2020,여주(548),X,29.3,30.2,23.6,16.4,61,X, ,X,낮음
6/6/2020,용인(549),X,29,30.1,23.4,16.1,62,X, ,X,낮음
6/6/2020,오산(550),X,29.9,31.1,23.7,16.9,62,X, ,X,낮음
6/6/2020,평택(551),X,31.4,31.8,23.5,17.1,71,X, ,X,낮음
6/6/2020,화천(555),X,30.1,30.9,22.4,14.3,70,X, ,X,낮음
6/6/2020,양구(556),X,29.1,31.1,22.2,13.7,61,X, ,X,낮음
6/6/2020,시흥(565),X,29.5,29.9,22.4,15.3,71,X, ,X,낮음
6/6/2020,구리(569),X,30.2,31.2,24.8,17.7,58,X, ,X,낮음
6/6/2020,화성(571),X,30.2,30.5,22.7,16.1,71,X, ,X,낮음
6/6/2020,성남(572),X,29.6,30.5,24.5,17.8,61,X, ,X,매우높음
6/6/2020,과천(590),X,30.4,30.9,23.9,16.4,70,X, ,X,낮음
6/6/2020,양주(598),X,30,30.9,23.6,15.6,67,X, ,X,낮음
6/6/2020,단양(601),X,29.9,30.2,23.4,17.5,66,X, ,X,낮음
6/6/2020,진천(602),X,29.9,31.3,24.3,17.1,63,X, ,X,낮음
6/6/2020,괴산(603),X,29.2,30.1,23.7,15.6,55,X, ,X,낮음
6/6/2020,옥천(604),X,30,30,24,18.9,69,X, ,X,낮음
6/6/2020,홍북(608),X,30.8,29.6,20.6,15.1,84,X,관심,X,낮음
6/6/2020,공주(612),X,31.1,32,24.2,18.3,67,X,관심,X,낮음
6/6/2020,서천(614),X,29.1,27.5,21.4,18.4,85,X, ,X,낮음
6/6/2020,논산(615),X,31.5,31.4,23.9,19.8,74,X,관심,X,낮음
6/6/2020,당진(616),X,28.9,28.6,21.1,15,77,X, ,X,낮음
6/6/2020,청양(618),X,30.7,30.5,22.9,16.9,79,X, ,X,낮음
6/6/2020,음성(619),X,28.9,29.9,23.5,15.7,58,X, ,X,낮음
6/6/2020,증평(623),X,29.8,30.5,24.2,17.3,66,X, ,X,낮음
6/6/2020,태안(627),X,29,27.8,20.8,15.3,83,X, ,X,낮음
6/6/2020,예산(628),X,30.4,30.7,22.7,16.6,77,X, ,X,낮음
6/6/2020,아산(634),X,30.2,30.8,23,17.1,69,X, ,X,낮음
6/6/2020,계룡(636),X,30.2,30.9,22.4,16.3,70,X, ,X,낮음
6/6/2020,연천청산(652),X,29.6,29.9,22.9,15.4,72,X, ,X,낮음
6/6/2020,양양(670),X,24.8,21.6,18.2,13.9,95,X, ,X,낮음
6/6/2020,무안(699),X,29,27.7,21.5,18.3,87,X, ,X,낮음
6/6/2020,무주(701),X,31.5,31.3,22.8,18.9,86,X, ,X,낮음
6/6/2020,익산(702),X,31.6,31,22.7,19.6,82,X,관심,X,낮음
6/6/2020,진안(703),X,29.7,29,21.9,17.9,81,X, ,X,낮음
6/6/2020,담양(706),X,32.7,31.3,24.1,20.2,87,X,관심,X,낮음
6/6/2020,구례(709),X,31.6,,,,,X,관심,X,낮음
6/6/2020,나주(710),X,30.6,29.5,23.1,18.7,83,X, ,X,낮음
6/6/2020,순천시(712),X,29.4,28.7,23.3,20,80,X, ,X,낮음
6/6/2020,광양읍(713),X,30.7,30.6,23.5,19.7,78,X,관심,X,낮음
6/6/2020,장성(730),X,30.9,30.2,23.1,19.1,82,X, ,X,낮음
6/6/2020,영암(731),X,30.3,29.2,22.9,19,83,X, ,X,낮음
6/6/2020,보성(732),X,28,26.7,21.1,18.3,85,X, ,X,낮음
6/6/2020,완주(734),X,31.6,31.2,23.2,18.1,80,X, ,X,낮음
6/6/2020,김제(737),X,,,,,,X, ,X,낮음
6/6/2020,화순(741),X,30,29.7,23,19,77,X, ,X,낮음
6/6/2020,함평(754),X,30.2,28.4,21.9,18.4,87,X, ,X,낮음
6/6/2020,곡성(768),X,31.1,31.3,22.8,17.5,78,X,관심,X,낮음
6/6/2020,압해도(789),X,28.6,26.5,21.3,18.5,90,X, ,X,낮음
6/6/2020,영양(801),X,25.2,26.6,19,12.9,64,X, ,X,낮음
6/6/2020,성주(810),X,28.3,28.9,22.5,18.8,57,X, ,X,낮음
6/6/2020,고령(812),X,28.9,28.8,22.6,18.5,66,X, ,X,낮음
6/6/2020,청도(813),X,28.4,28.2,22,18.2,65,X, ,X,낮음
6/6/2020,예천(815),X,28.9,28.6,21.7,16.3,71,X, ,X,낮음
6/6/2020,김천(822),X,30.2,30.1,23.2,18.5,66,X, ,X,낮음
6/6/2020,군위(823),X,29.3,29.4,21.8,15.8,63,X, ,X,낮음
6/6/2020,칠곡(825),X,28.6,28.6,22.9,19.2,61,X, ,X,낮음
6/6/2020,경산(827),X,26.9,26.8,20.8,17.2,67,X, ,X,낮음
6/6/2020,삼척(876),X,23.9,22.7,18.8,15.3,77,X, ,X,낮음
6/6/2020,속초(90),X,24,21.8,18.4,15.5,86,X, ,X,낮음
6/6/2020,삼천포(907),X,27.4,26.4,21.1,17.6,81,X, ,X,낮음
6/6/2020,고성(918),X,28.4,27.5,22.1,19.4,74,X, ,X,낮음
6/6/2020,창녕(919),X,29.7,29.7,23.8,20.3,63,X, ,X,낮음
6/6/2020,함안(920),X,29.7,29.4,22.6,19.3,75,X, ,X,낮음
6/6/2020,북춘천(93),X,29.6,31.2,23.7,15.7,62.6,X, ,X,매우높음
6/6/2020,하동(932),X,29.9,29.3,22.8,19.9,79,X, ,X,낮음
6/6/2020,철원(95),X,29.5,29.7,22.9,15.2,73.8,X, ,X,낮음
6/6/2020,동두천(98),X,29.9,29.9,23.3,16,73.5,X, ,X,낮음
6/6/2020,파주(99),X,30,29.5,22.5,15.8,77.9,X, ,X,낮음
6/7/2020,북강릉(104),X,26.4,25.9,20,15.4,74.6,X, ,X,매우높음
6/7/2020,동해(106),X,23.6,22.3,18.4,14.5,75.9,X, ,X,낮음
6/7/2020,서울(108),X,29,29.2,22.7,19.2,69.4,X, ,X,높음
6/7/2020,인천(112),X,25.1,23.9,19.8,16.4,80.1,X, ,X,매우높음
6/7/2020,원주(114),X,28.2,29,23.9,20.2,50.3,X,관심,X,낮음
6/7/2020,울릉도(115),X,24.4,22.9,19.4,14.6,59,X, ,X,낮음
6/7/2020,수원(119),X,28.8,28.4,21.6,17.7,81.6,X, ,X,낮음
6/7/2020,영월(121),X,28.9,30.1,22.1,14,60.3,X,관심,X,낮음
6/7/2020,충주(127),X,28.9,29,22.7,17.7,58.5,X,관심,X,낮음
6/7/2020,서산(129),X,27.4,26.4,20.8,17,82,X, ,X,높음
6/7/2020,울진(130),X,23.5,21.3,18.4,13.9,72.5,X, ,X,낮음
6/7/2020,청주(131),X,29.5,29.7,24.4,20.8,60.8,X,관심,X,높음
6/7/2020,대전(133),X,30.3,30.1,24,20.3,72.8,X,관심,X,매우높음
6/7/2020,추풍령(135),X,28.6,29,22.1,16.6,57.9,X,관심,X,낮음
6/7/2020,안동(136),X,28.6,29.8,22.5,14,52,X,관심,X,매우높음
6/7/2020,상주(137),X,29.4,29.2,23,17.2,61.3,X,관심,X,낮음
6/7/2020,포항(138),X,25.6,26.3,21.1,16,62.6,X, ,X,낮음
6/7/2020,군산(140),X,30.4,30.5,22.2,18,74.8,X, ,X,낮음
6/7/2020,대구(143),X,29.7,31.3,23.5,16.2,53.9,X, ,X,매우높음
6/7/2020,전주(146),X,30.4,30.2,23.3,20,71,X,관심,X,매우높음
6/7/2020,울산(152),X,25.3,26.2,20.3,14.8,59.9,X, ,X,매우높음
6/7/2020,창원(155),X,26.8,27.2,21.1,17.5,54.6,X, ,X,매우높음
6/7/2020,광주(156),X,30.4,30.9,24.3,19.8,71.3,X,관심,X,매우높음
6/7/2020,부산(159),X,25,24.6,21.5,17.8,49.5,X, ,X,높음
6/7/2020,통영(162),X,26.2,26.7,21.7,17.3,58.5,X, ,X,낮음
6/7/2020,목포(165),X,27.3,26.4,22.4,19.3,74.8,X, ,X,매우높음
6/7/2020,여수(168),X,25.8,25.1,21.6,18.6,63.6,X, ,X,낮음
6/7/2020,흑산도(169),X,24,22.3,18.6,15.8,78.8,X, ,X,낮음
6/7/2020,완도(170),X,26.1,26.2,20.9,17,66.4,X, ,X,낮음
6/7/2020,고창(172),X,30.2,29.6,22,18.5,81,X, ,X,낮음
6/7/2020,제주(184),X,25.8,23.9,21.3,18.5,77.5,X, ,X,매우높음
6/7/2020,진주(192),X,29.4,29,22.6,17.4,71.3,X, ,X,낮음
6/7/2020,양평(202),X,28.5,28.1,23.3,19.2,66.6,X,관심,X,낮음
6/7/2020,이천(203),X,29,28.7,23.5,19.7,69.6,X, ,X,낮음
6/7/2020,인제(211),X,28.7,29,22.3,16.1,65.8,X, ,X,낮음
6/7/2020,홍천(212),X,28.6,29,23.2,18.4,64.9,X,관심,X,낮음
6/7/2020,태백(216),X,27.3,28.1,19.5,10.2,62.6,X, ,X,낮음
6/7/2020,정선군(217),X,29.5,30.1,21,12.4,66.8,X, ,X,낮음
6/7/2020,제천(221),X,28.2,28.5,21.3,14.6,65.9,X, ,X,낮음
6/7/2020,보은(226),X,28.6,28.5,22.3,18.4,61,X, ,X,낮음
6/7/2020,천안(232),X,28.7,28.1,22.6,18.9,76,X,관심,X,낮음
6/7/2020,보령(235),X,26.5,25,20.6,17.5,79.3,X, ,X,낮음
6/7/2020,부여(236),X,30,29.9,22.6,18.1,73.4,X, ,X,낮음
6/7/2020,금산(238),X,29.7,28.9,22.9,18.2,76.3,X,관심,X,낮음
6/7/2020,세종(239),X,28.9,28.6,22.8,18.9,70.4,X,관심,X,매우높음
6/7/2020,부안(243),X,29.2,27.9,21.8,18.8,80.1,X, ,X,낮음
6/7/2020,임실(244),X,29.4,29,22.6,18.2,78.3,X,관심,X,낮음
6/7/2020,정읍(245),X,30,29.6,22.6,18.6,73.8,X,관심,X,낮음
6/7/2020,남원(247),X,29.9,29.8,23.7,19,75.6,X,관심,X,낮음
6/7/2020,장수(248),X,28.8,28.3,22.2,17.8,81.1,X, ,X,낮음
6/7/2020,영광군(252),X,29.2,28.2,21.5,17.9,79.5,X, ,X,낮음
6/7/2020,김해시(253),X,28.5,29.2,22.9,17.7,49.9,X, ,X,낮음
6/7/2020,순창군(254),X,30.1,30.3,23.9,19.5,72.8,X,관심,X,낮음
6/7/2020,양산시(257),X,30,31.5,23.2,17.6,48,X, ,X,낮음
6/7/2020,강진군(259),X,27.2,27.7,22.2,17.9,64.4,X, ,X,낮음
6/7/2020,장흥(260),X,27.3,26.8,21.5,16.8,69.4,X, ,X,낮음
6/7/2020,해남(261),X,28.1,28.4,22.2,16.8,64.4,X, ,X,낮음
6/7/2020,고흥(262),X,27.3,27.2,20.7,14.8,68.6,X, ,X,낮음
6/7/2020,의령군(263),X,30.4,31.6,23.7,18.7,55.3,X, ,X,낮음
6/7/2020,함양군(264),X,30,30.4,22.8,18.3,74.9,X, ,X,낮음
6/7/2020,진도군ASOS(268),X,26.7,26.6,21.2,16.2,64.1,X, ,X,낮음
6/7/2020,봉화(271),X,27.1,27.4,18.9,9.7,66,X, ,X,낮음
6/7/2020,영주(272),X,28.6,28.9,21.4,13,62.4,X, ,X,낮음
6/7/2020,문경(273),X,28.4,28.3,21.4,14.3,63.3,X,관심,X,낮음
6/7/2020,청송군(276),X,30.1,31,20.4,9.6,66.9,X, ,X,낮음
6/7/2020,영덕(277),X,24.9,24.9,18.4,11.9,67.9,X, ,X,낮음
6/7/2020,의성(278),X,29.7,31.6,22.2,11.5,53.9,X,관심,X,낮음
6/7/2020,구미(279),X,30.5,31.3,23.9,16.9,57.1,X,관심,X,낮음
6/7/2020,영천(281),X,28.4,29.9,21.2,12.2,57.8,X, ,X,낮음
6/7/2020,경주시(283),X,29.4,30.6,21.8,14.9,58.8,X, ,X,낮음
6/7/2020,거창(284),X,29.4,29.6,23.2,18.5,72.6,X, ,X,낮음
6/7/2020,합천(285),X,30.3,30.8,24.1,19.4,56.8,X, ,X,낮음
6/7/2020,밀양(288),X,28.7,31.4,23.3,17.8,43.4,X, ,X,낮음
6/7/2020,산청(289),X,30.4,30.1,23.2,19.4,72.5,X, ,X,낮음
6/7/2020,거제(294),X,25.9,26.9,21.2,16.5,50.3,X, ,X,낮음
6/7/2020,남해(295),X,27.2,27.5,21.9,17.3,56.4,X, ,X,낮음
6/7/2020,부천(433),X,,27.7,21.1,17.6,,X, ,X,낮음
6/7/2020,안양(434),X,,28,22.4,18.7,,X, ,X,낮음
6/7/2020,광명(437),X,,28.9,22.2,18.2,,X, ,X,낮음
6/7/2020,군포(438),X,,29.1,22.2,18,,X, ,X,낮음
6/7/2020,김포(441),X,,27.8,20.9,16.4,,X, ,X,낮음
6/7/2020,하남(444),X,,29.8,23.4,18.6,,X, ,X,낮음
6/7/2020,의왕(445),X,,27.1,20.2,15.7,,X, ,X,낮음
6/7/2020,포천(504),X,28.8,29.4,22.9,18.6,66,X,관심,X,낮음
6/7/2020,가평조종(505),X,28.8,28.4,22.7,17.5,71,X,관심,X,낮음
6/7/2020,안성(516),X,29.6,29.5,23,19.1,75,X, ,X,낮음
6/7/2020,간성(517),X,25.3,23.3,18.9,14.8,88,X, ,X,낮음
6/7/2020,평창(526),X,28.4,29.3,21.1,13.3,63,X, ,X,낮음
6/7/2020,의정부(532),X,29.5,29.2,22.7,18.6,80,X, ,X,낮음
6/7/2020,횡성(536),X,29.1,29,22.4,17.6,70,X,관심,X,낮음
6/7/2020,고양(540),X,30.7,31.6,22.4,16.9,72,X, ,X,낮음
6/7/2020,남양주(541),X,29.3,30.1,23.3,18.9,65,X, ,X,낮음
6/7/2020,안산(545),X,28.7,27.9,20.7,14.5,83,X, ,X,낮음
6/7/2020,경기광주(546),X,28.5,28.4,22.4,17.5,74,X,관심,X,낮음
6/7/2020,여주(548),X,28.5,28.1,22.9,18.5,61,X,관심,X,낮음
6/7/2020,용인(549),X,28.2,28.2,22,17.6,71,X, ,X,낮음
6/7/2020,오산(550),X,28.4,28.5,21.9,18,71,X, ,X,낮음
6/7/2020,평택(551),X,30.1,29.8,22.4,18.7,78,X, ,X,낮음
6/7/2020,화천(555),X,30.4,30.7,23.1,15.9,74,X,관심,X,낮음
6/7/2020,양구(556),X,29,29.8,23,16.1,64,X, ,X,낮음
6/7/2020,시흥(565),X,27.3,26.9,21.2,17.1,77,X, ,X,낮음
6/7/2020,구리(569),X,29.2,30,23.6,19.1,62,X, ,X,낮음
6/7/2020,화성(571),X,28.6,28.4,20.9,16.5,76,X,관심,X,낮음
6/7/2020,성남(572),X,28.2,28.9,23.1,18.7,66,X, ,X,높음
6/7/2020,과천(590),X,29.1,29.1,22.4,17.8,73,X, ,X,낮음
6/7/2020,양주(598),X,28.6,29,22.4,17.1,70,X, ,X,낮음
6/7/2020,단양(601),X,30.7,31,23.2,16.4,67,X,관심,X,낮음
6/7/2020,진천(602),X,29.1,29,23.6,20.5,68,X,관심,X,낮음
6/7/2020,괴산(603),X,29.1,29.5,22.4,18.4,60,X,관심,X,낮음
6/7/2020,옥천(604),X,29.7,29.9,23.5,19.6,60,X,관심,X,낮음
6/7/2020,홍북(608),X,29.5,28.2,20.6,15.1,86,X,관심,X,낮음
6/7/2020,공주(612),X,30.1,30.5,23.4,18.8,71,X,관심,X,낮음
6/7/2020,서천(614),X,28.2,26.8,22.2,18.8,76,X, ,X,낮음
6/7/2020,논산(615),X,30.1,30,23.7,19.8,69,X,관심,X,낮음
6/7/2020,당진(616),X,28.4,27.4,20.5,16.6,83,X, ,X,낮음
6/7/2020,청양(618),X,29.3,28.3,21,15.8,80,X, ,X,낮음
6/7/2020,음성(619),X,28.9,28.6,22.4,17.7,64,X,관심,X,낮음
6/7/2020,증평(623),X,28.9,28.8,23.3,19.5,65,X,관심,X,낮음
6/7/2020,태안(627),X,26.6,24.6,19.6,16.4,91,X, ,X,낮음
6/7/2020,예산(628),X,29.2,28.3,22,18.1,78,X,관심,X,낮음
6/7/2020,아산(634),X,29.2,29.4,21.5,17.7,80,X, ,X,낮음
6/7/2020,계룡(636),X,28.3,28.8,21.6,16.4,73,X, ,X,낮음
6/7/2020,연천청산(652),X,28.9,28.4,21.8,17.4,80,X, ,X,낮음
6/7/2020,양양(670),X,26.5,24.1,20,15.4,91,X, ,X,낮음
6/7/2020,무안(699),X,29,28.7,21.9,17.8,78,X, ,X,낮음
6/7/2020,무주(701),X,31,30.9,23.3,17.9,80,X,관심,X,낮음
6/7/2020,익산(702),X,30.4,30.2,23.1,18.1,75,X, ,X,낮음
6/7/2020,진안(703),X,28.6,28.4,21.8,17.6,78,X,관심,X,낮음
6/7/2020,담양(706),X,31.7,30.9,24.4,20.1,82,X,관심,X,낮음
6/7/2020,구례(709),X,,,,,,X, ,X,낮음
6/7/2020,나주(710),X,29.8,29.6,23.1,18.1,76,X,관심,X,낮음
6/7/2020,순천시(712),X,28.6,28.1,23.5,19.3,69,X, ,X,낮음
6/7/2020,광양읍(713),X,29.9,29.8,23.2,18.1,70,X,관심,X,낮음
6/7/2020,장성(730),X,29.7,29.8,23.3,18.8,75,X,관심,X,낮음
6/7/2020,영암(731),X,29.7,29.6,23.2,18.4,69,X, ,X,낮음
6/7/2020,보성(732),X,27.7,27,21,15.6,72,X, ,X,낮음
6/7/2020,완주(734),X,30.1,29.9,22.7,18,78,X,관심,X,낮음
6/7/2020,김제(737),X,,,,,,X, ,X,낮음
6/7/2020,화순(741),X,29.4,30.2,23.5,18.8,65,X,관심,X,낮음
6/7/2020,함평(754),X,29.3,28.7,22.4,17.9,79,X, ,X,낮음
6/7/2020,곡성(768),X,30.2,30.4,23.5,18.7,72,X,관심,X,낮음
6/7/2020,압해도(789),X,29.2,28.2,21.6,18,83,X, ,X,낮음
6/7/2020,영양(801),X,28.7,30.1,20.2,10.3,58,X, ,X,낮음
6/7/2020,성주(810),X,30.3,31.8,23.8,16.5,50,X, ,X,낮음
6/7/2020,고령(812),X,30.5,31.4,23.7,19,55,X, ,X,낮음
6/7/2020,청도(813),X,30.2,31.7,23.2,16,54,X, ,X,낮음
6/7/2020,예천(815),X,29.2,28.6,21.5,14.2,73,X,관심,X,낮음
6/7/2020,김천(822),X,31.7,32,24,16.4,63,X,관심,X,낮음
6/7/2020,군위(823),X,30,30.9,22.2,12.4,57,X, ,X,낮음
6/7/2020,칠곡(825),X,30,30.6,24,17.4,53,X, ,X,낮음
6/7/2020,경산(827),X,29.5,31.9,23.2,15,51,X, ,X,낮음
6/7/2020,삼척(876),X,25.3,24.6,19.9,15.2,67,X, ,X,낮음
6/7/2020,속초(90),X,25.2,23.4,19.7,16.7,78.4,X, ,X,낮음
6/7/2020,삼천포(907),X,25.9,25.8,20.9,16.2,62,X, ,X,낮음
6/7/2020,고성(918),X,27,26.9,21.6,16.6,62,X, ,X,낮음
6/7/2020,창녕(919),X,30.4,31.1,23.9,19.7,53,X, ,X,낮음
6/7/2020,함안(920),X,29.5,29.5,22.7,17.6,58,X, ,X,낮음
6/7/2020,북춘천(93),X,29.6,29.7,23.8,19.2,67.6,X,관심,X,높음
6/7/2020,하동(932),X,28.5,28.5,22.8,18.8,72,X, ,X,낮음
6/7/2020,철원(95),X,28.7,28,22.3,17.6,83.6,X, ,X,낮음
6/7/2020,동두천(98),X,29.7,29,22.2,18,79,X, ,X,낮음
6/7/2020,파주(99),X,28.4,27.3,20.9,17.1,80.9,X, ,X,낮음
6/8/2020,북강릉(104),X,30.2,31.1,25.6,17.4,59.9,X,관심,X,위험
6/8/2020,동해(106),X,25.4,24.7,21.1,16.3,72.6,X, ,X,낮음
6/8/2020,서울(108),X,31.3,32,25,19.8,63.6,X,관심,X,매우높음
6/8/2020,인천(112),X,28.1,27.9,22.8,18,68.4,X, ,X,매우높음
6/8/2020,원주(114),X,29.9,31.1,25.4,19.7,58.6,O,관심,X,낮음
6/8/2020,울릉도(115),X,25.8,25.3,21.1,17.2,60.3,X, ,X,낮음
6/8/2020,수원(119),X,31.5,31.5,24.1,17.9,71.3,X,관심,X,낮음
6/8/2020,영월(121),X,31,32.2,24.5,16.7,66.4,O,관심,X,낮음
6/8/2020,충주(127),X,31.5,31.7,24.9,18.3,67.6,O,관심,X,낮음
6/8/2020,서산(129),X,30.7,31.1,23.2,16.8,64,X, ,X,매우높음
6/8/2020,울진(130),X,25.8,24.7,20.1,17.5,70.3,X, ,X,낮음
6/8/2020,청주(131),X,31.7,32.6,26.2,20.3,57.4,X,관심,X,매우높음
6/8/2020,대전(133),X,32.3,32.7,26.2,19.4,62.4,O,관심,X,매우높음
6/8/2020,추풍령(135),X,30.7,32,24.9,17.6,59.5,O,주의,X,낮음
6/8/2020,안동(136),X,31.7,33.2,25.2,17.2,54.3,O,관심,X,매우높음
6/8/2020,상주(137),O,33.1,33.7,26.8,19.4,63,O,주의,X,낮음
6/8/2020,포항(138),X,31,31.8,26,18.7,47.5,O,관심,X,낮음
6/8/2020,군산(140),X,32,32.8,24.6,16.4,66.5,X, ,X,낮음
6/8/2020,대구(143),O,33.5,35.6,26.9,17.4,46.6,O,주의,X,매우높음
6/8/2020,전주(146),X,32,32.8,25.7,18.7,61.1,O,관심,X,매우높음
6/8/2020,울산(152),X,28.4,29.3,23.1,15.9,46.3,X,관심,X,매우높음
6/8/2020,창원(155),X,27.5,29.6,23,16.1,39.4,X,관심,X,매우높음
6/8/2020,광주(156),X,32,33.7,26,19.5,58.6,X,관심,X,매우높음
6/8/2020,부산(159),X,27.4,28,23.3,18,40.9,X, ,X,매우높음
6/8/2020,통영(162),X,28,29.3,22.7,17,53.5,X, ,X,낮음
6/8/2020,목포(165),X,29.4,31.1,24.6,18.8,58.6,X, ,X,매우높음
6/8/2020,여수(168),X,26.9,28.9,23.1,18.1,48.6,X, ,X,낮음
6/8/2020,흑산도(169),X,26.1,26.8,20.8,15.7,60.4,X, ,X,낮음
6/8/2020,완도(170),X,27.1,28.8,22.1,15.9,54.3,X, ,X,낮음
6/8/2020,고창(172),X,31.3,32.4,24,16.8,67.3,X, ,X,낮음
6/8/2020,제주(184),X,29.2,29.7,23.4,18.6,62.8,X, ,X,매우높음
6/8/2020,진주(192),X,30.9,32.2,23.1,14.1,63.6,X, ,X,낮음
6/8/2020,양평(202),X,31,31.6,25,18,66.3,O,관심,X,낮음
6/8/2020,이천(203),X,31.9,32,25,18.6,69,O,관심,X,낮음
6/8/2020,인제(211),X,30.7,31,24,16.9,69.8,X,관심,X,낮음
6/8/2020,홍천(212),X,31.5,32.3,24.8,17.8,66.8,O,관심,X,낮음
6/8/2020,태백(216),X,30.3,32.8,23.7,14,63.5,X, ,X,낮음
6/8/2020,정선군(217),X,32.1,33,23.7,15.5,72.8,X,관심,X,낮음
6/8/2020,제천(221),X,31.2,31.3,23.7,16.8,72.6,O,관심,X,낮음
6/8/2020,보은(226),X,31.1,31.7,24.1,17.4,71.3,X,관심,X,낮음
6/8/2020,천안(232),X,30.9,31.1,23.8,16.6,71,O,관심,X,낮음
6/8/2020,보령(235),X,29.4,29.2,23.1,17.2,65.9,X, ,X,낮음
6/8/2020,부여(236),X,31.7,32.1,24.1,16.3,68.6,X,관심,X,낮음
6/8/2020,금산(238),X,31.4,31.8,24.4,17.2,70.6,X,관심,X,낮음
6/8/2020,세종(239),X,30.8,31.5,24.8,17.2,61.4,O,관심,X,매우높음
6/8/2020,부안(243),X,31.6,32.4,24,17.4,70.3,X,관심,X,낮음
6/8/2020,임실(244),X,30.9,31.8,23.5,16.5,73.5,X,관심,X,낮음
6/8/2020,정읍(245),X,31.9,32.7,24.5,17.1,65.9,X,관심,X,낮음
6/8/2020,남원(247),X,31.6,32.3,24.7,18.2,69.5,X,관심,X,낮음
6/8/2020,장수(248),X,31,31.6,22.9,16.6,77.6,X,관심,X,낮음
6/8/2020,영광군(252),X,30.9,31.8,23.8,16.6,67.3,X, ,X,낮음
6/8/2020,김해시(253),X,28.9,30.6,24.3,16.3,42.1,X,관심,X,낮음
6/8/2020,순창군(254),X,31.8,33.4,24.7,18.2,66.8,X,관심,X,낮음
6/8/2020,양산시(257),X,30.3,31.8,23.9,15.7,47.6,X,관심,X,낮음
6/8/2020,강진군(259),X,29.1,31,22.9,15,53.4,X, ,X,낮음
6/8/2020,장흥(260),X,28.9,30.1,22.1,14.2,61.1,X, ,X,낮음
6/8/2020,해남(261),X,28.2,30.4,22.6,13.5,51.9,X, ,X,낮음
6/8/2020,고흥(262),X,28.1,29.6,21.1,12.8,62.6,X, ,X,낮음
6/8/2020,의령군(263),X,31.5,33.7,24.1,14.5,56.6,X,관심,X,낮음
6/8/2020,함양군(264),X,31.6,33.2,23.7,16.3,69.1,X,관심,X,낮음
6/8/2020,진도군ASOS(268),X,28.9,30.7,22.5,13.2,52,X, ,X,낮음
6/8/2020,봉화(271),X,29.8,30.7,22.4,13.5,69.4,X,관심,X,낮음
6/8/2020,영주(272),X,31.6,32,25.1,16.5,65.6,X,관심,X,낮음
6/8/2020,문경(273),X,32,32.4,25.8,17.6,65.8,O,관심,X,낮음
6/8/2020,청송군(276),O,33.1,34.6,23.7,12.4,68.4,O,관심,X,낮음
6/8/2020,영덕(277),X,29.7,30.2,22.2,13.8,61,X, ,X,낮음
6/8/2020,의성(278),X,32.6,34.6,24.7,14.7,57.9,O,주의,X,낮음
6/8/2020,구미(279),O,33.1,34,26.5,18.7,63,O,주의,X,낮음
6/8/2020,영천(281),X,31.7,34.1,24.1,14.2,55.1,O,주의,X,낮음
6/8/2020,경주시(283),X,32.4,34.2,24.7,14.8,53.3,O,관심,X,낮음
6/8/2020,거창(284),X,31.4,32.5,23.9,16.4,67.5,X,관심,X,낮음
6/8/2020,합천(285),X,32.3,33.7,24.7,16,58.9,X,관심,X,낮음
6/8/2020,밀양(288),X,30.6,33.8,24.6,16.1,47.9,X,관심,X,낮음
6/8/2020,산청(289),X,31.5,32.3,24.3,16.8,65.9,X,관심,X,낮음
6/8/2020,거제(294),X,29,30.7,22.9,15.3,49.4,X, ,X,낮음
6/8/2020,남해(295),X,29.3,30.5,22.7,15.8,53.8,X, ,X,낮음
6/8/2020,부천(433),X,,30.9,23.9,18.6,,X, ,X,낮음
6/8/2020,안양(434),X,,31.8,24.9,19.3,,X, ,X,낮음
6/8/2020,광명(437),X,,32.4,25.4,18.8,,X, ,X,낮음
6/8/2020,군포(438),X,,32.1,25,18.6,,X, ,X,낮음
6/8/2020,김포(441),X,,31,23.6,18.4,,X, ,X,낮음
6/8/2020,하남(444),X,,32.4,24.5,17.8,,X, ,X,낮음
6/8/2020,의왕(445),X,,30.4,23.1,17.2,,X, ,X,낮음
6/8/2020,포천(504),X,31,31.6,24,18,65,X,관심,X,낮음
6/8/2020,가평조종(505),X,30.8,31.1,23.4,15.8,70,X,관심,X,낮음
6/8/2020,안성(516),X,31.7,32.2,24.7,18.4,67,O,관심,X,낮음
6/8/2020,간성(517),X,30.2,29.9,24.2,15.8,74,X,관심,X,낮음
6/8/2020,평창(526),X,31.3,32,23.5,15.9,67,X,관심,X,낮음
6/8/2020,의정부(532),X,31.8,31.6,24.1,17.8,76,X,관심,X,낮음
6/8/2020,횡성(536),X,31.7,31.5,23.9,16.8,78,O,관심,X,낮음
6/8/2020,고양(540),X,32.7,33.7,24.8,17.7,67,X,관심,X,낮음
6/8/2020,남양주(541),X,31.3,32.5,25,19.3,62,X,관심,X,낮음
6/8/2020,안산(545),X,31.2,31.1,23,16.8,75,X,관심,X,낮음
6/8/2020,경기광주(546),X,31.2,31.3,24.3,18.1,66,O,관심,X,낮음
6/8/2020,여주(548),X,30.6,30.5,24.4,17.9,67,O,관심,X,낮음
6/8/2020,용인(549),X,30,31.1,23.9,17.8,64,O,관심,X,낮음
6/8/2020,오산(550),X,31.2,32.1,24.3,18,61,X,관심,X,낮음
6/8/2020,평택(551),X,31.4,31.8,24,17.9,69,X,관심,X,낮음
6/8/2020,화천(555),X,32.8,32.8,24,16.4,76,O,관심,X,낮음
6/8/2020,양구(556),X,31.5,32,24.2,16.7,69,X,관심,X,낮음
6/8/2020,시흥(565),X,30.4,31,23.6,18.4,68,X, ,X,낮음
6/8/2020,구리(569),X,31.6,33.1,25.4,19.5,58,X, ,X,낮음
6/8/2020,화성(571),X,31.3,31.8,23.6,18.7,65,X,관심,X,낮음
6/8/2020,성남(572),X,31.2,32.3,25.3,19,59,X, ,X,매우높음
6/8/2020,과천(590),X,31.8,32.4,24.9,18.5,66,X,관심,X,낮음
6/8/2020,양주(598),X,30.6,31,24,17.8,68,X,관심,X,낮음
6/8/2020,단양(601),O,33.2,33.6,25.7,18.7,76,O,주의,X,낮음
6/8/2020,진천(602),X,31.9,32.2,24.7,18.1,68,X,관심,X,낮음
6/8/2020,괴산(603),X,31.8,32.8,24.6,17.4,68,X,관심,X,낮음
6/8/2020,옥천(604),X,31.2,32.5,25.4,17.4,64,O,관심,X,낮음
6/8/2020,홍북(608),X,31.9,31.6,22.1,14.9,75,X,관심,X,낮음
6/8/2020,공주(612),X,31.6,33,25,16.7,64,O,관심,X,낮음
6/8/2020,서천(614),X,31.6,31.8,24.2,16.8,65,X,관심,X,낮음
6/8/2020,논산(615),X,32,33.4,25.5,17.2,64,O,관심,X,낮음
6/8/2020,당진(616),X,30.4,30.9,22.6,16.3,67,X, ,X,낮음
6/8/2020,청양(618),X,31.8,31.8,22.7,14.4,74,O,관심,X,낮음
6/8/2020,음성(619),X,31.5,31.7,24.8,17.4,71,X,관심,X,낮음
6/8/2020,증평(623),X,31.3,31.7,25,18,70,X,관심,X,낮음
6/8/2020,태안(627),X,29.9,29.3,23,16.8,65,X,관심,X,낮음
6/8/2020,예산(628),X,31.2,31.5,23.7,17.2,67,X,관심,X,낮음
6/8/2020,아산(634),X,30.7,32.2,23.4,17.4,63,X,관심,X,낮음
6/8/2020,계룡(636),X,30.2,31.6,22.7,14,67,X, ,X,낮음
6/8/2020,연천청산(652),X,30.2,30.2,23.1,17.6,75,X,관심,X,낮음
6/8/2020,양양(670),X,31.5,31.3,27.4,17.7,68,X,관심,O,낮음
6/8/2020,무안(699),X,29.7,31.9,23.7,16.5,66,X, ,X,낮음
6/8/2020,무주(701),O,33.1,33.7,24.9,18.6,77,O,관심,X,낮음
6/8/2020,익산(702),X,32.6,33.2,24.7,16.1,68,O,관심,X,낮음
6/8/2020,진안(703),X,30.7,31.1,23.3,15.6,72,X,관심,X,낮음
6/8/2020,담양(706),O,33.3,33.9,25.6,18,73,O,관심,X,낮음
6/8/2020,구례(709),X,32,,,,,X,관심,X,낮음
6/8/2020,나주(710),X,31.2,32.6,24.4,16.1,66,X,관심,X,낮음
6/8/2020,순천시(712),X,30,30.8,24.4,17.2,59,X, ,X,낮음
6/8/2020,광양읍(713),X,31.3,33,24.2,16.2,62,X,관심,X,낮음
6/8/2020,장성(730),X,31,32.8,24.3,16.6,69,X,관심,X,낮음
6/8/2020,영암(731),X,30.6,31.9,23.9,15.1,59,X, ,X,낮음
6/8/2020,보성(732),X,29,29.9,21,12.7,66,X, ,X,낮음
6/8/2020,완주(734),X,32.1,32.5,24.4,15.7,72,O,관심,X,낮음
6/8/2020,김제(737),X,,,,,,X,관심,X,낮음
6/8/2020,화순(741),X,30.7,32.9,24.1,16.2,59,X, ,X,낮음
6/8/2020,함평(754),X,31,32.5,23.9,16.3,70,X,관심,X,낮음
6/8/2020,곡성(768),X,31.4,32.3,23.8,16.6,65,X,관심,X,낮음
6/8/2020,압해도(789),X,29.6,31.2,23.2,17.3,69,X, ,X,낮음
6/8/2020,영양(801),X,31.8,33.7,23.3,12.9,61,O,관심,X,낮음
6/8/2020,성주(810),X,32.3,35,26,16.5,52,O,주의,X,낮음
6/8/2020,고령(812),X,32.1,34.3,25,15.3,57,O,관심,X,낮음
6/8/2020,청도(813),X,32.3,34,24.7,14.7,55,O,관심,X,낮음
6/8/2020,예천(815),X,32.4,32.7,24.7,17.2,78,O,주의,X,낮음
6/8/2020,김천(822),O,34.1,35.1,26,17.2,68,O,주의,X,낮음
6/8/2020,군위(823),X,32.7,34.1,24.9,15.1,60,O,주의,X,낮음
6/8/2020,칠곡(825),X,32.4,33.7,26.6,18.2,52,O,주의,X,낮음
6/8/2020,경산(827),X,32.3,35.3,26.4,16.7,44,O,주의,X,낮음
6/8/2020,삼척(876),X,28.4,28.8,24.6,17.7,60,X,관심,X,낮음
6/8/2020,속초(90),X,29,29.4,22.8,16.7,71.9,X, ,X,낮음
6/8/2020,삼천포(907),X,27.1,28.9,22.3,15.9,49,X, ,X,낮음
6/8/2020,고성(918),X,29.5,30.2,22.8,14.2,56,X, ,X,낮음
6/8/2020,창녕(919),X,32.2,33.9,25.1,15.9,53,X,관심,X,낮음
6/8/2020,함안(920),X,31.4,32.5,23.1,14,61,X,관심,X,낮음
6/8/2020,북춘천(93),X,31.9,32.4,24.8,17.8,72.9,O,관심,X,매우높음
6/8/2020,하동(932),X,30,31.1,23.4,16.4,64,X,관심,X,낮음
6/8/2020,철원(95),X,30.3,30.2,23.5,17.6,79.3,X,관심,X,낮음
6/8/2020,동두천(98),X,31.6,31,23.7,18.1,74.5,X,관심,X,낮음
6/8/2020,파주(99),X,30.4,29.5,22.4,18.2,79,X,관심,X,낮음
6/9/2020,북강릉(104),X,32.2,33.2,26.6,21.7,59.6,X,관심,X,위험
6/9/2020,동해(106),X,29.7,30.1,22.8,19.3,67.5,X, ,X,낮음
6/9/2020,서울(108),X,31.6,32.8,26.7,20.3,51.6,O,주의,X,매우높음
6/9/2020,인천(112),X,30,30.4,24.6,19.6,54.8,X,관심,X,매우높음
6/9/2020,원주(114),X,31.1,33.4,26.9,20.1,50.3,O,주의,X,낮음
6/9/2020,울릉도(115),X,28.3,27.4,24.5,19.8,56.4,X, ,X,낮음
6/9/2020,수원(119),X,31.8,32.7,25.7,18,59,X,관심,X,낮음
6/9/2020,영월(121),O,33,34.6,25.6,17.9,63.6,O,주의,X,낮음
6/9/2020,충주(127),X,32.5,33.8,26,18.1,61.9,O,주의,X,낮음
6/9/2020,서산(129),X,31.2,33.1,24.5,16.4,56.4,X,관심,X,매우높음
6/9/2020,울진(130),X,31.3,31.8,22.5,18.2,68.4,X,관심,X,낮음
6/9/2020,청주(131),X,32.3,34.4,27.7,21.1,47.6,O,주의,X,매우높음
6/9/2020,대전(133),O,33.5,34.3,27.3,20.3,59.3,O,주의,X,매우높음
6/9/2020,추풍령(135),X,32,33.6,26.2,17.5,56.5,O,주의,X,낮음
6/9/2020,안동(136),O,33.5,35.7,27.7,18.3,51.3,O,주의,X,매우높음
6/9/2020,상주(137),O,33.6,35,28.3,20.6,58.1,O,주의,X,낮음
6/9/2020,포항(138),O,33.6,34.6,28.2,23,45.8,O,주의,X,낮음
6/9/2020,군산(140),O,33.1,33.9,26.1,18.8,62.6,X,관심,X,낮음
6/9/2020,대구(143),O,33.9,37,28.7,21,46.3,O,주의,X,매우높음
6/9/2020,전주(146),O,33,35.1,27.3,19.7,51,O,주의,X,매우높음
6/9/2020,울산(152),X,28.3,28.1,23.7,17.8,66.5,X,관심,X,매우높음
6/9/2020,창원(155),X,30.6,32.9,24.6,17,47.8,X,관심,X,매우높음
6/9/2020,광주(156),X,32.2,33.4,26.7,19.8,55.6,X,관심,X,매우높음
6/9/2020,부산(159),X,28.3,29.4,24,18.6,49.9,X, ,X,매우높음
6/9/2020,통영(162),X,28.6,29.6,23.4,16.4,51.6,X, ,X,낮음
6/9/2020,목포(165),X,30.9,30.9,25.8,19.8,60.9,X, ,X,매우높음
6/9/2020,여수(168),X,29.7,30.1,24.3,19,54.1,X, ,X,낮음
6/9/2020,흑산도(169),X,27.3,26.7,21.8,18.4,70,X, ,X,낮음
6/9/2020,완도(170),X,29.8,29.6,23.1,17,65,X, ,X,낮음
6/9/2020,고창(172),X,32.2,33,25.5,17.1,61.8,X,관심,X,낮음
6/9/2020,제주(184),X,30.6,30.1,26.7,22.2,64.1,X, ,X,매우높음
6/9/2020,진주(192),X,32,33.1,24.2,14.3,67.6,X,관심,X,낮음
6/9/2020,양평(202),X,32.1,34.1,26.1,18.7,59.5,O,주의,X,낮음
6/9/2020,이천(203),X,32.7,34,26.3,17.8,61.3,O,주의,X,낮음
6/9/2020,인제(211),X,32.1,33.3,25.4,18.1,68.5,X,관심,X,낮음
6/9/2020,홍천(212),X,32.5,34.1,26,18.5,63.1,O,주의,X,낮음
6/9/2020,태백(216),X,31.5,34.9,25.1,15.5,56,X, ,X,낮음
6/9/2020,정선군(217),O,33.4,36,25.5,17.1,67,X,관심,X,낮음
6/9/2020,제천(221),X,31.6,33.9,25.2,17.2,66.3,O,주의,X,낮음
6/9/2020,보은(226),X,32.4,33,25.3,17.4,65.8,X,관심,X,낮음
6/9/2020,천안(232),X,31.2,32.7,24.8,16.6,61.3,O,주의,X,낮음
6/9/2020,보령(235),X,31,32.2,24.7,18.1,59.1,X, ,X,낮음
6/9/2020,부여(236),X,32.2,34.1,25.7,17.5,61.4,X,관심,X,낮음
6/9/2020,금산(238),X,32.6,34.4,26.1,17.7,61,X,관심,X,낮음
6/9/2020,세종(239),X,31.7,33.2,26,18,54.1,O,주의,X,매우높음
6/9/2020,부안(243),X,31.8,32.8,25.2,19.1,63.4,X,관심,X,낮음
6/9/2020,임실(244),X,31.2,31.8,24.6,16.4,67.4,X,관심,X,낮음
6/9/2020,정읍(245),X,32.1,33.9,26,18.6,56,X,관심,X,낮음
6/9/2020,남원(247),X,32,33.1,25.5,17.5,63.9,X,관심,X,낮음
6/9/2020,장수(248),X,30.6,31.1,24,15.6,70.3,X,관심,X,낮음
6/9/2020,영광군(252),X,32,33.3,25.2,17.3,62.1,X,관심,X,낮음
6/9/2020,김해시(253),X,32.3,33.7,25.4,18,48.6,X,관심,X,낮음
6/9/2020,순창군(254),X,31.2,32.5,25.4,17.2,64.4,X,관심,X,낮음
6/9/2020,양산시(257),X,32.1,33.8,25.5,16.3,54.4,X,관심,X,낮음
6/9/2020,강진군(259),X,30.7,30.7,24.2,15.6,63.5,X, ,X,낮음
6/9/2020,장흥(260),X,30.4,30,23.3,14.6,68,X, ,X,낮음
6/9/2020,해남(261),X,30.7,30.4,23.7,15,63.9,X, ,X,낮음
6/9/2020,고흥(262),X,30.6,30.8,23.2,13.7,67.8,X, ,X,낮음
6/9/2020,의령군(263),X,32.4,34.6,26,16.3,55,X,관심,X,낮음
6/9/2020,함양군(264),X,32,33.9,25,16.1,63.6,X,관심,X,낮음
6/9/2020,진도군ASOS(268),X,30.4,29.8,24,15.2,68.6,X, ,X,낮음
6/9/2020,봉화(271),X,30.9,32.8,23.9,15.6,67.1,X,관심,X,낮음
6/9/2020,영주(272),X,32.8,33.5,26.5,18.2,63.8,X,관심,X,낮음
6/9/2020,문경(273),X,32.8,34,27,19.1,59.9,O,주의,X,낮음
6/9/2020,청송군(276),O,34.2,36.4,25.5,15.3,64.8,O,주의,X,낮음
6/9/2020,영덕(277),O,33.5,35.1,25.6,18.6,57,X,관심,X,낮음
6/9/2020,의성(278),O,33.4,35.9,26.3,16.6,57.3,O,주의,X,낮음
6/9/2020,구미(279),O,33.1,35.1,28.1,20.9,59.1,O,주의,X,낮음
6/9/2020,영천(281),X,32,35.3,25.8,16.5,55.8,O,주의,X,낮음
6/9/2020,경주시(283),O,33.3,35.4,26,17.2,54.9,O,주의,X,낮음
6/9/2020,거창(284),X,31.6,33.2,24.9,16.6,65.5,X,관심,X,낮음
6/9/2020,합천(285),X,32.2,34.3,26.1,17,59.1,X,관심,X,낮음
6/9/2020,밀양(288),X,31,35.1,26.4,17.5,48.3,X,관심,X,낮음
6/9/2020,산청(289),X,31.4,32.5,25.3,17.1,64.3,X,관심,X,낮음
6/9/2020,거제(294),X,30.7,32.2,24.3,15.7,52.3,X, ,X,낮음
6/9/2020,남해(295),X,31.2,31.5,24.1,15.6,59.1,X, ,X,낮음
6/9/2020,부천(433),X,,32.1,25.9,19,,X, ,X,낮음
6/9/2020,안양(434),X,,32.6,26.7,20.6,,X,관심,X,낮음
6/9/2020,광명(437),X,,33.9,27.7,21.1,,X, ,X,낮음
6/9/2020,군포(438),X,,33.9,26.6,19.8,,X,관심,X,낮음
6/9/2020,김포(441),X,,32.6,25.2,18.8,,X,관심,X,낮음
6/9/2020,하남(444),X,,34.4,25.5,17.2,,X,관심,X,낮음
6/9/2020,의왕(445),X,,32,24,16.4,,X, ,X,낮음
6/9/2020,포천(504),X,32.3,33.5,25.3,17.8,60,O,주의,X,낮음
6/9/2020,가평조종(505),X,31.9,32.7,24.3,16.3,66,X,관심,X,낮음
6/9/2020,안성(516),X,32.3,33.7,25.9,17.7,59,O,주의,X,낮음
6/9/2020,간성(517),X,32.1,31.9,25.2,20.6,77,X,관심,X,낮음
6/9/2020,평창(526),X,32.2,34.4,25,16.8,63,X,관심,X,낮음
6/9/2020,의정부(532),X,32.9,33.3,25.4,17.6,65,O,주의,X,낮음
6/9/2020,횡성(536),X,32.9,34.1,25.1,17.3,70,O,주의,X,낮음
6/9/2020,고양(540),O,33.1,35.6,25.6,16.8,56,X,관심,X,낮음
6/9/2020,남양주(541),X,32.5,34.4,25.8,18.1,55,X,관심,X,낮음
6/9/2020,안산(545),X,31.4,32.5,23.1,14.6,71,X,관심,X,낮음
6/9/2020,경기광주(546),X,31.7,33.7,25,17.1,58,O,주의,X,낮음
6/9/2020,여주(548),X,31.8,32.8,25.8,18.1,60,O,주의,X,낮음
6/9/2020,용인(549),X,31.3,33.3,24.6,16.7,58,O,주의,X,낮음
6/9/2020,오산(550),X,32,33.5,25.7,18.1,48,X,관심,X,낮음
6/9/2020,평택(551),X,31.7,32.8,25.5,18.8,60,X,관심,X,낮음
6/9/2020,화천(555),O,34.3,34.7,24.9,17.1,75,O,주의,X,낮음
6/9/2020,양구(556),O,33.2,34.3,25.5,18.1,67,X,관심,X,낮음
6/9/2020,시흥(565),X,30.9,33,24.5,16.2,59,X, ,X,낮음
6/9/2020,구리(569),X,32.2,34.6,26.4,18.7,50,X,관심,X,낮음
6/9/2020,화성(571),X,31.2,32.7,25.1,17.6,51,X,관심,X,낮음
6/9/2020,성남(572),X,32.5,35.1,26.5,18.4,50,X,관심,X,매우높음
6/9/2020,과천(590),X,32,33.7,25.5,17.2,58,X,관심,X,낮음
6/9/2020,양주(598),X,31.7,33.4,25.3,17.1,58,O,주의,X,낮음
6/9/2020,단양(601),O,34.6,36.3,27,19.3,71,O,주의,X,낮음
6/9/2020,진천(602),X,32.8,33.7,25.8,18.3,58,X,관심,X,낮음
6/9/2020,괴산(603),X,32.4,34,25.4,17,64,X,관심,X,낮음
6/9/2020,옥천(604),X,32.8,34.1,26.2,18,60,O,주의,X,낮음
6/9/2020,홍북(608),X,32.4,33.1,23.5,15.5,64,X,관심,X,낮음
6/9/2020,공주(612),X,32.2,34.7,26,17.1,57,O,주의,X,낮음
6/9/2020,서천(614),X,31.7,33.4,26.2,19.5,60,X,관심,X,낮음
6/9/2020,논산(615),X,32.5,34.2,26.6,19,63,O,주의,X,낮음
6/9/2020,당진(616),X,29.9,32,23.6,16.1,55,X,관심,X,낮음
6/9/2020,청양(618),X,32.5,33.7,23.8,14.7,65,O,주의,X,낮음
6/9/2020,음성(619),X,32.1,33.4,25.6,17.5,61,X,관심,X,낮음
6/9/2020,증평(623),X,31.9,33.1,26.3,18.3,60,X,관심,X,낮음
6/9/2020,태안(627),X,31.6,32.5,24.8,16.6,56,X,관심,X,낮음
6/9/2020,예산(628),X,31.5,33.2,25.5,17.3,54,X,관심,X,낮음
6/9/2020,아산(634),X,30.3,33.7,24.9,18,50,X,관심,X,낮음
6/9/2020,계룡(636),X,31.7,33.4,23.9,15.6,63,X,관심,X,낮음
6/9/2020,연천청산(652),X,31.5,32.1,24.4,16.7,70,X,관심,X,낮음
6/9/2020,양양(670),O,33.2,33.5,27.4,21.1,71,X,관심,X,낮음
6/9/2020,무안(699),X,31.1,31.5,25.5,17.7,62,X, ,X,낮음
6/9/2020,무주(701),O,33.5,34.7,26.2,16.6,69,O,주의,X,낮음
6/9/2020,익산(702),O,33.2,34.8,26.3,17.9,64,O,주의,X,낮음
6/9/2020,진안(703),X,30.7,31.7,24.3,15.5,65,X,관심,X,낮음
6/9/2020,담양(706),O,33.2,33.1,26.3,18.2,72,O,관심,X,낮음
6/9/2020,구례(709),X,32.4,33.3,24.6,15.5,69,X,관심,X,낮음
6/9/2020,나주(710),X,32.6,32.6,25.1,16.3,70,X,관심,X,낮음
6/9/2020,순천시(712),X,32.3,32.4,25.6,17.2,62,X,관심,X,낮음
6/9/2020,광양읍(713),X,32.9,33.8,25.2,15.5,61,X,관심,X,낮음
6/9/2020,장성(730),X,32,33.1,25.7,16.7,64,X,관심,X,낮음
6/9/2020,영암(731),X,31.7,31.6,24.4,15.1,68,X,관심,X,낮음
6/9/2020,보성(732),X,30.4,30.4,22.4,12.7,71,X, ,X,낮음
6/9/2020,완주(734),X,32.5,34.2,25.9,16.8,59,O,주의,X,낮음
6/9/2020,김제(737),X,32.8,,,,,X,관심,X,낮음
6/9/2020,화순(741),X,31.3,32.4,24.8,16.3,60,X,관심,X,낮음
6/9/2020,함평(754),X,32.1,32.3,25.3,16.9,68,X,관심,X,낮음
6/9/2020,곡성(768),X,31.3,32.6,24.5,15.8,63,X,관심,X,낮음
6/9/2020,압해도(789),X,31.9,31.9,25.1,17.1,69,X, ,X,낮음
6/9/2020,영양(801),O,33,35.8,25.3,16.2,62,O,주의,X,낮음
6/9/2020,성주(810),O,33.3,36.5,27.5,17.9,52,O,주의,X,낮음
6/9/2020,고령(812),X,32.7,34.7,26.4,16.8,59,O,주의,X,낮음
6/9/2020,청도(813),X,32.4,34.8,26.2,16.5,54,O,주의,X,낮음
6/9/2020,예천(815),O,33.5,34.3,26.2,18.6,75,O,주의,X,낮음
6/9/2020,김천(822),O,35,36.7,27.2,18,63,O,주의,X,낮음
6/9/2020,군위(823),O,33.5,35.7,27.1,17.7,57,O,주의,X,낮음
6/9/2020,칠곡(825),O,33.2,34.7,27.9,20.5,54,O,주의,X,낮음
6/9/2020,경산(827),X,32.8,36.9,28.3,20,42,O,주의,X,낮음
6/9/2020,삼척(876),X,31.2,32.4,26.4,21.2,57,X,관심,X,낮음
6/9/2020,속초(90),X,31.3,32,25,20.4,67.6,X, ,X,낮음
6/9/2020,삼천포(907),X,29.6,30.5,23.4,16.3,59,X, ,X,낮음
6/9/2020,고성(918),X,31.1,31.5,23.7,14,63,X, ,X,낮음
6/9/2020,창녕(919),X,32.5,35.1,27,17.9,53,X,관심,X,낮음
6/9/2020,함안(920),X,32.2,33.9,25.5,15.9,59,X,관심,X,낮음
6/9/2020,북춘천(93),X,32.9,33.9,26,18.6,69.5,O,주의,X,매우높음
6/9/2020,하동(932),X,31.8,32.4,24.7,15.6,66,X,관심,X,낮음
6/9/2020,철원(95),X,32,31.8,24.9,17.4,74.1,X,관심,X,낮음
6/9/2020,동두천(98),X,32.3,32.9,25,17.3,65.8,X,관심,X,낮음
6/9/2020,파주(99),X,31.9,31.8,23.7,16.2,68.9,X,관심,X,낮음
6/10/2020,북강릉(104),X,29.2,28.9,24.4,20.2,69,X,관심,X,위험
6/10/2020,동해(106),X,29.6,29.6,22.6,18.6,73.9,X, ,X,낮음
6/10/2020,서울(108),X,31.5,32.1,25.8,22.5,63.8,O,주의,X,매우높음
6/10/2020,인천(112),X,29.7,29.3,24.1,20.6,69.1,X,관심,X,매우높음
6/10/2020,원주(114),X,30.6,32.5,26,21,56.4,O,주의,X,낮음
6/10/2020,울릉도(115),X,29.5,28.7,23.9,21.2,71.4,X, ,X,낮음
6/10/2020,수원(119),X,32.3,32.5,25.4,19.6,69.1,X,관심,X,낮음
6/10/2020,영월(121),O,33.7,35.7,26.1,18.4,63.3,X,관심,X,낮음
6/10/2020,충주(127),X,32.4,33.7,25.7,19,65.4,O,관심,X,낮음
6/10/2020,서산(129),X,32.8,33.2,24.1,18.8,73.3,X,관심,X,매우높음
6/10/2020,울진(130),X,29,28.5,21.9,19.1,75.1,X,관심,X,낮음
6/10/2020,청주(131),O,33,34.4,27,22,58.8,O,관심,X,매우높음
6/10/2020,대전(133),O,33.3,34.2,26.1,21.6,72.6,O,주의,X,매우높음
6/10/2020,추풍령(135),X,31.4,32.4,24.6,18.8,67,O,관심,X,낮음
6/10/2020,안동(136),X,32.6,34.3,26.5,20,60.5,O,주의,X,매우높음
6/10/2020,상주(137),O,33.3,33.9,26.8,21.2,66.6,O,주의,X,낮음
6/10/2020,포항(138),X,32.1,32.7,27.9,22.7,60.6,O,주의,X,낮음
6/10/2020,군산(140),O,33.2,33.6,25.2,20.3,72.9,X,관심,X,낮음
6/10/2020,대구(143),O,34.1,36.1,28.1,21.3,54.8,O,주의,X,매우높음
6/10/2020,전주(146),O,33.5,34.4,26,21.4,67.6,O,주의,X,매우높음
6/10/2020,울산(152),X,29.9,29.4,24.2,19.6,78.5,X, ,X,매우높음
6/10/2020,창원(155),X,29.9,30.4,24.7,19.4,62.4,X,관심,X,매우높음
6/10/2020,광주(156),X,31.7,32.1,24.9,21.4,77.4,X,관심,X,매우높음
6/10/2020,부산(159),X,29.5,28.9,24.7,20.9,68.4,X, ,X,매우높음
6/10/2020,통영(162),X,29,28.4,23.6,20,70.3,X, ,X,낮음
6/10/2020,목포(165),X,29.9,29.4,24.7,21.7,77,X, ,X,매우높음
6/10/2020,여수(168),X,29.8,28.8,24.5,22.3,74.3,X, ,X,낮음
6/10/2020,흑산도(169),X,25.3,22.8,19.5,17.7,95.6,X, ,X,낮음
6/10/2020,완도(170),X,29.4,29,23,20.2,81.3,X, ,X,낮음
6/10/2020,고창(172),X,32.4,32.6,24.3,21,79,X,관심,X,낮음
6/10/2020,제주(184),X,29.5,28.9,24.7,22.7,76.5,X, ,X,매우높음
6/10/2020,진주(192),X,32.7,32.8,24.7,18.3,75.8,X,관심,X,낮음
6/10/2020,양평(202),X,31.5,32.2,25.1,19.5,69.4,O,주의,X,낮음
6/10/2020,이천(203),X,32,32.9,25.5,18.8,68.6,O,주의,X,낮음
6/10/2020,인제(211),X,31.1,31.7,24.7,18.5,71.8,X,관심,X,낮음
6/10/2020,홍천(212),X,31.4,32.8,25.3,19.5,68.9,O,주의,X,낮음
6/10/2020,태백(216),X,30,31,24,16.4,66,X, ,X,낮음
6/10/2020,정선군(217),X,32.2,33.6,24.9,17.7,69.9,X,관심,X,낮음
6/10/2020,제천(221),X,31.5,32.8,25.1,18.3,68.1,O,관심,X,낮음
6/10/2020,보은(226),X,31.9,32.8,24.2,17.6,72.5,X,관심,X,낮음
6/10/2020,천안(232),X,31.5,32.4,24.4,17,70.5,X,관심,X,낮음
6/10/2020,보령(235),X,31.8,31.9,24.4,20.9,71.4,X, ,X,낮음
6/10/2020,부여(236),X,32.5,33.1,24.7,19.2,74.8,X,관심,X,낮음
6/10/2020,금산(238),X,32.2,32.9,24.3,18.6,76.5,X,관심,X,낮음
6/10/2020,세종(239),X,31.8,32.8,24.6,20,69.3,O,주의,X,매우높음
6/10/2020,부안(243),X,32.5,32.6,24.8,20.7,76.5,X,관심,X,낮음
6/10/2020,임실(244),X,32,32,23.9,18,78.5,X,관심,X,낮음
6/10/2020,정읍(245),X,32.6,33.5,24.9,20,69.9,X,관심,X,낮음
6/10/2020,남원(247),X,32.6,33,24.9,20,75.1,X,관심,X,낮음
6/10/2020,장수(248),X,31.1,31.1,22.9,17,81.5,X,관심,X,낮음
6/10/2020,영광군(252),X,32.3,32.7,24,21,78.9,X,관심,X,낮음
6/10/2020,김해시(253),X,32.1,32.3,25.2,20,65.5,X,관심,X,낮음
6/10/2020,순창군(254),X,32,32.5,24.5,19.7,77.4,X,관심,X,낮음
6/10/2020,양산시(257),X,32.3,32.6,25.8,19.6,65.3,X,관심,X,낮음
6/10/2020,강진군(259),X,30,29.7,24.1,20.5,76.3,X, ,X,낮음
6/10/2020,장흥(260),X,29.9,29.2,23.4,19.1,79.8,X,관심,X,낮음
6/10/2020,해남(261),X,29.8,29.3,23.8,20.7,79.1,X,관심,X,낮음
6/10/2020,고흥(262),X,30.5,30.5,23.4,18.1,81.9,X, ,X,낮음
6/10/2020,의령군(263),O,33.3,34.9,26.3,19.1,64.1,X,관심,X,낮음
6/10/2020,함양군(264),X,32.9,34.2,24.8,17.8,73.3,X,관심,X,낮음
6/10/2020,진도군ASOS(268),X,29.1,28,23.6,21.1,83.3,X, ,X,낮음
6/10/2020,봉화(271),X,30.4,31.4,24,15.9,68.4,X,관심,X,낮음
6/10/2020,영주(272),X,31.4,32.7,25.2,18.6,69.1,X,관심,X,낮음
6/10/2020,문경(273),X,32.1,33.1,25.6,20.2,66.8,X,관심,X,낮음
6/10/2020,청송군(276),O,33.5,34.6,25.5,16,69.3,X,관심,X,낮음
6/10/2020,영덕(277),X,31.8,32.6,25.2,19.3,63.6,X,관심,X,낮음
6/10/2020,의성(278),O,33.4,35.3,26.9,17.8,60.8,O,주의,X,낮음
6/10/2020,구미(279),O,33,34.3,26.9,21.6,72,O,주의,X,낮음
6/10/2020,영천(281),X,32.7,33.9,26.2,17.6,60.1,O,주의,X,낮음
6/10/2020,경주시(283),O,33.1,33.9,26.4,18.1,63.3,O,주의,X,낮음
6/10/2020,거창(284),X,32.6,33.2,24.3,17.8,73.6,X,관심,X,낮음
6/10/2020,합천(285),O,33.6,35.1,25.7,18.3,69.3,X,관심,X,낮음
6/10/2020,밀양(288),X,32.1,34.6,26.3,19,55.6,X,관심,X,낮음
6/10/2020,산청(289),X,32.9,33.3,25.3,18.8,72.1,X,관심,X,낮음
6/10/2020,거제(294),X,30.9,31.6,24.8,19.8,69.3,X, ,X,낮음
6/10/2020,남해(295),X,31.3,31.2,24.7,19.9,73.4,X, ,X,낮음
6/10/2020,부천(433),X,,31,24.8,20.8,,X, ,X,낮음
6/10/2020,안양(434),X,,31.9,25.8,22,,X,관심,X,낮음
6/10/2020,광명(437),X,,32.9,26.1,22.3,,X,관심,X,낮음
6/10/2020,군포(438),X,,33.2,25.9,21.5,,X,관심,X,낮음
6/10/2020,김포(441),X,,31.1,24.6,20.4,,X,관심,X,낮음
6/10/2020,하남(444),X,,32.3,24.8,19.2,,X,관심,X,낮음
6/10/2020,의왕(445),X,,31.2,23.9,18,,X, ,X,낮음
6/10/2020,포천(504),X,31,31.5,24.5,18.8,67,O,주의,X,낮음
6/10/2020,가평조종(505),X,31.2,31.3,23.6,17.1,74,X,관심,X,낮음
6/10/2020,안성(516),X,32.7,33.4,25.8,19.1,65,O,주의,X,낮음
6/10/2020,간성(517),X,30.5,29.7,24.3,19.6,82,X, ,X,낮음
6/10/2020,평창(526),X,31.2,32.9,24.8,17.8,63,X,관심,X,낮음
6/10/2020,의정부(532),X,31.6,31.4,24.3,19.3,77,O,주의,X,낮음
6/10/2020,횡성(536),X,32.6,33.9,24.9,18.3,73,X,관심,X,낮음
6/10/2020,고양(540),O,33.3,34.7,25.2,19.1,69,X,관심,X,낮음
6/10/2020,남양주(541),X,31.5,32.8,24.8,19.6,67,X,관심,X,낮음
6/10/2020,안산(545),X,31.9,32.4,23.7,15.9,76,X,관심,X,낮음
6/10/2020,경기광주(546),X,31.2,31.8,24.5,18.9,69,O,주의,X,낮음
6/10/2020,여주(548),X,30.9,31.8,24.5,18.9,68,O,주의,X,낮음
6/10/2020,용인(549),X,30.9,32.3,24.4,18,64,O,주의,X,낮음
6/10/2020,오산(550),X,32.2,33.6,25.6,20,60,X,관심,X,낮음
6/10/2020,평택(551),O,33.2,34.1,25.2,19.2,69,X,관심,X,낮음
6/10/2020,화천(555),X,32.3,33.2,25,18.3,77,X,관심,X,낮음
6/10/2020,양구(556),X,31.8,32.8,24.7,18.3,70,X,관심,X,낮음
6/10/2020,시흥(565),X,30.9,32.1,24.8,17.9,70,X, ,X,낮음
6/10/2020,구리(569),X,31.7,33.2,25.5,20.1,62,X,관심,X,낮음
6/10/2020,화성(571),X,31.9,32.7,24.8,19.4,67,X,관심,X,낮음
6/10/2020,성남(572),X,31.7,33.2,25.7,20.4,61,X,관심,X,매우높음
6/10/2020,과천(590),X,31.5,32.4,25,18.9,69,X,관심,X,낮음
6/10/2020,양주(598),X,31,31.5,24.5,18.2,70,O,주의,X,낮음
6/10/2020,단양(601),O,33.8,35.2,26.6,20.2,74,O,관심,X,낮음
6/10/2020,진천(602),X,32.8,34,25.1,18.8,65,X,관심,X,낮음
6/10/2020,괴산(603),X,32.7,34.4,25.1,16.9,67,X,관심,X,낮음
6/10/2020,옥천(604),X,32.8,34.1,24.7,18.5,73,O,관심,X,낮음
6/10/2020,홍북(608),X,32.5,32.9,23.4,17.8,77,X,관심,X,낮음
6/10/2020,공주(612),X,32.5,33.9,24.7,18.1,70,X,관심,X,낮음
6/10/2020,서천(614),X,32.5,32.7,25.3,21.2,72,X,관심,X,낮음
6/10/2020,논산(615),O,33.8,34.8,26.1,20,72,O,주의,X,낮음
6/10/2020,당진(616),X,30.9,31.1,24.1,18,70,X,관심,X,낮음
6/10/2020,청양(618),X,32.6,33,23.7,16.4,77,O,주의,X,낮음
6/10/2020,음성(619),X,32.1,33.2,24.8,17.8,68,X,관심,X,낮음
6/10/2020,증평(623),X,32.9,34.2,25.5,19,65,X,관심,X,낮음
6/10/2020,태안(627),X,32.1,31.8,23.8,19.5,76,X, ,X,낮음
6/10/2020,예산(628),X,31.9,32.3,24.9,19.5,73,X,관심,X,낮음
6/10/2020,아산(634),X,31.8,33.5,25.2,19.5,63,X,관심,X,낮음
6/10/2020,계룡(636),X,31.9,33,23.4,16,73,X,관심,X,낮음
6/10/2020,연천청산(652),X,30.4,30.2,24.1,17.9,73,X,관심,X,낮음
6/10/2020,양양(670),X,31.8,30.4,25,20.7,86,X,관심,X,낮음
6/10/2020,무안(699),X,31,31.3,24.2,20.7,78,X, ,X,낮음
6/10/2020,무주(701),O,33.8,34.3,24.7,18,83,O,주의,X,낮음
6/10/2020,익산(702),O,34.1,34.5,25.5,19.5,74,O,주의,X,낮음
6/10/2020,진안(703),X,31.1,31.1,23.3,17.4,78,X,관심,X,낮음
6/10/2020,담양(706),O,33.2,33.2,24.9,20.4,82,X,주의,X,낮음
6/10/2020,구례(709),O,33,,,,,X,관심,X,낮음
6/10/2020,나주(710),X,32.4,32.1,24.2,19.8,83,X,관심,X,낮음
6/10/2020,순천시(712),X,31.8,31.3,25.1,20.7,77,X,관심,X,낮음
6/10/2020,광양읍(713),O,33.4,33.7,25.3,19.8,76,X,관심,X,낮음
6/10/2020,장성(730),X,31.6,32.1,24.2,19.6,79,X,관심,X,낮음
6/10/2020,영암(731),X,31.2,30.9,24.7,21.3,77,X,관심,X,낮음
6/10/2020,보성(732),X,30.2,29.5,22.8,18,83,X,관심,X,낮음
6/10/2020,완주(734),O,33.5,34.1,25.3,19,73,X,관심,X,낮음
6/10/2020,김제(737),O,33,33.9,25,21.2,74,X,관심,X,낮음
6/10/2020,화순(741),X,31.4,32.2,24.4,19.5,72,X,관심,X,낮음
6/10/2020,함평(754),X,31.5,31.3,24,20.9,82,X,관심,X,낮음
6/10/2020,곡성(768),X,32.1,32.5,24.4,18.6,74,X,관심,X,낮음
6/10/2020,압해도(789),X,31.5,30.9,24.2,21,82,X, ,X,낮음
6/10/2020,영양(801),X,32.8,34.1,25.4,16.8,65,X,관심,X,낮음
6/10/2020,성주(810),O,33.7,36.1,26.5,19.3,63,X,관심,X,낮음
6/10/2020,고령(812),O,33.3,35.3,26.4,18.4,65,X,관심,X,낮음
6/10/2020,청도(813),O,33.8,35.1,26.4,17.8,62,O,주의,X,낮음
6/10/2020,예천(815),X,32.9,33.2,25.2,19.4,80,O,주의,X,낮음
6/10/2020,김천(822),O,34.7,35.9,26.5,18.8,71,O,주의,X,낮음
6/10/2020,군위(823),O,33.8,34.6,26.6,19.1,66,O,주의,X,낮음
6/10/2020,칠곡(825),O,33.2,34.2,26.9,21.1,68,O,주의,X,낮음
6/10/2020,경산(827),O,33,35.4,27.8,20.9,52,O,주의,X,낮음
6/10/2020,삼척(876),X,30.8,31.4,25,21.5,65,X,관심,X,낮음
6/10/2020,속초(90),X,30.2,29.6,24.2,19.6,73.5,X, ,X,낮음
6/10/2020,삼천포(907),X,30.2,29.6,23.5,19.5,77,X, ,X,낮음
6/10/2020,고성(918),X,31.3,31.1,24.8,19.2,72,X, ,X,낮음
6/10/2020,창녕(919),O,33,34.4,26.9,19.6,64,X,관심,X,낮음
6/10/2020,함안(920),X,32.7,32.8,25.6,19.1,70,X,관심,X,낮음
6/10/2020,북춘천(93),X,31.6,32.4,25.6,19.8,73.9,O,주의,X,매우높음
6/10/2020,하동(932),X,32,32.4,24.9,19.6,76,X,관심,X,낮음
6/10/2020,철원(95),X,31.4,30.9,24.5,18.5,76.1,X,관심,X,낮음
6/10/2020,동두천(98),X,31.8,31.3,24.2,19.3,75.1,X,관심,X,낮음
6/10/2020,파주(99),X,30.8,30.1,23.3,17.7,78.9,X,관심,X,낮음
6/11/2020,북강릉(104),X,29.4,29,24.1,20.2,70.9,X,관심,X,매우높음
6/11/2020,동해(106),X,26.4,25,20.8,18,85.4,X, ,X,낮음
6/11/2020,서울(108),X,31.2,31.6,26.1,21.7,68.3,X,관심,X,매우높음
6/11/2020,인천(112),X,29.8,29.1,24.3,21.4,76.6,X, ,X,매우높음
6/11/2020,원주(114),X,30.9,31.9,26.4,21.8,62.9,X,관심,X,낮음
6/11/2020,울릉도(115),X,27.4,25.4,22.1,19,85.6,X, ,X,낮음
6/11/2020,수원(119),X,32.2,31,25.4,21.6,78.3,X, ,X,낮음
6/11/2020,영월(121),X,31.9,32.2,25.2,19.9,73.1,O,관심,X,낮음
6/11/2020,충주(127),X,31.7,31.6,25.4,20.7,75.6,X,관심,X,낮음
6/11/2020,서산(129),X,30.8,29.6,23.9,19.7,80.9,X,관심,X,매우높음
6/11/2020,울진(130),X,25.5,22.1,19.2,17.6,97.3,X, ,X,낮음
6/11/2020,청주(131),X,31.7,31.6,26.1,21.3,68.6,X,관심,X,매우높음
6/11/2020,대전(133),X,31.9,30.8,25.4,20.9,80.8,X,관심,X,높음
6/11/2020,추풍령(135),X,30,29.5,23.2,19.2,79.3,X,관심,X,낮음
6/11/2020,안동(136),X,31.7,31.5,25.2,19.2,72.8,X,관심,X,매우높음
6/11/2020,상주(137),X,32.4,31.5,25.2,19.4,81.9,O,주의,X,낮음
6/11/2020,포항(138),X,28.2,26.8,21.8,20.5,95.1,X, ,X,낮음
6/11/2020,군산(140),O,33.1,32.2,25.1,20.9,81,X, ,X,낮음
6/11/2020,대구(143),X,31.8,31.7,25.5,20.6,77.4,O,주의,X,매우높음
6/11/2020,전주(146),X,31.8,31,25.1,20.6,79.8,X,관심,X,매우높음
6/11/2020,울산(152),X,30.5,29.3,23.7,20.7,89,X,관심,X,매우높음
6/11/2020,창원(155),X,31.2,30.3,23.7,20.6,84.8,X,관심,X,높음
6/11/2020,광주(156),X,32.5,31,25.4,22.2,90,X,관심,X,매우높음
6/11/2020,부산(159),X,28.4,25.9,22.6,21.3,93.4,X,관심,X,매우높음
6/11/2020,통영(162),X,27.8,25.3,22.6,20.9,87.1,X, ,X,낮음
6/11/2020,목포(165),X,29.8,27.3,23.7,21.8,93.1,X, ,X,높음
6/11/2020,여수(168),X,29.2,26.2,23.6,21.8,97.3,X, ,X,낮음
6/11/2020,흑산도(169),X,27,23.9,20.3,18.1,96.6,X, ,X,낮음
6/11/2020,완도(170),X,31.5,29.5,24.2,21,89.1,X, ,X,낮음
6/11/2020,고창(172),X,31.4,29.3,24,21.6,89.1,X,관심,X,낮음
6/11/2020,제주(184),X,30.6,28.9,24.5,21.6,85.1,X, ,X,높음
6/11/2020,진주(192),X,32.4,31.2,24.8,20.7,85.9,X,관심,X,낮음
6/11/2020,양평(202),X,31.4,31.9,26.3,21.5,67.9,X,관심,X,낮음
6/11/2020,이천(203),X,32.1,32.4,26.4,21.5,72.6,X,관심,X,낮음
6/11/2020,인제(211),X,30.6,32.2,25.7,21.4,64.9,X,관심,X,낮음
6/11/2020,홍천(212),X,31.1,32,25.5,21,67.6,X,관심,X,낮음
6/11/2020,태백(216),X,28.6,27.8,22.3,17.9,77.1,X, ,X,낮음
6/11/2020,정선군(217),O,33,33.5,25,19.9,75.4,O,관심,X,낮음
6/11/2020,제천(221),X,31.4,31.3,24.9,20.2,74.5,X,관심,X,낮음
6/11/2020,보은(226),X,31.1,30.2,23.9,19.4,81.6,X,관심,X,낮음
6/11/2020,천안(232),X,31.1,30.2,24.5,20.7,79.3,X,관심,X,낮음
6/11/2020,보령(235),X,31,29.8,24.3,21.1,82.1,X,관심,X,낮음
6/11/2020,부여(236),X,31.6,31,25.1,20.9,79.4,X,관심,X,낮음
6/11/2020,금산(238),X,30.8,29.7,24.1,19.9,82.3,X,관심,X,낮음
6/11/2020,세종(239),X,31.4,30.8,24.9,20.5,76,X,관심,X,높음
6/11/2020,부안(243),X,30.7,28.7,23.8,21.4,87.4,X,관심,X,낮음
6/11/2020,임실(244),X,30.8,29.2,23.8,20.1,87,X,관심,X,낮음
6/11/2020,정읍(245),X,31.2,29.9,24,20.9,83.4,X,관심,X,낮음
6/11/2020,남원(247),X,32.3,31.2,25.3,21.3,84.9,X,관심,X,낮음
6/11/2020,장수(248),X,30.5,29,23.5,19.4,87.9,X,관심,X,낮음
6/11/2020,영광군(252),X,30.1,27.9,23.6,21.3,89,X,관심,X,낮음
6/11/2020,김해시(253),X,32.7,31.5,24.2,21.5,89.5,X,관심,X,낮음
6/11/2020,순창군(254),X,31.4,30.4,25,20.9,83.5,X,관심,X,낮음
6/11/2020,양산시(257),X,31.7,30.2,25,21.8,86.8,X,관심,X,낮음
6/11/2020,강진군(259),X,31.7,30.2,25.1,22,84.4,X, ,X,낮음
6/11/2020,장흥(260),X,31.8,30.2,24.9,21.9,85.3,X,관심,X,낮음
6/11/2020,해남(261),X,31.1,28.9,24.2,21.8,90,X, ,X,낮음
6/11/2020,고흥(262),X,31.7,30.2,24.9,22,88.8,X, ,X,낮음
6/11/2020,의령군(263),X,32.8,32.4,26,21.4,77.3,X, ,X,낮음
6/11/2020,함양군(264),X,32.6,32.3,24.8,20.6,81.3,X,관심,X,낮음
6/11/2020,진도군ASOS(268),X,30.3,28.1,23.4,21.5,92.1,X, ,X,낮음
6/11/2020,봉화(271),X,29.9,29.1,23.3,18.9,79.8,X,관심,X,낮음
6/11/2020,영주(272),X,31.6,30.4,24.9,19.4,77.9,X,관심,X,낮음
6/11/2020,문경(273),X,31.9,31.2,24.9,19.6,78.5,X,관심,X,낮음
6/11/2020,청송군(276),X,32.8,32,23.8,19.5,84.6,X,관심,X,낮음
6/11/2020,영덕(277),X,29.6,27.8,22.3,19.1,88.6,X, ,X,낮음
6/11/2020,의성(278),X,31.9,31.6,24.9,19.9,80,O,관심,X,낮음
6/11/2020,구미(279),X,31.7,31,24.8,20.4,86.1,O,관심,X,낮음
6/11/2020,영천(281),X,30.7,30.1,24.1,20.4,80.3,O,주의,X,낮음
6/11/2020,경주시(283),X,31.7,31.1,25,20.7,79.1,X,관심,X,낮음
6/11/2020,거창(284),X,31.7,30.6,24.2,20,83.6,X,관심,X,낮음
6/11/2020,합천(285),X,31.8,30.8,25.3,20.3,81.3,X,관심,X,낮음
6/11/2020,밀양(288),X,31.5,31.9,25.4,20.8,87.3,X,관심,X,낮음
6/11/2020,산청(289),X,31.8,30.5,24.7,20.7,84.8,X,관심,X,낮음
6/11/2020,거제(294),X,31.1,29.6,24.4,22.2,87.8,X,관심,X,낮음
6/11/2020,남해(295),X,31,29.2,24,21.6,89.4,X, ,X,낮음
6/11/2020,부천(433),X,,31.1,25.3,21.1,,X, ,X,낮음
6/11/2020,안양(434),X,,31.6,26,22.3,,X, ,X,낮음
6/11/2020,광명(437),X,,32.2,26.3,22.4,,X, ,X,낮음
6/11/2020,군포(438),X,,32.7,26.2,21.9,,X, ,X,낮음
6/11/2020,김포(441),X,,31.7,25.2,20.8,,X, ,X,낮음
6/11/2020,하남(444),X,,32.8,25.8,20.5,,X,관심,X,낮음
6/11/2020,의왕(445),X,,30.3,23.9,19.7,,X, ,X,낮음
6/11/2020,포천(504),X,31,32.2,25.5,20.9,65,X,관심,X,낮음
6/11/2020,가평조종(505),X,30.3,31.3,24.5,19.6,71,X,관심,X,낮음
6/11/2020,안성(516),X,32.4,32,25.3,21.5,78,X,관심,X,낮음
6/11/2020,간성(517),X,30.5,29.7,25,21.2,77,X,관심,X,낮음
6/11/2020,평창(526),X,31,31.8,25,20.5,67,X,관심,X,낮음
6/11/2020,의정부(532),X,31.5,31.7,25.6,20.9,79,X,관심,X,낮음
6/11/2020,횡성(536),X,31.6,32.2,25.5,21,74,X,관심,X,낮음
6/11/2020,고양(540),O,33,34,25.7,20.3,72,X,관심,X,낮음
6/11/2020,남양주(541),X,31,32.7,26,21.4,65,X,관심,X,낮음
6/11/2020,안산(545),X,31.4,30.2,24.1,18.4,80,X, ,X,낮음
6/11/2020,경기광주(546),X,31.2,31.2,25.2,20.8,72,X,관심,X,낮음
6/11/2020,여주(548),X,30.9,30.8,25,20.6,75,X,관심,X,낮음
6/11/2020,용인(549),X,30.8,31.2,24.9,21,71,X,관심,X,낮음
6/11/2020,오산(550),X,31.9,31.8,25.2,21.6,71,X, ,X,낮음
6/11/2020,평택(551),X,31.3,30.1,24.7,20.9,81,X,관심,X,낮음
6/11/2020,화천(555),X,32.8,33.9,25.8,20.5,71,X,관심,X,낮음
6/11/2020,양구(556),X,31.4,33.2,26.5,21.6,61,X,관심,X,낮음
6/11/2020,시흥(565),X,31.5,31.2,25.1,21.3,74,X, ,X,낮음
6/11/2020,구리(569),X,32,33.2,26.4,21.3,62,X, ,X,낮음
6/11/2020,화성(571),X,30.9,30.2,24.9,20.8,75,X,관심,X,낮음
6/11/2020,성남(572),X,31.4,32.3,26.6,21.4,63,X,관심,X,매우높음
6/11/2020,과천(590),X,31.6,32.2,25.9,21.4,71,X,관심,X,낮음
6/11/2020,양주(598),X,30.9,31.9,25.6,21,71,X,관심,X,낮음
6/11/2020,단양(601),O,33.5,32.6,25.8,20.3,85,X,관심,X,낮음
6/11/2020,진천(602),X,31.8,31.4,25,21.1,76,X,관심,X,낮음
6/11/2020,괴산(603),X,32.2,32.1,25,20.2,78,X,관심,X,낮음
6/11/2020,옥천(604),X,30.9,30.5,24.3,19.8,81,X,관심,X,낮음
6/11/2020,홍북(608),X,30.4,29.2,23.2,19.2,88,X,관심,X,낮음
6/11/2020,공주(612),X,31.9,31.7,25.3,20.1,81,X,관심,X,낮음
6/11/2020,서천(614),X,31.5,30.3,25.2,21.8,81,X,관심,X,낮음
6/11/2020,논산(615),X,32.3,32.1,25.7,20.6,78,X,관심,X,낮음
6/11/2020,당진(616),X,30.1,28.2,23.4,19.5,85,X, ,X,낮음
6/11/2020,청양(618),X,31.7,30.7,24.1,20.4,85,X,관심,X,낮음
6/11/2020,음성(619),X,31.7,31.3,25,20.2,79,X,관심,X,낮음
6/11/2020,증평(623),X,31.8,31.2,25.2,20.5,79,X,관심,X,낮음
6/11/2020,태안(627),X,30.3,28.6,22.9,18.3,87,X,관심,X,낮음
6/11/2020,예산(628),X,31.5,30.5,25,21.6,82,X,관심,X,낮음
6/11/2020,아산(634),X,30.5,30.1,24.8,21.4,77,X,관심,X,낮음
6/11/2020,계룡(636),X,30.6,30.4,23.2,19.7,78,X, ,X,낮음
6/11/2020,연천청산(652),X,30.6,31.4,25,20.8,71,X,관심,X,낮음
6/11/2020,양양(670),X,31.7,30.3,25.7,22.6,81,X,관심,X,낮음
6/11/2020,무안(699),X,30,27.6,23.6,21.4,92,X, ,X,낮음
6/11/2020,무주(701),X,32,30.5,24.1,19.8,89,X,관심,X,낮음
6/11/2020,익산(702),X,31.8,30.8,25,21,82,X,관심,X,낮음
6/11/2020,진안(703),X,30.5,29.4,23.2,19.1,86,X,관심,X,낮음
6/11/2020,담양(706),O,33.7,31.4,26,21.6,89,X,관심,X,낮음
6/11/2020,구례(709),X,32.9,31.4,25.7,21.4,84,X,관심,X,낮음
6/11/2020,나주(710),X,31.4,29.3,24.9,21.8,88,X,관심,X,낮음
6/11/2020,순천시(712),O,33.5,31.3,25.8,21.8,89,X,관심,X,낮음
6/11/2020,광양읍(713),X,32.6,30.9,25.9,21.5,85,X,관심,X,낮음
6/11/2020,장성(730),X,31.6,30.1,25.1,21.7,86,X,관심,X,낮음
6/11/2020,영암(731),X,31.7,29.5,24.9,22.6,90,X,관심,X,낮음
6/11/2020,보성(732),X,31.9,30.1,24.2,21.4,90,X,관심,X,낮음
6/11/2020,완주(734),X,31.5,30.5,24.8,20.3,83,X,관심,X,낮음
6/11/2020,김제(737),X,31.7,30.2,24.1,20.9,86,X,관심,X,낮음
6/11/2020,화순(741),X,31.6,30.2,25.5,21.9,79,X,관심,X,낮음
6/11/2020,함평(754),X,30.4,28,23.9,21.9,92,X,관심,X,낮음
6/11/2020,곡성(768),X,31.9,31.1,25.6,21.4,81,X,관심,X,낮음
6/11/2020,압해도(789),X,29.9,26.9,23.2,21.5,92,X, ,X,낮음
6/11/2020,영양(801),X,31.3,30.4,23.5,19.3,83,X,관심,X,낮음
6/11/2020,성주(810),X,31,31.1,25,20.6,76,X,관심,X,낮음
6/11/2020,고령(812),X,31.7,31.5,24.9,20.5,85,X,관심,X,낮음
6/11/2020,청도(813),X,31.9,31.9,25.4,20.6,78,O,관심,X,낮음
6/11/2020,예천(815),X,28.9,31.8,24.5,19.4,,X,관심,X,낮음
6/11/2020,김천(822),X,32.8,32.1,25.1,20.6,82,O,관심,X,낮음
6/11/2020,군위(823),X,31.7,30.9,24.5,19.8,81,O,관심,X,낮음
6/11/2020,칠곡(825),X,31.2,30.6,25.2,20.6,81,O,관심,X,낮음
6/11/2020,경산(827),X,31.4,31.5,25.2,20.7,73,O,주의,X,낮음
6/11/2020,삼척(876),X,29.8,29.1,24.5,20.7,72,X,관심,X,낮음
6/11/2020,속초(90),X,30.1,29.1,24.7,21.9,70.1,X, ,X,낮음
6/11/2020,삼천포(907),X,30.1,27.9,23.4,20.8,91,X, ,X,낮음
6/11/2020,고성(918),X,31.6,29.6,24.7,21.9,89,X,관심,X,낮음
6/11/2020,창녕(919),X,32.2,31.7,25.8,21.1,80,X,관심,X,낮음
6/11/2020,함안(920),X,32.8,32.3,25.2,21,83,X,관심,X,낮음
6/11/2020,북춘천(93),X,32,32.9,26.4,21.6,69.6,X,관심,X,매우높음
6/11/2020,하동(932),X,31.1,29.2,24.8,21.2,87,X,관심,X,낮음
6/11/2020,철원(95),X,30.8,30.8,25.1,20.7,73.5,X,관심,X,낮음
6/11/2020,동두천(98),X,31.3,31.8,25.4,20.3,72.1,X,관심,X,낮음
6/11/2020,파주(99),X,31.7,31,25.1,20.6,77.9,X,관심,X,낮음
6/12/2020,북강릉(104),X,25.8,23.8,21.2,18.6,83.3,X, ,X,매우높음
6/12/2020,동해(106),X,23.5,20.5,18.5,16.5,94,X, ,X,낮음
6/12/2020,서울(108),X,28.2,27.6,24.7,21.6,68.6,X, ,X,매우높음
6/12/2020,인천(112),X,26,24,21.6,19.5,81.3,X, ,X,매우높음
6/12/2020,원주(114),X,28.3,28.1,24.5,21.3,67.3,X,관심,X,낮음
6/12/2020,울릉도(115),X,26.3,23.4,20.9,19,97.5,X, ,X,낮음
6/12/2020,수원(119),X,28.9,27.6,23.4,19.5,83,X, ,X,낮음
6/12/2020,영월(121),X,29.3,28.2,23.2,19.9,84.6,O,주의,X,낮음
6/12/2020,충주(127),X,29.3,27.8,23.6,20.5,82.3,X,관심,X,낮음
6/12/2020,서산(129),X,27.8,26,21.8,18.9,89.4,X, ,X,매우높음
6/12/2020,울진(130),X,26.5,22.7,19.3,17.4,,X, ,X,낮음
6/12/2020,청주(131),X,28.8,27.1,24.7,22.8,78.5,X,관심,X,매우높음
6/12/2020,대전(133),X,29,26.6,24.4,22,88.4,X,관심,X,매우높음
6/12/2020,추풍령(135),X,28.5,26.7,22.8,19.5,84.9,X,관심,X,낮음
6/12/2020,안동(136),X,29.1,27.3,23.9,20.1,83.4,X,관심,X,매우높음
6/12/2020,상주(137),X,30.6,28.2,24,20.7,92.9,O,주의,X,낮음
6/12/2020,포항(138),X,29.7,27.5,22.7,20.2,93.3,X,관심,X,낮음
6/12/2020,군산(140),X,26.9,24.7,22,19.9,89.8,X, ,X,낮음
6/12/2020,대구(143),X,31.8,30.9,25.6,19.7,79.5,O,주의,X,매우높음
6/12/2020,전주(146),X,29.9,27.9,23.8,21.4,85.1,X,관심,X,매우높음
6/12/2020,울산(152),X,30.7,28.5,23.7,21.4,90.4,X,관심,X,매우높음
6/12/2020,창원(155),X,31,29.5,24.3,21.7,82.9,X,관심,X,매우높음
6/12/2020,광주(156),X,32.4,31.3,25.4,22.6,86.6,X,관심,X,매우높음
6/12/2020,부산(159),X,28.2,25.8,22.6,21.1,89.6,X,관심,X,매우높음
6/12/2020,통영(162),X,27.3,24.4,21.5,20.5,92.5,X, ,X,낮음
6/12/2020,목포(165),X,28.3,26.2,22.7,21,90,X, ,X,매우높음
6/12/2020,여수(168),X,28.6,26.5,23.1,21.7,93.9,X, ,X,낮음
6/12/2020,흑산도(169),X,24.5,21.4,19.3,18,97.8,X, ,X,낮음
6/12/2020,완도(170),X,30,28.3,23.6,21.1,87.3,X, ,X,낮음
6/12/2020,고창(172),X,30,27.9,23.1,21.2,90.5,X,관심,X,낮음
6/12/2020,제주(184),X,27.3,24.2,22.7,21.1,92.1,X, ,X,높음
6/12/2020,진주(192),X,32.1,30.2,24.6,21.7,87.5,X,관심,X,낮음
6/12/2020,양평(202),X,28.1,27.4,23.6,20,77.1,X,관심,X,낮음
6/12/2020,이천(203),X,29.2,27.5,23.7,19.9,87.4,X,관심,X,낮음
6/12/2020,인제(211),X,28.8,28.7,22.9,18.6,65.9,X,관심,X,낮음
6/12/2020,홍천(212),X,28.7,28.5,23.5,18.7,72,X,관심,X,낮음
6/12/2020,태백(216),X,28,27,21.3,16.7,82.8,X, ,X,낮음
6/12/2020,정선군(217),X,29.6,28.5,23.3,18.4,80.6,O,주의,X,낮음
6/12/2020,제천(221),X,28.8,27.9,23.3,19.6,83.9,X,관심,X,낮음
6/12/2020,보은(226),X,28.3,26.2,23.3,20.4,89.5,X, ,X,낮음
6/12/2020,천안(232),X,28.6,26.6,22.8,19.2,91.4,X,관심,X,낮음
6/12/2020,보령(235),X,25.9,23,20.8,19.6,92.1,X, ,X,낮음
6/12/2020,부여(236),X,27.6,24.8,23.3,20.8,89.5,X, ,X,낮음
6/12/2020,금산(238),X,28.5,26.2,23.5,20.6,90,X,관심,X,낮음
6/12/2020,세종(239),X,28.4,26.4,23.5,20.5,86.3,X,관심,X,매우높음
6/12/2020,부안(243),X,28,25.6,22.2,20.5,89.9,X,관심,X,낮음
6/12/2020,임실(244),X,30.8,28.9,23.3,20.3,89.9,X,관심,X,낮음
6/12/2020,정읍(245),X,29,26.9,23,21,85.9,X,관심,X,낮음
6/12/2020,남원(247),X,32.5,31.8,25.2,21.7,86.8,X,관심,X,낮음
6/12/2020,장수(248),X,30.2,28.8,23.8,20.3,89.1,X,관심,X,낮음
6/12/2020,영광군(252),X,29.4,27.5,22.5,20.6,88.3,X, ,X,낮음
6/12/2020,김해시(253),X,32.6,30.9,24.4,21.3,87.1,X,관심,X,낮음
6/12/2020,순창군(254),X,31.7,30.6,24.9,22.2,83.9,X,관심,X,낮음
6/12/2020,양산시(257),X,32.3,30.6,25,22.3,84.8,X,관심,X,낮음
6/12/2020,강진군(259),X,30.8,29.7,24.5,21.9,83,X, ,X,낮음
6/12/2020,장흥(260),X,30.5,28.8,24.5,21.6,84,X,관심,X,낮음
6/12/2020,해남(261),X,30.4,28.8,23.2,20.4,88.8,X, ,X,낮음
6/12/2020,고흥(262),X,31.2,29.9,24.7,21.9,84.6,X, ,X,낮음
6/12/2020,의령군(263),X,32.5,32,25.8,22.8,78.3,X, ,X,낮음
6/12/2020,함양군(264),X,32.2,31.1,24.9,21,85.5,X,관심,X,낮음
6/12/2020,진도군ASOS(268),X,29.1,27,22.7,20.5,90.4,X, ,X,낮음
6/12/2020,봉화(271),X,28,26.4,21.8,17.8,87.9,X,관심,X,낮음
6/12/2020,영주(272),X,29.3,27.7,22.8,18.2,86,X,관심,X,낮음
6/12/2020,문경(273),X,29.1,26.9,23.4,19.1,89.8,X,관심,X,낮음
6/12/2020,청송군(276),X,31.4,29.4,22.7,18.1,94,X,관심,X,낮음
6/12/2020,영덕(277),X,29.6,27.7,21.3,18.6,94.1,X, ,X,낮음
6/12/2020,의성(278),X,30.4,28.8,23.8,19.5,89.5,O,주의,X,낮음
6/12/2020,구미(279),X,31.4,28.8,24.5,20.2,95.9,O,주의,X,낮음
6/12/2020,영천(281),X,30.9,30.6,24.4,19.1,79.9,O,주의,X,낮음
6/12/2020,경주시(283),X,32.4,31.7,25,20.1,82.1,X,관심,X,낮음
6/12/2020,거창(284),X,31.4,29.9,24,20,88.3,X,관심,X,낮음
6/12/2020,합천(285),X,32.1,30.8,25,20.8,84,X,관심,X,낮음
6/12/2020,밀양(288),X,31.7,31.6,25.8,22.2,79.6,X,관심,X,낮음
6/12/2020,산청(289),X,31.7,30.1,24.6,21.1,87.6,X,관심,X,낮음
6/12/2020,거제(294),X,30,27.9,23.6,22,87.1,X,관심,X,낮음
6/12/2020,남해(295),X,31.1,29.6,23.9,21.4,87.8,X, ,X,낮음
6/12/2020,부천(433),X,,26,23.3,19.6,,X, ,X,낮음
6/12/2020,안양(434),X,,27.4,24.2,21.5,,X, ,X,낮음
6/12/2020,광명(437),X,,27.1,24.2,21,,X, ,X,낮음
6/12/2020,군포(438),X,,27.1,23.6,20.7,,X, ,X,낮음
6/12/2020,김포(441),X,,27.2,22.8,19.4,,X, ,X,낮음
6/12/2020,하남(444),X,,27.2,23.2,19,,X, ,X,낮음
6/12/2020,의왕(445),X,,26.1,21.5,17.5,,X, ,X,낮음
6/12/2020,포천(504),X,29.2,29.2,23.5,18.4,65,X,관심,X,낮음
6/12/2020,가평조종(505),X,28.7,28,22.2,16.4,76,X,관심,X,낮음
6/12/2020,안성(516),X,29.2,28.2,23.4,20.1,85,X,관심,X,낮음
6/12/2020,간성(517),X,26.4,23.4,20.5,17.6,95,X, ,X,낮음
6/12/2020,평창(526),X,28.6,27.8,23.2,18.2,75,X,관심,X,낮음
6/12/2020,의정부(532),X,29.8,28.3,23.6,19,79,X, ,X,낮음
6/12/2020,횡성(536),X,28.6,26.8,22.9,18.5,82,X,관심,X,낮음
6/12/2020,고양(540),X,29.3,29.4,23.2,18.3,76,X, ,X,낮음
6/12/2020,남양주(541),X,28.4,28.8,24.1,19.7,65,X, ,X,낮음
6/12/2020,안산(545),X,28.3,26.4,21.3,16.2,88,X, ,X,낮음
6/12/2020,경기광주(546),X,28.1,26.4,22.6,18.8,79,X,관심,X,낮음
6/12/2020,여주(548),X,28.1,26.2,22.8,20.1,87,X,관심,X,낮음
6/12/2020,용인(549),X,27.5,26.4,22.8,18.7,79,X,관심,X,낮음
6/12/2020,오산(550),X,28.2,27.9,23.2,19.5,78,X, ,X,낮음
6/12/2020,평택(551),X,28.8,27.4,23.1,20.4,89,X,관심,X,낮음
6/12/2020,화천(555),X,29.5,29,22.5,17.1,78,X,관심,X,낮음
6/12/2020,양구(556),X,29,29.5,23.3,18.6,67,X, ,X,낮음
6/12/2020,시흥(565),X,27.4,25.5,22.3,17.7,82,X, ,X,낮음
6/12/2020,구리(569),X,28.9,29.2,24.5,20.3,65,X, ,X,낮음
6/12/2020,화성(571),X,28.7,27.6,22.4,18.7,82,X,관심,X,낮음
6/12/2020,성남(572),X,28.3,27.5,24,20,69,X, ,X,매우높음
6/12/2020,과천(590),X,28.5,27.2,23.1,18.7,77,X, ,X,낮음
6/12/2020,양주(598),X,28.8,28.7,23.3,18.2,73,X, ,X,낮음
6/12/2020,단양(601),X,31.6,29,23.8,18.8,95,X,관심,X,낮음
6/12/2020,진천(602),X,28.6,26.9,23.6,20.3,85,X,관심,X,낮음
6/12/2020,괴산(603),X,29.2,28.1,23.2,19.6,87,X, ,X,낮음
6/12/2020,옥천(604),X,28.6,26.5,23.5,20.8,89,X,관심,X,낮음
6/12/2020,홍북(608),X,28.6,26.2,21.5,18.5,95,X,관심,X,낮음
6/12/2020,공주(612),X,29.2,27.1,23.6,20.6,88,X,관심,X,낮음
6/12/2020,서천(614),X,27,24.6,22.8,21,84,X, ,X,낮음
6/12/2020,논산(615),X,28,25.7,24,22.7,87,X,관심,X,낮음
6/12/2020,당진(616),X,28.2,26.3,21.3,18,91,X, ,X,낮음
6/12/2020,청양(618),X,29,26.9,22.6,19.2,90,X,관심,X,낮음
6/12/2020,음성(619),X,28.9,27.6,23,19.5,88,X,관심,X,낮음
6/12/2020,증평(623),X,28.3,26.1,23.2,20.3,90,X, ,X,낮음
6/12/2020,태안(627),X,27.4,25.1,20.6,18.2,92,X, ,X,낮음
6/12/2020,예산(628),X,28.8,26.7,23,20.4,90,X, ,X,낮음
6/12/2020,아산(634),X,28.6,27.6,22.7,20.2,88,X,관심,X,낮음
6/12/2020,계룡(636),X,27.1,25,22.4,18.7,83,X, ,X,낮음
6/12/2020,연천청산(652),X,28.3,27.7,22.6,17.7,79,X, ,X,낮음
6/12/2020,양양(670),X,26.2,23.5,21,19,95,X, ,X,낮음
6/12/2020,무안(699),X,29.3,27.5,22.7,20.7,92,X, ,X,낮음
6/12/2020,무주(701),X,30.9,28.4,23.6,20.5,95,X,관심,X,낮음
6/12/2020,익산(702),X,28.4,26.2,23.6,21.2,89,X,관심,X,낮음
6/12/2020,진안(703),X,29.6,28,22.8,20.2,89,X,관심,X,낮음
6/12/2020,담양(706),O,33.4,31.5,25.7,22.6,90,X,관심,X,낮음
6/12/2020,구례(709),O,33,32.3,26.6,22.7,81,X,관심,X,낮음
6/12/2020,나주(710),X,31.6,29.9,24.6,22.4,86,X,관심,X,낮음
6/12/2020,순천시(712),X,32.1,30.2,25.5,22.4,88,X,관심,X,낮음
6/12/2020,광양읍(713),O,33,32.5,25.8,22.5,81,X,관심,X,낮음
6/12/2020,장성(730),X,31.2,29.8,24.5,21.9,86,X,관심,X,낮음
6/12/2020,영암(731),X,31.5,29.6,24.3,22.2,90,X,관심,X,낮음
6/12/2020,보성(732),X,30.5,28.7,23.9,21.2,88,X,관심,X,낮음
6/12/2020,완주(734),X,29.6,27.5,23.3,20.4,91,X,관심,X,낮음
6/12/2020,김제(737),X,28.5,26.1,22.6,20.3,89,X, ,X,낮음
6/12/2020,화순(741),X,32,31.7,25.5,22.4,77,X,관심,X,낮음
6/12/2020,함평(754),X,30.1,28.3,23.4,21.3,90,X,관심,X,낮음
6/12/2020,곡성(768),X,32.4,31.8,25.3,22.1,86,X,관심,X,낮음
6/12/2020,압해도(789),X,28.8,26.6,22.6,20.5,90,X, ,X,낮음
6/12/2020,영양(801),X,30.2,28.4,22.9,18.7,90,X,관심,X,낮음
6/12/2020,성주(810),X,30.8,29.5,24.8,20.3,84,X,관심,X,낮음
6/12/2020,고령(812),X,31,29.2,24.6,20.3,93,X,관심,X,낮음
6/12/2020,청도(813),X,32.1,31.2,25.2,20.1,82,O,주의,X,낮음
6/12/2020,예천(815),X,28.2,28.2,23.9,20.1,,X,관심,X,낮음
6/12/2020,김천(822),X,32.1,30,24.9,21.1,89,O,주의,X,낮음
6/12/2020,군위(823),X,30.8,28.7,23.9,19.6,90,O,주의,X,낮음
6/12/2020,칠곡(825),X,31,28.8,25.4,20.2,86,O,주의,X,낮음
6/12/2020,경산(827),X,32.1,32,25.3,19.3,76,O,주의,X,낮음
6/12/2020,삼척(876),X,27,25.7,22.2,19.2,78,X, ,X,낮음
6/12/2020,속초(90),X,24.9,22.3,20.4,19.3,90.6,X, ,X,낮음
6/12/2020,삼천포(907),X,28.8,26.5,22.2,20.9,94,X, ,X,낮음
6/12/2020,고성(918),X,30.5,27.9,23.7,22.2,91,X,관심,X,낮음
6/12/2020,창녕(919),X,32.1,31.1,25.7,21.5,84,X,관심,X,낮음
6/12/2020,함안(920),X,32,30.7,25.3,22.1,83,X,관심,X,낮음
6/12/2020,북춘천(93),X,28.6,28.9,23.9,18.7,72,X,관심,X,매우높음
6/12/2020,하동(932),X,31.8,30.4,24.7,22.2,86,X,관심,X,낮음
6/12/2020,철원(95),X,29.1,28.8,22.8,17.6,78.5,X, ,X,낮음
6/12/2020,동두천(98),X,28.9,27.7,23.1,18.6,76.3,X, ,X,낮음
6/12/2020,파주(99),X,28.7,27.6,22.4,18.3,84.9,X, ,X,낮음
6/13/2020,북강릉(104),X,28.7,29.7,25,19.9,59,X, ,X,높음
6/13/2020,동해(106),X,27.2,27.4,21.8,19.4,72.6,X, ,X,낮음
6/13/2020,서울(108),X,32,33.5,26.9,20.6,52.8,X, ,X,높음
6/13/2020,인천(112),X,29.9,29.7,24.6,19.7,64.3,X, ,X,높음
6/13/2020,원주(114),X,30.8,32.4,26.5,20.6,56.5,X, ,X,낮음
6/13/2020,울릉도(115),X,27.3,24.4,22.2,20.1,86.6,X, ,X,낮음
6/13/2020,수원(119),X,32,32.4,25.7,20.3,74,X, ,X,낮음
6/13/2020,영월(121),X,31.5,32.5,25.4,18.8,67,X, ,X,낮음
6/13/2020,충주(127),X,31.8,32.5,25,19.7,70.5,X, ,X,낮음
6/13/2020,서산(129),X,31.4,30.6,24.7,20.1,81.1,X, ,X,높음
6/13/2020,울진(130),X,25.5,22.7,20.1,18.3,92.1,X, ,X,낮음
6/13/2020,청주(131),X,31.8,32.1,25.7,21.8,71.8,X, ,X,높음
6/13/2020,대전(133),X,31.6,29.9,24.4,21.1,90,X, ,X,보통
6/13/2020,추풍령(135),X,29.3,28.1,22.7,18.5,81.3,X, ,X,낮음
6/13/2020,안동(136),X,30.4,30.2,24.1,19,77.1,X, ,X,높음
6/13/2020,상주(137),X,31.3,29.7,23.5,18.7,87.1,X, ,X,낮음
6/13/2020,포항(138),X,30.1,27.9,24,20.5,86.9,X, ,X,낮음
6/13/2020,군산(140),X,32.2,31.2,23.9,20.8,90.6,X, ,X,낮음
6/13/2020,대구(143),X,30.5,29.5,24.6,19.7,81.5,X, ,X,보통
6/13/2020,전주(146),X,30.8,29.2,24.5,21.5,86,X, ,X,보통
6/13/2020,울산(152),X,30.1,27.7,22.7,19.9,94,X, ,X,높음
6/13/2020,창원(155),X,28.9,26.8,22.8,20.8,88.8,X, ,X,보통
6/13/2020,광주(156),X,30.6,27.7,23.9,21.8,96,X, ,X,높음
6/13/2020,부산(159),X,27.1,24.2,22,21,95.5,X, ,X,높음
6/13/2020,통영(162),X,28,24.7,22.1,21.3,98.4,X, ,X,낮음
6/13/2020,목포(165),X,27.8,24.6,23.1,21.8,96.4,X, ,X,보통
6/13/2020,여수(168),X,26.6,22.8,22.3,21.8,100,X, ,X,낮음
6/13/2020,흑산도(169),X,26.5,22.9,19.9,17.6,99,X, ,X,낮음
6/13/2020,완도(170),X,28.2,24.5,23,22,98.3,X, ,X,낮음
6/13/2020,고창(172),X,29.9,27.3,24,21.8,92,X, ,X,낮음
6/13/2020,제주(184),X,31.9,29.6,25.6,22.8,88.5,X, ,X,보통
6/13/2020,진주(192),X,29.6,27.2,23.1,20.8,91.9,X, ,X,낮음
6/13/2020,양평(202),X,30.4,31.7,25.8,19.8,68.3,X, ,X,낮음
6/13/2020,이천(203),X,31.6,32.2,25.8,21.2,77,X, ,X,낮음
6/13/2020,인제(211),X,31.1,33,24.9,16.5,59,X, ,X,낮음
6/13/2020,홍천(212),X,31.6,33.2,25.9,18.4,61.4,X, ,X,낮음
6/13/2020,태백(216),X,29.3,30.3,22.8,15.5,68.8,X, ,X,낮음
6/13/2020,정선군(217),X,31.8,34.1,25.4,18.3,64,X, ,X,낮음
6/13/2020,제천(221),X,30.8,31.3,24.3,17.9,70.1,X, ,X,낮음
6/13/2020,보은(226),X,29.9,29.7,23,19.1,84.9,X, ,X,낮음
6/13/2020,천안(232),X,31.2,30.7,24.7,20.1,80.8,X, ,X,낮음
6/13/2020,보령(235),X,30,28,23.8,20.7,86.1,X, ,X,낮음
6/13/2020,부여(236),X,30.9,29.6,24.2,20.9,87.3,X, ,X,낮음
6/13/2020,금산(238),X,30.7,29.1,23.8,19.7,87.1,X, ,X,낮음
6/13/2020,세종(239),X,31.2,30.4,24.2,21.2,83,X, ,X,보통
6/13/2020,부안(243),X,30,27.7,23.9,20.4,92,X, ,X,낮음
6/13/2020,임실(244),X,28.5,26,23,20.7,92.4,X, ,X,낮음
6/13/2020,정읍(245),X,30.1,27.9,23.8,20.9,87.3,X, ,X,낮음
6/13/2020,남원(247),X,30.2,28.3,24,21.2,88.9,X, ,X,낮음
6/13/2020,장수(248),X,28.6,26.3,22.6,20,93.3,X, ,X,낮음
6/13/2020,영광군(252),X,29.5,27.4,23.8,21.6,90.8,X, ,X,낮음
6/13/2020,김해시(253),X,30.1,27.6,22.9,21.1,94.9,X, ,X,낮음
6/13/2020,순창군(254),X,29,26.6,23.6,21.8,92.1,X, ,X,낮음
6/13/2020,양산시(257),X,30,28.1,23.2,20.8,93.1,X, ,X,낮음
6/13/2020,강진군(259),X,27.9,24.8,23.5,22,91,X, ,X,낮음
6/13/2020,장흥(260),X,27.2,24.1,22.9,21.7,95.4,X, ,X,낮음
6/13/2020,해남(261),X,29.2,26.2,23.4,21.9,96.4,X, ,X,낮음
6/13/2020,고흥(262),X,28,24.4,23,21.9,98.4,X, ,X,낮음
6/13/2020,의령군(263),X,30,28.4,23.7,20.9,86.6,X, ,X,낮음
6/13/2020,함양군(264),X,29.6,28.2,23.6,20.6,85.6,X, ,X,낮음
6/13/2020,진도군ASOS(268),X,28,24.6,23.4,21.6,95.4,X, ,X,낮음
6/13/2020,봉화(271),X,29.2,28.7,22.7,17.5,78.3,X, ,X,낮음
6/13/2020,영주(272),X,29.8,30,23.9,18.2,74.5,X, ,X,낮음
6/13/2020,문경(273),X,29.9,29.4,23.3,18.4,83.6,X, ,X,낮음
6/13/2020,청송군(276),X,31.7,30.7,23.4,18.4,88.6,X, ,X,낮음
6/13/2020,영덕(277),X,30.3,28.5,22.5,18.8,86.5,X, ,X,낮음
6/13/2020,의성(278),X,31.1,30.4,24.4,19.3,80,X, ,X,낮음
6/13/2020,구미(279),X,31.1,29.5,23.9,19.5,90.1,X, ,X,낮음
6/13/2020,영천(281),X,29.7,28.8,24,19.2,80.3,X, ,X,낮음
6/13/2020,경주시(283),X,31.2,30.2,24.3,19.9,82.5,X, ,X,낮음
6/13/2020,거창(284),X,29.6,28,23.2,19.8,87,X, ,X,낮음
6/13/2020,합천(285),X,30.1,28.4,23.5,19.7,88,X, ,X,낮음
6/13/2020,밀양(288),X,31.1,28.9,23.2,20.3,94.3,X, ,X,낮음
6/13/2020,산청(289),X,29.7,27.6,23.3,20.4,90,X, ,X,낮음
6/13/2020,거제(294),X,29.2,26.9,22.8,21.3,94.5,X, ,X,낮음
6/13/2020,남해(295),X,28.6,25.5,22.7,21.3,95.6,X, ,X,낮음
6/13/2020,부천(433),X,,31.9,26.1,19.5,,X, ,X,낮음
6/13/2020,안양(434),X,,32,26.2,21.4,,X, ,X,낮음
6/13/2020,광명(437),X,,33.3,27.3,21.7,,X, ,X,낮음
6/13/2020,군포(438),X,,33.5,26.4,20.7,,X, ,X,낮음
6/13/2020,김포(441),X,,32.7,25.6,18.9,,X, ,X,낮음
6/13/2020,하남(444),X,,33.7,25.9,18.5,,X, ,X,낮음
6/13/2020,의왕(445),X,,30.7,24.1,18,,X, ,X,낮음
6/13/2020,포천(504),X,30.6,33.6,25.7,16.5,53,X, ,X,낮음
6/13/2020,가평조종(505),X,30.9,32.8,25.1,15.6,59,X, ,X,낮음
6/13/2020,안성(516),X,32.9,33.4,25.9,21.1,75,X, ,X,낮음
6/13/2020,간성(517),X,29.4,29.4,22.4,16.9,85,X, ,X,낮음
6/13/2020,평창(526),X,30.2,32.9,25.7,18.4,58,X, ,X,낮음
6/13/2020,의정부(532),X,31.8,33.5,25.9,18.1,64,X, ,X,낮음
6/13/2020,횡성(536),X,32,32.9,25.7,18.2,67,X, ,X,낮음
6/13/2020,고양(540),O,33,35.8,26.4,17.2,55,X, ,X,낮음
6/13/2020,남양주(541),X,31.7,33.7,26.1,18.7,55,X, ,X,낮음
6/13/2020,안산(545),X,32,32,24.1,17.3,78,X, ,X,낮음
6/13/2020,경기광주(546),X,31,31.9,25.1,18.9,70,X, ,X,낮음
6/13/2020,여주(548),X,31.4,31.6,25.1,19.6,73,X, ,X,낮음
6/13/2020,용인(549),X,30.6,31.6,24.6,19,71,X, ,X,낮음
6/13/2020,오산(550),X,31.6,32.8,25.8,20.7,69,X, ,X,낮음
6/13/2020,평택(551),X,32.3,31.8,25.6,21.5,79,X, ,X,낮음
6/13/2020,화천(555),X,31.7,35.4,24.6,15.1,63,X, ,X,낮음
6/13/2020,양구(556),X,31.3,33.8,25.1,16.2,57,X, ,X,낮음
6/13/2020,시흥(565),X,31.2,31.7,25.3,17.9,66,X, ,X,낮음
6/13/2020,구리(569),X,32.1,33.9,26.7,19.3,53,X, ,X,낮음
6/13/2020,화성(571),X,32.2,33.2,25.6,20.2,68,X, ,X,낮음
6/13/2020,성남(572),X,31.4,32.8,26.2,19.7,59,X, ,X,높음
6/13/2020,과천(590),X,32,32.6,25.8,18.2,66,X, ,X,낮음
6/13/2020,양주(598),X,31.5,34.4,25.7,15.8,55,X, ,X,낮음
6/13/2020,단양(601),X,32.7,33.4,25.4,18.4,77,X, ,X,낮음
6/13/2020,진천(602),X,31.5,31.5,25,20.6,75,X, ,X,낮음
6/13/2020,괴산(603),X,31.6,33.1,24.7,19.4,74,X, ,X,낮음
6/13/2020,옥천(604),X,31.4,30.7,23.7,19.9,86,X, ,X,낮음
6/13/2020,홍북(608),X,31.6,30.4,24.1,20.3,86,X, ,X,낮음
6/13/2020,공주(612),X,31.4,30.2,24.9,20.9,83,X, ,X,낮음
6/13/2020,서천(614),X,31.5,29.8,24.9,21.8,84,X, ,X,낮음
6/13/2020,논산(615),X,31.9,30.8,24.9,21.2,85,X, ,X,낮음
6/13/2020,당진(616),X,31.5,31.2,24.4,19.1,80,X, ,X,낮음
6/13/2020,청양(618),X,31.5,30.2,24,20,87,X, ,X,낮음
6/13/2020,음성(619),X,31.6,32,24.5,19,76,X, ,X,낮음
6/13/2020,증평(623),X,32.1,31.6,24.7,20.2,80,X, ,X,낮음
6/13/2020,태안(627),X,31.3,29.6,24,19.2,86,X, ,X,낮음
6/13/2020,예산(628),X,31.7,32,25.3,21.4,83,X, ,X,낮음
6/13/2020,아산(634),X,32.4,32.7,25.5,21.2,75,X, ,X,낮음
6/13/2020,계룡(636),X,29.9,29.1,23.4,19.9,81,X, ,X,낮음
6/13/2020,연천청산(652),X,31,33.3,24.9,15.5,59,X, ,X,낮음
6/13/2020,양양(670),X,30.1,29.9,25.2,19.5,73,X, ,X,낮음
6/13/2020,무안(699),X,28.6,25.6,23.6,22,94,X, ,X,낮음
6/13/2020,무주(701),X,30.8,29,23.3,19.5,96,X, ,X,낮음
6/13/2020,익산(702),X,32.1,30.3,24.9,21.7,89,X, ,X,낮음
6/13/2020,진안(703),X,29.3,27.7,22.8,20,90,X, ,X,낮음
6/13/2020,담양(706),X,30.8,27.7,24.6,22.6,94,X, ,X,낮음
6/13/2020,구례(709),X,29.6,27.1,24,22.3,93,X, ,X,낮음
6/13/2020,나주(710),X,29.9,27.4,24,22,95,X, ,X,낮음
6/13/2020,순천시(712),X,29.2,26.1,23.5,22.2,97,X, ,X,낮음
6/13/2020,광양읍(713),X,29.2,27.1,23.6,22.2,93,X, ,X,낮음
6/13/2020,장성(730),X,29.2,26.5,23.9,22,93,X, ,X,낮음
6/13/2020,영암(731),X,30.1,26.9,23.8,22.2,97,X, ,X,낮음
6/13/2020,보성(732),X,28.2,25,22.6,21.3,98,X, ,X,낮음
6/13/2020,완주(734),X,31,29.5,24.2,20.8,90,X, ,X,낮음
6/13/2020,김제(737),X,30.5,28.3,24.2,20.7,92,X, ,X,낮음
6/13/2020,화순(741),X,29.7,27.5,23.9,22,87,X, ,X,낮음
6/13/2020,함평(754),X,29.2,26.4,23.8,22,95,X, ,X,낮음
6/13/2020,곡성(768),X,29.3,27.4,23.8,21.9,90,X, ,X,낮음
6/13/2020,압해도(789),X,29.6,26.2,23.5,22.3,93,X, ,X,낮음
6/13/2020,영양(801),X,30.9,30.3,23.3,18.4,84,X, ,X,낮음
6/13/2020,성주(810),X,29.9,29.2,23.9,19.6,80,X, ,X,낮음
6/13/2020,고령(812),X,28.6,,,,,X, ,X,낮음
6/13/2020,청도(813),X,30.2,28.3,23.6,19.6,85,X, ,X,낮음
6/13/2020,예천(815),X,30.6,30.5,24.1,19.1,75,X, ,X,낮음
6/13/2020,김천(822),X,31.5,29.4,23.8,19.6,90,X, ,X,낮음
6/13/2020,군위(823),X,31.3,29.9,24.3,19.2,82,X, ,X,낮음
6/13/2020,칠곡(825),X,30.6,28.9,24,19.7,87,X, ,X,낮음
6/13/2020,경산(827),X,30.6,30.1,24.3,19.3,78,X, ,X,낮음
6/13/2020,삼척(876),X,28.1,28.9,24.5,21,62,X, ,X,낮음
6/13/2020,속초(90),X,29.4,29.5,23.5,19.2,73.3,X, ,X,낮음
6/13/2020,삼천포(907),X,28.6,25.5,22.2,21.4,97,X, ,X,낮음
6/13/2020,고성(918),X,29.2,26.6,23.3,21.8,94,X, ,X,낮음
6/13/2020,창녕(919),X,30.3,28.4,23.7,20.3,90,X, ,X,낮음
6/13/2020,함안(920),X,30.4,28.2,23.4,20.4,91,X, ,X,낮음
6/13/2020,북춘천(93),X,30.8,33.9,26.1,17.9,61.3,X, ,X,높음
6/13/2020,하동(932),X,28.8,26.3,23.3,21.4,94,X, ,X,낮음
6/13/2020,철원(95),X,30.9,33.1,24.7,15.9,63.6,X, ,X,낮음
6/13/2020,동두천(98),X,31,34,25.5,16.4,55.3,X, ,X,낮음
6/13/2020,파주(99),X,30.5,32.1,24.1,15.9,66.1,X, ,X,낮음
6/14/2020,북강릉(104),X,31.1,32.5,26.2,21.5,57.6,O,관심,X,매우높음
6/14/2020,동해(106),X,30.4,31.5,25.1,19.4,60.4,X, ,X,낮음
6/14/2020,서울(108),X,29,28.8,24,20.1,70.6,X, ,X,매우높음
6/14/2020,인천(112),X,26.7,26.3,21.9,19.2,73.8,X, ,X,매우높음
6/14/2020,원주(114),X,28.1,28.7,24,20.9,68.5,X,관심,X,낮음
6/14/2020,울릉도(115),X,29.8,27.9,23.8,20.3,82.5,X, ,X,낮음
6/14/2020,수원(119),X,28.3,28,22.9,18.7,80.5,X, ,X,낮음
6/14/2020,영월(121),X,28.4,27.5,23.3,20.6,75.4,X,관심,X,낮음
6/14/2020,충주(127),X,28.9,28.3,23.9,20.8,78.1,X,관심,X,낮음
6/14/2020,서산(129),X,28,28.6,23.1,18.6,77,X, ,X,매우높음
6/14/2020,울진(130),X,32.2,32,25.8,19.2,67.1,X, ,X,낮음
6/14/2020,청주(131),X,29.6,29.8,25,21.2,72.4,X, ,X,매우높음
6/14/2020,대전(133),X,30.2,28.3,24.4,21.3,82.1,X, ,X,보통
6/14/2020,추풍령(135),X,28.2,26.2,22.8,20.2,79.8,X, ,X,낮음
6/14/2020,안동(136),X,30.3,29.1,24.5,20.6,75.3,X,관심,X,보통
6/14/2020,상주(137),X,30.9,28.8,24.4,20.8,81.8,X,관심,X,낮음
6/14/2020,포항(138),X,32.5,31.6,26.5,24.3,76.6,X,관심,X,낮음
6/14/2020,군산(140),X,28.2,25.3,22.4,20.6,89.1,X, ,X,낮음
6/14/2020,대구(143),X,31.5,30.5,25.5,23.1,80.9,X,관심,X,보통
6/14/2020,전주(146),X,27.6,25.8,22.9,20.4,85.3,X, ,X,매우높음
6/14/2020,울산(152),X,31.1,29,24.8,22.2,86.1,X, ,X,매우높음
6/14/2020,창원(155),X,30.2,28.1,24.3,22.4,81.5,X, ,X,보통
6/14/2020,광주(156),X,29.7,26.2,23.1,21.4,92.1,X, ,X,매우높음
6/14/2020,부산(159),X,29.5,27,23.3,20.2,89.4,X, ,X,매우높음
6/14/2020,통영(162),X,27.8,25.1,23,22.1,91.5,X, ,X,낮음
6/14/2020,목포(165),X,27.3,24.8,22.1,20.2,95.4,X, ,X,보통
6/14/2020,여수(168),X,28.4,26.3,23.6,22,89.4,X, ,X,낮음
6/14/2020,흑산도(169),X,27.2,23.5,21,18.5,98,X, ,X,낮음
6/14/2020,완도(170),X,29,26.3,23.6,20.9,90.1,X, ,X,낮음
6/14/2020,고창(172),X,27.5,25.8,22.7,20.2,90.6,X, ,X,낮음
6/14/2020,제주(184),X,30.2,27.7,24.2,20.8,91.9,X, ,X,보통
6/14/2020,진주(192),X,30.9,29.1,24.4,20,90.9,X, ,X,낮음
6/14/2020,양평(202),X,29.2,29.6,24.1,20.4,74.8,X, ,X,낮음
6/14/2020,이천(203),X,29.1,28.7,23.9,19.2,79.6,X, ,X,낮음
6/14/2020,인제(211),X,29,29.4,24.8,21.1,64.5,X,관심,X,낮음
6/14/2020,홍천(212),X,28.9,29.2,24.5,21.3,68.3,X,관심,X,낮음
6/14/2020,태백(216),X,28.3,27.5,22.1,18.5,75.1,X, ,X,낮음
6/14/2020,정선군(217),X,31.6,29.5,24.2,20.8,72.1,X,관심,X,낮음
6/14/2020,제천(221),X,28.4,27.4,23,20.3,78.5,X, ,X,낮음
6/14/2020,보은(226),X,29.2,27.6,23.4,19.5,81.1,X, ,X,낮음
6/14/2020,천안(232),X,28.5,27.8,23.3,20.2,82.1,X, ,X,낮음
6/14/2020,보령(235),X,27.7,25.7,21.6,18.8,89,X, ,X,낮음
6/14/2020,부여(236),X,29.8,28.8,23.6,20,80.4,X, ,X,낮음
6/14/2020,금산(238),X,28.8,26.6,23,20.5,84.3,X, ,X,낮음
6/14/2020,세종(239),X,29.5,28.2,23.8,20.1,75.6,X, ,X,보통
6/14/2020,부안(243),X,27.4,25.1,22.4,20.3,92.6,X, ,X,낮음
6/14/2020,임실(244),X,27.3,24.6,21.7,18.8,91.6,X, ,X,낮음
6/14/2020,정읍(245),X,27.2,25.8,22.6,19.9,85.3,X, ,X,낮음
6/14/2020,남원(247),X,27.9,25.1,22.9,19.9,92.9,X, ,X,낮음
6/14/2020,장수(248),X,27.2,23.9,21.8,17.5,91.9,X, ,X,낮음
6/14/2020,영광군(252),X,27.1,25.9,22.7,20.5,87.5,X, ,X,낮음
6/14/2020,김해시(253),X,31,29,24.7,22.2,84.6,X, ,X,낮음
6/14/2020,순창군(254),X,28.1,25.5,22.9,19.3,87.9,X, ,X,낮음
6/14/2020,양산시(257),X,30.8,28.4,24.7,22,88,X, ,X,낮음
6/14/2020,강진군(259),X,27.9,25.6,23.5,21.8,87.1,X, ,X,낮음
6/14/2020,장흥(260),X,28,25.7,23.3,21.5,88.1,X, ,X,낮음
6/14/2020,해남(261),X,27.2,24.4,22.5,20.4,94,X, ,X,낮음
6/14/2020,고흥(262),X,28.8,26.5,23.4,21.4,90.4,X, ,X,낮음
6/14/2020,의령군(263),X,31.1,29.4,25.1,20.5,80.1,X, ,X,낮음
6/14/2020,함양군(264),X,29.2,27.1,23.9,21.3,80.5,X, ,X,낮음
6/14/2020,진도군ASOS(268),X,27.6,24,22.2,20.1,95.9,X, ,X,낮음
6/14/2020,봉화(271),X,28,26.9,22.5,18.8,80,X,관심,X,낮음
6/14/2020,영주(272),X,28.9,27.9,23.5,21.1,77.4,X,관심,X,낮음
6/14/2020,문경(273),X,29.8,28.2,24.1,21.3,77.4,X,관심,X,낮음
6/14/2020,청송군(276),X,30.9,28.6,23.7,19.6,87.8,X,관심,X,낮음
6/14/2020,영덕(277),X,30.8,30,25,21.8,75.1,X, ,X,낮음
6/14/2020,의성(278),X,31.4,29.9,24.5,20,81.9,X,관심,X,낮음
6/14/2020,구미(279),X,32.1,29.7,24.7,21.8,85.9,X,관심,X,낮음
6/14/2020,영천(281),X,30.7,29.5,24.7,22.1,79.8,X,관심,X,낮음
6/14/2020,경주시(283),X,31.7,30.4,25.4,23.3,80.5,X,관심,X,낮음
6/14/2020,거창(284),X,30,27.8,23.4,18.4,82.9,X, ,X,낮음
6/14/2020,합천(285),X,31.4,29.9,24.6,20.6,83,X, ,X,낮음
6/14/2020,밀양(288),X,31.3,29.5,24.6,21.3,90.3,X, ,X,낮음
6/14/2020,산청(289),X,30.4,28.6,24.4,22.5,83.5,X, ,X,낮음
6/14/2020,거제(294),X,29.4,27,23.2,22.2,90.5,X, ,X,낮음
6/14/2020,남해(295),X,29.8,27.5,24.4,22.6,85.4,X, ,X,낮음
6/14/2020,부천(433),X,,28.8,23.1,19.1,,X, ,X,낮음
6/14/2020,안양(434),X,,27.7,23.2,19.7,,X, ,X,낮음
6/14/2020,광명(437),X,,29.6,23.5,19.5,,X, ,X,낮음
6/14/2020,군포(438),X,,28.9,23.3,18.5,,X, ,X,낮음
6/14/2020,김포(441),X,,28.7,23.1,20,,X, ,X,낮음
6/14/2020,하남(444),X,,29.9,23.3,19,,X, ,X,낮음
6/14/2020,의왕(445),X,,27.2,21.3,16.8,,X, ,X,낮음
6/14/2020,포천(504),X,29.4,29.5,23.1,19.2,73,X, ,X,낮음
6/14/2020,가평조종(505),X,28.9,29,23.1,19.3,74,X, ,X,낮음
6/14/2020,안성(516),X,28,28.3,23.8,20,79,X, ,X,낮음
6/14/2020,간성(517),X,31.2,32.9,27.1,20.3,57,X,관심,X,낮음
6/14/2020,평창(526),X,28.5,29.2,23.3,18.5,70,X,관심,X,낮음
6/14/2020,의정부(532),X,29.8,29.7,23.9,19.1,80,X, ,X,낮음
6/14/2020,횡성(536),X,29.9,29.5,23.7,19.5,81,X,관심,X,낮음
6/14/2020,고양(540),X,30.8,32,24.1,18.4,71,X, ,X,낮음
6/14/2020,남양주(541),X,30,30.7,24.6,20.4,67,X, ,X,낮음
6/14/2020,안산(545),X,28.3,28,22,17.1,80,X, ,X,낮음
6/14/2020,경기광주(546),X,28.6,28.7,23.1,18.8,79,X, ,X,낮음
6/14/2020,여주(548),X,29.1,28.2,23.1,19.3,79,X, ,X,낮음
6/14/2020,용인(549),X,27,27.7,23,19.1,73,X, ,X,낮음
6/14/2020,오산(550),X,28.4,28.9,23.1,18.4,76,X, ,X,낮음
6/14/2020,평택(551),X,27.5,27.6,23.5,20.3,78,X, ,X,낮음
6/14/2020,화천(555),X,30.3,30.9,24,18.6,73,X,관심,X,낮음
6/14/2020,양구(556),X,29.6,30.5,24.6,20.3,63,X,관심,X,낮음
6/14/2020,시흥(565),X,27.2,27.9,22.6,18.3,75,X, ,X,낮음
6/14/2020,구리(569),X,29.4,30.5,24.4,20.4,66,X, ,X,낮음
6/14/2020,화성(571),X,27.6,28.4,22.6,18.7,75,X, ,X,낮음
6/14/2020,성남(572),X,28.1,29,23.7,19.4,71,X, ,X,매우높음
6/14/2020,과천(590),X,28.8,29.4,23.5,19.7,75,X, ,X,낮음
6/14/2020,양주(598),X,29.5,29.8,23.4,18,72,X, ,X,낮음
6/14/2020,단양(601),X,30.7,28.5,23.5,20.1,90,X,관심,X,낮음
6/14/2020,진천(602),X,28.5,28.1,23.9,20.8,76,X, ,X,낮음
6/14/2020,괴산(603),X,29.3,28.4,23.4,19.8,80,X, ,X,낮음
6/14/2020,옥천(604),X,29.6,28,23.5,20.3,81,X, ,X,낮음
6/14/2020,홍북(608),X,29,26.9,21.9,17.2,89,X, ,X,낮음
6/14/2020,공주(612),X,30.7,29.4,24.1,20.1,78,X, ,X,낮음
6/14/2020,서천(614),X,29.4,26.1,23,21.3,85,X, ,X,낮음
6/14/2020,논산(615),X,30,28.4,23.9,20.6,84,X, ,X,낮음
6/14/2020,당진(616),X,27.1,27.3,22.6,18.2,77,X, ,X,낮음
6/14/2020,청양(618),X,29,27.7,22.4,17.1,85,X, ,X,낮음
6/14/2020,음성(619),X,29,27.7,23.3,20,80,X, ,X,낮음
6/14/2020,증평(623),X,29,28,23.7,20.3,82,X, ,X,낮음
6/14/2020,태안(627),X,27.5,27,21.8,17.7,84,X, ,X,낮음
6/14/2020,예산(628),X,28.5,28.4,23.5,19.5,80,X, ,X,낮음
6/14/2020,아산(634),X,28.1,29.3,23.8,19.5,76,X, ,X,낮음
6/14/2020,계룡(636),X,28.1,27.2,22.7,18.7,77,X, ,X,낮음
6/14/2020,연천청산(652),X,30,30.2,24.3,19.7,68,X, ,X,낮음
6/14/2020,양양(670),X,31.9,32.1,27.1,21.4,67,O,관심,X,낮음
6/14/2020,무안(699),X,27.6,25.4,22.6,20.4,92,X, ,X,낮음
6/14/2020,무주(701),X,29.3,26.6,22.5,18,94,X, ,X,낮음
6/14/2020,익산(702),X,30.3,27.5,23.6,20.8,89,X, ,X,낮음
6/14/2020,진안(703),X,26.5,23.5,21.4,18.2,88,X, ,X,낮음
6/14/2020,담양(706),X,30.8,27.8,24,21,91,X, ,X,낮음
6/14/2020,구례(709),X,29.2,26.8,23.9,20.4,90,X, ,X,낮음
6/14/2020,나주(710),X,28.5,25.9,23.6,21.5,89,X, ,X,낮음
6/14/2020,순천시(712),X,30.2,28,24.4,22.3,89,X, ,X,낮음
6/14/2020,광양읍(713),X,30.2,27.9,24.1,21.7,85,X, ,X,낮음
6/14/2020,장성(730),X,28.3,26.3,23.2,21.2,89,X, ,X,낮음
6/14/2020,영암(731),X,28.5,25.8,23.3,21.7,94,X, ,X,낮음
6/14/2020,보성(732),X,28.5,26.1,22.7,20.5,92,X, ,X,낮음
6/14/2020,완주(734),X,28,25.2,22.2,18.7,91,X, ,X,낮음
6/14/2020,김제(737),X,27.6,25.1,22.5,20.3,92,X, ,X,낮음
6/14/2020,화순(741),X,27.7,25.6,23.2,21.5,85,X, ,X,낮음
6/14/2020,함평(754),X,28.3,26,22.8,20.5,92,X, ,X,낮음
6/14/2020,곡성(768),X,29.1,27.4,23.5,18.9,86,X, ,X,낮음
6/14/2020,압해도(789),X,28,25.1,22.5,20.8,93,X, ,X,낮음
6/14/2020,영양(801),X,29.7,28.2,23.9,19,81,X, ,X,낮음
6/14/2020,성주(810),X,31.4,30.3,25,19.3,77,X,관심,X,낮음
6/14/2020,고령(812),X,,,,,,X, ,X,낮음
6/14/2020,청도(813),X,31.2,29.2,24.3,20.3,88,X, ,X,낮음
6/14/2020,예천(815),X,30.1,29.5,24.8,20.6,72,X,관심,X,낮음
6/14/2020,김천(822),X,31.9,30.5,24.3,18.5,85,X,관심,X,낮음
6/14/2020,군위(823),X,31.4,29.6,24.4,19.8,83,X,관심,X,낮음
6/14/2020,칠곡(825),X,31.4,30,25.2,20.5,81,X,관심,X,낮음
6/14/2020,경산(827),X,31.3,30.6,25.2,21.7,76,O,관심,X,낮음
6/14/2020,삼척(876),X,32.3,33.5,26.7,22.7,56,X, ,X,낮음
6/14/2020,속초(90),X,31.6,33.2,27.3,20.4,56.4,X,관심,X,낮음
6/14/2020,삼천포(907),X,28.9,26.6,23.8,21.6,88,X, ,X,낮음
6/14/2020,고성(918),X,29.9,27.7,23.9,21,92,X, ,X,낮음
6/14/2020,창녕(919),X,31.7,30.1,25.2,21.1,84,X, ,X,낮음
6/14/2020,함안(920),X,30.7,28.6,24.9,20.9,84,X, ,X,낮음
6/14/2020,북춘천(93),X,30.2,30.7,24.7,20.2,71.9,X,관심,X,매우높음
6/14/2020,하동(932),X,30.7,28.7,24.5,20.4,88,X, ,X,낮음
6/14/2020,철원(95),X,29.3,29.2,24.3,20.9,72.9,X,관심,X,낮음
6/14/2020,동두천(98),X,30.1,29.7,23.4,19.2,79.4,X, ,X,낮음
6/14/2020,파주(99),X,29.8,29.4,23.8,18.5,74.1,X, ,X,낮음
6/15/2020,북강릉(104),X,29.6,32.6,27,19.7,36.1,O,주의,X,매우높음
6/15/2020,동해(106),X,28.9,31.2,25.8,20.3,39.8,X,관심,X,낮음
6/15/2020,서울(108),X,27.5,28.6,23,18.2,62.3,X, ,X,매우높음
6/15/2020,인천(112),X,24.3,23.6,20.3,18,77.9,X, ,X,매우높음
6/15/2020,원주(114),X,27.1,28.1,22.9,18.4,52.6,X, ,X,낮음
6/15/2020,울릉도(115),X,28.4,28.7,25.3,23.2,46.1,X, ,X,낮음
6/15/2020,수원(119),X,27.5,27.9,22.3,17.2,69.5,X, ,X,낮음
6/15/2020,영월(121),X,27.5,27.9,21.8,16.2,63.1,X, ,X,낮음
6/15/2020,충주(127),X,28.4,28.7,22.4,15.8,65.5,X, ,X,낮음
6/15/2020,서산(129),X,27,26.1,21.6,16.9,76.3,X, ,X,매우높음
6/15/2020,울진(130),X,30.2,31.1,25.4,20.7,48.8,X,관심,X,낮음
6/15/2020,청주(131),X,29.1,30,23.7,19.1,61.9,X, ,X,매우높음
6/15/2020,대전(133),X,29.7,29,23.3,18.7,71.3,X, ,X,매우높음
6/15/2020,추풍령(135),X,26.9,27.6,22.5,17.3,57.6,X, ,X,낮음
6/15/2020,안동(136),X,28.3,28.7,23.5,17.7,61.4,X, ,X,매우높음
6/15/2020,상주(137),X,29.4,29.2,24,19,63.1,X,관심,X,낮음
6/15/2020,포항(138),X,30.6,31.8,26.8,21.1,50.9,X,관심,X,낮음
6/15/2020,군산(140),X,26.8,25.8,21.8,18,79,X, ,X,낮음
6/15/2020,대구(143),X,30.3,31.8,25.9,19.9,53.9,X,관심,X,매우높음
6/15/2020,전주(146),X,27.8,27.9,22.4,18.1,71.1,X, ,X,매우높음
6/15/2020,울산(152),X,29.7,31,25.4,20.2,56.1,X, ,X,매우높음
6/15/2020,창원(155),X,29.8,30.2,24.5,19.4,56.1,X,관심,X,매우높음
6/15/2020,광주(156),X,29.4,29.5,23.5,18.3,68.5,X, ,X,매우높음
6/15/2020,부산(159),X,29,29,23.8,20.3,63,X,관심,X,매우높음
6/15/2020,통영(162),X,27.6,28.6,22.8,19.1,71.8,X, ,X,낮음
6/15/2020,목포(165),X,26.7,25.5,21.8,19,81.6,X, ,X,매우높음
6/15/2020,여수(168),X,27.3,26.6,23.5,20.5,66.4,X, ,X,낮음
6/15/2020,흑산도(169),X,26.4,23.8,20.3,17.6,87.1,X, ,X,낮음
6/15/2020,완도(170),X,29.1,28.7,23.7,19.6,67.9,X, ,X,낮음
6/15/2020,고창(172),X,27.8,27.1,21.8,17.1,79.9,X, ,X,낮음
6/15/2020,제주(184),X,27.1,25,22.2,20.2,86.3,X, ,X,매우높음
6/15/2020,진주(192),X,30.1,30.4,23.6,17.3,75.1,X, ,X,낮음
6/15/2020,양평(202),X,28.2,28.8,22.1,17,65.6,X, ,X,낮음
6/15/2020,이천(203),X,28.2,28.4,22.2,16.7,67.1,X, ,X,낮음
6/15/2020,인제(211),X,27.9,29.2,23.3,18.1,55.1,X, ,X,낮음
6/15/2020,홍천(212),X,28.6,29.6,22.5,16.6,59.8,X, ,X,낮음
6/15/2020,태백(216),X,25.7,26.4,21,15.1,53.5,X, ,X,낮음
6/15/2020,정선군(217),X,28.7,28.9,22.2,17.1,60.6,X, ,X,낮음
6/15/2020,제천(221),X,27.1,27.5,21.4,15,66,X, ,X,낮음
6/15/2020,보은(226),X,28,27.9,21.7,15.6,71.5,X, ,X,낮음
6/15/2020,천안(232),X,28,28,21.5,15.2,71.6,X, ,X,낮음
6/15/2020,보령(235),X,26,24.6,20.7,16.6,83.8,X, ,X,낮음
6/15/2020,부여(236),X,28.6,29.3,22,16.3,75.1,X, ,X,낮음
6/15/2020,금산(238),X,28.1,27.8,22.3,15.7,67.1,X, ,X,낮음
6/15/2020,세종(239),X,28.5,28.5,22.4,17.1,64,X, ,X,매우높음
6/15/2020,부안(243),X,27.5,26.4,21.4,16.8,79.1,X, ,X,낮음
6/15/2020,임실(244),X,27.2,27.2,20.5,15.3,76.1,X, ,X,낮음
6/15/2020,정읍(245),X,28.2,28.4,21.8,16.3,70.5,X, ,X,낮음
6/15/2020,남원(247),X,28.4,28.9,22.6,16.8,72.3,X, ,X,낮음
6/15/2020,장수(248),X,27.2,26.6,19.9,13.4,77.9,X, ,X,낮음
6/15/2020,영광군(252),X,27.9,27.1,21.6,16.7,78.6,X, ,X,낮음
6/15/2020,김해시(253),X,30.7,31.5,24.7,19.4,62.1,X,관심,X,낮음
6/15/2020,순창군(254),X,28.3,28.9,22.3,16.1,73.9,X, ,X,낮음
6/15/2020,양산시(257),X,31.2,32.2,25.2,19.5,61.9,X,관심,X,낮음
6/15/2020,강진군(259),X,29.2,28.8,23.6,19.1,66.3,X, ,X,낮음
6/15/2020,장흥(260),X,29.2,29,23.4,18.5,66.6,X, ,X,낮음
6/15/2020,해남(261),X,28.1,28.1,22.7,18.6,74.6,X, ,X,낮음
6/15/2020,고흥(262),X,29.1,28.8,23.5,18.4,67.5,X, ,X,낮음
6/15/2020,의령군(263),X,30.7,31.4,24.6,17.3,63.4,X, ,X,낮음
6/15/2020,함양군(264),X,29,29.5,23.4,17,61.9,X, ,X,낮음
6/15/2020,진도군ASOS(268),X,27.4,26.7,21.6,18.4,80.3,X, ,X,낮음
6/15/2020,봉화(271),X,26.2,25.9,20.2,14,72,X, ,X,낮음
6/15/2020,영주(272),X,27.5,27.4,22.7,16.1,61.8,X, ,X,낮음
6/15/2020,문경(273),X,28.5,28.3,22.9,16.7,63,X, ,X,낮음
6/15/2020,청송군(276),X,29.1,28.6,22.3,14.7,76.1,X, ,X,낮음
6/15/2020,영덕(277),X,29.1,29.6,25,19.8,55.6,X,관심,X,낮음
6/15/2020,의성(278),X,29.2,29.7,22.7,15.2,70,X,관심,X,낮음
6/15/2020,구미(279),X,30,30.2,24.7,19,65.3,X,관심,X,낮음
6/15/2020,영천(281),X,29.3,30.2,24.3,18.4,58.4,X,관심,X,낮음
6/15/2020,경주시(283),X,30,30.9,24.8,19.1,61,X,관심,X,낮음
6/15/2020,거창(284),X,29,29.7,21.8,14.7,69.5,X, ,X,낮음
6/15/2020,합천(285),X,30.3,31.5,24.3,16.3,64.9,X, ,X,낮음
6/15/2020,밀양(288),X,29,31.1,24.7,17,58.6,X,관심,X,낮음
6/15/2020,산청(289),X,29.8,30.5,24.4,18.9,57.8,X,관심,X,낮음
6/15/2020,거제(294),X,28.3,27.9,23.3,18,65.6,X, ,X,낮음
6/15/2020,남해(295),X,29.2,29.4,24.3,18.3,65,X, ,X,낮음
6/15/2020,부천(433),X,,26.9,21.6,17.6,,X, ,X,낮음
6/15/2020,안양(434),X,,27.4,22.4,18.5,,X, ,X,낮음
6/15/2020,광명(437),X,,27.7,22.3,18.2,,X, ,X,낮음
6/15/2020,군포(438),X,,28.2,22.1,17.5,,X, ,X,낮음
6/15/2020,김포(441),X,,27.1,21.8,18,,X, ,X,낮음
6/15/2020,하남(444),X,,30.3,22.3,16.5,,X, ,X,낮음
6/15/2020,의왕(445),X,,26.5,20.4,15,,X, ,X,낮음
6/15/2020,포천(504),X,28.6,29.6,22.6,16.4,58,X, ,X,낮음
6/15/2020,가평조종(505),X,28.3,29.4,21.7,14.8,62,X, ,X,낮음
6/15/2020,안성(516),X,28.9,28.7,22.4,16.5,69,X, ,X,낮음
6/15/2020,간성(517),X,30.8,33.1,27.7,23.2,40,X,관심,X,낮음
6/15/2020,평창(526),X,27,28.5,21.1,14.9,58,X, ,X,낮음
6/15/2020,의정부(532),X,28.6,29.3,22.6,16.9,69,X, ,X,낮음
6/15/2020,횡성(536),X,28.8,29.4,21.8,16.3,66,X, ,X,낮음
6/15/2020,고양(540),X,29.9,31.4,23,16.6,64,X, ,X,낮음
6/15/2020,남양주(541),X,29.6,30.5,23.3,17.4,58,X, ,X,낮음
6/15/2020,안산(545),X,27.6,28,20.8,13.7,74,X, ,X,낮음
6/15/2020,경기광주(546),X,27.9,28.5,21.9,16.7,65,X, ,X,낮음
6/15/2020,여주(548),X,28,28,22,16.2,66,X, ,X,낮음
6/15/2020,용인(549),X,26.6,27.5,21.4,16.3,62,X, ,X,낮음
6/15/2020,오산(550),X,27.9,28.7,22.4,16.7,63,X, ,X,낮음
6/15/2020,평택(551),X,28.7,28.4,22.3,17.2,71,X, ,X,낮음
6/15/2020,화천(555),X,29.8,31.7,22.4,15.6,64,X, ,X,낮음
6/15/2020,양구(556),X,29,30.8,23.3,16.3,55,X, ,X,낮음
6/15/2020,시흥(565),X,26.4,26.2,21.3,16.1,74,X, ,X,낮음
6/15/2020,구리(569),X,28.6,29.8,23.4,17.8,55,X, ,X,낮음
6/15/2020,화성(571),X,26.6,27.3,21.8,16.5,67,X, ,X,낮음
6/15/2020,성남(572),X,27.7,28.9,23,18.1,55,X, ,X,매우높음
6/15/2020,과천(590),X,27.9,28.8,22.6,17.4,65,X, ,X,낮음
6/15/2020,양주(598),X,28.6,29.5,22.2,15.1,64,X, ,X,낮음
6/15/2020,단양(601),X,28.8,28.4,22.7,17.2,79,X, ,X,낮음
6/15/2020,진천(602),X,28.5,28.8,22.6,16.6,67,X, ,X,낮음
6/15/2020,괴산(603),X,28.4,29.2,22.1,15.4,68,X, ,X,낮음
6/15/2020,옥천(604),X,28.5,28.8,22.7,15.8,64,X, ,X,낮음
6/15/2020,홍북(608),X,28.1,26.7,21,16.5,83,X, ,X,낮음
6/15/2020,공주(612),X,28.9,29.7,23,17.9,68,X, ,X,낮음
6/15/2020,서천(614),X,27,25.3,21.6,17.8,79,X, ,X,낮음
6/15/2020,논산(615),X,29.4,28.8,22.3,17,77,X, ,X,낮음
6/15/2020,당진(616),X,28.4,27.6,21.6,17.4,76,X, ,X,낮음
6/15/2020,청양(618),X,28.3,28.1,20.8,14,76,X, ,X,낮음
6/15/2020,음성(619),X,28.2,28,21.8,16.5,71,X, ,X,낮음
6/15/2020,증평(623),X,28.4,28.4,22.7,18.1,69,X, ,X,낮음
6/15/2020,태안(627),X,26.8,25.3,20.5,16.1,88,X, ,X,낮음
6/15/2020,예산(628),X,28,28.3,22.2,17.6,74,X, ,X,낮음
6/15/2020,아산(634),X,29.1,30.2,23,17.4,69,X, ,X,낮음
6/15/2020,계룡(636),X,27.5,27.5,21.2,15.4,66,X, ,X,낮음
6/15/2020,연천청산(652),X,28.6,29.5,22.6,15.8,63,X, ,X,낮음
6/15/2020,양양(670),X,30.7,32,27,22.7,47,O,주의,X,낮음
6/15/2020,무안(699),X,27.6,26.5,21.8,17.5,80,X, ,X,낮음
6/15/2020,무주(701),X,29,29.4,21.7,14.6,77,X, ,X,낮음
6/15/2020,익산(702),X,29.2,28.5,22.4,16.7,77,X, ,X,낮음
6/15/2020,진안(703),X,26.6,26.3,20,14.3,72,X, ,X,낮음
6/15/2020,담양(706),X,30.4,30.9,23.5,16.9,76,X, ,X,낮음
6/15/2020,구례(709),X,30.3,30.1,23.9,18.5,67,X, ,X,낮음
6/15/2020,나주(710),X,29.3,28.9,22.6,16.8,77,X, ,X,낮음
6/15/2020,순천시(712),X,31.3,31.7,25.5,19.4,62,X, ,X,낮음
6/15/2020,광양읍(713),X,30.3,31.4,25.1,18.4,57,X, ,X,낮음
6/15/2020,장성(730),X,28.9,28.8,22.2,16.5,73,X, ,X,낮음
6/15/2020,영암(731),X,29.4,28.2,22.6,18,80,X, ,X,낮음
6/15/2020,보성(732),X,28.9,29.1,22.8,16.8,69,X, ,X,낮음
6/15/2020,완주(734),X,28.3,27.5,21.2,15.7,79,X, ,X,낮음
6/15/2020,김제(737),X,27.7,27.2,21.8,18.3,81,X, ,X,낮음
6/15/2020,화순(741),X,28.8,29.3,23,18,65,X, ,X,낮음
6/15/2020,함평(754),X,28.2,27,21.8,16.9,81,X, ,X,낮음
6/15/2020,곡성(768),X,29.4,29.9,22.8,16.2,67,X, ,X,낮음
6/15/2020,압해도(789),X,27.4,25.4,21.7,18.6,86,X, ,X,낮음
6/15/2020,영양(801),X,27.8,27.8,22.1,14.5,68,X, ,X,낮음
6/15/2020,성주(810),X,29.8,31.5,23.5,16.1,63,X,관심,X,낮음
6/15/2020,고령(812),X,,,,,,X,관심,X,낮음
6/15/2020,청도(813),X,29.9,30.8,23.6,16.5,68,X,관심,X,낮음
6/15/2020,예천(815),X,28.4,29.3,23.4,16.3,58,X,관심,X,낮음
6/15/2020,김천(822),X,30.8,31.3,23.2,15.3,72,X,관심,X,낮음
6/15/2020,군위(823),X,29.6,29.7,23.2,16.7,69,X,관심,X,낮음
6/15/2020,칠곡(825),X,29.8,30.6,24.3,18.4,67,X,관심,X,낮음
6/15/2020,경산(827),X,29.4,31.5,24.7,18,57,O,주의,X,낮음
6/15/2020,삼척(876),X,29.9,32.3,26.9,21.1,37,X,관심,X,낮음
6/15/2020,속초(90),X,30.7,33,28.4,23.5,35.5,X,관심,X,낮음
6/15/2020,삼천포(907),X,28.8,28.2,23.1,18.7,73,X,관심,X,낮음
6/15/2020,고성(918),X,28.7,28,22.9,17.7,76,X, ,X,낮음
6/15/2020,창녕(919),X,31.1,32,24.8,17.7,66,X,관심,X,낮음
6/15/2020,함안(920),X,30.4,30.6,24,17.1,71,X, ,X,낮음
6/15/2020,북춘천(93),X,29.5,31.3,23.3,17.2,59.4,X, ,X,매우높음
6/15/2020,하동(932),X,30.5,30.6,24.5,17.4,67,X,관심,X,낮음
6/15/2020,철원(95),X,28.5,29.6,22.9,15.5,62.3,X, ,X,낮음
6/15/2020,동두천(98),X,29.1,29.4,22.5,16.7,66.9,X, ,X,낮음
6/15/2020,파주(99),X,28.6,28.4,22.1,16.7,72.6,X, ,X,낮음
6/16/2020,북강릉(104),X,26.2,27.4,22.5,18.2,52.8,X, ,X,매우높음
6/16/2020,동해(106),X,24.8,24.8,21.6,18.7,58.3,X, ,X,낮음
6/16/2020,서울(108),X,29.9,30.7,24.4,20,63,X, ,X,매우높음
6/16/2020,인천(112),X,26.6,25.8,21.9,19.2,74.4,X, ,X,매우높음
6/16/2020,원주(114),X,27.5,28.8,23.3,18,51.4,X, ,X,낮음
6/16/2020,울릉도(115),X,25.3,24.8,21.4,18.1,60.9,X, ,X,낮음
6/16/2020,수원(119),X,30,29.5,23.4,19.6,70.6,X, ,X,낮음
6/16/2020,영월(121),X,28.9,30.3,22,13.4,60.3,X, ,X,낮음
6/16/2020,충주(127),X,28.9,29.3,22.1,15.1,68.4,X, ,X,낮음
6/16/2020,서산(129),X,28.3,27.2,22.5,19.4,74.8,X, ,X,매우높음
6/16/2020,울진(130),X,25.2,25.2,21.8,18.7,60.8,X, ,X,낮음
6/16/2020,청주(131),X,29.4,30.2,24.4,19.5,63.3,X, ,X,매우높음
6/16/2020,대전(133),X,29.3,29.5,24.2,18.7,70.1,X, ,X,매우높음
6/16/2020,추풍령(135),X,27.1,28.1,22,15.2,58.4,X, ,X,낮음
6/16/2020,안동(136),X,29.4,30.7,22.4,16.2,57.5,X, ,X,매우높음
6/16/2020,상주(137),X,29.8,29.2,23.8,18.3,64.8,X, ,X,낮음
6/16/2020,포항(138),X,26.5,26.2,22.9,20.2,63.9,X,관심,X,낮음
6/16/2020,군산(140),X,27.1,26,22.3,19.9,78.8,X, ,X,낮음
6/16/2020,대구(143),X,29.4,31.3,24.8,18.9,49.9,X,관심,X,매우높음
6/16/2020,전주(146),X,28.3,28.4,22.8,18.2,69.5,X, ,X,매우높음
6/16/2020,울산(152),X,28,28.1,22.7,18.5,59.9,X, ,X,매우높음
6/16/2020,창원(155),X,29.5,31.5,23.3,19.4,55.3,X, ,X,매우높음
6/16/2020,광주(156),X,29.4,29.9,24,18.9,65.5,X, ,X,매우높음
6/16/2020,부산(159),X,28.1,29,23.9,21.4,49.4,X, ,X,매우높음
6/16/2020,통영(162),X,28.1,28.3,23.1,19.5,69.8,X, ,X,낮음
6/16/2020,목포(165),X,29.1,27.5,22.7,19.7,83.3,X, ,X,매우높음
6/16/2020,여수(168),X,30.2,29.7,24.4,21.6,60.1,X, ,X,낮음
6/16/2020,흑산도(169),X,26.7,24,21,18.4,90.4,X, ,X,낮음
6/16/2020,완도(170),X,30.6,31,24.9,20.1,65.9,X, ,X,낮음
6/16/2020,고창(172),X,28.3,27.2,22.4,18.6,76,X, ,X,낮음
6/16/2020,제주(184),X,28.3,26.9,23.3,21.4,82.8,X, ,X,높음
6/16/2020,진주(192),X,30.4,31.8,23.9,16.7,64.9,X, ,X,낮음
6/16/2020,양평(202),X,28.3,29.3,23,16.7,64.6,X, ,X,낮음
6/16/2020,이천(203),X,29.4,29.4,23.5,18.3,68.5,X, ,X,낮음
6/16/2020,인제(211),X,28.2,29.3,21.7,14.1,58.8,X, ,X,낮음
6/16/2020,홍천(212),X,28.3,29.9,22.2,14.1,60.1,X,관심,X,낮음
6/16/2020,태백(216),X,26.9,27.1,20.2,14.1,59.1,X, ,X,낮음
6/16/2020,정선군(217),X,29.3,30.8,21.5,12.9,61.6,X, ,X,낮음
6/16/2020,제천(221),X,28,28.2,21,13.5,69.1,X, ,X,낮음
6/16/2020,보은(226),X,28.1,28.2,21.4,14.8,76.1,X, ,X,낮음
6/16/2020,천안(232),X,28.9,29,22.5,15.5,72.5,X, ,X,낮음
6/16/2020,보령(235),X,26.5,25.2,21.5,18.9,81.5,X, ,X,낮음
6/16/2020,부여(236),X,29.3,28.6,23,18.5,77.1,X, ,X,낮음
6/16/2020,금산(238),X,28.3,28.7,22.5,15.7,72.1,X, ,X,낮음
6/16/2020,세종(239),X,28.7,28.7,23.2,18.2,69.5,X, ,X,매우높음
6/16/2020,부안(243),X,27.2,26.2,22.1,18.6,79.6,X, ,X,낮음
6/16/2020,임실(244),X,27.9,28,21.1,13.9,77.1,X, ,X,낮음
6/16/2020,정읍(245),X,28.7,27.5,22.1,17.1,70.8,X, ,X,낮음
6/16/2020,남원(247),X,29.1,29.5,23,15.5,68.1,X, ,X,낮음
6/16/2020,장수(248),X,27.3,27.4,20.7,12.5,75.9,X, ,X,낮음
6/16/2020,영광군(252),X,28.3,27.7,22.4,18.3,74.4,X, ,X,낮음
6/16/2020,김해시(253),X,30.4,31.3,24.3,20.4,53.8,X,관심,X,낮음
6/16/2020,순창군(254),X,29,29.4,22.8,15.6,73.4,X, ,X,낮음
6/16/2020,양산시(257),X,30.4,31.5,24.6,19.8,57,X,관심,X,낮음
6/16/2020,강진군(259),X,29.7,30.2,24.3,19.2,64.3,X, ,X,낮음
6/16/2020,장흥(260),X,29.6,30.1,23.5,17.3,67.5,X, ,X,낮음
6/16/2020,해남(261),X,29.9,29.6,23.3,17.9,75.5,X, ,X,낮음
6/16/2020,고흥(262),X,29.9,30.7,23.8,18.2,67,X, ,X,낮음
6/16/2020,의령군(263),X,30.4,32.5,24.3,17.6,59.9,X, ,X,낮음
6/16/2020,함양군(264),X,29.1,30.7,23.3,14.8,59.6,X, ,X,낮음
6/16/2020,진도군ASOS(268),X,28.5,27,22.4,18.2,83.3,X, ,X,낮음
6/16/2020,봉화(271),X,26.8,27.5,19.3,12.2,68.5,X, ,X,낮음
6/16/2020,영주(272),X,28.5,28.7,22.4,16.7,60.6,X, ,X,낮음
6/16/2020,문경(273),X,29,29,22.5,15.8,63.6,X, ,X,낮음
6/16/2020,청송군(276),X,29.3,29.1,21.1,14.3,69.9,X, ,X,낮음
6/16/2020,영덕(277),X,27,27.1,21.7,16.4,63,X, ,X,낮음
6/16/2020,의성(278),X,29.2,30.1,22.7,14.7,62.8,X,관심,X,낮음
6/16/2020,구미(279),X,29.9,30.2,24.2,17,62.5,X, ,X,낮음
6/16/2020,영천(281),X,28.4,28.7,22.9,17.3,56.1,X,관심,X,낮음
6/16/2020,경주시(283),X,29.1,29.4,23,17.8,62.3,X,관심,X,낮음
6/16/2020,거창(284),X,29.2,30.6,22.8,14.4,63,X, ,X,낮음
6/16/2020,합천(285),X,30,31.1,23.8,16.8,64.6,X, ,X,낮음
6/16/2020,밀양(288),X,29.1,31.6,24.4,18.6,57.1,X,관심,X,낮음
6/16/2020,산청(289),X,29.9,31.6,24,16.1,57.6,X,관심,X,낮음
6/16/2020,거제(294),X,29.2,30.3,23.5,18.9,62.6,X, ,X,낮음
6/16/2020,남해(295),X,30.1,30.8,23.7,19.2,60.6,X, ,X,낮음
6/16/2020,부천(433),X,,28.7,22.9,19,,X, ,X,낮음
6/16/2020,안양(434),X,,29.2,23.6,19.6,,X, ,X,낮음
6/16/2020,광명(437),X,,29.6,24,19.8,,X, ,X,낮음
6/16/2020,군포(438),X,,29.9,23.6,19.3,,X, ,X,낮음
6/16/2020,김포(441),X,,29.8,23.2,19.6,,X, ,X,낮음
6/16/2020,하남(444),X,,30.4,24,18.4,,X, ,X,낮음
6/16/2020,의왕(445),X,,27.6,21.8,17.7,,X, ,X,낮음
6/16/2020,포천(504),X,29,30.1,23.4,17.4,63,X,관심,X,낮음
6/16/2020,가평조종(505),X,28.7,29.6,22.3,14.8,66,X,관심,X,낮음
6/16/2020,안성(516),X,29.6,29.8,24,18.2,66,X, ,X,낮음
6/16/2020,간성(517),X,26.8,26.7,22.6,16.8,63,X, ,X,낮음
6/16/2020,평창(526),X,28,29.4,21,12.1,60,X, ,X,낮음
6/16/2020,의정부(532),X,29.4,30,23.7,17.8,74,X, ,X,낮음
6/16/2020,횡성(536),X,29.3,29.8,21.8,13.7,67,X, ,X,낮음
6/16/2020,고양(540),X,31.3,33,24.4,18.8,64,X, ,X,낮음
6/16/2020,남양주(541),X,30.1,31.3,24.6,20.2,58,X, ,X,낮음
6/16/2020,안산(545),X,29.2,28.6,22.3,16.7,76,X, ,X,낮음
6/16/2020,경기광주(546),X,28.9,29.2,23,18.2,65,X,관심,X,낮음
6/16/2020,여주(548),X,27.8,28.5,22.9,18.1,65,X, ,X,낮음
6/16/2020,용인(549),X,28.6,29.2,22.9,18.1,62,X, ,X,낮음
6/16/2020,오산(550),X,29.5,30.5,23.6,19.3,60,X, ,X,낮음
6/16/2020,평택(551),X,30,29.9,23.5,19.5,68,X, ,X,낮음
6/16/2020,화천(555),X,30.3,31,21.8,12.5,72,X,관심,X,낮음
6/16/2020,양구(556),X,28.3,29.5,21.6,13.2,62,X, ,X,낮음
6/16/2020,시흥(565),X,28.5,28.4,22.6,17.6,71,X, ,X,낮음
6/16/2020,구리(569),X,29.4,31,24.7,19.8,55,X, ,X,낮음
6/16/2020,화성(571),X,29.1,29.2,23.2,19.5,66,X, ,X,낮음
6/16/2020,성남(572),X,29.3,30.6,24,19.6,57,X, ,X,매우높음
6/16/2020,과천(590),X,29.7,30.3,23.7,18.6,65,X, ,X,낮음
6/16/2020,양주(598),X,29.4,30.6,24,18.1,64,X, ,X,낮음
6/16/2020,단양(601),X,29.8,30.3,23,15.7,72,X, ,X,낮음
6/16/2020,진천(602),X,28.9,29,23.1,17.1,68,X, ,X,낮음
6/16/2020,괴산(603),X,29.2,29.6,22.1,14.8,71,X, ,X,낮음
6/16/2020,옥천(604),X,28.7,29,22.7,16.6,70,X, ,X,낮음
6/16/2020,홍북(608),X,29.4,28.1,21.8,17.9,84,X, ,X,낮음
6/16/2020,공주(612),X,30.2,30.4,23.7,18.7,72,X, ,X,낮음
6/16/2020,서천(614),X,27.3,25.8,22.8,20.4,77,X, ,X,낮음
6/16/2020,논산(615),X,30.1,30.3,23.9,18.9,72,X, ,X,낮음
6/16/2020,당진(616),X,28.9,27.8,22.5,18.9,75,X, ,X,낮음
6/16/2020,청양(618),X,29.6,29.1,22.2,16.6,79,X, ,X,낮음
6/16/2020,음성(619),X,28.8,28.9,21.9,15.2,73,X, ,X,낮음
6/16/2020,증평(623),X,28.8,28.7,22.9,18.3,72,X, ,X,낮음
6/16/2020,태안(627),X,27.5,26.2,21.3,18.1,84,X, ,X,낮음
6/16/2020,예산(628),X,29.5,29,23.4,18.7,75,X, ,X,낮음
6/16/2020,아산(634),X,28.8,29.4,23.2,18.5,69,X, ,X,낮음
6/16/2020,계룡(636),X,27.5,28,22.1,16.3,68,X, ,X,낮음
6/16/2020,연천청산(652),X,28.8,29.7,23,17.3,66,X, ,X,낮음
6/16/2020,양양(670),X,28.1,28.1,23.3,19.4,64,X, ,X,낮음
6/16/2020,무안(699),X,28.5,27.6,22.5,18.6,76,X, ,X,낮음
6/16/2020,무주(701),X,28.9,29.7,22.1,13.6,76,X, ,X,낮음
6/16/2020,익산(702),X,29.1,28.4,23.1,17.8,75,X, ,X,낮음
6/16/2020,진안(703),X,27,27.1,20.9,13.1,72,X, ,X,낮음
6/16/2020,담양(706),X,30.7,31,23.6,16.5,79,X, ,X,낮음
6/16/2020,구례(709),X,30,30.4,24,16.6,66,X, ,X,낮음
6/16/2020,나주(710),X,29.7,29.6,23.3,18,76,X, ,X,낮음
6/16/2020,순천시(712),X,31.7,33,25.4,20.1,55,X, ,X,낮음
6/16/2020,광양읍(713),X,30,32.8,24.9,18.4,54,X, ,X,낮음
6/16/2020,장성(730),X,29.1,29.1,22.6,16.4,72,X, ,X,낮음
6/16/2020,영암(731),X,29.2,29.1,23.3,18.6,76,X, ,X,낮음
6/16/2020,보성(732),X,29.5,29.6,23.1,16.2,67,X, ,X,낮음
6/16/2020,완주(734),X,28.8,28.5,21.8,15.5,78,X, ,X,낮음
6/16/2020,김제(737),X,28,26.8,22.2,18.8,76,X, ,X,낮음
6/16/2020,화순(741),X,29,29.7,22.8,16.4,65,X, ,X,낮음
6/16/2020,함평(754),X,29.1,28,22.4,17.9,82,X, ,X,낮음
6/16/2020,곡성(768),X,29.5,30.2,22.8,15.4,68,X, ,X,낮음
6/16/2020,압해도(789),X,29.2,27.1,22.5,19.2,89,X, ,X,낮음
6/16/2020,영양(801),X,28.1,28.5,20.7,14.5,67,X, ,X,낮음
6/16/2020,성주(810),X,29.5,30.8,23.7,16,60,X, ,X,낮음
6/16/2020,고령(812),X,29.7,,,,,X, ,X,낮음
6/16/2020,청도(813),X,30.2,31,23.8,17.1,63,X,관심,X,낮음
6/16/2020,예천(815),X,28.8,29.8,22.5,15.6,57,X, ,X,낮음
6/16/2020,김천(822),X,30.6,31,23.4,14.4,70,X,관심,X,낮음
6/16/2020,군위(823),X,29.8,29.8,22.8,15.2,64,X, ,X,낮음
6/16/2020,칠곡(825),X,29.4,30.5,24.2,17.2,61,X,관심,X,낮음
6/16/2020,경산(827),X,29.5,30.9,23.9,18,56,X,관심,X,낮음
6/16/2020,삼척(876),X,25.8,26.3,23.1,20.1,51,X, ,X,낮음
6/16/2020,속초(90),X,27.1,27.3,23.5,18.7,56.3,X, ,X,낮음
6/16/2020,삼천포(907),X,29.1,28.9,23.2,19.2,64,X, ,X,낮음
6/16/2020,고성(918),X,30.2,30.8,23.7,18.3,67,X, ,X,낮음
6/16/2020,창녕(919),X,30.3,32.1,24.5,18,60,X, ,X,낮음
6/16/2020,함안(920),X,30,31.2,23.5,17.9,69,X, ,X,낮음
6/16/2020,북춘천(93),X,29.1,29.7,22.4,14.8,65.5,X,관심,X,매우높음
6/16/2020,하동(932),X,30.7,31.6,24.4,18.4,63,X,관심,X,낮음
6/16/2020,철원(95),X,28.8,29.3,22.8,16.5,73,X, ,X,낮음
6/16/2020,동두천(98),X,30,30.2,23.5,17.8,70,X, ,X,낮음
6/16/2020,파주(99),X,29.1,29.1,22.7,18.2,76,X, ,X,낮음
6/17/2020,북강릉(104),X,27.6,28.3,24.5,17.5,55.3,X, ,X,위험
6/17/2020,동해(106),X,25.8,25.5,21.4,18,67.6,X, ,X,낮음
6/17/2020,서울(108),X,29.9,30.3,24.3,20.2,58.6,X, ,X,매우높음
6/17/2020,인천(112),X,26.1,25.3,21.6,18.6,73.9,X, ,X,매우높음
6/17/2020,원주(114),X,28.4,29.5,24,18.5,56.5,X, ,X,낮음
6/17/2020,울릉도(115),X,27.4,25.8,21.6,17.7,65.8,X, ,X,낮음
6/17/2020,수원(119),X,29.1,29.1,22.9,18,74,X, ,X,낮음
6/17/2020,영월(121),X,29.3,30.1,22.7,15.5,62.8,X, ,X,낮음
6/17/2020,충주(127),X,29,29.1,23.2,16.7,67.3,X, ,X,낮음
6/17/2020,서산(129),X,26.8,26.7,21.6,18,77.1,X, ,X,매우높음
6/17/2020,울진(130),X,25.6,24.7,21.1,17.8,67.4,X, ,X,낮음
6/17/2020,청주(131),X,28.6,28.4,24.2,21.2,58.4,X, ,X,매우높음
6/17/2020,대전(133),X,28.4,27.8,23.5,20.5,72,X, ,X,높음
6/17/2020,추풍령(135),X,26.8,26.1,21.3,15.8,67.4,X, ,X,낮음
6/17/2020,안동(136),X,28,27.9,22.5,15.3,60.6,X, ,X,매우높음
6/17/2020,상주(137),X,28.6,27.4,22.5,16.8,68,X, ,X,낮음
6/17/2020,포항(138),X,28.6,28.8,23.9,18.6,60.9,X, ,X,낮음
6/17/2020,군산(140),X,26.4,25.5,21.8,18.7,81.4,X, ,X,낮음
6/17/2020,대구(143),X,26.9,27.7,23.3,18.3,54.4,X, ,X,매우높음
6/17/2020,전주(146),X,27.6,26.9,22.3,19.1,73.5,X, ,X,매우높음
6/17/2020,울산(152),X,26.6,26.2,21.8,16.9,68.8,X, ,X,매우높음
6/17/2020,창원(155),X,26.8,27.2,22.2,17.7,62.4,X, ,X,매우높음
6/17/2020,광주(156),X,28.1,27,22.2,17.5,78.9,X, ,X,매우높음
6/17/2020,부산(159),X,26.3,26.2,22.3,19.7,63.4,X, ,X,매우높음
6/17/2020,통영(162),X,26.3,25.5,21.8,18.9,74.1,X, ,X,낮음
6/17/2020,목포(165),X,26.7,24.8,21.1,17.7,86.6,X, ,X,높음
6/17/2020,여수(168),X,25.8,23.9,21.6,17.6,83.6,X, ,X,낮음
6/17/2020,흑산도(169),X,23.9,20.7,17.8,14.7,91.3,X, ,X,낮음
6/17/2020,완도(170),X,26.6,24.2,20.3,16,86.1,X, ,X,낮음
6/17/2020,고창(172),X,27.3,26.9,21.2,17.2,79.9,X, ,X,낮음
6/17/2020,제주(184),X,26,23.2,20.9,18.3,91,X, ,X,높음
6/17/2020,진주(192),X,27.4,26.7,21.5,16.1,77.9,X, ,X,낮음
6/17/2020,양평(202),X,28.8,29,23.4,18.1,67.1,X, ,X,낮음
6/17/2020,이천(203),X,29.1,28.8,23.4,17.7,72.1,X, ,X,낮음
6/17/2020,인제(211),X,29,29.9,23.1,15.1,62.4,X, ,X,낮음
6/17/2020,홍천(212),X,28.9,29.8,23.4,16.6,63.9,X,관심,X,낮음
6/17/2020,태백(216),X,26.4,27.6,20.5,12.1,64.1,X, ,X,낮음
6/17/2020,정선군(217),X,28.8,30.1,22.4,14.3,64,X, ,X,낮음
6/17/2020,제천(221),X,28.4,28.9,22.5,15.3,66.9,X, ,X,낮음
6/17/2020,보은(226),X,27.7,27.1,21.3,16.6,74.3,X, ,X,낮음
6/17/2020,천안(232),X,27.4,26.5,22.1,18.3,76.3,X, ,X,낮음
6/17/2020,보령(235),X,26.4,24.6,21.3,17.8,81.1,X, ,X,낮음
6/17/2020,부여(236),X,26.9,25.7,21.6,18.2,80.6,X, ,X,낮음
6/17/2020,금산(238),X,27,25.9,21.8,18.4,77.8,X, ,X,낮음
6/17/2020,세종(239),X,27.9,27.7,22.4,19,70.3,X, ,X,매우높음
6/17/2020,부안(243),X,27.6,26.1,21.5,18,80.8,X, ,X,낮음
6/17/2020,임실(244),X,26.7,26.5,20.9,16.4,80.4,X, ,X,낮음
6/17/2020,정읍(245),X,27,26.8,21,17.4,77.9,X, ,X,낮음
6/17/2020,남원(247),X,27.5,27.5,22.2,17.9,75.6,X, ,X,낮음
6/17/2020,장수(248),X,26.5,25.3,20.4,15.7,82.3,X, ,X,낮음
6/17/2020,영광군(252),X,27.4,26.8,20.9,17.2,79,X, ,X,낮음
6/17/2020,김해시(253),X,28.2,28.2,22.3,18,66.3,X, ,X,낮음
6/17/2020,순창군(254),X,27.6,27.2,21.9,17.4,77.8,X, ,X,낮음
6/17/2020,양산시(257),X,28.1,28.8,23,17.7,62.9,X, ,X,낮음
6/17/2020,강진군(259),X,26.5,25.2,21.1,16.5,80.8,X, ,X,낮음
6/17/2020,장흥(260),X,26.6,25.1,20.7,16.3,82.1,X, ,X,낮음
6/17/2020,해남(261),X,26.7,25.2,20.6,15.6,82.9,X, ,X,낮음
6/17/2020,고흥(262),X,27.2,25.9,20.4,15.5,84.4,X, ,X,낮음
6/17/2020,의령군(263),X,28.3,28.8,22.7,16.7,68.1,X, ,X,낮음
6/17/2020,함양군(264),X,27.7,27.7,21.6,16.2,74.9,X, ,X,낮음
6/17/2020,진도군ASOS(268),X,27,25.1,20.3,16.9,87.5,X, ,X,낮음
6/17/2020,봉화(271),X,26.5,26.5,19.7,11.7,72.9,X, ,X,낮음
6/17/2020,영주(272),X,28.2,28,21.5,14.4,71,X, ,X,낮음
6/17/2020,문경(273),X,28.3,27.6,21.7,15,67.6,X, ,X,낮음
6/17/2020,청송군(276),X,28.8,28,20.6,12.4,79.3,X, ,X,낮음
6/17/2020,영덕(277),X,26.3,25.5,21,14.3,69.1,X, ,X,낮음
6/17/2020,의성(278),X,28,28,21.6,15.1,69.5,X, ,X,낮음
6/17/2020,구미(279),X,28,27.6,23.1,18.3,75.6,X, ,X,낮음
6/17/2020,영천(281),X,27,27.6,22,15.9,66.5,X, ,X,낮음
6/17/2020,경주시(283),X,27.8,27.9,21.9,16,69.5,X, ,X,낮음
6/17/2020,거창(284),X,26.7,26,21.2,16.4,77.9,X, ,X,낮음
6/17/2020,합천(285),X,27.7,26.8,21.9,16.7,76.1,X, ,X,낮음
6/17/2020,밀양(288),X,26.4,28.1,22.4,17.4,60,X, ,X,낮음
6/17/2020,산청(289),X,27.5,27,21.7,16.8,75.8,X, ,X,낮음
6/17/2020,거제(294),X,26.7,26,21.8,17.8,71.1,X, ,X,낮음
6/17/2020,남해(295),X,26.7,25.2,21.5,18.4,75.3,X, ,X,낮음
6/17/2020,부천(433),X,,28.9,23,19,,X, ,X,낮음
6/17/2020,안양(434),X,,29,23.5,20.2,,X, ,X,낮음
6/17/2020,광명(437),X,,29.6,23.9,20.4,,X, ,X,낮음
6/17/2020,군포(438),X,,29.8,23.3,19.3,,X, ,X,낮음
6/17/2020,김포(441),X,,28.2,22.5,17.9,,X, ,X,낮음
6/17/2020,하남(444),X,,29.9,23.4,16.9,,X, ,X,낮음
6/17/2020,의왕(445),X,,27.8,21.3,15.5,,X, ,X,낮음
6/17/2020,포천(504),X,28.8,29.5,23.5,17.3,60,X,관심,X,낮음
6/17/2020,가평조종(505),X,28.9,29.2,22.8,15.6,66,X,관심,X,낮음
6/17/2020,안성(516),X,29.5,29.4,23.5,18.8,69,X, ,X,낮음
6/17/2020,간성(517),X,28.3,28.1,22.9,16.1,74,X, ,X,낮음
6/17/2020,평창(526),X,28.1,29.9,22.3,15.4,60,X, ,X,낮음
6/17/2020,의정부(532),X,30.3,30.6,23.4,17.6,71,X, ,X,낮음
6/17/2020,횡성(536),X,29.7,30.2,22.8,16.1,71,X, ,X,낮음
6/17/2020,고양(540),X,31.7,32.4,23.4,16.7,64,X, ,X,낮음
6/17/2020,남양주(541),X,29.5,31,24,18.3,59,X, ,X,낮음
6/17/2020,안산(545),X,29.1,29,21.5,15,79,X, ,X,낮음
6/17/2020,경기광주(546),X,29.1,29.8,22.5,16.4,67,X,관심,X,낮음
6/17/2020,여주(548),X,28.8,28.8,22.7,17.3,69,X,관심,X,낮음
6/17/2020,용인(549),X,28.1,28.6,22.4,16.4,64,X, ,X,낮음
6/17/2020,오산(550),X,29.1,30,23.3,18.3,60,X, ,X,낮음
6/17/2020,평택(551),X,29.2,28.7,23.2,18.6,70,X, ,X,낮음
6/17/2020,화천(555),X,31.2,32.1,23.5,15.4,71,X,관심,X,낮음
6/17/2020,양구(556),X,29.6,31.5,23.6,15.3,61,X, ,X,낮음
6/17/2020,시흥(565),X,28.2,27.7,22,16.1,73,X, ,X,낮음
6/17/2020,구리(569),X,29.8,31.6,24.4,18.6,55,X, ,X,낮음
6/17/2020,화성(571),X,28.2,28.4,22.7,18,70,X, ,X,낮음
6/17/2020,성남(572),X,28.8,30.3,23.7,18,57,X, ,X,매우높음
6/17/2020,과천(590),X,29.4,30.2,23,16.2,64,X, ,X,낮음
6/17/2020,양주(598),X,29.7,30.3,23.3,16.5,64,X, ,X,낮음
6/17/2020,단양(601),X,30.5,31.5,23.7,16.9,75,X,관심,X,낮음
6/17/2020,진천(602),X,27.8,28,23.1,18.7,70,X, ,X,낮음
6/17/2020,괴산(603),X,28.7,29.2,22.4,16.2,68,X, ,X,낮음
6/17/2020,옥천(604),X,28.4,28.6,22.4,17.9,71,X, ,X,낮음
6/17/2020,홍북(608),X,28.5,27.4,20.7,16.1,82,X, ,X,낮음
6/17/2020,공주(612),X,28.7,28.8,22.8,18.7,73,X, ,X,낮음
6/17/2020,서천(614),X,27.5,25.8,22.4,19.2,80,X, ,X,낮음
6/17/2020,논산(615),X,27.4,26.2,22.5,19.1,75,X, ,X,낮음
6/17/2020,당진(616),X,27.1,27,21.5,17.4,74,X, ,X,낮음
6/17/2020,청양(618),X,27.6,27.3,20.8,16.2,79,X, ,X,낮음
6/17/2020,음성(619),X,28.7,28.3,22.5,16.4,73,X, ,X,낮음
6/17/2020,증평(623),X,27.9,27.5,22.9,18.3,69,X, ,X,낮음
6/17/2020,태안(627),X,27.1,25.1,21.1,17.3,86,X, ,X,낮음
6/17/2020,예산(628),X,27.6,27.4,22.4,19,74,X, ,X,낮음
6/17/2020,아산(634),X,28.3,28.9,23,18.9,69,X, ,X,낮음
6/17/2020,계룡(636),X,26.5,26,20.5,15.9,72,X, ,X,낮음
6/17/2020,연천청산(652),X,29.6,29.9,23.4,17.1,67,X, ,X,낮음
6/17/2020,양양(670),X,28.7,27.8,23.9,16.7,75,X, ,X,낮음
6/17/2020,무안(699),X,26.9,24.9,20.3,17.3,86,X, ,X,낮음
6/17/2020,무주(701),X,28.1,26.6,21.5,16.6,85,X, ,X,낮음
6/17/2020,익산(702),X,27.5,26.4,22.3,18.1,79,X, ,X,낮음
6/17/2020,진안(703),X,26,25.1,20.2,16,78,X, ,X,낮음
6/17/2020,담양(706),X,29,27.9,22.2,18.1,85,X, ,X,낮음
6/17/2020,구례(709),X,28.2,27.9,22.2,17.4,79,X, ,X,낮음
6/17/2020,나주(710),X,27.8,26.2,21.2,17.7,86,X, ,X,낮음
6/17/2020,순천시(712),X,28.4,27.8,22.2,17.1,78,X, ,X,낮음
6/17/2020,광양읍(713),X,28.4,28.7,22.3,17.7,68,X, ,X,낮음
6/17/2020,장성(730),X,27.1,27,21.3,17.1,80,X, ,X,낮음
6/17/2020,영암(731),X,27.7,26.7,21.2,16.9,85,X, ,X,낮음
6/17/2020,보성(732),X,26.3,24.9,20,15.7,85,X, ,X,낮음
6/17/2020,완주(734),X,27.3,26.2,21.1,16.9,83,X, ,X,낮음
6/17/2020,김제(737),X,27.8,27.2,21.6,18.6,80,X, ,X,낮음
6/17/2020,화순(741),X,27.2,27.2,21.6,17.2,69,X, ,X,낮음
6/17/2020,함평(754),X,27.2,25.8,20.8,17.1,85,X, ,X,낮음
6/17/2020,곡성(768),X,27.6,27.8,22,16.6,72,X, ,X,낮음
6/17/2020,압해도(789),X,27,24.7,20.9,17.7,84,X, ,X,낮음
6/17/2020,영양(801),X,28.2,28.2,20.8,13,71,X, ,X,낮음
6/17/2020,성주(810),X,27.3,27.1,22.4,17.2,68,X, ,X,낮음
6/17/2020,고령(812),X,27.2,26.6,21.7,16.3,75,X, ,X,낮음
6/17/2020,청도(813),X,27.4,27.2,21.8,16.4,69,X, ,X,낮음
6/17/2020,예천(815),X,27.5,27.3,21.9,15.5,65,X, ,X,낮음
6/17/2020,김천(822),X,29,27.7,22.6,17.2,79,X, ,X,낮음
6/17/2020,군위(823),X,28.6,28.2,21.7,15.9,72,X, ,X,낮음
6/17/2020,칠곡(825),X,27.1,26.9,23,18.6,70,X, ,X,낮음
6/17/2020,경산(827),X,27.3,27.8,22.7,17.5,59,X, ,X,낮음
6/17/2020,삼척(876),X,28.4,28.9,24.7,19.2,54,X, ,X,낮음
6/17/2020,속초(90),X,28.2,27.5,22.5,17.4,71.5,X, ,X,낮음
6/17/2020,삼천포(907),X,26.1,25.2,21.1,17.6,78,X, ,X,낮음
6/17/2020,고성(918),X,27.4,27,21.6,16.8,77,X, ,X,낮음
6/17/2020,창녕(919),X,27.7,27.6,23,18,66,X, ,X,낮음
6/17/2020,함안(920),X,27.8,28,22.3,16.4,71,X, ,X,낮음
6/17/2020,북춘천(93),X,29.5,30.9,24.3,17,63.9,X,관심,X,매우높음
6/17/2020,하동(932),X,27.6,26.9,21.9,17.6,78,X, ,X,낮음
6/17/2020,철원(95),X,29.7,30,23.5,16.8,71.6,X, ,X,낮음
6/17/2020,동두천(98),X,30.1,29.7,23.3,17.7,68.6,X, ,X,낮음
6/17/2020,파주(99),X,29,28.9,21.8,16,75.8,X, ,X,낮음
6/18/2020,북강릉(104),X,27.2,26.4,21.6,18.2,73.3,X, ,X,매우높음
6/18/2020,동해(106),X,25.4,24.5,20.6,18.9,76,X, ,X,낮음
6/18/2020,서울(108),X,27.2,27.3,23.4,20.3,61.4,X, ,X,매우높음
6/18/2020,인천(112),X,25.8,24.5,21.7,19,78.3,X, ,X,매우높음
6/18/2020,원주(114),X,25.7,25,22.2,20,63.3,X, ,X,낮음
6/18/2020,울릉도(115),X,24.8,23.2,20.5,18.8,74.6,X, ,X,낮음
6/18/2020,수원(119),X,27.2,26.3,22.7,19.4,75.9,X, ,X,낮음
6/18/2020,영월(121),X,25.3,24.5,21.1,18.1,73.9,X, ,X,낮음
6/18/2020,충주(127),X,25.5,24.5,21,17.8,75,X, ,X,낮음
6/18/2020,서산(129),X,26.3,25.7,21.8,19.7,76,X, ,X,매우높음
6/18/2020,울진(130),X,25.7,24.5,20.7,18.6,76.8,X, ,X,낮음
6/18/2020,청주(131),X,25.4,24.7,21.9,20.2,67.9,X, ,X,매우높음
6/18/2020,대전(133),X,24.6,22.2,20.9,19.9,82.3,X, ,X,보통
6/18/2020,추풍령(135),X,22.2,20.2,17.8,16.7,83.4,X, ,X,낮음
6/18/2020,안동(136),X,23.7,22.5,20.3,17.6,71.6,X, ,X,매우높음
6/18/2020,상주(137),X,23.7,22.2,19.8,17.9,82.4,X, ,X,낮음
6/18/2020,포항(138),X,24.8,23.8,20.2,19.1,81.5,X, ,X,낮음
6/18/2020,군산(140),X,25,22,20.3,18.3,84.6,X, ,X,낮음
6/18/2020,대구(143),X,24.2,23.1,19.2,17.8,84.6,X, ,X,보통
6/18/2020,전주(146),X,24.5,22.3,19.8,18.5,86.4,X, ,X,보통
6/18/2020,울산(152),X,23.8,21,18.6,17.4,95.1,X, ,X,매우높음
6/18/2020,창원(155),X,22.6,19.7,17.9,16.2,89.4,X, ,X,보통
6/18/2020,광주(156),X,22.6,19,18.3,17.2,98.6,X, ,X,매우높음
6/18/2020,부산(159),X,23.2,21.2,18.3,16.8,93.9,X, ,X,매우높음
6/18/2020,통영(162),X,22.6,19.8,18,16.8,95.1,X, ,X,낮음
6/18/2020,목포(165),X,22.7,19.1,18.4,17.6,98.8,X, ,X,보통
6/18/2020,여수(168),X,22.2,19.2,18.1,17,97.8,X, ,X,낮음
6/18/2020,흑산도(169),X,21.6,18,16.9,15.3,99,X, ,X,낮음
6/18/2020,완도(170),X,22.6,19,18,16.3,98.6,X, ,X,낮음
6/18/2020,고창(172),X,23.8,20.7,18.9,17.3,94.8,X, ,X,낮음
6/18/2020,제주(184),X,25.5,22.5,19.5,18.3,95.8,X, ,X,보통
6/18/2020,진주(192),X,23.9,20.4,18.1,16.6,95.9,X, ,X,낮음
6/18/2020,양평(202),X,26.4,25.5,22,19,72,X, ,X,낮음
6/18/2020,이천(203),X,26.3,25.2,21.9,18.7,78.3,X, ,X,낮음
6/18/2020,인제(211),X,27.7,27.2,21.9,18.1,68.9,X, ,X,낮음
6/18/2020,홍천(212),X,26.6,25.5,22,18.5,70.1,X, ,X,낮음
6/18/2020,태백(216),X,23.7,22.8,18.4,15.9,79.3,X, ,X,낮음
6/18/2020,정선군(217),X,26.5,25.3,21.6,17.9,73.8,X, ,X,낮음
6/18/2020,제천(221),X,24.5,23.4,20.4,16.9,76.1,X, ,X,낮음
6/18/2020,보은(226),X,23.4,21.4,19.3,17.4,81.6,X, ,X,낮음
6/18/2020,천안(232),X,24.8,23.5,20.1,17.1,79.9,X, ,X,낮음
6/18/2020,보령(235),X,25.1,23.8,21.1,18.5,79.8,X, ,X,낮음
6/18/2020,부여(236),X,24.6,22.6,20.5,18.7,84.8,X, ,X,낮음
6/18/2020,금산(238),X,23.5,20.7,19.2,17.9,88.3,X, ,X,낮음
6/18/2020,세종(239),X,24.4,23.1,20.7,18.8,74.1,X, ,X,보통
6/18/2020,부안(243),X,24.8,21.8,19.9,18.2,92.1,X, ,X,낮음
6/18/2020,임실(244),X,22.9,20.1,18,16.6,93.5,X, ,X,낮음
6/18/2020,정읍(245),X,23.6,20.6,18.9,17.1,89.6,X, ,X,낮음
6/18/2020,남원(247),X,22.6,19.5,18.5,16.9,89.4,X, ,X,낮음
6/18/2020,장수(248),X,22.2,19.6,17.4,15.9,93.4,X, ,X,낮음
6/18/2020,영광군(252),X,23.5,20.2,18.6,17,94.5,X, ,X,낮음
6/18/2020,김해시(253),X,23.3,20.3,18.3,16.1,95.3,X, ,X,낮음
6/18/2020,순창군(254),X,22.9,19.5,18.4,16.8,95.6,X, ,X,낮음
6/18/2020,양산시(257),X,23.1,20.2,18.5,17,95.4,X, ,X,낮음
6/18/2020,강진군(259),X,22.3,19.3,18.2,16.4,92.5,X, ,X,낮음
6/18/2020,장흥(260),X,22.4,19.4,18,16.1,94,X, ,X,낮음
6/18/2020,해남(261),X,22.2,18.9,17.8,16.2,95.9,X, ,X,낮음
6/18/2020,고흥(262),X,22.4,18.8,17.7,15.5,98.9,X, ,X,낮음
6/18/2020,의령군(263),X,23.6,20.3,18.5,16.3,92.3,X, ,X,낮음
6/18/2020,함양군(264),X,23.1,19.7,17.9,16.3,91.9,X, ,X,낮음
6/18/2020,진도군ASOS(268),X,23.1,19.7,18.7,16.9,96.9,X, ,X,낮음
6/18/2020,봉화(271),X,23.3,21.5,18.9,15,80.1,X, ,X,낮음
6/18/2020,영주(272),X,23.9,22.4,20.2,17.5,77.4,X, ,X,낮음
6/18/2020,문경(273),X,23.8,21.9,20,16.8,75.3,X, ,X,낮음
6/18/2020,청송군(276),X,23.9,21.6,18.6,15.2,89.8,X, ,X,낮음
6/18/2020,영덕(277),X,24.1,22.8,20.5,18.1,73,X, ,X,낮음
6/18/2020,의성(278),X,24.1,22.7,19.6,16.6,85,X, ,X,낮음
6/18/2020,구미(279),X,25.4,22.4,19.5,18.2,96,X, ,X,낮음
6/18/2020,영천(281),X,23,20.3,18.6,17.8,89.8,X, ,X,낮음
6/18/2020,경주시(283),X,23.2,21,18.6,17.3,91.8,X, ,X,낮음
6/18/2020,거창(284),X,23,19.5,18,16.6,94,X, ,X,낮음
6/18/2020,합천(285),X,23.3,19.7,18.2,16.7,96.3,X, ,X,낮음
6/18/2020,밀양(288),X,23.5,19.9,18.6,17.7,99,X, ,X,낮음
6/18/2020,산청(289),X,23.2,19.6,17.6,16.2,95.5,X, ,X,낮음
6/18/2020,거제(294),X,23.6,20.9,17.8,16.6,97.8,X, ,X,낮음
6/18/2020,남해(295),X,22.2,18.8,18,16.6,96.8,X, ,X,낮음
6/18/2020,부천(433),X,,27.1,22.6,19.7,,X, ,X,낮음
6/18/2020,안양(434),X,,26.2,23.1,20.5,,X, ,X,낮음
6/18/2020,광명(437),X,,27.6,23.5,20.4,,X, ,X,낮음
6/18/2020,군포(438),X,,27.4,22.8,19.6,,X, ,X,낮음
6/18/2020,김포(441),X,,27,22,18.7,,X, ,X,낮음
6/18/2020,하남(444),X,,26.2,21.9,18.1,,X, ,X,낮음
6/18/2020,의왕(445),X,,25.5,20.4,17.1,,X, ,X,낮음
6/18/2020,포천(504),X,26.7,26.8,22,17.5,61,X, ,X,낮음
6/18/2020,가평조종(505),X,26.2,25.7,20.8,16,70,X, ,X,낮음
6/18/2020,안성(516),X,26.8,26,21.8,18.5,73,X, ,X,낮음
6/18/2020,간성(517),X,26.1,25.5,20.9,17.9,85,X, ,X,낮음
6/18/2020,평창(526),X,25.8,24.8,21,17.8,71,X, ,X,낮음
6/18/2020,의정부(532),X,27.6,26.9,22.1,18,72,X, ,X,낮음
6/18/2020,횡성(536),X,27.5,26.1,21.5,17.9,80,X, ,X,낮음
6/18/2020,고양(540),X,27.9,28,22.3,17.4,67,X, ,X,낮음
6/18/2020,남양주(541),X,26.8,26.9,22.7,19,62,X, ,X,낮음
6/18/2020,안산(545),X,27.9,27.3,21.2,17.1,84,X, ,X,낮음
6/18/2020,경기광주(546),X,26.4,25.8,21.2,17.7,73,X, ,X,낮음
6/18/2020,여주(548),X,25.6,24.4,21.1,18.2,73,X, ,X,낮음
6/18/2020,용인(549),X,25.5,25.2,21.2,17.7,70,X, ,X,낮음
6/18/2020,오산(550),X,26.6,26.6,22.3,19.5,66,X, ,X,낮음
6/18/2020,평택(551),X,27.3,26.1,21.6,18.7,77,X, ,X,낮음
6/18/2020,화천(555),X,27.8,27.3,21.8,16.7,72,X, ,X,낮음
6/18/2020,양구(556),X,27.9,27.6,22.1,17.9,67,X, ,X,낮음
6/18/2020,시흥(565),X,27.6,27.5,22.2,18.2,74,X, ,X,낮음
6/18/2020,구리(569),X,27.7,27.7,23.2,19.4,59,X, ,X,낮음
6/18/2020,화성(571),X,27.3,26.9,22.6,19.5,72,X, ,X,낮음
6/18/2020,성남(572),X,26.5,26.2,22.7,19.2,62,X, ,X,매우높음
6/18/2020,과천(590),X,27.3,26.7,22.1,18.1,70,X, ,X,낮음
6/18/2020,양주(598),X,26.8,26.9,21.8,16.9,65,X, ,X,낮음
6/18/2020,단양(601),X,26.2,24.8,21.7,18.7,85,X, ,X,낮음
6/18/2020,진천(602),X,25.2,24.2,20.4,17.9,76,X, ,X,낮음
6/18/2020,괴산(603),X,25.2,24.7,20.1,17,77,X, ,X,낮음
6/18/2020,옥천(604),X,23.5,21.3,19.7,18,83,X, ,X,낮음
6/18/2020,홍북(608),X,25.3,23.7,20.6,17.9,83,X, ,X,낮음
6/18/2020,공주(612),X,25,23.6,20.7,18.5,76,X, ,X,낮음
6/18/2020,서천(614),X,25.8,23.3,21.6,19.5,79,X, ,X,낮음
6/18/2020,논산(615),X,24.8,22.8,21.1,19.4,81,X, ,X,낮음
6/18/2020,당진(616),X,26.5,25.3,21.2,18.9,82,X, ,X,낮음
6/18/2020,청양(618),X,25,23.8,20,17.7,84,X, ,X,낮음
6/18/2020,음성(619),X,24.7,23.9,20.1,16.9,79,X, ,X,낮음
6/18/2020,증평(623),X,25.3,24.1,20.7,18,78,X, ,X,낮음
6/18/2020,태안(627),X,26.6,25.3,21.7,19.1,83,X, ,X,낮음
6/18/2020,예산(628),X,26,25.1,21.8,19.5,79,X, ,X,낮음
6/18/2020,아산(634),X,25.5,25.1,21.9,19.4,69,X, ,X,낮음
6/18/2020,계룡(636),X,23.2,21.1,19.6,17.8,75,X, ,X,낮음
6/18/2020,연천청산(652),X,26.5,25.8,21.2,16.3,69,X, ,X,낮음
6/18/2020,양양(670),X,27.3,26.3,21.8,18.4,87,X, ,X,낮음
6/18/2020,무안(699),X,22.4,18.9,18.1,16.9,98,X, ,X,낮음
6/18/2020,무주(701),X,23.6,20.3,18.6,17.1,95,X, ,X,낮음
6/18/2020,익산(702),X,25.2,21.8,20.4,18.9,88,X, ,X,낮음
6/18/2020,진안(703),X,22.2,20.4,17.5,16.3,90,X, ,X,낮음
6/18/2020,담양(706),X,23.4,20,19,17.5,95,X, ,X,낮음
6/18/2020,구례(709),X,24.4,20.8,18.9,17.8,96,X, ,X,낮음
6/18/2020,나주(710),X,22.7,19.1,18.2,17,99,X, ,X,낮음
6/18/2020,순천시(712),X,23,19.4,18.3,16.9,99,X, ,X,낮음
6/18/2020,광양읍(713),X,22.7,19.7,18.4,17,92,X, ,X,낮음
6/18/2020,장성(730),X,23.5,20,18.7,17.7,98,X, ,X,낮음
6/18/2020,영암(731),X,23.1,19.6,18.5,16.9,99,X, ,X,낮음
6/18/2020,보성(732),X,21.8,18.4,17.2,15.6,97,X, ,X,낮음
6/18/2020,완주(734),X,24.5,21.6,19.6,17.4,90,X, ,X,낮음
6/18/2020,김제(737),X,24.7,21.6,19.9,18.4,91,X, ,X,낮음
6/18/2020,화순(741),X,22.5,19.5,18.3,17.1,90,X, ,X,낮음
6/18/2020,함평(754),X,22.6,19.1,18.3,17.1,98,X, ,X,낮음
6/18/2020,곡성(768),X,22.9,19.7,18.1,16.6,92,X, ,X,낮음
6/18/2020,압해도(789),X,23,19.6,18.7,17.6,92,X, ,X,낮음
6/18/2020,영양(801),X,24.4,22.9,19.2,15.1,81,X, ,X,낮음
6/18/2020,성주(810),X,23.6,21.5,19.1,17.8,88,X, ,X,낮음
6/18/2020,고령(812),X,23.7,20.2,18.4,16.7,98,X, ,X,낮음
6/18/2020,청도(813),X,23,19.9,18.2,16.8,92,X, ,X,낮음
6/18/2020,예천(815),X,24.3,23,20.5,17,72,X, ,X,낮음
6/18/2020,김천(822),X,24.4,21.2,19,17.7,94,X, ,X,낮음
6/18/2020,군위(823),X,23.3,20.7,19.4,16.7,88,X, ,X,낮음
6/18/2020,칠곡(825),X,25.2,22.5,19.7,18.4,92,X, ,X,낮음
6/18/2020,경산(827),X,23.3,22.2,18.7,17.4,87,X, ,X,낮음
6/18/2020,삼척(876),X,27.6,27.6,22.4,19.2,69,X, ,X,낮음
6/18/2020,속초(90),X,25.5,24.3,20.7,17.9,80.8,X, ,X,낮음
6/18/2020,삼천포(907),X,23.2,19.8,18.1,16.9,96,X, ,X,낮음
6/18/2020,고성(918),X,23.9,20.6,18.3,16.5,95,X, ,X,낮음
6/18/2020,창녕(919),X,23.8,20.9,18.8,17.8,94,X, ,X,낮음
6/18/2020,함안(920),X,23.3,20,18.1,16.5,96,X, ,X,낮음
6/18/2020,북춘천(93),X,27.6,27,22.7,18.6,68.6,X, ,X,매우높음
6/18/2020,하동(932),X,22.8,19.9,18.7,17.1,92,X, ,X,낮음
6/18/2020,철원(95),X,26.4,25,21,16.7,78.5,X, ,X,낮음
6/18/2020,동두천(98),X,27.4,27,21.5,17.2,69.4,X, ,X,낮음
6/18/2020,파주(99),X,26.5,25.4,20.9,16.3,79,X, ,X,낮음
6/19/2020,북강릉(104),X,22.4,19.3,17.9,17.1,92.8,X, ,X,보통
6/19/2020,동해(106),X,22.2,19.7,18.5,17.6,87.9,X, ,X,낮음
6/19/2020,서울(108),X,29.8,30,24.7,21.1,61.4,X, ,X,보통
6/19/2020,인천(112),X,28.6,28.3,23.2,19.8,69.3,X, ,X,높음
6/19/2020,원주(114),X,28,29.2,23.9,19.2,55.6,X,관심,X,낮음
6/19/2020,울릉도(115),X,23.7,22,19.1,17.8,84.8,X, ,X,낮음
6/19/2020,수원(119),X,29.6,29.1,23.8,19.9,72.3,X, ,X,낮음
6/19/2020,영월(121),X,30.3,31.6,21.6,16.5,67.9,X, ,X,낮음
6/19/2020,충주(127),X,28.7,28.7,22.3,17.5,74.3,X, ,X,낮음
6/19/2020,서산(129),X,29,29.3,23.4,19.4,69,X, ,X,매우높음
6/19/2020,울진(130),X,25.6,23.9,19.8,17.2,84.4,X, ,X,낮음
6/19/2020,청주(131),X,29.1,29.6,24.2,19.1,64.8,X, ,X,매우높음
6/19/2020,대전(133),X,29.4,29.2,24,18.8,70.8,X, ,X,매우높음
6/19/2020,추풍령(135),X,27.4,27.7,21.3,15.3,69.3,X, ,X,낮음
6/19/2020,안동(136),X,28.7,29.3,22,15.6,66.9,X, ,X,매우높음
6/19/2020,상주(137),X,29,28.9,22.7,16.7,73.4,X, ,X,낮음
6/19/2020,포항(138),X,25.1,22.9,20.6,18.9,84,X, ,X,낮음
6/19/2020,군산(140),X,28.7,27.6,22.3,18.7,74.4,X, ,X,낮음
6/19/2020,대구(143),X,28.2,28.7,22,17.9,70.6,X, ,X,매우높음
6/19/2020,전주(146),X,29.2,29.2,22.9,18,71.4,X, ,X,매우높음
6/19/2020,울산(152),X,26.6,25.4,21.2,18.4,81.3,X, ,X,매우높음
6/19/2020,창원(155),X,27.8,27.7,21.7,17.5,73.3,X, ,X,매우높음
6/19/2020,광주(156),X,29.3,29,22.2,17.4,81.8,X, ,X,매우높음
6/19/2020,부산(159),X,28,27.1,21.8,18.3,75.5,X, ,X,보통
6/19/2020,통영(162),X,28.1,27.3,21,17.9,80.8,X, ,X,낮음
6/19/2020,목포(165),X,26.1,24,20.9,17.6,86.3,X, ,X,매우높음
6/19/2020,여수(168),X,26.8,25.8,21.1,18.1,81.4,X, ,X,낮음
6/19/2020,흑산도(169),X,25.9,23.4,19.4,16.6,90.3,X, ,X,낮음
6/19/2020,완도(170),X,28.3,27,21.8,18.3,81.6,X, ,X,낮음
6/19/2020,고창(172),X,28.4,27.4,21.8,18.1,82.6,X, ,X,낮음
6/19/2020,제주(184),X,25.2,22.6,19.9,18.3,91.8,X, ,X,높음
6/19/2020,진주(192),X,29,29.2,22.3,17.6,77.1,X, ,X,낮음
6/19/2020,양평(202),X,28.9,29,23.9,20,66.6,X,관심,X,낮음
6/19/2020,이천(203),X,29.6,29.8,24.3,19.4,67.5,X, ,X,낮음
6/19/2020,인제(211),X,26.3,26.1,21,17.4,70.6,X, ,X,낮음
6/19/2020,홍천(212),X,28.1,28.5,22.6,18.4,66.5,X, ,X,낮음
6/19/2020,태백(216),X,21.6,19.5,16.2,14.7,91.6,X, ,X,낮음
6/19/2020,정선군(217),X,25.9,25.1,19.9,15.7,75,X, ,X,낮음
6/19/2020,제천(221),X,27.5,27.6,21.3,16.6,71.5,X, ,X,낮음
6/19/2020,보은(226),X,28.5,28.8,21.9,16.6,72.6,X, ,X,낮음
6/19/2020,천안(232),X,28.4,28.1,22.5,17.1,74,X, ,X,낮음
6/19/2020,보령(235),X,28.3,27.1,21.8,18.2,79.8,X, ,X,낮음
6/19/2020,부여(236),X,29,28.4,22.5,18.1,76.5,X, ,X,낮음
6/19/2020,금산(238),X,28.4,28.3,22.5,17.2,71.4,X, ,X,낮음
6/19/2020,세종(239),X,28.5,28.9,23.1,17.9,70.1,X, ,X,매우높음
6/19/2020,부안(243),X,28.5,27.7,22,18.2,79.5,X, ,X,낮음
6/19/2020,임실(244),X,27.8,27.6,21.2,16.4,79.3,X, ,X,낮음
6/19/2020,정읍(245),X,28.7,28.3,21.8,17.4,76.1,X, ,X,낮음
6/19/2020,남원(247),X,28.9,28.8,22.7,17.4,74,X, ,X,낮음
6/19/2020,장수(248),X,27.2,26.7,20.7,15.7,81.3,X, ,X,낮음
6/19/2020,영광군(252),X,28,26.7,21.6,18,81,X, ,X,낮음
6/19/2020,김해시(253),X,29.2,28.6,22.6,18.2,72.6,X, ,X,낮음
6/19/2020,순창군(254),X,28.9,29.1,22.1,17.4,77.4,X, ,X,낮음
6/19/2020,양산시(257),X,28.6,28.4,23.1,19.2,70.6,X, ,X,낮음
6/19/2020,강진군(259),X,28.5,27.4,21.9,18.2,78.6,X, ,X,낮음
6/19/2020,장흥(260),X,28.3,27.5,21.6,17.9,82,X, ,X,낮음
6/19/2020,해남(261),X,27.5,26.6,21,17.7,84.6,X, ,X,낮음
6/19/2020,고흥(262),X,28,26.8,21.7,17.8,81.3,X, ,X,낮음
6/19/2020,의령군(263),X,28.9,29.5,23.5,18.4,68.1,X, ,X,낮음
6/19/2020,함양군(264),X,28.6,28.9,22.3,16.8,74,X, ,X,낮음
6/19/2020,진도군ASOS(268),X,27.4,25.8,21.2,18.4,86,X, ,X,낮음
6/19/2020,봉화(271),X,26.2,25.8,19.4,14,76.6,X, ,X,낮음
6/19/2020,영주(272),X,27.8,28.2,21.2,16.5,73.8,X, ,X,낮음
6/19/2020,문경(273),X,28.6,28.4,21.9,16.4,74.1,X, ,X,낮음
6/19/2020,청송군(276),X,29,28.5,20.5,15.1,84.4,X, ,X,낮음
6/19/2020,영덕(277),X,26.4,25,20.3,17.4,81.4,X, ,X,낮음
6/19/2020,의성(278),X,29.5,30.1,22.5,15.9,70.4,X, ,X,낮음
6/19/2020,구미(279),X,29.5,29.3,23.3,17.3,75.9,X, ,X,낮음
6/19/2020,영천(281),X,27.5,26.6,20.9,17.1,79.5,X, ,X,낮음
6/19/2020,경주시(283),X,27.2,25.8,21.4,18.1,78.9,X, ,X,낮음
6/19/2020,거창(284),X,28.3,28.5,21.8,16.6,76,X, ,X,낮음
6/19/2020,합천(285),X,28.7,28.7,22.7,17.2,74.4,X, ,X,낮음
6/19/2020,밀양(288),X,27.5,28.8,23.3,18.2,57.8,X, ,X,낮음
6/19/2020,산청(289),X,29,29.1,22.1,17.1,77.1,X, ,X,낮음
6/19/2020,거제(294),X,27.7,26.7,21.3,17.8,79.9,X, ,X,낮음
6/19/2020,남해(295),X,27.8,27.4,21.4,18,80,X, ,X,낮음
6/19/2020,부천(433),X,,30,23.7,19.8,,X, ,X,낮음
6/19/2020,안양(434),X,,29.4,24.1,20.9,,X, ,X,낮음
6/19/2020,광명(437),X,,30.6,24.9,21.1,,X, ,X,낮음
6/19/2020,군포(438),X,,29.8,23.7,20,,X, ,X,낮음
6/19/2020,김포(441),X,,29.7,23.1,19.3,,X, ,X,낮음
6/19/2020,하남(444),X,,29.7,23.7,20,,X, ,X,낮음
6/19/2020,의왕(445),X,,27.8,21.8,17.6,,X, ,X,낮음
6/19/2020,포천(504),X,30,30.8,23.5,18.5,65,X, ,X,낮음
6/19/2020,가평조종(505),X,29,28.4,21.4,17.2,80,X,관심,X,낮음
6/19/2020,안성(516),X,30.2,30.3,23.8,19.4,70,X,관심,X,낮음
6/19/2020,간성(517),X,22.3,18.9,18,17.4,97,X, ,X,낮음
6/19/2020,평창(526),X,27.1,27.8,20.6,15.7,67,X, ,X,낮음
6/19/2020,의정부(532),X,30.1,30,23.4,17.9,79,X, ,X,낮음
6/19/2020,횡성(536),X,28.8,29,23.1,18,68,X, ,X,낮음
6/19/2020,고양(540),X,30.7,31.4,23.8,18.8,67,X, ,X,낮음
6/19/2020,남양주(541),X,30.3,31,24.3,19.4,62,X, ,X,낮음
6/19/2020,안산(545),X,29.8,29.8,22.5,17.4,77,X, ,X,낮음
6/19/2020,경기광주(546),X,28.5,28.6,23,18.6,69,X,관심,X,낮음
6/19/2020,여주(548),X,28.4,28.9,23.2,18.5,67,X, ,X,낮음
6/19/2020,용인(549),X,28,28.8,23.1,19.4,64,X,관심,X,낮음
6/19/2020,오산(550),X,29.5,30.4,23.8,19.5,60,X, ,X,낮음
6/19/2020,평택(551),X,30.3,29.8,24,19.8,69,X, ,X,낮음
6/19/2020,화천(555),X,29.5,30,22.3,17.5,74,X, ,X,낮음
6/19/2020,양구(556),X,27,26.9,21.8,17.2,67,X, ,X,낮음
6/19/2020,시흥(565),X,29,29.4,23.2,18.8,70,X, ,X,낮음
6/19/2020,구리(569),X,30.1,30.8,24.4,20.5,58,X, ,X,낮음
6/19/2020,화성(571),X,29.5,29.8,23.7,20,69,X, ,X,낮음
6/19/2020,성남(572),X,29.6,30.3,24.2,19.3,63,X, ,X,매우높음
6/19/2020,과천(590),X,29.3,29.3,23.6,19.6,70,X, ,X,낮음
6/19/2020,양주(598),X,30.1,30.5,23.7,18.2,67,X, ,X,낮음
6/19/2020,단양(601),X,29.4,29.8,22.2,17.1,81,X, ,X,낮음
6/19/2020,진천(602),X,29,29.2,22.9,18,71,X, ,X,낮음
6/19/2020,괴산(603),X,28.9,29.2,22.1,16.9,75,X, ,X,낮음
6/19/2020,옥천(604),X,28.7,28.6,22.9,17.3,69,X, ,X,낮음
6/19/2020,홍북(608),X,29.3,28.1,21.9,17.7,83,X, ,X,낮음
6/19/2020,공주(612),X,29.5,29.4,23.3,17.6,74,X, ,X,낮음
6/19/2020,서천(614),X,28.8,27.8,23.1,19.6,70,X, ,X,낮음
6/19/2020,논산(615),X,30,29.8,23.8,18.9,67,X, ,X,낮음
6/19/2020,당진(616),X,28.4,28.2,22.4,18.7,75,X, ,X,낮음
6/19/2020,청양(618),X,29.2,29,21.6,16.6,81,X, ,X,낮음
6/19/2020,음성(619),X,28.9,28.6,22.2,16.7,76,X, ,X,낮음
6/19/2020,증평(623),X,28.5,28.3,22.8,18,74,X, ,X,낮음
6/19/2020,태안(627),X,29.1,28.6,22.6,19.4,76,X, ,X,낮음
6/19/2020,예산(628),X,29.1,28.8,23.4,19.3,75,X, ,X,낮음
6/19/2020,아산(634),X,29.2,30.1,23.9,19.6,61,X, ,X,낮음
6/19/2020,계룡(636),X,27.7,28.2,21.9,16.8,64,X, ,X,낮음
6/19/2020,연천청산(652),X,29.5,30,23.5,18.2,68,X, ,X,낮음
6/19/2020,양양(670),X,22.9,19.5,18.5,17.7,97,X, ,X,낮음
6/19/2020,무안(699),X,27.7,25.8,21.1,17.5,85,X, ,X,낮음
6/19/2020,무주(701),X,29.2,28.9,21.9,16.4,81,X, ,X,낮음
6/19/2020,익산(702),X,29.2,29.1,23.2,19,71,X, ,X,낮음
6/19/2020,진안(703),X,27.3,27.1,20.6,16.2,78,X, ,X,낮음
6/19/2020,담양(706),X,30.4,29.8,22.6,18.1,83,X, ,X,낮음
6/19/2020,구례(709),X,29.5,29,22.9,17.9,78,X, ,X,낮음
6/19/2020,나주(710),X,29.2,28.1,21.8,17.9,85,X, ,X,낮음
6/19/2020,순천시(712),X,30,28.8,22.8,18.2,79,X, ,X,낮음
6/19/2020,광양읍(713),X,29.6,29.4,22.7,18.3,74,X, ,X,낮음
6/19/2020,장성(730),X,29.2,28.7,22.1,17.8,80,X, ,X,낮음
6/19/2020,영암(731),X,28.1,26.6,21.4,18,87,X, ,X,낮음
6/19/2020,보성(732),X,28.2,27.3,21.3,17.3,83,X, ,X,낮음
6/19/2020,완주(734),X,28.9,28.6,22.2,17.5,75,X, ,X,낮음
6/19/2020,김제(737),X,29.2,28.6,22.4,18.1,74,X, ,X,낮음
6/19/2020,화순(741),X,28.5,28.3,21.6,17.6,76,X, ,X,낮음
6/19/2020,함평(754),X,28.4,27,21.5,17.6,85,X, ,X,낮음
6/19/2020,곡성(768),X,28.9,28.9,22.3,17.2,74,X, ,X,낮음
6/19/2020,압해도(789),X,27,24.6,21.1,18,89,X, ,X,낮음
6/19/2020,영양(801),X,27.7,28,20.6,14.6,75,X, ,X,낮음
6/19/2020,성주(810),X,28.7,29.3,22.8,17.4,68,X, ,X,낮음
6/19/2020,고령(812),X,28.9,29.5,22.5,17.4,78,X, ,X,낮음
6/19/2020,청도(813),X,28.6,28.4,22.3,18.1,70,X, ,X,낮음
6/19/2020,예천(815),X,28.5,29.1,22.3,16.3,66,X, ,X,낮음
6/19/2020,김천(822),X,29.9,29.9,22.8,17,78,X, ,X,낮음
6/19/2020,군위(823),X,28.9,29,22,16.1,75,X, ,X,낮음
6/19/2020,칠곡(825),X,29.1,29.5,23.4,17.7,71,X, ,X,낮음
6/19/2020,경산(827),X,28.3,28.4,21.8,17.8,73,X, ,X,낮음
6/19/2020,삼척(876),X,22.8,20.2,19,18.2,86,X, ,X,낮음
6/19/2020,속초(90),X,21.9,18.9,18.1,17.2,93.9,X, ,X,낮음
6/19/2020,삼천포(907),X,28.2,27.4,21.5,17.7,78,X, ,X,낮음
6/19/2020,고성(918),X,28.6,28.1,21.8,18.2,79,X, ,X,낮음
6/19/2020,창녕(919),X,29.1,29,23.3,18.6,72,X, ,X,낮음
6/19/2020,함안(920),X,29.1,29,22.5,17.9,76,X, ,X,낮음
6/19/2020,북춘천(93),X,28.5,28.4,22.7,18.7,71.4,X, ,X,보통
6/19/2020,하동(932),X,29.5,29.4,22.9,18.3,75,X, ,X,낮음
6/19/2020,철원(95),X,28.9,28.9,23.2,19,72.6,X, ,X,낮음
6/19/2020,동두천(98),X,29.9,29.9,24,19.5,69.4,X, ,X,낮음
6/19/2020,파주(99),X,29.8,29.5,23.1,18,74.6,X, ,X,낮음
6/20/2020,북강릉(104),X,25.7,24.4,20,15.3,81.8,X, ,X,매우높음
6/20/2020,동해(106),X,23.9,21.8,19.1,15.9,84.8,X, ,X,낮음
6/20/2020,서울(108),X,29.8,29.7,24.9,20.7,62.6,X,관심,X,높음
6/20/2020,인천(112),X,27.1,26.5,22.7,19.5,75.9,X, ,X,매우높음
6/20/2020,원주(114),X,29.5,30.7,24.8,19.2,56.3,X,관심,X,낮음
6/20/2020,울릉도(115),X,24,22.1,19.1,16.8,81.8,X, ,X,낮음
6/20/2020,수원(119),X,30.3,29.3,23.6,18.7,75.5,X, ,X,낮음
6/20/2020,영월(121),X,30.4,31.8,22.9,16.5,70.5,X,관심,X,낮음
6/20/2020,충주(127),X,30.2,30.6,24.7,18.2,67.3,X,관심,X,낮음
6/20/2020,서산(129),X,28.1,27.3,22.2,17.1,78.8,X, ,X,매우높음
6/20/2020,울진(130),X,24.5,22.2,19.1,15.7,86.9,X, ,X,낮음
6/20/2020,청주(131),X,30.6,30.8,25,20.7,66.8,X, ,X,매우높음
6/20/2020,대전(133),X,30.4,29.4,24.8,20.2,77.5,X,관심,X,높음
6/20/2020,추풍령(135),X,27.9,27.7,21.8,17.6,72.6,X, ,X,낮음
6/20/2020,안동(136),X,28.9,28.9,22.9,18.8,65.3,X, ,X,높음
6/20/2020,상주(137),X,29.9,29,23.4,20.1,77.6,X,관심,X,낮음
6/20/2020,포항(138),X,26.5,25.2,21.5,19.2,76.5,X, ,X,낮음
6/20/2020,군산(140),X,28,26.1,22.2,19.5,82,X, ,X,낮음
6/20/2020,대구(143),X,28.2,28.8,23.2,20,62.8,X,관심,X,매우높음
6/20/2020,전주(146),X,28.8,27.7,22.9,19,75,X, ,X,높음
6/20/2020,울산(152),X,26.2,24.6,20.9,18.3,81.5,X, ,X,매우높음
6/20/2020,창원(155),X,26.9,25.6,21,18.1,77.8,X, ,X,매우높음
6/20/2020,광주(156),X,29.5,28.3,22.9,19.6,82.5,X, ,X,매우높음
6/20/2020,부산(159),X,25.8,24.9,21.2,19,73.4,X, ,X,높음
6/20/2020,통영(162),X,26.8,25.4,21.7,18.7,75.8,X, ,X,낮음
6/20/2020,목포(165),X,28,26.3,22.2,19.5,82.9,X, ,X,매우높음
6/20/2020,여수(168),X,25.6,23.9,21.1,19.8,85.9,X, ,X,낮음
6/20/2020,흑산도(169),X,25.9,23.6,19.6,17.5,88.8,X, ,X,낮음
6/20/2020,완도(170),X,27.2,25.6,21.7,18.7,79.8,X, ,X,낮음
6/20/2020,고창(172),X,28.8,27.3,21.9,17.6,83.9,X, ,X,낮음
6/20/2020,제주(184),X,26.9,24.9,21.9,19.7,78.9,X, ,X,매우높음
6/20/2020,진주(192),X,29.2,28.6,22.3,18.2,80.4,X, ,X,낮음
6/20/2020,양평(202),X,30.6,30.9,24.4,18.9,66.3,X,관심,X,낮음
6/20/2020,이천(203),X,30.8,30.7,24.3,17.9,72.8,X, ,X,낮음
6/20/2020,인제(211),X,30,30.6,22.7,16,69.5,X,관심,X,낮음
6/20/2020,홍천(212),X,30.7,31.5,23.8,16.8,65.1,X,관심,X,낮음
6/20/2020,태백(216),X,27.1,27.2,19.5,14.2,79.5,X, ,X,낮음
6/20/2020,정선군(217),X,30.9,31.6,21.2,15.1,79.3,X,관심,X,낮음
6/20/2020,제천(221),X,29.5,29.3,23.1,16.1,69.6,X,관심,X,낮음
6/20/2020,보은(226),X,29.3,28.7,22.1,17.2,83,X, ,X,낮음
6/20/2020,천안(232),X,30.3,29.5,22.7,16.7,79.3,X,관심,X,낮음
6/20/2020,보령(235),X,27.2,25.6,21.1,17.7,83.4,X, ,X,낮음
6/20/2020,부여(236),X,29.4,28.3,22.5,17.9,79.9,X, ,X,낮음
6/20/2020,금산(238),X,30,29.1,23.3,18.1,78.6,X, ,X,낮음
6/20/2020,세종(239),X,29.5,29.2,23.3,18.7,76.5,X,관심,X,매우높음
6/20/2020,부안(243),X,28,26.2,22.1,18.2,80.8,X, ,X,낮음
6/20/2020,임실(244),X,28.2,27.1,21.1,16.8,85.8,X, ,X,낮음
6/20/2020,정읍(245),X,28.7,27.4,21.8,16.9,77.3,X, ,X,낮음
6/20/2020,남원(247),X,29.3,28.5,22.9,18,80.6,X, ,X,낮음
6/20/2020,장수(248),X,27.5,26,20.4,16,90.9,X, ,X,낮음
6/20/2020,영광군(252),X,28.3,26.7,21.8,17.6,81.3,X, ,X,낮음
6/20/2020,김해시(253),X,28.1,26.8,22.3,19,73.4,X, ,X,낮음
6/20/2020,순창군(254),X,29.6,29.5,22.8,17.4,78.5,X, ,X,낮음
6/20/2020,양산시(257),X,29.2,28.6,23.1,19.6,70.6,X, ,X,낮음
6/20/2020,강진군(259),X,28.1,26.9,22.3,18.3,77.4,X, ,X,낮음
6/20/2020,장흥(260),X,28.1,26.5,22,19,80.3,X, ,X,낮음
6/20/2020,해남(261),X,28.4,26.8,22.1,18,79.4,X, ,X,낮음
6/20/2020,고흥(262),X,28.2,26.7,21.4,18.7,82.4,X, ,X,낮음
6/20/2020,의령군(263),X,29.3,29,23.4,19.3,72.1,X, ,X,낮음
6/20/2020,함양군(264),X,29.3,28.9,22.8,18.7,77.1,X, ,X,낮음
6/20/2020,진도군ASOS(268),X,28.2,26.8,21.7,17.5,83.5,X, ,X,낮음
6/20/2020,봉화(271),X,27.6,26.8,20,13.8,83.1,X, ,X,낮음
6/20/2020,영주(272),X,28.6,27.6,21.9,16.2,80,X, ,X,낮음
6/20/2020,문경(273),X,29.4,28.4,22.9,18.8,75.1,X,관심,X,낮음
6/20/2020,청송군(276),X,29.5,28.5,21.2,15.5,83.1,X, ,X,낮음
6/20/2020,영덕(277),X,25.5,24.4,20,15.9,80.1,X, ,X,낮음
6/20/2020,의성(278),X,28.9,28.6,23.2,18.4,70.9,X, ,X,낮음
6/20/2020,구미(279),X,29.7,29.3,24.3,20.8,71.1,X, ,X,낮음
6/20/2020,영천(281),X,27.6,27.1,21.4,17.9,74.3,X, ,X,낮음
6/20/2020,경주시(283),X,29.2,28.5,21.9,17.4,76,X, ,X,낮음
6/20/2020,거창(284),X,28.3,27.2,22.1,18.7,80.3,X, ,X,낮음
6/20/2020,합천(285),X,28.8,28.1,23.2,19.8,76.1,X, ,X,낮음
6/20/2020,밀양(288),X,27.7,28.1,23,19.4,65.1,X, ,X,낮음
6/20/2020,산청(289),X,29.2,28.6,22.9,19.3,78.1,X, ,X,낮음
6/20/2020,거제(294),X,26.9,25.6,21.6,19.3,75.1,X, ,X,낮음
6/20/2020,남해(295),X,27.9,26.4,21.5,17.8,84.4,X, ,X,낮음
6/20/2020,부천(433),X,,28.5,23.5,19.7,,X, ,X,낮음
6/20/2020,안양(434),X,,28.3,24.4,20.9,,X, ,X,낮음
6/20/2020,광명(437),X,,29.5,24.8,20.7,,X, ,X,낮음
6/20/2020,군포(438),X,,29.9,24.2,19.6,,X, ,X,낮음
6/20/2020,김포(441),X,,28.5,23.1,19,,X, ,X,낮음
6/20/2020,하남(444),X,,31.6,24,18.2,,X,관심,X,낮음
6/20/2020,의왕(445),X,,27.7,21.9,16.3,,X, ,X,낮음
6/20/2020,포천(504),X,30.4,31,24,18,65,X,관심,X,낮음
6/20/2020,가평조종(505),X,30,29.9,22.9,15.6,73,X,관심,X,낮음
6/20/2020,안성(516),X,30.6,30.1,23.9,18,74,X,관심,X,낮음
6/20/2020,간성(517),X,25.9,23.1,20,16,91,X, ,X,낮음
6/20/2020,평창(526),X,30.2,31.1,22.8,14.4,65,X,관심,X,낮음
6/20/2020,의정부(532),X,30.9,30,24,18.5,76,X,관심,X,낮음
6/20/2020,횡성(536),X,31,31.1,23.5,16.7,71,X,관심,X,낮음
6/20/2020,고양(540),X,31.6,32.3,24,17.7,68,X, ,X,낮음
6/20/2020,남양주(541),X,30.6,31.5,24.3,18.8,63,X,관심,X,낮음
6/20/2020,안산(545),X,29.7,28.9,22.1,15.6,78,X, ,X,낮음
6/20/2020,경기광주(546),X,30.2,30.3,23.5,17.6,71,X,관심,X,낮음
6/20/2020,여주(548),X,30.2,30.2,23.9,18.1,69,X,관심,X,낮음
6/20/2020,용인(549),X,29,29.4,22.9,17.1,67,X,관심,X,낮음
6/20/2020,오산(550),X,30.3,30.6,24.1,18.6,63,X, ,X,낮음
6/20/2020,평택(551),X,30.2,29.5,23.6,18.5,75,X, ,X,낮음
6/20/2020,화천(555),X,31.8,32.2,22.1,15.2,82,X,관심,X,낮음
6/20/2020,양구(556),X,30.9,31.9,22.7,14.7,70,X,관심,X,낮음
6/20/2020,시흥(565),X,28.7,28.2,23.2,17.5,72,X, ,X,낮음
6/20/2020,구리(569),X,30.5,31.6,24.8,19.9,58,X,관심,X,낮음
6/20/2020,화성(571),X,29.5,29,23.2,18.3,70,X,관심,X,낮음
6/20/2020,성남(572),X,29.8,30,24.5,19.1,62,X, ,X,매우높음
6/20/2020,과천(590),X,30.6,30.4,23.6,17.2,70,X,관심,X,낮음
6/20/2020,양주(598),X,29.8,29.7,23.6,17.5,69,X,관심,X,낮음
6/20/2020,단양(601),X,31.4,31.2,24,17.5,79,X,관심,X,낮음
6/20/2020,진천(602),X,29.7,29.2,23.7,18,73,X, ,X,낮음
6/20/2020,괴산(603),X,30.3,31,23.8,17.3,74,X, ,X,낮음
6/20/2020,옥천(604),X,29.4,29.9,24.1,18.9,73,X, ,X,낮음
6/20/2020,홍북(608),X,29.7,28.3,21.8,16.3,84,X, ,X,낮음
6/20/2020,공주(612),X,30.8,30.5,23.1,17.7,78,X,관심,X,낮음
6/20/2020,서천(614),X,28.2,26.5,22.8,19.4,79,X, ,X,낮음
6/20/2020,논산(615),X,29.7,28.7,23.7,18.7,76,X, ,X,낮음
6/20/2020,당진(616),X,29.4,28.5,22.3,16.7,77,X, ,X,낮음
6/20/2020,청양(618),X,29.6,28.2,21.6,15.4,82,X, ,X,낮음
6/20/2020,음성(619),X,30.5,30.1,23.6,17.6,76,X, ,X,낮음
6/20/2020,증평(623),X,30.5,30,23.9,17.9,75,X, ,X,낮음
6/20/2020,태안(627),X,27.7,26.2,21.8,17.9,85,X, ,X,낮음
6/20/2020,예산(628),X,29.6,28.8,23.2,18.3,78,X, ,X,낮음
6/20/2020,아산(634),X,29.7,29.2,23.2,18.1,71,X,관심,X,낮음
6/20/2020,계룡(636),X,28.5,28.3,22,16.3,73,X, ,X,낮음
6/20/2020,연천청산(652),X,30.3,30.1,23.5,17.1,72,X,관심,X,낮음
6/20/2020,양양(670),X,26.2,23.4,20.2,15.6,94,X, ,X,낮음
6/20/2020,무안(699),X,28.7,27,21.6,18.1,85,X, ,X,낮음
6/20/2020,무주(701),X,30.7,30,22.6,17.7,85,X, ,X,낮음
6/20/2020,익산(702),X,29.3,28,23.2,18,79,X, ,X,낮음
6/20/2020,진안(703),X,27.5,26.3,20.3,15.8,89,X, ,X,낮음
6/20/2020,담양(706),X,31,29.7,23.6,18.5,84,X, ,X,낮음
6/20/2020,구례(709),X,29.6,28.3,23.6,20.2,79,X, ,X,낮음
6/20/2020,나주(710),X,29.4,28.2,22.6,17.8,82,X, ,X,낮음
6/20/2020,순천시(712),X,29.2,28.1,22.7,19.9,82,X, ,X,낮음
6/20/2020,광양읍(713),X,29.2,28.9,23.1,20,73,X, ,X,낮음
6/20/2020,장성(730),X,29.3,28.8,22.4,17.9,80,X, ,X,낮음
6/20/2020,영암(731),X,29.3,28.1,22.7,18.3,83,X, ,X,낮음
6/20/2020,보성(732),X,28,25.9,21.2,18.8,86,X, ,X,낮음
6/20/2020,완주(734),X,29.4,28.2,22.4,17.2,82,X, ,X,낮음
6/20/2020,김제(737),X,28.8,27.3,22.4,18.7,82,X, ,X,낮음
6/20/2020,화순(741),X,28.7,28.3,22.7,17.5,73,X, ,X,낮음
6/20/2020,함평(754),X,29.1,27.8,21.9,18.1,84,X, ,X,낮음
6/20/2020,곡성(768),X,29.4,28.9,23.2,18.1,77,X, ,X,낮음
6/20/2020,압해도(789),X,28.6,27,22.1,18.3,85,X, ,X,낮음
6/20/2020,영양(801),X,28.3,27.6,20.6,14.6,79,X, ,X,낮음
6/20/2020,성주(810),X,29.1,29.1,23.5,19.9,66,X, ,X,낮음
6/20/2020,고령(812),X,28.5,28.3,22.7,19.1,80,X, ,X,낮음
6/20/2020,청도(813),X,28.9,28.7,23.1,19,70,X, ,X,낮음
6/20/2020,예천(815),X,29.6,29.1,23.4,18.4,68,X,관심,X,낮음
6/20/2020,김천(822),X,30.9,30.1,23.5,18.6,78,X,관심,X,낮음
6/20/2020,군위(823),X,29.1,29,23.4,19.4,69,X, ,X,낮음
6/20/2020,칠곡(825),X,29.1,28.5,24.1,20.6,67,X, ,X,낮음
6/20/2020,경산(827),X,28.1,28,22.8,19.2,66,X,관심,X,낮음
6/20/2020,삼척(876),X,25,23.4,19.9,16.1,81,X, ,X,낮음
6/20/2020,속초(90),X,25.7,23.8,20.3,16.1,85,X, ,X,낮음
6/20/2020,삼천포(907),X,27.2,25.5,20.9,18.5,84,X, ,X,낮음
6/20/2020,고성(918),X,28.2,26.8,22,18.8,81,X, ,X,낮음
6/20/2020,창녕(919),X,29.3,28.6,23.5,20.7,73,X, ,X,낮음
6/20/2020,함안(920),X,29.2,28,22.4,19.3,80,X, ,X,낮음
6/20/2020,북춘천(93),X,31.1,31.6,23.9,16.7,72.1,X,관심,X,매우높음
6/20/2020,하동(932),X,29.1,28,22.5,19.5,81,X, ,X,낮음
6/20/2020,철원(95),X,30,29.5,23.3,16.9,78.1,X,관심,X,낮음
6/20/2020,동두천(98),X,30.7,30,23.8,18.2,74,X,관심,X,낮음
6/20/2020,파주(99),X,30,29.2,22.6,17.3,77,X,관심,X,낮음
6/21/2020,북강릉(104),X,27,25.8,21,17.7,81.8,X, ,X,매우높음
6/21/2020,동해(106),X,23.9,21.9,19.4,17.1,83.9,X, ,X,낮음
6/21/2020,서울(108),X,31.5,32.7,26.1,19.5,59.5,O,관심,X,매우높음
6/21/2020,인천(112),X,29.1,28.8,23.8,19.2,69,X, ,X,매우높음
6/21/2020,원주(114),X,30.7,32.4,26.9,21.5,51.4,O,주의,X,낮음
6/21/2020,울릉도(115),X,25.2,23.6,19.9,17.1,81.8,X, ,X,낮음
6/21/2020,수원(119),X,31.6,31.9,24.2,18.5,73.8,X,관심,X,낮음
6/21/2020,영월(121),X,32.3,33.4,24.2,20,73.4,X,관심,X,낮음
6/21/2020,충주(127),X,31.4,32.3,25.7,20.7,66.5,X,관심,X,낮음
6/21/2020,서산(129),X,30.8,31.3,23.4,18.2,66.4,X,관심,X,매우높음
6/21/2020,울진(130),X,24.2,22.1,19.2,16.3,85.1,X, ,X,낮음
6/21/2020,청주(131),X,32.1,32.9,26.2,21.6,61.3,X,관심,X,매우높음
6/21/2020,대전(133),X,32.3,32.2,26.2,20.4,72.1,X,관심,X,높음
6/21/2020,추풍령(135),X,29.3,29.6,22.8,17.4,71.8,X,관심,X,낮음
6/21/2020,안동(136),X,29.8,30.6,23.5,18.1,60.4,X,관심,X,매우높음
6/21/2020,상주(137),X,31.5,30.8,24.4,18.2,75.4,X,관심,X,낮음
6/21/2020,포항(138),X,24.8,22.8,20.6,18.2,80.3,X, ,X,낮음
6/21/2020,군산(140),X,29.7,28.5,23.2,18,77.6,X, ,X,낮음
6/21/2020,대구(143),X,27,27.2,22.2,17.7,64.1,X,관심,X,매우높음
6/21/2020,전주(146),X,31.5,31.6,24.5,19.2,70.3,X,관심,X,매우높음
6/21/2020,울산(152),X,25.4,23.9,20,16,83.5,X, ,X,매우높음
6/21/2020,창원(155),X,27.6,26.9,21.1,16.5,74.4,X,관심,X,매우높음
6/21/2020,광주(156),X,31,30.2,24.2,19.8,77.3,X,관심,X,매우높음
6/21/2020,부산(159),X,26.4,25.3,21.2,18,73.1,X, ,X,매우높음
6/21/2020,통영(162),X,27.3,26.7,21.5,17.7,72.4,X, ,X,낮음
6/21/2020,목포(165),X,28.6,27.1,22.8,19.8,81.6,X, ,X,매우높음
6/21/2020,여수(168),X,26,24.6,21.4,19,79,X, ,X,낮음
6/21/2020,흑산도(169),X,26.1,23.9,20,16.9,87,X, ,X,낮음
6/21/2020,완도(170),X,27.9,26.3,21.5,17.9,79.8,X, ,X,낮음
6/21/2020,고창(172),X,30.4,29,22.8,18.5,78.9,X, ,X,낮음
6/21/2020,제주(184),X,26,24.3,21.8,20.1,81.8,X, ,X,매우높음
6/21/2020,진주(192),X,30.2,29.2,22.3,17.7,78.8,X,관심,X,낮음
6/21/2020,양평(202),X,31.4,32.7,25.5,18.7,63.6,X,관심,X,낮음
6/21/2020,이천(203),X,32,32.7,25.8,18.5,65.4,O,주의,X,낮음
6/21/2020,인제(211),X,31.1,33,24.6,18.4,63,X,관심,X,낮음
6/21/2020,홍천(212),X,31.4,33.2,25.5,18.3,60.5,O,주의,X,낮음
6/21/2020,태백(216),X,27.5,28.3,21,15.7,75.9,X, ,X,낮음
6/21/2020,정선군(217),X,31.5,32.8,23.6,19,76.6,X,관심,X,낮음
6/21/2020,제천(221),X,30.8,31.4,24.7,20,72.8,X,관심,X,낮음
6/21/2020,보은(226),X,30.3,30.2,23.7,18.3,78,X,관심,X,낮음
6/21/2020,천안(232),X,30.9,31.2,24.3,18.5,71.4,X,관심,X,낮음
6/21/2020,보령(235),X,29.7,29,23.4,17.5,70.6,X, ,X,낮음
6/21/2020,부여(236),X,31.7,31.9,25,18.1,70.8,X,관심,X,낮음
6/21/2020,금산(238),X,30.9,31.4,24.6,19.7,70.9,X,관심,X,낮음
6/21/2020,세종(239),X,31.1,31.6,24.9,19.2,64,X,관심,X,매우높음
6/21/2020,부안(243),X,30,29,23.1,18.2,75.6,X,관심,X,낮음
6/21/2020,임실(244),X,30.6,30.2,22.9,16.8,80.8,X,관심,X,낮음
6/21/2020,정읍(245),X,30.5,29.7,23.2,18.3,73.8,X,관심,X,낮음
6/21/2020,남원(247),X,31,31.1,24.9,18.9,72.1,X,관심,X,낮음
6/21/2020,장수(248),X,28.9,29.6,22.3,17.6,80.5,X, ,X,낮음
6/21/2020,영광군(252),X,30,28.6,22.9,19,77.6,X,관심,X,낮음
6/21/2020,김해시(253),X,28.4,28.6,22,16.8,70.5,X,관심,X,낮음
6/21/2020,순창군(254),X,31.6,32,24.6,19.6,73.3,X,관심,X,낮음
6/21/2020,양산시(257),X,28.6,28.9,22.6,17.8,68.3,X, ,X,낮음
6/21/2020,강진군(259),X,28.9,28.1,23.2,18.7,73.1,X, ,X,낮음
6/21/2020,장흥(260),X,28.5,27.1,22.7,18.6,78.9,X, ,X,낮음
6/21/2020,해남(261),X,29.7,28.2,22.4,17.7,79.4,X, ,X,낮음
6/21/2020,고흥(262),X,27.3,26,20.9,16.6,82.9,X, ,X,낮음
6/21/2020,의령군(263),X,30.5,30.9,23.2,17.5,73.3,X,관심,X,낮음
6/21/2020,함양군(264),X,30.5,31.1,23.6,17.7,75,X,관심,X,낮음
6/21/2020,진도군ASOS(268),X,29.4,27.9,22,18.1,83.4,X, ,X,낮음
6/21/2020,봉화(271),X,28.3,29.2,22,17.3,77.9,X,관심,X,낮음
6/21/2020,영주(272),X,30.1,30.9,23.4,17.7,70.9,X,관심,X,낮음
6/21/2020,문경(273),X,30.7,30.8,23.9,18.1,74.3,X,관심,X,낮음
6/21/2020,청송군(276),X,28.9,27.7,20.3,13,78.1,X, ,X,낮음
6/21/2020,영덕(277),X,26,24.8,19,14.8,81.9,X, ,X,낮음
6/21/2020,의성(278),X,31.4,31.3,23.1,16.9,72.5,X,관심,X,낮음
6/21/2020,구미(279),X,31.1,30.2,24,18.6,76.3,X,관심,X,낮음
6/21/2020,영천(281),X,26.5,26.1,20.5,15.3,74.5,X, ,X,낮음
6/21/2020,경주시(283),X,27.2,27,20.7,15.7,77.9,X, ,X,낮음
6/21/2020,거창(284),X,29.7,29.2,22.8,17.3,78.9,X,관심,X,낮음
6/21/2020,합천(285),X,30.1,29.8,23.3,17.7,76.9,X,관심,X,낮음
6/21/2020,밀양(288),X,29.1,30.1,23.7,18.7,61.1,X,관심,X,낮음
6/21/2020,산청(289),X,30.5,29.9,23.6,18.8,76.5,X,관심,X,낮음
6/21/2020,거제(294),X,26.6,25.4,21.2,17.3,75.1,X, ,X,낮음
6/21/2020,남해(295),X,28.2,27.2,21.5,16.7,75.9,X, ,X,낮음
6/21/2020,부천(433),X,,31.3,24.6,19,,X, ,X,낮음
6/21/2020,안양(434),X,,31.7,25.8,20.3,,X, ,X,낮음
6/21/2020,광명(437),X,,32.8,26.4,20,,X, ,X,낮음
6/21/2020,군포(438),X,,32.5,25.6,19.9,,X, ,X,낮음
6/21/2020,김포(441),X,,31.6,24.2,18.1,,X, ,X,낮음
6/21/2020,하남(444),X,,33.8,25,17.4,,X,관심,X,낮음
6/21/2020,의왕(445),X,,30.8,23.1,16.1,,X, ,X,낮음
6/21/2020,포천(504),X,31.7,33.6,25,17,60,X,관심,X,낮음
6/21/2020,가평조종(505),X,31.1,32.3,23.7,15.8,68,O,관심,X,낮음
6/21/2020,안성(516),X,32,32.7,25,19.2,72,O,주의,X,낮음
6/21/2020,간성(517),X,27,24.4,21,17.8,91,X, ,X,낮음
6/21/2020,평창(526),X,30.8,32.9,23.7,19,69,X,관심,X,낮음
6/21/2020,의정부(532),X,32.4,32.8,25,17.2,72,X,관심,X,낮음
6/21/2020,횡성(536),X,32.2,33.3,25.4,18.5,67,O,주의,X,낮음
6/21/2020,고양(540),O,33.2,34.9,24.9,16.7,65,O,관심,X,낮음
6/21/2020,남양주(541),X,31.7,33.3,25.5,18.3,58,X,관심,X,낮음
6/21/2020,안산(545),X,30.9,31.3,22.5,16.4,77,X,관심,X,낮음
6/21/2020,경기광주(546),X,31.3,32.3,24.9,17.4,63,O,관심,X,낮음
6/21/2020,여주(548),X,31.3,31.9,25.2,19,65,O,주의,X,낮음
6/21/2020,용인(549),X,30.2,31.7,23.9,17.2,64,X,관심,X,낮음
6/21/2020,오산(550),X,31.7,32.9,24.9,18.6,59,X, ,X,낮음
6/21/2020,평택(551),X,32,31.8,24.6,19.5,71,X,관심,X,낮음
6/21/2020,화천(555),X,32.3,33.5,24,17,73,O,관심,X,낮음
6/21/2020,양구(556),X,31.7,33.6,24.8,18,64,X,관심,X,낮음
6/21/2020,시흥(565),X,30.5,31.5,23.9,17,69,X, ,X,낮음
6/21/2020,구리(569),X,31.8,34,26.2,18.6,54,X,관심,X,낮음
6/21/2020,화성(571),X,30.8,31.3,23.9,18.6,67,X,관심,X,낮음
6/21/2020,성남(572),X,31.6,33.4,25.9,18.2,56,X, ,X,매우높음
6/21/2020,과천(590),X,31.8,32.9,24.8,16.9,66,X, ,X,낮음
6/21/2020,양주(598),X,31.4,32.4,24.6,15.8,65,X,관심,X,낮음
6/21/2020,단양(601),X,32.3,33.8,25.1,20.8,81,X,관심,X,낮음
6/21/2020,진천(602),X,31.6,32.6,25.1,19.8,67,X,관심,X,낮음
6/21/2020,괴산(603),X,31.8,32.8,25,20.5,71,X,관심,X,낮음
6/21/2020,옥천(604),X,31.4,32,25,19.3,71,X,관심,X,낮음
6/21/2020,홍북(608),X,31.4,31.1,23,16.5,73,X,관심,X,낮음
6/21/2020,공주(612),X,31.8,32.7,25.1,18.8,68,X,관심,X,낮음
6/21/2020,서천(614),X,30.4,29.3,24.4,18.7,72,X,관심,X,낮음
6/21/2020,논산(615),X,32.6,33.3,25.9,20,68,X,관심,X,낮음
6/21/2020,당진(616),X,29.7,30.1,22.7,17.4,71,X,관심,X,낮음
6/21/2020,청양(618),X,32.3,32.2,23.3,16.2,75,X,관심,X,낮음
6/21/2020,음성(619),X,31.5,32.1,25,19.6,70,X,관심,X,낮음
6/21/2020,증평(623),X,31.4,31.9,25.7,20.3,73,X,관심,X,낮음
6/21/2020,태안(627),X,30.4,30.4,23.1,18.2,70,X, ,X,낮음
6/21/2020,예산(628),X,31,31,23.9,18.5,71,X,관심,X,낮음
6/21/2020,아산(634),X,30,30.7,24,19.2,65,X,관심,X,낮음
6/21/2020,계룡(636),X,29.9,30.7,23.2,16.5,68,X, ,X,낮음
6/21/2020,연천청산(652),X,30.8,31.7,24,15.9,68,O,관심,X,낮음
6/21/2020,양양(670),X,27.9,24.9,21.4,19,95,X, ,X,낮음
6/21/2020,무안(699),X,29.7,28.3,22.9,18.3,80,X, ,X,낮음
6/21/2020,무주(701),X,31.9,32.2,24.2,18.3,78,X,관심,X,낮음
6/21/2020,익산(702),X,32.2,32.1,24.2,17.8,77,X,관심,X,낮음
6/21/2020,진안(703),X,30.3,29.8,21.5,16.9,85,X,관심,X,낮음
6/21/2020,담양(706),X,32.4,32,24.7,19.7,83,X,관심,X,낮음
6/21/2020,구례(709),X,30.8,29.6,24.3,20.3,78,X,관심,X,낮음
6/21/2020,나주(710),X,30.9,29.8,24,19.1,78,X,관심,X,낮음
6/21/2020,순천시(712),X,28.7,27.3,23.4,20,79,X,관심,X,낮음
6/21/2020,광양읍(713),X,29.8,29.9,23.5,19.3,70,X,관심,X,낮음
6/21/2020,장성(730),X,31.1,30.7,22.9,18.5,81,X,관심,X,낮음
6/21/2020,영암(731),X,30.4,29.5,23.5,18.9,83,X, ,X,낮음
6/21/2020,보성(732),X,28.4,26.6,22.2,18.8,82,X,관심,X,낮음
6/21/2020,완주(734),X,32.1,32.4,23.9,17.5,77,X,관심,X,낮음
6/21/2020,김제(737),X,31.5,30.6,23.6,19.1,75,X,관심,X,낮음
6/21/2020,화순(741),X,30.3,30.1,24,19.1,70,X,관심,X,낮음
6/21/2020,함평(754),X,30.4,28.9,22.7,18.7,80,X,관심,X,낮음
6/21/2020,곡성(768),X,31.2,31.3,24.5,19.6,71,X,관심,X,낮음
6/21/2020,압해도(789),X,29.7,27.9,22.7,18.8,83,X, ,X,낮음
6/21/2020,영양(801),X,28.3,27.3,20.5,14.3,76,X, ,X,낮음
6/21/2020,성주(810),X,30,29.9,23.4,17.4,66,X,관심,X,낮음
6/21/2020,고령(812),X,30.5,30.6,23.1,17.6,77,X,관심,X,낮음
6/21/2020,청도(813),X,29.4,29.1,22.4,16.7,70,X, ,X,낮음
6/21/2020,예천(815),X,30.8,32.4,24.3,18.3,64,X,관심,X,낮음
6/21/2020,김천(822),X,32.4,31.9,23.7,18.1,79,X,관심,X,낮음
6/21/2020,군위(823),X,31,30.7,22.5,16.5,73,X,관심,X,낮음
6/21/2020,칠곡(825),X,30.6,30,23.7,18.5,70,X,관심,X,낮음
6/21/2020,경산(827),X,28.3,27.7,21.9,16.9,68,X, ,X,낮음
6/21/2020,삼척(876),X,25.8,24.6,20.7,17.7,79,X,관심,X,낮음
6/21/2020,속초(90),X,26.8,25,21.3,18.6,82.1,X, ,X,낮음
6/21/2020,삼천포(907),X,27,25.8,20.6,16.6,81,X, ,X,낮음
6/21/2020,고성(918),X,27.8,,,,,X, ,X,낮음
6/21/2020,창녕(919),X,30.4,30.1,24.1,19.1,70,X,관심,X,낮음
6/21/2020,함안(920),X,29.7,28.9,22.2,17,79,X,관심,X,낮음
6/21/2020,북춘천(93),X,31.5,33.5,25.6,18.2,64.8,O,주의,X,매우높음
6/21/2020,하동(932),X,29.5,28.9,23.2,19.4,77,X,관심,X,낮음
6/21/2020,철원(95),X,30.9,31.4,24.1,16.3,72.4,X,관심,X,낮음
6/21/2020,동두천(98),X,32.1,32.5,24.8,16.6,69.3,X,관심,X,낮음
6/21/2020,파주(99),X,31.1,31.1,23,16.1,77.3,X,관심,X,낮음
6/22/2020,북강릉(104),X,29.6,30.1,23.6,18.1,67.8,X, ,X,위험
6/22/2020,동해(106),X,26.9,26.9,20.2,16.6,77.3,X, ,X,낮음
6/22/2020,서울(108),X,32.9,35.4,28.6,21.7,50.5,O,관심,X,매우높음
6/22/2020,인천(112),X,30.6,31.7,25.7,21.3,64.5,X,관심,X,매우높음
6/22/2020,원주(114),X,31.9,34.5,28,21,48.5,O,주의,X,낮음
6/22/2020,울릉도(115),X,26.2,24.3,20.3,16.8,87.9,X, ,X,낮음
6/22/2020,수원(119),O,33.5,34,26.5,19.2,66,X,관심,X,낮음
6/22/2020,영월(121),O,34.2,36.4,25.4,18.4,66.6,O,주의,X,낮음
6/22/2020,충주(127),O,33.2,34.4,27.1,19.6,63.3,O,주의,X,낮음
6/22/2020,서산(129),X,32.8,33.7,25.4,17.5,62.5,X,관심,X,매우높음
6/22/2020,울진(130),X,24.4,21.6,19.1,14.6,87.6,X, ,X,낮음
6/22/2020,청주(131),O,33.2,34,27.8,21.5,58,X,관심,X,매우높음
6/22/2020,대전(133),O,33.1,33.8,27.2,20.7,66.1,O,주의,X,매우높음
6/22/2020,추풍령(135),X,30.1,31.1,23.3,14.8,63.8,X,관심,X,낮음
6/22/2020,안동(136),X,31.6,34.2,24.6,15.5,54.6,O,주의,X,매우높음
6/22/2020,상주(137),X,32.4,32.5,25.1,17.6,72,O,관심,X,낮음
6/22/2020,포항(138),X,29,27.2,22.3,16.9,76.6,X, ,X,낮음
6/22/2020,군산(140),X,30.4,29.1,23.6,19.1,76.5,X,관심,X,낮음
6/22/2020,대구(143),X,30.5,33.5,25.3,16.2,56.1,X,관심,X,매우높음
6/22/2020,전주(146),X,32.5,31.9,25.4,19.8,72.8,O,관심,X,매우높음
6/22/2020,울산(152),X,28.6,27.9,22.3,15.8,76.8,X, ,X,매우높음
6/22/2020,창원(155),X,28.1,27.7,22.8,16.5,68.4,X,관심,X,매우높음
6/22/2020,광주(156),X,32.1,31.1,24.5,19.6,77.1,X,관심,X,매우높음
6/22/2020,부산(159),X,28.3,27.7,22.8,18,69.5,X, ,X,매우높음
6/22/2020,통영(162),X,28.4,27.7,22.4,17.5,76.4,X, ,X,낮음
6/22/2020,목포(165),X,29.2,28.2,22.6,19.3,79.9,X, ,X,매우높음
6/22/2020,여수(168),X,26.9,26,22.4,18.4,75.6,X, ,X,낮음
6/22/2020,흑산도(169),X,28.1,27.1,19.7,16,85.4,X, ,X,낮음
6/22/2020,완도(170),X,28.7,27.5,21.6,16.8,78.3,X, ,X,낮음
6/22/2020,고창(172),X,31.3,29.9,23.4,17.3,81.4,X,관심,X,낮음
6/22/2020,제주(184),X,29.8,28.9,22.7,20.1,82.6,X, ,X,매우높음
6/22/2020,진주(192),X,30.4,30,22.9,15.6,76.4,X,관심,X,낮음
6/22/2020,양평(202),X,32.5,35,26.8,19.1,61.5,O,관심,X,낮음
6/22/2020,이천(203),X,32.7,34.7,27.1,19.1,62.3,O,주의,X,낮음
6/22/2020,인제(211),X,31.7,35.1,25.9,17,54.5,O,주의,X,낮음
6/22/2020,홍천(212),X,32.3,35.7,27,18.4,54,O,주의,X,낮음
6/22/2020,태백(216),X,29,31.2,22.7,14.6,59.8,X, ,X,낮음
6/22/2020,정선군(217),O,33.5,35.5,25.4,18.7,65.3,O,주의,X,낮음
6/22/2020,제천(221),X,32.1,33.6,25.2,18.1,69.4,O,주의,X,낮음
6/22/2020,보은(226),X,30.9,32.1,24.3,17.7,72.1,X,관심,X,낮음
6/22/2020,천안(232),X,32.2,32.9,25.6,17.5,66.5,O,주의,X,낮음
6/22/2020,보령(235),X,28.8,27.6,22.8,18.7,78.9,X,관심,X,낮음
6/22/2020,부여(236),O,33,33.9,25.3,18.4,71,X,관심,X,낮음
6/22/2020,금산(238),X,31.9,33.6,25.5,17.7,69.4,X,관심,X,낮음
6/22/2020,세종(239),X,32.3,33.4,26.4,19.5,62.3,O,주의,X,매우높음
6/22/2020,부안(243),X,30.7,29.5,23.8,18.4,79.6,X,관심,X,낮음
6/22/2020,임실(244),X,31.3,31.5,24,17.9,80.3,X,관심,X,낮음
6/22/2020,정읍(245),X,31.2,30.3,23.8,17.6,74.4,X,관심,X,낮음
6/22/2020,남원(247),X,32.2,31.9,24.8,18.9,74.1,X,관심,X,낮음
6/22/2020,장수(248),X,30.1,30.7,22.9,16.5,80.8,X, ,X,낮음
6/22/2020,영광군(252),X,30.1,28.8,22.9,17.2,79,X,관심,X,낮음
6/22/2020,김해시(253),X,29.4,28.7,23,16.2,73.5,X,관심,X,낮음
6/22/2020,순창군(254),X,32.5,32.6,24.4,17.8,74.9,X,관심,X,낮음
6/22/2020,양산시(257),X,30.4,30.6,23.4,15.8,68.4,X,관심,X,낮음
6/22/2020,강진군(259),X,29.5,29.9,22.9,17.8,74.5,X, ,X,낮음
6/22/2020,장흥(260),X,29.4,28.5,22.4,17.6,79.1,X, ,X,낮음
6/22/2020,해남(261),X,30.3,29.5,22,16.2,79.5,X, ,X,낮음
6/22/2020,고흥(262),X,28.9,28.4,21.2,15.1,80.9,X, ,X,낮음
6/22/2020,의령군(263),X,32,32.6,24.1,16.1,69.1,X,관심,X,낮음
6/22/2020,함양군(264),X,31.2,31.9,23.9,17.7,74.3,X,관심,X,낮음
6/22/2020,진도군ASOS(268),X,30.3,29.3,22,16.5,80.1,X, ,X,낮음
6/22/2020,봉화(271),X,30.2,31.6,23,15.8,67.3,X,관심,X,낮음
6/22/2020,영주(272),X,31.7,32.7,24.2,16,68.9,O,관심,X,낮음
6/22/2020,문경(273),X,31.7,32.1,24.3,16.7,69.9,X,관심,X,낮음
6/22/2020,청송군(276),X,31.5,33.2,22,10.7,68.5,X,관심,X,낮음
6/22/2020,영덕(277),X,29.2,28.4,21,13.1,76.6,X, ,X,낮음
6/22/2020,의성(278),X,32.5,34.3,23.8,14,65.6,O,주의,X,낮음
6/22/2020,구미(279),X,31.9,32.9,24.8,16.6,72.6,O,관심,X,낮음
6/22/2020,영천(281),X,30.4,31.7,22.9,13.4,65.9,X,관심,X,낮음
6/22/2020,경주시(283),X,31.3,32.1,23.4,14.7,70.1,X, ,X,낮음
6/22/2020,거창(284),X,30.3,30.5,23.1,15.9,74.4,X,관심,X,낮음
6/22/2020,합천(285),X,31.1,31.6,23.9,16.6,72.3,X,관심,X,낮음
6/22/2020,밀양(288),X,30.8,31.6,23.6,15.5,60.5,X,관심,X,낮음
6/22/2020,산청(289),X,31.4,31.3,23.9,17.8,75.6,X,관심,X,낮음
6/22/2020,거제(294),X,29.6,29.3,22.9,17.1,71.9,X, ,X,낮음
6/22/2020,남해(295),X,29,28.3,22,15.9,72.6,X, ,X,낮음
6/22/2020,부천(433),X,,34.6,27.1,20.7,,X,관심,X,낮음
6/22/2020,안양(434),X,,33.9,28.1,22,,X, ,X,낮음
6/22/2020,광명(437),X,,35.6,28.7,22,,X, ,X,낮음
6/22/2020,군포(438),X,,34.4,27.9,21.1,,X,관심,X,낮음
6/22/2020,김포(441),X,,34.7,26.2,19.6,,X,관심,X,낮음
6/22/2020,하남(444),X,,36.3,27.2,18.9,,O,관심,X,낮음
6/22/2020,의왕(445),X,,32.5,25.2,17.4,,X, ,X,낮음
6/22/2020,포천(504),O,33.2,36.2,26.8,18.3,54,O,관심,X,낮음
6/22/2020,가평조종(505),X,31.8,34.6,25.9,16.3,58,O,주의,X,낮음
6/22/2020,안성(516),O,33.3,34.5,26.3,18.5,64,O,주의,X,낮음
6/22/2020,간성(517),X,29.9,28.3,21.7,16.5,87,X, ,X,낮음
6/22/2020,평창(526),X,31.7,34.3,25.9,18.7,62,O,관심,X,낮음
6/22/2020,의정부(532),O,33.2,35.4,27.2,19.3,60,X,관심,X,낮음
6/22/2020,횡성(536),O,33.5,35.9,26.6,18,62,O,주의,X,낮음
6/22/2020,고양(540),O,34.2,37.8,27.6,18.3,53,O,관심,X,낮음
6/22/2020,남양주(541),X,32.9,35.6,27.8,19.4,50,O,관심,X,낮음
6/22/2020,안산(545),X,32.9,33.6,23.9,15.8,73,X,관심,X,낮음
6/22/2020,경기광주(546),X,32.8,35.1,26.7,18.5,57,O,관심,X,낮음
6/22/2020,여주(548),X,32.1,33.9,26.7,18.8,60,O,주의,X,낮음
6/22/2020,용인(549),X,31.3,34,25.9,18,58,O,주의,X,낮음
6/22/2020,오산(550),O,33,34.3,26.5,19.4,56,X,관심,X,낮음
6/22/2020,평택(551),O,33.4,34.3,25.8,18.8,66,X,관심,X,낮음
6/22/2020,화천(555),O,33.8,36.5,25.1,15.8,65,O,주의,X,낮음
6/22/2020,양구(556),X,32.5,36.1,25.9,16.1,55,O,주의,X,낮음
6/22/2020,시흥(565),X,31.9,33.2,25.9,17.4,62,X, ,X,낮음
6/22/2020,구리(569),X,32.8,36.2,28.4,20.1,48,O,관심,X,낮음
6/22/2020,화성(571),O,33.5,34.4,25.6,18.4,62,X,관심,X,낮음
6/22/2020,성남(572),X,32.8,35,27.8,19.9,50,X,관심,X,매우높음
6/22/2020,과천(590),O,33.2,34.7,26.8,18.2,60,X,관심,X,낮음
6/22/2020,양주(598),X,32.6,35.1,26.4,17.7,59,X,관심,X,낮음
6/22/2020,단양(601),O,34.5,35.2,26.1,18.9,76,O,주의,X,낮음
6/22/2020,진천(602),O,33.2,34.3,26.1,19,65,X,관심,X,낮음
6/22/2020,괴산(603),O,33.1,34.8,25.8,18.1,68,X,관심,X,낮음
6/22/2020,옥천(604),X,32.3,33.9,25.8,18.4,66,X,관심,X,낮음
6/22/2020,홍북(608),O,33,33.1,23.7,16.3,73,X,관심,X,낮음
6/22/2020,공주(612),X,32.6,34.2,26.4,18.4,64,X,관심,X,낮음
6/22/2020,서천(614),X,30.9,29.7,24.2,19.5,74,X,관심,X,낮음
6/22/2020,논산(615),O,33.9,35.7,26.1,19.3,69,X,관심,X,낮음
6/22/2020,당진(616),X,31.3,33,24.5,17.3,65,X,관심,X,낮음
6/22/2020,청양(618),O,33.5,34.1,24.6,16.3,73,X,관심,X,낮음
6/22/2020,음성(619),O,33,33.5,25.7,18.5,71,X,관심,X,낮음
6/22/2020,증평(623),O,33,33.5,26.5,19.3,66,X,관심,X,낮음
6/22/2020,태안(627),X,32.9,32.4,24.1,17.4,73,X,관심,X,낮음
6/22/2020,예산(628),X,32.8,33.5,25.6,18.3,67,X,관심,X,낮음
6/22/2020,아산(634),X,32,33.5,25.4,18.4,62,X,관심,X,낮음
6/22/2020,계룡(636),X,31.2,33.3,24.5,16.6,63,X,관심,X,낮음
6/22/2020,연천청산(652),X,31.7,35,25.8,17.3,61,O,주의,X,낮음
6/22/2020,양양(670),X,30.4,29.1,23,17.7,85,X, ,X,낮음
6/22/2020,무안(699),X,31.2,30.2,22.8,17.8,80,X,관심,X,낮음
6/22/2020,무주(701),X,32.6,33.8,24.6,16.2,76,O,관심,X,낮음
6/22/2020,익산(702),O,33.8,33.9,24.8,17.7,77,X,관심,X,낮음
6/22/2020,진안(703),X,31,31.3,23.5,16.6,77,X,관심,X,낮음
6/22/2020,담양(706),X,25.4,32.5,25,18.5,,X,관심,X,낮음
6/22/2020,구례(709),X,31.8,31.1,24.4,19.5,78,X,관심,X,낮음
6/22/2020,나주(710),X,31.7,31.1,23.6,18,79,X,관심,X,낮음
6/22/2020,순천시(712),X,30.3,29.3,23.8,18.7,75,X,관심,X,낮음
6/22/2020,광양읍(713),X,30.4,31.3,23.8,17.8,65,X,관심,X,낮음
6/22/2020,장성(730),X,31.8,30.9,23.9,18,81,X,관심,X,낮음
6/22/2020,영암(731),X,31.4,31.1,23.8,19.2,81,X,관심,X,낮음
6/22/2020,보성(732),X,29.1,28.9,21.7,16.4,81,X,관심,X,낮음
6/22/2020,완주(734),O,33.4,33.2,25,17.2,76,O,관심,X,낮음
6/22/2020,김제(737),X,31.4,30.2,24.2,19.1,79,X,관심,X,낮음
6/22/2020,화순(741),X,31,31.1,23.5,18.1,71,X,관심,X,낮음
6/22/2020,함평(754),X,31.8,31,23.4,17.8,81,X,관심,X,낮음
6/22/2020,곡성(768),X,32.5,32.1,24.2,18.2,73,X,관심,X,낮음
6/22/2020,압해도(789),X,30.1,28.6,22.6,18.3,83,X,관심,X,낮음
6/22/2020,영양(801),X,30.6,32.7,22.2,12.2,63,X, ,X,낮음
6/22/2020,성주(810),X,31.4,33.7,24.5,15,64,X,관심,X,낮음
6/22/2020,고령(812),X,31.7,32.7,23.9,16.1,71,X,관심,X,낮음
6/22/2020,청도(813),X,31.4,32.3,23.6,14.7,67,X,관심,X,낮음
6/22/2020,예천(815),X,31.8,34.2,24.9,16.6,62,O,주의,X,낮음
6/22/2020,김천(822),O,33,33.7,24.4,15.3,73,O,관심,X,낮음
6/22/2020,군위(823),X,32.5,33.4,23.9,14.4,69,X,관심,X,낮음
6/22/2020,칠곡(825),X,31.8,33,25.2,16.6,64,X,관심,X,낮음
6/22/2020,경산(827),X,31.6,33.5,24.7,15.8,59,O,관심,X,낮음
6/22/2020,삼척(876),X,29.2,29.6,23.2,17.9,64,X,관심,X,낮음
6/22/2020,속초(90),X,28,26.7,21.1,17.4,83.3,X, ,X,낮음
6/22/2020,삼천포(907),X,27.6,26.7,21.6,16.5,78,X,관심,X,낮음
6/22/2020,고성(918),X,29.3,28.4,22.4,15.9,78,X, ,X,낮음
6/22/2020,창녕(919),X,31.2,31.7,24.3,16.9,69,X,관심,X,낮음
6/22/2020,함안(920),X,30.7,30.4,22.9,15.5,75,X,관심,X,낮음
6/22/2020,북춘천(93),X,32.7,35.8,26.7,18,58.9,O,주의,X,매우높음
6/22/2020,하동(932),X,29.7,,,,,X,관심,X,낮음
6/22/2020,철원(95),X,32.2,33.6,25.6,17.4,66.3,X,관심,X,낮음
6/22/2020,동두천(98),X,32.8,35.5,26.5,18.8,60.8,X,관심,X,낮음
6/22/2020,파주(99),O,33,34.4,25.4,17.6,68.4,X,관심,X,낮음
6/23/2020,북강릉(104),X,25.7,24.1,21,18.2,82.3,X, ,X,위험
6/23/2020,동해(106),X,24.5,22.1,19.6,16.9,86.5,X, ,X,낮음
6/23/2020,서울(108),X,30.4,31,27.3,23.2,53.5,O,주의,X,매우높음
6/23/2020,인천(112),X,28.6,27.8,24.3,21.3,63.4,X,관심,X,매우높음
6/23/2020,원주(114),X,31.8,33.7,27.8,22.9,50.5,O,주의,X,낮음
6/23/2020,울릉도(115),X,27.5,26.1,21.7,17.6,76.3,X, ,X,낮음
6/23/2020,수원(119),X,30.5,30.2,25.5,20.8,65,X,관심,X,낮음
6/23/2020,영월(121),O,34.1,36.8,26.8,19.1,53.3,O,주의,X,낮음
6/23/2020,충주(127),X,32.2,33.7,26.6,20.8,62.5,O,주의,X,낮음
6/23/2020,서산(129),X,30.3,30.4,24.7,19.8,70.4,X, ,X,매우높음
6/23/2020,울진(130),X,25.8,23.4,19.9,15,87.6,X, ,X,낮음
6/23/2020,청주(131),X,31.5,31.4,27.4,22.7,61.6,X,관심,X,매우높음
6/23/2020,대전(133),X,32.5,31.6,27,21.8,71.4,O,주의,X,위험
6/23/2020,추풍령(135),X,29.8,30.6,24.5,18,64.4,X,관심,X,낮음
6/23/2020,안동(136),X,31.1,33.3,25.5,18,54.5,O,주의,X,매우높음
6/23/2020,상주(137),X,32.4,31.9,25.3,19.3,72.6,O,주의,X,낮음
6/23/2020,포항(138),X,29.2,29.3,23.7,19.9,74.1,X, ,X,낮음
6/23/2020,군산(140),X,30.5,30,24.7,20.4,73.6,X, ,X,낮음
6/23/2020,대구(143),X,31.7,34,26.3,19.4,53.4,X,관심,X,매우높음
6/23/2020,전주(146),X,31.1,31.1,26,21.2,64.8,O,주의,X,위험
6/23/2020,울산(152),X,28.9,29,23.3,17.6,74,X, ,X,위험
6/23/2020,창원(155),X,28.9,29.1,23.5,18,69.3,X,관심,X,위험
6/23/2020,광주(156),X,29.9,30.8,25.4,19.2,65.1,X, ,X,매우높음
6/23/2020,부산(159),X,29.6,29,23.8,19.9,70.9,X,관심,X,매우높음
6/23/2020,통영(162),X,28.9,28.6,23.1,18.2,72.8,X, ,X,낮음
6/23/2020,목포(165),X,29.9,29.5,24.4,19.4,69.5,X, ,X,위험
6/23/2020,여수(168),X,27.1,26.2,23,19.3,74.6,X, ,X,낮음
6/23/2020,흑산도(169),X,26.8,24.5,20.1,17.7,88.5,X, ,X,낮음
6/23/2020,완도(170),X,29.1,28.1,22.3,17.2,79.1,X, ,X,낮음
6/23/2020,고창(172),X,30.3,31.2,24.7,17.9,70,X, ,X,낮음
6/23/2020,제주(184),X,30.5,30.9,25.6,20,66.6,X, ,X,위험
6/23/2020,진주(192),X,30.1,30.5,23.4,16.3,75.1,X,관심,X,낮음
6/23/2020,양평(202),X,31.4,31.9,26.2,21.1,65.4,O,주의,X,낮음
6/23/2020,이천(203),X,31.4,31.7,26.2,20.7,65.4,O,주의,X,낮음
6/23/2020,인제(211),X,32.4,34.2,24.8,19.1,64.4,O,주의,X,낮음
6/23/2020,홍천(212),X,32.4,33.3,26.7,20.2,59.8,O,주의,X,낮음
6/23/2020,태백(216),X,28.8,30.6,23.1,15.1,56,X, ,X,낮음
6/23/2020,정선군(217),X,32.6,35.7,25.7,17.7,58.8,O,주의,X,낮음
6/23/2020,제천(221),X,30.9,32.9,25.6,19.6,64.3,O,주의,X,낮음
6/23/2020,보은(226),X,31.6,31.7,25.2,18.5,67.4,X,관심,X,낮음
6/23/2020,천안(232),X,30.3,30,24.4,17.7,75,O,주의,X,낮음
6/23/2020,보령(235),X,29.6,28.5,24.3,19.5,70.4,X, ,X,낮음
6/23/2020,부여(236),X,30.9,30.1,25,19.8,77,X, ,X,낮음
6/23/2020,금산(238),X,31.6,31.5,25.6,19.4,71.5,X,관심,X,낮음
6/23/2020,세종(239),X,30.9,31,25.7,20.2,68,O,주의,X,매우높음
6/23/2020,부안(243),X,30.5,30.9,24.7,20.1,74.4,X,관심,X,낮음
6/23/2020,임실(244),X,30.8,30.6,24.6,19.1,69.8,X, ,X,낮음
6/23/2020,정읍(245),X,30.1,31,25.3,18.7,61.8,X,관심,X,낮음
6/23/2020,남원(247),X,31,31.7,24.9,19,67.6,X, ,X,낮음
6/23/2020,장수(248),X,29.8,29.8,22.9,17.3,76.6,X, ,X,낮음
6/23/2020,영광군(252),X,30.7,31.8,24.9,17.7,68,X, ,X,낮음
6/23/2020,김해시(253),X,30.4,30,24.1,18.2,71.1,X,관심,X,낮음
6/23/2020,순창군(254),X,29.5,30.8,25,18.9,63.9,X, ,X,낮음
6/23/2020,양산시(257),X,30.9,32.1,24.9,18.1,65.9,X,관심,X,낮음
6/23/2020,강진군(259),X,29.5,28.9,23.3,16.9,71.3,X, ,X,낮음
6/23/2020,장흥(260),X,28.9,28.5,22.8,16.2,72.9,X, ,X,낮음
6/23/2020,해남(261),X,29.8,28.8,22.9,15,74.1,X, ,X,낮음
6/23/2020,고흥(262),X,30.6,29.8,22.4,15,75.4,X, ,X,낮음
6/23/2020,의령군(263),X,31,32.1,24.8,17.5,65.9,X,관심,X,낮음
6/23/2020,함양군(264),X,31.2,32.3,23.6,17.2,72,X,관심,X,낮음
6/23/2020,진도군ASOS(268),X,29.5,28.5,23.6,16.1,74.6,X, ,X,낮음
6/23/2020,봉화(271),X,28.8,31.5,22.9,13.8,60.8,X,관심,X,낮음
6/23/2020,영주(272),X,30.9,32,24.8,17.6,65.8,O,주의,X,낮음
6/23/2020,문경(273),X,31.5,31.7,24.4,18.1,72.3,X,관심,X,낮음
6/23/2020,청송군(276),X,31,31.6,22.6,12.7,71.1,X,관심,X,낮음
6/23/2020,영덕(277),X,28.3,27.6,20.8,13.8,77.9,X, ,X,낮음
6/23/2020,의성(278),X,32.1,33.7,24.8,16.2,65.5,O,주의,X,낮음
6/23/2020,구미(279),X,31.9,32.2,26.6,19.7,67.3,O,주의,X,낮음
6/23/2020,영천(281),X,31,31.6,24,16.4,65.1,X,관심,X,낮음
6/23/2020,경주시(283),X,31.1,31.8,24.4,17.2,67.1,X,관심,X,낮음
6/23/2020,거창(284),X,30,30.3,23.2,16.9,72.9,X,관심,X,낮음
6/23/2020,합천(285),X,31.4,31.8,24.3,17.6,72.3,X,관심,X,낮음
6/23/2020,밀양(288),X,30.6,31.9,25,17.7,61.4,X,관심,X,낮음
6/23/2020,산청(289),X,29.8,30.4,24.2,17.9,67.8,X,관심,X,낮음
6/23/2020,거제(294),X,29.9,29.4,23.5,17.2,74.5,X, ,X,낮음
6/23/2020,남해(295),X,29.4,30,22.9,16.8,71.1,X, ,X,낮음
6/23/2020,부천(433),X,,29.9,25.6,22.1,,X, ,X,낮음
6/23/2020,안양(434),X,,30.3,26.7,23.4,,X, ,X,낮음
6/23/2020,광명(437),X,,31.1,26.9,23.1,,X, ,X,낮음
6/23/2020,군포(438),X,,31,26.1,22.2,,X, ,X,낮음
6/23/2020,김포(441),X,,29.7,25.2,20.7,,X,관심,X,낮음
6/23/2020,하남(444),X,,32.1,26.5,20.9,,O,주의,X,낮음
6/23/2020,의왕(445),X,,29.1,23.8,18.8,,X, ,X,낮음
6/23/2020,포천(504),X,30.9,32,26,20.3,59,O,주의,X,낮음
6/23/2020,가평조종(505),X,31.2,31.8,25.1,18.1,65,O,주의,X,낮음
6/23/2020,안성(516),X,31,30.9,25.7,19.5,67,O,주의,X,낮음
6/23/2020,간성(517),X,26.8,24,21.2,18.1,92,X, ,X,낮음
6/23/2020,평창(526),X,31.8,34.3,26.1,19.5,55,O,주의,X,낮음
6/23/2020,의정부(532),X,31.4,31.6,26.1,21,67,X,관심,X,낮음
6/23/2020,횡성(536),O,33.2,34.1,26,19.4,69,O,주의,X,낮음
6/23/2020,고양(540),X,31.3,32.3,25.8,20.2,59,O,주의,X,낮음
6/23/2020,남양주(541),X,30.9,32.7,26.5,21.3,55,O,주의,X,낮음
6/23/2020,안산(545),X,29.7,29.5,22.9,17.2,74,X,관심,X,낮음
6/23/2020,경기광주(546),X,31.2,32.2,26.1,20.4,61,O,주의,X,낮음
6/23/2020,여주(548),X,31.6,31.7,25.9,21.1,65,O,주의,X,낮음
6/23/2020,용인(549),X,29.9,30.7,24.8,19.7,62,O,주의,X,낮음
6/23/2020,오산(550),X,30.2,30.5,25.7,20.7,58,X, ,X,낮음
6/23/2020,평택(551),X,30.3,29.8,25,20.2,69,X,관심,X,낮음
6/23/2020,화천(555),X,32.2,33,24.8,17.1,72,O,주의,X,낮음
6/23/2020,양구(556),X,32.7,35,25.7,18.5,62,O,주의,X,낮음
6/23/2020,시흥(565),X,29.7,29.8,24.6,19,65,X, ,X,낮음
6/23/2020,구리(569),X,30.8,32.5,27.3,22,51,O,주의,X,낮음
6/23/2020,화성(571),X,29.9,29.9,24.9,20.3,61,X, ,X,낮음
6/23/2020,성남(572),X,30.4,31.4,26.8,21.9,53,X, ,X,매우높음
6/23/2020,과천(590),X,30.6,31.1,25.9,20.3,61,X,관심,X,낮음
6/23/2020,양주(598),X,30.8,31.2,25.4,19.8,66,X,관심,X,낮음
6/23/2020,단양(601),X,32.3,34.1,26.8,19.9,69,O,주의,X,낮음
6/23/2020,진천(602),X,31.8,31.6,25.1,19.4,72,X,관심,X,낮음
6/23/2020,괴산(603),X,31.8,33.5,25.7,19.2,71,X,관심,X,낮음
6/23/2020,옥천(604),X,32.5,32.5,25.8,19.7,74,X,관심,X,낮음
6/23/2020,홍북(608),X,30,29.7,23.2,17.7,82,X,관심,X,낮음
6/23/2020,공주(612),X,32,32.2,26,19.9,71,X,관심,X,낮음
6/23/2020,서천(614),X,31.2,30.6,25.7,21.4,72,X, ,X,낮음
6/23/2020,논산(615),X,31.4,30.6,26,20.6,72,X,관심,X,낮음
6/23/2020,당진(616),X,29,29.1,23.9,19.3,71,X, ,X,낮음
6/23/2020,청양(618),X,31.2,30.6,23.7,17.8,80,X, ,X,낮음
6/23/2020,음성(619),X,32,32.9,25.7,19.7,71,X,관심,X,낮음
6/23/2020,증평(623),X,31.6,31.4,26.1,20.7,71,X,관심,X,낮음
6/23/2020,태안(627),X,29.9,29.2,24.5,19.8,74,X, ,X,낮음
6/23/2020,예산(628),X,30.1,30,24.8,20.2,72,X,관심,X,낮음
6/23/2020,아산(634),X,29.2,30.2,25,20.1,63,X,관심,X,낮음
6/23/2020,계룡(636),X,30.4,30.4,24,17.4,69,X,관심,X,낮음
6/23/2020,연천청산(652),X,30.6,30.4,24.9,19.1,68,O,주의,X,낮음
6/23/2020,양양(670),X,27.2,24.1,21.6,18.2,96,X, ,X,낮음
6/23/2020,무안(699),X,30.1,29.8,24.3,17.7,68,X, ,X,낮음
6/23/2020,무주(701),X,32.1,32.7,24.6,18.4,80,O,주의,X,낮음
6/23/2020,익산(702),X,32.1,32,25.2,20.1,73,X,관심,X,낮음
6/23/2020,진안(703),X,30,29.9,23.3,17.1,73,X,관심,X,낮음
6/23/2020,담양(706),X,26.7,31.1,25.1,19.1,,X,관심,X,낮음
6/23/2020,구례(709),X,30.7,31.4,24.1,17.1,72,X,관심,X,낮음
6/23/2020,나주(710),X,30.9,30.8,24.1,16.4,72,X,관심,X,낮음
6/23/2020,순천시(712),X,31.2,31.3,24.2,17.5,73,X, ,X,낮음
6/23/2020,광양읍(713),X,29.6,32.1,24.5,16.5,56,X,관심,X,낮음
6/23/2020,장성(730),X,29.8,31.4,24.7,18.1,67,X, ,X,낮음
6/23/2020,영암(731),X,31.1,30.6,24.2,16.5,72,X, ,X,낮음
6/23/2020,보성(732),X,29.6,28.8,22,14.5,78,X, ,X,낮음
6/23/2020,완주(734),X,31.9,30.5,24.8,19.3,75,O,주의,X,낮음
6/23/2020,김제(737),X,30.6,31.2,25.4,20.8,70,X, ,X,낮음
6/23/2020,화순(741),X,29.4,30.5,24.1,16.4,61,X,관심,X,낮음
6/23/2020,함평(754),X,30.9,30.6,24.1,16.9,73,X, ,X,낮음
6/23/2020,곡성(768),X,30.2,31.5,24.4,17.2,63,X,관심,X,낮음
6/23/2020,압해도(789),X,30.3,29.6,24.1,18,71,X, ,X,낮음
6/23/2020,영양(801),X,30.1,31.3,22.7,13.4,59,X,관심,X,낮음
6/23/2020,성주(810),X,31.7,33.2,25.2,18.3,63,X,관심,X,낮음
6/23/2020,고령(812),X,30.9,31.7,24,17.6,72,X,관심,X,낮음
6/23/2020,청도(813),X,31.4,32.3,24.3,16.6,68,X,관심,X,낮음
6/23/2020,예천(815),X,31.7,32.8,25.5,18.6,62,O,주의,X,낮음
6/23/2020,김천(822),O,33.1,33.4,25.1,17.3,75,O,주의,X,낮음
6/23/2020,군위(823),X,32.6,33.2,25.6,17.6,64,X,관심,X,낮음
6/23/2020,칠곡(825),X,32,32,25.9,20.3,66,X,관심,X,낮음
6/23/2020,경산(827),X,31.8,33.2,25.7,18.9,56,O,주의,X,낮음
6/23/2020,삼척(876),X,26.4,24.9,21.3,17.9,79,X, ,X,낮음
6/23/2020,속초(90),X,28,26,21.9,18.8,84.4,X, ,X,낮음
6/23/2020,삼천포(907),X,28.6,28.3,22.5,17.4,77,X, ,X,낮음
6/23/2020,고성(918),X,29.6,28.9,23.4,16.4,75,X, ,X,낮음
6/23/2020,창녕(919),X,31.5,31.6,25.3,18.4,65,X,관심,X,낮음
6/23/2020,함안(920),X,30.7,30.9,24.4,17.2,71,X,관심,X,낮음
6/23/2020,북춘천(93),X,32.2,33,26.5,19.8,63.5,O,주의,X,매우높음
6/23/2020,하동(932),X,30.5,30.9,23.5,16.9,73,X, ,X,낮음
6/23/2020,철원(95),X,30.9,30.4,25.1,19.2,79.3,X,관심,X,낮음
6/23/2020,동두천(98),X,31,31,25.4,20.7,68.1,X,관심,X,낮음
6/23/2020,파주(99),X,29.7,28.8,23.8,18.7,74.1,X,관심,X,낮음
6/24/2020,북강릉(104),X,24.3,21.7,19.9,18.6,91.8,X, ,X,높음
6/24/2020,동해(106),X,24.6,21.9,19.2,17.9,93.3,X, ,X,낮음
6/24/2020,서울(108),X,27.6,26.3,22.3,19.9,83.5,X, ,X,보통
6/24/2020,인천(112),X,27.6,25.7,21.9,19.5,88.5,X, ,X,보통
6/24/2020,원주(114),X,27.2,27.5,22.8,19.7,64.5,X, ,X,낮음
6/24/2020,울릉도(115),X,25.9,23.7,21.2,19.7,88,X, ,X,낮음
6/24/2020,수원(119),X,27.8,26.4,22.5,20.4,85.1,X, ,X,낮음
6/24/2020,영월(121),X,26,25.7,22.1,18.5,67.6,X, ,X,낮음
6/24/2020,충주(127),X,26.2,25.6,22.4,19.8,74,X, ,X,낮음
6/24/2020,서산(129),X,26.4,25.9,22.5,21.1,80.1,X, ,X,보통
6/24/2020,울진(130),X,25.3,22.4,20.1,18.5,92.3,X, ,X,낮음
6/24/2020,청주(131),X,28.3,27.1,23.5,21.3,71.9,X, ,X,보통
6/24/2020,대전(133),X,28.2,26.2,23,21.3,84,X, ,X,보통
6/24/2020,추풍령(135),X,24.3,23.6,21,19.8,77,X, ,X,낮음
6/24/2020,안동(136),X,26.4,25.4,21.8,18.8,75.8,X, ,X,높음
6/24/2020,상주(137),X,26.3,24.5,21.5,19.3,85.6,X, ,X,낮음
6/24/2020,포항(138),X,26,23.2,22.2,21.2,90.1,X, ,X,낮음
6/24/2020,군산(140),X,26.5,25.7,23,21.5,80.5,X, ,X,낮음
6/24/2020,대구(143),X,26,24.5,22.2,20.1,75.4,X, ,X,높음
6/24/2020,전주(146),X,26.5,26.7,23.7,21.6,72.4,X, ,X,보통
6/24/2020,울산(152),X,27.4,26,22.6,19,85.4,X, ,X,보통
6/24/2020,창원(155),X,26.4,24.7,21.8,19.9,82.9,X, ,X,높음
6/24/2020,광주(156),X,28.1,25.5,23.1,21.6,88.9,X, ,X,보통
6/24/2020,부산(159),X,27.6,26.2,22.6,20.5,80.8,X, ,X,보통
6/24/2020,통영(162),X,26.8,25.2,22.5,20.4,87.3,X, ,X,낮음
6/24/2020,목포(165),X,27.2,24.4,23,21.8,91.4,X, ,X,보통
6/24/2020,여수(168),X,27,23.4,22.5,21.8,92.8,X, ,X,낮음
6/24/2020,흑산도(169),X,26.8,23.4,20.6,18.6,98,X, ,X,낮음
6/24/2020,완도(170),X,27.6,24.1,22.8,21.5,93.8,X, ,X,낮음
6/24/2020,고창(172),X,27,25.5,23.1,22,85.1,X, ,X,낮음
6/24/2020,제주(184),X,29.7,27.1,24.9,21.9,83.1,X, ,X,보통
6/24/2020,진주(192),X,27.5,24.7,22,19.2,92.8,X, ,X,낮음
6/24/2020,양평(202),X,27,25.2,21.3,19.4,88.3,X, ,X,낮음
6/24/2020,이천(203),X,27.1,24.8,21.4,19.7,91.6,X, ,X,낮음
6/24/2020,인제(211),X,24.3,22.4,20.3,18.4,86.1,X, ,X,낮음
6/24/2020,홍천(212),X,26.8,24.9,20.8,18.9,86.8,X, ,X,낮음
6/24/2020,태백(216),X,24,22.6,18.9,16.1,74,X, ,X,낮음
6/24/2020,정선군(217),X,26,24.2,20.6,17.4,84.6,X, ,X,낮음
6/24/2020,제천(221),X,25.4,23.5,20.5,18.3,81.8,X, ,X,낮음
6/24/2020,보은(226),X,25.9,24.9,22.1,20.5,76.6,X, ,X,낮음
6/24/2020,천안(232),X,26.7,24.4,21.7,20.2,88.4,X, ,X,낮음
6/24/2020,보령(235),X,26.8,27.2,23.6,21.6,74.5,X, ,X,낮음
6/24/2020,부여(236),X,26.5,25.8,22.8,21,82.1,X, ,X,낮음
6/24/2020,금산(238),X,26.3,25,22,20.7,83.1,X, ,X,낮음
6/24/2020,세종(239),X,27.3,25.6,22.4,20.4,79.1,X, ,X,높음
6/24/2020,부안(243),X,27.1,25.4,23.5,22.3,82.5,X, ,X,낮음
6/24/2020,임실(244),X,25.3,23.2,21.3,19.4,84.8,X, ,X,낮음
6/24/2020,정읍(245),X,26.5,26.1,23.3,21.5,74.5,X, ,X,낮음
6/24/2020,남원(247),X,26.4,25.2,22.5,20.5,80.8,X, ,X,낮음
6/24/2020,장수(248),X,25.1,23.1,21.1,18.8,85.1,X, ,X,낮음
6/24/2020,영광군(252),X,26.9,24.6,22.6,20.8,87,X, ,X,낮음
6/24/2020,김해시(253),X,27.3,25.7,22.3,19.9,82.9,X, ,X,낮음
6/24/2020,순창군(254),X,26.2,24.4,22.6,20.5,82.3,X, ,X,낮음
6/24/2020,양산시(257),X,28.2,27.4,23.1,19.4,80.3,X, ,X,낮음
6/24/2020,강진군(259),X,27.3,24.9,23.3,22.1,85.4,X, ,X,낮음
6/24/2020,장흥(260),X,27,24.2,22.8,21.7,88.8,X, ,X,낮음
6/24/2020,해남(261),X,26.8,23.7,22.6,21.9,91.3,X, ,X,낮음
6/24/2020,고흥(262),X,27.3,23.6,22.5,21.4,94.1,X, ,X,낮음
6/24/2020,의령군(263),X,27.4,25.5,22.2,20,86.1,X, ,X,낮음
6/24/2020,함양군(264),X,25.4,22.5,21.1,19.4,88.3,X, ,X,낮음
6/24/2020,진도군ASOS(268),X,27.6,24.4,23.5,22.6,92.8,X, ,X,낮음
6/24/2020,봉화(271),X,25.4,24.6,20.2,17.3,80.9,X, ,X,낮음
6/24/2020,영주(272),X,25.2,23.5,20.6,18.1,81.1,X, ,X,낮음
6/24/2020,문경(273),X,25.2,23.1,20.9,18.9,85.1,X, ,X,낮음
6/24/2020,청송군(276),X,27.2,25.2,20.4,17.5,91.6,X, ,X,낮음
6/24/2020,영덕(277),X,26.1,23.7,20.5,18.4,90.4,X, ,X,낮음
6/24/2020,의성(278),X,26.9,25.7,21.9,19.8,81.9,X, ,X,낮음
6/24/2020,구미(279),X,27.3,26.1,22.2,20.3,88.5,X, ,X,낮음
6/24/2020,영천(281),X,26.2,24.7,21.5,19.9,84.5,X, ,X,낮음
6/24/2020,경주시(283),X,27.8,26.5,22.2,18.4,83.8,X, ,X,낮음
6/24/2020,거창(284),X,24.9,21.9,20.6,19.2,90,X, ,X,낮음
6/24/2020,합천(285),X,26.3,23,21.2,19.1,93.4,X, ,X,낮음
6/24/2020,밀양(288),X,27.2,26.1,22.4,19.7,79.3,X, ,X,낮음
6/24/2020,산청(289),X,25.5,22.9,21.6,20.6,87.1,X, ,X,낮음
6/24/2020,거제(294),X,28.1,26.4,22.7,20,87.1,X, ,X,낮음
6/24/2020,남해(295),X,27.1,24.4,22.2,19.8,90.6,X, ,X,낮음
6/24/2020,부천(433),X,,25.9,21.7,18.9,,X, ,X,낮음
6/24/2020,안양(434),X,,26.7,22.9,20.2,,X, ,X,낮음
6/24/2020,광명(437),X,,27.3,23.2,20.2,,X, ,X,낮음
6/24/2020,군포(438),X,,26.2,22.4,20,,X, ,X,낮음
6/24/2020,김포(441),X,,26.2,21.8,19.5,,X, ,X,낮음
6/24/2020,하남(444),X,,26,21.5,18.4,,X, ,X,낮음
6/24/2020,의왕(445),X,,25.1,21,18.7,,X, ,X,낮음
6/24/2020,포천(504),X,26.1,25.1,20.6,18.4,84,X, ,X,낮음
6/24/2020,가평조종(505),X,25.9,24.1,19.9,18.1,93,X, ,X,낮음
6/24/2020,안성(516),X,27.2,26.4,23.2,20.9,76,X, ,X,낮음
6/24/2020,간성(517),X,25.2,21.7,19.7,18.5,97,X, ,X,낮음
6/24/2020,평창(526),X,25.5,25.4,20.9,18.1,75,X, ,X,낮음
6/24/2020,의정부(532),X,27.5,25.5,20.8,18.4,95,X, ,X,낮음
6/24/2020,횡성(536),X,26.7,25.4,20.7,18.7,90,X, ,X,낮음
6/24/2020,고양(540),X,27.6,26.5,21.8,18.9,84,X, ,X,낮음
6/24/2020,남양주(541),X,26.7,26.1,21.4,18.9,83,X, ,X,낮음
6/24/2020,안산(545),X,25.9,24.8,21.4,20,89,X, ,X,낮음
6/24/2020,경기광주(546),X,26.2,25.1,21.4,18.8,83,X, ,X,낮음
6/24/2020,여주(548),X,26.7,24.8,20.7,19,89,X, ,X,낮음
6/24/2020,용인(549),X,25.5,24.4,20.9,18.9,85,X, ,X,낮음
6/24/2020,오산(550),X,26.7,25.7,22,20.1,78,X, ,X,낮음
6/24/2020,평택(551),X,27.1,24.9,22.2,19.9,87,X, ,X,낮음
6/24/2020,화천(555),X,25.7,23.3,20.4,18.8,93,X, ,X,낮음
6/24/2020,양구(556),X,25.9,23.5,20.4,18.4,85,X, ,X,낮음
6/24/2020,시흥(565),X,27.2,26.1,22.6,20.1,81,X, ,X,낮음
6/24/2020,구리(569),X,26.9,26.5,22.1,19.2,76,X, ,X,낮음
6/24/2020,화성(571),X,27.1,25.9,22.3,20.2,81,X, ,X,낮음
6/24/2020,성남(572),X,26.7,26,22.1,19.4,78,X, ,X,보통
6/24/2020,과천(590),X,27,26,22.1,19.6,84,X, ,X,낮음
6/24/2020,양주(598),X,26.1,25.2,20.7,17.9,89,X, ,X,낮음
6/24/2020,단양(601),X,27.5,24.8,22.4,20,87,X, ,X,낮음
6/24/2020,진천(602),X,26.5,24.3,22.2,20.4,83,X, ,X,낮음
6/24/2020,괴산(603),X,25.9,24.1,21.8,20.2,82,X, ,X,낮음
6/24/2020,옥천(604),X,26.4,25,21.9,20.4,84,X, ,X,낮음
6/24/2020,홍북(608),X,25.5,24,21.8,20.3,84,X, ,X,낮음
6/24/2020,공주(612),X,26.9,24,21.7,20.5,91,X, ,X,낮음
6/24/2020,서천(614),X,27.4,26.5,24.2,22.7,74,X, ,X,낮음
6/24/2020,논산(615),X,26.9,25.3,22.9,21.4,85,X, ,X,낮음
6/24/2020,당진(616),X,25.5,25,21.7,20.3,85,X, ,X,낮음
6/24/2020,청양(618),X,26,24.6,22.1,20.1,83,X, ,X,낮음
6/24/2020,음성(619),X,26.7,23.3,21.2,19.6,87,X, ,X,낮음
6/24/2020,증평(623),X,27.4,25.3,22.3,20.6,83,X, ,X,낮음
6/24/2020,태안(627),X,26.9,25.1,22.2,20.5,88,X, ,X,낮음
6/24/2020,예산(628),X,26.5,25.8,22.8,21.2,83,X, ,X,낮음
6/24/2020,아산(634),X,26.2,25,22.5,21.2,76,X, ,X,낮음
6/24/2020,계룡(636),X,25.5,24.2,20.6,19,83,X, ,X,낮음
6/24/2020,연천청산(652),X,25.8,23.3,20.3,18.5,96,X, ,X,낮음
6/24/2020,양양(670),X,25.6,22,20.3,18.8,97,X, ,X,낮음
6/24/2020,무안(699),X,27.1,24.6,23,21.8,88,X, ,X,낮음
6/24/2020,무주(701),X,28.2,26.3,21.5,19.4,91,X, ,X,낮음
6/24/2020,익산(702),X,27.4,26.2,23.8,22.1,80,X, ,X,낮음
6/24/2020,진안(703),X,25.3,23.9,21.1,19.3,82,X, ,X,낮음
6/24/2020,담양(706),X,28.2,25.4,23,21.9,90,X, ,X,낮음
6/24/2020,구례(709),X,26.8,24.8,22.9,21.3,83,X, ,X,낮음
6/24/2020,나주(710),X,28.7,26,22.9,21.9,90,X, ,X,낮음
6/24/2020,순천시(712),X,27.6,24.6,23,21.5,89,X, ,X,낮음
6/24/2020,광양읍(713),X,26.7,24.9,22.9,21.1,76,X, ,X,낮음
6/24/2020,장성(730),X,26.9,25,22.9,21.7,85,X, ,X,낮음
6/24/2020,영암(731),X,27.8,25.1,23.3,21.9,89,X, ,X,낮음
6/24/2020,보성(732),X,26.9,24.1,21.9,20.9,92,X, ,X,낮음
6/24/2020,완주(734),X,27,25.4,21.6,19.8,88,X, ,X,낮음
6/24/2020,김제(737),X,26.8,26,23.6,22,78,X, ,X,낮음
6/24/2020,화순(741),X,26.8,24.6,22.6,21.6,81,X, ,X,낮음
6/24/2020,함평(754),X,27.4,24.6,22.7,21.5,92,X, ,X,낮음
6/24/2020,곡성(768),X,26.2,25.1,22.9,21.4,77,X, ,X,낮음
6/24/2020,압해도(789),X,27.5,24.3,22.8,21.9,90,X, ,X,낮음
6/24/2020,영양(801),X,27.1,25.8,20.9,18.2,83,X, ,X,낮음
6/24/2020,성주(810),X,25.6,23.2,21.8,19.8,79,X, ,X,낮음
6/24/2020,고령(812),X,26.9,23.4,21.8,19.4,89,X, ,X,낮음
6/24/2020,청도(813),X,26.3,24.7,21.7,19.3,84,X, ,X,낮음
6/24/2020,예천(815),X,26.3,25,21.8,19,74,X, ,X,낮음
6/24/2020,김천(822),X,26.6,24.4,21.7,20.2,90,X, ,X,낮음
6/24/2020,군위(823),X,26.6,24.6,22.2,19.9,80,X, ,X,낮음
6/24/2020,칠곡(825),X,26.3,24.4,22.1,20.3,86,X, ,X,낮음
6/24/2020,경산(827),X,26.3,24.3,22,19.8,77,X, ,X,낮음
6/24/2020,삼척(876),X,24.3,21.7,20.2,19,89,X, ,X,낮음
6/24/2020,속초(90),X,24.9,21.8,20,18.8,95.3,X, ,X,낮음
6/24/2020,삼천포(907),X,26.8,24.3,22.2,19.9,91,X, ,X,낮음
6/24/2020,고성(918),X,28,25.7,22.9,20.3,90,X, ,X,낮음
6/24/2020,창녕(919),X,27.3,25.3,22.6,21.2,84,X, ,X,낮음
6/24/2020,함안(920),X,27.3,24.9,22,19.9,89,X, ,X,낮음
6/24/2020,북춘천(93),X,27,24.7,21.2,18.8,90.1,X, ,X,보통
6/24/2020,하동(932),X,26.7,23.8,21.7,20.1,92,X, ,X,낮음
6/24/2020,철원(95),X,27.2,23.6,19.9,18.2,98.9,X, ,X,낮음
6/24/2020,동두천(98),X,26.4,24.2,20.6,18.2,90.5,X, ,X,낮음
6/24/2020,파주(99),X,25.3,22.1,19.9,18.5,96.9,X, ,X,낮음
6/25/2020,북강릉(104),X,24.2,21.7,19.5,18.5,91.3,X, ,X,보통
6/25/2020,동해(106),X,24,21.3,19.3,17.9,89.8,X, ,X,낮음
6/25/2020,서울(108),X,25.8,23.4,21.6,20.1,91,X, ,X,높음
6/25/2020,인천(112),X,24.8,21.2,20.3,19.1,97.1,X, ,X,높음
6/25/2020,원주(114),X,25.9,24,22,19.8,77.1,X, ,X,낮음
6/25/2020,울릉도(115),X,27.9,24.1,20.9,19.6,98.8,X, ,X,낮음
6/25/2020,수원(119),X,26.3,23.6,21.6,19.8,94.3,X, ,X,낮음
6/25/2020,영월(121),X,26.5,23.8,20.6,18.7,94.1,X, ,X,낮음
6/25/2020,충주(127),X,26.4,23.8,21.3,20,90.3,X, ,X,낮음
6/25/2020,서산(129),X,24.8,22.1,20.4,19.2,93.8,X, ,X,높음
6/25/2020,울진(130),X,25.8,23.6,20.2,18.7,92.6,X, ,X,낮음
6/25/2020,청주(131),X,26.1,24,21.9,20.5,85.3,X, ,X,높음
6/25/2020,대전(133),X,26.2,22.8,21.8,20.2,91.8,X, ,X,높음
6/25/2020,추풍령(135),X,25.7,22.8,20.5,18.7,89.1,X, ,X,낮음
6/25/2020,안동(136),X,26.5,23.3,21.2,18.7,91,X,관심,X,높음
6/25/2020,상주(137),X,26.4,22.8,20.9,19.1,95.6,X,관심,X,낮음
6/25/2020,포항(138),X,29.2,27.2,22.6,20.7,87.3,X, ,X,낮음
6/25/2020,군산(140),X,26.2,23.3,21.4,20.3,88.1,X, ,X,낮음
6/25/2020,대구(143),X,28.9,26.9,23.8,20.1,86.1,X,관심,X,높음
6/25/2020,전주(146),X,26.7,24.1,22.3,20.1,83.4,X, ,X,높음
6/25/2020,울산(152),X,29.2,26.3,22.7,20.1,96.5,X, ,X,높음
6/25/2020,창원(155),X,27.2,24.4,22.2,21.1,92.8,X, ,X,높음
6/25/2020,광주(156),X,27.2,23.8,22.2,20.4,94.5,X, ,X,높음
6/25/2020,부산(159),X,27.8,24.6,22,20.9,96.4,X, ,X,보통
6/25/2020,통영(162),X,26.6,22.8,22,21,99.6,X, ,X,낮음
6/25/2020,목포(165),X,26.3,23.6,21.8,20.1,89.5,X, ,X,높음
6/25/2020,여수(168),X,26.2,22.4,21.8,20.9,99.4,X, ,X,낮음
6/25/2020,흑산도(169),X,25.7,23.5,20.4,18.1,91.9,X, ,X,낮음
6/25/2020,완도(170),X,26.7,23.4,22,20.3,91.9,X, ,X,낮음
6/25/2020,고창(172),X,26.5,23.1,21.6,20,89.5,X, ,X,낮음
6/25/2020,제주(184),X,28.5,24.9,22.9,21.6,93.3,X, ,X,보통
6/25/2020,진주(192),X,28.5,25.2,22.9,21.2,94.9,X, ,X,낮음
6/25/2020,양평(202),X,26.7,23.8,21.6,19.5,92.6,X, ,X,낮음
6/25/2020,이천(203),X,27.3,24,21.5,19.7,95.5,X, ,X,낮음
6/25/2020,인제(211),X,25.4,22.5,20.4,18.4,93.3,X, ,X,낮음
6/25/2020,홍천(212),X,26.2,23.4,20.8,19,91.6,X, ,X,낮음
6/25/2020,태백(216),X,26.2,24.8,20.2,16.8,88.9,X, ,X,낮음
6/25/2020,정선군(217),X,25.6,22.7,20.2,17.7,94,X, ,X,낮음
6/25/2020,제천(221),X,25.4,22.2,20.1,18.6,94.6,X, ,X,낮음
6/25/2020,보은(226),X,26.4,23.8,21.7,19.8,87,X, ,X,낮음
6/25/2020,천안(232),X,26.4,24.2,21.5,20.3,91.4,X, ,X,낮음
6/25/2020,보령(235),X,25.3,21.8,20.7,19.6,93.3,X, ,X,낮음
6/25/2020,부여(236),X,25.9,22.9,21.4,20.1,88.9,X, ,X,낮음
6/25/2020,금산(238),X,27,24.4,21.6,19.7,91.4,X, ,X,낮음
6/25/2020,세종(239),X,25.5,23.1,21.3,19.9,88,X, ,X,높음
6/25/2020,부안(243),X,26.8,23.8,21.8,20.3,88.1,X, ,X,낮음
6/25/2020,임실(244),X,25.6,22.6,20.8,19,95.1,X, ,X,낮음
6/25/2020,정읍(245),X,26.2,23.4,21.5,19.7,82.8,X, ,X,낮음
6/25/2020,남원(247),X,27,23.9,22.2,20.5,91.4,X, ,X,낮음
6/25/2020,장수(248),X,25.6,22,21,19.4,93.9,X, ,X,낮음
6/25/2020,영광군(252),X,26.5,24.3,21.7,20,86.3,X, ,X,낮음
6/25/2020,김해시(253),X,27.7,24.5,22.3,20.8,98.6,X, ,X,낮음
6/25/2020,순창군(254),X,26.2,23.4,22,19.9,86.6,X, ,X,낮음
6/25/2020,양산시(257),X,28.1,24.9,22.9,20.9,97.1,X, ,X,낮음
6/25/2020,강진군(259),X,26.9,23.8,22.6,20.7,86.9,X, ,X,낮음
6/25/2020,장흥(260),X,26.9,23.9,22.1,20.1,90,X, ,X,낮음
6/25/2020,해남(261),X,25.8,22.1,,21.4,,X, ,X,낮음
6/25/2020,고흥(262),X,26.9,23.5,22,20,95.4,X, ,X,낮음
6/25/2020,의령군(263),X,28.8,26.5,23.6,21.7,89,X, ,X,낮음
6/25/2020,함양군(264),X,28.4,26.4,22.8,20.9,82.8,X, ,X,낮음
6/25/2020,진도군ASOS(268),X,27.2,24.6,22.3,19.7,90.5,X, ,X,낮음
6/25/2020,봉화(271),X,25.3,22.3,20.3,17.7,94,X, ,X,낮음
6/25/2020,영주(272),X,25.6,22.2,20.5,18.1,95.4,X, ,X,낮음
6/25/2020,문경(273),X,25.6,22.2,20.3,18.9,96.4,X, ,X,낮음
6/25/2020,청송군(276),X,29.3,26.3,22.1,18.7,96.5,X,관심,X,낮음
6/25/2020,영덕(277),X,28.5,25.9,20.5,18.8,92.4,X, ,X,낮음
6/25/2020,의성(278),X,27.8,25,22.2,19.7,91.4,X,관심,X,낮음
6/25/2020,구미(279),X,28.5,24.7,22.2,20.2,99,X,관심,X,낮음
6/25/2020,영천(281),X,29.1,27.1,22.8,20,89,X,관심,X,낮음
6/25/2020,경주시(283),X,29.7,27.4,23.1,20.7,89.8,X,관심,X,낮음
6/25/2020,거창(284),X,27.7,25.4,22.6,20.4,85.9,X, ,X,낮음
6/25/2020,합천(285),X,28.7,26,22.9,20.7,92.4,X, ,X,낮음
6/25/2020,밀양(288),X,28.2,25.7,23.1,21.4,90.8,X, ,X,낮음
6/25/2020,산청(289),X,28.4,25.4,22.6,20.6,90.8,X, ,X,낮음
6/25/2020,거제(294),X,26.6,23.4,22.4,21.4,94,X, ,X,낮음
6/25/2020,남해(295),X,27.5,24.6,22.7,20.4,92.1,X, ,X,낮음
6/25/2020,부천(433),X,,22.4,20.4,18.9,,X, ,X,낮음
6/25/2020,안양(434),X,,22.8,21.3,19.7,,X, ,X,낮음
6/25/2020,광명(437),X,,23.1,21.4,20,,X, ,X,낮음
6/25/2020,군포(438),X,,22.5,20.6,19.2,,X, ,X,낮음
6/25/2020,김포(441),X,,23.4,21.2,19.6,,X, ,X,낮음
6/25/2020,하남(444),X,,23.2,21,19.5,,X, ,X,낮음
6/25/2020,의왕(445),X,,21.9,19.7,18.2,,X, ,X,낮음
6/25/2020,포천(504),X,25.7,23.2,20.6,18.6,88,X, ,X,낮음
6/25/2020,가평조종(505),X,25.9,22.9,20.3,18.3,96,X, ,X,낮음
6/25/2020,안성(516),X,27.2,24.3,22,20.6,91,X, ,X,낮음
6/25/2020,간성(517),X,24.3,20.8,19.3,18.4,97,X, ,X,낮음
6/25/2020,평창(526),X,25.6,23,20.1,18.1,91,X, ,X,낮음
6/25/2020,의정부(532),X,27.2,23.8,20.8,19.6,98,X, ,X,낮음
6/25/2020,횡성(536),X,26.8,23.6,21,19.1,95,X, ,X,낮음
6/25/2020,고양(540),X,25.9,23.4,21.2,19.6,93,X, ,X,낮음
6/25/2020,남양주(541),X,26.4,23.8,21.3,19.7,88,X, ,X,낮음
6/25/2020,안산(545),X,25.5,22.3,20.9,19.4,97,X, ,X,낮음
6/25/2020,경기광주(546),X,26.3,23.2,20.7,19.2,93,X, ,X,낮음
6/25/2020,여주(548),X,26.6,23.6,20.9,19.2,93,X, ,X,낮음
6/25/2020,용인(549),X,25.7,23.3,21,19.3,88,X, ,X,낮음
6/25/2020,오산(550),X,26,24.1,21.5,19.5,86,X, ,X,낮음
6/25/2020,평택(551),X,26.4,23.1,21.6,20.3,94,X, ,X,낮음
6/25/2020,화천(555),X,27,23.9,20.6,18.6,96,X, ,X,낮음
6/25/2020,양구(556),X,25.6,22.5,20.7,18.4,91,X, ,X,낮음
6/25/2020,시흥(565),X,26.3,23.7,21.3,19.7,93,X, ,X,낮음
6/25/2020,구리(569),X,26.4,24.6,21.7,20,83,X, ,X,낮음
6/25/2020,화성(571),X,25.3,22.7,21,19.6,93,X, ,X,낮음
6/25/2020,성남(572),X,26,23.9,21.8,20,84,X, ,X,높음
6/25/2020,과천(590),X,26.2,23.8,21.6,19.9,91,X, ,X,낮음
6/25/2020,양주(598),X,25.9,23.5,20.9,19.3,93,X, ,X,낮음
6/25/2020,단양(601),X,27.9,24.3,21.3,19.7,99,X, ,X,낮음
6/25/2020,진천(602),X,25.9,23.6,21.8,20.3,86,X, ,X,낮음
6/25/2020,괴산(603),X,26.3,23.7,21.3,19.9,90,X, ,X,낮음
6/25/2020,옥천(604),X,26.5,23.5,21.5,20.4,90,X, ,X,낮음
6/25/2020,홍북(608),X,24.6,20.9,19.6,18.5,99,X, ,X,낮음
6/25/2020,공주(612),X,26.3,23.8,21.6,20.1,89,X, ,X,낮음
6/25/2020,서천(614),X,26.6,23.6,22.3,21.3,85,X, ,X,낮음
6/25/2020,논산(615),X,26.9,23.8,22,20.1,89,X, ,X,낮음
6/25/2020,당진(616),X,25.3,22.6,20.1,19.1,96,X, ,X,낮음
6/25/2020,청양(618),X,25.3,21.9,20.7,19.3,92,X, ,X,낮음
6/25/2020,음성(619),X,25.9,22.7,20.8,19.8,95,X, ,X,낮음
6/25/2020,증평(623),X,26,22.7,21.3,20.2,94,X, ,X,낮음
6/25/2020,태안(627),X,24.3,20.9,19.7,18.9,98,X, ,X,낮음
6/25/2020,예산(628),X,25.6,22.9,21,19.5,94,X, ,X,낮음
6/25/2020,아산(634),X,26.4,23.6,21.1,19.7,95,X, ,X,낮음
6/25/2020,계룡(636),X,24.6,21.8,20.6,18.9,83,X, ,X,낮음
6/25/2020,연천청산(652),X,26.4,23.5,20.6,18.8,97,X, ,X,낮음
6/25/2020,양양(670),X,25.6,22,19.9,19,97,X, ,X,낮음
6/25/2020,무안(699),X,26.3,23.5,21.6,19.6,91,X, ,X,낮음
6/25/2020,무주(701),X,27.9,25,22.4,20.3,93,X, ,X,낮음
6/25/2020,익산(702),X,26.9,23.6,22,20.4,92,X, ,X,낮음
6/25/2020,진안(703),X,25.3,22.1,20.7,18.6,91,X, ,X,낮음
6/25/2020,담양(706),X,28.1,24.7,22.7,20.4,96,X, ,X,낮음
6/25/2020,구례(709),X,28.2,25.2,22.8,20.6,91,X, ,X,낮음
6/25/2020,나주(710),X,27.6,25.4,22.3,20.1,90,X, ,X,낮음
6/25/2020,순천시(712),X,28.3,24.9,22.8,20.7,97,X, ,X,낮음
6/25/2020,광양읍(713),X,27.6,25.3,22.7,20,83,X, ,X,낮음
6/25/2020,장성(730),X,26.8,24.4,22.1,20,88,X, ,X,낮음
6/25/2020,영암(731),X,27.5,24.5,22.4,20.2,91,X, ,X,낮음
6/25/2020,보성(732),X,26.2,22.8,21.5,19.2,95,X, ,X,낮음
6/25/2020,완주(734),X,26.2,23.2,21.3,19.2,93,X, ,X,낮음
6/25/2020,김제(737),X,26.8,23.7,21.5,19.8,93,X, ,X,낮음
6/25/2020,화순(741),X,26.3,23.9,22.3,20.2,81,X, ,X,낮음
6/25/2020,함평(754),X,26.7,24.4,21.8,19.7,91,X, ,X,낮음
6/25/2020,곡성(768),X,26.9,24.6,22.7,20.2,84,X, ,X,낮음
6/25/2020,압해도(789),X,27.1,24.1,21.9,19.4,91,X, ,X,낮음
6/25/2020,영양(801),X,27.7,25,21.9,18.4,93,X, ,X,낮음
6/25/2020,성주(810),X,28.5,26,22.5,19.9,91,X,관심,X,낮음
6/25/2020,고령(812),X,29.8,26,23.1,20.7,98,X,관심,X,낮음
6/25/2020,청도(813),X,28.2,25.5,23.1,20.8,92,X, ,X,낮음
6/25/2020,예천(815),X,26.6,23.4,21.1,19,90,X,관심,X,낮음
6/25/2020,김천(822),X,28.1,24.7,22.1,20.5,95,X,관심,X,낮음
6/25/2020,군위(823),X,27.8,24.6,21.8,19.8,95,X,관심,X,낮음
6/25/2020,칠곡(825),X,28.8,25.5,23.2,20.3,95,X,관심,X,낮음
6/25/2020,경산(827),X,29.3,27.5,23.6,19.9,84,X,관심,X,낮음
6/25/2020,삼척(876),X,23.8,21.5,19.6,18.5,88,X, ,X,낮음
6/25/2020,속초(90),X,24.2,21.6,19.3,18.5,92.6,X, ,X,낮음
6/25/2020,삼천포(907),X,26.6,23,22,20.6,98,X, ,X,낮음
6/25/2020,고성(918),X,26.9,23.4,22.6,21.8,96,X, ,X,낮음
6/25/2020,창녕(919),X,29.2,26.6,23.7,21.8,92,X, ,X,낮음
6/25/2020,함안(920),X,28.5,26.1,23.3,21.4,93,X, ,X,낮음
6/25/2020,북춘천(93),X,26.8,23.6,21.1,19,96.8,X, ,X,보통
6/25/2020,하동(932),X,27.8,24.8,22.8,20.8,95,X, ,X,낮음
6/25/2020,철원(95),X,26.3,22.5,20.1,18.1,100,X, ,X,낮음
6/25/2020,동두천(98),X,26.6,23.3,20.4,18.7,97.9,X, ,X,낮음
6/25/2020,파주(99),X,25.8,22.8,20.3,19,97.6,X, ,X,낮음
6/26/2020,북강릉(104),X,28.1,28.1,23.5,18.3,66.6,X, ,X,높음
6/26/2020,동해(106),X,28.3,28.8,23.5,18,64.8,X, ,X,낮음
6/26/2020,서울(108),X,27.2,25.7,21.8,19.2,82.1,X, ,X,높음
6/26/2020,인천(112),X,25.1,23.1,20.3,18.7,89,X, ,X,매우높음
6/26/2020,원주(114),X,26.5,26.2,21.8,19.2,72.4,X, ,X,낮음
6/26/2020,울릉도(115),X,28.2,26.8,23,19.8,76.5,X, ,X,낮음
6/26/2020,수원(119),X,27.8,25.8,21.8,18.7,85.8,X, ,X,낮음
6/26/2020,영월(121),X,26.3,25.2,21.2,19.2,79,X, ,X,낮음
6/26/2020,충주(127),X,28,27.5,22.1,19.3,79.3,X, ,X,낮음
6/26/2020,서산(129),X,27.2,25.6,21.7,18.4,81.5,X, ,X,높음
6/26/2020,울진(130),X,29,29.1,24.6,18.5,64.8,X, ,X,낮음
6/26/2020,청주(131),X,28.9,28.8,23.9,19.7,69.3,X, ,X,높음
6/26/2020,대전(133),X,29.1,27.6,23.2,19.7,81.5,X, ,X,높음
6/26/2020,추풍령(135),X,27,26.1,21.3,18.7,75.9,X, ,X,낮음
6/26/2020,안동(136),X,28.4,27.7,23.2,19.7,71.5,X, ,X,높음
6/26/2020,상주(137),X,29.1,28,23.2,20,77.5,X,관심,X,낮음
6/26/2020,포항(138),X,30.1,30.4,26,20.7,62.3,X,관심,X,낮음
6/26/2020,군산(140),X,27.4,25.8,22,19.6,83.4,X, ,X,낮음
6/26/2020,대구(143),X,29.5,30.7,25.5,21.7,60.3,X,관심,X,매우높음
6/26/2020,전주(146),X,28.1,26.9,22.8,19.6,77.3,X, ,X,높음
6/26/2020,울산(152),X,30.3,30.5,24.8,20.7,75,X,관심,X,높음
6/26/2020,창원(155),X,31.2,31.4,24.3,19.6,70.9,X,관심,X,매우높음
6/26/2020,광주(156),X,29.5,28.8,23.8,19.9,80.4,X,관심,X,매우높음
6/26/2020,부산(159),X,29.2,28.2,23.3,20.3,76.9,X,관심,X,높음
6/26/2020,통영(162),X,28.6,27.4,23,20.2,77.6,X, ,X,낮음
6/26/2020,목포(165),X,28.1,26.3,22.5,19.6,83,X, ,X,매우높음
6/26/2020,여수(168),X,28.8,28.3,22.9,20.1,80.1,X, ,X,낮음
6/26/2020,흑산도(169),X,26.5,23.9,20.5,17.9,88.3,X, ,X,낮음
6/26/2020,완도(170),X,29.7,28.6,23,19.6,80.8,X, ,X,낮음
6/26/2020,고창(172),X,28.9,27.6,22.6,20,80.9,X, ,X,낮음
6/26/2020,제주(184),X,27.3,25.4,22.9,20.7,82,X, ,X,위험
6/26/2020,진주(192),X,31.8,30.7,24.4,19.1,76.4,X,관심,X,낮음
6/26/2020,양평(202),X,27.7,26.9,22.1,19.3,79.4,X, ,X,낮음
6/26/2020,이천(203),X,28,26.5,21.8,19.1,86.8,X, ,X,낮음
6/26/2020,인제(211),X,25.4,24,21.7,19.5,77.5,X, ,X,낮음
6/26/2020,홍천(212),X,27,26.3,21.6,19.3,79.9,X, ,X,낮음
6/26/2020,태백(216),X,23.9,22.7,19.8,18.1,72.6,X, ,X,낮음
6/26/2020,정선군(217),X,25.6,23.7,20.6,18.5,83.9,X, ,X,낮음
6/26/2020,제천(221),X,26,24.7,20.4,18.4,85.8,X, ,X,낮음
6/26/2020,보은(226),X,28.5,27.8,22.4,18.9,75.9,X, ,X,낮음
6/26/2020,천안(232),X,27.4,26.3,22.1,19.1,81,X, ,X,낮음
6/26/2020,보령(235),X,26.9,25,21.3,19.1,86,X, ,X,낮음
6/26/2020,부여(236),X,28.2,27.3,22.7,19.5,80.4,X, ,X,낮음
6/26/2020,금산(238),X,27.9,27.2,22.3,19.2,78.8,X, ,X,낮음
6/26/2020,세종(239),X,28.2,27.6,22.6,19.2,74.8,X, ,X,매우높음
6/26/2020,부안(243),X,27.8,26.3,22.5,20,82.3,X, ,X,낮음
6/26/2020,임실(244),X,27.4,26.5,21.1,17.9,85.4,X, ,X,낮음
6/26/2020,정읍(245),X,28.6,27.7,22.5,19.2,76.5,X, ,X,낮음
6/26/2020,남원(247),X,29.1,28.1,22.5,19,82.1,X,관심,X,낮음
6/26/2020,장수(248),X,27.1,25.7,20.6,17.8,86.3,X, ,X,낮음
6/26/2020,영광군(252),X,28.2,27.3,22.6,19.8,78.9,X, ,X,낮음
6/26/2020,김해시(253),X,31.4,30.9,24.6,20.2,76.4,X,관심,X,낮음
6/26/2020,순창군(254),X,29.6,29.1,22.5,18.8,81,X,관심,X,낮음
6/26/2020,양산시(257),X,32.2,32,25.5,21.5,73.8,X,관심,X,낮음
6/26/2020,강진군(259),X,30.1,29.2,23.7,19.8,74.4,X, ,X,낮음
6/26/2020,장흥(260),X,29.8,29,23.4,19.8,77.1,X, ,X,낮음
6/26/2020,해남(261),X,29.9,28.4,,18.8,,X, ,X,낮음
6/26/2020,고흥(262),X,29.7,28.8,23,18.6,78.6,X, ,X,낮음
6/26/2020,의령군(263),X,31,30.5,25.4,19.9,68.3,X,관심,X,낮음
6/26/2020,함양군(264),X,29.1,28.7,23.4,19.4,70.5,X,관심,X,낮음
6/26/2020,진도군ASOS(268),X,29,27.2,22.7,18.3,83.5,X, ,X,낮음
6/26/2020,봉화(271),X,25.8,24.6,20.4,17.8,81.8,X, ,X,낮음
6/26/2020,영주(272),X,27.2,26.2,21.5,18.9,79.5,X, ,X,낮음
6/26/2020,문경(273),X,27.9,27.1,22.1,18.9,78.8,X, ,X,낮음
6/26/2020,청송군(276),X,28.4,27.2,22.3,19.2,83.9,X, ,X,낮음
6/26/2020,영덕(277),X,29.1,29.1,24.4,18.4,67,X, ,X,낮음
6/26/2020,의성(278),X,29.3,28.8,23.1,19.6,76.6,X,관심,X,낮음
6/26/2020,구미(279),X,29.9,29,24,20.2,82.1,X,관심,X,낮음
6/26/2020,영천(281),X,28.9,28.8,24.3,20,69.5,X,관심,X,낮음
6/26/2020,경주시(283),X,30.3,30.2,24.9,20.5,71.4,X,관심,X,낮음
6/26/2020,거창(284),X,29.4,29.3,23.2,18.7,72.8,X,관심,X,낮음
6/26/2020,합천(285),X,30.5,30.4,24.5,18.4,73.5,X,관심,X,낮음
6/26/2020,밀양(288),X,30.6,30.8,25.4,20.3,68.3,X,관심,X,낮음
6/26/2020,산청(289),X,29.6,29.2,24.1,19.3,71.6,X,관심,X,낮음
6/26/2020,거제(294),X,29.7,28.4,23.2,20.5,75.8,X, ,X,낮음
6/26/2020,남해(295),X,30.1,29.3,23.9,20,74.6,X, ,X,낮음
6/26/2020,부천(433),X,,25.6,20.8,18.3,,X, ,X,낮음
6/26/2020,안양(434),X,,24.6,21.6,18.8,,X, ,X,낮음
6/26/2020,광명(437),X,,26.1,21.8,19.2,,X, ,X,낮음
6/26/2020,군포(438),X,,25.8,21.4,18.3,,X, ,X,낮음
6/26/2020,김포(441),X,,25.6,21.4,18.9,,X, ,X,낮음
6/26/2020,하남(444),X,,25.8,21.6,18.6,,X, ,X,낮음
6/26/2020,의왕(445),X,,24.4,19.8,17,,X, ,X,낮음
6/26/2020,포천(504),X,27.1,25.9,21.4,18.7,79,X, ,X,낮음
6/26/2020,가평조종(505),X,27,25.7,20.9,18.5,85,X, ,X,낮음
6/26/2020,안성(516),X,28.3,27.2,22.3,19.1,83,X, ,X,낮음
6/26/2020,간성(517),X,29.3,28.7,22.8,18.1,78,X, ,X,낮음
6/26/2020,평창(526),X,25,24,20.4,17.8,79,X, ,X,낮음
6/26/2020,의정부(532),X,28,25.8,21.8,18.9,91,X, ,X,낮음
6/26/2020,횡성(536),X,27,25.4,20.8,18.5,89,X, ,X,낮음
6/26/2020,고양(540),X,29,28,22,19,83,X, ,X,낮음
6/26/2020,남양주(541),X,28.2,27.5,22.4,19.2,76,X, ,X,낮음
6/26/2020,안산(545),X,27.7,25.9,21.1,18.4,88,X, ,X,낮음
6/26/2020,경기광주(546),X,27.6,26.5,21.3,18.3,83,X, ,X,낮음
6/26/2020,여주(548),X,27.1,25.7,21.4,18.3,82,X, ,X,낮음
6/26/2020,용인(549),X,26.6,25.8,21.4,18.4,79,X, ,X,낮음
6/26/2020,오산(550),X,27.6,26.7,22.1,18.5,77,X, ,X,낮음
6/26/2020,평택(551),X,28.4,27.3,22.5,19.1,80,X, ,X,낮음
6/26/2020,화천(555),X,28,26.5,21.8,19.6,87,X, ,X,낮음
6/26/2020,양구(556),X,26,24.8,21.8,19.7,76,X, ,X,낮음
6/26/2020,시흥(565),X,27.2,25.6,21.4,18.9,86,X, ,X,낮음
6/26/2020,구리(569),X,28.3,27.8,22.6,19.3,72,X, ,X,낮음
6/26/2020,화성(571),X,27.3,25.8,21.8,18.7,81,X, ,X,낮음
6/26/2020,성남(572),X,27.1,26.2,22,19,75,X, ,X,높음
6/26/2020,과천(590),X,27.4,26.2,21.9,18.9,82,X, ,X,낮음
6/26/2020,양주(598),X,27.2,26.1,21.5,19.1,83,X, ,X,낮음
6/26/2020,단양(601),X,28.5,26.3,21.8,19.4,93,X, ,X,낮음
6/26/2020,진천(602),X,27.9,26.7,22.2,19.6,80,X, ,X,낮음
6/26/2020,괴산(603),X,28,27.6,22.1,19,78,X, ,X,낮음
6/26/2020,옥천(604),X,28.5,28.3,22.8,19.6,75,X, ,X,낮음
6/26/2020,홍북(608),X,28.5,26.7,20.9,17.8,91,X, ,X,낮음
6/26/2020,공주(612),X,29,28.4,23.3,19.3,76,X, ,X,낮음
6/26/2020,서천(614),X,27.8,26,22.6,20.5,79,X, ,X,낮음
6/26/2020,논산(615),X,28.6,27.6,23.1,20,79,X, ,X,낮음
6/26/2020,당진(616),X,28.1,26.4,21.4,18.3,84,X, ,X,낮음
6/26/2020,청양(618),X,28.4,27.1,21.8,17.8,84,X, ,X,낮음
6/26/2020,음성(619),X,27.8,26.7,21.6,18.8,84,X, ,X,낮음
6/26/2020,증평(623),X,28.2,27.2,22.5,19.2,81,X, ,X,낮음
6/26/2020,태안(627),X,27.5,24.8,20.9,18.4,92,X, ,X,낮음
6/26/2020,예산(628),X,27.9,26.7,22.4,19,82,X, ,X,낮음
6/26/2020,아산(634),X,29.3,29.1,22.8,19.1,78,X, ,X,낮음
6/26/2020,계룡(636),X,27.1,26.2,21.2,17.8,75,X, ,X,낮음
6/26/2020,연천청산(652),X,27.5,26.3,21.6,18.9,87,X, ,X,낮음
6/26/2020,양양(670),X,28.7,27.3,24,18.8,79,X, ,X,낮음
6/26/2020,무안(699),X,28.5,27.1,22.3,19.3,83,X, ,X,낮음
6/26/2020,무주(701),X,28.9,27.9,22.3,18.6,84,X, ,X,낮음
6/26/2020,익산(702),X,28.5,27,22.6,19.7,84,X, ,X,낮음
6/26/2020,진안(703),X,27.1,26.1,20.2,17.6,85,X, ,X,낮음
6/26/2020,담양(706),X,31.1,29.9,23.8,20,85,X,관심,X,낮음
6/26/2020,구례(709),X,30.1,29.2,23.7,20.4,78,X,관심,X,낮음
6/26/2020,나주(710),X,29.4,28.3,23.5,19.2,81,X,관심,X,낮음
6/26/2020,순천시(712),X,31.2,30.8,24.3,20.1,77,X,관심,X,낮음
6/26/2020,광양읍(713),X,29.5,30.6,24.8,19.7,59,X,관심,X,낮음
6/26/2020,장성(730),X,29.3,28.6,23.1,20,79,X, ,X,낮음
6/26/2020,영암(731),X,30.1,28.7,23.2,19.3,83,X, ,X,낮음
6/26/2020,보성(732),X,29.4,28.4,22.6,18.5,80,X,관심,X,낮음
6/26/2020,완주(734),X,28.6,27.2,21.8,18.9,86,X, ,X,낮음
6/26/2020,김제(737),X,28.3,27,22.6,19.7,82,X, ,X,낮음
6/26/2020,화순(741),X,29.4,29.5,23.4,19.6,71,X,관심,X,낮음
6/26/2020,함평(754),X,29.5,28,23.1,19.4,82,X, ,X,낮음
6/26/2020,곡성(768),X,28.9,28.5,22.7,19.1,77,X,관심,X,낮음
6/26/2020,압해도(789),X,28.3,26.2,22.8,19.2,84,X, ,X,낮음
6/26/2020,영양(801),X,27.6,26.8,22.8,20,72,X, ,X,낮음
6/26/2020,성주(810),X,29.8,30.2,23.9,20.1,70,X,관심,X,낮음
6/26/2020,고령(812),X,30.5,30.8,24,18.1,78,X,관심,X,낮음
6/26/2020,청도(813),X,30.3,30.5,25.1,20.5,72,X,관심,X,낮음
6/26/2020,예천(815),X,28.7,28.7,23.1,19.8,71,X,관심,X,낮음
6/26/2020,김천(822),X,30.9,30.1,23.5,19.5,81,X,관심,X,낮음
6/26/2020,군위(823),X,29.7,29.3,23.3,19.4,78,X,관심,X,낮음
6/26/2020,칠곡(825),X,29.9,29.7,24.4,20.5,75,X,관심,X,낮음
6/26/2020,경산(827),X,29.9,30.7,25.3,21,63,X,관심,X,낮음
6/26/2020,삼척(876),X,29.3,30.3,25,18.6,60,X, ,X,낮음
6/26/2020,속초(90),X,28.8,28.6,23.8,18.2,68.6,X, ,X,낮음
6/26/2020,삼천포(907),X,29.4,28.1,22.8,19.7,79,X, ,X,낮음
6/26/2020,고성(918),X,30,28,23,19.4,83,X, ,X,낮음
6/26/2020,창녕(919),X,31,30.8,25.8,20.5,72,X,관심,X,낮음
6/26/2020,함안(920),X,31.3,31.2,25,19.7,73,X,관심,X,낮음
6/26/2020,북춘천(93),X,27.3,25.6,22,19.7,85.1,X, ,X,보통
6/26/2020,하동(932),X,31,30.4,24.3,18.6,77,X,관심,X,낮음
6/26/2020,철원(95),X,27.5,24.8,21.2,18.8,96.3,X, ,X,낮음
6/26/2020,동두천(98),X,27.8,25.9,21.1,18.6,89.8,X, ,X,낮음
6/26/2020,파주(99),X,27.7,25.8,21.3,19,88,X, ,X,낮음
6/27/2020,북강릉(104),X,29.6,29.3,23.5,19.9,70.5,X,관심,X,높음
6/27/2020,동해(106),X,29.1,28.1,22.4,19.7,73.8,X, ,X,낮음
6/27/2020,서울(108),X,30,29.6,24.1,20.4,70.4,X, ,X,높음
6/27/2020,인천(112),X,27.5,26.3,22.7,20.2,76.8,X, ,X,높음
6/27/2020,원주(114),X,28.2,28.8,24,20.2,63.6,X,관심,X,낮음
6/27/2020,울릉도(115),X,28.1,26.7,23.8,21,64.8,X, ,X,낮음
6/27/2020,수원(119),X,30.2,29.3,23.7,20,77.3,X, ,X,낮음
6/27/2020,영월(121),X,29.5,29.2,22.2,18,77.8,X,관심,X,낮음
6/27/2020,충주(127),X,28.8,28.5,23.2,19,75,X, ,X,낮음
6/27/2020,서산(129),X,29.5,29.5,23,18.9,73,X, ,X,매우높음
6/27/2020,울진(130),X,28.9,28.2,22.9,20.5,75.3,X, ,X,낮음
6/27/2020,청주(131),X,29.3,29,24.8,20.3,67.8,X, ,X,매우높음
6/27/2020,대전(133),X,30.9,30.3,24.6,20,79.3,X, ,X,매우높음
6/27/2020,추풍령(135),X,28.4,28.4,22.2,17.7,74.4,X, ,X,낮음
6/27/2020,안동(136),X,29.9,29.3,23.1,18.6,75.8,X,관심,X,매우높음
6/27/2020,상주(137),X,30.6,29.3,23.5,19.2,80.8,X,관심,X,낮음
6/27/2020,포항(138),X,31.3,30.8,26.1,23.8,65.1,X,관심,X,낮음
6/27/2020,군산(140),X,29.6,28.8,23.4,19.2,82.6,X, ,X,낮음
6/27/2020,대구(143),X,30.2,31.3,26.1,20.9,59.4,X,관심,X,매우높음
6/27/2020,전주(146),X,30.4,30.8,24.8,19.8,72.6,X, ,X,매우높음
6/27/2020,울산(152),X,30.9,30.9,24.8,21.1,74.6,X,관심,X,매우높음
6/27/2020,창원(155),X,30.9,30.4,24.2,19.1,72.3,X,관심,X,매우높음
6/27/2020,광주(156),X,31.2,30.9,25.1,20.3,80.3,X,관심,X,높음
6/27/2020,부산(159),X,29.1,27.9,23.2,20.2,75.9,X,관심,X,높음
6/27/2020,통영(162),X,29.4,28.3,22.3,18.9,86,X, ,X,낮음
6/27/2020,목포(165),X,30.2,28.4,23.7,19.8,84,X, ,X,매우높음
6/27/2020,여수(168),X,28.2,26.5,23.1,20.2,87.4,X, ,X,낮음
6/27/2020,흑산도(169),X,27.7,25.5,20.8,17.5,89.1,X, ,X,낮음
6/27/2020,완도(170),X,28.6,26.6,22.2,19,88.8,X, ,X,낮음
6/27/2020,고창(172),X,31.1,30.2,23.8,18.9,83.8,X, ,X,낮음
6/27/2020,제주(184),X,29,26.8,23.1,20.8,89.9,X, ,X,높음
6/27/2020,진주(192),X,31.2,30.2,24.2,19.1,82.1,X,관심,X,낮음
6/27/2020,양평(202),X,29.1,28.1,23.2,19.2,77.3,X, ,X,낮음
6/27/2020,이천(203),X,29.5,28.5,23.5,19.1,78.4,X, ,X,낮음
6/27/2020,인제(211),X,28.4,27.6,22.4,18.3,76.8,X, ,X,낮음
6/27/2020,홍천(212),X,28.9,28.6,23.2,19.4,74,X,관심,X,낮음
6/27/2020,태백(216),X,25.9,25.5,20.7,17.5,71,X, ,X,낮음
6/27/2020,정선군(217),X,28.3,27.2,21.3,17.7,84.5,X,관심,X,낮음
6/27/2020,제천(221),X,27.8,27.2,21.6,17.5,81.5,X, ,X,낮음
6/27/2020,보은(226),X,29.8,29.6,22.9,17.4,76.3,X, ,X,낮음
6/27/2020,천안(232),X,29.4,28.3,22.9,18.2,78.8,X, ,X,낮음
6/27/2020,보령(235),X,28.3,27.6,22.7,19,77.3,X, ,X,낮음
6/27/2020,부여(236),X,30.2,29.9,23.6,18.6,80,X, ,X,낮음
6/27/2020,금산(238),X,29.9,29.6,22.9,17.7,78.6,X, ,X,낮음
6/27/2020,세종(239),X,29.3,29.1,23.8,19.1,71.8,X, ,X,매우높음
6/27/2020,부안(243),X,30.4,29.2,23.7,19.7,81.3,X, ,X,낮음
6/27/2020,임실(244),X,29.7,29.2,22.3,17.5,81.6,X, ,X,낮음
6/27/2020,정읍(245),X,30.4,30,23.6,18.9,76.9,X, ,X,낮음
6/27/2020,남원(247),X,30.6,30.5,23.7,18.6,79.8,X,관심,X,낮음
6/27/2020,장수(248),X,29.5,28.4,21.8,16.6,83.9,X, ,X,낮음
6/27/2020,영광군(252),X,30.5,29.4,23.3,18.7,82.8,X, ,X,낮음
6/27/2020,김해시(253),X,31.4,29.9,24.5,20,77.8,X,관심,X,낮음
6/27/2020,순창군(254),X,30.9,30.7,23.7,18.5,80.4,X,관심,X,낮음
6/27/2020,양산시(257),X,32.3,31.6,25.4,20.5,75.4,X,관심,X,낮음
6/27/2020,강진군(259),X,30.2,28.9,23.5,19.1,84.4,X, ,X,낮음
6/27/2020,장흥(260),X,30,28.2,23.2,19.4,85.1,X, ,X,낮음
6/27/2020,해남(261),X,30.6,29.2,23.1,17.2,85.4,X,관심,X,낮음
6/27/2020,고흥(262),X,29.5,27.6,22.3,17,86.8,X, ,X,낮음
6/27/2020,의령군(263),X,31.5,31.3,25,19.5,76.4,X,관심,X,낮음
6/27/2020,함양군(264),X,30.8,30.7,23.4,17.8,77.6,X,관심,X,낮음
6/27/2020,진도군ASOS(268),X,30.2,28.7,23.2,17.4,83.8,X, ,X,낮음
6/27/2020,봉화(271),X,27.5,26.3,20.8,17.3,81.9,X, ,X,낮음
6/27/2020,영주(272),X,28.7,27.3,22.4,18.7,78.5,X, ,X,낮음
6/27/2020,문경(273),X,29.8,28.5,22.7,18.2,79.3,X, ,X,낮음
6/27/2020,청송군(276),X,30.7,29.6,22.3,17.5,85.4,X,관심,X,낮음
6/27/2020,영덕(277),X,31.5,31.6,24.6,20.5,66.6,X, ,X,낮음
6/27/2020,의성(278),X,29.8,29.7,22.8,17.7,79.4,X,관심,X,낮음
6/27/2020,구미(279),X,30.4,29.8,24,19.4,86,X,관심,X,낮음
6/27/2020,영천(281),X,30.4,30.2,24.8,20,68.1,X,관심,X,낮음
6/27/2020,경주시(283),X,32,31.8,25.6,20.4,71.1,X,관심,X,낮음
6/27/2020,거창(284),X,30.6,29.9,22.8,17.6,81.1,X, ,X,낮음
6/27/2020,합천(285),X,30.6,30.2,23.7,18.9,82,X,관심,X,낮음
6/27/2020,밀양(288),X,31.1,31.5,25.1,20.2,73.5,X,관심,X,낮음
6/27/2020,산청(289),X,31.2,30.4,23.7,18.8,79.3,X,관심,X,낮음
6/27/2020,거제(294),X,29.7,28.5,23.2,18.8,78.9,X,관심,X,낮음
6/27/2020,남해(295),X,29.1,27.6,23,18.9,82.5,X, ,X,낮음
6/27/2020,부천(433),X,,28.8,23.3,19.9,,X, ,X,낮음
6/27/2020,안양(434),X,,28.8,23.9,20.5,,X, ,X,낮음
6/27/2020,광명(437),X,,29.5,24.3,20.9,,X, ,X,낮음
6/27/2020,군포(438),X,,29.8,24,19.8,,X, ,X,낮음
6/27/2020,김포(441),X,,29,23.2,19.4,,X, ,X,낮음
6/27/2020,하남(444),X,,30.1,23.6,18.8,,X, ,X,낮음
6/27/2020,의왕(445),X,,28.3,21.7,17.4,,X, ,X,낮음
6/27/2020,포천(504),X,29.5,29.5,23.3,18.6,71,X, ,X,낮음
6/27/2020,가평조종(505),X,29.3,28.5,22.7,18.1,80,X, ,X,낮음
6/27/2020,안성(516),X,29.8,29.9,23.8,19.8,74,X, ,X,낮음
6/27/2020,간성(517),X,31,30.9,24.6,20,74,X, ,X,낮음
6/27/2020,평창(526),X,27.8,27.2,21.4,17.2,78,X, ,X,낮음
6/27/2020,의정부(532),X,30.4,29.1,23.4,19,86,X, ,X,낮음
6/27/2020,횡성(536),X,29.4,28.6,22.8,18.6,83,X, ,X,낮음
6/27/2020,고양(540),X,31.4,31.5,23.7,18.6,73,X, ,X,낮음
6/27/2020,남양주(541),X,30.2,30.4,23.9,19.6,68,X, ,X,낮음
6/27/2020,안산(545),X,29.7,29.3,22.6,18,79,X, ,X,낮음
6/27/2020,경기광주(546),X,30,29.6,23.1,18.3,74,X, ,X,낮음
6/27/2020,여주(548),X,29,28.1,23.1,18.7,75,X, ,X,낮음
6/27/2020,용인(549),X,29.2,29.1,23.4,18.5,72,X, ,X,낮음
6/27/2020,오산(550),X,29.9,30.1,23.8,19.9,67,X, ,X,낮음
6/27/2020,평택(551),X,29.9,29.6,23.7,19.7,75,X, ,X,낮음
6/27/2020,화천(555),X,30.3,29.7,23,17.9,82,X, ,X,낮음
6/27/2020,양구(556),X,28.3,27.5,22.5,18.1,73,X, ,X,낮음
6/27/2020,시흥(565),X,28.6,28.5,23.3,19.2,75,X, ,X,낮음
6/27/2020,구리(569),X,30.3,30.9,24.6,20.1,62,X, ,X,낮음
6/27/2020,화성(571),X,29.8,29.7,23.5,19.8,71,X, ,X,낮음
6/27/2020,성남(572),X,30,30.2,24.2,19.8,64,X, ,X,매우높음
6/27/2020,과천(590),X,30.3,30,23.8,19.1,73,X, ,X,낮음
6/27/2020,양주(598),X,29.3,28.8,23.2,18.7,76,X, ,X,낮음
6/27/2020,단양(601),X,30.7,29.6,23.3,19,87,X, ,X,낮음
6/27/2020,진천(602),X,29,28.2,23.5,19.2,74,X, ,X,낮음
6/27/2020,괴산(603),X,28.9,28.7,22.6,17.7,78,X, ,X,낮음
6/27/2020,옥천(604),X,30.6,30.3,23.2,18.3,78,X, ,X,낮음
6/27/2020,홍북(608),X,30.2,28.7,21.8,17.4,84,X, ,X,낮음
6/27/2020,공주(612),X,30.6,30.6,23.6,18.3,76,X, ,X,낮음
6/27/2020,서천(614),X,30.9,29.7,24.1,19.7,75,X, ,X,낮음
6/27/2020,논산(615),X,31.4,31,24.5,19.5,78,X, ,X,낮음
6/27/2020,당진(616),X,29.6,28.9,22.5,18.5,79,X, ,X,낮음
6/27/2020,청양(618),X,29.9,29.3,22.5,16.7,82,X, ,X,낮음
6/27/2020,음성(619),X,28.6,27.9,22.4,18.1,81,X, ,X,낮음
6/27/2020,증평(623),X,28.7,27.7,23.6,18.7,77,X, ,X,낮음
6/27/2020,태안(627),X,29.7,28.1,22.6,18.8,80,X, ,X,낮음
6/27/2020,예산(628),X,30.3,30,23.2,19.3,78,X, ,X,낮음
6/27/2020,아산(634),X,29.4,29.9,23.3,19.6,71,X, ,X,낮음
6/27/2020,계룡(636),X,29.4,29.2,21.8,16.6,76,X, ,X,낮음
6/27/2020,연천청산(652),X,29.6,29,23.2,18.7,79,X, ,X,낮음
6/27/2020,양양(670),X,31.5,30.7,25.4,20.8,77,X, ,X,낮음
6/27/2020,무안(699),X,30.7,29.6,23.3,18.5,86,X,관심,X,낮음
6/27/2020,무주(701),X,30.7,30.3,22.4,17,88,X, ,X,낮음
6/27/2020,익산(702),X,31.3,31.1,24.3,18.6,79,X, ,X,낮음
6/27/2020,진안(703),X,29.5,28.7,22.2,16.7,81,X, ,X,낮음
6/27/2020,담양(706),X,32.5,32.2,25,20,84,X,관심,X,낮음
6/27/2020,구례(709),X,31.6,30.5,23.9,19,82,X,관심,X,낮음
6/27/2020,나주(710),X,31.2,30.2,24.2,18.8,84,X,관심,X,낮음
6/27/2020,순천시(712),X,32.2,31.4,25,19.8,81,X,관심,X,낮음
6/27/2020,광양읍(713),X,29.4,31.3,24.6,18.9,63,X,관심,X,낮음
6/27/2020,장성(730),X,31.1,30.6,24.1,19.1,82,X,관심,X,낮음
6/27/2020,영암(731),X,31.9,30.1,23.8,18,87,X,관심,X,낮음
6/27/2020,보성(732),X,29.6,28.5,22.5,18.1,87,X,관심,X,낮음
6/27/2020,완주(734),X,30.3,30,23.1,18.1,82,X, ,X,낮음
6/27/2020,김제(737),X,30.7,30.6,24.3,19.7,79,X, ,X,낮음
6/27/2020,화순(741),X,31.3,31.4,24.4,18.7,74,X,관심,X,낮음
6/27/2020,함평(754),X,31.9,30.6,23.9,18.7,87,X,관심,X,낮음
6/27/2020,곡성(768),X,31.8,31,23.6,18.3,79,X,관심,X,낮음
6/27/2020,압해도(789),X,31.3,29.4,23.2,18.5,86,X,관심,X,낮음
6/27/2020,영양(801),X,29.4,28.9,22.5,17.7,80,X, ,X,낮음
6/27/2020,성주(810),X,30.4,30.3,23.9,18.5,74,X,관심,X,낮음
6/27/2020,고령(812),X,30.5,30,23.5,19.3,83,X,관심,X,낮음
6/27/2020,청도(813),X,31.3,31.2,24.6,19.4,77,X,관심,X,낮음
6/27/2020,예천(815),X,29.3,28.9,22.7,17.9,75,X, ,X,낮음
6/27/2020,김천(822),X,32,30.8,23.3,18,84,X,관심,X,낮음
6/27/2020,군위(823),X,30.4,30.1,23.1,18.3,82,X,관심,X,낮음
6/27/2020,칠곡(825),X,30.3,29.9,24.7,20.1,75,X,관심,X,낮음
6/27/2020,경산(827),X,30.8,31.5,25.5,20.5,65,X,관심,X,낮음
6/27/2020,삼척(876),X,29.8,29.5,23.5,20.6,69,X,관심,X,낮음
6/27/2020,속초(90),X,30.7,30.4,25.3,20.6,66.5,X, ,X,낮음
6/27/2020,삼천포(907),X,29.3,28.2,22.8,19.2,84,X,관심,X,낮음
6/27/2020,고성(918),X,30.8,30,23.7,18.2,82,X, ,X,낮음
6/27/2020,창녕(919),X,31.4,31.1,25.3,20.7,77,X,관심,X,낮음
6/27/2020,함안(920),X,31.4,30.4,24.4,19.2,78,X,관심,X,낮음
6/27/2020,북춘천(93),X,29.8,29,23.2,18.9,79,X, ,X,높음
6/27/2020,하동(932),X,31.3,30.7,24.4,19.5,80,X,관심,X,낮음
6/27/2020,철원(95),X,29.7,28.4,22.3,17.8,86.3,X, ,X,낮음
6/27/2020,동두천(98),X,30.1,28.7,23.1,18.7,81.5,X, ,X,낮음
6/27/2020,파주(99),X,29.6,28,22.5,18.6,83.3,X, ,X,낮음
6/28/2020,북강릉(104),X,26.4,24.3,20.8,17.9,86,X, ,X,매우높음
6/28/2020,동해(106),X,25.4,23.6,20.9,18.1,84.5,X, ,X,낮음
6/28/2020,서울(108),X,30.3,30.1,25.2,21.5,70.5,X, ,X,매우높음
6/28/2020,인천(112),X,27.8,26.6,22.7,19.8,85,X, ,X,매우높음
6/28/2020,원주(114),X,29.4,30.5,24.8,20.1,61.1,X, ,X,낮음
6/28/2020,울릉도(115),X,26.3,23.2,21.2,19.3,94,X, ,X,낮음
6/28/2020,수원(119),X,30,28.7,23.5,20,82,X, ,X,낮음
6/28/2020,영월(121),X,30.2,30.9,23.6,17.6,70.9,X, ,X,낮음
6/28/2020,충주(127),X,30.1,30.3,23.9,18.6,73.3,X, ,X,낮음
6/28/2020,서산(129),X,29.4,29.1,22.7,18.2,78,X, ,X,매우높음
6/28/2020,울진(130),X,27.3,26,22,19,83.5,X, ,X,낮음
6/28/2020,청주(131),X,30.2,30.5,25.2,20.6,63.5,X, ,X,매우높음
6/28/2020,대전(133),X,30.6,30,24.8,19.7,75,X, ,X,매우높음
6/28/2020,추풍령(135),X,28.2,28.2,22.5,17.8,72.3,X, ,X,낮음
6/28/2020,안동(136),X,30.1,30.5,24.3,18.7,69,X, ,X,매우높음
6/28/2020,상주(137),X,31.4,30.6,24.2,19.2,76.3,X,관심,X,낮음
6/28/2020,포항(138),X,28.7,26.6,24.2,21.6,78.9,X, ,X,낮음
6/28/2020,군산(140),X,28.8,27.2,22.3,19.5,85,X, ,X,낮음
6/28/2020,대구(143),X,30.6,32,26.1,21.4,59.1,X,관심,X,매우높음
6/28/2020,전주(146),X,30.2,29,23.5,20.7,77.6,X, ,X,매우높음
6/28/2020,울산(152),X,30.7,29.7,24.2,20.6,79.6,X, ,X,매우높음
6/28/2020,창원(155),X,31.7,32,25.6,20.4,69.3,X,관심,X,매우높음
6/28/2020,광주(156),X,31.3,30.2,25,20.9,75.8,X,관심,X,매우높음
6/28/2020,부산(159),X,31.3,30.7,24.9,21.7,70.1,X,관심,X,매우높음
6/28/2020,통영(162),X,29.6,28.2,23.7,20.3,83.3,X, ,X,낮음
6/28/2020,목포(165),X,27.4,25.4,22.2,20.6,85.5,X, ,X,매우높음
6/28/2020,여수(168),X,29.7,28.7,25,21.7,79.1,X,관심,X,낮음
6/28/2020,흑산도(169),X,26.3,23.6,20.4,18.1,94,X, ,X,낮음
6/28/2020,완도(170),X,30.7,29.3,24.3,19.6,77.9,X,관심,X,낮음
6/28/2020,고창(172),X,28.6,26.7,22,18.4,86.9,X, ,X,낮음
6/28/2020,제주(184),X,29.2,28.7,23.5,20.5,80.4,X, ,X,매우높음
6/28/2020,진주(192),X,32,31.4,25.8,20.1,78.5,X,관심,X,낮음
6/28/2020,양평(202),X,30,30.5,24.7,19.3,71.3,X, ,X,낮음
6/28/2020,이천(203),X,30.5,30.6,24.6,19.4,74.5,X, ,X,낮음
6/28/2020,인제(211),X,29.3,28.8,21.7,17.9,80.8,X, ,X,낮음
6/28/2020,홍천(212),X,29.7,30.3,23.6,18.1,70.8,X, ,X,낮음
6/28/2020,태백(216),X,26,25.2,19.5,16,83.6,X, ,X,낮음
6/28/2020,정선군(217),X,29.1,29.1,22,16.8,79.6,X, ,X,낮음
6/28/2020,제천(221),X,29,29.1,22.6,16.5,77.5,X, ,X,낮음
6/28/2020,보은(226),X,30.4,30.7,23.6,17.4,73.8,X, ,X,낮음
6/28/2020,천안(232),X,29.3,28.7,22.6,17.1,77.8,X, ,X,낮음
6/28/2020,보령(235),X,28.5,27,21.4,17.8,86,X, ,X,낮음
6/28/2020,부여(236),X,30.7,30.2,23.6,18.1,78.3,X, ,X,낮음
6/28/2020,금산(238),X,29.3,29.1,23.8,18.2,77.5,X, ,X,낮음
6/28/2020,세종(239),X,29.6,29.7,23.7,18.4,70.5,X, ,X,매우높음
6/28/2020,부안(243),X,28.5,26.4,21.9,19.8,88.8,X, ,X,낮음
6/28/2020,임실(244),X,29.3,28.4,22.3,17.3,83.8,X, ,X,낮음
6/28/2020,정읍(245),X,29.8,28.7,22.6,18.4,79,X, ,X,낮음
6/28/2020,남원(247),X,30.6,30.5,24.8,19,75,X, ,X,낮음
6/28/2020,장수(248),X,29.2,28.3,22.4,17.3,83.8,X, ,X,낮음
6/28/2020,영광군(252),X,28.2,26.6,22.6,18.7,80.8,X, ,X,낮음
6/28/2020,김해시(253),X,32.2,31.9,25.4,20.6,71.8,X,관심,X,낮음
6/28/2020,순창군(254),X,30.2,30.4,24.5,18,73.3,X, ,X,낮음
6/28/2020,양산시(257),X,32.9,33.7,25.2,20.4,75.3,X,관심,X,낮음
6/28/2020,강진군(259),X,30.2,28.7,24.4,20.4,77.5,X, ,X,낮음
6/28/2020,장흥(260),X,30.7,29.6,24.3,20,77,X, ,X,낮음
6/28/2020,해남(261),X,29.4,27.6,22.8,19,85.1,X,관심,X,낮음
6/28/2020,고흥(262),X,30.7,29.9,24,18.7,79.6,X, ,X,낮음
6/28/2020,의령군(263),X,32.6,33.1,26.1,19.6,70.9,X, ,X,낮음
6/28/2020,함양군(264),X,31.4,31.6,24.8,17.9,70.4,X, ,X,낮음
6/28/2020,진도군ASOS(268),X,28.5,26.2,22.6,19.1,85.3,X, ,X,낮음
6/28/2020,봉화(271),X,27.9,27.8,20.5,15.6,85.5,X, ,X,낮음
6/28/2020,영주(272),X,29.5,29.7,23.2,17.5,74,X, ,X,낮음
6/28/2020,문경(273),X,30.1,29.9,24.3,18.3,71.8,X, ,X,낮음
6/28/2020,청송군(276),X,31.4,31.1,22.8,16.4,81.5,X, ,X,낮음
6/28/2020,영덕(277),X,29.4,28.4,23.3,19.2,79,X, ,X,낮음
6/28/2020,의성(278),X,31.2,31.6,24.5,17.6,72.3,X, ,X,낮음
6/28/2020,구미(279),X,31.4,31,25.1,19.8,77.1,X,관심,X,낮음
6/28/2020,영천(281),X,30.3,31.2,24.4,18.7,69.5,X,관심,X,낮음
6/28/2020,경주시(283),X,31.1,31.3,24.5,19.6,75.9,X,관심,X,낮음
6/28/2020,거창(284),X,31.1,31.8,23.7,17.6,74.5,X, ,X,낮음
6/28/2020,합천(285),X,31.9,32,25.2,19.4,77.5,X, ,X,낮음
6/28/2020,밀양(288),X,31.2,31.8,25.9,20.1,67.5,X,관심,X,낮음
6/28/2020,산청(289),X,31.7,32.4,25.9,19.1,70.5,X,관심,X,낮음
6/28/2020,거제(294),X,30.9,30.5,24.6,19.5,73.8,X,관심,X,낮음
6/28/2020,남해(295),X,31.2,30.7,25.8,20.2,75.8,X, ,X,낮음
6/28/2020,부천(433),X,,28.7,24.1,20.7,,X, ,X,낮음
6/28/2020,안양(434),X,,28.2,24.6,21.7,,X, ,X,낮음
6/28/2020,광명(437),X,,30.4,25.3,21.6,,X, ,X,낮음
6/28/2020,군포(438),X,,29.1,24.5,21.1,,X, ,X,낮음
6/28/2020,김포(441),X,,29.1,23.6,20.1,,X, ,X,낮음
6/28/2020,하남(444),X,,30.6,24.1,19,,X, ,X,낮음
6/28/2020,의왕(445),X,,27.5,22.3,17.8,,X, ,X,낮음
6/28/2020,포천(504),X,30.6,30.7,24.5,18.6,69,X, ,X,낮음
6/28/2020,가평조종(505),X,29.8,29.5,23.2,18,76,X, ,X,낮음
6/28/2020,안성(516),X,30,29.2,23.6,18.4,76,X, ,X,낮음
6/28/2020,간성(517),X,26.3,23.6,21.3,18.4,92,X, ,X,낮음
6/28/2020,평창(526),X,29.2,30.1,23,16.1,68,X, ,X,낮음
6/28/2020,의정부(532),X,30.6,30.1,24.5,19.9,82,X, ,X,낮음
6/28/2020,횡성(536),X,30.6,30.7,23.7,18.2,76,X, ,X,낮음
6/28/2020,고양(540),X,32.1,32.5,24.6,19.1,74,X, ,X,낮음
6/28/2020,남양주(541),X,30.4,31,25.1,19.7,66,X, ,X,낮음
6/28/2020,안산(545),X,29.2,27.9,22.8,17.2,83,X, ,X,낮음
6/28/2020,경기광주(546),X,30,30,23.9,19.2,74,X, ,X,낮음
6/28/2020,여주(548),X,30.1,30.1,23.9,18.6,71,X, ,X,낮음
6/28/2020,용인(549),X,29.3,29,23.2,19.1,74,X, ,X,낮음
6/28/2020,오산(550),X,29.8,29.4,23.8,19.4,72,X, ,X,낮음
6/28/2020,평택(551),X,29.5,28.6,23.3,19.2,79,X, ,X,낮음
6/28/2020,화천(555),X,31.2,31,23.2,17.9,80,X, ,X,낮음
6/28/2020,양구(556),X,29.6,29.4,22.2,18.1,78,X, ,X,낮음
6/28/2020,시흥(565),X,28.7,27.7,23.3,18.9,80,X, ,X,낮음
6/28/2020,구리(569),X,30.8,31.5,25.5,20.3,64,X, ,X,낮음
6/28/2020,화성(571),X,29.3,28.2,23,18.3,80,X, ,X,낮음
6/28/2020,성남(572),X,30.4,31.2,25.4,20.4,63,X, ,X,매우높음
6/28/2020,과천(590),X,30.5,30.5,24.5,19.4,73,X, ,X,낮음
6/28/2020,양주(598),X,29.7,29.6,24.1,18.6,74,X, ,X,낮음
6/28/2020,단양(601),X,31.4,31.2,24.5,18.7,80,X, ,X,낮음
6/28/2020,진천(602),X,29.8,29.2,23.1,18.1,75,X, ,X,낮음
6/28/2020,괴산(603),X,30.4,30.8,23.4,17.5,75,X, ,X,낮음
6/28/2020,옥천(604),X,29.8,29.5,23.6,18,75,X, ,X,낮음
6/28/2020,홍북(608),X,30.7,29.2,21.9,16.4,87,X, ,X,낮음
6/28/2020,공주(612),X,31,31.2,23.9,17.6,74,X, ,X,낮음
6/28/2020,서천(614),X,29.1,27.3,22.8,19.9,81,X, ,X,낮음
6/28/2020,논산(615),X,30.9,30.6,24.1,19.4,78,X, ,X,낮음
6/28/2020,당진(616),X,29.1,27.9,22.4,18.4,82,X, ,X,낮음
6/28/2020,청양(618),X,30.8,29.7,21.9,16,83,X, ,X,낮음
6/28/2020,음성(619),X,30,29.3,22.9,17.5,78,X, ,X,낮음
6/28/2020,증평(623),X,29.7,29.3,23.4,18.5,76,X, ,X,낮음
6/28/2020,태안(627),X,28.9,27.1,21.9,18.1,86,X, ,X,낮음
6/28/2020,예산(628),X,30.4,29.7,23.2,18.4,77,X, ,X,낮음
6/28/2020,아산(634),X,29.1,29.2,23.2,18.7,78,X, ,X,낮음
6/28/2020,계룡(636),X,29.1,29.1,22.2,16.4,74,X, ,X,낮음
6/28/2020,연천청산(652),X,30,29.8,24,20.2,77,X, ,X,낮음
6/28/2020,양양(670),X,28,24.9,22.1,19.5,96,X, ,X,낮음
6/28/2020,무안(699),X,28.1,26.3,22,18.6,86,X, ,X,낮음
6/28/2020,무주(701),X,30.5,30.3,23,17.3,82,X, ,X,낮음
6/28/2020,익산(702),X,30.8,29.5,23.7,18.8,81,X, ,X,낮음
6/28/2020,진안(703),X,28.7,27.8,22.1,16.7,81,X, ,X,낮음
6/28/2020,담양(706),X,32.8,32.3,25.1,19.2,80,X,관심,X,낮음
6/28/2020,구례(709),X,31.5,31.3,25.1,19.4,75,X,관심,X,낮음
6/28/2020,나주(710),X,31.3,29.8,24,19.9,83,X,관심,X,낮음
6/28/2020,순천시(712),X,32.3,33.1,27.4,21.9,67,X,관심,X,낮음
6/28/2020,광양읍(713),X,30.9,33,26.2,19.7,56,X,관심,X,낮음
6/28/2020,장성(730),X,30.7,29.7,23.6,18.5,80,X,관심,X,낮음
6/28/2020,영암(731),X,30.1,28.2,23.4,19.5,87,X,관심,X,낮음
6/28/2020,보성(732),X,31,30.8,24,18.7,77,X,관심,X,낮음
6/28/2020,완주(734),X,30.1,29.1,23.5,18.2,83,X, ,X,낮음
6/28/2020,김제(737),X,29.8,28.5,22.7,19.9,87,X, ,X,낮음
6/28/2020,화순(741),X,30.8,30.4,24.5,20.2,72,X,관심,X,낮음
6/28/2020,함평(754),X,29.2,27.3,22.5,18.6,85,X, ,X,낮음
6/28/2020,곡성(768),X,30.8,31.1,24.6,18.6,73,X,관심,X,낮음
6/28/2020,압해도(789),X,29,26.8,22.5,19.9,87,X, ,X,낮음
6/28/2020,영양(801),X,29.3,29,22.4,17.6,79,X, ,X,낮음
6/28/2020,성주(810),X,30.6,31.2,25.2,18.7,65,X, ,X,낮음
6/28/2020,고령(812),X,31.8,31.7,24.9,19.3,75,X,관심,X,낮음
6/28/2020,청도(813),X,31.7,32,25.5,19.5,72,X,관심,X,낮음
6/28/2020,예천(815),X,30.5,31.6,24.4,17.8,66,X,관심,X,낮음
6/28/2020,김천(822),X,31.5,31.1,24.6,18,76,X,관심,X,낮음
6/28/2020,군위(823),X,31.3,31,24.5,17.9,73,X, ,X,낮음
6/28/2020,칠곡(825),X,30.9,31.3,25.3,20.1,73,X, ,X,낮음
6/28/2020,경산(827),X,30.9,32.4,25.5,20.6,63,X,관심,X,낮음
6/28/2020,삼척(876),X,27,25.1,21.7,18.4,82,X, ,X,낮음
6/28/2020,속초(90),X,26.4,24.1,21.6,19.4,86,X, ,X,낮음
6/28/2020,삼천포(907),X,30.1,28.5,24.1,20,82,X,관심,X,낮음
6/28/2020,고성(918),X,31,30.4,24.6,19.2,80,X, ,X,낮음
6/28/2020,창녕(919),X,31.9,32.1,26.3,20.4,70,X,관심,X,낮음
6/28/2020,함안(920),X,31.9,31.8,25.4,19.4,77,X,관심,X,낮음
6/28/2020,북춘천(93),X,30.7,30.5,22.8,17.6,80.5,X, ,X,매우높음
6/28/2020,하동(932),X,32.6,32.5,25.9,20,77,X,관심,X,낮음
6/28/2020,철원(95),X,29.7,29.1,22.9,17.7,85.5,X, ,X,낮음
6/28/2020,동두천(98),X,30.8,29.8,24.3,19.6,79.5,X, ,X,낮음
6/28/2020,파주(99),X,30.2,28.8,22.9,18.2,85,X, ,X,낮음
6/29/2020,북강릉(104),X,25.2,22.8,20.7,18.7,88.8,X, ,X,매우높음
6/29/2020,동해(106),X,25,22.5,20.2,18.1,91.4,X, ,X,낮음
6/29/2020,서울(108),X,28.1,26.5,23.8,20.6,77,X, ,X,매우높음
6/29/2020,인천(112),X,27.1,25.4,22,18.4,84.5,X, ,X,매우높음
6/29/2020,원주(114),X,28,27.8,23.6,20,66.4,X, ,X,낮음
6/29/2020,울릉도(115),X,26.8,24.1,21.3,18.6,92.4,X, ,X,낮음
6/29/2020,수원(119),X,28.4,26.8,22.7,17.3,84.3,X, ,X,낮음
6/29/2020,영월(121),X,29,27.8,22.1,18,79.3,X, ,X,낮음
6/29/2020,충주(127),X,28.3,27,22.5,17.9,78.9,X, ,X,낮음
6/29/2020,서산(129),X,27.6,26.3,21.5,18.3,88.3,X, ,X,매우높음
6/29/2020,울진(130),X,25.7,23.2,20.3,17.9,93.1,X, ,X,낮음
6/29/2020,청주(131),X,28.4,27.4,23,20.2,77,X, ,X,매우높음
6/29/2020,대전(133),X,29.7,27.6,22.4,20.3,89.9,X, ,X,보통
6/29/2020,추풍령(135),X,26.1,24.4,20.3,16.9,83.8,X, ,X,낮음
6/29/2020,안동(136),X,27.3,25.8,21.9,18.8,80.4,X, ,X,매우높음
6/29/2020,상주(137),X,27.9,25.6,21,18.3,92.3,X, ,X,낮음
6/29/2020,포항(138),X,27.1,24.9,22.2,20.4,89.3,X, ,X,낮음
6/29/2020,군산(140),X,27.7,25.6,21.2,19,90.5,X, ,X,낮음
6/29/2020,대구(143),X,28.1,26.8,22.1,19.8,82,X, ,X,매우높음
6/29/2020,전주(146),X,28,26.5,22,19.7,85.1,X, ,X,높음
6/29/2020,울산(152),X,27.3,24.8,21.4,19.2,93.4,X, ,X,매우높음
6/29/2020,창원(155),X,27.3,25.5,21.9,18.8,85,X, ,X,매우높음
6/29/2020,광주(156),X,27.7,24.8,21.4,20,96.8,X, ,X,매우높음
6/29/2020,부산(159),X,27.6,25.2,21.6,18.9,90.9,X, ,X,매우높음
6/29/2020,통영(162),X,27.7,25,22,19.9,92.8,X, ,X,낮음
6/29/2020,목포(165),X,26.4,23.1,20.9,19.3,94.1,X, ,X,보통
6/29/2020,여수(168),X,27.4,24,21.9,20,97.9,X, ,X,낮음
6/29/2020,흑산도(169),X,24.7,21,18.6,17,98.9,X, ,X,낮음
6/29/2020,완도(170),X,27.1,23.9,20.8,18.5,95.1,X, ,X,낮음
6/29/2020,고창(172),X,26.9,24.5,21.2,19.3,91.5,X, ,X,낮음
6/29/2020,제주(184),X,29.3,27.6,23.2,19.1,87.4,X, ,X,보통
6/29/2020,진주(192),X,27.6,25.3,21.8,19.7,92.3,X, ,X,낮음
6/29/2020,양평(202),X,28.1,26.2,22.9,19.3,82.3,X, ,X,낮음
6/29/2020,이천(203),X,28.6,27,22.3,17.9,86.5,X, ,X,낮음
6/29/2020,인제(211),X,28.5,27.1,21.7,17.6,80,X, ,X,낮음
6/29/2020,홍천(212),X,28.7,27.2,22.8,18.8,77.6,X, ,X,낮음
6/29/2020,태백(216),X,24.9,23.7,19.3,15.2,82.5,X, ,X,낮음
6/29/2020,정선군(217),X,28.2,26.8,21.7,18.6,83.4,X, ,X,낮음
6/29/2020,제천(221),X,27.2,25.7,21.5,17.2,82.9,X, ,X,낮음
6/29/2020,보은(226),X,26.9,25,21.1,17.1,84.3,X, ,X,낮음
6/29/2020,천안(232),X,27.8,26.1,21.2,16.5,87.9,X, ,X,낮음
6/29/2020,보령(235),X,28.4,27.4,21.4,18.5,87.1,X, ,X,낮음
6/29/2020,부여(236),X,28.9,27.3,21.4,19.3,90.9,X, ,X,낮음
6/29/2020,금산(238),X,28,26.5,21.1,18.7,90.6,X, ,X,낮음
6/29/2020,세종(239),X,28.3,27.1,22,19.9,84.4,X, ,X,매우높음
6/29/2020,부안(243),X,28.2,26.6,21.7,19.9,91.1,X, ,X,낮음
6/29/2020,임실(244),X,27.2,25.2,20.5,18.6,91.6,X, ,X,낮음
6/29/2020,정읍(245),X,27.3,26.1,21.4,19.2,84.1,X, ,X,낮음
6/29/2020,남원(247),X,27.5,25.8,21.4,18.7,88.6,X, ,X,낮음
6/29/2020,장수(248),X,26.8,25.2,20,17.3,93.6,X, ,X,낮음
6/29/2020,영광군(252),X,26.6,24.2,21.1,19.5,90.1,X, ,X,낮음
6/29/2020,김해시(253),X,28.1,26.1,21.7,18.7,90.4,X, ,X,낮음
6/29/2020,순창군(254),X,27.3,25.4,21.8,19.7,89.5,X, ,X,낮음
6/29/2020,양산시(257),X,29,27.5,22.4,19.5,88,X, ,X,낮음
6/29/2020,강진군(259),X,27,23.8,21.3,19.1,90,X, ,X,낮음
6/29/2020,장흥(260),X,26.5,23.3,21,18.6,91.9,X, ,X,낮음
6/29/2020,해남(261),X,26.8,23.4,20.9,18.1,92.6,X, ,X,낮음
6/29/2020,고흥(262),X,27.3,24,21.1,18.1,96.6,X, ,X,낮음
6/29/2020,의령군(263),X,28.2,27.1,22.2,19.7,88.8,X, ,X,낮음
6/29/2020,함양군(264),X,27.6,26.1,20.9,18.5,89.3,X, ,X,낮음
6/29/2020,진도군ASOS(268),X,27.3,24,21.9,19.2,90.5,X, ,X,낮음
6/29/2020,봉화(271),X,25.8,24.1,20.4,16.9,85.6,X, ,X,낮음
6/29/2020,영주(272),X,26.8,25.1,21,16.7,86,X, ,X,낮음
6/29/2020,문경(273),X,27.1,24.7,20.8,17.5,90.6,X, ,X,낮음
6/29/2020,청송군(276),X,27.9,25.5,20.4,15.6,92.1,X, ,X,낮음
6/29/2020,영덕(277),X,26.5,24.5,20.4,17.4,90.9,X, ,X,낮음
6/29/2020,의성(278),X,28.4,27.1,21.6,16.9,85.4,X, ,X,낮음
6/29/2020,구미(279),X,28.6,26.2,22,19.4,93.9,X, ,X,낮음
6/29/2020,영천(281),X,27.4,25.6,21.3,18.4,87.5,X, ,X,낮음
6/29/2020,경주시(283),X,28.1,26.3,22,18.8,88.6,X, ,X,낮음
6/29/2020,거창(284),X,26.8,24.8,20.3,17.9,92,X, ,X,낮음
6/29/2020,합천(285),X,28.1,26.3,21.5,19.6,92.3,X, ,X,낮음
6/29/2020,밀양(288),X,28.1,26.9,21.9,19.4,86.1,X, ,X,낮음
6/29/2020,산청(289),X,27.2,24.8,20.9,19.2,92,X, ,X,낮음
6/29/2020,거제(294),X,27,24.6,21.9,19.3,90.5,X, ,X,낮음
6/29/2020,남해(295),X,26.9,24.6,21.7,19.7,93.5,X, ,X,낮음
6/29/2020,부천(433),X,,26,22.4,18.5,,X, ,X,낮음
6/29/2020,안양(434),X,,26.5,23.4,19.7,,X, ,X,낮음
6/29/2020,광명(437),X,,27.5,23.6,19.4,,X, ,X,낮음
6/29/2020,군포(438),X,,26.3,22.8,19.1,,X, ,X,낮음
6/29/2020,김포(441),X,,26.6,22.8,18.2,,X, ,X,낮음
6/29/2020,하남(444),X,,26.3,22.8,18.7,,X, ,X,낮음
6/29/2020,의왕(445),X,,24.8,21,16,,X, ,X,낮음
6/29/2020,포천(504),X,27.8,26.6,23.3,19.1,72,X, ,X,낮음
6/29/2020,가평조종(505),X,27.5,25.6,22.4,17.7,82,X, ,X,낮음
6/29/2020,안성(516),X,28.3,27.2,22.2,17.5,83,X, ,X,낮음
6/29/2020,간성(517),X,25.4,22.1,20.9,18.6,95,X, ,X,낮음
6/29/2020,평창(526),X,27.6,27.1,22,17.8,73,X, ,X,낮음
6/29/2020,의정부(532),X,29,26.3,23,19.2,92,X, ,X,낮음
6/29/2020,횡성(536),X,29,27.5,23.1,17.9,77,X, ,X,낮음
6/29/2020,고양(540),X,28.2,27.1,22.7,17.9,80,X, ,X,낮음
6/29/2020,남양주(541),X,28.2,27.2,23.5,19.8,76,X, ,X,낮음
6/29/2020,안산(545),X,28,26.4,21.9,17.4,85,X, ,X,낮음
6/29/2020,경기광주(546),X,27.3,25.9,22.4,18.3,81,X, ,X,낮음
6/29/2020,여주(548),X,28.1,26.5,21.8,17.6,84,X, ,X,낮음
6/29/2020,용인(549),X,27.2,25.5,21.7,17.1,82,X, ,X,낮음
6/29/2020,오산(550),X,27.2,26.2,22.2,17.6,77,X, ,X,낮음
6/29/2020,평택(551),X,28.1,26.4,21.7,17.8,88,X, ,X,낮음
6/29/2020,화천(555),X,28.7,26.7,22.4,18.4,87,X, ,X,낮음
6/29/2020,양구(556),X,28.4,27,22.2,18.1,78,X, ,X,낮음
6/29/2020,시흥(565),X,28.1,26.5,22.6,17.9,81,X, ,X,낮음
6/29/2020,구리(569),X,28.2,27.3,23.6,19.8,73,X, ,X,낮음
6/29/2020,화성(571),X,28.4,26.9,22.3,17.8,82,X, ,X,낮음
6/29/2020,성남(572),X,27.6,26.5,23,19.1,74,X, ,X,매우높음
6/29/2020,과천(590),X,28,,,,,X, ,X,낮음
6/29/2020,양주(598),X,28.3,26.8,23.3,18.3,79,X, ,X,낮음
6/29/2020,단양(601),X,29.3,27.4,22.9,19.1,87,X, ,X,낮음
6/29/2020,진천(602),X,28.1,26.7,21.3,16.8,84,X, ,X,낮음
6/29/2020,괴산(603),X,27.6,,,,,X, ,X,낮음
6/29/2020,옥천(604),X,28.3,27,21.6,19.2,87,X, ,X,낮음
6/29/2020,홍북(608),X,27.7,25.6,20.2,17.6,97,X, ,X,낮음
6/29/2020,공주(612),X,29.2,28,22,19.7,88,X, ,X,낮음
6/29/2020,서천(614),X,28.4,26.1,22,20.1,87,X, ,X,낮음
6/29/2020,논산(615),X,29.6,28.8,22.5,20.3,86,X, ,X,낮음
6/29/2020,당진(616),X,27.7,25.6,21.1,17.9,90,X, ,X,낮음
6/29/2020,청양(618),X,28.9,27.2,21.1,17.1,92,X, ,X,낮음
6/29/2020,음성(619),X,27.7,26.5,21.2,16,86,X, ,X,낮음
6/29/2020,증평(623),X,27.9,26.1,21.6,17.4,87,X, ,X,낮음
6/29/2020,태안(627),X,27.8,25.4,20.8,17.9,93,X, ,X,낮음
6/29/2020,예산(628),X,28.6,26.8,21.3,18.4,91,X, ,X,낮음
6/29/2020,아산(634),X,27.7,26.9,21.8,18.2,86,X, ,X,낮음
6/29/2020,계룡(636),X,27.7,26.6,21.2,18.8,82,X, ,X,낮음
6/29/2020,연천청산(652),X,28.5,27.2,22.8,18.4,85,X, ,X,낮음
6/29/2020,양양(670),X,26.2,22.6,21.1,19,97,X, ,X,낮음
6/29/2020,무안(699),X,26.6,23.4,21,18.8,94,X, ,X,낮음
6/29/2020,무주(701),X,28.6,27.2,20.5,16.9,96,X, ,X,낮음
6/29/2020,익산(702),X,28.9,27.3,22.1,20,90,X, ,X,낮음
6/29/2020,진안(703),X,27,25.8,20.5,18.3,87,X, ,X,낮음
6/29/2020,담양(706),X,28.4,25.7,22.1,20.3,96,X, ,X,낮음
6/29/2020,구례(709),X,27.5,25.5,21.8,19.2,91,X, ,X,낮음
6/29/2020,나주(710),X,27,24.3,21.4,19.6,94,X, ,X,낮음
6/29/2020,순천시(712),X,27.8,25.2,22.1,19.7,95,X, ,X,낮음
6/29/2020,광양읍(713),X,26.4,25,21.9,19.9,79,X, ,X,낮음
6/29/2020,장성(730),X,26.8,24.5,21.3,19.9,92,X, ,X,낮음
6/29/2020,영암(731),X,27.8,24.7,21.4,19,94,X, ,X,낮음
6/29/2020,보성(732),X,26.2,22.7,20.2,17.9,97,X, ,X,낮음
6/29/2020,완주(734),X,28.3,26.4,21.9,19,88,X, ,X,낮음
6/29/2020,김제(737),X,28.1,26.7,21.8,19.7,91,X, ,X,낮음
6/29/2020,화순(741),X,26.5,24.5,21.5,20,86,X, ,X,낮음
6/29/2020,함평(754),X,26.8,24,21.1,18.3,95,X, ,X,낮음
6/29/2020,곡성(768),X,27.3,25.8,21.7,19.8,88,X, ,X,낮음
6/29/2020,압해도(789),X,26.9,23.4,21.3,19.5,91,X, ,X,낮음
6/29/2020,영양(801),X,26.5,24.6,21,16.8,86,X, ,X,낮음
6/29/2020,성주(810),X,28,26.7,21.5,18.8,84,X, ,X,낮음
6/29/2020,고령(812),X,27.6,26,21.1,18.9,95,X, ,X,낮음
6/29/2020,청도(813),X,28.1,26.8,21.7,19.2,88,X, ,X,낮음
6/29/2020,예천(815),X,27.6,26,21.7,18.2,82,X, ,X,낮음
6/29/2020,김천(822),X,29.3,27.3,21.4,17.9,91,X, ,X,낮음
6/29/2020,군위(823),X,28,26.3,21.7,17.8,86,X, ,X,낮음
6/29/2020,칠곡(825),X,28.3,26.3,22.3,19.7,90,X, ,X,낮음
6/29/2020,경산(827),X,28.1,26.6,21.8,19.1,83,X, ,X,낮음
6/29/2020,삼척(876),X,26.1,24,21.3,19,87,X, ,X,낮음
6/29/2020,속초(90),X,25.7,23.1,21.4,20.5,88.3,X, ,X,낮음
6/29/2020,삼천포(907),X,27.2,24.9,21.9,19.7,92,X, ,X,낮음
6/29/2020,고성(918),X,27.5,25.3,22.5,19.8,90,X, ,X,낮음
6/29/2020,창녕(919),X,28.5,26.7,22.6,20.5,87,X, ,X,낮음
6/29/2020,함안(920),X,27.5,25.6,22.2,19.6,90,X, ,X,낮음
6/29/2020,북춘천(93),X,29,26.8,23,18.6,84.3,X, ,X,매우높음
6/29/2020,하동(932),X,27.3,25,21.9,20,92,X, ,X,낮음
6/29/2020,철원(95),X,29.6,26.7,22.7,18.2,91.5,X, ,X,낮음
6/29/2020,동두천(98),X,28.5,26.5,22.9,18.8,84.9,X, ,X,낮음
6/29/2020,파주(99),X,28.2,25.6,21.9,17.7,92.3,X, ,X,낮음
6/30/2020,북강릉(104),X,23.4,19.9,17.9,16,96.1,X, ,X,보통
6/30/2020,동해(106),X,23.8,20.2,18.4,16.3,97.1,X, ,X,낮음
6/30/2020,서울(108),X,24.8,23.1,20.1,18.4,83,X, ,X,보통
6/30/2020,인천(112),X,23.6,21.8,19.5,18.4,89,X, ,X,보통
6/30/2020,원주(114),X,26,25,21.1,17.4,70,X, ,X,낮음
6/30/2020,울릉도(115),X,24.5,20.8,19.5,18.2,99.8,X, ,X,낮음
6/30/2020,수원(119),X,24.9,23,20.2,17.9,89.1,X, ,X,낮음
6/30/2020,영월(121),X,25.5,23.3,20.1,17.3,91,X, ,X,낮음
6/30/2020,충주(127),X,24.9,22,20,17.2,89.9,X, ,X,낮음
6/30/2020,서산(129),X,23.5,20.2,19.1,18.4,92.4,X, ,X,보통
6/30/2020,울진(130),X,27.1,24.4,20.8,18.7,88.9,X, ,X,낮음
6/30/2020,청주(131),X,25.2,23.2,20.3,18.7,88.6,X, ,X,보통
6/30/2020,대전(133),X,25,21.5,20.3,18.3,96.9,X, ,X,높음
6/30/2020,추풍령(135),X,24.2,21.7,19.6,17.2,85.9,X, ,X,낮음
6/30/2020,안동(136),X,25.9,23.9,20.9,19.1,87.9,X, ,X,보통
6/30/2020,상주(137),X,27.2,24.8,20.4,18.7,94.4,X, ,X,낮음
6/30/2020,포항(138),X,29.6,29.3,24.2,20.5,78.3,X, ,X,낮음
6/30/2020,군산(140),X,24.5,20.9,19.8,18.8,94.4,X, ,X,낮음
6/30/2020,대구(143),X,28.7,28.2,23.5,19.3,72.6,X, ,X,보통
6/30/2020,전주(146),X,25.4,22.7,20.2,18.5,90.9,X, ,X,보통
6/30/2020,울산(152),X,28.9,27.9,23.9,19.8,77.5,X, ,X,보통
6/30/2020,창원(155),X,28.8,28.2,22.8,20.1,72.3,X, ,X,높음
6/30/2020,광주(156),X,26.4,22.7,20,18.3,96.9,X, ,X,보통
6/30/2020,부산(159),X,26.1,24.7,22,19.9,77.4,X, ,X,보통
6/30/2020,통영(162),X,27,24.3,21.8,20.4,79.9,X, ,X,낮음
6/30/2020,목포(165),X,24.7,21.9,20.1,18.3,90.1,X, ,X,높음
6/30/2020,여수(168),X,26.1,24.1,21.5,20.1,81.9,X, ,X,낮음
6/30/2020,흑산도(169),X,24.8,22.1,19.4,17.3,92.3,X, ,X,낮음
6/30/2020,완도(170),X,25.3,23.1,20.8,18.7,84.8,X, ,X,낮음
6/30/2020,고창(172),X,25.5,22.4,19.4,18.3,96.4,X, ,X,낮음
6/30/2020,제주(184),X,26.1,24,21.8,20,84.3,X, ,X,높음
6/30/2020,진주(192),X,27.6,26.7,22.7,19.4,77,X, ,X,낮음
6/30/2020,양평(202),X,25.4,23.8,21.1,18.1,76.5,X, ,X,낮음
6/30/2020,이천(203),X,25.5,23.1,20.3,17.4,88,X, ,X,낮음
6/30/2020,인제(211),X,23.3,21.4,19.1,16.2,82,X, ,X,낮음
6/30/2020,홍천(212),X,24.8,23.2,19.8,17.2,82.8,X, ,X,낮음
6/30/2020,태백(216),X,23.6,21.1,17.6,14.8,87.8,X, ,X,낮음
6/30/2020,정선군(217),X,24.7,23,19.9,16.3,83.4,X, ,X,낮음
6/30/2020,제천(221),X,25.3,23.4,19.8,16.9,86.6,X, ,X,낮음
6/30/2020,보은(226),X,25.1,22,20.4,18.4,89.5,X, ,X,낮음
6/30/2020,천안(232),X,24.4,20.8,19.8,18,95.4,X, ,X,낮음
6/30/2020,보령(235),X,24.4,21.8,19.5,18.4,94.4,X, ,X,낮음
6/30/2020,부여(236),X,24.7,21.7,20.2,19,92.6,X, ,X,낮음
6/30/2020,금산(238),X,25.2,23.2,20.2,17.9,90.5,X, ,X,낮음
6/30/2020,세종(239),X,24.1,20.8,19.8,18.3,92.4,X, ,X,높음
6/30/2020,부안(243),X,25.4,22,19.7,18.7,96,X, ,X,낮음
6/30/2020,임실(244),X,24,21.4,19.1,17.3,93.3,X, ,X,낮음
6/30/2020,정읍(245),X,25.3,22.3,19.6,18,89.1,X, ,X,낮음
6/30/2020,남원(247),X,26.3,23.3,20.6,18.1,88,X, ,X,낮음
6/30/2020,장수(248),X,24.2,20.8,19.1,16.9,94.5,X, ,X,낮음
6/30/2020,영광군(252),X,25,21.7,19.6,18.2,91.9,X, ,X,낮음
6/30/2020,김해시(253),X,29.5,27.6,23.3,20.3,76.3,X, ,X,낮음
6/30/2020,순창군(254),X,26.3,23,20.2,18.1,89.3,X, ,X,낮음
6/30/2020,양산시(257),X,27.7,26,23.1,20.4,80.4,X, ,X,낮음
6/30/2020,강진군(259),X,24.9,23,20.9,18.8,82.9,X, ,X,낮음
6/30/2020,장흥(260),X,24.8,22.2,20.6,18.8,84.4,X, ,X,낮음
6/30/2020,해남(261),X,24.4,22.1,19.9,18.2,88.5,X, ,X,낮음
6/30/2020,고흥(262),X,25.3,22.8,21.3,19.4,81,X, ,X,낮음
6/30/2020,의령군(263),X,28.8,28.1,23.4,20.5,72.6,X, ,X,낮음
6/30/2020,함양군(264),X,25.6,24.1,21.1,19.2,81,X, ,X,낮음
6/30/2020,진도군ASOS(268),X,25.4,22.2,20.3,18.6,89.8,X, ,X,낮음
6/30/2020,봉화(271),X,24.8,21.4,19.3,17,96.1,X, ,X,낮음
6/30/2020,영주(272),X,26.2,23.1,20.3,17.8,89.5,X, ,X,낮음
6/30/2020,문경(273),X,27,24.5,20.2,17.8,92.3,X, ,X,낮음
6/30/2020,청송군(276),X,27.3,24.6,20.8,17.9,95.1,X, ,X,낮음
6/30/2020,영덕(277),X,29.3,27.9,22.5,19,84,X, ,X,낮음
6/30/2020,의성(278),X,28.2,26.4,21.5,19.4,91.4,X, ,X,낮음
6/30/2020,구미(279),X,29.5,26.3,22.2,19.2,92.3,X, ,X,낮음
6/30/2020,영천(281),X,28.3,27.4,22.7,19,78.5,X, ,X,낮음
6/30/2020,경주시(283),X,29.2,28,24,20.3,74.4,X, ,X,낮음
6/30/2020,거창(284),X,26.7,25.5,21.3,19.1,80.5,X, ,X,낮음
6/30/2020,합천(285),X,27.5,26.5,22.5,19.2,79.1,X, ,X,낮음
6/30/2020,밀양(288),X,28.7,28.2,23.5,20.4,70.4,X, ,X,낮음
6/30/2020,산청(289),X,27.9,26,22.2,19.9,76.8,X, ,X,낮음
6/30/2020,거제(294),X,26.7,24.8,21.5,20,81.6,X, ,X,낮음
6/30/2020,남해(295),X,27.7,26.1,22.2,20.4,78.1,X, ,X,낮음
6/30/2020,부천(433),X,,22.8,19.1,17.3,,X, ,X,낮음
6/30/2020,안양(434),X,,23,20.1,18.3,,X, ,X,낮음
6/30/2020,광명(437),X,,23.6,20.2,18.5,,X, ,X,낮음
6/30/2020,군포(438),X,,23,19.8,17.9,,X, ,X,낮음
6/30/2020,김포(441),X,,22.4,19.5,17.9,,X, ,X,낮음
6/30/2020,하남(444),X,,22.4,19.4,17.1,,X, ,X,낮음
6/30/2020,의왕(445),X,,21.6,18.7,16.4,,X, ,X,낮음
6/30/2020,포천(504),X,23.5,22.1,19.2,16.9,80,X, ,X,낮음
6/30/2020,가평조종(505),X,24.4,22.8,19.7,16.3,80,X, ,X,낮음
6/30/2020,안성(516),X,25.2,22.3,20.1,17.6,91,X, ,X,낮음
6/30/2020,간성(517),X,24.5,21,18.8,16.6,97,X, ,X,낮음
6/30/2020,평창(526),X,24.2,23.2,20.3,16.5,72,X, ,X,낮음
6/30/2020,의정부(532),X,25.2,22.6,19.3,17.1,93,X, ,X,낮음
6/30/2020,횡성(536),X,25.7,24.4,20.4,16.7,83,X, ,X,낮음
6/30/2020,고양(540),X,25.6,24.6,19.4,17.1,88,X, ,X,낮음
6/30/2020,남양주(541),X,24.5,22.9,20,17.9,79,X, ,X,낮음
6/30/2020,안산(545),X,25.3,22.6,19.7,17.2,90,X, ,X,낮음
6/30/2020,경기광주(546),X,23.8,21.7,19.2,17,87,X, ,X,낮음
6/30/2020,여주(548),X,24.6,22.5,19.6,16.6,86,X, ,X,낮음
6/30/2020,용인(549),X,24.3,21.9,19.6,17.1,85,X, ,X,낮음
6/30/2020,오산(550),X,23.9,22.6,20.1,17.6,80,X, ,X,낮음
6/30/2020,평택(551),X,25,21.4,19.7,17.4,97,X, ,X,낮음
6/30/2020,화천(555),X,24.3,22.8,20.1,16.8,81,X, ,X,낮음
6/30/2020,양구(556),X,23.4,21.6,19.3,16.7,80,X, ,X,낮음
6/30/2020,시흥(565),X,25.2,22.8,20,17.9,86,X, ,X,낮음
6/30/2020,구리(569),X,24.8,23.5,20,18.1,77,X, ,X,낮음
6/30/2020,화성(571),X,24.6,22.4,20,18,86,X, ,X,낮음
6/30/2020,성남(572),X,24.6,23,20.1,17.6,81,X, ,X,보통
6/30/2020,과천(590),X,24.9,23,20,17.7,84,X, ,X,낮음
6/30/2020,양주(598),X,24.6,22.9,19.2,17.1,87,X, ,X,낮음
6/30/2020,단양(601),X,27.2,23.7,20.2,17.7,99,X, ,X,낮음
6/30/2020,진천(602),X,24.6,21.8,19.8,17.5,89,X, ,X,낮음
6/30/2020,괴산(603),X,24.8,,,,,X, ,X,낮음
6/30/2020,옥천(604),X,25.3,22.9,20.3,18.3,90,X, ,X,낮음
6/30/2020,홍북(608),X,24,20.4,18.6,16.7,98,X, ,X,낮음
6/30/2020,공주(612),X,24.9,21.2,19.8,17.8,100,X, ,X,낮음
6/30/2020,서천(614),X,25.2,21.9,20.8,19.8,90,X, ,X,낮음
6/30/2020,논산(615),X,25.3,22,20.4,18.8,95,X, ,X,낮음
6/30/2020,당진(616),X,22.9,,,,,X, ,X,낮음
6/30/2020,청양(618),X,23.9,20.6,19.5,17.5,94,X, ,X,낮음
6/30/2020,음성(619),X,24.9,21.6,19.7,17.6,94,X, ,X,낮음
6/30/2020,증평(623),X,24.8,21.7,20.2,18.4,92,X, ,X,낮음
6/30/2020,태안(627),X,23.5,20.1,18.6,17.7,96,X, ,X,낮음
6/30/2020,예산(628),X,23.8,20.3,19.3,18.3,97,X, ,X,낮음
6/30/2020,아산(634),X,24.1,,,,,X, ,X,낮음
6/30/2020,계룡(636),X,24,20.7,19.4,17.6,90,X, ,X,낮음
6/30/2020,연천청산(652),X,24.3,22.7,19.2,17,91,X, ,X,낮음
6/30/2020,양양(670),X,25,21.4,18.6,16.9,97,X, ,X,낮음
6/30/2020,무안(699),X,24.9,21.5,19.7,18.2,94,X, ,X,낮음
6/30/2020,무주(701),X,26.9,23.7,20.6,17.6,92,X, ,X,낮음
6/30/2020,익산(702),X,25.6,22.6,20.3,18.9,94,X, ,X,낮음
6/30/2020,진안(703),X,23.7,20.8,18.9,16.9,91,X, ,X,낮음
6/30/2020,담양(706),X,27.1,23.6,20.5,18.8,96,X, ,X,낮음
6/30/2020,구례(709),X,27.3,25.6,22,19.7,82,X, ,X,낮음
6/30/2020,나주(710),X,25.3,22.6,20.3,18.7,92,X, ,X,낮음
6/30/2020,순천시(712),X,27,25.7,22.4,20.5,80,X, ,X,낮음
6/30/2020,광양읍(713),X,27.6,27.9,22.5,20.5,66,X, ,X,낮음
6/30/2020,장성(730),X,25.5,22.4,20.1,18.5,95,X, ,X,낮음
6/30/2020,영암(731),X,25.6,22.6,20.3,18.5,94,X, ,X,낮음
6/30/2020,보성(732),X,25.3,23,20,17.9,89,X, ,X,낮음
6/30/2020,완주(734),X,25.4,23.1,19.8,17.9,94,X, ,X,낮음
6/30/2020,김제(737),X,25.2,22.1,19.5,18.5,99,X, ,X,낮음
6/30/2020,화순(741),X,25.8,,,,,X, ,X,낮음
6/30/2020,함평(754),X,25,21.9,20,18.3,94,X, ,X,낮음
6/30/2020,곡성(768),X,26.6,23.6,20.8,18.6,83,X, ,X,낮음
6/30/2020,압해도(789),X,25.9,23.1,20.8,18.8,91,X, ,X,낮음
6/30/2020,영양(801),X,26.5,23.9,20.6,18.4,94,X, ,X,낮음
6/30/2020,성주(810),X,28.7,28.3,22.8,18.9,77,X, ,X,낮음
6/30/2020,고령(812),X,27.6,26.4,22.5,19.2,81,X, ,X,낮음
6/30/2020,청도(813),X,28,27.4,23,19.6,75,X, ,X,낮음
6/30/2020,예천(815),X,25.9,23.7,21,19.2,87,X, ,X,낮음
6/30/2020,김천(822),X,29.4,27.5,23,19.1,82,X, ,X,낮음
6/30/2020,군위(823),X,27.9,26,21.6,19,88,X, ,X,낮음
6/30/2020,칠곡(825),X,28,27.2,22.8,19.3,84,X, ,X,낮음
6/30/2020,경산(827),X,28.6,28.6,23.5,19.3,72,X, ,X,낮음
6/30/2020,삼척(876),X,25.1,21.7,19.1,17,94,X, ,X,낮음
6/30/2020,속초(90),X,24.5,21,18.7,16.4,96.1,X, ,X,낮음
6/30/2020,삼천포(907),X,27.1,25.9,22.6,20.6,75,X, ,X,낮음
6/30/2020,고성(918),X,28,27,22.5,19,78,X, ,X,낮음
6/30/2020,창녕(919),X,29.1,28.2,23.8,21.1,75,X, ,X,낮음
6/30/2020,함안(920),X,28.7,27.9,23.5,20.9,74,X, ,X,낮음
6/30/2020,북춘천(93),X,25.3,23.9,21.1,17.3,75.6,X, ,X,보통
6/30/2020,하동(932),X,26.7,25.2,22.3,20.4,80,X, ,X,낮음
6/30/2020,철원(95),X,24.4,21.4,19.2,16.8,94.8,X, ,X,낮음
6/30/2020,동두천(98),X,24.2,22,18.8,16.8,91.1,X, ,X,낮음
6/30/2020,파주(99),X,24,22.1,19,17.2,91.4,X, ,X,낮음
