일시,지점,폭염여부(O/X),최고체감온도(°C),최고기온(°C),평균기온(°C),최저기온(°C),평균상대습도(%),폭염특보(O/X),폭염영향예보(단계),열대야(O/X),자외선지수(단계)
5/1/2021,북강릉(104),X,14.3,11.9,9.6,7.7,90,X, ,X,보통
5/1/2021,동해(106),X,13.9,11.6,10.1,7.6,83.5,X, ,X,보통
5/1/2021,서울(108),X,15.9,15.3,10.2,8.5,80.8,X, ,X,보통
5/1/2021,인천(112),X,14.3,13.4,10.5,8.5,73.1,X, ,X,보통
5/1/2021,원주(114),X,13.5,11.2,9.5,7.9,83.9,X, ,X,보통
5/1/2021,울릉도(115),X,,13.1,10.5,9,88.5,X, ,X,보통
5/1/2021,수원(119),X,15.4,14.2,10.6,8.6,85.1,X, ,X,보통
5/1/2021,영월(121),X,13.4,10.4,8.6,7.5,91.1,X, ,X,보통
5/1/2021,충주(127),X,14,12.3,9.2,8,83.9,X, ,X,보통
5/1/2021,서산(129),X,15.1,14,10.3,8.4,75.9,X, ,X,보통
5/1/2021,울진(130),X,14.1,11.4,9.7,8.2,89.1,X, ,X,보통
5/1/2021,청주(131),X,14.6,14.3,10.6,8.7,71.6,X, ,X,보통
5/1/2021,대전(133),X,14.3,13.3,10.5,9.4,79.3,X, ,X,보통
5/1/2021,추풍령(135),X,12.5,11.5,9,7.8,71.1,X, ,X,보통
5/1/2021,안동(136),X,13.6,12.1,10,8.3,75.5,X, ,X,보통
5/1/2021,상주(137),X,15.8,14.9,10.3,8.6,76.4,X, ,X,보통
5/1/2021,포항(138),X,16.4,15.5,12.7,10.9,69.4,X, ,X,보통
5/1/2021,군산(140),X,14.2,12.8,10.7,9,76.8,X, ,X,보통
5/1/2021,대구(143),X,16.3,15.6,12.1,9.4,77.3,X, ,X,보통
5/1/2021,전주(146),X,14.9,13.6,10.3,9,78.6,X, ,X,보통
5/1/2021,울산(152),X,16.6,15.2,12.2,9.7,73.6,X, ,X,보통
5/1/2021,창원(155),X,17,16.6,11.4,8.9,65.9,X, ,X,보통
5/1/2021,광주(156),X,14.9,14.1,10.6,8.6,78.8,X, ,X,보통
5/1/2021,부산(159),X,17.3,16.6,12.2,10.1,69,X, ,X,보통
5/1/2021,통영(162),X,17.4,15.8,12.2,9.8,76.5,X, ,X,보통
5/1/2021,목포(165),X,14.6,13.3,11.1,8.6,78,X, ,X,높음
5/1/2021,여수(168),X,15.1,14.6,11.8,10.2,67.6,X, ,X,보통
5/1/2021,흑산도(169),X,16.9,15.4,12,8.9,80.1,X, ,X,높음
5/1/2021,완도(170),X,15.9,15.2,11.7,9.1,73.8,X, ,X,높음
5/1/2021,고창(172),X,14.3,13.2,9.7,7.4,72.9,X, ,X,보통
5/1/2021,제주(184),X,17.1,16.3,13.3,11.5,71,X, ,X,보통
5/1/2021,진주(192),X,16.6,15.2,10.6,5.6,78.8,X, ,X,보통
5/1/2021,양평(202),X,14.5,12.9,10.6,8.7,85.8,X, ,X,보통
5/1/2021,이천(203),X,15.6,14.7,10.9,8.8,79.5,X, ,X,보통
5/1/2021,인제(211),X,13.5,11.7,8.6,5.1,86.1,X, ,X,보통
5/1/2021,홍천(212),X,13.8,12.3,9.4,6.8,86,X, ,X,보통
5/1/2021,태백(216),X,11.1,8.8,6,3.8,84.6,X, ,X,보통
5/1/2021,정선군(217),X,12.1,9.8,8.2,6.5,83,X, ,X,보통
5/1/2021,제천(221),X,13.1,11,8.5,7.2,87.3,X, ,X,보통
5/1/2021,보은(226),X,14.2,12.9,9.5,8,83.3,X, ,X,보통
5/1/2021,천안(232),X,14.5,12.9,10.1,8.5,84.5,X, ,X,보통
5/1/2021,보령(235),X,15.5,13.7,10.1,8.2,79.5,X, ,X,보통
5/1/2021,부여(236),X,14.8,13.9,10.3,6.9,75.6,X, ,X,보통
5/1/2021,금산(238),X,14.1,12.3,9.8,8.5,79.8,X, ,X,보통
5/1/2021,세종(239),X,14.5,14,10,8,75.1,X, ,X,보통
5/1/2021,부안(243),X,15,13.4,11,9.4,80.1,X, ,X,보통
5/1/2021,임실(244),X,13,11.1,8.8,7.8,83.9,X, ,X,보통
5/1/2021,정읍(245),X,13.8,12.6,9.8,7.9,75.3,X, ,X,보통
5/1/2021,남원(247),X,13.7,12.8,9.5,8.2,80.4,X, ,X,보통
5/1/2021,장수(248),X,12,10.3,7.8,6.9,83,X, ,X,보통
5/1/2021,영광군(252),X,14.7,13.3,10.3,8.5,76,X, ,X,보통
5/1/2021,김해시(253),X,17.6,17.4,12.2,9.3,68.4,X, ,X,보통
5/1/2021,순창군(254),X,13.8,12.9,10.1,8.1,77.1,X, ,X,보통
5/1/2021,양산시(257),X,18.2,17.8,12.8,10.3,71.3,X, ,X,보통
5/1/2021,강진군(259),X,15.6,15.6,11.6,8.6,71.3,X, ,X,높음
5/1/2021,장흥(260),X,15.6,15.2,11.1,8.6,72.9,X, ,X,높음
5/1/2021,해남(261),X,15.5,14.6,10.7,8.2,76,X, ,X,높음
5/1/2021,고흥(262),X,15.1,14.8,11.1,8.3,72.4,X, ,X,보통
5/1/2021,의령군(263),X,16.9,16.1,12,9.7,68.5,X, ,X,보통
5/1/2021,함양군(264),X,13.4,12.5,9.9,8.4,68.9,X, ,X,보통
5/1/2021,진도군ASOS(268),X,16.1,15,11.9,9.3,78.4,X, ,X,높음
5/1/2021,봉화(271),X,11,8.8,7.2,6.2,87.4,X, ,X,보통
5/1/2021,영주(272),X,13.6,11.4,9.2,7.7,85,X, ,X,보통
5/1/2021,문경(273),X,14.4,13.7,9.9,8,76.5,X, ,X,보통
5/1/2021,청송군(276),X,13.2,11,8.7,7.7,80.1,X, ,X,보통
5/1/2021,영덕(277),X,17.2,15.2,10.8,9.3,79.5,X, ,X,보통
5/1/2021,의성(278),X,15.6,13.3,10.5,7.2,79.1,X, ,X,보통
5/1/2021,구미(279),X,16,16.1,12.1,9.6,61.8,X, ,X,보통
5/1/2021,영천(281),X,16.6,15.3,11,8.7,75.9,X, ,X,보통
5/1/2021,경주시(283),X,16.5,15.4,12.1,9.7,69.8,X, ,X,보통
5/1/2021,거창(284),X,14,12.8,9.7,8.1,72.1,X, ,X,보통
5/1/2021,합천(285),X,15.5,15.2,11.8,9,68.3,X, ,X,보통
5/1/2021,밀양(288),X,16.6,16.2,11.6,7.1,68.6,X, ,X,보통
5/1/2021,산청(289),X,13.6,12.7,10.1,8.3,72.1,X, ,X,보통
5/1/2021,거제(294),X,17.3,16.4,11.5,8.8,76.4,X, ,X,보통
5/1/2021,남해(295),X,15.9,15.5,11.8,9.2,70.4,X, ,X,보통
5/1/2021,부천(433),X,15.4,14.4,10.1,8.1,76,X, ,X,보통
5/1/2021,안양(434),X,12,14.2,10.6,8.7,,X, ,X,보통
5/1/2021,광명(437),X,15.5,14.9,10.9,8.8,73,X, ,X,보통
5/1/2021,군포(438),X,15.2,14.4,10.3,8.2,76,X, ,X,보통
5/1/2021,김포(441),X,,15.3,10.4,8.4,,X, ,X,보통
5/1/2021,하남(444),X,16.2,15.3,9.4,7.2,83,X, ,X,보통
5/1/2021,의왕(445),X,14.2,13.1,8.9,7.3,81,X, ,X,보통
5/1/2021,포천(504),X,14.2,12,9.1,6.6,87,X, ,X,보통
5/1/2021,가평조종(505),X,14.2,12.8,8.9,6.1,88,X, ,X,보통
5/1/2021,안성(516),X,15,14.3,10.2,8.6,82,X, ,X,보통
5/1/2021,간성(517),X,16.3,13.9,9.8,8.4,96,X, ,X,보통
5/1/2021,평창(526),X,12.3,9.8,8.1,7,83,X, ,X,보통
5/1/2021,의정부(532),X,15.8,14.7,9.5,7.3,93,X, ,X,보통
5/1/2021,횡성(536),X,14.1,11.9,9.1,7.4,92,X, ,X,보통
5/1/2021,고양(540),X,17.1,16.6,10.3,7.7,83,X, ,X,보통
5/1/2021,남양주(541),X,15.4,14.3,10.5,7.9,82,X, ,X,보통
5/1/2021,안산(545),X,16,14.7,10.4,8.2,82,X, ,X,보통
5/1/2021,경기광주(546),X,15.6,15.2,9.7,7.1,83,X, ,X,보통
5/1/2021,여주(548),X,15.7,14.7,9.6,7.5,85,X, ,X,보통
5/1/2021,용인(549),X,14.8,14.2,10.6,8.7,74,X, ,X,보통
5/1/2021,오산(550),X,15.8,15.1,10.7,8.7,78,X, ,X,보통
5/1/2021,평택(551),X,15.2,14.2,10.6,8.4,81,X, ,X,보통
5/1/2021,화천(555),X,15,13.1,9.2,6,93,X, ,X,보통
5/1/2021,양구(556),X,13.3,11.6,8.8,6.3,83,X, ,X,보통
5/1/2021,시흥(565),X,15.4,14.4,10.5,8.5,75,X, ,X,보통
5/1/2021,구리(569),X,15.5,15.3,10.4,7.5,71,X, ,X,보통
5/1/2021,화성(571),X,15.6,14.8,10.3,8.6,75,X, ,X,보통
5/1/2021,성남(572),X,15.4,15.1,10.7,8,72,X, ,X,보통
5/1/2021,과천(590),X,16.3,15.4,10.8,8.3,78,X, ,X,보통
5/1/2021,양주(598),X,15.3,13.9,9.5,7.2,83,X, ,X,보통
5/1/2021,단양(601),X,13.1,10.5,9,7.8,91,X, ,X,보통
5/1/2021,진천(602),X,14.7,13.4,10.1,8.2,79,X, ,X,보통
5/1/2021,괴산(603),X,14.3,13.4,9,7.2,83,X, ,X,보통
5/1/2021,옥천(604),X,14.2,13.2,9.9,8.9,79,X, ,X,보통
5/1/2021,홍북(608),X,16.5,15.3,9.8,7.4,84,X, ,X,보통
5/1/2021,공주(612),X,14.8,14.3,10.4,7.9,74,X, ,X,보통
5/1/2021,서천(614),X,14.8,13,10.4,7.6,80,X, ,X,보통
5/1/2021,논산(615),X,14.8,14.3,10.7,8.4,73,X, ,X,보통
5/1/2021,당진(616),X,15.2,14.2,9.7,7.9,81,X, ,X,보통
5/1/2021,청양(618),X,14.7,13.4,9.5,7,78,X, ,X,보통
5/1/2021,음성(619),X,14.3,13.5,8.5,6.8,84,X, ,X,보통
5/1/2021,증평(623),X,14,12.6,9.6,8.3,87,X, ,X,보통
5/1/2021,태안(627),X,14.8,12.9,9.9,7.8,86,X, ,X,보통
5/1/2021,예산(628),X,,,,,,X, ,X,보통
5/1/2021,아산(634),X,15.8,15.2,10.9,8.9,78,X, ,X,보통
5/1/2021,계룡(636),X,13.9,12.8,8.9,5.6,82,X, ,X,보통
5/1/2021,연천청산(652),X,,11.5,9.2,7.2,,X, ,X,보통
5/1/2021,양양(670),X,15.9,12.6,10.5,8.6,95,X, ,X,보통
5/1/2021,무안(699),X,15,13.6,10.9,8.8,79,X, ,X,보통
5/1/2021,무주(701),X,12.8,10.9,9.4,8.4,77,X, ,X,보통
5/1/2021,익산(702),X,15.3,13.7,10.8,9.3,78,X, ,X,보통
5/1/2021,진안(703),X,11.7,9.2,7.7,6.7,86,X, ,X,보통
5/1/2021,담양(706),X,16.7,14.8,10.5,8.8,82,X, ,X,보통
5/1/2021,구례(709),X,15.4,14.3,10.7,8.9,78,X, ,X,보통
5/1/2021,나주(710),X,16.1,15.3,10.7,7.8,80,X, ,X,보통
5/1/2021,순천시(712),X,15.7,15,11.8,9.1,72,X, ,X,보통
5/1/2021,광양읍(713),X,16.4,15.8,11.6,9.2,74,X, ,X,보통
5/1/2021,장성(730),X,15.6,14.6,10.5,8,77,X, ,X,보통
5/1/2021,영암(731),X,15.6,14.8,10.5,7,81,X, ,X,높음
5/1/2021,보성(732),X,14.8,13.9,10.2,7.8,75,X, ,X,보통
5/1/2021,완주(734),X,14,12,10,8.6,83,X, ,X,보통
5/1/2021,김제(737),X,14.2,12.7,10.2,8.9,79,X, ,X,보통
5/1/2021,화순(741),X,14.8,13.8,10.4,8.5,70,X, ,X,보통
5/1/2021,함평(754),X,15.3,13.8,10.8,8.6,82,X, ,X,보통
5/1/2021,곡성(768),X,15,13.9,10.1,8.5,72,X, ,X,보통
5/1/2021,압해도(789),X,15.8,14.1,11.6,9,78,X, ,X,높음
5/1/2021,영양(801),X,13.3,11.1,9.3,8.3,85,X, ,X,보통
5/1/2021,성주(810),X,16.9,16.4,12.2,9.3,63,X, ,X,보통
5/1/2021,고령(812),X,16.6,15.8,10.6,5.8,75,X, ,X,보통
5/1/2021,청도(813),X,16.1,14.5,10.2,5.6,76,X, ,X,보통
5/1/2021,예천(815),X,14.6,14.1,10.7,9,72,X, ,X,보통
5/1/2021,김천(822),X,15.8,15.6,11.4,8.7,66,X, ,X,보통
5/1/2021,군위(823),X,15,12.9,10.7,8.8,76,X, ,X,보통
5/1/2021,칠곡(825),X,16,15.8,12.1,9.7,68,X, ,X,보통
5/1/2021,경산(827),X,15.2,15.5,11.9,9.4,62,X, ,X,보통
5/1/2021,삼척(876),X,15,12.3,10.6,8.4,87,X, ,X,보통
5/1/2021,속초(90),X,14.4,12.1,9.7,8.1,88.5,X, ,X,보통
5/1/2021,삼천포(907),X,15.8,15,11.9,9.5,61,X, ,X,보통
5/1/2021,고성(918),X,16.3,15.6,11.1,6.8,76,X, ,X,보통
5/1/2021,창녕(919),X,16.3,15.4,11.4,8.3,75,X, ,X,보통
5/1/2021,함안(920),X,17,16,11.5,9.1,72,X, ,X,보통
5/1/2021,북춘천(93),X,14.3,12.4,9.4,6.8,88,X, ,X,보통
5/1/2021,하동(932),X,15.9,14.9,12,9.3,70,X, ,X,보통
5/1/2021,철원(95),X,14.3,11.5,8.6,6.3,98.4,X, ,X,보통
5/1/2021,동두천(98),X,14.9,12.2,8.6,6.6,95.4,X, ,X,보통
5/1/2021,파주(99),X,15.8,14.9,9.8,7.9,86.9,X, ,X,보통
5/2/2021,북강릉(104),X,16.9,17.6,12.8,7.3,58.4,X, ,X,높음
5/2/2021,동해(106),X,16.2,16.7,12.3,8,59.8,X, ,X,보통
5/2/2021,서울(108),X,19.1,18.7,12.4,7.3,67.9,X, ,X,높음
5/2/2021,인천(112),X,16.8,16.4,11.8,7.7,66.6,X, ,X,높음
5/2/2021,원주(114),X,18.2,18.5,12.2,7.2,64.3,X, ,X,높음
5/2/2021,울릉도(115),X,,14.1,11.9,8.8,66.5,X, ,X,높음
5/2/2021,수원(119),X,18.6,17.8,11.7,7.8,75.9,X, ,X,높음
5/2/2021,영월(121),X,18.4,18.4,9.9,6.5,80.1,X, ,X,보통
5/2/2021,충주(127),X,18.3,18.7,11.5,7,70,X, ,X,높음
5/2/2021,서산(129),X,18.2,18.3,11.8,7.7,69.3,X, ,X,높음
5/2/2021,울진(130),X,16.9,17,11.8,7.3,70.9,X, ,X,보통
5/2/2021,청주(131),X,18.4,18.9,13,8.1,60,X, ,X,높음
5/2/2021,대전(133),X,19.3,19.6,13,7.9,69,X, ,X,높음
5/2/2021,추풍령(135),X,17,17.2,10.7,6.1,65.9,X, ,X,보통
5/2/2021,안동(136),X,18.2,18.8,10.8,6.6,74.1,X, ,X,보통
5/2/2021,상주(137),X,19.2,19.7,12.9,7.3,64.3,X, ,X,보통
5/2/2021,포항(138),X,18.1,17.3,13.2,9.4,65.3,X, ,X,높음
5/2/2021,군산(140),X,16.9,15.9,11.9,8.6,71.6,X, ,X,높음
5/2/2021,대구(143),X,19.9,19.9,13.6,8.4,68,X, ,X,보통
5/2/2021,전주(146),X,18.2,17.9,11.6,8.1,71.1,X, ,X,보통
5/2/2021,울산(152),X,17.9,17.7,12.5,8.3,66.3,X, ,X,보통
5/2/2021,창원(155),X,18.1,19.2,12.7,8.3,56.4,X, ,X,보통
5/2/2021,광주(156),X,18.5,18.7,12.3,8.2,69.5,X, ,X,보통
5/2/2021,부산(159),X,17.1,16.9,12.6,8.6,62.6,X, ,X,보통
5/2/2021,통영(162),X,18.8,18.5,14.2,10.3,64.8,X, ,X,보통
5/2/2021,목포(165),X,15.8,15,12.1,9.9,70.8,X, ,X,높음
5/2/2021,여수(168),X,17.9,18,13.5,9.4,58.6,X, ,X,보통
5/2/2021,흑산도(169),X,17.9,16.2,12.3,9.5,82.1,X, ,X,매우높음
5/2/2021,완도(170),X,18.7,18.1,13.3,8.9,66.9,X, ,X,높음
5/2/2021,고창(172),X,16.6,16.1,10.1,6,72.4,X, ,X,높음
5/2/2021,제주(184),X,17.6,16.7,13.8,10.9,65.6,X, ,X,높음
5/2/2021,진주(192),X,19.1,19.4,11.6,4.1,68.9,X, ,X,높음
5/2/2021,양평(202),X,19.4,20.2,13.1,7.7,67.5,X, ,X,높음
5/2/2021,이천(203),X,19.6,20.2,12.6,7.4,66.8,X, ,X,높음
5/2/2021,인제(211),X,18.3,18.2,10.3,5,76.8,X, ,X,보통
5/2/2021,홍천(212),X,18.8,19.8,12.4,6,66.1,X, ,X,높음
5/2/2021,태백(216),X,14.5,14.6,8.5,3.3,66.3,X, ,X,보통
5/2/2021,정선군(217),X,17.4,18,10.9,4.7,66.3,X, ,X,높음
5/2/2021,제천(221),X,17.9,18.2,10.7,6.4,74,X, ,X,보통
5/2/2021,보은(226),X,18,18.2,11,6.3,73.4,X, ,X,높음
5/2/2021,천안(232),X,18.2,18,11.5,6.6,74.8,X, ,X,높음
5/2/2021,보령(235),X,17.7,16.6,11.2,6.8,73.4,X, ,X,높음
5/2/2021,부여(236),X,19,19.6,12.3,6.7,66.5,X, ,X,높음
5/2/2021,금산(238),X,18,18.3,11.5,7.2,69.9,X, ,X,높음
5/2/2021,세종(239),X,17.9,18.7,12.1,7.2,61.5,X, ,X,높음
5/2/2021,부안(243),X,17,16,11.4,7.8,76.6,X, ,X,높음
5/2/2021,임실(244),X,17.1,16.8,10.3,5.7,74.8,X, ,X,보통
5/2/2021,정읍(245),X,17.6,17.4,10.9,6.7,70.1,X, ,X,보통
5/2/2021,남원(247),X,17.5,17.6,11.2,6.7,71.3,X, ,X,보통
5/2/2021,장수(248),X,16.1,15.6,8.9,4.7,76.5,X, ,X,보통
5/2/2021,영광군(252),X,16.1,15.5,10.6,6.8,73.3,X, ,X,높음
5/2/2021,김해시(253),X,18.3,18.5,12.1,7.8,67.6,X, ,X,보통
5/2/2021,순창군(254),X,17.7,17.9,11.1,6.3,72.1,X, ,X,보통
5/2/2021,양산시(257),X,19.5,19.8,12.8,8.5,67.5,X, ,X,보통
5/2/2021,강진군(259),X,18.8,18.9,12.5,7.3,67.9,X, ,X,높음
5/2/2021,장흥(260),X,18.2,18.1,12.2,6.8,68.3,X, ,X,보통
5/2/2021,해남(261),X,17.3,16.6,11.2,5.4,72.4,X, ,X,높음
5/2/2021,고흥(262),X,18.4,18.7,12.2,7.8,66.9,X, ,X,보통
5/2/2021,의령군(263),X,19.3,20.8,13.5,7.5,53.1,X, ,X,높음
5/2/2021,함양군(264),X,17.2,18.5,11.5,6.2,52.1,X, ,X,보통
5/2/2021,진도군ASOS(268),X,17.3,15.7,11.8,7.5,76.4,X, ,X,매우높음
5/2/2021,봉화(271),X,16,16.1,9.4,4.3,72.8,X, ,X,높음
5/2/2021,영주(272),X,18.1,18.1,12,7.4,64.1,X, ,X,높음
5/2/2021,문경(273),X,18.4,18.9,12.6,7.8,60.9,X, ,X,보통
5/2/2021,청송군(276),X,17.6,18.4,10.8,4.7,67.8,X, ,X,보통
5/2/2021,영덕(277),X,18.5,17.8,11.5,7.3,73.4,X, ,X,보통
5/2/2021,의성(278),X,19,19.8,11.3,5.6,76.3,X, ,X,높음
5/2/2021,구미(279),X,19,19.8,13.7,7.8,57,X, ,X,보통
5/2/2021,영천(281),X,18.8,19.6,12.2,7.2,66.8,X, ,X,보통
5/2/2021,경주시(283),X,18.6,19.3,12.1,7.5,66,X, ,X,보통
5/2/2021,거창(284),X,17.6,18.4,11.8,6.2,59.5,X, ,X,보통
5/2/2021,합천(285),X,18.4,19.2,13.2,7.7,57.1,X, ,X,높음
5/2/2021,밀양(288),X,18.1,19.5,12.3,6.4,61.1,X, ,X,보통
5/2/2021,산청(289),X,18.3,18.7,12.4,7.3,58.5,X, ,X,보통
5/2/2021,거제(294),X,18.3,18.4,13.7,9.8,58.9,X, ,X,보통
5/2/2021,남해(295),X,18.5,18.6,13.7,9.6,59.3,X, ,X,보통
5/2/2021,부천(433),X,18.2,18,12,6.8,66,X, ,X,높음
5/2/2021,안양(434),X,13.3,18.2,12.2,8.2,,X, ,X,높음
5/2/2021,광명(437),X,18.5,18.7,12.6,8.2,65,X, ,X,높음
5/2/2021,군포(438),X,17.9,18.3,12.1,7.7,63,X, ,X,높음
5/2/2021,김포(441),X,,18.9,12,7,,X, ,X,높음
5/2/2021,하남(444),X,19.3,19.8,11.6,6.3,67,X, ,X,높음
5/2/2021,의왕(445),X,17,17,10.4,6.1,69,X, ,X,높음
5/2/2021,포천(504),X,19.8,20.3,11.9,5.3,72,X, ,X,높음
5/2/2021,가평조종(505),X,18.7,19.3,11.1,4.5,73,X, ,X,높음
5/2/2021,안성(516),X,18.4,18,11.2,6.9,76,X, ,X,높음
5/2/2021,간성(517),X,18.5,18.8,13.9,7.3,61,X, ,X,보통
5/2/2021,평창(526),X,17.2,17.8,10.1,5.6,70,X, ,X,보통
5/2/2021,의정부(532),X,19.8,19.3,11.9,5.7,76,X, ,X,높음
5/2/2021,횡성(536),X,19,19.3,11.9,6.3,73,X, ,X,높음
5/2/2021,고양(540),X,21,21,11.7,5.8,74,X, ,X,높음
5/2/2021,남양주(541),X,20.4,21.1,12.9,6.8,66,X, ,X,높음
5/2/2021,안산(545),X,18.3,17.8,11.2,5.7,76,X, ,X,높음
5/2/2021,경기광주(546),X,19,19.2,11.6,5.8,69,X, ,X,높음
5/2/2021,여주(548),X,19.1,19.3,11.6,6.2,70,X, ,X,높음
5/2/2021,용인(549),X,18.2,18.6,11.5,7.5,67,X, ,X,높음
5/2/2021,오산(550),X,18.5,19,12,7.7,67,X, ,X,높음
5/2/2021,평택(551),X,18.1,17.6,11.8,8.2,73,X, ,X,높음
5/2/2021,화천(555),X,20.6,22,12.6,5.1,70,X, ,X,높음
5/2/2021,양구(556),X,19,20.6,11.7,5.4,66,X, ,X,높음
5/2/2021,시흥(565),X,18.3,18.1,11.8,7,69,X, ,X,높음
5/2/2021,구리(569),X,19.6,20,12.5,6.3,60,X, ,X,높음
5/2/2021,화성(571),X,18.4,18.2,11.8,8,69,X, ,X,높음
5/2/2021,성남(572),X,18.7,19.3,12.5,7.6,62,X, ,X,높음
5/2/2021,과천(590),X,19.4,19.5,12.5,6.8,69,X, ,X,높음
5/2/2021,양주(598),X,19.1,19,11.7,4.6,68,X, ,X,높음
5/2/2021,단양(601),X,18.7,18.7,10.4,7,84,X, ,X,보통
5/2/2021,진천(602),X,18.4,18.3,11.3,6.9,70,X, ,X,높음
5/2/2021,괴산(603),X,18.2,18.8,11.2,5.7,71,X, ,X,높음
5/2/2021,옥천(604),X,18.3,18.7,11.5,7.4,70,X, ,X,높음
5/2/2021,홍북(608),X,20.8,20.6,11.5,6.6,78,X, ,X,높음
5/2/2021,공주(612),X,19.1,20.1,12.4,7.5,65,X, ,X,높음
5/2/2021,서천(614),X,17.2,15.7,11.1,6.6,73,X, ,X,높음
5/2/2021,논산(615),X,19.1,19.3,12.4,7.6,66,X, ,X,높음
5/2/2021,당진(616),X,17.1,17,11.4,7.5,71,X, ,X,높음
5/2/2021,청양(618),X,17.8,18.4,10.6,4.1,73,X, ,X,높음
5/2/2021,음성(619),X,18.2,18.5,10.6,5.3,71,X, ,X,높음
5/2/2021,증평(623),X,18.4,18.3,11.5,6.9,73,X, ,X,높음
5/2/2021,태안(627),X,17.7,16.9,11.1,6.8,77,X, ,X,높음
5/2/2021,예산(628),X,,,,,,X, ,X,높음
5/2/2021,아산(634),X,17.7,18.1,12.5,8.4,69,X, ,X,높음
5/2/2021,계룡(636),X,18.6,19.1,10.4,4,74,X, ,X,높음
5/2/2021,연천청산(652),X,,19.8,11.8,4.6,,X, ,X,높음
5/2/2021,양양(670),X,18.7,18.4,13.5,7.2,69,X, ,X,보통
5/2/2021,무안(699),X,16.8,15.6,11.4,7,76,X, ,X,높음
5/2/2021,무주(701),X,17.4,17.6,10.3,6.4,72,X, ,X,보통
5/2/2021,익산(702),X,18.6,18.3,11.4,6.2,74,X, ,X,보통
5/2/2021,진안(703),X,15.7,15.4,9,5.5,77,X, ,X,보통
5/2/2021,담양(706),X,19.4,19.5,11.4,4,75,X, ,X,보통
5/2/2021,구례(709),X,18.7,18.7,12.6,7.5,68,X, ,X,보통
5/2/2021,나주(710),X,18.7,17.9,11.5,5.4,76,X, ,X,높음
5/2/2021,순천시(712),X,19,19.2,13.3,8,60,X, ,X,보통
5/2/2021,광양읍(713),X,19.6,19.9,13.3,8.7,63,X, ,X,보통
5/2/2021,장성(730),X,18.6,18.6,10.9,5.8,75,X, ,X,보통
5/2/2021,영암(731),X,17.9,16.9,11,5.3,79,X, ,X,높음
5/2/2021,보성(732),X,17.9,17.9,11.4,6.1,70,X, ,X,보통
5/2/2021,완주(734),X,18.4,18.3,10.9,6.3,78,X, ,X,보통
5/2/2021,김제(737),X,17.7,18.1,11,7.1,73,X, ,X,보통
5/2/2021,화순(741),X,18.3,18.6,11.8,6.4,66,X, ,X,보통
5/2/2021,함평(754),X,17.4,16.6,11.4,5.8,76,X, ,X,높음
5/2/2021,곡성(768),X,18.1,18.6,11.6,6.3,63,X, ,X,보통
5/2/2021,압해도(789),X,17.1,16,12.3,7.9,71,X, ,X,높음
5/2/2021,영양(801),X,18.3,18.8,10.7,6.9,80,X, ,X,보통
5/2/2021,성주(810),X,19.2,20.1,13.2,7.9,58,X, ,X,보통
5/2/2021,고령(812),X,18.7,20,12.1,5.9,64,X, ,X,높음
5/2/2021,청도(813),X,18.7,19.6,12.2,5.4,63,X, ,X,보통
5/2/2021,예천(815),X,18.7,19.7,12.5,7.3,58,X, ,X,보통
5/2/2021,김천(822),X,19.7,20.1,12.1,6,64,X, ,X,보통
5/2/2021,군위(823),X,19.2,19.6,12.1,7.1,68,X, ,X,높음
5/2/2021,칠곡(825),X,19.5,20.2,13.2,8.6,64,X, ,X,보통
5/2/2021,경산(827),X,18.3,19.7,13.2,8.5,54,X, ,X,보통
5/2/2021,삼척(876),X,17.9,18.4,13.5,8.3,58,X, ,X,보통
5/2/2021,속초(90),X,17.6,16.9,13.4,7.6,58.9,X, ,X,보통
5/2/2021,삼천포(907),X,18.7,19.3,13.5,10.1,57,X, ,X,높음
5/2/2021,고성(918),X,17.9,17.9,11.9,5.4,69,X, ,X,높음
5/2/2021,창녕(919),X,18.9,19.7,12.3,6,68,X, ,X,높음
5/2/2021,함안(920),X,18.9,19.8,12.3,5.7,62,X, ,X,높음
5/2/2021,북춘천(93),X,19.6,20,11.9,5.7,75.4,X, ,X,높음
5/2/2021,하동(932),X,19.4,19.8,13.6,9.1,59,X, ,X,높음
5/2/2021,철원(95),X,19,19.3,11.8,5,75.8,X, ,X,높음
5/2/2021,동두천(98),X,20.5,20.8,11.9,5.3,74.8,X, ,X,높음
5/2/2021,파주(99),X,19.6,19.2,11.3,4.3,75.8,X, ,X,높음
5/3/2021,북강릉(104),X,20.2,22.9,17.5,10.2,31.3,X, ,X,매우높음
5/3/2021,동해(106),X,20,22.2,16.2,10.5,40.8,X, ,X,매우높음
5/3/2021,서울(108),X,19.2,20.3,14.1,8.4,56.4,X, ,X,매우높음
5/3/2021,인천(112),X,17.4,17.4,12.7,9.1,57.3,X, ,X,매우높음
5/3/2021,원주(114),X,19,20.6,13.9,6.4,52.4,X, ,X,매우높음
5/3/2021,울릉도(115),X,19.3,19.9,16.1,13.7,59.1,X, ,X,매우높음
5/3/2021,수원(119),X,20.1,20.3,13.1,6.3,70.3,X, ,X,매우높음
5/3/2021,영월(121),X,19.5,20.9,12.6,5.7,66,X, ,X,매우높음
5/3/2021,충주(127),X,20.2,21.7,13.1,3.4,61.1,X, ,X,매우높음
5/3/2021,서산(129),X,19.2,19.1,12.3,5.7,69.5,X, ,X,매우높음
5/3/2021,울진(130),X,22,23.8,15.4,7.3,55.8,X, ,X,매우높음
5/3/2021,청주(131),X,20.7,23,15.2,7.5,51.1,X, ,X,매우높음
5/3/2021,대전(133),X,21.5,23.3,15.1,6.6,56.4,X, ,X,매우높음
5/3/2021,추풍령(135),X,20.5,22.5,13.7,4.8,52.9,X, ,X,매우높음
5/3/2021,안동(136),X,20.5,22.7,14.2,3.7,55.1,X, ,X,매우높음
5/3/2021,상주(137),X,22.5,23.8,15.9,5.9,50.4,X, ,X,매우높음
5/3/2021,포항(138),X,22.2,24.6,17.7,10.3,44.8,X, ,X,매우높음
5/3/2021,군산(140),X,20.3,19.6,13.1,6.8,73,X, ,X,매우높음
5/3/2021,대구(143),X,24,24.7,16.5,7.6,64.1,X, ,X,매우높음
5/3/2021,전주(146),X,22.3,23.5,14.4,6.4,61.1,X, ,X,매우높음
5/3/2021,울산(152),X,21.8,23.4,15.5,7.2,58.9,X, ,X,매우높음
5/3/2021,창원(155),X,19.4,21,14.5,8.1,61.3,X, ,X,매우높음
5/3/2021,광주(156),X,22.1,23.8,15.6,7.6,61.9,X, ,X,매우높음
5/3/2021,부산(159),X,19.6,19.4,15.5,11,60.6,X, ,X,매우높음
5/3/2021,통영(162),X,19.6,19.4,15,10.2,75.6,X, ,X,매우높음
5/3/2021,목포(165),X,19.9,20.1,14.5,8.3,64.5,X, ,X,매우높음
5/3/2021,여수(168),X,19.1,18.1,14.7,10.8,71.3,X, ,X,매우높음
5/3/2021,흑산도(169),X,20.3,18.6,13.8,9.1,87.9,X, ,X,매우높음
5/3/2021,완도(170),X,21.1,21.2,14.6,7.2,73.4,X, ,X,매우높음
5/3/2021,고창(172),X,21.3,22.7,13.7,4.5,63,X, ,X,매우높음
5/3/2021,제주(184),X,20,18.9,15,9.4,68.3,X, ,X,매우높음
5/3/2021,진주(192),X,21,21.5,13.9,4.4,69.5,X, ,X,매우높음
5/3/2021,양평(202),X,20,21.3,13.6,5.4,64.1,X, ,X,매우높음
5/3/2021,이천(203),X,20.5,22,13.8,5,61.8,X, ,X,매우높음
5/3/2021,인제(211),X,18.9,20.3,12.6,5,60.9,X, ,X,높음
5/3/2021,홍천(212),X,20,21.1,13.1,5.4,60.4,X, ,X,매우높음
5/3/2021,태백(216),X,16.8,19.1,13.3,6.3,35.3,X, ,X,매우높음
5/3/2021,정선군(217),X,19.7,21.1,12.6,5,60.1,X, ,X,매우높음
5/3/2021,제천(221),X,18.7,20.1,11.8,2.3,66.6,X, ,X,매우높음
5/3/2021,보은(226),X,20.7,22.4,12.8,3.2,63.6,X, ,X,매우높음
5/3/2021,천안(232),X,20.8,21.9,12.6,3.3,69.5,X, ,X,매우높음
5/3/2021,보령(235),X,17.8,17.2,11.7,5,69.8,X, ,X,매우높음
5/3/2021,부여(236),X,21.5,22.7,13.2,3.9,67.3,X, ,X,매우높음
5/3/2021,금산(238),X,21.3,23.1,13.7,3.7,65.1,X, ,X,매우높음
5/3/2021,세종(239),X,20.7,22.6,13.9,5.3,55,X, ,X,매우높음
5/3/2021,부안(243),X,20.8,20.5,13.1,6.3,76.3,X, ,X,매우높음
5/3/2021,임실(244),X,20.9,22.3,12.9,3.9,70.9,X, ,X,매우높음
5/3/2021,정읍(245),X,21.1,22,13.3,4.9,68.5,X, ,X,매우높음
5/3/2021,남원(247),X,22,23.4,14.4,4.9,62.6,X, ,X,매우높음
5/3/2021,장수(248),X,19.6,20.9,12.6,3,66.8,X, ,X,매우높음
5/3/2021,영광군(252),X,21.4,22.2,13.9,4.8,65.8,X, ,X,매우높음
5/3/2021,김해시(253),X,21.3,22.4,14.7,7.1,63.6,X, ,X,매우높음
5/3/2021,순창군(254),X,20.7,22.6,14.1,4.8,62.4,X, ,X,매우높음
5/3/2021,양산시(257),X,20.9,21.6,15,7.3,67.3,X, ,X,매우높음
5/3/2021,강진군(259),X,20.5,20.6,13.7,5.5,70,X, ,X,매우높음
5/3/2021,장흥(260),X,19.7,19.6,13.2,3.3,74.8,X, ,X,매우높음
5/3/2021,해남(261),X,20.1,20.6,12.9,3,72.4,X, ,X,매우높음
5/3/2021,고흥(262),X,19.7,19.5,13.3,5.5,73.1,X, ,X,매우높음
5/3/2021,의령군(263),X,21.7,23.3,14.3,4.3,63.1,X, ,X,매우높음
5/3/2021,함양군(264),X,21.2,24,13.8,3,57.1,X, ,X,매우높음
5/3/2021,진도군ASOS(268),X,19.9,20.4,13.7,5,73.9,X, ,X,매우높음
5/3/2021,봉화(271),X,18.3,19.6,10.7,2.1,63.5,X, ,X,매우높음
5/3/2021,영주(272),X,20.2,21.9,13.5,3.7,55.9,X, ,X,매우높음
5/3/2021,문경(273),X,20.8,23,14.8,4.5,48.5,X, ,X,매우높음
5/3/2021,청송군(276),X,20.3,22.7,12.7,2.8,57.5,X, ,X,매우높음
5/3/2021,영덕(277),X,21.5,22.7,16.3,7.5,46.1,X, ,X,매우높음
5/3/2021,의성(278),X,21.9,23.9,13.4,2.5,64.4,X, ,X,매우높음
5/3/2021,구미(279),X,22.9,24.7,16,6.9,53.4,X, ,X,매우높음
5/3/2021,영천(281),X,21.4,23.3,15,3.8,56.9,X, ,X,매우높음
5/3/2021,경주시(283),X,22,23.9,15.3,4.9,57.6,X, ,X,매우높음
5/3/2021,거창(284),X,21.2,23.8,13.8,2.7,59.9,X, ,X,매우높음
5/3/2021,합천(285),X,22.6,23.6,14.8,4.8,65,X, ,X,매우높음
5/3/2021,밀양(288),X,21.3,23,14.6,5.7,59.6,X, ,X,매우높음
5/3/2021,산청(289),X,22.2,23,13.7,4.2,68.1,X, ,X,매우높음
5/3/2021,거제(294),X,19.2,19.8,14.6,8.7,67.8,X, ,X,매우높음
5/3/2021,남해(295),X,20.1,19.5,14.6,7.9,69.9,X, ,X,매우높음
5/3/2021,부천(433),X,17.5,18.6,13.1,7.5,56,X, ,X,매우높음
5/3/2021,안양(434),X,14.1,19.4,13.7,8.7,,X, ,X,매우높음
5/3/2021,광명(437),X,18.6,20.1,14.1,9.1,53,X, ,X,매우높음
5/3/2021,군포(438),X,19.2,20.3,13.5,7.7,56,X, ,X,매우높음
5/3/2021,김포(441),X,,19.3,13.2,8.2,,X, ,X,매우높음
5/3/2021,하남(444),X,19.9,21.2,12.7,4.5,59,X, ,X,매우높음
5/3/2021,의왕(445),X,17.7,18.6,11,4.2,63,X, ,X,매우높음
5/3/2021,포천(504),X,19.6,20.7,12.5,4.7,65,X, ,X,높음
5/3/2021,가평조종(505),X,19.4,20.4,11.6,2.9,64,X, ,X,높음
5/3/2021,안성(516),X,20.3,21,12.6,4.2,66,X, ,X,매우높음
5/3/2021,간성(517),X,21.9,23.8,17.6,12.2,38,X, ,X,높음
5/3/2021,평창(526),X,19.7,21.1,11.5,4,64,X, ,X,매우높음
5/3/2021,의정부(532),X,19.8,20.1,12.7,5.2,68,X, ,X,매우높음
5/3/2021,횡성(536),X,20.1,21.2,12.3,3.9,67,X, ,X,매우높음
5/3/2021,고양(540),X,20.4,21.8,12.8,5.8,64,X, ,X,매우높음
5/3/2021,남양주(541),X,20.3,21.9,13.6,5.7,61,X, ,X,매우높음
5/3/2021,안산(545),X,19.7,19.8,11.3,3.2,73,X, ,X,매우높음
5/3/2021,경기광주(546),X,19.7,20.9,12.6,4.6,63,X, ,X,매우높음
5/3/2021,여주(548),X,19.9,21.2,13.5,4.3,60,X, ,X,매우높음
5/3/2021,용인(549),X,18.8,20.4,12.4,4.9,62,X, ,X,매우높음
5/3/2021,오산(550),X,19.8,20.8,13.1,6,61,X, ,X,매우높음
5/3/2021,평택(551),X,21.2,21.9,13.4,5.9,64,X, ,X,매우높음
5/3/2021,화천(555),X,21.3,22.4,12.8,5.7,68,X, ,X,높음
5/3/2021,양구(556),X,19.4,21,12.4,4.7,60,X, ,X,높음
5/3/2021,시흥(565),X,18.3,18.8,12.3,5.2,63,X, ,X,매우높음
5/3/2021,구리(569),X,19.7,21.4,13.9,6.6,52,X, ,X,매우높음
5/3/2021,화성(571),X,19.8,20.6,13.1,6.2,61,X, ,X,매우높음
5/3/2021,성남(572),X,18.8,20.1,13.3,6.1,56,X, ,X,매우높음
5/3/2021,과천(590),X,20,20.9,12.8,5.1,65,X, ,X,매우높음
5/3/2021,양주(598),X,18.5,19.9,12.3,4.6,60,X, ,X,매우높음
5/3/2021,단양(601),X,20.3,22.1,12.9,4.9,65,X, ,X,매우높음
5/3/2021,진천(602),X,21,22.5,13.5,4.3,63,X, ,X,매우높음
5/3/2021,괴산(603),X,20.4,22.4,12.7,2.2,62,X, ,X,매우높음
5/3/2021,옥천(604),X,21.7,23.9,14,3.9,61,X, ,X,매우높음
5/3/2021,홍북(608),X,21.1,21.8,12.4,4,70,X, ,X,매우높음
5/3/2021,공주(612),X,20.9,22.7,13.7,3.7,58,X, ,X,매우높음
5/3/2021,서천(614),X,18.7,19.4,11.5,3.2,71,X, ,X,매우높음
5/3/2021,논산(615),X,21.5,23.2,13.4,4,62,X, ,X,매우높음
5/3/2021,당진(616),X,19.5,19.7,12.7,5.9,65,X, ,X,매우높음
5/3/2021,청양(618),X,21.5,21.9,11.2,0.9,71,X, ,X,매우높음
5/3/2021,음성(619),X,20.1,21.7,12.1,1.3,64,X, ,X,매우높음
5/3/2021,증평(623),X,20.5,21.8,13.2,4.4,66,X, ,X,매우높음
5/3/2021,태안(627),X,17.9,17.2,12.3,6.7,74,X, ,X,매우높음
5/3/2021,예산(628),X,20.5,,,,,X, ,X,매우높음
5/3/2021,아산(634),X,21.2,22.3,12.8,5.3,64,X, ,X,매우높음
5/3/2021,계룡(636),X,20.6,21.9,12.2,1.6,66,X, ,X,매우높음
5/3/2021,연천청산(652),X,,20.4,12.2,4.6,,X, ,X,높음
5/3/2021,양양(670),X,22.5,24.7,18.6,13.1,38,X, ,X,높음
5/3/2021,무안(699),X,20.8,21.1,13.8,5.5,73,X, ,X,매우높음
5/3/2021,무주(701),X,21.2,23.4,13.6,4.2,61,X, ,X,매우높음
5/3/2021,익산(702),X,21.7,23,13.7,4.3,66,X, ,X,매우높음
5/3/2021,진안(703),X,20.1,21.3,12.1,2.4,70,X, ,X,매우높음
5/3/2021,담양(706),X,22.2,24.1,14.3,4.6,67,X, ,X,매우높음
5/3/2021,구례(709),X,22.8,23.4,13.9,4.4,73,X, ,X,매우높음
5/3/2021,나주(710),X,21.8,22.5,13.9,4.8,71,X, ,X,매우높음
5/3/2021,순천시(712),X,20.9,20.4,14.8,7.5,71,X, ,X,매우높음
5/3/2021,광양읍(713),X,21.7,22.3,14.7,6.2,69,X, ,X,매우높음
5/3/2021,장성(730),X,21.8,23.2,13.9,5.2,69,X, ,X,매우높음
5/3/2021,영암(731),X,21.4,21.5,13.6,4.4,74,X, ,X,매우높음
5/3/2021,보성(732),X,19.5,19.1,12.2,3,76,X, ,X,매우높음
5/3/2021,완주(734),X,21.8,23.2,13.9,4,67,X, ,X,매우높음
5/3/2021,김제(737),X,21,22.4,13.4,6.3,65,X, ,X,매우높음
5/3/2021,화순(741),X,22,23.5,14.5,4.8,59,X, ,X,매우높음
5/3/2021,함평(754),X,21.8,22.2,13.5,4.4,73,X, ,X,매우높음
5/3/2021,곡성(768),X,22.2,24.5,14.1,4.1,63,X, ,X,매우높음
5/3/2021,압해도(789),X,19.4,19.7,14,7.2,69,X, ,X,매우높음
5/3/2021,영양(801),X,20.1,22,13.1,4.5,64,X, ,X,매우높음
5/3/2021,성주(810),X,23,25.1,15.6,4.8,60,X, ,X,매우높음
5/3/2021,고령(812),X,22.1,23.9,14.6,2.9,61,X, ,X,매우높음
5/3/2021,청도(813),X,21.6,23.7,14,3.3,62,X, ,X,매우높음
5/3/2021,예천(815),X,20.4,23.2,14,4.1,53,X, ,X,매우높음
5/3/2021,김천(822),X,23.6,25.3,14.4,2.6,61,X, ,X,매우높음
5/3/2021,군위(823),X,22.4,23.4,14.1,3.8,66,X, ,X,매우높음
5/3/2021,칠곡(825),X,22.9,24.6,15.8,5.8,61,X, ,X,매우높음
5/3/2021,경산(827),X,22.2,24.6,16.1,6.6,52,X, ,X,매우높음
5/3/2021,삼척(876),X,21.1,23.6,18.2,12.6,34,X, ,X,매우높음
5/3/2021,속초(90),X,21,22.7,17.4,13.9,37.8,X, ,X,높음
5/3/2021,삼천포(907),X,20.2,19.9,14.5,8.6,65,X, ,X,매우높음
5/3/2021,고성(918),X,18.9,18.4,13.7,6.7,74,X, ,X,매우높음
5/3/2021,창녕(919),X,22.3,23.9,14.9,4.8,63,X, ,X,매우높음
5/3/2021,함안(920),X,22.1,23.1,13.6,3.5,69,X, ,X,매우높음
5/3/2021,북춘천(93),X,19.7,21.1,12.6,4.3,63.1,X, ,X,높음
5/3/2021,하동(932),X,21.5,21.4,14.6,6.1,67,X, ,X,매우높음
5/3/2021,철원(95),X,18.7,19.5,12.3,4.7,66.8,X, ,X,높음
5/3/2021,동두천(98),X,19.8,20.9,12.9,5.4,61.9,X, ,X,매우높음
5/3/2021,파주(99),X,20,20.4,12.2,5.4,69.9,X, ,X,매우높음
5/4/2021,북강릉(104),X,22.8,22.5,18,12,49.1,X, ,X,보통
5/4/2021,동해(106),X,22.2,21.6,17.7,12.7,54.5,X, ,X,높음
5/4/2021,서울(108),X,19.3,15.8,13.8,11.4,82.6,X, ,X,보통
5/4/2021,인천(112),X,20.4,17.1,14,11.5,82.4,X, ,X,보통
5/4/2021,원주(114),X,21.5,20.8,14.8,10.1,75.5,X, ,X,보통
5/4/2021,울릉도(115),X,21.2,19,16,12.6,74,X, ,X,높음
5/4/2021,수원(119),X,21.6,18.1,15.1,10.1,86.3,X, ,X,보통
5/4/2021,영월(121),X,21.9,21.4,13.9,8.1,79.9,X, ,X,보통
5/4/2021,충주(127),X,21.8,21.3,16.1,10.1,72.5,X, ,X,보통
5/4/2021,서산(129),X,21.9,20.1,15.6,10.2,83.3,X, ,X,보통
5/4/2021,울진(130),X,23.7,23.8,17.6,13.7,64,X, ,X,높음
5/4/2021,청주(131),X,22.7,22.2,17.3,12.5,65.8,X, ,X,보통
5/4/2021,대전(133),X,23.8,23,17.2,11.8,76.6,X, ,X,보통
5/4/2021,추풍령(135),X,20.6,19.3,14.7,8.3,75.5,X, ,X,높음
5/4/2021,안동(136),X,21.4,20,14.9,8.3,78,X, ,X,보통
5/4/2021,상주(137),X,22.3,20.9,15.2,10.1,81.3,X, ,X,보통
5/4/2021,포항(138),X,22.4,21.3,18.2,14.7,68.4,X, ,X,높음
5/4/2021,군산(140),X,23.9,23.1,17,10.5,77.9,X, ,X,보통
5/4/2021,대구(143),X,22.8,20.9,17,12.5,85,X, ,X,높음
5/4/2021,전주(146),X,23.3,22.1,17.6,12.7,74.5,X, ,X,높음
5/4/2021,울산(152),X,22.3,20.8,17.2,12,81,X, ,X,보통
5/4/2021,창원(155),X,20.9,18.4,16.2,11.6,82.3,X, ,X,보통
5/4/2021,광주(156),X,22.7,20.8,17.4,15.1,87.1,X, ,X,높음
5/4/2021,부산(159),X,20.5,18.4,16.4,14.3,85,X, ,X,높음
5/4/2021,통영(162),X,21.9,18.8,16.8,13.5,98.4,X, ,X,높음
5/4/2021,목포(165),X,22.6,21,17.2,14,85.3,X, ,X,높음
5/4/2021,여수(168),X,22,19,16.8,14.5,89.5,X, ,X,높음
5/4/2021,흑산도(169),X,21,18.4,15.1,12,94.9,X, ,X,보통
5/4/2021,완도(170),X,22.6,20.4,17.2,13,90.3,X, ,X,보통
5/4/2021,고창(172),X,22.4,21.4,17.1,14,76.3,X, ,X,보통
5/4/2021,제주(184),X,24.8,23.1,19,15.1,68.5,X, ,X,보통
5/4/2021,진주(192),X,21.8,19.4,16.2,10.6,90.5,X, ,X,보통
5/4/2021,양평(202),X,19.6,17.9,13.7,9.4,87,X, ,X,보통
5/4/2021,이천(203),X,20.1,17.1,13.9,9.6,89.1,X, ,X,보통
5/4/2021,인제(211),X,18.2,15.2,12.4,8.1,85.8,X, ,X,보통
5/4/2021,홍천(212),X,19.3,17.3,12.9,7.9,85.5,X, ,X,보통
5/4/2021,태백(216),X,20,19.3,15.4,11.4,62.4,X, ,X,보통
5/4/2021,정선군(217),X,20.4,19.1,13.8,8.6,76.5,X, ,X,보통
5/4/2021,제천(221),X,20.7,19.4,14,8.4,80.6,X, ,X,보통
5/4/2021,보은(226),X,21.8,20.4,15.2,9.8,78.9,X, ,X,보통
5/4/2021,천안(232),X,22.5,20.8,15.3,9.3,81.5,X, ,X,보통
5/4/2021,보령(235),X,22.3,21.3,17.7,10.3,70.5,X, ,X,보통
5/4/2021,부여(236),X,23.9,23,15.9,9.8,79.9,X, ,X,보통
5/4/2021,금산(238),X,22.8,21.9,16.6,10.1,77.9,X, ,X,보통
5/4/2021,세종(239),X,22.7,22.2,16.4,11,71,X, ,X,보통
5/4/2021,부안(243),X,24,23,17.6,11.2,80.9,X, ,X,보통
5/4/2021,임실(244),X,20.9,19.1,15.7,10.7,86.1,X, ,X,높음
5/4/2021,정읍(245),X,22.5,21.6,17.6,11.3,72.9,X, ,X,높음
5/4/2021,남원(247),X,21.7,20.2,16.3,11,82.9,X, ,X,높음
5/4/2021,장수(248),X,20.6,19.2,15.2,9,84.4,X, ,X,높음
5/4/2021,영광군(252),X,22.8,21.5,17.1,13.1,79.8,X, ,X,보통
5/4/2021,김해시(253),X,21.2,19.1,15.8,12.1,89.9,X, ,X,보통
5/4/2021,순창군(254),X,21.7,19.9,16.5,11.9,85.8,X, ,X,높음
5/4/2021,양산시(257),X,21.6,19.3,16.5,11.4,88,X, ,X,보통
5/4/2021,강진군(259),X,22.7,20.6,17.1,13.1,88,X, ,X,보통
5/4/2021,장흥(260),X,22.1,19.3,16.8,12.6,90.9,X, ,X,보통
5/4/2021,해남(261),X,22.3,20.4,16.7,13.2,87.6,X, ,X,보통
5/4/2021,고흥(262),X,22.3,19.8,16.5,11.5,90.6,X, ,X,보통
5/4/2021,의령군(263),X,22.1,20.3,16.2,10.1,83.9,X, ,X,보통
5/4/2021,함양군(264),X,20.9,19.3,14.9,9.4,78,X, ,X,보통
5/4/2021,진도군ASOS(268),X,22.6,20.7,17.4,13.1,86,X, ,X,보통
5/4/2021,봉화(271),X,18.3,16.3,11.8,5.3,83.4,X, ,X,보통
5/4/2021,영주(272),X,18.7,17.4,13.5,8,81.1,X, ,X,보통
5/4/2021,문경(273),X,20.8,18.9,14.7,9.7,80.4,X, ,X,보통
5/4/2021,청송군(276),X,22,21.3,14.3,6,76.3,X, ,X,높음
5/4/2021,영덕(277),X,22.8,22.3,17.5,14.3,66.8,X, ,X,보통
5/4/2021,의성(278),X,22.6,21.3,15.3,7.5,82.5,X, ,X,높음
5/4/2021,구미(279),X,21.5,20.3,16.4,11.2,76.6,X, ,X,보통
5/4/2021,영천(281),X,20.9,19.3,16,9.4,80.8,X, ,X,높음
5/4/2021,경주시(283),X,21.8,20.5,16.5,9.5,78.3,X, ,X,높음
5/4/2021,거창(284),X,21,19.4,14.3,9.3,87,X, ,X,높음
5/4/2021,합천(285),X,22,20,15.4,10.5,90.6,X, ,X,보통
5/4/2021,밀양(288),X,21.5,19.8,15.9,10,81.8,X, ,X,보통
5/4/2021,산청(289),X,21,19.2,15.1,9.6,90.5,X, ,X,보통
5/4/2021,거제(294),X,21.6,18.9,17.2,12.6,84.6,X, ,X,높음
5/4/2021,남해(295),X,22,19.1,17,12.9,89.4,X, ,X,높음
5/4/2021,부천(433),X,19.8,16.5,13.7,11,84,X, ,X,보통
5/4/2021,안양(434),X,17.3,18.2,14.9,11.7,,X, ,X,보통
5/4/2021,광명(437),X,20.6,17.7,15,12.7,79,X, ,X,보통
5/4/2021,군포(438),X,20.2,17.1,14.4,11.1,81,X, ,X,보통
5/4/2021,김포(441),X,,16.2,13.7,10.8,,X, ,X,보통
5/4/2021,하남(444),X,18.4,15.6,12.9,8.9,83,X, ,X,보통
5/4/2021,의왕(445),X,19.2,16.2,13.1,7.8,83,X, ,X,보통
5/4/2021,포천(504),X,18.8,15.5,12.4,8.1,92,X, ,X,보통
5/4/2021,가평조종(505),X,17.2,13.8,10.8,6.3,94,X, ,X,보통
5/4/2021,안성(516),X,21.9,21,15.7,10.3,78,X, ,X,보통
5/4/2021,간성(517),X,21.9,21.1,16.9,11.1,59,X, ,X,보통
5/4/2021,평창(526),X,20,19.4,13.1,7.3,78,X, ,X,보통
5/4/2021,의정부(532),X,18.5,15.1,12.8,9,93,X, ,X,보통
5/4/2021,횡성(536),X,20.6,18.1,13.3,8.1,90,X, ,X,보통
5/4/2021,고양(540),X,19.7,16.4,13.5,8.7,86,X, ,X,보통
5/4/2021,남양주(541),X,18.8,15.8,13.2,9.3,89,X, ,X,보통
5/4/2021,안산(545),X,20.9,17.3,14,7.2,91,X, ,X,보통
5/4/2021,경기광주(546),X,17.6,14.3,11.9,8.4,87,X, ,X,보통
5/4/2021,여주(548),X,20.7,18,13.7,9.1,88,X, ,X,보통
5/4/2021,용인(549),X,19.9,17.1,13.4,9.3,84,X, ,X,보통
5/4/2021,오산(550),X,21.5,19.3,15.1,10.3,80,X, ,X,보통
5/4/2021,평택(551),X,22.2,20.8,15.9,10.7,81,X, ,X,보통
5/4/2021,화천(555),X,16.4,13.1,10.6,5.7,96,X, ,X,보통
5/4/2021,양구(556),X,15.9,13.3,11,6.5,85,X, ,X,보통
5/4/2021,시흥(565),X,20.6,17.8,14.3,9.2,83,X, ,X,보통
5/4/2021,구리(569),X,18.4,16,13.7,10.3,74,X, ,X,보통
5/4/2021,화성(571),X,21,18.4,15.6,10.5,75,X, ,X,보통
5/4/2021,성남(572),X,19.4,16.8,13.9,10,74,X, ,X,보통
5/4/2021,과천(590),X,20.4,17,13.6,8.5,90,X, ,X,보통
5/4/2021,양주(598),X,17.8,14.7,12.1,8.3,88,X, ,X,보통
5/4/2021,단양(601),X,22.4,21.4,15.4,9.2,77,X, ,X,보통
5/4/2021,진천(602),X,22.7,22,15.8,10.1,76,X, ,X,보통
5/4/2021,괴산(603),X,21.7,21.3,15.8,9.2,75,X, ,X,보통
5/4/2021,옥천(604),X,22.6,21.6,15.9,9.9,77,X, ,X,높음
5/4/2021,홍북(608),X,22,20.6,14.8,8.5,91,X, ,X,보통
5/4/2021,공주(612),X,22.9,22.1,15.7,9.4,78,X, ,X,보통
5/4/2021,서천(614),X,23.8,22.9,16.4,8.2,81,X, ,X,보통
5/4/2021,논산(615),X,23.7,23.1,16.5,9.8,77,X, ,X,높음
5/4/2021,당진(616),X,22.1,20.4,15.3,9.2,84,X, ,X,보통
5/4/2021,청양(618),X,22.4,21.2,15.3,7.5,81,X, ,X,보통
5/4/2021,음성(619),X,22.2,21.7,14.5,8.2,79,X, ,X,보통
5/4/2021,증평(623),X,22.8,21.8,16.6,10.2,76,X, ,X,보통
5/4/2021,태안(627),X,21.9,19.4,15.4,11.5,85,X, ,X,보통
5/4/2021,예산(628),X,22.7,21.7,15.9,10.4,82,X, ,X,보통
5/4/2021,아산(634),X,24.1,21.6,16.1,11.2,75,X, ,X,보통
5/4/2021,계룡(636),X,22.7,21.6,15.2,7.3,83,X, ,X,보통
5/4/2021,연천청산(652),X,12.3,15,11.7,7.5,,X, ,X,보통
5/4/2021,양양(670),X,23.7,22.4,17.4,11.6,63,X, ,X,보통
5/4/2021,무안(699),X,22.6,21.1,17.3,12.9,85,X, ,X,높음
5/4/2021,무주(701),X,22.6,21.8,16.1,9.4,77,X, ,X,높음
5/4/2021,익산(702),X,24.3,23.5,17.5,10.7,79,X, ,X,높음
5/4/2021,진안(703),X,20.9,19.4,15,9.1,83,X, ,X,높음
5/4/2021,담양(706),X,23.2,21.2,17.1,11.7,90,X, ,X,높음
5/4/2021,구례(709),X,22.9,21,16.4,11.6,88,X, ,X,보통
5/4/2021,나주(710),X,23.3,21.6,17.3,12.3,88,X, ,X,높음
5/4/2021,순천시(712),X,22.7,20.3,17.1,12.6,90,X, ,X,보통
5/4/2021,광양읍(713),X,23,20.4,17.1,12.4,93,X, ,X,보통
5/4/2021,장성(730),X,22.4,20.9,16.9,12.3,83,X, ,X,높음
5/4/2021,영암(731),X,23,21.1,17.5,14.6,87,X, ,X,높음
5/4/2021,보성(732),X,21.2,18.8,16,11.7,91,X, ,X,보통
5/4/2021,완주(734),X,23.7,22.8,16.2,9.1,84,X, ,X,높음
5/4/2021,김제(737),X,22.6,21.8,17.2,11.5,76,X, ,X,보통
5/4/2021,화순(741),X,21.9,20.1,17,13,79,X, ,X,높음
5/4/2021,함평(754),X,22.6,20.5,17,12.4,89,X, ,X,보통
5/4/2021,곡성(768),X,21.8,20.2,16.9,11.7,80,X, ,X,높음
5/4/2021,압해도(789),X,22.2,20.5,16.8,13.8,84,X, ,X,높음
5/4/2021,영양(801),X,22.1,20.7,14.6,7.1,83,X, ,X,높음
5/4/2021,성주(810),X,21.7,20,16.1,10.6,85,X, ,X,높음
5/4/2021,고령(812),X,21.3,19.3,15.7,10.6,88,X, ,X,높음
5/4/2021,청도(813),X,21.3,19.6,15.8,9.6,82,X, ,X,보통
5/4/2021,예천(815),X,20.8,19.5,14.1,7.8,79,X, ,X,보통
5/4/2021,김천(822),X,22.7,21.5,15.6,8.6,81,X, ,X,높음
5/4/2021,군위(823),X,21.9,20.4,15.5,9,86,X, ,X,높음
5/4/2021,칠곡(825),X,22.1,20.2,16.7,10.9,86,X, ,X,높음
5/4/2021,경산(827),X,21.4,20.1,17,12.4,73,X, ,X,높음
5/4/2021,삼척(876),X,23,24.3,19.7,15.3,49,X, ,X,높음
5/4/2021,속초(90),X,19.7,19.7,16.2,10.8,57.6,X, ,X,보통
5/4/2021,삼천포(907),X,20.4,18.6,16.6,12.7,73,X, ,X,보통
5/4/2021,고성(918),X,21.6,19.2,16.2,10.7,86,X, ,X,높음
5/4/2021,창녕(919),X,21.9,20.1,16.8,11.3,83,X, ,X,보통
5/4/2021,함안(920),X,22.5,19.9,16,8.6,86,X, ,X,보통
5/4/2021,북춘천(93),X,16.3,13,11,7.4,93.3,X, ,X,보통
5/4/2021,하동(932),X,22.4,19.3,16.1,11.7,88,X, ,X,보통
5/4/2021,철원(95),X,18.2,14.7,11.3,7.1,99.6,X, ,X,보통
5/4/2021,동두천(98),X,18.5,15,12,8.3,94.3,X, ,X,보통
5/4/2021,파주(99),X,16.8,13.3,11,7.4,96,X, ,X,보통
5/5/2021,북강릉(104),X,19.5,21.5,16.1,11.1,44,X, ,X,높음
5/5/2021,동해(106),X,19.3,21.3,16.8,11.7,37.8,X, ,X,높음
5/5/2021,서울(108),X,18.3,18.4,13.9,10.3,64.4,X, ,X,높음
5/5/2021,인천(112),X,16.4,15.4,12.6,10.3,68,X, ,X,높음
5/5/2021,원주(114),X,19.2,19.4,14.6,9,51.8,X, ,X,높음
5/5/2021,울릉도(115),X,20.3,19.8,15.9,13.2,63.6,X, ,X,높음
5/5/2021,수원(119),X,18.1,18.2,13.7,9.8,70,X, ,X,높음
5/5/2021,영월(121),X,19.2,19.1,14.6,7.8,49.4,X, ,X,높음
5/5/2021,충주(127),X,19.2,20,14.1,7,55.9,X, ,X,높음
5/5/2021,서산(129),X,18.3,19.2,13.2,9.1,65.6,X, ,X,높음
5/5/2021,울진(130),X,21.2,22.8,17.1,12.3,48.5,X, ,X,높음
5/5/2021,청주(131),X,18.4,20.6,15.7,11.6,44.4,X, ,X,높음
5/5/2021,대전(133),X,19.8,20.9,15.2,10.7,57.8,X, ,X,높음
5/5/2021,추풍령(135),X,19.2,18.8,14.2,8.5,48,X, ,X,높음
5/5/2021,안동(136),X,19.4,20.4,15.8,9.9,49.9,X, ,X,높음
5/5/2021,상주(137),X,20.6,21.6,16.1,11.3,50.5,X, ,X,높음
5/5/2021,포항(138),X,21.7,23.7,19.4,15,40.3,X, ,X,높음
5/5/2021,군산(140),X,18,17.5,13.2,9.4,71.5,X, ,X,높음
5/5/2021,대구(143),X,22.3,23.5,18.5,13.6,53.6,X, ,X,높음
5/5/2021,전주(146),X,19.4,19.2,14,9.3,59.6,X, ,X,높음
5/5/2021,울산(152),X,21.7,24.2,18.7,13.1,46.3,X, ,X,매우높음
5/5/2021,창원(155),X,22,24.4,18.6,13.3,39.3,X, ,X,높음
5/5/2021,광주(156),X,20.1,20.6,15,10.9,57.1,X, ,X,매우높음
5/5/2021,부산(159),X,22.3,23.2,18.5,14.4,47.6,X, ,X,매우높음
5/5/2021,통영(162),X,21.7,23.2,18.2,13.5,56,X, ,X,높음
5/5/2021,목포(165),X,18.6,17.9,14,10.8,70.1,X, ,X,매우높음
5/5/2021,여수(168),X,20.6,22.4,17.7,14.3,41.6,X, ,X,매우높음
5/5/2021,흑산도(169),X,19.8,19.1,14.1,10.6,75.8,X, ,X,매우높음
5/5/2021,완도(170),X,21,21,16.1,12.2,54.1,X, ,X,매우높음
5/5/2021,고창(172),X,18.5,18.6,12.9,6.9,61.3,X, ,X,높음
5/5/2021,제주(184),X,20.8,22.6,17.1,12.9,51.4,X, ,X,매우높음
5/5/2021,진주(192),X,22,23.7,16.8,6.9,56.5,X, ,X,높음
5/5/2021,양평(202),X,19.1,19.9,14.6,8.2,59.1,X, ,X,높음
5/5/2021,이천(203),X,19.2,19.6,14.6,9.2,59.8,X, ,X,높음
5/5/2021,인제(211),X,18,19,14.1,8,54.4,X, ,X,높음
5/5/2021,홍천(212),X,18.6,19.5,14,7.3,55.4,X, ,X,높음
5/5/2021,태백(216),X,17.7,16.6,12.9,8.7,42.3,X, ,X,높음
5/5/2021,정선군(217),X,18.3,18.6,14.2,8.4,46.5,X, ,X,높음
5/5/2021,제천(221),X,18.7,18.7,13.3,5,55,X, ,X,높음
5/5/2021,보은(226),X,19.1,20.2,13.7,5.4,59,X, ,X,높음
5/5/2021,천안(232),X,18.3,19,13.5,5.8,65.3,X, ,X,높음
5/5/2021,보령(235),X,18,17.6,12.3,7.3,74.5,X, ,X,높음
5/5/2021,부여(236),X,18.9,20.2,13.4,6.3,67.5,X, ,X,높음
5/5/2021,금산(238),X,19,19.4,13.4,5.3,60.4,X, ,X,높음
5/5/2021,세종(239),X,18.9,19.9,14,8.1,51.4,X, ,X,높음
5/5/2021,부안(243),X,18.4,18.7,13.4,9.6,73.3,X, ,X,높음
5/5/2021,임실(244),X,18.3,18.3,12.2,4.2,65.4,X, ,X,높음
5/5/2021,정읍(245),X,18.4,19.1,12.9,6.8,62,X, ,X,높음
5/5/2021,남원(247),X,19.9,20.4,14.2,6.9,57.3,X, ,X,높음
5/5/2021,장수(248),X,18.4,18.3,12.1,3.3,62,X, ,X,높음
5/5/2021,영광군(252),X,18.7,18.9,12.8,7.1,69.1,X, ,X,높음
5/5/2021,김해시(253),X,21.7,24.4,18.9,13,44.6,X, ,X,높음
5/5/2021,순창군(254),X,19.2,19.8,13.9,6.2,59.9,X, ,X,높음
5/5/2021,양산시(257),X,22.8,24.9,19.6,14.1,47.9,X, ,X,높음
5/5/2021,강진군(259),X,20.9,21.4,15.2,8.5,59.9,X, ,X,매우높음
5/5/2021,장흥(260),X,20.6,20.9,14.9,6.3,59.8,X, ,X,매우높음
5/5/2021,해남(261),X,20.5,20.1,14,6.9,69,X, ,X,매우높음
5/5/2021,고흥(262),X,20.5,22.1,15.9,10.4,51.5,X, ,X,매우높음
5/5/2021,의령군(263),X,22.2,23.9,17.7,8.4,44.9,X, ,X,높음
5/5/2021,함양군(264),X,20.1,20.5,15.2,5.6,41.1,X, ,X,높음
5/5/2021,진도군ASOS(268),X,20.2,19.3,13.9,8.1,75.5,X, ,X,매우높음
5/5/2021,봉화(271),X,17.8,17.2,13,4.9,51.1,X, ,X,높음
5/5/2021,영주(272),X,18.2,19.1,15.3,11,45.8,X, ,X,높음
5/5/2021,문경(273),X,19.3,20.2,15,7.5,49.1,X, ,X,높음
5/5/2021,청송군(276),X,19.7,20.8,15.6,7.8,43.1,X, ,X,높음
5/5/2021,영덕(277),X,20.7,21.7,17.5,11.7,46.6,X, ,X,높음
5/5/2021,의성(278),X,21,21.8,16.1,6.5,55,X, ,X,높음
5/5/2021,구미(279),X,21.1,22.1,17,10.1,45,X, ,X,높음
5/5/2021,영천(281),X,21.2,23.4,17.6,12,46.3,X, ,X,높음
5/5/2021,경주시(283),X,21.2,23.7,18.4,13.1,43.8,X, ,X,높음
5/5/2021,거창(284),X,20.4,21.2,15.2,5.7,44.8,X, ,X,높음
5/5/2021,합천(285),X,21.9,23.4,17,8.2,50.3,X, ,X,높음
5/5/2021,밀양(288),X,21.6,24.2,18.6,11.9,41.5,X, ,X,높음
5/5/2021,산청(289),X,20.6,21.8,16.4,8.8,42.5,X, ,X,높음
5/5/2021,거제(294),X,22,24.2,18,13.4,50.5,X, ,X,높음
5/5/2021,남해(295),X,21.1,23.6,18.2,12.5,42.6,X, ,X,높음
5/5/2021,부천(433),X,17.6,17.9,13,8.9,63,X, ,X,높음
5/5/2021,안양(434),X,13.3,17.6,13.9,11.3,,X, ,X,높음
5/5/2021,광명(437),X,17.9,18.8,13.9,10.9,59,X, ,X,높음
5/5/2021,군포(438),X,18.4,19.1,13.7,10.2,58,X, ,X,높음
5/5/2021,김포(441),X,,18.2,13.3,9.4,,X, ,X,높음
5/5/2021,하남(444),X,19.3,20,13.3,6.9,60,X, ,X,높음
5/5/2021,의왕(445),X,16.2,16.8,11.7,6.2,65,X, ,X,높음
5/5/2021,포천(504),X,18.7,18.8,13.1,7.5,63,X, ,X,높음
5/5/2021,가평조종(505),X,18.2,18.4,12.7,5.6,64,X, ,X,높음
5/5/2021,안성(516),X,17.7,18.5,13.7,7.4,60,X, ,X,높음
5/5/2021,간성(517),X,20.2,21.7,16.5,9.7,46,X, ,X,높음
5/5/2021,평창(526),X,18.5,19.1,13.2,5,53,X, ,X,높음
5/5/2021,의정부(532),X,19,18.9,13.4,7.9,66,X, ,X,높음
5/5/2021,횡성(536),X,18.9,19.8,13.7,5.8,63,X, ,X,높음
5/5/2021,고양(540),X,20.2,20.3,13.4,8.1,66,X, ,X,높음
5/5/2021,남양주(541),X,20.1,20.2,14.3,8.2,62,X, ,X,높음
5/5/2021,안산(545),X,18.6,19,12.4,5.4,77,X, ,X,높음
5/5/2021,경기광주(546),X,18.7,19,14.2,6.9,61,X, ,X,높음
5/5/2021,여주(548),X,19,19.4,13.7,7.7,60,X, ,X,높음
5/5/2021,용인(549),X,17.1,18.3,13.4,7.1,58,X, ,X,높음
5/5/2021,오산(550),X,18.8,19.2,13.6,8.7,63,X, ,X,높음
5/5/2021,평택(551),X,17.8,19,14.1,9.6,60,X, ,X,높음
5/5/2021,화천(555),X,19.7,21.2,13.6,5.5,63,X, ,X,높음
5/5/2021,양구(556),X,18.7,20.2,14.1,6.8,52,X, ,X,높음
5/5/2021,시흥(565),X,17.8,17.6,12.9,7.9,68,X, ,X,높음
5/5/2021,구리(569),X,19.2,19.9,14.3,9.9,56,X, ,X,높음
5/5/2021,화성(571),X,18.7,19,13.1,9.2,66,X, ,X,높음
5/5/2021,성남(572),X,17.6,18.7,13.7,7.8,51,X, ,X,높음
5/5/2021,과천(590),X,19,19.2,13.5,6.6,66,X, ,X,높음
5/5/2021,양주(598),X,18.2,18.6,13.1,6.8,62,X, ,X,높음
5/5/2021,단양(601),X,19.6,20.1,14.8,8.4,55,X, ,X,높음
5/5/2021,진천(602),X,18,19,14,7.3,56,X, ,X,높음
5/5/2021,괴산(603),X,19.9,20,14,5.1,53,X, ,X,높음
5/5/2021,옥천(604),X,19.3,20.6,14.5,6.2,57,X, ,X,높음
5/5/2021,홍북(608),X,19.9,20,12.6,7.2,75,X, ,X,높음
5/5/2021,공주(612),X,18.7,20.3,14,6.6,57,X, ,X,높음
5/5/2021,서천(614),X,18.3,18,11.8,6.1,78,X, ,X,높음
5/5/2021,논산(615),X,18.9,20.3,14,6.6,63,X, ,X,높음
5/5/2021,당진(616),X,17.4,18.2,13.2,9.1,61,X, ,X,높음
5/5/2021,청양(618),X,18,18.9,11.9,3.6,69,X, ,X,높음
5/5/2021,음성(619),X,18.4,18.5,13,5,59,X, ,X,높음
5/5/2021,증평(623),X,18.7,19.3,14.2,8.3,57,X, ,X,높음
5/5/2021,태안(627),X,19,18.4,12.5,8.9,74,X, ,X,높음
5/5/2021,예산(628),X,18,19.2,13.9,10.2,60,X, ,X,높음
5/5/2021,아산(634),X,18.5,19.7,14,9.4,60,X, ,X,높음
5/5/2021,계룡(636),X,18.7,19.6,11.9,2.9,68,X, ,X,높음
5/5/2021,연천청산(652),X,11.3,19.9,13.3,8.2,,X, ,X,높음
5/5/2021,양양(670),X,20.8,22.1,17,11.5,47,X, ,X,높음
5/5/2021,무안(699),X,19.4,18.7,13.2,7.5,73,X, ,X,높음
5/5/2021,무주(701),X,20.2,19.6,13.5,4.9,55,X, ,X,높음
5/5/2021,익산(702),X,18.7,19.9,13.3,6.4,67,X, ,X,높음
5/5/2021,진안(703),X,17.4,16.9,11.6,3,63,X, ,X,높음
5/5/2021,담양(706),X,21.4,21.5,14.4,6,67,X, ,X,높음
5/5/2021,구례(709),X,21.6,22.3,15.7,6.5,55,X, ,X,높음
5/5/2021,나주(710),X,21,20.6,14.1,6.8,69,X, ,X,높음
5/5/2021,순천시(712),X,21.8,23.5,17.7,10.9,45,X, ,X,높음
5/5/2021,광양읍(713),X,21.9,23.9,17.3,8.2,47,X, ,X,높음
5/5/2021,장성(730),X,20.5,20.2,13.7,6.4,64,X, ,X,높음
5/5/2021,영암(731),X,20,19.7,13.9,6.9,72,X, ,X,높음
5/5/2021,보성(732),X,20.7,21.2,14.4,5.8,57,X, ,X,매우높음
5/5/2021,완주(734),X,19.1,19.5,13.3,7.1,69,X, ,X,높음
5/5/2021,김제(737),X,18.3,19,13.3,9.3,63,X, ,X,높음
5/5/2021,화순(741),X,20.2,20.4,14.3,6.3,55,X, ,X,높음
5/5/2021,함평(754),X,19.2,18.6,13,6.7,78,X, ,X,높음
5/5/2021,곡성(768),X,20.4,21.4,14.4,5.5,49,X, ,X,높음
5/5/2021,압해도(789),X,18.7,17.1,13.3,9.8,78,X, ,X,높음
5/5/2021,영양(801),X,20.5,20.2,16.4,11.3,48,X, ,X,높음
5/5/2021,성주(810),X,21,23.1,17,7.5,47,X, ,X,높음
5/5/2021,고령(812),X,22.1,23.4,16.7,6.1,48,X, ,X,높음
5/5/2021,청도(813),X,21.8,23.4,17.6,7.9,45,X, ,X,높음
5/5/2021,예천(815),X,19.1,20.9,15.8,8,46,X, ,X,높음
5/5/2021,김천(822),X,20.9,22.3,15.5,5,53,X, ,X,높음
5/5/2021,군위(823),X,21.7,20.9,16.2,7.7,54,X, ,X,높음
5/5/2021,칠곡(825),X,21.6,22.7,17,8.2,50,X, ,X,높음
5/5/2021,경산(827),X,22,23.8,18.4,10.9,41,X, ,X,높음
5/5/2021,삼척(876),X,21,23.4,17.1,12.2,43,X, ,X,높음
5/5/2021,속초(90),X,19.8,21.9,17,10.8,41.4,X, ,X,높음
5/5/2021,삼천포(907),X,21.2,23.6,18,13.4,42,X, ,X,높음
5/5/2021,고성(918),X,21.1,23.6,17.9,10.6,47,X, ,X,높음
5/5/2021,창녕(919),X,22.1,23.7,17.5,7.6,52,X, ,X,높음
5/5/2021,함안(920),X,22,23.4,17.4,6.1,50,X, ,X,높음
5/5/2021,북춘천(93),X,19,19.9,13.9,8,61,X, ,X,높음
5/5/2021,하동(932),X,21.5,23,17.8,11.2,44,X, ,X,높음
5/5/2021,철원(95),X,18.4,18.8,13.6,8.7,62.9,X, ,X,보통
5/5/2021,동두천(98),X,20.1,20.1,13.2,8,69.1,X, ,X,높음
5/5/2021,파주(99),X,19.5,19.4,12.4,7.5,74.1,X, ,X,높음
5/6/2021,북강릉(104),X,22.9,25.4,18.7,8.1,29.3,X, ,X,높음
5/6/2021,동해(106),X,21.2,23.5,16.9,9.1,33.3,X, ,X,높음
5/6/2021,서울(108),X,22.4,23.1,15.7,7.9,46.4,X, ,X,높음
5/6/2021,인천(112),X,19.3,20.2,15.5,10,36.6,X, ,X,보통
5/6/2021,원주(114),X,21,22.7,14.7,5.4,48.6,X, ,X,높음
5/6/2021,울릉도(115),X,20,19.4,15.8,11.6,47.9,X, ,X,높음
5/6/2021,수원(119),X,22.6,23.1,15.3,6.2,54,X, ,X,보통
5/6/2021,영월(121),X,20.8,22.5,13.4,2.3,53.1,X, ,X,높음
5/6/2021,충주(127),X,21.7,23.3,14,3.2,53.3,X, ,X,높음
5/6/2021,서산(129),X,19.9,20.5,14.9,7.5,48.8,X, ,X,보통
5/6/2021,울진(130),X,22.1,23.8,15.5,7,52.6,X, ,X,높음
5/6/2021,청주(131),X,21.3,23.7,16.4,7.5,37.4,X, ,X,높음
5/6/2021,대전(133),X,21.5,23.2,15.8,6,49.1,X, ,X,높음
5/6/2021,추풍령(135),X,20.3,21.9,13,1.7,50.4,X, ,X,높음
5/6/2021,안동(136),X,20.8,22.6,14.4,3.7,50.5,X, ,X,높음
5/6/2021,상주(137),X,22.6,23.7,14.7,4.6,54.4,X, ,X,높음
5/6/2021,포항(138),X,24.1,26.8,19.1,10.8,29.1,X, ,X,높음
5/6/2021,군산(140),X,21,22.4,15.1,5.6,51.4,X, ,X,높음
5/6/2021,대구(143),X,24.6,25.7,16.9,7.1,52.1,X, ,X,높음
5/6/2021,전주(146),X,22,23.6,16.7,7.2,42.4,X, ,X,높음
5/6/2021,울산(152),X,21.6,22.3,16.8,8.7,39.8,X, ,X,높음
5/6/2021,창원(155),X,20,21.5,15.6,8.7,36.8,X, ,X,높음
5/6/2021,광주(156),X,21.8,23.4,16,7.1,43.6,X, ,X,높음
5/6/2021,부산(159),X,20.1,21.7,17.1,11.5,32.9,X, ,X,높음
5/6/2021,통영(162),X,19.8,21.5,16.1,10.1,49,X, ,X,높음
5/6/2021,목포(165),X,19.2,20.9,15.7,8.2,48.6,X, ,X,높음
5/6/2021,여수(168),X,18.8,19.7,16.3,11.4,40.5,X, ,X,높음
5/6/2021,흑산도(169),X,21.5,19.6,14.3,10.6,85.8,X, ,X,높음
5/6/2021,완도(170),X,20.9,21.5,15.2,8.8,51.8,X, ,X,높음
5/6/2021,고창(172),X,21.1,23,15.2,3.9,42.8,X, ,X,높음
5/6/2021,제주(184),X,22,23.4,18.4,13.1,43.1,X, ,X,높음
5/6/2021,진주(192),X,20.3,21.5,13.8,3.5,59.3,X, ,X,높음
5/6/2021,양평(202),X,21.9,23.3,14.4,5,55.9,X, ,X,높음
5/6/2021,이천(203),X,22.3,23.6,13.9,3.9,61.1,X, ,X,높음
5/6/2021,인제(211),X,21.5,22.9,13.7,3,55.5,X, ,X,높음
5/6/2021,홍천(212),X,21.2,22.7,13.6,3,56.4,X, ,X,높음
5/6/2021,태백(216),X,18,19.7,14.1,7.9,36.8,X, ,X,높음
5/6/2021,정선군(217),X,20.4,22,13.5,3.3,51.8,X, ,X,높음
5/6/2021,제천(221),X,20.6,21.8,12.3,1.4,60.3,X, ,X,높음
5/6/2021,보은(226),X,20.9,22.3,12.8,2.3,61.5,X, ,X,높음
5/6/2021,천안(232),X,21.3,22.8,13.3,3,58.3,X, ,X,보통
5/6/2021,보령(235),X,20,20.8,15.7,5.8,40.5,X, ,X,보통
5/6/2021,부여(236),X,21.2,23.1,13.5,3.4,60.3,X, ,X,높음
5/6/2021,금산(238),X,21.5,22.7,13.4,2.3,59.8,X, ,X,높음
5/6/2021,세종(239),X,20.7,23,15,5.7,44.5,X, ,X,높음
5/6/2021,부안(243),X,21.9,23.1,16.3,6.3,47.8,X, ,X,높음
5/6/2021,임실(244),X,20.4,21.9,13.2,1.5,58.5,X, ,X,높음
5/6/2021,정읍(245),X,21,22.8,15.6,5.3,40.8,X, ,X,높음
5/6/2021,남원(247),X,21.6,23.6,14,3,55.6,X, ,X,높음
5/6/2021,장수(248),X,20.3,21.7,12.4,0.7,60.1,X, ,X,높음
5/6/2021,영광군(252),X,21,23,15.3,4.6,46.1,X, ,X,높음
5/6/2021,김해시(253),X,21.5,22.5,16.2,8.5,42.8,X, ,X,높음
5/6/2021,순창군(254),X,21.1,22.6,13.8,3.1,57.6,X, ,X,높음
5/6/2021,양산시(257),X,21.4,22.7,15.9,7.2,48.4,X, ,X,높음
5/6/2021,강진군(259),X,19.9,21.5,13.9,4.6,57.1,X, ,X,높음
5/6/2021,장흥(260),X,19.2,20.4,12.7,2.8,62,X, ,X,높음
5/6/2021,해남(261),X,20.7,22.3,14,3.2,57.4,X, ,X,높음
5/6/2021,고흥(262),X,20.7,21.7,13.7,4,50.3,X, ,X,높음
5/6/2021,의령군(263),X,21.7,23,14.2,3.2,54,X, ,X,높음
5/6/2021,함양군(264),X,22.3,24.7,13.5,1.3,54.8,X, ,X,높음
5/6/2021,진도군ASOS(268),X,19.8,20.7,14.7,4.9,55.5,X, ,X,높음
5/6/2021,봉화(271),X,18.2,19.1,10.7,0.4,61.1,X, ,X,높음
5/6/2021,영주(272),X,20.9,21.9,13.5,3.2,54,X, ,X,높음
5/6/2021,문경(273),X,21.3,22.3,13.5,2.9,54,X, ,X,높음
5/6/2021,청송군(276),X,19.6,22.7,12.7,1.2,47.4,X, ,X,높음
5/6/2021,영덕(277),X,21.8,23.6,15.1,4.7,48.9,X, ,X,높음
5/6/2021,의성(278),X,21.5,23.4,13.3,1.6,59.3,X, ,X,높음
5/6/2021,구미(279),X,22.1,24.3,15.4,5.2,45.3,X, ,X,높음
5/6/2021,영천(281),X,22.2,24.9,15.7,4.1,43.9,X, ,X,높음
5/6/2021,경주시(283),X,23.5,26,16.1,4.9,47.5,X, ,X,높음
5/6/2021,거창(284),X,21.4,23.1,13.1,1.3,59.3,X, ,X,높음
5/6/2021,합천(285),X,21.6,23.5,14.3,3.6,56.9,X, ,X,높음
5/6/2021,밀양(288),X,21.4,23.7,14.9,5.2,47.6,X, ,X,높음
5/6/2021,산청(289),X,21.2,22.4,13.5,3.4,56.9,X, ,X,높음
5/6/2021,거제(294),X,20.1,21.7,15.7,8.3,40.5,X, ,X,높음
5/6/2021,남해(295),X,20.4,21.4,15.2,7.7,48.1,X, ,X,높음
5/6/2021,부천(433),X,20.5,21.4,15.5,8,39,X, ,X,보통
5/6/2021,안양(434),X,15.4,22,16.2,9.1,,X, ,X,보통
5/6/2021,광명(437),X,21.7,23.1,17,11.1,34,X, ,X,보통
5/6/2021,군포(438),X,21.4,22.8,15.4,8.3,43,X, ,X,보통
5/6/2021,김포(441),X,,23.1,16,7.9,,X, ,X,보통
5/6/2021,하남(444),X,22.2,23.7,14,5.3,51,X, ,X,높음
5/6/2021,의왕(445),X,20.5,21.6,13.1,4.6,48,X, ,X,보통
5/6/2021,포천(504),X,22.2,23.3,13.8,3.6,57,X, ,X,높음
5/6/2021,가평조종(505),X,22.1,23.1,12.4,1.7,61,X, ,X,높음
5/6/2021,안성(516),X,21.9,23.2,14.1,4.6,54,X, ,X,높음
5/6/2021,간성(517),X,24.2,26.4,19.7,12.8,30,X, ,X,보통
5/6/2021,평창(526),X,20.3,22.1,12.3,1.5,55,X, ,X,높음
5/6/2021,의정부(532),X,22.8,23,14.8,5.2,52,X, ,X,높음
5/6/2021,횡성(536),X,21.4,22.7,13,2.9,62,X, ,X,높음
5/6/2021,고양(540),X,23.8,24.9,15.3,5.6,45,X, ,X,보통
5/6/2021,남양주(541),X,23,24.2,14.6,5.4,55,X, ,X,높음
5/6/2021,안산(545),X,22.2,22.8,12.9,3.5,63,X, ,X,보통
5/6/2021,경기광주(546),X,21.8,23.2,13.4,4.4,58,X, ,X,높음
5/6/2021,여주(548),X,21.9,23.1,13.7,3.7,55,X, ,X,높음
5/6/2021,용인(549),X,21.2,22.9,13.4,4.2,54,X, ,X,높음
5/6/2021,오산(550),X,22.2,23.6,15.1,6.1,42,X, ,X,보통
5/6/2021,평택(551),X,21.7,23.2,15.1,6,53,X, ,X,보통
5/6/2021,화천(555),X,23,24.6,13.2,2.2,64,X, ,X,높음
5/6/2021,양구(556),X,21.6,23.4,13.6,2.3,53,X, ,X,높음
5/6/2021,시흥(565),X,21.9,23.1,15.3,5,47,X, ,X,보통
5/6/2021,구리(569),X,22.4,24.1,15.5,6.2,45,X, ,X,높음
5/6/2021,화성(571),X,21.4,22.4,15.5,8.8,37,X, ,X,보통
5/6/2021,성남(572),X,20.9,23,14.7,6.1,42,X, ,X,보통
5/6/2021,과천(590),X,23,24,14.1,4.4,56,X, ,X,높음
5/6/2021,양주(598),X,22.1,23.1,14.2,3.5,52,X, ,X,높음
5/6/2021,단양(601),X,21.5,23.2,13.9,4,55,X, ,X,높음
5/6/2021,진천(602),X,21.3,23,13.8,4,56,X, ,X,높음
5/6/2021,괴산(603),X,21,23.2,13.1,1.6,56,X, ,X,높음
5/6/2021,옥천(604),X,21.3,23.1,13.7,2.8,60,X, ,X,높음
5/6/2021,홍북(608),X,21.6,22.6,15.7,7.5,39,X, ,X,보통
5/6/2021,공주(612),X,20.8,23.1,13.7,3.1,53,X, ,X,높음
5/6/2021,서천(614),X,19.7,21.6,13.3,2.8,56,X, ,X,높음
5/6/2021,논산(615),X,21.2,23.2,14,3.4,57,X, ,X,높음
5/6/2021,당진(616),X,20.3,21.4,15.2,6.4,40,X, ,X,보통
5/6/2021,청양(618),X,20.7,22.8,13,1.5,55,X, ,X,보통
5/6/2021,음성(619),X,20.8,22.5,12.2,0.8,58,X, ,X,높음
5/6/2021,증평(623),X,20.9,22.5,14.3,4,52,X, ,X,높음
5/6/2021,태안(627),X,20,20.6,14.9,9,54,X, ,X,보통
5/6/2021,예산(628),X,20.6,22.3,15.9,7.8,40,X, ,X,보통
5/6/2021,아산(634),X,22.3,23.9,16.2,7.4,37,X, ,X,보통
5/6/2021,계룡(636),X,20.6,22.2,11.8,0.5,62,X, ,X,높음
5/6/2021,연천청산(652),X,,23.5,13.6,4.1,,X, ,X,높음
5/6/2021,양양(670),X,24.5,26.6,20.4,14.1,30,X, ,X,높음
5/6/2021,무안(699),X,19.9,21.8,14.9,5.7,52,X, ,X,높음
5/6/2021,무주(701),X,21.3,23.4,13.5,1.6,55,X, ,X,높음
5/6/2021,익산(702),X,22.4,23.9,14.5,4.1,57,X, ,X,높음
5/6/2021,진안(703),X,19.9,21.7,12.4,0.6,56,X, ,X,높음
5/6/2021,담양(706),X,22.4,23.5,14.2,3.4,66,X, ,X,높음
5/6/2021,구례(709),X,21.4,22.5,13.4,2.8,67,X, ,X,높음
5/6/2021,나주(710),X,22.2,22.9,14,4.4,65,X, ,X,높음
5/6/2021,순천시(712),X,20.2,21.2,15,6.7,54,X, ,X,높음
5/6/2021,광양읍(713),X,20.8,22.4,14.8,5.1,56,X, ,X,높음
5/6/2021,장성(730),X,21.6,23.4,14.5,3.3,53,X, ,X,높음
5/6/2021,영암(731),X,21.7,22.3,14.6,3.7,57,X, ,X,높음
5/6/2021,보성(732),X,18.7,19.6,12,2.3,61,X, ,X,높음
5/6/2021,완주(734),X,22,23,14.5,5.2,56,X, ,X,높음
5/6/2021,김제(737),X,21.5,23.7,16,6.3,43,X, ,X,높음
5/6/2021,화순(741),X,21.3,23.1,13.8,3.2,51,X, ,X,높음
5/6/2021,함평(754),X,20.9,22.4,13.6,3.8,64,X, ,X,높음
5/6/2021,곡성(768),X,21.5,23.8,13.2,2.1,53,X, ,X,높음
5/6/2021,압해도(789),X,19.9,20.7,15.2,8.2,57,X, ,X,높음
5/6/2021,영양(801),X,20.5,21.9,13,2.2,59,X, ,X,높음
5/6/2021,성주(810),X,22.6,24.7,15.2,3.5,53,X, ,X,높음
5/6/2021,고령(812),X,21.9,23.9,13.9,2,58,X, ,X,높음
5/6/2021,청도(813),X,22.3,24.4,14.3,2.9,53,X, ,X,높음
5/6/2021,예천(815),X,21,22.8,13.7,2.7,54,X, ,X,높음
5/6/2021,김천(822),X,23,24.5,13.2,0.7,62,X, ,X,높음
5/6/2021,군위(823),X,22.3,23.6,14,2.7,57,X, ,X,높음
5/6/2021,칠곡(825),X,22.8,24.4,15.3,4.5,52,X, ,X,높음
5/6/2021,경산(827),X,22.4,24.9,16.4,5.8,36,X, ,X,높음
5/6/2021,삼척(876),X,22.4,24.4,18.2,8.5,33,X, ,X,높음
5/6/2021,속초(90),X,24.1,26.4,19.1,13.5,35.5,X, ,X,보통
5/6/2021,삼천포(907),X,19.3,20,15.1,7.7,48,X, ,X,높음
5/6/2021,고성(918),X,19,20,14.2,5.5,54,X, ,X,높음
5/6/2021,창녕(919),X,22.3,24.2,14.9,4,53,X, ,X,높음
5/6/2021,함안(920),X,21.3,22.5,13.6,2.4,60,X, ,X,높음
5/6/2021,북춘천(93),X,21.9,23.5,13.6,3.1,59.5,X, ,X,높음
5/6/2021,하동(932),X,20.7,22.1,14.3,4.8,57,X, ,X,높음
5/6/2021,철원(95),X,21.6,22.6,13.2,3.6,59.5,X, ,X,높음
5/6/2021,동두천(98),X,22.7,23.4,14.7,5,51.5,X, ,X,높음
5/6/2021,파주(99),X,22.4,22.4,13.2,4,63.1,X, ,X,높음
5/7/2021,북강릉(104),X,23,23.7,17.5,11.7,39,X, ,X,높음
5/7/2021,동해(106),X,23.9,25.2,18.6,13,31.3,X, ,X,높음
5/7/2021,서울(108),X,18.3,17.2,14.4,10.7,60.3,X, ,X,높음
5/7/2021,인천(112),X,18,16.3,13.8,10.6,60,X, ,X,높음
5/7/2021,원주(114),X,19.3,19.1,14,9.2,59.4,X, ,X,높음
5/7/2021,울릉도(115),X,20.1,18.1,15.4,13.5,73.1,X, ,X,높음
5/7/2021,수원(119),X,19.5,17.3,13.3,10.1,67.8,X, ,X,높음
5/7/2021,영월(121),X,20,19.9,12.9,6.5,61.1,X, ,X,보통
5/7/2021,충주(127),X,20.1,20.1,13.7,6.9,63.3,X, ,X,보통
5/7/2021,서산(129),X,18.4,17.4,14.4,9.3,58.3,X, ,X,높음
5/7/2021,울진(130),X,25.1,25.8,18.1,13.7,44.6,X, ,X,높음
5/7/2021,청주(131),X,20.8,20.3,15.4,11,51.8,X, ,X,보통
5/7/2021,대전(133),X,22.1,21.2,15.2,10.9,61.9,X, ,X,보통
5/7/2021,추풍령(135),X,21.8,21.5,12.6,6.1,59.9,X, ,X,보통
5/7/2021,안동(136),X,22.6,22.8,14.8,7.3,58.9,X, ,X,보통
5/7/2021,상주(137),X,21.9,21.3,14.4,7.9,63.6,X, ,X,보통
5/7/2021,포항(138),X,26,26.4,20,15.4,35.8,X, ,X,높음
5/7/2021,군산(140),X,21.1,19.8,15.1,12.3,56.9,X, ,X,높음
5/7/2021,대구(143),X,25,25.6,18.1,11.5,43.5,X, ,X,높음
5/7/2021,전주(146),X,22,21.4,15.4,9.9,51,X, ,X,보통
5/7/2021,울산(152),X,24.4,23.7,18.9,14.8,48.6,X, ,X,높음
5/7/2021,창원(155),X,23.7,22.9,17.5,12.9,53.6,X, ,X,높음
5/7/2021,광주(156),X,23.3,22.1,16.3,11.5,49.9,X, ,X,높음
5/7/2021,부산(159),X,22.3,20.3,17.4,15.3,65.1,X, ,X,높음
5/7/2021,통영(162),X,23.3,21.4,17.5,13.9,69.9,X, ,X,매우높음
5/7/2021,목포(165),X,22.2,21.3,16.1,12,63.1,X, ,X,높음
5/7/2021,여수(168),X,23,21.5,17.4,14,58.9,X, ,X,높음
5/7/2021,흑산도(169),X,22.6,21,15.3,10.7,80.1,X, ,X,높음
5/7/2021,완도(170),X,24.1,23.3,17.3,12.5,62.1,X, ,X,높음
5/7/2021,고창(172),X,21.8,20.8,15,7.9,53.6,X, ,X,보통
5/7/2021,제주(184),X,26.1,26.6,19.5,14.4,54.9,X, ,X,매우높음
5/7/2021,진주(192),X,25.8,25,16.4,7.9,69,X, ,X,높음
5/7/2021,양평(202),X,19,19.2,13.1,9.1,65.9,X, ,X,높음
5/7/2021,이천(203),X,18.9,18.1,12.9,8.1,70.1,X, ,X,높음
5/7/2021,인제(211),X,18.5,18.4,13.3,7.7,62.4,X, ,X,높음
5/7/2021,홍천(212),X,19,19.2,12.9,7.8,66.5,X, ,X,높음
5/7/2021,태백(216),X,18.6,18.5,12.8,8.1,45.9,X, ,X,높음
5/7/2021,정선군(217),X,19,19.1,12.4,5.8,58.4,X, ,X,보통
5/7/2021,제천(221),X,18.7,17.8,12.1,5.5,68.3,X, ,X,보통
5/7/2021,보은(226),X,21.2,20.2,13.2,6.5,66.5,X, ,X,보통
5/7/2021,천안(232),X,19.4,18.7,12.8,7.4,70.3,X, ,X,높음
5/7/2021,보령(235),X,19.8,18.4,14.4,8.6,60.4,X, ,X,높음
5/7/2021,부여(236),X,20.6,19.5,13.5,8.1,67.4,X, ,X,높음
5/7/2021,금산(238),X,22.3,21.9,13.3,7.9,66.4,X, ,X,보통
5/7/2021,세종(239),X,20.2,20.1,14.3,8.9,52.9,X, ,X,높음
5/7/2021,부안(243),X,22.5,21.1,15.1,9.4,59.6,X, ,X,높음
5/7/2021,임실(244),X,20.6,19.3,12.2,5.1,69.6,X, ,X,보통
5/7/2021,정읍(245),X,21.7,20.9,15.2,8.2,49.5,X, ,X,높음
5/7/2021,남원(247),X,22.4,21.8,13.6,7.2,64,X, ,X,보통
5/7/2021,장수(248),X,20.7,19.4,12.2,4,67.3,X, ,X,보통
5/7/2021,영광군(252),X,22.1,20.8,15,7.9,56.9,X, ,X,높음
5/7/2021,김해시(253),X,24.9,23.6,18,13.3,54.6,X, ,X,높음
5/7/2021,순창군(254),X,22.3,20.9,13.7,7.3,65.9,X, ,X,보통
5/7/2021,양산시(257),X,24.9,23.5,17.8,12.1,61.5,X, ,X,높음
5/7/2021,강진군(259),X,24.6,23.5,15.8,9.6,64,X, ,X,높음
5/7/2021,장흥(260),X,24,23,15.1,7.9,67.9,X, ,X,높음
5/7/2021,해남(261),X,23,21.5,15.7,7.9,64.9,X, ,X,높음
5/7/2021,고흥(262),X,24,23,16.3,10.6,60.9,X, ,X,높음
5/7/2021,의령군(263),X,25.2,24.6,17,10.3,56.1,X, ,X,높음
5/7/2021,함양군(264),X,22.8,23.1,13.6,7.6,56.8,X, ,X,보통
5/7/2021,진도군ASOS(268),X,23.4,22.2,16.6,9.2,67.6,X, ,X,높음
5/7/2021,봉화(271),X,18.3,17.3,10.9,3.9,67.3,X, ,X,보통
5/7/2021,영주(272),X,20.4,19.1,13.3,6.3,60.4,X, ,X,보통
5/7/2021,문경(273),X,20.4,19.2,13.2,6.7,62.6,X, ,X,보통
5/7/2021,청송군(276),X,23.1,24.5,13.9,4.4,53.3,X, ,X,높음
5/7/2021,영덕(277),X,25.4,26,16.7,9.1,50,X, ,X,높음
5/7/2021,의성(278),X,24.3,24.8,14.2,5.2,66.1,X, ,X,보통
5/7/2021,구미(279),X,24.1,24.4,15.7,9.2,52.9,X, ,X,보통
5/7/2021,영천(281),X,24.9,25.1,16.3,8.4,54.1,X, ,X,높음
5/7/2021,경주시(283),X,25.5,26.2,17.7,10.1,52.6,X, ,X,높음
5/7/2021,거창(284),X,23.2,22.8,13.6,7.4,65.6,X, ,X,보통
5/7/2021,합천(285),X,24.7,24.4,16,9.1,61.4,X, ,X,높음
5/7/2021,밀양(288),X,24.5,24.2,17.1,9.9,52,X, ,X,높음
5/7/2021,산청(289),X,24.5,24.3,14.5,8.1,62.4,X, ,X,보통
5/7/2021,거제(294),X,22.6,20.8,17.6,14,64.1,X, ,X,매우높음
5/7/2021,남해(295),X,24.9,23.8,17.9,12.7,59.5,X, ,X,높음
5/7/2021,부천(433),X,17.7,16.2,14.1,10.3,57,X, ,X,높음
5/7/2021,안양(434),X,13.2,16.6,14.3,10.7,,X, ,X,높음
5/7/2021,광명(437),X,18.7,17.1,14.5,10.7,58,X, ,X,높음
5/7/2021,군포(438),X,18.2,16.8,13.7,9.7,57,X, ,X,높음
5/7/2021,김포(441),X,,16.7,14.5,10.7,,X, ,X,높음
5/7/2021,하남(444),X,18.2,18.2,13.6,9.4,55,X, ,X,높음
5/7/2021,의왕(445),X,17.1,15.3,12.3,6.9,60,X, ,X,높음
5/7/2021,포천(504),X,18.4,18,13.7,9.1,63,X, ,X,높음
5/7/2021,가평조종(505),X,18.5,18.2,12.1,6.4,72,X, ,X,높음
5/7/2021,안성(516),X,18.9,18.4,13.6,8.9,61,X, ,X,높음
5/7/2021,간성(517),X,21.4,21.8,18.7,12.9,39,X, ,X,높음
5/7/2021,평창(526),X,17.6,17.8,,5.3,,X, ,X,보통
5/7/2021,의정부(532),X,18.6,18,14.3,9.1,65,X, ,X,높음
5/7/2021,횡성(536),X,19.1,18.1,12.4,6.7,69,X, ,X,높음
5/7/2021,고양(540),X,19.3,18.7,14.6,9,61,X, ,X,높음
5/7/2021,남양주(541),X,19.2,19.1,14.4,9.2,63,X, ,X,높음
5/7/2021,안산(545),X,18.7,16.7,12.2,6.7,73,X, ,X,높음
5/7/2021,경기광주(546),X,17.9,18,12.3,8.5,65,X, ,X,높음
5/7/2021,여주(548),X,18.3,17.5,12.6,8,69,X, ,X,높음
5/7/2021,용인(549),X,17.8,16.9,12.5,8.1,63,X, ,X,높음
5/7/2021,오산(550),X,18.4,17.2,13.4,9.8,54,X, ,X,높음
5/7/2021,평택(551),X,19.7,17.9,14.3,9.7,58,X, ,X,높음
5/7/2021,화천(555),X,21.1,20.6,13.2,5.9,71,X, ,X,높음
5/7/2021,양구(556),X,19.2,19.3,12.9,6.1,64,X, ,X,높음
5/7/2021,시흥(565),X,18.5,17.1,14.1,9.4,58,X, ,X,높음
5/7/2021,구리(569),X,18.1,18.2,14.1,10.5,57,X, ,X,높음
5/7/2021,화성(571),X,18.6,17.2,13.7,9.4,57,X, ,X,높음
5/7/2021,성남(572),X,17.1,17.5,14.1,9.7,50,X, ,X,높음
5/7/2021,과천(590),X,18,17.4,13.5,7.8,65,X, ,X,높음
5/7/2021,양주(598),X,18.4,18.2,14.2,9.1,61,X, ,X,높음
5/7/2021,단양(601),X,21.9,22.5,13.4,7.4,65,X, ,X,보통
5/7/2021,진천(602),X,19.5,18.7,13.6,8.5,62,X, ,X,높음
5/7/2021,괴산(603),X,20.3,20.1,13.1,5.6,64,X, ,X,보통
5/7/2021,옥천(604),X,22.5,22.4,13.7,7.3,68,X, ,X,보통
5/7/2021,홍북(608),X,20.4,18.9,13.6,7.6,67,X, ,X,높음
5/7/2021,공주(612),X,20.1,18.9,13,7.2,62,X, ,X,높음
5/7/2021,서천(614),X,20.8,19.3,13,8.5,67,X, ,X,높음
5/7/2021,논산(615),X,21,20.6,14,8.5,64,X, ,X,높음
5/7/2021,당진(616),X,19.3,17.9,14.2,9.3,56,X, ,X,높음
5/7/2021,청양(618),X,19.7,18.1,12.4,5.8,68,X, ,X,높음
5/7/2021,음성(619),X,19.5,19.3,12.4,4.6,66,X, ,X,높음
5/7/2021,증평(623),X,20.1,19,14.3,8.7,61,X, ,X,높음
5/7/2021,태안(627),X,18.1,16.5,13.9,9,66,X, ,X,높음
5/7/2021,예산(628),X,20.2,18.8,14.8,10,58,X, ,X,높음
5/7/2021,아산(634),X,19.3,19.5,14.8,9.6,52,X, ,X,높음
5/7/2021,계룡(636),X,20.6,20,12.4,5.2,71,X, ,X,높음
5/7/2021,연천청산(652),X,,19.3,13.9,7.3,,X, ,X,높음
5/7/2021,양양(670),X,23.6,23.7,18.1,14.4,49,X, ,X,높음
5/7/2021,무안(699),X,22.8,21.7,15.6,7.8,63,X, ,X,높음
5/7/2021,무주(701),X,22.1,21.9,13.8,7.5,56,X, ,X,보통
5/7/2021,익산(702),X,22.5,21.8,14.3,6.8,62,X, ,X,보통
5/7/2021,진안(703),X,19.8,18.7,12.1,5,66,X, ,X,보통
5/7/2021,담양(706),X,24,22.2,14.6,6.6,68,X, ,X,보통
5/7/2021,구례(709),X,24.2,23,15.1,9.3,66,X, ,X,보통
5/7/2021,나주(710),X,24.1,22.8,14.7,7.9,72,X, ,X,높음
5/7/2021,순천시(712),X,25.6,24.8,17.2,12.5,59,X, ,X,보통
5/7/2021,광양읍(713),X,25.2,24.4,16.9,10.8,57,X, ,X,보통
5/7/2021,장성(730),X,22.4,21.3,15.1,7,55,X, ,X,보통
5/7/2021,영암(731),X,23.9,22.5,15.7,7.6,67,X, ,X,높음
5/7/2021,보성(732),X,23.1,21.4,14.6,8.1,66,X, ,X,높음
5/7/2021,완주(734),X,22.1,21.5,13.7,7.5,68,X, ,X,보통
5/7/2021,김제(737),X,21.5,20.8,15.1,10.2,51,X, ,X,높음
5/7/2021,화순(741),X,22.9,22,14.8,7.8,56,X, ,X,높음
5/7/2021,함평(754),X,23.4,22,14.5,6.6,69,X, ,X,높음
5/7/2021,곡성(768),X,23.2,23,13.8,6.3,59,X, ,X,보통
5/7/2021,압해도(789),X,22.1,20.3,15.4,10,68,X, ,X,높음
5/7/2021,영양(801),X,22.7,22.8,14.3,5,63,X, ,X,보통
5/7/2021,성주(810),X,25.8,26.1,15.3,7.5,60,X, ,X,보통
5/7/2021,고령(812),X,24.7,24.7,15.4,7.8,60,X, ,X,높음
5/7/2021,청도(813),X,25.2,25.3,16.5,8.5,57,X, ,X,보통
5/7/2021,예천(815),X,21.1,20.9,14.3,7,59,X, ,X,보통
5/7/2021,김천(822),X,25.1,25.3,13.9,6,66,X, ,X,보통
5/7/2021,군위(823),X,23.7,23.5,15,6.4,63,X, ,X,보통
5/7/2021,칠곡(825),X,24.8,25,16.4,8.6,55,X, ,X,보통
5/7/2021,경산(827),X,24.9,25.2,18.1,12,44,X, ,X,높음
5/7/2021,삼척(876),X,25.3,26.9,19.1,13.3,33,X, ,X,높음
5/7/2021,속초(90),X,22.9,23.6,18.8,14,37,X, ,X,높음
5/7/2021,삼천포(907),X,24.6,23.6,17.6,13.3,57,X, ,X,높음
5/7/2021,고성(918),X,22.8,21,16.1,10.6,72,X, ,X,매우높음
5/7/2021,창녕(919),X,25.9,25.6,16.9,10.1,59,X, ,X,보통
5/7/2021,함안(920),X,25.1,24.5,16.4,8.8,63,X, ,X,높음
5/7/2021,북춘천(93),X,19.3,19.3,12.6,6.9,73.4,X, ,X,높음
5/7/2021,하동(932),X,25.1,24.4,16.5,10.8,59,X, ,X,보통
5/7/2021,철원(95),X,19.3,18.8,14.2,6.9,61.5,X, ,X,높음
5/7/2021,동두천(98),X,19.5,18.8,14.2,9.3,63.5,X, ,X,높음
5/7/2021,파주(99),X,19.8,19,14,8.6,67.9,X, ,X,높음
5/8/2021,북강릉(104),X,21.8,23.5,17.8,10.4,37.4,X, ,X,높음
5/8/2021,동해(106),X,22.1,24.3,17.8,10.2,36.3,X, ,X,매우높음
5/8/2021,서울(108),X,20.6,21,14.3,8.9,66.1,X, ,X,매우높음
5/8/2021,인천(112),X,17.8,18.1,13.6,10.1,63,X, ,X,매우높음
5/8/2021,원주(114),X,21.3,22.2,14.8,7.5,58,X, ,X,매우높음
5/8/2021,울릉도(115),X,21,19.9,16,12.2,62.6,X, ,X,매우높음
5/8/2021,수원(119),X,20.9,21.3,13.8,8,72.9,X, ,X,매우높음
5/8/2021,영월(121),X,21,22,14.3,5.4,59.1,X, ,X,매우높음
5/8/2021,충주(127),X,22,23.1,14.8,5.8,59.5,X, ,X,매우높음
5/8/2021,서산(129),X,19.2,19.3,13.5,8.9,67.8,X, ,X,매우높음
5/8/2021,울진(130),X,24,26.2,18.9,11.2,40,X, ,X,매우높음
5/8/2021,청주(131),X,22,23.5,16.1,9.1,52.4,X, ,X,매우높음
5/8/2021,대전(133),X,23,23.6,16.3,8.9,60,X, ,X,매우높음
5/8/2021,추풍령(135),X,21.3,23.3,14.9,2.9,51,X, ,X,매우높음
5/8/2021,안동(136),X,22.7,24.5,15.8,6.3,49.9,X, ,X,매우높음
5/8/2021,상주(137),X,23.7,25.2,16.3,6.1,54.1,X, ,X,매우높음
5/8/2021,포항(138),X,23.4,26.5,19.6,11.6,33.6,X, ,X,매우높음
5/8/2021,군산(140),X,21.8,22.9,14.9,8.2,62.1,X, ,X,매우높음
5/8/2021,대구(143),X,23.3,26.1,18.1,7.7,36.9,X, ,X,매우높음
5/8/2021,전주(146),X,23.5,24.3,16.1,7.5,57.8,X, ,X,매우높음
5/8/2021,울산(152),X,22,24.1,18.1,8.7,41.4,X, ,X,매우높음
5/8/2021,창원(155),X,21.2,21.8,15.9,8.5,47.9,X, ,X,매우높음
5/8/2021,광주(156),X,22.4,24.3,16.2,8.3,58.9,X, ,X,매우높음
5/8/2021,부산(159),X,20.4,20.8,17,12.2,46.6,X, ,X,매우높음
5/8/2021,통영(162),X,21,20.6,16.5,11,60.6,X, ,X,매우높음
5/8/2021,목포(165),X,21.3,21.3,15.8,10.1,66,X, ,X,매우높음
5/8/2021,여수(168),X,20.4,19.9,16.4,11.6,54.6,X, ,X,매우높음
5/8/2021,흑산도(169),X,22.5,20.7,15.2,10.3,81.5,X, ,X,매우높음
5/8/2021,완도(170),X,21.6,21.5,16.3,8.9,62.4,X, ,X,매우높음
5/8/2021,고창(172),X,21.5,22.9,14.7,5.4,61.1,X, ,X,매우높음
5/8/2021,제주(184),X,25.7,25.3,18.3,12.7,56.4,X, ,X,매우높음
5/8/2021,진주(192),X,22.6,23.1,15.6,4.1,60.4,X, ,X,매우높음
5/8/2021,양평(202),X,21.2,21.8,14.4,7,64.9,X, ,X,매우높음
5/8/2021,이천(203),X,21.9,22.7,14.3,6.7,67,X, ,X,매우높음
5/8/2021,인제(211),X,19.6,20.2,14.4,7.5,56.3,X, ,X,매우높음
5/8/2021,홍천(212),X,21,21.6,14.2,5.9,60.4,X, ,X,매우높음
5/8/2021,태백(216),X,18.3,19.5,13.1,5.9,46.8,X, ,X,매우높음
5/8/2021,정선군(217),X,20,20.9,14.4,5.8,50.4,X, ,X,매우높음
5/8/2021,제천(221),X,20.9,21.6,13.4,4.2,65.1,X, ,X,매우높음
5/8/2021,보은(226),X,22.1,23,14.2,4.2,66.6,X, ,X,매우높음
5/8/2021,천안(232),X,21.8,22.6,14.2,4.9,67.9,X, ,X,매우높음
5/8/2021,보령(235),X,19.3,20,13.6,7.5,67.5,X, ,X,매우높음
5/8/2021,부여(236),X,21.7,22.6,14.2,5.7,70,X, ,X,매우높음
5/8/2021,금산(238),X,22.5,23.4,14.7,3.9,64.1,X, ,X,매우높음
5/8/2021,세종(239),X,21.5,22.7,14.9,7.1,57.5,X, ,X,매우높음
5/8/2021,부안(243),X,23.3,23.9,15.7,7.8,64.5,X, ,X,매우높음
5/8/2021,임실(244),X,22.1,22.8,13.7,2.3,67.3,X, ,X,매우높음
5/8/2021,정읍(245),X,22.3,23.1,15.1,6.7,58.6,X, ,X,매우높음
5/8/2021,남원(247),X,23.3,24.6,15.1,3.8,62.4,X, ,X,매우높음
5/8/2021,장수(248),X,20.8,21.4,12.9,1.1,66.6,X, ,X,매우높음
5/8/2021,영광군(252),X,21.5,22.8,14.7,6.2,63.4,X, ,X,매우높음
5/8/2021,김해시(253),X,21.7,22.5,16.6,8.6,47.4,X, ,X,매우높음
5/8/2021,순창군(254),X,22.5,23.3,14.7,4,65.1,X, ,X,매우높음
5/8/2021,양산시(257),X,22.1,23.2,16.9,8.6,51.8,X, ,X,매우높음
5/8/2021,강진군(259),X,21.9,22.7,15.5,6.1,64.8,X, ,X,매우높음
5/8/2021,장흥(260),X,21.9,23.1,15.1,4.6,65.8,X, ,X,매우높음
5/8/2021,해남(261),X,20.7,22,14.4,4.6,68.3,X, ,X,매우높음
5/8/2021,고흥(262),X,21.2,22.5,15.5,6,61.3,X, ,X,매우높음
5/8/2021,의령군(263),X,22.6,24.1,16,4.2,51,X, ,X,매우높음
5/8/2021,함양군(264),X,22.5,24.9,15.5,2.9,49.9,X, ,X,매우높음
5/8/2021,진도군ASOS(268),X,21.4,21.3,15.2,6.1,69,X, ,X,매우높음
5/8/2021,봉화(271),X,19.4,20.4,12.7,2.3,56.9,X, ,X,매우높음
5/8/2021,영주(272),X,21.9,23.1,14.8,4.8,54.5,X, ,X,매우높음
5/8/2021,문경(273),X,22.2,23.4,15.1,4.9,58.3,X, ,X,매우높음
5/8/2021,청송군(276),X,20.9,24.8,15.7,3,40.9,X, ,X,매우높음
5/8/2021,영덕(277),X,23.5,25.4,18.3,10.1,41.1,X, ,X,매우높음
5/8/2021,의성(278),X,23.6,26,16,3.4,54.3,X, ,X,매우높음
5/8/2021,구미(279),X,23.1,26.4,17.2,6.1,43.9,X, ,X,매우높음
5/8/2021,영천(281),X,22.5,25,16.6,4.3,48.9,X, ,X,매우높음
5/8/2021,경주시(283),X,23.2,25.7,17.7,5.7,46.1,X, ,X,매우높음
5/8/2021,거창(284),X,22.3,24.5,14.8,1.9,54.5,X, ,X,매우높음
5/8/2021,합천(285),X,23.6,25.6,16.6,4.8,53.9,X, ,X,매우높음
5/8/2021,밀양(288),X,22.5,24.4,15.8,5.8,52.1,X, ,X,매우높음
5/8/2021,산청(289),X,23.6,25.5,15.9,3.7,53.3,X, ,X,매우높음
5/8/2021,거제(294),X,20.5,20.9,16.5,8.9,54.1,X, ,X,매우높음
5/8/2021,남해(295),X,22,22.4,17,8.9,52.8,X, ,X,매우높음
5/8/2021,부천(433),X,19.2,19.8,13.6,9,62,X, ,X,매우높음
5/8/2021,안양(434),X,15.3,20,14.2,9.8,,X, ,X,매우높음
5/8/2021,광명(437),X,19.9,21,14.5,10,62,X, ,X,매우높음
5/8/2021,군포(438),X,19.5,20.5,14.1,8.5,61,X, ,X,매우높음
5/8/2021,김포(441),X,,21.1,14.1,9,,X, ,X,매우높음
5/8/2021,하남(444),X,20.6,21.3,13.8,6.8,62,X, ,X,매우높음
5/8/2021,의왕(445),X,18.5,19.4,12,6,70,X, ,X,매우높음
5/8/2021,포천(504),X,20.3,20.8,13.6,6.9,67,X, ,X,매우높음
5/8/2021,가평조종(505),X,20.3,20.5,12.7,4.6,70,X, ,X,매우높음
5/8/2021,안성(516),X,21.3,22.1,14,5.5,67,X, ,X,매우높음
5/8/2021,간성(517),X,22,23.3,18.2,14,40,X, ,X,높음
5/8/2021,평창(526),X,20,21.1,13.3,3.4,55,X, ,X,매우높음
5/8/2021,의정부(532),X,20.7,20.9,13.6,7.5,75,X, ,X,매우높음
5/8/2021,횡성(536),X,21.5,21.8,13.4,4.9,69,X, ,X,매우높음
5/8/2021,고양(540),X,21,21.8,13.9,8,71,X, ,X,매우높음
5/8/2021,남양주(541),X,21.3,21.9,14.6,8.6,64,X, ,X,매우높음
5/8/2021,안산(545),X,20.2,20.7,12.7,4.9,75,X, ,X,매우높음
5/8/2021,경기광주(546),X,20.4,21.1,13.3,5.5,67,X, ,X,매우높음
5/8/2021,여주(548),X,21.6,22.4,13.9,5.7,67,X, ,X,매우높음
5/8/2021,용인(549),X,19.9,21.2,13.4,6.2,65,X, ,X,매우높음
5/8/2021,오산(550),X,20.7,21.9,14.2,7.4,60,X, ,X,매우높음
5/8/2021,평택(551),X,21.7,22.7,14.5,7.4,65,X, ,X,매우높음
5/8/2021,화천(555),X,21.5,21.9,13.8,5.5,66,X, ,X,높음
5/8/2021,양구(556),X,20.1,21,14,5.9,55,X, ,X,높음
5/8/2021,시흥(565),X,20.1,20.9,14,9,63,X, ,X,매우높음
5/8/2021,구리(569),X,20.8,21.7,14.7,8.9,57,X, ,X,매우높음
5/8/2021,화성(571),X,20.3,21.3,13.6,8.4,64,X, ,X,매우높음
5/8/2021,성남(572),X,19.5,21.1,14.4,7.9,53,X, ,X,매우높음
5/8/2021,과천(590),X,20.6,21.2,14.5,8,64,X, ,X,매우높음
5/8/2021,양주(598),X,19.9,20.6,13.6,6.3,65,X, ,X,매우높음
5/8/2021,단양(601),X,22.2,23.9,15.3,6.1,58,X, ,X,매우높음
5/8/2021,진천(602),X,21.8,22.8,15.1,7.3,58,X, ,X,매우높음
5/8/2021,괴산(603),X,21.7,23.2,14.3,3.8,61,X, ,X,매우높음
5/8/2021,옥천(604),X,23,24.3,15,4.5,62,X, ,X,매우높음
5/8/2021,홍북(608),X,20.6,21.4,13.4,6.6,73,X, ,X,매우높음
5/8/2021,공주(612),X,21.5,22.8,14.9,6.5,61,X, ,X,매우높음
5/8/2021,서천(614),X,19.9,21.1,13.7,4.3,66,X, ,X,매우높음
5/8/2021,논산(615),X,22.7,23.7,15,5.4,66,X, ,X,매우높음
5/8/2021,당진(616),X,19.2,20,13.7,8.9,64,X, ,X,매우높음
5/8/2021,청양(618),X,21.5,22.3,13.3,4,70,X, ,X,매우높음
5/8/2021,음성(619),X,21.5,22.4,13.3,3,64,X, ,X,매우높음
5/8/2021,증평(623),X,21.9,22.3,14.7,6,65,X, ,X,매우높음
5/8/2021,태안(627),X,18.6,18.4,13.1,8.3,75,X, ,X,매우높음
5/8/2021,예산(628),X,20.7,21.4,14.4,8.5,64,X, ,X,매우높음
5/8/2021,아산(634),X,21.3,22.4,15.1,9,56,X, ,X,매우높음
5/8/2021,계룡(636),X,21.6,22.2,13.4,2.9,68,X, ,X,매우높음
5/8/2021,연천청산(652),X,,20.7,13.6,6.7,,X, ,X,매우높음
5/8/2021,양양(670),X,23.4,24.5,18,12.4,46,X, ,X,높음
5/8/2021,무안(699),X,21.2,22.4,14.8,6.2,70,X, ,X,매우높음
5/8/2021,무주(701),X,21.9,24.2,15,4,55,X, ,X,매우높음
5/8/2021,익산(702),X,23.2,24.2,15.3,5.3,67,X, ,X,매우높음
5/8/2021,진안(703),X,21.5,22,13.2,1.5,65,X, ,X,매우높음
5/8/2021,담양(706),X,24.6,25.4,15.3,4.1,69,X, ,X,매우높음
5/8/2021,구례(709),X,24.4,25.3,16,4.1,62,X, ,X,매우높음
5/8/2021,나주(710),X,22.7,23.6,15.2,5.1,70,X, ,X,매우높음
5/8/2021,순천시(712),X,23.2,23.2,16.9,8.5,55,X, ,X,매우높음
5/8/2021,광양읍(713),X,23.4,24.1,16.8,6.4,55,X, ,X,매우높음
5/8/2021,장성(730),X,23.1,24.1,14.8,4.7,67,X, ,X,매우높음
5/8/2021,영암(731),X,22.1,23.6,15.3,5.3,68,X, ,X,매우높음
5/8/2021,보성(732),X,22.3,22.8,15.2,4.1,66,X, ,X,매우높음
5/8/2021,완주(734),X,23.4,23.7,15.5,5.7,66,X, ,X,매우높음
5/8/2021,김제(737),X,22.8,23.9,15.4,8.1,61,X, ,X,매우높음
5/8/2021,화순(741),X,22.3,24.1,15.5,4.5,57,X, ,X,매우높음
5/8/2021,함평(754),X,22.3,23.2,14.6,5.3,71,X, ,X,매우높음
5/8/2021,곡성(768),X,23.2,25.1,15.2,3,58,X, ,X,매우높음
5/8/2021,압해도(789),X,20.6,20.6,15.6,9,67,X, ,X,매우높음
5/8/2021,영양(801),X,22.4,23.7,15.7,4.2,53,X, ,X,매우높음
5/8/2021,성주(810),X,24.4,27.3,17,3.7,49,X, ,X,매우높음
5/8/2021,고령(812),X,22.9,25.8,16.7,2.8,52,X, ,X,매우높음
5/8/2021,청도(813),X,22.5,25,16,3.7,52,X, ,X,매우높음
5/8/2021,예천(815),X,22.2,24.4,15.8,5.3,50,X, ,X,매우높음
5/8/2021,김천(822),X,24.2,27,16.2,1.6,54,X, ,X,매우높음
5/8/2021,군위(823),X,23.5,25.3,16.2,4.4,53,X, ,X,매우높음
5/8/2021,칠곡(825),X,24.1,26.8,17.3,5.3,49,X, ,X,매우높음
5/8/2021,경산(827),X,23.2,25.6,17.8,7.1,41,X, ,X,매우높음
5/8/2021,삼척(876),X,23.2,26,19.4,12.6,32,X, ,X,매우높음
5/8/2021,속초(90),X,22.4,24.3,18.7,14,34.8,X, ,X,높음
5/8/2021,삼천포(907),X,21.5,21.6,17.1,9.4,49,X, ,X,매우높음
5/8/2021,고성(918),X,20.3,20.3,15.1,6.4,61,X, ,X,매우높음
5/8/2021,창녕(919),X,23.4,25,16.3,5.1,54,X, ,X,매우높음
5/8/2021,함안(920),X,22.8,24.1,15.5,3.1,57,X, ,X,매우높음
5/8/2021,북춘천(93),X,21.1,21.5,13.7,6,66.4,X, ,X,매우높음
5/8/2021,하동(932),X,22.9,23.7,16,5.9,57,X, ,X,매우높음
5/8/2021,철원(95),X,20.1,20.4,13.7,8.1,69.4,X, ,X,높음
5/8/2021,동두천(98),X,20.6,20.9,13.6,8.1,73.1,X, ,X,매우높음
5/8/2021,파주(99),X,20.5,20.4,13.5,8.3,72.4,X, ,X,매우높음
5/9/2021,북강릉(104),X,20.4,23.3,17.5,12.3,31.1,X, ,X,매우높음
5/9/2021,동해(106),X,20.6,23.1,17.1,13,36,X, ,X,매우높음
5/9/2021,서울(108),X,20.1,21.8,15.7,10,51.3,X, ,X,매우높음
5/9/2021,인천(112),X,19.1,20.3,14.8,10.9,51.3,X, ,X,매우높음
5/9/2021,원주(114),X,19.3,21.7,15.7,9.2,42.8,X, ,X,매우높음
5/9/2021,울릉도(115),X,20.2,19.8,15.9,12.6,47.4,X, ,X,매우높음
5/9/2021,수원(119),X,20,21.3,14.3,7.7,62.8,X, ,X,매우높음
5/9/2021,영월(121),X,18.8,21,14.7,7.3,45.9,X, ,X,매우높음
5/9/2021,충주(127),X,20.2,22.2,14.3,6.5,51.4,X, ,X,매우높음
5/9/2021,서산(129),X,20.8,22.5,13.9,5.6,58.8,X, ,X,매우높음
5/9/2021,울진(130),X,22.4,24.4,18.4,12.6,35,X, ,X,매우높음
5/9/2021,청주(131),X,20.3,22.8,16.7,10,42.6,X, ,X,매우높음
5/9/2021,대전(133),X,21.6,23.6,16.8,10,50.9,X, ,X,매우높음
5/9/2021,추풍령(135),X,19.5,21.9,15.1,8.2,43.5,X, ,X,매우높음
5/9/2021,안동(136),X,20.1,22.3,16.3,10.3,39.6,X, ,X,매우높음
5/9/2021,상주(137),X,21.5,23.3,16.9,10.9,44,X, ,X,매우높음
5/9/2021,포항(138),X,22,25,19.5,14.4,31.1,X, ,X,매우높음
5/9/2021,군산(140),X,19.6,20.2,14.6,8.7,61.4,X, ,X,매우높음
5/9/2021,대구(143),X,21.7,25,19,12.6,30.3,X, ,X,매우높음
5/9/2021,전주(146),X,21.1,22.5,16.2,9.7,50.9,X, ,X,매우높음
5/9/2021,울산(152),X,21.8,24.8,18.9,13.1,31.6,X, ,X,매우높음
5/9/2021,창원(155),X,22.7,25.4,18.5,12.7,37.6,X, ,X,매우높음
5/9/2021,광주(156),X,21.7,24.5,17.5,10.5,43.8,X, ,X,매우높음
5/9/2021,부산(159),X,21.1,22,17.9,13.8,48.1,X, ,X,매우높음
5/9/2021,통영(162),X,21.6,23.1,17.4,12.7,59.4,X, ,X,매우높음
5/9/2021,목포(165),X,21.2,22,16.4,11.3,57.4,X, ,X,매우높음
5/9/2021,여수(168),X,22.9,23.4,18.2,13.8,46.5,X, ,X,매우높음
5/9/2021,흑산도(169),X,21,20.6,15.9,11.6,55.1,X, ,X,매우높음
5/9/2021,완도(170),X,23.5,25.5,18.4,12.1,49.3,X, ,X,매우높음
5/9/2021,고창(172),X,20.6,22.4,15,7.2,55.8,X, ,X,매우높음
5/9/2021,제주(184),X,21.1,23.9,18.9,14.9,54.6,X, ,X,매우높음
5/9/2021,진주(192),X,23.4,25.7,17,8.5,50.8,X, ,X,매우높음
5/9/2021,양평(202),X,20.4,22.2,15.3,7.6,53.9,X, ,X,매우높음
5/9/2021,이천(203),X,20.7,22.9,15.7,9.2,49.5,X, ,X,매우높음
5/9/2021,인제(211),X,19,21.4,14.3,7.9,44.8,X, ,X,매우높음
5/9/2021,홍천(212),X,20,22,14.9,6.6,49,X, ,X,매우높음
5/9/2021,태백(216),X,16.8,18.5,12.3,7.5,42.5,X, ,X,매우높음
5/9/2021,정선군(217),X,18.2,20.3,13.9,7.9,44.6,X, ,X,매우높음
5/9/2021,제천(221),X,18.8,20.8,13.6,6.1,52.4,X, ,X,매우높음
5/9/2021,보은(226),X,20.7,22.4,14.2,6,58.3,X, ,X,매우높음
5/9/2021,천안(232),X,20,21.7,14.6,6.4,56.3,X, ,X,매우높음
5/9/2021,보령(235),X,19.8,20.3,13.4,6.2,62.1,X, ,X,매우높음
5/9/2021,부여(236),X,21.3,23.1,14.6,6.1,63.5,X, ,X,매우높음
5/9/2021,금산(238),X,21.2,23.1,14.9,6.5,57,X, ,X,매우높음
5/9/2021,세종(239),X,20.8,22.9,15.7,7.1,48.3,X, ,X,매우높음
5/9/2021,부안(243),X,20.6,21.1,15.2,7.8,60.1,X, ,X,매우높음
5/9/2021,임실(244),X,20.2,21.7,14,5.9,59.6,X, ,X,매우높음
5/9/2021,정읍(245),X,20.3,21.8,15.1,7.3,53,X, ,X,매우높음
5/9/2021,남원(247),X,21.5,23.5,15.6,7.9,54.9,X, ,X,매우높음
5/9/2021,장수(248),X,19.4,20.3,12.9,4.4,61.5,X, ,X,매우높음
5/9/2021,영광군(252),X,20.6,21.8,15,7,55.9,X, ,X,매우높음
5/9/2021,김해시(253),X,23.4,25.5,18.9,12.6,41.8,X, ,X,매우높음
5/9/2021,순창군(254),X,20.4,22.5,15.4,7.2,55.3,X, ,X,매우높음
5/9/2021,양산시(257),X,23.7,26.1,18.3,12.6,47.8,X, ,X,매우높음
5/9/2021,강진군(259),X,23.5,25.8,17.5,9.1,51.9,X, ,X,매우높음
5/9/2021,장흥(260),X,22.7,24.9,16.6,8.2,55.6,X, ,X,매우높음
5/9/2021,해남(261),X,23.2,24.7,16.2,7.3,57.9,X, ,X,매우높음
5/9/2021,고흥(262),X,22.3,24.4,16.5,8.3,56.5,X, ,X,매우높음
5/9/2021,의령군(263),X,23.2,26.6,18.1,8.4,42.8,X, ,X,매우높음
5/9/2021,함양군(264),X,19.3,24.1,15.9,6.8,36.9,X, ,X,매우높음
5/9/2021,진도군ASOS(268),X,22.5,23.3,16.4,9.2,60,X, ,X,매우높음
5/9/2021,봉화(271),X,17.5,18.6,11.7,4.6,55,X, ,X,매우높음
5/9/2021,영주(272),X,19.3,20.9,15.7,10.8,40.6,X, ,X,매우높음
5/9/2021,문경(273),X,20,21.9,15.1,7.7,45.6,X, ,X,매우높음
5/9/2021,청송군(276),X,18.6,22.6,15.1,7.5,32.6,X, ,X,매우높음
5/9/2021,영덕(277),X,21.3,23.7,17.3,11.2,38.3,X, ,X,매우높음
5/9/2021,의성(278),X,21,23.6,15.5,6.8,50,X, ,X,매우높음
5/9/2021,구미(279),X,21.8,24.9,18.1,12.3,36.5,X, ,X,매우높음
5/9/2021,영천(281),X,21.6,24.3,18,11.3,36.4,X, ,X,매우높음
5/9/2021,경주시(283),X,21.7,24.8,18.2,10.3,35.9,X, ,X,매우높음
5/9/2021,거창(284),X,21,23.4,15.5,6.5,48.9,X, ,X,매우높음
5/9/2021,합천(285),X,22.4,25.4,17.9,10.4,43.5,X, ,X,매우높음
5/9/2021,밀양(288),X,22.1,25.8,18.2,9.4,36.4,X, ,X,매우높음
5/9/2021,산청(289),X,22.2,24.5,16.8,8.4,46.4,X, ,X,매우높음
5/9/2021,거제(294),X,21.4,22.7,17.7,12.1,47.4,X, ,X,매우높음
5/9/2021,남해(295),X,22.8,25,18.7,11.6,41.8,X, ,X,매우높음
5/9/2021,부천(433),X,19.6,21.6,14.9,8.2,50,X, ,X,매우높음
5/9/2021,안양(434),X,14.5,20.7,15.5,10.3,,X, ,X,매우높음
5/9/2021,광명(437),X,20.1,22.5,16.3,10.4,46,X, ,X,매우높음
5/9/2021,군포(438),X,19.6,21.7,15.4,9.3,47,X, ,X,매우높음
5/9/2021,김포(441),X,,21.7,15.1,8.9,,X, ,X,매우높음
5/9/2021,하남(444),X,20.7,22.9,14.9,6.8,47,X, ,X,매우높음
5/9/2021,의왕(445),X,18.1,19.9,12.8,6.3,55,X, ,X,매우높음
5/9/2021,포천(504),X,20.6,22,14.5,6.2,56,X, ,X,매우높음
5/9/2021,가평조종(505),X,19.7,21.3,13.4,4.6,57,X, ,X,매우높음
5/9/2021,안성(516),X,19.6,21.2,14.1,6.6,55,X, ,X,매우높음
5/9/2021,간성(517),X,21.5,23.7,17.8,12.4,33,X, ,X,높음
5/9/2021,평창(526),X,18.8,21.2,13.2,5.9,49,X, ,X,매우높음
5/9/2021,의정부(532),X,21,22.1,14.5,6.4,60,X, ,X,매우높음
5/9/2021,횡성(536),X,20.2,22.1,14.4,7.3,55,X, ,X,매우높음
5/9/2021,고양(540),X,20.6,,,,,X, ,X,매우높음
5/9/2021,남양주(541),X,21.3,23,15.3,6.6,53,X, ,X,매우높음
5/9/2021,안산(545),X,20.3,21.9,13.3,4.9,66,X, ,X,매우높음
5/9/2021,경기광주(546),X,20,21.9,15.2,7.1,48,X, ,X,매우높음
5/9/2021,여주(548),X,19.7,21.8,15,7.8,48,X, ,X,매우높음
5/9/2021,용인(549),X,18.8,21.1,14,7.4,52,X, ,X,매우높음
5/9/2021,오산(550),X,20.1,22,14.5,7.4,51,X, ,X,매우높음
5/9/2021,평택(551),X,20.1,21.9,14.8,7.9,57,X, ,X,매우높음
5/9/2021,화천(555),X,20.3,22.9,13.9,5.1,55,X, ,X,높음
5/9/2021,양구(556),X,19.4,22.3,14.6,7.3,42,X, ,X,높음
5/9/2021,시흥(565),X,19.9,21.3,14.1,6.6,57,X, ,X,매우높음
5/9/2021,구리(569),X,20.5,22.6,15.6,7.6,46,X, ,X,매우높음
5/9/2021,화성(571),X,20.4,22.6,14.5,7.9,53,X, ,X,매우높음
5/9/2021,성남(572),X,18.9,22.1,14.9,7.6,42,X, ,X,매우높음
5/9/2021,과천(590),X,21,22.8,14.6,6.8,55,X, ,X,매우높음
5/9/2021,양주(598),X,20.2,22,14.2,5.5,56,X, ,X,매우높음
5/9/2021,단양(601),X,19.8,21.9,15.2,8.4,48,X, ,X,매우높음
5/9/2021,진천(602),X,19.9,21.7,15.3,8.5,47,X, ,X,매우높음
5/9/2021,괴산(603),X,19.8,21.9,14.1,5.8,54,X, ,X,매우높음
5/9/2021,옥천(604),X,20.9,23.4,15.5,7.1,51,X, ,X,매우높음
5/9/2021,홍북(608),X,22,23.4,13.9,6.1,62,X, ,X,매우높음
5/9/2021,공주(612),X,21.3,23.6,15.3,8.1,56,X, ,X,매우높음
5/9/2021,서천(614),X,19.1,20.4,13.4,4.2,57,X, ,X,매우높음
5/9/2021,논산(615),X,21.6,24.1,15.1,6.4,60,X, ,X,매우높음
5/9/2021,당진(616),X,19.8,21.5,14.6,8.4,49,X, ,X,매우높음
5/9/2021,청양(618),X,20.5,21.8,12.8,3.7,62,X, ,X,매우높음
5/9/2021,음성(619),X,19.6,20.7,13.3,5.3,56,X, ,X,매우높음
5/9/2021,증평(623),X,19.7,21.5,14.8,7.1,55,X, ,X,매우높음
5/9/2021,태안(627),X,20.3,21.7,13.9,7,59,X, ,X,매우높음
5/9/2021,예산(628),X,20.3,22.3,15.3,8.8,52,X, ,X,매우높음
5/9/2021,아산(634),X,20.7,22.9,15.1,7.4,51,X, ,X,매우높음
5/9/2021,계룡(636),X,21.2,23.1,13.4,4.4,62,X, ,X,매우높음
5/9/2021,연천청산(652),X,,22.5,14.6,5.1,,X, ,X,매우높음
5/9/2021,양양(670),X,21,23.5,18.2,13.7,33,X, ,X,높음
5/9/2021,무안(699),X,21.6,22.4,15.4,7.6,62,X, ,X,매우높음
5/9/2021,무주(701),X,20.6,22.5,14.5,6.1,53,X, ,X,매우높음
5/9/2021,익산(702),X,20.9,22.1,14.8,6.2,60,X, ,X,매우높음
5/9/2021,진안(703),X,19.1,20.2,13,4.7,59,X, ,X,매우높음
5/9/2021,담양(706),X,22.9,25.2,16.1,4.6,54,X, ,X,매우높음
5/9/2021,구례(709),X,22.3,24.7,17.2,10.1,52,X, ,X,매우높음
5/9/2021,나주(710),X,22.8,24.2,16.1,6.9,63,X, ,X,매우높음
5/9/2021,순천시(712),X,23.4,25.9,19,11.7,41,X, ,X,매우높음
5/9/2021,광양읍(713),X,23.9,26.2,18.3,10.9,46,X, ,X,매우높음
5/9/2021,장성(730),X,22.2,24.5,15.5,6.6,56,X, ,X,매우높음
5/9/2021,영암(731),X,23.2,24.1,15.8,7.2,63,X, ,X,매우높음
5/9/2021,보성(732),X,23.3,25.7,16.8,7.4,55,X, ,X,매우높음
5/9/2021,완주(734),X,21.9,22.6,15.1,7.9,64,X, ,X,매우높음
5/9/2021,김제(737),X,20.7,22.2,15.8,9.3,56,X, ,X,매우높음
5/9/2021,화순(741),X,21.7,24.5,16.3,8.7,51,X, ,X,매우높음
5/9/2021,함평(754),X,22.5,23.2,15.4,6.2,66,X, ,X,매우높음
5/9/2021,곡성(768),X,21.1,24.1,15.5,6.9,49,X, ,X,매우높음
5/9/2021,압해도(789),X,21.2,21.5,15.1,9.5,67,X, ,X,매우높음
5/9/2021,영양(801),X,20,21.8,15.1,7.1,48,X, ,X,매우높음
5/9/2021,성주(810),X,22.4,24.8,17.2,9.3,44,X, ,X,매우높음
5/9/2021,고령(812),X,22.6,25.8,16.5,6.5,47,X, ,X,매우높음
5/9/2021,청도(813),X,22.1,25.3,17.1,8,41,X, ,X,매우높음
5/9/2021,예천(815),X,19.9,22.3,15.5,8.4,43,X, ,X,매우높음
5/9/2021,김천(822),X,22.2,24.4,15.8,6.3,51,X, ,X,매우높음
5/9/2021,군위(823),X,21.1,23.3,15.9,9.2,50,X, ,X,매우높음
5/9/2021,칠곡(825),X,22.1,25,17.7,10.2,43,X, ,X,매우높음
5/9/2021,경산(827),X,22,25.2,18.6,13.5,32,X, ,X,매우높음
5/9/2021,삼척(876),X,21.9,25.2,18.2,13.6,34,X, ,X,매우높음
5/9/2021,속초(90),X,20.6,23.5,18.4,14,26.8,X, ,X,높음
5/9/2021,삼천포(907),X,21.1,22.5,17.5,13.4,46,X, ,X,매우높음
5/9/2021,고성(918),X,21.2,22.6,16.1,10.9,58,X, ,X,매우높음
5/9/2021,창녕(919),X,22.9,25.9,17.7,8.4,43,X, ,X,매우높음
5/9/2021,함안(920),X,23,25.8,17,7,49,X, ,X,매우높음
5/9/2021,북춘천(93),X,20.1,22.5,14.9,6.5,47.8,X, ,X,매우높음
5/9/2021,하동(932),X,22.8,24.9,17.3,9.2,51,X, ,X,매우높음
5/9/2021,철원(95),X,18.9,21,13.9,6.2,54.1,X, ,X,높음
5/9/2021,동두천(98),X,21.4,23.1,14.9,6.5,55.9,X, ,X,매우높음
5/9/2021,파주(99),X,20.8,22.4,14,5.5,62.5,X, ,X,매우높음
5/10/2021,북강릉(104),X,18.3,19.7,15.6,11.1,41.8,X, ,X,보통
5/10/2021,동해(106),X,17.6,18.3,14.7,11.7,47.5,X, ,X,보통
5/10/2021,서울(108),X,16.3,14.6,13.2,11.7,67.9,X, ,X,보통
5/10/2021,인천(112),X,15.4,13.6,12.4,11,75.8,X, ,X,보통
5/10/2021,원주(114),X,15.2,13.2,11.5,9.2,72.9,X, ,X,보통
5/10/2021,울릉도(115),X,18.1,16.9,14.3,12,55.9,X, ,X,보통
5/10/2021,수원(119),X,16.2,14.1,11.8,8.6,91,X, ,X,보통
5/10/2021,영월(121),X,14.6,11.9,9.8,6.1,86.8,X, ,X,보통
5/10/2021,충주(127),X,15.4,12.6,10.6,7,84.5,X, ,X,보통
5/10/2021,서산(129),X,18,15.5,12.3,8.8,84.3,X, ,X,보통
5/10/2021,울진(130),X,16.8,16,12.7,9.7,69,X, ,X,보통
5/10/2021,청주(131),X,16.5,14.6,12.2,10.3,77.1,X, ,X,보통
5/10/2021,대전(133),X,17.2,14.3,12.5,11.1,86,X, ,X,보통
5/10/2021,추풍령(135),X,13.6,12.5,10.1,6.4,79.4,X, ,X,보통
5/10/2021,안동(136),X,14.1,12.5,10,7,84,X, ,X,보통
5/10/2021,상주(137),X,14.4,13.1,10.6,9,88.1,X, ,X,보통
5/10/2021,포항(138),X,17.1,17.6,14.4,12.7,67.6,X, ,X,보통
5/10/2021,군산(140),X,16.4,14,12.8,10.6,77.5,X, ,X,보통
5/10/2021,대구(143),X,17,16.2,13.8,12.1,66.5,X, ,X,보통
5/10/2021,전주(146),X,17.5,16.6,13.6,11.3,75.4,X, ,X,보통
5/10/2021,울산(152),X,18.8,18.1,15.3,13,61.1,X, ,X,높음
5/10/2021,창원(155),X,19.7,20.6,17,13.7,45.9,X, ,X,보통
5/10/2021,광주(156),X,21.5,22.6,18.3,14.6,39.8,X, ,X,보통
5/10/2021,부산(159),X,20.3,21.3,17.5,14.8,49.5,X, ,X,보통
5/10/2021,통영(162),X,21.5,22,17.3,13.2,62.9,X, ,X,보통
5/10/2021,목포(165),X,22.3,22.6,18.4,15.4,47.9,X, ,X,보통
5/10/2021,여수(168),X,20.1,20.5,17.5,15.5,48.3,X, ,X,보통
5/10/2021,흑산도(169),X,21.7,20.9,16.6,14.2,69.5,X, ,X,보통
5/10/2021,완도(170),X,21.5,22,17.9,14,58.4,X, ,X,보통
5/10/2021,고창(172),X,19.2,19.9,16.7,11.7,40.4,X, ,X,보통
5/10/2021,제주(184),X,24.7,23.4,20.3,17.3,63.8,X, ,X,높음
5/10/2021,진주(192),X,20.4,21.2,16.2,10.2,55,X, ,X,보통
5/10/2021,양평(202),X,15.3,13.3,11.2,8.7,81.6,X, ,X,보통
5/10/2021,이천(203),X,15.5,12.4,10.6,7.8,93.8,X, ,X,보통
5/10/2021,인제(211),X,16.9,16.7,11,5.5,68.5,X, ,X,보통
5/10/2021,홍천(212),X,16.1,14.8,11.2,7.1,74.5,X, ,X,보통
5/10/2021,태백(216),X,13.7,12.8,8.8,4.9,75.1,X, ,X,보통
5/10/2021,정선군(217),X,14.7,13.5,10.1,5.7,69,X, ,X,보통
5/10/2021,제천(221),X,14.3,11.6,9.3,5.3,88.8,X, ,X,보통
5/10/2021,보은(226),X,15.4,12.4,10.2,7,91.3,X, ,X,보통
5/10/2021,천안(232),X,16.3,13,11,7.4,94.1,X, ,X,보통
5/10/2021,보령(235),X,17.3,15.3,12.7,10.2,77.6,X, ,X,보통
5/10/2021,부여(236),X,16.7,13.8,11.9,8.9,88.4,X, ,X,보통
5/10/2021,금산(238),X,15.9,13,11,8.2,89.4,X, ,X,보통
5/10/2021,세종(239),X,16.2,13.4,11.5,9.7,80.9,X, ,X,보통
5/10/2021,부안(243),X,17.8,16.6,13.8,12.3,79.5,X, ,X,보통
5/10/2021,임실(244),X,17.4,16.9,12.8,8.8,74.3,X, ,X,보통
5/10/2021,정읍(245),X,18.9,17.9,14.1,10.9,68.1,X, ,X,보통
5/10/2021,남원(247),X,19.1,19.2,15.1,10.7,60.4,X, ,X,보통
5/10/2021,장수(248),X,16.1,15.6,11.1,7.9,85.9,X, ,X,보통
5/10/2021,영광군(252),X,20.3,20.7,17.2,12.3,50,X, ,X,보통
5/10/2021,김해시(253),X,20.6,21.3,17.1,12.6,47,X, ,X,보통
5/10/2021,순창군(254),X,20.2,20.6,15.9,10.4,59.3,X, ,X,보통
5/10/2021,양산시(257),X,21,22.1,17.1,12.1,53,X, ,X,보통
5/10/2021,강진군(259),X,22.8,24,18.2,12.4,51,X, ,X,보통
5/10/2021,장흥(260),X,21.5,22.5,17.5,11,52.4,X, ,X,보통
5/10/2021,해남(261),X,22.1,22.3,17.7,11.2,54.9,X, ,X,보통
5/10/2021,고흥(262),X,20.4,20.7,16.8,11,54.5,X, ,X,보통
5/10/2021,의령군(263),X,20.3,20.4,15.9,11.2,59.4,X, ,X,보통
5/10/2021,함양군(264),X,18.4,18.3,13.2,9.2,66.5,X, ,X,보통
5/10/2021,진도군ASOS(268),X,23.3,23.1,18.2,12,60.5,X, ,X,높음
5/10/2021,봉화(271),X,12.6,9.7,7.4,2.8,93.6,X, ,X,보통
5/10/2021,영주(272),X,14.1,13.6,9.8,6.8,90.8,X, ,X,보통
5/10/2021,문경(273),X,14.2,13.3,10.4,7.6,85.9,X, ,X,보통
5/10/2021,청송군(276),X,13.6,11,8.7,4,83.5,X, ,X,보통
5/10/2021,영덕(277),X,15.1,15.3,12.4,10,74.5,X, ,X,보통
5/10/2021,의성(278),X,15,12,10.1,5.5,89.3,X, ,X,보통
5/10/2021,구미(279),X,15.4,14.5,12.1,10.4,78.3,X, ,X,보통
5/10/2021,영천(281),X,16.3,14.8,11.6,8,83.3,X, ,X,보통
5/10/2021,경주시(283),X,17.9,16.9,13.1,8.4,74,X, ,X,보통
5/10/2021,거창(284),X,17.6,16.9,12,8.5,82.3,X, ,X,보통
5/10/2021,합천(285),X,18.8,18.2,14.1,11.5,73.3,X, ,X,보통
5/10/2021,밀양(288),X,19.2,19.7,15.6,11.4,53.9,X, ,X,보통
5/10/2021,산청(289),X,18.3,18.5,13.7,10.6,69.8,X, ,X,보통
5/10/2021,거제(294),X,20.4,21.5,16.8,12.4,51.6,X, ,X,보통
5/10/2021,남해(295),X,20.3,20.8,17.3,13.7,50,X, ,X,보통
5/10/2021,부천(433),X,15.5,13.7,12.4,10.5,72,X, ,X,보통
5/10/2021,안양(434),X,15.3,13.9,12.8,11.1,,X, ,X,보통
5/10/2021,광명(437),X,16.3,14.6,13.3,11.7,71,X, ,X,보통
5/10/2021,군포(438),X,15.5,14,11.9,10.2,79,X, ,X,보통
5/10/2021,김포(441),X,,15.1,13.1,10.3,,X, ,X,보통
5/10/2021,하남(444),X,15.3,13.6,11.3,8.3,73,X, ,X,보통
5/10/2021,의왕(445),X,14.5,12.1,9.8,6.9,88,X, ,X,보통
5/10/2021,포천(504),X,16.6,15.6,11.6,7.6,75,X, ,X,보통
5/10/2021,가평조종(505),X,16.1,14.6,10.4,5.7,81,X, ,X,보통
5/10/2021,안성(516),X,15.9,13.2,11.3,7.9,86,X, ,X,보통
5/10/2021,간성(517),X,19.8,19.9,15.2,8.2,53,X, ,X,높음
5/10/2021,평창(526),X,13.9,12.6,9.5,5.2,73,X, ,X,보통
5/10/2021,의정부(532),X,16.6,14.6,11.7,8.3,84,X, ,X,보통
5/10/2021,횡성(536),X,15.9,14.4,10.5,6.3,82,X, ,X,보통
5/10/2021,고양(540),X,16.5,,,,,X, ,X,보통
5/10/2021,남양주(541),X,16.3,14.7,12.2,8.4,74,X, ,X,보통
5/10/2021,안산(545),X,16.5,13.5,11,5.7,96,X, ,X,보통
5/10/2021,경기광주(546),X,14.8,,,,,X, ,X,보통
5/10/2021,여주(548),X,14.8,11.5,9.9,7.4,94,X, ,X,보통
5/10/2021,용인(549),X,15.3,12.9,10.8,7.5,87,X, ,X,보통
5/10/2021,오산(550),X,15.7,13.3,11.5,8.9,85,X, ,X,보통
5/10/2021,평택(551),X,16.6,13.1,11.5,9,93,X, ,X,보통
5/10/2021,화천(555),X,18.3,17.9,10.7,4.5,79,X, ,X,보통
5/10/2021,양구(556),X,17.4,17.6,11.1,5,66,X, ,X,보통
5/10/2021,시흥(565),X,16.1,13.9,11.5,7.2,82,X, ,X,보통
5/10/2021,구리(569),X,16.2,14.8,12.3,9.2,66,X, ,X,보통
5/10/2021,화성(571),X,16.1,13.7,11.9,9.5,85,X, ,X,보통
5/10/2021,성남(572),X,15.3,13.6,11.9,8.7,69,X, ,X,보통
5/10/2021,과천(590),X,16.1,13.7,11.6,7.6,84,X, ,X,보통
5/10/2021,양주(598),X,16.8,15.6,11.6,7.2,74,X, ,X,보통
5/10/2021,단양(601),X,15.1,12.1,10.4,7.8,89,X, ,X,보통
5/10/2021,진천(602),X,15.8,13,11.3,8.4,86,X, ,X,보통
5/10/2021,괴산(603),X,15.5,12.5,9.9,5.8,92,X, ,X,보통
5/10/2021,옥천(604),X,15.9,13.3,11.2,8.7,87,X, ,X,보통
5/10/2021,홍북(608),X,16.5,13.5,11.2,8.4,91,X, ,X,보통
5/10/2021,공주(612),X,16.2,13.4,11.1,7.6,86,X, ,X,보통
5/10/2021,서천(614),X,16.3,13.7,12.4,8.6,81,X, ,X,보통
5/10/2021,논산(615),X,16.9,14.5,12.4,9.7,82,X, ,X,보통
5/10/2021,당진(616),X,16.4,13.2,11.5,9,87,X, ,X,보통
5/10/2021,청양(618),X,16.2,13.7,10.9,6,90,X, ,X,보통
5/10/2021,음성(619),X,14.6,11.5,9.4,5,92,X, ,X,보통
5/10/2021,증평(623),X,16.3,13.7,11.5,8.3,87,X, ,X,보통
5/10/2021,태안(627),X,17.5,14.5,12.4,9.9,86,X, ,X,보통
5/10/2021,예산(628),X,17.1,14.1,12,9.7,88,X, ,X,보통
5/10/2021,아산(634),X,17.3,13.8,12.1,9.6,90,X, ,X,보통
5/10/2021,계룡(636),X,15.8,13.2,10.6,5.9,91,X, ,X,보통
5/10/2021,연천청산(652),X,,16.8,11.6,7,,X, ,X,보통
5/10/2021,양양(670),X,19.4,20.1,16.4,11.1,50,X, ,X,높음
5/10/2021,무안(699),X,21.7,21.8,18,13.1,47,X, ,X,보통
5/10/2021,무주(701),X,16.4,13.5,10.8,7.9,87,X, ,X,보통
5/10/2021,익산(702),X,17.5,15.2,13.2,8.9,81,X, ,X,보통
5/10/2021,진안(703),X,15.4,13.5,10.9,7.3,83,X, ,X,보통
5/10/2021,담양(706),X,20.8,21.1,16.9,10.8,58,X, ,X,보통
5/10/2021,구례(709),X,21.4,22.2,16.3,9.7,60,X, ,X,보통
5/10/2021,나주(710),X,22.3,22.5,17.7,11.8,55,X, ,X,보통
5/10/2021,순천시(712),X,21.4,22.5,18.3,13.4,48,X, ,X,보통
5/10/2021,광양읍(713),X,21.9,22.8,17.7,11.8,52,X, ,X,보통
5/10/2021,장성(730),X,20.6,21.2,17.1,11.1,51,X, ,X,보통
5/10/2021,영암(731),X,22.2,22.8,18.1,11.9,53,X, ,X,보통
5/10/2021,보성(732),X,22.3,23.3,17.7,10.9,50,X, ,X,보통
5/10/2021,완주(734),X,18.6,15.9,13.1,9.6,83,X, ,X,보통
5/10/2021,김제(737),X,16.8,15.3,13,11.4,81,X, ,X,보통
5/10/2021,화순(741),X,21.6,22.9,17,11.2,46,X, ,X,보통
5/10/2021,함평(754),X,21.7,22.2,17.9,12.1,51,X, ,X,보통
5/10/2021,곡성(768),X,20.8,21.4,15.5,9.3,55,X, ,X,보통
5/10/2021,압해도(789),X,22.5,22.3,18.2,13.4,52,X, ,X,보통
5/10/2021,영양(801),X,14.6,11.4,9.3,5.8,94,X, ,X,보통
5/10/2021,성주(810),X,17.1,15.6,12.6,9.5,82,X, ,X,보통
5/10/2021,고령(812),X,17.6,16.6,12.7,8.3,81,X, ,X,보통
5/10/2021,청도(813),X,18.4,18.1,13.4,8.2,73,X, ,X,보통
5/10/2021,예천(815),X,14.5,11.5,10,7.7,86,X, ,X,보통
5/10/2021,김천(822),X,15.8,13.6,10.8,6.7,89,X, ,X,보통
5/10/2021,군위(823),X,15.4,12.3,10.3,6.6,91,X, ,X,보통
5/10/2021,칠곡(825),X,16.8,14.9,12.4,10.3,85,X, ,X,보통
5/10/2021,경산(827),X,17.4,16.1,13.3,11.6,71,X, ,X,보통
5/10/2021,삼척(876),X,18.8,19.5,15.8,13.4,45,X, ,X,보통
5/10/2021,속초(90),X,19,19.6,16.2,10.2,41.3,X, ,X,높음
5/10/2021,삼천포(907),X,20.8,22,17.6,12.5,44,X, ,X,보통
5/10/2021,고성(918),X,20.6,21.2,16.2,11,55,X, ,X,보통
5/10/2021,창녕(919),X,19.1,18.7,14.4,10.8,70,X, ,X,보통
5/10/2021,함안(920),X,19.8,19.4,15.3,9.7,64,X, ,X,보통
5/10/2021,북춘천(93),X,17,16.1,11.5,6.6,75.5,X, ,X,보통
5/10/2021,하동(932),X,20.8,21.2,16.8,11.2,54,X, ,X,보통
5/10/2021,철원(95),X,18,17.9,11.6,6.2,82.9,X, ,X,보통
5/10/2021,동두천(98),X,17.5,16.2,11.9,8,77.6,X, ,X,보통
5/10/2021,파주(99),X,17.7,15.9,11.6,7.4,83.8,X, ,X,보통
5/11/2021,북강릉(104),X,19.6,18.1,13.6,7.9,60.8,X, ,X,매우높음
5/11/2021,동해(106),X,18.5,17,12.6,8.1,69.9,X, ,X,매우높음
5/11/2021,서울(108),X,24,25.7,18.5,9.4,48.9,X, ,X,매우높음
5/11/2021,인천(112),X,22.4,24.6,18.6,11.4,38.1,X, ,X,매우높음
5/11/2021,원주(114),X,23.3,25.6,17.2,7.9,48.5,X, ,X,매우높음
5/11/2021,울릉도(115),X,19.7,18.4,14.3,10.9,66.1,X, ,X,매우높음
5/11/2021,수원(119),X,23.3,24.6,18.2,9.6,53.8,X, ,X,매우높음
5/11/2021,영월(121),X,24,25.7,16,8.1,56.3,X, ,X,매우높음
5/11/2021,충주(127),X,22.9,24.1,17.1,10.8,52.9,X, ,X,매우높음
5/11/2021,서산(129),X,23.7,23.6,18,12.5,61.1,X, ,X,높음
5/11/2021,울진(130),X,19.3,17.7,13.1,8.6,77.1,X, ,X,매우높음
5/11/2021,청주(131),X,21.2,22.1,17.3,12.1,53,X, ,X,높음
5/11/2021,대전(133),X,20.8,20,15.8,12.2,70.1,X, ,X,보통
5/11/2021,추풍령(135),X,17.2,15.3,12.6,9.8,74.8,X, ,X,보통
5/11/2021,안동(136),X,19.6,20.5,13.8,8.3,65.9,X, ,X,매우높음
5/11/2021,상주(137),X,20,18.5,13.5,10.5,82.5,X, ,X,높음
5/11/2021,포항(138),X,18.6,16.3,14.3,12.9,86.8,X, ,X,높음
5/11/2021,군산(140),X,20.8,18.9,15.7,12.8,79.9,X, ,X,보통
5/11/2021,대구(143),X,18.8,18.2,15.1,12.3,69.4,X, ,X,보통
5/11/2021,전주(146),X,22.8,21.5,16.9,13.5,78,X, ,X,보통
5/11/2021,울산(152),X,19.1,18.7,15.3,13.4,71.5,X, ,X,보통
5/11/2021,창원(155),X,19.7,19.2,16.7,13.8,52.6,X, ,X,보통
5/11/2021,광주(156),X,23.8,23.2,19.4,15.8,55.8,X, ,X,높음
5/11/2021,부산(159),X,19.2,18.8,16.4,14.7,55,X, ,X,보통
5/11/2021,통영(162),X,21.3,20,17.3,15.2,59.3,X, ,X,보통
5/11/2021,목포(165),X,22.9,21.7,19.4,17.2,60.4,X, ,X,높음
5/11/2021,여수(168),X,19.7,18.9,17.5,15.4,54.8,X, ,X,보통
5/11/2021,흑산도(169),X,20.6,18.2,16.7,15.5,80.6,X, ,X,보통
5/11/2021,완도(170),X,19.8,18.5,17.8,16.9,61.4,X, ,X,보통
5/11/2021,고창(172),X,23.1,24.1,19,13.8,41.5,X, ,X,보통
5/11/2021,제주(184),X,22.5,20.6,18.6,17.4,85.4,X, ,X,보통
5/11/2021,진주(192),X,20.6,19.5,16.7,14,65.8,X, ,X,보통
5/11/2021,양평(202),X,23,24.4,16.3,6.9,61,X, ,X,매우높음
5/11/2021,이천(203),X,23.8,25,16.8,7.9,58,X, ,X,매우높음
5/11/2021,인제(211),X,22.7,25.5,15.1,5.4,55.1,X, ,X,매우높음
5/11/2021,홍천(212),X,24.3,27.6,16.9,6.7,54.8,X, ,X,매우높음
5/11/2021,태백(216),X,18.5,19.8,11.4,3.5,54.5,X, ,X,매우높음
5/11/2021,정선군(217),X,22.3,25,14.4,5.8,53.8,X, ,X,매우높음
5/11/2021,제천(221),X,22.5,23.9,15.3,6.8,58,X, ,X,매우높음
5/11/2021,보은(226),X,19.1,18.7,14.3,10.7,69.4,X, ,X,높음
5/11/2021,천안(232),X,21.6,22.1,16.6,11.9,63.3,X, ,X,매우높음
5/11/2021,보령(235),X,24,23.1,18.3,13.3,64.8,X, ,X,보통
5/11/2021,부여(236),X,21.8,20.7,15.7,12.2,75.6,X, ,X,보통
5/11/2021,금산(238),X,19.9,18.8,14.1,11.4,80.3,X, ,X,보통
5/11/2021,세종(239),X,20.6,20.7,15.9,11.6,61.9,X, ,X,보통
5/11/2021,부안(243),X,23.9,23,17.8,13.4,77.3,X, ,X,보통
5/11/2021,임실(244),X,21.1,20.4,16.3,11.8,67.8,X, ,X,보통
5/11/2021,정읍(245),X,25.4,25.7,18.5,13.1,63.8,X, ,X,보통
5/11/2021,남원(247),X,21.6,20.8,17.3,13.1,61,X, ,X,보통
5/11/2021,장수(248),X,20.2,18.3,13.5,10.9,86.8,X, ,X,보통
5/11/2021,영광군(252),X,24.7,24.2,19,13.8,63.5,X, ,X,높음
5/11/2021,김해시(253),X,20.1,19.6,16.8,13.8,55,X, ,X,보통
5/11/2021,순창군(254),X,23.2,23.2,18.3,14.6,60,X, ,X,보통
5/11/2021,양산시(257),X,20.3,19.8,17.1,14.7,58.9,X, ,X,보통
5/11/2021,강진군(259),X,21.4,20.4,18.6,17,56.9,X, ,X,보통
5/11/2021,장흥(260),X,21.5,20.4,18.4,15.6,57.6,X, ,X,보통
5/11/2021,해남(261),X,22.1,20.7,18.4,16.6,60.4,X, ,X,보통
5/11/2021,고흥(262),X,20.8,19.9,17.9,15.4,53.4,X, ,X,보통
5/11/2021,의령군(263),X,20.8,20.6,16.2,11.7,66.1,X, ,X,보통
5/11/2021,함양군(264),X,20,19.2,14.9,11.4,72.9,X, ,X,보통
5/11/2021,진도군ASOS(268),X,22.2,20.8,19.7,17.9,62.8,X, ,X,보통
5/11/2021,봉화(271),X,18.5,19.3,12.1,5.9,64.3,X, ,X,매우높음
5/11/2021,영주(272),X,21,21.1,13.8,8.1,71.4,X, ,X,매우높음
5/11/2021,문경(273),X,20.5,19.4,13.8,10.3,73.8,X, ,X,높음
5/11/2021,청송군(276),X,18,18.2,12.3,7.2,70.6,X, ,X,높음
5/11/2021,영덕(277),X,20.8,18.9,13.3,9.3,87.1,X, ,X,높음
5/11/2021,의성(278),X,20,20.2,13.7,9.1,79.4,X, ,X,높음
5/11/2021,구미(279),X,18.7,17.8,13.8,11.2,78.4,X, ,X,보통
5/11/2021,영천(281),X,18.8,17.6,14.1,11.9,80.4,X, ,X,높음
5/11/2021,경주시(283),X,20.3,19.8,14.8,12.6,78.5,X, ,X,높음
5/11/2021,거창(284),X,20.3,18.8,13.9,10.5,83.5,X, ,X,보통
5/11/2021,합천(285),X,20.8,19.5,15.4,11.7,75.8,X, ,X,보통
5/11/2021,밀양(288),X,20.5,20.9,16.1,12.6,57.5,X, ,X,보통
5/11/2021,산청(289),X,20.1,19.3,15.1,10.9,77,X, ,X,보통
5/11/2021,거제(294),X,19.8,18.9,16.8,15.2,55.5,X, ,X,보통
5/11/2021,남해(295),X,20.3,19.4,16.9,14.7,60.6,X, ,X,보통
5/11/2021,부천(433),X,23,25.3,18.2,8.8,44,X, ,X,매우높음
5/11/2021,안양(434),X,17.9,24.1,18.5,11.2,,X, ,X,매우높음
5/11/2021,광명(437),X,23.2,25.8,19.5,12,40,X, ,X,매우높음
5/11/2021,군포(438),X,22.3,24.4,18.2,10.5,42,X, ,X,매우높음
5/11/2021,김포(441),X,,26,18.4,7.9,,X, ,X,높음
5/11/2021,하남(444),X,23.6,25.8,17.3,5.9,49,X, ,X,매우높음
5/11/2021,의왕(445),X,21.2,22.8,16.5,7.5,48,X, ,X,매우높음
5/11/2021,포천(504),X,24.2,26.5,17.5,5.3,54,X, ,X,매우높음
5/11/2021,가평조종(505),X,23.9,26,15.5,4,62,X, ,X,매우높음
5/11/2021,안성(516),X,22.4,24,17.2,11,54,X, ,X,매우높음
5/11/2021,간성(517),X,20.7,18.5,12.8,5.9,84,X, ,X,높음
5/11/2021,평창(526),X,22.9,25.6,14.6,5.2,53,X, ,X,매우높음
5/11/2021,의정부(532),X,24.9,26,17.3,6.4,59,X, ,X,매우높음
5/11/2021,횡성(536),X,24.2,27.3,16.9,6.1,56,X, ,X,매우높음
5/11/2021,고양(540),X,26,28.5,18.1,5.9,52,X, ,X,매우높음
5/11/2021,남양주(541),X,24.5,26.7,17.6,6.7,53,X, ,X,매우높음
5/11/2021,안산(545),X,23.1,24.3,17,7.4,56,X, ,X,매우높음
5/11/2021,경기광주(546),X,23,24.4,17.1,7.5,50,X, ,X,매우높음
5/11/2021,여주(548),X,23.4,24.7,16,8,58,X, ,X,매우높음
5/11/2021,용인(549),X,21.9,23.7,16.4,8.2,53,X, ,X,매우높음
5/11/2021,오산(550),X,22.5,23.9,17.8,9.3,47,X, ,X,매우높음
5/11/2021,평택(551),X,22.8,23.4,17.6,11.2,58,X, ,X,매우높음
5/11/2021,화천(555),X,24.7,27.9,16.4,5.4,59,X, ,X,매우높음
5/11/2021,양구(556),X,23.6,26.9,15.1,5.8,59,X, ,X,매우높음
5/11/2021,시흥(565),X,22.8,24.5,18.1,7.7,48,X, ,X,매우높음
5/11/2021,구리(569),X,24.1,26.6,18.4,7.5,44,X, ,X,매우높음
5/11/2021,화성(571),X,22.7,24.9,18.6,12,41,X, ,X,매우높음
5/11/2021,성남(572),X,22.1,24.5,17.4,7.5,42,X, ,X,매우높음
5/11/2021,과천(590),X,23.8,25.4,17.4,7.1,54,X, ,X,매우높음
5/11/2021,양주(598),X,25.1,27.2,17.5,4.6,52,X, ,X,매우높음
5/11/2021,단양(601),X,23.3,24.7,15.8,10,63,X, ,X,매우높음
5/11/2021,진천(602),X,21.9,23.3,17.3,11.4,54,X, ,X,매우높음
5/11/2021,괴산(603),X,21.3,22.5,15.8,10.3,61,X, ,X,매우높음
5/11/2021,옥천(604),X,18.9,18.5,14.8,11.1,67,X, ,X,보통
5/11/2021,홍북(608),X,23.1,22.6,16.4,11.4,69,X, ,X,높음
5/11/2021,공주(612),X,22,21.4,16,11.6,65,X, ,X,보통
5/11/2021,서천(614),X,21.2,19.4,15.7,12.6,76,X, ,X,보통
5/11/2021,논산(615),X,21,19.8,16,12.8,68,X, ,X,보통
5/11/2021,당진(616),X,23.7,23.8,17,11.6,63,X, ,X,매우높음
5/11/2021,청양(618),X,22.8,21.7,14.9,10.4,78,X, ,X,보통
5/11/2021,음성(619),X,21.2,22.2,15.8,9.9,56,X, ,X,매우높음
5/11/2021,증평(623),X,21.2,22,17.1,11.7,56,X, ,X,매우높음
5/11/2021,태안(627),X,24.4,23.5,17.9,12.2,67,X, ,X,높음
5/11/2021,예산(628),X,23.5,23.5,17.9,12.2,62,X, ,X,높음
5/11/2021,아산(634),X,21.8,22.3,17.3,12.3,57,X, ,X,높음
5/11/2021,계룡(636),X,20.4,19.3,14.9,11.4,68,X, ,X,보통
5/11/2021,연천청산(652),X,,27.4,17.2,5.9,,X, ,X,매우높음
5/11/2021,양양(670),X,21,18.6,13.6,7,81,X, ,X,매우높음
5/11/2021,무안(699),X,23.1,22,19.1,16.1,58,X, ,X,높음
5/11/2021,무주(701),X,19.8,18.1,14.2,10.8,77,X, ,X,보통
5/11/2021,익산(702),X,22.4,20.3,16.5,13.6,84,X, ,X,보통
5/11/2021,진안(703),X,20.4,19.1,14.6,11,73,X, ,X,보통
5/11/2021,담양(706),X,24.7,24.3,19.2,16.1,64,X, ,X,높음
5/11/2021,구례(709),X,22.2,21.9,19.1,15.1,52,X, ,X,보통
5/11/2021,나주(710),X,23.4,22.3,18.5,14.2,64,X, ,X,높음
5/11/2021,순천시(712),X,21,20,18.4,16.7,52,X, ,X,보통
5/11/2021,광양읍(713),X,21.7,20.6,18.5,15.9,55,X, ,X,보통
5/11/2021,장성(730),X,24.4,24,19.4,14.2,58,X, ,X,높음
5/11/2021,영암(731),X,22.7,21.6,19.1,17.2,59,X, ,X,보통
5/11/2021,보성(732),X,20.8,20,17.8,15.8,55,X, ,X,보통
5/11/2021,완주(734),X,24,22,17.1,13.6,82,X, ,X,보통
5/11/2021,김제(737),X,22.5,20.9,16.3,13.3,82,X, ,X,보통
5/11/2021,화순(741),X,22.3,21.8,19,16.4,51,X, ,X,높음
5/11/2021,함평(754),X,23.2,21.8,18.7,15.4,64,X, ,X,높음
5/11/2021,곡성(768),X,23.4,23.9,18.2,13.3,57,X, ,X,높음
5/11/2021,압해도(789),X,23.5,22.4,19.1,15.8,62,X, ,X,높음
5/11/2021,영양(801),X,20.2,20.4,13.4,7.5,70,X, ,X,매우높음
5/11/2021,성주(810),X,19.5,18.2,14.2,11.4,80,X, ,X,보통
5/11/2021,고령(812),X,20.6,19.4,14.9,11.7,81,X, ,X,보통
5/11/2021,청도(813),X,20.6,20.9,15.4,12.5,64,X, ,X,보통
5/11/2021,예천(815),X,20.5,20.8,13.9,9.5,69,X, ,X,매우높음
5/11/2021,김천(822),X,19,16.9,12.9,9.7,91,X, ,X,보통
5/11/2021,군위(823),X,19.5,18.3,13.5,10,84,X, ,X,높음
5/11/2021,칠곡(825),X,19.7,18,14.2,11.9,87,X, ,X,보통
5/11/2021,경산(827),X,19.4,18.3,14.9,12.5,75,X, ,X,보통
5/11/2021,삼척(876),X,21,20.7,14.7,9.7,61,X, ,X,매우높음
5/11/2021,속초(90),X,20.5,19,14.1,7.7,70.1,X, ,X,매우높음
5/11/2021,삼천포(907),X,20.7,20.7,17.5,15,50,X, ,X,보통
5/11/2021,고성(918),X,19.8,18.8,16.9,14.8,54,X, ,X,보통
5/11/2021,창녕(919),X,21,20.8,16.2,12.9,68,X, ,X,보통
5/11/2021,함안(920),X,20.7,20,15.6,11.9,69,X, ,X,보통
5/11/2021,북춘천(93),X,24.2,27.3,16.5,5,56.1,X, ,X,매우높음
5/11/2021,하동(932),X,20.8,19.7,17.9,15.6,56,X, ,X,보통
5/11/2021,철원(95),X,24.5,27.3,17,5.6,56,X, ,X,매우높음
5/11/2021,동두천(98),X,25.5,27.3,17.8,6.4,56.6,X, ,X,매우높음
5/11/2021,파주(99),X,25,27.2,17.8,7.3,57,X, ,X,높음
5/12/2021,북강릉(104),X,20,19.2,13.8,7.5,68.1,X, ,X,높음
5/12/2021,동해(106),X,18.7,17.2,12.7,7,75.8,X, ,X,매우높음
5/12/2021,서울(108),X,26,27.7,22,16.9,39.5,X, ,X,높음
5/12/2021,인천(112),X,23.7,25.8,20.8,16.6,33.1,X, ,X,높음
5/12/2021,원주(114),X,24.5,26.7,19.4,12,41.4,X, ,X,보통
5/12/2021,울릉도(115),X,19,17.6,14.2,11.4,76.8,X, ,X,매우높음
5/12/2021,수원(119),X,26.1,27.2,20.5,15.6,44.5,X, ,X,높음
5/12/2021,영월(121),X,25.2,27.7,18,8,46.3,X, ,X,높음
5/12/2021,충주(127),X,25,26.6,19,9.9,42.5,X, ,X,높음
5/12/2021,서산(129),X,25.9,27.2,21.1,16.1,40,X, ,X,보통
5/12/2021,울진(130),X,19.6,17.8,12.8,6.9,80.5,X, ,X,높음
5/12/2021,청주(131),X,25.6,27.1,21,13.4,36.5,X, ,X,보통
5/12/2021,대전(133),X,26,26.2,20.1,12.6,50.6,X, ,X,높음
5/12/2021,추풍령(135),X,23.2,23.7,15.7,7.6,59.4,X, ,X,보통
5/12/2021,안동(136),X,21.7,22.8,16,7.9,55.3,X, ,X,보통
5/12/2021,상주(137),X,24,24.5,16.7,8,61,X, ,X,보통
5/12/2021,포항(138),X,20.4,18.6,15.7,13.8,78,X, ,X,높음
5/12/2021,군산(140),X,26.7,27.5,20,14.5,53.6,X, ,X,보통
5/12/2021,대구(143),X,22.1,22.5,17.3,13.4,58.6,X, ,X,보통
5/12/2021,전주(146),X,28,28.5,21.6,13,53.1,X, ,X,보통
5/12/2021,울산(152),X,21.2,21,16.4,13.6,71.4,X, ,X,보통
5/12/2021,창원(155),X,23.9,23.9,19.3,15.2,50.3,X, ,X,보통
5/12/2021,광주(156),X,28.1,29,22.2,15.1,48.5,X, ,X,높음
5/12/2021,부산(159),X,24.5,24.8,18.5,15.8,58,X, ,X,높음
5/12/2021,통영(162),X,25.7,25.1,19.7,16.5,60.4,X, ,X,높음
5/12/2021,목포(165),X,26.5,26.9,21,16.8,52.3,X, ,X,매우높음
5/12/2021,여수(168),X,24.2,23.9,19.7,16.4,55.3,X, ,X,높음
5/12/2021,흑산도(169),X,23.8,23.7,18.6,14.4,60.3,X, ,X,매우높음
5/12/2021,완도(170),X,26.1,25.9,20.3,16.3,59.6,X, ,X,매우높음
5/12/2021,고창(172),X,26.8,29,21.1,13.1,41.3,X, ,X,매우높음
5/12/2021,제주(184),X,22.3,21,18.3,16.1,78.5,X, ,X,보통
5/12/2021,진주(192),X,25.9,26,19.5,14.5,60.1,X, ,X,보통
5/12/2021,양평(202),X,24.1,25.7,18.7,12.4,53.3,X, ,X,보통
5/12/2021,이천(203),X,25.1,26.5,18.9,9.6,53.3,X, ,X,보통
5/12/2021,인제(211),X,25.1,26.1,15.6,6.8,62.3,X, ,X,매우높음
5/12/2021,홍천(212),X,24.9,27.4,17.9,8.6,51.6,X, ,X,높음
5/12/2021,태백(216),X,19.9,20.3,12.2,3.6,61.8,X, ,X,높음
5/12/2021,정선군(217),X,24.6,26.9,15.9,5.3,54.8,X, ,X,높음
5/12/2021,제천(221),X,23.8,25.3,16.7,7.1,53.1,X, ,X,보통
5/12/2021,보은(226),X,23.7,24.6,16.9,8.4,57.4,X, ,X,높음
5/12/2021,천안(232),X,24.7,25.7,18.2,9.9,54.5,X, ,X,높음
5/12/2021,보령(235),X,26.6,27.9,20.8,16,49,X, ,X,보통
5/12/2021,부여(236),X,26.4,27.5,19.9,12.7,52,X, ,X,보통
5/12/2021,금산(238),X,25.7,25.9,17.9,9.6,61.8,X, ,X,높음
5/12/2021,세종(239),X,24.3,25.3,19.6,13.9,41.8,X, ,X,높음
5/12/2021,부안(243),X,27.2,27.9,19.7,12.8,59.9,X, ,X,높음
5/12/2021,임실(244),X,26.7,26.9,19.6,9.6,56.6,X, ,X,높음
5/12/2021,정읍(245),X,26.8,27.7,20.5,11.8,55.6,X, ,X,높음
5/12/2021,남원(247),X,27.5,28.1,21.2,15.9,49.1,X, ,X,높음
5/12/2021,장수(248),X,25.6,25.4,16.4,7,74.9,X, ,X,높음
5/12/2021,영광군(252),X,26.8,27.7,20.4,13.7,56,X, ,X,매우높음
5/12/2021,김해시(253),X,25.3,25.5,18.9,15.5,55.4,X, ,X,높음
5/12/2021,순창군(254),X,28.1,29,20.7,11.7,55.6,X, ,X,높음
5/12/2021,양산시(257),X,24.2,24,18.8,15.9,60,X, ,X,보통
5/12/2021,강진군(259),X,27.4,27.7,21,14.6,55.5,X, ,X,높음
5/12/2021,장흥(260),X,26.4,26.3,20.5,15,56.6,X, ,X,높음
5/12/2021,해남(261),X,27.6,27.6,20.3,14.3,57.9,X, ,X,매우높음
5/12/2021,고흥(262),X,25.8,25.8,20,16.2,54.4,X, ,X,높음
5/12/2021,의령군(263),X,25.9,26.2,19.3,14,59.9,X, ,X,보통
5/12/2021,함양군(264),X,25.9,26.5,17.2,8.3,64.3,X, ,X,보통
5/12/2021,진도군ASOS(268),X,27.6,27.7,20,14.5,63.1,X, ,X,매우높음
5/12/2021,봉화(271),X,19.9,20.8,12.6,3.8,57.6,X, ,X,높음
5/12/2021,영주(272),X,22.2,23.6,15.8,7,55.5,X, ,X,높음
5/12/2021,문경(273),X,22.4,23.7,16.4,7.9,51.4,X, ,X,보통
5/12/2021,청송군(276),X,20.7,21.5,13.6,5.8,65.5,X, ,X,높음
5/12/2021,영덕(277),X,20.6,18.8,13.5,8.5,84.6,X, ,X,높음
5/12/2021,의성(278),X,24,24.8,16.1,7.3,65,X, ,X,보통
5/12/2021,구미(279),X,24.7,26,17.3,9.7,62,X, ,X,보통
5/12/2021,영천(281),X,21.5,21.3,15,9.4,73.8,X, ,X,보통
5/12/2021,경주시(283),X,20.7,20,15.5,11.9,76.1,X, ,X,보통
5/12/2021,거창(284),X,24.7,24.9,16.5,8.3,67.8,X, ,X,보통
5/12/2021,합천(285),X,25,25.7,18.1,11,64.1,X, ,X,보통
5/12/2021,밀양(288),X,23.7,24.4,18.2,12,52.4,X, ,X,보통
5/12/2021,산청(289),X,26,26.2,17.6,9.9,69,X, ,X,보통
5/12/2021,거제(294),X,23.6,23.2,18.6,16.3,60.3,X, ,X,높음
5/12/2021,남해(295),X,24.7,24.2,19.2,15.2,60.5,X, ,X,높음
5/12/2021,부천(433),X,25.2,27.6,20.8,15.3,35,X, ,X,높음
5/12/2021,안양(434),X,20.5,26.6,21.5,17.6,,X, ,X,높음
5/12/2021,광명(437),X,25.9,28.7,22.7,18.3,31,X, ,X,높음
5/12/2021,군포(438),X,25.3,27.7,21.3,16.9,34,X, ,X,높음
5/12/2021,김포(441),X,,27.5,21.3,17.2,,X, ,X,높음
5/12/2021,하남(444),X,24.1,26.3,19.9,15.5,38,X, ,X,높음
5/12/2021,의왕(445),X,24.2,25.7,19.1,14.5,39,X, ,X,높음
5/12/2021,포천(504),X,26.3,28.3,19.6,13.6,49,X, ,X,매우높음
5/12/2021,가평조종(505),X,24.9,26.4,18.2,11,52,X, ,X,매우높음
5/12/2021,안성(516),X,25.5,27.3,19.6,12.7,45,X, ,X,높음
5/12/2021,간성(517),X,20.7,18.2,12.7,7.1,90,X, ,X,높음
5/12/2021,평창(526),X,24,26.3,16.1,5.5,53,X, ,X,보통
5/12/2021,의정부(532),X,25.7,26.8,19.9,14.9,50,X, ,X,높음
5/12/2021,횡성(536),X,25.5,27.7,18.1,9,53,X, ,X,보통
5/12/2021,고양(540),X,27,29.3,21.4,15.4,41,X, ,X,높음
5/12/2021,남양주(541),X,26.2,27.7,20.5,13.5,43,X, ,X,높음
5/12/2021,안산(545),X,25.5,26.7,18.5,11.9,52,X, ,X,높음
5/12/2021,경기광주(546),X,24.2,26,19.1,13.5,45,X, ,X,높음
5/12/2021,여주(548),X,24.5,26.3,18.6,9.5,52,X, ,X,보통
5/12/2021,용인(549),X,24.2,26.3,18.4,11.8,46,X, ,X,보통
5/12/2021,오산(550),X,24.9,26.5,19.9,12,38,X, ,X,보통
5/12/2021,평택(551),X,26.6,27.7,20.5,13.8,46,X, ,X,높음
5/12/2021,화천(555),X,25.3,27.6,16.6,7.1,67,X, ,X,매우높음
5/12/2021,양구(556),X,25,27.7,16.6,6,56,X, ,X,매우높음
5/12/2021,시흥(565),X,25.7,28.1,20.4,14.1,40,X, ,X,높음
5/12/2021,구리(569),X,25.6,27.7,20.9,15,36,X, ,X,높음
5/12/2021,화성(571),X,25.4,28.1,20.5,15.9,32,X, ,X,높음
5/12/2021,성남(572),X,24.1,26.6,20.4,15.3,33,X, ,X,높음
5/12/2021,과천(590),X,25.8,27.2,20.4,14.9,44,X, ,X,높음
5/12/2021,양주(598),X,25.6,27.4,19.7,13.6,49,X, ,X,높음
5/12/2021,단양(601),X,24.5,26.5,17.6,8.1,56,X, ,X,높음
5/12/2021,진천(602),X,26.2,27.6,18.7,9.6,53,X, ,X,높음
5/12/2021,괴산(603),X,24.1,26.1,17.4,7.2,54,X, ,X,높음
5/12/2021,옥천(604),X,24.7,25.3,18.1,10.9,53,X, ,X,높음
5/12/2021,홍북(608),X,26.2,26.9,19.8,14,48,X, ,X,높음
5/12/2021,공주(612),X,25.4,26.8,19.4,11.8,48,X, ,X,높음
5/12/2021,서천(614),X,25.3,27.7,20.2,14.1,41,X, ,X,보통
5/12/2021,논산(615),X,26.7,27.8,20.7,14.3,46,X, ,X,보통
5/12/2021,당진(616),X,25.2,26.6,19.6,14.6,43,X, ,X,보통
5/12/2021,청양(618),X,26.1,27.2,18,8.8,64,X, ,X,높음
5/12/2021,음성(619),X,24,25.3,17.2,8.1,51,X, ,X,높음
5/12/2021,증평(623),X,25.2,26.2,19.5,11.3,44,X, ,X,높음
5/12/2021,태안(627),X,26.4,26.9,20.8,16.5,45,X, ,X,보통
5/12/2021,예산(628),X,26,27.3,20.3,13.2,45,X, ,X,높음
5/12/2021,아산(634),X,25.6,27.6,20.2,15.3,38,X, ,X,높음
5/12/2021,계룡(636),X,24.7,25.2,17.3,9.2,59,X, ,X,높음
5/12/2021,연천청산(652),X,,27.3,18.7,11.3,,X, ,X,매우높음
5/12/2021,양양(670),X,21.2,18.7,13.6,7.8,89,X, ,X,매우높음
5/12/2021,무안(699),X,27.3,27.9,20.6,13.6,54,X, ,X,매우높음
5/12/2021,무주(701),X,25,25.5,17.4,8.7,64,X, ,X,높음
5/12/2021,익산(702),X,26.7,27.2,20.1,12.6,58,X, ,X,보통
5/12/2021,진안(703),X,26,25.9,18.2,10.5,59,X, ,X,보통
5/12/2021,담양(706),X,29.1,30,21,11.8,64,X, ,X,높음
5/12/2021,구례(709),X,27.3,27.5,20.4,11.8,61,X, ,X,높음
5/12/2021,나주(710),X,28.8,28.8,21.1,12.9,62,X, ,X,높음
5/12/2021,순천시(712),X,27.3,27.6,21.4,15,51,X, ,X,높음
5/12/2021,광양읍(713),X,27.4,27.6,21.8,17.2,53,X, ,X,높음
5/12/2021,장성(730),X,28.6,29.9,21,12,60,X, ,X,매우높음
5/12/2021,영암(731),X,28.8,29.2,21,13.2,58,X, ,X,매우높음
5/12/2021,보성(732),X,27.1,27.4,20.4,14.2,55,X, ,X,높음
5/12/2021,완주(734),X,28.4,29,20.1,9.2,63,X, ,X,보통
5/12/2021,김제(737),X,26.3,27,19.7,12.4,56,X, ,X,보통
5/12/2021,화순(741),X,28.4,29,21.5,15.4,48,X, ,X,높음
5/12/2021,함평(754),X,27.8,28.2,20.8,14.6,61,X, ,X,매우높음
5/12/2021,곡성(768),X,27.7,29,19.8,10.9,55,X, ,X,높음
5/12/2021,압해도(789),X,25.9,25.9,20.1,14.6,57,X, ,X,매우높음
5/12/2021,영양(801),X,21.8,22.5,13.9,5.6,69,X, ,X,높음
5/12/2021,성주(810),X,25,25.2,16.8,9.5,68,X, ,X,보통
5/12/2021,고령(812),X,24.2,24.9,17.5,11,60,X, ,X,보통
5/12/2021,청도(813),X,22.9,23.1,17.3,11.4,59,X, ,X,보통
5/12/2021,예천(815),X,23,25,16.6,8.7,52,X, ,X,보통
5/12/2021,김천(822),X,25.8,26.1,16.4,8,72,X, ,X,보통
5/12/2021,군위(823),X,24.5,25,16.2,8.2,71,X, ,X,보통
5/12/2021,칠곡(825),X,25.2,25.7,17.5,10.6,65,X, ,X,보통
5/12/2021,경산(827),X,22.9,23.4,17.1,12.9,62,X, ,X,보통
5/12/2021,삼척(876),X,21,20.1,14,7.5,72,X, ,X,매우높음
5/12/2021,속초(90),X,20.7,19.1,13.7,8.2,78.8,X, ,X,매우높음
5/12/2021,삼천포(907),X,25.2,25.3,19.6,15.4,54,X, ,X,보통
5/12/2021,고성(918),X,24.1,23.8,18.7,14.6,59,X, ,X,보통
5/12/2021,창녕(919),X,25.2,25.6,18.9,12.9,59,X, ,X,보통
5/12/2021,함안(920),X,26,26.1,18.4,11.1,66,X, ,X,보통
5/12/2021,북춘천(93),X,24.6,26.9,17.9,8.9,55,X, ,X,높음
5/12/2021,하동(932),X,26.4,26.7,21,16.8,51,X, ,X,높음
5/12/2021,철원(95),X,25.3,26.7,18.2,10.5,62.6,X, ,X,매우높음
5/12/2021,동두천(98),X,25.6,27.2,19.7,13.3,52.9,X, ,X,매우높음
5/12/2021,파주(99),X,25.6,26.7,19,13.6,58.8,X, ,X,높음
5/13/2021,북강릉(104),X,21.1,20.1,14.7,9.8,79.9,X, ,X,매우높음
5/13/2021,동해(106),X,19.3,17.6,13.7,9.6,86.6,X, ,X,매우높음
5/13/2021,서울(108),X,28.5,29.6,22.9,16.6,54.4,X, ,X,매우높음
5/13/2021,인천(112),X,25.6,26.4,20.9,15.7,57.3,X, ,X,매우높음
5/13/2021,원주(114),X,27.5,29.3,21.3,12.8,54.9,X, ,X,매우높음
5/13/2021,울릉도(115),X,22.5,20.6,17.1,13,81.9,X, ,X,매우높음
5/13/2021,수원(119),X,28.6,29,20.9,13.7,66.9,X, ,X,매우높음
5/13/2021,영월(121),X,28.4,30.5,19.7,9.3,60.1,X, ,X,매우높음
5/13/2021,충주(127),X,27.9,29.5,20.3,10.3,60.8,X, ,X,매우높음
5/13/2021,서산(129),X,28.2,28.6,20.3,13.1,59.6,X, ,X,매우높음
5/13/2021,울진(130),X,20.2,17.8,14,8.2,85.9,X, ,X,매우높음
5/13/2021,청주(131),X,27.8,29.7,22.7,15.1,48.3,X, ,X,매우높음
5/13/2021,대전(133),X,29.1,29.8,22.3,14,61.9,X, ,X,매우높음
5/13/2021,추풍령(135),X,26.7,27.6,18.9,9.4,64.1,X, ,X,매우높음
5/13/2021,안동(136),X,27.4,28.9,19.3,9.8,57.1,X, ,X,매우높음
5/13/2021,상주(137),X,28.5,29.2,19.8,9.7,67.8,X, ,X,매우높음
5/13/2021,포항(138),X,21.5,19.1,16,11.6,84.6,X, ,X,매우높음
5/13/2021,군산(140),X,26.2,25.6,18.9,14.2,74.1,X, ,X,매우높음
5/13/2021,대구(143),X,28.3,30.3,20.4,11.1,53.1,X, ,X,매우높음
5/13/2021,전주(146),X,28.6,28.7,21.6,15.9,64.5,X, ,X,매우높음
5/13/2021,울산(152),X,26.5,25.6,18.3,12.7,71,X, ,X,매우높음
5/13/2021,창원(155),X,25.1,25.3,19.3,15.9,64.4,X, ,X,높음
5/13/2021,광주(156),X,29.1,30,22.5,16.5,62.8,X, ,X,매우높음
5/13/2021,부산(159),X,26,25,19.7,16.5,62.1,X, ,X,높음
5/13/2021,통영(162),X,27.1,26,20.5,16.5,76.1,X, ,X,높음
5/13/2021,목포(165),X,25.1,24.6,19.7,15.2,69.4,X, ,X,매우높음
5/13/2021,여수(168),X,25,23.7,20.5,18,69.6,X, ,X,매우높음
5/13/2021,흑산도(169),X,22.9,21.4,17.6,14.7,71.3,X, ,X,매우높음
5/13/2021,완도(170),X,27,26.5,20.2,15.9,74.5,X, ,X,높음
5/13/2021,고창(172),X,26.6,28,20,13.6,57.5,X, ,X,매우높음
5/13/2021,제주(184),X,23.6,22.2,19.6,17.7,76.4,X, ,X,높음
5/13/2021,진주(192),X,28.9,29.3,21,13,67.4,X, ,X,매우높음
5/13/2021,양평(202),X,28.1,29.7,21,12.2,64.1,X, ,X,매우높음
5/13/2021,이천(203),X,28.5,29.4,21.4,11.8,62,X, ,X,매우높음
5/13/2021,인제(211),X,27.5,28.9,18.8,10.3,68.3,X, ,X,매우높음
5/13/2021,홍천(212),X,28.1,29.9,20.6,11,61.3,X, ,X,매우높음
5/13/2021,태백(216),X,23.4,24,16.1,7,67.6,X, ,X,매우높음
5/13/2021,정선군(217),X,28.6,30.4,19.5,9.3,59,X, ,X,매우높음
5/13/2021,제천(221),X,27.5,28.8,19,8.6,65,X, ,X,매우높음
5/13/2021,보은(226),X,28,28.8,19.7,9.7,68.4,X, ,X,매우높음
5/13/2021,천안(232),X,27.7,28.4,20,11.1,67,X, ,X,매우높음
5/13/2021,보령(235),X,24.8,24.7,19.2,13.9,70,X, ,X,매우높음
5/13/2021,부여(236),X,28.5,29.3,20.7,12.4,69.3,X, ,X,매우높음
5/13/2021,금산(238),X,28,28.6,20.4,11.7,71.3,X, ,X,매우높음
5/13/2021,세종(239),X,27.4,28.9,21.2,13.7,55.8,X, ,X,매우높음
5/13/2021,부안(243),X,26.3,25.9,19.8,14,71.6,X, ,X,매우높음
5/13/2021,임실(244),X,28,28.3,20.2,11.4,70.5,X, ,X,매우높음
5/13/2021,정읍(245),X,27.8,28.2,21.1,14.3,62.1,X, ,X,매우높음
5/13/2021,남원(247),X,29.5,30.3,22.1,13.1,65.4,X, ,X,매우높음
5/13/2021,장수(248),X,27.4,27.6,19.6,10.2,74.4,X, ,X,매우높음
5/13/2021,영광군(252),X,26.3,26.3,19.2,13.6,70,X, ,X,매우높음
5/13/2021,김해시(253),X,27.5,26.6,20.5,15.8,66.9,X, ,X,높음
5/13/2021,순창군(254),X,29.3,30.1,22.1,13.7,67,X, ,X,매우높음
5/13/2021,양산시(257),X,29.1,29.3,21.3,15.5,64.1,X, ,X,높음
5/13/2021,강진군(259),X,27.7,27.5,20.4,13.4,75.1,X, ,X,매우높음
5/13/2021,장흥(260),X,27.5,27.4,19.4,12.2,77.8,X, ,X,매우높음
5/13/2021,해남(261),X,27.4,27.3,19,11.4,74.4,X, ,X,매우높음
5/13/2021,고흥(262),X,26.5,26.1,19.6,13.3,75.6,X, ,X,매우높음
5/13/2021,의령군(263),X,29.2,30.4,20.8,11.8,62.8,X, ,X,매우높음
5/13/2021,함양군(264),X,28.9,30.5,20.4,10,65.6,X, ,X,매우높음
5/13/2021,진도군ASOS(268),X,26.4,26,19,12.8,74.3,X, ,X,매우높음
5/13/2021,봉화(271),X,24.7,26,15.8,4.8,64.4,X, ,X,매우높음
5/13/2021,영주(272),X,27.1,28.4,18.4,8.4,67,X, ,X,매우높음
5/13/2021,문경(273),X,27.6,28.3,18.8,8.6,66.6,X, ,X,매우높음
5/13/2021,청송군(276),X,26.8,28.6,17.1,6.4,59.4,X, ,X,매우높음
5/13/2021,영덕(277),X,23.4,21.8,14.8,7.7,82.6,X, ,X,매우높음
5/13/2021,의성(278),X,28.2,29.7,18.8,7.9,66.5,X, ,X,매우높음
5/13/2021,구미(279),X,28.5,29.8,20.3,11.1,62.8,X, ,X,매우높음
5/13/2021,영천(281),X,27,28.3,18,8.8,62.4,X, ,X,매우높음
5/13/2021,경주시(283),X,27.2,28,18,9.3,67.6,X, ,X,매우높음
5/13/2021,거창(284),X,28,28.8,19.8,9.7,70.6,X, ,X,매우높음
5/13/2021,합천(285),X,28.6,29.7,20.8,10.3,64.4,X, ,X,매우높음
5/13/2021,밀양(288),X,28.5,30.1,20.7,11.9,58.8,X, ,X,높음
5/13/2021,산청(289),X,29.2,29.9,20.6,11,69.6,X, ,X,매우높음
5/13/2021,거제(294),X,26.3,25.6,19.7,15.9,69.3,X, ,X,높음
5/13/2021,남해(295),X,26.5,25.9,20.6,16.9,68.3,X, ,X,높음
5/13/2021,부천(433),X,26.8,28,21.2,14.9,56,X, ,X,매우높음
5/13/2021,안양(434),X,21.9,28.5,22.2,16.3,,X, ,X,매우높음
5/13/2021,광명(437),X,28,29.3,23.1,18,51,X, ,X,매우높음
5/13/2021,군포(438),X,27.8,29.2,22.2,15.6,52,X, ,X,매우높음
5/13/2021,김포(441),X,,28.7,21.1,14.5,,X, ,X,매우높음
5/13/2021,하남(444),X,28.2,29.8,21,12.5,57,X, ,X,매우높음
5/13/2021,의왕(445),X,26.5,27.3,19.5,12.2,60,X, ,X,매우높음
5/13/2021,포천(504),X,29.2,29.9,20.9,11.9,66,X, ,X,매우높음
5/13/2021,가평조종(505),X,28.2,28.9,19.7,9.6,68,X, ,X,매우높음
5/13/2021,안성(516),X,27.8,29,20.7,12.6,59,X, ,X,매우높음
5/13/2021,간성(517),X,21.6,18.9,14.8,9.4,89,X, ,X,높음
5/13/2021,평창(526),X,27.7,30.1,19.6,9,60,X, ,X,매우높음
5/13/2021,의정부(532),X,28.8,28.9,21.1,12.8,71,X, ,X,매우높음
5/13/2021,횡성(536),X,28.7,30.5,20.1,10.2,67,X, ,X,매우높음
5/13/2021,고양(540),X,29.6,30.9,21.4,12.8,64,X, ,X,매우높음
5/13/2021,남양주(541),X,28.9,29.9,21.4,12.6,63,X, ,X,매우높음
5/13/2021,안산(545),X,27.2,27.5,18.3,10.4,73,X, ,X,매우높음
5/13/2021,경기광주(546),X,28,29.3,20.6,12.7,62,X, ,X,매우높음
5/13/2021,여주(548),X,27.7,28.9,20.6,11.3,61,X, ,X,매우높음
5/13/2021,용인(549),X,27.2,29,19.9,11.4,60,X, ,X,매우높음
5/13/2021,오산(550),X,27.8,28.9,21,13.3,54,X, ,X,매우높음
5/13/2021,평택(551),X,28.7,29.1,21,13.4,65,X, ,X,매우높음
5/13/2021,화천(555),X,28.6,29.7,19.2,9.4,74,X, ,X,매우높음
5/13/2021,양구(556),X,28.4,29.9,19.8,9.8,64,X, ,X,매우높음
5/13/2021,시흥(565),X,26.8,28,20,11.9,63,X, ,X,매우높음
5/13/2021,구리(569),X,28.3,30.1,21.9,13.5,52,X, ,X,매우높음
5/13/2021,화성(571),X,28.1,29.1,20.5,13.2,57,X, ,X,매우높음
5/13/2021,성남(572),X,27.5,29.6,21.7,13.3,51,X, ,X,매우높음
5/13/2021,과천(590),X,28.8,29.5,20.6,11.9,67,X, ,X,매우높음
5/13/2021,양주(598),X,27.8,28.6,20.4,11.7,66,X, ,X,매우높음
5/13/2021,단양(601),X,28.2,30.3,20.3,10.2,61,X, ,X,매우높음
5/13/2021,진천(602),X,28.4,29.9,21,12,59,X, ,X,매우높음
5/13/2021,괴산(603),X,28.4,30.5,19.8,9,63,X, ,X,매우높음
5/13/2021,옥천(604),X,28.3,29.3,20.3,10.9,68,X, ,X,매우높음
5/13/2021,홍북(608),X,28.5,28.5,20.4,12,67,X, ,X,매우높음
5/13/2021,공주(612),X,28.7,30.2,20.8,11.4,63,X, ,X,매우높음
5/13/2021,서천(614),X,26.1,25.1,18.6,12.2,76,X, ,X,매우높음
5/13/2021,논산(615),X,29.3,30.6,21.6,12.6,65,X, ,X,매우높음
5/13/2021,당진(616),X,26.9,27.3,19.5,12.1,66,X, ,X,매우높음
5/13/2021,청양(618),X,28.6,29.2,19.8,10.8,72,X, ,X,매우높음
5/13/2021,음성(619),X,27.6,28.6,19.4,8.3,63,X, ,X,매우높음
5/13/2021,증평(623),X,27.5,28.5,20.9,11.5,62,X, ,X,매우높음
5/13/2021,태안(627),X,27.7,27.6,19.3,13.2,71,X, ,X,매우높음
5/13/2021,예산(628),X,27.6,29,20.8,13.2,64,X, ,X,매우높음
5/13/2021,아산(634),X,27.4,29.3,20.4,13,62,X, ,X,매우높음
5/13/2021,계룡(636),X,28.3,29.1,19.1,9.6,73,X, ,X,매우높음
5/13/2021,연천청산(652),X,,28.6,19.9,11.4,,X, ,X,매우높음
5/13/2021,양양(670),X,22.4,19.6,15,9.9,90,X, ,X,매우높음
5/13/2021,무안(699),X,26.8,26.7,19.6,12.9,70,X, ,X,매우높음
5/13/2021,무주(701),X,27.5,28.5,20,11.7,69,X, ,X,매우높음
5/13/2021,익산(702),X,28.4,28.8,20.5,12.8,71,X, ,X,매우높음
5/13/2021,진안(703),X,27.6,27.6,19.4,11,73,X, ,X,매우높음
5/13/2021,담양(706),X,30.7,31.1,21.8,13.1,73,X, ,X,매우높음
5/13/2021,구례(709),X,20,,,,,X, ,X,매우높음
5/13/2021,나주(710),X,29.4,29.2,20.4,12.6,74,X, ,X,매우높음
5/13/2021,순천시(712),X,27.2,27.3,21,14.8,71,X, ,X,매우높음
5/13/2021,광양읍(713),X,29.2,29.5,21.3,14.1,73,X, ,X,매우높음
5/13/2021,장성(730),X,28.9,29.7,20.8,13.6,68,X, ,X,매우높음
5/13/2021,영암(731),X,28.8,28.7,20.1,12.9,74,X, ,X,매우높음
5/13/2021,보성(732),X,29.2,29.8,19.7,11.3,74,X, ,X,매우높음
5/13/2021,완주(734),X,29.9,29.9,20.6,12,75,X, ,X,매우높음
5/13/2021,김제(737),X,27.8,27.7,20.4,15.3,67,X, ,X,매우높음
5/13/2021,화순(741),X,29,29.8,20.8,12.7,65,X, ,X,매우높음
5/13/2021,함평(754),X,27.4,27.2,19.1,12.2,75,X, ,X,매우높음
5/13/2021,곡성(768),X,29.6,31.1,21.3,12.2,66,X, ,X,매우높음
5/13/2021,압해도(789),X,24.6,23.6,18,13.5,77,X, ,X,매우높음
5/13/2021,영양(801),X,26.9,28,17.5,7.4,68,X, ,X,매우높음
5/13/2021,성주(810),X,28.8,30,20.8,9.8,64,X, ,X,매우높음
5/13/2021,고령(812),X,28.8,30.5,20.4,8.7,64,X, ,X,매우높음
5/13/2021,청도(813),X,28.1,29.7,20,8.7,63,X, ,X,매우높음
5/13/2021,예천(815),X,27.5,28.9,19.3,8.8,61,X, ,X,매우높음
5/13/2021,김천(822),X,29.2,30,19.5,8.6,71,X, ,X,매우높음
5/13/2021,군위(823),X,28.7,28.9,19.5,9,64,X, ,X,매우높음
5/13/2021,칠곡(825),X,28.5,29.6,20.9,10.7,62,X, ,X,매우높음
5/13/2021,경산(827),X,28.5,30.2,19.8,10.4,55,X, ,X,매우높음
5/13/2021,삼척(876),X,22.4,22.1,15.6,10.2,79,X, ,X,매우높음
5/13/2021,속초(90),X,21.8,19.8,15.2,10.5,80.4,X, ,X,매우높음
5/13/2021,삼천포(907),X,25,24.3,19.5,16.6,67,X, ,X,높음
5/13/2021,고성(918),X,26.1,25.2,20.4,16.6,69,X, ,X,높음
5/13/2021,창녕(919),X,29.2,30.4,20.7,10.5,64,X, ,X,매우높음
5/13/2021,함안(920),X,28.8,29.4,20,12.9,67,X, ,X,높음
5/13/2021,북춘천(93),X,28.5,29.9,20.4,11,67.8,X, ,X,매우높음
5/13/2021,하동(932),X,28,28.1,20.8,14.5,72,X, ,X,매우높음
5/13/2021,철원(95),X,28,28.3,20.1,11.6,75.1,X, ,X,높음
5/13/2021,동두천(98),X,29.1,29.3,20.9,12.6,67.8,X, ,X,매우높음
5/13/2021,파주(99),X,28.4,28.7,19.9,12.1,72.1,X, ,X,매우높음
5/14/2021,북강릉(104),X,21.3,19.8,15.7,11.6,86,X, ,X,매우높음
5/14/2021,동해(106),X,20.6,18.6,14.9,11.8,89.6,X, ,X,매우높음
5/14/2021,서울(108),X,29.6,30.8,24.1,18,60.3,X, ,X,매우높음
5/14/2021,인천(112),X,27.6,28,21.1,15.9,64.8,X, ,X,매우높음
5/14/2021,원주(114),X,28.6,29.2,23,15.9,59.8,X, ,X,매우높음
5/14/2021,울릉도(115),X,22.9,20.7,17.3,14.3,81.9,X, ,X,매우높음
5/14/2021,수원(119),X,30.1,30.4,21.8,15.1,71.6,X, ,X,매우높음
5/14/2021,영월(121),X,29.2,31.3,21.7,12.9,62.1,X, ,X,매우높음
5/14/2021,충주(127),X,29.3,30,22.8,14.1,63.6,X, ,X,매우높음
5/14/2021,서산(129),X,29.7,30,20.6,13.8,72,X, ,X,매우높음
5/14/2021,울진(130),X,20.6,18,15.1,11.4,92.3,X, ,X,매우높음
5/14/2021,청주(131),X,29.2,31.3,24.4,17.1,54.4,X, ,X,매우높음
5/14/2021,대전(133),X,31,31.8,23.9,16.5,67.4,X, ,X,매우높음
5/14/2021,추풍령(135),X,27.8,28.5,21.1,12.7,63.8,X, ,X,매우높음
5/14/2021,안동(136),X,28.8,29.6,21.2,12.8,61.3,X, ,X,매우높음
5/14/2021,상주(137),X,29.6,29.8,22.3,13.8,69.1,X, ,X,매우높음
5/14/2021,포항(138),X,20.9,18.1,16.2,14.2,89.4,X, ,X,매우높음
5/14/2021,군산(140),X,29,29.1,19.9,14.1,74.9,X, ,X,매우높음
5/14/2021,대구(143),X,29,30.4,22,14.1,59.3,X, ,X,매우높음
5/14/2021,전주(146),X,30.6,30.8,22.3,16.1,68.3,X, ,X,매우높음
5/14/2021,울산(152),X,26.2,25,19.4,13.9,76.5,X, ,X,매우높음
5/14/2021,창원(155),X,24.6,23.5,19,14.8,75.9,X, ,X,매우높음
5/14/2021,광주(156),X,28.5,28.7,23,17.6,66.8,X, ,X,매우높음
5/14/2021,부산(159),X,24.9,23.4,19.4,16.4,73.9,X, ,X,매우높음
5/14/2021,통영(162),X,28.1,26.6,20.4,15.6,83.6,X, ,X,높음
5/14/2021,목포(165),X,27.1,25.8,21.5,16.3,74.1,X, ,X,매우높음
5/14/2021,여수(168),X,25.2,24,20.3,17.3,79.4,X, ,X,높음
5/14/2021,흑산도(169),X,25.7,23.5,17.8,14.9,90.6,X, ,X,높음
5/14/2021,완도(170),X,25.4,23.9,20.2,16.8,82.9,X, ,X,높음
5/14/2021,고창(172),X,27.8,28.7,21.2,14.2,63,X, ,X,매우높음
5/14/2021,제주(184),X,27.5,26.5,21.5,17.9,80.4,X, ,X,보통
5/14/2021,진주(192),X,28.8,28.6,21.3,14,74,X, ,X,매우높음
5/14/2021,양평(202),X,27.8,29.4,22.1,15.1,68.5,X, ,X,매우높음
5/14/2021,이천(203),X,29.3,29.6,22.7,14.6,68.8,X, ,X,매우높음
5/14/2021,인제(211),X,28.8,30,21,12.7,65.9,X, ,X,매우높음
5/14/2021,홍천(212),X,28.8,29.9,22,14.2,65.6,X, ,X,매우높음
5/14/2021,태백(216),X,25,25.2,17.7,9.9,71.8,X, ,X,매우높음
5/14/2021,정선군(217),X,28.7,30.3,20.8,9.3,60.3,X, ,X,매우높음
5/14/2021,제천(221),X,28.4,29.8,21.3,12.6,65.3,X, ,X,매우높음
5/14/2021,보은(226),X,28.8,29.8,22.1,13.4,67,X, ,X,매우높음
5/14/2021,천안(232),X,29.2,29.7,21.9,13.1,70.4,X, ,X,매우높음
5/14/2021,보령(235),X,26.1,25.6,19.8,13.8,73.1,X, ,X,매우높음
5/14/2021,부여(236),X,30.3,31.4,21.7,14.3,71,X, ,X,매우높음
5/14/2021,금산(238),X,29.3,29.9,22.2,14.2,71.9,X, ,X,매우높음
5/14/2021,세종(239),X,28.9,30.5,22.7,14.9,62,X, ,X,매우높음
5/14/2021,부안(243),X,29.1,29,20.1,14.6,79.4,X, ,X,매우높음
5/14/2021,임실(244),X,28,28.8,21.2,13.2,71.9,X, ,X,매우높음
5/14/2021,정읍(245),X,28.6,29.1,21,14.8,70.5,X, ,X,매우높음
5/14/2021,남원(247),X,29.3,29.6,22.7,15.9,68.6,X, ,X,매우높음
5/14/2021,장수(248),X,28.1,28.1,20.7,13.1,71.1,X, ,X,매우높음
5/14/2021,영광군(252),X,28.1,28.3,20.4,14.1,74,X, ,X,매우높음
5/14/2021,김해시(253),X,27.3,26.2,20.8,15.2,73.6,X, ,X,매우높음
5/14/2021,순창군(254),X,28.7,28.9,22.3,15.2,68,X, ,X,매우높음
5/14/2021,양산시(257),X,29.4,29.4,21.5,14.9,70.6,X, ,X,매우높음
5/14/2021,강진군(259),X,27.6,26.6,21.3,16,78,X, ,X,높음
5/14/2021,장흥(260),X,27.1,26,20.3,14.7,80.5,X, ,X,높음
5/14/2021,해남(261),X,26.2,25,20.8,14.4,78.1,X, ,X,높음
5/14/2021,고흥(262),X,25.5,24.5,20.1,15.5,81,X, ,X,높음
5/14/2021,의령군(263),X,29.1,30.1,21.9,14.1,67,X, ,X,매우높음
5/14/2021,함양군(264),X,28.4,29.1,22.2,13.8,62.4,X, ,X,매우높음
5/14/2021,진도군ASOS(268),X,26.3,24.9,20.4,14.9,82.8,X, ,X,높음
5/14/2021,봉화(271),X,25.4,26.1,17.3,8.7,72.1,X, ,X,매우높음
5/14/2021,영주(272),X,27.8,28.3,20.4,11.9,70.8,X, ,X,매우높음
5/14/2021,문경(273),X,28.3,28.8,20.9,12.6,71.9,X, ,X,매우높음
5/14/2021,청송군(276),X,28.4,29.5,18.9,9,64.1,X, ,X,매우높음
5/14/2021,영덕(277),X,23.4,21.6,15.7,9.7,85.8,X, ,X,매우높음
5/14/2021,의성(278),X,30.1,30.7,20.8,11.4,69,X, ,X,매우높음
5/14/2021,구미(279),X,29.4,30.1,23,15.4,62.6,X, ,X,매우높음
5/14/2021,영천(281),X,27.7,28.3,19.6,11.2,70.6,X, ,X,매우높음
5/14/2021,경주시(283),X,28.6,28.7,20.4,11.9,69.8,X, ,X,매우높음
5/14/2021,거창(284),X,28.1,28.9,21.4,13.5,67.3,X, ,X,매우높음
5/14/2021,합천(285),X,29.2,29.9,22.1,14.6,68.9,X, ,X,매우높음
5/14/2021,밀양(288),X,29.3,30.2,22.2,15,66.9,X, ,X,매우높음
5/14/2021,산청(289),X,29.1,29.1,21.9,14.7,69.9,X, ,X,매우높음
5/14/2021,거제(294),X,25.8,24.7,19.9,14.5,76.9,X, ,X,높음
5/14/2021,남해(295),X,27,26,20.6,15.6,77.1,X, ,X,높음
5/14/2021,부천(433),X,28.6,30,22.5,15.9,59,X, ,X,매우높음
5/14/2021,안양(434),X,22.5,29.6,23.1,17.9,,X, ,X,매우높음
5/14/2021,광명(437),X,29.6,31.2,23.7,17.8,58,X, ,X,매우높음
5/14/2021,군포(438),X,29,30.5,22.8,17.5,59,X, ,X,매우높음
5/14/2021,김포(441),X,,30.2,21.8,15.7,,X, ,X,매우높음
5/14/2021,하남(444),X,28.9,29.5,22.2,14.4,62,X, ,X,매우높음
5/14/2021,의왕(445),X,27.4,28.5,20.4,13.2,66,X, ,X,매우높음
5/14/2021,포천(504),X,29.5,30.4,22.6,14.2,65,X, ,X,매우높음
5/14/2021,가평조종(505),X,29.2,29.7,20.9,12.5,70,X, ,X,매우높음
5/14/2021,안성(516),X,29.2,30.2,21.9,14,67,X, ,X,매우높음
5/14/2021,간성(517),X,22.9,20.1,16.3,11.1,93,X, ,X,매우높음
5/14/2021,평창(526),X,28,29.7,20.9,12.4,64,X, ,X,매우높음
5/14/2021,의정부(532),X,29,29.6,22.4,14.8,76,X, ,X,매우높음
5/14/2021,횡성(536),X,29.2,30.1,21.9,13.2,71,X, ,X,매우높음
5/14/2021,고양(540),X,30.5,32,22.4,14.7,71,X, ,X,매우높음
5/14/2021,남양주(541),X,29.2,30.3,22.9,15,64,X, ,X,매우높음
5/14/2021,안산(545),X,28.9,29.5,19.5,11.6,75,X, ,X,매우높음
5/14/2021,경기광주(546),X,28.5,29.6,21.6,14.2,68,X, ,X,매우높음
5/14/2021,여주(548),X,28.1,28.5,22,14.5,68,X, ,X,매우높음
5/14/2021,용인(549),X,28,29.4,21.8,14.1,62,X, ,X,매우높음
5/14/2021,오산(550),X,28.7,29.9,22.1,14.5,61,X, ,X,매우높음
5/14/2021,평택(551),X,29.7,30.4,21.6,14.9,70,X, ,X,매우높음
5/14/2021,화천(555),X,29.9,30.9,21.3,13,76,X, ,X,매우높음
5/14/2021,양구(556),X,29,31.2,21.5,12.6,64,X, ,X,매우높음
5/14/2021,시흥(565),X,28.9,30.3,21.2,13.6,68,X, ,X,매우높음
5/14/2021,구리(569),X,28.8,30.5,23.4,15.4,56,X, ,X,매우높음
5/14/2021,화성(571),X,29.4,30.8,21.5,14.7,65,X, ,X,매우높음
5/14/2021,성남(572),X,28.1,29.4,22.9,15.4,56,X, ,X,매우높음
5/14/2021,과천(590),X,29.3,30,22.3,14,68,X, ,X,매우높음
5/14/2021,양주(598),X,29.5,30.6,22.4,13.9,68,X, ,X,매우높음
5/14/2021,단양(601),X,29.6,31.2,22.4,14.2,64,X, ,X,매우높음
5/14/2021,진천(602),X,29.7,30.9,22.7,14.7,63,X, ,X,매우높음
5/14/2021,괴산(603),X,29.4,30.8,22,12.8,67,X, ,X,매우높음
5/14/2021,옥천(604),X,29.3,30.5,22.4,14,69,X, ,X,매우높음
5/14/2021,홍북(608),X,29.6,29.6,20.1,12.9,76,X, ,X,매우높음
5/14/2021,공주(612),X,30,31.5,22.4,13.6,66,X, ,X,매우높음
5/14/2021,서천(614),X,28.9,29.4,19.5,12.6,79,X, ,X,매우높음
5/14/2021,논산(615),X,30.7,32,22.1,14.3,69,X, ,X,매우높음
5/14/2021,당진(616),X,28.7,29.1,20.7,13.6,71,X, ,X,매우높음
5/14/2021,청양(618),X,29.9,30.5,20.8,12.7,72,X, ,X,매우높음
5/14/2021,음성(619),X,28.4,29,21,12.1,68,X, ,X,매우높음
5/14/2021,증평(623),X,29.7,30.2,22.8,14.2,68,X, ,X,매우높음
5/14/2021,태안(627),X,28.9,28.6,20,14.5,77,X, ,X,매우높음
5/14/2021,예산(628),X,29,29.7,21.5,14.8,70,X, ,X,매우높음
5/14/2021,아산(634),X,28.9,30,21.6,14.7,67,X, ,X,매우높음
5/14/2021,계룡(636),X,29.5,,,,,X, ,X,매우높음
5/14/2021,연천청산(652),X,,30.4,21.6,13.7,,X, ,X,매우높음
5/14/2021,양양(670),X,23.6,20.8,16.2,11.6,95,X, ,X,매우높음
5/14/2021,무안(699),X,27.7,27,21.1,14.3,76,X, ,X,매우높음
5/14/2021,무주(701),X,28.9,29.8,21.9,13.9,67,X, ,X,매우높음
5/14/2021,익산(702),X,30.7,31.3,21.1,14,76,X, ,X,매우높음
5/14/2021,진안(703),X,28,28.6,21.2,13,68,X, ,X,매우높음
5/14/2021,담양(706),X,29.9,30.2,23.1,15,71,X, ,X,매우높음
5/14/2021,구례(709),X,29.6,,,,,X, ,X,매우높음
5/14/2021,나주(710),X,29.1,28.1,21.7,14.5,75,X, ,X,매우높음
5/14/2021,순천시(712),X,28.1,28.2,21.6,16.2,75,X, ,X,매우높음
5/14/2021,광양읍(713),X,28.8,28.5,22.3,15.8,73,X, ,X,매우높음
5/14/2021,장성(730),X,29.3,28.6,22.1,14.2,77,X, ,X,매우높음
5/14/2021,영암(731),X,28,27,21.3,14.4,79,X, ,X,매우높음
5/14/2021,보성(732),X,28.6,28.2,20.9,14.8,77,X, ,X,높음
5/14/2021,완주(734),X,31,31.3,21.4,13.3,78,X, ,X,매우높음
5/14/2021,김제(737),X,29.2,29.4,20.8,15,74,X, ,X,매우높음
5/14/2021,화순(741),X,27.7,28,21.7,14.9,64,X, ,X,매우높음
5/14/2021,함평(754),X,28.5,27.3,21.2,13.5,78,X, ,X,매우높음
5/14/2021,곡성(768),X,29,29.5,22.3,15,68,X, ,X,매우높음
5/14/2021,압해도(789),X,27,25.7,20.8,14.8,76,X, ,X,매우높음
5/14/2021,영양(801),X,28,28.2,18.9,10.5,75,X, ,X,매우높음
5/14/2021,성주(810),X,29.6,30.7,22.7,14.3,66,X, ,X,매우높음
5/14/2021,고령(812),X,29.1,29.9,22,13.9,69,X, ,X,매우높음
5/14/2021,청도(813),X,29.7,30.3,21.8,13.4,67,X, ,X,매우높음
5/14/2021,예천(815),X,28.8,29.8,20.9,12.6,67,X, ,X,매우높음
5/14/2021,김천(822),X,30.1,30.8,22.4,12.8,70,X, ,X,매우높음
5/14/2021,군위(823),X,29.1,29.9,21.3,12.1,69,X, ,X,매우높음
5/14/2021,칠곡(825),X,30.1,31.1,23.2,15,63,X, ,X,매우높음
5/14/2021,경산(827),X,29.7,31.1,21.6,13.6,61,X, ,X,매우높음
5/14/2021,삼척(876),X,23,21.4,17.1,13.2,83,X, ,X,매우높음
5/14/2021,속초(90),X,22.9,21.1,16.1,12.1,85.5,X, ,X,매우높음
5/14/2021,삼천포(907),X,25.8,24.9,19.4,15.4,69,X, ,X,매우높음
5/14/2021,고성(918),X,26.1,26.1,20.1,14,72,X, ,X,매우높음
5/14/2021,창녕(919),X,29.9,30.5,22.2,14.5,70,X, ,X,매우높음
5/14/2021,함안(920),X,28.9,28.9,20.8,13.1,74,X, ,X,매우높음
5/14/2021,북춘천(93),X,28.8,30.6,22,14.1,68.3,X, ,X,매우높음
5/14/2021,하동(932),X,28.1,27.6,21.2,15.2,76,X, ,X,매우높음
5/14/2021,철원(95),X,29,29.7,22.1,14.2,75.6,X, ,X,매우높음
5/14/2021,동두천(98),X,29.9,29.9,22.4,15,71,X, ,X,매우높음
5/14/2021,파주(99),X,29.7,29.4,21.4,13.3,78.3,X, ,X,매우높음
5/15/2021,북강릉(104),X,20.6,17.2,15.7,14.8,96.4,X, ,X,보통
5/15/2021,동해(106),X,19,15.7,14.7,13.6,98.5,X, ,X,보통
5/15/2021,서울(108),X,27.2,26.2,22.1,20.8,79.5,X, ,X,보통
5/15/2021,인천(112),X,25.6,24.7,20.6,17.3,82.1,X, ,X,보통
5/15/2021,원주(114),X,25,23.4,21.5,19.5,75,X, ,X,보통
5/15/2021,울릉도(115),X,22.4,19.7,17.7,15.6,90.6,X, ,X,보통
5/15/2021,수원(119),X,25.5,23.2,20.9,18.5,92,X, ,X,보통
5/15/2021,영월(121),X,25.9,23.5,19.6,16.6,86.6,X, ,X,보통
5/15/2021,충주(127),X,26.4,24.5,21.3,17.6,78.5,X, ,X,보통
5/15/2021,서산(129),X,26.8,24.9,20.1,17.8,89.8,X, ,X,보통
5/15/2021,울진(130),X,20.8,17.2,15.9,14.5,97.1,X, ,X,보통
5/15/2021,청주(131),X,27.9,26.6,22.8,19.7,74.3,X, ,X,보통
5/15/2021,대전(133),X,29.1,27.3,23,19.5,86.4,X, ,X,보통
5/15/2021,추풍령(135),X,23.6,21.1,19.2,16.7,83.8,X, ,X,보통
5/15/2021,안동(136),X,24.3,21.7,19.1,16.6,87.1,X, ,X,보통
5/15/2021,상주(137),X,24.2,21.4,19.4,16.6,90.5,X, ,X,보통
5/15/2021,포항(138),X,24.9,21.8,18.6,15.8,92,X, ,X,보통
5/15/2021,군산(140),X,28.2,26.4,21.5,18.1,88.9,X, ,X,보통
5/15/2021,대구(143),X,25.2,22.6,19.9,17.4,85.6,X, ,X,보통
5/15/2021,전주(146),X,29.1,27.6,22.9,18.4,80.1,X, ,X,보통
5/15/2021,울산(152),X,24.9,21.3,18.9,17,95.4,X, ,X,보통
5/15/2021,창원(155),X,23.6,20.3,18.9,16.9,92.1,X, ,X,보통
5/15/2021,광주(156),X,27.1,23.4,21.6,19.3,96.1,X, ,X,보통
5/15/2021,부산(159),X,23.8,20.3,18.8,17.8,94.8,X, ,X,보통
5/15/2021,통영(162),X,24,20.3,18.8,17.7,99.8,X, ,X,보통
5/15/2021,목포(165),X,26.6,24.4,21.3,19.5,93,X, ,X,보통
5/15/2021,여수(168),X,25.1,21.5,19.6,18.1,97.4,X, ,X,보통
5/15/2021,흑산도(169),X,24.7,21.3,18,16.7,98.9,X, ,X,보통
5/15/2021,완도(170),X,27.8,25.5,20.8,18.3,93.6,X, ,X,보통
5/15/2021,고창(172),X,26.7,24.7,22.2,19.6,79.9,X, ,X,보통
5/15/2021,제주(184),X,31.5,30.9,23.7,19.6,79.6,X, ,X,보통
5/15/2021,진주(192),X,25.3,22.1,19.8,17.7,94.1,X, ,X,보통
5/15/2021,양평(202),X,24.5,22.4,20.3,18.4,90.9,X, ,X,보통
5/15/2021,이천(203),X,25.5,22.3,20.6,18.9,93.5,X, ,X,보통
5/15/2021,인제(211),X,26.7,26.2,20.4,16.4,80.8,X, ,X,보통
5/15/2021,홍천(212),X,25.6,24.6,20.2,17.8,85.5,X, ,X,보통
5/15/2021,태백(216),X,23.5,21.2,17.3,13.2,90,X, ,X,보통
5/15/2021,정선군(217),X,24.2,21.5,18.9,16.6,89.3,X, ,X,보통
5/15/2021,제천(221),X,24.9,22.2,19.4,17,89.8,X, ,X,보통
5/15/2021,보은(226),X,26.4,24.7,20.7,17.5,83.5,X, ,X,보통
5/15/2021,천안(232),X,27,25,21.2,18.2,92.9,X, ,X,보통
5/15/2021,보령(235),X,28.1,26.6,20.8,17.1,87.8,X, ,X,보통
5/15/2021,부여(236),X,28.3,26.5,21.4,18.4,91.5,X, ,X,보통
5/15/2021,금산(238),X,29,27.2,21.9,18.1,86.8,X, ,X,보통
5/15/2021,세종(239),X,28,26.6,21.5,18.4,84.1,X, ,X,보통
5/15/2021,부안(243),X,28.9,27.1,22.8,19.2,87,X, ,X,보통
5/15/2021,임실(244),X,25.4,22.8,20.1,17.8,93.9,X, ,X,보통
5/15/2021,정읍(245),X,27.9,26.2,22.7,19.1,78,X, ,X,보통
5/15/2021,남원(247),X,26.7,24.1,21.3,18.2,89.1,X, ,X,보통
5/15/2021,장수(248),X,27.1,24.7,20.1,17,94.6,X, ,X,보통
5/15/2021,영광군(252),X,27.6,25.1,21.6,19.2,86.5,X, ,X,보통
5/15/2021,김해시(253),X,24.3,20.6,19.1,17.9,96.1,X, ,X,보통
5/15/2021,순창군(254),X,25.9,22.9,21.1,18.7,93.1,X, ,X,보통
5/15/2021,양산시(257),X,25.1,21.4,19.9,18.1,95.8,X, ,X,보통
5/15/2021,강진군(259),X,27.1,24.8,21.1,18.7,93,X, ,X,보통
5/15/2021,장흥(260),X,26.7,23.8,20.7,18.9,96.1,X, ,X,보통
5/15/2021,해남(261),X,27.4,25.2,21,18.8,91.4,X, ,X,보통
5/15/2021,고흥(262),X,26.4,23.5,20.1,17.8,95.6,X, ,X,보통
5/15/2021,의령군(263),X,25.7,22.9,20.7,17.8,87.9,X, ,X,보통
5/15/2021,함양군(264),X,25.3,22.9,20.3,18,87.4,X, ,X,보통
5/15/2021,진도군ASOS(268),X,28.3,26,21.7,20.5,92.3,X, ,X,보통
5/15/2021,봉화(271),X,22.1,19,16.5,13.2,94.1,X, ,X,보통
5/15/2021,영주(272),X,23.6,20.4,18.6,16.6,93.9,X, ,X,보통
5/15/2021,문경(273),X,23.8,21,18.8,16.1,91,X, ,X,보통
5/15/2021,청송군(276),X,24.9,22.9,18.5,14.2,83.5,X, ,X,보통
5/15/2021,영덕(277),X,24.8,22.3,17.6,13.2,92.6,X, ,X,보통
5/15/2021,의성(278),X,25.2,22.4,19.3,15.9,92,X, ,X,보통
5/15/2021,구미(279),X,25,22.8,20.5,17.9,84.1,X, ,X,보통
5/15/2021,영천(281),X,25.2,22.4,19.6,16.8,89.9,X, ,X,보통
5/15/2021,경주시(283),X,26.9,24.5,20,16.6,87.9,X, ,X,보통
5/15/2021,거창(284),X,24.5,21.6,19.7,17.4,90.5,X, ,X,보통
5/15/2021,합천(285),X,25.1,22,19.5,16.9,93.6,X, ,X,보통
5/15/2021,밀양(288),X,25.3,22.6,20.5,17.7,87,X, ,X,보통
5/15/2021,산청(289),X,24.9,22,19.8,17.5,92.4,X, ,X,보통
5/15/2021,거제(294),X,24.4,21,19.3,17.7,95.9,X, ,X,보통
5/15/2021,남해(295),X,26.1,23.1,19.7,17.7,95.4,X, ,X,보통
5/15/2021,부천(433),X,26.1,25.1,20.5,18.8,81,X, ,X,보통
5/15/2021,안양(434),X,24,24.3,21.1,19.9,,X, ,X,보통
5/15/2021,광명(437),X,27,26.3,21.5,19.8,80,X, ,X,보통
5/15/2021,군포(438),X,25,24,21.2,19.2,81,X, ,X,보통
5/15/2021,김포(441),X,,26,20.9,18.5,,X, ,X,보통
5/15/2021,하남(444),X,25.9,24.9,20.4,18.6,85,X, ,X,보통
5/15/2021,의왕(445),X,23.9,22.5,19.1,16.3,86,X, ,X,보통
5/15/2021,포천(504),X,27.1,26.3,20.9,19,85,X, ,X,보통
5/15/2021,가평조종(505),X,26.3,25,19.8,16.5,90,X, ,X,보통
5/15/2021,안성(516),X,26.6,24.9,21,18,89,X, ,X,보통
5/15/2021,간성(517),X,21.9,19.2,16.6,15.3,94,X, ,X,보통
5/15/2021,평창(526),X,23.8,20.7,18.8,16.3,90,X, ,X,보통
5/15/2021,의정부(532),X,27.2,25.8,21.2,19.4,91,X, ,X,보통
5/15/2021,횡성(536),X,25,22.8,19.8,18,93,X, ,X,보통
5/15/2021,고양(540),X,28.2,27.6,21.3,18.1,86,X, ,X,보통
5/15/2021,남양주(541),X,26.5,25.7,21.2,19.4,85,X, ,X,보통
5/15/2021,안산(545),X,25.1,23.3,19.8,16.3,93,X, ,X,보통
5/15/2021,경기광주(546),X,25.8,24.5,20,18.3,88,X, ,X,보통
5/15/2021,여주(548),X,24.8,22,20,17.5,90,X, ,X,보통
5/15/2021,용인(549),X,24,21.2,20,18.1,87,X, ,X,보통
5/15/2021,오산(550),X,25.3,22.5,20.4,17.9,88,X, ,X,보통
5/15/2021,평택(551),X,27,24.5,21,18.4,93,X, ,X,보통
5/15/2021,화천(555),X,28.7,28.5,20.7,16.6,89,X, ,X,보통
5/15/2021,양구(556),X,26.7,26.9,21,16.7,76,X, ,X,보통
5/15/2021,시흥(565),X,25.8,24.8,20.7,17.8,85,X, ,X,보통
5/15/2021,구리(569),X,26.3,25.6,21.3,19.5,75,X, ,X,보통
5/15/2021,화성(571),X,24.7,23.2,20.4,18.1,86,X, ,X,보통
5/15/2021,성남(572),X,25.3,24.3,21,19.3,79,X, ,X,보통
5/15/2021,과천(590),X,26.1,24.7,20.9,18.4,88,X, ,X,보통
5/15/2021,양주(598),X,27.1,26.5,21.4,19.1,83,X, ,X,보통
5/15/2021,단양(601),X,27.5,25.9,20.8,17.2,82,X, ,X,보통
5/15/2021,진천(602),X,27.7,26.3,21.5,18.5,85,X, ,X,보통
5/15/2021,괴산(603),X,27.3,26.2,21.5,17.5,78,X, ,X,보통
5/15/2021,옥천(604),X,28.2,26.8,21.1,17.8,87,X, ,X,보통
5/15/2021,홍북(608),X,26.9,24.4,19.6,16.6,98,X, ,X,보통
5/15/2021,공주(612),X,28.3,26.8,21.5,18.2,87,X, ,X,보통
5/15/2021,서천(614),X,28.2,26.1,21.1,18.2,90,X, ,X,보통
5/15/2021,논산(615),X,29.4,28.2,22.4,19.1,88,X, ,X,보통
5/15/2021,당진(616),X,26.3,23.9,19.8,17.2,93,X, ,X,보통
5/15/2021,청양(618),X,27.6,25.4,20.9,17.6,91,X, ,X,보통
5/15/2021,음성(619),X,26,24,20.2,17.2,86,X, ,X,보통
5/15/2021,증평(623),X,27.9,25.9,21.7,18.1,87,X, ,X,보통
5/15/2021,태안(627),X,25.5,22.6,19.4,17.2,94,X, ,X,보통
5/15/2021,예산(628),X,26.9,24.8,21.2,18.2,90,X, ,X,보통
5/15/2021,아산(634),X,28.1,24.7,20.9,18.1,100,X, ,X,보통
5/15/2021,계룡(636),X,28.9,27.2,20.6,17.3,91,X, ,X,보통
5/15/2021,연천청산(652),X,19.9,26.6,20.7,18.1,,X, ,X,보통
5/15/2021,양양(670),X,21.9,18.5,16.6,15.9,97,X, ,X,보통
5/15/2021,무안(699),X,27.7,25.2,21.4,19.3,93,X, ,X,보통
5/15/2021,무주(701),X,28.4,26.8,21.1,17.2,85,X, ,X,보통
5/15/2021,익산(702),X,29.8,28.2,22.8,18.9,87,X, ,X,보통
5/15/2021,진안(703),X,27.3,25.2,20.3,17.2,90,X, ,X,보통
5/15/2021,담양(706),X,27.2,23.7,21.9,19.3,94,X, ,X,보통
5/15/2021,구례(709),X,25.9,22.9,21.3,19.1,93,X, ,X,보통
5/15/2021,나주(710),X,27.6,24.8,21.6,19,93,X, ,X,보통
5/15/2021,순천시(712),X,25.7,22.4,20.8,18.7,95,X, ,X,보통
5/15/2021,광양읍(713),X,26,22.8,21.2,19,94,X, ,X,보통
5/15/2021,장성(730),X,27.5,23.7,21.8,19.2,97,X, ,X,보통
5/15/2021,영암(731),X,28.6,26.5,22,19.4,91,X, ,X,보통
5/15/2021,보성(732),X,27,24.4,20.3,18.2,92,X, ,X,보통
5/15/2021,완주(734),X,29.7,28,22.2,17.7,88,X, ,X,보통
5/15/2021,김제(737),X,28.9,27.5,22.8,18.8,83,X, ,X,보통
5/15/2021,화순(741),X,26.8,24.1,21.4,19.2,84,X, ,X,보통
5/15/2021,함평(754),X,27.4,24.5,21.3,19,97,X, ,X,보통
5/15/2021,곡성(768),X,26.6,23.2,21.3,18.6,92,X, ,X,보통
5/15/2021,압해도(789),X,25.4,22.7,20.7,19.1,92,X, ,X,보통
5/15/2021,영양(801),X,25.7,22.9,18.9,14.2,94,X, ,X,보통
5/15/2021,성주(810),X,25.2,22.2,20.5,17.9,87,X, ,X,보통
5/15/2021,고령(812),X,25.2,21.6,19.9,17.1,94,X, ,X,보통
5/15/2021,청도(813),X,25.2,22.1,19.7,17.1,90,X, ,X,보통
5/15/2021,예천(815),X,24.1,21.5,18.9,16.5,89,X, ,X,보통
5/15/2021,김천(822),X,26.7,24.1,20.6,17.5,90,X, ,X,보통
5/15/2021,군위(823),X,25.4,22.3,19.7,16.4,92,X, ,X,보통
5/15/2021,칠곡(825),X,25.2,21.8,20.3,18.1,92,X, ,X,보통
5/15/2021,경산(827),X,25,22.2,19.8,16.9,86,X, ,X,보통
5/15/2021,삼척(876),X,21.7,18.6,16.1,14.9,93,X, ,X,보통
5/15/2021,속초(90),X,21.5,19,16,14.8,91.5,X, ,X,보통
5/15/2021,삼천포(907),X,23.6,22,19.1,17.6,78,X, ,X,보통
5/15/2021,고성(918),X,24.9,21.9,19.3,17.5,93,X, ,X,보통
5/15/2021,창녕(919),X,25.8,22.6,20.1,17.8,94,X, ,X,보통
5/15/2021,함안(920),X,25.8,22.8,19.9,17.4,94,X, ,X,보통
5/15/2021,북춘천(93),X,26.9,26,20.8,18,87,X, ,X,보통
5/15/2021,하동(932),X,25.9,23,20.4,18.3,93,X, ,X,보통
5/15/2021,철원(95),X,27.7,26.4,20.8,18.3,90.9,X, ,X,보통
5/15/2021,동두천(98),X,28.4,27.4,21,18.8,87.9,X, ,X,보통
5/15/2021,파주(99),X,27.2,25.9,20.5,18,90.9,X, ,X,보통
5/16/2021,북강릉(104),X,19.2,15.8,13,10.1,98,X, ,X,보통
5/16/2021,동해(106),X,19.2,15.7,13.1,10.4,98.1,X, ,X,보통
5/16/2021,서울(108),X,24.4,20.8,18.4,14.8,97.6,X, ,X,보통
5/16/2021,인천(112),X,24.3,20.9,17.5,13.9,95.8,X, ,X,보통
5/16/2021,원주(114),X,25.1,21.9,18.4,13.8,92.9,X, ,X,보통
5/16/2021,울릉도(115),X,23.8,21.8,17.9,14.5,96.4,X, ,X,보통
5/16/2021,수원(119),X,24.9,21.2,19.1,15.9,100,X, ,X,보통
5/16/2021,영월(121),X,24.9,21.3,17,12.5,96.8,X, ,X,보통
5/16/2021,충주(127),X,25.6,22.1,19.7,15.1,92.1,X, ,X,보통
5/16/2021,서산(129),X,23.8,20.2,17.7,15,98,X, ,X,보통
5/16/2021,울진(130),X,20.1,16.5,14,11.3,99.9,X, ,X,보통
5/16/2021,청주(131),X,26.1,22.9,21.1,16.8,89.6,X, ,X,보통
5/16/2021,대전(133),X,26.5,23.3,21.3,18.4,97,X, ,X,보통
5/16/2021,추풍령(135),X,25.4,22.2,20.5,19.2,92.5,X, ,X,보통
5/16/2021,안동(136),X,25.5,22.1,19.3,14.1,93.8,X, ,X,보통
5/16/2021,상주(137),X,26.6,22.9,20.6,18.7,99.8,X, ,X,보통
5/16/2021,포항(138),X,25,22,17.1,13.2,93.9,X, ,X,보통
5/16/2021,군산(140),X,25.7,22,19.8,15.2,99,X, ,X,보통
5/16/2021,대구(143),X,26.9,23.7,20.1,13.7,92.9,X, ,X,보통
5/16/2021,전주(146),X,26.3,23.1,21.1,17,93.4,X, ,X,보통
5/16/2021,울산(152),X,26.9,23.7,19.4,13.7,97,X, ,X,보통
5/16/2021,창원(155),X,24.7,21.6,20.5,19.1,92.6,X, ,X,보통
5/16/2021,광주(156),X,27.5,23.7,20.8,18.1,99,X, ,X,보통
5/16/2021,부산(159),X,24.5,20.9,19.3,15.4,97.6,X, ,X,보통
5/16/2021,통영(162),X,25.3,21.6,20.6,19.3,100,X, ,X,보통
5/16/2021,목포(165),X,25.8,22.5,19.5,15.2,98.3,X, ,X,보통
5/16/2021,여수(168),X,24.3,20.6,19.8,18.9,99.9,X, ,X,보통
5/16/2021,흑산도(169),X,26.1,22.4,17.3,14.4,99,X, ,X,보통
5/16/2021,완도(170),X,24.4,21,,19.6,,X, ,X,보통
5/16/2021,고창(172),X,25.5,22.3,20.3,15.3,92.4,X, ,X,보통
5/16/2021,제주(184),X,29.6,28.5,23.5,17.4,83.1,X, ,X,보통
5/16/2021,진주(192),X,25.7,22.3,20.9,20,96.1,X, ,X,보통
5/16/2021,양평(202),X,24.7,21,18,14,100,X, ,X,보통
5/16/2021,이천(203),X,25.3,21.6,18.3,13.4,100,X, ,X,보통
5/16/2021,인제(211),X,22.8,19.3,14.1,9.9,92.1,X, ,X,보통
5/16/2021,홍천(212),X,23.3,19.8,15.5,10.8,95.3,X, ,X,보통
5/16/2021,태백(216),X,21.5,18.2,12.7,8.2,97.1,X, ,X,보통
5/16/2021,정선군(217),X,22.6,19.3,15.3,10.4,93.4,X, ,X,보통
5/16/2021,제천(221),X,24.9,21.2,17.5,12.6,98.1,X, ,X,보통
5/16/2021,보은(226),X,25.4,21.9,20.5,19,97.8,X, ,X,보통
5/16/2021,천안(232),X,26,22.3,20.6,16.4,99,X, ,X,보통
5/16/2021,보령(235),X,25.8,22.6,18.4,14.5,96.6,X, ,X,보통
5/16/2021,부여(236),X,25.6,22.2,20.1,16.1,98.1,X, ,X,보통
5/16/2021,금산(238),X,26.4,23,21.4,19.6,96.1,X, ,X,보통
5/16/2021,세종(239),X,25.5,22.2,20.8,17.7,93.6,X, ,X,보통
5/16/2021,부안(243),X,25.9,22.5,20.7,15.8,97.9,X, ,X,보통
5/16/2021,임실(244),X,25.2,21.7,20.5,19.1,98.5,X, ,X,보통
5/16/2021,정읍(245),X,25.5,23,20.8,16.4,89,X, ,X,보통
5/16/2021,남원(247),X,,,,,,X, ,X,보통
5/16/2021,장수(248),X,25.2,21.8,20.3,19,99.4,X, ,X,보통
5/16/2021,영광군(252),X,25.4,22,19.8,14.8,93.6,X, ,X,보통
5/16/2021,김해시(253),X,25.5,22.1,20.3,18.9,98.5,X, ,X,보통
5/16/2021,순창군(254),X,26.2,23,21.1,19.2,95.9,X, ,X,보통
5/16/2021,양산시(257),X,26.5,22.8,20.4,17.1,100,X, ,X,보통
5/16/2021,강진군(259),X,26.2,23,20.5,18.3,96.9,X, ,X,보통
5/16/2021,장흥(260),X,26.3,22.8,20.9,19.4,97.9,X, ,X,보통
5/16/2021,해남(261),X,25.6,22.5,19.9,16.3,94.6,X, ,X,보통
5/16/2021,고흥(262),X,25.9,22.4,20.4,18.5,97.4,X, ,X,보통
5/16/2021,의령군(263),X,26.8,23.9,22.3,20.8,88.6,X, ,X,보통
5/16/2021,함양군(264),X,27.2,24.3,21.3,20,93.8,X, ,X,보통
5/16/2021,진도군ASOS(268),X,26.3,23.3,19.9,15.4,96.3,X, ,X,보통
5/16/2021,봉화(271),X,23.2,19.5,16.2,11.7,98.8,X, ,X,보통
5/16/2021,영주(272),X,25.5,21.8,18.9,15,100,X, ,X,보통
5/16/2021,문경(273),X,25.4,21.7,20.1,17.1,100,X, ,X,보통
5/16/2021,청송군(276),X,26.2,24.1,18.5,13.3,85.9,X, ,X,보통
5/16/2021,영덕(277),X,23.5,19.9,14.9,11.6,99.1,X, ,X,보통
5/16/2021,의성(278),X,26.6,23.6,20.4,15.9,97.3,X, ,X,보통
5/16/2021,구미(279),X,26.7,24.3,21.8,20,90.6,X, ,X,보통
5/16/2021,영천(281),X,27.1,23.8,18.6,12.6,95.8,X, ,X,보통
5/16/2021,경주시(283),X,27.6,24.6,18.8,13.1,91.5,X, ,X,보통
5/16/2021,거창(284),X,27.6,24.4,20.9,19.6,96.5,X, ,X,보통
5/16/2021,합천(285),X,26,22.7,21.2,19.6,96.4,X, ,X,보통
5/16/2021,밀양(288),X,27.4,25.3,22.2,20.6,89,X, ,X,보통
5/16/2021,산청(289),X,26.1,22.7,21,19.6,95.8,X, ,X,보통
5/16/2021,거제(294),X,25.2,22,20.8,19.7,95.5,X, ,X,보통
5/16/2021,남해(295),X,26.2,23.3,21.3,19.8,93.6,X, ,X,보통
5/16/2021,부천(433),X,23.4,19.8,17.4,13.7,97,X, ,X,보통
5/16/2021,안양(434),X,17.8,21.1,18.2,14.4,,X, ,X,보통
5/16/2021,광명(437),X,24.8,21.2,18.5,15.5,96,X, ,X,보통
5/16/2021,군포(438),X,25.4,21.9,18.5,14.4,95,X, ,X,보통
5/16/2021,김포(441),X,,20.6,17.8,13.6,,X, ,X,보통
5/16/2021,하남(444),X,23.8,20.2,17.1,13.1,96,X, ,X,보통
5/16/2021,의왕(445),X,23.4,19.9,16.9,13.5,97,X, ,X,보통
5/16/2021,포천(504),X,23.5,19.8,16,12.1,99,X, ,X,보통
5/16/2021,가평조종(505),X,23.7,20,16.5,12.6,99,X, ,X,보통
5/16/2021,안성(516),X,24.9,21.6,19.2,15.5,98,X, ,X,보통
5/16/2021,간성(517),X,19.2,16.1,12.9,10.3,97,X, ,X,보통
5/16/2021,평창(526),X,23.5,19.9,16.1,11.5,96,X, ,X,보통
5/16/2021,의정부(532),X,24.1,20.5,17.2,12.9,98,X, ,X,보통
5/16/2021,횡성(536),X,24.1,20.6,17,12.6,98,X, ,X,보통
5/16/2021,고양(540),X,24.3,20.6,18.1,14.4,100,X, ,X,보통
5/16/2021,남양주(541),X,24.3,20.6,17.8,14.5,97,X, ,X,보통
5/16/2021,안산(545),X,24.2,20.5,18.3,14.9,100,X, ,X,보통
5/16/2021,경기광주(546),X,23.9,20.3,16.9,12.4,96,X, ,X,보통
5/16/2021,여주(548),X,24.6,20.9,17.7,12.7,99,X, ,X,보통
5/16/2021,용인(549),X,24,20.6,17.9,13.6,95,X, ,X,보통
5/16/2021,오산(550),X,24.8,21.1,19,15.5,100,X, ,X,보통
5/16/2021,평택(551),X,25,21.3,19.7,15.8,100,X, ,X,보통
5/16/2021,화천(555),X,22.8,19.5,15.6,11.4,97,X, ,X,보통
5/16/2021,양구(556),X,22.7,19.7,14.8,10.3,92,X, ,X,보통
5/16/2021,시흥(565),X,24.7,21,18.3,15.7,99,X, ,X,보통
5/16/2021,구리(569),X,23.8,20.7,17.5,13.3,90,X, ,X,보통
5/16/2021,화성(571),X,25.2,21.5,19.1,16.2,100,X, ,X,보통
5/16/2021,성남(572),X,24,20.8,18.3,14.2,92,X, ,X,보통
5/16/2021,과천(590),X,24.4,20.7,18,14.1,99,X, ,X,보통
5/16/2021,양주(598),X,23.9,20.3,16.8,12.6,98,X, ,X,보통
5/16/2021,단양(601),X,26.4,22.7,18.5,12.9,98,X, ,X,보통
5/16/2021,진천(602),X,26.3,23.4,20.2,15.9,93,X, ,X,보통
5/16/2021,괴산(603),X,26.1,22.3,20.4,16.4,100,X, ,X,보통
5/16/2021,옥천(604),X,25.9,22.4,21,19.4,97,X, ,X,보통
5/16/2021,홍북(608),X,24.3,20.7,18.1,14.7,99,X, ,X,보통
5/16/2021,공주(612),X,25.4,21.9,20.4,17.2,96,X, ,X,보통
5/16/2021,서천(614),X,25.3,22.1,19.4,14.9,96,X, ,X,보통
5/16/2021,논산(615),X,25.9,22.8,20.8,16.6,95,X, ,X,보통
5/16/2021,당진(616),X,24,20.4,18.1,15.4,98,X, ,X,보통
5/16/2021,청양(618),X,25.3,21.8,19.9,16.3,97,X, ,X,보통
5/16/2021,음성(619),X,25.3,22,19.1,14.8,97,X, ,X,보통
5/16/2021,증평(623),X,26.1,22.4,20.4,16.8,99,X, ,X,보통
5/16/2021,태안(627),X,24,20.4,16.4,14.3,99,X, ,X,보통
5/16/2021,예산(628),X,25.6,22,19.6,16.4,98,X, ,X,보통
5/16/2021,아산(634),X,25.6,21.9,19.6,16.6,100,X, ,X,보통
5/16/2021,계룡(636),X,25.1,21.6,20,16.9,97,X, ,X,보통
5/16/2021,연천청산(652),X,19.9,19.7,16,12.3,,X, ,X,보통
5/16/2021,양양(670),X,19.7,16.9,13.1,10.4,97,X, ,X,보통
5/16/2021,무안(699),X,26.6,23.1,19.9,15.1,97,X, ,X,보통
5/16/2021,무주(701),X,26.4,23.5,21.4,20.1,94,X, ,X,보통
5/16/2021,익산(702),X,26.3,22.9,20.7,15.9,97,X, ,X,보통
5/16/2021,진안(703),X,24.4,21.3,20.2,19.1,95,X, ,X,보통
5/16/2021,담양(706),X,26.9,23.4,21.3,18.7,95,X, ,X,보통
5/16/2021,구례(709),X,27.1,,,,,X, ,X,보통
5/16/2021,나주(710),X,27.4,24.2,20.7,17.1,98,X, ,X,보통
5/16/2021,순천시(712),X,25.5,21.9,20.9,20.2,98,X, ,X,보통
5/16/2021,광양읍(713),X,26.2,22.4,21.1,20.5,100,X, ,X,보통
5/16/2021,장성(730),X,26.4,22.7,20.8,17.5,99,X, ,X,보통
5/16/2021,영암(731),X,27.1,24.5,21.2,17.5,93,X, ,X,보통
5/16/2021,보성(732),X,26.3,22.8,20.6,19.6,94,X, ,X,보통
5/16/2021,완주(734),X,26.1,22.6,20.9,16.9,97,X, ,X,보통
5/16/2021,김제(737),X,25.9,23.1,20.4,15.5,99,X, ,X,보통
5/16/2021,화순(741),X,26.9,23.8,21.1,18.4,92,X, ,X,보통
5/16/2021,함평(754),X,26.5,22.8,19.9,15.5,100,X, ,X,보통
5/16/2021,곡성(768),X,27.2,24.4,21.6,20.3,97,X, ,X,보통
5/16/2021,압해도(789),X,25.3,22.2,18.9,15.3,95,X, ,X,보통
5/16/2021,영양(801),X,24.9,21.2,18,13.2,99,X, ,X,보통
5/16/2021,성주(810),X,26.2,23.1,21.6,19.1,92,X, ,X,보통
5/16/2021,고령(812),X,27.1,23.4,21.6,20,98,X, ,X,보통
5/16/2021,청도(813),X,27.2,24.6,21.5,20.2,93,X, ,X,보통
5/16/2021,예천(815),X,25.3,21.9,19.6,16,95,X, ,X,보통
5/16/2021,김천(822),X,27.8,24.7,22.1,20.3,97,X, ,X,보통
5/16/2021,군위(823),X,26.6,23.6,20.6,15.8,95,X, ,X,보통
5/16/2021,칠곡(825),X,26.8,23.3,21.4,18.2,99,X, ,X,보통
5/16/2021,경산(827),X,27,24.4,20.1,13.2,91,X, ,X,보통
5/16/2021,삼척(876),X,20.1,16.6,13.9,11,96,X, ,X,보통
5/16/2021,속초(90),X,18.8,15.8,12.6,9.9,94.4,X, ,X,보통
5/16/2021,삼천포(907),X,25.6,22,20.2,19.1,94,X, ,X,보통
5/16/2021,고성(918),X,24.9,21.7,20.5,19.4,94,X, ,X,보통
5/16/2021,창녕(919),X,27,23.8,22,20.4,95,X, ,X,보통
5/16/2021,함안(920),X,26.9,24,21.6,20,94,X, ,X,보통
5/16/2021,북춘천(93),X,23.4,19.8,16.3,12.1,94.9,X, ,X,보통
5/16/2021,하동(932),X,25.9,22.5,21.3,20,96,X, ,X,보통
5/16/2021,철원(95),X,23.1,19.5,14.9,11.3,100,X, ,X,보통
5/16/2021,동두천(98),X,23.4,19.7,16.1,11.8,99.8,X, ,X,보통
5/16/2021,파주(99),X,23.4,19.7,16,11.8,99,X, ,X,보통
5/17/2021,북강릉(104),X,16.7,13.4,11.6,9.6,96.5,X, ,X,보통
5/17/2021,동해(106),X,16.3,12.9,11.7,11,98.1,X, ,X,보통
5/17/2021,서울(108),X,19.7,16.7,15.3,14.2,93,X, ,X,보통
5/17/2021,인천(112),X,19.6,17.6,14.4,12.8,88.6,X, ,X,보통
5/17/2021,원주(114),X,20.1,17,15,12.9,93.1,X, ,X,보통
5/17/2021,울릉도(115),X,18.1,15.8,13.3,11.5,91.3,X, ,X,보통
5/17/2021,수원(119),X,19.9,16.3,15.2,13.4,99.3,X, ,X,보통
5/17/2021,영월(121),X,20.3,16.9,14.8,12.4,97.3,X, ,X,보통
5/17/2021,충주(127),X,20.2,17,15.5,14.1,94,X, ,X,보통
5/17/2021,서산(129),X,19.9,17.8,15,12.9,90.9,X, ,X,보통
5/17/2021,울진(130),X,17.7,14.7,12.8,11.9,98.1,X, ,X,보통
5/17/2021,청주(131),X,20.5,17.6,16.3,15.3,88.4,X, ,X,보통
5/17/2021,대전(133),X,21.4,18.4,16.4,15.3,97,X, ,X,보통
5/17/2021,추풍령(135),X,23.1,20.1,16.1,13.6,91.4,X, ,X,보통
5/17/2021,안동(136),X,18.8,15.6,14.4,13.1,93.3,X, ,X,보통
5/17/2021,상주(137),X,21.1,18.7,15.9,14.6,98,X, ,X,보통
5/17/2021,포항(138),X,17.9,14.9,14,13.3,93.9,X, ,X,보통
5/17/2021,군산(140),X,19.9,17.6,15,14,94.1,X, ,X,보통
5/17/2021,대구(143),X,19,16,14.4,13.4,93.4,X, ,X,보통
5/17/2021,전주(146),X,20.1,17.2,15.6,14.5,92.1,X, ,X,보통
5/17/2021,울산(152),X,19.4,16.2,14.4,13.2,97,X, ,X,보통
5/17/2021,창원(155),X,22.9,20,15.7,14.7,94.3,X, ,X,보통
5/17/2021,광주(156),X,21.1,18.1,15.9,14.4,98.1,X, ,X,보통
5/17/2021,부산(159),X,19.1,16,14.7,14.2,96.6,X, ,X,보통
5/17/2021,통영(162),X,22.8,19.6,16.8,15.9,100,X, ,X,보통
5/17/2021,목포(165),X,18.8,16.1,15,14,95.4,X, ,X,보통
5/17/2021,여수(168),X,23,20.9,18.8,17.1,87.1,X, ,X,보통
5/17/2021,흑산도(169),X,19.8,16.9,14.7,13.1,93.4,X, ,X,보통
5/17/2021,완도(170),X,20.1,17.6,,14.5,,X, ,X,보통
5/17/2021,고창(172),X,19.2,16.1,14.8,13.9,93.5,X, ,X,보통
5/17/2021,제주(184),X,21.2,18.8,16.7,15.7,85.4,X, ,X,보통
5/17/2021,진주(192),X,24.4,21.3,18.5,16,95.9,X, ,X,보통
5/17/2021,양평(202),X,20.4,17.3,15,13,97.6,X, ,X,보통
5/17/2021,이천(203),X,20.2,16.6,14.9,12.7,100,X, ,X,보통
5/17/2021,인제(211),X,17,14.2,12.2,9.9,91.8,X, ,X,보통
5/17/2021,홍천(212),X,18.2,15,13.2,11.3,94.1,X, ,X,보통
5/17/2021,태백(216),X,14.8,11.6,10.5,9.4,97.8,X, ,X,보통
5/17/2021,정선군(217),X,17.8,14.9,13.2,10.6,93.1,X, ,X,보통
5/17/2021,제천(221),X,20.2,16.9,14.7,12.3,97.3,X, ,X,보통
5/17/2021,보은(226),X,22.1,19,16.3,14.6,94.3,X, ,X,보통
5/17/2021,천안(232),X,20.1,16.6,15.8,14.5,98.8,X, ,X,보통
5/17/2021,보령(235),X,19.7,16.8,14.5,13.4,95.5,X, ,X,보통
5/17/2021,부여(236),X,20.4,17.4,15.8,14.9,93.8,X, ,X,보통
5/17/2021,금산(238),X,22.2,19.7,16.7,14.9,90,X, ,X,보통
5/17/2021,세종(239),X,20.6,17.7,15.6,14.5,93,X, ,X,보통
5/17/2021,부안(243),X,20,16.9,15.2,14.1,96.6,X, ,X,보통
5/17/2021,임실(244),X,22.4,19.1,15.7,13.7,96,X, ,X,보통
5/17/2021,정읍(245),X,19.1,16.7,15,13.7,90.8,X, ,X,보통
5/17/2021,남원(247),X,,,,,,X, ,X,보통
5/17/2021,장수(248),X,22.4,19,16,12.7,97.9,X, ,X,보통
5/17/2021,영광군(252),X,19.9,16.5,14.8,13.8,93.3,X, ,X,보통
5/17/2021,김해시(253),X,21.8,19,15.8,14.7,98.4,X, ,X,보통
5/17/2021,순창군(254),X,21.8,19.2,16.3,14.4,94.1,X, ,X,보통
5/17/2021,양산시(257),X,21.4,18.1,16,15.1,96.9,X, ,X,보통
5/17/2021,강진군(259),X,20.8,18.4,16,14.5,91.3,X, ,X,보통
5/17/2021,장흥(260),X,22.5,19.9,16.1,14.4,92.6,X, ,X,보통
5/17/2021,해남(261),X,19.7,17.2,15,13.6,92.8,X, ,X,보통
5/17/2021,고흥(262),X,22.5,20,16.8,13.9,91.4,X, ,X,보통
5/17/2021,의령군(263),X,24.7,22.1,19,16.7,90.6,X, ,X,보통
5/17/2021,함양군(264),X,24.1,22.4,18.8,14.3,82,X, ,X,보통
5/17/2021,진도군ASOS(268),X,20.2,17.5,15.1,12.4,94.1,X, ,X,보통
5/17/2021,봉화(271),X,18,15,13.1,11.7,96.5,X, ,X,보통
5/17/2021,영주(272),X,19.5,16.1,15,14.1,99.3,X, ,X,보통
5/17/2021,문경(273),X,20,17.1,15.6,14,99.3,X, ,X,보통
5/17/2021,청송군(276),X,17.2,15.1,13.6,12.2,80.1,X, ,X,보통
5/17/2021,영덕(277),X,18,15.1,13,12.2,97.4,X, ,X,보통
5/17/2021,의성(278),X,20.1,16.8,15.5,14.5,97.1,X, ,X,보통
5/17/2021,구미(279),X,22.6,20,16.4,15,94.5,X, ,X,보통
5/17/2021,영천(281),X,18.5,15.4,13.8,12.7,97.5,X, ,X,보통
5/17/2021,경주시(283),X,18.7,15.8,13.9,13.2,94.6,X, ,X,보통
5/17/2021,거창(284),X,24.8,22.8,18.9,15.1,86.9,X, ,X,보통
5/17/2021,합천(285),X,24.3,21.1,17.8,16.2,96.6,X, ,X,보통
5/17/2021,밀양(288),X,24.3,21.7,17.3,15.8,92.3,X, ,X,보통
5/17/2021,산청(289),X,24.6,22.7,18.7,14.9,91.5,X, ,X,보통
5/17/2021,거제(294),X,23.3,19.9,16.2,15.1,94.4,X, ,X,보통
5/17/2021,남해(295),X,24.1,21.6,18.9,16.5,90.6,X, ,X,보통
5/17/2021,부천(433),X,19.1,16.4,14,12.3,92,X, ,X,보통
5/17/2021,안양(434),X,,16.5,15.3,13.6,,X, ,X,보통
5/17/2021,광명(437),X,19.8,17.3,15.5,14.1,90,X, ,X,보통
5/17/2021,군포(438),X,19,16.2,14.9,13.7,91,X, ,X,보통
5/17/2021,김포(441),X,,17.8,14.6,12.8,,X, ,X,보통
5/17/2021,하남(444),X,19,16.1,14.3,12.7,94,X, ,X,보통
5/17/2021,의왕(445),X,18,14.8,13.7,12,94,X, ,X,보통
5/17/2021,포천(504),X,20.6,18.3,13.4,11.3,93,X, ,X,보통
5/17/2021,가평조종(505),X,18.8,15.4,13.5,12,98,X, ,X,보통
5/17/2021,안성(516),X,19.6,16.2,14.9,14,97,X, ,X,보통
5/17/2021,간성(517),X,19.2,16.5,13,9.8,95,X, ,X,보통
5/17/2021,평창(526),X,19.5,16.2,14.3,11.5,96,X, ,X,보통
5/17/2021,의정부(532),X,20.1,16.7,13.9,12.1,98,X, ,X,보통
5/17/2021,횡성(536),X,19.2,15.8,14.2,12.2,98,X, ,X,보통
5/17/2021,고양(540),X,20.9,18.3,14.4,12.4,98,X, ,X,보통
5/17/2021,남양주(541),X,19.8,16.9,14.7,13.1,94,X, ,X,보통
5/17/2021,안산(545),X,19.2,15.7,14.2,10.7,99,X, ,X,보통
5/17/2021,경기광주(546),X,18.9,15.7,13.9,12.1,95,X, ,X,보통
5/17/2021,여주(548),X,19.2,15.7,14,12.1,99,X, ,X,보통
5/17/2021,용인(549),X,19.3,16.3,14.6,12.7,94,X, ,X,보통
5/17/2021,오산(550),X,20,16.4,15,14,100,X, ,X,보통
5/17/2021,평택(551),X,19.6,16.1,15,14.5,100,X, ,X,보통
5/17/2021,화천(555),X,19.6,16.5,13.3,11,97,X, ,X,보통
5/17/2021,양구(556),X,17.9,15.8,12.9,10.4,87,X, ,X,보통
5/17/2021,시흥(565),X,19.7,17.3,14.9,12.1,92,X, ,X,보통
5/17/2021,구리(569),X,19.7,17.2,15,13.3,83,X, ,X,보통
5/17/2021,화성(571),X,19.7,16.7,15.1,12.9,96,X, ,X,보통
5/17/2021,성남(572),X,19.2,16.6,15,13.5,88,X, ,X,보통
5/17/2021,과천(590),X,19.5,16.2,14.8,12.8,97,X, ,X,보통
5/17/2021,양주(598),X,20.8,18.7,14.1,11.7,92,X, ,X,보통
5/17/2021,단양(601),X,20.9,17.5,15.2,12.7,97,X, ,X,보통
5/17/2021,진천(602),X,20.5,17.6,15.7,14.3,91,X, ,X,보통
5/17/2021,괴산(603),X,21,17.9,15.9,14.6,96,X, ,X,보통
5/17/2021,옥천(604),X,22.5,19.4,16.6,14.7,92,X, ,X,보통
5/17/2021,홍북(608),X,19.4,15.9,14.4,13.2,99,X, ,X,보통
5/17/2021,공주(612),X,20.3,17.2,15.7,14.7,93,X, ,X,보통
5/17/2021,서천(614),X,19.6,16.9,14.8,14.1,94,X, ,X,보통
5/17/2021,논산(615),X,20.1,17.2,16.1,15.3,91,X, ,X,보통
5/17/2021,당진(616),X,19.2,16.1,14.3,12.2,95,X, ,X,보통
5/17/2021,청양(618),X,20,16.8,15.1,13.9,95,X, ,X,보통
5/17/2021,음성(619),X,19.8,16.5,14.9,13.6,94,X, ,X,보통
5/17/2021,증평(623),X,20.8,17.3,15.8,15,98,X, ,X,보통
5/17/2021,태안(627),X,19.7,16.8,14.3,11.8,95,X, ,X,보통
5/17/2021,예산(628),X,19.8,16.8,15.6,15.1,95,X, ,X,보통
5/17/2021,아산(634),X,20.2,16.9,15.6,14.8,100,X, ,X,보통
5/17/2021,계룡(636),X,19.4,16.8,14.9,14,96,X, ,X,보통
5/17/2021,연천청산(652),X,,18.3,13.8,11.1,,X, ,X,보통
5/17/2021,양양(670),X,18.7,15.4,12.8,10.7,97,X, ,X,보통
5/17/2021,무안(699),X,20,16.4,15,13.5,97,X, ,X,보통
5/17/2021,무주(701),X,23.8,21.4,17,14.6,92,X, ,X,보통
5/17/2021,익산(702),X,20,16.9,15.5,14.2,95,X, ,X,보통
5/17/2021,진안(703),X,22.2,19.3,15.1,11.9,96,X, ,X,보통
5/17/2021,담양(706),X,21.5,18.7,16.4,14.1,95,X, ,X,보통
5/17/2021,구례(709),X,24.9,21.6,18.5,14.7,90,X, ,X,보통
5/17/2021,나주(710),X,21,17.7,15.7,13.8,95,X, ,X,보통
5/17/2021,순천시(712),X,24.1,22,19.5,16.4,84,X, ,X,보통
5/17/2021,광양읍(713),X,24.8,22.6,19.7,16.3,88,X, ,X,보통
5/17/2021,장성(730),X,21,17.5,15.7,14.2,99,X, ,X,보통
5/17/2021,영암(731),X,20.5,17.6,15.8,14.5,93,X, ,X,보통
5/17/2021,보성(732),X,22.9,20.9,17.2,14.3,86,X, ,X,보통
5/17/2021,완주(734),X,19.9,16.9,15.5,14.3,97,X, ,X,보통
5/17/2021,김제(737),X,19.4,15.9,14.9,13.8,100,X, ,X,보통
5/17/2021,화순(741),X,21,18.4,15.9,14.8,92,X, ,X,보통
5/17/2021,함평(754),X,20.2,16.6,15.2,13.8,97,X, ,X,보통
5/17/2021,곡성(768),X,24,20.4,17.2,13,88,X, ,X,보통
5/17/2021,압해도(789),X,19.5,16.5,15.2,14.1,93,X, ,X,보통
5/17/2021,영양(801),X,19,15.7,13.8,12.3,99,X, ,X,보통
5/17/2021,성주(810),X,20.7,19,15.9,15,95,X, ,X,보통
5/17/2021,고령(812),X,25.2,21.7,16.6,15.1,98,X, ,X,보통
5/17/2021,청도(813),X,24.3,21.4,16.3,14.6,95,X, ,X,보통
5/17/2021,예천(815),X,19.9,16.9,15.6,14.9,93,X, ,X,보통
5/17/2021,김천(822),X,24.9,21.3,17.3,15.2,97,X, ,X,보통
5/17/2021,군위(823),X,19.8,16.8,15.3,14.4,96,X, ,X,보통
5/17/2021,칠곡(825),X,21.1,18.3,16.3,15.3,99,X, ,X,보통
5/17/2021,경산(827),X,18.9,15.6,14.1,13.2,96,X, ,X,보통
5/17/2021,삼척(876),X,17,14,12.4,11.1,95,X, ,X,보통
5/17/2021,속초(90),X,18.3,15.7,12.9,10,85.6,X, ,X,보통
5/17/2021,삼천포(907),X,22.9,21.2,17.8,16.2,75,X, ,X,보통
5/17/2021,고성(918),X,22.7,19.5,16.9,15.6,95,X, ,X,보통
5/17/2021,창녕(919),X,24.9,21.7,17.7,16,97,X, ,X,보통
5/17/2021,함안(920),X,24.5,21.2,17.7,15.6,95,X, ,X,보통
5/17/2021,북춘천(93),X,19.1,16.6,13.7,10.9,93.5,X, ,X,보통
5/17/2021,하동(932),X,26.2,24.1,20.3,17,86,X, ,X,보통
5/17/2021,철원(95),X,20.5,18.6,13.6,10.8,94.6,X, ,X,보통
5/17/2021,동두천(98),X,20.3,17.4,13.3,11.3,98.5,X, ,X,보통
5/17/2021,파주(99),X,20.4,18.4,14,11.6,92.8,X, ,X,보통
5/18/2021,북강릉(104),X,22,21.4,15.6,9.1,79.8,X, ,X,매우높음
5/18/2021,동해(106),X,20.1,18,14.3,10.3,87.8,X, ,X,높음
5/18/2021,서울(108),X,25.1,24.5,17.9,13.6,70.5,X, ,X,매우높음
5/18/2021,인천(112),X,20.9,20.3,16.4,13.6,66.9,X, ,X,매우높음
5/18/2021,원주(114),X,23.4,22.9,17.4,13.4,75.8,X, ,X,높음
5/18/2021,울릉도(115),X,18.6,16,13.6,11.4,92.9,X, ,X,보통
5/18/2021,수원(119),X,25.1,23.9,16.9,12.7,83.9,X, ,X,매우높음
5/18/2021,영월(121),X,24,24.1,17.8,14.2,77.9,X, ,X,높음
5/18/2021,충주(127),X,24.2,24,17.7,14.5,78.9,X, ,X,높음
5/18/2021,서산(129),X,24.8,23.8,16.8,12.4,82.8,X, ,X,매우높음
5/18/2021,울진(130),X,20.3,17.4,14.7,11.5,95.8,X, ,X,보통
5/18/2021,청주(131),X,24.5,24.3,19.1,15.3,66.8,X, ,X,높음
5/18/2021,대전(133),X,25.3,24.7,18.8,15.2,82,X, ,X,높음
5/18/2021,추풍령(135),X,22.8,22.3,16.5,12.6,77.4,X, ,X,보통
5/18/2021,안동(136),X,23.9,23.2,16.9,13.1,83.5,X, ,X,보통
5/18/2021,상주(137),X,25,24.1,18.4,14,79.8,X, ,X,보통
5/18/2021,포항(138),X,22.6,20.4,16.5,13.7,90.4,X, ,X,보통
5/18/2021,군산(140),X,23.9,22.5,17,13.8,82.5,X, ,X,높음
5/18/2021,대구(143),X,23.9,23.5,17.7,13.5,81,X, ,X,보통
5/18/2021,전주(146),X,24.4,23.9,17.9,14,78,X, ,X,보통
5/18/2021,울산(152),X,21.8,18.6,16,13.9,95.9,X, ,X,보통
5/18/2021,창원(155),X,21.2,18.4,16.4,14.9,90.9,X, ,X,보통
5/18/2021,광주(156),X,24.4,24,18.1,13.6,82.1,X, ,X,보통
5/18/2021,부산(159),X,20.6,17.7,16.1,14.2,93.6,X, ,X,보통
5/18/2021,통영(162),X,23.2,19.5,16.9,15.6,100,X, ,X,보통
5/18/2021,목포(165),X,23.1,21.6,16.9,13.5,82.6,X, ,X,매우높음
5/18/2021,여수(168),X,22.6,20.5,17.6,16.3,83,X, ,X,높음
5/18/2021,흑산도(169),X,22.9,20.7,16.8,12.9,78,X, ,X,매우높음
5/18/2021,완도(170),X,24.2,23,17.4,13.1,78.3,X, ,X,높음
5/18/2021,고창(172),X,23.8,22.6,16.9,13.4,81.6,X, ,X,높음
5/18/2021,제주(184),X,23.2,22.9,18.6,15.3,63,X, ,X,매우높음
5/18/2021,진주(192),X,24.9,23.7,17.8,15.5,89.5,X, ,X,보통
5/18/2021,양평(202),X,24.4,23.8,17.5,13.5,77.8,X, ,X,매우높음
5/18/2021,이천(203),X,25,23.9,17.4,13.3,81.9,X, ,X,매우높음
5/18/2021,인제(211),X,24.6,24.7,16.1,10.9,79.9,X, ,X,매우높음
5/18/2021,홍천(212),X,24.6,24.2,16.1,11.4,82.3,X, ,X,매우높음
5/18/2021,태백(216),X,20.5,20.7,14.5,10.4,75.5,X, ,X,높음
5/18/2021,정선군(217),X,25,24.6,16.6,12.9,80.6,X, ,X,높음
5/18/2021,제천(221),X,23.9,23.2,17.1,13.6,81.8,X, ,X,높음
5/18/2021,보은(226),X,24.1,23.5,17.3,13.9,82.1,X, ,X,높음
5/18/2021,천안(232),X,24,23.6,17.3,13.2,83,X, ,X,매우높음
5/18/2021,보령(235),X,23.9,22.2,15.9,13.2,84.1,X, ,X,매우높음
5/18/2021,부여(236),X,25.1,24,17.9,14.4,80.3,X, ,X,높음
5/18/2021,금산(238),X,23.9,23.6,17.6,14.3,79.6,X, ,X,보통
5/18/2021,세종(239),X,24.4,24.2,18.2,14.5,75.6,X, ,X,높음
5/18/2021,부안(243),X,23.6,22.1,16.9,13.5,85.9,X, ,X,높음
5/18/2021,임실(244),X,23.8,23.1,16.7,13.1,82.9,X, ,X,보통
5/18/2021,정읍(245),X,23.7,22.7,17,13.2,79.4,X, ,X,높음
5/18/2021,남원(247),X,23,,17.9,14.3,78.3,X, ,X,보통
5/18/2021,장수(248),X,22.7,21.8,15.6,11.9,84.6,X, ,X,보통
5/18/2021,영광군(252),X,23.1,22,16.6,13,81.6,X, ,X,매우높음
5/18/2021,김해시(253),X,22.2,19.1,16.4,14.5,96.3,X, ,X,보통
5/18/2021,순창군(254),X,24,24,17.7,14.3,79.1,X, ,X,보통
5/18/2021,양산시(257),X,22.9,20.2,17.2,14.8,94.4,X, ,X,보통
5/18/2021,강진군(259),X,24.5,24.1,18,14.2,75.9,X, ,X,높음
5/18/2021,장흥(260),X,23.8,23.3,17.7,13.9,79.1,X, ,X,보통
5/18/2021,해남(261),X,24,22.6,16.6,12.7,82.4,X, ,X,높음
5/18/2021,고흥(262),X,23.6,22.6,16.9,12.3,84,X, ,X,높음
5/18/2021,의령군(263),X,24.5,22.8,18.6,16.1,83.6,X, ,X,보통
5/18/2021,함양군(264),X,25.1,25,17.6,12.6,78.4,X, ,X,보통
5/18/2021,진도군ASOS(268),X,23.9,22.3,16.2,11.9,85,X, ,X,매우높음
5/18/2021,봉화(271),X,21.2,20.2,14.6,11.8,87.3,X, ,X,보통
5/18/2021,영주(272),X,23.6,22.2,16.9,13.8,87,X, ,X,보통
5/18/2021,문경(273),X,24.3,23.4,17.7,13.1,81.1,X, ,X,보통
5/18/2021,청송군(276),X,22.4,22.7,16.1,12.3,72.6,X, ,X,보통
5/18/2021,영덕(277),X,22.8,20.6,15.4,12.3,91.9,X, ,X,보통
5/18/2021,의성(278),X,24,23,16.9,13,87.5,X, ,X,보통
5/18/2021,구미(279),X,24.8,24,17.9,14.8,79.5,X, ,X,보통
5/18/2021,영천(281),X,23,21.5,16.3,13.2,88.8,X, ,X,보통
5/18/2021,경주시(283),X,23.4,21.6,16.8,13.4,86.1,X, ,X,보통
5/18/2021,거창(284),X,25,24.7,17.3,13.7,83.3,X, ,X,보통
5/18/2021,합천(285),X,24.7,23.4,18.4,15.2,85.9,X, ,X,보통
5/18/2021,밀양(288),X,23.8,22.4,18,15.3,83.8,X, ,X,보통
5/18/2021,산청(289),X,24.7,23.9,17.5,14.2,84.6,X, ,X,보통
5/18/2021,거제(294),X,21.8,18.9,16.5,15.2,93,X, ,X,보통
5/18/2021,남해(295),X,23.6,21.5,17.6,15.1,88.4,X, ,X,보통
5/18/2021,부천(433),X,23.8,23.2,17,12.4,68,X, ,X,매우높음
5/18/2021,안양(434),X,17.5,23.9,18,14.1,,X, ,X,매우높음
5/18/2021,광명(437),X,24.7,24.4,18.2,13.8,68,X, ,X,매우높음
5/18/2021,군포(438),X,24.5,24.1,17.4,13.2,69,X, ,X,매우높음
5/18/2021,김포(441),X,,24.2,17.4,13,,X, ,X,매우높음
5/18/2021,하남(444),X,24.7,24.6,16.9,12,76,X, ,X,매우높음
5/18/2021,의왕(445),X,23.2,22.5,15.4,10.6,78,X, ,X,매우높음
5/18/2021,포천(504),X,25.3,25,16.6,11.3,79,X, ,X,매우높음
5/18/2021,가평조종(505),X,25.1,24.6,16.7,11.3,78,X, ,X,매우높음
5/18/2021,안성(516),X,23.6,22.6,17.1,12.8,80,X, ,X,매우높음
5/18/2021,간성(517),X,23.1,21.6,16.5,8.3,80,X, ,X,매우높음
5/18/2021,평창(526),X,24.3,24.4,17.1,13.1,78,X, ,X,높음
5/18/2021,의정부(532),X,26.7,24.8,16.8,11.9,84,X, ,X,매우높음
5/18/2021,횡성(536),X,25,23.9,16.6,11.6,86,X, ,X,높음
5/18/2021,고양(540),X,26.9,26.5,17.1,11.2,76,X, ,X,매우높음
5/18/2021,남양주(541),X,26,25.7,17.2,12.5,78,X, ,X,매우높음
5/18/2021,안산(545),X,24.9,23.7,15.6,9.8,85,X, ,X,매우높음
5/18/2021,경기광주(546),X,24.8,24.3,16.2,12,80,X, ,X,매우높음
5/18/2021,여주(548),X,23.9,22.4,16.4,12.5,83,X, ,X,매우높음
5/18/2021,용인(549),X,24.3,24,16.9,11.9,76,X, ,X,매우높음
5/18/2021,오산(550),X,24.6,24.1,17.2,12.8,74,X, ,X,매우높음
5/18/2021,평택(551),X,24.5,23.6,17.5,13.1,77,X, ,X,매우높음
5/18/2021,화천(555),X,26.3,25.3,16.5,11.5,86,X, ,X,매우높음
5/18/2021,양구(556),X,25,24.8,16.5,10.8,78,X, ,X,매우높음
5/18/2021,시흥(565),X,24,23.5,16.6,10.9,76,X, ,X,매우높음
5/18/2021,구리(569),X,25.6,26.3,18.1,13.2,65,X, ,X,매우높음
5/18/2021,화성(571),X,24.3,24,16.7,12.1,74,X, ,X,매우높음
5/18/2021,성남(572),X,24.6,24.1,17.8,12.8,68,X, ,X,매우높음
5/18/2021,과천(590),X,25.3,24.8,16.9,11.3,80,X, ,X,매우높음
5/18/2021,양주(598),X,24.9,24.7,16.4,11.6,78,X, ,X,매우높음
5/18/2021,단양(601),X,24.7,24.7,18.1,14.7,81,X, ,X,높음
5/18/2021,진천(602),X,24.7,24.6,18.2,14.6,74,X, ,X,높음
5/18/2021,괴산(603),X,24.6,24.2,17.8,13.4,80,X, ,X,높음
5/18/2021,옥천(604),X,24.3,24.1,17.4,14.1,83,X, ,X,보통
5/18/2021,홍북(608),X,25.9,24.4,16.1,12,88,X, ,X,매우높음
5/18/2021,공주(612),X,25.5,24.9,18.4,14.8,75,X, ,X,높음
5/18/2021,서천(614),X,23,21.1,16.8,13,83,X, ,X,높음
5/18/2021,논산(615),X,25.2,24.9,18.4,14.6,78,X, ,X,높음
5/18/2021,당진(616),X,25.2,24,16.7,12.2,82,X, ,X,매우높음
5/18/2021,청양(618),X,24.6,24.2,16.6,12.2,84,X, ,X,매우높음
5/18/2021,음성(619),X,24,23.2,17.1,13.2,80,X, ,X,높음
5/18/2021,증평(623),X,24.4,23.2,17.7,13.9,82,X, ,X,높음
5/18/2021,태안(627),X,24,22.2,15.7,11.5,87,X, ,X,매우높음
5/18/2021,예산(628),X,24.7,23.8,17.8,13.6,81,X, ,X,매우높음
5/18/2021,아산(634),X,24.2,23.7,17.1,13.8,82,X, ,X,매우높음
5/18/2021,계룡(636),X,24.1,23.6,16.7,12.6,85,X, ,X,높음
5/18/2021,연천청산(652),X,,25,16.2,10.2,,X, ,X,매우높음
5/18/2021,양양(670),X,23.5,21.6,16.8,9.3,86,X, ,X,매우높음
5/18/2021,무안(699),X,23.4,21.5,16.7,13.5,86,X, ,X,매우높음
5/18/2021,무주(701),X,23.4,23.1,16.6,12.4,79,X, ,X,보통
5/18/2021,익산(702),X,24.6,23.8,17.5,14.4,84,X, ,X,높음
5/18/2021,진안(703),X,22.8,22.3,15.8,12.4,84,X, ,X,보통
5/18/2021,담양(706),X,25.5,24.7,18.3,13.7,83,X, ,X,보통
5/18/2021,구례(709),X,25,24.1,17.9,13.4,85,X, ,X,보통
5/18/2021,나주(710),X,24.8,23.9,17.7,13.2,82,X, ,X,높음
5/18/2021,순천시(712),X,25.1,24.1,19,16.2,76,X, ,X,보통
5/18/2021,광양읍(713),X,25.9,24.8,19.1,15.9,81,X, ,X,보통
5/18/2021,장성(730),X,25.6,24.5,17.5,13.4,88,X, ,X,높음
5/18/2021,영암(731),X,24.7,23.4,17.6,13.8,82,X, ,X,높음
5/18/2021,보성(732),X,26,26,17.5,13.7,78,X, ,X,보통
5/18/2021,완주(734),X,24.8,23.8,17.3,13.6,84,X, ,X,보통
5/18/2021,김제(737),X,24.8,23.5,17,13.8,89,X, ,X,높음
5/18/2021,화순(741),X,24.5,24.2,17.3,14,80,X, ,X,보통
5/18/2021,함평(754),X,23.9,22.5,17.2,13.7,86,X, ,X,매우높음
5/18/2021,곡성(768),X,24.5,24.4,17.4,12.6,81,X, ,X,보통
5/18/2021,압해도(789),X,24.3,22.5,16.9,12.7,82,X, ,X,매우높음
5/18/2021,영양(801),X,23.6,22.6,16.2,12.4,88,X, ,X,보통
5/18/2021,성주(810),X,24.9,23.8,18,14.5,83,X, ,X,보통
5/18/2021,고령(812),X,24.1,23.2,17.4,14.5,91,X, ,X,보통
5/18/2021,청도(813),X,24.1,23.1,17.7,14.1,84,X, ,X,보통
5/18/2021,예천(815),X,24,23.6,17.5,13.9,80,X, ,X,보통
5/18/2021,김천(822),X,25.4,24.6,18,12.9,83,X, ,X,보통
5/18/2021,군위(823),X,24.8,23.2,17.2,14.2,90,X, ,X,보통
5/18/2021,칠곡(825),X,24.5,23.3,18.1,15,87,X, ,X,보통
5/18/2021,경산(827),X,23.7,22.6,17.2,13.4,85,X, ,X,보통
5/18/2021,삼척(876),X,23.5,22.1,15.9,11.1,84,X, ,X,높음
5/18/2021,속초(90),X,21.7,20.7,15.3,9.1,82.9,X, ,X,매우높음
5/18/2021,삼천포(907),X,21.1,19.3,16.9,16,73,X, ,X,보통
5/18/2021,고성(918),X,22.7,20.8,17,15.3,89,X, ,X,보통
5/18/2021,창녕(919),X,24.5,23.2,18.1,15.2,88,X, ,X,보통
5/18/2021,함안(920),X,24,22.1,17.4,15.2,91,X, ,X,보통
5/18/2021,북춘천(93),X,25.2,24.2,16.5,10.8,83.5,X, ,X,매우높음
5/18/2021,하동(932),X,24.9,23.5,18.1,15.4,85,X, ,X,보통
5/18/2021,철원(95),X,25.1,24.4,16.4,9.3,82.1,X, ,X,매우높음
5/18/2021,동두천(98),X,25.7,24.9,16.9,10.7,81.6,X, ,X,매우높음
5/18/2021,파주(99),X,25.4,24.5,15.9,11,82.4,X, ,X,매우높음
5/19/2021,북강릉(104),X,25.6,28,22.1,13.8,45.8,X, ,X,매우높음
5/19/2021,동해(106),X,25.4,26.5,20.3,13.3,54.3,X, ,X,매우높음
5/19/2021,서울(108),X,25.4,26.6,19.9,12.4,52.3,X, ,X,매우높음
5/19/2021,인천(112),X,22.3,22.9,18.2,13.1,60.3,X, ,X,매우높음
5/19/2021,원주(114),X,24.8,26.3,19.5,12.4,60.1,X, ,X,매우높음
5/19/2021,울릉도(115),X,22.6,21.3,17.2,12.3,76.3,X, ,X,매우높음
5/19/2021,수원(119),X,25.5,26.2,18.9,10.6,66.3,X, ,X,매우높음
5/19/2021,영월(121),X,25.3,27.1,18.6,12.8,68.4,X, ,X,매우높음
5/19/2021,충주(127),X,25.5,27,19,10.7,65.8,X, ,X,매우높음
5/19/2021,서산(129),X,25.5,26.7,18.8,10.2,61.4,X, ,X,매우높음
5/19/2021,울진(130),X,26.2,26.4,19.5,13.1,70.5,X, ,X,매우높음
5/19/2021,청주(131),X,25.7,28.2,21.2,14.5,54.6,X, ,X,매우높음
5/19/2021,대전(133),X,26.2,27.6,20.9,14.8,63.3,X, ,X,매우높음
5/19/2021,추풍령(135),X,25.2,26.2,18.9,12.3,66.1,X, ,X,매우높음
5/19/2021,안동(136),X,26.2,28.3,20.1,12.8,64.8,X, ,X,매우높음
5/19/2021,상주(137),X,27.2,28.9,21.2,14.5,62.8,X, ,X,매우높음
5/19/2021,포항(138),X,27,27.5,21.1,16.4,65.9,X, ,X,매우높음
5/19/2021,군산(140),X,25.7,24.9,18.8,12.6,73.4,X, ,X,매우높음
5/19/2021,대구(143),X,26.9,29.4,22.5,15.8,57.4,X, ,X,매우높음
5/19/2021,전주(146),X,26.2,27.5,20.6,13.6,61.6,X, ,X,매우높음
5/19/2021,울산(152),X,26.6,26.5,20.3,14.6,70.4,X, ,X,매우높음
5/19/2021,창원(155),X,26.6,27.2,20.3,15.2,65,X, ,X,매우높음
5/19/2021,광주(156),X,26.4,28.2,21.2,14.4,63.3,X, ,X,매우높음
5/19/2021,부산(159),X,24.7,23.6,19.3,16,74.4,X, ,X,매우높음
5/19/2021,통영(162),X,25.5,23.1,18.7,15.6,94.3,X, ,X,매우높음
5/19/2021,목포(165),X,25.5,25.1,19.5,14.1,69.3,X, ,X,매우높음
5/19/2021,여수(168),X,24.9,23.7,19.5,15.9,78.8,X, ,X,매우높음
5/19/2021,흑산도(169),X,22.6,21.4,18,14.2,72.4,X, ,X,매우높음
5/19/2021,완도(170),X,26.8,26.7,19.7,13.9,71.1,X, ,X,매우높음
5/19/2021,고창(172),X,25.2,26.9,19.4,12.7,67.6,X, ,X,매우높음
5/19/2021,제주(184),X,23.6,21.8,19.7,17.2,68.4,X, ,X,매우높음
5/19/2021,진주(192),X,27.4,29.1,20.8,14.3,70.5,X, ,X,매우높음
5/19/2021,양평(202),X,25.8,27.4,18.8,11,65.8,X, ,X,매우높음
5/19/2021,이천(203),X,26.5,27.8,19.3,10.1,64,X, ,X,매우높음
5/19/2021,인제(211),X,25.4,27.2,18.4,12.7,67.1,X, ,X,매우높음
5/19/2021,홍천(212),X,25.7,27.7,19,13.1,65.9,X, ,X,매우높음
5/19/2021,태백(216),X,23.6,25.8,17.5,10.7,59.5,X, ,X,매우높음
5/19/2021,정선군(217),X,26.6,28.4,18.8,12.7,68.4,X, ,X,매우높음
5/19/2021,제천(221),X,25.9,26.5,18.2,11.8,70.5,X, ,X,매우높음
5/19/2021,보은(226),X,25.7,26.9,18.9,11,70,X, ,X,매우높음
5/19/2021,천안(232),X,25.1,26.6,18.4,10.3,70.3,X, ,X,매우높음
5/19/2021,보령(235),X,24.6,24.8,19.1,12.1,62.8,X, ,X,매우높음
5/19/2021,부여(236),X,26.6,28.6,19.5,12.9,65.4,X, ,X,매우높음
5/19/2021,금산(238),X,25.5,27.2,19,12.7,70.1,X, ,X,매우높음
5/19/2021,세종(239),X,25.6,27.9,19.8,13.7,58.3,X, ,X,매우높음
5/19/2021,부안(243),X,26,26.5,18.9,12.3,72,X, ,X,매우높음
5/19/2021,임실(244),X,26.2,26.8,18.4,12.1,74,X, ,X,매우높음
5/19/2021,정읍(245),X,25.4,26.9,19.4,11.9,64.4,X, ,X,매우높음
5/19/2021,남원(247),X,26,28,19.7,12.1,69.6,X, ,X,매우높음
5/19/2021,장수(248),X,24.7,25.4,17.4,10.9,75.5,X, ,X,매우높음
5/19/2021,영광군(252),X,25.3,26.2,18.6,11.6,70.9,X, ,X,매우높음
5/19/2021,김해시(253),X,28.9,28.1,20.2,15.3,73.5,X, ,X,매우높음
5/19/2021,순창군(254),X,26,27.7,19.4,12.5,70.5,X, ,X,매우높음
5/19/2021,양산시(257),X,28.5,28.3,20.8,15.8,74.6,X, ,X,매우높음
5/19/2021,강진군(259),X,27.6,28.7,20.6,13.6,69.6,X, ,X,매우높음
5/19/2021,장흥(260),X,26.5,26.8,20,13.5,70,X, ,X,매우높음
5/19/2021,해남(261),X,26.6,27,19.2,11.5,74.4,X, ,X,매우높음
5/19/2021,고흥(262),X,27,26.5,19.2,12.5,75.9,X, ,X,매우높음
5/19/2021,의령군(263),X,27.8,29.6,21.6,15,67.5,X, ,X,매우높음
5/19/2021,함양군(264),X,26.7,29.1,19.8,13.1,66,X, ,X,매우높음
5/19/2021,진도군ASOS(268),X,25.6,25.5,19.4,11.5,70.3,X, ,X,매우높음
5/19/2021,봉화(271),X,23.6,24.9,16.7,10.5,73.9,X, ,X,매우높음
5/19/2021,영주(272),X,26.1,27.3,19,12.6,69.6,X, ,X,매우높음
5/19/2021,문경(273),X,25.6,27.6,20.4,11.8,51.6,X, ,X,매우높음
5/19/2021,청송군(276),X,25.9,28.9,19.5,11.5,60.4,X, ,X,매우높음
5/19/2021,영덕(277),X,27.4,27.9,20.9,13.7,59.8,X, ,X,매우높음
5/19/2021,의성(278),X,27.1,28.8,19.5,12.5,73.3,X, ,X,매우높음
5/19/2021,구미(279),X,26.7,28.8,20.9,13.2,60.4,X, ,X,매우높음
5/19/2021,영천(281),X,26.7,28.6,20.2,12.6,67.5,X, ,X,매우높음
5/19/2021,경주시(283),X,28,29.6,20.8,13.6,67.5,X, ,X,매우높음
5/19/2021,거창(284),X,26,28.2,19.2,10.7,65,X, ,X,매우높음
5/19/2021,합천(285),X,26.9,28.8,20.7,14.4,71,X, ,X,매우높음
5/19/2021,밀양(288),X,27.8,29.5,22.2,15.9,62.6,X, ,X,매우높음
5/19/2021,산청(289),X,26.9,29.1,20.7,13.4,65.8,X, ,X,매우높음
5/19/2021,거제(294),X,26.4,26.4,20.1,15.4,72,X, ,X,매우높음
5/19/2021,남해(295),X,26.9,26.8,20,14.9,71.5,X, ,X,매우높음
5/19/2021,부천(433),X,23.9,25.8,18.9,11.3,53,X, ,X,매우높음
5/19/2021,안양(434),X,19.9,26,19.9,12.7,,X, ,X,매우높음
5/19/2021,광명(437),X,25,27.3,20.8,13.7,47,X, ,X,매우높음
5/19/2021,군포(438),X,25.2,26.9,19.6,11.8,49,X, ,X,매우높음
5/19/2021,김포(441),X,,26.3,18.8,11,,X, ,X,매우높음
5/19/2021,하남(444),X,26,27.7,18.2,9,57,X, ,X,매우높음
5/19/2021,의왕(445),X,23.8,25,16.9,8.3,57,X, ,X,매우높음
5/19/2021,포천(504),X,26.2,27.9,18.2,9.1,61,X, ,X,매우높음
5/19/2021,가평조종(505),X,25.2,26.9,17.2,8,62,X, ,X,매우높음
5/19/2021,안성(516),X,26,26.5,18.8,10.4,60,X, ,X,매우높음
5/19/2021,간성(517),X,27.7,30.2,22.3,13.4,49,X, ,X,매우높음
5/19/2021,평창(526),X,25.1,27.9,18.5,12.1,65,X, ,X,매우높음
5/19/2021,의정부(532),X,25.7,27.2,18,9.1,64,X, ,X,매우높음
5/19/2021,횡성(536),X,26.6,27.6,18.8,12.9,73,X, ,X,매우높음
5/19/2021,고양(540),X,27.6,28.8,18.5,8.8,61,X, ,X,매우높음
5/19/2021,남양주(541),X,26.5,28.5,18.9,10.3,58,X, ,X,매우높음
5/19/2021,안산(545),X,24.8,25.1,16.5,7.4,75,X, ,X,매우높음
5/19/2021,경기광주(546),X,25.1,27.2,17.8,8.8,61,X, ,X,매우높음
5/19/2021,여주(548),X,25.7,26.5,18.5,10,66,X, ,X,매우높음
5/19/2021,용인(549),X,24.9,26.7,17.9,9.1,59,X, ,X,매우높음
5/19/2021,오산(550),X,25.1,26.8,19.1,10.2,54,X, ,X,매우높음
5/19/2021,평택(551),X,25.5,26.7,19.4,11,62,X, ,X,매우높음
5/19/2021,화천(555),X,27.6,29.2,18.4,11.9,74,X, ,X,매우높음
5/19/2021,양구(556),X,26.1,28.4,19.3,13.4,62,X, ,X,매우높음
5/19/2021,시흥(565),X,24.4,25.9,17.9,9.2,68,X, ,X,매우높음
5/19/2021,구리(569),X,26.1,28.3,19.3,10.7,52,X, ,X,매우높음
5/19/2021,화성(571),X,24.9,26.4,19.1,11.2,53,X, ,X,매우높음
5/19/2021,성남(572),X,24.9,27.5,19.3,9.8,52,X, ,X,매우높음
5/19/2021,과천(590),X,25.9,27.6,18.4,8.8,63,X, ,X,매우높음
5/19/2021,양주(598),X,24.6,26.8,17.6,8.3,60,X, ,X,매우높음
5/19/2021,단양(601),X,26.2,27.9,18.9,12.5,67,X, ,X,매우높음
5/19/2021,진천(602),X,25.9,27.6,19.5,11.7,62,X, ,X,매우높음
5/19/2021,괴산(603),X,25.6,27.8,18.6,11.2,71,X, ,X,매우높음
5/19/2021,옥천(604),X,25.9,27.7,19.1,13,71,X, ,X,매우높음
5/19/2021,홍북(608),X,27,27.1,18.6,8.7,61,X, ,X,매우높음
5/19/2021,공주(612),X,26.6,28.6,19.4,13.5,64,X, ,X,매우높음
5/19/2021,서천(614),X,25.4,25,18.1,10.8,77,X, ,X,매우높음
5/19/2021,논산(615),X,27.1,28.5,19.9,12.6,65,X, ,X,매우높음
5/19/2021,당진(616),X,25.1,25.6,18.1,9.1,62,X, ,X,매우높음
5/19/2021,청양(618),X,26.4,27.4,18.7,10.3,64,X, ,X,매우높음
5/19/2021,음성(619),X,25.2,26.4,17.7,9.6,70,X, ,X,매우높음
5/19/2021,증평(623),X,25.9,27.1,19.1,11.5,70,X, ,X,매우높음
5/19/2021,태안(627),X,25.9,26.2,18.8,11.2,64,X, ,X,매우높음
5/19/2021,예산(628),X,25.4,26.5,19.4,12,61,X, ,X,매우높음
5/19/2021,아산(634),X,24.9,26.4,19,12,62,X, ,X,매우높음
5/19/2021,계룡(636),X,26.2,27.3,17.7,9.8,68,X, ,X,매우높음
5/19/2021,연천청산(652),X,,26.9,17.3,8.3,,X, ,X,매우높음
5/19/2021,양양(670),X,28.4,30.9,24.1,19.4,47,X, ,X,매우높음
5/19/2021,무안(699),X,25.7,25.8,18.9,11.9,76,X, ,X,매우높음
5/19/2021,무주(701),X,25.6,27.1,18.6,11.4,69,X, ,X,매우높음
5/19/2021,익산(702),X,25.9,27.5,19.4,11.6,74,X, ,X,매우높음
5/19/2021,진안(703),X,24.2,25.7,17.7,10.8,72,X, ,X,매우높음
5/19/2021,담양(706),X,27.6,29,20.5,13,70,X, ,X,매우높음
5/19/2021,구례(709),X,28,28.5,20.9,14.5,75,X, ,X,매우높음
5/19/2021,나주(710),X,26.8,27.4,19.7,13.3,77,X, ,X,매우높음
5/19/2021,순천시(712),X,26.8,27.4,21.4,15.5,67,X, ,X,매우높음
5/19/2021,광양읍(713),X,28.9,29.6,21.4,14.4,71,X, ,X,매우높음
5/19/2021,장성(730),X,26.1,27.9,19.9,12.9,69,X, ,X,매우높음
5/19/2021,영암(731),X,27.2,28,19.6,12.6,75,X, ,X,매우높음
5/19/2021,보성(732),X,27.9,29.2,20.6,13.2,67,X, ,X,매우높음
5/19/2021,완주(734),X,26.9,28.1,19.6,12.9,69,X, ,X,매우높음
5/19/2021,김제(737),X,27.1,27.6,19.9,13.5,70,X, ,X,매우높음
5/19/2021,화순(741),X,26.9,28.1,19.9,13.2,71,X, ,X,매우높음
5/19/2021,함평(754),X,26.7,27.4,19.3,11.7,76,X, ,X,매우높음
5/19/2021,곡성(768),X,26.5,28.6,19.8,12.6,68,X, ,X,매우높음
5/19/2021,압해도(789),X,25.4,25.6,18.8,12.6,71,X, ,X,매우높음
5/19/2021,영양(801),X,26.7,28.3,19.3,13.2,73,X, ,X,매우높음
5/19/2021,성주(810),X,27.1,29.3,20.3,12.6,70,X, ,X,매우높음
5/19/2021,고령(812),X,27,29.2,20.1,14.7,74,X, ,X,매우높음
5/19/2021,청도(813),X,27.3,29,21,15.1,67,X, ,X,매우높음
5/19/2021,예천(815),X,26.3,28.9,20.1,12.1,61,X, ,X,매우높음
5/19/2021,김천(822),X,28,29.3,20,10.7,72,X, ,X,매우높음
5/19/2021,군위(823),X,27.1,28.6,18.9,12.4,76,X, ,X,매우높음
5/19/2021,칠곡(825),X,27.1,29,21.2,14,68,X, ,X,매우높음
5/19/2021,경산(827),X,27,29.4,21.5,14.6,62,X, ,X,매우높음
5/19/2021,삼척(876),X,27.2,28.4,23.1,14,46,X, ,X,매우높음
5/19/2021,속초(90),X,26.5,28.6,22.4,14.1,46,X, ,X,매우높음
5/19/2021,삼천포(907),X,24.1,23,18.8,15.3,69,X, ,X,매우높음
5/19/2021,고성(918),X,26,25,19.8,15,76,X, ,X,매우높음
5/19/2021,창녕(919),X,27.1,28.5,21.6,15.5,68,X, ,X,매우높음
5/19/2021,함안(920),X,27.2,28.1,20.6,14.7,73,X, ,X,매우높음
5/19/2021,북춘천(93),X,25.8,28.5,18.5,11.7,68.4,X, ,X,매우높음
5/19/2021,하동(932),X,27.5,28.4,21.1,15.4,70,X, ,X,매우높음
5/19/2021,철원(95),X,25.5,26.8,18.1,9.2,69,X, ,X,매우높음
5/19/2021,동두천(98),X,26.3,27.4,18.1,9.3,59.4,X, ,X,매우높음
5/19/2021,파주(99),X,26,26.1,17,8.3,71.4,X, ,X,매우높음
5/20/2021,북강릉(104),X,21.7,20.8,17.3,13.9,74.9,X, ,X,보통
5/20/2021,동해(106),X,20.6,20,16.7,13.5,74.4,X, ,X,보통
5/20/2021,서울(108),X,23.3,22.9,18.7,15.6,59.8,X, ,X,보통
5/20/2021,인천(112),X,21.9,22.4,18.2,14.8,64.3,X, ,X,보통
5/20/2021,원주(114),X,22.4,23,18.4,14.5,64,X, ,X,보통
5/20/2021,울릉도(115),X,20.7,19.6,16.6,13.8,73.6,X, ,X,보통
5/20/2021,수원(119),X,23.3,23.4,18.1,14.5,74.3,X, ,X,보통
5/20/2021,영월(121),X,21.6,19.6,16.3,13.4,80.4,X, ,X,보통
5/20/2021,충주(127),X,21.3,21.1,17.9,15.1,72.1,X, ,X,보통
5/20/2021,서산(129),X,21.8,21.9,17,14.5,76.8,X, ,X,보통
5/20/2021,울진(130),X,20.9,19.6,16.5,14.2,83.6,X, ,X,보통
5/20/2021,청주(131),X,21.7,21.5,17.4,15.6,74.9,X, ,X,보통
5/20/2021,대전(133),X,22.2,19.2,16.9,15.4,89.5,X, ,X,보통
5/20/2021,추풍령(135),X,18.8,16.9,14.6,13.6,87.3,X, ,X,보통
5/20/2021,안동(136),X,20.1,18.3,15.9,14.3,84.1,X, ,X,보통
5/20/2021,상주(137),X,20.2,17.7,15.4,14.5,93.6,X, ,X,보통
5/20/2021,포항(138),X,21.2,19.1,16.4,14.9,86.9,X, ,X,보통
5/20/2021,군산(140),X,20.8,19.6,16.7,14.8,86.3,X, ,X,보통
5/20/2021,대구(143),X,21.2,20,16.3,14.7,85.1,X, ,X,보통
5/20/2021,전주(146),X,21.8,19.8,17.3,15.1,81.1,X, ,X,보통
5/20/2021,울산(152),X,20.9,18.1,16.1,14.7,94.1,X, ,X,보통
5/20/2021,창원(155),X,19.9,17.7,16.2,15.3,89.8,X, ,X,보통
5/20/2021,광주(156),X,21.8,20.6,16.5,13.6,93.4,X, ,X,보통
5/20/2021,부산(159),X,21.3,17.9,16.9,15.9,90.5,X, ,X,보통
5/20/2021,통영(162),X,21.4,17.8,16.8,15.3,100,X, ,X,보통
5/20/2021,목포(165),X,21.1,18.8,16.2,15,94.6,X, ,X,보통
5/20/2021,여수(168),X,21,18.6,16.7,14.9,91.4,X, ,X,보통
5/20/2021,흑산도(169),X,19.6,18.3,15.2,14.5,97,X, ,X,보통
5/20/2021,완도(170),X,21.4,17.9,16.4,15.1,93,X, ,X,보통
5/20/2021,고창(172),X,20.1,18.2,15.7,14.3,87.8,X, ,X,보통
5/20/2021,제주(184),X,25.5,23.4,18.3,15.9,88.4,X, ,X,보통
5/20/2021,진주(192),X,20,16.7,15.9,15.3,96.5,X, ,X,보통
5/20/2021,양평(202),X,23,22.5,17.7,14.2,70.1,X, ,X,보통
5/20/2021,이천(203),X,23.1,22.3,17.3,14.3,77.6,X, ,X,보통
5/20/2021,인제(211),X,22.5,22.9,16.3,12.1,70.6,X, ,X,보통
5/20/2021,홍천(212),X,22.8,22.4,16.7,12.7,71.9,X, ,X,보통
5/20/2021,태백(216),X,18.3,17.8,13.1,11.3,81,X, ,X,보통
5/20/2021,정선군(217),X,20.5,19.6,15.8,13.1,76.5,X, ,X,보통
5/20/2021,제천(221),X,20.9,19.9,16.6,14.1,75.3,X, ,X,보통
5/20/2021,보은(226),X,20.6,18.4,15.7,14.6,89.6,X, ,X,보통
5/20/2021,천안(232),X,21.6,20.5,16.2,14.5,88.6,X, ,X,보통
5/20/2021,보령(235),X,21.8,22.4,17.5,14,73.4,X, ,X,보통
5/20/2021,부여(236),X,21.2,19.4,16.7,15.3,84.9,X, ,X,보통
5/20/2021,금산(238),X,20.2,17.7,16,14.6,88.5,X, ,X,보통
5/20/2021,세종(239),X,20.7,19,16.2,15,83.5,X, ,X,보통
5/20/2021,부안(243),X,21.1,18.7,16.6,14.6,91,X, ,X,보통
5/20/2021,임실(244),X,20.9,18.3,15.6,14.1,93.3,X, ,X,보통
5/20/2021,정읍(245),X,19.8,18.1,15.8,14.6,84.9,X, ,X,보통
5/20/2021,남원(247),X,21.6,19.6,15.9,13.5,90.5,X, ,X,보통
5/20/2021,장수(248),X,20.2,18.7,14.8,13.2,93.5,X, ,X,보통
5/20/2021,영광군(252),X,20.4,18.1,15.7,14.6,87.6,X, ,X,보통
5/20/2021,김해시(253),X,20.7,17.8,16.3,15.3,94.4,X, ,X,보통
5/20/2021,순창군(254),X,21.3,18.4,16.1,14.1,92.1,X, ,X,보통
5/20/2021,양산시(257),X,21.2,17.8,16.5,15.5,91.5,X, ,X,보통
5/20/2021,강진군(259),X,21.1,18.1,16.4,15,91.5,X, ,X,보통
5/20/2021,장흥(260),X,21,17.5,16.2,15.2,94.3,X, ,X,보통
5/20/2021,해남(261),X,20.7,17.7,15.7,14.5,90.3,X, ,X,보통
5/20/2021,고흥(262),X,20.7,17.2,16,14.6,94.6,X, ,X,보통
5/20/2021,의령군(263),X,20.6,17.6,16.6,16,91.8,X, ,X,보통
5/20/2021,함양군(264),X,19.3,16.3,15.6,14.6,88.9,X, ,X,보통
5/20/2021,진도군ASOS(268),X,21,19.4,16.2,14.6,90,X, ,X,보통
5/20/2021,봉화(271),X,19.4,18.8,14.5,11.7,79.8,X, ,X,보통
5/20/2021,영주(272),X,21.2,19.4,16.2,14,81.1,X, ,X,보통
5/20/2021,문경(273),X,20.4,17.8,15.2,14.2,89.8,X, ,X,보통
5/20/2021,청송군(276),X,19.3,16.2,14.1,11.9,94.8,X, ,X,보통
5/20/2021,영덕(277),X,20,16.8,14.9,13.4,87.5,X, ,X,보통
5/20/2021,의성(278),X,20.5,18.1,15.5,14.2,94.9,X, ,X,보통
5/20/2021,구미(279),X,20.5,18.1,16.1,15.3,90.1,X, ,X,보통
5/20/2021,영천(281),X,19.8,17.4,15.3,14.2,91.9,X, ,X,보통
5/20/2021,경주시(283),X,20.2,17,15.4,14.3,92.8,X, ,X,보통
5/20/2021,거창(284),X,19.3,16.2,15.1,14,93.8,X, ,X,보통
5/20/2021,합천(285),X,20.4,17,15.8,15.1,97.6,X, ,X,보통
5/20/2021,밀양(288),X,20.8,18.5,16.8,16,89.6,X, ,X,보통
5/20/2021,산청(289),X,19.7,17.6,15.4,14.4,96.5,X, ,X,보통
5/20/2021,거제(294),X,21.2,18.2,17,16.3,94,X, ,X,보통
5/20/2021,남해(295),X,20.3,17.6,16.1,14.9,95.4,X, ,X,보통
5/20/2021,부천(433),X,22.4,22.6,18,14,64,X, ,X,보통
5/20/2021,안양(434),X,18.5,22.9,18.7,14.8,,X, ,X,보통
5/20/2021,광명(437),X,23.1,24.2,19.6,15.3,56,X, ,X,보통
5/20/2021,군포(438),X,22.3,23,18.5,14.5,58,X, ,X,보통
5/20/2021,김포(441),X,,23.4,18,14.7,,X, ,X,보통
5/20/2021,하남(444),X,22.4,22.1,17,13.3,65,X, ,X,보통
5/20/2021,의왕(445),X,22.2,21.5,16.3,13.2,67,X, ,X,보통
5/20/2021,포천(504),X,22.8,22.9,16.8,12.8,73,X, ,X,보통
5/20/2021,가평조종(505),X,22.4,22.1,15.6,10.5,77,X, ,X,보통
5/20/2021,안성(516),X,21.9,21.8,17.4,15,75,X, ,X,보통
5/20/2021,간성(517),X,22.5,21.9,16.8,14.5,81,X, ,X,보통
5/20/2021,평창(526),X,21,21.7,16.4,13.5,69,X, ,X,보통
5/20/2021,의정부(532),X,23.7,22.6,16.9,13.5,79,X, ,X,보통
5/20/2021,횡성(536),X,23.6,22.9,17.5,13.6,71,X, ,X,보통
5/20/2021,고양(540),X,23.5,23,16.9,12.9,72,X, ,X,보통
5/20/2021,남양주(541),X,23,23.2,17.9,13.6,66,X, ,X,보통
5/20/2021,안산(545),X,23.2,22.8,16.9,12.4,78,X, ,X,보통
5/20/2021,경기광주(546),X,21.9,21.5,16.9,13.7,66,X, ,X,보통
5/20/2021,여주(548),X,22.2,21.2,16.6,13.9,79,X, ,X,보통
5/20/2021,용인(549),X,22.1,22.5,16.8,13.8,68,X, ,X,보통
5/20/2021,오산(550),X,22.5,22.7,17.5,14.7,66,X, ,X,보통
5/20/2021,평택(551),X,22.1,21.7,17.3,15.2,80,X, ,X,보통
5/20/2021,화천(555),X,23.4,22.6,15.8,11.8,85,X, ,X,보통
5/20/2021,양구(556),X,22.5,22.4,16.1,11.7,69,X, ,X,보통
5/20/2021,시흥(565),X,22.9,23.2,17.7,14.2,69,X, ,X,보통
5/20/2021,구리(569),X,23.2,23,17.8,13.9,59,X, ,X,보통
5/20/2021,화성(571),X,22.8,23.8,17.9,14.7,66,X, ,X,보통
5/20/2021,성남(572),X,23,23.4,17.7,14.5,62,X, ,X,보통
5/20/2021,과천(590),X,23.2,23,17.1,13.3,74,X, ,X,보통
5/20/2021,양주(598),X,22.9,22.3,16.8,12.6,75,X, ,X,보통
5/20/2021,단양(601),X,21.3,21.1,16.9,14.2,77,X, ,X,보통
5/20/2021,진천(602),X,22,21.8,17,15.5,79,X, ,X,보통
5/20/2021,괴산(603),X,21.2,20.5,16.5,14.3,83,X, ,X,보통
5/20/2021,옥천(604),X,20.8,18.2,15.7,14.9,93,X, ,X,보통
5/20/2021,홍북(608),X,21,20.4,16,14.2,83,X, ,X,보통
5/20/2021,공주(612),X,21.5,19.5,16,14.8,85,X, ,X,보통
5/20/2021,서천(614),X,20.9,19,16.7,14.6,81,X, ,X,보통
5/20/2021,논산(615),X,21.5,20.2,17.7,16,80,X, ,X,보통
5/20/2021,당진(616),X,22,21.4,16.1,14.1,85,X, ,X,보통
5/20/2021,청양(618),X,21.7,20.8,15.4,13.5,89,X, ,X,보통
5/20/2021,음성(619),X,20.8,19.3,16,14.4,83,X, ,X,보통
5/20/2021,증평(623),X,21.9,20.8,17,15.3,84,X, ,X,보통
5/20/2021,태안(627),X,22.1,22,18,13.6,69,X, ,X,보통
5/20/2021,예산(628),X,22.1,22.6,17,15.3,84,X, ,X,보통
5/20/2021,아산(634),X,21.7,21.5,16.9,15.4,81,X, ,X,보통
5/20/2021,계룡(636),X,20.6,20.1,15,13.1,88,X, ,X,보통
5/20/2021,연천청산(652),X,23.8,22.9,16.6,12.4,,X, ,X,보통
5/20/2021,양양(670),X,23,21.6,18.1,14.8,82,X, ,X,보통
5/20/2021,무안(699),X,20.9,19.4,16,14.7,94,X, ,X,보통
5/20/2021,무주(701),X,19.9,18,16.1,14.3,84,X, ,X,보통
5/20/2021,익산(702),X,21.8,19.7,17.2,15.3,88,X, ,X,보통
5/20/2021,진안(703),X,19.5,18.1,14.7,13.2,90,X, ,X,보통
5/20/2021,담양(706),X,21.7,18.4,16.5,14.5,95,X, ,X,보통
5/20/2021,구례(709),X,22.4,19.9,17.5,15.6,90,X, ,X,보통
5/20/2021,나주(710),X,21,17.8,16.3,14.8,95,X, ,X,보통
5/20/2021,순천시(712),X,21.6,19.2,17.2,15.3,91,X, ,X,보통
5/20/2021,광양읍(713),X,22.4,20,17.4,15.8,93,X, ,X,보통
5/20/2021,장성(730),X,20.5,17.3,16,15.2,91,X, ,X,보통
5/20/2021,영암(731),X,21.4,19.2,16.4,15.2,93,X, ,X,보통
5/20/2021,보성(732),X,20.5,17.2,16.1,14.7,91,X, ,X,보통
5/20/2021,완주(734),X,22.2,20.4,16.8,15.1,86,X, ,X,보통
5/20/2021,김제(737),X,21.2,18.9,16.6,14.7,93,X, ,X,보통
5/20/2021,화순(741),X,21.8,18.8,16.3,14.9,89,X, ,X,보통
5/20/2021,함평(754),X,20.4,17.6,16.1,14.7,93,X, ,X,보통
5/20/2021,곡성(768),X,21.1,18,16,13.6,93,X, ,X,보통
5/20/2021,압해도(789),X,20.3,17.7,16.1,15.2,91,X, ,X,보통
5/20/2021,영양(801),X,19.8,17.6,15.4,13.5,82,X, ,X,보통
5/20/2021,성주(810),X,20.9,18.1,16,15.2,94,X, ,X,보통
5/20/2021,고령(812),X,20.5,17.1,15.5,14.6,98,X, ,X,보통
5/20/2021,청도(813),X,20,17.2,15.8,14.9,93,X, ,X,보통
5/20/2021,예천(815),X,20.8,19.3,15.8,14.3,86,X, ,X,보통
5/20/2021,김천(822),X,19.9,16.7,15.4,14.4,97,X, ,X,보통
5/20/2021,군위(823),X,20.2,17,15.3,14,97,X, ,X,보통
5/20/2021,칠곡(825),X,21.2,18.6,16.4,15.6,97,X, ,X,보통
5/20/2021,경산(827),X,20.3,18.7,16,14.7,89,X, ,X,보통
5/20/2021,삼척(876),X,21.5,20.6,17.6,14.6,73,X, ,X,보통
5/20/2021,속초(90),X,22.7,22.5,17,14.3,72.9,X, ,X,보통
5/20/2021,삼천포(907),X,,17.4,16.3,14.6,,X, ,X,보통
5/20/2021,고성(918),X,20.2,17.4,16.4,15.5,92,X, ,X,보통
5/20/2021,창녕(919),X,20.7,17.5,16.4,15.8,96,X, ,X,보통
5/20/2021,함안(920),X,19.9,16.8,15.9,15.3,97,X, ,X,보통
5/20/2021,북춘천(93),X,23,23.4,17.1,13,74.3,X, ,X,보통
5/20/2021,하동(932),X,20.7,18.1,16.8,15.4,90,X, ,X,보통
5/20/2021,철원(95),X,22.5,22.4,16.6,12.8,82.1,X, ,X,보통
5/20/2021,동두천(98),X,22.8,22.2,16.4,12.6,77.1,X, ,X,보통
5/20/2021,파주(99),X,22,21.6,16.5,12.6,79.1,X, ,X,보통
5/21/2021,북강릉(104),X,18.1,16.4,14.2,12.4,86.1,X, ,X,보통
5/21/2021,동해(106),X,17.7,15.8,14.1,12.7,84.3,X, ,X,보통
5/21/2021,서울(108),X,20.4,18.2,16,14.2,86.5,X, ,X,보통
5/21/2021,인천(112),X,19.7,17.9,15.3,13.4,83.8,X, ,X,보통
5/21/2021,원주(114),X,19.4,18,15.4,12.8,82.4,X, ,X,보통
5/21/2021,울릉도(115),X,19.7,16.2,14.4,12.8,93.1,X, ,X,보통
5/21/2021,수원(119),X,20,16.9,15.1,12.9,97.9,X, ,X,보통
5/21/2021,영월(121),X,19,16,14.3,12.7,94.1,X, ,X,보통
5/21/2021,충주(127),X,19,16,14.5,12.8,93.8,X, ,X,보통
5/21/2021,서산(129),X,18.7,16.1,14.1,11.9,94.3,X, ,X,보통
5/21/2021,울진(130),X,20.7,18.8,15.6,13.8,85.5,X, ,X,보통
5/21/2021,청주(131),X,19,16.2,15.2,14.2,86.6,X, ,X,보통
5/21/2021,대전(133),X,19.4,16.9,15.3,14.2,92.9,X, ,X,보통
5/21/2021,추풍령(135),X,17.6,15.1,13.8,13.1,84.8,X, ,X,보통
5/21/2021,안동(136),X,18.7,16.3,14.8,13.5,89.8,X, ,X,보통
5/21/2021,상주(137),X,19.3,16.7,15,13.8,91.8,X, ,X,보통
5/21/2021,포항(138),X,21.4,20.2,16.2,14.2,88,X, ,X,보통
5/21/2021,군산(140),X,20.3,18.4,15.3,14,86.3,X, ,X,보통
5/21/2021,대구(143),X,21.9,21.5,17.6,14.7,69.6,X, ,X,보통
5/21/2021,전주(146),X,19.9,18.1,15.3,13.8,84.5,X, ,X,보통
5/21/2021,울산(152),X,23.1,22.1,17.4,14.6,81.8,X, ,X,보통
5/21/2021,창원(155),X,22.9,22.7,18.3,14.5,62.4,X, ,X,보통
5/21/2021,광주(156),X,21.3,20.4,16.4,13.9,82.1,X, ,X,보통
5/21/2021,부산(159),X,23.4,22.7,18.4,15.9,70.5,X, ,X,보통
5/21/2021,통영(162),X,23.6,23.1,18.7,16,74.9,X, ,X,높음
5/21/2021,목포(165),X,21.1,19.3,16.5,14.7,81.9,X, ,X,높음
5/21/2021,여수(168),X,21.6,21.5,18.1,15.6,64.6,X, ,X,높음
5/21/2021,흑산도(169),X,21.8,20.3,16.8,14.3,81,X, ,X,매우높음
5/21/2021,완도(170),X,22.4,21.7,17.7,15.3,70.9,X, ,X,매우높음
5/21/2021,고창(172),X,20.6,19.4,15.5,12.7,78.8,X, ,X,높음
5/21/2021,제주(184),X,22.1,21.9,18.2,16.1,66.3,X, ,X,매우높음
5/21/2021,진주(192),X,22.6,22,17.8,13.9,71.1,X, ,X,높음
5/21/2021,양평(202),X,20.4,18.5,15.8,13.7,90.1,X, ,X,보통
5/21/2021,이천(203),X,20.5,18.2,15.3,14,94.8,X, ,X,보통
5/21/2021,인제(211),X,18.4,16.4,14.1,11.3,83.9,X, ,X,보통
5/21/2021,홍천(212),X,20.1,19.1,14.9,11.8,84.4,X, ,X,보통
5/21/2021,태백(216),X,16,14.1,11.6,10.8,87.5,X, ,X,보통
5/21/2021,정선군(217),X,18.8,16.7,14.3,11.5,85.1,X, ,X,보통
5/21/2021,제천(221),X,18.8,15.9,13.7,10.2,95.9,X, ,X,보통
5/21/2021,보은(226),X,18.2,15.3,14.2,12.7,95,X, ,X,보통
5/21/2021,천안(232),X,19.2,15.7,14.3,12.6,98.8,X, ,X,보통
5/21/2021,보령(235),X,19.4,17.1,14.2,12,91.9,X, ,X,높음
5/21/2021,부여(236),X,19.5,17.4,14.9,12.2,89,X, ,X,보통
5/21/2021,금산(238),X,18.8,16.4,14.8,13.8,88.1,X, ,X,보통
5/21/2021,세종(239),X,18.8,16.5,14.7,12.9,87.1,X, ,X,보통
5/21/2021,부안(243),X,20.6,18.6,15.6,13.6,87.4,X, ,X,보통
5/21/2021,임실(244),X,19.9,18.2,14.4,12.9,86.3,X, ,X,보통
5/21/2021,정읍(245),X,20.2,18.8,15.3,12.5,79.8,X, ,X,보통
5/21/2021,남원(247),X,20.2,19.2,15.6,13.3,79.8,X, ,X,보통
5/21/2021,장수(248),X,17.9,15.9,13.4,12.3,90.8,X, ,X,보통
5/21/2021,영광군(252),X,21.4,20,15.7,12.5,79.4,X, ,X,높음
5/21/2021,김해시(253),X,24.3,23.8,18.4,15.4,70.1,X, ,X,보통
5/21/2021,순창군(254),X,20.6,19.8,15.7,13,79.8,X, ,X,보통
5/21/2021,양산시(257),X,24.3,23.7,19.3,15.5,72.3,X, ,X,보통
5/21/2021,강진군(259),X,22,21.4,17.5,15.2,70.9,X, ,X,높음
5/21/2021,장흥(260),X,21.7,21.2,16.9,12.9,73.5,X, ,X,높음
5/21/2021,해남(261),X,22.1,21.2,16.8,13.6,74.1,X, ,X,매우높음
5/21/2021,고흥(262),X,21.9,21.3,17.2,13.5,69.5,X, ,X,매우높음
5/21/2021,의령군(263),X,23.5,23.1,18.7,15.5,67.5,X, ,X,보통
5/21/2021,함양군(264),X,19.7,18.5,15.9,14.4,72.6,X, ,X,보통
5/21/2021,진도군ASOS(268),X,22,20.5,16.7,13.4,79.4,X, ,X,매우높음
5/21/2021,봉화(271),X,17.2,14.1,12.8,10.2,96.9,X, ,X,보통
5/21/2021,영주(272),X,19.8,17.6,15,12.3,91.6,X, ,X,보통
5/21/2021,문경(273),X,19.1,16.7,14.9,12.3,89.6,X, ,X,보통
5/21/2021,청송군(276),X,19.6,17.3,14.6,13.3,93.5,X, ,X,보통
5/21/2021,영덕(277),X,19.7,16.3,14.3,13.4,97.3,X, ,X,보통
5/21/2021,의성(278),X,19.9,17.4,15.4,14.2,93.3,X, ,X,보통
5/21/2021,구미(279),X,20.5,18.9,16.7,14.9,77.1,X, ,X,보통
5/21/2021,영천(281),X,21.2,19.6,16,14.3,85.5,X, ,X,보통
5/21/2021,경주시(283),X,22.7,21.7,17.2,14.3,79.5,X, ,X,보통
5/21/2021,거창(284),X,19,17.4,14.9,13.2,82,X, ,X,보통
5/21/2021,합천(285),X,21.6,20.4,17.8,15.4,71,X, ,X,높음
5/21/2021,밀양(288),X,23,22.7,18.4,16,69.3,X, ,X,보통
5/21/2021,산청(289),X,21.1,20.2,16.6,14.4,69.8,X, ,X,보통
5/21/2021,거제(294),X,23.4,23.4,18.6,15.5,66.4,X, ,X,높음
5/21/2021,남해(295),X,22.1,21.9,18,15.7,66.6,X, ,X,높음
5/21/2021,부천(433),X,20.4,18.6,15.1,12.9,84,X, ,X,보통
5/21/2021,안양(434),X,18.6,17.4,15.6,14.3,,X, ,X,보통
5/21/2021,광명(437),X,20.8,19.3,16,14,86,X, ,X,보통
5/21/2021,군포(438),X,19.8,17.7,15,13.9,89,X, ,X,보통
5/21/2021,김포(441),X,,19,15.9,13.6,,X, ,X,보통
5/21/2021,하남(444),X,19.4,17.2,14.4,12.7,90,X, ,X,보통
5/21/2021,의왕(445),X,18.3,15.7,13.4,11.7,94,X, ,X,보통
5/21/2021,포천(504),X,20.6,19.7,15.8,13.1,79,X, ,X,보통
5/21/2021,가평조종(505),X,20.5,18.3,14.8,12.2,90,X, ,X,보통
5/21/2021,안성(516),X,19.4,16.5,14.6,12.5,97,X, ,X,보통
5/21/2021,간성(517),X,20.4,18.3,15,12.8,88,X, ,X,보통
5/21/2021,평창(526),X,18.8,17.3,13.9,10,86,X, ,X,보통
5/21/2021,의정부(532),X,21.4,19.4,15.6,13.3,93,X, ,X,보통
5/21/2021,횡성(536),X,19.9,18,14.9,11.3,89,X, ,X,보통
5/21/2021,고양(540),X,21.4,19.6,15.8,13.7,89,X, ,X,보통
5/21/2021,남양주(541),X,20.9,19.3,15.7,13.7,90,X, ,X,보통
5/21/2021,안산(545),X,20.1,16.9,14.2,10.9,99,X, ,X,보통
5/21/2021,경기광주(546),X,19.4,17.1,14.8,13.3,91,X, ,X,보통
5/21/2021,여주(548),X,19.3,17,14.4,12.6,95,X, ,X,보통
5/21/2021,용인(549),X,19.2,17.3,14.8,13.6,90,X, ,X,보통
5/21/2021,오산(550),X,19.7,17.6,15,12.4,90,X, ,X,보통
5/21/2021,평택(551),X,19.8,16.3,14.6,12.7,100,X, ,X,보통
5/21/2021,화천(555),X,20.7,18.5,14.6,11.4,94,X, ,X,보통
5/21/2021,양구(556),X,19.8,18.7,14.3,10.5,81,X, ,X,보통
5/21/2021,시흥(565),X,20.9,19.1,15.4,12.5,87,X, ,X,보통
5/21/2021,구리(569),X,20.3,18.4,15.5,14,82,X, ,X,보통
5/21/2021,화성(571),X,19.5,16.8,14.7,12.4,95,X, ,X,보통
5/21/2021,성남(572),X,19.5,17.7,15.2,13.4,86,X, ,X,보통
5/21/2021,과천(590),X,20.5,17.6,14.8,12.9,95,X, ,X,보통
5/21/2021,양주(598),X,21.1,19.5,15.9,13,82,X, ,X,보통
5/21/2021,단양(601),X,19.2,16.1,14.4,13,98,X, ,X,보통
5/21/2021,진천(602),X,19,16.2,15,13.1,90,X, ,X,보통
5/21/2021,괴산(603),X,19.1,16.3,14.3,11.6,95,X, ,X,보통
5/21/2021,옥천(604),X,18.2,16,15,13.6,87,X, ,X,보통
5/21/2021,홍북(608),X,19.2,15.7,13.4,11.1,99,X, ,X,보통
5/21/2021,공주(612),X,18.6,16.2,15,13,88,X, ,X,보통
5/21/2021,서천(614),X,20.4,18.3,15.1,12.7,87,X, ,X,높음
5/21/2021,논산(615),X,19.2,,,,,X, ,X,보통
5/21/2021,당진(616),X,18.3,15.3,13.7,12.3,96,X, ,X,보통
5/21/2021,청양(618),X,18.4,15.7,13.7,11.1,94,X, ,X,보통
5/21/2021,음성(619),X,18.6,15.7,14.1,13,94,X, ,X,보통
5/21/2021,증평(623),X,19.2,16,14.8,13.9,98,X, ,X,보통
5/21/2021,태안(627),X,19,15.8,13.6,11.1,97,X, ,X,보통
5/21/2021,예산(628),X,19.2,16.3,14.7,13.2,96,X, ,X,보통
5/21/2021,아산(634),X,19.8,16.2,14.5,12.8,100,X, ,X,보통
5/21/2021,계룡(636),X,17.7,15,13.7,11.8,93,X, ,X,보통
5/21/2021,연천청산(652),X,21.4,20.2,15.6,13.2,84,X, ,X,보통
5/21/2021,양양(670),X,20.8,18.9,15.3,13.3,91,X, ,X,보통
5/21/2021,무안(699),X,21.1,19.4,16.2,13.2,80,X, ,X,높음
5/21/2021,무주(701),X,17.8,16.1,14.4,13.4,86,X, ,X,보통
5/21/2021,익산(702),X,21.4,19.3,15.8,14.3,85,X, ,X,보통
5/21/2021,진안(703),X,17.6,15.4,13.1,12.2,91,X, ,X,보통
5/21/2021,담양(706),X,22.8,21.4,16.7,12.9,84,X, ,X,보통
5/21/2021,구례(709),X,21.9,20.9,16.7,13.5,79,X, ,X,보통
5/21/2021,나주(710),X,22.1,20.9,16.6,12.8,80,X, ,X,높음
5/21/2021,순천시(712),X,22.3,22.2,18.2,15.5,66,X, ,X,보통
5/21/2021,광양읍(713),X,23.6,23.2,18.1,15.1,71,X, ,X,보통
5/21/2021,장성(730),X,21.7,20.9,16.2,12.3,77,X, ,X,높음
5/21/2021,영암(731),X,21.9,20.5,17,13.8,77,X, ,X,높음
5/21/2021,보성(732),X,22.5,22.5,16.7,12.1,73,X, ,X,높음
5/21/2021,완주(734),X,19,16.6,14.6,13.6,92,X, ,X,보통
5/21/2021,김제(737),X,20.7,18.9,15.4,13.8,91,X, ,X,보통
5/21/2021,화순(741),X,21.5,20.6,16.1,13.1,74,X, ,X,보통
5/21/2021,함평(754),X,21.2,19.9,15.9,12,84,X, ,X,높음
5/21/2021,곡성(768),X,21.1,20.3,,12.7,,X, ,X,보통
5/21/2021,압해도(789),X,21.2,19.5,16.7,15,82,X, ,X,높음
5/21/2021,영양(801),X,18.7,15.7,14.4,13.4,97,X, ,X,보통
5/21/2021,성주(810),X,22,20.1,17.1,14.5,75,X, ,X,보통
5/21/2021,고령(812),X,21.7,20.6,17,13.6,78,X, ,X,보통
5/21/2021,청도(813),X,21.6,20.4,16.6,14.5,79,X, ,X,보통
5/21/2021,예천(815),X,19,16.7,14.8,12.3,91,X, ,X,보통
5/21/2021,김천(822),X,20.7,18.8,16.2,14,87,X, ,X,보통
5/21/2021,군위(823),X,19.4,17.2,15.7,14.3,88,X, ,X,보통
5/21/2021,칠곡(825),X,21.7,20.1,17,15.6,83,X, ,X,보통
5/21/2021,경산(827),X,22.3,21.9,17.4,14.7,73,X, ,X,보통
5/21/2021,삼척(876),X,18.6,16.5,14.8,13.4,84,X, ,X,보통
5/21/2021,속초(90),X,19.5,18.3,15.1,12.7,79,X, ,X,보통
5/21/2021,삼천포(907),X,,21.9,18,15.7,,X, ,X,높음
5/21/2021,고성(918),X,22.7,22.6,18.5,15.2,65,X, ,X,높음
5/21/2021,창녕(919),X,23.1,22,17.9,15.4,77,X, ,X,보통
5/21/2021,함안(920),X,22.6,21.6,18,14.9,72,X, ,X,보통
5/21/2021,북춘천(93),X,20.1,18.5,15.3,12.1,84.8,X, ,X,보통
5/21/2021,하동(932),X,22.5,22,18.2,14.8,68,X, ,X,보통
5/21/2021,철원(95),X,20.9,19,15.5,13,88.9,X, ,X,보통
5/21/2021,동두천(98),X,21.9,20.1,15.5,12.6,88.5,X, ,X,보통
5/21/2021,파주(99),X,21.2,19.3,15.8,13.3,88,X, ,X,보통
5/22/2021,북강릉(104),X,27.2,28.8,21.5,13.6,54.1,X, ,X,매우높음
5/22/2021,동해(106),X,25.9,27,20.9,13.5,54.6,X, ,X,매우높음
5/22/2021,서울(108),X,24.5,23.8,18.6,13.8,69.3,X, ,X,매우높음
5/22/2021,인천(112),X,20.5,20.6,16.7,13.5,68.1,X, ,X,매우높음
5/22/2021,원주(114),X,25.1,25,18.2,12.6,69.8,X, ,X,매우높음
5/22/2021,울릉도(115),X,22.9,22.7,17,12.5,70.6,X, ,X,매우높음
5/22/2021,수원(119),X,24.1,23.6,17.5,12.1,77.5,X, ,X,매우높음
5/22/2021,영월(121),X,25.1,24.4,17.3,11.9,78.8,X, ,X,매우높음
5/22/2021,충주(127),X,25.2,24.6,17.5,12.8,77.6,X, ,X,매우높음
5/22/2021,서산(129),X,24.6,24.8,17,10.7,77.6,X, ,X,매우높음
5/22/2021,울진(130),X,27.1,27.1,19.3,13.8,71.6,X, ,X,매우높음
5/22/2021,청주(131),X,24.9,25.3,18.7,12.8,64.1,X, ,X,매우높음
5/22/2021,대전(133),X,26.3,25.5,18.6,11.9,77.3,X, ,X,매우높음
5/22/2021,추풍령(135),X,23.5,23,17.8,12.8,68.6,X, ,X,매우높음
5/22/2021,안동(136),X,26,26,18.8,10.8,70.8,X, ,X,매우높음
5/22/2021,상주(137),X,27.1,26.7,19.7,13.3,68.4,X, ,X,매우높음
5/22/2021,포항(138),X,27.8,28.1,21.6,14.4,61.9,X, ,X,매우높음
5/22/2021,군산(140),X,23.3,22.1,17,12.1,80.3,X, ,X,매우높음
5/22/2021,대구(143),X,26.6,27.5,21,13.7,57.6,X, ,X,매우높음
5/22/2021,전주(146),X,25.6,25.1,18.6,13.1,69.4,X, ,X,매우높음
5/22/2021,울산(152),X,24.8,24.5,19.8,13.1,71.4,X, ,X,매우높음
5/22/2021,창원(155),X,26.8,27.6,19.5,14,64,X, ,X,매우높음
5/22/2021,광주(156),X,26,26.4,19.3,12.4,67.3,X, ,X,매우높음
5/22/2021,부산(159),X,24.7,24.3,19,15.1,68,X, ,X,매우높음
5/22/2021,통영(162),X,24.8,24.1,18.7,13.9,81.9,X, ,X,매우높음
5/22/2021,목포(165),X,24.4,23.2,17.9,13.6,78.6,X, ,X,매우높음
5/22/2021,여수(168),X,23.8,23.2,19.1,14.6,70.6,X, ,X,매우높음
5/22/2021,흑산도(169),X,23.1,21.7,17.1,14.2,84.4,X, ,X,매우높음
5/22/2021,완도(170),X,26.5,26.3,19.9,13.5,68.9,X, ,X,매우높음
5/22/2021,고창(172),X,24.9,24.7,17.3,11,71.6,X, ,X,매우높음
5/22/2021,제주(184),X,23.1,22,19,17.2,69.3,X, ,X,매우높음
5/22/2021,진주(192),X,27.5,27.1,19,10.5,74.8,X, ,X,매우높음
5/22/2021,양평(202),X,25.7,25.7,18.9,13.5,72.4,X, ,X,매우높음
5/22/2021,이천(203),X,26.5,26.1,18.8,13,72.4,X, ,X,매우높음
5/22/2021,인제(211),X,25.9,25.6,17.6,11.2,76.6,X, ,X,매우높음
5/22/2021,홍천(212),X,26.3,26.4,18,11.3,73,X, ,X,매우높음
5/22/2021,태백(216),X,23.8,24,17.1,10.7,66,X, ,X,매우높음
5/22/2021,정선군(217),X,26.1,26.2,17.7,10.9,73.3,X, ,X,매우높음
5/22/2021,제천(221),X,24.9,24.2,16.6,9.5,82,X, ,X,매우높음
5/22/2021,보은(226),X,25,24.3,17.1,11.4,78.8,X, ,X,매우높음
5/22/2021,천안(232),X,23.8,23.6,16.6,11.6,78.5,X, ,X,매우높음
5/22/2021,보령(235),X,23.8,23.4,16.4,10.5,74.3,X, ,X,매우높음
5/22/2021,부여(236),X,25.8,26.1,17.3,11.1,78,X, ,X,매우높음
5/22/2021,금산(238),X,25.4,24.8,17.9,11.2,77.6,X, ,X,매우높음
5/22/2021,세종(239),X,25.4,25.3,18,11.7,71.3,X, ,X,매우높음
5/22/2021,부안(243),X,24.1,23.6,17.2,11.4,78.5,X, ,X,매우높음
5/22/2021,임실(244),X,24.6,24.3,17.6,12.8,74.6,X, ,X,매우높음
5/22/2021,정읍(245),X,24.7,24.6,17.3,10.9,70.4,X, ,X,매우높음
5/22/2021,남원(247),X,25.7,25.6,18.8,12,72.9,X, ,X,매우높음
5/22/2021,장수(248),X,24.7,23.9,16.8,10.5,80.6,X, ,X,매우높음
5/22/2021,영광군(252),X,24.3,24.4,16.9,11,74.8,X, ,X,매우높음
5/22/2021,김해시(253),X,27.1,27.3,19.7,13.5,70.6,X, ,X,매우높음
5/22/2021,순창군(254),X,25.4,25.2,18.1,11.1,70.6,X, ,X,매우높음
5/22/2021,양산시(257),X,27.6,27.8,20.2,13.9,70.8,X, ,X,매우높음
5/22/2021,강진군(259),X,26.8,26.9,19.7,12,66.6,X, ,X,매우높음
5/22/2021,장흥(260),X,26.2,26.5,19.3,12.1,70.4,X, ,X,매우높음
5/22/2021,해남(261),X,25.7,25,18,11.8,76.4,X, ,X,매우높음
5/22/2021,고흥(262),X,26.2,26.3,18.9,11.8,70,X, ,X,매우높음
5/22/2021,의령군(263),X,28.7,29.5,20.4,11.7,68,X, ,X,매우높음
5/22/2021,함양군(264),X,26.6,27.2,19.7,11.4,62.9,X, ,X,매우높음
5/22/2021,진도군ASOS(268),X,24.8,23.6,17.9,12.1,78.4,X, ,X,매우높음
5/22/2021,봉화(271),X,23.7,23.5,15.9,8.8,78.1,X, ,X,매우높음
5/22/2021,영주(272),X,24.4,23.7,18.6,10.3,69.4,X, ,X,매우높음
5/22/2021,문경(273),X,25.4,24.8,18.6,11.3,70.8,X, ,X,매우높음
5/22/2021,청송군(276),X,26.7,26.7,18.2,11.1,78.6,X, ,X,매우높음
5/22/2021,영덕(277),X,27.3,27.2,19.3,13.3,71.6,X, ,X,매우높음
5/22/2021,의성(278),X,26.8,26.9,18.3,11,78.1,X, ,X,매우높음
5/22/2021,구미(279),X,26.5,26.6,20.3,12.8,62.1,X, ,X,매우높음
5/22/2021,영천(281),X,26.4,26.5,19.9,12.9,66.5,X, ,X,매우높음
5/22/2021,경주시(283),X,27.3,27.6,21,14.4,62.1,X, ,X,매우높음
5/22/2021,거창(284),X,26.9,27.1,18.3,9.8,73.1,X, ,X,매우높음
5/22/2021,합천(285),X,27.4,28.4,19.9,11.7,70.4,X, ,X,매우높음
5/22/2021,밀양(288),X,26.9,28,20.7,12.8,62,X, ,X,매우높음
5/22/2021,산청(289),X,27.1,27.6,20.1,11.9,66.1,X, ,X,매우높음
5/22/2021,거제(294),X,25,24.8,18.5,13.1,70,X, ,X,매우높음
5/22/2021,남해(295),X,26.5,26.3,19.6,12.5,70.8,X, ,X,매우높음
5/22/2021,부천(433),X,22.9,23.1,17.8,12.8,67,X, ,X,매우높음
5/22/2021,안양(434),X,18.8,23.1,18,13.3,,X, ,X,매우높음
5/22/2021,광명(437),X,24.4,24.9,18.7,13.5,66,X, ,X,매우높음
5/22/2021,군포(438),X,23.6,24.1,18,12.6,67,X, ,X,매우높음
5/22/2021,김포(441),X,,23.3,17.9,13,,X, ,X,매우높음
5/22/2021,하남(444),X,25.9,25.9,17.6,11.5,72,X, ,X,매우높음
5/22/2021,의왕(445),X,22.9,22.8,15.7,10.2,74,X, ,X,매우높음
5/22/2021,포천(504),X,26.2,25.7,18.5,11.6,74,X, ,X,매우높음
5/22/2021,가평조종(505),X,25.7,25.3,17.8,10.8,76,X, ,X,매우높음
5/22/2021,안성(516),X,24.1,23.6,17,11.7,75,X, ,X,매우높음
5/22/2021,간성(517),X,28.8,30.1,22.2,12.9,63,X, ,X,매우높음
5/22/2021,평창(526),X,24.3,24.4,16.5,9.3,76,X, ,X,매우높음
5/22/2021,의정부(532),X,25.6,25,18.2,12.5,81,X, ,X,매우높음
5/22/2021,횡성(536),X,25.9,25.2,17.2,11.1,82,X, ,X,매우높음
5/22/2021,고양(540),X,26.7,26.2,18,11.8,76,X, ,X,매우높음
5/22/2021,남양주(541),X,26.5,26.3,18.7,12.5,74,X, ,X,매우높음
5/22/2021,안산(545),X,23.6,23.5,16,9.4,80,X, ,X,매우높음
5/22/2021,경기광주(546),X,25,24.8,17.4,12.7,76,X, ,X,매우높음
5/22/2021,여주(548),X,25.3,24.7,17.8,12.7,74,X, ,X,매우높음
5/22/2021,용인(549),X,23.8,24.1,17.4,12.2,71,X, ,X,매우높음
5/22/2021,오산(550),X,24,24,17.6,11.6,68,X, ,X,매우높음
5/22/2021,평택(551),X,23.8,23.6,17.5,11.7,76,X, ,X,매우높음
5/22/2021,화천(555),X,28.1,27.9,18.6,11.5,81,X, ,X,매우높음
5/22/2021,양구(556),X,26.8,27.3,18.1,10.9,74,X, ,X,매우높음
5/22/2021,시흥(565),X,23.3,23.6,17.2,11.8,72,X, ,X,매우높음
5/22/2021,구리(569),X,26.1,26.2,19,12.8,64,X, ,X,매우높음
5/22/2021,화성(571),X,24.1,24.4,17.1,12.1,72,X, ,X,매우높음
5/22/2021,성남(572),X,24.9,25.3,18.4,12.4,65,X, ,X,매우높음
5/22/2021,과천(590),X,25.1,25,18,11.6,75,X, ,X,매우높음
5/22/2021,양주(598),X,25,25,18,12.1,73,X, ,X,매우높음
5/22/2021,단양(601),X,25.3,24.7,17.8,12.6,81,X, ,X,매우높음
5/22/2021,진천(602),X,24.4,24,17.8,11.3,69,X, ,X,매우높음
5/22/2021,괴산(603),X,24.8,24.6,17.2,11.8,78,X, ,X,매우높음
5/22/2021,옥천(604),X,25.6,25.7,18.1,12.5,75,X, ,X,매우높음
5/22/2021,홍북(608),X,26,24.9,16.6,10.8,81,X, ,X,매우높음
5/22/2021,공주(612),X,26,26,17.9,12.2,75,X, ,X,매우높음
5/22/2021,서천(614),X,23.4,22.1,16,10.5,80,X, ,X,매우높음
5/22/2021,논산(615),X,26.2,25.9,18.2,11.3,76,X, ,X,매우높음
5/22/2021,당진(616),X,23.4,23.5,17,11.5,75,X, ,X,매우높음
5/22/2021,청양(618),X,24.9,24.6,16.3,10,81,X, ,X,매우높음
5/22/2021,음성(619),X,24.5,23.7,17,11.5,76,X, ,X,매우높음
5/22/2021,증평(623),X,24.6,23.8,17.2,12.3,79,X, ,X,매우높음
5/22/2021,태안(627),X,24.2,23.2,15.8,10.7,84,X, ,X,매우높음
5/22/2021,예산(628),X,25.2,24.7,18.1,12.3,73,X, ,X,매우높음
5/22/2021,아산(634),X,24.1,23.5,17.3,11.6,77,X, ,X,매우높음
5/22/2021,계룡(636),X,25.6,25.3,17.3,11.7,79,X, ,X,매우높음
5/22/2021,연천청산(652),X,25.7,25.4,18.2,11.6,76,X, ,X,매우높음
5/22/2021,양양(670),X,29.6,29.9,22.8,15,65,X, ,X,매우높음
5/22/2021,무안(699),X,24.3,23.8,17.1,11,79,X, ,X,매우높음
5/22/2021,무주(701),X,24.9,24.7,17.8,12.3,77,X, ,X,매우높음
5/22/2021,익산(702),X,25.9,25.9,18,12.1,77,X, ,X,매우높음
5/22/2021,진안(703),X,24.8,24.1,16.3,10.2,79,X, ,X,매우높음
5/22/2021,담양(706),X,27.7,27.5,19.3,11.2,71,X, ,X,매우높음
5/22/2021,구례(709),X,26.9,26.6,19.3,11.6,74,X, ,X,매우높음
5/22/2021,나주(710),X,26.5,26.1,18.3,10.8,76,X, ,X,매우높음
5/22/2021,순천시(712),X,27.8,28.5,21.6,14.2,59,X, ,X,매우높음
5/22/2021,광양읍(713),X,28.3,29,20.6,12.2,67,X, ,X,매우높음
5/22/2021,장성(730),X,26.2,26.6,18.1,11,72,X, ,X,매우높음
5/22/2021,영암(731),X,26.1,25.6,18.1,11.9,79,X, ,X,매우높음
5/22/2021,보성(732),X,27.5,28.4,19.6,11.1,68,X, ,X,매우높음
5/22/2021,완주(734),X,25.8,25,17.8,13.1,79,X, ,X,매우높음
5/22/2021,김제(737),X,25.3,24.7,17.7,12.8,76,X, ,X,매우높음
5/22/2021,화순(741),X,26.4,26.8,18.1,11,71,X, ,X,매우높음
5/22/2021,함평(754),X,25.1,24.3,17.3,10.2,79,X, ,X,매우높음
5/22/2021,곡성(768),X,26,26.5,18.6,11,70,X, ,X,매우높음
5/22/2021,압해도(789),X,23.7,22,17.3,12.4,80,X, ,X,매우높음
5/22/2021,영양(801),X,26.1,26,18.4,12.4,78,X, ,X,매우높음
5/22/2021,성주(810),X,26.4,26.7,19.4,11.4,70,X, ,X,매우높음
5/22/2021,고령(812),X,27.1,27.8,19.2,11.1,73,X, ,X,매우높음
5/22/2021,청도(813),X,26.6,26.9,19.2,10.8,70,X, ,X,매우높음
5/22/2021,예천(815),X,25.8,26.3,18.3,10.3,71,X, ,X,매우높음
5/22/2021,김천(822),X,26.5,26.1,18.3,10.2,76,X, ,X,매우높음
5/22/2021,군위(823),X,26.8,26.2,18.1,10.7,78,X, ,X,매우높음
5/22/2021,칠곡(825),X,26.9,26.8,20.1,12.5,71,X, ,X,매우높음
5/22/2021,경산(827),X,26.7,27.3,20.4,12.5,62,X, ,X,매우높음
5/22/2021,삼척(876),X,27.7,28.2,22.2,15,55,X, ,X,매우높음
5/22/2021,속초(90),X,27.5,28.3,21,13.8,61.4,X, ,X,매우높음
5/22/2021,삼천포(907),X,24.2,23.9,18.5,13.5,64,X, ,X,매우높음
5/22/2021,고성(918),X,24.8,24.4,18.4,12.3,73,X, ,X,매우높음
5/22/2021,창녕(919),X,27.2,27.5,20,12,71,X, ,X,매우높음
5/22/2021,함안(920),X,27.8,28.2,19.6,11.6,74,X, ,X,매우높음
5/22/2021,북춘천(93),X,27.4,27.4,18.5,11.1,77.6,X, ,X,매우높음
5/22/2021,하동(932),X,27,27,19.7,12.1,72,X, ,X,매우높음
5/22/2021,철원(95),X,26.5,25.6,18.4,10.9,80,X, ,X,매우높음
5/22/2021,동두천(98),X,26.1,25.1,18.5,12.5,79.3,X, ,X,매우높음
5/22/2021,파주(99),X,24.6,24.1,17.8,12.3,78.8,X, ,X,매우높음
5/23/2021,북강릉(104),X,27.6,28.6,23.4,18.4,50.8,X, ,X,매우높음
5/23/2021,동해(106),X,25.4,25.5,21.4,16.9,55.4,X, ,X,매우높음
5/23/2021,서울(108),X,25.3,25.1,19.5,14.3,64.4,X, ,X,높음
5/23/2021,인천(112),X,21.6,22,18,14.1,59.1,X, ,X,높음
5/23/2021,원주(114),X,25.2,25.5,19.7,12.8,65.3,X, ,X,높음
5/23/2021,울릉도(115),X,24.2,22.7,19.9,14.3,65.3,X, ,X,매우높음
5/23/2021,수원(119),X,26.3,25.4,18.7,11.8,73.8,X, ,X,높음
5/23/2021,영월(121),X,27.5,27.3,18.5,12.8,76.8,X, ,X,매우높음
5/23/2021,충주(127),X,25.7,25.6,18.5,10.6,73.9,X, ,X,높음
5/23/2021,서산(129),X,25.1,25,17.9,11.4,73.6,X, ,X,높음
5/23/2021,울진(130),X,28.2,28.5,21.8,15.2,64.3,X, ,X,매우높음
5/23/2021,청주(131),X,25.6,26.1,20.3,13.9,59.9,X, ,X,높음
5/23/2021,대전(133),X,27,26.6,20.3,13.3,72.9,X, ,X,높음
5/23/2021,추풍령(135),X,25.9,26.7,19.5,12,63.9,X, ,X,높음
5/23/2021,안동(136),X,27,27.2,20.2,12.4,70.6,X, ,X,높음
5/23/2021,상주(137),X,28.2,27.8,21.7,15.5,61.9,X, ,X,높음
5/23/2021,포항(138),X,28.6,30.1,24.5,18.3,51.5,X, ,X,매우높음
5/23/2021,군산(140),X,26.5,26.4,19.3,12.4,74.6,X, ,X,높음
5/23/2021,대구(143),X,28.2,30.8,23.6,14.8,52.5,X, ,X,매우높음
5/23/2021,전주(146),X,28.1,28.3,20.8,13.2,64.8,X, ,X,높음
5/23/2021,울산(152),X,29.7,30.5,23.7,16.3,55.8,X, ,X,매우높음
5/23/2021,창원(155),X,28.4,28.9,22.1,15.1,62,X, ,X,매우높음
5/23/2021,광주(156),X,29.5,30.4,22,14.2,66.4,X, ,X,매우높음
5/23/2021,부산(159),X,27.4,26.5,21.5,16.8,67.9,X, ,X,매우높음
5/23/2021,통영(162),X,27.4,27,20.4,15.2,83.8,X, ,X,매우높음
5/23/2021,목포(165),X,26.4,25.8,19.9,14.4,74.8,X, ,X,매우높음
5/23/2021,여수(168),X,26,25.1,21.1,17.1,71.1,X, ,X,매우높음
5/23/2021,흑산도(169),X,25,24.5,18.9,14.8,70.5,X, ,X,매우높음
5/23/2021,완도(170),X,26.7,26.1,20.5,14.4,70.5,X, ,X,매우높음
5/23/2021,고창(172),X,28.1,29.5,19.6,11.4,68.3,X, ,X,높음
5/23/2021,제주(184),X,24.6,23.3,19.8,17.3,69.1,X, ,X,매우높음
5/23/2021,진주(192),X,29.1,29,21.1,12.4,71.3,X, ,X,매우높음
5/23/2021,양평(202),X,25.5,25.4,19.1,12.6,70.9,X, ,X,높음
5/23/2021,이천(203),X,26.4,25.9,19.3,11.7,70.3,X, ,X,높음
5/23/2021,인제(211),X,25.7,25.3,19.2,13,72.8,X, ,X,매우높음
5/23/2021,홍천(212),X,26.3,26.7,19.1,12.6,72.1,X, ,X,높음
5/23/2021,태백(216),X,24.6,26.6,19.2,11.3,55.6,X, ,X,매우높음
5/23/2021,정선군(217),X,26.7,26.8,19.2,12.7,73.6,X, ,X,매우높음
5/23/2021,제천(221),X,26,25.7,18.1,10.2,76.1,X, ,X,높음
5/23/2021,보은(226),X,26,26.1,18.3,9.9,75.4,X, ,X,높음
5/23/2021,천안(232),X,25.3,25,18.2,10.4,73.9,X, ,X,높음
5/23/2021,보령(235),X,24.9,24.5,17.9,12.1,68.8,X, ,X,높음
5/23/2021,부여(236),X,26.5,26.3,19.1,11.1,71.9,X, ,X,높음
5/23/2021,금산(238),X,27,27.4,19.5,12.4,75,X, ,X,높음
5/23/2021,세종(239),X,25.4,25.8,19.5,12.6,66.8,X, ,X,높음
5/23/2021,부안(243),X,27.2,27.7,19.5,12.2,72.5,X, ,X,높음
5/23/2021,임실(244),X,26.9,27.4,19.6,10.4,72.3,X, ,X,높음
5/23/2021,정읍(245),X,28.1,28.5,19.6,11.5,66.8,X, ,X,높음
5/23/2021,남원(247),X,27.9,29.7,20.8,12,70,X, ,X,높음
5/23/2021,장수(248),X,26.4,27.8,18.7,10.8,76.1,X, ,X,매우높음
5/23/2021,영광군(252),X,27.7,28.5,19.2,11.3,72.1,X, ,X,높음
5/23/2021,김해시(253),X,29.7,29.4,22.6,15.5,63,X, ,X,매우높음
5/23/2021,순창군(254),X,28.1,29.2,20.7,11.7,69.5,X, ,X,높음
5/23/2021,양산시(257),X,30,30.6,22.3,13.9,69.6,X, ,X,매우높음
5/23/2021,강진군(259),X,28.3,28.1,20.9,12.4,70.4,X, ,X,매우높음
5/23/2021,장흥(260),X,27.3,27,20.3,12.4,73.1,X, ,X,매우높음
5/23/2021,해남(261),X,28.1,28.1,19.8,11.2,74.4,X, ,X,매우높음
5/23/2021,고흥(262),X,28,27.7,20.4,12.1,71.3,X, ,X,매우높음
5/23/2021,의령군(263),X,29.3,30.5,22.3,12.9,65.4,X, ,X,매우높음
5/23/2021,함양군(264),X,28.4,29.9,20.9,11.3,65.9,X, ,X,높음
5/23/2021,진도군ASOS(268),X,27.2,27.1,19.7,11.6,73,X, ,X,매우높음
5/23/2021,봉화(271),X,24.2,23.9,16.8,10.5,79.8,X, ,X,매우높음
5/23/2021,영주(272),X,27.2,27.1,19.7,11.2,70.1,X, ,X,높음
5/23/2021,문경(273),X,27.9,27.8,21.1,13.5,64.1,X, ,X,높음
5/23/2021,청송군(276),X,28.2,28.8,19.5,11.9,76.4,X, ,X,매우높음
5/23/2021,영덕(277),X,28.3,28.4,22.6,16.6,58.5,X, ,X,매우높음
5/23/2021,의성(278),X,27.9,28.9,20,11.4,74,X, ,X,높음
5/23/2021,구미(279),X,28.3,29.7,22.1,14.6,58.9,X, ,X,높음
5/23/2021,영천(281),X,28.3,30.3,21.6,12.5,63.3,X, ,X,매우높음
5/23/2021,경주시(283),X,28.9,30.7,22.9,14.1,61.9,X, ,X,매우높음
5/23/2021,거창(284),X,27.7,29.8,20,10.6,68,X, ,X,매우높음
5/23/2021,합천(285),X,28.9,29.7,21.7,12.8,67.9,X, ,X,매우높음
5/23/2021,밀양(288),X,28.5,30.6,22.7,13.6,61.5,X, ,X,매우높음
5/23/2021,산청(289),X,28.9,29.2,21,11.8,71,X, ,X,매우높음
5/23/2021,거제(294),X,27.5,27.5,21.7,14.5,62.5,X, ,X,매우높음
5/23/2021,남해(295),X,28.2,28.3,21.6,15,66.9,X, ,X,매우높음
5/23/2021,부천(433),X,24.3,24.7,18.5,12.7,61,X, ,X,높음
5/23/2021,안양(434),X,19.7,25,19.5,13.9,,X, ,X,높음
5/23/2021,광명(437),X,25,25.6,20,14.6,58,X, ,X,높음
5/23/2021,군포(438),X,24.9,25.2,19.1,13,59,X, ,X,높음
5/23/2021,김포(441),X,,25,18.6,12.9,,X, ,X,높음
5/23/2021,하남(444),X,25.9,26,18.5,11,63,X, ,X,높음
5/23/2021,의왕(445),X,23.8,23.7,17.2,10.1,65,X, ,X,높음
5/23/2021,포천(504),X,25.7,25.3,18.6,11.3,69,X, ,X,높음
5/23/2021,가평조종(505),X,25.2,24.9,18.1,10.1,71,X, ,X,높음
5/23/2021,안성(516),X,25.1,25.1,18.6,11.1,69,X, ,X,높음
5/23/2021,간성(517),X,29.2,31.1,24.5,19.3,50,X, ,X,매우높음
5/23/2021,평창(526),X,26.4,26.3,18.1,11.8,74,X, ,X,매우높음
5/23/2021,의정부(532),X,25.8,25.3,18.5,11.4,77,X, ,X,높음
5/23/2021,횡성(536),X,26.2,25.8,18.3,11.3,80,X, ,X,높음
5/23/2021,고양(540),X,26.6,26.7,18.4,11,70,X, ,X,높음
5/23/2021,남양주(541),X,25.9,25.8,19.2,12.2,69,X, ,X,높음
5/23/2021,안산(545),X,25.1,24.3,16.7,9,78,X, ,X,높음
5/23/2021,경기광주(546),X,25,24.8,18.2,11,72,X, ,X,높음
5/23/2021,여주(548),X,25.5,25,18.5,11.3,72,X, ,X,높음
5/23/2021,용인(549),X,24.4,24.8,18.4,10.9,64,X, ,X,높음
5/23/2021,오산(550),X,25.2,25.5,18.7,11.9,63,X, ,X,높음
5/23/2021,평택(551),X,25.8,25.5,18.9,12.3,71,X, ,X,높음
5/23/2021,화천(555),X,27.3,26.7,18.8,13.8,80,X, ,X,매우높음
5/23/2021,양구(556),X,26.3,26.4,19,13.7,70,X, ,X,매우높음
5/23/2021,시흥(565),X,24.5,24.5,18,10.8,69,X, ,X,높음
5/23/2021,구리(569),X,25.4,26,19.4,12.6,59,X, ,X,높음
5/23/2021,화성(571),X,25,25.3,18.3,12.2,65,X, ,X,높음
5/23/2021,성남(572),X,25.5,26,19.1,11.7,61,X, ,X,높음
5/23/2021,과천(590),X,25.8,25.7,18.7,10.6,69,X, ,X,높음
5/23/2021,양주(598),X,24.9,24.6,18.1,10.4,70,X, ,X,높음
5/23/2021,단양(601),X,26.9,27.3,18.9,12.4,78,X, ,X,매우높음
5/23/2021,진천(602),X,25.8,25.7,19.2,12,67,X, ,X,높음
5/23/2021,괴산(603),X,26,26.1,18.1,9.5,75,X, ,X,높음
5/23/2021,옥천(604),X,26.6,26.5,18.8,10.8,76,X, ,X,높음
5/23/2021,홍북(608),X,25.9,25.6,17.3,9.6,80,X, ,X,높음
5/23/2021,공주(612),X,26.2,26.9,19,11,71,X, ,X,높음
5/23/2021,서천(614),X,26.3,26,18.9,11.1,71,X, ,X,높음
5/23/2021,논산(615),X,26.8,27.6,20.1,12.5,71,X, ,X,높음
5/23/2021,당진(616),X,24.8,24.5,17.4,10.7,75,X, ,X,높음
5/23/2021,청양(618),X,26.3,26.6,17.7,9.1,75,X, ,X,높음
5/23/2021,음성(619),X,25.4,25,17.7,9.3,73,X, ,X,높음
5/23/2021,증평(623),X,25.3,24.8,18.9,11.1,73,X, ,X,높음
5/23/2021,태안(627),X,24.5,23.8,17.3,11.7,78,X, ,X,높음
5/23/2021,예산(628),X,25.5,25.1,18.5,12.2,75,X, ,X,높음
5/23/2021,아산(634),X,25,25.2,18.2,12,70,X, ,X,높음
5/23/2021,계룡(636),X,26.1,26.5,17.6,9,79,X, ,X,높음
5/23/2021,연천청산(652),X,24.9,24.1,18,11.1,68,X, ,X,높음
5/23/2021,양양(670),X,29.6,30.3,24.8,21,57,X, ,X,매우높음
5/23/2021,무안(699),X,27.9,29,19.6,11.3,75,X, ,X,높음
5/23/2021,무주(701),X,27.2,28.1,19.6,12.2,73,X, ,X,높음
5/23/2021,익산(702),X,27.7,28.1,19.7,11.2,72,X, ,X,높음
5/23/2021,진안(703),X,26.4,26.9,18.6,10.6,78,X, ,X,높음
5/23/2021,담양(706),X,30,30.7,21.8,12.5,71,X, ,X,높음
5/23/2021,구례(709),X,29.5,30.6,21,11.6,73,X, ,X,높음
5/23/2021,나주(710),X,29.8,29.7,20.3,11.2,76,X, ,X,매우높음
5/23/2021,순천시(712),X,28.6,28.5,22.3,15.3,67,X, ,X,매우높음
5/23/2021,광양읍(713),X,29.6,29.8,22,13.5,71,X, ,X,높음
5/23/2021,장성(730),X,28.2,30,20.7,11.1,68,X, ,X,높음
5/23/2021,영암(731),X,29.5,30.2,20.5,11.7,76,X, ,X,매우높음
5/23/2021,보성(732),X,29.4,30,21,10.8,69,X, ,X,매우높음
5/23/2021,완주(734),X,28,28,19.5,11.2,78,X, ,X,높음
5/23/2021,김제(737),X,27,27.5,19.5,12.9,72,X, ,X,높음
5/23/2021,화순(741),X,29.2,30.4,21.1,11,68,X, ,X,높음
5/23/2021,함평(754),X,29,29.4,19.7,10.5,76,X, ,X,높음
5/23/2021,곡성(768),X,29,30.5,20.7,11.6,71,X, ,X,높음
5/23/2021,압해도(789),X,26.2,25.1,19.3,13.4,76,X, ,X,매우높음
5/23/2021,영양(801),X,26.4,26.4,19.2,12.4,79,X, ,X,매우높음
5/23/2021,성주(810),X,29.1,29.6,21.6,12.1,71,X, ,X,높음
5/23/2021,고령(812),X,28.8,30.1,21.5,12.5,67,X, ,X,높음
5/23/2021,청도(813),X,28.5,30.8,21.4,11.7,66,X, ,X,매우높음
5/23/2021,예천(815),X,27.1,27.5,19.6,11.7,71,X, ,X,매우높음
5/23/2021,김천(822),X,29.8,29.7,20.8,10.8,75,X, ,X,높음
5/23/2021,군위(823),X,28.4,28.5,20.3,11.3,75,X, ,X,매우높음
5/23/2021,칠곡(825),X,29,29.5,22,13.4,67,X, ,X,높음
5/23/2021,경산(827),X,28.1,29.9,22.9,14,57,X, ,X,매우높음
5/23/2021,삼척(876),X,28,28.4,23.8,19.9,50,X, ,X,매우높음
5/23/2021,속초(90),X,28.2,29.8,23.7,16.6,51.4,X, ,X,매우높음
5/23/2021,삼천포(907),X,27,27.6,20.2,15,65,X, ,X,높음
5/23/2021,고성(918),X,27.2,27.2,20.9,13.5,70,X, ,X,매우높음
5/23/2021,창녕(919),X,29.8,30.4,22.4,12.9,66,X, ,X,매우높음
5/23/2021,함안(920),X,29,29.8,21.9,13.2,69,X, ,X,매우높음
5/23/2021,북춘천(93),X,26.2,25.6,19.1,12.1,73.4,X, ,X,높음
5/23/2021,하동(932),X,28.7,29.2,21.5,13.5,70,X, ,X,높음
5/23/2021,철원(95),X,25.1,24.7,18.3,11.9,75.3,X, ,X,높음
5/23/2021,동두천(98),X,24.9,24.2,18.2,11.6,71.9,X, ,X,높음
5/23/2021,파주(99),X,24.3,23.2,17.4,10.6,77.1,X, ,X,높음
5/24/2021,북강릉(104),X,22.4,24.1,21.4,17,32.9,X, ,X,높음
5/24/2021,동해(106),X,22,21.9,19.6,14.9,43.3,X, ,X,높음
5/24/2021,서울(108),X,24.4,24.5,19.4,16.4,61,X, ,X,매우높음
5/24/2021,인천(112),X,21.5,21.8,17.1,14.3,69.4,X, ,X,매우높음
5/24/2021,원주(114),X,23.5,24.8,19.5,15.4,48.4,X, ,X,높음
5/24/2021,울릉도(115),X,23.6,22.5,19.1,16.2,57.4,X, ,X,보통
5/24/2021,수원(119),X,24.7,24.2,17.8,13.7,76.9,X, ,X,매우높음
5/24/2021,영월(121),X,24.7,25,18.7,13.2,59.3,X, ,X,높음
5/24/2021,충주(127),X,24.2,24.7,18.6,13,61.1,X, ,X,높음
5/24/2021,서산(129),X,23.2,24.7,17.6,13.7,72.6,X, ,X,매우높음
5/24/2021,울진(130),X,25.8,25.5,20.5,14.1,54.5,X, ,X,보통
5/24/2021,청주(131),X,23.6,25.1,20.4,17.1,48.6,X, ,X,높음
5/24/2021,대전(133),X,24.6,25.6,20.2,16.6,58.5,X, ,X,높음
5/24/2021,추풍령(135),X,23,23.5,18.6,11.6,54.5,X, ,X,높음
5/24/2021,안동(136),X,24.8,25.4,20.3,16.3,56.8,X, ,X,높음
5/24/2021,상주(137),X,26.1,26.2,20.9,16.6,51.8,X, ,X,높음
5/24/2021,포항(138),X,26.4,25.9,21.8,18.6,62.4,X, ,X,높음
5/24/2021,군산(140),X,24.2,23.1,17.6,14.1,76.6,X, ,X,매우높음
5/24/2021,대구(143),X,26.4,27.5,22.3,18,49.8,X, ,X,매우높음
5/24/2021,전주(146),X,24.3,23.8,18.8,14.6,65.3,X, ,X,매우높음
5/24/2021,울산(152),X,25.2,24.2,19.6,17.4,70.8,X, ,X,매우높음
5/24/2021,창원(155),X,24.1,22.8,19.5,16.5,75.9,X, ,X,매우높음
5/24/2021,광주(156),X,25.2,24.9,19.9,15.4,68.9,X, ,X,매우높음
5/24/2021,부산(159),X,22.5,21.3,18.8,16.9,77,X, ,X,매우높음
5/24/2021,통영(162),X,24.3,20.8,18.5,16.8,98.5,X, ,X,매우높음
5/24/2021,목포(165),X,22.5,21,18.2,15.4,78.9,X, ,X,매우높음
5/24/2021,여수(168),X,25,24.9,20.9,18.3,65.4,X, ,X,매우높음
5/24/2021,흑산도(169),X,23.2,20.5,17.4,14.2,80.8,X, ,X,매우높음
5/24/2021,완도(170),X,25.5,25.5,19.9,15.1,70.1,X, ,X,매우높음
5/24/2021,고창(172),X,22.9,22.5,17.6,13,72.6,X, ,X,매우높음
5/24/2021,제주(184),X,23.8,23.2,19.4,16.1,71.9,X, ,X,매우높음
5/24/2021,진주(192),X,27.2,26,21.2,16.1,72.4,X, ,X,매우높음
5/24/2021,양평(202),X,23.9,25.6,19.2,14.2,57,X, ,X,매우높음
5/24/2021,이천(203),X,24.9,26.2,19.2,14.6,56.8,X, ,X,매우높음
5/24/2021,인제(211),X,23,25.1,18.1,11.9,57.4,X, ,X,매우높음
5/24/2021,홍천(212),X,23.7,25.8,18.7,13.5,55.1,X, ,X,매우높음
5/24/2021,태백(216),X,21.4,21,16.8,13.7,51,X, ,X,높음
5/24/2021,정선군(217),X,24,25.8,18.2,12.1,59.1,X, ,X,높음
5/24/2021,제천(221),X,23.6,25.7,18.1,12,61.3,X, ,X,높음
5/24/2021,보은(226),X,23.9,24.2,17.8,11.4,68,X, ,X,높음
5/24/2021,천안(232),X,23.2,23.8,17.6,11.9,70.8,X, ,X,높음
5/24/2021,보령(235),X,24,23.2,17.1,13,75.6,X, ,X,매우높음
5/24/2021,부여(236),X,25.1,25.9,19.3,14.2,62.1,X, ,X,매우높음
5/24/2021,금산(238),X,24.4,24.4,19.4,14.2,64,X, ,X,매우높음
5/24/2021,세종(239),X,23.6,24.8,19.4,15.3,53,X, ,X,높음
5/24/2021,부안(243),X,23.2,21.3,17.4,13.4,76.9,X, ,X,매우높음
5/24/2021,임실(244),X,23.5,23.2,17.8,11.1,68.5,X, ,X,높음
5/24/2021,정읍(245),X,23.4,23,17.9,12.7,65.6,X, ,X,매우높음
5/24/2021,남원(247),X,24.6,24.1,19.3,13.4,68.9,X, ,X,높음
5/24/2021,장수(248),X,22.8,22.4,17.5,10.5,75.8,X, ,X,매우높음
5/24/2021,영광군(252),X,22.8,21.9,17.1,13.1,75.3,X, ,X,매우높음
5/24/2021,김해시(253),X,25.4,23.8,19.4,16.9,81,X, ,X,매우높음
5/24/2021,순창군(254),X,24.5,24.6,19.1,13.2,66.4,X, ,X,매우높음
5/24/2021,양산시(257),X,25.7,24.6,19.6,16,80.9,X, ,X,매우높음
5/24/2021,강진군(259),X,25.4,25.9,19.8,14.4,70.3,X, ,X,매우높음
5/24/2021,장흥(260),X,25.3,25.3,19.5,13.7,73,X, ,X,매우높음
5/24/2021,해남(261),X,24.5,24.4,18.3,12.7,77.1,X, ,X,매우높음
5/24/2021,고흥(262),X,25.9,26,19.8,14.7,72.6,X, ,X,매우높음
5/24/2021,의령군(263),X,28.1,29.4,21.8,16.3,65.3,X, ,X,매우높음
5/24/2021,함양군(264),X,25.1,25.7,20.3,13.6,65.5,X, ,X,매우높음
5/24/2021,진도군ASOS(268),X,23.7,22.5,17.6,12.7,81.6,X, ,X,매우높음
5/24/2021,봉화(271),X,21.9,22.4,16,10.4,69.5,X, ,X,높음
5/24/2021,영주(272),X,23.7,24.2,19.5,16.2,53.5,X, ,X,높음
5/24/2021,문경(273),X,23.7,24.7,19.4,14.4,52.4,X, ,X,높음
5/24/2021,청송군(276),X,25.5,26.3,19.2,12.2,67,X, ,X,높음
5/24/2021,영덕(277),X,25.7,26,20.5,14.7,52.8,X, ,X,높음
5/24/2021,의성(278),X,26,26.3,20.2,12.7,64.6,X, ,X,높음
5/24/2021,구미(279),X,26.3,27.3,20.9,15.6,55.4,X, ,X,높음
5/24/2021,영천(281),X,25.9,26.7,20.5,14.4,63,X, ,X,높음
5/24/2021,경주시(283),X,26.3,25.9,19.9,16.2,72.8,X, ,X,높음
5/24/2021,거창(284),X,25.7,26.4,19.7,14.6,67.1,X, ,X,매우높음
5/24/2021,합천(285),X,26.9,28.1,21.7,17.6,65.9,X, ,X,높음
5/24/2021,밀양(288),X,26.9,27,20.7,16,74.1,X, ,X,높음
5/24/2021,산청(289),X,25.9,26.5,20.7,16.4,66.5,X, ,X,매우높음
5/24/2021,거제(294),X,24,22.7,18.9,16,77.1,X, ,X,매우높음
5/24/2021,남해(295),X,26.8,26.2,21.5,18.1,64.1,X, ,X,매우높음
5/24/2021,부천(433),X,23.2,24.3,18.3,14.5,61,X, ,X,매우높음
5/24/2021,안양(434),X,18.2,23.9,18.7,15.3,,X, ,X,매우높음
5/24/2021,광명(437),X,23.8,25.8,19.2,15.3,60,X, ,X,매우높음
5/24/2021,군포(438),X,24.3,24.4,18.7,14.8,60,X, ,X,매우높음
5/24/2021,김포(441),X,,24.6,18.5,14.4,,X, ,X,매우높음
5/24/2021,하남(444),X,24.2,25.9,18.7,14,52,X, ,X,매우높음
5/24/2021,의왕(445),X,23,23,16.4,11.8,67,X, ,X,매우높음
5/24/2021,포천(504),X,24.4,25,18.8,13.3,57,X, ,X,매우높음
5/24/2021,가평조종(505),X,23.4,24.2,17.8,11,60,X, ,X,매우높음
5/24/2021,안성(516),X,24,24,17.5,13,74,X, ,X,매우높음
5/24/2021,간성(517),X,23.5,24.3,20.8,15.3,44,X, ,X,매우높음
5/24/2021,평창(526),X,22.7,24.4,17.3,11.1,58,X, ,X,높음
5/24/2021,의정부(532),X,23.9,24.4,18.8,13.4,64,X, ,X,매우높음
5/24/2021,횡성(536),X,24.5,25.7,18.4,12,63,X, ,X,높음
5/24/2021,고양(540),X,25.4,27,19,13.7,66,X, ,X,매우높음
5/24/2021,남양주(541),X,24.9,26.2,19.7,15.4,55,X, ,X,매우높음
5/24/2021,안산(545),X,24.2,23.4,16.5,10.9,83,X, ,X,매우높음
5/24/2021,경기광주(546),X,23.8,24.8,18.5,13.6,57,X, ,X,매우높음
5/24/2021,여주(548),X,23.8,24.6,18.6,13.8,56,X, ,X,매우높음
5/24/2021,용인(549),X,23.5,24.5,18,13.3,61,X, ,X,매우높음
5/24/2021,오산(550),X,24,24.6,18.1,13.6,60,X, ,X,매우높음
5/24/2021,평택(551),X,23.4,24,17.8,14,73,X, ,X,매우높음
5/24/2021,화천(555),X,24.3,26.8,17.7,10.4,71,X, ,X,매우높음
5/24/2021,양구(556),X,23.4,25.7,18.2,11.7,54,X, ,X,매우높음
5/24/2021,시흥(565),X,23.7,23.3,17.6,13.8,72,X, ,X,매우높음
5/24/2021,구리(569),X,23.9,25.5,19.8,15.3,49,X, ,X,매우높음
5/24/2021,화성(571),X,24.2,24.2,17.4,13.3,69,X, ,X,매우높음
5/24/2021,성남(572),X,23.7,25.4,19.4,15.8,49,X, ,X,매우높음
5/24/2021,과천(590),X,24.7,25.2,19,14.5,59,X, ,X,매우높음
5/24/2021,양주(598),X,24.4,24.8,18.9,12.5,57,X, ,X,매우높음
5/24/2021,단양(601),X,24.8,25.3,19.1,13.8,63,X, ,X,높음
5/24/2021,진천(602),X,24.2,23.9,18.2,13.6,63,X, ,X,높음
5/24/2021,괴산(603),X,24.3,25.3,18,11,64,X, ,X,높음
5/24/2021,옥천(604),X,24.2,25.5,18.5,12.6,63,X, ,X,높음
5/24/2021,홍북(608),X,25.2,25.7,17.2,11.8,80,X, ,X,매우높음
5/24/2021,공주(612),X,25,25.8,19.1,13.3,57,X, ,X,높음
5/24/2021,서천(614),X,23.9,22.7,17.6,13.3,76,X, ,X,매우높음
5/24/2021,논산(615),X,25,25.9,19.8,14.9,64,X, ,X,높음
5/24/2021,당진(616),X,23.2,23.2,16.9,13.7,75,X, ,X,매우높음
5/24/2021,청양(618),X,24.7,24.5,17.2,11.3,73,X, ,X,매우높음
5/24/2021,음성(619),X,24,23.6,17.5,11.2,65,X, ,X,높음
5/24/2021,증평(623),X,24.3,24.2,18.5,13.2,62,X, ,X,높음
5/24/2021,태안(627),X,23.3,23,17,13.3,80,X, ,X,매우높음
5/24/2021,예산(628),X,24.5,24.6,18.7,14.6,68,X, ,X,높음
5/24/2021,아산(634),X,23.2,24.3,18.2,14.2,61,X, ,X,매우높음
5/24/2021,계룡(636),X,24.5,25.6,17.3,9.2,70,X, ,X,높음
5/24/2021,연천청산(652),X,24,24.6,18.5,14.1,60,X, ,X,매우높음
5/24/2021,양양(670),X,24,24.4,20.9,16.6,48,X, ,X,높음
5/24/2021,무안(699),X,23.4,22.5,17.5,12.9,80,X, ,X,매우높음
5/24/2021,무주(701),X,23.7,23.9,18.7,12.1,68,X, ,X,매우높음
5/24/2021,익산(702),X,25.2,24.6,18.7,13.5,72,X, ,X,매우높음
5/24/2021,진안(703),X,22.9,22.4,17.1,10.4,73,X, ,X,매우높음
5/24/2021,담양(706),X,26.5,26.3,20.1,13.9,73,X, ,X,매우높음
5/24/2021,구례(709),X,26.2,25.9,20.3,14.5,72,X, ,X,매우높음
5/24/2021,나주(710),X,25.2,24.6,19.1,14.1,78,X, ,X,매우높음
5/24/2021,순천시(712),X,27.1,28,22.1,17.6,62,X, ,X,매우높음
5/24/2021,광양읍(713),X,27.8,28.3,21.8,16,67,X, ,X,매우높음
5/24/2021,장성(730),X,24.8,24.5,18.7,12.2,69,X, ,X,매우높음
5/24/2021,영암(731),X,24.7,23.7,18.9,13.6,79,X, ,X,매우높음
5/24/2021,보성(732),X,26.8,27.8,20.2,13,69,X, ,X,매우높음
5/24/2021,완주(734),X,24.8,23.6,17.8,11.6,78,X, ,X,매우높음
5/24/2021,김제(737),X,23.8,22.6,17.6,14.2,72,X, ,X,매우높음
5/24/2021,화순(741),X,25,25.1,19.3,13.2,71,X, ,X,높음
5/24/2021,함평(754),X,24.5,23.1,17.9,12.2,81,X, ,X,매우높음
5/24/2021,곡성(768),X,25.7,26.4,19.5,11.9,64,X, ,X,매우높음
5/24/2021,압해도(789),X,23.3,21.7,17.9,13.6,80,X, ,X,매우높음
5/24/2021,영양(801),X,25.1,25,18.6,11.5,72,X, ,X,높음
5/24/2021,성주(810),X,26.8,27.1,21,15,62,X, ,X,높음
5/24/2021,고령(812),X,26.2,26.7,20.1,14.4,75,X, ,X,매우높음
5/24/2021,청도(813),X,26.4,26.1,19.7,13.2,71,X, ,X,높음
5/24/2021,예천(815),X,24.5,26,19.5,13.2,58,X, ,X,높음
5/24/2021,김천(822),X,26.3,26.3,20.2,12.2,64,X, ,X,높음
5/24/2021,군위(823),X,25.8,25.6,20.1,13.3,66,X, ,X,높음
5/24/2021,칠곡(825),X,26.3,27,21.4,16.2,60,X, ,X,높음
5/24/2021,경산(827),X,26.4,27.4,21.5,16.3,55,X, ,X,높음
5/24/2021,삼척(876),X,23.4,24.5,21,16.3,38,X, ,X,높음
5/24/2021,속초(90),X,23.9,24.8,20.9,15.8,41.9,X, ,X,매우높음
5/24/2021,삼천포(907),X,23.6,22.1,19.4,17.8,68,X, ,X,매우높음
5/24/2021,고성(918),X,23.7,22,18.9,15.7,80,X, ,X,매우높음
5/24/2021,창녕(919),X,26.9,26.9,20.8,14.7,70,X, ,X,매우높음
5/24/2021,함안(920),X,27,27.1,20.7,15.8,77,X, ,X,매우높음
5/24/2021,북춘천(93),X,23.7,25.9,18.8,13.3,59.1,X, ,X,매우높음
5/24/2021,하동(932),X,26.9,27.2,21.4,17.4,68,X, ,X,매우높음
5/24/2021,철원(95),X,23.1,24.1,17.9,13,72.8,X, ,X,매우높음
5/24/2021,동두천(98),X,24.5,24.6,18.6,14.1,62.8,X, ,X,매우높음
5/24/2021,파주(99),X,24.3,24.5,18.2,12.9,71.6,X, ,X,매우높음
5/25/2021,북강릉(104),X,19.5,19.9,15.2,11.3,58,X, ,X,보통
5/25/2021,동해(106),X,18.9,19.5,15.8,12.3,54.6,X, ,X,보통
5/25/2021,서울(108),X,20.4,19.3,15.3,11.9,72.3,X, ,X,높음
5/25/2021,인천(112),X,18.5,17.3,14.5,12,71.6,X, ,X,매우높음
5/25/2021,원주(114),X,19.1,19.1,14.4,11.3,64.8,X, ,X,보통
5/25/2021,울릉도(115),X,17.8,17.5,15.4,12.7,60.4,X, ,X,보통
5/25/2021,수원(119),X,20.3,18.6,14.8,11.9,83.5,X, ,X,높음
5/25/2021,영월(121),X,18.7,18.9,12.8,8.6,72,X, ,X,보통
5/25/2021,충주(127),X,20.2,19.9,13.8,9.1,70.3,X, ,X,높음
5/25/2021,서산(129),X,20.7,20.4,15.4,12.2,74.5,X, ,X,매우높음
5/25/2021,울진(130),X,21.4,21.6,16.5,11.1,50.1,X, ,X,높음
5/25/2021,청주(131),X,21.1,22.3,16.9,13.1,54.5,X, ,X,높음
5/25/2021,대전(133),X,21.9,22,16.8,13,66.8,X, ,X,높음
5/25/2021,추풍령(135),X,19.4,20.2,13.6,7.6,60.4,X, ,X,높음
5/25/2021,안동(136),X,20.4,21.3,14.9,10.1,57,X, ,X,높음
5/25/2021,상주(137),X,21.9,22.3,15.8,11,57.1,X, ,X,높음
5/25/2021,포항(138),X,22.5,23.8,19.3,15.8,37.1,X, ,X,높음
5/25/2021,군산(140),X,20.9,19.4,15.8,12.9,79.4,X, ,X,매우높음
5/25/2021,대구(143),X,22.1,23.7,18,13.1,43.5,X, ,X,높음
5/25/2021,전주(146),X,21.7,21,16,12.9,65.8,X, ,X,매우높음
5/25/2021,울산(152),X,23.5,24.3,19,13.9,41.8,X, ,X,높음
5/25/2021,창원(155),X,24.7,25.6,19.6,13.4,42,X, ,X,높음
5/25/2021,광주(156),X,22.9,22.8,17.6,13.3,62.1,X, ,X,매우높음
5/25/2021,부산(159),X,24.5,25.5,19.9,17,44.8,X, ,X,매우높음
5/25/2021,통영(162),X,25.3,25.6,19.5,14.9,60.3,X, ,X,매우높음
5/25/2021,목포(165),X,22.7,20.8,17.4,14.2,73.6,X, ,X,매우높음
5/25/2021,여수(168),X,24.1,24.3,19.9,15.9,40.9,X, ,X,매우높음
5/25/2021,흑산도(169),X,23.3,21.5,18,13.9,74.3,X, ,X,매우높음
5/25/2021,완도(170),X,24.6,23.5,18.1,12.1,61.8,X, ,X,매우높음
5/25/2021,고창(172),X,22.1,21.2,16.4,11.7,65.6,X, ,X,매우높음
5/25/2021,제주(184),X,26,25,20.2,16.1,59.3,X, ,X,매우높음
5/25/2021,진주(192),X,23.8,25.2,17.7,11.5,57,X, ,X,매우높음
5/25/2021,양평(202),X,20.3,19.8,14.2,10.4,74.6,X, ,X,보통
5/25/2021,이천(203),X,20.5,19.9,14.8,11.3,75.3,X, ,X,높음
5/25/2021,인제(211),X,18.3,17.4,11.6,8.5,82.5,X, ,X,보통
5/25/2021,홍천(212),X,18.7,17.6,11.9,9.6,84.3,X, ,X,보통
5/25/2021,태백(216),X,15.6,15.2,10.9,8,63.8,X, ,X,보통
5/25/2021,정선군(217),X,17.6,17.3,10.7,7.2,78.8,X, ,X,보통
5/25/2021,제천(221),X,18.5,18.1,12.1,7.6,78.4,X, ,X,보통
5/25/2021,보은(226),X,20.8,21,14.1,8.8,67,X, ,X,높음
5/25/2021,천안(232),X,20.5,20.3,14.3,9.5,74.4,X, ,X,높음
5/25/2021,보령(235),X,20.7,19.5,15.4,12.8,80.3,X, ,X,매우높음
5/25/2021,부여(236),X,21.4,21.4,15.9,11.7,74.3,X, ,X,매우높음
5/25/2021,금산(238),X,21.1,21.5,14.7,9.5,69.9,X, ,X,높음
5/25/2021,세종(239),X,20.5,20.6,15.5,11.4,64.1,X, ,X,높음
5/25/2021,부안(243),X,22.2,20,15.7,12.4,78.6,X, ,X,매우높음
5/25/2021,임실(244),X,21.3,20,13.6,8.5,74.8,X, ,X,매우높음
5/25/2021,정읍(245),X,21.6,20.6,15.7,10.9,63.4,X, ,X,높음
5/25/2021,남원(247),X,22,21.7,15.4,10.5,66.4,X, ,X,매우높음
5/25/2021,장수(248),X,19.7,18.8,12.6,7.7,73.4,X, ,X,매우높음
5/25/2021,영광군(252),X,22.1,21.2,16.3,12.3,69.6,X, ,X,매우높음
5/25/2021,김해시(253),X,24.3,25.5,19.3,13.4,50,X, ,X,높음
5/25/2021,순창군(254),X,21.7,21.6,15.5,10.3,69.8,X, ,X,매우높음
5/25/2021,양산시(257),X,25.2,25.9,18.5,12,56.3,X, ,X,높음
5/25/2021,강진군(259),X,24.2,24.4,17.4,10.7,64.5,X, ,X,매우높음
5/25/2021,장흥(260),X,23.7,23.2,16.7,10.3,65,X, ,X,매우높음
5/25/2021,해남(261),X,23.8,22.7,16.5,9.8,71.8,X, ,X,매우높음
5/25/2021,고흥(262),X,23.4,23.8,17.2,9.5,58.9,X, ,X,매우높음
5/25/2021,의령군(263),X,25,25.7,17.7,11.3,56.4,X, ,X,매우높음
5/25/2021,함양군(264),X,21.7,22.2,15.6,9.5,57,X, ,X,매우높음
5/25/2021,진도군ASOS(268),X,24.3,22.3,17.3,10.6,72.4,X, ,X,매우높음
5/25/2021,봉화(271),X,17,17,10,5.2,77.9,X, ,X,높음
5/25/2021,영주(272),X,19.3,19.1,13,8.3,68.3,X, ,X,높음
5/25/2021,문경(273),X,20.1,20.6,14.1,9.5,61.5,X, ,X,높음
5/25/2021,청송군(276),X,20.6,20.4,12.7,6.5,70.1,X, ,X,높음
5/25/2021,영덕(277),X,21.8,21.7,16,10.4,49.9,X, ,X,높음
5/25/2021,의성(278),X,21.9,22.7,14,7.7,69.8,X, ,X,높음
5/25/2021,구미(279),X,22.5,23.4,16.6,11.5,52.5,X, ,X,높음
5/25/2021,영천(281),X,22.3,23,15.6,9.5,58.4,X, ,X,높음
5/25/2021,경주시(283),X,23,24,16.9,10.8,53.8,X, ,X,높음
5/25/2021,거창(284),X,21.7,22.1,14.8,9.1,61,X, ,X,높음
5/25/2021,합천(285),X,23.1,24.2,17.1,11.3,57.5,X, ,X,높음
5/25/2021,밀양(288),X,23.9,25.5,18.1,12.1,51,X, ,X,높음
5/25/2021,산청(289),X,22.6,23.1,16.5,10.5,56.4,X, ,X,매우높음
5/25/2021,거제(294),X,24.8,25.6,19.2,13.2,52.5,X, ,X,매우높음
5/25/2021,남해(295),X,25.4,25.2,19.2,13,43.6,X, ,X,매우높음
5/25/2021,부천(433),X,19.1,17.9,14.6,11.4,73,X, ,X,매우높음
5/25/2021,안양(434),X,16.2,17.8,15.1,12.2,,X, ,X,높음
5/25/2021,광명(437),X,19.9,18.9,15.3,12.5,73,X, ,X,높음
5/25/2021,군포(438),X,19,18.1,14.8,12.1,73,X, ,X,높음
5/25/2021,김포(441),X,,18.4,14.7,11.8,,X, ,X,매우높음
5/25/2021,하남(444),X,20.4,20,14.2,9.3,70,X, ,X,보통
5/25/2021,의왕(445),X,17.8,16.9,12.8,9.2,79,X, ,X,높음
5/25/2021,포천(504),X,19.4,18.1,12.6,9.1,87,X, ,X,보통
5/25/2021,가평조종(505),X,18.2,16.7,10.7,7.7,90,X, ,X,보통
5/25/2021,안성(516),X,19.9,19.1,14.3,10.4,78,X, ,X,높음
5/25/2021,간성(517),X,20.1,20.5,14.9,10.5,69,X, ,X,보통
5/25/2021,평창(526),X,18.1,18.5,11.3,7.3,74,X, ,X,보통
5/25/2021,의정부(532),X,20.6,19,14.2,9.8,82,X, ,X,보통
5/25/2021,횡성(536),X,19.7,19.5,12.5,8.6,83,X, ,X,보통
5/25/2021,고양(540),X,21.6,20.4,14.5,9.6,79,X, ,X,높음
5/25/2021,남양주(541),X,21.1,20.5,14.9,10.5,74,X, ,X,보통
5/25/2021,안산(545),X,20.3,19.2,13.9,8.5,84,X, ,X,높음
5/25/2021,경기광주(546),X,19.2,18.5,13.6,9.4,76,X, ,X,높음
5/25/2021,여주(548),X,19.3,18.7,13.6,10.2,77,X, ,X,높음
5/25/2021,용인(549),X,19.1,18.8,14.2,10.1,73,X, ,X,높음
5/25/2021,오산(550),X,20.1,19.6,14.7,11.3,73,X, ,X,높음
5/25/2021,평택(551),X,20.6,19.9,15.3,11.8,77,X, ,X,높음
5/25/2021,화천(555),X,19.9,19.3,12.7,8.9,85,X, ,X,보통
5/25/2021,양구(556),X,19,19,12.1,8.9,80,X, ,X,보통
5/25/2021,시흥(565),X,19.3,17.9,14.4,11.2,76,X, ,X,매우높음
5/25/2021,구리(569),X,20.2,19.7,15.3,11.9,62,X, ,X,보통
5/25/2021,화성(571),X,19.9,19.2,14.7,12,76,X, ,X,매우높음
5/25/2021,성남(572),X,19.1,18.7,15,11.2,66,X, ,X,높음
5/25/2021,과천(590),X,20,19,14.7,10.2,78,X, ,X,높음
5/25/2021,양주(598),X,19.9,18.9,13.5,9.4,79,X, ,X,보통
5/25/2021,단양(601),X,19.7,20,13.8,9.7,68,X, ,X,보통
5/25/2021,진천(602),X,20.4,19.9,14.9,11,69,X, ,X,높음
5/25/2021,괴산(603),X,20.2,20.4,13.4,8.2,71,X, ,X,높음
5/25/2021,옥천(604),X,21.3,22.6,15.1,9.5,66,X, ,X,높음
5/25/2021,홍북(608),X,21.8,20.6,14.3,10.7,85,X, ,X,매우높음
5/25/2021,공주(612),X,21.1,21.5,15.7,11.2,68,X, ,X,매우높음
5/25/2021,서천(614),X,20.7,19.2,15.1,12.3,82,X, ,X,매우높음
5/25/2021,논산(615),X,21.2,21.4,16.3,12.4,70,X, ,X,높음
5/25/2021,당진(616),X,20.3,19.6,14.8,11.5,77,X, ,X,매우높음
5/25/2021,청양(618),X,20.7,19.9,13.9,9.3,79,X, ,X,매우높음
5/25/2021,음성(619),X,19.2,18.6,12.8,8.2,76,X, ,X,높음
5/25/2021,증평(623),X,20.5,20.2,14.6,10.3,72,X, ,X,높음
5/25/2021,태안(627),X,20.7,18.8,15.2,12.1,82,X, ,X,매우높음
5/25/2021,예산(628),X,20.8,20.5,15.9,12.8,70,X, ,X,매우높음
5/25/2021,아산(634),X,21.5,22.1,15.8,12.3,74,X, ,X,높음
5/25/2021,계룡(636),X,21,20.9,13.7,8.2,76,X, ,X,매우높음
5/25/2021,연천청산(652),X,19.5,18.5,13.5,9.9,81,X, ,X,보통
5/25/2021,양양(670),X,21,21.1,15.3,12,75,X, ,X,보통
5/25/2021,무안(699),X,23.2,21.8,16.4,11.5,75,X, ,X,매우높음
5/25/2021,무주(701),X,20.5,21,14.2,8.6,61,X, ,X,높음
5/25/2021,익산(702),X,21.8,21,15.8,10.9,76,X, ,X,높음
5/25/2021,진안(703),X,20.1,19.3,12.6,6.9,70,X, ,X,높음
5/25/2021,담양(706),X,24.3,23.5,16.6,10.9,76,X, ,X,매우높음
5/25/2021,구례(709),X,23.3,23.6,16.4,10.5,68,X, ,X,매우높음
5/25/2021,나주(710),X,23.9,23.1,16.9,11.3,74,X, ,X,매우높음
5/25/2021,순천시(712),X,24.4,25.1,18.9,13,45,X, ,X,매우높음
5/25/2021,광양읍(713),X,25.1,25.6,18.1,11.7,52,X, ,X,매우높음
5/25/2021,장성(730),X,23.2,22.4,16,10.7,68,X, ,X,매우높음
5/25/2021,영암(731),X,23.6,22.5,17.1,11.2,71,X, ,X,매우높음
5/25/2021,보성(732),X,25,25,17,9.2,63,X, ,X,매우높음
5/25/2021,완주(734),X,22.1,21.6,14.6,9.4,78,X, ,X,매우높음
5/25/2021,김제(737),X,21.1,19.8,15.4,12,75,X, ,X,매우높음
5/25/2021,화순(741),X,23.1,22.9,16.5,10.7,62,X, ,X,매우높음
5/25/2021,함평(754),X,23.5,22,16.2,11.5,79,X, ,X,매우높음
5/25/2021,곡성(768),X,22.8,23.5,15,9.2,62,X, ,X,매우높음
5/25/2021,압해도(789),X,23.1,20.7,17.1,13.4,79,X, ,X,매우높음
5/25/2021,영양(801),X,20.1,19.9,12.2,6.6,77,X, ,X,높음
5/25/2021,성주(810),X,22.8,23.7,16.1,9.9,62,X, ,X,높음
5/25/2021,고령(812),X,22.8,24.3,15.9,9.2,62,X, ,X,높음
5/25/2021,청도(813),X,23.1,24.1,15.8,9.4,61,X, ,X,높음
5/25/2021,예천(815),X,20.4,21.3,14.4,9.9,58,X, ,X,높음
5/25/2021,김천(822),X,22.6,23.5,15.2,8.4,64,X, ,X,높음
5/25/2021,군위(823),X,22.1,22.1,14.6,9.3,68,X, ,X,높음
5/25/2021,칠곡(825),X,22.9,23.3,16.5,11.2,59,X, ,X,높음
5/25/2021,경산(827),X,22.7,24.5,18,12.5,43,X, ,X,높음
5/25/2021,삼척(876),X,20.8,20.8,16.4,12.2,52,X, ,X,높음
5/25/2021,속초(90),X,19.7,20.3,15.7,11.8,58.5,X, ,X,보통
5/25/2021,삼천포(907),X,24.4,25,19.2,13.6,43,X, ,X,매우높음
5/25/2021,고성(918),X,24,25.2,18.5,12.4,54,X, ,X,매우높음
5/25/2021,창녕(919),X,23.8,25,17.5,11.4,58,X, ,X,높음
5/25/2021,함안(920),X,24.4,24.8,17.5,11.9,63,X, ,X,높음
5/25/2021,북춘천(93),X,18.7,17.4,12.6,9.1,83.1,X, ,X,보통
5/25/2021,하동(932),X,24.3,24.5,17.9,12.1,56,X, ,X,매우높음
5/25/2021,철원(95),X,19.4,18.1,13.2,10.5,88.4,X, ,X,보통
5/25/2021,동두천(98),X,20.2,18.5,13,9.8,90,X, ,X,보통
5/25/2021,파주(99),X,21.1,19.8,14.4,10.2,80.5,X, ,X,보통
5/26/2021,북강릉(104),X,24,26.4,19.7,11.7,38,X, ,X,매우높음
5/26/2021,동해(106),X,22.2,23.3,18.6,11.9,42.5,X, ,X,매우높음
5/26/2021,서울(108),X,22.2,23,18,11.5,58.5,X, ,X,높음
5/26/2021,인천(112),X,20.1,22.2,17.4,12.6,54.9,X, ,X,높음
5/26/2021,원주(114),X,21.9,23.2,16.3,8.5,60.9,X, ,X,매우높음
5/26/2021,울릉도(115),X,20.3,19,16.1,13.2,67.9,X, ,X,매우높음
5/26/2021,수원(119),X,22.8,23.8,17.7,11.1,66.8,X, ,X,높음
5/26/2021,영월(121),X,22.9,23.5,14.6,6.2,69,X, ,X,매우높음
5/26/2021,충주(127),X,22.4,23.2,15.2,7.5,69.1,X, ,X,높음
5/26/2021,서산(129),X,21.6,22.6,17.5,12.9,63.3,X, ,X,매우높음
5/26/2021,울진(130),X,20.9,21,16.9,11.1,53,X, ,X,높음
5/26/2021,청주(131),X,22.8,24.4,18,12.5,54.6,X, ,X,높음
5/26/2021,대전(133),X,23.7,23.6,17.9,12.9,63,X, ,X,높음
5/26/2021,추풍령(135),X,20.4,20.1,14.6,7.5,64.3,X, ,X,높음
5/26/2021,안동(136),X,21.5,21.6,14.8,7.4,66.8,X, ,X,높음
5/26/2021,상주(137),X,21,19.8,14.7,9.7,77.4,X, ,X,높음
5/26/2021,포항(138),X,23.4,25.5,19.8,13.1,39.1,X, ,X,매우높음
5/26/2021,군산(140),X,23.3,24.7,18.3,12.7,62,X, ,X,높음
5/26/2021,대구(143),X,22.6,24.3,18,11.2,44.3,X, ,X,매우높음
5/26/2021,전주(146),X,23.1,24.1,18.9,12.6,53.1,X, ,X,높음
5/26/2021,울산(152),X,23.4,23.7,18.3,12.1,47.5,X, ,X,매우높음
5/26/2021,창원(155),X,21.6,22.2,17.8,13.4,44.5,X, ,X,매우높음
5/26/2021,광주(156),X,23.3,24.9,18.3,13.6,59.8,X, ,X,높음
5/26/2021,부산(159),X,21,22.1,17.9,15.5,47.4,X, ,X,매우높음
5/26/2021,통영(162),X,21.6,21.1,17.4,14.5,70.5,X, ,X,높음
5/26/2021,목포(165),X,21.8,22.3,17.8,14.5,64.8,X, ,X,높음
5/26/2021,여수(168),X,21.6,20.8,17.3,14,64.9,X, ,X,높음
5/26/2021,흑산도(169),X,20.5,18.3,15.9,13.9,87.9,X, ,X,높음
5/26/2021,완도(170),X,22.8,22,16.8,13.6,72.6,X, ,X,높음
5/26/2021,고창(172),X,22.6,24.4,18.1,12.6,55.9,X, ,X,높음
5/26/2021,제주(184),X,23.5,25.4,18.8,15.3,54.1,X, ,X,높음
5/26/2021,진주(192),X,22.5,23.2,16.8,10.6,61.6,X, ,X,매우높음
5/26/2021,양평(202),X,21.8,22.1,16,8,71,X, ,X,높음
5/26/2021,이천(203),X,22.8,23.4,15.8,8.5,75.5,X, ,X,높음
5/26/2021,인제(211),X,21.9,23.1,15.8,7.7,63.1,X, ,X,매우높음
5/26/2021,홍천(212),X,22.7,24,15.5,7.6,67.5,X, ,X,매우높음
5/26/2021,태백(216),X,18.7,20.4,13.4,4.4,52,X, ,X,높음
5/26/2021,정선군(217),X,20.7,22.1,14.4,6.6,63.5,X, ,X,매우높음
5/26/2021,제천(221),X,21.3,22.4,14.1,5.6,70.3,X, ,X,매우높음
5/26/2021,보은(226),X,21.9,22.6,14.7,8.3,75.5,X, ,X,높음
5/26/2021,천안(232),X,22.4,23,15.2,8.2,74.1,X, ,X,매우높음
5/26/2021,보령(235),X,21.4,22.4,18.1,12.7,60.6,X, ,X,높음
5/26/2021,부여(236),X,22.7,23.3,16.3,11.7,76.9,X, ,X,높음
5/26/2021,금산(238),X,22.3,24,16.6,9.1,61.1,X, ,X,높음
5/26/2021,세종(239),X,22,22.9,16.6,11.1,61.1,X, ,X,높음
5/26/2021,부안(243),X,23.4,23.9,18.7,12.6,62.3,X, ,X,높음
5/26/2021,임실(244),X,21.7,22.4,16.1,9.5,65.4,X, ,X,높음
5/26/2021,정읍(245),X,22.4,23.3,18.4,11.3,52.5,X, ,X,높음
5/26/2021,남원(247),X,22.5,24.5,17,10.4,59.4,X, ,X,높음
5/26/2021,장수(248),X,21.1,22,15.4,7.4,60,X, ,X,매우높음
5/26/2021,영광군(252),X,23.1,24.4,18.2,12.5,59,X, ,X,보통
5/26/2021,김해시(253),X,22.7,22.7,17.3,12.9,56.3,X, ,X,매우높음
5/26/2021,순창군(254),X,22.5,23.5,17.1,11.3,64.3,X, ,X,보통
5/26/2021,양산시(257),X,22.7,23.3,18,12.4,57.5,X, ,X,높음
5/26/2021,강진군(259),X,23.4,23.8,17.1,12.7,71.1,X, ,X,높음
5/26/2021,장흥(260),X,21.1,21.2,16.3,12,71.8,X, ,X,높음
5/26/2021,해남(261),X,23.2,23.6,17,11.9,69.9,X, ,X,높음
5/26/2021,고흥(262),X,21.7,22,16.4,11.9,70.6,X, ,X,높음
5/26/2021,의령군(263),X,23.4,25,17.8,10.7,53,X, ,X,높음
5/26/2021,함양군(264),X,23.6,24.5,16.5,9.4,57.3,X, ,X,높음
5/26/2021,진도군ASOS(268),X,22.9,22.6,17.1,12.5,69.9,X, ,X,높음
5/26/2021,봉화(271),X,18.3,18.4,11.1,3.4,76,X, ,X,높음
5/26/2021,영주(272),X,20.9,20.9,13.6,6.2,74.3,X, ,X,높음
5/26/2021,문경(273),X,21.1,20.4,13.7,7.5,75.6,X, ,X,높음
5/26/2021,청송군(276),X,23.2,23,14,4.9,72.1,X, ,X,높음
5/26/2021,영덕(277),X,22.2,22.4,17.1,9.5,54,X, ,X,높음
5/26/2021,의성(278),X,21.9,23.3,15.3,6.5,65.5,X, ,X,높음
5/26/2021,구미(279),X,22.5,23.2,17.3,10,52.3,X, ,X,높음
5/26/2021,영천(281),X,22,23.7,16.7,8.1,53.1,X, ,X,높음
5/26/2021,경주시(283),X,22.8,24.9,17.5,9.7,52.1,X, ,X,높음
5/26/2021,거창(284),X,22.8,23.4,15.6,8,61.9,X, ,X,매우높음
5/26/2021,합천(285),X,23,23.9,16.8,9.3,59.1,X, ,X,높음
5/26/2021,밀양(288),X,23.2,25.7,18,11.2,45.1,X, ,X,높음
5/26/2021,산청(289),X,23.8,25.2,16.3,10,60.4,X, ,X,높음
5/26/2021,거제(294),X,21.2,22.6,17.4,13.4,56,X, ,X,높음
5/26/2021,남해(295),X,22.1,22.7,17.3,13.3,62.4,X, ,X,높음
5/26/2021,부천(433),X,22,23.6,17.7,10.9,55,X, ,X,높음
5/26/2021,안양(434),X,18.9,23.4,18.3,12.5,,X, ,X,높음
5/26/2021,광명(437),X,22.6,24.4,18.9,12.8,53,X, ,X,높음
5/26/2021,군포(438),X,22,23.5,17.9,12.1,55,X, ,X,높음
5/26/2021,김포(441),X,,24.6,18.4,11.7,,X, ,X,높음
5/26/2021,하남(444),X,23,23.9,16.7,8.3,59,X, ,X,높음
5/26/2021,의왕(445),X,21.1,22.5,15.8,9,62,X, ,X,높음
5/26/2021,포천(504),X,21.6,22.2,15.9,6.8,66,X, ,X,높음
5/26/2021,가평조종(505),X,22.9,22.6,14.1,6.3,77,X, ,X,높음
5/26/2021,안성(516),X,23,24.1,16.5,9.1,69,X, ,X,높음
5/26/2021,간성(517),X,24.6,26.2,20.7,13.4,38,X, ,X,매우높음
5/26/2021,평창(526),X,21.6,23.5,14.2,6.1,64,X, ,X,매우높음
5/26/2021,의정부(532),X,23.4,24.1,16.7,8.8,71,X, ,X,높음
5/26/2021,횡성(536),X,22.4,23.4,15,7.6,75,X, ,X,매우높음
5/26/2021,고양(540),X,23.5,24.1,16.8,9,66,X, ,X,높음
5/26/2021,남양주(541),X,23.6,24.9,17.1,8.5,60,X, ,X,높음
5/26/2021,안산(545),X,23,23.6,16,7.8,67,X, ,X,높음
5/26/2021,경기광주(546),X,22.5,23,16,7.5,66,X, ,X,높음
5/26/2021,여주(548),X,22.3,23.4,15.6,7.7,72,X, ,X,매우높음
5/26/2021,용인(549),X,22.2,23.6,15.9,8.7,63,X, ,X,높음
5/26/2021,오산(550),X,22.7,24.6,16.9,10.7,59,X, ,X,높음
5/26/2021,평택(551),X,23.5,24,17.3,10.8,66,X, ,X,높음
5/26/2021,화천(555),X,24,24.5,16.5,9.3,72,X, ,X,매우높음
5/26/2021,양구(556),X,22.6,23.8,16.1,8.5,62,X, ,X,매우높음
5/26/2021,시흥(565),X,23.2,24.6,18.2,10.1,56,X, ,X,높음
5/26/2021,구리(569),X,23.3,24.8,17.9,9.6,51,X, ,X,높음
5/26/2021,화성(571),X,22.6,23.9,17.6,11.4,56,X, ,X,높음
5/26/2021,성남(572),X,22.9,24.6,17.8,10,54,X, ,X,높음
5/26/2021,과천(590),X,23.8,24.8,17.5,8.6,62,X, ,X,높음
5/26/2021,양주(598),X,23.1,24.1,16.6,7.5,65,X, ,X,높음
5/26/2021,단양(601),X,22.6,23.7,15,7.4,70,X, ,X,높음
5/26/2021,진천(602),X,22.1,23,16.7,9.4,62,X, ,X,높음
5/26/2021,괴산(603),X,22.8,24.8,14.4,6.9,76,X, ,X,높음
5/26/2021,옥천(604),X,22.3,23.3,16.3,9.4,64,X, ,X,높음
5/26/2021,홍북(608),X,22.5,23.5,16.5,11,69,X, ,X,높음
5/26/2021,공주(612),X,22.2,22.8,15.3,10.3,78,X, ,X,높음
5/26/2021,서천(614),X,22.2,23.9,18.1,12.4,58,X, ,X,높음
5/26/2021,논산(615),X,22.9,24.4,18.2,12.3,59,X, ,X,높음
5/26/2021,당진(616),X,22,24.1,17,10.9,62,X, ,X,높음
5/26/2021,청양(618),X,21.7,21.6,14.4,8.6,83,X, ,X,높음
5/26/2021,음성(619),X,21.9,22.6,14.3,6.3,72,X, ,X,높음
5/26/2021,증평(623),X,22.5,22.9,16.2,9.4,71,X, ,X,높음
5/26/2021,태안(627),X,21,21.5,16.9,12.2,71,X, ,X,매우높음
5/26/2021,예산(628),X,22.9,24.3,17.9,12.1,63,X, ,X,매우높음
5/26/2021,아산(634),X,23.8,25.8,17.4,12.1,63,X, ,X,매우높음
5/26/2021,계룡(636),X,21.8,22.7,15,8.7,76,X, ,X,높음
5/26/2021,연천청산(652),X,22.3,23.3,15.6,8,70,X, ,X,높음
5/26/2021,양양(670),X,24.6,26.4,20.2,12.3,47,X, ,X,매우높음
5/26/2021,무안(699),X,22.3,23.4,17.6,12.6,63,X, ,X,보통
5/26/2021,무주(701),X,22.2,23.9,15.6,7.8,59,X, ,X,높음
5/26/2021,익산(702),X,24,25.9,18.4,11.5,62,X, ,X,높음
5/26/2021,진안(703),X,21,21.6,15.3,7.7,61,X, ,X,매우높음
5/26/2021,담양(706),X,24.4,25,18.1,11.8,67,X, ,X,보통
5/26/2021,구례(709),X,23.3,24.9,17.6,11.2,63,X, ,X,높음
5/26/2021,나주(710),X,23.7,24.8,17.9,12.5,68,X, ,X,높음
5/26/2021,순천시(712),X,21.6,22.5,17.8,13.5,56,X, ,X,높음
5/26/2021,광양읍(713),X,23.3,24.2,17.8,12.6,64,X, ,X,높음
5/26/2021,장성(730),X,23.9,25.7,17.8,11.6,62,X, ,X,보통
5/26/2021,영암(731),X,23.2,23.8,17.5,12.7,69,X, ,X,높음
5/26/2021,보성(732),X,22.6,23.8,16.4,11.4,71,X, ,X,높음
5/26/2021,완주(734),X,23.4,24.5,17.4,10.7,64,X, ,X,높음
5/26/2021,김제(737),X,22.5,24,18.6,12.4,54,X, ,X,높음
5/26/2021,화순(741),X,22.9,24.4,17.3,11.5,63,X, ,X,높음
5/26/2021,함평(754),X,23,23.7,17.7,12.1,69,X, ,X,보통
5/26/2021,곡성(768),X,22.6,25.1,17.1,10.5,58,X, ,X,높음
5/26/2021,압해도(789),X,22,21.9,17.5,13.7,66,X, ,X,높음
5/26/2021,영양(801),X,22.4,22.8,13.2,5.5,77,X, ,X,높음
5/26/2021,성주(810),X,22.5,23.1,16.9,8.9,57,X, ,X,높음
5/26/2021,고령(812),X,22.4,23.5,16.3,8.3,60,X, ,X,높음
5/26/2021,청도(813),X,22.8,24.4,16.6,8.4,54,X, ,X,높음
5/26/2021,예천(815),X,20.8,21,14.2,7.2,68,X, ,X,높음
5/26/2021,김천(822),X,23.4,22.8,14.9,7.1,74,X, ,X,높음
5/26/2021,군위(823),X,22.4,22.9,16,7.7,64,X, ,X,높음
5/26/2021,칠곡(825),X,22.6,23.1,17.4,10.4,57,X, ,X,높음
5/26/2021,경산(827),X,22.6,24.3,18,10.7,44,X, ,X,높음
5/26/2021,삼척(876),X,23.9,25.8,19.6,14.2,38,X, ,X,매우높음
5/26/2021,속초(90),X,24.6,26.2,20.4,13.7,38.8,X, ,X,매우높음
5/26/2021,삼천포(907),X,21.6,21.7,17.4,13.9,59,X, ,X,높음
5/26/2021,고성(918),X,21.1,21.8,16.9,12.2,57,X, ,X,높음
5/26/2021,창녕(919),X,23.4,23.9,17.6,10.4,55,X, ,X,높음
5/26/2021,함안(920),X,23,24.2,17.4,10.8,58,X, ,X,높음
5/26/2021,북춘천(93),X,23.1,23.8,15.9,7.3,70.1,X, ,X,매우높음
5/26/2021,하동(932),X,22.7,24,17.3,11.5,61,X, ,X,높음
5/26/2021,철원(95),X,22.2,23.2,15.8,7.7,72.1,X, ,X,높음
5/26/2021,동두천(98),X,22.7,23.3,16,7.8,71.1,X, ,X,높음
5/26/2021,파주(99),X,23,23.4,16.2,8.1,71.5,X, ,X,높음
5/27/2021,북강릉(104),X,22.2,20.9,15.7,11.9,75.1,X, ,X,보통
5/27/2021,동해(106),X,19.9,19,15.4,12.4,75.5,X, ,X,보통
5/27/2021,서울(108),X,21.2,18.7,15.8,13.9,83,X, ,X,보통
5/27/2021,인천(112),X,19.8,18.2,15.3,13.6,77.6,X, ,X,매우높음
5/27/2021,원주(114),X,20.6,18.7,15.1,13.2,80,X, ,X,보통
5/27/2021,울릉도(115),X,20.5,18.5,15.2,14.1,85.9,X, ,X,보통
5/27/2021,수원(119),X,20.4,17.7,15.3,13,90.4,X, ,X,높음
5/27/2021,영월(121),X,20.6,19,13.7,11.2,89,X, ,X,보통
5/27/2021,충주(127),X,21.9,20.2,14.7,11.5,85.5,X, ,X,보통
5/27/2021,서산(129),X,21.4,19.9,15.6,13.9,86.1,X, ,X,매우높음
5/27/2021,울진(130),X,23.2,22.4,17,12.3,71.4,X, ,X,보통
5/27/2021,청주(131),X,22,21.1,17,14.3,69.6,X, ,X,보통
5/27/2021,대전(133),X,22.9,21.1,17,14.2,80.9,X, ,X,보통
5/27/2021,추풍령(135),X,21.3,20.3,15.2,9.8,71.1,X, ,X,높음
5/27/2021,안동(136),X,22.3,21.3,15.9,12.1,75,X, ,X,보통
5/27/2021,상주(137),X,23.5,22.1,16.3,12.8,80.4,X, ,X,높음
5/27/2021,포항(138),X,24.3,24.6,20.1,16.7,57.5,X, ,X,높음
5/27/2021,군산(140),X,21,18.1,15.8,13.7,85.5,X, ,X,높음
5/27/2021,대구(143),X,24.8,25.5,18.9,15,55.9,X, ,X,보통
5/27/2021,전주(146),X,22.1,20.7,16.5,13.3,80.3,X, ,X,보통
5/27/2021,울산(152),X,24.7,24.4,19.1,14.9,68.8,X, ,X,보통
5/27/2021,창원(155),X,24.4,23.1,16.7,12.8,79.8,X, ,X,보통
5/27/2021,광주(156),X,24.2,22.8,16.8,13.8,84.9,X, ,X,높음
5/27/2021,부산(159),X,22.7,20.9,16.9,13.4,84.4,X, ,X,보통
5/27/2021,통영(162),X,24,21,16.9,13.6,99.1,X, ,X,보통
5/27/2021,목포(165),X,22.2,20.2,17,14.2,86.1,X, ,X,매우높음
5/27/2021,여수(168),X,23.3,23,17.6,13.5,79.9,X, ,X,높음
5/27/2021,흑산도(169),X,23.8,21.3,16.7,13.3,92.6,X, ,X,매우높음
5/27/2021,완도(170),X,24.1,22.6,17.6,14.2,83.8,X, ,X,높음
5/27/2021,고창(172),X,21.3,20.1,16.2,11.9,76.9,X, ,X,매우높음
5/27/2021,제주(184),X,25.1,24,19.1,15.5,80.9,X, ,X,높음
5/27/2021,진주(192),X,25.1,24.8,17.5,12.1,77.9,X, ,X,높음
5/27/2021,양평(202),X,20.8,18,14.8,12.2,90.8,X, ,X,보통
5/27/2021,이천(203),X,21.1,18.1,15.1,12.3,89.5,X, ,X,보통
5/27/2021,인제(211),X,19.9,18,14.6,11.5,83.3,X, ,X,보통
5/27/2021,홍천(212),X,20.1,17.9,14.3,12.4,89.6,X, ,X,보통
5/27/2021,태백(216),X,18.2,17,14.1,11.4,69.4,X, ,X,보통
5/27/2021,정선군(217),X,18.8,16.1,13.5,10.6,85.9,X, ,X,보통
5/27/2021,제천(221),X,20.1,18.1,13,9.9,92.5,X, ,X,보통
5/27/2021,보은(226),X,21.8,20.8,15.1,10.6,86,X, ,X,보통
5/27/2021,천안(232),X,21.2,19.2,15,10.3,89.1,X, ,X,보통
5/27/2021,보령(235),X,20.3,17.8,15.6,13.5,85.5,X, ,X,높음
5/27/2021,부여(236),X,22.5,20.8,16.2,12.4,83.6,X, ,X,높음
5/27/2021,금산(238),X,22.5,20.7,15.7,10.2,80.1,X, ,X,보통
5/27/2021,세종(239),X,22.4,20.6,16.4,12.8,73.1,X, ,X,높음
5/27/2021,부안(243),X,21.9,19.9,16.5,12.6,84.6,X, ,X,매우높음
5/27/2021,임실(244),X,21.9,20,14.3,9.9,88.8,X, ,X,보통
5/27/2021,정읍(245),X,21.7,20.2,16.3,11.6,76.6,X, ,X,높음
5/27/2021,남원(247),X,23.1,22.1,15.5,11.3,82.6,X, ,X,보통
5/27/2021,장수(248),X,20.3,18.8,13.8,8,86.4,X, ,X,보통
5/27/2021,영광군(252),X,21.8,19.7,16,12.3,80.9,X, ,X,매우높음
5/27/2021,김해시(253),X,25.1,23.4,17.5,12.9,81.3,X, ,X,보통
5/27/2021,순창군(254),X,22.4,21.5,15.7,11.9,85.5,X, ,X,보통
5/27/2021,양산시(257),X,24.7,23.3,17.6,13.8,83.8,X, ,X,보통
5/27/2021,강진군(259),X,24,22.8,17.1,13.1,83.6,X, ,X,높음
5/27/2021,장흥(260),X,23.7,22.6,16.4,12.5,87.3,X, ,X,높음
5/27/2021,해남(261),X,23.9,22.4,16.7,12.6,84.5,X, ,X,높음
5/27/2021,고흥(262),X,23.7,22.9,16.2,12.3,86,X, ,X,높음
5/27/2021,의령군(263),X,25.6,25.8,18.2,14,69.6,X, ,X,보통
5/27/2021,함양군(264),X,22.8,22.3,16.1,10.9,70.8,X, ,X,높음
5/27/2021,진도군ASOS(268),X,23.3,21.2,16.9,12.5,87.8,X, ,X,매우높음
5/27/2021,봉화(271),X,18.9,17.1,11.8,7.8,87.3,X, ,X,보통
5/27/2021,영주(272),X,21.2,19.8,14.6,11.4,83.8,X, ,X,보통
5/27/2021,문경(273),X,21.9,21.2,15.3,11.5,79.9,X, ,X,높음
5/27/2021,청송군(276),X,22.6,21.8,14.7,9.8,83.4,X, ,X,보통
5/27/2021,영덕(277),X,22.7,22,17,12,69.5,X, ,X,보통
5/27/2021,의성(278),X,23.7,23,16,10.9,79.9,X, ,X,높음
5/27/2021,구미(279),X,24.5,24.4,17.7,13,63.1,X, ,X,보통
5/27/2021,영천(281),X,23.9,23.9,17.8,14.2,63.5,X, ,X,보통
5/27/2021,경주시(283),X,24.8,24.9,18.7,13.9,65.8,X, ,X,보통
5/27/2021,거창(284),X,22.8,22.7,15.9,9.5,70.4,X, ,X,보통
5/27/2021,합천(285),X,24.5,24.5,18.2,12.5,67.5,X, ,X,매우높음
5/27/2021,밀양(288),X,24.7,25.2,17.9,13.4,69.4,X, ,X,높음
5/27/2021,산청(289),X,23.5,23.1,16.4,12,73,X, ,X,매우높음
5/27/2021,거제(294),X,23.1,21.4,17,13.5,86,X, ,X,보통
5/27/2021,남해(295),X,24.4,23.1,17.7,13.1,78.8,X, ,X,높음
5/27/2021,부천(433),X,21.2,19.6,15.1,13,81,X, ,X,높음
5/27/2021,안양(434),X,17.8,18.3,15.9,14,,X, ,X,높음
5/27/2021,광명(437),X,20.8,18.8,16,14.1,81,X, ,X,높음
5/27/2021,군포(438),X,21,19.3,15.3,13.6,81,X, ,X,높음
5/27/2021,김포(441),X,,20.5,16.1,13.8,,X, ,X,높음
5/27/2021,하남(444),X,21.3,19.1,14.7,11.2,83,X, ,X,보통
5/27/2021,의왕(445),X,18.9,16.6,13.5,10.7,87,X, ,X,높음
5/27/2021,포천(504),X,21.1,18.5,15.1,12.3,88,X, ,X,보통
5/27/2021,가평조종(505),X,20.4,17.6,14.4,12.3,91,X, ,X,보통
5/27/2021,안성(516),X,20.4,18.6,14.9,11.2,86,X, ,X,보통
5/27/2021,간성(517),X,20.2,21.3,15.8,11.8,83,X, ,X,보통
5/27/2021,평창(526),X,19.3,17.3,12.9,10.2,88,X, ,X,보통
5/27/2021,의정부(532),X,22.9,19.9,15.7,11.8,90,X, ,X,보통
5/27/2021,횡성(536),X,20.7,17.5,13.5,11,96,X, ,X,보통
5/27/2021,고양(540),X,23.3,21.2,15.8,12.1,84,X, ,X,높음
5/27/2021,남양주(541),X,22.4,20.5,15.7,12.5,84,X, ,X,보통
5/27/2021,안산(545),X,21.6,19.3,14.3,9.8,90,X, ,X,높음
5/27/2021,경기광주(546),X,19.7,17.2,13.9,10.9,89,X, ,X,보통
5/27/2021,여주(548),X,20.2,17.7,14.1,12,92,X, ,X,보통
5/27/2021,용인(549),X,19.5,17.3,14.2,11.6,85,X, ,X,보통
5/27/2021,오산(550),X,20.1,18,15,12.2,79,X, ,X,보통
5/27/2021,평택(551),X,21,19.6,15.8,13,84,X, ,X,보통
5/27/2021,화천(555),X,21.4,18.6,14.3,11.8,96,X, ,X,보통
5/27/2021,양구(556),X,19.4,17.2,14,11.6,86,X, ,X,보통
5/27/2021,시흥(565),X,21.1,19.3,15.7,12.5,80,X, ,X,높음
5/27/2021,구리(569),X,21.9,20.3,16.1,12.5,72,X, ,X,보통
5/27/2021,화성(571),X,20.4,18.4,15.4,12.7,82,X, ,X,높음
5/27/2021,성남(572),X,20.8,18.9,15.5,12.5,78,X, ,X,높음
5/27/2021,과천(590),X,21.9,20,15.6,12.8,85,X, ,X,높음
5/27/2021,양주(598),X,22.3,20.4,15.5,12.1,83,X, ,X,보통
5/27/2021,단양(601),X,21.3,19.9,14.5,11.8,86,X, ,X,보통
5/27/2021,진천(602),X,21.7,20,15.9,12,78,X, ,X,보통
5/27/2021,괴산(603),X,22.3,21.3,14.8,10.7,86,X, ,X,보통
5/27/2021,옥천(604),X,22.8,21.8,15.7,10.9,82,X, ,X,보통
5/27/2021,홍북(608),X,20.7,17.9,14.5,11.7,93,X, ,X,높음
5/27/2021,공주(612),X,21.7,20.7,15.9,12.3,80,X, ,X,높음
5/27/2021,서천(614),X,20.4,18.2,15.4,12.3,87,X, ,X,높음
5/27/2021,논산(615),X,22.2,20.6,16.5,12.4,80,X, ,X,높음
5/27/2021,당진(616),X,20.9,19.2,15.1,12.8,87,X, ,X,매우높음
5/27/2021,청양(618),X,21,18.9,14.5,9.1,86,X, ,X,높음
5/27/2021,음성(619),X,21.4,19.6,14.2,9.8,87,X, ,X,보통
5/27/2021,증평(623),X,21.9,19.8,15.5,12.6,87,X, ,X,보통
5/27/2021,태안(627),X,21,18.4,15.1,13.3,92,X, ,X,매우높음
5/27/2021,예산(628),X,21.6,19.6,15.9,13.2,84,X, ,X,높음
5/27/2021,아산(634),X,22.7,21.5,16,13,81,X, ,X,높음
5/27/2021,계룡(636),X,21.3,19.6,14.3,9.9,89,X, ,X,높음
5/27/2021,연천청산(652),X,21.7,19.7,15.5,13.2,86,X, ,X,보통
5/27/2021,양양(670),X,23.2,21.4,16.7,12.8,85,X, ,X,보통
5/27/2021,무안(699),X,22.4,20.6,16.2,12.1,87,X, ,X,매우높음
5/27/2021,무주(701),X,22,21.2,15.6,9.8,73,X, ,X,보통
5/27/2021,익산(702),X,22.2,20.2,15.6,10.7,87,X, ,X,높음
5/27/2021,진안(703),X,20.8,19,13.5,7.8,86,X, ,X,보통
5/27/2021,담양(706),X,25,23.3,16.1,11.8,88,X, ,X,높음
5/27/2021,구례(709),X,24.2,23.3,16.5,11.8,84,X, ,X,높음
5/27/2021,나주(710),X,24.3,22.9,16.7,12.9,86,X, ,X,높음
5/27/2021,순천시(712),X,24.4,24.2,17.1,13.7,80,X, ,X,높음
5/27/2021,광양읍(713),X,25.4,24.8,16.8,12.5,85,X, ,X,높음
5/27/2021,장성(730),X,22.8,21.8,15.7,11.4,86,X, ,X,높음
5/27/2021,영암(731),X,23.4,21.9,16.9,13,86,X, ,X,높음
5/27/2021,보성(732),X,24.6,24.3,16.4,10.5,82,X, ,X,높음
5/27/2021,완주(734),X,22.1,20.1,15,10.6,90,X, ,X,보통
5/27/2021,김제(737),X,21.7,19.2,16,13.5,83,X, ,X,높음
5/27/2021,화순(741),X,24.4,23.4,16.4,12,79,X, ,X,높음
5/27/2021,함평(754),X,24.8,22.5,16,11.7,88,X, ,X,매우높음
5/27/2021,곡성(768),X,23.6,23.1,16.2,11,79,X, ,X,보통
5/27/2021,압해도(789),X,22.3,20,16.6,14,87,X, ,X,매우높음
5/27/2021,영양(801),X,21.7,20.4,14.4,9.7,86,X, ,X,보통
5/27/2021,성주(810),X,24.9,25.1,17.7,10.5,67,X, ,X,높음
5/27/2021,고령(812),X,24.8,24.8,17.5,11.2,66,X, ,X,높음
5/27/2021,청도(813),X,24.5,25.1,17.6,11.9,67,X, ,X,보통
5/27/2021,예천(815),X,22.5,22.1,15.3,11.1,75,X, ,X,높음
5/27/2021,김천(822),X,24.6,24.5,16.7,9,72,X, ,X,높음
5/27/2021,군위(823),X,23.4,22.7,16.2,10.6,77,X, ,X,보통
5/27/2021,칠곡(825),X,24.5,24.4,17.7,12.4,69,X, ,X,보통
5/27/2021,경산(827),X,24.7,25.4,18.5,14.3,60,X, ,X,보통
5/27/2021,삼척(876),X,22,21.7,17.1,13,69,X, ,X,보통
5/27/2021,속초(90),X,20.7,22.4,16,13,77.8,X, ,X,보통
5/27/2021,삼천포(907),X,,23.6,17.6,13.5,,X, ,X,높음
5/27/2021,고성(918),X,23.7,22.5,16.9,13.3,81,X, ,X,보통
5/27/2021,창녕(919),X,25,25.1,17.9,12.6,71,X, ,X,보통
5/27/2021,함안(920),X,24.6,24.3,17.4,12.2,74,X, ,X,높음
5/27/2021,북춘천(93),X,19.7,16.6,14.7,12.9,92.6,X, ,X,보통
5/27/2021,하동(932),X,24.4,23.9,17.1,13.3,80,X, ,X,높음
5/27/2021,철원(95),X,22,18.4,15.4,12.7,94.4,X, ,X,보통
5/27/2021,동두천(98),X,23.2,20.2,15.6,12.7,88.1,X, ,X,보통
5/27/2021,파주(99),X,22.9,21.2,15.6,12.8,88.8,X, ,X,높음
5/28/2021,북강릉(104),X,21.6,21,14.2,11.1,82.5,X, ,X,보통
5/28/2021,동해(106),X,19.7,18.5,13.9,11.1,80.8,X, ,X,보통
5/28/2021,서울(108),X,21.6,19.7,15.3,12.4,86,X, ,X,보통
5/28/2021,인천(112),X,20.2,19,15,11.7,76.9,X, ,X,높음
5/28/2021,원주(114),X,20,18.2,14.2,11.6,81.1,X, ,X,보통
5/28/2021,울릉도(115),X,22.3,19.9,15.3,12.4,86.8,X, ,X,매우높음
5/28/2021,수원(119),X,22.3,20.3,14.8,11.8,91.6,X, ,X,보통
5/28/2021,영월(121),X,18.6,16.4,13.1,10.4,88.3,X, ,X,보통
5/28/2021,충주(127),X,20.6,18.6,13.7,9.8,85.3,X, ,X,보통
5/28/2021,서산(129),X,23.1,21.9,14.9,12,85.4,X, ,X,높음
5/28/2021,울진(130),X,21.1,19,15.8,11.8,76.5,X, ,X,높음
5/28/2021,청주(131),X,20.9,18.7,14.8,11.8,82.1,X, ,X,보통
5/28/2021,대전(133),X,22.4,19.7,15,11.8,87.1,X, ,X,보통
5/28/2021,추풍령(135),X,22.3,22.4,13.3,6.4,75.5,X, ,X,높음
5/28/2021,안동(136),X,22.6,22.6,13.7,10,85.4,X, ,X,높음
5/28/2021,상주(137),X,22.6,21.6,13.3,9,90,X, ,X,높음
5/28/2021,포항(138),X,27,29.2,17.9,14.2,65.4,X, ,X,매우높음
5/28/2021,군산(140),X,24.4,23.1,16.6,12.3,84.9,X, ,X,보통
5/28/2021,대구(143),X,26.5,28.8,16.7,10.7,71.6,X, ,X,매우높음
5/28/2021,전주(146),X,24.9,24.7,17.7,12.9,73.5,X, ,X,보통
5/28/2021,울산(152),X,26,26,17.5,12.1,75.8,X, ,X,매우높음
5/28/2021,창원(155),X,23.8,22.8,17,12.3,77.9,X, ,X,매우높음
5/28/2021,광주(156),X,24.9,23.6,17.9,12.9,80.6,X, ,X,보통
5/28/2021,부산(159),X,23.6,21.5,17.6,15,80.4,X, ,X,매우높음
5/28/2021,통영(162),X,24.4,21.5,18.3,14.3,91.8,X, ,X,매우높음
5/28/2021,목포(165),X,23.8,21.2,18,15.3,84.3,X, ,X,높음
5/28/2021,여수(168),X,24.2,22.8,18.7,15,72.6,X, ,X,높음
5/28/2021,흑산도(169),X,25.1,22.6,18.2,14.2,86.5,X, ,X,매우높음
5/28/2021,완도(170),X,26.4,24.9,18.6,13.2,78.9,X, ,X,높음
5/28/2021,고창(172),X,24.3,23.5,17.6,12.1,75.5,X, ,X,보통
5/28/2021,제주(184),X,29,29.2,20.7,16.4,63.3,X, ,X,높음
5/28/2021,진주(192),X,25.5,24.3,17.5,9,75.1,X, ,X,높음
5/28/2021,양평(202),X,19.7,17.6,14.3,11.2,89,X, ,X,보통
5/28/2021,이천(203),X,21,18.6,14.2,11.1,91.3,X, ,X,보통
5/28/2021,인제(211),X,19.3,17.7,14.2,11.1,86.3,X, ,X,보통
5/28/2021,홍천(212),X,20.6,19.1,14.1,11.1,88.8,X, ,X,보통
5/28/2021,태백(216),X,17.1,17.5,11.6,8.1,73.4,X, ,X,보통
5/28/2021,정선군(217),X,18.4,16.1,12.4,9.9,88.3,X, ,X,보통
5/28/2021,제천(221),X,18.4,15.7,12.7,8.9,91.5,X, ,X,보통
5/28/2021,보은(226),X,20.8,19.9,13.6,9.8,88,X, ,X,보통
5/28/2021,천안(232),X,20.6,17.7,13.6,9.4,94.5,X, ,X,높음
5/28/2021,보령(235),X,22,19.5,16,12.2,81.4,X, ,X,보통
5/28/2021,부여(236),X,23.4,22,15.5,11.1,84.5,X, ,X,보통
5/28/2021,금산(238),X,24.7,25.5,14.6,7.6,80.8,X, ,X,보통
5/28/2021,세종(239),X,21.2,18.9,14.4,11.2,81.9,X, ,X,보통
5/28/2021,부안(243),X,24.7,23.3,17.5,12.6,81.6,X, ,X,보통
5/28/2021,임실(244),X,24,23.3,15.7,8.3,77.9,X, ,X,높음
5/28/2021,정읍(245),X,24.6,23.6,17.8,11.2,69.3,X, ,X,보통
5/28/2021,남원(247),X,25.2,24.4,16.6,9.5,74,X, ,X,높음
5/28/2021,장수(248),X,23.2,22.9,14.9,6.2,76.6,X, ,X,높음
5/28/2021,영광군(252),X,24.4,22.8,17.2,12.6,80.1,X, ,X,높음
5/28/2021,김해시(253),X,25.8,24.7,17.3,12.4,81.4,X, ,X,매우높음
5/28/2021,순창군(254),X,24.4,23.8,17,9.9,75.6,X, ,X,높음
5/28/2021,양산시(257),X,25.6,23.8,17.4,10.5,82.9,X, ,X,매우높음
5/28/2021,강진군(259),X,25,23.3,17.8,12,80,X, ,X,높음
5/28/2021,장흥(260),X,25.4,23.8,17.7,10.9,77.8,X, ,X,높음
5/28/2021,해남(261),X,24.3,22.9,17.2,11.4,81.6,X, ,X,높음
5/28/2021,고흥(262),X,26,24.7,17.9,10.4,76.4,X, ,X,높음
5/28/2021,의령군(263),X,26.3,26.4,17.5,8.9,74,X, ,X,높음
5/28/2021,함양군(264),X,26.3,27.5,16.3,6.9,67,X, ,X,높음
5/28/2021,진도군ASOS(268),X,24.4,22.4,18.7,12.4,82.1,X, ,X,높음
5/28/2021,봉화(271),X,17.8,17.6,10.9,6.4,88.9,X, ,X,보통
5/28/2021,영주(272),X,18.9,17.9,12.5,8.3,91.1,X, ,X,보통
5/28/2021,문경(273),X,19.1,16.8,12.7,8.6,90.6,X, ,X,높음
5/28/2021,청송군(276),X,25.5,26.7,14.2,7.6,84.4,X, ,X,매우높음
5/28/2021,영덕(277),X,26,26,16.3,10.6,74.8,X, ,X,매우높음
5/28/2021,의성(278),X,24.9,26.2,14.6,7.6,85.1,X, ,X,높음
5/28/2021,구미(279),X,26.1,27.5,16.3,9.2,72.8,X, ,X,높음
5/28/2021,영천(281),X,25.8,27,14.8,8.3,81.8,X, ,X,매우높음
5/28/2021,경주시(283),X,27,28.5,16.1,9.6,76.1,X, ,X,매우높음
5/28/2021,거창(284),X,25.7,27,15.7,6,68.5,X, ,X,높음
5/28/2021,합천(285),X,27.6,27.4,16.2,8.8,76.9,X, ,X,높음
5/28/2021,밀양(288),X,26,25.9,16.8,9.9,76.3,X, ,X,매우높음
5/28/2021,산청(289),X,25.7,26.2,16.5,8.1,71.6,X, ,X,높음
5/28/2021,거제(294),X,23,20.7,17.7,12.6,82,X, ,X,매우높음
5/28/2021,남해(295),X,25.3,23.9,18.9,12,67.4,X, ,X,높음
5/28/2021,부천(433),X,21.3,20.1,14.7,11.2,83,X, ,X,보통
5/28/2021,안양(434),X,18.3,20.2,15,12,,X, ,X,보통
5/28/2021,광명(437),X,21.9,20.7,15.6,12.2,82,X, ,X,높음
5/28/2021,군포(438),X,21.1,20,14.6,11.3,84,X, ,X,보통
5/28/2021,김포(441),X,,20.6,15.4,12.6,,X, ,X,보통
5/28/2021,하남(444),X,20.5,18.6,14.3,11,84,X, ,X,보통
5/28/2021,의왕(445),X,20.3,18.9,13.1,9.9,87,X, ,X,보통
5/28/2021,포천(504),X,21,19.1,14.4,11.3,88,X, ,X,보통
5/28/2021,가평조종(505),X,20.1,18,13.5,11,93,X, ,X,보통
5/28/2021,안성(516),X,21.5,19.7,14,10.3,88,X, ,X,보통
5/28/2021,간성(517),X,22.1,21.2,15.6,11.9,82,X, ,X,보통
5/28/2021,평창(526),X,18.3,16.7,12.5,9.8,87,X, ,X,보통
5/28/2021,의정부(532),X,21.8,19.5,14.9,11.3,92,X, ,X,보통
5/28/2021,횡성(536),X,20.3,18.3,13.6,10.9,92,X, ,X,보통
5/28/2021,고양(540),X,23,21.4,15.3,11.4,85,X, ,X,보통
5/28/2021,남양주(541),X,20.9,19.4,15.2,11.6,84,X, ,X,보통
5/28/2021,안산(545),X,22.7,21,14.1,9.1,93,X, ,X,보통
5/28/2021,경기광주(546),X,20.6,18.5,14,10.6,86,X, ,X,보통
5/28/2021,여주(548),X,20.1,17.6,13.2,10.4,91,X, ,X,보통
5/28/2021,용인(549),X,20.2,18.7,14.2,11,83,X, ,X,보통
5/28/2021,오산(550),X,21,19.7,14.5,11.6,80,X, ,X,보통
5/28/2021,평택(551),X,22.4,20.5,14.2,11.4,93,X, ,X,보통
5/28/2021,화천(555),X,21,18.8,13.7,11.1,95,X, ,X,보통
5/28/2021,양구(556),X,19.9,18.5,14,11.1,83,X, ,X,보통
5/28/2021,시흥(565),X,22.2,21.1,15.3,11.4,82,X, ,X,보통
5/28/2021,구리(569),X,21.4,19.9,15.3,12,77,X, ,X,보통
5/28/2021,화성(571),X,22.8,21.6,14.7,11.2,84,X, ,X,높음
5/28/2021,성남(572),X,21.1,19.8,15.1,11.6,80,X, ,X,보통
5/28/2021,과천(590),X,22.3,21,14.9,11.1,87,X, ,X,보통
5/28/2021,양주(598),X,22.2,20.6,15.1,11,82,X, ,X,보통
5/28/2021,단양(601),X,19.3,16.7,13.3,9.8,89,X, ,X,보통
5/28/2021,진천(602),X,20.2,18,14.5,11.4,84,X, ,X,보통
5/28/2021,괴산(603),X,20.1,17.8,13.1,9.3,91,X, ,X,보통
5/28/2021,옥천(604),X,23.9,24.3,14.1,9,84,X, ,X,보통
5/28/2021,홍북(608),X,23.5,20.6,13.8,10,96,X, ,X,높음
5/28/2021,공주(612),X,22.4,20.6,14.6,11.1,85,X, ,X,보통
5/28/2021,서천(614),X,22.4,20.3,16.2,11.8,87,X, ,X,보통
5/28/2021,논산(615),X,23.6,22.7,15.8,11,80,X, ,X,보통
5/28/2021,당진(616),X,22.9,21.5,14.3,11.3,88,X, ,X,높음
5/28/2021,청양(618),X,23,21.1,14.6,9.6,88,X, ,X,보통
5/28/2021,음성(619),X,20.2,18,12.7,9,90,X, ,X,보통
5/28/2021,증평(623),X,20.5,17.4,13.8,11,93,X, ,X,보통
5/28/2021,태안(627),X,23.5,21.4,14.9,12.3,91,X, ,X,높음
5/28/2021,예산(628),X,22.8,21.3,15,12.1,86,X, ,X,높음
5/28/2021,아산(634),X,23.4,20.5,14.6,11.7,90,X, ,X,보통
5/28/2021,계룡(636),X,21.6,19.7,13.1,8,89,X, ,X,보통
5/28/2021,연천청산(652),X,20.7,19.1,14.6,12.1,87,X, ,X,보통
5/28/2021,양양(670),X,23.5,22,15.6,11.5,89,X, ,X,보통
5/28/2021,무안(699),X,24.5,22.7,17.7,11.7,85,X, ,X,높음
5/28/2021,무주(701),X,24.4,25.3,15.9,7.5,71,X, ,X,높음
5/28/2021,익산(702),X,24.2,23.3,16.6,10.1,81,X, ,X,보통
5/28/2021,진안(703),X,23.3,22.9,14.4,5.6,78,X, ,X,높음
5/28/2021,담양(706),X,26.4,24.8,17.8,10.6,81,X, ,X,보통
5/28/2021,구례(709),X,26.5,25.8,17.4,9.6,76,X, ,X,높음
5/28/2021,나주(710),X,25.3,23.5,17.4,10.1,81,X, ,X,높음
5/28/2021,순천시(712),X,25.8,24.5,18.2,10.8,73,X, ,X,높음
5/28/2021,광양읍(713),X,26.7,25.1,18.2,10,75,X, ,X,높음
5/28/2021,장성(730),X,24.7,23.4,16.9,10.4,78,X, ,X,보통
5/28/2021,영암(731),X,25.8,24.3,18.1,11.7,80,X, ,X,높음
5/28/2021,보성(732),X,25.4,23.9,17.3,9.6,77,X, ,X,높음
5/28/2021,완주(734),X,23.9,23.8,16.6,9.2,81,X, ,X,보통
5/28/2021,김제(737),X,24.4,23.7,17.1,12.4,80,X, ,X,보통
5/28/2021,화순(741),X,25.5,24.6,17.5,10.4,72,X, ,X,높음
5/28/2021,함평(754),X,24.4,22.6,17.3,11.3,87,X, ,X,높음
5/28/2021,곡성(768),X,26.7,26.5,17.5,8.4,70,X, ,X,높음
5/28/2021,압해도(789),X,23.5,21.1,17.7,14.7,83,X, ,X,높음
5/28/2021,영양(801),X,24,24.6,14.3,8.5,86,X, ,X,높음
5/28/2021,성주(810),X,26.2,27.2,15.5,7.6,78,X, ,X,높음
5/28/2021,고령(812),X,26.1,26.5,14.7,7.7,85,X, ,X,높음
5/28/2021,청도(813),X,26.6,27.5,15.3,8,81,X, ,X,매우높음
5/28/2021,예천(815),X,20,19.1,13.3,9.1,84,X, ,X,보통
5/28/2021,김천(822),X,27.4,29.2,15.3,5.6,77,X, ,X,높음
5/28/2021,군위(823),X,25.4,26.1,14.8,7.6,84,X, ,X,높음
5/28/2021,칠곡(825),X,26.1,27,16,9.8,84,X, ,X,높음
5/28/2021,경산(827),X,26.7,28.5,16.1,10,75,X, ,X,매우높음
5/28/2021,삼척(876),X,21.7,20.7,14.4,11.7,79,X, ,X,보통
5/28/2021,속초(90),X,21.7,21.1,15.6,13,76.8,X, ,X,보통
5/28/2021,삼천포(907),X,24.5,23,19,12.7,66,X, ,X,높음
5/28/2021,고성(918),X,24.2,22,17.1,10.9,81,X, ,X,매우높음
5/28/2021,창녕(919),X,27,27.3,16.4,9.2,81,X, ,X,매우높음
5/28/2021,함안(920),X,25.8,25.4,17.4,9.3,78,X, ,X,매우높음
5/28/2021,북춘천(93),X,20.1,18,14.2,11.2,91.4,X, ,X,보통
5/28/2021,하동(932),X,25.6,24.6,18.1,10.1,72,X, ,X,높음
5/28/2021,철원(95),X,21.5,18.9,14.3,11.3,99.1,X, ,X,보통
5/28/2021,동두천(98),X,22,19.6,14.3,11.5,93,X, ,X,보통
5/28/2021,파주(99),X,22.3,20.3,15.4,12,84.6,X, ,X,보통
5/29/2021,북강릉(104),X,21.2,21.3,15.7,12.1,74.9,X, ,X,높음
5/29/2021,동해(106),X,20,19.3,15.7,12.6,74.6,X, ,X,높음
5/29/2021,서울(108),X,20.6,19.1,15.4,12.8,79.8,X, ,X,매우높음
5/29/2021,인천(112),X,19.2,18.1,15.6,13.9,67.6,X, ,X,매우높음
5/29/2021,원주(114),X,21.2,20.7,15.7,12.2,73.1,X, ,X,매우높음
5/29/2021,울릉도(115),X,20.9,19,16.3,13.9,76.4,X, ,X,높음
5/29/2021,수원(119),X,21.8,20.9,16.2,12.2,78.1,X, ,X,매우높음
5/29/2021,영월(121),X,21.1,21.6,15.6,10.9,73.6,X, ,X,매우높음
5/29/2021,충주(127),X,22.5,22.7,15.9,11.3,73.3,X, ,X,매우높음
5/29/2021,서산(129),X,23.6,23.1,16.5,10.6,73.5,X, ,X,매우높음
5/29/2021,울진(130),X,20.4,18.7,15.9,12.9,80.1,X, ,X,매우높음
5/29/2021,청주(131),X,23.5,24.4,17.8,12.8,63,X, ,X,매우높음
5/29/2021,대전(133),X,24.4,24.3,18.5,13.4,69.8,X, ,X,매우높음
5/29/2021,추풍령(135),X,22.5,22.6,16.8,11.8,61.8,X, ,X,매우높음
5/29/2021,안동(136),X,23.2,23.8,17.2,11.8,62.9,X, ,X,매우높음
5/29/2021,상주(137),X,24.9,25.1,17.9,13.6,68.5,X, ,X,매우높음
5/29/2021,포항(138),X,24.8,26.4,20.3,16.1,54.5,X, ,X,매우높음
5/29/2021,군산(140),X,23,23.1,18,12.8,67,X, ,X,매우높음
5/29/2021,대구(143),X,24.6,26.3,20.4,14.9,49.4,X, ,X,매우높음
5/29/2021,전주(146),X,24.7,24.9,18.6,13.6,64.4,X, ,X,매우높음
5/29/2021,울산(152),X,24.5,25.9,19.3,12.1,63.5,X, ,X,매우높음
5/29/2021,창원(155),X,24.8,25.1,19.6,13.2,57.9,X, ,X,매우높음
5/29/2021,광주(156),X,25.3,25.9,19.4,13.1,68.8,X, ,X,매우높음
5/29/2021,부산(159),X,22.7,22.8,18.7,14.4,65.1,X, ,X,매우높음
5/29/2021,통영(162),X,24.9,24.1,19,15.4,74.4,X, ,X,매우높음
5/29/2021,목포(165),X,23.2,22.9,18.8,15.1,66.1,X, ,X,매우높음
5/29/2021,여수(168),X,23.5,22.6,19,15.5,65.3,X, ,X,매우높음
5/29/2021,흑산도(169),X,24.6,22.7,18.4,15.4,79.6,X, ,X,매우높음
5/29/2021,완도(170),X,24.8,24.9,19.3,15.1,59.5,X, ,X,매우높음
5/29/2021,고창(172),X,23.4,24,18.1,11.5,68,X, ,X,매우높음
5/29/2021,제주(184),X,24.3,23.8,19.7,16.5,66.1,X, ,X,매우높음
5/29/2021,진주(192),X,25.6,25.6,18.4,10.2,73.4,X, ,X,매우높음
5/29/2021,양평(202),X,21.3,20.6,15.7,12.2,79.4,X, ,X,높음
5/29/2021,이천(203),X,22.6,21.9,16,11.6,77.5,X, ,X,매우높음
5/29/2021,인제(211),X,20.9,20.3,14.6,11.2,81.1,X, ,X,높음
5/29/2021,홍천(212),X,20.5,20,14.8,11.8,82,X, ,X,높음
5/29/2021,태백(216),X,19.3,19.5,13.2,8.9,66.6,X, ,X,매우높음
5/29/2021,정선군(217),X,20.7,20.4,15,10.1,74.3,X, ,X,매우높음
5/29/2021,제천(221),X,21.7,21.8,15,10,75.5,X, ,X,매우높음
5/29/2021,보은(226),X,23.6,23.4,16.4,10.5,73,X, ,X,매우높음
5/29/2021,천안(232),X,23.2,23.5,16.2,9.9,73.4,X, ,X,매우높음
5/29/2021,보령(235),X,22.5,21.7,16.8,11.1,77.1,X, ,X,매우높음
5/29/2021,부여(236),X,24.4,25.4,17.4,10.3,71.1,X, ,X,매우높음
5/29/2021,금산(238),X,23.8,23.9,17.5,10.8,68.3,X, ,X,매우높음
5/29/2021,세종(239),X,23.9,23.8,17.8,11.9,60.9,X, ,X,매우높음
5/29/2021,부안(243),X,23.6,23.6,18.3,12.8,70.8,X, ,X,매우높음
5/29/2021,임실(244),X,23.3,23.6,17,10.7,72,X, ,X,매우높음
5/29/2021,정읍(245),X,23.8,24,17.9,12.5,64.4,X, ,X,매우높음
5/29/2021,남원(247),X,24.1,24.6,17.9,10.9,68.5,X, ,X,매우높음
5/29/2021,장수(248),X,22.3,22,16.6,11.4,68.3,X, ,X,매우높음
5/29/2021,영광군(252),X,23.9,24.3,18,11.8,69.6,X, ,X,매우높음
5/29/2021,김해시(253),X,25.6,25.8,19.2,12.8,64.3,X, ,X,매우높음
5/29/2021,순창군(254),X,23.9,24.7,17.8,11,70.9,X, ,X,매우높음
5/29/2021,양산시(257),X,25.8,26.2,19.6,12.5,65.8,X, ,X,매우높음
5/29/2021,강진군(259),X,25.6,25.9,19.4,13.9,66.1,X, ,X,매우높음
5/29/2021,장흥(260),X,25.2,25.6,18.7,12.6,68.5,X, ,X,매우높음
5/29/2021,해남(261),X,24.5,24.3,17.4,10.8,73.3,X, ,X,매우높음
5/29/2021,고흥(262),X,25.1,25,18.4,13,66.5,X, ,X,매우높음
5/29/2021,의령군(263),X,26.1,27.1,20.3,14.1,59.3,X, ,X,매우높음
5/29/2021,함양군(264),X,24.5,25.3,18.8,12.9,59.3,X, ,X,매우높음
5/29/2021,진도군ASOS(268),X,24.6,24.5,18.2,11.4,71.1,X, ,X,매우높음
5/29/2021,봉화(271),X,19.9,19.8,13.9,8.9,71.5,X, ,X,매우높음
5/29/2021,영주(272),X,21.9,22.2,16.1,11.2,68.3,X, ,X,매우높음
5/29/2021,문경(273),X,23.3,23.5,17.3,12.8,62.5,X, ,X,매우높음
5/29/2021,청송군(276),X,23.6,24.3,16.9,10.8,67.4,X, ,X,매우높음
5/29/2021,영덕(277),X,23.8,24,18.3,13.4,60,X, ,X,매우높음
5/29/2021,의성(278),X,24.4,25.8,17,9.9,70.3,X, ,X,매우높음
5/29/2021,구미(279),X,24.7,25.7,19.7,15,56.3,X, ,X,매우높음
5/29/2021,영천(281),X,24.4,25.6,19,13.5,58.6,X, ,X,매우높음
5/29/2021,경주시(283),X,24.9,26.1,19.2,12.8,61.3,X, ,X,매우높음
5/29/2021,거창(284),X,24.2,24.7,18.7,13.2,58.4,X, ,X,매우높음
5/29/2021,합천(285),X,25.6,26.9,19.7,11,61,X, ,X,매우높음
5/29/2021,밀양(288),X,25.8,27,19.4,12.2,66,X, ,X,매우높음
5/29/2021,산청(289),X,25,25.7,19.6,14.5,57,X, ,X,매우높음
5/29/2021,거제(294),X,23.9,24.2,19.4,13.4,61.3,X, ,X,매우높음
5/29/2021,남해(295),X,25.3,25.1,20.4,15.6,60.8,X, ,X,매우높음
5/29/2021,부천(433),X,20.3,18.9,15,11.6,76,X, ,X,매우높음
5/29/2021,안양(434),X,16.6,19.8,16.1,13.7,,X, ,X,매우높음
5/29/2021,광명(437),X,21,20,16.5,13.9,71,X, ,X,매우높음
5/29/2021,군포(438),X,20.6,20,15.9,12.8,70,X, ,X,매우높음
5/29/2021,김포(441),X,,19.5,15.3,12.2,,X, ,X,높음
5/29/2021,하남(444),X,20.6,19.4,14.2,10.1,82,X, ,X,높음
5/29/2021,의왕(445),X,19.6,18.6,14.1,9.8,75,X, ,X,매우높음
5/29/2021,포천(504),X,21.2,20.1,13.9,10.4,87,X, ,X,높음
5/29/2021,가평조종(505),X,20.3,19.2,13.9,9.7,85,X, ,X,높음
5/29/2021,안성(516),X,22.7,22.3,16.2,10.6,73,X, ,X,매우높음
5/29/2021,간성(517),X,21.7,19.1,15.3,11.6,82,X, ,X,높음
5/29/2021,평창(526),X,20.4,20.8,14.3,9.9,75,X, ,X,매우높음
5/29/2021,의정부(532),X,21.6,19.9,13.7,10,93,X, ,X,높음
5/29/2021,횡성(536),X,21.8,21.1,15.1,11.9,87,X, ,X,높음
5/29/2021,고양(540),X,21.7,20.3,14,10.2,89,X, ,X,높음
5/29/2021,남양주(541),X,21.8,20.9,14.5,11.2,86,X, ,X,높음
5/29/2021,안산(545),X,21.9,20.5,15.4,8.6,80,X, ,X,높음
5/29/2021,경기광주(546),X,20.9,20.1,14.5,10.8,82,X, ,X,높음
5/29/2021,여주(548),X,22.2,21.5,15.1,11.2,78,X, ,X,높음
5/29/2021,용인(549),X,20.8,20.5,15.4,11,71,X, ,X,매우높음
5/29/2021,오산(550),X,22.4,22.2,16.1,11.2,68,X, ,X,매우높음
5/29/2021,평택(551),X,22.6,22.3,16.5,12.2,73,X, ,X,매우높음
5/29/2021,화천(555),X,23,22.4,15,10.5,84,X, ,X,높음
5/29/2021,양구(556),X,21.5,21.5,15,11.1,75,X, ,X,높음
5/29/2021,시흥(565),X,21.1,20,15.6,10.6,76,X, ,X,높음
5/29/2021,구리(569),X,21.4,20.8,15.2,11.5,73,X, ,X,높음
5/29/2021,화성(571),X,22.4,21.5,16.1,11.5,69,X, ,X,높음
5/29/2021,성남(572),X,21.1,20.6,15.6,11.1,72,X, ,X,매우높음
5/29/2021,과천(590),X,21.6,20.3,15.4,10.4,80,X, ,X,매우높음
5/29/2021,양주(598),X,20.4,19.5,13.9,10.5,84,X, ,X,높음
5/29/2021,단양(601),X,22.1,22.4,15.8,11.3,75,X, ,X,매우높음
5/29/2021,진천(602),X,22.6,23,17,11.8,66,X, ,X,매우높음
5/29/2021,괴산(603),X,22.5,22.8,16.1,10.7,71,X, ,X,매우높음
5/29/2021,옥천(604),X,24.1,24.2,17.4,10.9,68,X, ,X,매우높음
5/29/2021,홍북(608),X,24.5,24.1,16.6,10.2,79,X, ,X,매우높음
5/29/2021,공주(612),X,24.5,25.3,17.6,11.5,68,X, ,X,매우높음
5/29/2021,서천(614),X,22.8,22.1,17.2,11.7,71,X, ,X,매우높음
5/29/2021,논산(615),X,24.2,24.9,18.1,12,70,X, ,X,매우높음
5/29/2021,당진(616),X,22.6,23,16.4,11.2,71,X, ,X,매우높음
5/29/2021,청양(618),X,23.5,24.1,16.4,9.1,73,X, ,X,매우높음
5/29/2021,음성(619),X,22.3,22.2,15.3,9.9,75,X, ,X,매우높음
5/29/2021,증평(623),X,22.9,23,16.4,10.8,73,X, ,X,매우높음
5/29/2021,태안(627),X,23.1,21.6,16.5,10.6,80,X, ,X,매우높음
5/29/2021,예산(628),X,23.8,24.1,17.2,12,69,X, ,X,매우높음
5/29/2021,아산(634),X,24,24.4,17.2,11.5,67,X, ,X,매우높음
5/29/2021,계룡(636),X,23.8,23.4,16.2,10.1,74,X, ,X,매우높음
5/29/2021,연천청산(652),X,20.9,19.8,13.7,10.5,86,X, ,X,높음
5/29/2021,양양(670),X,22.9,20.6,16.2,12.4,87,X, ,X,높음
5/29/2021,무안(699),X,24,24,17.9,11.9,72,X, ,X,매우높음
5/29/2021,무주(701),X,23.3,23.3,17.3,10.3,66,X, ,X,매우높음
5/29/2021,익산(702),X,24.4,24.5,17.9,10.8,71,X, ,X,매우높음
5/29/2021,진안(703),X,21.9,22.1,16.2,10.1,70,X, ,X,매우높음
5/29/2021,담양(706),X,26.6,27.5,19.1,11.5,73,X, ,X,매우높음
5/29/2021,구례(709),X,25.6,25.4,19.6,14.4,66,X, ,X,매우높음
5/29/2021,나주(710),X,25.5,25.6,18.5,11.8,75,X, ,X,매우높음
5/29/2021,순천시(712),X,26.2,27,19.9,13,60,X, ,X,매우높음
5/29/2021,광양읍(713),X,26.9,27.7,20.2,13.1,62,X, ,X,매우높음
5/29/2021,장성(730),X,24.8,25.3,18.4,11.7,69,X, ,X,매우높음
5/29/2021,영암(731),X,24.7,24.6,18.1,11.3,74,X, ,X,매우높음
5/29/2021,보성(732),X,26.4,27.5,18.9,11.3,66,X, ,X,매우높음
5/29/2021,완주(734),X,24.7,24.7,18.1,12.3,72,X, ,X,매우높음
5/29/2021,김제(737),X,23.2,23.4,18.3,13.1,66,X, ,X,매우높음
5/29/2021,화순(741),X,25.3,25.8,18.3,11.8,68,X, ,X,매우높음
5/29/2021,함평(754),X,25.4,25.1,17.7,10.1,76,X, ,X,매우높음
5/29/2021,곡성(768),X,24.6,25.8,17.7,10.6,68,X, ,X,매우높음
5/29/2021,압해도(789),X,23.7,22.9,18.5,14.8,70,X, ,X,매우높음
5/29/2021,영양(801),X,22.6,22.9,16.3,10.8,69,X, ,X,매우높음
5/29/2021,성주(810),X,25.4,26.3,19.1,10.4,63,X, ,X,매우높음
5/29/2021,고령(812),X,25.9,27.2,18.4,9.3,69,X, ,X,매우높음
5/29/2021,청도(813),X,25,26.1,18.2,11,71,X, ,X,매우높음
5/29/2021,예천(815),X,22.8,24.2,17.3,12.3,62,X, ,X,매우높음
5/29/2021,김천(822),X,25,25.3,18.9,11.4,65,X, ,X,매우높음
5/29/2021,군위(823),X,24,24.2,17.9,12.6,70,X, ,X,매우높음
5/29/2021,칠곡(825),X,25.1,25.7,20.1,14.1,58,X, ,X,매우높음
5/29/2021,경산(827),X,24.8,26.3,19.5,12.1,56,X, ,X,매우높음
5/29/2021,삼척(876),X,22,20.6,17.2,13.2,68,X, ,X,높음
5/29/2021,속초(90),X,21.2,19.3,15.8,12.6,75,X, ,X,높음
5/29/2021,삼천포(907),X,25.3,25.1,19.5,13.9,61,X, ,X,매우높음
5/29/2021,고성(918),X,24.1,23.5,18.3,11,71,X, ,X,매우높음
5/29/2021,창녕(919),X,25.4,25.9,18.7,9.9,70,X, ,X,매우높음
5/29/2021,함안(920),X,25.8,26.4,20.5,13.8,62,X, ,X,매우높음
5/29/2021,북춘천(93),X,21.9,21.1,15.3,11.4,81.9,X, ,X,높음
5/29/2021,하동(932),X,26,26.6,20.1,13.4,62,X, ,X,매우높음
5/29/2021,철원(95),X,21.2,19.2,14,9.6,94.6,X, ,X,높음
5/29/2021,동두천(98),X,21.5,19.8,13.4,9.4,91.9,X, ,X,높음
5/29/2021,파주(99),X,20.5,19.2,13.9,10.1,90.5,X, ,X,높음
5/30/2021,북강릉(104),X,21.2,21.4,17.2,11.3,58.6,X, ,X,매우높음
5/30/2021,동해(106),X,21.3,20.7,16.8,12.4,64.1,X, ,X,매우높음
5/30/2021,서울(108),X,25.8,26.3,18.4,10.8,73,X, ,X,매우높음
5/30/2021,인천(112),X,23.6,25,18.5,12.7,62.4,X, ,X,매우높음
5/30/2021,원주(114),X,25.2,26.1,17.8,10.4,70.5,X, ,X,매우높음
5/30/2021,울릉도(115),X,21.9,20.2,16.5,13.4,71.5,X, ,X,매우높음
5/30/2021,수원(119),X,26.7,27.4,18.7,10.5,77.5,X, ,X,매우높음
5/30/2021,영월(121),X,24.7,26.1,17.5,10.7,69.1,X, ,X,매우높음
5/30/2021,충주(127),X,26.3,27.2,18.7,9.3,70.3,X, ,X,매우높음
5/30/2021,서산(129),X,26.7,26.7,18.8,11.4,66.8,X, ,X,높음
5/30/2021,울진(130),X,21.4,21.1,16.2,10.5,72.5,X, ,X,매우높음
5/30/2021,청주(131),X,27.3,28.2,20,12.1,65.3,X, ,X,매우높음
5/30/2021,대전(133),X,28.5,28.8,20.9,12.1,70.6,X, ,X,매우높음
5/30/2021,추풍령(135),X,25.1,25.8,18.4,8.6,65.4,X, ,X,매우높음
5/30/2021,안동(136),X,25.8,26.8,17.8,9.6,62.5,X, ,X,매우높음
5/30/2021,상주(137),X,26.5,27,18.7,10,72.8,X, ,X,매우높음
5/30/2021,포항(138),X,23.4,22.6,19.2,15.5,64.9,X, ,X,매우높음
5/30/2021,군산(140),X,27.6,28.2,19.9,13.6,67.1,X, ,X,매우높음
5/30/2021,대구(143),X,26.6,28.5,20.6,13.3,56.5,X, ,X,매우높음
5/30/2021,전주(146),X,28.7,29.5,21.7,13.6,58.8,X, ,X,매우높음
5/30/2021,울산(152),X,24.2,24.1,19.2,14.3,66.9,X, ,X,매우높음
5/30/2021,창원(155),X,24.4,24.2,19.5,15,61.8,X, ,X,매우높음
5/30/2021,광주(156),X,28,29.5,22.1,15.1,49.1,X, ,X,매우높음
5/30/2021,부산(159),X,23.8,23.9,19.8,16.4,65.9,X, ,X,매우높음
5/30/2021,통영(162),X,25.5,25.3,19.9,14.9,76.6,X, ,X,매우높음
5/30/2021,목포(165),X,24.7,26.7,21.5,15.9,52,X, ,X,매우높음
5/30/2021,여수(168),X,24.3,23.4,19.7,16.4,73.5,X, ,X,매우높음
5/30/2021,흑산도(169),X,24.5,23.2,18.4,15.4,86.9,X, ,X,매우높음
5/30/2021,완도(170),X,24.7,24.9,19,13.2,66.3,X, ,X,매우높음
5/30/2021,고창(172),X,27.9,28.8,21.5,13,51.5,X, ,X,매우높음
5/30/2021,제주(184),X,26.9,27.7,21.4,16.6,65,X, ,X,매우높음
5/30/2021,진주(192),X,25.8,27,19.2,11.1,67.9,X, ,X,매우높음
5/30/2021,양평(202),X,24.7,25.3,17.5,10.9,78,X, ,X,매우높음
5/30/2021,이천(203),X,26,26.1,17.5,10.7,81.5,X, ,X,매우높음
5/30/2021,인제(211),X,24.6,25.5,16.6,10.4,72,X, ,X,매우높음
5/30/2021,홍천(212),X,25,26.2,17.3,11.1,73.6,X, ,X,매우높음
5/30/2021,태백(216),X,21.1,22,14.6,7,66,X, ,X,매우높음
5/30/2021,정선군(217),X,24.6,26.6,16.8,9.4,65.1,X, ,X,매우높음
5/30/2021,제천(221),X,24.8,25.8,16.8,8.1,72.3,X, ,X,매우높음
5/30/2021,보은(226),X,26.3,26.8,18.5,8.6,72.1,X, ,X,매우높음
5/30/2021,천안(232),X,26.5,26.6,18.3,9.1,75.1,X, ,X,매우높음
5/30/2021,보령(235),X,24.6,25.1,19.1,13.7,62.6,X, ,X,매우높음
5/30/2021,부여(236),X,27.7,28,19.7,11,68,X, ,X,매우높음
5/30/2021,금산(238),X,27.4,28.8,19.9,10,68.4,X, ,X,매우높음
5/30/2021,세종(239),X,26.7,27.3,19.3,11.5,68,X, ,X,매우높음
5/30/2021,부안(243),X,27.8,28,20.6,12.7,66,X, ,X,매우높음
5/30/2021,임실(244),X,26.8,27.4,19.5,10.1,64,X, ,X,매우높음
5/30/2021,정읍(245),X,27.6,28.4,21.1,12.1,54.6,X, ,X,매우높음
5/30/2021,남원(247),X,27.3,28.5,20.2,11.7,59.1,X, ,X,매우높음
5/30/2021,장수(248),X,26.3,26.6,18.6,8.7,68.4,X, ,X,매우높음
5/30/2021,영광군(252),X,28,29.1,21.3,12.8,54.5,X, ,X,매우높음
5/30/2021,김해시(253),X,26.9,26.4,19.9,14.8,67.8,X, ,X,매우높음
5/30/2021,순창군(254),X,27.2,28.7,20.4,11.8,61.9,X, ,X,매우높음
5/30/2021,양산시(257),X,27,27.1,20.1,13.8,66.3,X, ,X,매우높음
5/30/2021,강진군(259),X,25.7,26.8,19.2,11.8,66.6,X, ,X,매우높음
5/30/2021,장흥(260),X,24.5,25.2,18.9,11.3,67.8,X, ,X,매우높음
5/30/2021,해남(261),X,26.1,27.2,19.8,11.6,61.9,X, ,X,매우높음
5/30/2021,고흥(262),X,25.5,25.5,17.8,10.1,64.9,X, ,X,매우높음
5/30/2021,의령군(263),X,27.5,27.9,19.9,11.8,67.6,X, ,X,매우높음
5/30/2021,함양군(264),X,27.2,28.1,18.9,9.6,66.5,X, ,X,매우높음
5/30/2021,진도군ASOS(268),X,25.4,26.3,20.3,13.7,64.8,X, ,X,매우높음
5/30/2021,봉화(271),X,22.5,23.4,14.5,5.4,70.1,X, ,X,매우높음
5/30/2021,영주(272),X,24.9,25.7,17.3,7.9,70.8,X, ,X,매우높음
5/30/2021,문경(273),X,25.2,25.8,17.6,8.5,71.1,X, ,X,매우높음
5/30/2021,청송군(276),X,25.5,26.1,16.5,7.7,69.6,X, ,X,매우높음
5/30/2021,영덕(277),X,22.3,22.2,16.6,11,69.4,X, ,X,매우높음
5/30/2021,의성(278),X,26.2,27.8,18.6,8.2,62.8,X, ,X,매우높음
5/30/2021,구미(279),X,26.9,28.6,20.3,11.6,59.3,X, ,X,매우높음
5/30/2021,영천(281),X,25.4,26.6,18.6,10.7,64.6,X, ,X,매우높음
5/30/2021,경주시(283),X,26.1,26.7,19.1,12.2,64.9,X, ,X,매우높음
5/30/2021,거창(284),X,26.8,26.8,18.5,9.4,66.5,X, ,X,매우높음
5/30/2021,합천(285),X,26.9,27.4,19.8,11.7,65.3,X, ,X,매우높음
5/30/2021,밀양(288),X,26.8,28.5,20.7,13.8,58.8,X, ,X,매우높음
5/30/2021,산청(289),X,26.5,26.9,19.1,10.7,66.3,X, ,X,매우높음
5/30/2021,거제(294),X,24.9,25,19.5,14.1,69,X, ,X,매우높음
5/30/2021,남해(295),X,25.8,26.4,19.4,14.6,59,X, ,X,매우높음
5/30/2021,부천(433),X,25.6,27.1,18.1,10.4,69,X, ,X,매우높음
5/30/2021,안양(434),X,20.6,26.7,18.7,12,,X, ,X,매우높음
5/30/2021,광명(437),X,25.9,27.6,19.7,13,66,X, ,X,매우높음
5/30/2021,군포(438),X,25.6,27.4,18.7,11.8,66,X, ,X,매우높음
5/30/2021,김포(441),X,,26.6,17.8,9.4,,X, ,X,매우높음
5/30/2021,하남(444),X,25.4,25.7,17.3,8.1,73,X, ,X,매우높음
5/30/2021,의왕(445),X,24.2,25.3,16.6,8.2,72,X, ,X,매우높음
5/30/2021,포천(504),X,25.4,26.8,16.8,8.9,75,X, ,X,매우높음
5/30/2021,가평조종(505),X,24.6,24.8,16.2,9.5,78,X, ,X,매우높음
5/30/2021,안성(516),X,26.1,27.3,18.4,11,73,X, ,X,매우높음
5/30/2021,간성(517),X,22.3,21.9,17.4,11.1,71,X, ,X,매우높음
5/30/2021,평창(526),X,23.7,26,16.5,8.9,64,X, ,X,매우높음
5/30/2021,의정부(532),X,25.4,25.8,17,9.3,81,X, ,X,매우높음
5/30/2021,횡성(536),X,25.3,26.5,17.6,10.1,74,X, ,X,매우높음
5/30/2021,고양(540),X,27.1,27.9,17.6,8.1,77,X, ,X,매우높음
5/30/2021,남양주(541),X,25.3,26.9,17.8,8.9,73,X, ,X,매우높음
5/30/2021,안산(545),X,25.7,26.3,17.3,8.2,77,X, ,X,매우높음
5/30/2021,경기광주(546),X,25.3,25.9,17.1,10.6,77,X, ,X,매우높음
5/30/2021,여주(548),X,25.2,25.4,16.7,9.8,80,X, ,X,매우높음
5/30/2021,용인(549),X,24.6,25.8,17.5,10.4,73,X, ,X,매우높음
5/30/2021,오산(550),X,25.3,26.5,18.5,10.6,65,X, ,X,매우높음
5/30/2021,평택(551),X,26.8,27.5,18.7,11.5,78,X, ,X,매우높음
5/30/2021,화천(555),X,24.9,26.4,16.2,11,81,X, ,X,매우높음
5/30/2021,양구(556),X,24.6,26.5,16.9,10.7,69,X, ,X,매우높음
5/30/2021,시흥(565),X,26.3,27.7,18.5,9.3,69,X, ,X,매우높음
5/30/2021,구리(569),X,25.5,26.9,18,9,67,X, ,X,매우높음
5/30/2021,화성(571),X,26.5,28,18.9,11.5,68,X, ,X,매우높음
5/30/2021,성남(572),X,25,26.2,18,9.4,70,X, ,X,매우높음
5/30/2021,과천(590),X,26.2,26.9,18,8.9,76,X, ,X,매우높음
5/30/2021,양주(598),X,25.4,26.4,17.1,8.8,77,X, ,X,매우높음
5/30/2021,단양(601),X,26.1,27.5,17.9,10.3,71,X, ,X,매우높음
5/30/2021,진천(602),X,26.8,27.9,18.2,10,74,X, ,X,매우높음
5/30/2021,괴산(603),X,27.2,29,18,8.3,76,X, ,X,매우높음
5/30/2021,옥천(604),X,27.4,28.4,19.5,9.9,70,X, ,X,매우높음
5/30/2021,홍북(608),X,27.9,27.6,18,10.7,77,X, ,X,매우높음
5/30/2021,공주(612),X,27.6,28.2,19.5,10.4,70,X, ,X,매우높음
5/30/2021,서천(614),X,26.2,27.4,18.7,12.9,70,X, ,X,매우높음
5/30/2021,논산(615),X,28,28.5,20.6,11.3,66,X, ,X,매우높음
5/30/2021,당진(616),X,26.6,27,,11.1,,X, ,X,매우높음
5/30/2021,청양(618),X,27.5,27.6,17.9,8.8,75,X, ,X,매우높음
5/30/2021,음성(619),X,25.4,26.4,17,8.5,78,X, ,X,매우높음
5/30/2021,증평(623),X,26.5,26.7,18.7,9.5,75,X, ,X,매우높음
5/30/2021,태안(627),X,24.7,24.3,18.1,11.5,71,X, ,X,높음
5/30/2021,예산(628),X,27,27.6,19.1,11.5,73,X, ,X,매우높음
5/30/2021,아산(634),X,26.4,28,19.3,11.3,70,X, ,X,매우높음
5/30/2021,계룡(636),X,27.4,27.7,18.3,8.2,74,X, ,X,매우높음
5/30/2021,연천청산(652),X,25,26,16.8,9.1,76,X, ,X,매우높음
5/30/2021,양양(670),X,22.7,22,18.3,14.2,71,X, ,X,매우높음
5/30/2021,무안(699),X,26.3,28.3,20.9,13.7,55,X, ,X,매우높음
5/30/2021,무주(701),X,27.1,28.3,19.5,9.7,65,X, ,X,매우높음
5/30/2021,익산(702),X,29.1,29.8,20.5,10.9,67,X, ,X,매우높음
5/30/2021,진안(703),X,26.3,27,18.6,8.3,64,X, ,X,매우높음
5/30/2021,담양(706),X,29.5,30,21.2,12.6,65,X, ,X,매우높음
5/30/2021,구례(709),X,28.4,29.2,20.1,11.4,68,X, ,X,매우높음
5/30/2021,나주(710),X,28.1,29,20.7,12.5,63,X, ,X,매우높음
5/30/2021,순천시(712),X,25.9,26.5,20.2,13.3,60,X, ,X,매우높음
5/30/2021,광양읍(713),X,27.7,28.5,20.1,12.5,63,X, ,X,매우높음
5/30/2021,장성(730),X,27.5,28.9,21,12.5,55,X, ,X,매우높음
5/30/2021,영암(731),X,26.8,27.9,20.7,12.7,58,X, ,X,매우높음
5/30/2021,보성(732),X,26.5,27.9,18.8,9.9,66,X, ,X,매우높음
5/30/2021,완주(734),X,28.6,28.9,20.4,11.7,69,X, ,X,매우높음
5/30/2021,김제(737),X,28.3,29.2,20.5,12.8,63,X, ,X,매우높음
5/30/2021,화순(741),X,27.4,29.2,20.2,11.9,56,X, ,X,매우높음
5/30/2021,함평(754),X,27.4,28.6,20.7,12.6,60,X, ,X,매우높음
5/30/2021,곡성(768),X,27.2,29.2,19.9,10.8,60,X, ,X,매우높음
5/30/2021,압해도(789),X,25.5,25.6,20.5,15.1,60,X, ,X,매우높음
5/30/2021,영양(801),X,24.7,25.7,16.6,8.8,68,X, ,X,매우높음
5/30/2021,성주(810),X,27.6,28.4,20.6,10.8,61,X, ,X,매우높음
5/30/2021,고령(812),X,26.5,27.4,19.6,11.2,66,X, ,X,매우높음
5/30/2021,청도(813),X,27.2,28.2,19.8,11.3,64,X, ,X,매우높음
5/30/2021,예천(815),X,25.5,26.7,18.1,8.9,63,X, ,X,매우높음
5/30/2021,김천(822),X,28,28.7,19.9,9.5,69,X, ,X,매우높음
5/30/2021,군위(823),X,27.2,27.7,19,9.1,65,X, ,X,매우높음
5/30/2021,칠곡(825),X,27.4,28.2,21,12.4,60,X, ,X,매우높음
5/30/2021,경산(827),X,27.1,28.4,19.9,12.3,60,X, ,X,매우높음
5/30/2021,삼척(876),X,23.3,22.9,18.6,13.5,55,X, ,X,매우높음
5/30/2021,속초(90),X,22.9,22.3,17.8,11.8,62.1,X, ,X,매우높음
5/30/2021,삼천포(907),X,25.5,25,19.1,14.8,66,X, ,X,매우높음
5/30/2021,고성(918),X,25.2,25,19.2,13.3,71,X, ,X,매우높음
5/30/2021,창녕(919),X,27.3,27.8,20,12.1,67,X, ,X,매우높음
5/30/2021,함안(920),X,27,26.7,19.6,13,72,X, ,X,매우높음
5/30/2021,북춘천(93),X,24.2,25.8,17.3,11.4,73.6,X, ,X,매우높음
5/30/2021,하동(932),X,26.2,27,19.6,12.5,65,X, ,X,매우높음
5/30/2021,철원(95),X,24.6,25.3,16.7,8.4,77.4,X, ,X,매우높음
5/30/2021,동두천(98),X,25.6,26,16.4,8.6,79.4,X, ,X,매우높음
5/30/2021,파주(99),X,25.8,25.8,16.4,9.6,86.4,X, ,X,매우높음
5/31/2021,북강릉(104),X,20.9,18.7,15.6,13.4,90.8,X, ,X,보통
5/31/2021,동해(106),X,19.9,17.1,15.2,13.3,93.3,X, ,X,보통
5/31/2021,서울(108),X,25.2,23.8,19.9,16.5,78.9,X, ,X,보통
5/31/2021,인천(112),X,23.3,22.9,19.3,16.3,60.9,X, ,X,보통
5/31/2021,원주(114),X,24.5,24,19.4,15.5,76.4,X, ,X,보통
5/31/2021,울릉도(115),X,18.8,15.6,14.6,13.3,84.6,X, ,X,보통
5/31/2021,수원(119),X,26,24.9,20.4,16.8,76.4,X, ,X,보통
5/31/2021,영월(121),X,24.9,23.9,17.9,13.9,82.9,X, ,X,보통
5/31/2021,충주(127),X,24.1,23.4,19.1,15.6,77.5,X, ,X,보통
5/31/2021,서산(129),X,23.9,24,19.2,15.9,62.5,X, ,X,보통
5/31/2021,울진(130),X,22,19.7,16.3,13.7,92.4,X, ,X,보통
5/31/2021,청주(131),X,25.3,25.3,20.7,17.2,67.5,X, ,X,보통
5/31/2021,대전(133),X,26.9,26.7,20.7,16.2,76.9,X, ,X,보통
5/31/2021,추풍령(135),X,25.3,24.1,18.4,14.6,81.3,X, ,X,보통
5/31/2021,안동(136),X,24.4,24.4,18.2,13.3,74.8,X, ,X,보통
5/31/2021,상주(137),X,25.7,24.4,18.4,14.3,85.8,X, ,X,보통
5/31/2021,포항(138),X,23.9,21.6,18.8,16.4,83.1,X, ,X,높음
5/31/2021,군산(140),X,25.4,26.6,20.3,14.4,59.5,X, ,X,보통
5/31/2021,대구(143),X,27.8,28.9,20.7,15.5,67.1,X, ,X,높음
5/31/2021,전주(146),X,27.3,28.2,21.2,14.4,60,X, ,X,높음
5/31/2021,울산(152),X,25.1,25.1,19,15.2,77,X, ,X,높음
5/31/2021,창원(155),X,25.5,26,19.7,15.5,61.3,X, ,X,매우높음
5/31/2021,광주(156),X,28.4,29.3,23.7,17.8,43,X, ,X,매우높음
5/31/2021,부산(159),X,25.3,24.9,20.3,16.9,63,X, ,X,매우높음
5/31/2021,통영(162),X,25.3,24.8,20.4,16.3,76.8,X, ,X,매우높음
5/31/2021,목포(165),X,26.6,27.7,22.7,18.6,54,X, ,X,매우높음
5/31/2021,여수(168),X,25.9,25.4,20.6,16.9,66.8,X, ,X,매우높음
5/31/2021,흑산도(169),X,25.4,23.7,19.2,15.8,85.4,X, ,X,매우높음
5/31/2021,완도(170),X,26.2,26.4,20.5,15.6,65.9,X, ,X,매우높음
5/31/2021,고창(172),X,27.7,28.9,22.4,17.7,47.9,X, ,X,높음
5/31/2021,제주(184),X,27.5,27.5,22,19.2,67,X, ,X,매우높음
5/31/2021,진주(192),X,27.5,28,20.2,14.3,69.6,X, ,X,매우높음
5/31/2021,양평(202),X,24.5,23.1,18.7,15.9,86.4,X, ,X,보통
5/31/2021,이천(203),X,25.5,24.4,19.5,16,84.1,X, ,X,보통
5/31/2021,인제(211),X,23.5,22.1,16.8,13.9,85,X, ,X,보통
5/31/2021,홍천(212),X,24.8,24,18.2,15.1,82,X, ,X,보통
5/31/2021,태백(216),X,20.1,18,14.8,12.2,88.5,X, ,X,보통
5/31/2021,정선군(217),X,25.4,24.5,17,14,83.9,X, ,X,보통
5/31/2021,제천(221),X,23.9,22.9,18.3,14.7,79.6,X, ,X,보통
5/31/2021,보은(226),X,25.6,25.3,19.2,15.9,81.9,X, ,X,보통
5/31/2021,천안(232),X,24.6,23.9,18.9,15.6,81.4,X, ,X,보통
5/31/2021,보령(235),X,23.9,24.7,19.9,15.8,52.8,X, ,X,보통
5/31/2021,부여(236),X,26.3,27.4,19.3,15.1,72.5,X, ,X,보통
5/31/2021,금산(238),X,26.7,27,19.9,14.9,72.6,X, ,X,보통
5/31/2021,세종(239),X,25.9,25.6,19.1,15.4,77.4,X, ,X,보통
5/31/2021,부안(243),X,27.6,28.8,21,15.3,65.8,X, ,X,높음
5/31/2021,임실(244),X,27,27.4,19.7,13.7,67.8,X, ,X,높음
5/31/2021,정읍(245),X,27.2,28.5,21.4,15.1,57.5,X, ,X,높음
5/31/2021,남원(247),X,27.9,28.6,21.2,14.5,64.9,X, ,X,매우높음
5/31/2021,장수(248),X,26.1,25.8,19.2,13.4,75.3,X, ,X,높음
5/31/2021,영광군(252),X,27.2,28.8,22,17.2,49.9,X, ,X,매우높음
5/31/2021,김해시(253),X,26.8,26.9,20.4,15,64.6,X, ,X,매우높음
5/31/2021,순창군(254),X,28,28.9,20.8,14.4,67.9,X, ,X,매우높음
5/31/2021,양산시(257),X,27.6,28.2,20.9,14.7,63.1,X, ,X,매우높음
5/31/2021,강진군(259),X,27.1,28.1,21.1,14.7,63,X, ,X,매우높음
5/31/2021,장흥(260),X,25.8,26.6,20.5,14.3,60.3,X, ,X,매우높음
5/31/2021,해남(261),X,27.6,28.7,21.9,15.3,58.5,X, ,X,매우높음
5/31/2021,고흥(262),X,26.4,27,19.9,12.5,65.9,X, ,X,매우높음
5/31/2021,의령군(263),X,29.1,29.6,20.6,14.4,70.5,X, ,X,매우높음
5/31/2021,함양군(264),X,28,,,,,X, ,X,매우높음
5/31/2021,진도군ASOS(268),X,26.5,27.5,21.2,15.7,62.3,X, ,X,매우높음
5/31/2021,봉화(271),X,22.3,21.2,15.2,12,85.9,X, ,X,보통
5/31/2021,영주(272),X,24.6,23.5,17.9,13.4,83,X, ,X,보통
5/31/2021,문경(273),X,24.8,23.3,17.7,14.2,87,X, ,X,보통
5/31/2021,청송군(276),X,23.8,22.9,17.5,12.8,81,X, ,X,보통
5/31/2021,영덕(277),X,23.9,22.7,17.1,13.4,87.5,X, ,X,보통
5/31/2021,의성(278),X,25.5,25.1,19.1,14.6,78.5,X, ,X,보통
5/31/2021,구미(279),X,26.4,25.6,20.6,16,73.5,X, ,X,높음
5/31/2021,영천(281),X,25.9,25.4,18.8,14.8,77.4,X, ,X,높음
5/31/2021,경주시(283),X,25.8,25.1,19.1,15.1,74.3,X, ,X,높음
5/31/2021,거창(284),X,28.1,27.9,19.7,14.2,77.1,X, ,X,매우높음
5/31/2021,합천(285),X,28.4,28.4,20.4,14.5,77.1,X, ,X,매우높음
5/31/2021,밀양(288),X,27.8,28.6,21.2,15.4,63.1,X, ,X,높음
5/31/2021,산청(289),X,28.5,28.5,20.4,14.3,70.1,X, ,X,매우높음
5/31/2021,거제(294),X,26.5,26.6,20.5,15,66,X, ,X,매우높음
5/31/2021,남해(295),X,26.6,27.7,20.6,14.3,59.8,X, ,X,매우높음
5/31/2021,부천(433),X,24.6,24,19.2,15.7,73,X, ,X,보통
5/31/2021,안양(434),X,22,23.8,20.2,16.9,,X, ,X,보통
5/31/2021,광명(437),X,25.3,24.5,20.8,17.2,70,X, ,X,보통
5/31/2021,군포(438),X,25.4,24.9,19.8,16.4,71,X, ,X,보통
5/31/2021,김포(441),X,,24,19.9,16.6,,X, ,X,보통
5/31/2021,하남(444),X,23.8,22.3,18.2,15.2,83,X, ,X,보통
5/31/2021,의왕(445),X,23.7,22.9,17.7,14.4,79,X, ,X,보통
5/31/2021,포천(504),X,24.4,22.8,18.2,14.6,85,X, ,X,보통
5/31/2021,가평조종(505),X,24.1,22.3,17.1,14.1,91,X, ,X,보통
5/31/2021,안성(516),X,24,23.3,19.4,16.2,75,X, ,X,보통
5/31/2021,간성(517),X,22.8,20,16.5,14.2,94,X, ,X,보통
5/31/2021,평창(526),X,24.1,23.4,17.3,14.1,81,X, ,X,보통
5/31/2021,의정부(532),X,25.4,22.9,18.3,15.1,93,X, ,X,보통
5/31/2021,횡성(536),X,25.1,23.8,18.5,14.9,88,X, ,X,보통
5/31/2021,고양(540),X,26.1,25,19.4,15.1,84,X, ,X,보통
5/31/2021,남양주(541),X,25.3,24,19,15.9,84,X, ,X,보통
5/31/2021,안산(545),X,25.1,23.8,18.6,14.7,85,X, ,X,보통
5/31/2021,경기광주(546),X,23.8,22.2,18.2,15.4,85,X, ,X,보통
5/31/2021,여주(548),X,24.5,22.9,18.5,15.2,84,X, ,X,보통
5/31/2021,용인(549),X,24.4,23.9,18.9,16,77,X, ,X,보통
5/31/2021,오산(550),X,24.7,24.4,19.8,16.4,68,X, ,X,보통
5/31/2021,평택(551),X,25.1,23.9,19.8,15.6,77,X, ,X,보통
5/31/2021,화천(555),X,24.6,22.2,17.1,13.8,92,X, ,X,보통
5/31/2021,양구(556),X,24.2,23.1,17.4,14.3,81,X, ,X,보통
5/31/2021,시흥(565),X,25.4,24.8,20.1,16.7,72,X, ,X,보통
5/31/2021,구리(569),X,25.2,24.2,19.7,16,75,X, ,X,보통
5/31/2021,화성(571),X,24.9,24.3,19.8,16.5,72,X, ,X,보통
5/31/2021,성남(572),X,24.7,23.5,19.5,16.4,77,X, ,X,보통
5/31/2021,과천(590),X,25.3,23.8,19.4,16.2,83,X, ,X,보통
5/31/2021,양주(598),X,25.2,23.8,18.7,15.6,83,X, ,X,보통
5/31/2021,단양(601),X,24.3,23.4,18.2,14.5,84,X, ,X,보통
5/31/2021,진천(602),X,24.5,24.5,19.8,17.2,72,X, ,X,보통
5/31/2021,괴산(603),X,24,24,18.8,15.2,81,X, ,X,보통
5/31/2021,옥천(604),X,27,27.4,20.4,16.7,76,X, ,X,보통
5/31/2021,홍북(608),X,25,24.7,17.8,13.4,77,X, ,X,보통
5/31/2021,공주(612),X,27,26.9,19.1,15.2,78,X, ,X,보통
5/31/2021,서천(614),X,24.7,25.3,19.5,14.7,60,X, ,X,보통
5/31/2021,논산(615),X,26.2,26.9,20.4,15.3,70,X, ,X,보통
5/31/2021,당진(616),X,23.4,,,,,X, ,X,보통
5/31/2021,청양(618),X,26.9,26.7,18,12.8,77,X, ,X,보통
5/31/2021,음성(619),X,23.4,22.7,18.1,15,82,X, ,X,보통
5/31/2021,증평(623),X,24.8,24.1,19.4,16.4,79,X, ,X,보통
5/31/2021,태안(627),X,24,22.9,19,16.2,68,X, ,X,보통
5/31/2021,예산(628),X,24.9,24.3,19.4,16.2,67,X, ,X,보통
5/31/2021,아산(634),X,24.5,24.2,19.5,16.2,66,X, ,X,보통
5/31/2021,계룡(636),X,26.3,26.6,18.1,12.7,82,X, ,X,보통
5/31/2021,연천청산(652),X,24.7,23.5,18.3,15,83,X, ,X,보통
5/31/2021,양양(670),X,23,20.1,16.6,14.3,97,X, ,X,보통
5/31/2021,무안(699),X,27.8,29.1,22.2,16.5,53,X, ,X,매우높음
5/31/2021,무주(701),X,26.8,27.3,19.9,15.3,74,X, ,X,높음
5/31/2021,익산(702),X,27.5,28.8,20.7,14.8,66,X, ,X,보통
5/31/2021,진안(703),X,26,26.1,18.7,12.8,73,X, ,X,높음
5/31/2021,담양(706),X,29.8,29.9,22.2,15.4,69,X, ,X,매우높음
5/31/2021,구례(709),X,29,29.8,21.3,14.9,67,X, ,X,매우높음
5/31/2021,나주(710),X,28.5,29.2,22.2,15.7,60,X, ,X,매우높음
5/31/2021,순천시(712),X,27.5,28.1,21.5,15.3,57,X, ,X,매우높음
5/31/2021,광양읍(713),X,28.2,29.5,21.5,14.1,58,X, ,X,매우높음
5/31/2021,장성(730),X,28.2,29.3,21.6,15.3,60,X, ,X,매우높음
5/31/2021,영암(731),X,28.5,29.8,22.9,17.7,51,X, ,X,매우높음
5/31/2021,보성(732),X,26.4,27.8,20.4,13.2,61,X, ,X,매우높음
5/31/2021,완주(734),X,28.5,,19.5,,76,X, ,X,높음
5/31/2021,김제(737),X,27.1,28.4,21.5,14.2,58,X, ,X,높음
5/31/2021,화순(741),X,28.5,29.7,22.2,15.3,52,X, ,X,매우높음
5/31/2021,함평(754),X,28.2,29.2,21.5,14.6,63,X, ,X,매우높음
5/31/2021,곡성(768),X,28,29.4,21,14,57,X, ,X,매우높음
5/31/2021,압해도(789),X,25.9,26.9,21.5,16.7,60,X, ,X,매우높음
5/31/2021,영양(801),X,24,23.2,17.6,12.6,82,X, ,X,보통
5/31/2021,성주(810),X,27.8,27.3,20.6,15.6,77,X, ,X,높음
5/31/2021,고령(812),X,27.3,26.7,20,14.9,80,X, ,X,매우높음
5/31/2021,청도(813),X,27.8,28.1,19.8,14.7,73,X, ,X,높음
5/31/2021,예천(815),X,25.2,25,18.4,13.9,76,X, ,X,보통
5/31/2021,김천(822),X,27.8,26.6,20.2,15.6,84,X, ,X,보통
5/31/2021,군위(823),X,25.2,23.9,19.2,14.9,81,X, ,X,보통
5/31/2021,칠곡(825),X,27.5,26.4,20.7,16.1,77,X, ,X,높음
5/31/2021,경산(827),X,27.2,27.5,20.3,15.5,70,X, ,X,높음
5/31/2021,삼척(876),X,21.1,18.8,16.3,14.1,89,X, ,X,보통
5/31/2021,속초(90),X,22.9,20.6,16.3,14,89.1,X, ,X,보통
5/31/2021,삼천포(907),X,24.5,24.2,19.5,15.1,64,X, ,X,매우높음
5/31/2021,고성(918),X,25.5,25.7,20,14.8,64,X, ,X,매우높음
5/31/2021,창녕(919),X,28.1,28.3,21.2,15.5,69,X, ,X,매우높음
5/31/2021,함안(920),X,28.6,28.5,20.1,14.5,72,X, ,X,매우높음
5/31/2021,북춘천(93),X,24.9,23.3,18.2,14.8,88.3,X, ,X,보통
5/31/2021,하동(932),X,27.6,28.9,20.5,14.4,66,X, ,X,매우높음
5/31/2021,철원(95),X,25.1,23.4,17.9,14.8,91.1,X, ,X,보통
5/31/2021,동두천(98),X,25.9,24,18.5,14.6,88.9,X, ,X,보통
5/31/2021,파주(99),X,25.1,23.5,18.6,15.3,87.5,X, ,X,보통
