일시,지점,폭염여부(O/X),최고체감온도(°C),최고기온(°C),평균기온(°C),최저기온(°C),평균상대습도(%),폭염특보(O/X),폭염영향예보(단계),열대야(O/X),자외선지수(단계)
6/1/2022,북강릉(104),X,25.4,28.7,21.5,15.7,37.3,X, ,X,높음
6/1/2022,동해(106),X,25.1,28,20.8,16.2,46.6,X, ,X,높음
6/1/2022,서울(108),X,26.1,28.6,22.1,16.2,41.6,X, ,X,매우높음
6/1/2022,인천(112),X,23.7,25.4,20.4,16.5,48.5,X, ,X,매우높음
6/1/2022,원주(114),X,25.5,29.2,21.4,12.8,35,X, ,X,매우높음
6/1/2022,울릉도(115),X,26.7,27.4,22.4,17.5,47.9,X, ,X,높음
6/1/2022,수원(119),X,26.2,28.8,21.1,14.9,43,X, ,X,매우높음
6/1/2022,영월(121),X,25.8,30,21,10,39.3,X, ,X,높음
6/1/2022,충주(127),X,27.3,30.8,20.9,10.4,43.8,X, ,X,매우높음
6/1/2022,서산(129),X,25.1,27.4,20.6,14.9,50.5,X, ,X,매우높음
6/1/2022,울진(130),X,24,25.9,20.9,16.1,48.1,X, ,X,높음
6/1/2022,청주(131),X,27.2,31.7,23.4,15.1,29.3,X, ,X,매우높음
6/1/2022,대전(133),X,27.4,31.8,23.2,15,33.6,X, ,X,매우높음
6/1/2022,추풍령(135),X,27,30.6,21.7,11.8,37.9,X, ,X,매우높음
6/1/2022,안동(136),X,27.6,31.3,23.1,13.6,37.1,X, ,X,매우높음
6/1/2022,상주(137),X,29,33,23.6,14.1,36.4,X, ,X,매우높음
6/1/2022,포항(138),X,28.8,30.7,25,20.1,37.9,X, ,X,매우높음
6/1/2022,군산(140),X,26,27.3,20.5,14.9,54.2,X, ,X,매우높음
6/1/2022,대구(143),X,29.3,33.1,24.7,18.7,39.6,X, ,X,매우높음
6/1/2022,전주(146),X,28.3,31.2,22.5,16.6,44.6,X, ,X,매우높음
6/1/2022,울산(152),X,26.7,28.8,22.6,17.5,43.9,X, ,X,매우높음
6/1/2022,창원(155),X,26.5,29.8,22,16.7,47.3,X, ,X,매우높음
6/1/2022,광주(156),X,28.2,32.4,23.6,17.4,45.3,X, ,X,매우높음
6/1/2022,부산(159),X,25.8,27.5,22.2,18.5,47.8,X, ,X,매우높음
6/1/2022,통영(162),X,24.6,25.8,21,17.5,62.5,X, ,X,매우높음
6/1/2022,목포(165),X,25.5,27.1,21.1,17.3,56.8,X, ,X,매우높음
6/1/2022,여수(168),X,24.2,26.2,21.4,18.5,57.8,X, ,X,매우높음
6/1/2022,흑산도(169),X,26.4,25.3,18.4,15.2,83.6,X, ,X,매우높음
6/1/2022,완도(170),X,26.5,26.2,19.9,15.8,63.4,X, ,X,매우높음
6/1/2022,고창(172),X,26.8,29.4,21.5,14.9,47.8,X, ,X,매우높음
6/1/2022,제주(184),X,26.3,24.9,21,18.2,69,X, ,X,매우높음
6/1/2022,진주(192),X,27,29.9,22,14.4,53.1,X, ,X,매우높음
6/1/2022,양평(202),X,26.1,29.7,20.2,12,,X, ,X,매우높음
6/1/2022,이천(203),X,27.6,31,21,11,45.1,X, ,X,매우높음
6/1/2022,인제(211),X,25.6,28.1,19,9.1,43.3,X, ,X,높음
6/1/2022,홍천(212),X,25.9,29.3,19.4,9.1,40.9,X, ,X,매우높음
6/1/2022,태백(216),X,23.6,27.3,19.5,12.7,30.4,X, ,X,높음
6/1/2022,정선군(217),X,24.1,30.3,20.1,9.9,29,X, ,X,높음
6/1/2022,제천(221),X,25.7,29.1,19.6,9.8,45.3,X, ,X,매우높음
6/1/2022,보은(226),X,26.3,30.3,20.2,10.9,48.3,X, ,X,매우높음
6/1/2022,천안(232),X,27.1,30.4,20,10.6,48.3,X, ,X,매우높음
6/1/2022,보령(235),X,24.1,26.8,21,14.3,43,X, ,X,매우높음
6/1/2022,부여(236),X,27.2,30.5,20.7,12.1,49.6,X, ,X,매우높음
6/1/2022,금산(238),X,27.3,31.1,20.8,12,47,X, ,X,매우높음
6/1/2022,세종(239),X,26.4,30.3,22,13.8,36,X, ,X,매우높음
6/1/2022,부안(243),X,25.8,27.9,20.9,15.8,54.1,X, ,X,매우높음
6/1/2022,임실(244),X,26.8,30.3,20.4,12.4,52.9,X, ,X,매우높음
6/1/2022,정읍(245),X,27.3,29.6,21.9,15.2,45.1,X, ,X,매우높음
6/1/2022,남원(247),X,27.2,31.1,22.1,14.8,47.4,X, ,X,매우높음
6/1/2022,장수(248),X,25.9,29.1,19.7,11.7,54.6,X, ,X,매우높음
6/1/2022,영광군(252),X,26.6,29.1,20.7,14.8,54,X, ,X,매우높음
6/1/2022,김해시(253),X,27.4,29.5,22.2,17.5,52.5,X, ,X,매우높음
6/1/2022,순창군(254),X,27.8,31.5,22.2,14.1,51.3,X, ,X,매우높음
6/1/2022,양산시(257),X,27.9,31.2,23.5,17.6,45.1,X, ,X,매우높음
6/1/2022,강진군(259),X,26.6,28.4,20.6,14.5,62.1,X, ,X,매우높음
6/1/2022,장흥(260),X,25.1,27.5,20,14.1,62.3,X, ,X,매우높음
6/1/2022,해남(261),X,27.1,28.6,20.3,14.4,61.5,X, ,X,매우높음
6/1/2022,고흥(262),X,25.5,27.2,19.8,13.9,58.4,X, ,X,매우높음
6/1/2022,의령군(263),X,28,31.9,22.8,15.1,46.4,X, ,X,매우높음
6/1/2022,함양군(264),X,27.5,31.6,22,13.2,48.3,X, ,X,매우높음
6/1/2022,진도군ASOS(268),X,25.2,26.2,19.4,13.9,62,X, ,X,매우높음
6/1/2022,봉화(271),X,25.3,28.5,19.3,9.6,44.9,X, ,X,매우높음
6/1/2022,영주(272),X,27.4,30.9,22.1,11.7,38.4,X, ,X,매우높음
6/1/2022,문경(273),X,27.2,31,22.2,12.2,36.9,X, ,X,매우높음
6/1/2022,청송군(276),X,27.2,31.7,21.3,11.5,37.4,X, ,X,매우높음
6/1/2022,영덕(277),X,26.7,29.9,21.7,15,43.8,X, ,X,매우높음
6/1/2022,의성(278),X,28.5,31.9,21.9,13,44.4,X, ,X,매우높음
6/1/2022,구미(279),X,28.8,32.2,23.4,15.9,37.4,X, ,X,매우높음
6/1/2022,영천(281),X,27.8,31.4,23,14.7,41.5,X, ,X,매우높음
6/1/2022,경주시(283),X,29.3,32.6,23.3,15.6,44.4,X, ,X,매우높음
6/1/2022,거창(284),X,27.8,31.2,21.5,13.2,48.4,X, ,X,매우높음
6/1/2022,합천(285),X,27.5,32,23.2,15.4,42.4,X, ,X,매우높음
6/1/2022,밀양(288),X,27.6,32.3,23.5,16.5,40.4,X, ,X,매우높음
6/1/2022,산청(289),X,27.2,30,21.7,14.4,51,X, ,X,매우높음
6/1/2022,거제(294),X,25.8,27.9,21.8,17.6,51.5,X, ,X,매우높음
6/1/2022,남해(295),X,26.2,28.3,21.7,17.1,50.1,X, ,X,매우높음
6/1/2022,부천(433),X,24.1,26.8,20.8,15.2,41,X, ,X,매우높음
6/1/2022,안양(434),X,19.7,27.5,21.7,17.6,,X, ,X,매우높음
6/1/2022,광명(437),X,24.6,27.9,22.4,18.3,35,X, ,X,매우높음
6/1/2022,군포(438),X,24.7,27.7,21.1,16.1,36,X, ,X,매우높음
6/1/2022,김포(441),X,,27.2,20.8,15.5,,X, ,X,매우높음
6/1/2022,하남(444),X,26.2,30.2,20.5,12.2,36,X, ,X,매우높음
6/1/2022,의왕(445),X,24,26.6,19.4,13.5,39,X, ,X,매우높음
6/1/2022,포천(504),X,25.8,28.5,20.1,10.6,45,X, ,X,매우높음
6/1/2022,가평조종(505),X,25.5,28.6,18.5,7.2,47,X, ,X,매우높음
6/1/2022,안성(516),X,26.8,30,20.7,12,44,X, ,X,매우높음
6/1/2022,간성(517),X,24.3,24.8,19.8,15,49,X, ,X,높음
6/1/2022,평창(526),X,25.5,30.3,19.5,8.9,37,X, ,X,높음
6/1/2022,의정부(532),X,26.2,28.5,20.7,12.5,47,X, ,X,매우높음
6/1/2022,횡성(536),X,26.8,30.2,19.4,9.7,47,X, ,X,높음
6/1/2022,고양(540),X,27.3,30.9,21.5,13.4,42,X, ,X,매우높음
6/1/2022,남양주(541),X,26.4,30.2,20.8,11.3,42,X, ,X,매우높음
6/1/2022,안산(545),X,26.5,28.6,18.8,9.7,56,X, ,X,매우높음
6/1/2022,경기광주(546),X,25.4,29.1,19.7,11.1,39,X, ,X,매우높음
6/1/2022,여주(548),X,26.6,30.3,20.6,11.2,41,X, ,X,매우높음
6/1/2022,용인(549),X,25.2,28.9,19.8,11.6,39,X, ,X,매우높음
6/1/2022,오산(550),X,26.2,29.7,21.3,14,35,X, ,X,매우높음
6/1/2022,평택(551),X,26.8,30.1,21.7,14,41,X, ,X,매우높음
6/1/2022,화천(555),X,27,30,18.5,8.6,58,X, ,X,매우높음
6/1/2022,양구(556),X,25.8,28.9,18.8,8.4,46,X, ,X,매우높음
6/1/2022,시흥(565),X,25.2,27.2,19.7,12.6,51,X, ,X,매우높음
6/1/2022,구리(569),X,25.9,29.9,21.7,13.4,37,X, ,X,매우높음
6/1/2022,화성(571),X,26.5,29.2,20.7,15.3,46,X, ,X,매우높음
6/1/2022,성남(572),X,25.4,28.9,21.1,13.7,37,X, ,X,매우높음
6/1/2022,과천(590),X,26.4,29.5,19.9,11.2,48,X, ,X,매우높음
6/1/2022,양주(598),X,24.6,27.4,19.7,10.2,49,X, ,X,매우높음
6/1/2022,단양(601),X,27.1,31.7,22.1,12.5,39,X, ,X,매우높음
6/1/2022,진천(602),X,27.8,31.5,21.4,12.5,45,X, ,X,매우높음
6/1/2022,괴산(603),X,26.6,30.7,19.6,9,49,X, ,X,매우높음
6/1/2022,옥천(604),X,28,32.3,21.9,12,43,X, ,X,매우높음
6/1/2022,홍북(608),X,26.4,31,20.8,13,43,X, ,X,매우높음
6/1/2022,공주(612),X,26.9,30.9,21,11.4,42,X, ,X,매우높음
6/1/2022,서천(614),X,24.2,26.8,19.5,12.9,57,X, ,X,매우높음
6/1/2022,논산(615),X,27.2,30,21.5,12.6,48,X, ,X,매우높음
6/1/2022,당진(616),X,25.8,29.2,21.3,14.1,42,X, ,X,매우높음
6/1/2022,청양(618),X,27.3,31,19.5,10.3,49,X, ,X,매우높음
6/1/2022,음성(619),X,27,29.8,19.1,9,49,X, ,X,매우높음
6/1/2022,증평(623),X,27,30.6,21.1,12.6,44,X, ,X,매우높음
6/1/2022,태안(627),X,24.3,27.1,20.4,15.1,56,X, ,X,매우높음
6/1/2022,예산(628),X,26.1,30.1,22,14.8,39,X, ,X,매우높음
6/1/2022,아산(634),X,28.5,32.9,21.7,14.4,42,X, ,X,매우높음
6/1/2022,계룡(636),X,26.1,30.1,19.1,8.8,46,X, ,X,매우높음
6/1/2022,연천청산(652),X,,,,,,X, ,X,매우높음
6/1/2022,양양(670),X,25.8,28.1,20.6,15.3,51,X, ,X,높음
6/1/2022,무안(699),X,26.9,29.5,20.8,15,57,X, ,X,매우높음
6/1/2022,무주(701),X,26.9,31,20.7,11.9,47,X, ,X,매우높음
6/1/2022,익산(702),X,28.5,30,21.2,15.2,58,X, ,X,매우높음
6/1/2022,진안(703),X,26.4,29.4,19.1,11.2,55,X, ,X,매우높음
6/1/2022,담양(706),X,29,32.2,22.3,14.7,59,X, ,X,매우높음
6/1/2022,구례(709),X,28.5,31.4,22.3,15.1,57,X, ,X,매우높음
6/1/2022,나주(710),X,28.2,30.3,20.8,13.9,62,X, ,X,매우높음
6/1/2022,순천시(712),X,26.8,29.3,22.7,17.5,50,X, ,X,매우높음
6/1/2022,광양읍(713),X,28,30.9,22.7,16.5,48,X, ,X,매우높음
6/1/2022,장성(730),X,28.3,31.3,21.1,13.6,53,X, ,X,매우높음
6/1/2022,영암(731),X,27.5,29.9,20.8,14.5,62,X, ,X,매우높음
6/1/2022,보성(732),X,26.1,27.9,19.9,13.4,66,X, ,X,매우높음
6/1/2022,완주(734),X,28.6,31.3,20.9,12.3,53,X, ,X,매우높음
6/1/2022,김제(737),X,24.8,30.1,21.7,15.7,35,X, ,X,매우높음
6/1/2022,화순(741),X,27.5,31.1,21.8,14.2,49,X, ,X,매우높음
6/1/2022,함평(754),X,27.7,30.1,20.6,13.7,59,X, ,X,매우높음
6/1/2022,곡성(768),X,28.2,32.5,22.3,14.2,49,X, ,X,매우높음
6/1/2022,압해도(789),X,26,28.2,20.8,15.7,60,X, ,X,매우높음
6/1/2022,영양(801),X,27.5,31.4,20.9,12.2,47,X, ,X,매우높음
6/1/2022,성주(810),X,28.7,33.1,23.4,14.5,42,X, ,X,매우높음
6/1/2022,고령(812),X,28,31.8,23.1,14.6,44,X, ,X,매우높음
6/1/2022,청도(813),X,27.8,31.5,22.3,14.5,48,X, ,X,매우높음
6/1/2022,예천(815),X,27.1,31.1,21.9,13.1,41,X, ,X,매우높음
6/1/2022,김천(822),X,29.8,32.5,21.5,11.7,51,X, ,X,매우높음
6/1/2022,군위(823),X,29.3,32.1,22.3,13.3,49,X, ,X,매우높음
6/1/2022,칠곡(825),X,29,31.9,23.8,16.7,44,X, ,X,매우높음
6/1/2022,경산(827),X,28.7,32.7,24.6,18.6,34,X, ,X,매우높음
6/1/2022,삼척(876),X,27.7,30.5,22,18.5,42,X, ,X,높음
6/1/2022,속초(90),X,24.3,24.2,20.7,16.3,44.4,X, ,X,높음
6/1/2022,삼천포(907),X,25,27.1,20.6,16.9,60,X, ,X,매우높음
6/1/2022,고성(918),X,25.1,27.1,20.7,15.4,63,X, ,X,매우높음
6/1/2022,창녕(919),X,28.5,32.6,23.6,16.2,45,X, ,X,매우높음
6/1/2022,함안(920),X,28.3,30.6,22.1,15.4,55,X, ,X,매우높음
6/1/2022,북춘천(93),X,26.3,29.6,19.3,9.2,47.4,X, ,X,매우높음
6/1/2022,하동(932),X,27.1,30.3,22.1,15.2,54,X, ,X,매우높음
6/1/2022,철원(95),X,25.7,27.1,19.8,11.5,51.5,X, ,X,매우높음
6/1/2022,동두천(98),X,26.3,28.6,20.2,11.9,46.9,X, ,X,매우높음
6/1/2022,파주(99),X,26.4,28.2,19.5,10.6,58.6,X, ,X,매우높음
6/2/2022,북강릉(104),X,26.8,29.1,21.8,16.6,44.4,X, ,X,매우높음
6/2/2022,동해(106),X,24.5,25.4,20.3,16.5,56.4,X, ,X,매우높음
6/2/2022,서울(108),X,27,26.9,21.5,17.1,67.4,X, ,X,매우높음
6/2/2022,인천(112),X,24.6,23.5,19.5,16.6,76.1,X, ,X,매우높음
6/2/2022,원주(114),X,26.3,28,21.4,13,48.9,X, ,X,매우높음
6/2/2022,울릉도(115),X,26.9,26.4,22.6,18.9,44.1,X, ,X,매우높음
6/2/2022,수원(119),X,26.3,25.7,19.9,13.7,74.8,X, ,X,매우높음
6/2/2022,영월(121),X,28.1,31.6,20.6,9.6,48.3,X, ,X,매우높음
6/2/2022,충주(127),X,27.3,28.7,20.6,10.2,57.9,X, ,X,매우높음
6/2/2022,서산(129),X,26.2,25.2,20.4,14.3,,X, ,X,매우높음
6/2/2022,울진(130),X,24.9,27.1,20.2,15.5,58.9,X, ,X,매우높음
6/2/2022,청주(131),X,28.7,30.1,22.5,15.6,52.5,X, ,X,매우높음
6/2/2022,대전(133),X,29,29.7,22.5,14.5,58,X, ,X,매우높음
6/2/2022,추풍령(135),X,27,29.3,21.6,11.8,47.5,X, ,X,매우높음
6/2/2022,안동(136),X,28.1,31.3,22.7,12.8,39.8,X, ,X,매우높음
6/2/2022,상주(137),X,29.2,31.6,23.7,13.8,45.5,X, ,X,매우높음
6/2/2022,포항(138),X,30.5,33.8,25.3,19.6,44.4,X, ,X,매우높음
6/2/2022,군산(140),X,25.8,24.7,20.1,15,78.5,X, ,X,매우높음
6/2/2022,대구(143),X,30,33.5,26.1,17.5,44.5,X,관심,X,매우높음
6/2/2022,전주(146),X,27.6,27.8,21.2,14.2,63.8,X, ,X,매우높음
6/2/2022,울산(152),X,27.7,28.4,22.4,16.6,59.1,X, ,X,매우높음
6/2/2022,창원(155),X,27.7,28.7,21.5,16,66.8,X, ,X,매우높음
6/2/2022,광주(156),X,29.6,30.5,22.7,16.7,75,X, ,X,매우높음
6/2/2022,부산(159),X,24.8,24.5,20.7,18,76,X, ,X,매우높음
6/2/2022,통영(162),X,24.9,23.4,20.3,17,80.3,X, ,X,매우높음
6/2/2022,목포(165),X,26.5,25.4,20.8,17,79,X, ,X,매우높음
6/2/2022,여수(168),X,25.6,24.6,20.6,16.9,76.3,X, ,X,매우높음
6/2/2022,흑산도(169),X,23.4,20.3,17.6,15.6,97.4,X, ,X,매우높음
6/2/2022,완도(170),X,28.5,27.7,21.2,15.5,78.6,X, ,X,매우높음
6/2/2022,고창(172),X,28,27.6,21,13.9,72.9,X, ,X,매우높음
6/2/2022,제주(184),X,27.2,25.5,21.7,17.8,77.8,X, ,X,매우높음
6/2/2022,진주(192),X,28.7,30.3,21.3,12.5,68.9,X, ,X,매우높음
6/2/2022,양평(202),X,27.4,28.5,20.3,11.4,58.4,X, ,X,매우높음
6/2/2022,이천(203),X,28.1,28.9,20.6,11.5,64.6,X, ,X,매우높음
6/2/2022,인제(211),X,26.9,28.7,19.9,9.6,52.5,X, ,X,매우높음
6/2/2022,홍천(212),X,27.1,28.5,20.2,9.8,53.1,X, ,X,매우높음
6/2/2022,태백(216),X,24.3,27.5,19.2,9.6,39.1,X, ,X,매우높음
6/2/2022,정선군(217),X,24.8,30.6,20.2,9.2,,X, ,X,매우높음
6/2/2022,제천(221),X,26.3,28.5,19.6,8.7,56.3,X, ,X,매우높음
6/2/2022,보은(226),X,27.6,28.6,20.5,10.1,61.9,X, ,X,매우높음
6/2/2022,천안(232),X,27.9,28.6,19.6,9.7,72.5,X, ,X,매우높음
6/2/2022,보령(235),X,25.3,24.5,19.8,13.9,74.5,X, ,X,매우높음
6/2/2022,부여(236),X,27.7,28,20.2,11.6,71.4,X, ,X,매우높음
6/2/2022,금산(238),X,27.7,29.1,20.5,10.1,60.8,X, ,X,매우높음
6/2/2022,세종(239),X,28.1,29.1,21,12.6,60.8,X, ,X,매우높음
6/2/2022,부안(243),X,26.5,25.7,20.5,14.1,76,X, ,X,매우높음
6/2/2022,임실(244),X,27.6,28.8,20,9.6,65.4,X, ,X,매우높음
6/2/2022,정읍(245),X,27.3,27.2,20.4,12.2,68.9,X, ,X,매우높음
6/2/2022,남원(247),X,28.7,30.5,21.6,12,61.8,X, ,X,매우높음
6/2/2022,장수(248),X,26.7,28.8,19.1,9.3,63.8,X, ,X,매우높음
6/2/2022,영광군(252),X,27.6,26.8,21,14.3,75.5,X, ,X,매우높음
6/2/2022,김해시(253),X,27.9,27.7,21.8,16.6,66.1,X, ,X,매우높음
6/2/2022,순창군(254),X,29.3,30,21.3,11.9,67.9,X, ,X,매우높음
6/2/2022,양산시(257),X,28.6,29.4,22.4,16.6,62.9,X, ,X,매우높음
6/2/2022,강진군(259),X,29.8,29.9,21.4,13.3,75,X, ,X,높음
6/2/2022,장흥(260),X,29.3,30,21.5,12.5,72.9,X, ,X,매우높음
6/2/2022,해남(261),X,27.9,26.8,21.1,15.5,81.6,X, ,X,높음
6/2/2022,고흥(262),X,27.9,27.7,20.3,12.3,75.8,X, ,X,매우높음
6/2/2022,의령군(263),X,29.8,33.1,23.3,13.2,58.6,X, ,X,매우높음
6/2/2022,함양군(264),X,29.1,32.1,22.1,10.1,54.8,X, ,X,매우높음
6/2/2022,진도군ASOS(268),X,27.4,26.1,20.6,15.3,83,X, ,X,매우높음
6/2/2022,봉화(271),X,26,29.2,19.2,7.6,49.6,X, ,X,매우높음
6/2/2022,영주(272),X,26.2,29,21.9,11.2,44.8,X, ,X,매우높음
6/2/2022,문경(273),X,27.8,30.4,22.3,12.3,46.5,X, ,X,매우높음
6/2/2022,청송군(276),X,27.4,32,21.2,8.9,39.6,X, ,X,매우높음
6/2/2022,영덕(277),X,29.2,32.5,22,16.3,45.6,X, ,X,매우높음
6/2/2022,의성(278),X,29,32.2,21.9,10.2,46.8,X,관심,X,매우높음
6/2/2022,구미(279),X,28.9,32.5,24.2,14.4,42.1,X,관심,X,매우높음
6/2/2022,영천(281),X,28.7,32.9,23.7,13.1,44.3,X, ,X,매우높음
6/2/2022,경주시(283),X,29.9,34.3,24.4,14.1,49.5,X, ,X,매우높음
6/2/2022,거창(284),X,28.7,32.3,21.7,10.8,54,X, ,X,매우높음
6/2/2022,합천(285),X,29.6,33.2,23.3,13.2,53,X, ,X,매우높음
6/2/2022,밀양(288),X,29.8,33.3,23.6,14.9,51.9,X, ,X,매우높음
6/2/2022,산청(289),X,29.6,32.7,22.5,11.5,55.1,X, ,X,매우높음
6/2/2022,거제(294),X,26.2,26.3,20.9,17,72.1,X, ,X,매우높음
6/2/2022,남해(295),X,27.6,28.3,21.4,15.4,70.3,X, ,X,매우높음
6/2/2022,부천(433),X,24.7,24.5,19.9,16.1,68,X, ,X,매우높음
6/2/2022,안양(434),X,22.2,25.4,20.4,16.8,,X, ,X,매우높음
6/2/2022,광명(437),X,26,26.2,20.8,16.7,68,X, ,X,매우높음
6/2/2022,군포(438),X,25.6,25.7,20,15.4,67,X, ,X,매우높음
6/2/2022,김포(441),X,,24.7,19.8,15.5,,X, ,X,매우높음
6/2/2022,하남(444),X,27.3,28.2,20.4,11.9,61,X, ,X,매우높음
6/2/2022,의왕(445),X,23.6,,,,,X, ,X,매우높음
6/2/2022,포천(504),X,27.2,27.4,19.5,10.8,65,X, ,X,매우높음
6/2/2022,가평조종(505),X,26.9,27.5,19.1,8.4,66,X, ,X,매우높음
6/2/2022,안성(516),X,27.3,28.3,20.1,11.7,69,X, ,X,매우높음
6/2/2022,간성(517),X,28,30.4,21.2,13.6,62,X, ,X,매우높음
6/2/2022,평창(526),X,26.2,30,19.5,8.4,46,X, ,X,매우높음
6/2/2022,의정부(532),X,27.7,27.3,20,11.9,74,X, ,X,매우높음
6/2/2022,횡성(536),X,27.6,28.8,19.7,8.7,60,X, ,X,매우높음
6/2/2022,고양(540),X,27.7,28.1,20.1,12.8,69,X, ,X,매우높음
6/2/2022,남양주(541),X,28.2,29.2,20.2,11.2,63,X, ,X,매우높음
6/2/2022,안산(545),X,26,25.2,18,10,80,X, ,X,매우높음
6/2/2022,경기광주(546),X,27,28,20,11.5,60,X, ,X,매우높음
6/2/2022,여주(548),X,27.5,28.2,20.3,11,60,X, ,X,매우높음
6/2/2022,용인(549),X,26.6,27.6,19.9,11.6,61,X, ,X,매우높음
6/2/2022,오산(550),X,26.8,27.2,20,13.3,65,X, ,X,매우높음
6/2/2022,평택(551),X,27.8,27.8,20.3,13.4,67,X, ,X,매우높음
6/2/2022,화천(555),X,28,30.7,19.7,8.7,67,X, ,X,매우높음
6/2/2022,양구(556),X,27.1,30.1,20.1,9.2,53,X, ,X,매우높음
6/2/2022,시흥(565),X,25.3,24.3,19.5,12.8,77,X, ,X,매우높음
6/2/2022,구리(569),X,27.2,28.4,21,13.4,57,X, ,X,매우높음
6/2/2022,화성(571),X,26.6,26.2,19.5,14.4,77,X, ,X,매우높음
6/2/2022,성남(572),X,26.5,27,20.7,13.8,61,X, ,X,매우높음
6/2/2022,과천(590),X,26.9,27.1,20,11.9,69,X, ,X,매우높음
6/2/2022,양주(598),X,25.6,25.5,18.9,10.6,71,X, ,X,매우높음
6/2/2022,단양(601),X,27.6,30.5,21.4,11.7,49,X, ,X,매우높음
6/2/2022,진천(602),X,28.3,29,21.3,12.4,63,X, ,X,매우높음
6/2/2022,괴산(603),X,27.9,29.3,19.7,8.2,63,X, ,X,매우높음
6/2/2022,옥천(604),X,28.6,30.1,21.6,11,57,X, ,X,매우높음
6/2/2022,홍북(608),X,27.8,28.1,20.7,12.8,72,X, ,X,매우높음
6/2/2022,공주(612),X,28.1,29.3,21.1,10.7,61,X, ,X,매우높음
6/2/2022,서천(614),X,25.7,24.2,19.6,13.9,80,X, ,X,매우높음
6/2/2022,논산(615),X,26.9,27,20.7,13,68,X, ,X,매우높음
6/2/2022,당진(616),X,27.4,27.1,20.8,14.3,75,X, ,X,매우높음
6/2/2022,청양(618),X,27.9,27.8,18.4,8.2,75,X, ,X,매우높음
6/2/2022,음성(619),X,27.2,28.1,19.4,8.2,65,X, ,X,매우높음
6/2/2022,증평(623),X,28.4,29.5,20.8,11.8,65,X, ,X,매우높음
6/2/2022,태안(627),X,25.7,24.5,20,16.6,80,X, ,X,매우높음
6/2/2022,예산(628),X,27.5,27.2,20.2,13.7,73,X, ,X,매우높음
6/2/2022,아산(634),X,27.3,27.3,20,13.5,72,X, ,X,매우높음
6/2/2022,계룡(636),X,26.8,27.5,19.1,8.8,65,X, ,X,매우높음
6/2/2022,연천청산(652),X,,,,,,X, ,X,매우높음
6/2/2022,양양(670),X,28,30.7,22,15.9,60,X, ,X,매우높음
6/2/2022,무안(699),X,27.6,27,21.4,15.2,76,X, ,X,매우높음
6/2/2022,무주(701),X,27.5,29.9,20.6,10,57,X, ,X,매우높음
6/2/2022,익산(702),X,27.9,26.9,20.4,13.4,79,X, ,X,매우높음
6/2/2022,진안(703),X,26.7,27.6,19.4,8.7,67,X, ,X,매우높음
6/2/2022,담양(706),X,30.9,31.7,22,12.5,74,X, ,X,매우높음
6/2/2022,구례(709),X,30,31.1,22.6,11.8,63,X, ,X,매우높음
6/2/2022,나주(710),X,29.4,29.1,21.9,13.6,76,X, ,X,매우높음
6/2/2022,순천시(712),X,29,29.4,22.4,14.2,67,X, ,X,매우높음
6/2/2022,광양읍(713),X,29.8,31.6,22.5,13.2,64,X, ,X,매우높음
6/2/2022,장성(730),X,28.9,29.5,21,12.4,71,X, ,X,매우높음
6/2/2022,영암(731),X,28.5,27.5,21.2,13.8,76,X, ,X,높음
6/2/2022,보성(732),X,29.6,29.4,21.2,12.1,75,X, ,X,매우높음
6/2/2022,완주(734),X,28,28.7,20.3,9.9,71,X, ,X,매우높음
6/2/2022,김제(737),X,25.9,27,20.7,14.8,59,X, ,X,매우높음
6/2/2022,화순(741),X,29.4,30.6,21.9,12.5,67,X, ,X,매우높음
6/2/2022,함평(754),X,28.4,28,21.4,13.9,77,X, ,X,매우높음
6/2/2022,곡성(768),X,29.9,31.4,22.1,10.9,63,X, ,X,매우높음
6/2/2022,압해도(789),X,28.2,27.2,21.1,15.4,79,X, ,X,매우높음
6/2/2022,영양(801),X,28.3,31.5,20.7,9.8,48,X, ,X,매우높음
6/2/2022,성주(810),X,30.1,33.6,23.4,12.4,48,X, ,X,매우높음
6/2/2022,고령(812),X,29.9,33.3,22.5,12.1,54,X, ,X,매우높음
6/2/2022,청도(813),X,29.6,33.3,22.9,12.4,55,X, ,X,매우높음
6/2/2022,예천(815),X,28.4,31.8,21.8,10.6,48,X, ,X,매우높음
6/2/2022,김천(822),X,29.5,32.2,22,9.5,55,X,관심,X,매우높음
6/2/2022,군위(823),X,29.1,32.3,22.4,11.4,55,X,관심,X,매우높음
6/2/2022,칠곡(825),X,29.4,32.7,24.2,14.5,49,X, ,X,매우높음
6/2/2022,경산(827),X,29.3,33.6,25.1,16.3,39,X, ,X,매우높음
6/2/2022,삼척(876),X,26,28.3,22.9,17.3,43,X, ,X,매우높음
6/2/2022,속초(90),X,26.4,27.2,21.3,16.1,57,X, ,X,매우높음
6/2/2022,삼천포(907),X,25.7,24.9,20,15.3,78,X, ,X,매우높음
6/2/2022,고성(918),X,25.9,25.1,19.8,14.1,81,X, ,X,매우높음
6/2/2022,창녕(919),X,30.3,33.2,23.8,14.1,56,X, ,X,매우높음
6/2/2022,함안(920),X,29.8,31.6,22.4,13.6,65,X, ,X,매우높음
6/2/2022,북춘천(93),X,27.4,29.5,20.4,10.3,58.9,X, ,X,매우높음
6/2/2022,하동(932),X,28.5,29.9,21.3,12.6,70,X, ,X,매우높음
6/2/2022,철원(95),X,26.4,26.3,19,10.3,76.9,X, ,X,매우높음
6/2/2022,동두천(98),X,26.9,26.6,19.6,12.1,71.1,X, ,X,매우높음
6/2/2022,파주(99),X,26.6,25.7,18.9,11.8,80.1,X, ,X,매우높음
6/3/2022,북강릉(104),X,22.6,21.4,18.2,15.8,83.4,X, ,X,매우높음
6/3/2022,동해(106),X,22.7,21,19.1,16.9,81.1,X, ,X,매우높음
6/3/2022,서울(108),X,30.7,32.6,24.5,18.7,62.8,X, ,X,매우높음
6/3/2022,인천(112),X,26.1,26,21.3,18.4,72,X, ,X,매우높음
6/3/2022,원주(114),X,28.7,31.7,23.9,17.7,53.9,X, ,X,매우높음
6/3/2022,울릉도(115),X,23,21.7,18.2,15.6,87.9,X, ,X,매우높음
6/3/2022,수원(119),X,29,30.9,23.1,18.7,68.1,X, ,X,매우높음
6/3/2022,영월(121),X,29.6,33.9,22.1,13.2,56.9,X, ,X,매우높음
6/3/2022,충주(127),X,29,32.3,24.5,16.4,53.6,X, ,X,매우높음
6/3/2022,서산(129),X,28,28,22.4,18.4,,X, ,X,매우높음
6/3/2022,울진(130),X,23.5,22.3,18.6,16,80.5,X, ,X,매우높음
6/3/2022,청주(131),X,29.8,32.3,25.3,19.2,54,X, ,X,매우높음
6/3/2022,대전(133),X,30.6,33.1,24.8,17.6,58.6,X, ,X,매우높음
6/3/2022,추풍령(135),X,28.2,31,23,17,55.6,X, ,X,매우높음
6/3/2022,안동(136),X,29,31.1,22.2,15,55.4,X, ,X,매우높음
6/3/2022,상주(137),X,29.8,33.1,24.4,17.9,53.8,X, ,X,매우높음
6/3/2022,포항(138),X,23.5,22.9,20.3,17.8,76.8,X, ,X,매우높음
6/3/2022,군산(140),X,28,27.4,21.7,18.8,77.4,X, ,X,매우높음
6/3/2022,대구(143),X,28.8,30.4,23.5,18.7,61.5,X,관심,X,매우높음
6/3/2022,전주(146),X,30.1,31.9,23.5,18.8,67.8,X, ,X,매우높음
6/3/2022,울산(152),X,26.2,26.8,21.6,18.4,65.8,X, ,X,매우높음
6/3/2022,창원(155),X,27.5,28.4,20.8,17,71.8,X, ,X,매우높음
6/3/2022,광주(156),X,31.8,34.1,24.8,18.9,64.4,X,관심,X,매우높음
6/3/2022,부산(159),X,26.7,26.2,21.6,17.7,73.4,X, ,X,매우높음
6/3/2022,통영(162),X,27,26.9,21,17.1,75.6,X, ,X,매우높음
6/3/2022,목포(165),X,27,26.1,21.5,18.4,80.3,X, ,X,매우높음
6/3/2022,여수(168),X,26.2,25.4,21.1,18.3,77.3,X, ,X,매우높음
6/3/2022,흑산도(169),X,23.5,21.6,17.3,14.8,94.6,X, ,X,매우높음
6/3/2022,완도(170),X,28.9,28.4,21.5,18.4,80.5,X, ,X,매우높음
6/3/2022,고창(172),X,29.1,29.1,23,19.4,71.8,X, ,X,매우높음
6/3/2022,제주(184),X,25.2,23.5,21.2,18.6,83.4,X, ,X,매우높음
6/3/2022,진주(192),X,29.4,31.3,22.4,14.9,69,X, ,X,매우높음
6/3/2022,양평(202),X,28.5,31.5,23.4,15.9,60.1,X, ,X,매우높음
6/3/2022,이천(203),X,28.8,32.1,23.3,15,65.3,X, ,X,매우높음
6/3/2022,인제(211),X,27.2,28.2,19.5,13.5,69,X, ,X,매우높음
6/3/2022,홍천(212),X,28.6,32.2,22.6,14.1,57.3,X, ,X,매우높음
6/3/2022,태백(216),X,22.5,22,15.6,12.2,79.3,X, ,X,매우높음
6/3/2022,정선군(217),X,27.3,30,20.2,12.7,59.5,X, ,X,매우높음
6/3/2022,제천(221),X,28.3,31.1,22.2,13.2,60.6,X, ,X,매우높음
6/3/2022,보은(226),X,28.7,31.5,23.8,17.4,56.3,X, ,X,매우높음
6/3/2022,천안(232),X,28.9,30.8,22.9,15.9,70.4,X, ,X,매우높음
6/3/2022,보령(235),X,26.3,26.1,21.3,18.4,75.5,X, ,X,매우높음
6/3/2022,부여(236),X,29.8,31.8,22.9,16.9,70.9,X,관심,X,매우높음
6/3/2022,금산(238),X,29.6,32.2,23,14.4,63.4,X, ,X,매우높음
6/3/2022,세종(239),X,29.3,31.6,23.8,17.3,61.8,X, ,X,매우높음
6/3/2022,부안(243),X,28.3,28.2,21.7,17.7,77.4,X, ,X,매우높음
6/3/2022,임실(244),X,29.4,31.9,22.9,14.1,61.6,X, ,X,매우높음
6/3/2022,정읍(245),X,29.7,31.4,22.5,17.6,71.8,X, ,X,매우높음
6/3/2022,남원(247),X,30.2,33,23.8,15.8,60.5,X, ,X,매우높음
6/3/2022,장수(248),X,28.2,31.1,22.5,13.5,62.3,X, ,X,매우높음
6/3/2022,영광군(252),X,27.5,26.8,21.7,18.8,79.6,X, ,X,매우높음
6/3/2022,김해시(253),X,28.2,28.8,23,17.7,63,X,관심,X,매우높음
6/3/2022,순창군(254),X,30.5,33.4,24,16.3,62,X, ,X,매우높음
6/3/2022,양산시(257),X,30.3,32.1,23.7,17.1,59.1,X, ,X,매우높음
6/3/2022,강진군(259),X,30.2,31.4,22.7,16.7,74.8,X, ,X,매우높음
6/3/2022,장흥(260),X,28.8,28.9,22.1,17,76.1,X, ,X,매우높음
6/3/2022,해남(261),X,29.1,28.6,22.4,17.9,79,X, ,X,매우높음
6/3/2022,고흥(262),X,28,28.2,20.9,15,78.1,X, ,X,매우높음
6/3/2022,의령군(263),X,30.1,33.1,22.9,15,62.4,X, ,X,매우높음
6/3/2022,함양군(264),X,30.1,33.5,23.6,14.4,57.6,X, ,X,매우높음
6/3/2022,진도군ASOS(268),X,27.9,27.2,20.7,17.2,82.5,X, ,X,매우높음
6/3/2022,봉화(271),X,26.4,27.4,19.1,11.4,66.6,X, ,X,매우높음
6/3/2022,영주(272),X,28.7,31.1,22.5,15.3,57.3,X, ,X,매우높음
6/3/2022,문경(273),X,29.1,31.4,23,16.2,58.5,X, ,X,매우높음
6/3/2022,청송군(276),X,26.7,29.3,20.1,10.9,55.9,X, ,X,매우높음
6/3/2022,영덕(277),X,24.5,24.1,19.4,15.8,75,X, ,X,매우높음
6/3/2022,의성(278),X,30.2,33,22.1,13.3,58.1,X, ,X,매우높음
6/3/2022,구미(279),X,30.2,34,24.1,17.8,52.8,X,관심,X,매우높음
6/3/2022,영천(281),X,26.6,27.5,21.9,17.7,62,X, ,X,매우높음
6/3/2022,경주시(283),X,25.8,26.2,21,17.8,68.9,X, ,X,매우높음
6/3/2022,거창(284),X,29.7,33,22.7,12.6,59.6,X, ,X,매우높음
6/3/2022,합천(285),X,30.1,33.4,23.7,14.8,55,X,관심,X,매우높음
6/3/2022,밀양(288),X,29.9,32.9,24.2,16.7,53.5,X,관심,X,매우높음
6/3/2022,산청(289),X,30.4,32.8,23.4,15.5,61.1,X,관심,X,매우높음
6/3/2022,거제(294),X,26.8,26.9,20.9,16.7,74.5,X, ,X,매우높음
6/3/2022,남해(295),X,27.8,28.2,22.1,17.5,70.1,X, ,X,매우높음
6/3/2022,부천(433),X,27.8,29.6,22.3,18.4,64,X, ,X,매우높음
6/3/2022,안양(434),X,23.5,29.8,23.2,18.9,,X, ,X,매우높음
6/3/2022,광명(437),X,29.2,31.2,23.6,19,62,X, ,X,매우높음
6/3/2022,군포(438),X,28.4,30.4,22.8,17.9,62,X, ,X,매우높음
6/3/2022,김포(441),X,,30.7,22.2,18.4,,X, ,X,매우높음
6/3/2022,하남(444),X,29.5,32.5,23.6,16.2,59,X, ,X,매우높음
6/3/2022,의왕(445),X,,,,,,X, ,X,매우높음
6/3/2022,포천(504),X,29.7,32.6,23.2,15,63,X, ,X,매우높음
6/3/2022,가평조종(505),X,29.3,31.8,22.7,12.4,63,X, ,X,매우높음
6/3/2022,안성(516),X,29.4,31.5,23.7,18.9,65,X, ,X,매우높음
6/3/2022,간성(517),X,23.1,20.9,18.4,17,93,X, ,X,높음
6/3/2022,평창(526),X,27.9,31.6,21.2,12.7,57,X, ,X,매우높음
6/3/2022,의정부(532),X,30,32.6,23.2,15.6,71,X, ,X,매우높음
6/3/2022,횡성(536),X,28.8,32.1,23.1,14,62,X, ,X,매우높음
6/3/2022,고양(540),X,30.8,33.8,23.3,16.3,65,X, ,X,매우높음
6/3/2022,남양주(541),X,30.2,32.9,23.5,15.4,61,X, ,X,매우높음
6/3/2022,안산(545),X,28.6,29.3,21.5,14.8,74,X, ,X,매우높음
6/3/2022,경기광주(546),X,28.3,31.3,23,15.5,62,X, ,X,매우높음
6/3/2022,여주(548),X,28.6,31,23.3,15.2,61,X, ,X,매우높음
6/3/2022,용인(549),X,27.7,30.8,23.2,17.4,58,X, ,X,매우높음
6/3/2022,오산(550),X,28.7,31.2,23.3,18.7,57,X, ,X,매우높음
6/3/2022,평택(551),X,29.7,31.5,23.5,19.3,65,X, ,X,매우높음
6/3/2022,화천(555),X,29.8,33.2,22.4,12.8,67,X, ,X,매우높음
6/3/2022,양구(556),X,28.4,31.1,21.1,13.6,60,X, ,X,매우높음
6/3/2022,시흥(565),X,27.7,28.5,22.3,17.8,71,X, ,X,매우높음
6/3/2022,구리(569),X,29.5,32.5,24.4,17.5,54,X, ,X,매우높음
6/3/2022,화성(571),X,29.5,30.6,22.1,17.7,71,X, ,X,매우높음
6/3/2022,성남(572),X,29.1,31.4,24.1,16.3,59,X, ,X,매우높음
6/3/2022,과천(590),X,30.2,31.8,23.3,15.7,68,X, ,X,매우높음
6/3/2022,양주(598),X,29.3,31.6,22.9,16.1,65,X, ,X,매우높음
6/3/2022,단양(601),X,29.5,33.5,23.7,15.9,57,X, ,X,매우높음
6/3/2022,진천(602),X,30.3,32.7,24.4,17.9,63,X, ,X,매우높음
6/3/2022,괴산(603),X,28.7,32.5,23.6,15.5,58,X, ,X,매우높음
6/3/2022,옥천(604),X,29.7,33.2,24.9,17,55,X, ,X,매우높음
6/3/2022,홍북(608),X,30.1,31.1,22.2,17.6,71,X, ,X,매우높음
6/3/2022,공주(612),X,29.3,32.5,24.1,17.6,61,X, ,X,매우높음
6/3/2022,서천(614),X,27.4,26.5,21.6,19.1,78,X, ,X,매우높음
6/3/2022,논산(615),X,29.5,32,23.5,18.3,68,X,관심,X,매우높음
6/3/2022,당진(616),X,29.1,30.6,22.3,18.4,74,X, ,X,매우높음
6/3/2022,청양(618),X,30.2,31.8,21.3,13.8,72,X,관심,X,매우높음
6/3/2022,음성(619),X,29.1,31.5,22.8,15.9,59,X, ,X,매우높음
6/3/2022,증평(623),X,29.3,31.9,24.5,17.3,59,X, ,X,매우높음
6/3/2022,태안(627),X,27.1,26.2,21.2,17.6,84,X, ,X,매우높음
6/3/2022,예산(628),X,29.6,31.3,23,17.7,72,X, ,X,매우높음
6/3/2022,아산(634),X,29.2,31.3,22.5,18.3,72,X, ,X,매우높음
6/3/2022,계룡(636),X,28.9,31.4,22.2,13.8,62,X, ,X,매우높음
6/3/2022,연천청산(652),X,,,,,,X, ,X,매우높음
6/3/2022,양양(670),X,22.8,19.8,18.2,16.7,97,X, ,X,매우높음
6/3/2022,무안(699),X,28.7,28.1,22.4,18.9,79,X, ,X,매우높음
6/3/2022,무주(701),X,28.8,33.2,22.9,13.2,61,X, ,X,매우높음
6/3/2022,익산(702),X,30.3,30.9,22.9,18.7,76,X, ,X,매우높음
6/3/2022,진안(703),X,28.8,31.6,21.8,12.7,66,X, ,X,매우높음
6/3/2022,담양(706),X,32.1,34.4,24.7,17.6,70,X,관심,X,매우높음
6/3/2022,구례(709),X,30.9,32.5,23.6,15.9,70,X, ,X,매우높음
6/3/2022,나주(710),X,30.9,31.7,23.6,18.2,73,X, ,X,매우높음
6/3/2022,순천시(712),X,29.5,30.5,23.8,19.7,65,X,관심,X,매우높음
6/3/2022,광양읍(713),X,29.9,32.4,23.2,16.4,66,X, ,X,매우높음
6/3/2022,장성(730),X,30.7,33.2,23.3,16.1,68,X, ,X,매우높음
6/3/2022,영암(731),X,30.8,31.4,23.3,17.8,73,X, ,X,매우높음
6/3/2022,보성(732),X,29.4,30.4,22.2,15.6,73,X, ,X,매우높음
6/3/2022,완주(734),X,30.7,32,23.4,16.6,72,X, ,X,매우높음
6/3/2022,김제(737),X,27.9,30.7,22.3,18.7,63,X, ,X,매우높음
6/3/2022,화순(741),X,31.2,33.6,23.8,16,63,X, ,X,매우높음
6/3/2022,함평(754),X,29.3,28.7,22.5,18.2,80,X, ,X,매우높음
6/3/2022,곡성(768),X,30.6,33.5,23.8,15.6,63,X, ,X,매우높음
6/3/2022,압해도(789),X,27.3,26.2,20.8,18.6,84,X, ,X,매우높음
6/3/2022,영양(801),X,27.6,28.9,19.8,11.7,62,X, ,X,매우높음
6/3/2022,성주(810),X,29.7,33.7,23.5,15.4,55,X, ,X,매우높음
6/3/2022,고령(812),X,29.3,33.5,23.6,13.5,59,X,관심,X,매우높음
6/3/2022,청도(813),X,29.5,31.9,23,14.2,58,X,관심,X,매우높음
6/3/2022,예천(815),X,29.3,32.9,22.7,14.7,57,X, ,X,매우높음
6/3/2022,김천(822),X,30.8,33.9,23,12.7,62,X, ,X,매우높음
6/3/2022,군위(823),X,30.2,33.4,22.7,14.3,64,X, ,X,매우높음
6/3/2022,칠곡(825),X,30.3,32.8,24.4,19.5,55,X,관심,X,매우높음
6/3/2022,경산(827),X,28.1,30.3,23,17.8,55,X, ,X,매우높음
6/3/2022,삼척(876),X,23.9,23.2,18.8,16.6,79,X, ,X,매우높음
6/3/2022,속초(90),X,23.2,21.8,19.1,17,80.4,X, ,X,매우높음
6/3/2022,삼천포(907),X,26.8,26.8,20.3,16.8,79,X, ,X,매우높음
6/3/2022,고성(918),X,27.8,27.9,21.1,15.6,75,X, ,X,매우높음
6/3/2022,창녕(919),X,30.7,33.5,24.1,15.7,60,X,관심,X,매우높음
6/3/2022,함안(920),X,29.3,29.9,21.9,15.4,72,X, ,X,매우높음
6/3/2022,북춘천(93),X,28.9,31.9,22.7,14.2,62.1,X, ,X,매우높음
6/3/2022,하동(932),X,28.7,30,22.5,16,70,X,관심,X,매우높음
6/3/2022,철원(95),X,29,30.7,21.9,14.9,74.5,X, ,X,매우높음
6/3/2022,동두천(98),X,29.6,31.9,22.9,16.1,66.9,X, ,X,매우높음
6/3/2022,파주(99),X,29.1,29.9,21.9,16.1,75,X, ,X,매우높음
6/4/2022,북강릉(104),X,22.9,21.8,18.6,15.1,81.6,X, ,X,보통
6/4/2022,동해(106),X,22.4,21.1,18.5,15.4,83.9,X, ,X,높음
6/4/2022,서울(108),X,28.8,29.7,25.6,20.3,57,X, ,X,높음
6/4/2022,인천(112),X,27.5,26.9,22.8,17.9,72.5,X, ,X,높음
6/4/2022,원주(114),X,27.4,28.8,24.1,18.7,50.3,X, ,X,높음
6/4/2022,울릉도(115),X,21.4,20.1,17.1,15.2,84.3,X, ,X,보통
6/4/2022,수원(119),X,27.7,28.9,24.5,18.2,60.8,X, ,X,매우높음
6/4/2022,영월(121),X,29.7,32.2,22.5,14,57,X, ,X,높음
6/4/2022,충주(127),X,27.2,28.3,23.7,17,53.3,X, ,X,매우높음
6/4/2022,서산(129),X,29.4,29.8,23.5,18.3,71.6,X, ,X,높음
6/4/2022,울진(130),X,22.6,21.3,18.4,15.5,82.8,X, ,X,높음
6/4/2022,청주(131),X,28.2,29.6,25.2,19.6,46.5,X, ,X,매우높음
6/4/2022,대전(133),X,29,30.6,25.1,18.8,49,X, ,X,높음
6/4/2022,추풍령(135),X,26.3,27.3,21.3,14.1,58.1,X, ,X,매우높음
6/4/2022,안동(136),X,27.3,28.5,21,16.1,61.9,X, ,X,매우높음
6/4/2022,상주(137),X,28.1,29.6,22.6,15.8,60.4,X, ,X,매우높음
6/4/2022,포항(138),X,22.8,21.2,19.1,17.3,85.3,X, ,X,매우높음
6/4/2022,군산(140),X,29.5,30.6,23.4,18.4,71.6,X, ,X,높음
6/4/2022,대구(143),X,27.9,28.8,22.1,17.9,67,X, ,X,매우높음
6/4/2022,전주(146),X,29.4,32.3,25.6,19.3,49.9,X, ,X,높음
6/4/2022,울산(152),X,24,24.6,19.8,16.9,72.5,X, ,X,매우높음
6/4/2022,창원(155),X,25.3,26.3,21.3,16.8,57,X, ,X,매우높음
6/4/2022,광주(156),X,28,30.4,24.7,18.2,49.6,X,관심,X,높음
6/4/2022,부산(159),X,24.9,25.1,20.7,17.7,69.6,X, ,X,매우높음
6/4/2022,통영(162),X,25.5,26.4,21.2,17.5,63.8,X, ,X,매우높음
6/4/2022,목포(165),X,26.4,28,22.8,18,58.4,X, ,X,매우높음
6/4/2022,여수(168),X,24.2,24.3,20.9,17.8,65.4,X, ,X,매우높음
6/4/2022,흑산도(169),X,22.1,20.7,17.4,14.9,88,X, ,X,매우높음
6/4/2022,완도(170),X,25.5,25.4,20.8,18,72.5,X, ,X,매우높음
6/4/2022,고창(172),X,27.9,30.5,24.4,16.9,46.5,X, ,X,높음
6/4/2022,제주(184),X,27.2,26.6,23.5,19.8,70.3,X, ,X,매우높음
6/4/2022,진주(192),X,27.4,29.2,21.8,14.5,57.9,X, ,X,매우높음
6/4/2022,양평(202),X,26.7,27.8,23.4,18.4,57.4,X, ,X,높음
6/4/2022,이천(203),X,27.9,28.5,23.5,17.3,60.3,X, ,X,높음
6/4/2022,인제(211),X,27.4,28.7,20.2,14.7,68.9,X, ,X,높음
6/4/2022,홍천(212),X,27.8,29,22.6,15.9,60.4,X, ,X,높음
6/4/2022,태백(216),X,26.1,27.1,16.6,9.6,76.5,X, ,X,높음
6/4/2022,정선군(217),X,28,30.9,20.9,12.9,59.4,X, ,X,높음
6/4/2022,제천(221),X,26.9,28,21.4,14.1,64.6,X, ,X,매우높음
6/4/2022,보은(226),X,26.7,27.4,22.1,15.3,58.8,X, ,X,매우높음
6/4/2022,천안(232),X,27.4,28.4,22.6,15.6,65.3,X, ,X,높음
6/4/2022,보령(235),X,27.6,27.4,22.6,18.4,74.1,X, ,X,높음
6/4/2022,부여(236),X,28.8,30.1,24.2,18.4,63.6,X,관심,X,높음
6/4/2022,금산(238),X,28.6,30.5,23.2,17.2,54.3,X, ,X,높음
6/4/2022,세종(239),X,28.7,30.3,24.4,19,50.9,X, ,X,높음
6/4/2022,부안(243),X,29.4,31.4,24.5,18.3,60.9,X, ,X,높음
6/4/2022,임실(244),X,27.5,29.9,22.5,15.1,54.1,X, ,X,매우높음
6/4/2022,정읍(245),X,28.1,31.3,24.7,17.9,47.5,X, ,X,높음
6/4/2022,남원(247),X,27.9,30.6,24,16.5,50.9,X, ,X,매우높음
6/4/2022,장수(248),X,26.4,28.4,22,14.6,52.9,X, ,X,높음
6/4/2022,영광군(252),X,27.8,30.1,23.8,16.2,52.4,X, ,X,높음
6/4/2022,김해시(253),X,25.5,26.4,21.4,16.6,59.9,X, ,X,매우높음
6/4/2022,순창군(254),X,28.5,31,23.7,15.7,50.3,X, ,X,매우높음
6/4/2022,양산시(257),X,26.9,28.5,22.2,18.6,59.8,X, ,X,매우높음
6/4/2022,강진군(259),X,27.6,28.7,22.5,16.6,62.8,X, ,X,매우높음
6/4/2022,장흥(260),X,26.2,26.9,21.8,15.8,62.5,X, ,X,매우높음
6/4/2022,해남(261),X,26.5,27.5,22,18.1,65.8,X, ,X,매우높음
6/4/2022,고흥(262),X,24.9,25.8,20.2,14.1,68.6,X, ,X,매우높음
6/4/2022,의령군(263),X,28.1,30,22.1,14.8,58.5,X, ,X,매우높음
6/4/2022,함양군(264),X,27.4,29.3,22.7,14.2,54,X, ,X,매우높음
6/4/2022,진도군ASOS(268),X,26.5,26.7,21.8,17,67.6,X, ,X,매우높음
6/4/2022,봉화(271),X,25.8,26.5,19.7,13.2,67.4,X, ,X,매우높음
6/4/2022,영주(272),X,26.2,26.9,20.5,14.1,64.4,X, ,X,매우높음
6/4/2022,문경(273),X,26.6,27.2,20.9,14.1,65.6,X, ,X,매우높음
6/4/2022,청송군(276),X,26.1,27.6,20.1,13.4,61.1,X, ,X,매우높음
6/4/2022,영덕(277),X,23.4,23.1,18.5,15.4,79,X, ,X,매우높음
6/4/2022,의성(278),X,28.2,29.9,21.7,13.1,62.3,X, ,X,매우높음
6/4/2022,구미(279),X,27.5,29.3,22.9,16,54.9,X, ,X,매우높음
6/4/2022,영천(281),X,25.4,25.6,20,14.3,71,X, ,X,매우높음
6/4/2022,경주시(283),X,26.3,27.1,20.4,14.4,69,X, ,X,매우높음
6/4/2022,거창(284),X,26.6,28,21.7,14.7,58.8,X, ,X,매우높음
6/4/2022,합천(285),X,26.9,28.7,22.2,16.1,56.5,X, ,X,매우높음
6/4/2022,밀양(288),X,27.2,29.3,22.8,16.1,50.5,X, ,X,매우높음
6/4/2022,산청(289),X,27.6,28.9,22.2,15.5,55,X, ,X,매우높음
6/4/2022,거제(294),X,24.3,24.1,20.1,17.6,70.6,X, ,X,매우높음
6/4/2022,남해(295),X,25.3,25.7,21.2,16.2,62.4,X, ,X,매우높음
6/4/2022,부천(433),X,27.5,28.5,23.6,17.5,60,X, ,X,높음
6/4/2022,안양(434),X,25.7,28.2,24.8,20,,X, ,X,매우높음
6/4/2022,광명(437),X,28.1,29,24.8,18.7,58,X, ,X,높음
6/4/2022,군포(438),X,27.3,28,23.7,18.2,59,X, ,X,매우높음
6/4/2022,김포(441),X,,28.8,23.6,18.2,,X, ,X,높음
6/4/2022,하남(444),X,27.5,28.5,23.9,19,55,X, ,X,높음
6/4/2022,의왕(445),X,,,,,,X, ,X,매우높음
6/4/2022,포천(504),X,28,29.6,23.5,18.1,58,X, ,X,높음
6/4/2022,가평조종(505),X,28.3,29.3,22.5,15.4,63,X, ,X,높음
6/4/2022,안성(516),X,27.5,28.6,23.9,16.8,57,X,관심,X,높음
6/4/2022,간성(517),X,23,20.8,18.5,17.4,94,X, ,X,보통
6/4/2022,평창(526),X,27.4,29.7,21.5,13.6,57,X, ,X,높음
6/4/2022,의정부(532),X,28.6,29,23.7,17.9,67,X, ,X,높음
6/4/2022,횡성(536),X,28.4,29.8,22.7,16.2,65,X, ,X,높음
6/4/2022,고양(540),X,28.6,29.9,24,17.9,62,X, ,X,높음
6/4/2022,남양주(541),X,27.9,28.8,23.9,18.4,56,X, ,X,높음
6/4/2022,안산(545),X,27.9,28.7,22.4,17.3,71,X, ,X,매우높음
6/4/2022,경기광주(546),X,26.7,27.6,22.8,17.8,59,X, ,X,높음
6/4/2022,여주(548),X,27.3,28.3,23.3,17.2,56,X, ,X,높음
6/4/2022,용인(549),X,27.1,28.4,23.4,17.7,54,X,관심,X,높음
6/4/2022,오산(550),X,27.2,28.3,24,17.8,56,X, ,X,매우높음
6/4/2022,평택(551),X,28.4,29.3,24.2,18.7,64,X, ,X,매우높음
6/4/2022,화천(555),X,27.9,28.6,22.3,14.4,73,X, ,X,높음
6/4/2022,양구(556),X,28,29.8,21.3,14,62,X, ,X,높음
6/4/2022,시흥(565),X,28.2,28.6,23.8,18.2,66,X, ,X,매우높음
6/4/2022,구리(569),X,28.1,29.8,24.7,19.7,49,X, ,X,높음
6/4/2022,화성(571),X,28.6,29.5,24.1,18.3,64,X, ,X,매우높음
6/4/2022,성남(572),X,27.2,28.3,24.2,19.1,55,X, ,X,매우높음
6/4/2022,과천(590),X,28.1,29.1,23.4,17.6,68,X, ,X,높음
6/4/2022,양주(598),X,27.6,28.7,23.2,17,61,X, ,X,높음
6/4/2022,단양(601),X,28.4,30,22.7,15.5,59,X, ,X,매우높음
6/4/2022,진천(602),X,28.3,29.8,23.5,17.5,63,X, ,X,매우높음
6/4/2022,괴산(603),X,27,28.2,21.8,13.8,61,X, ,X,매우높음
6/4/2022,옥천(604),X,29,30.5,23.6,16.7,55,X, ,X,매우높음
6/4/2022,홍북(608),X,29.2,31,23.7,17.2,66,X, ,X,높음
6/4/2022,공주(612),X,29.1,30.9,24.6,18.9,54,X, ,X,높음
6/4/2022,서천(614),X,29.6,30.4,23.4,19.1,72,X, ,X,높음
6/4/2022,논산(615),X,29.4,31,25.2,19.6,55,X, ,X,높음
6/4/2022,당진(616),X,29.1,30,23.4,18.7,73,X, ,X,높음
6/4/2022,청양(618),X,29,29.7,23.2,15.9,68,X,관심,X,높음
6/4/2022,음성(619),X,26.3,27.6,21.3,13.7,61,X, ,X,높음
6/4/2022,증평(623),X,28.6,29.5,23.7,17.6,58,X, ,X,매우높음
6/4/2022,태안(627),X,29.7,29.1,22.6,17.4,80,X, ,X,높음
6/4/2022,예산(628),X,29.3,30.2,24.5,19,67,X, ,X,높음
6/4/2022,아산(634),X,28.6,29.8,24.4,18.8,63,X, ,X,높음
6/4/2022,계룡(636),X,28.6,30.2,22.9,16.5,57,X, ,X,높음
6/4/2022,연천청산(652),X,,,,,,X, ,X,높음
6/4/2022,양양(670),X,22.9,19.9,18.4,16,97,X, ,X,높음
6/4/2022,무안(699),X,26.9,28.5,23.2,16.3,56,X, ,X,높음
6/4/2022,무주(701),X,28,30.2,22.7,15.1,56,X, ,X,매우높음
6/4/2022,익산(702),X,29.9,31.7,25.4,19.6,61,X, ,X,높음
6/4/2022,진안(703),X,27.6,29.5,22.1,14.9,57,X, ,X,높음
6/4/2022,담양(706),X,29,31.3,24.2,16,55,X,관심,X,매우높음
6/4/2022,구례(709),X,27.9,29.7,23.6,15.2,57,X, ,X,매우높음
6/4/2022,나주(710),X,27.9,28.9,22.8,15.3,60,X, ,X,높음
6/4/2022,순천시(712),X,27.2,29.2,23.6,17.1,52,X,관심,X,매우높음
6/4/2022,광양읍(713),X,27.8,30.1,23.6,15.9,49,X, ,X,매우높음
6/4/2022,장성(730),X,27.4,30.6,23.8,15.2,49,X, ,X,높음
6/4/2022,영암(731),X,27.4,29.3,22.8,17.2,58,X, ,X,매우높음
6/4/2022,보성(732),X,26.2,27.3,21.4,14.6,63,X, ,X,매우높음
6/4/2022,완주(734),X,30.1,31.5,24,16.1,62,X, ,X,높음
6/4/2022,김제(737),X,26.4,31.6,25,18.4,38,X, ,X,높음
6/4/2022,화순(741),X,28.1,30.3,23.5,15.1,52,X, ,X,매우높음
6/4/2022,함평(754),X,27.4,29.3,23.1,15.7,58,X, ,X,높음
6/4/2022,곡성(768),X,29.4,32,23.5,14.8,50,X, ,X,매우높음
6/4/2022,압해도(789),X,27.6,29.5,23.1,16.8,59,X, ,X,매우높음
6/4/2022,영양(801),X,26.5,27.1,19.3,14.7,71,X, ,X,매우높음
6/4/2022,성주(810),X,28.2,30.6,22.8,15,56,X, ,X,매우높음
6/4/2022,고령(812),X,26.5,28.1,22.3,15.6,58,X, ,X,매우높음
6/4/2022,청도(813),X,27.5,29.1,22.3,14.6,59,X, ,X,매우높음
6/4/2022,예천(815),X,27.3,28.4,21.8,15.1,60,X, ,X,매우높음
6/4/2022,김천(822),X,28.2,29.7,21.9,13.2,62,X, ,X,매우높음
6/4/2022,군위(823),X,28.2,29.1,21.4,13.4,67,X, ,X,매우높음
6/4/2022,칠곡(825),X,28,29.2,22.8,16,63,X, ,X,매우높음
6/4/2022,경산(827),X,27.7,29.2,21.3,16,64,X, ,X,매우높음
6/4/2022,삼척(876),X,24.5,23.9,19,14.8,78,X, ,X,높음
6/4/2022,속초(90),X,23.3,22.1,18.7,17.3,83,X, ,X,보통
6/4/2022,삼천포(907),X,26.3,28.8,21.4,15.6,58,X, ,X,매우높음
6/4/2022,고성(918),X,24.7,25.6,20.8,15.9,65,X, ,X,매우높음
6/4/2022,창녕(919),X,27.8,29,23.2,17.8,56,X, ,X,매우높음
6/4/2022,함안(920),X,27.6,28,21.2,14.9,68,X, ,X,매우높음
6/4/2022,북춘천(93),X,27.6,28.5,22.4,15.8,65.5,X, ,X,높음
6/4/2022,하동(932),X,27.7,29.6,22.8,15.5,59,X, ,X,매우높음
6/4/2022,철원(95),X,26.7,26.8,21.6,15.7,76.9,X, ,X,높음
6/4/2022,동두천(98),X,28.4,29.6,23,16.7,65,X, ,X,높음
6/4/2022,파주(99),X,27.9,27.9,22.4,16.5,69.8,X, ,X,높음
6/5/2022,북강릉(104),X,22.7,21.3,18.1,16.5,85.8,X, ,X,보통
6/5/2022,동해(106),X,21.8,20.4,17.8,16.5,90.3,X, ,X,보통
6/5/2022,서울(108),X,26.1,27,22.7,20.2,59.8,X, ,X,보통
6/5/2022,인천(112),X,25,25.5,21.9,20.3,60,X, ,X,보통
6/5/2022,원주(114),X,23.9,24,21.1,19.6,55.3,X, ,X,보통
6/5/2022,울릉도(115),X,20.6,18.1,17.1,16,92.8,X, ,X,보통
6/5/2022,수원(119),X,25.1,25.3,21.5,18.7,61,X, ,X,보통
6/5/2022,영월(121),X,21.9,23.3,19,16.6,69.6,X, ,X,보통
6/5/2022,충주(127),X,23.2,22.8,18.6,16.1,71,X, ,X,보통
6/5/2022,서산(129),X,23.6,22.9,19.8,17.7,75,X, ,X,보통
6/5/2022,울진(130),X,21.2,18.9,17.6,16.3,90.9,X, ,X,보통
6/5/2022,청주(131),X,24.2,25.2,19.1,16.3,70.9,X, ,X,보통
6/5/2022,대전(133),X,24,24.7,18.6,16.9,78.8,X, ,X,보통
6/5/2022,추풍령(135),X,20.8,20.1,16.2,15.1,84.5,X, ,X,보통
6/5/2022,안동(136),X,19.7,18,17,16,84.5,X, ,X,보통
6/5/2022,상주(137),X,21,19.7,16.8,15.6,90.3,X, ,X,보통
6/5/2022,포항(138),X,21.5,19.1,18.1,17.2,91.6,X, ,X,보통
6/5/2022,군산(140),X,23.1,22.8,19,17.1,78.5,X, ,X,보통
6/5/2022,대구(143),X,21.9,19.3,18,17,92.5,X, ,X,보통
6/5/2022,전주(146),X,23.2,24.5,18.6,16.3,79,X, ,X,보통
6/5/2022,울산(152),X,21.8,19.2,17.7,16.4,92.4,X, ,X,보통
6/5/2022,창원(155),X,20.4,18.9,17.4,16.2,84.8,X, ,X,보통
6/5/2022,광주(156),X,22.9,22.8,18.3,16.8,94,X, ,X,보통
6/5/2022,부산(159),X,22,19.1,17.8,16.4,93.4,X, ,X,보통
6/5/2022,통영(162),X,21.6,19.6,17.8,16.4,92.4,X, ,X,보통
6/5/2022,목포(165),X,22.8,21.5,18.9,17.3,86.3,X, ,X,보통
6/5/2022,여수(168),X,21.2,20.2,17.9,16.1,84.8,X, ,X,보통
6/5/2022,흑산도(169),X,20.8,17.7,16.4,15.4,99,X, ,X,보통
6/5/2022,완도(170),X,22.2,19.9,18.1,17.1,94,X, ,X,보통
6/5/2022,고창(172),X,22.4,23.1,18.3,16.8,84.6,X, ,X,보통
6/5/2022,제주(184),X,24.3,23,19.1,17.3,94.5,X, ,X,보통
6/5/2022,진주(192),X,20.2,19.9,17.1,15.6,89.5,X, ,X,보통
6/5/2022,양평(202),X,23,23.3,19.3,16.9,73.8,X, ,X,보통
6/5/2022,이천(203),X,23.3,23.3,18.9,17.4,80.1,X, ,X,보통
6/5/2022,인제(211),X,24.2,23.7,18.9,16.4,78.3,X, ,X,보통
6/5/2022,홍천(212),X,23.4,22.8,19.3,16.9,74.5,X, ,X,보통
6/5/2022,태백(216),X,18.9,18.7,14.7,12.5,80.8,X, ,X,보통
6/5/2022,정선군(217),X,22.8,23,18.9,15.9,64,X, ,X,보통
6/5/2022,제천(221),X,21.3,21,18,15.7,76.1,X, ,X,보통
6/5/2022,보은(226),X,22.4,21.9,17.2,16,84.8,X, ,X,보통
6/5/2022,천안(232),X,22.6,22.1,18.1,15.9,82.9,X, ,X,보통
6/5/2022,보령(235),X,23.2,24.5,19.8,17.5,72.8,X, ,X,보통
6/5/2022,부여(236),X,23.1,22.1,18.7,17,83.5,X, ,X,보통
6/5/2022,금산(238),X,21.4,20.7,17.8,16.3,81.9,X, ,X,보통
6/5/2022,세종(239),X,23.4,23.7,18.6,16.6,75.5,X, ,X,보통
6/5/2022,부안(243),X,22.9,23.6,18.9,17.2,83.6,X, ,X,보통
6/5/2022,임실(244),X,20.7,21.5,17,15.7,83.3,X, ,X,보통
6/5/2022,정읍(245),X,22.8,23.8,18.3,16.7,80,X, ,X,보통
6/5/2022,남원(247),X,21.2,22,17.2,15.3,86.4,X, ,X,보통
6/5/2022,장수(248),X,20,20.6,16.7,15.5,82,X, ,X,보통
6/5/2022,영광군(252),X,22.1,22.3,18.1,16.5,85.8,X, ,X,보통
6/5/2022,김해시(253),X,21.8,19.9,18,16.1,87.3,X, ,X,보통
6/5/2022,순창군(254),X,22.2,22.9,17.5,16.1,89.3,X, ,X,보통
6/5/2022,양산시(257),X,21.7,20,18.6,17.1,87.3,X, ,X,보통
6/5/2022,강진군(259),X,22.5,21,18.4,17.2,91,X, ,X,보통
6/5/2022,장흥(260),X,22.7,21.3,18.7,17.1,88.4,X, ,X,보통
6/5/2022,해남(261),X,22.9,21,18.7,17.5,89,X, ,X,보통
6/5/2022,고흥(262),X,21.3,19.5,18,16.5,87.8,X, ,X,보통
6/5/2022,의령군(263),X,20.7,18.6,17.6,17.1,87.3,X, ,X,보통
6/5/2022,함양군(264),X,20.5,21.4,17.6,16.3,84.9,X, ,X,보통
6/5/2022,진도군ASOS(268),X,23.2,21.2,18.5,16.6,90.6,X, ,X,보통
6/5/2022,봉화(271),X,19.8,19,16.7,14.2,82.8,X, ,X,보통
6/5/2022,영주(272),X,19.8,18.5,16.4,15.5,89.8,X, ,X,보통
6/5/2022,문경(273),X,19.9,18.4,16.4,15.5,90.9,X, ,X,보통
6/5/2022,청송군(276),X,20,18.1,16.2,14.6,84.3,X, ,X,보통
6/5/2022,영덕(277),X,20.6,17.7,16.8,15.4,94.9,X, ,X,보통
6/5/2022,의성(278),X,21.4,19,17.2,15.9,90.3,X, ,X,보통
6/5/2022,구미(279),X,21.4,21.2,17.7,16.6,86.9,X, ,X,보통
6/5/2022,영천(281),X,21.1,19.6,17.4,16.4,89.9,X, ,X,보통
6/5/2022,경주시(283),X,21.9,20.1,17.6,16.2,89.5,X, ,X,보통
6/5/2022,거창(284),X,19.7,19.6,17.1,15.9,83.5,X, ,X,보통
6/5/2022,합천(285),X,20.4,19.2,17.6,16.9,83.8,X, ,X,보통
6/5/2022,밀양(288),X,21.1,20.9,18.3,17.4,79.3,X, ,X,보통
6/5/2022,산청(289),X,20.3,20.8,16.9,15.7,88,X, ,X,보통
6/5/2022,거제(294),X,21.7,19,17.6,16.3,91.4,X, ,X,보통
6/5/2022,남해(295),X,21.4,20.3,17.9,16.5,89,X, ,X,보통
6/5/2022,부천(433),X,24.4,25.6,21.9,19.6,53,X, ,X,보통
6/5/2022,안양(434),X,21.5,26.1,22,19.7,,X, ,X,보통
6/5/2022,광명(437),X,25.4,26.6,22.8,20.5,54,X, ,X,보통
6/5/2022,군포(438),X,24,24.1,21.3,18.9,55,X, ,X,보통
6/5/2022,김포(441),X,,26.2,22.6,20.1,,X, ,X,보통
6/5/2022,하남(444),X,24.4,25.2,20.4,16.8,66,X, ,X,보통
6/5/2022,의왕(445),X,,,,,,X, ,X,보통
6/5/2022,포천(504),X,25,25.9,21.1,19,65,X, ,X,보통
6/5/2022,가평조종(505),X,24.9,25.3,19.3,16.6,78,X, ,X,보통
6/5/2022,안성(516),X,23.5,24.2,19.5,16.4,68,X, ,X,보통
6/5/2022,간성(517),X,21.3,18.4,17.3,16.4,97,X, ,X,보통
6/5/2022,평창(526),X,21.3,22.6,19,16.4,61,X, ,X,보통
6/5/2022,의정부(532),X,25.3,25.6,21.3,18.5,72,X, ,X,보통
6/5/2022,횡성(536),X,24.1,24.1,20.1,17.7,73,X, ,X,보통
6/5/2022,고양(540),X,25.9,26.9,22.3,19.5,58,X, ,X,보통
6/5/2022,남양주(541),X,24.8,25.6,21.2,17.7,62,X, ,X,보통
6/5/2022,안산(545),X,24.1,24.4,20.2,17.7,66,X, ,X,보통
6/5/2022,경기광주(546),X,23.1,23.4,19.3,15.8,70,X, ,X,보통
6/5/2022,여주(548),X,22.6,22,18.7,15.7,74,X, ,X,보통
6/5/2022,용인(549),X,22.6,23.1,19.6,16.6,62,X, ,X,보통
6/5/2022,오산(550),X,23.3,23.9,20.4,18.1,55,X, ,X,보통
6/5/2022,평택(551),X,24.1,24.1,20.1,16.6,67,X, ,X,보통
6/5/2022,화천(555),X,26,25.8,20,16.7,85,X, ,X,보통
6/5/2022,양구(556),X,24.6,25.2,19.3,16.2,76,X, ,X,보통
6/5/2022,시흥(565),X,25.2,25.8,21.9,19.4,63,X, ,X,보통
6/5/2022,구리(569),X,24.8,26.2,21.4,17.9,60,X, ,X,보통
6/5/2022,화성(571),X,24.3,24.6,21.3,19.2,61,X, ,X,보통
6/5/2022,성남(572),X,24,24.6,21.2,18.4,59,X, ,X,보통
6/5/2022,과천(590),X,25.4,25.7,20.9,18.8,64,X, ,X,보통
6/5/2022,양주(598),X,25.6,26.7,21.6,18.5,63,X, ,X,보통
6/5/2022,단양(601),X,22.5,22.5,18.2,16.2,80,X, ,X,보통
6/5/2022,진천(602),X,23.4,22.5,19.2,16.8,74,X, ,X,보통
6/5/2022,괴산(603),X,21.6,20.8,17.3,15.3,80,X, ,X,보통
6/5/2022,옥천(604),X,22,21.8,18.2,17,82,X, ,X,보통
6/5/2022,홍북(608),X,23,22.8,18,15.8,84,X, ,X,보통
6/5/2022,공주(612),X,22.5,22.7,18.5,16.2,75,X, ,X,보통
6/5/2022,서천(614),X,23.8,23.4,19.5,17.2,76,X, ,X,보통
6/5/2022,논산(615),X,24.3,23.4,19.1,16.5,77,X, ,X,보통
6/5/2022,당진(616),X,24.3,22.9,19.8,17.7,76,X, ,X,보통
6/5/2022,청양(618),X,21.8,21.2,18.1,15.8,83,X, ,X,보통
6/5/2022,음성(619),X,20.6,19.4,16.8,14.9,79,X, ,X,보통
6/5/2022,증평(623),X,23.8,23.3,18.4,15.7,80,X, ,X,보통
6/5/2022,태안(627),X,24,22.8,20,17.7,79,X, ,X,보통
6/5/2022,예산(628),X,25.3,23.5,19.1,16.8,82,X, ,X,보통
6/5/2022,아산(634),X,25.1,23.6,19.8,17.1,70,X, ,X,보통
6/5/2022,계룡(636),X,20.7,21.1,17.4,16.3,77,X, ,X,보통
6/5/2022,연천청산(652),X,,,,,,X, ,X,보통
6/5/2022,양양(670),X,22,19.1,17.7,16.9,97,X, ,X,보통
6/5/2022,무안(699),X,22.6,21.9,18.8,16.5,85,X, ,X,보통
6/5/2022,무주(701),X,21.2,20.6,17.6,15.6,81,X, ,X,보통
6/5/2022,익산(702),X,24,25,19.2,17.1,86,X, ,X,보통
6/5/2022,진안(703),X,20.8,20.1,17.1,15.5,79,X, ,X,보통
6/5/2022,담양(706),X,23,23.3,18.3,17,89,X, ,X,보통
6/5/2022,구례(709),X,22.7,23.6,18.6,16.6,85,X, ,X,보통
6/5/2022,나주(710),X,22.9,21.8,18.8,16.5,88,X, ,X,보통
6/5/2022,순천시(712),X,22.1,22.4,18.6,17.4,83,X, ,X,보통
6/5/2022,광양읍(713),X,21.7,22.6,18.6,17.1,84,X, ,X,보통
6/5/2022,장성(730),X,22.4,23,18.2,16.6,85,X, ,X,보통
6/5/2022,영암(731),X,22.8,21.5,19.2,17.3,85,X, ,X,보통
6/5/2022,보성(732),X,21.7,20.7,18.1,17,89,X, ,X,보통
6/5/2022,완주(734),X,23.6,22.3,18.2,15.1,87,X, ,X,보통
6/5/2022,김제(737),X,21.5,24.2,18.7,16.2,70,X, ,X,보통
6/5/2022,화순(741),X,21.9,22.1,18.5,16.7,83,X, ,X,보통
6/5/2022,함평(754),X,22.6,21.9,18.9,17.1,87,X, ,X,보통
6/5/2022,곡성(768),X,22.2,22.9,17.8,16.3,88,X, ,X,보통
6/5/2022,압해도(789),X,22.5,21.5,19,17.5,85,X, ,X,보통
6/5/2022,영양(801),X,20.8,17.7,16.5,14.9,96,X, ,X,보통
6/5/2022,성주(810),X,21.3,20.2,17.9,16.7,87,X, ,X,보통
6/5/2022,고령(812),X,21.1,19,17.3,16.4,92,X, ,X,보통
6/5/2022,청도(813),X,21.2,19.7,17.6,16.8,88,X, ,X,보통
6/5/2022,예천(815),X,19.8,18.4,16.8,15.9,88,X, ,X,보통
6/5/2022,김천(822),X,20.8,19.8,16.8,15.4,92,X, ,X,보통
6/5/2022,군위(823),X,21.4,18.6,17.3,15.6,93,X, ,X,보통
6/5/2022,칠곡(825),X,21.9,20.6,18.2,16.9,93,X, ,X,보통
6/5/2022,경산(827),X,21.4,19.5,17.6,16.8,88,X, ,X,보통
6/5/2022,삼척(876),X,21.6,20.1,17.9,16.3,86,X, ,X,보통
6/5/2022,속초(90),X,21.1,19,17.5,16.5,91,X, ,X,보통
6/5/2022,삼천포(907),X,22.4,20.3,17.7,16.5,87,X, ,X,보통
6/5/2022,고성(918),X,21.5,19.9,17.9,16.6,89,X, ,X,보통
6/5/2022,창녕(919),X,21.4,20.6,18.2,17.2,88,X, ,X,보통
6/5/2022,함안(920),X,20.8,19.7,17.5,16.6,93,X, ,X,보통
6/5/2022,북춘천(93),X,24.9,24.8,20.2,17.1,77.1,X, ,X,보통
6/5/2022,하동(932),X,21.3,20.8,18,16.5,86,X, ,X,보통
6/5/2022,철원(95),X,25.3,24.7,20,17.2,88.5,X, ,X,보통
6/5/2022,동두천(98),X,25.7,26.2,21.2,18.6,69.6,X, ,X,보통
6/5/2022,파주(99),X,25.9,25.5,20.9,18,74,X, ,X,보통
6/6/2022,북강릉(104),X,19.7,16.7,14.3,12.6,96.8,X, ,X,보통
6/6/2022,동해(106),X,20.4,17.4,14.8,13.5,99,X, ,X,보통
6/6/2022,서울(108),X,24.1,24.5,19.7,16.7,69,X, ,X,보통
6/6/2022,인천(112),X,23,23.6,19.6,16.5,65.4,X, ,X,보통
6/6/2022,원주(114),X,21.8,22.2,17.7,14.1,67.8,X, ,X,보통
6/6/2022,울릉도(115),X,20,16.9,14.6,12.8,100,X, ,X,보통
6/6/2022,수원(119),X,23.5,23.8,19.5,16.7,69.8,X, ,X,보통
6/6/2022,영월(121),X,21.5,21.8,16.9,12.7,73,X, ,X,보통
6/6/2022,충주(127),X,22.1,21.9,17.6,14.6,79,X, ,X,보통
6/6/2022,서산(129),X,24,23.9,19.9,17.3,70.4,X, ,X,보통
6/6/2022,울진(130),X,20.2,17.2,15.2,12.8,96.4,X, ,X,보통
6/6/2022,청주(131),X,23.3,22.9,19,17.1,74.3,X, ,X,보통
6/6/2022,대전(133),X,24.4,23.7,19.4,16.6,78.3,X, ,X,보통
6/6/2022,추풍령(135),X,22.1,21,16.7,13.9,84,X, ,X,보통
6/6/2022,안동(136),X,22.2,21.1,17.1,11.9,78.3,X, ,X,보통
6/6/2022,상주(137),X,25.1,24.1,17.6,15.2,87.1,X, ,X,보통
6/6/2022,포항(138),X,22.8,21,17.4,15.2,86.6,X, ,X,보통
6/6/2022,군산(140),X,24.7,23.3,19.4,16.7,84.8,X, ,X,높음
6/6/2022,대구(143),X,24.2,23.1,18.7,15.9,84.6,X, ,X,보통
6/6/2022,전주(146),X,25.2,24.6,19.3,16.2,85.1,X, ,X,보통
6/6/2022,울산(152),X,23.6,22.2,17.3,14.7,88.3,X, ,X,보통
6/6/2022,창원(155),X,25.7,26.3,20.2,16.4,69.5,X, ,X,보통
6/6/2022,광주(156),X,26,25.1,20.2,16.6,86.8,X, ,X,매우높음
6/6/2022,부산(159),X,25.1,24.1,19,16.1,82,X, ,X,보통
6/6/2022,통영(162),X,26.1,25.5,19.6,15.8,83.4,X, ,X,보통
6/6/2022,목포(165),X,24.2,23,19.6,17.1,83.8,X, ,X,매우높음
6/6/2022,여수(168),X,25.2,25.2,20.7,17.3,74.9,X, ,X,높음
6/6/2022,흑산도(169),X,24.1,22,18.6,16.1,92.4,X, ,X,매우높음
6/6/2022,완도(170),X,25.8,25.2,20.6,17,79.8,X, ,X,매우높음
6/6/2022,고창(172),X,25.1,24.3,19.7,16.9,80,X, ,X,높음
6/6/2022,제주(184),X,25.5,24.1,20.3,17.9,86.5,X, ,X,매우높음
6/6/2022,진주(192),X,27.7,27.6,20.7,15.8,75.6,X, ,X,보통
6/6/2022,양평(202),X,21.9,22.2,18.1,15.4,72.1,X, ,X,보통
6/6/2022,이천(203),X,23,22.4,17.8,14.3,79.4,X, ,X,보통
6/6/2022,인제(211),X,19.4,18.6,15.4,13.2,79.1,X, ,X,보통
6/6/2022,홍천(212),X,20.8,20.7,16.5,12,76.9,X, ,X,보통
6/6/2022,태백(216),X,16.4,13.9,11.9,9.4,94.1,X, ,X,보통
6/6/2022,정선군(217),X,19,19.2,16.3,13.6,66.4,X, ,X,보통
6/6/2022,제천(221),X,20.7,20.3,16.4,10.8,80,X, ,X,보통
6/6/2022,보은(226),X,23.2,22.2,17.7,14.3,85.3,X, ,X,보통
6/6/2022,천안(232),X,23,21.6,17.9,15.6,82.5,X, ,X,보통
6/6/2022,보령(235),X,25.4,24.7,19.5,16.7,82.3,X, ,X,높음
6/6/2022,부여(236),X,25.1,24.7,19.7,16.6,79.4,X, ,X,높음
6/6/2022,금산(238),X,23.8,23.1,18.9,16.1,79.1,X, ,X,보통
6/6/2022,세종(239),X,23.5,23,18.9,16.1,76.5,X, ,X,보통
6/6/2022,부안(243),X,24.4,23.4,19.3,16.9,85.8,X, ,X,높음
6/6/2022,임실(244),X,23.9,23.2,18.1,15.2,87.6,X, ,X,높음
6/6/2022,정읍(245),X,24.9,24.3,19.4,16.4,81.9,X, ,X,높음
6/6/2022,남원(247),X,24.7,23.8,18.8,15.9,85.5,X, ,X,높음
6/6/2022,장수(248),X,23.5,22.5,17.8,15.3,85.3,X, ,X,보통
6/6/2022,영광군(252),X,24.3,23.4,19.5,16.3,81.1,X, ,X,높음
6/6/2022,김해시(253),X,25.9,25.4,19.3,15.9,77.5,X, ,X,보통
6/6/2022,순창군(254),X,25.3,24.7,19.2,15.6,85.9,X, ,X,높음
6/6/2022,양산시(257),X,25.7,25.4,19.4,16.4,77.5,X, ,X,보통
6/6/2022,강진군(259),X,26.1,25.9,20.9,15.7,78.5,X, ,X,매우높음
6/6/2022,장흥(260),X,26.1,25.9,20.3,15.2,78,X, ,X,높음
6/6/2022,해남(261),X,25.2,24.4,20.3,17.3,81,X, ,X,매우높음
6/6/2022,고흥(262),X,25.6,25.6,20.2,15.2,77.6,X, ,X,높음
6/6/2022,의령군(263),X,26.4,26.4,20.6,17.2,74.9,X, ,X,보통
6/6/2022,함양군(264),X,26.2,25.4,19.8,15.3,82,X, ,X,보통
6/6/2022,진도군ASOS(268),X,24.2,23,19.5,16.7,85.5,X, ,X,매우높음
6/6/2022,봉화(271),X,20.8,19.1,16.1,10.4,77,X, ,X,보통
6/6/2022,영주(272),X,21.6,21,16.7,11.2,83.6,X, ,X,보통
6/6/2022,문경(273),X,23.1,21.4,16.9,12.9,88.8,X, ,X,보통
6/6/2022,청송군(276),X,20.8,19.4,16,10.3,78.5,X, ,X,보통
6/6/2022,영덕(277),X,20.7,17.6,15.4,12.2,95.3,X, ,X,보통
6/6/2022,의성(278),X,22.7,21.1,17.4,12.7,86.4,X, ,X,보통
6/6/2022,구미(279),X,24.8,24,18.2,15.6,81.9,X, ,X,보통
6/6/2022,영천(281),X,23.1,21.7,17.3,13.4,86.8,X, ,X,보통
6/6/2022,경주시(283),X,23.8,22.3,17.5,14,86.3,X, ,X,보통
6/6/2022,거창(284),X,25.7,25.5,19.5,15.6,77.1,X, ,X,보통
6/6/2022,합천(285),X,25.3,25.4,19.9,16.7,73.3,X, ,X,보통
6/6/2022,밀양(288),X,24.8,24.7,19.7,16.3,71.6,X, ,X,보통
6/6/2022,산청(289),X,26.2,26.2,19.7,15.9,79.9,X, ,X,보통
6/6/2022,거제(294),X,25.8,25.8,19.7,16.6,75.6,X, ,X,보통
6/6/2022,남해(295),X,26,26,20.5,17.3,78.9,X, ,X,높음
6/6/2022,부천(433),X,23,23.5,18.8,15.4,64,X, ,X,보통
6/6/2022,안양(434),X,18,23.1,19.2,17,,X, ,X,보통
6/6/2022,광명(437),X,23.3,23.9,19.5,17.1,65,X, ,X,보통
6/6/2022,군포(438),X,22.7,23.2,18.7,16,64,X, ,X,보통
6/6/2022,김포(441),X,,24.5,18.7,15.6,,X, ,X,보통
6/6/2022,하남(444),X,22.5,22.6,18.1,15.3,69,X, ,X,보통
6/6/2022,의왕(445),X,,,,,,X, ,X,보통
6/6/2022,포천(504),X,22.5,22.6,17,13.4,74,X, ,X,보통
6/6/2022,가평조종(505),X,21.5,21.1,16.3,11.5,80,X, ,X,보통
6/6/2022,안성(516),X,23.5,23.6,18.2,15.5,78,X, ,X,보통
6/6/2022,간성(517),X,19.8,16.9,14.2,12.7,97,X, ,X,보통
6/6/2022,평창(526),X,20.1,20.8,16.3,10.6,69,X, ,X,보통
6/6/2022,의정부(532),X,24.1,23.3,17.6,14.1,82,X, ,X,보통
6/6/2022,횡성(536),X,23.3,22.7,17.3,11.9,79,X, ,X,보통
6/6/2022,고양(540),X,24.7,25.3,19.1,14.1,69,X, ,X,보통
6/6/2022,남양주(541),X,22.8,23.5,18.2,15.1,70,X, ,X,보통
6/6/2022,안산(545),X,24.1,24.1,18.7,14.8,71,X, ,X,보통
6/6/2022,경기광주(546),X,22.1,22.3,17.2,14.2,74,X, ,X,보통
6/6/2022,여주(548),X,21.1,20.8,16.9,13.8,81,X, ,X,보통
6/6/2022,용인(549),X,22.7,23.5,18,15.5,71,X, ,X,보통
6/6/2022,오산(550),X,23.5,23.7,18.8,15.8,65,X, ,X,보통
6/6/2022,평택(551),X,24.2,23.8,18.6,16,80,X, ,X,보통
6/6/2022,화천(555),X,21.1,20.7,15.8,11.3,86,X, ,X,보통
6/6/2022,양구(556),X,19.4,19.3,15.7,12.4,74,X, ,X,보통
6/6/2022,시흥(565),X,23.8,24.1,19.5,17.1,69,X, ,X,보통
6/6/2022,구리(569),X,23.3,24.2,18.6,15.9,66,X, ,X,보통
6/6/2022,화성(571),X,24.6,25,19.7,16.7,68,X, ,X,보통
6/6/2022,성남(572),X,23,23.2,18.9,15.8,69,X, ,X,보통
6/6/2022,과천(590),X,23.8,23.9,18.9,16.2,73,X, ,X,보통
6/6/2022,양주(598),X,22.8,22.9,17.5,14,72,X, ,X,보통
6/6/2022,단양(601),X,21.4,20.9,17.2,12.4,80,X, ,X,보통
6/6/2022,진천(602),X,22.8,22.3,18.4,16.2,78,X, ,X,보통
6/6/2022,괴산(603),X,22.2,21.6,17.3,13.7,83,X, ,X,보통
6/6/2022,옥천(604),X,24.7,24.6,19.5,16.4,79,X, ,X,보통
6/6/2022,홍북(608),X,24.8,24.4,18.4,15.8,80,X, ,X,보통
6/6/2022,공주(612),X,24.2,23.7,19,15.6,77,X, ,X,높음
6/6/2022,서천(614),X,24.7,23.1,19.7,16.5,83,X, ,X,높음
6/6/2022,논산(615),X,25.6,25.7,20,16.5,77,X, ,X,보통
6/6/2022,당진(616),X,24.8,24.6,19.1,16.8,78,X, ,X,보통
6/6/2022,청양(618),X,24.2,23.2,18.4,14.4,85,X, ,X,높음
6/6/2022,음성(619),X,21.9,21.3,16.6,13.4,81,X, ,X,보통
6/6/2022,증평(623),X,23.5,22.6,17.9,16,84,X, ,X,보통
6/6/2022,태안(627),X,24.8,24,20,16.5,76,X, ,X,보통
6/6/2022,예산(628),X,24.5,23.8,19.5,16.8,80,X, ,X,보통
6/6/2022,아산(634),X,23.8,23.8,19.1,16.7,75,X, ,X,보통
6/6/2022,계룡(636),X,23.4,22.8,18,14,77,X, ,X,보통
6/6/2022,연천청산(652),X,,,,,,X, ,X,보통
6/6/2022,양양(670),X,20,17.1,14.6,12.7,97,X, ,X,보통
6/6/2022,무안(699),X,24.9,23.7,19.4,16.5,85,X, ,X,높음
6/6/2022,무주(701),X,23.5,22.8,18,14.9,83,X, ,X,보통
6/6/2022,익산(702),X,25.1,24.2,19.8,16.8,84,X, ,X,높음
6/6/2022,진안(703),X,23.3,22.3,17.3,14.7,87,X, ,X,보통
6/6/2022,담양(706),X,26.8,26.3,20.4,16.2,82,X, ,X,높음
6/6/2022,구례(709),X,25.7,24.5,19.9,15.8,84,X, ,X,높음
6/6/2022,나주(710),X,25.7,24.8,19.9,15.6,85,X, ,X,높음
6/6/2022,순천시(712),X,26.3,26.3,21.7,17.1,72,X, ,X,높음
6/6/2022,광양읍(713),X,26.5,26.9,21.4,16.2,72,X, ,X,높음
6/6/2022,장성(730),X,25.8,25.2,19.6,15.7,80,X, ,X,높음
6/6/2022,영암(731),X,25.3,24.5,20,15.8,84,X, ,X,높음
6/6/2022,보성(732),X,26.3,26.2,20.4,14.4,79,X, ,X,높음
6/6/2022,완주(734),X,25.5,24.7,18.9,15,87,X, ,X,보통
6/6/2022,김제(737),X,24.6,23.7,19,16.2,82,X, ,X,높음
6/6/2022,화순(741),X,25.9,25.7,20.3,15.8,78,X, ,X,높음
6/6/2022,함평(754),X,25.4,24.6,19.4,16.1,86,X, ,X,높음
6/6/2022,곡성(768),X,25.3,24.5,19.1,15.6,86,X, ,X,높음
6/6/2022,압해도(789),X,25.5,24.8,19.8,17.2,84,X, ,X,높음
6/6/2022,영양(801),X,21.4,19.1,15.9,10.3,89,X, ,X,보통
6/6/2022,성주(810),X,24.4,23.9,19.3,16.7,77,X, ,X,보통
6/6/2022,고령(812),X,24.7,24.1,19.1,16.4,83,X, ,X,보통
6/6/2022,청도(813),X,23.7,22.5,18.2,14.6,83,X, ,X,보통
6/6/2022,예천(815),X,23.9,22.9,17.6,12.7,79,X, ,X,보통
6/6/2022,김천(822),X,24.4,23.2,17.8,15.5,90,X, ,X,보통
6/6/2022,군위(823),X,23.7,22.1,17.5,12.9,90,X, ,X,보통
6/6/2022,칠곡(825),X,25.1,23.6,19.1,16.5,85,X, ,X,보통
6/6/2022,경산(827),X,23.3,21.6,17.7,15.2,86,X, ,X,보통
6/6/2022,삼척(876),X,20.1,17.4,14.8,13.2,95,X, ,X,보통
6/6/2022,속초(90),X,19.9,16.9,14.1,12.3,93.6,X, ,X,보통
6/6/2022,삼천포(907),X,25.9,25.7,20.6,17.2,76,X, ,X,보통
6/6/2022,고성(918),X,25.4,24.4,19.9,17,78,X, ,X,높음
6/6/2022,창녕(919),X,25.6,24.9,19.7,17.2,79,X, ,X,보통
6/6/2022,함안(920),X,25.6,25,20,16.9,77,X, ,X,보통
6/6/2022,북춘천(93),X,21.2,21,16.8,13.1,77.6,X, ,X,보통
6/6/2022,하동(932),X,27.2,26.8,20.8,16.1,78,X, ,X,높음
6/6/2022,철원(95),X,20.9,20.4,15.8,12.6,86.6,X, ,X,보통
6/6/2022,동두천(98),X,22.9,22.4,16.7,13.1,78.1,X, ,X,보통
6/6/2022,파주(99),X,23,22.7,17.2,13.5,76.9,X, ,X,보통
6/7/2022,북강릉(104),X,17.4,15.8,13.8,12.6,85.5,X, ,X,낮음
6/7/2022,동해(106),X,19.5,17.7,14.9,13.4,83.9,X, ,X,낮음
6/7/2022,서울(108),X,24,25.1,20.6,15.1,54.5,X, ,X,낮음
6/7/2022,인천(112),X,23.6,24.7,19.9,15.5,54.9,X, ,X,낮음
6/7/2022,원주(114),X,22.1,22.9,17.8,11.7,59.1,X, ,X,낮음
6/7/2022,울릉도(115),X,17.3,15.7,13.5,12.4,88,X, ,X,낮음
6/7/2022,수원(119),X,23.3,24.3,19.9,15,56.8,X, ,X,낮음
6/7/2022,영월(121),X,25.7,27.8,16.2,9.1,65.9,X, ,X,낮음
6/7/2022,충주(127),X,22.7,23.1,17.5,10.5,69.3,X, ,X,낮음
6/7/2022,서산(129),X,23.1,23.4,18.2,14.5,70,X, ,X,낮음
6/7/2022,울진(130),X,20.7,19.1,15.3,13,81.8,X, ,X,낮음
6/7/2022,청주(131),X,21.6,21.7,17.8,14.1,68.4,X, ,X,낮음
6/7/2022,대전(133),X,21.1,20.5,17.3,14.8,77.6,X, ,X,낮음
6/7/2022,추풍령(135),X,19.1,18.1,14.6,10.7,81.8,X, ,X,낮음
6/7/2022,안동(136),X,21.5,21.8,15.4,9.9,75,X, ,X,낮음
6/7/2022,상주(137),X,21.2,20.4,16.3,11.6,80.8,X, ,X,낮음
6/7/2022,포항(138),X,20.4,18.8,16.1,13.6,80.5,X, ,X,낮음
6/7/2022,군산(140),X,22.6,20.8,17.8,14.9,84.5,X, ,X,낮음
6/7/2022,대구(143),X,21.5,21.1,16.5,13.9,85.1,X, ,X,낮음
6/7/2022,전주(146),X,22,20.2,17.6,16.7,92,X, ,X,낮음
6/7/2022,울산(152),X,20,18.8,15.7,12.7,82.3,X, ,X,낮음
6/7/2022,창원(155),X,21.8,21.6,17.9,14.8,68.6,X, ,X,낮음
6/7/2022,광주(156),X,24.5,23.7,19.1,16.1,87.9,X, ,X,낮음
6/7/2022,부산(159),X,22.4,21.6,17.3,15,76.3,X, ,X,낮음
6/7/2022,통영(162),X,22.1,21.4,18.6,15.8,71.1,X, ,X,낮음
6/7/2022,목포(165),X,23,22.3,19.1,17.9,79.6,X, ,X,낮음
6/7/2022,여수(168),X,21.6,20.7,18.5,17.7,73.5,X, ,X,낮음
6/7/2022,흑산도(169),X,23.5,21.5,17.8,15.8,93.3,X, ,X,낮음
6/7/2022,완도(170),X,21.9,20.1,18.3,17,84.6,X, ,X,낮음
6/7/2022,고창(172),X,24.2,23.7,18.9,16.1,82.5,X, ,X,낮음
6/7/2022,제주(184),X,26.8,25.6,20.7,17.9,84.5,X, ,X,낮음
6/7/2022,진주(192),X,22.7,21.9,18.3,15.8,75.3,X, ,X,낮음
6/7/2022,양평(202),X,22.6,23.7,18.7,12.9,58.1,X, ,X,낮음
6/7/2022,이천(203),X,23.6,24.3,18.6,11.7,67,X, ,X,낮음
6/7/2022,인제(211),X,19,18.6,15,12.7,70.5,X, ,X,낮음
6/7/2022,홍천(212),X,21.9,22.5,16.9,10.2,66.9,X, ,X,낮음
6/7/2022,태백(216),X,14.3,12.2,9.8,8,93.9,X, ,X,낮음
6/7/2022,정선군(217),X,20,20.7,15.2,10.6,62.9,X, ,X,낮음
6/7/2022,제천(221),X,22.1,22.7,15.4,8.9,71.3,X, ,X,낮음
6/7/2022,보은(226),X,19.8,18.8,15.7,11.5,82.3,X, ,X,낮음
6/7/2022,천안(232),X,21.2,20.9,16.7,13,78.1,X, ,X,낮음
6/7/2022,보령(235),X,21,18.9,17.2,15.4,85.8,X, ,X,낮음
6/7/2022,부여(236),X,21.3,18.8,16.8,15.1,86.5,X, ,X,낮음
6/7/2022,금산(238),X,18.9,17.4,15.9,14.4,89.8,X, ,X,낮음
6/7/2022,세종(239),X,21.3,20.9,17,14.1,75.6,X, ,X,낮음
6/7/2022,부안(243),X,22.8,21.2,18.3,16.6,90.6,X, ,X,낮음
6/7/2022,임실(244),X,22.1,20.9,16.8,15,88.6,X, ,X,낮음
6/7/2022,정읍(245),X,22.3,21.2,17.8,15.8,87.5,X, ,X,낮음
6/7/2022,남원(247),X,21.9,21,17.8,15.4,81.5,X, ,X,낮음
6/7/2022,장수(248),X,19.4,18,15.8,14.4,88.8,X, ,X,낮음
6/7/2022,영광군(252),X,23.9,23.7,19.4,16.3,78.6,X, ,X,낮음
6/7/2022,김해시(253),X,21.7,21.1,17.2,14.6,72.5,X, ,X,낮음
6/7/2022,순창군(254),X,22.7,21.9,18.5,15.6,83.6,X, ,X,낮음
6/7/2022,양산시(257),X,22.3,22,17.8,15.1,71.8,X, ,X,낮음
6/7/2022,강진군(259),X,23.1,22.3,19.2,17.4,76.5,X, ,X,낮음
6/7/2022,장흥(260),X,21.9,21.1,18.8,16.8,77.1,X, ,X,낮음
6/7/2022,해남(261),X,22.8,21.5,19,17.7,80.6,X, ,X,낮음
6/7/2022,고흥(262),X,21.8,20.7,17.9,15.9,79,X, ,X,낮음
6/7/2022,의령군(263),X,22.4,22.2,18.3,15.3,72.9,X, ,X,낮음
6/7/2022,함양군(264),X,21.1,20,17.3,15.4,83.6,X, ,X,낮음
6/7/2022,진도군ASOS(268),X,22.4,20.5,18.5,16.6,86.4,X, ,X,낮음
6/7/2022,봉화(271),X,19,18.8,14,7.8,76.3,X, ,X,낮음
6/7/2022,영주(272),X,21.4,21.6,14.9,9.1,82.6,X, ,X,낮음
6/7/2022,문경(273),X,21.6,21.1,15.7,9.7,78.8,X, ,X,낮음
6/7/2022,청송군(276),X,20.1,20.2,13.9,9.1,78,X, ,X,낮음
6/7/2022,영덕(277),X,21,19.7,14.3,9.8,83,X, ,X,낮음
6/7/2022,의성(278),X,22,21.9,15.8,9.6,81.1,X, ,X,낮음
6/7/2022,구미(279),X,20.9,20.7,16.5,13,78.8,X, ,X,낮음
6/7/2022,영천(281),X,20.6,19.9,15.3,11.3,80.1,X, ,X,낮음
6/7/2022,경주시(283),X,20,18.9,15.3,11.7,83.1,X, ,X,낮음
6/7/2022,거창(284),X,20.2,19.5,16.5,14.4,82.9,X, ,X,낮음
6/7/2022,합천(285),X,21.7,21.6,17.5,14.8,76,X, ,X,낮음
6/7/2022,밀양(288),X,21.4,21.6,17.8,14.4,67.6,X, ,X,낮음
6/7/2022,산청(289),X,21.3,20.4,17,14.8,82,X, ,X,낮음
6/7/2022,거제(294),X,22.3,22.1,18.2,16.3,70.3,X, ,X,낮음
6/7/2022,남해(295),X,22.2,21.8,18.4,16.5,75.9,X, ,X,낮음
6/7/2022,부천(433),X,23.3,25,19.4,14.6,52,X, ,X,낮음
6/7/2022,안양(434),X,,23.6,20.1,15.8,,X, ,X,낮음
6/7/2022,광명(437),X,24.2,25.9,20.5,16.1,52,X, ,X,낮음
6/7/2022,군포(438),X,22.5,23.6,19.3,14.8,54,X, ,X,낮음
6/7/2022,김포(441),X,,24.6,19.4,13.8,,X, ,X,낮음
6/7/2022,하남(444),X,24,25.2,19.4,14.9,53,X, ,X,낮음
6/7/2022,의왕(445),X,,,,,,X, ,X,낮음
6/7/2022,포천(504),X,24.2,25,18,12.6,60,X, ,X,낮음
6/7/2022,가평조종(505),X,22.7,23,17.3,10.8,65,X, ,X,낮음
6/7/2022,안성(516),X,23.3,23.8,18.3,13.2,65,X, ,X,낮음
6/7/2022,간성(517),X,17.7,15.5,13.6,11.4,94,X, ,X,낮음
6/7/2022,평창(526),X,20.7,21.5,15.1,9,65,X, ,X,낮음
6/7/2022,의정부(532),X,23.6,24.1,18.3,12.9,70,X, ,X,낮음
6/7/2022,횡성(536),X,23.3,23.8,17.4,9.9,69,X, ,X,낮음
6/7/2022,고양(540),X,24.4,25.5,18.8,11.6,60,X, ,X,낮음
6/7/2022,남양주(541),X,22.9,24,19.3,13.9,54,X, ,X,낮음
6/7/2022,안산(545),X,24,25,18.2,10.2,63,X, ,X,낮음
6/7/2022,경기광주(546),X,22.5,23.2,18.3,13,58,X, ,X,낮음
6/7/2022,여주(548),X,23.2,23.7,17.6,11.2,66,X, ,X,낮음
6/7/2022,용인(549),X,22.6,23.6,18.5,12,58,X, ,X,낮음
6/7/2022,오산(550),X,22.8,24.1,19.4,13,51,X, ,X,낮음
6/7/2022,평택(551),X,23.5,23.7,18.4,14.1,68,X, ,X,낮음
6/7/2022,화천(555),X,24.5,25.5,16.6,8.7,73,X, ,X,낮음
6/7/2022,양구(556),X,21.2,21.8,15.2,9.7,69,X, ,X,낮음
6/7/2022,시흥(565),X,24.5,25.3,20.1,13.5,57,X, ,X,낮음
6/7/2022,구리(569),X,23.5,25.2,20,15,49,X, ,X,낮음
6/7/2022,화성(571),X,23.7,24.9,19.6,14.8,59,X, ,X,낮음
6/7/2022,성남(572),X,23.7,24.9,19.7,13.4,55,X, ,X,낮음
6/7/2022,과천(590),X,23.8,24.6,19.8,12.4,59,X, ,X,낮음
6/7/2022,양주(598),X,22.9,23.9,18.2,12.7,61,X, ,X,낮음
6/7/2022,단양(601),X,22.6,23.1,16.4,10.1,76,X, ,X,낮음
6/7/2022,진천(602),X,22.8,23,17.9,12.4,71,X, ,X,낮음
6/7/2022,괴산(603),X,22.1,22.3,16,9.5,78,X, ,X,낮음
6/7/2022,옥천(604),X,20.5,20,16.4,13.3,86,X, ,X,낮음
6/7/2022,홍북(608),X,22,21.6,16.7,13.7,76,X, ,X,낮음
6/7/2022,공주(612),X,22.1,21.8,16.7,13.1,77,X, ,X,낮음
6/7/2022,서천(614),X,22,19.9,17.7,14.2,84,X, ,X,낮음
6/7/2022,논산(615),X,21.1,19.3,17.7,15.5,81,X, ,X,낮음
6/7/2022,당진(616),X,23.5,24,18.3,14.3,70,X, ,X,낮음
6/7/2022,청양(618),X,20.9,19.9,15.8,11.8,90,X, ,X,낮음
6/7/2022,음성(619),X,21.7,21.8,16.2,9.9,73,X, ,X,낮음
6/7/2022,증평(623),X,22.8,22.5,17.3,13.7,76,X, ,X,낮음
6/7/2022,태안(627),X,23.6,22.7,18.1,15.3,76,X, ,X,낮음
6/7/2022,예산(628),X,22.8,22.6,17.9,13.3,75,X, ,X,낮음
6/7/2022,아산(634),X,23,22.9,18.3,14,67,X, ,X,낮음
6/7/2022,계룡(636),X,19.4,18.7,15.7,12.9,80,X, ,X,낮음
6/7/2022,연천청산(652),X,,,,,,X, ,X,낮음
6/7/2022,양양(670),X,18.1,15.3,13.8,12.3,97,X, ,X,낮음
6/7/2022,무안(699),X,22.9,22,19,16.9,84,X, ,X,낮음
6/7/2022,무주(701),X,19.8,18.1,15.5,13.4,91,X, ,X,낮음
6/7/2022,익산(702),X,22.4,20,18.3,16.5,93,X, ,X,낮음
6/7/2022,진안(703),X,20.9,19.3,15.8,14.4,92,X, ,X,낮음
6/7/2022,담양(706),X,25.2,24.5,19.3,16.3,86,X, ,X,낮음
6/7/2022,구례(709),X,23.5,22.7,19,16.1,80,X, ,X,낮음
6/7/2022,나주(710),X,23.6,22.5,19,16.6,85,X, ,X,낮음
6/7/2022,순천시(712),X,22.8,22.5,19.8,17.6,69,X, ,X,낮음
6/7/2022,광양읍(713),X,23.5,23.5,19.5,16.8,68,X, ,X,낮음
6/7/2022,장성(730),X,24.3,23.9,19.1,16,78,X, ,X,낮음
6/7/2022,영암(731),X,23.2,22,19.3,17.8,78,X, ,X,낮음
6/7/2022,보성(732),X,22.4,21.3,18.3,16.4,81,X, ,X,낮음
6/7/2022,완주(734),X,21.3,18.5,16.8,14.8,96,X, ,X,낮음
6/7/2022,김제(737),X,22.2,20.3,17.9,16.3,87,X, ,X,낮음
6/7/2022,화순(741),X,24.3,23.5,18.7,16.2,80,X, ,X,낮음
6/7/2022,함평(754),X,23,22,18.7,16.7,85,X, ,X,낮음
6/7/2022,곡성(768),X,24.1,23.7,18.5,15.3,81,X, ,X,낮음
6/7/2022,압해도(789),X,22.9,22.1,19.1,16.7,82,X, ,X,낮음
6/7/2022,영양(801),X,20.3,20.4,14.5,9,79,X, ,X,낮음
6/7/2022,성주(810),X,21,20.9,16.7,14.5,77,X, ,X,낮음
6/7/2022,고령(812),X,20.7,20,16.7,14.4,86,X, ,X,낮음
6/7/2022,청도(813),X,20.9,20.6,16.5,12.7,77,X, ,X,낮음
6/7/2022,예천(815),X,22.4,22.6,16.1,10.1,75,X, ,X,낮음
6/7/2022,김천(822),X,20.7,19.8,15.6,13.5,88,X, ,X,낮음
6/7/2022,군위(823),X,22.1,21.5,15.7,11.4,85,X, ,X,낮음
6/7/2022,칠곡(825),X,21.4,20.7,16.8,13.9,86,X, ,X,낮음
6/7/2022,경산(827),X,21.3,20.9,16.1,13,80,X, ,X,낮음
6/7/2022,삼척(876),X,19.1,17.6,14.5,13.2,83,X, ,X,낮음
6/7/2022,속초(90),X,17,14.9,13.6,11.2,87,X, ,X,낮음
6/7/2022,삼천포(907),X,23.4,22.8,18.4,15.5,76,X, ,X,낮음
6/7/2022,고성(918),X,22.2,21.8,18.4,16.1,73,X, ,X,낮음
6/7/2022,창녕(919),X,22.1,21.4,17.8,15.1,76,X, ,X,낮음
6/7/2022,함안(920),X,22.2,21.7,17.9,14.9,77,X, ,X,낮음
6/7/2022,북춘천(93),X,21.7,21.9,16.9,10.6,68.1,X, ,X,낮음
6/7/2022,하동(932),X,22.5,21.5,18.7,16.1,76,X, ,X,낮음
6/7/2022,철원(95),X,22.8,22.8,16.7,11.3,76,X, ,X,낮음
6/7/2022,동두천(98),X,24.6,25.1,17.9,12.6,65.8,X, ,X,낮음
6/7/2022,파주(99),X,24.1,24.6,17.7,12.3,67.1,X, ,X,낮음
6/8/2022,북강릉(104),X,19.1,18,14.5,11.1,78.6,X, ,X,높음
6/8/2022,동해(106),X,19.3,18.4,15.6,13.5,78.1,X, ,X,높음
6/8/2022,서울(108),X,25.4,25.8,21.2,16.2,61.6,X, ,X,매우높음
6/8/2022,인천(112),X,23.8,23.7,19.9,17.2,70.1,X, ,X,매우높음
6/8/2022,원주(114),X,23.9,25,19.9,14.6,56.9,X, ,X,높음
6/8/2022,울릉도(115),X,18.9,17.8,14.6,12.3,86.6,X, ,X,보통
6/8/2022,수원(119),X,25.1,25.3,20.6,16.5,67.5,X, ,X,매우높음
6/8/2022,영월(121),X,24.3,25.5,18.3,14.1,61.3,X, ,X,높음
6/8/2022,충주(127),X,24,24.4,19.2,13.1,66.3,X, ,X,높음
6/8/2022,서산(129),X,24.3,23.9,19,14.6,77.4,X, ,X,높음
6/8/2022,울진(130),X,19.2,18.1,16,13.7,74.9,X, ,X,매우높음
6/8/2022,청주(131),X,25.5,26.5,20.8,15.8,60.8,X, ,X,높음
6/8/2022,대전(133),X,26.3,27.9,20.7,15.4,64.5,X, ,X,높음
6/8/2022,추풍령(135),X,21.9,21.5,15.8,12.6,77.9,X, ,X,매우높음
6/8/2022,안동(136),X,22.2,22.4,16.9,13.5,68.9,X, ,X,높음
6/8/2022,상주(137),X,23.8,23.8,17.9,14.5,72.3,X, ,X,높음
6/8/2022,포항(138),X,20,18.9,16.9,14.8,74.8,X, ,X,높음
6/8/2022,군산(140),X,24.5,23.8,19.8,16.7,78.6,X, ,X,높음
6/8/2022,대구(143),X,22.5,22.3,17.5,14.5,77.8,X, ,X,매우높음
6/8/2022,전주(146),X,25.2,24.9,20.1,16.2,76.4,X, ,X,높음
6/8/2022,울산(152),X,20.3,19,16.3,13.9,81.4,X, ,X,높음
6/8/2022,창원(155),X,21.4,20.5,16.9,14.3,76.6,X, ,X,높음
6/8/2022,광주(156),X,24.7,24,19.5,15.8,85.3,X, ,X,높음
6/8/2022,부산(159),X,22.2,21,17.5,15,78.4,X, ,X,높음
6/8/2022,통영(162),X,23.7,23.1,18.1,15.6,76.4,X, ,X,높음
6/8/2022,목포(165),X,24,23.2,19.6,16.8,76.1,X, ,X,높음
6/8/2022,여수(168),X,22,20.9,18,16.6,78,X, ,X,높음
6/8/2022,흑산도(169),X,23.5,22.1,17.9,15.2,87.6,X, ,X,높음
6/8/2022,완도(170),X,23.4,22.4,18.7,16.2,80.6,X, ,X,매우높음
6/8/2022,고창(172),X,24.7,24.2,19.9,16.1,76.8,X, ,X,높음
6/8/2022,제주(184),X,25.9,25.3,21.4,18.9,76.3,X, ,X,매우높음
6/8/2022,진주(192),X,23.2,22.5,18,14.9,81,X, ,X,높음
6/8/2022,양평(202),X,23.9,24.9,20,15.6,59.6,X, ,X,매우높음
6/8/2022,이천(203),X,25.5,26.3,20.5,15.7,63.6,X, ,X,높음
6/8/2022,인제(211),X,23.4,24.3,16.5,9.8,67.4,X, ,X,높음
6/8/2022,홍천(212),X,24.2,25.3,18.7,12.7,60.1,X, ,X,매우높음
6/8/2022,태백(216),X,17.6,16.3,11.7,8.1,86.9,X, ,X,높음
6/8/2022,정선군(217),X,22.1,23.7,16.6,12.5,58.6,X, ,X,높음
6/8/2022,제천(221),X,22.3,22.4,17.1,13.5,69.9,X, ,X,높음
6/8/2022,보은(226),X,23.4,23.4,17.8,13.2,73.4,X, ,X,높음
6/8/2022,천안(232),X,24.7,25.6,18.9,12.7,75.8,X, ,X,매우높음
6/8/2022,보령(235),X,24.3,23.6,18.9,15.9,82.9,X, ,X,보통
6/8/2022,부여(236),X,25.7,25.9,20.1,15.8,77.3,X, ,X,보통
6/8/2022,금산(238),X,23.7,23.9,18.9,14.2,72.4,X, ,X,높음
6/8/2022,세종(239),X,24.7,26,19.9,14.5,66,X, ,X,높음
6/8/2022,부안(243),X,24.3,23.5,19.3,16.2,81.3,X, ,X,높음
6/8/2022,임실(244),X,23.9,23.6,18.4,14.7,78.8,X, ,X,높음
6/8/2022,정읍(245),X,24.6,24,19.1,15.6,79.5,X, ,X,높음
6/8/2022,남원(247),X,23.8,23.4,18.7,14.6,78.6,X, ,X,높음
6/8/2022,장수(248),X,22.8,22.8,17.2,14,81.4,X, ,X,매우높음
6/8/2022,영광군(252),X,24.6,24.2,19.2,16.1,79.1,X, ,X,높음
6/8/2022,김해시(253),X,22.3,21.4,17.5,14,77.8,X, ,X,높음
6/8/2022,순창군(254),X,23.8,23,18.8,15.2,81.8,X, ,X,높음
6/8/2022,양산시(257),X,23.5,23.1,18.4,15.1,71.8,X, ,X,높음
6/8/2022,강진군(259),X,24.1,23.5,19,15.5,78.8,X, ,X,높음
6/8/2022,장흥(260),X,23.1,22.3,18.6,16.1,77.8,X, ,X,높음
6/8/2022,해남(261),X,24.9,24.2,19.5,17,76.3,X, ,X,높음
6/8/2022,고흥(262),X,22.4,21.3,17.5,14.5,83.4,X, ,X,높음
6/8/2022,의령군(263),X,23.3,23.2,18.4,15.1,76.8,X, ,X,높음
6/8/2022,함양군(264),X,24.2,23.8,18,14.8,81.1,X, ,X,높음
6/8/2022,진도군ASOS(268),X,24.2,23.4,19.3,15.1,76.9,X, ,X,높음
6/8/2022,봉화(271),X,20.6,20.2,15,11.3,79.3,X, ,X,높음
6/8/2022,영주(272),X,21.9,21.4,16.3,12.8,81.4,X, ,X,높음
6/8/2022,문경(273),X,23.3,23.1,17.1,13.6,75.3,X, ,X,높음
6/8/2022,청송군(276),X,21.1,21.1,15.4,11.4,73.1,X, ,X,높음
6/8/2022,영덕(277),X,19.9,18.8,15.9,13.6,77,X, ,X,높음
6/8/2022,의성(278),X,23,23.2,17.2,13,75.6,X, ,X,높음
6/8/2022,구미(279),X,23,23.2,17.9,14.6,72.8,X, ,X,높음
6/8/2022,영천(281),X,21.9,21.3,16.3,12.8,78,X, ,X,높음
6/8/2022,경주시(283),X,21.9,21.4,16.8,14.1,76.9,X, ,X,높음
6/8/2022,거창(284),X,22.3,21.8,16.7,13.5,82.9,X, ,X,높음
6/8/2022,합천(285),X,22.9,22.9,17.7,14.5,78.1,X, ,X,매우높음
6/8/2022,밀양(288),X,23.1,23.4,18.3,14.6,72,X, ,X,높음
6/8/2022,산청(289),X,23.9,23,17.7,14.3,82.3,X, ,X,높음
6/8/2022,거제(294),X,22.2,21.6,18.2,15.7,73.3,X, ,X,매우높음
6/8/2022,남해(295),X,22.8,21.9,18.1,15.7,80.5,X, ,X,높음
6/8/2022,부천(433),X,24.3,24.8,19.9,16.7,64,X, ,X,매우높음
6/8/2022,안양(434),X,21.7,24.4,20.4,17.1,,X, ,X,높음
6/8/2022,광명(437),X,24.1,24.5,20.7,17.2,64,X, ,X,높음
6/8/2022,군포(438),X,24.5,25.2,20.1,16.4,62,X, ,X,높음
6/8/2022,김포(441),X,,26.3,20.1,15.4,,X, ,X,높음
6/8/2022,하남(444),X,25.9,26.9,20.3,14.2,58,X, ,X,매우높음
6/8/2022,의왕(445),X,,,,,,X, ,X,높음
6/8/2022,포천(504),X,24.5,25.3,19.8,14.5,62,X, ,X,매우높음
6/8/2022,가평조종(505),X,24.7,25.2,19,13,65,X, ,X,높음
6/8/2022,안성(516),X,25.3,26.2,20.2,15,67,X, ,X,매우높음
6/8/2022,간성(517),X,20.7,18.8,14.4,9.5,88,X, ,X,높음
6/8/2022,평창(526),X,22.7,23.9,16.8,12.7,63,X, ,X,보통
6/8/2022,의정부(532),X,25.2,25.1,19.9,13.9,72,X, ,X,높음
6/8/2022,횡성(536),X,24.6,24.9,18.8,14,71,X, ,X,높음
6/8/2022,고양(540),X,26.2,27.1,19.9,13.6,66,X, ,X,높음
6/8/2022,남양주(541),X,26,27.2,20.5,14.6,58,X, ,X,매우높음
6/8/2022,안산(545),X,25.6,25.8,19.4,13.3,76,X, ,X,높음
6/8/2022,경기광주(546),X,23.7,24.3,19.4,14.9,62,X, ,X,매우높음
6/8/2022,여주(548),X,24.3,25.1,19.9,14.9,62,X, ,X,매우높음
6/8/2022,용인(549),X,24.3,25.3,19.5,15.4,61,X, ,X,매우높음
6/8/2022,오산(550),X,25.1,26.5,20.1,15.1,60,X, ,X,매우높음
6/8/2022,평택(551),X,26.4,27.6,20.4,14.5,69,X, ,X,매우높음
6/8/2022,화천(555),X,25.5,26.5,18.7,11.6,73,X, ,X,높음
6/8/2022,양구(556),X,23.7,25.2,17.8,10.4,61,X, ,X,높음
6/8/2022,시흥(565),X,25,25.2,20,15.5,72,X, ,X,매우높음
6/8/2022,구리(569),X,24.8,26.2,20.9,15.5,54,X, ,X,매우높음
6/8/2022,화성(571),X,25,24.9,19.9,15.7,72,X, ,X,매우높음
6/8/2022,성남(572),X,24.2,24.9,20.8,15.9,58,X, ,X,매우높음
6/8/2022,과천(590),X,25.2,25.6,19.6,13.4,71,X, ,X,높음
6/8/2022,양주(598),X,24.1,24.7,19.5,12.8,65,X, ,X,높음
6/8/2022,단양(601),X,23.7,24.2,18.5,14.5,69,X, ,X,높음
6/8/2022,진천(602),X,25,26.1,20.5,14.3,67,X, ,X,매우높음
6/8/2022,괴산(603),X,24.3,24.7,18.3,11.8,72,X, ,X,높음
6/8/2022,옥천(604),X,25.5,26.2,19.3,14.7,71,X, ,X,높음
6/8/2022,홍북(608),X,26.6,26.9,19,13.8,79,X, ,X,높음
6/8/2022,공주(612),X,25.5,26.9,20.1,14.1,68,X, ,X,높음
6/8/2022,서천(614),X,24.7,23.4,19.7,17,80,X, ,X,높음
6/8/2022,논산(615),X,25.8,27.1,20.8,16.5,68,X, ,X,매우높음
6/8/2022,당진(616),X,24.9,24.9,19.4,14.7,79,X, ,X,높음
6/8/2022,청양(618),X,25.3,24.9,18.6,14.6,82,X, ,X,보통
6/8/2022,음성(619),X,23.8,24.2,18.3,13.1,69,X, ,X,매우높음
6/8/2022,증평(623),X,25.1,25.5,19.7,13.2,71,X, ,X,높음
6/8/2022,태안(627),X,25.3,24.7,19.1,15.8,84,X, ,X,높음
6/8/2022,예산(628),X,24.9,25.1,19.7,14.3,78,X, ,X,높음
6/8/2022,아산(634),X,25.2,25.6,20,15.6,71,X, ,X,매우높음
6/8/2022,계룡(636),X,24.4,25.8,19.4,14.5,66,X, ,X,보통
6/8/2022,연천청산(652),X,,,,,,X, ,X,매우높음
6/8/2022,양양(670),X,20.4,18,14.6,10.7,93,X, ,X,높음
6/8/2022,무안(699),X,24.5,23.5,19.4,16.3,84,X, ,X,높음
6/8/2022,무주(701),X,23.7,23.4,18.1,13.5,78,X, ,X,높음
6/8/2022,익산(702),X,25.6,24.6,20.6,17.1,82,X, ,X,높음
6/8/2022,진안(703),X,23.4,22.9,17.5,13.9,84,X, ,X,높음
6/8/2022,담양(706),X,25.4,24.7,19.9,16,81,X, ,X,높음
6/8/2022,구례(709),X,24.3,23.4,19,15.6,84,X, ,X,높음
6/8/2022,나주(710),X,25,24.3,19.7,16.2,81,X, ,X,높음
6/8/2022,순천시(712),X,23.9,23.4,19.2,16.5,74,X, ,X,높음
6/8/2022,광양읍(713),X,23.9,23.7,19.1,16.4,72,X, ,X,높음
6/8/2022,장성(730),X,24.9,25,19.2,15.8,78,X, ,X,높음
6/8/2022,영암(731),X,24.6,23.8,20.1,17.1,75,X, ,X,높음
6/8/2022,보성(732),X,23.5,22.3,18,15,84,X, ,X,높음
6/8/2022,완주(734),X,25.7,25.7,19.7,15.1,82,X, ,X,높음
6/8/2022,김제(737),X,24.3,24.5,19.7,16.2,72,X, ,X,높음
6/8/2022,화순(741),X,24.7,24,19.1,15.7,78,X, ,X,높음
6/8/2022,함평(754),X,24.9,24.2,19.5,16.4,81,X, ,X,높음
6/8/2022,곡성(768),X,24.2,23.3,18.1,15,85,X, ,X,높음
6/8/2022,압해도(789),X,24.8,24.2,19.4,16.1,80,X, ,X,높음
6/8/2022,영양(801),X,21.6,21.3,16.1,12.7,75,X, ,X,보통
6/8/2022,성주(810),X,23.2,23.6,17.7,14.1,75,X, ,X,매우높음
6/8/2022,고령(812),X,22.3,22.2,17.1,14,85,X, ,X,매우높음
6/8/2022,청도(813),X,22.9,22.7,17.6,14,76,X, ,X,높음
6/8/2022,예천(815),X,23.1,23.3,17.6,13.9,71,X, ,X,높음
6/8/2022,김천(822),X,23.8,23.6,16.9,12.9,82,X, ,X,매우높음
6/8/2022,군위(823),X,23.1,22.3,17.1,13.5,81,X, ,X,높음
6/8/2022,칠곡(825),X,23,22.9,18,14.7,81,X, ,X,매우높음
6/8/2022,경산(827),X,22.7,22.1,17.2,14,73,X, ,X,매우높음
6/8/2022,삼척(876),X,20.8,20.1,15.6,13.1,76,X, ,X,매우높음
6/8/2022,속초(90),X,20.9,20,15.8,10.1,75.5,X, ,X,높음
6/8/2022,삼천포(907),X,22.7,21.8,17.5,14.9,81,X, ,X,높음
6/8/2022,고성(918),X,22.8,21.6,17.9,15.1,80,X, ,X,높음
6/8/2022,창녕(919),X,23.5,22.9,18.3,15.1,79,X, ,X,높음
6/8/2022,함안(920),X,23.5,22.7,17.8,14.6,83,X, ,X,높음
6/8/2022,북춘천(93),X,24.1,24.6,18.8,12.8,66.3,X, ,X,매우높음
6/8/2022,하동(932),X,23.3,22.5,18.2,15.5,83,X, ,X,높음
6/8/2022,철원(95),X,24.3,24,18.8,12.6,71.8,X, ,X,높음
6/8/2022,동두천(98),X,25.6,25.9,19.6,13.5,68.5,X, ,X,높음
6/8/2022,파주(99),X,25.7,25.7,19.1,12.6,71.8,X, ,X,높음
6/9/2022,북강릉(104),X,20.4,19,15.4,11.4,87.5,X, ,X,보통
6/9/2022,동해(106),X,20.7,19.2,16.4,13.2,87.8,X, ,X,보통
6/9/2022,서울(108),X,24.9,24.5,20.9,18.5,76.1,X, ,X,높음
6/9/2022,인천(112),X,24.6,24.2,20.1,17.7,76,X, ,X,높음
6/9/2022,원주(114),X,24.3,24.8,20.3,17,67,X, ,X,보통
6/9/2022,울릉도(115),X,22,20.1,17.1,14.2,90.1,X, ,X,높음
6/9/2022,수원(119),X,25.5,25.9,20.7,17.2,75,X, ,X,높음
6/9/2022,영월(121),X,27.9,29.8,17.8,12.4,77.8,X, ,X,높음
6/9/2022,충주(127),X,25.8,26.1,20.2,15.1,71.6,X, ,X,보통
6/9/2022,서산(129),X,25.7,25.9,20,15.3,76.4,X, ,X,높음
6/9/2022,울진(130),X,20.8,19.6,16.9,14.5,80.8,X, ,X,매우높음
6/9/2022,청주(131),X,26.4,27.2,22.4,18.8,59.6,X, ,X,매우높음
6/9/2022,대전(133),X,27.1,27.7,22.4,18.5,66.3,X, ,X,매우높음
6/9/2022,추풍령(135),X,24.7,25,18,12.6,80.1,X, ,X,매우높음
6/9/2022,안동(136),X,25.1,25.9,18.9,12.1,68.8,X, ,X,매우높음
6/9/2022,상주(137),X,26.5,26.9,19.6,13.6,73.9,X, ,X,매우높음
6/9/2022,포항(138),X,23.1,22.1,18.6,15.5,76.6,X, ,X,매우높음
6/9/2022,군산(140),X,26,25.6,20.4,16.7,80.4,X, ,X,높음
6/9/2022,대구(143),X,27.3,28.2,20.4,13.3,70.5,X, ,X,매우높음
6/9/2022,전주(146),X,27.1,27.3,21.8,17.5,72.6,X, ,X,매우높음
6/9/2022,울산(152),X,23.8,23.3,18.4,13.1,76.9,X, ,X,매우높음
6/9/2022,창원(155),X,23.9,23.7,18.2,13.6,74.4,X, ,X,매우높음
6/9/2022,광주(156),X,27.6,28,21.6,16.1,77,X, ,X,매우높음
6/9/2022,부산(159),X,24.3,23.3,18.9,14.7,76.8,X, ,X,매우높음
6/9/2022,통영(162),X,24.9,24.7,19.8,15,72.1,X, ,X,매우높음
6/9/2022,목포(165),X,25.8,25.7,20.3,16,74.3,X, ,X,매우높음
6/9/2022,여수(168),X,23.4,23,19.2,16.3,73,X, ,X,매우높음
6/9/2022,흑산도(169),X,23.9,22.5,18,14.9,88,X, ,X,매우높음
6/9/2022,완도(170),X,24.4,23.9,19.2,16,76.3,X, ,X,매우높음
6/9/2022,고창(172),X,26.8,26.5,20.4,16.3,75,X, ,X,매우높음
6/9/2022,제주(184),X,26.1,25.5,21.4,18.6,77.3,X, ,X,매우높음
6/9/2022,진주(192),X,26.2,26.2,19.9,14,72.9,X, ,X,매우높음
6/9/2022,양평(202),X,24.3,23.9,20,17.1,74.8,X, ,X,보통
6/9/2022,이천(203),X,25.7,25,20.4,17,78.1,X, ,X,보통
6/9/2022,인제(211),X,23.4,22.9,16.2,12.4,87.6,X, ,X,보통
6/9/2022,홍천(212),X,23.7,23.5,18.3,14.4,76.4,X, ,X,보통
6/9/2022,태백(216),X,20.5,20.2,14.2,9.6,87.3,X, ,X,높음
6/9/2022,정선군(217),X,23.5,24.8,17.4,11.6,67.3,X, ,X,높음
6/9/2022,제천(221),X,24.3,24.5,17.9,12.7,82,X, ,X,높음
6/9/2022,보은(226),X,25.3,26,19.6,14.6,73,X, ,X,매우높음
6/9/2022,천안(232),X,25.5,25.4,20.5,16.4,77.8,X, ,X,매우높음
6/9/2022,보령(235),X,25.6,25.4,20,16.2,77.9,X, ,X,높음
6/9/2022,부여(236),X,26.8,27.3,21.4,16,73.5,X, ,X,높음
6/9/2022,금산(238),X,25.9,26.4,20,16,77,X, ,X,매우높음
6/9/2022,세종(239),X,26.4,27.2,21.1,17.2,68.4,X, ,X,매우높음
6/9/2022,부안(243),X,26.2,25.5,20.4,16.4,79.6,X, ,X,높음
6/9/2022,임실(244),X,25.5,25.7,20.2,15.4,75.4,X, ,X,매우높음
6/9/2022,정읍(245),X,26.4,26.4,20.4,15.3,76.5,X, ,X,매우높음
6/9/2022,남원(247),X,26.1,27,20.8,14.6,70.6,X, ,X,매우높음
6/9/2022,장수(248),X,24.5,25,19.7,14,76.5,X, ,X,매우높음
6/9/2022,영광군(252),X,26.1,25.7,20.2,16.1,74.9,X, ,X,매우높음
6/9/2022,김해시(253),X,25.8,25.3,19,13.7,74.4,X, ,X,매우높음
6/9/2022,순창군(254),X,26.6,27,21,14.7,73.9,X, ,X,매우높음
6/9/2022,양산시(257),X,26.7,27.8,20.7,13.9,65.6,X, ,X,매우높음
6/9/2022,강진군(259),X,26.1,26.4,19.9,14.7,75.4,X, ,X,매우높음
6/9/2022,장흥(260),X,25.2,24.8,19.4,14.4,78,X, ,X,매우높음
6/9/2022,해남(261),X,25.4,25.8,20.3,16.1,71.1,X, ,X,매우높음
6/9/2022,고흥(262),X,23.8,24.3,18.4,13.4,76.1,X, ,X,매우높음
6/9/2022,의령군(263),X,26.2,27,20.3,14.2,68.4,X, ,X,매우높음
6/9/2022,함양군(264),X,26,26.5,19.7,14.1,75.9,X, ,X,매우높음
6/9/2022,진도군ASOS(268),X,23.9,23.8,18.7,14,78.1,X, ,X,매우높음
6/9/2022,봉화(271),X,23.6,24,17.5,11.3,77.3,X, ,X,높음
6/9/2022,영주(272),X,24.1,24,18,14,79.6,X, ,X,높음
6/9/2022,문경(273),X,24.9,25.1,18.7,13.5,76.3,X, ,X,매우높음
6/9/2022,청송군(276),X,25.2,27,17.6,11.9,70.4,X, ,X,매우높음
6/9/2022,영덕(277),X,23.4,22.7,17.3,13.5,79.8,X, ,X,매우높음
6/9/2022,의성(278),X,26.3,27.2,19.3,11.4,72.9,X, ,X,매우높음
6/9/2022,구미(279),X,25.8,27.1,19.3,13.9,73.9,X, ,X,매우높음
6/9/2022,영천(281),X,25.7,26.6,18.5,11.3,73,X, ,X,매우높음
6/9/2022,경주시(283),X,26.9,27.3,19.4,12.4,72.4,X, ,X,매우높음
6/9/2022,거창(284),X,25.3,25.6,18.7,12.9,78.9,X, ,X,매우높음
6/9/2022,합천(285),X,26.5,27.6,20.5,14.8,68.1,X, ,X,매우높음
6/9/2022,밀양(288),X,26.3,28,20.5,13.8,63.5,X, ,X,매우높음
6/9/2022,산청(289),X,26.4,26.6,19.9,14.6,74.6,X, ,X,매우높음
6/9/2022,거제(294),X,24.3,24,19.3,14.6,71.5,X, ,X,매우높음
6/9/2022,남해(295),X,24.6,24.8,19.6,15.1,71.9,X, ,X,매우높음
6/9/2022,부천(433),X,24.4,24.4,20,17.7,71,X, ,X,높음
6/9/2022,안양(434),X,21.8,24.7,20.8,18.6,,X, ,X,높음
6/9/2022,광명(437),X,24.6,24.7,21.2,18.6,69,X, ,X,높음
6/9/2022,군포(438),X,24.5,25,20.5,17.4,68,X, ,X,높음
6/9/2022,김포(441),X,,25.5,20.1,17.3,,X, ,X,보통
6/9/2022,하남(444),X,24.1,23.6,19,16.3,79,X, ,X,보통
6/9/2022,의왕(445),X,,,,,,X, ,X,높음
6/9/2022,포천(504),X,23.7,23.2,18.4,15.5,82,X, ,X,보통
6/9/2022,가평조종(505),X,23.4,22.6,17.9,14.3,86,X, ,X,보통
6/9/2022,안성(516),X,26.1,26.4,20.9,16.4,73,X, ,X,높음
6/9/2022,간성(517),X,21.8,19.9,15.3,11.9,95,X, ,X,보통
6/9/2022,평창(526),X,23,23.5,17.4,11.6,74,X, ,X,높음
6/9/2022,의정부(532),X,25.4,24.1,18.7,15.8,91,X, ,X,보통
6/9/2022,횡성(536),X,24.9,24.8,18.9,14.7,84,X, ,X,보통
6/9/2022,고양(540),X,26.4,27,19.6,15.9,78,X, ,X,보통
6/9/2022,남양주(541),X,24.6,23.8,19.1,16.3,78,X, ,X,보통
6/9/2022,안산(545),X,26.1,26.3,19.6,14.6,80,X, ,X,높음
6/9/2022,경기광주(546),X,24.2,23.7,19.2,16,78,X, ,X,보통
6/9/2022,여주(548),X,24.3,23.8,19.8,15.8,75,X, ,X,보통
6/9/2022,용인(549),X,24,23.5,19.3,16,76,X, ,X,보통
6/9/2022,오산(550),X,25.6,26.6,20.7,16.5,66,X, ,X,보통
6/9/2022,평택(551),X,26.6,27.1,21.8,18,72,X, ,X,높음
6/9/2022,화천(555),X,23.1,21.1,17.1,13.9,95,X, ,X,보통
6/9/2022,양구(556),X,22.5,21.8,16.4,12.5,87,X, ,X,보통
6/9/2022,시흥(565),X,25.7,25.9,20.2,15.5,76,X, ,X,높음
6/9/2022,구리(569),X,25.2,24.1,19.6,17.2,74,X, ,X,보통
6/9/2022,화성(571),X,25.3,25.4,20.4,16.8,75,X, ,X,높음
6/9/2022,성남(572),X,24.9,24.8,20.5,16.9,71,X, ,X,높음
6/9/2022,과천(590),X,24.9,24.8,19.6,15.6,79,X, ,X,높음
6/9/2022,양주(598),X,24.2,23.4,18.5,15,83,X, ,X,보통
6/9/2022,단양(601),X,25.6,26.4,18.7,13.4,78,X, ,X,높음
6/9/2022,진천(602),X,26.2,26.7,21.4,17.2,71,X, ,X,높음
6/9/2022,괴산(603),X,25.7,26,19.4,13.5,76,X, ,X,높음
6/9/2022,옥천(604),X,26.6,27.5,20.8,16.2,74,X, ,X,매우높음
6/9/2022,홍북(608),X,27.3,27.9,20.2,14.6,77,X, ,X,높음
6/9/2022,공주(612),X,26.7,27.3,21.4,16.6,71,X, ,X,매우높음
6/9/2022,서천(614),X,25.8,25.4,20.4,16.5,82,X, ,X,높음
6/9/2022,논산(615),X,27,27.9,22.5,18.3,68,X, ,X,높음
6/9/2022,당진(616),X,25.8,25.5,19.9,15.2,82,X, ,X,높음
6/9/2022,청양(618),X,26.9,26.7,20.1,14,78,X, ,X,높음
6/9/2022,음성(619),X,24.7,24.7,18.9,14.1,77,X, ,X,높음
6/9/2022,증평(623),X,25.7,25.9,20.9,16.6,73,X, ,X,높음
6/9/2022,태안(627),X,27.1,27.4,20,15.9,81,X, ,X,매우높음
6/9/2022,예산(628),X,26.5,26.6,20.8,16.9,79,X, ,X,높음
6/9/2022,아산(634),X,25.9,25.6,20.8,17.3,76,X, ,X,높음
6/9/2022,계룡(636),X,26,27.3,20.3,15.1,70,X, ,X,높음
6/9/2022,연천청산(652),X,,,,,,X, ,X,보통
6/9/2022,양양(670),X,21.2,18.5,15.6,12.6,97,X, ,X,보통
6/9/2022,무안(699),X,26.6,26.4,19.8,15.8,78,X, ,X,매우높음
6/9/2022,무주(701),X,26.3,26.9,19.3,14.9,79,X, ,X,매우높음
6/9/2022,익산(702),X,27.7,26.8,21.9,18.2,81,X, ,X,매우높음
6/9/2022,진안(703),X,25.1,25.5,19.5,14.4,78,X, ,X,매우높음
6/9/2022,담양(706),X,27.9,28.1,21.7,15.4,77,X, ,X,매우높음
6/9/2022,구례(709),X,27.3,27.1,21.1,15.9,77,X, ,X,매우높음
6/9/2022,나주(710),X,26.8,26.6,20.7,14.6,79,X, ,X,매우높음
6/9/2022,순천시(712),X,25.7,25.9,21,17.7,67,X, ,X,매우높음
6/9/2022,광양읍(713),X,26.8,27.7,20.7,16.8,69,X, ,X,매우높음
6/9/2022,장성(730),X,26.5,27.1,20.6,15.4,74,X, ,X,매우높음
6/9/2022,영암(731),X,27.1,27.1,21.1,16.4,73,X, ,X,매우높음
6/9/2022,보성(732),X,25.7,25.2,19.4,14.3,79,X, ,X,매우높음
6/9/2022,완주(734),X,27.4,27.6,21.1,16,78,X, ,X,매우높음
6/9/2022,김제(737),X,26,27.3,21,17.5,71,X, ,X,매우높음
6/9/2022,화순(741),X,27.2,27.4,20.6,14.5,72,X, ,X,매우높음
6/9/2022,함평(754),X,26.9,26.8,20.3,15,80,X, ,X,매우높음
6/9/2022,곡성(768),X,26.8,27.5,,14.1,,X, ,X,매우높음
6/9/2022,압해도(789),X,26.1,25.3,19.9,15.7,77,X, ,X,매우높음
6/9/2022,영양(801),X,26,27.2,18.3,13.2,75,X, ,X,높음
6/9/2022,성주(810),X,26.6,27.9,19.8,13.9,73,X, ,X,매우높음
6/9/2022,고령(812),X,26.1,27.3,20.1,14.2,71,X, ,X,매우높음
6/9/2022,청도(813),X,26.8,28,20,11.8,69,X, ,X,매우높음
6/9/2022,예천(815),X,25.1,25.8,18.8,12.3,72,X, ,X,매우높음
6/9/2022,김천(822),X,25.9,26.1,17.8,12.1,88,X, ,X,매우높음
6/9/2022,군위(823),X,26.9,27.4,19.4,12.4,78,X, ,X,매우높음
6/9/2022,칠곡(825),X,26.2,26.9,20.3,15.9,75,X, ,X,매우높음
6/9/2022,경산(827),X,27.2,28.2,19.8,12.7,67,X, ,X,매우높음
6/9/2022,삼척(876),X,21.8,21.1,16.6,12.8,83,X, ,X,보통
6/9/2022,속초(90),X,21.2,19.7,15.6,12.4,87.4,X, ,X,보통
6/9/2022,삼천포(907),X,24.3,23.9,18.9,14.5,76,X, ,X,매우높음
6/9/2022,고성(918),X,24.8,24.8,19.2,13.8,76,X, ,X,매우높음
6/9/2022,창녕(919),X,26.5,27.2,20.8,15.4,68,X, ,X,매우높음
6/9/2022,함안(920),X,26.2,26.2,19.4,13.7,75,X, ,X,매우높음
6/9/2022,북춘천(93),X,23.5,22.6,17.6,14.9,89.8,X, ,X,보통
6/9/2022,하동(932),X,25.9,25.9,20.2,16.1,74,X, ,X,매우높음
6/9/2022,철원(95),X,23.3,20.8,17.3,14.6,97.9,X, ,X,보통
6/9/2022,동두천(98),X,24,22.8,18.2,15.1,86.4,X, ,X,보통
6/9/2022,파주(99),X,25.6,24.7,18.7,15.1,87.9,X, ,X,보통
6/10/2022,북강릉(104),X,24.8,24.2,18.3,13.5,87.3,X, ,X,높음
6/10/2022,동해(106),X,24,22.5,18.4,14,88.6,X, ,X,매우높음
6/10/2022,서울(108),X,26.5,26.6,20.9,17.2,75.8,X, ,X,매우높음
6/10/2022,인천(112),X,24.9,24.3,20,17.6,77.5,X, ,X,매우높음
6/10/2022,원주(114),X,26.9,28.3,22.1,16.2,62.1,X, ,X,매우높음
6/10/2022,울릉도(115),X,25.2,23.7,19.4,16.6,87.8,X, ,X,매우높음
6/10/2022,수원(119),X,26.7,27.3,21.3,16.5,74.1,X, ,X,매우높음
6/10/2022,영월(121),X,27.9,29.9,21.3,15,65.3,X, ,X,매우높음
6/10/2022,충주(127),X,27.9,28.7,22.4,15.6,68.4,X, ,X,매우높음
6/10/2022,서산(129),X,26.7,27.1,21.1,14.8,70.4,X, ,X,매우높음
6/10/2022,울진(130),X,23.9,22.2,18.2,13.9,87.6,X, ,X,매우높음
6/10/2022,청주(131),X,28.1,29.2,24,18.2,60.1,X, ,X,매우높음
6/10/2022,대전(133),X,28.7,30.1,23.6,17.1,61.4,X, ,X,매우높음
6/10/2022,추풍령(135),X,26.5,26.6,19.9,13.3,77.3,X, ,X,매우높음
6/10/2022,안동(136),X,27.8,28.8,21.7,13.8,63.4,X, ,X,매우높음
6/10/2022,상주(137),X,28.1,28.2,21.8,14.6,70.9,X, ,X,매우높음
6/10/2022,포항(138),X,25.7,26,21.2,15.9,74.5,X, ,X,매우높음
6/10/2022,군산(140),X,27.7,27.5,21.6,16.3,75.3,X, ,X,매우높음
6/10/2022,대구(143),X,28.4,29.7,22.7,15.2,67.1,X, ,X,매우높음
6/10/2022,전주(146),X,28.5,29.3,23.1,16.6,63.9,X, ,X,매우높음
6/10/2022,울산(152),X,25.6,25.4,19.7,14.5,78.1,X, ,X,매우높음
6/10/2022,창원(155),X,25.2,25.4,20,15.1,69.3,X, ,X,매우높음
6/10/2022,광주(156),X,27.3,27.6,22.4,16.9,72.3,X, ,X,매우높음
6/10/2022,부산(159),X,26,24.9,20.5,16.4,78,X, ,X,매우높음
6/10/2022,통영(162),X,25.8,25,20.4,16.1,77.5,X, ,X,매우높음
6/10/2022,목포(165),X,25.3,25.1,21.3,16.8,73.4,X, ,X,매우높음
6/10/2022,여수(168),X,24,23.5,20.3,17,72.4,X, ,X,매우높음
6/10/2022,흑산도(169),X,23.4,21.5,18.6,15.7,89.1,X, ,X,매우높음
6/10/2022,완도(170),X,24.5,22.8,20.1,15.7,83.4,X, ,X,매우높음
6/10/2022,고창(172),X,26.8,27.4,21.3,15.6,70.3,X, ,X,매우높음
6/10/2022,제주(184),X,27.8,27.4,23,18.2,72.8,X, ,X,높음
6/10/2022,진주(192),X,26.1,26.5,20.2,13.2,74.5,X, ,X,매우높음
6/10/2022,양평(202),X,27.1,28.3,21,16.7,72.4,X, ,X,보통
6/10/2022,이천(203),X,28.2,29,21.6,16.6,74.3,X, ,X,높음
6/10/2022,인제(211),X,25.5,25.3,19.4,15.3,77.4,X, ,X,높음
6/10/2022,홍천(212),X,25.4,25.9,20,16.1,73,X, ,X,높음
6/10/2022,태백(216),X,25,25.4,17.7,10.1,78.4,X, ,X,매우높음
6/10/2022,정선군(217),X,26.4,29.1,21.1,15,58.9,X, ,X,높음
6/10/2022,제천(221),X,27.1,27.9,20.3,14,75.1,X, ,X,매우높음
6/10/2022,보은(226),X,27,27.9,21.6,14.5,70.6,X, ,X,매우높음
6/10/2022,천안(232),X,27.4,27.8,21.5,14.7,73.1,X, ,X,매우높음
6/10/2022,보령(235),X,27.3,27.1,21.6,16.3,73,X, ,X,매우높음
6/10/2022,부여(236),X,27.9,28.6,22.8,16.1,68.9,X, ,X,매우높음
6/10/2022,금산(238),X,26.8,27.6,21.5,16,74.5,X, ,X,매우높음
6/10/2022,세종(239),X,27.9,29.1,22.9,16.4,63.3,X, ,X,매우높음
6/10/2022,부안(243),X,27.1,27.7,21.4,16.7,73.8,X, ,X,매우높음
6/10/2022,임실(244),X,25.9,26.3,20.4,15.3,73.8,X, ,X,매우높음
6/10/2022,정읍(245),X,27.2,28,21.2,16.1,71.9,X, ,X,매우높음
6/10/2022,남원(247),X,26.4,27.3,21.1,14.7,71.6,X, ,X,매우높음
6/10/2022,장수(248),X,25.9,26.5,20.3,15.9,77,X, ,X,매우높음
6/10/2022,영광군(252),X,26.8,27.3,21.1,14.8,71.1,X, ,X,매우높음
6/10/2022,김해시(253),X,26.1,25.8,20.2,15,73.4,X, ,X,매우높음
6/10/2022,순창군(254),X,27.1,27.9,21.7,15.7,71.6,X, ,X,매우높음
6/10/2022,양산시(257),X,27.6,28.1,21,14.5,68.5,X, ,X,매우높음
6/10/2022,강진군(259),X,26.1,25.4,20.8,14.4,78.1,X, ,X,매우높음
6/10/2022,장흥(260),X,24.8,23.9,20.1,13.8,79,X, ,X,매우높음
6/10/2022,해남(261),X,25.3,24,20.7,15.5,80.5,X, ,X,매우높음
6/10/2022,고흥(262),X,23.5,23.2,19.1,13.3,78.9,X, ,X,매우높음
6/10/2022,의령군(263),X,27.2,27.8,21,13.4,69.4,X, ,X,매우높음
6/10/2022,함양군(264),X,26.4,27.4,20.3,13.6,74.9,X, ,X,매우높음
6/10/2022,진도군ASOS(268),X,25.2,23.7,19.8,13.7,82.8,X, ,X,매우높음
6/10/2022,봉화(271),X,26.3,27.7,19.8,11.3,69.3,X, ,X,매우높음
6/10/2022,영주(272),X,27.4,28,21.1,12.5,70.1,X, ,X,매우높음
6/10/2022,문경(273),X,27.6,28.2,19.8,13.7,83.3,X, ,X,매우높음
6/10/2022,청송군(276),X,27.6,29.3,20.2,12.1,67,X, ,X,매우높음
6/10/2022,영덕(277),X,24.7,23.6,18.4,12.1,82.3,X, ,X,매우높음
6/10/2022,의성(278),X,28.2,29.5,21.5,13.1,67,X, ,X,매우높음
6/10/2022,구미(279),X,27.3,28.7,22.2,15.6,63.9,X, ,X,매우높음
6/10/2022,영천(281),X,27,28.7,21.1,13.1,68.3,X, ,X,매우높음
6/10/2022,경주시(283),X,28,29,21.1,13.5,71.5,X, ,X,매우높음
6/10/2022,거창(284),X,26.7,27.2,20.2,13.8,76.1,X, ,X,매우높음
6/10/2022,합천(285),X,26.8,27.8,21,13.9,68,X, ,X,매우높음
6/10/2022,밀양(288),X,26.9,29,21.6,14.7,62.6,X, ,X,매우높음
6/10/2022,산청(289),X,26.1,26.4,20.2,14.1,76,X, ,X,매우높음
6/10/2022,거제(294),X,25.4,24.8,20.3,14.9,75,X, ,X,매우높음
6/10/2022,남해(295),X,25.1,24.6,20.2,15.4,71.5,X, ,X,매우높음
6/10/2022,부천(433),X,24.9,25.1,19.9,16.9,74,X, ,X,매우높음
6/10/2022,안양(434),X,21.7,26.5,20.9,18.1,,X, ,X,매우높음
6/10/2022,광명(437),X,26.8,27.2,21.4,18.4,70,X, ,X,매우높음
6/10/2022,군포(438),X,25.4,25.8,20.5,17,71,X, ,X,매우높음
6/10/2022,김포(441),X,,26.3,20,16,,X, ,X,매우높음
6/10/2022,하남(444),X,26.8,27.3,19.8,15.4,77,X, ,X,높음
6/10/2022,의왕(445),X,,,,,,X, ,X,매우높음
6/10/2022,포천(504),X,26.3,26,19,15.2,84,X, ,X,높음
6/10/2022,가평조종(505),X,25.5,25.1,18.1,15.1,90,X, ,X,보통
6/10/2022,안성(516),X,27.6,28.5,21.9,16.1,73,X, ,X,매우높음
6/10/2022,간성(517),X,24.3,22.3,17.9,12.8,91,X, ,X,매우높음
6/10/2022,평창(526),X,25.8,,,,,X, ,X,매우높음
6/10/2022,의정부(532),X,26.8,25.8,19.2,15,91,X, ,X,높음
6/10/2022,횡성(536),X,27.3,28.5,21.3,15.4,73,X, ,X,높음
6/10/2022,고양(540),X,27.6,28,19.7,14.6,79,X, ,X,매우높음
6/10/2022,남양주(541),X,26.4,26.5,19.4,15.1,81,X, ,X,높음
6/10/2022,안산(545),X,26.7,27.2,18.9,13.3,85,X, ,X,매우높음
6/10/2022,경기광주(546),X,26.1,26.7,19.8,16,77,X, ,X,높음
6/10/2022,여주(548),X,26.1,27.2,20.6,15.6,74,X, ,X,높음
6/10/2022,용인(549),X,26.3,27.3,20.5,15.9,72,X, ,X,높음
6/10/2022,오산(550),X,27,28.4,21.7,16.7,63,X, ,X,매우높음
6/10/2022,평택(551),X,27.6,28.1,22.6,17.2,71,X, ,X,매우높음
6/10/2022,화천(555),X,26,24.3,19.2,15.5,91,X, ,X,높음
6/10/2022,양구(556),X,24.7,24.7,19.5,15.7,75,X, ,X,높음
6/10/2022,시흥(565),X,26.5,26.5,19.9,14.6,84,X, ,X,매우높음
6/10/2022,구리(569),X,26.3,26.7,20.2,16.2,73,X, ,X,높음
6/10/2022,화성(571),X,26.9,27.4,21.4,16.2,71,X, ,X,매우높음
6/10/2022,성남(572),X,26.5,27.2,21,16.5,72,X, ,X,매우높음
6/10/2022,과천(590),X,27.4,28,19.7,14.9,84,X, ,X,매우높음
6/10/2022,양주(598),X,25.7,25.5,18.6,13.9,86,X, ,X,높음
6/10/2022,단양(601),X,28.2,29.8,22.1,14.3,68,X, ,X,매우높음
6/10/2022,진천(602),X,27.7,28.4,22.6,16.4,68,X, ,X,매우높음
6/10/2022,괴산(603),X,27.4,28.4,21.6,15.5,73,X, ,X,매우높음
6/10/2022,옥천(604),X,28.6,29.6,22.8,16.8,71,X, ,X,매우높음
6/10/2022,홍북(608),X,27.1,27.8,21.1,13.8,71,X, ,X,매우높음
6/10/2022,공주(612),X,28.5,29.2,22.5,15.6,65,X, ,X,매우높음
6/10/2022,서천(614),X,27.8,27.7,21.5,16.4,78,X, ,X,매우높음
6/10/2022,논산(615),X,28,28.8,23.4,17.2,69,X, ,X,매우높음
6/10/2022,당진(616),X,27.3,27.4,20.4,14.6,79,X, ,X,매우높음
6/10/2022,청양(618),X,27.8,28.4,21.2,14.4,74,X, ,X,매우높음
6/10/2022,음성(619),X,27.2,27.7,20.8,15.1,75,X, ,X,매우높음
6/10/2022,증평(623),X,28,28.8,22.7,15.7,69,X, ,X,매우높음
6/10/2022,태안(627),X,27.4,27.3,21,15.5,74,X, ,X,매우높음
6/10/2022,예산(628),X,28.4,29,21.6,15.6,74,X, ,X,매우높음
6/10/2022,아산(634),X,27.7,28.4,21.7,16.3,73,X, ,X,매우높음
6/10/2022,계룡(636),X,27.2,28.4,21.7,14,64,X, ,X,매우높음
6/10/2022,연천청산(652),X,,,,,,X, ,X,높음
6/10/2022,양양(670),X,25.1,22.3,18.2,13.1,95,X, ,X,높음
6/10/2022,무안(699),X,25.9,25.9,21.1,15.7,74,X, ,X,매우높음
6/10/2022,무주(701),X,27.8,27.8,20.8,15.1,78,X, ,X,매우높음
6/10/2022,익산(702),X,28.6,28.8,22.6,17.4,76,X, ,X,매우높음
6/10/2022,진안(703),X,26.9,27,20.3,14.4,77,X, ,X,매우높음
6/10/2022,담양(706),X,28.2,28.6,22.4,15.9,74,X, ,X,매우높음
6/10/2022,구례(709),X,27.7,28,20.9,15,79,X, ,X,매우높음
6/10/2022,나주(710),X,27,26.9,21.2,14.4,78,X, ,X,매우높음
6/10/2022,순천시(712),X,26.5,27.2,21.2,15.4,68,X, ,X,매우높음
6/10/2022,광양읍(713),X,26.6,27.8,21.2,14.3,67,X, ,X,매우높음
6/10/2022,장성(730),X,26.5,27.5,21.4,14.9,72,X, ,X,매우높음
6/10/2022,영암(731),X,26.1,25.9,21.5,16.4,74,X, ,X,매우높음
6/10/2022,보성(732),X,25.5,24.6,19.7,13.1,81,X, ,X,매우높음
6/10/2022,완주(734),X,28.9,28.8,22,15.3,76,X, ,X,매우높음
6/10/2022,김제(737),X,26.5,28.5,22.1,17.3,62,X, ,X,매우높음
6/10/2022,화순(741),X,27.1,27.5,21.1,13.9,68,X, ,X,매우높음
6/10/2022,함평(754),X,26.3,26.3,21.2,15.2,74,X, ,X,매우높음
6/10/2022,곡성(768),X,27,,,,,X, ,X,매우높음
6/10/2022,압해도(789),X,25.8,25.4,20.9,15.5,75,X, ,X,매우높음
6/10/2022,영양(801),X,27.7,29.3,20.4,12,73,X, ,X,매우높음
6/10/2022,성주(810),X,27.3,29,21.5,14.2,67,X, ,X,매우높음
6/10/2022,고령(812),X,26.4,27.9,21,13.3,68,X, ,X,매우높음
6/10/2022,청도(813),X,27.5,29.1,21.4,13.5,67,X, ,X,매우높음
6/10/2022,예천(815),X,27.4,28.7,21.3,13.8,71,X, ,X,매우높음
6/10/2022,김천(822),X,28.1,28.7,20.5,15,82,X, ,X,매우높음
6/10/2022,군위(823),X,28.4,28.7,21.5,13.4,73,X, ,X,매우높음
6/10/2022,칠곡(825),X,27.5,28.6,22.6,15.9,66,X, ,X,매우높음
6/10/2022,경산(827),X,27.9,29.4,22.2,14.5,61,X, ,X,매우높음
6/10/2022,삼척(876),X,26.4,26.2,20.1,14.1,77,X, ,X,매우높음
6/10/2022,속초(90),X,24.2,23,17.8,13.1,85.8,X, ,X,매우높음
6/10/2022,삼천포(907),X,24.6,24.3,19.7,14.9,74,X, ,X,매우높음
6/10/2022,고성(918),X,25.8,25.1,20.1,14.6,78,X, ,X,매우높음
6/10/2022,창녕(919),X,27.3,27.8,21.5,14.4,71,X, ,X,매우높음
6/10/2022,함안(920),X,26.8,26.9,20.2,13.2,76,X, ,X,매우높음
6/10/2022,북춘천(93),X,25.4,24.6,19.5,15.8,85,X, ,X,높음
6/10/2022,하동(932),X,26.3,26.7,20.6,14.4,75,X, ,X,매우높음
6/10/2022,철원(95),X,24.8,22,18.1,13.7,98.5,X, ,X,높음
6/10/2022,동두천(98),X,25.8,24.6,18.3,14.1,89.6,X, ,X,높음
6/10/2022,파주(99),X,24.9,23.6,18.1,15.1,93.8,X, ,X,높음
6/11/2022,북강릉(104),X,22,19.7,17.5,15.3,92.9,X, ,X,보통
6/11/2022,동해(106),X,23.1,20.8,18.3,16.7,95,X, ,X,보통
6/11/2022,서울(108),X,30.7,32.7,24.6,17.7,59.6,X, ,X,매우높음
6/11/2022,인천(112),X,28.3,29.2,23.9,17.7,61.1,X, ,X,매우높음
6/11/2022,원주(114),X,27.6,30.2,22.4,16.5,59.1,X, ,X,높음
6/11/2022,울릉도(115),X,22,19.9,17.8,16.2,93.6,X, ,X,보통
6/11/2022,수원(119),X,28,31.6,24.3,16.4,54.3,X, ,X,매우높음
6/11/2022,영월(121),X,30,32.2,20.5,15.1,66,X, ,X,높음
6/11/2022,충주(127),X,28.5,29.8,21.3,15.5,71.4,X, ,X,매우높음
6/11/2022,서산(129),X,27.6,29.5,23.2,16.4,62.6,X, ,X,매우높음
6/11/2022,울진(130),X,24.1,22.4,19,16.9,87.6,X, ,X,보통
6/11/2022,청주(131),X,29,31.2,24.4,19.3,54.9,X, ,X,매우높음
6/11/2022,대전(133),X,29.5,31.5,24.3,19,57.8,X, ,X,높음
6/11/2022,추풍령(135),X,27.1,27.7,21.4,15.8,67.4,X, ,X,높음
6/11/2022,안동(136),X,26.8,27.6,22.3,17.7,61.3,X, ,X,높음
6/11/2022,상주(137),X,29.1,29.9,21.8,17.1,77.5,X, ,X,보통
6/11/2022,포항(138),X,23.9,21.8,20,18.4,84.6,X, ,X,보통
6/11/2022,군산(140),X,28.9,29.8,23.7,19.2,66.6,X, ,X,매우높음
6/11/2022,대구(143),X,26.6,26.1,21.4,18.4,74,X, ,X,높음
6/11/2022,전주(146),X,30,31.2,23.3,18.6,69,X, ,X,높음
6/11/2022,울산(152),X,25.1,24.4,20.2,17.6,76.8,X, ,X,보통
6/11/2022,창원(155),X,26.8,26.8,21.7,17.5,63.9,X, ,X,높음
6/11/2022,광주(156),X,30.1,31.1,23,18.6,77.6,X, ,X,높음
6/11/2022,부산(159),X,26.7,26.4,21.1,18.3,73.1,X, ,X,높음
6/11/2022,통영(162),X,26.6,26.1,21.5,18.4,73.3,X, ,X,높음
6/11/2022,목포(165),X,27.3,27,22.2,18.1,72.8,X, ,X,높음
6/11/2022,여수(168),X,26,25.4,21.4,19.2,73.8,X, ,X,매우높음
6/11/2022,흑산도(169),X,26,24.4,20.9,18.5,79.8,X, ,X,매우높음
6/11/2022,완도(170),X,28,28.3,21.9,18.6,76.4,X, ,X,매우높음
6/11/2022,고창(172),X,29.1,29.6,23,17.3,69.4,X, ,X,매우높음
6/11/2022,제주(184),X,25.6,24.1,21.6,20,83.5,X, ,X,높음
6/11/2022,진주(192),X,28.4,28.2,22.1,16.3,73,X, ,X,높음
6/11/2022,양평(202),X,28.4,30.7,22.7,16,60.3,X, ,X,높음
6/11/2022,이천(203),X,29.4,31.4,22.4,15.2,70.6,X, ,X,매우높음
6/11/2022,인제(211),X,26.1,26.3,19.5,15,73.3,X, ,X,높음
6/11/2022,홍천(212),X,28.4,30.1,21.2,15,65.8,X, ,X,높음
6/11/2022,태백(216),X,20.2,18.6,14.9,12.5,86.5,X, ,X,높음
6/11/2022,정선군(217),X,24.5,25.4,19.4,14.3,61.8,X, ,X,보통
6/11/2022,제천(221),X,28.1,29.1,19.5,13.8,75.8,X, ,X,높음
6/11/2022,보은(226),X,27.5,28.4,20.7,16.4,76.9,X, ,X,높음
6/11/2022,천안(232),X,28.1,30.1,23.1,14.6,65,X, ,X,높음
6/11/2022,보령(235),X,28.7,30.3,23.9,18.1,59.5,X, ,X,매우높음
6/11/2022,부여(236),X,29.4,31.5,23.9,17.5,65.8,X, ,X,높음
6/11/2022,금산(238),X,28.5,29.4,21.9,16.4,74.4,X, ,X,높음
6/11/2022,세종(239),X,28.4,30.8,23.8,17.5,55.4,X, ,X,매우높음
6/11/2022,부안(243),X,28.2,28.7,23.1,17.9,70,X, ,X,매우높음
6/11/2022,임실(244),X,27.7,28.3,19.4,15.4,84.6,X, ,X,높음
6/11/2022,정읍(245),X,28.4,28.9,22.5,16.5,66.8,X, ,X,매우높음
6/11/2022,남원(247),X,28,29.9,22.1,16.3,73,X, ,X,매우높음
6/11/2022,장수(248),X,26.3,26.9,19.7,15.4,84.5,X, ,X,매우높음
6/11/2022,영광군(252),X,28,27.8,22.6,17.2,71,X, ,X,매우높음
6/11/2022,김해시(253),X,27.1,26.9,21.6,17.5,66.8,X, ,X,높음
6/11/2022,순창군(254),X,29.3,30.6,21.9,16.7,76.5,X, ,X,매우높음
6/11/2022,양산시(257),X,28,27.9,21.8,17.6,68,X, ,X,높음
6/11/2022,강진군(259),X,29.7,30.6,22.4,17.5,75.9,X, ,X,높음
6/11/2022,장흥(260),X,28.3,29,22,17.4,77.3,X, ,X,높음
6/11/2022,해남(261),X,28.5,29.4,21.6,17.7,81.3,X, ,X,높음
6/11/2022,고흥(262),X,26.5,27.6,21.3,16.9,75.8,X, ,X,매우높음
6/11/2022,의령군(263),X,28,28.4,21.8,16.6,71.8,X, ,X,높음
6/11/2022,함양군(264),X,27.8,28.7,22,16.1,69.5,X, ,X,높음
6/11/2022,진도군ASOS(268),X,27.7,27.1,21.7,17.5,79.6,X, ,X,높음
6/11/2022,봉화(271),X,24.5,24.2,19,13.7,75,X, ,X,보통
6/11/2022,영주(272),X,27.2,28.1,20.7,16.5,71,X, ,X,보통
6/11/2022,문경(273),X,28.6,29,20.7,15.4,80.9,X, ,X,보통
6/11/2022,청송군(276),X,24.8,25.1,19.3,14.4,69,X, ,X,높음
6/11/2022,영덕(277),X,25,23.7,19.2,16.2,83.8,X, ,X,높음
6/11/2022,의성(278),X,27.6,28.6,21.4,15.6,68,X, ,X,높음
6/11/2022,구미(279),X,28.2,30,22.6,17.4,64.4,X, ,X,높음
6/11/2022,영천(281),X,24.9,24.3,20,16.3,74.8,X, ,X,높음
6/11/2022,경주시(283),X,24.5,23.4,20,16.6,78.1,X, ,X,보통
6/11/2022,거창(284),X,27.2,27.9,20.9,15.4,74,X, ,X,높음
6/11/2022,합천(285),X,28,29.2,21.4,16.3,72.4,X, ,X,높음
6/11/2022,밀양(288),X,27.8,28.9,22,17.6,61.3,X, ,X,높음
6/11/2022,산청(289),X,28.1,28.9,21.7,16.6,75.1,X, ,X,높음
6/11/2022,거제(294),X,25.9,25.5,20.8,17.5,74.1,X, ,X,높음
6/11/2022,남해(295),X,26.2,25.6,21.3,18.1,77.1,X, ,X,높음
6/11/2022,부천(433),X,28.7,30.3,23.5,16.6,57,X, ,X,매우높음
6/11/2022,안양(434),X,23.6,30.4,24.2,17.8,,X, ,X,매우높음
6/11/2022,광명(437),X,28.9,30.8,24.8,18.9,56,X, ,X,매우높음
6/11/2022,군포(438),X,28.4,30.4,23.9,17.2,55,X, ,X,매우높음
6/11/2022,김포(441),X,,30.5,23.5,16.4,,X, ,X,매우높음
6/11/2022,하남(444),X,30.2,32.9,23.2,15,58,X, ,X,매우높음
6/11/2022,의왕(445),X,,,,,,X, ,X,매우높음
6/11/2022,포천(504),X,28.3,29.6,22.1,15.2,66,X, ,X,높음
6/11/2022,가평조종(505),X,28.1,29,19.9,13.8,79,X, ,X,높음
6/11/2022,안성(516),X,29.3,31.8,23.2,15.4,67,X, ,X,높음
6/11/2022,간성(517),X,24.1,21.5,18.6,16,95,X, ,X,보통
6/11/2022,평창(526),X,27,29.2,20,13.7,61,X, ,X,높음
6/11/2022,의정부(532),X,30.2,31.4,23.2,15.5,72,X, ,X,매우높음
6/11/2022,횡성(536),X,28.8,30.8,21.8,14.7,69,X, ,X,높음
6/11/2022,고양(540),X,29.9,32,23.1,14.8,60,X, ,X,매우높음
6/11/2022,남양주(541),X,29.6,32,23.3,15.3,60,X, ,X,높음
6/11/2022,안산(545),X,29.2,30.9,22.8,13.6,67,X, ,X,매우높음
6/11/2022,경기광주(546),X,28,30.2,22.2,14.4,64,X, ,X,매우높음
6/11/2022,여주(548),X,28.7,30.5,21.2,15,72,X, ,X,높음
6/11/2022,용인(549),X,28,30.9,22.7,14.5,59,X, ,X,매우높음
6/11/2022,오산(550),X,28.5,31.6,24.4,16.1,50,X, ,X,매우높음
6/11/2022,평택(551),X,30.3,32.5,23.6,17.3,68,X, ,X,높음
6/11/2022,화천(555),X,29.1,29.6,20.5,14.1,79,X, ,X,보통
6/11/2022,양구(556),X,26.8,27.7,20,14.6,70,X, ,X,높음
6/11/2022,시흥(565),X,29.2,30.7,23.8,15.1,65,X, ,X,매우높음
6/11/2022,구리(569),X,29.1,32,23.8,16.2,55,X, ,X,매우높음
6/11/2022,화성(571),X,29.1,30.7,24.1,16.7,58,X, ,X,매우높음
6/11/2022,성남(572),X,29.2,31.6,23.8,15.8,57,X, ,X,매우높음
6/11/2022,과천(590),X,29.3,31.6,23.3,14.8,64,X, ,X,매우높음
6/11/2022,양주(598),X,28.8,30.2,22,14.6,69,X, ,X,높음
6/11/2022,단양(601),X,28.5,30.3,20.5,16.9,80,X, ,X,높음
6/11/2022,진천(602),X,29.2,31.7,23.2,16.5,63,X, ,X,매우높음
6/11/2022,괴산(603),X,28.3,29.9,20.9,15,75,X, ,X,매우높음
6/11/2022,옥천(604),X,29.4,30.8,23.1,17.5,67,X, ,X,높음
6/11/2022,홍북(608),X,29,30.8,23.1,15,61,X, ,X,매우높음
6/11/2022,공주(612),X,28.7,31.5,24,15.8,56,X, ,X,매우높음
6/11/2022,서천(614),X,28.5,29.6,24,18.9,63,X, ,X,매우높음
6/11/2022,논산(615),X,29.6,32.1,24.4,18.4,62,X, ,X,높음
6/11/2022,당진(616),X,27.9,29.4,22.7,15.4,69,X, ,X,매우높음
6/11/2022,청양(618),X,29.3,31.1,22.6,14.8,67,X, ,X,매우높음
6/11/2022,음성(619),X,28.2,29.8,21.3,14.2,68,X, ,X,매우높음
6/11/2022,증평(623),X,28.9,30.5,22.9,16.2,67,X, ,X,매우높음
6/11/2022,태안(627),X,28.1,29.1,23.4,17.6,66,X, ,X,매우높음
6/11/2022,예산(628),X,28.7,30.2,23.2,16.2,68,X, ,X,높음
6/11/2022,아산(634),X,28.9,30.4,23.4,16.4,64,X, ,X,높음
6/11/2022,계룡(636),X,28.3,30.6,22.6,15.2,59,X, ,X,높음
6/11/2022,연천청산(652),X,,,,,,X, ,X,높음
6/11/2022,양양(670),X,23.1,20.1,18,16.6,97,X, ,X,보통
6/11/2022,무안(699),X,27.8,27.2,21.5,16.3,77,X, ,X,높음
6/11/2022,무주(701),X,27.6,28.9,21.4,16.8,77,X, ,X,높음
6/11/2022,익산(702),X,29.5,30.5,23.5,18.8,74,X, ,X,높음
6/11/2022,진안(703),X,27.5,27.6,20,15.7,82,X, ,X,높음
6/11/2022,담양(706),X,31,31.6,23.2,17.8,77,X, ,X,매우높음
6/11/2022,구례(709),X,29.3,29.5,22.6,16.4,77,X, ,X,높음
6/11/2022,나주(710),X,30.1,30.8,21.8,16.1,84,X, ,X,높음
6/11/2022,순천시(712),X,28.9,30,23.4,17.8,67,X, ,X,높음
6/11/2022,광양읍(713),X,28.5,30.3,23,16.8,66,X, ,X,높음
6/11/2022,장성(730),X,29.6,30.5,22.5,16.9,72,X, ,X,매우높음
6/11/2022,영암(731),X,29.4,30.2,21.6,16.8,85,X, ,X,보통
6/11/2022,보성(732),X,28.5,29.1,21.5,16,78,X, ,X,높음
6/11/2022,완주(734),X,29.9,30.6,21.9,17.5,81,X, ,X,높음
6/11/2022,김제(737),X,27.9,30.9,23.8,18.2,57,X, ,X,매우높음
6/11/2022,화순(741),X,29.8,31.4,21.5,16,75,X, ,X,높음
6/11/2022,함평(754),X,29.7,29.5,22,16,79,X, ,X,높음
6/11/2022,곡성(768),X,30.5,,,,,X, ,X,높음
6/11/2022,압해도(789),X,28.4,28.3,22.1,17,73,X, ,X,높음
6/11/2022,영양(801),X,26.3,26.6,19.9,14.6,73,X, ,X,높음
6/11/2022,성주(810),X,27.7,28.8,21.7,16.1,66,X, ,X,높음
6/11/2022,고령(812),X,27.2,27.7,21.1,15.8,74,X, ,X,높음
6/11/2022,청도(813),X,27.3,27.5,21,15.9,69,X, ,X,보통
6/11/2022,예천(815),X,28.3,29.3,20.4,16.7,80,X, ,X,보통
6/11/2022,김천(822),X,29,29.7,21.7,15.6,73,X, ,X,높음
6/11/2022,군위(823),X,28.3,28.7,21.5,15.7,72,X, ,X,높음
6/11/2022,칠곡(825),X,28.1,28.6,22.5,17.8,71,X, ,X,높음
6/11/2022,경산(827),X,26.5,26.6,20.9,17.5,67,X, ,X,높음
6/11/2022,삼척(876),X,23.5,21.8,18.3,16.4,88,X, ,X,보통
6/11/2022,속초(90),X,22.4,20.2,17.8,15.9,92,X, ,X,높음
6/11/2022,삼천포(907),X,27.2,27,20.9,17.3,76,X, ,X,높음
6/11/2022,고성(918),X,26.5,25.9,21.3,17.2,77,X, ,X,높음
6/11/2022,창녕(919),X,28,28.5,21.9,17.4,73,X, ,X,높음
6/11/2022,함안(920),X,27.8,27.2,21.4,16.8,76,X, ,X,높음
6/11/2022,북춘천(93),X,27.9,29,21.2,15.6,72.3,X, ,X,높음
6/11/2022,하동(932),X,28.7,29.6,22.8,17.4,73,X, ,X,높음
6/11/2022,철원(95),X,27.8,28.2,20.9,14.9,80.1,X, ,X,높음
6/11/2022,동두천(98),X,28.8,29.6,21.8,15.1,72.9,X, ,X,높음
6/11/2022,파주(99),X,28.7,29.1,21.5,15.1,73.6,X, ,X,매우높음
6/12/2022,북강릉(104),X,22.5,21.4,17.9,13.8,82.5,X, ,X,높음
6/12/2022,동해(106),X,22.9,21.1,18.2,14.6,85.6,X, ,X,높음
6/12/2022,서울(108),X,29.7,31.5,24.6,18.9,58.9,X, ,X,높음
6/12/2022,인천(112),X,26.9,27.5,22.9,19.9,63,X, ,X,매우높음
6/12/2022,원주(114),X,26.7,28.1,22.7,15.7,55.3,X, ,X,높음
6/12/2022,울릉도(115),X,21.6,19.9,17.3,15.7,88.4,X, ,X,매우높음
6/12/2022,수원(119),X,27.4,29.7,23.7,19.4,60.5,X, ,X,매우높음
6/12/2022,영월(121),X,29,31.8,22.2,13.1,58.6,X, ,X,높음
6/12/2022,충주(127),X,27.3,28.1,22.8,16.3,60.5,X, ,X,높음
6/12/2022,서산(129),X,27.4,27.3,22.5,18.6,69.9,X, ,X,매우높음
6/12/2022,울진(130),X,22.7,21.3,18.4,15.8,80.1,X, ,X,매우높음
6/12/2022,청주(131),X,28.1,29.1,24.5,19.2,52.9,X, ,X,매우높음
6/12/2022,대전(133),X,28.4,29.6,24.3,19.3,56,X, ,X,매우높음
6/12/2022,추풍령(135),X,25.4,25.7,20,13.1,66.5,X, ,X,매우높음
6/12/2022,안동(136),X,26,27,20.6,14.5,64.1,X, ,X,높음
6/12/2022,상주(137),X,27.2,27.7,21.6,14.3,67.4,X, ,X,높음
6/12/2022,포항(138),X,23.5,22.2,19.8,18.2,79.1,X, ,X,매우높음
6/12/2022,군산(140),X,27,26.5,21.9,19.4,78,X, ,X,매우높음
6/12/2022,대구(143),X,25.8,25.8,20.7,16.4,73.1,X, ,X,매우높음
6/12/2022,전주(146),X,28.4,28.3,22.6,18.7,72.4,X, ,X,높음
6/12/2022,울산(152),X,24.2,23.7,19.2,17.3,78,X, ,X,매우높음
6/12/2022,창원(155),X,25.4,25.8,20.1,16.2,68,X, ,X,매우높음
6/12/2022,광주(156),X,27.7,27.3,22.6,19.1,85.6,X, ,X,높음
6/12/2022,부산(159),X,25.2,24.3,20.1,17.4,75.1,X, ,X,매우높음
6/12/2022,통영(162),X,25.4,25,20.4,16.9,69.9,X, ,X,매우높음
6/12/2022,목포(165),X,26.3,25.3,21.6,18.5,77.5,X, ,X,매우높음
6/12/2022,여수(168),X,24,23.5,20.7,18.8,69,X, ,X,매우높음
6/12/2022,흑산도(169),X,24.4,23,19,17,86,X, ,X,매우높음
6/12/2022,완도(170),X,25.8,24.9,20.2,17.5,78.5,X, ,X,매우높음
6/12/2022,고창(172),X,27.8,27.7,22,18.3,75.5,X, ,X,높음
6/12/2022,제주(184),X,26.2,25.9,22,19.5,77.4,X, ,X,매우높음
6/12/2022,진주(192),X,27.1,27.5,20.8,15.2,70.5,X, ,X,매우높음
6/12/2022,양평(202),X,26.8,27.9,22.9,16.5,60,X, ,X,높음
6/12/2022,이천(203),X,28.1,28.7,22.9,15,65.3,X, ,X,높음
6/12/2022,인제(211),X,27.2,28.2,19.8,12.7,71.1,X, ,X,높음
6/12/2022,홍천(212),X,27.7,29.2,21.6,13.4,63.6,X, ,X,높음
6/12/2022,태백(216),X,22.4,21.8,15.6,9.9,83.4,X, ,X,높음
6/12/2022,정선군(217),X,26.3,29.1,20.1,12.7,57.9,X, ,X,높음
6/12/2022,제천(221),X,26.5,27.4,20.5,13.3,68.1,X, ,X,높음
6/12/2022,보은(226),X,25.7,25.7,20.9,13.8,70,X, ,X,매우높음
6/12/2022,천안(232),X,27.3,27.8,22.5,16.2,69.9,X, ,X,매우높음
6/12/2022,보령(235),X,25.8,25,21.5,18.7,77.5,X, ,X,매우높음
6/12/2022,부여(236),X,28.3,28.1,22.3,17.2,75.9,X, ,X,매우높음
6/12/2022,금산(238),X,26.9,27.6,21.8,15.4,68.8,X, ,X,매우높음
6/12/2022,세종(239),X,28.3,29.5,23.7,18.3,57.8,X, ,X,매우높음
6/12/2022,부안(243),X,27,26.7,21.9,19.2,76.6,X, ,X,높음
6/12/2022,임실(244),X,26.7,26.4,20,15.6,84.6,X, ,X,높음
6/12/2022,정읍(245),X,27.8,27.7,22,17.7,72.6,X, ,X,높음
6/12/2022,남원(247),X,27.4,27.6,22.4,17.1,67.8,X, ,X,매우높음
6/12/2022,장수(248),X,25.4,25.2,19.9,14.1,78.9,X, ,X,매우높음
6/12/2022,영광군(252),X,27.4,27,21.8,18.2,75.6,X, ,X,높음
6/12/2022,김해시(253),X,26.6,26.8,20.7,16.6,67.9,X, ,X,매우높음
6/12/2022,순창군(254),X,28.4,28.9,22,16.8,77.1,X, ,X,높음
6/12/2022,양산시(257),X,27,27.4,21.6,18.3,66.1,X, ,X,매우높음
6/12/2022,강진군(259),X,26.7,26.2,21.3,17.6,79.5,X, ,X,매우높음
6/12/2022,장흥(260),X,25.6,25.1,20.8,17.6,80.4,X, ,X,매우높음
6/12/2022,해남(261),X,25.9,25.6,20.8,16.7,80.3,X, ,X,매우높음
6/12/2022,고흥(262),X,24.5,24,19.8,15.6,78.5,X, ,X,매우높음
6/12/2022,의령군(263),X,27.3,27.8,21.2,13.8,69,X, ,X,매우높음
6/12/2022,함양군(264),X,27,27.8,21.4,13.9,67.6,X, ,X,매우높음
6/12/2022,진도군ASOS(268),X,24.9,24.1,19.9,15.6,79.9,X, ,X,매우높음
6/12/2022,봉화(271),X,24.6,25,17.9,10.7,75,X, ,X,높음
6/12/2022,영주(272),X,26.2,27,20.1,12.8,68.8,X, ,X,높음
6/12/2022,문경(273),X,26.4,26.5,20.4,13.5,73,X, ,X,높음
6/12/2022,청송군(276),X,24.9,25.7,18.5,11.9,68.4,X, ,X,높음
6/12/2022,영덕(277),X,23.7,23,18.8,16.1,76.8,X, ,X,매우높음
6/12/2022,의성(278),X,26.4,27,20.7,13.2,68.1,X, ,X,높음
6/12/2022,구미(279),X,26.6,27.4,21.6,15.2,62.4,X, ,X,매우높음
6/12/2022,영천(281),X,24.2,24.3,19.2,13.9,74.3,X, ,X,매우높음
6/12/2022,경주시(283),X,24.8,24.6,19.9,16.9,73.1,X, ,X,매우높음
6/12/2022,거창(284),X,26.3,26.7,20.7,12.8,68.5,X, ,X,매우높음
6/12/2022,합천(285),X,26.6,27.4,21.3,13.9,67.3,X, ,X,매우높음
6/12/2022,밀양(288),X,26.8,27.9,22,16,59.5,X, ,X,매우높음
6/12/2022,산청(289),X,27.6,27.9,21.4,14.4,70.9,X, ,X,매우높음
6/12/2022,거제(294),X,24.3,23.8,19.6,15.2,72.8,X, ,X,매우높음
6/12/2022,남해(295),X,25,24.7,20.5,16.8,71.6,X, ,X,매우높음
6/12/2022,부천(433),X,27.7,29.1,23,18.9,58,X, ,X,매우높음
6/12/2022,안양(434),X,23.9,29.3,23.5,19.4,,X, ,X,매우높음
6/12/2022,광명(437),X,28.2,29.6,23.9,20.3,58,X, ,X,매우높음
6/12/2022,군포(438),X,28,29.4,22.9,18.1,59,X, ,X,매우높음
6/12/2022,김포(441),X,,29.7,22.8,16.8,,X, ,X,매우높음
6/12/2022,하남(444),X,28.8,30.3,23.3,16,57,X, ,X,높음
6/12/2022,의왕(445),X,,,,,,X, ,X,매우높음
6/12/2022,포천(504),X,28.3,30.1,23.3,15.5,61,X, ,X,높음
6/12/2022,가평조종(505),X,27.9,29.2,21.9,12.8,68,X, ,X,높음
6/12/2022,안성(516),X,28,29,23.1,17.1,66,X, ,X,매우높음
6/12/2022,간성(517),X,24.2,22.3,18.8,16.6,93,X, ,X,높음
6/12/2022,평창(526),X,26.7,29.3,21.2,13.3,56,X, ,X,높음
6/12/2022,의정부(532),X,29,30.2,23.2,15.4,71,X, ,X,높음
6/12/2022,횡성(536),X,27.7,29.2,21.9,14.6,68,X, ,X,높음
6/12/2022,고양(540),X,29.6,32.1,23.3,15.6,58,X, ,X,높음
6/12/2022,남양주(541),X,28.4,30.3,23.1,15.5,62,X, ,X,높음
6/12/2022,안산(545),X,28.7,29.6,22.2,15.4,70,X, ,X,매우높음
6/12/2022,경기광주(546),X,27.3,28.1,22.5,16.1,61,X, ,X,높음
6/12/2022,여주(548),X,27.4,28.3,22.3,14.8,65,X, ,X,높음
6/12/2022,용인(549),X,26.8,28.2,22.5,15.7,59,X, ,X,매우높음
6/12/2022,오산(550),X,27.7,29.3,23.4,17.4,54,X, ,X,매우높음
6/12/2022,평택(551),X,28.6,29.7,23.2,18.1,67,X, ,X,매우높음
6/12/2022,화천(555),X,28.2,29.1,21.1,12.2,79,X, ,X,높음
6/12/2022,양구(556),X,27,28.8,20.7,12.2,65,X, ,X,높음
6/12/2022,시흥(565),X,28.4,29,22.8,16.2,70,X, ,X,매우높음
6/12/2022,구리(569),X,28.4,30.4,24.3,18.2,52,X, ,X,높음
6/12/2022,화성(571),X,28.5,29.6,23.1,19,65,X, ,X,매우높음
6/12/2022,성남(572),X,27.8,29,23.7,18.3,57,X, ,X,매우높음
6/12/2022,과천(590),X,28.8,30.1,23,15.3,66,X, ,X,매우높음
6/12/2022,양주(598),X,28.4,30.2,23.1,14.1,63,X, ,X,높음
6/12/2022,단양(601),X,27.6,28.8,21.6,14.3,67,X, ,X,높음
6/12/2022,진천(602),X,28.6,29.7,23.7,17.2,63,X, ,X,매우높음
6/12/2022,괴산(603),X,27.3,27.8,21.3,13.9,71,X, ,X,높음
6/12/2022,옥천(604),X,27.7,28.4,22.8,15.6,64,X, ,X,매우높음
6/12/2022,홍북(608),X,29.1,29.5,22.3,17.3,71,X, ,X,매우높음
6/12/2022,공주(612),X,28.8,30.1,23.9,17.3,60,X, ,X,매우높음
6/12/2022,서천(614),X,26,25.1,21.4,19.1,83,X, ,X,매우높음
6/12/2022,논산(615),X,28.7,28.8,23.4,19.3,66,X, ,X,매우높음
6/12/2022,당진(616),X,29.1,29.5,22.9,17.8,71,X, ,X,매우높음
6/12/2022,청양(618),X,28.8,28.7,21.9,15.7,77,X, ,X,매우높음
6/12/2022,음성(619),X,27.3,27.8,21.4,14.2,67,X, ,X,높음
6/12/2022,증평(623),X,27.6,28.1,23,16.7,67,X, ,X,매우높음
6/12/2022,태안(627),X,27.2,26.5,21.8,18.2,81,X, ,X,매우높음
6/12/2022,예산(628),X,28.6,29.3,23,17.6,71,X, ,X,높음
6/12/2022,아산(634),X,29.4,30.3,23.5,19.9,65,X, ,X,매우높음
6/12/2022,계룡(636),X,26.9,27.8,21.4,13.4,65,X, ,X,매우높음
6/12/2022,연천청산(652),X,,,,,,X, ,X,높음
6/12/2022,양양(670),X,23.4,20.8,18,15.1,96,X, ,X,높음
6/12/2022,무안(699),X,27.2,26.5,21.3,16.8,83,X, ,X,높음
6/12/2022,무주(701),X,27.1,27.5,21.4,14.7,73,X, ,X,매우높음
6/12/2022,익산(702),X,28.6,28.1,22.6,18.7,81,X, ,X,높음
6/12/2022,진안(703),X,26.1,25.5,19.2,14.3,87,X, ,X,매우높음
6/12/2022,담양(706),X,29.5,29.7,22.6,17.5,80,X, ,X,높음
6/12/2022,구례(709),X,28.5,28.5,22.6,18.2,77,X, ,X,매우높음
6/12/2022,나주(710),X,28.2,27.2,21.7,17.3,84,X, ,X,높음
6/12/2022,순천시(712),X,26.3,26.3,22.3,18.7,70,X, ,X,매우높음
6/12/2022,광양읍(713),X,27.3,28.1,22.2,17.4,68,X, ,X,매우높음
6/12/2022,장성(730),X,27.9,28.4,21.7,16.6,79,X, ,X,높음
6/12/2022,영암(731),X,27.3,26.4,21.7,17.4,80,X, ,X,매우높음
6/12/2022,보성(732),X,26.3,26,21.1,17.4,79,X, ,X,매우높음
6/12/2022,완주(734),X,29.1,29.2,22.5,16.7,81,X, ,X,높음
6/12/2022,김제(737),X,26.9,28.3,22.2,19.4,66,X, ,X,높음
6/12/2022,화순(741),X,27.4,26.9,21.8,16.8,75,X, ,X,높음
6/12/2022,함평(754),X,27.8,27.4,21.7,17.1,81,X, ,X,높음
6/12/2022,곡성(768),X,28.6,,,,,X, ,X,매우높음
6/12/2022,압해도(789),X,26.2,25.2,21.3,17.3,80,X, ,X,높음
6/12/2022,영양(801),X,25.3,25.6,18.4,12,76,X, ,X,높음
6/12/2022,성주(810),X,26.5,27.4,21.2,14.1,64,X, ,X,매우높음
6/12/2022,고령(812),X,26.5,27,21.1,14,70,X, ,X,매우높음
6/12/2022,청도(813),X,26.6,27.1,20.9,14.9,67,X, ,X,매우높음
6/12/2022,예천(815),X,26.8,27.8,20.9,13.9,67,X, ,X,높음
6/12/2022,김천(822),X,26.8,26.9,20.4,12.7,72,X, ,X,매우높음
6/12/2022,군위(823),X,26.7,26.8,20.7,13.5,72,X, ,X,높음
6/12/2022,칠곡(825),X,26.5,26.7,21.6,15.6,68,X, ,X,매우높음
6/12/2022,경산(827),X,25.6,26,20.6,15.9,66,X, ,X,매우높음
6/12/2022,삼척(876),X,24.4,23.8,18.7,15.1,80,X, ,X,높음
6/12/2022,속초(90),X,24.3,22.9,18.7,16.4,85.4,X, ,X,높음
6/12/2022,삼천포(907),X,24.8,24.5,20,16.2,72,X, ,X,매우높음
6/12/2022,고성(918),X,25.3,24.9,20,14.9,74,X, ,X,매우높음
6/12/2022,창녕(919),X,27.1,27.3,22.1,16.5,66,X, ,X,매우높음
6/12/2022,함안(920),X,26.9,26.4,20.2,14.2,78,X, ,X,매우높음
6/12/2022,북춘천(93),X,27.4,28.6,21.9,13.8,67.6,X, ,X,높음
6/12/2022,하동(932),X,26.7,26.7,21.5,16.3,71,X, ,X,매우높음
6/12/2022,철원(95),X,28,28.3,21.7,13.6,77.9,X, ,X,높음
6/12/2022,동두천(98),X,29.1,30.1,22.8,15.3,67,X, ,X,높음
6/12/2022,파주(99),X,28.7,29.5,22.1,15.1,71.1,X, ,X,높음
6/13/2022,북강릉(104),X,22.5,21.3,18.3,16.5,83.9,X, ,X,보통
6/13/2022,동해(106),X,22.7,21.4,18.9,16.8,83,X, ,X,보통
6/13/2022,서울(108),X,29,29.2,23.6,19.6,68.5,X, ,X,보통
6/13/2022,인천(112),X,28.4,28.9,22.7,18.9,67.8,X, ,X,보통
6/13/2022,원주(114),X,26.9,28.6,23.6,20.3,47.9,X, ,X,높음
6/13/2022,울릉도(115),X,21.8,20.1,17.2,15.3,87.6,X, ,X,높음
6/13/2022,수원(119),X,27.7,29.9,24.7,19.9,51.1,X, ,X,높음
6/13/2022,영월(121),X,27.7,29,22.1,17.2,53.3,X, ,X,높음
6/13/2022,충주(127),X,26.7,28.3,22.8,18.7,52.5,X, ,X,높음
6/13/2022,서산(129),X,27.6,29.5,23.9,18.8,58.9,X, ,X,높음
6/13/2022,울진(130),X,22.2,21.1,18.6,16.2,78.9,X, ,X,높음
6/13/2022,청주(131),X,26.5,28.1,23.6,20.6,49.6,X, ,X,높음
6/13/2022,대전(133),X,26.7,27.8,23.1,19.7,54.3,X, ,X,높음
6/13/2022,추풍령(135),X,23.6,23.7,19,15.8,65.8,X, ,X,높음
6/13/2022,안동(136),X,23.1,24,19.5,16.5,64,X, ,X,높음
6/13/2022,상주(137),X,26.2,27.1,20.6,17.3,63.8,X, ,X,보통
6/13/2022,포항(138),X,22.4,20.8,19.5,17.8,81,X, ,X,보통
6/13/2022,군산(140),X,27.8,28.7,22.8,18.5,68.8,X, ,X,높음
6/13/2022,대구(143),X,23.9,24,19.9,17.2,75.6,X, ,X,보통
6/13/2022,전주(146),X,27.2,28.2,22.7,18.6,63.9,X, ,X,높음
6/13/2022,울산(152),X,22,20.7,18.8,16.6,80.6,X, ,X,보통
6/13/2022,창원(155),X,22.5,22.7,19.9,17.3,65.1,X, ,X,보통
6/13/2022,광주(156),X,25.9,26.1,22,19.3,71,X, ,X,보통
6/13/2022,부산(159),X,23.3,22.4,19.4,17.8,77.6,X, ,X,보통
6/13/2022,통영(162),X,23.4,22.8,19.9,18.4,73,X, ,X,보통
6/13/2022,목포(165),X,23.6,23,20.9,18.4,69.3,X, ,X,보통
6/13/2022,여수(168),X,22.2,21.3,19.7,17.9,72.3,X, ,X,보통
6/13/2022,흑산도(169),X,22.5,21.1,18.4,16.3,86.5,X, ,X,보통
6/13/2022,완도(170),X,22.2,20.8,,18,,X, ,X,보통
6/13/2022,고창(172),X,25.7,26.5,21.9,18.3,67.3,X, ,X,보통
6/13/2022,제주(184),X,24.8,22.2,20.6,19.4,88.9,X, ,X,보통
6/13/2022,진주(192),X,24.5,24.6,20.1,16.8,75,X, ,X,보통
6/13/2022,양평(202),X,27.4,28,23,20,62.4,X, ,X,보통
6/13/2022,이천(203),X,28.3,29.8,23.8,19.3,58,X, ,X,보통
6/13/2022,인제(211),X,24.5,24.3,19.6,17,66,X, ,X,보통
6/13/2022,홍천(212),X,27.3,27.7,21.4,18.2,64.8,X, ,X,보통
6/13/2022,태백(216),X,20,20.3,15.3,13,74.9,X, ,X,높음
6/13/2022,정선군(217),X,24.1,26.7,20.5,16.3,51.3,X, ,X,높음
6/13/2022,제천(221),X,25.5,26.3,21.2,16.9,58.5,X, ,X,높음
6/13/2022,보은(226),X,24.4,25.1,20.3,17.5,62,X, ,X,높음
6/13/2022,천안(232),X,25.8,26.6,22.5,18.8,60.6,X, ,X,매우높음
6/13/2022,보령(235),X,27.8,28.3,23.1,18.7,66.9,X, ,X,높음
6/13/2022,부여(236),X,27,28,23,18.6,63.3,X, ,X,높음
6/13/2022,금산(238),X,25.2,26,21.2,18,63.4,X, ,X,높음
6/13/2022,세종(239),X,26.1,27.4,22.9,19.3,54.1,X, ,X,높음
6/13/2022,부안(243),X,27.1,28.1,23,18.8,68.9,X, ,X,높음
6/13/2022,임실(244),X,24.7,24.8,20.4,17,71,X, ,X,높음
6/13/2022,정읍(245),X,26.2,26.6,22,18.2,66.8,X, ,X,보통
6/13/2022,남원(247),X,24.7,25.1,21.3,18.5,65.5,X, ,X,보통
6/13/2022,장수(248),X,23.4,23.4,19.3,15.8,71.8,X, ,X,높음
6/13/2022,영광군(252),X,25.4,25.9,21.3,18.1,71.6,X, ,X,보통
6/13/2022,김해시(253),X,24.5,24.3,19.9,17.5,70.8,X, ,X,보통
6/13/2022,순창군(254),X,25.3,25.5,21.5,17.5,69.9,X, ,X,보통
6/13/2022,양산시(257),X,24.3,24.3,20.4,18.5,69.5,X, ,X,보통
6/13/2022,강진군(259),X,23.4,22.6,20.4,18.3,74.5,X, ,X,보통
6/13/2022,장흥(260),X,22.8,22.1,20,18.1,72.4,X, ,X,보통
6/13/2022,해남(261),X,23.1,21.9,20,18.1,73.3,X, ,X,보통
6/13/2022,고흥(262),X,22.6,21.9,19.4,16.8,73.5,X, ,X,보통
6/13/2022,의령군(263),X,24.7,24.9,20.4,16.6,70.3,X, ,X,보통
6/13/2022,함양군(264),X,24.4,24.4,20.6,16.6,67.6,X, ,X,보통
6/13/2022,진도군ASOS(268),X,22.8,21.8,19.9,17.2,72.9,X, ,X,보통
6/13/2022,봉화(271),X,22.2,23,18,13.8,68.3,X, ,X,높음
6/13/2022,영주(272),X,24.7,26,19.3,14.9,67.3,X, ,X,높음
6/13/2022,문경(273),X,24.7,25.4,19.3,15.4,68,X, ,X,높음
6/13/2022,청송군(276),X,21.7,22.1,17.9,12.8,65.3,X, ,X,보통
6/13/2022,영덕(277),X,23.2,22.5,18.3,14.7,80.9,X, ,X,보통
6/13/2022,의성(278),X,23.9,24.9,19.6,15,67,X, ,X,보통
6/13/2022,구미(279),X,25.4,26.3,20.9,17.5,60.1,X, ,X,보통
6/13/2022,영천(281),X,22.9,22.9,18.9,15.2,72.9,X, ,X,보통
6/13/2022,경주시(283),X,23.2,22.6,18.9,15,77,X, ,X,보통
6/13/2022,거창(284),X,24.4,24.5,19.9,16.4,70.4,X, ,X,보통
6/13/2022,합천(285),X,24.6,24.9,20.4,16.8,67.1,X, ,X,보통
6/13/2022,밀양(288),X,24.5,25.8,20.8,17.2,61.3,X, ,X,보통
6/13/2022,산청(289),X,24.1,23.6,20.3,16.8,71.6,X, ,X,보통
6/13/2022,거제(294),X,23.2,22.5,19.6,17.8,74.1,X, ,X,보통
6/13/2022,남해(295),X,22.9,22.2,19.8,17.1,76,X, ,X,보통
6/13/2022,부천(433),X,27.1,28,22.3,19.5,64,X, ,X,보통
6/13/2022,안양(434),X,21.9,29.7,24.1,20.3,,X, ,X,높음
6/13/2022,광명(437),X,28.4,29.6,23.7,20.7,61,X, ,X,보통
6/13/2022,군포(438),X,27.3,28.8,23.8,19.5,52,X, ,X,높음
6/13/2022,김포(441),X,,29,21.8,18.8,,X, ,X,보통
6/13/2022,하남(444),X,28.1,28.2,22.4,18.8,66,X, ,X,보통
6/13/2022,의왕(445),X,,,,,,X, ,X,높음
6/13/2022,포천(504),X,27.5,,,,,X, ,X,보통
6/13/2022,가평조종(505),X,28.3,28.1,19.5,15.4,88,X, ,X,보통
6/13/2022,안성(516),X,27.5,29.2,23.7,18.9,54,X, ,X,높음
6/13/2022,간성(517),X,23.2,20.7,18.3,16.5,95,X, ,X,보통
6/13/2022,평창(526),X,25.2,27.5,21.5,16.6,51,X, ,X,높음
6/13/2022,의정부(532),X,29.8,28.7,21.3,18.1,87,X, ,X,보통
6/13/2022,횡성(536),X,27.6,29,22.8,18.6,63,X, ,X,높음
6/13/2022,고양(540),X,29.5,30,21.5,17.1,75,X, ,X,보통
6/13/2022,남양주(541),X,27.9,28,22.1,18.2,69,X, ,X,보통
6/13/2022,안산(545),X,28.9,29.9,23.8,17.6,57,X, ,X,높음
6/13/2022,경기광주(546),X,27.8,29.2,22.1,19.1,67,X, ,X,보통
6/13/2022,여주(548),X,27.5,29.1,23.2,18.8,54,X, ,X,보통
6/13/2022,용인(549),X,27.6,29.6,23.5,18.8,51,X, ,X,높음
6/13/2022,오산(550),X,27.5,29.7,24,19.1,47,X, ,X,높음
6/13/2022,평택(551),X,27.2,28.4,23.8,19.7,56,X, ,X,높음
6/13/2022,화천(555),X,27.8,27.7,20.7,17.6,79,X, ,X,보통
6/13/2022,양구(556),X,25.1,25.6,20.1,16.4,64,X, ,X,보통
6/13/2022,시흥(565),X,28.9,29.6,23.8,19.4,66,X, ,X,높음
6/13/2022,구리(569),X,28.5,29.2,22.6,19.2,66,X, ,X,보통
6/13/2022,화성(571),X,28.5,30,24.4,19.8,53,X, ,X,높음
6/13/2022,성남(572),X,28,29.3,23.8,19.4,60,X, ,X,높음
6/13/2022,과천(590),X,29,30.5,23.7,19.4,63,X, ,X,높음
6/13/2022,양주(598),X,28,27.2,20.2,17.6,81,X, ,X,보통
6/13/2022,단양(601),X,26,27.8,21.7,17.7,58,X, ,X,높음
6/13/2022,진천(602),X,26.9,28.5,23.7,20.2,52,X, ,X,높음
6/13/2022,괴산(603),X,25.2,27.2,21.7,16.9,55,X, ,X,높음
6/13/2022,옥천(604),X,26.1,27.3,22.1,18.6,58,X, ,X,높음
6/13/2022,홍북(608),X,26.9,28.8,23,17.5,60,X, ,X,높음
6/13/2022,공주(612),X,26.7,27.9,23.2,18.8,55,X, ,X,높음
6/13/2022,서천(614),X,27.6,28,22.6,18.5,72,X, ,X,높음
6/13/2022,논산(615),X,26.8,28,23.6,19.3,57,X, ,X,높음
6/13/2022,당진(616),X,28,29.9,23.7,18.3,60,X, ,X,높음
6/13/2022,청양(618),X,27.7,28.7,22.8,16.8,61,X, ,X,높음
6/13/2022,음성(619),X,25.4,26.9,21.4,17.1,56,X, ,X,높음
6/13/2022,증평(623),X,25.9,26.8,22.3,19.2,58,X, ,X,높음
6/13/2022,태안(627),X,28.4,28.7,23,18.1,69,X, ,X,높음
6/13/2022,예산(628),X,27.7,29.2,23.8,18.8,59,X, ,X,높음
6/13/2022,아산(634),X,27.5,28.7,23.6,19.1,60,X, ,X,매우높음
6/13/2022,계룡(636),X,25.4,26.8,21.6,16.8,56,X, ,X,높음
6/13/2022,연천청산(652),X,,,,,,X, ,X,보통
6/13/2022,양양(670),X,23,20,18.3,17,97,X, ,X,보통
6/13/2022,무안(699),X,23.7,23.3,21,17.6,71,X, ,X,보통
6/13/2022,무주(701),X,24.5,25.3,20.6,16.9,65,X, ,X,높음
6/13/2022,익산(702),X,28.6,28.2,23.4,19.2,69,X, ,X,높음
6/13/2022,진안(703),X,24.3,24.2,19.7,16.6,72,X, ,X,높음
6/13/2022,담양(706),X,25.9,26,22.1,18.2,71,X, ,X,보통
6/13/2022,구례(709),X,24.6,24.3,21.4,17.7,70,X, ,X,보통
6/13/2022,나주(710),X,24.4,23.6,20.7,17.3,77,X, ,X,보통
6/13/2022,순천시(712),X,24.3,24.4,21.2,18.5,67,X, ,X,보통
6/13/2022,광양읍(713),X,24.2,24.3,21,18.2,65,X, ,X,보통
6/13/2022,장성(730),X,25.7,26.5,21.3,18,73,X, ,X,보통
6/13/2022,영암(731),X,24.3,23.6,20.8,18.3,71,X, ,X,보통
6/13/2022,보성(732),X,23.1,22.1,19.7,17.7,78,X, ,X,보통
6/13/2022,완주(734),X,27.5,28.3,22.6,17.5,67,X, ,X,높음
6/13/2022,김제(737),X,25.4,27.7,22.7,18.8,57,X, ,X,높음
6/13/2022,화순(741),X,24.4,24,21,17.5,66,X, ,X,보통
6/13/2022,함평(754),X,24.8,24.6,20.9,17.4,75,X, ,X,보통
6/13/2022,곡성(768),X,25.3,,,,,X, ,X,보통
6/13/2022,압해도(789),X,24.8,24.7,21,17.3,70,X, ,X,보통
6/13/2022,영양(801),X,22.6,22.5,18.4,14.1,72,X, ,X,보통
6/13/2022,성주(810),X,24.5,25.7,20.4,15.9,63,X, ,X,보통
6/13/2022,고령(812),X,24.5,24.7,20.2,16.1,69,X, ,X,보통
6/13/2022,청도(813),X,24.3,24.8,19.4,15.7,70,X, ,X,보통
6/13/2022,예천(815),X,25.1,26.1,20.1,16.6,63,X, ,X,높음
6/13/2022,김천(822),X,25.2,26.5,20.3,16,67,X, ,X,보통
6/13/2022,군위(823),X,24.3,25,19.9,15.3,70,X, ,X,보통
6/13/2022,칠곡(825),X,24.8,26.4,20.9,16.8,65,X, ,X,보통
6/13/2022,경산(827),X,24.4,25,19.6,16,69,X, ,X,보통
6/13/2022,삼척(876),X,24.5,23.8,19.1,16.7,78,X, ,X,보통
6/13/2022,속초(90),X,23.1,21.3,18.4,16.4,86.1,X, ,X,보통
6/13/2022,삼천포(907),X,24.3,24.1,20,17,68,X, ,X,보통
6/13/2022,고성(918),X,23.2,22.3,20,17.9,74,X, ,X,보통
6/13/2022,창녕(919),X,24.9,25.2,20.8,18,68,X, ,X,보통
6/13/2022,함안(920),X,24.6,24,19.7,16.7,78,X, ,X,보통
6/13/2022,북춘천(93),X,26.7,26.4,21.2,18.1,70.6,X, ,X,보통
6/13/2022,하동(932),X,24,23.7,20.6,18.2,73,X, ,X,보통
6/13/2022,철원(95),X,27.3,25.2,19.2,17,92,X, ,X,보통
6/13/2022,동두천(98),X,26.8,25.3,19,16.9,87.5,X, ,X,보통
6/13/2022,파주(99),X,26.2,24.5,19.4,16.2,91.8,X, ,X,보통
6/14/2022,북강릉(104),X,20.5,18.8,16.2,14.5,89.4,X, ,X,보통
6/14/2022,동해(106),X,21.9,19.9,17,14.4,90,X, ,X,보통
6/14/2022,서울(108),X,26.1,27.1,21.5,17.7,56.4,X, ,X,보통
6/14/2022,인천(112),X,25.9,27.6,21.8,18.2,50.1,X, ,X,보통
6/14/2022,원주(114),X,22.9,23.9,19.7,16.8,53,X, ,X,보통
6/14/2022,울릉도(115),X,20.4,17.7,16.4,15.4,91.8,X, ,X,보통
6/14/2022,수원(119),X,24.3,26.1,21.2,17.4,50.9,X, ,X,보통
6/14/2022,영월(121),X,22.1,22.4,17.2,14.2,70.9,X, ,X,보통
6/14/2022,충주(127),X,23.2,23.3,18.2,15.8,66.4,X, ,X,보통
6/14/2022,서산(129),X,23.4,24.2,19.5,15.4,64.5,X, ,X,보통
6/14/2022,울진(130),X,21,19.5,16.5,13.9,86.1,X, ,X,보통
6/14/2022,청주(131),X,21.5,21.3,18.8,16.2,66.5,X, ,X,보통
6/14/2022,대전(133),X,21.5,20.7,17.9,15.9,76,X, ,X,보통
6/14/2022,추풍령(135),X,18.3,17.2,15.1,14.1,84,X, ,X,보통
6/14/2022,안동(136),X,20.3,19.6,16.6,14.8,79.3,X, ,X,보통
6/14/2022,상주(137),X,20,18.3,16.4,15.1,87.6,X, ,X,보통
6/14/2022,포항(138),X,21.4,19.3,17.4,15.8,87.8,X, ,X,보통
6/14/2022,군산(140),X,21.6,21.2,18.5,16.5,74.3,X, ,X,보통
6/14/2022,대구(143),X,20.9,19.2,16.9,15.9,92.4,X, ,X,보통
6/14/2022,전주(146),X,21.8,20.7,18,16.3,84.8,X, ,X,보통
6/14/2022,울산(152),X,20.5,18.3,16.9,15.9,95,X, ,X,보통
6/14/2022,창원(155),X,20.2,18.6,17.1,15.8,82.9,X, ,X,보통
6/14/2022,광주(156),X,23.6,21.3,18.8,17.1,91.6,X, ,X,보통
6/14/2022,부산(159),X,21.2,18.4,17.3,16.8,94.5,X, ,X,보통
6/14/2022,통영(162),X,21,18.9,17.3,16.3,95.1,X, ,X,보통
6/14/2022,목포(165),X,22.9,21.2,19.2,17.2,83.6,X, ,X,보통
6/14/2022,여수(168),X,20.4,18.4,17.6,16.8,81.5,X, ,X,보통
6/14/2022,흑산도(169),X,21.5,18.5,17.5,16.6,95.8,X, ,X,보통
6/14/2022,완도(170),X,22.6,20.8,19.1,18,83.6,X, ,X,보통
6/14/2022,고창(172),X,22.3,20.6,18.4,17,85.3,X, ,X,보통
6/14/2022,제주(184),X,22.6,19.6,19,18.7,98.3,X, ,X,보통
6/14/2022,진주(192),X,20.2,18,16.9,16,88.9,X, ,X,보통
6/14/2022,양평(202),X,24.7,26.2,20.9,17.9,50.3,X, ,X,보통
6/14/2022,이천(203),X,25.3,26.1,19.4,15.1,66.5,X, ,X,보통
6/14/2022,인제(211),X,20.8,20.1,17.6,15.8,67.5,X, ,X,보통
6/14/2022,홍천(212),X,23.6,24.4,18.9,13.4,60.9,X, ,X,보통
6/14/2022,태백(216),X,15.6,13.7,11.9,9.6,89.4,X, ,X,보통
6/14/2022,정선군(217),X,19.2,19.7,16.2,13.6,65.4,X, ,X,보통
6/14/2022,제천(221),X,21,20.6,16.6,14.6,74.9,X, ,X,보통
6/14/2022,보은(226),X,19.6,18.3,16.7,15.3,80.9,X, ,X,보통
6/14/2022,천안(232),X,21.3,20.9,18,15.7,71.6,X, ,X,보통
6/14/2022,보령(235),X,21.9,22,19.2,16.3,67.6,X, ,X,보통
6/14/2022,부여(236),X,21.2,20.7,18.4,16,76.8,X, ,X,보통
6/14/2022,금산(238),X,19.6,18.8,16.9,15.5,79,X, ,X,보통
6/14/2022,세종(239),X,22.1,21.7,18.1,15.7,71.8,X, ,X,보통
6/14/2022,부안(243),X,22.1,21.6,18.4,16.8,83.4,X, ,X,보통
6/14/2022,임실(244),X,20.6,19.4,17.1,15.3,79.9,X, ,X,보통
6/14/2022,정읍(245),X,21.9,20.8,17.7,16,85.5,X, ,X,보통
6/14/2022,남원(247),X,20.6,19.6,17.7,16.3,74.6,X, ,X,보통
6/14/2022,장수(248),X,19.3,18,16.2,14.8,81.3,X, ,X,보통
6/14/2022,영광군(252),X,22.1,20.3,18.1,17.2,87.5,X, ,X,보통
6/14/2022,김해시(253),X,21.1,19.3,17.6,16,86.4,X, ,X,보통
6/14/2022,순창군(254),X,21.6,20.7,18.4,17,76,X, ,X,보통
6/14/2022,양산시(257),X,21.1,19.2,17.4,16.5,89.6,X, ,X,보통
6/14/2022,강진군(259),X,22.7,21.3,19.2,17.2,82.1,X, ,X,보통
6/14/2022,장흥(260),X,21.7,20.5,19.1,17.5,76.5,X, ,X,보통
6/14/2022,해남(261),X,23.1,21.8,19.3,17.6,81.9,X, ,X,보통
6/14/2022,고흥(262),X,21.2,19.8,18.1,17,81.8,X, ,X,보통
6/14/2022,의령군(263),X,20.5,18.8,17.6,16.9,81.3,X, ,X,보통
6/14/2022,함양군(264),X,20.5,19.4,16.1,15.4,90.5,X, ,X,보통
6/14/2022,진도군ASOS(268),X,23.3,22,19,17.2,83.8,X, ,X,보통
6/14/2022,봉화(271),X,19.4,18.6,16.4,14.1,73.8,X, ,X,보통
6/14/2022,영주(272),X,20.4,19.1,15.8,13.7,87.1,X, ,X,보통
6/14/2022,문경(273),X,20.1,18.6,16.2,14.6,87.5,X, ,X,보통
6/14/2022,청송군(276),X,18.5,17.6,15.9,14.7,76.4,X, ,X,보통
6/14/2022,영덕(277),X,20.4,18.6,16,13.9,89.8,X, ,X,보통
6/14/2022,의성(278),X,20.6,19.1,17,15.6,83.6,X, ,X,보통
6/14/2022,구미(279),X,20.1,19.1,16.9,15.7,84.8,X, ,X,보통
6/14/2022,영천(281),X,19.8,18.4,16.6,15.7,85.4,X, ,X,보통
6/14/2022,경주시(283),X,20.3,18.5,16.3,14.8,90.6,X, ,X,보통
6/14/2022,거창(284),X,19.6,18.3,16.1,14.8,88.3,X, ,X,보통
6/14/2022,합천(285),X,19.9,18.2,16.6,15.5,87.8,X, ,X,보통
6/14/2022,밀양(288),X,20.4,19.6,18.3,16.7,71.9,X, ,X,보통
6/14/2022,산청(289),X,20.3,18.4,15.6,15.1,96.5,X, ,X,보통
6/14/2022,거제(294),X,20.5,18.2,17,16.2,95.1,X, ,X,보통
6/14/2022,남해(295),X,20.7,18.1,16.8,16.1,93.8,X, ,X,보통
6/14/2022,부천(433),X,25.3,27.3,21.2,17.9,48,X, ,X,보통
6/14/2022,안양(434),X,19.4,26.2,21.4,17.7,,X, ,X,보통
6/14/2022,광명(437),X,25.4,27.1,22.2,18.5,49,X, ,X,보통
6/14/2022,군포(438),X,24.2,25.7,20.4,16.7,51,X, ,X,보통
6/14/2022,김포(441),X,,26.6,21.2,16.2,,X, ,X,보통
6/14/2022,하남(444),X,25.3,27,20.9,16,51,X, ,X,보통
6/14/2022,의왕(445),X,,,,,,X, ,X,보통
6/14/2022,포천(504),X,24.8,25.7,20.1,15.6,58,X, ,X,보통
6/14/2022,가평조종(505),X,23.8,24.1,19.1,15.6,61,X, ,X,보통
6/14/2022,안성(516),X,23.2,24.1,19.2,15.8,66,X, ,X,보통
6/14/2022,간성(517),X,21.7,19.2,17.1,15.5,93,X, ,X,보통
6/14/2022,평창(526),X,21.2,21.8,16.7,13.8,65,X, ,X,보통
6/14/2022,의정부(532),X,27,27.2,20.5,16.4,64,X, ,X,높음
6/14/2022,횡성(536),X,24.2,24.6,19.9,17.3,60,X, ,X,보통
6/14/2022,고양(540),X,25.8,26.8,21,16.3,55,X, ,X,보통
6/14/2022,남양주(541),X,25,25.9,20.5,15.3,56,X, ,X,보통
6/14/2022,안산(545),X,25.6,26.9,20.2,14.7,58,X, ,X,보통
6/14/2022,경기광주(546),X,23.9,25.1,20.1,16.7,52,X, ,X,보통
6/14/2022,여주(548),X,24.2,25.4,19.3,14.9,58,X, ,X,보통
6/14/2022,용인(549),X,24.4,26.1,19.8,17.3,52,X, ,X,보통
6/14/2022,오산(550),X,24.4,26.2,20.3,16.9,50,X, ,X,보통
6/14/2022,평택(551),X,23.7,24.5,19.4,16.1,66,X, ,X,보통
6/14/2022,화천(555),X,24.4,24.8,18.3,11.8,76,X, ,X,보통
6/14/2022,양구(556),X,21.4,21.7,18.3,14.2,60,X, ,X,보통
6/14/2022,시흥(565),X,25.7,26.8,21.6,17.4,54,X, ,X,보통
6/14/2022,구리(569),X,25.7,27.3,21.1,15.9,51,X, ,X,보통
6/14/2022,화성(571),X,24.7,25.9,20.7,17.7,56,X, ,X,보통
6/14/2022,성남(572),X,25.4,27,21.3,15.8,52,X, ,X,보통
6/14/2022,과천(590),X,26.8,28.4,21.3,15.9,56,X, ,X,보통
6/14/2022,양주(598),X,24.8,25.5,20.2,14.8,57,X, ,X,높음
6/14/2022,단양(601),X,22.1,22.1,16.8,14.6,79,X, ,X,보통
6/14/2022,진천(602),X,22,21.7,18.6,16.2,68,X, ,X,보통
6/14/2022,괴산(603),X,21,20.3,17.1,14.2,75,X, ,X,보통
6/14/2022,옥천(604),X,20.7,18.9,17.4,16.4,80,X, ,X,보통
6/14/2022,홍북(608),X,22.2,22.6,17.9,14.5,72,X, ,X,보통
6/14/2022,공주(612),X,21.8,21.7,18.2,15.4,72,X, ,X,보통
6/14/2022,서천(614),X,21.9,21,18.8,16.8,75,X, ,X,보통
6/14/2022,논산(615),X,21.4,20.8,18.6,16.9,72,X, ,X,보통
6/14/2022,당진(616),X,23.8,24.9,19.6,15.2,65,X, ,X,보통
6/14/2022,청양(618),X,22.8,22.7,18.2,15.2,74,X, ,X,보통
6/14/2022,음성(619),X,21.3,20.9,16.5,14.3,73,X, ,X,보통
6/14/2022,증평(623),X,21.5,20.5,18,15.7,73,X, ,X,보통
6/14/2022,태안(627),X,23.8,24.1,19.3,15.1,70,X, ,X,보통
6/14/2022,예산(628),X,23.7,23.7,19,15.4,71,X, ,X,보통
6/14/2022,아산(634),X,23.2,23.6,19.1,15.4,66,X, ,X,보통
6/14/2022,계룡(636),X,20,19.2,17,15.4,71,X, ,X,보통
6/14/2022,연천청산(652),X,,,,,,X, ,X,보통
6/14/2022,양양(670),X,21.4,18.7,17,15,97,X, ,X,보통
6/14/2022,무안(699),X,23,21.1,18.7,17.1,85,X, ,X,보통
6/14/2022,무주(701),X,20,19,17.4,15.8,76,X, ,X,보통
6/14/2022,익산(702),X,22.2,21.3,18.8,17.2,82,X, ,X,보통
6/14/2022,진안(703),X,19.4,18.1,16.4,14.8,79,X, ,X,보통
6/14/2022,담양(706),X,23,22.1,19.2,17.2,82,X, ,X,보통
6/14/2022,구례(709),X,23,21.9,19.8,17.8,76,X, ,X,보통
6/14/2022,나주(710),X,23.1,21.2,19,17.3,87,X, ,X,보통
6/14/2022,순천시(712),X,22.8,22.2,19.8,17.8,71,X, ,X,보통
6/14/2022,광양읍(713),X,22.6,22.2,19.8,17.9,68,X, ,X,보통
6/14/2022,장성(730),X,22.8,20.7,18.6,17.1,83,X, ,X,보통
6/14/2022,영암(731),X,23.5,22.6,19.5,17.5,80,X, ,X,보통
6/14/2022,보성(732),X,22.7,21.3,18.7,16.8,82,X, ,X,보통
6/14/2022,완주(734),X,21.8,20.4,17.8,15.8,85,X, ,X,보통
6/14/2022,김제(737),X,21.1,21.2,18,16.4,76,X, ,X,보통
6/14/2022,화순(741),X,23.8,22.5,19.5,17.1,78,X, ,X,보통
6/14/2022,함평(754),X,22.8,20.7,18.9,17.2,88,X, ,X,보통
6/14/2022,곡성(768),X,22.6,21.7,18.5,16.2,79,X, ,X,보통
6/14/2022,압해도(789),X,23.5,21.5,19.2,17.3,82,X, ,X,보통
6/14/2022,영양(801),X,19.8,18.4,16.1,14.6,84,X, ,X,보통
6/14/2022,성주(810),X,20.6,19.6,16.9,15.8,87,X, ,X,보통
6/14/2022,고령(812),X,20.4,19.1,16.2,15.5,98,X, ,X,보통
6/14/2022,청도(813),X,19.8,17.9,17.1,15.9,80,X, ,X,보통
6/14/2022,예천(815),X,21.3,20.5,16.8,15,82,X, ,X,보통
6/14/2022,김천(822),X,19.8,18.7,15.7,14.6,92,X, ,X,보통
6/14/2022,군위(823),X,20.7,18.7,16.4,15,93,X, ,X,보통
6/14/2022,칠곡(825),X,21.1,19.2,17.3,16.4,90,X, ,X,보통
6/14/2022,경산(827),X,20,18.7,16.6,15.7,85,X, ,X,보통
6/14/2022,삼척(876),X,21.1,19.6,16.6,14.3,85,X, ,X,보통
6/14/2022,속초(90),X,21.7,20.1,17.3,15.9,80.9,X, ,X,보통
6/14/2022,삼천포(907),X,21,19.4,17.9,16.6,79,X, ,X,보통
6/14/2022,고성(918),X,20.9,18.9,17.3,16.2,90,X, ,X,보통
6/14/2022,창녕(919),X,20.7,19,17.9,16.9,82,X, ,X,보통
6/14/2022,함안(920),X,20.5,18.3,17,16,91,X, ,X,보통
6/14/2022,북춘천(93),X,23.5,23.8,20,17.6,58.1,X, ,X,보통
6/14/2022,하동(932),X,21.1,19.7,18.2,17,80,X, ,X,보통
6/14/2022,철원(95),X,24.4,24.8,19.5,14.9,65.5,X, ,X,보통
6/14/2022,동두천(98),X,26.2,26.5,19.8,14.3,63.9,X, ,X,높음
6/14/2022,파주(99),X,26.1,26.7,19.9,13.9,66.9,X, ,X,보통
6/15/2022,북강릉(104),X,19.3,17.3,15,13.6,90.3,X, ,X,보통
6/15/2022,동해(106),X,20.4,18.1,16,14.1,90,X, ,X,보통
6/15/2022,서울(108),X,22.5,20.1,17.5,14.9,92.4,X, ,X,보통
6/15/2022,인천(112),X,22.5,20,17.3,14.9,90.5,X, ,X,보통
6/15/2022,원주(114),X,22.8,21.1,17.3,14.1,86.5,X, ,X,보통
6/15/2022,울릉도(115),X,23.9,21.3,18.7,16.3,91.8,X, ,X,보통
6/15/2022,수원(119),X,23.8,21.4,17.9,14.9,90.8,X, ,X,보통
6/15/2022,영월(121),X,23.3,21.6,16.7,13.6,90.9,X, ,X,보통
6/15/2022,충주(127),X,25.2,23.8,17.9,13.8,85.9,X, ,X,보통
6/15/2022,서산(129),X,24.7,23.2,18.7,15,87.9,X, ,X,보통
6/15/2022,울진(130),X,21.3,19.5,16.8,13.7,87.1,X, ,X,보통
6/15/2022,청주(131),X,26.9,26.9,19.6,14.8,77.1,X, ,X,보통
6/15/2022,대전(133),X,26.6,26.2,19.8,15.4,80.1,X, ,X,보통
6/15/2022,추풍령(135),X,23.1,21.5,17.3,13.8,87.1,X, ,X,보통
6/15/2022,안동(136),X,24.8,24.1,18.1,14.1,84.6,X, ,X,보통
6/15/2022,상주(137),X,25.4,24,18.4,14.6,88.9,X, ,X,보통
6/15/2022,포항(138),X,26.3,25.9,18.9,15.5,85.5,X, ,X,보통
6/15/2022,군산(140),X,25.2,23.6,19.8,15.7,84.3,X, ,X,보통
6/15/2022,대구(143),X,26,25.3,19.7,15.5,88.6,X, ,X,보통
6/15/2022,전주(146),X,26.4,25.6,20.8,16.4,78.5,X, ,X,보통
6/15/2022,울산(152),X,26.4,25,19.9,15,85.9,X, ,X,보통
6/15/2022,창원(155),X,26.3,25.6,20.2,15.6,79.1,X, ,X,보통
6/15/2022,광주(156),X,28.4,27,21.3,17.1,88.5,X, ,X,높음
6/15/2022,부산(159),X,25.3,23.4,19.8,16.1,88.1,X, ,X,보통
6/15/2022,통영(162),X,26,24.4,19.9,15.8,88.5,X, ,X,높음
6/15/2022,목포(165),X,26.1,24.8,21.2,18.3,80.3,X, ,X,매우높음
6/15/2022,여수(168),X,25.1,23.5,19.9,16.6,84.1,X, ,X,높음
6/15/2022,흑산도(169),X,25,22.9,19.5,16.8,91.6,X, ,X,매우높음
6/15/2022,완도(170),X,27,25.8,21,17.8,83.5,X, ,X,매우높음
6/15/2022,고창(172),X,26.1,25,21,17.3,77.5,X, ,X,높음
6/15/2022,제주(184),X,29.2,29,23,17.9,81.1,X, ,X,매우높음
6/15/2022,진주(192),X,27,26.1,20.4,15.6,83.9,X, ,X,보통
6/15/2022,양평(202),X,21.3,18.9,16.8,14.5,93.5,X, ,X,보통
6/15/2022,이천(203),X,22.5,20,16.5,13.8,98.4,X, ,X,보통
6/15/2022,인제(211),X,20.3,17.7,15.4,13.2,90.4,X, ,X,보통
6/15/2022,홍천(212),X,20.9,18.4,16.2,13.4,92.5,X, ,X,보통
6/15/2022,태백(216),X,20.1,18.8,14.2,10,88.9,X, ,X,보통
6/15/2022,정선군(217),X,20.8,19.1,15.9,12.8,83.5,X, ,X,보통
6/15/2022,제천(221),X,22.4,20.5,16.3,13,93.5,X, ,X,보통
6/15/2022,보은(226),X,24.4,23.2,18.3,14.2,86.3,X, ,X,보통
6/15/2022,천안(232),X,25.8,24.9,18.8,14.3,87.8,X, ,X,보통
6/15/2022,보령(235),X,24.6,22.3,19.1,15.8,90.4,X, ,X,보통
6/15/2022,부여(236),X,26.3,25,19.3,15.5,86.4,X, ,X,보통
6/15/2022,금산(238),X,24.2,22.8,18.4,14.9,87.1,X, ,X,보통
6/15/2022,세종(239),X,26,25.4,19,14.9,82.3,X, ,X,보통
6/15/2022,부안(243),X,26.6,25.7,21.1,16.6,80.3,X, ,X,높음
6/15/2022,임실(244),X,25.8,25.3,18.7,15.1,84.1,X, ,X,보통
6/15/2022,정읍(245),X,25.8,25.1,20.8,16.5,76.3,X, ,X,높음
6/15/2022,남원(247),X,25.5,25,19.9,15.3,80.4,X, ,X,보통
6/15/2022,장수(248),X,24.7,23.9,19,14.9,80,X, ,X,보통
6/15/2022,영광군(252),X,26.5,25.1,21.1,17.2,79.6,X, ,X,매우높음
6/15/2022,김해시(253),X,26.4,25.4,20.1,15.6,84.1,X, ,X,보통
6/15/2022,순창군(254),X,26.3,25.5,20.5,15.9,80.6,X, ,X,보통
6/15/2022,양산시(257),X,27.1,26.4,20.7,16.2,81.9,X, ,X,보통
6/15/2022,강진군(259),X,27.5,26.8,20.9,18,83.6,X, ,X,높음
6/15/2022,장흥(260),X,27.1,26.8,20.9,17.9,80.1,X, ,X,보통
6/15/2022,해남(261),X,27.3,25.9,21.2,18,85.9,X, ,X,높음
6/15/2022,고흥(262),X,26.3,25.5,20.2,16.5,83.9,X, ,X,보통
6/15/2022,의령군(263),X,27,26.8,20.9,16.1,77.3,X, ,X,보통
6/15/2022,함양군(264),X,26.4,26.2,19.7,15.4,80,X, ,X,보통
6/15/2022,진도군ASOS(268),X,26.6,25.3,20.9,17.8,84.3,X, ,X,매우높음
6/15/2022,봉화(271),X,21.6,19.8,16.4,13.4,92,X, ,X,보통
6/15/2022,영주(272),X,21.7,19.4,16.2,13.6,96.5,X, ,X,보통
6/15/2022,문경(273),X,24.1,22.3,17.6,14,92.1,X, ,X,보통
6/15/2022,청송군(276),X,24.6,24.9,18.2,13.8,77.1,X, ,X,보통
6/15/2022,영덕(277),X,22.4,20.8,17.1,14.4,89.4,X, ,X,보통
6/15/2022,의성(278),X,25.1,24.7,18.8,15,87.6,X, ,X,보통
6/15/2022,구미(279),X,25.7,25.2,18.9,15.2,86.9,X, ,X,보통
6/15/2022,영천(281),X,25.1,24.6,19,14.8,85.5,X, ,X,보통
6/15/2022,경주시(283),X,26.9,26.9,19.7,14.6,81.6,X, ,X,보통
6/15/2022,거창(284),X,26,25.4,19.7,14.7,79.9,X, ,X,보통
6/15/2022,합천(285),X,26.5,26.2,20.5,15.4,79.4,X, ,X,보통
6/15/2022,밀양(288),X,26.4,26.2,20.7,16.4,74,X, ,X,보통
6/15/2022,산청(289),X,25.9,25.3,19.4,15,86.3,X, ,X,보통
6/15/2022,거제(294),X,24.7,22.9,19.9,16.2,85.5,X, ,X,높음
6/15/2022,남해(295),X,25.9,24.7,20,15.9,85.8,X, ,X,높음
6/15/2022,부천(433),X,21.9,19.7,16.9,14.1,89,X, ,X,보통
6/15/2022,안양(434),X,22.2,20.9,18.1,14.9,,X, ,X,보통
6/15/2022,광명(437),X,23.2,21.3,18.2,15.2,87,X, ,X,보통
6/15/2022,군포(438),X,22.5,20.4,17.4,14.1,85,X, ,X,보통
6/15/2022,김포(441),X,,20.6,17.3,14.7,,X, ,X,보통
6/15/2022,하남(444),X,21.2,18.5,16.3,13.6,92,X, ,X,보통
6/15/2022,의왕(445),X,,,,,,X, ,X,보통
6/15/2022,포천(504),X,20.8,18.5,16.3,13.7,91,X, ,X,보통
6/15/2022,가평조종(505),X,20.6,18,15.8,13.3,95,X, ,X,보통
6/15/2022,안성(516),X,25.5,25,18.6,14.2,87,X, ,X,보통
6/15/2022,간성(517),X,20,17.2,15,13.7,96,X, ,X,보통
6/15/2022,평창(526),X,21.3,19.9,16.1,13,87,X, ,X,보통
6/15/2022,의정부(532),X,21.8,18.8,16.4,14,98,X, ,X,보통
6/15/2022,횡성(536),X,22.2,19.5,16.6,13.8,98,X, ,X,보통
6/15/2022,고양(540),X,22.5,20.3,17.1,14.4,91,X, ,X,보통
6/15/2022,남양주(541),X,21.7,19.7,16.6,13.7,90,X, ,X,보통
6/15/2022,안산(545),X,24,21.8,17.3,14.4,95,X, ,X,보통
6/15/2022,경기광주(546),X,20.4,17.8,16,13.5,94,X, ,X,보통
6/15/2022,여주(548),X,22.2,19.8,16.3,13.4,98,X, ,X,보통
6/15/2022,용인(549),X,21.9,19.8,16.8,14.1,93,X, ,X,보통
6/15/2022,오산(550),X,23.8,21.7,17.5,14.1,94,X, ,X,보통
6/15/2022,평택(551),X,26.1,25.2,18.7,14.6,89,X, ,X,보통
6/15/2022,화천(555),X,21.4,18.5,16.2,13.5,97,X, ,X,보통
6/15/2022,양구(556),X,19.9,18.1,15.8,13,86,X, ,X,보통
6/15/2022,시흥(565),X,23.9,21.8,18.1,15.2,91,X, ,X,보통
6/15/2022,구리(569),X,21.8,19.9,17,14.2,83,X, ,X,보통
6/15/2022,화성(571),X,23.8,21.9,17.7,14.6,92,X, ,X,보통
6/15/2022,성남(572),X,22.4,20.1,17.4,14.4,88,X, ,X,보통
6/15/2022,과천(590),X,22.4,19.4,17.3,14.3,96,X, ,X,보통
6/15/2022,양주(598),X,21.1,18.6,16.3,13.7,92,X, ,X,보통
6/15/2022,단양(601),X,24.3,23,17.8,13.9,89,X, ,X,보통
6/15/2022,진천(602),X,26.5,26,19.6,15,81,X, ,X,보통
6/15/2022,괴산(603),X,24.9,23.8,18.2,13.9,86,X, ,X,보통
6/15/2022,옥천(604),X,25.9,25.1,19.5,15.2,82,X, ,X,보통
6/15/2022,홍북(608),X,24.9,23,17.8,14.3,94,X, ,X,보통
6/15/2022,공주(612),X,26,25.5,19,14.8,83,X, ,X,보통
6/15/2022,서천(614),X,25.1,23.1,19.5,15.9,88,X, ,X,보통
6/15/2022,논산(615),X,26.2,25.1,19.9,15.7,81,X, ,X,보통
6/15/2022,당진(616),X,25.9,24.3,18.6,14.9,91,X, ,X,보통
6/15/2022,청양(618),X,26.2,25,18.8,15,87,X, ,X,보통
6/15/2022,음성(619),X,24.7,23.6,17.5,13.1,85,X, ,X,보통
6/15/2022,증평(623),X,25.6,24.5,19,14.4,86,X, ,X,보통
6/15/2022,태안(627),X,25.5,23,18.4,15.1,95,X, ,X,보통
6/15/2022,예산(628),X,25.8,24.3,19.1,15,88,X, ,X,보통
6/15/2022,아산(634),X,27.9,27,19.4,14.8,86,X, ,X,보통
6/15/2022,계룡(636),X,24.8,24.1,18.6,14.6,79,X, ,X,보통
6/15/2022,연천청산(652),X,,,,,,X, ,X,보통
6/15/2022,양양(670),X,19.3,16.4,15.1,14.2,97,X, ,X,보통
6/15/2022,무안(699),X,26.9,25.7,21.3,17.2,81,X, ,X,매우높음
6/15/2022,무주(701),X,25.5,24.3,18.7,14.8,85,X, ,X,보통
6/15/2022,익산(702),X,26.8,24.6,20.3,16.2,90,X, ,X,보통
6/15/2022,진안(703),X,24.5,23.1,18.2,14.5,88,X, ,X,보통
6/15/2022,담양(706),X,27.7,26.5,21.3,16.8,84,X, ,X,높음
6/15/2022,구례(709),X,28,27.1,21.1,17.1,83,X, ,X,보통
6/15/2022,나주(710),X,27.3,25.9,21.2,17.6,83,X, ,X,매우높음
6/15/2022,순천시(712),X,27.8,27.3,21.5,17.6,77,X, ,X,보통
6/15/2022,광양읍(713),X,27.6,27.3,21.5,17.1,75,X, ,X,보통
6/15/2022,장성(730),X,27.2,26.9,21.2,16.8,78,X, ,X,높음
6/15/2022,영암(731),X,26.9,25.9,21.2,18,80,X, ,X,높음
6/15/2022,보성(732),X,27.3,26.5,20.7,17,82,X, ,X,보통
6/15/2022,완주(734),X,26.4,24.6,19.1,15.5,91,X, ,X,보통
6/15/2022,김제(737),X,26.1,25.9,20.8,16.1,71,X, ,X,보통
6/15/2022,화순(741),X,27.3,27.2,21.1,16.7,76,X, ,X,높음
6/15/2022,함평(754),X,27,25.9,21.2,17.2,83,X, ,X,매우높음
6/15/2022,곡성(768),X,27.3,26.9,20.9,15.9,78,X, ,X,보통
6/15/2022,압해도(789),X,26,24.5,20.9,17.9,83,X, ,X,매우높음
6/15/2022,영양(801),X,24.3,23.4,17.5,13.8,89,X, ,X,보통
6/15/2022,성주(810),X,25.4,24.4,19.1,15.4,88,X, ,X,보통
6/15/2022,고령(812),X,26.4,26.3,20.3,15.2,84,X, ,X,보통
6/15/2022,청도(813),X,26.6,26,19.9,15.6,82,X, ,X,보통
6/15/2022,예천(815),X,24.6,23.8,17.9,14.4,87,X, ,X,높음
6/15/2022,김천(822),X,25.1,23.4,18,14.3,93,X, ,X,보통
6/15/2022,군위(823),X,25.9,25,18.9,14.7,91,X, ,X,높음
6/15/2022,칠곡(825),X,25.6,24.3,19.4,15.7,93,X, ,X,보통
6/15/2022,경산(827),X,26.1,25.9,19.8,15.4,80,X, ,X,보통
6/15/2022,삼척(876),X,20.7,19.2,15.9,13.8,86,X, ,X,보통
6/15/2022,속초(90),X,18.6,16.6,14.8,13.7,89.5,X, ,X,보통
6/15/2022,삼천포(907),X,25.9,24.2,19.9,15.6,83,X, ,X,보통
6/15/2022,고성(918),X,25.3,23.4,19.7,15.6,89,X, ,X,높음
6/15/2022,창녕(919),X,27.3,27.1,20.9,15.8,81,X, ,X,보통
6/15/2022,함안(920),X,27,26.4,20.6,15.6,82,X, ,X,보통
6/15/2022,북춘천(93),X,20.6,18,16,13.6,95,X, ,X,보통
6/15/2022,하동(932),X,27.2,26.6,21.2,16.4,81,X, ,X,보통
6/15/2022,철원(95),X,20.3,17.2,15.6,13.2,100,X, ,X,보통
6/15/2022,동두천(98),X,20.6,17.8,15.9,13.3,95.9,X, ,X,보통
6/15/2022,파주(99),X,20.2,17.5,15.7,13.6,98,X, ,X,보통
6/16/2022,북강릉(104),X,25.6,25.5,19.7,14.2,76,X, ,X,높음
6/16/2022,동해(106),X,24.1,21.9,19.3,15,85.1,X, ,X,높음
6/16/2022,서울(108),X,24.9,24.8,20.3,17.6,78.4,X, ,X,매우높음
6/16/2022,인천(112),X,22.9,22.3,19.2,17,78.5,X, ,X,매우높음
6/16/2022,원주(114),X,23.5,23.1,19.4,17,73.6,X, ,X,높음
6/16/2022,울릉도(115),X,24.5,22.8,19.5,15.9,89.9,X, ,X,높음
6/16/2022,수원(119),X,24.2,25,19.9,17.1,75.9,X, ,X,매우높음
6/16/2022,영월(121),X,22.5,21.8,18.7,14.8,78.9,X, ,X,높음
6/16/2022,충주(127),X,24.3,23.8,19.6,15.8,75.5,X, ,X,높음
6/16/2022,서산(129),X,25.5,25,20,16.7,74.8,X, ,X,매우높음
6/16/2022,울진(130),X,25.4,24.7,20.9,15.2,74,X, ,X,높음
6/16/2022,청주(131),X,25.8,26.7,22,18.7,62.4,X, ,X,매우높음
6/16/2022,대전(133),X,26.8,27.7,22,18.8,61.6,X, ,X,매우높음
6/16/2022,추풍령(135),X,24.9,25.5,19.7,15,71.8,X, ,X,매우높음
6/16/2022,안동(136),X,24.7,25.5,20.7,16.4,70,X, ,X,높음
6/16/2022,상주(137),X,26.5,27.1,21.3,17,70.8,X, ,X,매우높음
6/16/2022,포항(138),X,28.1,29.2,22.9,17.4,69.6,X, ,X,매우높음
6/16/2022,군산(140),X,24.2,23.6,20.2,17.1,75.6,X, ,X,매우높음
6/16/2022,대구(143),X,28,28.9,23.2,16.8,69.6,X, ,X,매우높음
6/16/2022,전주(146),X,25.9,26.3,21.9,18.3,65.3,X, ,X,매우높음
6/16/2022,울산(152),X,28,29.4,23.4,18.6,68.4,X, ,X,매우높음
6/16/2022,창원(155),X,27.7,28,22.5,18.8,71.8,X, ,X,매우높음
6/16/2022,광주(156),X,27.3,28.1,23.3,19.1,72.6,X, ,X,매우높음
6/16/2022,부산(159),X,26.9,26,22.1,19.8,79.3,X, ,X,매우높음
6/16/2022,통영(162),X,26.5,25.8,21.7,19.7,81.6,X, ,X,매우높음
6/16/2022,목포(165),X,26.1,25.7,21.5,17.9,79.1,X, ,X,높음
6/16/2022,여수(168),X,26.7,27,22.2,19.1,75,X, ,X,매우높음
6/16/2022,흑산도(169),X,24.7,22.6,18.9,16.7,94.4,X, ,X,높음
6/16/2022,완도(170),X,27.4,27,22.2,19.5,78.9,X, ,X,매우높음
6/16/2022,고창(172),X,25.7,26.3,21.7,18.1,69.3,X, ,X,매우높음
6/16/2022,제주(184),X,27.2,25.7,22.3,19.4,85.8,X, ,X,매우높음
6/16/2022,진주(192),X,28.6,30,23.8,18.2,66.1,X, ,X,매우높음
6/16/2022,양평(202),X,24.2,23.9,19.7,17.2,80.5,X, ,X,높음
6/16/2022,이천(203),X,25.4,25,20.2,17,79.4,X, ,X,높음
6/16/2022,인제(211),X,23.7,23,18.5,15.1,84.3,X, ,X,매우높음
6/16/2022,홍천(212),X,24.4,23.9,19.2,16.2,81.4,X, ,X,높음
6/16/2022,태백(216),X,21.7,21.6,17.1,12.7,71.3,X, ,X,높음
6/16/2022,정선군(217),X,21.3,20.7,17.8,14.8,77.3,X, ,X,높음
6/16/2022,제천(221),X,22.7,21.8,17.9,13.9,83.8,X, ,X,높음
6/16/2022,보은(226),X,24.8,24.9,20.2,15.9,71.5,X, ,X,매우높음
6/16/2022,천안(232),X,25,25.4,20.4,16.2,74.5,X, ,X,매우높음
6/16/2022,보령(235),X,23.7,23.3,19.3,16.6,76.5,X, ,X,매우높음
6/16/2022,부여(236),X,26.1,26,20.8,16.4,73.3,X, ,X,매우높음
6/16/2022,금산(238),X,24.9,25.4,20.4,16.3,68.9,X, ,X,매우높음
6/16/2022,세종(239),X,25.8,26.4,20.8,17.5,65.8,X, ,X,매우높음
6/16/2022,부안(243),X,25.1,25.1,21,17.5,74.3,X, ,X,매우높음
6/16/2022,임실(244),X,24.7,25.7,20.2,15.5,71.4,X, ,X,매우높음
6/16/2022,정읍(245),X,25.5,26.5,21.6,18.1,67.8,X, ,X,매우높음
6/16/2022,남원(247),X,26.6,27.5,21.9,18.3,65.8,X, ,X,매우높음
6/16/2022,장수(248),X,24.4,25.1,19.9,15.2,68,X, ,X,매우높음
6/16/2022,영광군(252),X,25.6,26,21.5,18,73.8,X, ,X,매우높음
6/16/2022,김해시(253),X,28.2,28.2,23.3,19.1,70.3,X, ,X,매우높음
6/16/2022,순창군(254),X,26.2,27.5,22.1,18.4,67.5,X, ,X,매우높음
6/16/2022,양산시(257),X,29.2,30,23.7,20,70.6,X, ,X,매우높음
6/16/2022,강진군(259),X,28.5,29.3,22.7,17.5,74.9,X, ,X,높음
6/16/2022,장흥(260),X,27.7,28.5,22.3,17.4,72.3,X, ,X,매우높음
6/16/2022,해남(261),X,26.9,27.2,22,18.6,81,X, ,X,높음
6/16/2022,고흥(262),X,26.6,27.4,22.2,17.2,73.5,X, ,X,매우높음
6/16/2022,의령군(263),X,28.8,30.6,24.2,18.9,62.4,X, ,X,매우높음
6/16/2022,함양군(264),X,26.8,28.4,21.6,16.2,64.5,X, ,X,매우높음
6/16/2022,진도군ASOS(268),X,26.8,26.1,21.3,17.5,81.3,X, ,X,높음
6/16/2022,봉화(271),X,23.1,23.1,18.5,12.8,77.9,X, ,X,높음
6/16/2022,영주(272),X,23.6,23.3,18.6,13.8,79.9,X, ,X,높음
6/16/2022,문경(273),X,24.9,25,19.7,15.3,76.4,X, ,X,매우높음
6/16/2022,청송군(276),X,25.1,26.5,20,13.6,67.3,X, ,X,매우높음
6/16/2022,영덕(277),X,26.6,27.4,21,14.9,68.6,X, ,X,매우높음
6/16/2022,의성(278),X,26,26.9,21.2,15.3,72.5,X, ,X,매우높음
6/16/2022,구미(279),X,27,28.3,22,17.5,68.9,X, ,X,매우높음
6/16/2022,영천(281),X,27.1,28,21.4,16,71.9,X, ,X,매우높음
6/16/2022,경주시(283),X,28.7,30,23,17,67.5,X, ,X,매우높음
6/16/2022,거창(284),X,26.2,27.9,21.8,16.6,62.6,X, ,X,매우높음
6/16/2022,합천(285),X,27.9,30.4,23.1,16.9,60.8,X, ,X,매우높음
6/16/2022,밀양(288),X,28.4,31,24,18,61.6,X, ,X,매우높음
6/16/2022,산청(289),X,28,29.2,21.9,15.8,69.3,X, ,X,매우높음
6/16/2022,거제(294),X,26.3,25.4,22.1,20.1,75.1,X, ,X,매우높음
6/16/2022,남해(295),X,27.7,28.5,22.8,18.5,71.4,X, ,X,매우높음
6/16/2022,부천(433),X,23.1,23,19.2,16.1,74,X, ,X,매우높음
6/16/2022,안양(434),X,21.4,24.3,20,17.3,,X, ,X,매우높음
6/16/2022,광명(437),X,24.2,24.5,20.3,17,74,X, ,X,매우높음
6/16/2022,군포(438),X,24,24.2,19.3,16.4,74,X, ,X,매우높음
6/16/2022,김포(441),X,,24.1,19.6,16.8,,X, ,X,매우높음
6/16/2022,하남(444),X,24.8,24.2,19,15.8,81,X, ,X,높음
6/16/2022,의왕(445),X,,,,,,X, ,X,매우높음
6/16/2022,포천(504),X,24.8,24.2,19.5,16.2,79,X, ,X,높음
6/16/2022,가평조종(505),X,24.6,23.6,18.6,15.2,87,X, ,X,높음
6/16/2022,안성(516),X,25,25.2,20.1,16.9,76,X, ,X,매우높음
6/16/2022,간성(517),X,26.5,25.8,19.8,13.9,85,X, ,X,매우높음
6/16/2022,평창(526),X,21.5,20.6,17.6,14,80,X, ,X,높음
6/16/2022,의정부(532),X,25.7,24.7,19.6,16.1,85,X, ,X,높음
6/16/2022,횡성(536),X,24.1,22.9,18.9,15.3,89,X, ,X,높음
6/16/2022,고양(540),X,26.2,26.1,19.9,15.5,77,X, ,X,매우높음
6/16/2022,남양주(541),X,26,26,19.9,16.4,79,X, ,X,높음
6/16/2022,안산(545),X,25.1,25,18.9,13.8,83,X, ,X,매우높음
6/16/2022,경기광주(546),X,24.4,24.2,18.4,15.5,83,X, ,X,높음
6/16/2022,여주(548),X,24.1,23.5,19.3,16.5,79,X, ,X,높음
6/16/2022,용인(549),X,23.7,23.9,19.2,15.9,75,X, ,X,매우높음
6/16/2022,오산(550),X,24,24.6,19.3,16.3,75,X, ,X,매우높음
6/16/2022,평택(551),X,26.1,26.3,20.8,17.5,71,X, ,X,매우높음
6/16/2022,화천(555),X,25.8,24.9,19.5,15.8,88,X, ,X,높음
6/16/2022,양구(556),X,23.6,23.1,19,16.1,79,X, ,X,높음
6/16/2022,시흥(565),X,24.2,23.9,19.5,15.5,80,X, ,X,매우높음
6/16/2022,구리(569),X,25.2,25.4,20.4,17.4,71,X, ,X,높음
6/16/2022,화성(571),X,24.7,24.7,19.6,16.6,78,X, ,X,매우높음
6/16/2022,성남(572),X,24.4,24.3,19.6,16.7,78,X, ,X,매우높음
6/16/2022,과천(590),X,25.8,25.7,19.4,15.3,83,X, ,X,매우높음
6/16/2022,양주(598),X,24.7,24.4,19.2,15.4,79,X, ,X,높음
6/16/2022,단양(601),X,23.6,23.2,19.5,15.4,77,X, ,X,높음
6/16/2022,진천(602),X,25.5,26.1,21.1,17.8,69,X, ,X,매우높음
6/16/2022,괴산(603),X,24.3,24.5,19.6,14.2,74,X, ,X,매우높음
6/16/2022,옥천(604),X,26.1,27.1,21.3,16.7,67,X, ,X,매우높음
6/16/2022,홍북(608),X,26.5,26.4,20,15.3,78,X, ,X,매우높음
6/16/2022,공주(612),X,26.5,27.5,21.4,17,66,X, ,X,매우높음
6/16/2022,서천(614),X,24.5,23.6,20,17.1,78,X, ,X,매우높음
6/16/2022,논산(615),X,25.7,26.2,21.6,18.4,68,X, ,X,매우높음
6/16/2022,당진(616),X,26.1,25.5,20,16.2,79,X, ,X,매우높음
6/16/2022,청양(618),X,26.1,26.2,20,15.5,76,X, ,X,매우높음
6/16/2022,음성(619),X,24.1,23.8,18.7,14.3,76,X, ,X,매우높음
6/16/2022,증평(623),X,25,25.1,20.4,16.8,76,X, ,X,매우높음
6/16/2022,태안(627),X,24.5,23.5,19.3,16.1,82,X, ,X,매우높음
6/16/2022,예산(628),X,26,25.5,20.9,17.6,75,X, ,X,매우높음
6/16/2022,아산(634),X,26.5,26.7,20.5,17.3,73,X, ,X,매우높음
6/16/2022,계룡(636),X,25,25.7,19.5,13.9,68,X, ,X,매우높음
6/16/2022,연천청산(652),X,,,,,,X, ,X,높음
6/16/2022,양양(670),X,27.1,26.3,20.1,14.2,86,X, ,X,매우높음
6/16/2022,무안(699),X,26.5,27,21.9,17.8,76,X, ,X,매우높음
6/16/2022,무주(701),X,25.4,26.6,21.5,17,64,X, ,X,매우높음
6/16/2022,익산(702),X,25.7,25.2,21.7,18.4,76,X, ,X,매우높음
6/16/2022,진안(703),X,24.7,25,19.4,15.1,74,X, ,X,매우높음
6/16/2022,담양(706),X,28.1,28.9,23,18.6,73,X, ,X,매우높음
6/16/2022,구례(709),X,28.1,28.4,22.7,17.3,73,X, ,X,매우높음
6/16/2022,나주(710),X,27.3,27.2,22.3,18.4,78,X, ,X,매우높음
6/16/2022,순천시(712),X,29,30.8,24.2,18.6,64,X, ,X,매우높음
6/16/2022,광양읍(713),X,29.1,31.2,24.5,18.5,62,X, ,X,매우높음
6/16/2022,장성(730),X,26.5,27.8,21.9,17.8,70,X, ,X,매우높음
6/16/2022,영암(731),X,27.4,27.4,22.3,18.6,78,X, ,X,높음
6/16/2022,보성(732),X,28.3,29.1,22.3,15.7,73,X, ,X,매우높음
6/16/2022,완주(734),X,26.3,27,20.8,16.3,75,X, ,X,매우높음
6/16/2022,김제(737),X,25,26.5,21.6,17.8,61,X, ,X,매우높음
6/16/2022,화순(741),X,27.5,28.4,22.6,18.1,69,X, ,X,매우높음
6/16/2022,함평(754),X,27.1,27.5,22.4,17.8,74,X, ,X,매우높음
6/16/2022,곡성(768),X,27.8,28.5,22.2,17.2,68,X, ,X,매우높음
6/16/2022,압해도(789),X,26.7,26,21.2,17.7,81,X, ,X,높음
6/16/2022,영양(801),X,24.9,25.2,19.3,13.3,77,X, ,X,매우높음
6/16/2022,성주(810),X,27.5,29.2,22.1,16.5,68,X, ,X,매우높음
6/16/2022,고령(812),X,28.3,30.5,23.4,17.5,66,X, ,X,매우높음
6/16/2022,청도(813),X,28.9,30.8,23,17.2,66,X, ,X,매우높음
6/16/2022,예천(815),X,25,25.5,20.5,15.9,71,X, ,X,높음
6/16/2022,김천(822),X,27.5,28.3,20.8,15.4,75,X, ,X,매우높음
6/16/2022,군위(823),X,26.4,26.9,20.7,15.6,78,X, ,X,매우높음
6/16/2022,칠곡(825),X,27.1,28.1,22.6,18,73,X, ,X,매우높음
6/16/2022,경산(827),X,27.7,29.3,23.1,16.7,63,X, ,X,매우높음
6/16/2022,삼척(876),X,26.1,25.4,20.6,15.2,73,X, ,X,높음
6/16/2022,속초(90),X,23.8,23,18.7,13.8,81.4,X, ,X,매우높음
6/16/2022,삼천포(907),X,28.1,28.8,22.3,18.3,73,X, ,X,매우높음
6/16/2022,고성(918),X,26.9,26.3,22,19.7,81,X, ,X,매우높음
6/16/2022,창녕(919),X,28.6,30.6,24.4,19.2,63,X, ,X,매우높음
6/16/2022,함안(920),X,28.8,29.8,23.5,17.1,71,X, ,X,매우높음
6/16/2022,북춘천(93),X,24.8,23.8,19.6,16.6,85.8,X, ,X,높음
6/16/2022,하동(932),X,28.5,29.3,23.8,19.6,67,X, ,X,매우높음
6/16/2022,철원(95),X,25.3,23.5,19.2,16,93.8,X, ,X,높음
6/16/2022,동두천(98),X,25.5,24.4,19.2,15.8,86.4,X, ,X,높음
6/16/2022,파주(99),X,25.4,24.3,19.1,14.9,84.8,X, ,X,높음
6/17/2022,북강릉(104),X,29.5,30.7,24.3,18.4,59.1,X, ,X,매우높음
6/17/2022,동해(106),X,26.7,27.5,22.9,18.2,66.1,X, ,X,매우높음
6/17/2022,서울(108),X,28.4,28.1,22.5,16.5,76.4,X, ,X,보통
6/17/2022,인천(112),X,26.3,25.1,21.2,17.3,79.9,X, ,X,보통
6/17/2022,원주(114),X,27.7,28.2,21.8,14.8,71.3,X, ,X,높음
6/17/2022,울릉도(115),X,27.9,27.7,23,18.3,64,X, ,X,매우높음
6/17/2022,수원(119),X,25.9,26.1,21.7,15.6,75.6,X, ,X,보통
6/17/2022,영월(121),X,28.5,29.9,21.2,14,71.4,X, ,X,매우높음
6/17/2022,충주(127),X,28.4,28.4,21.7,14.3,76.9,X, ,X,보통
6/17/2022,서산(129),X,27.1,26.4,21.4,15.9,82.8,X, ,X,보통
6/17/2022,울진(130),X,28,28.9,22.5,15.8,70.4,X, ,X,매우높음
6/17/2022,청주(131),X,28.4,28.3,23.2,18.2,70.8,X, ,X,보통
6/17/2022,대전(133),X,29.4,29.5,23.4,17.1,69.8,X, ,X,보통
6/17/2022,추풍령(135),X,29.4,29.8,22.6,12.8,68.9,X, ,X,높음
6/17/2022,안동(136),X,29.8,31,23.4,13.7,64.4,X, ,X,매우높음
6/17/2022,상주(137),X,30.7,30.8,24.1,14.8,70,X, ,X,높음
6/17/2022,포항(138),X,31.9,32.8,26.3,18.8,60,X, ,X,매우높음
6/17/2022,군산(140),X,27.9,27.2,21.8,16.8,82.6,X, ,X,보통
6/17/2022,대구(143),X,32.6,34.2,25.9,17.4,63.9,X,관심,X,매우높음
6/17/2022,전주(146),X,29.4,29.3,23.1,17.9,73.1,X, ,X,보통
6/17/2022,울산(152),X,29,28.7,23.8,18.2,71.8,X, ,X,매우높음
6/17/2022,창원(155),X,28.1,27.7,23,18.3,75.3,X, ,X,매우높음
6/17/2022,광주(156),X,30,29.2,23.8,19.6,86.6,X, ,X,높음
6/17/2022,부산(159),X,27.2,25.8,22.8,20.2,82.1,X, ,X,매우높음
6/17/2022,통영(162),X,26.3,24.4,22.2,20.3,85.4,X, ,X,매우높음
6/17/2022,목포(165),X,26.7,25.3,22.7,20.1,83.5,X, ,X,높음
6/17/2022,여수(168),X,26.6,25.1,22.2,20.2,81.4,X, ,X,매우높음
6/17/2022,흑산도(169),X,24.4,21.5,18.6,16.9,99,X, ,X,보통
6/17/2022,완도(170),X,27.2,25.8,21.7,18.5,89.1,X, ,X,매우높음
6/17/2022,고창(172),X,28.5,27.8,23.1,18.7,79.6,X, ,X,높음
6/17/2022,제주(184),X,27.6,26,22.5,20.2,89.1,X, ,X,매우높음
6/17/2022,진주(192),X,28.9,28.5,22.8,17,79.1,X, ,X,매우높음
6/17/2022,양평(202),X,27.3,27.3,21.7,15.1,76.6,X, ,X,높음
6/17/2022,이천(203),X,28.2,27.7,21.7,15.5,82.1,X, ,X,높음
6/17/2022,인제(211),X,27.8,28,21,15,77.6,X, ,X,높음
6/17/2022,홍천(212),X,28.2,28.2,21.3,14.9,76.8,X, ,X,높음
6/17/2022,태백(216),X,26.8,28,20.3,12.4,67.3,X, ,X,매우높음
6/17/2022,정선군(217),X,28.3,30,20.9,14,68.6,X, ,X,매우높음
6/17/2022,제천(221),X,27.9,28.2,20.3,12.4,80.1,X, ,X,높음
6/17/2022,보은(226),X,28,27.5,21.5,14.1,77.8,X, ,X,보통
6/17/2022,천안(232),X,27.1,26,21.3,14.6,82.3,X, ,X,보통
6/17/2022,보령(235),X,26.9,25.8,21.9,16.1,79.8,X, ,X,보통
6/17/2022,부여(236),X,28.2,27.4,21.8,16.2,82.5,X, ,X,보통
6/17/2022,금산(238),X,29.1,28.8,22,14.4,77.1,X, ,X,보통
6/17/2022,세종(239),X,27.9,27.5,22.3,16.1,73.6,X, ,X,보통
6/17/2022,부안(243),X,27.9,27.4,22.4,18.1,83.1,X, ,X,높음
6/17/2022,임실(244),X,26.9,26.7,21.1,15,81.5,X, ,X,높음
6/17/2022,정읍(245),X,27,26.5,22.2,17.4,77,X, ,X,높음
6/17/2022,남원(247),X,28.6,28.1,22.2,15.9,74.1,X, ,X,보통
6/17/2022,장수(248),X,27.9,28.2,21.6,13.5,73,X, ,X,높음
6/17/2022,영광군(252),X,28.5,27.8,23,19.1,79.1,X, ,X,높음
6/17/2022,김해시(253),X,28,26.8,23.3,19.1,77.5,X,관심,X,매우높음
6/17/2022,순창군(254),X,28.2,28,22.3,16,78.8,X, ,X,보통
6/17/2022,양산시(257),X,29,28.8,23.8,18.4,75.8,X, ,X,매우높음
6/17/2022,강진군(259),X,27.8,26.4,22.6,18.3,86,X, ,X,높음
6/17/2022,장흥(260),X,27.9,26.8,22.4,17.9,84.1,X, ,X,높음
6/17/2022,해남(261),X,28.3,27.2,22.8,19.4,85.8,X, ,X,높음
6/17/2022,고흥(262),X,27.4,26.7,22.2,17.3,82.3,X, ,X,높음
6/17/2022,의령군(263),X,30,30.8,24.3,17.8,70,X, ,X,높음
6/17/2022,함양군(264),X,29.7,30.9,22.6,14.2,73,X, ,X,높음
6/17/2022,진도군ASOS(268),X,26.4,24.5,21.6,20.3,88.9,X, ,X,매우높음
6/17/2022,봉화(271),X,27.9,29.2,20.8,10.7,71.6,X, ,X,매우높음
6/17/2022,영주(272),X,29.2,30.3,22.3,12,68.8,X, ,X,매우높음
6/17/2022,문경(273),X,29.7,30,23.1,13.7,72,X, ,X,높음
6/17/2022,청송군(276),X,29.9,32.6,22.7,11.6,59.8,X, ,X,매우높음
6/17/2022,영덕(277),X,29.5,31.7,24,15.6,61.1,X, ,X,매우높음
6/17/2022,의성(278),X,30.5,31.9,23.6,13.1,67.6,X,관심,X,매우높음
6/17/2022,구미(279),X,30.8,32.3,24.7,15.5,62.9,X,관심,X,매우높음
6/17/2022,영천(281),X,30.4,32,24.3,14.8,63.1,X,관심,X,매우높음
6/17/2022,경주시(283),X,31.9,33.3,25,16.1,64.5,X,관심,X,매우높음
6/17/2022,거창(284),X,30.4,31.2,23,13.8,71.3,X, ,X,높음
6/17/2022,합천(285),X,30.5,31.4,23.8,16.3,67.5,X, ,X,매우높음
6/17/2022,밀양(288),X,30.5,31.8,24.6,18.1,66,X,관심,X,매우높음
6/17/2022,산청(289),X,29.6,29,22.4,15.3,79.5,X, ,X,높음
6/17/2022,거제(294),X,26.7,25.8,22.6,20.2,79.9,X, ,X,매우높음
6/17/2022,남해(295),X,28,27.1,22.5,18,80.6,X, ,X,매우높음
6/17/2022,부천(433),X,26.6,26.1,21.1,15.4,75,X, ,X,보통
6/17/2022,안양(434),X,25.3,26.4,22,17,,X, ,X,보통
6/17/2022,광명(437),X,27.5,27.1,22.5,17.2,74,X, ,X,보통
6/17/2022,군포(438),X,26.2,25.8,21.3,15.8,74,X, ,X,보통
6/17/2022,김포(441),X,,28.1,21.8,15.5,,X, ,X,보통
6/17/2022,하남(444),X,28.6,28.8,21.4,14.1,74,X, ,X,보통
6/17/2022,의왕(445),X,,,,,,X, ,X,보통
6/17/2022,포천(504),X,28,27.8,21.3,13.4,78,X, ,X,보통
6/17/2022,가평조종(505),X,27.9,27.4,20.1,13.2,83,X, ,X,보통
6/17/2022,안성(516),X,27,26.6,21.6,15,80,X, ,X,보통
6/17/2022,간성(517),X,29.4,28.4,24.4,16.6,68,X, ,X,매우높음
6/17/2022,평창(526),X,28.3,29.7,20.9,13.6,72,X, ,X,매우높음
6/17/2022,의정부(532),X,29,28.1,21.5,14,86,X, ,X,높음
6/17/2022,횡성(536),X,28.6,28.4,21.1,14.6,84,X, ,X,높음
6/17/2022,고양(540),X,29.4,29.5,21.3,13.7,76,X, ,X,보통
6/17/2022,남양주(541),X,29.2,29.5,21.7,13.8,76,X, ,X,높음
6/17/2022,안산(545),X,26.4,25.2,20.4,12.3,85,X, ,X,보통
6/17/2022,경기광주(546),X,27.7,27.6,20.9,14.2,77,X, ,X,보통
6/17/2022,여주(548),X,27.5,27.5,21.3,14.3,78,X, ,X,높음
6/17/2022,용인(549),X,26.6,26.3,21,14.1,76,X, ,X,보통
6/17/2022,오산(550),X,26.1,25.9,21.3,15.3,75,X, ,X,보통
6/17/2022,평택(551),X,27.3,26.6,22,16.3,81,X, ,X,보통
6/17/2022,화천(555),X,29.7,29.1,21.4,15.4,86,X, ,X,높음
6/17/2022,양구(556),X,27.8,28.3,21.2,14.7,73,X, ,X,높음
6/17/2022,시흥(565),X,26.9,26,21.1,13.9,83,X, ,X,보통
6/17/2022,구리(569),X,28.7,29.4,22.4,15.3,68,X, ,X,보통
6/17/2022,화성(571),X,26.8,25.8,21.5,15.9,81,X, ,X,보통
6/17/2022,성남(572),X,27.2,26.8,22,15,73,X, ,X,보통
6/17/2022,과천(590),X,27.9,27.4,21.5,13.6,80,X, ,X,보통
6/17/2022,양주(598),X,28,27.9,21.1,13.1,78,X, ,X,높음
6/17/2022,단양(601),X,28.9,30.1,22,14,73,X, ,X,높음
6/17/2022,진천(602),X,28.8,28.9,22.5,16.2,75,X, ,X,보통
6/17/2022,괴산(603),X,28.2,27.8,20.8,12.5,80,X, ,X,보통
6/17/2022,옥천(604),X,29.2,29,23.1,15.3,75,X, ,X,보통
6/17/2022,홍북(608),X,27,25.9,20.7,14.2,83,X, ,X,보통
6/17/2022,공주(612),X,28.4,28.4,22.2,15.4,76,X, ,X,보통
6/17/2022,서천(614),X,28.2,27,21.3,16.3,86,X, ,X,보통
6/17/2022,논산(615),X,28.9,28.7,22.8,16.9,76,X, ,X,보통
6/17/2022,당진(616),X,27.8,26.5,21.1,15.7,87,X, ,X,보통
6/17/2022,청양(618),X,28.2,27.2,20.8,14.5,85,X, ,X,보통
6/17/2022,음성(619),X,28,27.5,20.3,12.6,79,X, ,X,보통
6/17/2022,증평(623),X,27.5,26.7,21.9,15.1,80,X, ,X,보통
6/17/2022,태안(627),X,27.1,25.2,21,15.9,91,X, ,X,보통
6/17/2022,예산(628),X,27.5,26.3,21.9,16.7,85,X, ,X,보통
6/17/2022,아산(634),X,28,27.1,21.7,16.6,81,X, ,X,보통
6/17/2022,계룡(636),X,28.2,28.2,21.1,13,74,X, ,X,보통
6/17/2022,연천청산(652),X,,,,,,X, ,X,보통
6/17/2022,양양(670),X,30.3,30.2,25.7,20.4,66,X, ,X,매우높음
6/17/2022,무안(699),X,28.9,28,23.4,18.6,80,X, ,X,보통
6/17/2022,무주(701),X,30.1,31,23,14.4,70,X, ,X,높음
6/17/2022,익산(702),X,28.9,28.2,22.8,18,85,X, ,X,보통
6/17/2022,진안(703),X,27.8,27.5,21,13.4,79,X, ,X,높음
6/17/2022,담양(706),X,29.8,29.1,23,16.7,83,X, ,X,보통
6/17/2022,구례(709),X,30.7,31.2,23.5,17.2,76,X, ,X,높음
6/17/2022,나주(710),X,29.3,28.4,22.8,17.6,85,X, ,X,보통
6/17/2022,순천시(712),X,29.1,28.9,23.5,18.7,75,X, ,X,높음
6/17/2022,광양읍(713),X,30,30.5,23.4,17.8,73,X, ,X,매우높음
6/17/2022,장성(730),X,28.6,28.1,22.3,16.4,80,X, ,X,보통
6/17/2022,영암(731),X,29.1,28.2,23.4,18.4,82,X, ,X,보통
6/17/2022,보성(732),X,28.2,27.4,22.7,18.1,82,X, ,X,높음
6/17/2022,완주(734),X,30.2,29.7,22.4,14.9,81,X, ,X,보통
6/17/2022,김제(737),X,27.2,27.7,22.4,18,72,X, ,X,보통
6/17/2022,화순(741),X,30.2,30.4,23.3,17,75,X, ,X,높음
6/17/2022,함평(754),X,28.6,27.6,23,18.9,84,X, ,X,보통
6/17/2022,곡성(768),X,29.9,29.8,22.9,15.7,76,X, ,X,보통
6/17/2022,압해도(789),X,27,25.6,22.3,20,84,X, ,X,보통
6/17/2022,영양(801),X,29.9,31.3,22.4,12.2,69,X, ,X,매우높음
6/17/2022,성주(810),X,31.2,33,24.3,15.1,64,X, ,X,매우높음
6/17/2022,고령(812),X,30.8,32.5,23.9,14.9,68,X, ,X,매우높음
6/17/2022,청도(813),X,30.4,31.5,24.1,15.6,68,X, ,X,매우높음
6/17/2022,예천(815),X,29.8,31,23.1,13.4,70,X, ,X,매우높음
6/17/2022,김천(822),X,31.8,32.6,23.7,13.1,73,X,관심,X,높음
6/17/2022,군위(823),X,31.2,31.9,24,13.8,71,X,관심,X,매우높음
6/17/2022,칠곡(825),X,31.3,31.9,24.8,16.5,70,X,관심,X,매우높음
6/17/2022,경산(827),X,31.1,33,25.4,16.8,58,X,관심,X,매우높음
6/17/2022,삼척(876),X,28,29.2,24.9,20.4,57,X, ,X,매우높음
6/17/2022,속초(90),X,29.8,31,23.6,19.5,60.8,X, ,X,매우높음
6/17/2022,삼천포(907),X,26.9,25.9,21.4,18.2,83,X, ,X,매우높음
6/17/2022,고성(918),X,26.7,24.9,21.9,17.5,85,X, ,X,매우높음
6/17/2022,창녕(919),X,31.6,31.7,24.8,18.1,71,X,관심,X,매우높음
6/17/2022,함안(920),X,30,29.7,23.9,17.6,76,X, ,X,높음
6/17/2022,북춘천(93),X,28.5,28.1,21.2,14.8,82,X, ,X,높음
6/17/2022,하동(932),X,29.2,28.8,22.7,16.8,78,X, ,X,높음
6/17/2022,철원(95),X,28.1,27.2,21.4,13.9,87.3,X, ,X,높음
6/17/2022,동두천(98),X,28.5,27.5,21.2,13.8,81,X, ,X,보통
6/17/2022,파주(99),X,27.9,26.8,20.5,12.8,86.9,X, ,X,보통
6/18/2022,북강릉(104),X,28.6,28.1,24.4,21.2,68.5,X, ,X,매우높음
6/18/2022,동해(106),X,27.7,27.1,24.1,21.5,70.6,X, ,X,매우높음
6/18/2022,서울(108),X,26.7,25.1,23.3,22,79.6,X,관심,X,보통
6/18/2022,인천(112),X,25.9,24.5,22,20.5,82.9,X, ,X,보통
6/18/2022,원주(114),X,27.9,27.8,24,20.4,70.1,X, ,X,높음
6/18/2022,울릉도(115),X,28.7,27.7,23.9,20.8,75.6,X, ,X,매우높음
6/18/2022,수원(119),X,27,26.3,23.1,21.5,78.3,X,관심,X,보통
6/18/2022,영월(121),X,29.5,29.9,23.8,18.1,69.8,X, ,X,높음
6/18/2022,충주(127),X,28.8,28.5,24.2,20,74.5,X, ,X,보통
6/18/2022,서산(129),X,26.4,25.3,22.6,20,82.3,X, ,X,보통
6/18/2022,울진(130),X,28.4,28.3,24.5,21.7,71.8,X, ,X,매우높음
6/18/2022,청주(131),X,28.8,28.5,25.1,22.5,68.5,X,관심,X,보통
6/18/2022,대전(133),X,29.5,29.6,25.2,21.7,69.3,X,관심,X,높음
6/18/2022,추풍령(135),X,29.6,30,24.5,19,69.9,X,관심,X,높음
6/18/2022,안동(136),X,30.9,32,26.1,21.1,64.3,O,관심,X,매우높음
6/18/2022,상주(137),X,31.1,31.3,26,21.7,67.5,O,관심,X,높음
6/18/2022,포항(138),O,33.4,34.6,27.6,23.8,64,O,관심,X,매우높음
6/18/2022,군산(140),X,27.6,26.5,23.1,20.1,81.4,X, ,X,높음
6/18/2022,대구(143),X,32.8,34.3,27.9,22.2,65.3,O,주의,X,매우높음
6/18/2022,전주(146),X,29.1,28.7,24,20.6,78.1,X,관심,X,높음
6/18/2022,울산(152),X,30.3,30.2,25.8,21.7,70.9,X,관심,X,매우높음
6/18/2022,창원(155),X,30.1,29.9,24.4,20.1,74.6,X, ,X,매우높음
6/18/2022,광주(156),X,30.2,29.7,24.9,21.9,82.6,X,관심,X,높음
6/18/2022,부산(159),X,28.4,27.2,23.9,22.1,82.3,X, ,X,매우높음
6/18/2022,통영(162),X,28.5,27.6,23.6,21.1,82,X, ,X,매우높음
6/18/2022,목포(165),X,27.1,26,23.4,21.5,81.8,X, ,X,높음
6/18/2022,여수(168),X,27.5,26.6,23.6,21.5,80.6,X, ,X,매우높음
6/18/2022,흑산도(169),X,25.3,22.4,19.5,17.8,96.9,X, ,X,매우높음
6/18/2022,완도(170),X,28.2,27.3,23.1,20.6,83.8,X, ,X,매우높음
6/18/2022,고창(172),X,28.6,28.2,24.2,21.1,74.8,X,관심,X,높음
6/18/2022,제주(184),X,28.4,26.9,23.9,21.7,85.4,X, ,X,매우높음
6/18/2022,진주(192),X,30.5,30.1,25,20.5,76.4,X, ,X,높음
6/18/2022,양평(202),X,27.2,26.3,23,20,78.6,X, ,X,높음
6/18/2022,이천(203),X,28.2,27.3,24,20.8,79,X,관심,X,보통
6/18/2022,인제(211),X,27.3,26.8,23,18.9,77.1,X, ,X,높음
6/18/2022,홍천(212),X,27.8,27.3,23.3,18.9,76.4,X, ,X,보통
6/18/2022,태백(216),X,27.9,29.2,22.6,16.2,67.4,X, ,X,높음
6/18/2022,정선군(217),X,28.8,30,23.5,16.9,64.1,X, ,X,높음
6/18/2022,제천(221),X,28.7,28.6,23.5,18.3,77,X,관심,X,높음
6/18/2022,보은(226),X,27.8,27.4,23.9,20.4,75.5,X, ,X,높음
6/18/2022,천안(232),X,27.9,26.6,23.3,20.1,83,X,관심,X,보통
6/18/2022,보령(235),X,26.8,25.3,22.9,20.6,81.3,X, ,X,높음
6/18/2022,부여(236),X,28.1,27.4,23.5,19.5,81.6,X,관심,X,높음
6/18/2022,금산(238),X,29.2,28.9,23.9,19.4,74.9,X,관심,X,높음
6/18/2022,세종(239),X,28.4,28.2,23.9,20.8,74,X,관심,X,보통
6/18/2022,부안(243),X,28.6,27.8,23.7,20.3,79.9,X, ,X,높음
6/18/2022,임실(244),X,28.8,28.5,23.1,18.1,78.6,X,관심,X,높음
6/18/2022,정읍(245),X,28.8,28.2,23.6,19.9,76.9,X,관심,X,높음
6/18/2022,남원(247),X,29.9,30.3,24.6,19.2,69.6,X,관심,X,높음
6/18/2022,장수(248),X,28.4,28.4,23.3,16.9,74.5,X, ,X,높음
6/18/2022,영광군(252),X,28.8,28.3,24,21.2,76.4,X, ,X,높음
6/18/2022,김해시(253),X,30.7,30.2,24.8,21.8,77,X,관심,X,매우높음
6/18/2022,순창군(254),X,29.5,29.7,24.3,19.7,75,X,관심,X,보통
6/18/2022,양산시(257),X,30.7,30.5,25.7,22,73.6,X,관심,X,매우높음
6/18/2022,강진군(259),X,28.9,28.3,24,21.7,81.4,X, ,X,높음
6/18/2022,장흥(260),X,28.8,28.5,24,21,78,X, ,X,높음
6/18/2022,해남(261),X,27.7,26.4,23,21.3,86.3,X, ,X,높음
6/18/2022,고흥(262),X,28.6,28,23.2,20.4,80.6,X, ,X,매우높음
6/18/2022,의령군(263),X,31.3,31.7,26.1,20.3,68.9,X,관심,X,높음
6/18/2022,함양군(264),X,30.6,31.6,25.7,18.5,64.8,O,관심,X,높음
6/18/2022,진도군ASOS(268),X,26.7,25.1,22.7,20.8,85.3,X, ,X,매우높음
6/18/2022,봉화(271),X,29.4,30.3,23.4,16.9,71,X, ,X,높음
6/18/2022,영주(272),X,30.3,31.2,25.2,19,67.3,X,관심,X,높음
6/18/2022,문경(273),X,30.2,30.5,25.3,20.6,69.6,X, ,X,높음
6/18/2022,청송군(276),X,30.8,33.8,25.8,19,59.5,O,관심,X,매우높음
6/18/2022,영덕(277),X,31.5,32.8,25.1,20.6,71.6,X,관심,X,매우높음
6/18/2022,의성(278),X,31.7,32.9,26.2,20.6,67.8,O,주의,X,매우높음
6/18/2022,구미(279),X,31.6,32.7,26.2,21,66.1,O,주의,X,매우높음
6/18/2022,영천(281),X,31.2,33.7,27,21.8,61.5,O,관심,X,매우높음
6/18/2022,경주시(283),X,32.8,34.6,27.5,21.7,63.6,O,관심,X,매우높음
6/18/2022,거창(284),X,31.1,32.3,25.2,18.7,72.5,X,관심,X,높음
6/18/2022,합천(285),X,31.6,32.6,25.8,19.1,68.5,O,관심,X,높음
6/18/2022,밀양(288),X,32,33.4,26.4,20.9,65.5,X,관심,X,매우높음
6/18/2022,산청(289),X,31.6,31.1,25.1,19.1,75.9,X,관심,X,높음
6/18/2022,거제(294),X,28.2,27.2,23.6,21.3,78.9,X, ,X,매우높음
6/18/2022,남해(295),X,29.6,29.2,24.6,21.8,77.1,X, ,X,매우높음
6/18/2022,부천(433),X,25.3,24.1,22.1,20.1,77,X, ,X,보통
6/18/2022,안양(434),X,25.1,25.4,23,21.7,,X, ,X,보통
6/18/2022,광명(437),X,27,25.9,23.2,21.8,78,X, ,X,보통
6/18/2022,군포(438),X,26.5,25.5,22.1,20.2,79,X, ,X,보통
6/18/2022,김포(441),X,,25.4,22.7,20.6,,X, ,X,보통
6/18/2022,하남(444),X,26.3,25.1,22.6,19.7,78,X,관심,X,보통
6/18/2022,의왕(445),X,,,,,,X, ,X,보통
6/18/2022,포천(504),X,26.3,24.9,22,19.7,85,X, ,X,보통
6/18/2022,가평조종(505),X,26.4,24.7,22,18.9,86,X, ,X,보통
6/18/2022,안성(516),X,27.5,26.5,23.4,20.4,81,X,관심,X,보통
6/18/2022,간성(517),X,30.9,31.4,24,18.7,82,X, ,X,높음
6/18/2022,평창(526),X,28,29.1,23.2,17.4,68,X, ,X,높음
6/18/2022,의정부(532),X,26.7,24.4,22,19.5,93,X, ,X,보통
6/18/2022,횡성(536),X,29,28.1,23.5,18.6,82,X, ,X,높음
6/18/2022,고양(540),X,26.3,24.7,22.2,19.8,81,X, ,X,보통
6/18/2022,남양주(541),X,26.3,24.8,22.4,19.8,82,X, ,X,보통
6/18/2022,안산(545),X,27.4,26.2,21.9,18.2,87,X, ,X,보통
6/18/2022,경기광주(546),X,26.1,24.9,22.4,19.7,79,X, ,X,보통
6/18/2022,여주(548),X,27.2,26.3,23.1,20.1,80,X,관심,X,높음
6/18/2022,용인(549),X,26.5,25.5,22.5,20.3,76,X,관심,X,보통
6/18/2022,오산(550),X,26.6,25.9,22.8,20.3,73,X, ,X,보통
6/18/2022,평택(551),X,28.4,27.7,24,21.1,78,X, ,X,보통
6/18/2022,화천(555),X,28.6,27.1,23,18,88,X, ,X,보통
6/18/2022,양구(556),X,27.5,27.2,23,19.2,75,X, ,X,보통
6/18/2022,시흥(565),X,26.8,25.6,22.7,19.8,83,X, ,X,보통
6/18/2022,구리(569),X,26.7,25.8,23.2,20.6,72,X, ,X,보통
6/18/2022,화성(571),X,27.4,26.2,23.1,20.7,81,X, ,X,보통
6/18/2022,성남(572),X,26.6,25.3,23.3,20.9,75,X,관심,X,보통
6/18/2022,과천(590),X,27,25.5,22.5,19.5,84,X,관심,X,보통
6/18/2022,양주(598),X,25.6,24.1,21.8,18.8,84,X, ,X,보통
6/18/2022,단양(601),X,29.9,30.6,25,19.6,71,X,관심,X,높음
6/18/2022,진천(602),X,28.4,27.5,24.5,21.6,74,X, ,X,보통
6/18/2022,괴산(603),X,28.7,28.5,23.3,19.7,79,X, ,X,보통
6/18/2022,옥천(604),X,29.8,29.9,25.2,20.4,71,X,관심,X,높음
6/18/2022,홍북(608),X,27.7,27,22.3,19.1,82,X, ,X,보통
6/18/2022,공주(612),X,29,29.2,24.4,20.6,73,X,관심,X,보통
6/18/2022,서천(614),X,27.4,26,23,20.3,84,X, ,X,높음
6/18/2022,논산(615),X,28.7,28.1,24.1,20.3,76,X,관심,X,높음
6/18/2022,당진(616),X,28,27.1,23,19.8,84,X, ,X,보통
6/18/2022,청양(618),X,28.3,27.5,23.3,19,80,X,관심,X,보통
6/18/2022,음성(619),X,27.8,27.3,23.2,19,77,X, ,X,보통
6/18/2022,증평(623),X,28.2,27.2,24.2,21.3,79,X,관심,X,보통
6/18/2022,태안(627),X,27.2,25.1,22.3,20.5,90,X, ,X,높음
6/18/2022,예산(628),X,28.1,27.2,23.6,20.3,82,X,관심,X,보통
6/18/2022,아산(634),X,29.2,28.9,24.3,21.2,76,X,관심,X,보통
6/18/2022,계룡(636),X,27.8,27.6,23.2,18.6,72,X,관심,X,보통
6/18/2022,연천청산(652),X,,,,,,X, ,X,보통
6/18/2022,양양(670),X,30.6,30.2,25.7,21,78,X, ,X,높음
6/18/2022,무안(699),X,28,27.3,24,21.5,79,X, ,X,높음
6/18/2022,무주(701),X,29.4,29.7,24.4,18.7,72,X,관심,X,높음
6/18/2022,익산(702),X,29.1,27.4,23.8,20.9,86,X,관심,X,높음
6/18/2022,진안(703),X,28.6,28.1,22.6,17.2,80,X,관심,X,높음
6/18/2022,담양(706),X,30.8,30,24.9,20.2,80,X,관심,X,보통
6/18/2022,구례(709),X,32.1,32.7,25.9,19.8,74,X,관심,X,높음
6/18/2022,나주(710),X,29.1,28.3,23.8,20.7,83,X,관심,X,높음
6/18/2022,순천시(712),X,31,31.1,25.9,21.6,70,X,관심,X,높음
6/18/2022,광양읍(713),X,31.2,31.7,25.8,21.4,68,X,관심,X,높음
6/18/2022,장성(730),X,29.3,29.3,24.2,20.2,75,X,관심,X,높음
6/18/2022,영암(731),X,28,27,24,21.3,80,X,관심,X,높음
6/18/2022,보성(732),X,29.7,29.5,23.9,20.1,80,X, ,X,높음
6/18/2022,완주(734),X,29.7,29.2,24.1,19.3,81,X,관심,X,높음
6/18/2022,김제(737),X,28.1,28.8,23.9,20.3,71,X, ,X,높음
6/18/2022,화순(741),X,30.1,30.2,24.5,20.5,74,X,관심,X,높음
6/18/2022,함평(754),X,29,28.3,24.1,21.2,80,X,관심,X,높음
6/18/2022,곡성(768),X,31.2,31.4,25.2,19,73,X,관심,X,보통
6/18/2022,압해도(789),X,27.2,25.8,23,21.1,83,X, ,X,매우높음
6/18/2022,영양(801),X,30.9,32.9,24,18.5,79,O,관심,X,높음
6/18/2022,성주(810),X,32,32.8,26.1,20,68,O,주의,X,매우높음
6/18/2022,고령(812),X,31.6,33.2,26.2,19.2,71,O,관심,X,높음
6/18/2022,청도(813),X,32.1,33.5,25.6,19.8,74,O,관심,X,매우높음
6/18/2022,예천(815),X,31.1,32.1,25.6,19.8,68,O,관심,X,높음
6/18/2022,김천(822),X,32,32.5,26.1,19.8,72,O,주의,X,높음
6/18/2022,군위(823),X,32.1,32.8,26,20.5,73,O,관심,X,매우높음
6/18/2022,칠곡(825),X,31.7,32,26.5,21.4,72,O,관심,X,매우높음
6/18/2022,경산(827),X,31.8,34.4,27.7,22.1,58,O,주의,X,높음
6/18/2022,삼척(876),X,29.6,29.5,25.9,22.7,62,X, ,X,매우높음
6/18/2022,속초(90),X,29,28.9,24.6,20.5,67,X, ,X,높음
6/18/2022,삼천포(907),X,29,28.4,24.2,20.9,78,X, ,X,높음
6/18/2022,고성(918),X,28.5,27.1,23.5,20.7,84,X, ,X,매우높음
6/18/2022,창녕(919),X,32.1,32.7,26.6,20.8,71,O,관심,X,높음
6/18/2022,함안(920),X,31.2,31.1,25.4,20.5,75,X,관심,X,높음
6/18/2022,북춘천(93),X,28,26.9,23.4,20.1,82.4,X, ,X,보통
6/18/2022,하동(932),X,31.2,31.2,25.4,20.2,74,X,관심,X,높음
6/18/2022,철원(95),X,27.3,24.4,22.4,20.5,98.8,X, ,X,보통
6/18/2022,동두천(98),X,26,24,21.8,19.6,88.1,X, ,X,높음
6/18/2022,파주(99),X,26.4,24.2,21.6,19.2,90.9,X, ,X,높음
6/19/2022,북강릉(104),X,29.3,29.3,24.5,20.3,71.6,X, ,X,높음
6/19/2022,동해(106),X,27.9,26.6,23.8,20.8,79.8,X, ,X,높음
6/19/2022,서울(108),X,26.7,25.1,23.4,22.3,81.6,X,관심,X,높음
6/19/2022,인천(112),X,25.9,24.3,22.4,21.2,83.6,X, ,X,높음
6/19/2022,원주(114),X,27,26.5,24,21.9,70.4,X,관심,X,보통
6/19/2022,울릉도(115),X,29.5,28,24.2,20.7,75.8,X, ,X,매우높음
6/19/2022,수원(119),X,26.4,25.7,23.4,21.6,78.6,X, ,X,높음
6/19/2022,영월(121),X,29.3,29.7,24.5,20.9,69.9,X,관심,X,보통
6/19/2022,충주(127),X,28.7,28.2,24.3,21.2,74.3,X,관심,X,보통
6/19/2022,서산(129),X,27.7,26.1,23.2,20.7,83.5,X, ,X,높음
6/19/2022,울진(130),X,28.9,28.3,23.6,20.4,81.4,X,관심,X,높음
6/19/2022,청주(131),X,29,28.5,25.3,22.3,70.1,X,관심,X,높음
6/19/2022,대전(133),X,29.4,29.2,25.1,21.6,71.5,X,관심,X,높음
6/19/2022,추풍령(135),X,30.2,30.5,24.6,18.8,71.3,X,관심,X,매우높음
6/19/2022,안동(136),X,31.1,31.7,26.1,20.8,65,O,주의,X,높음
6/19/2022,상주(137),X,31.5,31.6,26,21.6,69.3,O,주의,X,높음
6/19/2022,포항(138),O,33.4,34.6,29,24.4,61.1,O,주의,O,매우높음
6/19/2022,군산(140),X,28.4,27.1,23.6,20.2,83.5,X, ,X,높음
6/19/2022,대구(143),O,33.2,34.5,28.9,23.8,63.1,O,주의,X,매우높음
6/19/2022,전주(146),X,30.3,29.7,24.8,21,76.4,X,관심,X,높음
6/19/2022,울산(152),X,31.2,30.8,25.5,22.3,75.3,X,관심,X,매우높음
6/19/2022,창원(155),X,29.9,29.7,24.5,20.7,75.8,X,관심,X,매우높음
6/19/2022,광주(156),X,32,31.6,25.7,21.4,85.1,O,관심,X,높음
6/19/2022,부산(159),X,28.3,26.7,23.5,21.1,85.9,X,관심,X,매우높음
6/19/2022,통영(162),X,27.7,26.1,23.1,21.1,87.3,X, ,X,매우높음
6/19/2022,목포(165),X,29.5,28.9,24.2,21.6,82.9,X, ,X,매우높음
6/19/2022,여수(168),X,28.4,27.4,23.7,21,82.1,X, ,X,매우높음
6/19/2022,흑산도(169),X,27.6,25.5,20.8,18.2,95.1,X, ,X,매우높음
6/19/2022,완도(170),X,30.1,28.8,24.2,21.2,83.4,X, ,X,높음
6/19/2022,고창(172),X,30.2,29.6,24.4,21.1,80.9,X,관심,X,높음
6/19/2022,제주(184),X,31.4,30.5,25.1,21.5,83.3,X, ,X,높음
6/19/2022,진주(192),X,31,30.3,25.1,21.5,77.6,X,관심,X,매우높음
6/19/2022,양평(202),X,26.3,24.8,22.9,20.8,81,X,관심,X,보통
6/19/2022,이천(203),X,27.6,26.1,23.5,21.2,82.1,X,관심,X,보통
6/19/2022,인제(211),X,27.9,27.2,23.3,19.5,77.8,X, ,X,보통
6/19/2022,홍천(212),X,27.7,27,22.9,20.4,80.3,X,관심,X,보통
6/19/2022,태백(216),X,28.9,29.7,23.2,18.6,69.3,X, ,X,보통
6/19/2022,정선군(217),X,30.3,32,24.9,19.6,63.1,X, ,X,보통
6/19/2022,제천(221),X,27.8,27.1,23.3,19.9,78.4,X,관심,X,보통
6/19/2022,보은(226),X,28.2,27.4,23.4,19.3,79.3,X, ,X,높음
6/19/2022,천안(232),X,28.4,27.2,23.6,20,84.5,X,관심,X,높음
6/19/2022,보령(235),X,28.1,26.7,23,20.5,86.5,X, ,X,높음
6/19/2022,부여(236),X,29.5,28.6,23.8,20,82.9,X,관심,X,높음
6/19/2022,금산(238),X,29.6,29.3,23.9,19.2,78.1,X,관심,X,매우높음
6/19/2022,세종(239),X,28.9,28.4,24.3,20.3,74,X,관심,X,높음
6/19/2022,부안(243),X,28.7,27.3,23.4,20.6,87,X,관심,X,높음
6/19/2022,임실(244),X,29.6,29.6,23.7,18.7,78.4,X,관심,X,매우높음
6/19/2022,정읍(245),X,29.7,28.8,24,20.3,79.4,X,관심,X,높음
6/19/2022,남원(247),X,30.6,31.8,25.6,20.3,70.6,X,관심,X,매우높음
6/19/2022,장수(248),X,29.3,30,24,18.1,76.1,X, ,X,매우높음
6/19/2022,영광군(252),X,30.1,29.5,24.4,21.6,80.5,X, ,X,높음
6/19/2022,김해시(253),X,30,29.1,24.5,21,79.9,X,관심,X,매우높음
6/19/2022,순창군(254),X,31.4,32.1,25.4,20.6,76.5,X,관심,X,높음
6/19/2022,양산시(257),X,30.7,30.2,25.2,21.3,77.9,X,관심,X,매우높음
6/19/2022,강진군(259),X,30.9,30.7,24.9,21.8,80.6,X, ,X,높음
6/19/2022,장흥(260),X,29.7,29.1,24.4,21.3,81.9,X, ,X,높음
6/19/2022,해남(261),X,31.1,30.8,25.1,21.5,81.8,X, ,X,높음
6/19/2022,고흥(262),X,29.2,28.5,22.9,19,85.1,X, ,X,높음
6/19/2022,의령군(263),X,31.7,32.9,26.6,22.4,67.4,X,관심,X,매우높음
6/19/2022,함양군(264),X,32.4,33.2,26.7,20.6,66.3,O,주의,X,매우높음
6/19/2022,진도군ASOS(268),X,30.1,29.4,23.7,20.2,84,X, ,X,매우높음
6/19/2022,봉화(271),X,30.4,31.4,24.3,17.4,70.6,X,관심,X,높음
6/19/2022,영주(272),X,30.9,31.8,25.6,21.6,65.9,O,관심,X,높음
6/19/2022,문경(273),X,30.2,29.9,25.1,20.2,70.8,X,관심,X,높음
6/19/2022,청송군(276),X,31.5,33.5,25.9,18.1,60.5,O,주의,X,매우높음
6/19/2022,영덕(277),X,31,31.5,26.2,19.6,68.6,X,관심,X,매우높음
6/19/2022,의성(278),X,32.2,33.1,26.4,19.9,67.8,O,주의,X,매우높음
6/19/2022,구미(279),X,31.8,32.4,26.4,20.7,66.4,O,주의,X,매우높음
6/19/2022,영천(281),X,31.7,33.2,27.6,21.7,60.9,O,주의,X,매우높음
6/19/2022,경주시(283),O,33.5,34,27.5,21.8,69.5,O,주의,X,매우높음
6/19/2022,거창(284),X,31.9,33.2,25.7,20.1,70,X,관심,X,매우높음
6/19/2022,합천(285),X,31.6,32.6,26.5,21.8,68.1,O,주의,X,매우높음
6/19/2022,밀양(288),X,31.6,32.9,26.5,21.5,66.3,X,관심,X,매우높음
6/19/2022,산청(289),X,31.7,31.4,25.6,21.5,76.3,X,관심,X,매우높음
6/19/2022,거제(294),X,28.4,27.4,23.8,21.3,78.6,X, ,X,매우높음
6/19/2022,남해(295),X,29.1,28.1,24,20.6,80.5,X, ,X,매우높음
6/19/2022,부천(433),X,24.9,,,,,X, ,X,높음
6/19/2022,안양(434),X,,,,,,X, ,X,높음
6/19/2022,광명(437),X,25.9,,,,,X, ,X,높음
6/19/2022,군포(438),X,25.3,,,,,X, ,X,높음
6/19/2022,김포(441),X,,,,,,X, ,X,높음
6/19/2022,하남(444),X,25.6,,,,,X,관심,X,높음
6/19/2022,의왕(445),X,,,,,,X, ,X,높음
6/19/2022,포천(504),X,27.2,25.8,22.1,19.9,87,X, ,X,보통
6/19/2022,가평조종(505),X,27.4,26.1,21.8,19.1,89,X,관심,X,보통
6/19/2022,안성(516),X,27.9,26.7,23.8,20.7,81,X,관심,X,높음
6/19/2022,간성(517),X,30.6,29.7,24.8,19.8,81,X, ,X,높음
6/19/2022,평창(526),X,29.6,30.4,23.7,19.7,69,X, ,X,보통
6/19/2022,의정부(532),X,26.8,24.2,22.2,20.1,96,X, ,X,높음
6/19/2022,횡성(536),X,28.6,27.3,23,20.8,89,X, ,X,보통
6/19/2022,고양(540),X,26.3,24.8,22.7,20.6,80,X,관심,X,높음
6/19/2022,남양주(541),X,26.2,24.5,22.6,20.6,82,X,관심,X,높음
6/19/2022,안산(545),X,26.4,24.9,22,19.8,89,X,관심,X,높음
6/19/2022,경기광주(546),X,25.8,24.3,22.4,20.6,81,X,관심,X,높음
6/19/2022,여주(548),X,26.2,24.9,23,20.8,79,X,관심,X,보통
6/19/2022,용인(549),X,25.8,24.7,22.6,20.6,78,X,관심,X,높음
6/19/2022,오산(550),X,26.5,25.6,23.1,20.8,74,X, ,X,높음
6/19/2022,평택(551),X,28.3,27.3,24.2,21.4,80,X,관심,X,높음
6/19/2022,화천(555),X,29.4,28,22.9,19.2,91,X, ,X,보통
6/19/2022,양구(556),X,27.8,27.6,23.1,19.8,75,X, ,X,보통
6/19/2022,시흥(565),X,26.8,25.4,22.9,21,84,X, ,X,높음
6/19/2022,구리(569),X,26.1,25,23.3,21.4,74,X,관심,X,높음
6/19/2022,화성(571),X,27.3,25.8,22.9,21.4,85,X, ,X,높음
6/19/2022,성남(572),X,26.4,25,23.4,21.6,77,X,관심,X,높음
6/19/2022,과천(590),X,26.7,25,22.9,21.1,84,X,관심,X,높음
6/19/2022,양주(598),X,26.9,25.4,22.1,19.4,87,X, ,X,높음
6/19/2022,단양(601),X,30.3,30.6,25.4,21.8,72,X,관심,X,보통
6/19/2022,진천(602),X,28.7,27.9,24.6,21.2,76,X,관심,X,높음
6/19/2022,괴산(603),X,27.8,27.1,23.7,19.6,78,X,관심,X,보통
6/19/2022,옥천(604),X,30.1,30.2,25.2,20,75,X,관심,X,매우높음
6/19/2022,홍북(608),X,29.6,28.9,23,19.9,86,X, ,X,보통
6/19/2022,공주(612),X,29.3,29,24.6,20.5,74,X,관심,X,높음
6/19/2022,서천(614),X,27.9,26.1,23.1,20.1,86,X, ,X,높음
6/19/2022,논산(615),X,29.6,28.9,24.5,20.4,79,X,관심,X,높음
6/19/2022,당진(616),X,28.2,26.8,23.1,20.7,87,X, ,X,높음
6/19/2022,청양(618),X,29.7,28.6,23.1,19.3,85,X,관심,X,보통
6/19/2022,음성(619),X,27.4,26.6,23.1,19.5,77,X,관심,X,보통
6/19/2022,증평(623),X,28.2,27,24.2,21.3,79,X,관심,X,높음
6/19/2022,태안(627),X,28.8,27,22.6,20.6,91,X, ,X,높음
6/19/2022,예산(628),X,29,27.7,23.7,21,86,X,관심,X,보통
6/19/2022,아산(634),X,28.4,27.3,23.5,21.2,84,X,관심,X,높음
6/19/2022,계룡(636),X,28.1,27.8,22.8,18.2,76,X,관심,X,높음
6/19/2022,연천청산(652),X,,,,,,X, ,X,보통
6/19/2022,양양(670),X,31.2,30.3,26.1,21.4,80,X, ,X,높음
6/19/2022,무안(699),X,30.5,30.1,24.4,21.9,83,X, ,X,높음
6/19/2022,무주(701),X,30.3,30.4,24.8,18.9,74,X,관심,X,매우높음
6/19/2022,익산(702),X,30.2,28.5,24.6,21.1,84,X,관심,X,높음
6/19/2022,진안(703),X,29,29,23.4,18.2,80,X,관심,X,매우높음
6/19/2022,담양(706),X,32.7,32.4,25.7,20.9,82,O,관심,X,높음
6/19/2022,구례(709),X,32.8,33.4,26.7,21.5,74,O,관심,X,매우높음
6/19/2022,나주(710),X,31.3,30.7,25.9,21.8,78,O,관심,X,높음
6/19/2022,순천시(712),X,30.8,30.5,25.7,22.1,74,X,관심,X,매우높음
6/19/2022,광양읍(713),X,31.7,32.4,26,21.4,72,X,관심,X,매우높음
6/19/2022,장성(730),X,31.4,31.2,24.7,20.6,81,X,관심,X,높음
6/19/2022,영암(731),X,29.9,,,,78,X,관심,X,높음
6/19/2022,보성(732),X,29.8,29.4,24.2,20.2,82,X, ,X,높음
6/19/2022,완주(734),X,30.6,30,24.7,19.2,81,X,관심,X,높음
6/19/2022,김제(737),X,29,28.5,24.1,20.8,75,X, ,X,높음
6/19/2022,화순(741),X,32.1,33.1,26.1,20.7,73,O,관심,X,높음
6/19/2022,함평(754),X,31.6,31,24.8,21.5,82,X,관심,X,높음
6/19/2022,곡성(768),X,32.3,32.7,26.1,19,73,O,관심,X,높음
6/19/2022,압해도(789),X,30.1,29.7,23.9,21.2,83,X, ,X,매우높음
6/19/2022,영양(801),X,31.7,32.9,25.4,18.1,72,O,주의,X,높음
6/19/2022,성주(810),X,32.4,33.4,27,20.6,66,O,주의,X,매우높음
6/19/2022,고령(812),X,32.3,33.6,26.5,21.2,72,O,주의,X,매우높음
6/19/2022,청도(813),X,32.2,33.3,26.2,21,73,O,주의,X,매우높음
6/19/2022,예천(815),X,31.2,31.8,25.5,20,69,O,주의,X,높음
6/19/2022,김천(822),X,32.3,32.3,25.6,18.8,75,O,주의,X,매우높음
6/19/2022,군위(823),X,32.4,32.9,26.1,19.8,73,O,주의,X,매우높음
6/19/2022,칠곡(825),X,32.4,32.8,27,21.4,69,O,주의,X,매우높음
6/19/2022,경산(827),X,32.4,33.8,27.8,22.8,61,O,주의,X,매우높음
6/19/2022,삼척(876),X,29.8,29.7,25.5,21,70,X, ,X,높음
6/19/2022,속초(90),X,29.4,29.4,23.9,19.8,74.8,X, ,X,높음
6/19/2022,삼천포(907),X,28.3,27,23.5,20.7,82,X, ,X,매우높음
6/19/2022,고성(918),X,28.5,26.6,23.4,20.2,86,X, ,X,매우높음
6/19/2022,창녕(919),X,32.3,32.7,27,22.4,70,O,주의,X,매우높음
6/19/2022,함안(920),X,31.7,31.4,25.8,21.2,76,X,관심,X,매우높음
6/19/2022,북춘천(93),X,29,28,23.1,20.4,85.9,X,관심,X,보통
6/19/2022,하동(932),X,31.3,31.1,25.6,21.8,76,O,관심,X,매우높음
6/19/2022,철원(95),X,28.9,25.6,22,19.7,99.6,X, ,X,보통
6/19/2022,동두천(98),X,26.8,24.7,21.8,20,90.6,X, ,X,보통
6/19/2022,파주(99),X,26.2,24,21.8,20,92.8,X, ,X,높음
6/20/2022,북강릉(104),X,28.9,29.2,24.8,20.2,69.5,X, ,X,높음
6/20/2022,동해(106),X,28.3,28.1,24,21,75.1,X, ,X,매우높음
6/20/2022,서울(108),X,29.6,29,25.2,22,76.6,X,관심,X,보통
6/20/2022,인천(112),X,28.4,27.6,23.4,21,81.8,X, ,X,보통
6/20/2022,원주(114),X,29.8,30.7,25.6,21,66.1,X,관심,X,높음
6/20/2022,울릉도(115),X,28.7,27.5,23.1,20.3,87.3,X, ,X,매우높음
6/20/2022,수원(119),X,28.7,30.3,24.6,20.9,72.9,X,관심,X,보통
6/20/2022,영월(121),X,31.7,33,25.5,18.8,67.4,O,관심,X,매우높음
6/20/2022,충주(127),X,30.5,30.5,25,19.3,74.3,O,관심,X,높음
6/20/2022,서산(129),X,30.1,29.6,24.5,20.5,78.4,X, ,X,높음
6/20/2022,울진(130),X,28,26.9,24,20.7,79.8,X,관심,X,매우높음
6/20/2022,청주(131),X,31.8,32.4,27,23.1,66.8,O,관심,X,높음
6/20/2022,대전(133),X,32.1,33,26.8,22.2,67.1,O,관심,X,높음
6/20/2022,추풍령(135),X,31.1,31.7,25.4,20.2,70.5,O,관심,X,높음
6/20/2022,안동(136),X,32.5,33.7,26.7,19.7,63.1,O,주의,X,매우높음
6/20/2022,상주(137),O,33,33.4,27.5,21.5,67.9,O,주의,X,높음
6/20/2022,포항(138),X,30.3,29.8,26.8,23.5,70.4,O,주의,X,매우높음
6/20/2022,군산(140),X,29.1,27.9,24.2,20.5,82.6,X, ,X,높음
6/20/2022,대구(143),O,34.2,35.6,28.6,23.6,69.8,O,주의,X,매우높음
6/20/2022,전주(146),X,32.1,32.3,25.9,21.2,74.1,X,관심,X,높음
6/20/2022,울산(152),X,31.3,31,25.2,21.7,77.9,X,관심,X,매우높음
6/20/2022,창원(155),X,30.1,29.5,25.1,21.6,74.4,X,관심,X,매우높음
6/20/2022,광주(156),O,33.3,33.6,26.3,22.4,85,O,주의,X,높음
6/20/2022,부산(159),X,29.1,27.6,24.2,21.9,86.4,X,관심,X,매우높음
6/20/2022,통영(162),X,28.8,27.8,23.6,21.3,87.6,X, ,X,매우높음
6/20/2022,목포(165),X,29.5,28.4,23.9,20.9,85.9,X, ,X,높음
6/20/2022,여수(168),X,28.4,26.9,23.9,22.2,82.5,X, ,X,매우높음
6/20/2022,흑산도(169),X,26.7,24.4,20.5,18.6,95.6,X, ,X,매우높음
6/20/2022,완도(170),X,30.2,29.1,24,20.9,84.8,X, ,X,매우높음
6/20/2022,고창(172),X,31.2,30.7,24.5,20.3,79.8,X,관심,X,높음
6/20/2022,제주(184),X,28.8,27.4,23.7,21.3,88.3,X, ,X,높음
6/20/2022,진주(192),X,31.7,31.1,25.1,20.6,79.3,X,관심,X,매우높음
6/20/2022,양평(202),X,29.4,29.4,24.5,20.5,74.9,X,관심,X,높음
6/20/2022,이천(203),X,30.3,30.1,24.8,20.3,77.9,O,관심,X,보통
6/20/2022,인제(211),X,30,30.9,24.5,20.4,71.9,X,관심,X,높음
6/20/2022,홍천(212),X,30.3,30.9,25,20,71.8,X,관심,X,높음
6/20/2022,태백(216),X,28.8,29.8,21.7,15.7,77.3,X, ,X,높음
6/20/2022,정선군(217),X,31.1,33.5,25.3,18.1,61.6,X,관심,X,매우높음
6/20/2022,제천(221),X,30.6,31,24.3,18,77.3,O,관심,X,높음
6/20/2022,보은(226),X,30.7,30.6,24.9,19.6,76.9,X,관심,X,높음
6/20/2022,천안(232),X,30.5,30.5,25.2,21.2,78.3,X,관심,X,높음
6/20/2022,보령(235),X,29.5,28.6,23.7,20.2,82.4,X, ,X,높음
6/20/2022,부여(236),X,32.2,32.6,25.8,19.9,77.3,X,관심,X,높음
6/20/2022,금산(238),X,31.3,31.5,25.5,19.4,74.9,X,관심,X,높음
6/20/2022,세종(239),X,31.7,32.3,26.1,21.2,68.9,X,관심,X,높음
6/20/2022,부안(243),X,29.9,29,24,20.6,82.6,X,관심,X,높음
6/20/2022,임실(244),X,31.2,31.6,25,19.1,76.6,X,관심,X,높음
6/20/2022,정읍(245),X,31.2,31.1,24.9,19.9,76,X,관심,X,높음
6/20/2022,남원(247),X,32,33.3,26.1,20.5,75.6,X,관심,X,높음
6/20/2022,장수(248),X,31.1,31.2,24.4,19.1,80.8,X, ,X,높음
6/20/2022,영광군(252),X,30.3,29.3,23.9,20.5,83.6,X,관심,X,높음
6/20/2022,김해시(253),X,30.7,29.5,24.9,21.4,79.6,O,관심,X,매우높음
6/20/2022,순창군(254),X,32.9,33.6,26.4,20.3,76.4,X,관심,X,높음
6/20/2022,양산시(257),X,31.9,31.4,26,21.7,75.8,X,관심,X,높음
6/20/2022,강진군(259),X,31.6,30.9,25.2,21.2,81,X,관심,X,매우높음
6/20/2022,장흥(260),X,30.5,29.8,24.8,21.1,81.9,X, ,X,매우높음
6/20/2022,해남(261),X,30.9,30.1,24.6,19.7,82.3,O,관심,X,매우높음
6/20/2022,고흥(262),X,29.5,28.5,23.6,19.8,83.1,X, ,X,매우높음
6/20/2022,의령군(263),X,32.3,33,26.7,22.6,70.1,X,관심,X,높음
6/20/2022,함양군(264),X,32.7,33.8,25.9,19.8,73.4,O,주의,X,높음
6/20/2022,진도군ASOS(268),X,29.8,28.9,23.7,19.6,85.8,X,관심,X,매우높음
6/20/2022,봉화(271),X,30.2,31.7,24,16.9,70.6,O,관심,X,매우높음
6/20/2022,영주(272),X,31.5,32.3,25.7,19.2,68.9,O,주의,X,높음
6/20/2022,문경(273),X,32.4,32.7,26.1,19.7,72.4,O,관심,X,높음
6/20/2022,청송군(276),X,31.2,32.9,25.1,17.9,64.3,O,주의,X,매우높음
6/20/2022,영덕(277),X,29.6,29.7,24.6,20.4,73.5,X,관심,X,매우높음
6/20/2022,의성(278),O,33.4,35,27,18.8,66.6,O,주의,X,매우높음
6/20/2022,구미(279),X,32.7,33.8,27.5,21.8,64,O,주의,X,높음
6/20/2022,영천(281),X,32.1,32.8,27.3,22.4,64.1,O,주의,X,매우높음
6/20/2022,경주시(283),O,33.6,33.8,26.9,21,72.3,O,주의,X,높음
6/20/2022,거창(284),X,31.7,32.9,26,19.5,71.5,X,관심,X,높음
6/20/2022,합천(285),X,32.5,33.4,26.6,21.3,69.5,O,주의,X,높음
6/20/2022,밀양(288),X,32.6,33.8,26.9,22.5,65.5,O,관심,X,높음
6/20/2022,산청(289),X,32.1,32.2,25.4,20.9,78.4,O,관심,X,높음
6/20/2022,거제(294),X,29.8,28.9,24.5,20.5,78.5,X, ,X,매우높음
6/20/2022,남해(295),X,29.7,28.6,24.2,20.9,82.1,X, ,X,매우높음
6/20/2022,부천(433),X,28.6,,,,,X, ,X,보통
6/20/2022,안양(434),X,,,,,,X,관심,X,보통
6/20/2022,광명(437),X,29.3,,,,,X,관심,X,보통
6/20/2022,군포(438),X,29.5,,,,,X,관심,X,보통
6/20/2022,김포(441),X,,,,,,X,관심,X,보통
6/20/2022,하남(444),X,30.4,,,,,X,관심,X,보통
6/20/2022,의왕(445),X,,,,,,X, ,X,보통
6/20/2022,포천(504),X,30.3,30,24.1,19.8,79,X,관심,X,높음
6/20/2022,가평조종(505),X,29.7,29,23.5,19.5,81,X,관심,X,보통
6/20/2022,안성(516),X,30.5,30.7,25.3,21.6,77,O,관심,X,보통
6/20/2022,간성(517),X,30.2,29.6,25.3,20.4,78,X, ,X,높음
6/20/2022,평창(526),X,30.5,32.4,24.2,17.5,67,X,관심,X,높음
6/20/2022,의정부(532),X,30.3,29.1,24.2,20.5,87,X,관심,X,보통
6/20/2022,횡성(536),X,31,31.1,24.6,19.3,81,X,관심,X,높음
6/20/2022,고양(540),X,30.9,30.9,23.9,19.9,77,X,관심,X,보통
6/20/2022,남양주(541),X,30.7,30.6,24.4,20.2,76,X,관심,X,보통
6/20/2022,안산(545),X,29.3,28.8,23.2,18.3,83,X,관심,X,보통
6/20/2022,경기광주(546),X,29,29,23.4,19.9,78,X,관심,X,보통
6/20/2022,여주(548),X,29.6,29.7,24.5,19.7,76,X,관심,X,보통
6/20/2022,용인(549),X,28.8,29,23.8,20.2,75,O,관심,X,보통
6/20/2022,오산(550),X,29.3,29.8,24.4,21,69,X,관심,X,보통
6/20/2022,평택(551),X,30.7,30.7,25.4,21.9,79,X,관심,X,보통
6/20/2022,화천(555),X,32.2,32.4,24.6,19.6,83,O,관심,X,높음
6/20/2022,양구(556),X,30.1,30.9,24.5,20.1,71,X,관심,X,높음
6/20/2022,시흥(565),X,29.3,28.7,23.9,19.6,81,X, ,X,보통
6/20/2022,구리(569),X,29.8,30.6,25.1,20.7,67,X,관심,X,보통
6/20/2022,화성(571),X,29.3,28.9,23.9,20.9,80,X, ,X,높음
6/20/2022,성남(572),X,29.4,29.3,24.9,21.1,72,X,관심,X,보통
6/20/2022,과천(590),X,29.9,29.6,24,19.5,80,X,관심,X,보통
6/20/2022,양주(598),X,28.9,28.8,23.6,19.6,79,X,관심,X,보통
6/20/2022,단양(601),X,32.1,33.1,26.3,19.8,69,X,관심,X,높음
6/20/2022,진천(602),X,31.1,31.1,26,22.4,73,X,관심,X,높음
6/20/2022,괴산(603),X,30.6,30.7,24.5,18.8,78,X,관심,X,높음
6/20/2022,옥천(604),X,32,32.7,26.2,20.8,73,X,관심,X,높음
6/20/2022,홍북(608),X,31.7,31.4,24.4,19.7,80,X,관심,X,높음
6/20/2022,공주(612),X,31.9,32.8,26.4,21.4,69,O,관심,X,높음
6/20/2022,서천(614),X,28.8,27.2,23.8,20.7,85,X, ,X,높음
6/20/2022,논산(615),X,32,32.5,26.5,20.8,73,X,관심,X,높음
6/20/2022,당진(616),X,30,29.7,24.2,20.4,81,X,관심,X,높음
6/20/2022,청양(618),X,31.6,31.5,24.5,18.9,81,O,관심,X,높음
6/20/2022,음성(619),X,30,29.6,23.7,18.7,78,X,관심,X,높음
6/20/2022,증평(623),X,31.3,31,25.4,20.9,78,O,관심,X,높음
6/20/2022,태안(627),X,30.8,29.5,23.5,19.7,87,X, ,X,높음
6/20/2022,예산(628),X,30.9,30.9,25.4,22.1,77,X,관심,X,높음
6/20/2022,아산(634),X,29.9,29.8,25.1,21.6,75,X,관심,X,높음
6/20/2022,계룡(636),X,31.1,31.7,24.7,19,72,X,관심,X,높음
6/20/2022,연천청산(652),X,,,,,,X,관심,X,높음
6/20/2022,양양(670),X,31,30.8,25.4,21.3,82,X, ,X,높음
6/20/2022,무안(699),X,30.8,29.8,24.4,20.3,84,X, ,X,높음
6/20/2022,무주(701),X,31.5,32.3,25.4,20,75,X,관심,X,높음
6/20/2022,익산(702),X,31.8,31,25.3,21.1,84,X,관심,X,높음
6/20/2022,진안(703),X,31,30.9,24.7,18.8,78,X,관심,X,높음
6/20/2022,담양(706),O,34,34.1,27.1,20.9,77,O,주의,X,높음
6/20/2022,구례(709),O,33.5,33.2,26.9,21.9,77,O,주의,X,높음
6/20/2022,나주(710),X,32.3,32.1,25.9,20.6,80,O,주의,X,높음
6/20/2022,순천시(712),X,31.3,30.8,26,23.1,75,O,관심,X,매우높음
6/20/2022,광양읍(713),X,32.2,32.6,26.7,23.3,70,O,관심,X,매우높음
6/20/2022,장성(730),X,32.2,32.8,25.9,19.8,73,O,관심,X,높음
6/20/2022,영암(731),X,32.2,31.5,25.5,20.9,81,O,관심,X,높음
6/20/2022,보성(732),X,31,30.3,24.8,20.3,82,X,관심,X,매우높음
6/20/2022,완주(734),X,32.6,32.2,25.5,19.3,79,X,관심,X,높음
6/20/2022,김제(737),X,29.8,31,24.7,20.9,70,X,관심,X,높음
6/20/2022,화순(741),O,33.2,34.3,26,20.7,77,O,주의,X,높음
6/20/2022,함평(754),X,31.3,30.3,24.8,20.1,83,X,관심,X,높음
6/20/2022,곡성(768),O,33.5,34.2,26.6,19.9,73,O,주의,X,높음
6/20/2022,압해도(789),X,30.9,30,23.7,20.1,86,X, ,X,높음
6/20/2022,영양(801),X,31.9,32.7,25,18.1,72,O,주의,X,높음
6/20/2022,성주(810),X,32.9,34.4,28,21.9,63,O,주의,X,높음
6/20/2022,고령(812),X,32.5,33.8,27,21.1,70,O,주의,X,높음
6/20/2022,청도(813),O,33.3,34.3,27.3,22.8,67,O,주의,X,높음
6/20/2022,예천(815),X,32.4,33.4,26.4,19.5,68,O,주의,X,높음
6/20/2022,김천(822),O,33.8,34.6,26.8,19.5,73,O,주의,X,높음
6/20/2022,군위(823),O,33.5,34.3,27.3,19.5,71,O,주의,X,매우높음
6/20/2022,칠곡(825),X,32.8,34,28,22.1,68,O,주의,X,높음
6/20/2022,경산(827),O,33.2,35.1,28.6,24.5,58,O,주의,X,매우높음
6/20/2022,삼척(876),X,30.2,30.3,25.6,21.9,66,X,관심,X,매우높음
6/20/2022,속초(90),X,29.5,28.9,24.5,20.9,73,X, ,X,높음
6/20/2022,삼천포(907),X,29,27.9,23.8,21.1,82,X,관심,X,매우높음
6/20/2022,고성(918),X,30.3,29.1,24.4,21,84,X, ,X,매우높음
6/20/2022,창녕(919),X,32.9,33.5,26.9,22.3,73,O,주의,X,높음
6/20/2022,함안(920),X,32.6,31.8,25.8,21.9,79,O,관심,X,높음
6/20/2022,북춘천(93),X,30.8,31.4,24.9,19.4,77.8,O,관심,X,높음
6/20/2022,하동(932),X,31.2,30.9,25.5,22.2,78,O,주의,X,매우높음
6/20/2022,철원(95),X,29.9,29,23.9,20.1,89.3,X,관심,X,높음
6/20/2022,동두천(98),X,29.6,28.7,23.9,19.7,80.8,X,관심,X,보통
6/20/2022,파주(99),X,29.4,28.5,23.3,19.9,86.5,X,관심,X,보통
6/21/2022,북강릉(104),X,27.7,26.2,22.7,19.4,86.1,X, ,X,매우높음
6/21/2022,동해(106),X,27.1,25.4,21.8,20.1,92.4,X, ,X,매우높음
6/21/2022,서울(108),X,32.4,32.6,26.5,21.2,72.6,X,관심,X,매우높음
6/21/2022,인천(112),X,28.6,27.8,23.2,19.6,81,X, ,X,매우높음
6/21/2022,원주(114),X,31.9,34.2,27.6,20.8,59.4,O,관심,X,매우높음
6/21/2022,울릉도(115),X,28.1,26.5,23.7,20.8,84.5,X, ,X,높음
6/21/2022,수원(119),X,30.6,31.4,24.6,19.5,73.6,X,관심,X,매우높음
6/21/2022,영월(121),X,32.2,35.8,27.3,19.4,58.3,O,주의,X,높음
6/21/2022,충주(127),X,32.8,34.7,27.2,19.7,67.5,O,관심,X,매우높음
6/21/2022,서산(129),X,30,29.9,23.7,19.4,79.8,X, ,X,매우높음
6/21/2022,울진(130),X,26.6,24.2,21.6,19.9,94,X,관심,X,매우높음
6/21/2022,청주(131),O,33.5,35.3,28.1,22.6,61.5,O,관심,X,매우높음
6/21/2022,대전(133),O,33.6,35.7,28.1,21.9,61.8,O,주의,X,매우높음
6/21/2022,추풍령(135),X,32.1,33.8,26.9,19.4,64.4,O,관심,X,매우높음
6/21/2022,안동(136),O,33.3,35.5,27.6,20.7,61.1,O,주의,X,매우높음
6/21/2022,상주(137),O,34.1,36.1,28.8,21.2,63.3,O,주의,X,매우높음
6/21/2022,포항(138),X,30,28.6,25,22.4,85.5,O,주의,X,보통
6/21/2022,군산(140),X,29.6,28.4,23.8,20.3,83.6,X,관심,X,매우높음
6/21/2022,대구(143),O,33,34.1,27.8,22.2,72.6,O,주의,X,높음
6/21/2022,전주(146),O,33.3,33,25.7,21.7,76.8,O,관심,X,매우높음
6/21/2022,울산(152),X,29.8,28.9,24.7,22.6,85.1,X,관심,X,높음
6/21/2022,창원(155),X,29.2,28.1,24.8,22.1,75.6,X,관심,X,보통
6/21/2022,광주(156),O,34,33.7,26.7,23.2,85.5,O,주의,X,매우높음
6/21/2022,부산(159),X,30.1,28.6,25,22.7,86.9,X,관심,X,높음
6/21/2022,통영(162),X,30.2,29.1,25.1,22.3,81.9,X, ,X,높음
6/21/2022,목포(165),X,29.4,28,23.7,21.5,86.8,X, ,X,높음
6/21/2022,여수(168),X,29.6,28.7,25,22.5,76.6,X, ,X,높음
6/21/2022,흑산도(169),X,27,24.7,21.2,19.1,94.1,X, ,X,매우높음
6/21/2022,완도(170),X,31.8,31.4,25.7,21.1,76.1,X, ,X,높음
6/21/2022,고창(172),X,29.9,28.7,23.8,20.8,82,X,관심,X,매우높음
6/21/2022,제주(184),X,28.9,27.3,24,21.5,89.5,X, ,X,높음
6/21/2022,진주(192),X,32.6,32.5,26.1,20.2,75,X,관심,X,보통
6/21/2022,양평(202),X,31.8,33.4,26.5,19.9,66.5,O,관심,X,매우높음
6/21/2022,이천(203),O,33,34,26.6,19.9,72.1,O,주의,X,매우높음
6/21/2022,인제(211),X,31.7,34,25.2,18.6,67.4,X,관심,X,매우높음
6/21/2022,홍천(212),X,31.6,33.7,26,19.3,65.8,O,관심,X,매우높음
6/21/2022,태백(216),X,29.2,29,22.7,16,76.6,X, ,X,매우높음
6/21/2022,정선군(217),X,32.7,35.9,27,19.3,60.4,O,관심,X,높음
6/21/2022,제천(221),X,31.9,34.3,26.5,18.8,66.1,O,관심,X,매우높음
6/21/2022,보은(226),X,32.7,33.3,26.5,19.8,68.5,X,관심,X,매우높음
6/21/2022,천안(232),X,32.4,33.1,25.5,19.5,74.6,X,관심,X,매우높음
6/21/2022,보령(235),X,30,29.3,24.1,20.2,80.4,X, ,X,매우높음
6/21/2022,부여(236),O,33.7,34.5,26.8,20.6,73.6,O,관심,X,매우높음
6/21/2022,금산(238),X,32.9,33.9,27,21.3,70.1,X,관심,X,매우높음
6/21/2022,세종(239),O,33.1,35.1,27,20.6,65.1,O,관심,X,매우높음
6/21/2022,부안(243),X,28.9,27.7,23.3,20.7,85.5,X, ,X,매우높음
6/21/2022,임실(244),X,32.3,32.1,25.3,21.4,79.3,O,관심,X,매우높음
6/21/2022,정읍(245),X,31.7,31.1,25,21.2,77.6,X,관심,X,높음
6/21/2022,남원(247),O,33.1,33.3,26.7,22.3,77,O,관심,X,매우높음
6/21/2022,장수(248),X,31.5,31.6,25.4,20.9,80.5,X, ,X,매우높음
6/21/2022,영광군(252),X,29.4,27.9,23.3,20.3,84.3,X, ,X,매우높음
6/21/2022,김해시(253),X,30.6,30,25.5,23.3,78.1,O,주의,X,보통
6/21/2022,순창군(254),O,33.6,34.5,27.1,23,76,O,관심,X,매우높음
6/21/2022,양산시(257),X,31.6,31.4,26.6,23.3,72.4,X,관심,X,보통
6/21/2022,강진군(259),X,32.9,32.9,26.4,21.9,74.4,X,관심,X,높음
6/21/2022,장흥(260),X,32.3,32.6,25.9,20.9,76.1,X, ,X,높음
6/21/2022,해남(261),X,31.9,31.4,25,21.3,80.4,O,주의,X,높음
6/21/2022,고흥(262),X,30.7,30.6,25.4,19.5,75.9,X, ,X,높음
6/21/2022,의령군(263),X,32.8,33.7,27,21.8,68.1,X,관심,X,높음
6/21/2022,함양군(264),X,32.9,34.3,27.1,22.6,70.5,O,주의,X,높음
6/21/2022,진도군ASOS(268),X,29.6,28.3,23.2,19.5,86,X,관심,X,높음
6/21/2022,봉화(271),X,30.8,32.4,24.7,17.8,70.8,O,주의,X,매우높음
6/21/2022,영주(272),X,32.7,34.7,26.5,19.4,67.3,O,주의,X,매우높음
6/21/2022,문경(273),O,33,34.7,26.9,19.7,69.8,O,주의,X,매우높음
6/21/2022,청송군(276),X,32.4,34,25.4,17.8,67.6,O,주의,X,높음
6/21/2022,영덕(277),X,29.5,28.5,23,18.1,85.1,X,관심,X,높음
6/21/2022,의성(278),O,33.9,35.9,27.7,20.2,65.9,O,경고,X,높음
6/21/2022,구미(279),O,33.2,35.2,28.5,22.3,62.5,O,경고,X,높음
6/21/2022,영천(281),X,31.4,31.9,25.8,20.5,73.6,O,주의,X,보통
6/21/2022,경주시(283),X,31.7,31.3,25.6,20.4,76.4,O,주의,X,보통
6/21/2022,거창(284),X,32.4,33.5,26.3,19.8,73.6,X,관심,X,높음
6/21/2022,합천(285),O,33,34.5,26.6,20.2,68.5,O,주의,X,보통
6/21/2022,밀양(288),X,32.4,33.5,27.5,22.6,63.4,O,주의,X,보통
6/21/2022,산청(289),O,33.2,34.1,26.3,20.8,74.8,O,주의,X,높음
6/21/2022,거제(294),X,29.2,28.1,23.9,21.5,84.8,X, ,X,높음
6/21/2022,남해(295),X,30.4,29.6,25.1,21.6,79.9,X, ,X,높음
6/21/2022,부천(433),X,29.8,30.1,24.3,19.8,72,X, ,X,매우높음
6/21/2022,안양(434),X,25.4,31.4,25.6,21.5,,X, ,X,매우높음
6/21/2022,광명(437),X,31.5,32.1,26.3,21.6,69,X, ,X,매우높음
6/21/2022,군포(438),X,31.1,31.6,25.4,20.5,69,X, ,X,매우높음
6/21/2022,김포(441),X,,30.9,23.8,20,,X, ,X,매우높음
6/21/2022,하남(444),O,33,34.6,25.9,18.8,67,X,관심,X,매우높음
6/21/2022,의왕(445),X,,,,,,X, ,X,매우높음
6/21/2022,포천(504),O,33.1,33.6,25.6,18.2,74,X,관심,X,매우높음
6/21/2022,가평조종(505),X,32.3,33.1,25.1,17.7,76,X,관심,X,매우높음
6/21/2022,안성(516),X,32.5,33.1,25.2,19.5,79,O,주의,X,매우높음
6/21/2022,간성(517),X,28.8,26.1,22.2,18.6,95,X, ,X,매우높음
6/21/2022,평창(526),X,31.8,35.3,26.3,18.2,59,X,관심,X,매우높음
6/21/2022,의정부(532),O,33.3,32.3,25.5,18.9,83,X,관심,X,매우높음
6/21/2022,횡성(536),X,32.9,34.8,26.4,18.7,71,X,관심,X,매우높음
6/21/2022,고양(540),X,32.9,33.2,25.2,18.6,76,X,관심,X,매우높음
6/21/2022,남양주(541),O,33.4,34.5,26,18.7,71,X,관심,X,매우높음
6/21/2022,안산(545),X,29.1,28.6,22.7,17.6,84,X, ,X,매우높음
6/21/2022,경기광주(546),X,32,32.7,25.1,18.5,72,X,관심,X,매우높음
6/21/2022,여주(548),X,32.1,33.8,26.4,19.5,69,O,관심,X,매우높음
6/21/2022,용인(549),X,31.3,32.3,25.1,19.4,69,O,주의,X,매우높음
6/21/2022,오산(550),X,31.3,32.4,25,19.5,67,X,관심,X,매우높음
6/21/2022,평택(551),X,31.8,31.9,24.9,20.1,82,X,관심,X,매우높음
6/21/2022,화천(555),O,33.7,34.8,26,18.9,76,O,주의,X,매우높음
6/21/2022,양구(556),X,31.7,34.4,25.9,18.1,64,X,관심,X,매우높음
6/21/2022,시흥(565),X,30.3,30.1,24.4,17.9,78,X, ,X,매우높음
6/21/2022,구리(569),X,32.5,34.5,26.8,19.8,62,X,관심,X,매우높음
6/21/2022,화성(571),X,30.4,30.2,23.5,19.1,81,X, ,X,매우높음
6/21/2022,성남(572),X,32.3,33.1,26.6,20,66,X,관심,X,매우높음
6/21/2022,과천(590),X,32.7,33,25.6,18.7,74,X,관심,X,매우높음
6/21/2022,양주(598),X,31.1,31.5,25,18,75,X,관심,X,매우높음
6/21/2022,단양(601),O,33.6,36.6,28.4,20.8,61,O,관심,X,매우높음
6/21/2022,진천(602),O,33.5,35.4,27.2,20.9,68,X,관심,X,매우높음
6/21/2022,괴산(603),X,32.9,34.7,26.6,18.6,69,X,관심,X,매우높음
6/21/2022,옥천(604),O,33.6,35.3,28.3,21.2,64,O,관심,X,매우높음
6/21/2022,홍북(608),O,33,33.5,24.5,18.6,78,X,관심,X,매우높음
6/21/2022,공주(612),O,33.6,35.4,27.2,20,64,O,주의,X,매우높음
6/21/2022,서천(614),X,29.7,28.2,24.1,20.4,84,X, ,X,매우높음
6/21/2022,논산(615),O,33.3,34.4,26.9,21.5,72,X,관심,X,매우높음
6/21/2022,당진(616),X,30.2,29.5,23.3,19.1,86,X,관심,X,매우높음
6/21/2022,청양(618),X,32.8,34,25.2,18.8,76,O,주의,X,매우높음
6/21/2022,음성(619),X,32.2,33.2,25.8,18.5,70,X,관심,X,매우높음
6/21/2022,증평(623),O,33,34.9,26.8,20.5,73,O,관심,X,매우높음
6/21/2022,태안(627),X,30.2,29.3,22.9,18.5,86,X, ,X,매우높음
6/21/2022,예산(628),X,31.5,31.6,24.5,20,83,X,관심,X,매우높음
6/21/2022,아산(634),X,30.2,29.9,23.5,19.3,82,X,관심,X,매우높음
6/21/2022,계룡(636),X,32.7,34.7,26.3,18.5,66,X,관심,X,매우높음
6/21/2022,연천청산(652),X,,,,,,X,관심,X,매우높음
6/21/2022,양양(670),X,28.4,25.2,22.1,19.6,97,X, ,X,매우높음
6/21/2022,무안(699),X,30,29,23.7,21.2,85,X, ,X,매우높음
6/21/2022,무주(701),O,33,34.7,27.4,21.1,70,O,관심,X,매우높음
6/21/2022,익산(702),O,33.8,32.4,25.3,21.6,86,O,관심,X,매우높음
6/21/2022,진안(703),X,31.8,33,25.4,20.4,75,O,관심,X,매우높음
6/21/2022,담양(706),O,35.6,35,27.8,23.8,79,O,주의,X,매우높음
6/21/2022,구례(709),O,34.2,34.7,27.1,21.9,75,O,주의,X,높음
6/21/2022,나주(710),X,32.8,32.1,25.5,21.8,82,O,주의,X,매우높음
6/21/2022,순천시(712),O,33.1,34.1,27,22.8,69,O,주의,X,매우높음
6/21/2022,광양읍(713),O,33.2,34.3,27,22.6,67,O,주의,X,높음
6/21/2022,장성(730),O,33,33.3,26,22,75,O,주의,X,매우높음
6/21/2022,영암(731),X,32.1,31,25.6,21.7,79,O,주의,X,매우높음
6/21/2022,보성(732),X,32.7,32.8,26.1,22,76,X,관심,X,높음
6/21/2022,완주(734),O,34.2,34.3,26,20.5,79,O,관심,X,매우높음
6/21/2022,김제(737),X,30.4,31,24.4,20.8,73,X,관심,X,매우높음
6/21/2022,화순(741),O,33.7,34.1,25.6,20.9,80,O,주의,X,매우높음
6/21/2022,함평(754),X,30.1,28.8,24.1,22,85,X,관심,X,매우높음
6/21/2022,곡성(768),O,34.5,35.1,26.5,21.3,79,O,주의,X,매우높음
6/21/2022,압해도(789),X,29.4,27.9,22.9,21,87,X, ,X,매우높음
6/21/2022,영양(801),X,32.2,33,25.1,18.1,74,O,주의,X,매우높음
6/21/2022,성주(810),O,33.6,35.2,28,21.1,63,O,주의,X,높음
6/21/2022,고령(812),O,33.3,35,26.8,19.8,70,O,주의,X,높음
6/21/2022,청도(813),X,32.5,33.3,26.6,19.9,71,O,주의,X,높음
6/21/2022,예천(815),O,33.2,36.2,27.8,20.4,62,O,주의,X,매우높음
6/21/2022,김천(822),O,34.4,35.4,27.6,20.5,71,O,주의,X,매우높음
6/21/2022,군위(823),O,34.8,36,27.7,20.6,72,O,주의,X,높음
6/21/2022,칠곡(825),O,33.8,34.4,28.2,22,70,O,주의,X,보통
6/21/2022,경산(827),X,32.9,34.7,27.7,21.9,63,O,경고,X,높음
6/21/2022,삼척(876),X,28.7,27.7,23.3,20,83,X,관심,X,매우높음
6/21/2022,속초(90),X,28.1,26.3,22.2,20,88.4,X, ,X,매우높음
6/21/2022,삼천포(907),X,31,30.5,25.3,22.1,76,X,관심,X,보통
6/21/2022,고성(918),X,30.3,29.1,25.3,22.1,80,X, ,X,보통
6/21/2022,창녕(919),O,33,32.9,26.9,21,74,O,주의,X,보통
6/21/2022,함안(920),X,31.8,30.9,25.6,21.1,80,O,주의,X,보통
6/21/2022,북춘천(93),X,32.5,34.2,26.2,19.2,72,O,주의,X,매우높음
6/21/2022,하동(932),X,32.9,33.5,26.4,21.7,74,O,주의,X,높음
6/21/2022,철원(95),X,32.3,31.7,25.1,18.3,83.5,X,관심,X,매우높음
6/21/2022,동두천(98),X,32.1,31.8,25.1,18.5,78.8,X,관심,X,매우높음
6/21/2022,파주(99),X,31.6,30.7,24,19.6,86.1,X,관심,X,매우높음
6/22/2022,북강릉(104),X,30.2,29.4,23.9,19.8,85.8,X, ,X,매우높음
6/22/2022,동해(106),X,30,29.5,22.4,19.9,92.8,X, ,X,매우높음
6/22/2022,서울(108),X,30.7,31,25.9,21.9,71.1,X,관심,X,높음
6/22/2022,인천(112),X,27.8,26.6,22.9,20.4,81.4,X, ,X,높음
6/22/2022,원주(114),X,30.6,31.6,26.7,22.2,59.6,O,관심,X,높음
6/22/2022,울릉도(115),X,30.2,28.3,23.7,20.8,91.5,X, ,X,매우높음
6/22/2022,수원(119),X,28.9,30.1,24.4,20.8,73.4,X, ,X,높음
6/22/2022,영월(121),O,33,34.9,26.5,20.3,63,O,주의,X,매우높음
6/22/2022,충주(127),X,31.8,32.8,26.4,20.6,67.4,O,주의,X,높음
6/22/2022,서산(129),X,29.9,30.2,24.3,20.6,75.9,X, ,X,매우높음
6/22/2022,울진(130),X,28.3,26.9,23.6,20,85.8,X,관심,X,매우높음
6/22/2022,청주(131),X,32.7,34.4,27.4,22.2,63,O,주의,X,높음
6/22/2022,대전(133),X,31.6,33.9,27.5,22.1,61,O,주의,X,매우높음
6/22/2022,추풍령(135),X,32,34,27.1,21.2,59.5,O,주의,X,매우높음
6/22/2022,안동(136),O,33.4,35.5,28.7,22,58.3,O,주의,X,매우높음
6/22/2022,상주(137),O,34,35.4,29.3,23.8,55.8,O,주의,X,매우높음
6/22/2022,포항(138),O,35.6,36.5,30.1,23.6,63.4,O,주의,X,매우높음
6/22/2022,군산(140),X,30.4,30.1,24.2,20.3,79.1,X, ,X,매우높음
6/22/2022,대구(143),O,35.4,37.1,29.9,23.6,65,O,주의,X,매우높음
6/22/2022,전주(146),X,31.6,32.3,26.1,21.1,71.3,O,관심,X,매우높음
6/22/2022,울산(152),X,31.9,31.5,25.6,20.9,79.1,X,관심,X,매우높음
6/22/2022,창원(155),X,31.6,31.1,25.6,21.2,74.3,X,관심,X,매우높음
6/22/2022,광주(156),O,33.6,33.5,27,21.5,80,O,주의,X,매우높음
6/22/2022,부산(159),X,29.9,28.6,24.7,21.9,84.4,X,관심,X,매우높음
6/22/2022,통영(162),X,29.3,28.1,23.7,21.5,87.6,X, ,X,매우높음
6/22/2022,목포(165),X,29.3,28.3,24.5,21.1,79.5,X, ,X,매우높음
6/22/2022,여수(168),X,28.7,27.6,24.6,22.8,81.3,X,관심,X,매우높음
6/22/2022,흑산도(169),X,26.7,24.5,20.8,18.8,94.1,X, ,X,매우높음
6/22/2022,완도(170),X,31.2,30.5,24.8,20.9,83.1,X, ,X,매우높음
6/22/2022,고창(172),X,31.4,31.2,24.6,19.6,79.1,X, ,X,매우높음
6/22/2022,제주(184),X,28.6,26.8,23.7,20.7,89.1,X, ,X,매우높음
6/22/2022,진주(192),X,32.7,32.2,26.1,21.1,78.1,X,관심,X,매우높음
6/22/2022,양평(202),X,30.7,31.1,25.5,21,69,O,주의,X,높음
6/22/2022,이천(203),X,31.5,32,25.9,20.8,70,O,주의,X,높음
6/22/2022,인제(211),X,31.6,32,25.5,19.6,72.1,X,관심,X,보통
6/22/2022,홍천(212),X,31.1,31.9,25.6,20.4,68.8,O,관심,X,높음
6/22/2022,태백(216),X,31.3,33.4,23.9,16.6,71.4,X, ,X,매우높음
6/22/2022,정선군(217),O,33,34.9,27,20.4,62.6,O,관심,X,매우높음
6/22/2022,제천(221),X,32,32.7,25.8,20.3,70.5,O,주의,X,높음
6/22/2022,보은(226),X,31.7,32.6,25.7,19.7,68.9,X,관심,X,매우높음
6/22/2022,천안(232),X,31.6,32.3,25,19.6,77.5,X,관심,X,높음
6/22/2022,보령(235),X,28.8,27.9,23.7,20.6,79.9,X, ,X,매우높음
6/22/2022,부여(236),X,31.2,32.3,25.4,21.3,75,O,주의,X,매우높음
6/22/2022,금산(238),X,31.4,32.6,25.9,19.6,67.9,X,관심,X,매우높음
6/22/2022,세종(239),X,31.7,33.2,26.3,21.4,65.8,O,주의,X,높음
6/22/2022,부안(243),X,31,30.5,24,19.9,81.1,X, ,X,매우높음
6/22/2022,임실(244),X,31.5,31.7,25.1,19.1,75.8,O,주의,X,매우높음
6/22/2022,정읍(245),X,31.2,31.6,25,20.1,75.8,X,관심,X,매우높음
6/22/2022,남원(247),X,32.5,33.3,27,21,70.6,O,주의,X,높음
6/22/2022,장수(248),X,30.9,31.2,24.9,18.7,75.6,X,관심,X,매우높음
6/22/2022,영광군(252),X,31.2,30.4,24.2,20,81.6,X, ,X,매우높음
6/22/2022,김해시(253),X,32.3,31.5,25.9,22,77.9,O,주의,X,매우높음
6/22/2022,순창군(254),X,32.7,33.5,27,20.9,71.8,O,주의,X,높음
6/22/2022,양산시(257),X,32.6,32.2,26.6,21.9,76.1,X,관심,X,매우높음
6/22/2022,강진군(259),X,32.7,32.6,26.3,22.2,76.3,X,관심,X,매우높음
6/22/2022,장흥(260),X,31.4,30.6,25.5,21.2,81.3,X, ,X,매우높음
6/22/2022,해남(261),X,31.8,31.8,25.8,21.6,79.8,O,주의,X,매우높음
6/22/2022,고흥(262),X,30.3,29.9,24.9,20.9,78.8,X, ,X,매우높음
6/22/2022,의령군(263),O,33.8,34.8,27.6,21.4,69.6,X,관심,X,매우높음
6/22/2022,함양군(264),O,33,34.4,27.8,21.1,65.9,O,주의,X,높음
6/22/2022,진도군ASOS(268),X,30.8,30.4,24.6,20.1,81.6,X, ,X,매우높음
6/22/2022,봉화(271),X,31.6,33.4,25.7,17.9,66.3,O,주의,X,매우높음
6/22/2022,영주(272),O,33,34.6,27.1,19.9,65.8,O,주의,X,매우높음
6/22/2022,문경(273),O,33.2,34.6,27.7,21.7,63,O,주의,X,매우높음
6/22/2022,청송군(276),X,32.9,36.6,27.5,18.6,55.9,O,주의,X,매우높음
6/22/2022,영덕(277),O,35.2,36.6,26.7,19.9,72.9,X,관심,X,매우높음
6/22/2022,의성(278),O,34.2,36.5,28.4,20.3,61.1,O,경고,X,매우높음
6/22/2022,구미(279),O,33.9,36.5,29.3,23.1,56.5,O,경고,X,매우높음
6/22/2022,영천(281),O,33.5,35.2,28.2,20.6,66.5,O,주의,X,매우높음
6/22/2022,경주시(283),O,35.5,36.2,28.2,20.6,69.6,O,주의,X,매우높음
6/22/2022,거창(284),O,33.6,34.6,27.4,21.2,70.9,X,관심,X,높음
6/22/2022,합천(285),O,33.6,34.7,27.6,21.2,67.8,O,주의,X,높음
6/22/2022,밀양(288),O,33.9,35.1,28,22.1,64.9,O,주의,X,매우높음
6/22/2022,산청(289),O,33.1,32.6,26.7,21.5,76.9,O,주의,X,높음
6/22/2022,거제(294),X,29.7,28.5,24.4,20.8,81.8,X, ,X,매우높음
6/22/2022,남해(295),X,31.2,30.6,25.5,21.8,78.6,X, ,X,매우높음
6/22/2022,부천(433),X,28.5,28.9,23.8,20.5,71,X, ,X,높음
6/22/2022,안양(434),X,26.6,29.9,25.1,21.2,,X, ,X,높음
6/22/2022,광명(437),X,29.6,30.2,25.3,21.2,69,X, ,X,높음
6/22/2022,군포(438),X,29.6,30.7,24.5,20.3,69,X, ,X,높음
6/22/2022,김포(441),X,,28.8,24.1,20.7,,X, ,X,보통
6/22/2022,하남(444),X,31.2,31.7,25.3,20.5,67,X,관심,X,높음
6/22/2022,의왕(445),X,,,,,,X, ,X,높음
6/22/2022,포천(504),X,31.2,31.2,24.8,20.7,74,X,관심,X,높음
6/22/2022,가평조종(505),X,31,31.3,24.7,19.5,76,X,관심,X,높음
6/22/2022,안성(516),X,30.8,32.1,25.1,20,75,O,주의,X,보통
6/22/2022,간성(517),X,30.2,27.9,22.6,20.2,96,X, ,X,매우높음
6/22/2022,평창(526),X,32,34.3,25.8,19.2,63,X,관심,X,높음
6/22/2022,의정부(532),X,31.5,30.4,24.7,20.2,85,X,관심,X,보통
6/22/2022,횡성(536),X,31.7,32.3,25.6,20,76,X,관심,X,높음
6/22/2022,고양(540),X,31,31.7,24.8,19.9,73,X, ,X,보통
6/22/2022,남양주(541),X,31.5,31.9,25.5,20.6,70,X,관심,X,높음
6/22/2022,안산(545),X,29.1,28.6,22.8,18.2,84,X, ,X,높음
6/22/2022,경기광주(546),X,30.8,31.3,24.8,20.5,69,X,관심,X,높음
6/22/2022,여주(548),X,31.1,31.9,25.4,20.2,68,O,주의,X,높음
6/22/2022,용인(549),X,29.2,29.7,24.5,20.4,68,O,주의,X,높음
6/22/2022,오산(550),X,29.3,30.1,24.5,20.3,68,X, ,X,높음
6/22/2022,평택(551),X,31.3,32.3,25.2,21.1,78,X,관심,X,보통
6/22/2022,화천(555),O,33.8,34,26,19.9,81,O,주의,X,높음
6/22/2022,양구(556),X,31.6,32.6,26.1,19.9,68,X,관심,X,보통
6/22/2022,시흥(565),X,29.2,29.1,23.7,20.5,79,X, ,X,높음
6/22/2022,구리(569),X,30.6,32,26,21.7,61,X,관심,X,높음
6/22/2022,화성(571),X,29.9,29,23.5,20.4,82,X, ,X,높음
6/22/2022,성남(572),X,30.3,30.7,25.6,21.4,67,X,관심,X,높음
6/22/2022,과천(590),X,30.6,31,24.9,20.9,75,X, ,X,높음
6/22/2022,양주(598),X,29.3,29.1,24.2,20,77,X, ,X,보통
6/22/2022,단양(601),O,33.2,35,28,22.5,64,O,주의,X,매우높음
6/22/2022,진천(602),X,32.5,33.3,26.1,21.1,71,X,관심,X,높음
6/22/2022,괴산(603),X,31.9,33,25.5,19.4,72,X,관심,X,높음
6/22/2022,옥천(604),X,32.5,34.4,27.5,21.7,64,O,주의,X,매우높음
6/22/2022,홍북(608),X,31.2,32,24.5,19.5,76,X, ,X,매우높음
6/22/2022,공주(612),X,31.9,34.4,26.8,22.1,63,O,주의,X,매우높음
6/22/2022,서천(614),X,30.6,29.9,24.1,20.7,81,X, ,X,매우높음
6/22/2022,논산(615),X,31.5,32.6,26.4,22.3,68,X,관심,X,매우높음
6/22/2022,당진(616),X,30.6,30.6,23.9,19.8,82,X, ,X,매우높음
6/22/2022,청양(618),X,31.4,31.5,24.6,19.5,77,O,주의,X,매우높음
6/22/2022,음성(619),X,31.3,31.4,24.6,19.4,73,X,관심,X,높음
6/22/2022,증평(623),X,32.1,32.8,26,20.7,73,O,주의,X,높음
6/22/2022,태안(627),X,30.1,29,23.5,20.6,87,X, ,X,매우높음
6/22/2022,예산(628),X,31.4,31.4,24.6,20.9,81,X,관심,X,매우높음
6/22/2022,아산(634),X,30.2,30.5,24,20.7,79,X,관심,X,높음
6/22/2022,계룡(636),X,30.6,32.5,25.1,19.6,64,X,관심,X,매우높음
6/22/2022,연천청산(652),X,,,,,,X,관심,X,높음
6/22/2022,양양(670),X,31.6,28.8,23.1,20.4,96,X, ,X,매우높음
6/22/2022,무안(699),X,32,31.7,25,19.9,80,X, ,X,매우높음
6/22/2022,무주(701),X,31.8,33.3,26.6,19.7,65,O,주의,X,매우높음
6/22/2022,익산(702),X,31.7,30.9,25.6,21.4,80,O, ,X,매우높음
6/22/2022,진안(703),X,30.9,31.3,24.5,17.4,73,O,관심,X,매우높음
6/22/2022,담양(706),O,34.8,34.5,27.2,21,79,O,주의,X,매우높음
6/22/2022,구례(709),O,34.6,34.9,28.1,23.5,74,O,주의,X,높음
6/22/2022,나주(710),X,32.6,32.3,26,20,79,O,주의,X,매우높음
6/22/2022,순천시(712),X,32.5,32.2,27,23,73,O,주의,X,매우높음
6/22/2022,광양읍(713),X,32.9,33.5,27.5,22.2,70,O,주의,X,매우높음
6/22/2022,장성(730),X,32.9,33.2,26.1,19.9,74,O,주의,X,매우높음
6/22/2022,영암(731),X,31.9,31.1,26,21,78,O,주의,X,매우높음
6/22/2022,보성(732),X,31.3,30.6,25.5,20.8,79,X,관심,X,매우높음
6/22/2022,완주(734),X,32.7,33.1,25.6,19.2,77,O,관심,X,매우높음
6/22/2022,김제(737),X,30.2,32,24.8,20.7,70,X, ,X,매우높음
6/22/2022,화순(741),O,33.3,33.7,26.7,21.4,73,O,주의,X,높음
6/22/2022,함평(754),X,32.7,32.4,25.6,20,80,X,관심,X,매우높음
6/22/2022,곡성(768),O,33.8,34.4,27.5,21.7,71,O,주의,X,높음
6/22/2022,압해도(789),X,30.1,29.1,24.3,19.9,81,X, ,X,매우높음
6/22/2022,영양(801),O,33.5,36,27,19.1,65,O,주의,X,매우높음
6/22/2022,성주(810),O,34.7,36.5,28.5,22.1,65,O,주의,X,매우높음
6/22/2022,고령(812),O,33.7,35.3,27.9,20.9,70,O,주의,X,매우높음
6/22/2022,청도(813),O,34,34.6,28,21.1,68,O,주의,X,매우높음
6/22/2022,예천(815),O,33.4,35.2,27.9,21,64,O,주의,X,매우높음
6/22/2022,김천(822),O,34.9,36.9,28.4,21.1,65,O,주의,X,매우높음
6/22/2022,군위(823),O,35,37.3,28.7,21.1,66,O,주의,X,매우높음
6/22/2022,칠곡(825),O,34.5,35.4,28.6,22.8,70,O,주의,X,매우높음
6/22/2022,경산(827),O,34.4,36.2,29.2,23.3,60,O,경고,X,매우높음
6/22/2022,삼척(876),X,31.1,30.7,25.4,20.8,77,X,관심,X,매우높음
6/22/2022,속초(90),X,27.4,25.2,22.3,19.7,91.9,X, ,X,매우높음
6/22/2022,삼천포(907),X,29.6,28.4,24.2,21.2,82,X,관심,X,매우높음
6/22/2022,고성(918),X,29.4,27.5,24.3,21.2,87,X,관심,X,매우높음
6/22/2022,창녕(919),O,34.4,34.9,28.1,22.4,72,O,주의,X,매우높음
6/22/2022,함안(920),O,33.5,33.1,26.8,20.8,76,O,주의,X,매우높음
6/22/2022,북춘천(93),X,31.7,32,26.1,20.9,75.3,O,주의,X,높음
6/22/2022,하동(932),X,32.3,32.1,26.4,21.8,76,O,주의,X,매우높음
6/22/2022,철원(95),X,30.4,30,25,21.3,87.4,X,관심,X,높음
6/22/2022,동두천(98),X,30.1,29.3,24.2,20.6,79.9,X, ,X,보통
6/22/2022,파주(99),X,29.7,28.7,23.6,20.2,85.1,X, ,X,보통
6/23/2022,북강릉(104),X,28.3,25.7,22.5,20,93.5,X, ,X,보통
6/23/2022,동해(106),X,29.9,28.9,22.2,19.7,95.4,X, ,X,보통
6/23/2022,서울(108),X,28.6,26.4,24.3,23.3,89.1,X, ,X,보통
6/23/2022,인천(112),X,27.2,25.2,22.3,20.4,92.4,X, ,X,보통
6/23/2022,원주(114),X,29.9,29.6,24.8,21.4,77.5,X, ,X,보통
6/23/2022,울릉도(115),X,28.4,26.6,22.6,21.4,97.4,X, ,X,매우높음
6/23/2022,수원(119),X,29.4,28.8,24.3,21.2,88.1,X, ,X,보통
6/23/2022,영월(121),X,31.1,31.1,23.6,19.7,86.6,X, ,X,보통
6/23/2022,충주(127),X,30.8,30.2,24.7,20.2,82.8,X,주의,X,보통
6/23/2022,서산(129),X,29.4,28.2,23,20.7,92,X, ,X,보통
6/23/2022,울진(130),X,29.7,28.5,23.8,21.3,85,X,관심,X,높음
6/23/2022,청주(131),X,31.7,31.4,25.6,23.2,81.1,X,주의,X,보통
6/23/2022,대전(133),X,30.7,29.9,25.1,22.8,83.3,X, ,X,보통
6/23/2022,추풍령(135),X,28.6,27.3,24,19.6,83.5,X,주의,X,보통
6/23/2022,안동(136),X,30.3,29.5,26.2,22.7,73.4,O,주의,X,보통
6/23/2022,상주(137),X,29.7,28.3,25.2,21.3,83.6,O,주의,X,보통
6/23/2022,포항(138),X,32.7,32.3,29,24.5,67.3,O,주의,X,높음
6/23/2022,군산(140),X,29.3,27.7,24.7,21.5,89.3,X, ,X,보통
6/23/2022,대구(143),X,32.1,31.6,27.9,23.4,72.8,O,주의,X,높음
6/23/2022,전주(146),X,30.7,29.6,25.2,22.1,85.3,X, ,X,보통
6/23/2022,울산(152),X,30.5,29.2,26.2,21.9,79.3,X,관심,X,높음
6/23/2022,창원(155),X,27.7,25.4,23.8,22.3,87.1,X, ,X,보통
6/23/2022,광주(156),X,32.1,29.2,25.5,23.3,96,X,관심,X,보통
6/23/2022,부산(159),X,27.1,23.9,23.2,22.7,97.4,X, ,X,높음
6/23/2022,통영(162),X,27.5,24.6,23.7,22.6,95.1,X, ,X,보통
6/23/2022,목포(165),X,29,27.1,25,22.7,87.5,X, ,X,보통
6/23/2022,여수(168),X,26.8,24.1,23.3,22.8,93.1,X, ,X,보통
6/23/2022,흑산도(169),X,27.6,24.5,22,19.5,97.9,X, ,X,높음
6/23/2022,완도(170),X,31.8,30.9,26.2,22.7,81.8,X, ,X,높음
6/23/2022,고창(172),X,29.6,27.9,25,21.2,83.4,X, ,X,보통
6/23/2022,제주(184),O,33.8,33.4,28.7,23,72.6,X, ,X,매우높음
6/23/2022,진주(192),X,29.7,27.7,24.9,22.5,86.1,X,관심,X,보통
6/23/2022,양평(202),X,28,26.5,23.7,20.3,84.8,X, ,X,보통
6/23/2022,이천(203),X,30.1,28.9,24.2,20.2,90.6,X, ,X,보통
6/23/2022,인제(211),X,28.7,27.6,23.3,19,88,X, ,X,보통
6/23/2022,홍천(212),X,29.6,28.7,24.1,19.5,83.5,X, ,X,보통
6/23/2022,태백(216),X,28.9,28.8,22.4,16.9,82.6,X, ,X,보통
6/23/2022,정선군(217),X,29.4,29.3,23.5,19,82.3,X, ,X,보통
6/23/2022,제천(221),X,29.7,28.7,23.3,18.9,90.6,X,주의,X,보통
6/23/2022,보은(226),X,28.7,27.3,24,19.6,88.6,X,관심,X,보통
6/23/2022,천안(232),X,30.6,29.5,24.1,19.4,92.4,X, ,X,보통
6/23/2022,보령(235),X,29.7,28.6,24,20.5,90.3,X, ,X,보통
6/23/2022,부여(236),X,29.8,28.5,24.5,20.8,91.1,X, ,X,보통
6/23/2022,금산(238),X,30.1,29.3,24.8,20.1,83.3,X, ,X,보통
6/23/2022,세종(239),X,30.9,30.2,24.2,20.7,87.6,X, ,X,보통
6/23/2022,부안(243),X,29.4,28.1,24.7,21.1,89,X, ,X,보통
6/23/2022,임실(244),X,28.5,26.4,23.8,20.7,87.4,X, ,X,보통
6/23/2022,정읍(245),X,29.8,28.2,25,21.1,81.3,X, ,X,보통
6/23/2022,남원(247),X,30.6,29.7,25.4,21.7,79.3,X, ,X,높음
6/23/2022,장수(248),X,28.6,27.5,23.6,20,87,X, ,X,보통
6/23/2022,영광군(252),X,29.4,27.3,24.8,21.2,86,X, ,X,높음
6/23/2022,김해시(253),X,28.4,25.8,24.3,22.7,91,X,관심,X,보통
6/23/2022,순창군(254),X,30.9,29.6,25.2,22.7,83.9,X, ,X,보통
6/23/2022,양산시(257),X,29.4,27.3,25.2,23.4,86.6,X,관심,X,보통
6/23/2022,강진군(259),X,31.2,29.8,25.7,23.4,86,X, ,X,보통
6/23/2022,장흥(260),X,29.8,27.9,25.6,23,85.1,X, ,X,보통
6/23/2022,해남(261),X,30.7,29.2,25,23.1,89.5,X, ,X,보통
6/23/2022,고흥(262),X,30.2,29.1,24.8,22.3,85,X, ,X,높음
6/23/2022,의령군(263),X,30.7,29.7,25.9,23.2,77.4,X,관심,X,보통
6/23/2022,함양군(264),X,29.9,28.7,25.5,22,81.4,X,관심,X,보통
6/23/2022,진도군ASOS(268),X,28,25.6,24.2,22.6,90.8,X, ,X,높음
6/23/2022,봉화(271),X,27.8,27.1,22.7,18.2,88.5,X,주의,X,보통
6/23/2022,영주(272),X,28.1,27,23.3,19.9,91.1,X,주의,X,보통
6/23/2022,문경(273),X,28.1,26.2,23.5,19.9,91.3,X,주의,X,보통
6/23/2022,청송군(276),X,30.9,31.7,25.9,18.8,68.4,O,주의,X,높음
6/23/2022,영덕(277),X,32.3,32.7,27.5,22.5,69.9,X,관심,X,높음
6/23/2022,의성(278),X,30.9,30.2,26.2,20,75.8,O,주의,X,높음
6/23/2022,구미(279),X,30.7,29.8,26.2,23.3,74.4,O,주의,X,보통
6/23/2022,영천(281),X,30.5,29.9,26.7,22.3,71.1,O,주의,X,높음
6/23/2022,경주시(283),X,32.7,32.2,27.6,21.8,71.9,O,주의,X,보통
6/23/2022,거창(284),X,29.3,27.8,24.3,20.8,84.8,X,관심,X,보통
6/23/2022,합천(285),X,30.1,29,25.5,23.3,78,X,관심,X,높음
6/23/2022,밀양(288),X,29.6,28.7,25.6,23,75.9,X,관심,X,높음
6/23/2022,산청(289),X,29.5,27.7,24.5,21.4,87.3,X,관심,X,보통
6/23/2022,거제(294),X,26.8,23.7,23.4,22.7,95.8,X, ,X,보통
6/23/2022,남해(295),X,29.2,26.7,23.8,22,92.6,X, ,X,보통
6/23/2022,부천(433),X,27,25.5,22.6,20.9,88,X, ,X,보통
6/23/2022,안양(434),X,,27.4,24.2,22.7,,X, ,X,보통
6/23/2022,광명(437),X,28.7,27.5,24.1,22,86,X, ,X,보통
6/23/2022,군포(438),X,27.6,26.3,23.1,21.4,86,X, ,X,보통
6/23/2022,김포(441),X,,26,23,20.9,,X, ,X,보통
6/23/2022,하남(444),X,27.7,26.5,23.5,20.7,86,X, ,X,보통
6/23/2022,의왕(445),X,,,,,,X, ,X,보통
6/23/2022,포천(504),X,27.1,25,22.7,19.6,92,X, ,X,보통
6/23/2022,가평조종(505),X,27.5,24.2,21.8,17.7,95,X, ,X,보통
6/23/2022,안성(516),X,31,30.4,24.4,20.3,90,X, ,X,보통
6/23/2022,간성(517),X,26.3,23.2,21.4,20.5,97,X, ,X,보통
6/23/2022,평창(526),X,28.5,27.9,22.9,18.5,84,X, ,X,보통
6/23/2022,의정부(532),X,28,25,23.1,20.4,97,X, ,X,보통
6/23/2022,횡성(536),X,30.3,29.1,23.8,19.4,92,X, ,X,보통
6/23/2022,고양(540),X,27.7,25.8,22.9,20.2,89,X, ,X,보통
6/23/2022,남양주(541),X,27.6,25.8,23.2,20.1,87,X, ,X,보통
6/23/2022,안산(545),X,28.6,27,22.5,17.4,94,X, ,X,보통
6/23/2022,경기광주(546),X,27.9,26.5,23.1,20,89,X, ,X,보통
6/23/2022,여주(548),X,30,29.2,23.8,19.8,87,X, ,X,보통
6/23/2022,용인(549),X,28.4,27,23.4,20,88,X, ,X,보통
6/23/2022,오산(550),X,29.2,28.8,23.9,20.4,83,X, ,X,보통
6/23/2022,평택(551),X,30.4,29.5,24.5,21,94,X, ,X,보통
6/23/2022,화천(555),X,27.1,24.4,21.7,18.4,96,X, ,X,보통
6/23/2022,양구(556),X,28.1,27.3,23,19.1,85,X, ,X,보통
6/23/2022,시흥(565),X,29.2,27.6,23.3,19.2,93,X, ,X,보통
6/23/2022,구리(569),X,27.6,26.2,24,21.3,81,X, ,X,보통
6/23/2022,화성(571),X,29.2,27.6,23.6,20.4,91,X, ,X,보통
6/23/2022,성남(572),X,28.9,27.7,24.2,21.5,85,X, ,X,보통
6/23/2022,과천(590),X,28.8,27.1,23.3,19.6,93,X, ,X,보통
6/23/2022,양주(598),X,27.4,25.5,22.7,19.6,92,X, ,X,보통
6/23/2022,단양(601),X,31.4,31.4,25.2,21.7,82,X,주의,X,보통
6/23/2022,진천(602),X,31.2,30.9,25.3,20.8,84,X,관심,X,보통
6/23/2022,괴산(603),X,30.7,30.2,24.4,18.9,86,X,관심,X,보통
6/23/2022,옥천(604),X,30.6,29.9,25.3,21.1,85,X,주의,X,보통
6/23/2022,홍북(608),X,29.8,28.9,23.2,19.6,93,X, ,X,보통
6/23/2022,공주(612),X,30.6,29.7,24,20.4,89,X, ,X,보통
6/23/2022,서천(614),X,29.1,27.2,24.7,21.3,88,X, ,X,보통
6/23/2022,논산(615),X,30.3,,,,,X, ,X,보통
6/23/2022,당진(616),X,30.8,29.5,23.6,20.5,93,X, ,X,보통
6/23/2022,청양(618),X,29.3,27.7,23.8,18.9,91,X, ,X,보통
6/23/2022,음성(619),X,29.6,28.9,23.9,19.2,85,X,관심,X,보통
6/23/2022,증평(623),X,31.1,30.1,24.6,20.7,90,X,주의,X,보통
6/23/2022,태안(627),X,28.3,25.9,22.2,20.3,97,X, ,X,보통
6/23/2022,예산(628),X,31.2,30.3,24.3,20.9,91,X, ,X,보통
6/23/2022,아산(634),X,31.7,30.8,24.2,20.5,90,X, ,X,보통
6/23/2022,계룡(636),X,29.1,28.5,23.5,18.5,83,X, ,X,보통
6/23/2022,연천청산(652),X,,,,,,X, ,X,보통
6/23/2022,양양(670),X,28.4,25.2,21.8,20.3,97,X, ,X,보통
6/23/2022,무안(699),X,30.8,29.4,25.2,22.7,86,X, ,X,보통
6/23/2022,무주(701),X,30.5,29.9,25,19.8,81,X, ,X,보통
6/23/2022,익산(702),X,30.7,28.6,25,21.7,97,X, ,X,보통
6/23/2022,진안(703),X,28.5,26.9,23.5,19.8,89,X, ,X,보통
6/23/2022,담양(706),X,31.6,29.3,25.5,22.4,90,X, ,X,보통
6/23/2022,구례(709),X,31,29.7,26.2,22.8,81,X, ,X,보통
6/23/2022,나주(710),X,30.8,29,25.2,21.6,88,X,관심,X,보통
6/23/2022,순천시(712),X,30.9,29.4,25.7,23.1,84,X, ,X,보통
6/23/2022,광양읍(713),X,30.8,29.7,25.6,23.4,81,X, ,X,보통
6/23/2022,장성(730),X,29.6,28,24.7,22.9,84,X, ,X,보통
6/23/2022,영암(731),X,31.1,29.7,26.1,23.6,82,X, ,X,보통
6/23/2022,보성(732),X,30.6,28.9,24.5,22.7,91,X, ,X,높음
6/23/2022,완주(734),X,30.6,29.2,25,19.7,89,X, ,X,보통
6/23/2022,김제(737),X,29.2,28.6,24.5,21.2,83,X, ,X,보통
6/23/2022,화순(741),X,30.9,29.5,25.5,22.7,83,X, ,X,높음
6/23/2022,함평(754),X,30.3,28.4,24.5,22,91,X, ,X,보통
6/23/2022,곡성(768),X,31.3,30.1,25.6,23.1,82,X,관심,X,보통
6/23/2022,압해도(789),X,28.8,26.9,24.3,22.5,87,X, ,X,보통
6/23/2022,영양(801),X,31.7,31.8,25.8,19.1,78,X,주의,X,보통
6/23/2022,성주(810),X,30.4,29.6,25.6,22,77,O,주의,X,보통
6/23/2022,고령(812),X,30.2,29.2,25.8,22.9,78,O,주의,X,높음
6/23/2022,청도(813),X,30.4,29.3,25.7,22.3,77,O,주의,X,보통
6/23/2022,예천(815),X,29.2,28.4,24.3,20.9,86,O,주의,X,보통
6/23/2022,김천(822),X,30.7,29.3,26.1,19.8,77,O,주의,X,보통
6/23/2022,군위(823),X,31.4,30.4,26.6,21.9,79,O,주의,X,높음
6/23/2022,칠곡(825),X,31,29.5,25.9,23.2,86,O,주의,X,보통
6/23/2022,경산(827),X,30.7,30,26.9,23.7,69,O,주의,X,높음
6/23/2022,삼척(876),X,30.7,30.1,24.4,20.1,82,X, ,X,보통
6/23/2022,속초(90),X,25.9,22.9,21.3,20.1,96.5,X, ,X,보통
6/23/2022,삼천포(907),X,28,25.6,23.9,22.1,90,X, ,X,보통
6/23/2022,고성(918),X,27.2,24.2,23.7,22.7,95,X, ,X,보통
6/23/2022,창녕(919),X,30.8,29.4,26.3,23.2,80,X,관심,X,높음
6/23/2022,함안(920),X,30.6,29.2,25.6,22.3,82,X,관심,X,보통
6/23/2022,북춘천(93),X,28,26.1,22.8,19.3,94.4,X, ,X,보통
6/23/2022,하동(932),X,29.8,28,25,23.2,86,X,관심,X,보통
6/23/2022,철원(95),X,28.6,25.2,22.3,18.5,,X, ,X,보통
6/23/2022,동두천(98),X,27.5,25.3,22.4,19.8,94.8,X, ,X,보통
6/23/2022,파주(99),X,27.5,25.1,22.1,19.3,97.8,X, ,X,보통
6/24/2022,북강릉(104),X,30.3,30.9,26.3,21,64.9,O, ,X,매우높음
6/24/2022,동해(106),X,30.3,30.6,26.3,21.6,70,O, ,X,매우높음
6/24/2022,서울(108),X,26.8,24.9,22.6,20.6,90.9,X, ,X,높음
6/24/2022,인천(112),X,25.3,22.8,20.8,19.3,94.9,X, ,X,매우높음
6/24/2022,원주(114),X,28.1,27.6,24,21.2,77.3,X, ,X,높음
6/24/2022,울릉도(115),X,27.8,26.6,23.5,21,86.3,X, ,X,매우높음
6/24/2022,수원(119),X,27.3,26.4,23.3,19.7,78.3,X, ,X,매우높음
6/24/2022,영월(121),X,27.6,27,23.9,21.4,76.8,X, ,X,높음
6/24/2022,충주(127),X,29.3,28.6,24.9,22.2,77,X, ,X,높음
6/24/2022,서산(129),X,26.8,23.8,22.1,20.1,90.8,X, ,X,매우높음
6/24/2022,울진(130),X,30.5,31.1,25.6,19,69.8,X, ,X,매우높음
6/24/2022,청주(131),X,29.7,29.5,25.1,23.1,75.9,X, ,X,매우높음
6/24/2022,대전(133),X,29.5,29.1,25,23.1,77.8,X, ,X,매우높음
6/24/2022,추풍령(135),X,29.5,29.2,24.7,22,76.5,X, ,X,매우높음
6/24/2022,안동(136),X,29.9,30.2,26.1,22.7,70.6,X, ,X,매우높음
6/24/2022,상주(137),X,30.9,30.7,26.2,23.2,73.8,O, ,X,매우높음
6/24/2022,포항(138),X,31.9,31.8,27.9,24.4,71.4,O, ,X,높음
6/24/2022,군산(140),X,28,26.4,23.8,22,87.6,X, ,X,매우높음
6/24/2022,대구(143),X,32.2,32.9,28.1,23.1,70,O, ,X,매우높음
6/24/2022,전주(146),X,29.9,28.5,24.4,21.8,85.9,X, ,X,매우높음
6/24/2022,울산(152),X,30.1,29.1,25.7,23.4,81.8,X, ,X,매우높음
6/24/2022,창원(155),X,28.6,27,24,22.7,85.1,X, ,X,높음
6/24/2022,광주(156),X,30.6,28.3,24.6,22.5,95.1,X, ,X,높음
6/24/2022,부산(159),X,27.7,25.1,22.9,21.4,96.5,X, ,X,매우높음
6/24/2022,통영(162),X,27.5,25.2,,22.7,,X, ,X,보통
6/24/2022,목포(165),X,28.2,26.3,23.8,21.8,92.1,X, ,X,매우높음
6/24/2022,여수(168),X,27.4,25,23.3,22.4,93.1,X, ,X,매우높음
6/24/2022,흑산도(169),X,29.1,27.2,23.5,21.3,94.1,X, ,X,매우높음
6/24/2022,완도(170),X,30,29.2,24.3,23.3,90.9,X, ,X,매우높음
6/24/2022,고창(172),X,28.5,27.3,24.3,22.5,85.3,X, ,X,매우높음
6/24/2022,제주(184),X,30.9,29.5,26.1,23.8,87.8,X, ,X,보통
6/24/2022,진주(192),X,30.5,29.1,25.2,23.2,86.5,X, ,X,매우높음
6/24/2022,양평(202),X,28.7,27.7,24.2,21,77,X, ,X,높음
6/24/2022,이천(203),X,29.3,28.3,24.1,20.5,84.3,X, ,X,높음
6/24/2022,인제(211),X,28.6,27.9,24.5,23.1,75.3,X, ,X,매우높음
6/24/2022,홍천(212),X,27.9,27.2,24.2,21.2,78.3,X, ,X,매우높음
6/24/2022,태백(216),X,26.2,25.9,22.3,20.1,73,X, ,X,매우높음
6/24/2022,정선군(217),X,27.6,27.2,24.5,22.3,72.4,X, ,X,높음
6/24/2022,제천(221),X,27.8,26.6,23,21.2,85.4,X, ,X,높음
6/24/2022,보은(226),X,29,28.1,24.6,22.7,80.1,X, ,X,매우높음
6/24/2022,천안(232),X,29.2,28.1,24.1,20.9,86.4,X, ,X,매우높음
6/24/2022,보령(235),X,26.5,24.1,22.6,20.7,91.6,X, ,X,매우높음
6/24/2022,부여(236),X,28.3,26.8,23.9,22.7,86,X, ,X,매우높음
6/24/2022,금산(238),X,28.9,28.1,24.5,22.6,80.3,X, ,X,매우높음
6/24/2022,세종(239),X,28.9,28.2,24,22.3,80.4,X, ,X,매우높음
6/24/2022,부안(243),X,29.1,28,24.5,22,85.4,X, ,X,매우높음
6/24/2022,임실(244),X,28.8,28,23.7,20.2,84.3,X, ,X,매우높음
6/24/2022,정읍(245),X,29,27.9,24.3,22.1,82.6,X, ,X,매우높음
6/24/2022,남원(247),X,29.6,28.7,24.8,22.3,81.6,X, ,X,매우높음
6/24/2022,장수(248),X,28.3,27.2,23.6,21.6,80.9,X, ,X,매우높음
6/24/2022,영광군(252),X,29.2,28,24.1,22.3,87.8,X, ,X,매우높음
6/24/2022,김해시(253),X,28.9,26.9,24.5,22.8,87.4,X, ,X,높음
6/24/2022,순창군(254),X,29.1,28,24.8,22.9,83.8,X, ,X,매우높음
6/24/2022,양산시(257),X,30.2,28.6,25,23.3,88.5,X, ,X,보통
6/24/2022,강진군(259),X,29.7,28.3,24.7,22.8,91.3,X, ,X,보통
6/24/2022,장흥(260),X,29.7,28.1,24.8,22.8,89.4,X, ,X,높음
6/24/2022,해남(261),X,28.8,26.6,24.1,22.4,94.1,X, ,X,높음
6/24/2022,고흥(262),X,28.8,26.9,23.9,22.6,89.5,X, ,X,매우높음
6/24/2022,의령군(263),X,30.7,30,26.2,23.8,77.6,X, ,X,매우높음
6/24/2022,함양군(264),X,31,29.7,25.7,22.9,84.8,X, ,X,매우높음
6/24/2022,진도군ASOS(268),X,28.2,25.9,23.9,22.8,92.6,X, ,X,매우높음
6/24/2022,봉화(271),X,28,27.8,24.1,21.7,76.3,X, ,X,높음
6/24/2022,영주(272),X,29,28.7,25,21.5,74.8,X, ,X,높음
6/24/2022,문경(273),X,30,29.7,25,21.4,78.4,X, ,X,매우높음
6/24/2022,청송군(276),X,29.9,30.9,25.7,22.4,68.4,X, ,X,매우높음
6/24/2022,영덕(277),X,30.6,31.1,26.2,22.6,71.1,O, ,X,매우높음
6/24/2022,의성(278),X,31.2,31.6,26.1,21.5,77.9,O, ,X,매우높음
6/24/2022,구미(279),X,31.3,32.2,26.7,22.7,69,O, ,X,매우높음
6/24/2022,영천(281),X,30.9,30.8,26.5,22.5,73.9,O, ,X,높음
6/24/2022,경주시(283),X,31.6,31.2,26.8,23.5,73.6,O, ,X,높음
6/24/2022,거창(284),X,29.8,29.7,25.4,22,75.5,X, ,X,매우높음
6/24/2022,합천(285),X,31,31.3,26.3,23.1,75.1,X, ,X,매우높음
6/24/2022,밀양(288),X,30.2,29.5,25.7,23.8,77,X, ,X,높음
6/24/2022,산청(289),X,31.1,30.8,25.3,20.8,81.5,X, ,X,매우높음
6/24/2022,거제(294),X,26.7,24.2,23.2,22.6,91.4,X, ,X,보통
6/24/2022,남해(295),X,29.1,27.6,24.7,23.2,85.8,X, ,X,매우높음
6/24/2022,부천(433),X,25.7,24.1,21.4,18.9,87,X, ,X,매우높음
6/24/2022,안양(434),X,25.3,24.9,22.6,19.6,,X, ,X,높음
6/24/2022,광명(437),X,26.9,25.4,22.4,19.6,88,X, ,X,매우높음
6/24/2022,군포(438),X,26.2,24.5,21.7,18.6,85,X, ,X,매우높음
6/24/2022,김포(441),X,,25.7,22.3,20,,X, ,X,매우높음
6/24/2022,하남(444),X,27.5,26.4,23.2,20,80,X, ,X,높음
6/24/2022,의왕(445),X,,,,,,X, ,X,높음
6/24/2022,포천(504),X,27.4,26,23.1,21.2,85,X, ,X,높음
6/24/2022,가평조종(505),X,27.7,26.3,23.4,20.6,85,X, ,X,높음
6/24/2022,안성(516),X,29,27.9,23.6,20,86,X, ,X,높음
6/24/2022,간성(517),X,32.3,32.5,25.9,20.2,71,O, ,X,매우높음
6/24/2022,평창(526),X,27.5,27.6,24.4,22.1,71,X, ,X,높음
6/24/2022,의정부(532),X,28.9,26.5,23.3,20.9,93,X, ,X,높음
6/24/2022,횡성(536),X,28.6,26.9,23.4,21.1,90,X, ,X,높음
6/24/2022,고양(540),X,27.7,26.6,22.6,20.1,83,X, ,X,높음
6/24/2022,남양주(541),X,28,26.6,23.1,20.1,84,X, ,X,높음
6/24/2022,안산(545),X,27.2,25.7,22.1,18.9,90,X, ,X,높음
6/24/2022,경기광주(546),X,27.6,26.5,23,20,81,X, ,X,높음
6/24/2022,여주(548),X,28.5,27.2,23.2,20.2,87,X, ,X,높음
6/24/2022,용인(549),X,27.7,26.8,23.3,19.9,79,X, ,X,높음
6/24/2022,오산(550),X,27.7,27.2,23.1,19.3,78,X, ,X,높음
6/24/2022,평택(551),X,29.1,28.2,23.9,20.3,85,X, ,X,높음
6/24/2022,화천(555),X,31.7,30.7,25,19.7,83,X, ,X,매우높음
6/24/2022,양구(556),X,29,28.7,24.8,22.4,71,X, ,X,매우높음
6/24/2022,시흥(565),X,27.6,25.9,21.9,19.2,92,X, ,X,매우높음
6/24/2022,구리(569),X,27.7,26.6,23.7,20.5,77,X, ,X,높음
6/24/2022,화성(571),X,27.5,25.7,22.7,19.2,89,X, ,X,매우높음
6/24/2022,성남(572),X,27.1,25.9,23.4,20.4,81,X, ,X,높음
6/24/2022,과천(590),X,27.6,25.8,22.6,19.7,88,X, ,X,높음
6/24/2022,양주(598),X,27.5,26.1,22.9,20.9,86,X, ,X,높음
6/24/2022,단양(601),X,29,28.6,25,22.1,77,X, ,X,높음
6/24/2022,진천(602),X,30.2,29.9,25.4,22.6,75,X, ,X,매우높음
6/24/2022,괴산(603),X,29.3,28.7,24.6,22.2,78,X, ,X,매우높음
6/24/2022,옥천(604),X,30.8,30.7,25.7,23.6,77,X, ,X,매우높음
6/24/2022,홍북(608),X,26.5,24.7,22,19.6,92,X, ,X,매우높음
6/24/2022,공주(612),X,28.7,28.2,24.6,22.5,79,X, ,X,매우높음
6/24/2022,서천(614),X,27.6,25.7,23.3,21.9,90,X, ,X,매우높음
6/24/2022,논산(615),X,29.2,28,24.5,22.9,83,X, ,X,매우높음
6/24/2022,당진(616),X,27.3,25.1,22.5,19.6,92,X, ,X,높음
6/24/2022,청양(618),X,29.2,27.9,23.5,20.9,85,X, ,X,매우높음
6/24/2022,음성(619),X,28.7,27.7,23.4,21,79,X, ,X,높음
6/24/2022,증평(623),X,29.6,28.2,24.3,22.3,84,X, ,X,매우높음
6/24/2022,태안(627),X,26,23.3,21.5,19.3,97,X, ,X,매우높음
6/24/2022,예산(628),X,28.5,26.8,23.7,20.8,88,X, ,X,매우높음
6/24/2022,아산(634),X,30.2,29.1,24.1,20.1,86,X, ,X,매우높음
6/24/2022,계룡(636),X,28.1,27.5,23.7,22.5,77,X, ,X,매우높음
6/24/2022,연천청산(652),X,,,,,,X, ,X,매우높음
6/24/2022,양양(670),X,31.5,30.4,25.8,20.8,77,O, ,X,매우높음
6/24/2022,무안(699),X,29.2,27.5,24,22.4,91,X, ,X,매우높음
6/24/2022,무주(701),X,30,29.5,25.4,22.8,75,X, ,X,매우높음
6/24/2022,익산(702),X,29.7,27.4,24.3,22.7,93,X, ,X,매우높음
6/24/2022,진안(703),X,28.6,27.3,23.6,21.6,84,X, ,X,매우높음
6/24/2022,담양(706),X,30.8,,25.1,,91,X, ,X,매우높음
6/24/2022,구례(709),X,30.8,29.6,25.7,22.8,84,X, ,X,매우높음
6/24/2022,나주(710),X,29.7,28.3,24.6,22.7,91,X, ,X,높음
6/24/2022,순천시(712),X,30.6,29.5,25.5,23.3,86,X, ,X,매우높음
6/24/2022,광양읍(713),X,31.1,30.7,25.1,23.1,87,X, ,X,매우높음
6/24/2022,장성(730),X,28.9,27.7,24.4,22.5,85,X, ,X,높음
6/24/2022,영암(731),X,29.4,27.7,24.5,22.8,91,X, ,X,높음
6/24/2022,보성(732),X,30.2,29.1,25.3,23,86,X, ,X,높음
6/24/2022,완주(734),X,29.9,28.4,24.6,22.2,88,X, ,X,매우높음
6/24/2022,김제(737),X,28.8,28.7,24.3,21.8,77,X, ,X,매우높음
6/24/2022,화순(741),X,29.9,28.3,24.5,22.7,86,X, ,X,높음
6/24/2022,함평(754),X,29.1,27.3,24.3,22.4,91,X, ,X,매우높음
6/24/2022,곡성(768),X,30.6,29.6,24.6,21,85,X, ,X,매우높음
6/24/2022,압해도(789),X,29.1,27.2,23.6,21.7,90,X, ,X,매우높음
6/24/2022,영양(801),X,29.7,29.6,25.7,22.6,75,X, ,X,매우높음
6/24/2022,성주(810),X,31.9,32.6,26.8,21.4,71,X, ,X,매우높음
6/24/2022,고령(812),X,30.7,31.6,26.8,22.8,75,X, ,X,매우높음
6/24/2022,청도(813),X,31.5,30.9,26.4,23.1,76,X, ,X,높음
6/24/2022,예천(815),X,30.3,30.5,26.2,22.7,72,O, ,X,매우높음
6/24/2022,김천(822),X,32.1,,,,,O, ,X,매우높음
6/24/2022,군위(823),X,32,31.6,26.3,21.7,82,O, ,X,매우높음
6/24/2022,칠곡(825),X,32.2,32.1,26.7,22.7,79,O, ,X,매우높음
6/24/2022,경산(827),X,31.5,31.8,27.5,23,67,O, ,X,높음
6/24/2022,삼척(876),X,30.8,31.3,26.5,22,66,O, ,X,매우높음
6/24/2022,속초(90),X,31.7,32.7,26.2,20.2,66.6,O, ,X,매우높음
6/24/2022,삼천포(907),X,29.5,28.4,24.3,22.3,86,X, ,X,매우높음
6/24/2022,고성(918),X,27.9,25.6,23.6,22.7,93,X, ,X,매우높음
6/24/2022,창녕(919),X,31.7,30.8,26.4,23.7,82,X, ,X,높음
6/24/2022,함안(920),X,30.5,29.3,25.6,23.1,84,X, ,X,높음
6/24/2022,북춘천(93),X,29.3,28.1,24.6,22.8,81.5,X, ,X,높음
6/24/2022,하동(932),X,30.8,30.1,26,23.5,82,X, ,X,매우높음
6/24/2022,철원(95),X,30.1,27.3,23.6,21.7,96.1,X, ,X,매우높음
6/24/2022,동두천(98),X,28.6,26.6,22.6,20.8,90.9,X, ,X,높음
6/24/2022,파주(99),X,28.6,26.5,22.4,20.7,91.5,X, ,X,높음
6/25/2022,북강릉(104),X,32.2,34.2,28.7,23,49.8,O,주의,X,매우높음
6/25/2022,동해(106),X,31.8,34.1,28.1,23.2,50.3,O,주의,X,매우높음
6/25/2022,서울(108),X,31.9,30.5,26,21.5,80.4,O,관심,X,매우높음
6/25/2022,인천(112),X,28.6,26.4,23.7,19.9,87.3,X, ,X,매우높음
6/25/2022,원주(114),X,31.2,32,25.7,19.2,68.8,O,관심,X,매우높음
6/25/2022,울릉도(115),X,30.2,29.7,24.5,22.3,76.6,X,관심,X,매우높음
6/25/2022,수원(119),X,31.1,31.7,26.4,21.5,66.6,X,관심,X,매우높음
6/25/2022,영월(121),X,30.9,31.6,25.3,18.3,67,X,관심,X,매우높음
6/25/2022,충주(127),X,32.6,32.8,26.8,20.7,70.9,O,관심,X,매우높음
6/25/2022,서산(129),X,29.1,27.3,24,21.3,88.5,X, ,X,높음
6/25/2022,울진(130),O,33,35.8,26.1,21.2,62.9,O,관심,X,매우높음
6/25/2022,청주(131),O,33.2,33.7,28,22.6,68.1,O,관심,O,보통
6/25/2022,대전(133),X,32.8,32.9,27.8,22.8,68.1,O,관심,X,높음
6/25/2022,추풍령(135),X,31.5,32.2,25.6,18.5,72,O,관심,X,보통
6/25/2022,안동(136),X,32.4,33.6,26.7,19.8,67.5,O,관심,X,매우높음
6/25/2022,상주(137),O,33.7,33.8,26.3,22.1,76.4,O,주의,X,보통
6/25/2022,포항(138),O,33.2,33.7,28.2,23.9,65.3,O,주의,O,매우높음
6/25/2022,군산(140),X,31.7,30.4,26.5,22.5,79.4,X, ,X,보통
6/25/2022,대구(143),O,33.7,34.4,28.2,22.8,67,O,주의,X,매우높음
6/25/2022,전주(146),X,32.3,32.2,27.6,22.8,70.6,O,관심,O,보통
6/25/2022,울산(152),X,31.6,31,26,22,75.3,X,관심,X,매우높음
6/25/2022,창원(155),X,29.9,28.3,24.2,22.3,82.1,X,관심,X,매우높음
6/25/2022,광주(156),X,32.3,30.4,26.5,23.5,91.3,O,관심,X,높음
6/25/2022,부산(159),X,28.7,26.5,23.2,20.9,93,X,관심,X,매우높음
6/25/2022,통영(162),X,28.3,25.9,23.5,21.3,92.5,X, ,X,매우높음
6/25/2022,목포(165),X,30,28.2,25.3,23.1,85.8,X, ,X,높음
6/25/2022,여수(168),X,27.9,26,23.6,22.3,90.5,X,관심,X,매우높음
6/25/2022,흑산도(169),X,28.8,26.5,22.7,20.1,95.3,X, ,X,매우높음
6/25/2022,완도(170),X,30.3,29.1,25.9,23.2,81.9,X, ,X,매우높음
6/25/2022,고창(172),X,31.1,30.4,26.4,23.1,78,X,관심,X,높음
6/25/2022,제주(184),X,32.8,32.3,27.4,23.8,77.6,X,관심,O,매우높음
6/25/2022,진주(192),X,31.1,29.6,25.1,22,83.5,X,관심,X,매우높음
6/25/2022,양평(202),X,31.8,32.1,25.4,19.1,77.8,O,관심,X,매우높음
6/25/2022,이천(203),X,32.9,32.3,26.1,19.6,79.6,O,관심,X,매우높음
6/25/2022,인제(211),X,30.6,30.4,25.4,21,70.1,X, ,X,매우높음
6/25/2022,홍천(212),X,31.5,31.9,25.3,18.7,73.5,O,관심,X,매우높음
6/25/2022,태백(216),X,28.8,29.9,23.8,16.2,60,X, ,X,매우높음
6/25/2022,정선군(217),X,30.4,31.8,25.4,20.2,64.5,X, ,X,매우높음
6/25/2022,제천(221),X,30.9,31.3,24.9,19.1,77.8,X,관심,X,매우높음
6/25/2022,보은(226),X,31.7,31.8,25.8,19.8,76.4,O,관심,X,높음
6/25/2022,천안(232),X,32.3,32.1,26.1,19.3,79.3,O,관심,X,높음
6/25/2022,보령(235),X,30.5,29.1,25,21.8,85.6,X, ,X,보통
6/25/2022,부여(236),X,32.1,31.2,26.6,22,79.6,O,관심,X,보통
6/25/2022,금산(238),X,31.9,31.7,26.1,20.5,74,O,관심,X,보통
6/25/2022,세종(239),X,32.7,32.7,26.9,22,72.9,O,관심,X,보통
6/25/2022,부안(243),X,32,31.5,26.9,22.9,76.6,X, ,X,보통
6/25/2022,임실(244),X,31.1,30.5,24.9,19.8,79.6,X, ,X,보통
6/25/2022,정읍(245),X,31,30.6,26.7,22.8,72.1,O,관심,X,보통
6/25/2022,남원(247),X,31.2,30.6,25.7,21.4,76.8,X, ,X,매우높음
6/25/2022,장수(248),X,30,29.4,24.9,21.3,76,X, ,X,매우높음
6/25/2022,영광군(252),X,31.8,30.9,26.4,23.5,79.8,X,관심,X,높음
6/25/2022,김해시(253),X,30.1,28.1,24.2,21.8,88.5,X,관심,X,매우높음
6/25/2022,순창군(254),X,31.7,31.2,26.2,22.1,78.5,X,관심,X,높음
6/25/2022,양산시(257),X,31.2,30,25.2,22.1,84.4,X,관심,X,높음
6/25/2022,강진군(259),X,30.7,29.2,25.6,23.3,84.8,X, ,X,높음
6/25/2022,장흥(260),X,30,28.2,24.7,23,90.9,X, ,X,높음
6/25/2022,해남(261),X,30.9,29.3,25.4,23.1,86.1,X,관심,X,매우높음
6/25/2022,고흥(262),X,29.7,28.3,24.6,21.8,85,X, ,X,매우높음
6/25/2022,의령군(263),X,32,31.6,26.1,22,75.6,X,관심,X,매우높음
6/25/2022,함양군(264),O,33.6,32.7,26,20.8,83.9,O,관심,X,매우높음
6/25/2022,진도군ASOS(268),X,29.8,28,24.9,22.4,86.6,X, ,X,매우높음
6/25/2022,봉화(271),X,29.5,30,23.7,17.2,76.3,O, ,X,매우높음
6/25/2022,영주(272),X,31.4,31.6,24.7,17.5,76.3,X,관심,X,매우높음
6/25/2022,문경(273),X,32.6,32.6,24,18.6,83.8,O,관심,X,높음
6/25/2022,청송군(276),X,31.4,33.3,26,18.5,64.5,O,관심,X,매우높음
6/25/2022,영덕(277),X,32.2,33.6,27.3,20.2,62.6,O,주의,X,매우높음
6/25/2022,의성(278),X,32.7,33.4,26.1,18.9,74.6,O,주의,X,높음
6/25/2022,구미(279),X,32.8,33,26.5,20,70.9,O,주의,X,매우높음
6/25/2022,영천(281),X,31.5,31.7,26.4,20.2,70,O,주의,X,매우높음
6/25/2022,경주시(283),X,32.7,32.9,26.6,20.7,72.1,O,주의,X,매우높음
6/25/2022,거창(284),X,32,32.3,25.4,19.4,75.8,X,관심,X,매우높음
6/25/2022,합천(285),X,32,31.6,26,21.4,75.5,X,관심,X,매우높음
6/25/2022,밀양(288),X,31.4,31.1,26.4,21.9,71.6,O,관심,X,매우높음
6/25/2022,산청(289),X,32.2,31.1,24.8,19,83,X,관심,X,매우높음
6/25/2022,거제(294),X,29,27.2,23.4,21.6,90.3,X, ,X,매우높음
6/25/2022,남해(295),X,29.5,28.2,24.4,21.7,87.8,X, ,X,매우높음
6/25/2022,부천(433),X,30.1,28.8,24.5,20,78,X, ,X,매우높음
6/25/2022,안양(434),X,28.3,30.4,25.7,21.5,,X,관심,X,매우높음
6/25/2022,광명(437),X,31.7,30.6,25.7,21.2,78,X, ,X,매우높음
6/25/2022,군포(438),X,31.2,30.3,25.1,20.5,77,X, ,X,매우높음
6/25/2022,김포(441),X,,29.4,25.4,20.6,,X, ,X,높음
6/25/2022,하남(444),X,32.1,31.8,25.6,19.7,74,O,관심,X,매우높음
6/25/2022,의왕(445),X,,,,,,X,관심,X,매우높음
6/25/2022,포천(504),X,31.7,31.3,25.3,19.6,77,X, ,X,매우높음
6/25/2022,가평조종(505),X,32.1,31.4,25.1,18.6,79,X,관심,X,매우높음
6/25/2022,안성(516),X,32.4,32.2,25.3,18.4,82,O,관심,X,매우높음
6/25/2022,간성(517),X,31.8,32.7,28.4,22.3,57,O,주의,X,매우높음
6/25/2022,평창(526),X,30.7,32.2,24.7,16.9,68,X, ,X,매우높음
6/25/2022,의정부(532),O,33.1,31.7,25.7,19.8,87,X,관심,X,높음
6/25/2022,횡성(536),X,32.2,32,25.1,19.8,84,X,관심,X,매우높음
6/25/2022,고양(540),X,32.7,31.6,25.7,20.1,75,X,관심,X,높음
6/25/2022,남양주(541),O,33,32.9,26.4,20.4,73,O,관심,X,매우높음
6/25/2022,안산(545),X,31.6,30.3,25,20,83,X,관심,X,매우높음
6/25/2022,경기광주(546),X,31.7,31.6,25.8,20.6,74,O,관심,X,매우높음
6/25/2022,여주(548),X,31.8,31.7,24.7,19.1,83,O,관심,X,매우높음
6/25/2022,용인(549),X,31.6,31.4,25.6,20.6,72,O,관심,X,매우높음
6/25/2022,오산(550),X,31.6,31.5,26,21.3,69,X,관심,X,매우높음
6/25/2022,평택(551),O,33,32.5,26.5,20.4,79,O,관심,X,높음
6/25/2022,화천(555),O,33.4,33.3,24.9,16.9,82,O,관심,X,매우높음
6/25/2022,양구(556),X,31.2,31.6,25.5,18.7,67,X, ,X,매우높음
6/25/2022,시흥(565),X,31.8,30.3,25.5,21.2,82,X, ,X,매우높음
6/25/2022,구리(569),X,32.8,33,26.7,21,67,O,관심,O,매우높음
6/25/2022,화성(571),X,31.9,30.4,25.4,20.5,83,X, ,X,매우높음
6/25/2022,성남(572),X,32.1,31.6,26.1,20.6,74,O,관심,X,매우높음
6/25/2022,과천(590),X,32.6,31.7,26,20,80,X,관심,X,매우높음
6/25/2022,양주(598),X,31,30.8,25,18.3,79,X, ,X,높음
6/25/2022,단양(601),X,32.4,33.9,26,19.2,72,O,관심,X,매우높음
6/25/2022,진천(602),O,33.1,33.6,27.8,21.8,69,O,관심,O,높음
6/25/2022,괴산(603),X,32.2,32.2,25.6,18.9,76,O,관심,X,높음
6/25/2022,옥천(604),O,33.3,33.9,27.8,21,69,O,관심,X,높음
6/25/2022,홍북(608),X,31.6,30.7,24.9,20.5,83,X, ,X,높음
6/25/2022,공주(612),X,32.3,32.1,27,22.2,74,O,관심,X,높음
6/25/2022,서천(614),X,31.1,29.6,26,23.2,83,X, ,X,보통
6/25/2022,논산(615),X,32.6,32.7,27.7,23,72,O,관심,X,보통
6/25/2022,당진(616),X,31.3,30,25.2,21.1,86,O,관심,X,높음
6/25/2022,청양(618),X,32.4,31.3,25.2,19.2,83,O,관심,X,높음
6/25/2022,음성(619),X,31.8,31.5,25.6,19.9,76,O,관심,X,매우높음
6/25/2022,증평(623),X,32.2,32,26.7,21.9,79,O,관심,X,높음
6/25/2022,태안(627),X,29.7,27.5,23.2,20.4,95,X, ,X,매우높음
6/25/2022,예산(628),X,32.4,31.2,26,21.3,83,O,관심,X,높음
6/25/2022,아산(634),O,34.5,33.7,26.6,21,80,O,관심,X,높음
6/25/2022,계룡(636),X,31.4,31.6,26.6,22.5,68,X,관심,X,보통
6/25/2022,연천청산(652),X,,,,,,X, ,X,높음
6/25/2022,양양(670),O,33.1,33.4,28.6,23.5,64,O,주의,X,매우높음
6/25/2022,무안(699),X,30.9,29.6,26,23.7,82,X,관심,X,높음
6/25/2022,무주(701),X,32.1,32.6,27.5,22.5,65,O,관심,X,높음
6/25/2022,익산(702),X,32.9,31.2,26.7,22.4,86,O,관심,X,보통
6/25/2022,진안(703),X,30.5,29.8,24.8,20.7,78,X, ,X,보통
6/25/2022,담양(706),O,33,31,26.6,23,89,O,관심,X,높음
6/25/2022,구례(709),X,32.1,31.1,25.8,21.8,84,X,관심,X,매우높음
6/25/2022,나주(710),X,31.1,29.6,25.6,23,87,X,관심,X,높음
6/25/2022,순천시(712),X,31.3,30.2,25.7,22.8,83,X,관심,X,높음
6/25/2022,광양읍(713),X,31.6,30.7,25.3,22,82,X,관심,X,매우높음
6/25/2022,장성(730),X,31.3,30.7,26.2,23,78,X, ,X,높음
6/25/2022,영암(731),X,31.1,29.6,26.2,22.9,81,X,관심,X,높음
6/25/2022,보성(732),X,30.3,28.7,24.8,22.5,88,X,관심,X,높음
6/25/2022,완주(734),X,32.9,32.2,26.8,21.8,77,O,관심,X,보통
6/25/2022,김제(737),X,30.8,31.9,27,22.6,65,O,관심,X,보통
6/25/2022,화순(741),X,31.1,30,25.7,23,80,O,관심,X,높음
6/25/2022,함평(754),X,31.1,29.5,25.7,23.4,86,X,관심,X,높음
6/25/2022,곡성(768),X,31.9,31,25.5,20.6,81,X,관심,X,높음
6/25/2022,압해도(789),X,29.9,28,24.9,22.6,85,X,관심,X,높음
6/25/2022,영양(801),X,31.9,32.9,26.6,19.1,67,X,관심,X,매우높음
6/25/2022,성주(810),X,32.6,33.4,26.1,18.7,71,O,관심,X,매우높음
6/25/2022,고령(812),X,32.1,32.2,26.8,20.8,73,O,관심,X,매우높음
6/25/2022,청도(813),X,32.2,32,25.6,20.8,76,O,관심,X,매우높음
6/25/2022,예천(815),X,32.5,33,25.5,19,76,O,주의,X,매우높음
6/25/2022,김천(822),O,34.1,34,26.2,17.8,76,O,주의,X,높음
6/25/2022,군위(823),O,33.4,33.3,25.7,20,83,O,주의,X,높음
6/25/2022,칠곡(825),X,32.7,32.2,26.6,20.9,79,O,주의,X,높음
6/25/2022,경산(827),X,32.5,33,27.4,22.6,64,O,주의,O,매우높음
6/25/2022,삼척(876),O,33,35.5,29.4,23.4,46,O,주의,O,매우높음
6/25/2022,속초(90),X,32.7,34.6,29.8,23.9,45.9,O,주의,X,매우높음
6/25/2022,삼천포(907),X,29.6,27.4,23.6,21.7,89,X,관심,X,매우높음
6/25/2022,고성(918),X,29.5,27.1,23.6,21.9,93,X, ,X,매우높음
6/25/2022,창녕(919),X,32.1,31.2,26.6,23,77,O,관심,X,매우높음
6/25/2022,함안(920),X,31.6,30.4,25.4,21.1,83,O,관심,X,매우높음
6/25/2022,북춘천(93),X,32,31.8,26.1,19.5,75.6,X,관심,X,매우높음
6/25/2022,하동(932),X,30.9,29.7,25.3,21.7,83,X,관심,X,매우높음
6/25/2022,철원(95),X,31.2,30.1,24.9,20.3,90.5,X, ,X,매우높음
6/25/2022,동두천(98),X,31.8,30.5,25.2,19.6,81.6,X, ,X,높음
6/25/2022,파주(99),X,30.9,29.1,24.4,19.7,87,X, ,X,높음
6/26/2022,북강릉(104),X,31.3,30.8,26.9,21.4,70.3,O,주의,O,매우높음
6/26/2022,동해(106),X,30.6,30.4,26.1,21.9,71.5,O,주의,X,매우높음
6/26/2022,서울(108),X,30.1,28.1,26.5,24.8,82.1,O,관심,O,높음
6/26/2022,인천(112),X,28.8,26.6,25.1,23.5,85.6,X, ,X,높음
6/26/2022,원주(114),X,30.5,29.7,26.8,23.2,73.3,O,관심,O,높음
6/26/2022,울릉도(115),X,28.7,27.1,25,22.7,81.3,X,관심,X,매우높음
6/26/2022,수원(119),X,30.9,29.6,27.1,24.7,61.8,X,관심,O,높음
6/26/2022,영월(121),X,30.6,29.2,24.9,21.9,82.6,X,관심,X,높음
6/26/2022,충주(127),X,32.1,31.2,27.1,23.5,75.3,O,주의,X,높음
6/26/2022,서산(129),X,28.9,26.8,25.1,23.2,86.8,X, ,X,높음
6/26/2022,울진(130),X,31.8,31.6,25.9,21.1,71.9,O,주의,X,매우높음
6/26/2022,청주(131),X,31.8,30.9,28.3,26,69.6,O,주의,O,높음
6/26/2022,대전(133),X,32,31.1,27.4,24.9,72.8,O,주의,O,높음
6/26/2022,추풍령(135),X,30.9,29.7,24.8,19.7,82.5,O,주의,X,매우높음
6/26/2022,안동(136),X,31.5,30.9,26.7,23.2,74.4,O,주의,X,높음
6/26/2022,상주(137),X,32.1,30.7,26,21.8,87,O,주의,X,매우높음
6/26/2022,포항(138),O,33.1,33,29.4,25.3,66,O,주의,O,매우높음
6/26/2022,군산(140),X,32.3,31.6,27.3,24.2,77.8,X, ,O,높음
6/26/2022,대구(143),O,33.3,32.8,28.4,24.4,72.1,O,주의,O,높음
6/26/2022,전주(146),X,32.7,32.2,28.1,25.2,71.3,O,주의,O,높음
6/26/2022,울산(152),X,30.9,29.6,27.2,23.8,74.8,X,관심,X,높음
6/26/2022,창원(155),X,29.8,28,24.9,22.8,85.8,X, ,X,높음
6/26/2022,광주(156),O,33.2,31.1,27.3,24.8,91.4,O,주의,O,높음
6/26/2022,부산(159),X,28.4,25.7,24,22.5,96.9,X,관심,X,높음
6/26/2022,통영(162),X,28.2,25.1,24,22.7,97.4,X, ,X,높음
6/26/2022,목포(165),X,30.9,29.1,26.1,23.8,85.4,X, ,O,매우높음
6/26/2022,여수(168),X,29.6,27.4,23.9,22.3,94,X, ,X,높음
6/26/2022,흑산도(169),X,27.9,24.9,22,20.2,98.1,X, ,X,매우높음
6/26/2022,완도(170),X,32.8,31.6,27.1,23.5,81.6,X, ,X,높음
6/26/2022,고창(172),X,31.8,30.7,26.8,24.6,78.1,X,관심,O,높음
6/26/2022,제주(184),O,34.1,34.4,30,25.3,68,O,관심,O,매우높음
6/26/2022,진주(192),X,31.7,30,25.7,22.8,86.9,X,관심,X,높음
6/26/2022,양평(202),X,29.7,28.1,25.3,22.6,86,O,관심,X,높음
6/26/2022,이천(203),X,30.8,29.1,26.7,23,81.1,O,관심,X,높음
6/26/2022,인제(211),X,30.1,28.7,25.3,20.5,82,X, ,X,높음
6/26/2022,홍천(212),X,30.4,28.8,26,24,80,O,관심,X,높음
6/26/2022,태백(216),X,29,28.3,24.5,21.8,72.9,X, ,X,높음
6/26/2022,정선군(217),X,29.8,28.6,26.1,23.9,72.9,X, ,X,높음
6/26/2022,제천(221),X,30.3,28.5,25,22.6,86.5,X,관심,X,높음
6/26/2022,보은(226),X,30.8,29.6,25.6,22.4,85.1,O,관심,X,높음
6/26/2022,천안(232),X,31.2,29.6,26.9,24.7,81,O,관심,X,높음
6/26/2022,보령(235),X,30.2,28.5,26.1,23.6,81.4,X, ,O,높음
6/26/2022,부여(236),X,32.2,31.1,27.3,24.9,78,O,관심,O,높음
6/26/2022,금산(238),X,31.3,30.8,27.1,22.6,73.4,O,관심,X,높음
6/26/2022,세종(239),X,31.3,30.5,27.2,24.1,72.5,O,주의,O,높음
6/26/2022,부안(243),X,31.9,30.8,27.4,24.6,77.3,X,관심,O,높음
6/26/2022,임실(244),X,31,29.8,25.6,22.6,79.4,X,관심,X,높음
6/26/2022,정읍(245),X,31.1,30.4,27.6,24.6,70.9,O,관심,O,높음
6/26/2022,남원(247),X,31.6,30.8,27.1,24.1,73.4,X,관심,O,높음
6/26/2022,장수(248),X,30.6,29.5,25.5,23,76.4,X, ,X,높음
6/26/2022,영광군(252),X,32.1,31.1,26.9,24.5,80,X,관심,O,높음
6/26/2022,김해시(253),X,29.6,27.2,24.9,22.9,91.3,X,관심,X,높음
6/26/2022,순창군(254),X,32.1,31.3,27.2,24.6,76,X,관심,O,높음
6/26/2022,양산시(257),X,30.2,28.2,25.5,23.7,89.8,X,관심,X,높음
6/26/2022,강진군(259),X,32.1,30.6,26.9,24.3,83.9,X,관심,X,높음
6/26/2022,장흥(260),X,32.2,31.5,26,23.1,86.8,X, ,X,높음
6/26/2022,해남(261),X,31.2,29.4,26.4,24.7,87,X, ,X,높음
6/26/2022,고흥(262),X,31,29.4,25.4,22.5,86.8,X, ,X,높음
6/26/2022,의령군(263),X,31.9,31,27,23.8,76.6,X,관심,O,높음
6/26/2022,함양군(264),O,33.2,32.6,26.4,20.8,82.8,O,주의,X,높음
6/26/2022,진도군ASOS(268),X,29.3,26.9,25,23.7,90.9,X, ,X,매우높음
6/26/2022,봉화(271),X,28.6,26.8,24.4,22,83.6,O,관심,X,높음
6/26/2022,영주(272),X,30.9,29.7,24.5,20.8,88.8,X,관심,X,높음
6/26/2022,문경(273),X,31.5,30,25.1,20.9,88.5,O,관심,X,매우높음
6/26/2022,청송군(276),X,30.9,29.7,25.2,19.7,77.4,O,주의,X,매우높음
6/26/2022,영덕(277),X,31.6,31,27.6,22.8,68.1,O,주의,X,매우높음
6/26/2022,의성(278),X,31.1,30,25.3,20.8,88.1,O,주의,X,매우높음
6/26/2022,구미(279),X,31.9,31.3,27.3,22,72.4,O,주의,X,매우높음
6/26/2022,영천(281),X,31.1,30.5,27,23.7,71.6,O,주의,X,높음
6/26/2022,경주시(283),X,32.1,31.6,27.4,21.9,73.4,O,주의,X,높음
6/26/2022,거창(284),X,31.9,31.3,25.8,20.9,79.8,X,관심,X,높음
6/26/2022,합천(285),X,32.2,31.6,27.1,23.3,74.8,X,관심,O,높음
6/26/2022,밀양(288),X,30.9,30.2,26.7,24.3,74.1,O,주의,X,높음
6/26/2022,산청(289),X,32.8,32.2,26.5,21,79.9,X,관심,X,높음
6/26/2022,거제(294),X,27.4,24.2,23.5,22.3,97.4,X, ,X,높음
6/26/2022,남해(295),X,30.7,28.9,25.1,22.6,89.8,X, ,X,높음
6/26/2022,부천(433),X,29,27.4,25.2,23.3,79,X, ,X,높음
6/26/2022,안양(434),X,29.6,28.6,26.6,24.5,,X,관심,O,높음
6/26/2022,광명(437),X,30.2,28.6,26.4,24.4,79,X,관심,O,높음
6/26/2022,군포(438),X,29.7,28.3,25.7,23.3,78,X, ,X,높음
6/26/2022,김포(441),X,,28,26.2,24.3,,X, ,X,높음
6/26/2022,하남(444),X,29.5,28,25.8,24.7,79,O,주의,X,높음
6/26/2022,의왕(445),X,,,,,,X,관심,X,높음
6/26/2022,포천(504),X,29.6,27.5,25.6,24.3,83,X, ,X,높음
6/26/2022,가평조종(505),X,30.2,28,25.1,23.3,88,X,관심,X,높음
6/26/2022,안성(516),X,32,31,27,23.1,78,O,주의,O,높음
6/26/2022,간성(517),X,32.5,31.5,25.9,19.7,84,O,주의,X,높음
6/26/2022,평창(526),X,30.2,29.4,24.7,21.2,78,X, ,X,높음
6/26/2022,의정부(532),X,30.9,27.7,26,24.5,94,X, ,X,높음
6/26/2022,횡성(536),X,31.2,28.8,24.8,21.5,95,X,관심,X,높음
6/26/2022,고양(540),X,29.1,27.5,26,24.4,76,X, ,X,높음
6/26/2022,남양주(541),X,29.7,28,26.2,24.8,79,O, ,X,높음
6/26/2022,안산(545),X,31.3,29.9,25.8,23.2,82,X,관심,X,높음
6/26/2022,경기광주(546),X,29.4,27.5,25.4,23.7,83,O,관심,X,높음
6/26/2022,여주(548),X,30.6,29.1,25.6,21.6,85,O,관심,X,높음
6/26/2022,용인(549),X,30,28.6,25.5,22.5,78,O,주의,X,높음
6/26/2022,오산(550),X,30.6,30,26.3,23.5,71,X,관심,X,높음
6/26/2022,평택(551),X,32.2,31.1,27.1,24,78,O,관심,O,높음
6/26/2022,화천(555),X,31.3,28.6,23.4,19.9,96,O, ,X,높음
6/26/2022,양구(556),X,29.7,28.4,24.8,20.5,80,X, ,X,높음
6/26/2022,시흥(565),X,31.2,29.6,26.5,24.1,81,X,관심,X,높음
6/26/2022,구리(569),X,29.7,28.5,26.7,25.3,71,O, ,X,높음
6/26/2022,화성(571),X,31.2,29.8,26.4,23.7,82,X,관심,X,높음
6/26/2022,성남(572),X,30.1,28.8,26.7,24.9,75,O,관심,X,높음
6/26/2022,과천(590),X,30.1,28.2,26.5,24.5,80,X,관심,X,높음
6/26/2022,양주(598),X,29.4,27.4,25.9,24.3,81,X, ,X,높음
6/26/2022,단양(601),X,32.3,32.1,26.4,22,80,O,주의,X,높음
6/26/2022,진천(602),X,32,30.9,28,25.6,73,O,관심,X,높음
6/26/2022,괴산(603),X,31.4,30.1,26.5,22.1,78,O,관심,X,높음
6/26/2022,옥천(604),X,32.3,31.6,27,23.3,78,O,주의,X,높음
6/26/2022,홍북(608),X,30.1,28.6,25.5,22.5,82,X,관심,X,높음
6/26/2022,공주(612),X,31.4,30.4,27.5,24.9,72,O,관심,X,높음
6/26/2022,서천(614),X,31.6,30.2,27.2,24.6,78,X, ,O,높음
6/26/2022,논산(615),X,32.1,31.6,27.2,24.5,77,O,관심,X,높음
6/26/2022,당진(616),X,30.2,28.3,26,23.3,86,O,주의,O,높음
6/26/2022,청양(618),X,30.9,29.6,26.5,22.8,81,O,관심,O,높음
6/26/2022,음성(619),X,30.7,29.5,25.5,21.9,80,O,관심,X,높음
6/26/2022,증평(623),X,31.6,29.8,26.8,24.2,83,O,관심,X,높음
6/26/2022,태안(627),X,28.8,26.1,24.3,22.3,95,X, ,X,높음
6/26/2022,예산(628),X,31.5,29.9,27,23.9,82,O,관심,O,높음
6/26/2022,아산(634),X,32.8,31.5,26.5,23.4,83,O,주의,X,높음
6/26/2022,계룡(636),X,30.5,29.4,25.9,21.9,74,X,관심,X,높음
6/26/2022,연천청산(652),X,,,,,,X, ,X,높음
6/26/2022,양양(670),O,33.1,31.2,27.6,21.1,82,O,주의,O,매우높음
6/26/2022,무안(699),X,31.4,29.8,26.8,24.3,82,X,관심,O,매우높음
6/26/2022,무주(701),X,31.6,31.1,27.4,23.6,69,O,주의,X,높음
6/26/2022,익산(702),X,32.6,30.9,27.5,24.2,84,O,관심,O,높음
6/26/2022,진안(703),X,30.1,28.6,25.5,22.9,79,X,관심,X,높음
6/26/2022,담양(706),O,33.4,31.1,27.3,24.4,90,O,주의,O,높음
6/26/2022,구례(709),X,32.8,31.6,27.3,23.9,80,X,관심,X,높음
6/26/2022,나주(710),X,32.1,30.3,27,24.3,84,X,관심,X,높음
6/26/2022,순천시(712),X,31.8,30.2,26.3,23.7,87,X,관심,O,높음
6/26/2022,광양읍(713),X,32.4,31.4,26,23.2,85,X, ,O,높음
6/26/2022,장성(730),X,31.3,30.2,26.6,23.7,78,X,관심,O,높음
6/26/2022,영암(731),X,32.1,30.7,27.3,24.7,80,X,관심,O,높음
6/26/2022,보성(732),X,31.7,29.9,26,23.1,88,X, ,X,높음
6/26/2022,완주(734),X,32.6,31.6,28.1,23,73,O,주의,X,높음
6/26/2022,김제(737),X,30.8,30.7,27.5,24.6,65,O,관심,O,높음
6/26/2022,화순(741),X,31.5,30.4,26.7,24.3,79,O,관심,O,높음
6/26/2022,함평(754),X,31.6,29.8,26.4,24.1,87,X,관심,O,매우높음
6/26/2022,곡성(768),X,32.5,31.7,27.1,23.7,77,X,관심,X,높음
6/26/2022,압해도(789),X,30.3,28.4,25.5,23.8,85,X, ,O,매우높음
6/26/2022,영양(801),X,32,31.5,26.8,23.3,73,X,관심,X,매우높음
6/26/2022,성주(810),O,33.2,33.1,27.7,22.1,70,O,주의,X,높음
6/26/2022,고령(812),X,31.8,31.2,27.2,23.7,76,O,주의,O,높음
6/26/2022,청도(813),X,31.3,30.4,26.7,23.4,77,O,주의,O,높음
6/26/2022,예천(815),X,31.7,30.4,25.6,21.2,84,O,주의,X,매우높음
6/26/2022,김천(822),O,33.5,33,27.1,20.3,78,O,주의,X,매우높음
6/26/2022,군위(823),X,31.6,30.4,26,21.2,87,O,주의,X,매우높음
6/26/2022,칠곡(825),O,33.1,32.2,27.6,23.9,81,O,주의,X,높음
6/26/2022,경산(827),X,32.1,31.8,27.8,25,67,O,주의,X,높음
6/26/2022,삼척(876),X,31.6,31.5,27.5,21.8,67,O,주의,O,매우높음
6/26/2022,속초(90),X,32.2,32.3,26.4,19.8,72.3,O,주의,X,높음
6/26/2022,삼천포(907),X,28.8,26.5,24,22.4,91,X,관심,X,높음
6/26/2022,고성(918),X,28.4,25.6,24.2,22.8,95,X, ,X,높음
6/26/2022,창녕(919),X,32.3,31.4,27.6,24.5,77,O,주의,O,높음
6/26/2022,함안(920),X,31.7,30.2,26.7,23.7,81,O,주의,X,높음
6/26/2022,북춘천(93),X,30.6,28.2,25.4,23.3,90.5,X,관심,X,높음
6/26/2022,하동(932),X,32,30.7,25.8,23.2,88,X,관심,O,높음
6/26/2022,철원(95),X,29.4,26,23.8,19.8,,X, ,X,높음
6/26/2022,동두천(98),X,29.4,26.7,25.4,24,87.5,X, ,X,높음
6/26/2022,파주(99),X,29.6,27.1,25,23.7,90.1,X, ,X,높음
6/27/2022,북강릉(104),X,30.4,30.6,26.4,23.5,80.4,O,주의,X,보통
6/27/2022,동해(106),X,30.7,29.9,24.7,21.4,88,O,주의,X,높음
6/27/2022,서울(108),X,30.1,28.1,26.8,25.4,84.4,X,주의,O,보통
6/27/2022,인천(112),X,29.2,27.3,25.8,24.5,83.8,X, ,X,보통
6/27/2022,원주(114),X,30.8,30.3,27.5,25.5,69.9,X,주의,O,보통
6/27/2022,울릉도(115),X,28.7,26.2,23.9,22,93,X,관심,X,높음
6/27/2022,수원(119),X,30.7,29.8,27.8,25.1,60.3,X, ,O,보통
6/27/2022,영월(121),X,31.4,30.9,25.3,22.2,86.4,X,관심,X,보통
6/27/2022,충주(127),X,31,29.7,27.1,23.6,76.8,X,주의,O,보통
6/27/2022,서산(129),X,29.8,28.1,26.3,24.6,81.6,X, ,X,보통
6/27/2022,울진(130),X,29.6,28.7,22.3,19.3,89.6,X,주의,X,높음
6/27/2022,청주(131),X,32.3,31.8,28.6,25.7,69.5,X,주의,O,높음
6/27/2022,대전(133),X,31.7,31.1,28,25.3,71.8,X,주의,O,보통
6/27/2022,추풍령(135),X,30.4,28.8,25.1,21.7,83.8,X,주의,X,보통
6/27/2022,안동(136),X,31.6,30.7,26.5,23.8,77.1,X,주의,O,보통
6/27/2022,상주(137),X,32.6,31,26.5,23.6,84,X,주의,X,보통
6/27/2022,포항(138),X,32.4,31.4,27.5,25.9,79.1,O,주의,O,높음
6/27/2022,군산(140),X,31.5,30,27.7,25.2,77.9,X, ,O,높음
6/27/2022,대구(143),X,31.7,30.1,27.3,25.4,86.3,O,주의,X,높음
6/27/2022,전주(146),X,31.4,30.1,28.1,26.3,73.4,O,주의,O,높음
6/27/2022,울산(152),X,31.2,27.9,25.2,23.3,93,X,관심,X,높음
6/27/2022,창원(155),X,28.9,26.3,25.3,24.5,88.4,X, ,X,높음
6/27/2022,광주(156),X,32,29.4,27.3,25.1,92.6,O,주의,O,보통
6/27/2022,부산(159),X,27.8,24.5,23.6,22.8,100,X, ,X,높음
6/27/2022,통영(162),X,28.6,25.7,25.1,23.3,95.4,X, ,X,높음
6/27/2022,목포(165),X,29.6,27.3,26,25,87.8,X, ,O,높음
6/27/2022,여수(168),X,28,25.1,24.4,23.8,96,X, ,X,보통
6/27/2022,흑산도(169),X,28.2,24.9,22.6,21.1,99,X, ,X,높음
6/27/2022,완도(170),X,31.2,29.7,26.9,23.7,83,X, ,X,높음
6/27/2022,고창(172),X,30.7,29.5,27.7,25.5,75.6,X,관심,O,높음
6/27/2022,제주(184),O,33.8,33.1,30.5,27.8,66.1,O,주의,O,높음
6/27/2022,진주(192),X,29.5,26.7,25.6,24.5,91.8,X, ,X,높음
6/27/2022,양평(202),X,30.5,29,25.8,23.7,88,X,주의,O,보통
6/27/2022,이천(203),X,31.3,29.9,27.7,24.5,77.5,X,주의,O,보통
6/27/2022,인제(211),X,30.2,28.9,25.1,23.3,87.9,X, ,X,보통
6/27/2022,홍천(212),X,30.8,30,26.1,23.4,82.3,X,주의,X,보통
6/27/2022,태백(216),X,28.1,26.7,23.4,20.9,81.6,X, ,X,보통
6/27/2022,정선군(217),X,29.6,27.3,25.3,23.4,81.9,X, ,X,보통
6/27/2022,제천(221),X,30.6,28.8,25.1,22.6,90.6,X,관심,X,보통
6/27/2022,보은(226),X,30.8,29.8,26.2,22.9,80.5,X,주의,O,보통
6/27/2022,천안(232),X,31.3,29.3,27.2,24,82.4,X,주의,O,보통
6/27/2022,보령(235),X,30.7,29.3,27.4,26.1,76.3,X, ,O,보통
6/27/2022,부여(236),X,31.6,30.2,28,25.4,76.1,X,주의,O,보통
6/27/2022,금산(238),X,30.7,29.6,27,23.9,74.1,X,주의,O,보통
6/27/2022,세종(239),X,31.2,30.3,27.9,25.1,70,X,주의,O,보통
6/27/2022,부안(243),X,30.9,29.5,27.8,25.8,76.5,X,관심,O,높음
6/27/2022,임실(244),X,29.2,27.5,25.3,23.6,84.4,X,관심,X,보통
6/27/2022,정읍(245),X,30.2,29.2,27.6,25,73,O,주의,O,높음
6/27/2022,남원(247),X,30.2,29.1,27,25.1,75.8,X, ,O,높음
6/27/2022,장수(248),X,28.6,27.1,25.4,24.6,78.5,X, ,X,보통
6/27/2022,영광군(252),X,30.9,29.5,27.5,26.3,78.8,X, ,O,높음
6/27/2022,김해시(253),X,29.6,26.5,24.8,23.7,98,X,관심,X,높음
6/27/2022,순창군(254),X,30.5,29.1,27.2,25.7,78,X, ,O,보통
6/27/2022,양산시(257),X,29.5,26.3,25,24.3,97.9,X, ,X,보통
6/27/2022,강진군(259),X,30.7,28.6,26.7,24.6,87.3,X,관심,X,높음
6/27/2022,장흥(260),X,30.8,29.2,25.4,24,94.3,X, ,X,높음
6/27/2022,해남(261),X,30.7,28.5,27.2,24.8,84.1,X, ,X,높음
6/27/2022,고흥(262),X,28.7,26.3,25,24.2,91.3,X, ,X,매우높음
6/27/2022,의령군(263),X,30.2,28.2,26.5,25.7,83.4,X, ,O,높음
6/27/2022,함양군(264),X,31.1,29.1,25.9,23,87.6,X,주의,X,보통
6/27/2022,진도군ASOS(268),X,28.6,25.9,25.1,24.5,92.9,X, ,X,높음
6/27/2022,봉화(271),X,28.6,26.3,23.8,22.1,90.1,X,주의,X,보통
6/27/2022,영주(272),X,30.1,27.2,24.4,22.1,94.5,X, ,X,보통
6/27/2022,문경(273),X,30.5,27.8,25,23,94.9,X,주의,X,보통
6/27/2022,청송군(276),X,30.9,30.3,26.2,22.6,74.3,O,주의,X,높음
6/27/2022,영덕(277),X,31.4,30.3,26,22.8,80.3,O,주의,X,높음
6/27/2022,의성(278),X,31.8,30.6,26.6,22.3,82.1,O,주의,O,높음
6/27/2022,구미(279),X,31.6,30.3,27,23.9,76.3,O,주의,O,높음
6/27/2022,영천(281),X,30.4,28.3,25.1,23.7,91.4,O,주의,X,높음
6/27/2022,경주시(283),X,31.9,29.4,25.5,24.7,90,O,주의,X,높음
6/27/2022,거창(284),X,30.5,28.6,25.6,22.5,83.1,X, ,X,보통
6/27/2022,합천(285),X,29.8,27.3,26,24.8,85.1,X, ,X,높음
6/27/2022,밀양(288),X,31.3,30.3,25.9,24.5,85.4,X,주의,O,보통
6/27/2022,산청(289),X,29.5,26.7,25.6,24.2,89.5,X, ,X,높음
6/27/2022,거제(294),X,28.3,25.5,24.5,24,96.1,X, ,X,높음
6/27/2022,남해(295),X,29.2,26.8,25.6,24,89.9,X, ,X,보통
6/27/2022,부천(433),X,28.8,27.1,25.6,23.8,80,X, ,X,높음
6/27/2022,안양(434),X,29.9,28.4,27.2,25.5,,X, ,O,보통
6/27/2022,광명(437),X,30,28.6,27,25.9,79,X, ,O,보통
6/27/2022,군포(438),X,29.3,27.6,26,24.2,79,X, ,O,보통
6/27/2022,김포(441),X,,29.2,26.5,24.2,,X, ,X,보통
6/27/2022,하남(444),X,29.7,28.1,25.3,23.3,86,X,주의,X,보통
6/27/2022,의왕(445),X,,,,,,X, ,X,보통
6/27/2022,포천(504),X,29.7,27.9,25.6,23.7,87,X, ,X,보통
6/27/2022,가평조종(505),X,29.7,27.1,25.1,23.2,93,X, ,X,보통
6/27/2022,안성(516),X,31.2,30.3,27.8,25,75,X,주의,O,보통
6/27/2022,간성(517),X,31.3,29.9,25.2,22,90,X,주의,X,보통
6/27/2022,평창(526),X,30.1,28.8,24.9,22.3,82,X, ,X,보통
6/27/2022,의정부(532),X,30.6,27.6,25.9,23.7,95,X, ,X,보통
6/27/2022,횡성(536),X,32.5,30.3,24.9,23.4,97,X,관심,X,보통
6/27/2022,고양(540),X,30,28.5,26.3,23.9,79,X, ,X,보통
6/27/2022,남양주(541),X,30.2,28.1,26,23.6,85,X,주의,O,보통
6/27/2022,안산(545),X,29.8,27.7,26,23.4,85,X, ,O,보통
6/27/2022,경기광주(546),X,31,29.8,26,23.5,83,X,주의,O,보통
6/27/2022,여주(548),X,31.2,29.9,26.7,23.9,81,X,주의,O,보통
6/27/2022,용인(549),X,29.8,28.6,25.9,23.5,80,X,주의,O,보통
6/27/2022,오산(550),X,30.1,29.6,27.1,24.4,69,X, ,O,보통
6/27/2022,평택(551),X,31.2,29.9,28.1,25.2,73,X,주의,O,보통
6/27/2022,화천(555),X,30.3,27,24,22.5,97,X,주의,X,보통
6/27/2022,양구(556),X,30.3,29,24.7,22.1,88,X, ,X,보통
6/27/2022,시흥(565),X,30.2,28.3,26.8,24.5,83,X, ,O,보통
6/27/2022,구리(569),X,29.8,28.6,26.3,24.6,77,X,주의,O,보통
6/27/2022,화성(571),X,30.5,28.7,27.1,24.8,80,X, ,O,보통
6/27/2022,성남(572),X,30.1,28.3,26.9,23.9,79,X,주의,O,보통
6/27/2022,과천(590),X,30.2,28,26.1,23.7,87,X, ,O,보통
6/27/2022,양주(598),X,30.7,29.2,26.2,23.6,83,X, ,X,보통
6/27/2022,단양(601),X,32.3,31.8,26.8,23.1,80,X,주의,O,보통
6/27/2022,진천(602),X,32.2,31,28,24.6,75,X,주의,O,보통
6/27/2022,괴산(603),X,31.5,29.7,25.9,22.7,85,X,주의,O,보통
6/27/2022,옥천(604),X,32.7,32.2,28.1,23.9,72,X,주의,O,보통
6/27/2022,홍북(608),X,30.7,29.7,26.8,25,75,X, ,O,보통
6/27/2022,공주(612),X,31.7,30.8,28.2,24.9,71,X,주의,O,보통
6/27/2022,서천(614),X,30.9,29.4,27.8,25.6,78,X, ,O,높음
6/27/2022,논산(615),X,32.6,31.7,28.1,24.6,73,X,주의,O,높음
6/27/2022,당진(616),X,30.5,29.2,27.4,25.6,78,X,주의,O,보통
6/27/2022,청양(618),X,31.1,29.8,27.6,25.8,77,X,주의,O,보통
6/27/2022,음성(619),X,30.3,28.6,25.6,22.5,80,X,주의,O,보통
6/27/2022,증평(623),X,31.8,30.4,27.1,23.6,83,X,주의,O,높음
6/27/2022,태안(627),X,29.9,27.4,25.6,24.8,91,X, ,X,보통
6/27/2022,예산(628),X,31.9,30.4,28.1,26,77,X,주의,O,보통
6/27/2022,아산(634),X,31.8,30.2,27.8,24.8,76,X,주의,O,보통
6/27/2022,계룡(636),X,30.3,29.4,26.4,22.5,74,X, ,O,높음
6/27/2022,연천청산(652),X,,,,,,X, ,X,보통
6/27/2022,양양(670),X,31.8,30.5,25.5,22.9,92,O,주의,X,보통
6/27/2022,무안(699),X,30.4,28.6,27.1,26.3,82,X,관심,O,높음
6/27/2022,무주(701),X,30.9,29.9,26.8,23.2,73,X,주의,O,보통
6/27/2022,익산(702),X,31.8,29.6,27.6,25.2,86,O,주의,O,높음
6/27/2022,진안(703),X,28.9,26.8,25.4,23.9,82,X, ,X,보통
6/27/2022,담양(706),X,31.9,29.5,27.3,25.2,91,O,주의,O,보통
6/27/2022,구례(709),X,31.8,30.1,27,24.8,85,X, ,O,보통
6/27/2022,나주(710),X,31.5,29.5,26.9,24.5,85,X,관심,X,높음
6/27/2022,순천시(712),X,31.1,28.9,26.5,25.3,89,X, ,O,보통
6/27/2022,광양읍(713),X,31.1,29.3,26.3,25.2,89,X, ,O,보통
6/27/2022,장성(730),X,30.3,29,26.8,25.1,80,X, ,O,보통
6/27/2022,영암(731),X,31.1,29.6,27.3,25.4,81,X,관심,O,높음
6/27/2022,보성(732),X,30,27.4,25,24,96,X, ,X,높음
6/27/2022,완주(734),X,32.3,31.1,28.2,24.1,74,O,주의,O,높음
6/27/2022,김제(737),X,29.6,29.3,27.8,25.7,61,O,주의,O,보통
6/27/2022,화순(741),X,31,29.5,27,25.1,79,O,주의,O,높음
6/27/2022,함평(754),X,30.4,28.2,26.9,25.7,86,X,관심,O,높음
6/27/2022,곡성(768),X,31,29.7,27,24.4,80,X,관심,O,보통
6/27/2022,압해도(789),X,29.4,27.4,26.1,25.1,84,X, ,O,높음
6/27/2022,영양(801),X,31.5,30.6,25.7,22.3,85,X,관심,X,보통
6/27/2022,성주(810),X,31.1,30,26.9,24.2,77,X,주의,X,높음
6/27/2022,고령(812),X,30.4,27.1,26,24.8,97,X,주의,O,높음
6/27/2022,청도(813),X,30.8,29.2,26.2,24.3,85,X,주의,O,보통
6/27/2022,예천(815),X,31.5,29.3,25.7,23.3,86,X,주의,X,보통
6/27/2022,김천(822),X,32.2,30.3,25.9,22.9,88,X,주의,X,높음
6/27/2022,군위(823),X,31.6,30,26.9,23.6,85,O,주의,O,높음
6/27/2022,칠곡(825),X,31.6,29.5,26.8,24.9,90,O,주의,O,높음
6/27/2022,경산(827),X,31.3,30.1,26.3,24.3,82,O,주의,X,높음
6/27/2022,삼척(876),X,31.7,31.4,26.6,24,77,O,주의,X,보통
6/27/2022,속초(90),X,29.5,28.5,24.4,21.6,87.1,X,주의,X,보통
6/27/2022,삼천포(907),X,29.3,26.8,24.5,23.3,94,X, ,X,보통
6/27/2022,고성(918),X,29,26.2,25.2,24.5,95,X, ,X,높음
6/27/2022,창녕(919),X,31.2,29.3,26.2,24.6,91,X,주의,X,높음
6/27/2022,함안(920),X,30.6,28.6,26.8,24.5,85,X,주의,O,높음
6/27/2022,북춘천(93),X,31.1,29.1,25.6,23.8,94.3,X,관심,X,보통
6/27/2022,하동(932),X,30,27.7,25.8,24.8,91,X, ,X,보통
6/27/2022,철원(95),X,28.3,27.5,25.2,22.9,,X, ,X,보통
6/27/2022,동두천(98),X,31,28.7,25.5,23.6,90.4,X, ,X,보통
6/27/2022,파주(99),X,29.7,27.1,25,23.6,94.4,X, ,X,보통
6/28/2022,북강릉(104),X,31.7,32,30.3,25.3,54.5,O,주의,O,높음
6/28/2022,동해(106),X,32.9,33.6,30.2,22.3,55.5,O,주의,X,높음
6/28/2022,서울(108),X,29.7,27.9,26.9,25.7,81.9,X, ,X,보통
6/28/2022,인천(112),X,28.4,26.3,25.1,24.1,85.9,X, ,X,보통
6/28/2022,원주(114),X,30.6,30.3,28.6,27.2,59.8,X, ,X,보통
6/28/2022,울릉도(115),X,26.1,22.8,22.4,21.9,99.8,X, ,X,높음
6/28/2022,수원(119),X,29.3,29.8,28.4,27.7,53.4,X, ,X,보통
6/28/2022,영월(121),X,31.5,31.7,28.2,25.3,61.6,X, ,X,보통
6/28/2022,충주(127),X,32.7,32.5,29.2,27.1,62.4,X, ,X,높음
6/28/2022,서산(129),X,29.1,27.3,26,24.4,81.8,X, ,X,보통
6/28/2022,울진(130),O,33.3,34,25.9,18.4,70.5,X,관심,X,높음
6/28/2022,청주(131),X,31.7,32.7,30,28.2,56.9,X,관심,X,높음
6/28/2022,대전(133),X,32.1,32,29.4,27.4,60.1,X,관심,X,높음
6/28/2022,추풍령(135),X,31.9,32.1,27.2,23.5,68.5,X,관심,X,매우높음
6/28/2022,안동(136),O,33.1,33.5,28.7,26.1,64.8,X,관심,O,매우높음
6/28/2022,상주(137),O,33.9,33.9,28,23.7,74.9,X,관심,O,매우높음
6/28/2022,포항(138),X,32.6,32,28.7,26.1,70.3,O,주의,O,높음
6/28/2022,군산(140),X,32.3,31.6,28.7,26.8,71.4,X, ,X,높음
6/28/2022,대구(143),O,33,32.3,28.9,24.8,71.3,O,주의,O,높음
6/28/2022,전주(146),X,31.9,31.2,28.7,27.3,67.4,O,주의,X,높음
6/28/2022,울산(152),X,30.8,29.4,27.2,24.7,79.1,X,관심,O,높음
6/28/2022,창원(155),X,28.8,26.5,25.5,24.8,84.9,X, ,X,높음
6/28/2022,광주(156),X,32.4,30.6,27.7,25.8,87,O,주의,X,높음
6/28/2022,부산(159),X,27.9,24.7,23.7,23.3,99.5,X,관심,X,높음
6/28/2022,통영(162),X,28.6,25.9,25.2,24.7,92.8,X, ,X,높음
6/28/2022,목포(165),X,30.2,28.4,26.2,25.1,84.8,X, ,O,매우높음
6/28/2022,여수(168),X,28.1,25.5,24.8,24.1,92.5,X, ,X,높음
6/28/2022,흑산도(169),X,27.7,24.9,22.6,20.9,98.4,X, ,X,매우높음
6/28/2022,완도(170),X,31.6,30.4,27,23.9,80.5,X, ,X,매우높음
6/28/2022,고창(172),X,31.3,30.4,28.4,26.8,70.3,X,관심,O,높음
6/28/2022,제주(184),O,33.5,33.3,30.5,28.9,64.6,O,주의,O,매우높음
6/28/2022,진주(192),X,30,27.5,25.6,24.7,89.6,X, ,X,보통
6/28/2022,양평(202),X,30.3,29.5,27.9,26.2,68.8,X, ,X,보통
6/28/2022,이천(203),X,30.9,29.8,28.7,27.7,68.8,X, ,X,높음
6/28/2022,인제(211),X,29.2,27.9,26.1,24.5,78,X, ,X,보통
6/28/2022,홍천(212),X,30.1,29.2,26.9,24.6,74.1,X, ,X,보통
6/28/2022,태백(216),X,27.4,26.7,24.5,21.7,70.1,X, ,X,높음
6/28/2022,정선군(217),X,29.6,29.3,27.4,24.4,62.1,X, ,X,보통
6/28/2022,제천(221),X,30.9,30.2,27.3,23.7,69.5,X,관심,X,보통
6/28/2022,보은(226),X,31.2,30.7,28.2,26.7,65.1,X, ,X,높음
6/28/2022,천안(232),X,32,31.2,28.5,26.8,70.3,X,관심,X,높음
6/28/2022,보령(235),X,29.9,28.6,27.2,25.8,75.3,X, ,X,보통
6/28/2022,부여(236),X,32.3,31.7,28.7,27.1,70.1,X,관심,X,보통
6/28/2022,금산(238),X,31.2,30.8,28.1,26.7,65.8,X,관심,X,높음
6/28/2022,세종(239),X,31.7,31.3,29.1,27.3,61.8,X,관심,X,높음
6/28/2022,부안(243),X,31.8,31,28.4,26.7,71.6,X, ,O,높음
6/28/2022,임실(244),X,29.6,28.3,25.7,23.7,78.4,X,관심,X,높음
6/28/2022,정읍(245),X,30.9,30.2,28.2,26.8,67.4,O,주의,O,높음
6/28/2022,남원(247),X,30.9,30,27.1,25.5,73.4,X, ,O,높음
6/28/2022,장수(248),X,29.1,27.9,25.6,23.7,75.5,X, ,X,높음
6/28/2022,영광군(252),X,32.2,31.3,28.1,26.6,73.8,X, ,O,높음
6/28/2022,김해시(253),X,30,27.6,25.7,24.3,90.3,X,관심,X,보통
6/28/2022,순창군(254),X,30.6,29.5,27.5,26.1,74.4,X,관심,X,높음
6/28/2022,양산시(257),X,30,27.5,25.5,24.6,94.4,X, ,X,보통
6/28/2022,강진군(259),X,31.4,29.9,26.9,24.8,82.9,X, ,O,높음
6/28/2022,장흥(260),X,29.4,27.1,25.5,24.6,91.8,X, ,X,높음
6/28/2022,해남(261),X,31.1,29.5,27.4,25.8,81.1,X, ,O,매우높음
6/28/2022,고흥(262),X,28.3,25.8,25,24.1,90,X, ,X,높음
6/28/2022,의령군(263),X,30,28.4,26.9,25.7,79,X, ,O,높음
6/28/2022,함양군(264),X,32.2,32,27.2,23.3,77.5,X,관심,X,높음
6/28/2022,진도군ASOS(268),X,29,26.6,25.5,24.5,89.3,X, ,O,매우높음
6/28/2022,봉화(271),X,29.7,28.7,25.7,23.7,76.1,X, ,X,보통
6/28/2022,영주(272),X,31,30,26.3,23.2,81.3,X, ,X,높음
6/28/2022,문경(273),X,32.2,31.9,26.7,23.2,81.3,X, ,X,높음
6/28/2022,청송군(276),X,31.7,32.2,28,24.4,60,O,주의,O,매우높음
6/28/2022,영덕(277),X,32.7,33.3,29.1,24.7,61.5,O,주의,O,매우높음
6/28/2022,의성(278),O,33,32.9,29,26,66.9,O,주의,O,매우높음
6/28/2022,구미(279),X,31.8,31.4,28.3,25.9,67.4,O,주의,O,매우높음
6/28/2022,영천(281),X,30.7,30.1,26.9,23.3,75.4,O,주의,X,높음
6/28/2022,경주시(283),X,31.9,30.9,27.6,25.2,76.1,O,주의,X,높음
6/28/2022,거창(284),X,31.2,30.5,27.2,23.8,73.5,X,관심,X,높음
6/28/2022,합천(285),X,30.7,29.3,26.4,24.8,80.5,X,관심,X,높음
6/28/2022,밀양(288),X,31,30.1,26.8,25.4,76,X,관심,X,보통
6/28/2022,산청(289),X,30.5,28.7,26.3,24.5,82.4,X,관심,X,높음
6/28/2022,거제(294),X,28,25.1,24.6,24.1,94.3,X, ,X,높음
6/28/2022,남해(295),X,28.6,26.3,25.5,24.7,88,X, ,X,높음
6/28/2022,부천(433),X,28,26.5,25.5,23.6,78,X, ,X,보통
6/28/2022,안양(434),X,28.2,28.4,27.2,25,,X, ,X,보통
6/28/2022,광명(437),X,29.3,27.8,27.1,25.7,76,X, ,X,보통
6/28/2022,군포(438),X,29.1,28,26.3,24,75,X, ,X,보통
6/28/2022,김포(441),X,,27.4,26.2,24.9,,X, ,X,보통
6/28/2022,하남(444),X,29.6,28.8,27.2,24.6,71,X, ,X,보통
6/28/2022,의왕(445),X,,,,,,X, ,X,보통
6/28/2022,포천(504),X,28.8,27.2,25.6,24,85,X, ,X,보통
6/28/2022,가평조종(505),X,28.8,27.3,25.3,23.5,87,X, ,X,보통
6/28/2022,안성(516),X,32.4,32.2,28.9,27.2,65,X,관심,X,보통
6/28/2022,간성(517),X,31.4,30.3,29.1,26.4,74,X, ,O,보통
6/28/2022,평창(526),X,29.8,29.6,26.7,23,66,X, ,X,보통
6/28/2022,의정부(532),X,30.1,27.6,26.2,24.4,93,X, ,X,보통
6/28/2022,횡성(536),X,30.7,29,27,24,81,X, ,X,보통
6/28/2022,고양(540),X,28.8,27.4,26.3,24.4,77,X, ,X,보통
6/28/2022,남양주(541),X,29.7,28.5,26.9,24.1,76,X, ,X,보통
6/28/2022,안산(545),X,29.4,28,26.7,24.5,77,X, ,X,보통
6/28/2022,경기광주(546),X,29.4,28.4,27.1,26.1,70,X, ,X,보통
6/28/2022,여주(548),X,31.1,30.1,28.1,26.1,67,X, ,X,보통
6/28/2022,용인(549),X,29.4,28.9,27.2,25.6,66,X, ,X,보통
6/28/2022,오산(550),X,29.6,29.4,27.7,26.5,63,X, ,X,보통
6/28/2022,평택(551),X,32.3,31.9,29,27.7,66,X, ,X,높음
6/28/2022,화천(555),X,28.6,25.4,23.9,23,97,X, ,X,보통
6/28/2022,양구(556),X,28.6,27.5,25.6,23.8,78,X, ,X,보통
6/28/2022,시흥(565),X,29.6,27.9,27.1,26.1,79,X, ,X,보통
6/28/2022,구리(569),X,29.7,29.2,27.7,25.3,67,X, ,X,보통
6/28/2022,화성(571),X,30,28.7,27.3,25.2,76,X, ,X,보통
6/28/2022,성남(572),X,29.8,28.9,27.8,26.9,70,X, ,X,보통
6/28/2022,과천(590),X,29.8,28.4,27,24.5,78,X, ,X,보통
6/28/2022,양주(598),X,28.9,27.3,25.8,24.5,84,X, ,X,보통
6/28/2022,단양(601),X,32.6,32.6,29,26.9,64,X,관심,X,높음
6/28/2022,진천(602),X,32.5,32,29.7,27.5,62,X, ,X,높음
6/28/2022,괴산(603),X,31.9,31.6,28.5,26.2,65,X, ,X,높음
6/28/2022,옥천(604),X,32.7,32.6,29.7,27.7,61,X,관심,O,높음
6/28/2022,홍북(608),X,30.7,29.9,27,25.3,72,X, ,X,보통
6/28/2022,공주(612),X,31.8,31.6,29,27,63,X,관심,X,보통
6/28/2022,서천(614),X,32.2,31.2,28.6,26.8,72,X, ,X,높음
6/28/2022,논산(615),X,32.6,32.4,29.4,27.3,63,X,관심,X,보통
6/28/2022,당진(616),X,30.2,28.6,27,24.7,80,X, ,X,보통
6/28/2022,청양(618),X,31.9,31.1,28.3,26.7,71,X,관심,X,보통
6/28/2022,음성(619),X,30.8,30.3,27.4,25.4,66,X, ,X,높음
6/28/2022,증평(623),X,31.6,31.1,28.8,27.4,69,X, ,X,높음
6/28/2022,태안(627),X,28.4,25.6,25,23.7,92,X, ,X,보통
6/28/2022,예산(628),X,31.4,30.6,28.5,27.1,73,X,관심,X,보통
6/28/2022,아산(634),X,31.7,32.6,28.2,26.4,72,X,관심,X,높음
6/28/2022,계룡(636),X,31.1,31.2,28.1,26.5,61,X, ,X,보통
6/28/2022,연천청산(652),X,,,,,,X, ,X,보통
6/28/2022,양양(670),X,32.9,31.7,29.2,23.9,81,O,주의,O,보통
6/28/2022,무안(699),X,31.4,30.1,27.4,26.2,79,X, ,O,높음
6/28/2022,무주(701),X,31.6,31.4,28.6,26.7,61,X,관심,O,높음
6/28/2022,익산(702),X,32.7,31.3,28.4,26.5,77,O,주의,X,높음
6/28/2022,진안(703),X,29.8,28.4,26,23.7,75,X, ,X,높음
6/28/2022,담양(706),X,32.5,30.2,27.9,25.5,85,O,주의,X,높음
6/28/2022,구례(709),X,32,30.7,27.4,25.1,81,X, ,X,높음
6/28/2022,나주(710),X,32.3,30.7,27.5,25.4,79,X,관심,O,높음
6/28/2022,순천시(712),X,30.6,28.6,26.5,25.4,87,X,관심,O,높음
6/28/2022,광양읍(713),X,30.9,29.3,26.6,25.1,86,X, ,O,높음
6/28/2022,장성(730),X,31.2,30.4,27.7,25.8,72,X, ,O,높음
6/28/2022,영암(731),X,31.9,30.7,28,25.9,74,X,관심,O,높음
6/28/2022,보성(732),X,30.7,28.5,25.2,23.8,93,X, ,X,높음
6/28/2022,완주(734),X,32.6,31.9,28.6,26.8,68,O,주의,O,높음
6/28/2022,김제(737),X,29.8,30.7,28.5,27.1,53,O,주의,O,높음
6/28/2022,화순(741),X,31.1,30,27.1,25.4,76,O,주의,O,높음
6/28/2022,함평(754),X,31.1,29.2,27.3,26.1,82,X,관심,O,높음
6/28/2022,곡성(768),X,31.2,30,27.6,25.9,74,X,관심,O,높음
6/28/2022,압해도(789),X,30.9,29.5,26.9,25.4,79,X, ,X,매우높음
6/28/2022,영양(801),X,31.8,31.7,28,23.1,68,X,관심,O,매우높음
6/28/2022,성주(810),X,32.6,32.6,28,24.9,70,X,관심,O,매우높음
6/28/2022,고령(812),X,31.2,30.4,27.4,25.8,76,X,관심,O,높음
6/28/2022,청도(813),X,31.3,30.4,27.5,24.6,73,X,관심,X,보통
6/28/2022,예천(815),X,32.4,31.9,27.3,23.1,76,X,관심,X,높음
6/28/2022,김천(822),O,33.5,33.6,28.2,23.1,73,X,관심,X,매우높음
6/28/2022,군위(823),X,32.5,31.7,28.6,25.2,72,O,주의,O,매우높음
6/28/2022,칠곡(825),X,32.4,31.3,28,25,80,O,주의,O,매우높음
6/28/2022,경산(827),X,31.4,31.2,28.1,25,68,O,주의,O,높음
6/28/2022,삼척(876),O,33.4,34.2,30.5,23.9,54,O,주의,O,높음
6/28/2022,속초(90),X,31.3,31.4,29.4,24.2,61.4,X, ,O,보통
6/28/2022,삼천포(907),X,29.7,27.7,25.6,23.9,87,X,관심,X,높음
6/28/2022,고성(918),X,29,26.3,25.4,24.3,92,X, ,X,높음
6/28/2022,창녕(919),X,31.6,30.1,27.3,24.7,80,X,관심,X,보통
6/28/2022,함안(920),X,31,29.6,27,25.3,81,X, ,X,높음
6/28/2022,북춘천(93),X,29.2,27.2,25,23.4,93.8,X, ,X,보통
6/28/2022,하동(932),X,30.6,28.5,26.3,25.2,86,X, ,O,높음
6/28/2022,철원(95),X,28.4,26.6,25,24.1,89.6,X, ,X,보통
6/28/2022,동두천(98),X,29,27.2,25.2,24.2,89.8,X, ,X,보통
6/28/2022,파주(99),X,28.8,26.5,25.5,24.1,88.6,X, ,X,보통
6/29/2022,북강릉(104),X,31.1,30.6,28.7,24.6,65.9,X, ,X,보통
6/29/2022,동해(106),X,31.1,30.7,26.1,22.3,76.4,X, ,X,보통
6/29/2022,서울(108),X,29.1,26.1,25.1,24.4,95.5,X, ,X,보통
6/29/2022,인천(112),X,27.5,24.5,23.7,23.1,95.8,X, ,X,보통
6/29/2022,원주(114),X,29.6,28.3,25.6,23.5,82.3,X, ,X,보통
6/29/2022,울릉도(115),X,28.7,26.3,23.1,21.9,97.1,X, ,X,보통
6/29/2022,수원(119),X,29,28,25.6,24.3,76.4,X, ,X,보통
6/29/2022,영월(121),X,30.7,29.4,25.9,23.1,82.5,X, ,X,보통
6/29/2022,충주(127),X,31.2,29.5,26.4,23.5,81.6,X, ,X,보통
6/29/2022,서산(129),X,28.4,25.8,24.2,22.1,92.9,X, ,X,보통
6/29/2022,울진(130),X,31.4,31.1,23.9,18,78.9,X,관심,X,보통
6/29/2022,청주(131),X,31.3,30.8,26.7,24.4,86.1,X, ,X,보통
6/29/2022,대전(133),X,30.9,29.8,26.7,23.9,79.3,X, ,X,보통
6/29/2022,추풍령(135),X,31.7,31.3,26.8,23.6,72.5,X,관심,X,높음
6/29/2022,안동(136),X,32.9,33.1,28,25.6,70.5,X,관심,O,보통
6/29/2022,상주(137),O,34.1,33.7,28.2,25.4,74.1,X,관심,X,보통
6/29/2022,포항(138),O,34.1,34.3,29.6,26.9,69.8,O,주의,O,높음
6/29/2022,군산(140),X,31.3,29.7,26.4,24.2,86.5,X, ,X,보통
6/29/2022,대구(143),O,33.7,33.7,29.5,27.7,68.5,O,주의,O,높음
6/29/2022,전주(146),X,31.5,30.4,27.7,24.8,76.1,X,관심,X,보통
6/29/2022,울산(152),X,31.1,29.7,26.8,24.9,82.8,X,관심,X,보통
6/29/2022,창원(155),X,28.3,25.9,25,24.5,88.8,X,관심,X,높음
6/29/2022,광주(156),X,32.6,29.8,26.5,24.7,98.1,X,관심,X,보통
6/29/2022,부산(159),X,28.1,25,24.1,23,98.9,X,관심,X,높음
6/29/2022,통영(162),X,28.9,26.3,25.4,24.8,91.6,X, ,X,보통
6/29/2022,목포(165),X,29.6,27.3,26,25,87.1,X, ,X,높음
6/29/2022,여수(168),X,28,25.2,24.5,24.1,93.1,X, ,X,높음
6/29/2022,흑산도(169),X,26.7,23.5,22.6,21.8,99,X, ,X,높음
6/29/2022,완도(170),X,31.5,29.8,27.5,23.9,79.4,X, ,X,보통
6/29/2022,고창(172),X,30.8,29.3,27.5,25.3,76.1,X,관심,O,보통
6/29/2022,제주(184),O,34.3,33.9,30.2,27.8,70.9,O,주의,O,매우높음
6/29/2022,진주(192),X,30.7,28.4,25.7,24.7,89.8,X,관심,X,보통
6/29/2022,양평(202),X,29.5,27.4,25.3,24,89.3,X, ,X,보통
6/29/2022,이천(203),X,31.3,29.1,26,24.1,89.4,X, ,X,보통
6/29/2022,인제(211),X,29.1,27.4,25.1,23.7,87,X, ,X,보통
6/29/2022,홍천(212),X,29.6,27.7,25.7,23.1,83.4,X, ,X,보통
6/29/2022,태백(216),X,27.8,26.9,24.5,22.2,73.4,X, ,X,높음
6/29/2022,정선군(217),X,28.7,27.4,25.3,22.6,79.3,X, ,X,높음
6/29/2022,제천(221),X,30.2,28.1,24.9,22.6,90.8,X,관심,X,보통
6/29/2022,보은(226),X,30.7,29.7,27,24.1,76.3,X, ,X,보통
6/29/2022,천안(232),X,31.1,29,25.5,24,95.6,X, ,X,보통
6/29/2022,보령(235),X,30.3,28,25.1,23.6,93.1,X, ,X,보통
6/29/2022,부여(236),X,31.1,29.3,26.1,23.9,89.1,X, ,X,보통
6/29/2022,금산(238),X,30.8,30,27.6,24.8,70.4,X, ,X,보통
6/29/2022,세종(239),X,30.6,29.2,26.2,24.1,82.5,X, ,X,보통
6/29/2022,부안(243),X,30.6,29.1,27.3,25,79.6,X, ,O,보통
6/29/2022,임실(244),X,30.1,28.4,25.2,23.2,85,X, ,X,보통
6/29/2022,정읍(245),X,30.1,29,26.8,24.9,77.3,X,관심,X,보통
6/29/2022,남원(247),X,31.3,30.6,27.4,25.9,73.5,X,관심,X,보통
6/29/2022,장수(248),X,29.9,28.3,25.3,23.6,80.4,X, ,X,보통
6/29/2022,영광군(252),X,30.8,29.2,26.9,25,81.8,X, ,O,보통
6/29/2022,김해시(253),X,30.5,28.5,25.5,24,92.6,X,관심,X,높음
6/29/2022,순창군(254),X,31.3,29.8,26.7,24.6,82.4,X,관심,X,보통
6/29/2022,양산시(257),X,29.9,27.5,25.3,24.4,96.1,X,관심,X,보통
6/29/2022,강진군(259),X,30.9,28.8,26.4,24.6,89,X, ,X,보통
6/29/2022,장흥(260),X,30.2,27.5,25.7,24.4,92.4,X, ,X,보통
6/29/2022,해남(261),X,30.4,28.2,27,26,85.1,X, ,O,보통
6/29/2022,고흥(262),X,28.5,25.8,24.8,24.1,91.8,X, ,X,보통
6/29/2022,의령군(263),X,31.6,30.5,27.1,25.3,79.5,X,관심,O,보통
6/29/2022,함양군(264),X,32.3,31.8,27.5,23.7,78.8,X,관심,X,보통
6/29/2022,진도군ASOS(268),X,29.5,27,25.8,24.9,88.6,X, ,X,높음
6/29/2022,봉화(271),X,30.2,29.3,25.3,23.2,81.6,X, ,X,보통
6/29/2022,영주(272),X,32.5,31.9,26.4,23.7,82.4,X, ,X,보통
6/29/2022,문경(273),X,32.2,31.8,26.2,23.5,86.3,X, ,X,높음
6/29/2022,청송군(276),X,32.7,33.2,28.3,24.7,62.4,O,주의,X,보통
6/29/2022,영덕(277),O,34.6,35.6,29.8,25.5,61,O,주의,X,높음
6/29/2022,의성(278),O,33.1,32.5,28.5,26.8,70.6,O,주의,X,보통
6/29/2022,구미(279),O,33.2,33,28.4,26.8,68.9,O,주의,O,높음
6/29/2022,영천(281),X,31.9,31.5,27.7,24.9,72.4,O,주의,O,높음
6/29/2022,경주시(283),O,33.1,31.9,27,24.6,83.1,O,주의,X,보통
6/29/2022,거창(284),X,32.9,32.5,27,24.2,76.9,X,관심,X,보통
6/29/2022,합천(285),X,31.5,30.3,26.6,24.7,81,X,관심,O,보통
6/29/2022,밀양(288),X,32,31.3,27.1,24.6,77.9,X,관심,X,보통
6/29/2022,산청(289),X,31.7,30.2,26,24.1,86.9,X, ,X,보통
6/29/2022,거제(294),X,27.9,25.2,24.5,24.1,94.3,X, ,X,보통
6/29/2022,남해(295),X,29.1,26.6,25.4,24.3,90.5,X, ,X,보통
6/29/2022,부천(433),X,28.6,26.4,23.8,22.9,91,X, ,X,보통
6/29/2022,안양(434),X,27.7,26.8,25.1,24.2,,X, ,X,보통
6/29/2022,광명(437),X,29,26.5,25.1,24.2,91,X, ,X,보통
6/29/2022,군포(438),X,28.4,26,24.1,23.1,91,X, ,X,보통
6/29/2022,김포(441),X,,26.5,24.9,24.1,,X, ,X,보통
6/29/2022,하남(444),X,29.2,27.7,24.5,23.2,91,X, ,X,보통
6/29/2022,의왕(445),X,,,,,,X, ,X,보통
6/29/2022,포천(504),X,28.6,25.8,24.5,23.6,93,X, ,X,보통
6/29/2022,가평조종(505),X,29,26.2,24.4,23.1,97,X, ,X,보통
6/29/2022,안성(516),X,31.3,29.5,25.6,23.9,93,X, ,X,보통
6/29/2022,간성(517),O,33,31.7,28,23.5,82,X, ,X,보통
6/29/2022,평창(526),X,29.4,27.5,24.8,22.6,81,X, ,X,보통
6/29/2022,의정부(532),X,29.4,26.1,24.7,23.9,98,X, ,X,보통
6/29/2022,횡성(536),X,31.2,27.9,25.1,23.2,96,X, ,X,보통
6/29/2022,고양(540),X,28.9,26.3,24.6,23.9,89,X, ,X,보통
6/29/2022,남양주(541),X,29.6,27,24.8,23.6,91,X, ,X,보통
6/29/2022,안산(545),X,29.2,26.7,24.5,23.4,95,X, ,X,보통
6/29/2022,경기광주(546),X,29.2,26.9,24.4,23.2,93,X, ,X,보통
6/29/2022,여주(548),X,30.5,28.4,25.3,23.5,91,X, ,X,보통
6/29/2022,용인(549),X,29,27.2,24.4,23.2,92,X, ,X,보통
6/29/2022,오산(550),X,29,27.4,24.6,23.6,85,X, ,X,보통
6/29/2022,평택(551),X,31.7,29.6,25.7,24.2,97,X, ,X,보통
6/29/2022,화천(555),X,31.7,29,24.7,22.7,97,X, ,X,보통
6/29/2022,양구(556),X,29.5,28,24.9,23.2,85,X, ,X,보통
6/29/2022,시흥(565),X,29.7,27.4,25,24,94,X, ,X,보통
6/29/2022,구리(569),X,29.2,27.3,25.4,24,83,X, ,X,보통
6/29/2022,화성(571),X,29.3,26.7,24.8,23.9,94,X, ,X,보통
6/29/2022,성남(572),X,29.2,27.5,25,23.8,89,X, ,X,보통
6/29/2022,과천(590),X,29.4,26.4,24.8,23.9,95,X, ,X,보통
6/29/2022,양주(598),X,28.7,26.1,24.7,23.7,92,X, ,X,보통
6/29/2022,단양(601),X,32.2,31.1,26.8,23.6,82,X, ,X,보통
6/29/2022,진천(602),X,32.1,30.5,26.6,24.6,85,X, ,X,보통
6/29/2022,괴산(603),X,31.5,30.2,26.1,23.4,83,X, ,X,보통
6/29/2022,옥천(604),X,31.8,31.2,28.4,25.3,70,X, ,X,보통
6/29/2022,홍북(608),X,29.2,27,24.2,22.8,96,X, ,X,보통
6/29/2022,공주(612),X,30.9,29.2,25.8,24.1,87,X, ,X,보통
6/29/2022,서천(614),X,30.9,28.9,26.4,24.1,86,X, ,X,보통
6/29/2022,논산(615),X,31.3,30.2,27,24.2,81,X, ,O,보통
6/29/2022,당진(616),X,29.2,26.5,24.3,22.1,96,X, ,X,보통
6/29/2022,청양(618),X,30.3,28,25.2,23.3,91,X, ,X,보통
6/29/2022,음성(619),X,29.6,27.3,24.7,22.3,87,X, ,X,보통
6/29/2022,증평(623),X,30.7,28.2,25.6,23.6,92,X, ,X,보통
6/29/2022,태안(627),X,28.2,25.1,23.8,22.6,97,X, ,X,보통
6/29/2022,예산(628),X,30.6,28.6,25.8,23.7,92,X, ,X,보통
6/29/2022,아산(634),X,30.8,28.6,25,22.9,93,X, ,X,보통
6/29/2022,계룡(636),X,30,29,25.6,23.5,78,X, ,X,보통
6/29/2022,연천청산(652),X,,,,,,X, ,X,보통
6/29/2022,양양(670),O,33.1,31.1,28.4,25.5,86,X,관심,X,보통
6/29/2022,무안(699),X,30.9,29,26.9,25.4,82,X, ,O,보통
6/29/2022,무주(701),X,30.7,29.9,27.8,25.1,68,X,관심,X,보통
6/29/2022,익산(702),X,31.4,29.3,27.3,24.9,87,X,관심,O,보통
6/29/2022,진안(703),X,29.6,27.9,25,23.1,85,X, ,X,보통
6/29/2022,담양(706),X,32.9,30.1,26.9,24.9,93,X,관심,X,보통
6/29/2022,구례(709),X,32.1,30.6,27,24.6,86,X, ,X,보통
6/29/2022,나주(710),X,31.3,29,26.4,24.8,89,X,관심,X,보통
6/29/2022,순천시(712),X,30.5,,,,,X,관심,O,보통
6/29/2022,광양읍(713),X,30.4,28.4,25.7,25,93,X, ,X,보통
6/29/2022,장성(730),X,30.6,29.1,26.8,24.8,81,X, ,X,보통
6/29/2022,영암(731),X,30.9,29,27.3,24.9,82,X, ,X,보통
6/29/2022,보성(732),X,30.4,28,25,23.8,94,X, ,X,보통
6/29/2022,완주(734),X,31.7,30.8,27.6,24.7,75,X,관심,X,보통
6/29/2022,김제(737),X,29.6,29.1,27.2,25.1,68,X,관심,O,보통
6/29/2022,화순(741),X,31.2,29.5,26.3,25,84,X, ,X,보통
6/29/2022,함평(754),X,30.9,28.6,26.7,25.3,87,X, ,O,보통
6/29/2022,곡성(768),X,31.6,30.2,27.5,25.8,77,X,관심,X,보통
6/29/2022,압해도(789),X,30.6,29,26.1,24.2,83,X, ,X,보통
6/29/2022,영양(801),X,32.5,32.2,27.5,23.2,76,X,관심,X,높음
6/29/2022,성주(810),O,33.2,33.2,28.2,26,71,X,관심,O,높음
6/29/2022,고령(812),X,31.6,30.6,27.7,26,76,X,관심,O,보통
6/29/2022,청도(813),X,32.7,32,27.8,24.7,75,X,관심,X,보통
6/29/2022,예천(815),X,32.8,32.8,27.4,24.6,76,X,관심,X,보통
6/29/2022,김천(822),O,33.7,33.7,28.2,23.8,74,X,관심,X,보통
6/29/2022,군위(823),O,33.4,32.2,28.7,26.8,73,O,주의,X,보통
6/29/2022,칠곡(825),O,33.8,32.9,28.6,26.2,79,O,주의,O,높음
6/29/2022,경산(827),O,33.6,33.7,28.6,25.9,69,O,주의,O,보통
6/29/2022,삼척(876),X,31.4,30.9,28.6,25.5,65,X,관심,X,보통
6/29/2022,속초(90),O,33,32.5,27.1,22.8,74.5,X, ,X,보통
6/29/2022,삼천포(907),X,30,27.9,25.5,24.1,87,X,관심,X,보통
6/29/2022,고성(918),X,28.8,26,25.3,24.8,92,X, ,X,보통
6/29/2022,창녕(919),X,32,30.6,27.3,24.9,83,X,관심,O,보통
6/29/2022,함안(920),X,31.7,30.2,27.4,24.7,82,X,관심,X,보통
6/29/2022,북춘천(93),X,29.7,27,24.9,23.2,96.1,X, ,X,보통
6/29/2022,하동(932),X,30.2,28,26.3,25.2,88,X, ,X,보통
6/29/2022,철원(95),X,28.4,25.7,24.3,23.5,95.9,X, ,X,보통
6/29/2022,동두천(98),X,28.4,25.1,24,23.6,98.4,X, ,X,보통
6/29/2022,파주(99),X,27.9,24.8,23.7,23.2,99.1,X, ,X,보통
6/30/2022,북강릉(104),X,29.8,28.6,23.8,22.2,86.5,O,관심,X,높음
6/30/2022,동해(106),X,31.4,30.3,24.8,21.7,88.9,O, ,X,높음
6/30/2022,서울(108),X,27.8,24.5,22.3,21.2,99.3,X,관심,X,보통
6/30/2022,인천(112),X,27.6,24.4,22.6,21.2,97,X, ,X,보통
6/30/2022,원주(114),X,27.6,25.6,22.7,21.5,91.3,X, ,X,보통
6/30/2022,울릉도(115),X,31.7,30.4,25.9,23,82.4,X,관심,X,매우높음
6/30/2022,수원(119),X,30,27.4,23.8,21.4,92.9,X, ,X,보통
6/30/2022,영월(121),X,27.7,25.2,22.9,20.6,96,X, ,X,보통
6/30/2022,충주(127),X,29.8,27.5,23.9,20.3,90.1,X,관심,X,보통
6/30/2022,서산(129),X,29.1,26.7,25,22.1,90.3,X, ,X,보통
6/30/2022,울진(130),X,31,30,25.2,21.8,82.3,O,관심,X,매우높음
6/30/2022,청주(131),X,30.9,30.2,26.4,21.8,79.6,O,관심,X,높음
6/30/2022,대전(133),X,32.5,31.6,27.2,24.5,78.5,O,관심,X,보통
6/30/2022,추풍령(135),X,30.6,29.7,25.9,21.5,77.8,O,관심,X,보통
6/30/2022,안동(136),X,32.7,31.9,26.7,24.5,80.1,O,관심,X,높음
6/30/2022,상주(137),O,33.6,32.9,28,24.7,78,O,관심,X,보통
6/30/2022,포항(138),O,34,34.5,30.2,26.5,65.1,O,주의,O,매우높음
6/30/2022,군산(140),X,31.9,30.5,27.4,25.1,79.6,X, ,X,보통
6/30/2022,대구(143),O,34.6,34.8,29.8,26.5,68,O,주의,X,매우높음
6/30/2022,전주(146),X,31.6,30.7,27.8,24.7,75.3,O,관심,X,보통
6/30/2022,울산(152),X,31.8,31.5,27.9,25,73,O,관심,X,매우높음
6/30/2022,창원(155),X,31.7,30.4,26.4,23.8,81.4,O,관심,X,매우높음
6/30/2022,광주(156),X,32.8,30.2,27.1,24.5,93.4,O,관심,X,높음
6/30/2022,부산(159),X,30.5,28.2,25.5,23.4,91.6,X,관심,X,매우높음
6/30/2022,통영(162),X,30.6,28.5,25,23.3,93.5,X, ,X,매우높음
6/30/2022,목포(165),X,31.4,30,27.3,24.9,81.3,X, ,X,매우높음
6/30/2022,여수(168),X,29.5,27.1,25,23.6,92.1,X,관심,X,매우높음
6/30/2022,흑산도(169),X,28.8,25.9,23.6,22,97.3,X, ,X,매우높음
6/30/2022,완도(170),X,32.9,31.9,27.3,24.1,81.9,O, ,X,매우높음
6/30/2022,고창(172),X,31.7,31.1,27.7,25.4,74.6,X,관심,X,높음
6/30/2022,제주(184),O,33,32.1,28.7,26.4,76.9,O,주의,O,매우높음
6/30/2022,진주(192),X,32.2,30.7,26.6,23.8,85,X,관심,X,매우높음
6/30/2022,양평(202),X,27.2,24.2,22.2,20.9,95.6,X,관심,X,보통
6/30/2022,이천(203),X,28.1,24.8,22,20.4,99.6,X,관심,X,보통
6/30/2022,인제(211),X,27.3,24.9,21.9,19.9,96.5,X, ,X,보통
6/30/2022,홍천(212),X,27.1,24.3,21.8,20.4,96.6,X, ,X,보통
6/30/2022,태백(216),X,28,26.8,22.4,19.7,85.8,X, ,X,높음
6/30/2022,정선군(217),X,27.6,25.4,22.6,21.2,90.9,X, ,X,높음
6/30/2022,제천(221),X,27.6,24.8,22.1,20.3,98.8,X,관심,X,보통
6/30/2022,보은(226),X,30.5,28.5,25.1,23.4,93,X,관심,X,보통
6/30/2022,천안(232),X,31.9,30.2,25.1,21,90.5,X,관심,X,높음
6/30/2022,보령(235),X,30.6,29.1,26.6,25.1,82.3,X, ,X,높음
6/30/2022,부여(236),X,32,30.9,27,24,83,O,관심,X,높음
6/30/2022,금산(238),X,31.1,30.2,26.2,22.7,82.4,X,관심,X,보통
6/30/2022,세종(239),X,32,30.4,26.4,24.4,83.4,O,관심,X,보통
6/30/2022,부안(243),X,31.7,30.6,27.6,25.2,76.8,X,관심,X,보통
6/30/2022,임실(244),X,29.9,28.2,25.1,23.1,86.5,O,관심,X,높음
6/30/2022,정읍(245),X,31.2,30.7,27.4,24.6,73,X,관심,X,높음
6/30/2022,남원(247),X,31.2,30.7,26.9,23.4,76.6,X,관심,X,높음
6/30/2022,장수(248),X,29.1,27.6,24,20.5,89.5,X, ,X,높음
6/30/2022,영광군(252),X,31.7,30.8,27.5,25.2,77.8,X,관심,X,보통
6/30/2022,김해시(253),X,31.9,30.5,26.8,23.8,83,O,관심,X,매우높음
6/30/2022,순창군(254),X,31.8,30.2,26.8,24,81.9,O,관심,X,높음
6/30/2022,양산시(257),X,32.4,31.4,26.9,24.4,85.4,X,관심,X,매우높음
6/30/2022,강진군(259),X,32.6,31.4,27.4,24.3,83,O,관심,X,매우높음
6/30/2022,장흥(260),X,30.9,28.6,26,24.2,92.6,O, ,X,매우높음
6/30/2022,해남(261),X,32.2,31,27.8,24.8,80.4,O,관심,X,매우높음
6/30/2022,고흥(262),X,30.5,28.7,25.6,23.6,87.5,O, ,X,매우높음
6/30/2022,의령군(263),X,32.2,31.9,27.5,24.2,76.9,O,관심,X,매우높음
6/30/2022,함양군(264),X,32.6,32.2,26.8,22.2,80.8,O,관심,X,매우높음
6/30/2022,진도군ASOS(268),X,30.9,29.8,26.7,24.8,83.9,O,관심,X,매우높음
6/30/2022,봉화(271),X,28.5,26.3,23.1,20.9,93.5,O,관심,X,보통
6/30/2022,영주(272),X,29.5,27,23.7,20.9,95.6,O,관심,X,높음
6/30/2022,문경(273),X,32.3,30.2,24.9,22.4,94.1,O,관심,X,높음
6/30/2022,청송군(276),X,32.2,32.1,26.9,23,74,O,주의,X,높음
6/30/2022,영덕(277),X,32.2,31.7,26.5,23.2,81.5,O,주의,X,매우높음
6/30/2022,의성(278),O,33.8,33.4,27.5,23.5,80.4,O,주의,X,높음
6/30/2022,구미(279),X,32.7,31.1,26.9,24.1,79.9,O,주의,X,높음
6/30/2022,영천(281),X,32.1,32.2,28,25.3,69.9,O,주의,X,매우높음
6/30/2022,경주시(283),O,33.8,33.8,28.6,24.4,72.8,O,주의,X,매우높음
6/30/2022,거창(284),X,31.7,31.2,26.1,22.5,81.8,O,관심,X,높음
6/30/2022,합천(285),X,32.6,32.3,27.7,25.1,73.9,X,관심,X,매우높음
6/30/2022,밀양(288),X,32.1,32.2,27.7,24.4,73.8,O,관심,X,높음
6/30/2022,산청(289),X,32.3,31.1,26.8,23.9,84,X,관심,X,높음
6/30/2022,거제(294),X,29,26.7,25,24.1,90.6,X,관심,X,매우높음
6/30/2022,남해(295),X,30.4,28.7,25.7,24.1,88.4,X, ,X,매우높음
6/30/2022,부천(433),X,27,24,21.5,20,96,X, ,X,보통
6/30/2022,안양(434),X,27.9,26,22.7,21.1,,X, ,X,보통
6/30/2022,광명(437),X,27.8,25,22.7,21.1,95,X, ,X,보통
6/30/2022,군포(438),X,27.9,25.3,22.4,20.7,94,X, ,X,보통
6/30/2022,김포(441),X,,24.1,22.3,20.9,,X, ,X,보통
6/30/2022,하남(444),X,26.5,23.5,21.4,20,95,X, ,X,보통
6/30/2022,의왕(445),X,,,,,,X, ,X,보통
6/30/2022,포천(504),X,27.1,24.1,21.6,19.8,98,X, ,X,보통
6/30/2022,가평조종(505),X,27.2,23.9,21.1,19.4,100,X, ,X,보통
6/30/2022,안성(516),X,31.2,28.9,24,20.8,94,X,관심,X,높음
6/30/2022,간성(517),X,26.7,23.6,22.2,20.9,97,X, ,X,보통
6/30/2022,평창(526),X,26.4,23.9,22,20.7,91,X, ,X,보통
6/30/2022,의정부(532),X,27.5,24.3,21.9,20.4,98,X, ,X,보통
6/30/2022,횡성(536),X,28.4,25.1,21.7,20.5,99,X, ,X,보통
6/30/2022,고양(540),X,27,24,22.3,21,94,X, ,X,보통
6/30/2022,남양주(541),X,26.8,23.8,21.4,20.1,95,X, ,X,보통
6/30/2022,안산(545),X,29.2,26.3,22.9,20.8,98,X,관심,X,보통
6/30/2022,경기광주(546),X,26.7,23.7,21.2,20,95,X, ,X,보통
6/30/2022,여주(548),X,27.6,24.4,21.6,20.5,99,X,관심,X,보통
6/30/2022,용인(549),X,27.3,24.4,21.7,20.6,96,X,관심,X,보통
6/30/2022,오산(550),X,29.5,27.3,23.4,20.7,86,X, ,X,보통
6/30/2022,평택(551),X,32.3,30.4,25,21.2,94,X,관심,X,보통
6/30/2022,화천(555),X,26.7,23.6,21.2,19.4,97,X, ,X,보통
6/30/2022,양구(556),X,27.2,25.1,21.8,19.9,94,X, ,X,보통
6/30/2022,시흥(565),X,29.6,27,23.5,21.5,97,X, ,X,보통
6/30/2022,구리(569),X,26.8,24.3,21.9,20.4,90,X, ,X,보통
6/30/2022,화성(571),X,29.6,,,,,X,관심,X,보통
6/30/2022,성남(572),X,27,24.1,21.9,20.6,95,X, ,X,보통
6/30/2022,과천(590),X,27.3,24.1,21.9,20.8,99,X,관심,X,보통
6/30/2022,양주(598),X,27.1,23.9,21.6,20.3,97,X, ,X,보통
6/30/2022,단양(601),X,28.9,26.1,23.5,21.3,96,X,관심,X,보통
6/30/2022,진천(602),X,32.3,30.8,25.1,21.5,86,X,관심,X,보통
6/30/2022,괴산(603),X,30.1,27.9,24,20.6,92,X,관심,X,보통
6/30/2022,옥천(604),X,32.5,31.8,26.7,23.4,86,O,관심,X,높음
6/30/2022,홍북(608),X,30.2,28.8,25.5,24,85,X, ,X,보통
6/30/2022,공주(612),X,32,31.1,26.4,23.5,84,O,관심,X,보통
6/30/2022,서천(614),X,31.2,29.5,27.2,23.6,81,X, ,X,높음
6/30/2022,논산(615),X,32.7,31.6,27,23.9,82,O,관심,X,보통
6/30/2022,당진(616),X,30.9,28.8,25.2,21.5,93,X, ,X,보통
6/30/2022,청양(618),X,31.6,30.1,26.4,22.8,82,O,관심,X,보통
6/30/2022,음성(619),X,29.6,,,,,X,관심,X,보통
6/30/2022,증평(623),X,30.9,28.4,24.2,20.8,95,X,관심,X,보통
6/30/2022,태안(627),X,29.2,26.3,24.4,21.8,96,X, ,X,보통
6/30/2022,예산(628),X,31.4,29.9,26.7,22.3,84,X,관심,X,보통
6/30/2022,아산(634),X,32.5,30.9,25.6,21.5,87,X,관심,X,높음
6/30/2022,계룡(636),X,31.1,30.2,25.5,21.8,80,X, ,X,보통
6/30/2022,연천청산(652),X,,,,,,X, ,X,보통
6/30/2022,양양(670),X,29.7,26.4,24,22.2,97,X, ,X,높음
6/30/2022,무안(699),X,31.6,30.5,27.8,25.6,77,X,관심,X,매우높음
6/30/2022,무주(701),X,31.1,30.2,26.4,22.4,78,X,관심,X,매우높음
6/30/2022,익산(702),X,31.9,29.8,26.9,24.1,87,O,관심,X,보통
6/30/2022,진안(703),X,29.8,27.7,24.6,21.1,88,X, ,X,높음
6/30/2022,담양(706),O,33.2,30.7,27.2,24.2,91,O,관심,X,높음
6/30/2022,구례(709),O,33.3,32.4,27.7,24.4,81,O,관심,X,매우높음
6/30/2022,나주(710),X,31.9,30.5,27.2,24,83,O,관심,X,높음
6/30/2022,순천시(712),X,32.5,30.8,27.5,25.2,84,O,관심,X,높음
6/30/2022,광양읍(713),X,32.4,31.7,27.1,24.7,81,O, ,X,매우높음
6/30/2022,장성(730),X,31.2,30.8,27.2,24.8,76,O,관심,X,높음
6/30/2022,영암(731),X,31.9,30.8,27.5,24.6,80,O,관심,X,높음
6/30/2022,보성(732),X,31.9,30.2,26.4,23.8,88,O,관심,X,매우높음
6/30/2022,완주(734),X,31.4,29.9,25.8,22.4,89,O,관심,X,보통
6/30/2022,김제(737),X,30.5,30.5,27.5,25.1,68,X,관심,X,높음
6/30/2022,화순(741),X,31.5,30.6,26.4,23.3,82,O,관심,X,보통
6/30/2022,함평(754),X,32.3,30.8,27.3,24.5,83,X,관심,X,높음
6/30/2022,곡성(768),X,32.3,31.5,26.7,22.5,81,O,관심,X,높음
6/30/2022,압해도(789),X,31.3,30,26.4,24.1,82,X, ,X,매우높음
6/30/2022,영양(801),X,32.7,32,26.9,22.8,81,O,관심,X,높음
6/30/2022,성주(810),O,33.7,34.3,28.4,25.4,69,O,관심,X,매우높음
6/30/2022,고령(812),X,32.8,32.7,28.2,25.5,73,O,관심,X,매우높음
6/30/2022,청도(813),X,32.5,32,27.4,23.8,78,O,관심,X,높음
6/30/2022,예천(815),X,32.4,31.1,25.7,22.4,88,O,관심,X,높음
6/30/2022,김천(822),O,33.3,32.5,27.1,22.5,81,O,관심,X,높음
6/30/2022,군위(823),O,33.4,31.8,27.2,23.5,87,O,주의,X,높음
6/30/2022,칠곡(825),O,33.7,33,28.4,25.6,79,O,주의,X,매우높음
6/30/2022,경산(827),O,33.4,34.2,29.1,25.8,65,O,주의,X,매우높음
6/30/2022,삼척(876),X,32.9,32.6,25.5,22.7,81,O,관심,X,높음
6/30/2022,속초(90),X,26.8,23.8,22.1,21.1,95.6,X, ,X,보통
6/30/2022,삼천포(907),X,30.7,28.5,25.2,23.9,90,X,관심,X,매우높음
6/30/2022,고성(918),X,30.9,28.4,25.6,24.4,91,X, ,X,매우높음
6/30/2022,창녕(919),X,32.9,32.3,28.3,25,77,O,관심,X,매우높음
6/30/2022,함안(920),X,32.3,31.3,27.2,23.2,81,O,관심,X,매우높음
6/30/2022,북춘천(93),X,27.5,24.2,21.8,20.2,99.9,X, ,X,보통
6/30/2022,하동(932),X,32.4,31.2,26.9,24,85,X,관심,X,높음
6/30/2022,철원(95),X,27.1,24,21.5,19.9,98.5,X, ,X,보통
6/30/2022,동두천(98),X,27,23.7,21.6,20.1,100,X, ,X,보통
6/30/2022,파주(99),X,26.6,23.3,21.6,20.7,99.8,X, ,X,보통
