일시,지점,폭염여부(O/X),최고체감온도(°C),최고기온(°C),평균기온(°C),최저기온(°C),평균상대습도(%),폭염특보(O/X),폭염영향예보(단계),열대야(O/X),자외선지수(단계)
5/1/2022,북강릉(104),X,17.8,19.8,14.1,9,39.1,X, ,X,높음
5/1/2022,동해(106),X,17,18.5,14.3,11.1,42.3,X, ,X,높음
5/1/2022,서울(108),X,17.9,19.2,13.4,7.9,54.8,X, ,X,매우높음
5/1/2022,인천(112),X,16.2,16,11.9,8.3,63.5,X, ,X,매우높음
5/1/2022,원주(114),X,16.6,18.3,12.9,7.1,48.5,X, ,X,매우높음
5/1/2022,울릉도(115),X,15.8,15.6,12.6,9.8,57.4,X, ,X,매우높음
5/1/2022,수원(119),X,16.7,18.6,12.8,6.4,59.9,X, ,X,매우높음
5/1/2022,영월(121),X,16.9,18,11.9,4.6,48.8,X, ,X,매우높음
5/1/2022,충주(127),X,17.3,19.1,12.5,5.1,50.4,X, ,X,매우높음
5/1/2022,서산(129),X,17.1,17.6,11.6,4.1,67.6,X, ,X,매우높음
5/1/2022,울진(130),X,16.3,16.8,12.9,7.6,49.5,X, ,X,높음
5/1/2022,청주(131),X,18.3,20.6,13.8,8.2,45.4,X, ,X,매우높음
5/1/2022,대전(133),X,18,20.1,13.4,6.9,51.5,X, ,X,매우높음
5/1/2022,추풍령(135),X,16.1,17.4,11.8,5.3,44.6,X, ,X,매우높음
5/1/2022,안동(136),X,17.7,19.3,12.9,6.9,44.8,X, ,X,매우높음
5/1/2022,상주(137),X,18.5,20,13.7,7.8,44,X, ,X,매우높음
5/1/2022,포항(138),X,17.9,18.2,14.9,11.2,43.4,X, ,X,매우높음
5/1/2022,군산(140),X,16.7,16.8,12.1,6.9,65.3,X, ,X,매우높음
5/1/2022,대구(143),X,18.3,20.3,15.2,10.2,39.4,X, ,X,매우높음
5/1/2022,전주(146),X,17.5,18.4,12.9,8.1,54.6,X, ,X,매우높음
5/1/2022,울산(152),X,17,18.3,13.8,10,48,X, ,X,매우높음
5/1/2022,창원(155),X,18.2,20.6,14.3,10.4,42,X, ,X,매우높음
5/1/2022,광주(156),X,18.1,19.4,13.6,8.2,54.5,X, ,X,매우높음
5/1/2022,부산(159),X,18.6,19.1,14.8,11.5,51.6,X, ,X,매우높음
5/1/2022,통영(162),X,18.9,21,15,11.2,46.9,X, ,X,매우높음
5/1/2022,목포(165),X,16.8,16.8,13,9.5,57.3,X, ,X,매우높음
5/1/2022,여수(168),X,18.4,19,14.8,10.3,42.1,X, ,X,매우높음
5/1/2022,흑산도(169),X,18.5,17.1,13.1,9.1,61,X, ,X,매우높음
5/1/2022,완도(170),X,18.6,19.2,14.5,10,46.8,X, ,X,매우높음
5/1/2022,고창(172),X,15.6,17.7,12.3,6.3,47.3,X, ,X,매우높음
5/1/2022,제주(184),X,18.9,18.3,14.8,12.2,59.9,X, ,X,매우높음
5/1/2022,진주(192),X,19.7,21.3,15.3,7.4,40.4,X, ,X,매우높음
5/1/2022,양평(202),X,17.4,19.2,12.6,6.5,60.8,X, ,X,높음
5/1/2022,이천(203),X,18,19.7,13,5.8,57.1,X, ,X,매우높음
5/1/2022,인제(211),X,16.3,17.8,10.9,3.9,59.5,X, ,X,높음
5/1/2022,홍천(212),X,17.3,19.4,11.8,4.4,54.6,X, ,X,높음
5/1/2022,태백(216),X,13.4,14.5,8.8,1.9,43.9,X, ,X,매우높음
5/1/2022,정선군(217),X,15.5,17,10.9,3.5,45,X, ,X,매우높음
5/1/2022,제천(221),X,15.9,17.7,10.7,3.1,54.3,X, ,X,매우높음
5/1/2022,보은(226),X,17.6,19.1,11.5,4.6,57.4,X, ,X,매우높음
5/1/2022,천안(232),X,17.5,19.1,11.7,4.4,57.3,X, ,X,매우높음
5/1/2022,보령(235),X,17.1,17.1,11.7,5.4,70.9,X, ,X,매우높음
5/1/2022,부여(236),X,17.7,19.3,12.1,4.8,62.4,X, ,X,매우높음
5/1/2022,금산(238),X,17,18.2,11.9,4.7,52.3,X, ,X,매우높음
5/1/2022,세종(239),X,17.7,19.6,12.8,5.7,54.4,X, ,X,매우높음
5/1/2022,부안(243),X,16.9,18,12.7,7.1,62,X, ,X,매우높음
5/1/2022,임실(244),X,16.9,17.7,10.2,4,61.9,X, ,X,매우높음
5/1/2022,정읍(245),X,17.1,18.5,12.4,6.2,54.3,X, ,X,매우높음
5/1/2022,남원(247),X,17.7,18.6,11.6,5.6,56.8,X, ,X,매우높음
5/1/2022,장수(248),X,15.6,16.3,10.2,3.6,55.3,X, ,X,매우높음
5/1/2022,영광군(252),X,16.4,17.8,12.3,6.5,61.1,X, ,X,매우높음
5/1/2022,김해시(253),X,19,20.6,14.2,10.4,53,X, ,X,매우높음
5/1/2022,순창군(254),X,17,18.5,11.8,6.3,57,X, ,X,매우높음
5/1/2022,양산시(257),X,19.9,21.9,14.8,9.7,51.3,X, ,X,매우높음
5/1/2022,강진군(259),X,18.7,19.9,13.5,7.3,53.1,X, ,X,매우높음
5/1/2022,장흥(260),X,18.7,19.5,12.8,5.2,55.3,X, ,X,매우높음
5/1/2022,해남(261),X,16.9,17.4,11.6,5.4,60.9,X, ,X,매우높음
5/1/2022,고흥(262),X,18.4,19.7,13.9,7.8,45.5,X, ,X,매우높음
5/1/2022,의령군(263),X,20,21.9,14.4,6.9,45.6,X, ,X,매우높음
5/1/2022,함양군(264),X,18.3,19.8,13.1,5.8,46.5,X, ,X,매우높음
5/1/2022,진도군ASOS(268),X,17.2,17.4,12.1,6.8,66,X, ,X,매우높음
5/1/2022,봉화(271),X,16,16.9,11.3,4,51.1,X, ,X,매우높음
5/1/2022,영주(272),X,16.7,17.8,12.7,8.1,45,X, ,X,매우높음
5/1/2022,문경(273),X,17.1,18.5,12.9,5.6,46.9,X, ,X,매우높음
5/1/2022,청송군(276),X,16.8,19.3,11.6,3.9,45.5,X, ,X,매우높음
5/1/2022,영덕(277),X,17.8,18.2,13,8.1,49,X, ,X,매우높음
5/1/2022,의성(278),X,18,20,12.5,4.8,53.4,X, ,X,매우높음
5/1/2022,구미(279),X,18.5,20.2,14.1,7.8,41.1,X, ,X,매우높음
5/1/2022,영천(281),X,18.5,20.2,14,7.8,45.9,X, ,X,매우높음
5/1/2022,경주시(283),X,18.9,20.6,14.4,7.7,47.3,X, ,X,매우높음
5/1/2022,거창(284),X,18.1,19.4,13,5.7,44.8,X, ,X,매우높음
5/1/2022,합천(285),X,18.4,21.3,14.2,7.9,43.9,X, ,X,매우높음
5/1/2022,밀양(288),X,18.9,21.5,14.8,8.8,44.5,X, ,X,매우높음
5/1/2022,산청(289),X,18.6,20.3,13.5,7.8,44.9,X, ,X,매우높음
5/1/2022,거제(294),X,18.1,20.1,14.2,10.1,50,X, ,X,매우높음
5/1/2022,남해(295),X,19.1,20.3,15.1,9.8,42.6,X, ,X,매우높음
5/1/2022,부천(433),X,16.3,17.6,12.4,6.8,55,X, ,X,매우높음
5/1/2022,안양(434),X,14.2,18,13.1,8.4,,X, ,X,매우높음
5/1/2022,광명(437),X,16.6,18.6,13.3,8,54,X, ,X,매우높음
5/1/2022,군포(438),X,16.5,18.5,12.6,7.1,55,X, ,X,매우높음
5/1/2022,김포(441),X,,18,12.3,6.6,,X, ,X,높음
5/1/2022,하남(444),X,17.7,20.1,12.5,4.7,54,X, ,X,높음
5/1/2022,의왕(445),X,15.4,17,10.7,4,61,X, ,X,매우높음
5/1/2022,포천(504),X,17.2,18.8,11,3.1,61,X, ,X,높음
5/1/2022,가평조종(505),X,16.8,18.4,10.7,1.8,60,X, ,X,높음
5/1/2022,안성(516),X,17.5,19.3,12.3,5.2,58,X, ,X,매우높음
5/1/2022,간성(517),X,19.3,21.3,12.8,7.6,55,X, ,X,높음
5/1/2022,평창(526),X,16.5,18.5,10.6,3.1,48,X, ,X,매우높음
5/1/2022,의정부(532),X,17.6,18.8,11.4,3.9,67,X, ,X,높음
5/1/2022,횡성(536),X,17.5,19.4,12.3,5.2,57,X, ,X,매우높음
5/1/2022,고양(540),X,18.3,20.1,11.9,3.5,60,X, ,X,매우높음
5/1/2022,남양주(541),X,18,20,12.1,4.1,59,X, ,X,높음
5/1/2022,안산(545),X,17.6,18.5,11.5,2.9,67,X, ,X,매우높음
5/1/2022,경기광주(546),X,16.8,18.8,,5.1,,X, ,X,매우높음
5/1/2022,여주(548),X,17.8,19.6,12.6,5.2,55,X, ,X,매우높음
5/1/2022,용인(549),X,16.1,18.4,12.6,5.8,53,X, ,X,매우높음
5/1/2022,오산(550),X,17,18.8,12.7,5.6,53,X, ,X,매우높음
5/1/2022,평택(551),X,18.1,20,12.9,5.9,58,X, ,X,매우높음
5/1/2022,화천(555),X,18,20.4,11.1,3.4,63,X, ,X,높음
5/1/2022,양구(556),X,17.2,19.2,10.4,3.7,60,X, ,X,높음
5/1/2022,시흥(565),X,17.2,18,11.8,4.3,67,X, ,X,매우높음
5/1/2022,구리(569),X,17.4,19.5,13,5.6,52,X, ,X,매우높음
5/1/2022,화성(571),X,17.3,18.5,12.6,6.2,60,X, ,X,매우높음
5/1/2022,성남(572),X,16.7,18.6,12.6,5.2,53,X, ,X,매우높음
5/1/2022,과천(590),X,17.7,19.5,12.2,3.7,61,X, ,X,매우높음
5/1/2022,양주(598),X,17,18.7,10.7,2.4,64,X, ,X,높음
5/1/2022,단양(601),X,17.5,19.1,12.6,6,51,X, ,X,매우높음
5/1/2022,진천(602),X,18.2,20.2,13.2,5.7,51,X, ,X,매우높음
5/1/2022,괴산(603),X,17.2,19.2,12,3.4,52,X, ,X,매우높음
5/1/2022,옥천(604),X,17.9,19.8,12.4,5.2,54,X, ,X,매우높음
5/1/2022,홍북(608),X,19.4,20.8,12.5,3.6,62,X, ,X,매우높음
5/1/2022,공주(612),X,17.9,19.7,12.6,5.2,54,X, ,X,매우높음
5/1/2022,서천(614),X,16.9,17.5,11.6,4.7,67,X, ,X,매우높음
5/1/2022,논산(615),X,18.1,19.4,12.5,5.4,59,X, ,X,매우높음
5/1/2022,당진(616),X,17.7,19.2,12.8,6.2,58,X, ,X,매우높음
5/1/2022,청양(618),X,17.4,18.7,11.2,2.3,59,X, ,X,매우높음
5/1/2022,음성(619),X,17.2,19,11.3,3,53,X, ,X,매우높음
5/1/2022,증평(623),X,17.4,19,12.4,5.1,56,X, ,X,매우높음
5/1/2022,태안(627),X,17.7,17.7,11.7,5.3,75,X, ,X,매우높음
5/1/2022,예산(628),X,17.5,18.9,12.9,6.6,58,X, ,X,매우높음
5/1/2022,아산(634),X,19.3,20.7,13,5.2,59,X, ,X,매우높음
5/1/2022,계룡(636),X,16.6,19,11.1,1.8,50,X, ,X,매우높음
5/1/2022,연천청산(652),X,,,,,,X, ,X,높음
5/1/2022,양양(670),X,18.7,20.4,13.8,9.4,57,X, ,X,높음
5/1/2022,무안(699),X,16.1,16.7,11.5,5.2,64,X, ,X,매우높음
5/1/2022,무주(701),X,16.8,18.1,11.1,5.1,55,X, ,X,매우높음
5/1/2022,익산(702),X,18,18.2,12,5.9,68,X, ,X,매우높음
5/1/2022,진안(703),X,15.9,16.8,9.9,3.5,59,X, ,X,매우높음
5/1/2022,담양(706),X,19.1,20.7,12.6,4.9,60,X, ,X,매우높음
5/1/2022,구례(709),X,19.1,19.7,12.7,4.6,59,X, ,X,매우높음
5/1/2022,나주(710),X,17.9,19,12.4,6.7,65,X, ,X,매우높음
5/1/2022,순천시(712),X,19.1,21.6,15.2,10,39,X, ,X,매우높음
5/1/2022,광양읍(713),X,19.8,21.8,14.6,7.6,43,X, ,X,매우높음
5/1/2022,장성(730),X,18,19.4,11.9,5.8,60,X, ,X,매우높음
5/1/2022,영암(731),X,18,18.3,11.8,5.9,68,X, ,X,매우높음
5/1/2022,보성(732),X,18.6,19.6,12.6,5.9,56,X, ,X,매우높음
5/1/2022,완주(734),X,18.4,19,11.3,5.3,65,X, ,X,매우높음
5/1/2022,김제(737),X,16.8,17.5,12.6,8,60,X, ,X,매우높음
5/1/2022,화순(741),X,17.9,19.3,12,5.8,58,X, ,X,매우높음
5/1/2022,함평(754),X,17,18.1,12.1,6,67,X, ,X,매우높음
5/1/2022,곡성(768),X,18.5,19.4,12,5.7,56,X, ,X,매우높음
5/1/2022,압해도(789),X,18.4,18.6,13.3,10.3,66,X, ,X,매우높음
5/1/2022,영양(801),X,16.9,18.4,11.9,4.2,50,X, ,X,매우높음
5/1/2022,성주(810),X,18.2,20.4,13.7,6.2,45,X, ,X,매우높음
5/1/2022,고령(812),X,18.6,21,13.3,6.7,49,X, ,X,매우높음
5/1/2022,청도(813),X,18.7,20.7,13.6,7.6,51,X, ,X,매우높음
5/1/2022,예천(815),X,17.6,19.6,12.9,5.5,46,X, ,X,매우높음
5/1/2022,김천(822),X,18,19.4,11.7,4.2,54,X, ,X,매우높음
5/1/2022,군위(823),X,18.6,19.6,13.4,6.4,51,X, ,X,매우높음
5/1/2022,칠곡(825),X,19.1,20.8,13.7,7.7,50,X, ,X,매우높음
5/1/2022,경산(827),X,18.3,20.6,15.1,9.8,38,X, ,X,매우높음
5/1/2022,삼척(876),X,18.2,19.3,14.4,9.7,38,X, ,X,높음
5/1/2022,속초(90),X,18.8,21.1,13.5,9,43.1,X, ,X,높음
5/1/2022,삼천포(907),X,19.3,20.8,15.4,11.5,37,X, ,X,매우높음
5/1/2022,고성(918),X,19,20.5,14.4,9.7,50,X, ,X,매우높음
5/1/2022,창녕(919),X,18.9,20.6,13.9,7.6,54,X, ,X,매우높음
5/1/2022,함안(920),X,19.8,21.5,13.5,6.4,55,X, ,X,매우높음
5/1/2022,북춘천(93),X,17.3,19.3,11.5,2.4,57.5,X, ,X,높음
5/1/2022,하동(932),X,20,21.2,14.7,8.3,48,X, ,X,매우높음
5/1/2022,철원(95),X,16.9,18.1,10.7,2,67.9,X, ,X,높음
5/1/2022,동두천(98),X,17.9,19.5,11.4,3.7,61,X, ,X,높음
5/1/2022,파주(99),X,18.1,19.2,10.8,1.7,67.9,X, ,X,높음
5/2/2022,북강릉(104),X,15,14.2,10.6,6.6,62.1,X, ,X,매우높음
5/2/2022,동해(106),X,16.5,15.1,10.5,7,72.5,X, ,X,매우높음
5/2/2022,서울(108),X,18.1,19.4,14.2,9.1,56.5,X, ,X,매우높음
5/2/2022,인천(112),X,17.3,17.2,13.3,9,59.6,X, ,X,매우높음
5/2/2022,원주(114),X,17.4,18.5,13.2,8.6,50.3,X, ,X,매우높음
5/2/2022,울릉도(115),X,16.1,14.9,11.1,7.2,63.9,X, ,X,매우높음
5/2/2022,수원(119),X,17.5,18.6,13.2,8.8,62.8,X, ,X,매우높음
5/2/2022,영월(121),X,17.5,19,10.3,4.4,63.4,X, ,X,매우높음
5/2/2022,충주(127),X,17.5,18.7,12.9,7.6,54.3,X, ,X,매우높음
5/2/2022,서산(129),X,17.7,17.8,11.4,5.3,66.4,X, ,X,매우높음
5/2/2022,울진(130),X,16.7,15.8,9.8,5.4,71.3,X, ,X,높음
5/2/2022,청주(131),X,17.4,19.1,13.8,9.1,47.1,X, ,X,매우높음
5/2/2022,대전(133),X,18.7,20.1,13.9,8.5,49.6,X, ,X,매우높음
5/2/2022,추풍령(135),X,16.8,17.9,11.7,5,55.6,X, ,X,매우높음
5/2/2022,안동(136),X,17.6,19.1,11.3,5,60,X, ,X,높음
5/2/2022,상주(137),X,18.6,19.8,13.5,7.9,54.8,X, ,X,매우높음
5/2/2022,포항(138),X,17.2,17.6,12.9,9.4,59.3,X, ,X,매우높음
5/2/2022,군산(140),X,18.4,17.6,12.7,8.3,67.1,X, ,X,매우높음
5/2/2022,대구(143),X,18.9,20.7,13.1,7.4,55.8,X, ,X,매우높음
5/2/2022,전주(146),X,18.9,19.7,13.7,9.3,52,X, ,X,매우높음
5/2/2022,울산(152),X,17.5,18.9,12.2,7.1,59.3,X, ,X,매우높음
5/2/2022,창원(155),X,18.4,19.8,13.4,7.9,49.1,X, ,X,매우높음
5/2/2022,광주(156),X,20.4,22.2,13.9,8.9,52.8,X, ,X,매우높음
5/2/2022,부산(159),X,19.7,19.6,13.8,8.6,53.8,X, ,X,매우높음
5/2/2022,통영(162),X,19.8,20,15.1,10.4,50.5,X, ,X,매우높음
5/2/2022,목포(165),X,19.5,18.5,13.6,10.4,64.1,X, ,X,매우높음
5/2/2022,여수(168),X,18.9,18.4,14.7,10.7,44.5,X, ,X,매우높음
5/2/2022,흑산도(169),X,20.1,18.4,13.8,9.9,68.8,X, ,X,매우높음
5/2/2022,완도(170),X,21.8,22.1,15.8,11.3,51.9,X, ,X,매우높음
5/2/2022,고창(172),X,18.4,20,12.5,6.6,46.8,X, ,X,매우높음
5/2/2022,제주(184),X,21.4,20.3,16.7,13.2,52,X, ,X,매우높음
5/2/2022,진주(192),X,20.6,21.1,13.6,4.1,51.8,X, ,X,매우높음
5/2/2022,양평(202),X,17.7,19.5,13,6.3,58.3,X, ,X,매우높음
5/2/2022,이천(203),X,18.3,19.6,12.9,6.5,59.5,X, ,X,매우높음
5/2/2022,인제(211),X,16.8,17.4,9.8,5,67.3,X, ,X,매우높음
5/2/2022,홍천(212),X,17,18.8,11.1,4,57.3,X, ,X,매우높음
5/2/2022,태백(216),X,12.8,12.9,5.2,1.2,74.6,X, ,X,높음
5/2/2022,정선군(217),X,15.1,16.1,9,2.8,63.3,X, ,X,매우높음
5/2/2022,제천(221),X,16.4,17.6,8.9,3.1,72.6,X, ,X,매우높음
5/2/2022,보은(226),X,16.8,17.8,11,5.3,62.6,X, ,X,매우높음
5/2/2022,천안(232),X,17.5,19.1,11.8,4.6,59.6,X, ,X,매우높음
5/2/2022,보령(235),X,18.6,18.5,12,6.9,69,X, ,X,매우높음
5/2/2022,부여(236),X,19.1,20.1,12.5,6,63.3,X, ,X,매우높음
5/2/2022,금산(238),X,17.7,18.9,12.4,5.9,54.6,X, ,X,매우높음
5/2/2022,세종(239),X,19.4,19.9,13,6.8,54.8,X, ,X,매우높음
5/2/2022,부안(243),X,19.4,18.8,13.2,8.7,64.6,X, ,X,매우높음
5/2/2022,임실(244),X,18.1,19.4,10.4,2.5,59.3,X, ,X,매우높음
5/2/2022,정읍(245),X,19.2,19.6,12.8,6.8,57.9,X, ,X,매우높음
5/2/2022,남원(247),X,19.1,20.5,11.2,2.9,55.5,X, ,X,매우높음
5/2/2022,장수(248),X,16.8,18,10.7,3.7,53.1,X, ,X,매우높음
5/2/2022,영광군(252),X,19.9,20.5,12.8,7.5,59.8,X, ,X,매우높음
5/2/2022,김해시(253),X,19.1,20.5,13.1,7.8,54.5,X, ,X,매우높음
5/2/2022,순창군(254),X,18.9,20.2,11.7,4.1,58.8,X, ,X,매우높음
5/2/2022,양산시(257),X,20.2,21.9,13.6,7.8,56.6,X, ,X,매우높음
5/2/2022,강진군(259),X,21.7,22.5,13.4,4.9,58.6,X, ,X,매우높음
5/2/2022,장흥(260),X,20.6,21.6,12.6,3.2,57.9,X, ,X,매우높음
5/2/2022,해남(261),X,20.4,20.5,11.7,4,65,X, ,X,매우높음
5/2/2022,고흥(262),X,20.4,21.3,13.6,5.9,51.5,X, ,X,매우높음
5/2/2022,의령군(263),X,20.3,22.4,13.7,5.1,53.5,X, ,X,매우높음
5/2/2022,함양군(264),X,19.4,21,13.4,6,45.6,X, ,X,매우높음
5/2/2022,진도군ASOS(268),X,20.3,20,12.8,6.1,65.3,X, ,X,매우높음
5/2/2022,봉화(271),X,15.6,16.1,8.2,1.3,71.5,X, ,X,매우높음
5/2/2022,영주(272),X,17,17.9,11,5.1,63,X, ,X,매우높음
5/2/2022,문경(273),X,17.4,18.8,12.4,6.8,58.4,X, ,X,매우높음
5/2/2022,청송군(276),X,16.9,18.7,9.7,2.5,59.9,X, ,X,높음
5/2/2022,영덕(277),X,18.2,17.6,11,5.5,63.9,X, ,X,매우높음
5/2/2022,의성(278),X,18.5,20.4,10.8,2.4,65.5,X, ,X,높음
5/2/2022,구미(279),X,19.1,20.9,13.1,7.2,51.9,X, ,X,매우높음
5/2/2022,영천(281),X,18.5,20.4,11.4,3.3,63.8,X, ,X,매우높음
5/2/2022,경주시(283),X,18.6,20.3,11.6,3.5,64.9,X, ,X,매우높음
5/2/2022,거창(284),X,18.5,20.3,12.8,5.7,48.4,X, ,X,매우높음
5/2/2022,합천(285),X,19.5,22.7,13.9,5,49.1,X, ,X,매우높음
5/2/2022,밀양(288),X,19.2,21.4,12.9,5.6,57,X, ,X,매우높음
5/2/2022,산청(289),X,19.8,21.1,13.2,5.2,47.8,X, ,X,매우높음
5/2/2022,거제(294),X,19.4,19.8,15,9.7,49.5,X, ,X,매우높음
5/2/2022,남해(295),X,21,21.5,15,7.9,48.8,X, ,X,매우높음
5/2/2022,부천(433),X,17.4,18.8,13.4,8.6,54,X, ,X,매우높음
5/2/2022,안양(434),X,14,17.9,13.7,9.7,,X, ,X,매우높음
5/2/2022,광명(437),X,17.4,19.1,14,9.2,52,X, ,X,매우높음
5/2/2022,군포(438),X,17.7,18.3,13.2,8.3,56,X, ,X,매우높음
5/2/2022,김포(441),X,,19,12.9,7.3,,X, ,X,매우높음
5/2/2022,하남(444),X,18,19.9,12.4,5.9,55,X, ,X,매우높음
5/2/2022,의왕(445),X,16.5,16.8,10.7,5.8,64,X, ,X,매우높음
5/2/2022,포천(504),X,18.3,19.8,11.5,4,58,X, ,X,매우높음
5/2/2022,가평조종(505),X,16.9,18,10.5,2.8,62,X, ,X,매우높음
5/2/2022,안성(516),X,17.8,19,12.8,7.7,61,X, ,X,매우높음
5/2/2022,간성(517),X,15.6,14.3,9.3,4.3,79,X, ,X,매우높음
5/2/2022,평창(526),X,16.6,17.8,9.1,2.6,59,X, ,X,매우높음
5/2/2022,의정부(532),X,18,18.7,11.9,5.1,64,X, ,X,매우높음
5/2/2022,횡성(536),X,17.1,18,11.2,4.2,63,X, ,X,매우높음
5/2/2022,고양(540),X,19.2,21,12.6,5.4,59,X, ,X,매우높음
5/2/2022,남양주(541),X,19.2,20.8,12.5,5.2,57,X, ,X,매우높음
5/2/2022,안산(545),X,18.6,18.6,11.5,5.4,73,X, ,X,매우높음
5/2/2022,경기광주(546),X,17.3,19,11.9,5.5,58,X, ,X,매우높음
5/2/2022,여주(548),X,18.4,19.4,11.7,5.7,61,X, ,X,매우높음
5/2/2022,용인(549),X,17.2,18.8,12,7.2,60,X, ,X,매우높음
5/2/2022,오산(550),X,17.6,19.4,13,8,56,X, ,X,매우높음
5/2/2022,평택(551),X,18.2,19.4,13.1,8.7,63,X, ,X,매우높음
5/2/2022,화천(555),X,17.8,19.9,10.3,3.7,69,X, ,X,매우높음
5/2/2022,양구(556),X,17.2,18.7,10,4.3,65,X, ,X,매우높음
5/2/2022,시흥(565),X,18.1,18.2,12,5.2,68,X, ,X,매우높음
5/2/2022,구리(569),X,18.5,20.1,13.1,6.5,51,X, ,X,매우높음
5/2/2022,화성(571),X,18.2,18.6,12.7,8.1,62,X, ,X,매우높음
5/2/2022,성남(572),X,17.6,19.3,13,6.5,54,X, ,X,매우높음
5/2/2022,과천(590),X,18.1,19.4,12.6,5.6,62,X, ,X,매우높음
5/2/2022,양주(598),X,17.2,18.5,11.4,3.9,61,X, ,X,매우높음
5/2/2022,단양(601),X,17,18,11.4,6.9,61,X, ,X,매우높음
5/2/2022,진천(602),X,18.2,20.1,13.1,6.1,56,X, ,X,매우높음
5/2/2022,괴산(603),X,17.5,19,11.3,4.2,60,X, ,X,매우높음
5/2/2022,옥천(604),X,19.4,20.3,12.5,6.4,58,X, ,X,매우높음
5/2/2022,홍북(608),X,20.8,22,12.3,5.2,63,X, ,X,매우높음
5/2/2022,공주(612),X,18.8,20.6,12.4,5.7,56,X, ,X,매우높음
5/2/2022,서천(614),X,18.4,17.8,12.1,5.6,67,X, ,X,매우높음
5/2/2022,논산(615),X,18.9,20.3,12.6,5.9,59,X, ,X,매우높음
5/2/2022,당진(616),X,17.5,18.2,12.3,6.5,62,X, ,X,매우높음
5/2/2022,청양(618),X,18.3,19.1,11.3,4.3,63,X, ,X,매우높음
5/2/2022,음성(619),X,17.5,18.9,10.8,3.4,60,X, ,X,매우높음
5/2/2022,증평(623),X,17.6,19,12,5.6,58,X, ,X,매우높음
5/2/2022,태안(627),X,19.1,18.9,12,6.4,69,X, ,X,매우높음
5/2/2022,예산(628),X,18.2,19.1,13,7.8,59,X, ,X,매우높음
5/2/2022,아산(634),X,18.3,19,12.4,6.8,62,X, ,X,매우높음
5/2/2022,계룡(636),X,17.4,19.7,10.9,2.7,54,X, ,X,매우높음
5/2/2022,연천청산(652),X,,,,,,X, ,X,매우높음
5/2/2022,양양(670),X,15.6,13.7,10.6,6.1,78,X, ,X,매우높음
5/2/2022,무안(699),X,19.7,19.7,11.5,4.6,62,X, ,X,매우높음
5/2/2022,무주(701),X,17.7,19.1,11.1,4.6,54,X, ,X,매우높음
5/2/2022,익산(702),X,19.8,19.2,12.4,6.7,65,X, ,X,매우높음
5/2/2022,진안(703),X,17.4,18.2,10.6,3.4,54,X, ,X,매우높음
5/2/2022,담양(706),X,21.8,22.8,12,2.9,64,X, ,X,매우높음
5/2/2022,구례(709),X,21.1,21.5,11.9,2.9,62,X, ,X,매우높음
5/2/2022,나주(710),X,21,21.4,12.3,4.6,66,X, ,X,매우높음
5/2/2022,순천시(712),X,21.3,22.7,14.8,6.8,43,X, ,X,매우높음
5/2/2022,광양읍(713),X,21.7,23.1,13.8,4.3,49,X, ,X,매우높음
5/2/2022,장성(730),X,19.7,21.2,11.5,4.1,65,X, ,X,매우높음
5/2/2022,영암(731),X,20.7,20.9,12.8,5.3,65,X, ,X,매우높음
5/2/2022,보성(732),X,21,21.9,12.6,3.1,57,X, ,X,매우높음
5/2/2022,완주(734),X,19.6,20.3,12.5,5,63,X, ,X,매우높음
5/2/2022,김제(737),X,19.1,19,12.9,8.7,57,X, ,X,매우높음
5/2/2022,화순(741),X,20.1,21.2,11.9,3.4,55,X, ,X,매우높음
5/2/2022,함평(754),X,19.9,20.4,11.8,5.2,67,X, ,X,매우높음
5/2/2022,곡성(768),X,20.4,21.4,11.4,3,57,X, ,X,매우높음
5/2/2022,압해도(789),X,20.4,18.7,13.8,8.6,69,X, ,X,매우높음
5/2/2022,영양(801),X,16.7,17.9,9,2,71,X, ,X,높음
5/2/2022,성주(810),X,19.2,21.4,12.2,3.6,57,X, ,X,매우높음
5/2/2022,고령(812),X,19,20.8,11.9,2.6,59,X, ,X,매우높음
5/2/2022,청도(813),X,19.1,20.7,11.7,2.7,60,X, ,X,매우높음
5/2/2022,예천(815),X,17.7,19.3,11,4.1,61,X, ,X,매우높음
5/2/2022,김천(822),X,18.8,19.8,10.8,1.9,61,X, ,X,매우높음
5/2/2022,군위(823),X,18.6,19.5,11.4,3.9,65,X, ,X,높음
5/2/2022,칠곡(825),X,19.5,21.4,12.7,4.6,60,X, ,X,매우높음
5/2/2022,경산(827),X,19.6,21.6,13.1,6.7,51,X, ,X,매우높음
5/2/2022,삼척(876),X,16.6,15.5,10.3,7.2,73,X, ,X,매우높음
5/2/2022,속초(90),X,15.7,15.4,10.5,5.8,61.6,X, ,X,매우높음
5/2/2022,삼천포(907),X,19.6,19.3,14.9,10.1,47,X, ,X,매우높음
5/2/2022,고성(918),X,19,19,13.8,6.9,57,X, ,X,매우높음
5/2/2022,창녕(919),X,20,21.4,12.9,5.2,62,X, ,X,매우높음
5/2/2022,함안(920),X,20.1,21,12.7,3.5,63,X, ,X,매우높음
5/2/2022,북춘천(93),X,17.3,19.2,11.3,3.4,60.6,X, ,X,매우높음
5/2/2022,하동(932),X,21.1,22.4,13.5,4.7,55,X, ,X,매우높음
5/2/2022,철원(95),X,16.7,17.6,10.8,3.7,65.9,X, ,X,매우높음
5/2/2022,동두천(98),X,18.9,20.6,12.3,5.1,57,X, ,X,매우높음
5/2/2022,파주(99),X,18.2,19.4,11.3,3.6,66.3,X, ,X,매우높음
5/3/2022,북강릉(104),X,22.2,24.5,17.6,7.8,35.5,X, ,X,매우높음
5/3/2022,동해(106),X,22.6,24.5,17,6.7,42.1,X, ,X,매우높음
5/3/2022,서울(108),X,19.2,20.8,14.8,9.1,45.9,X, ,X,매우높음
5/3/2022,인천(112),X,16.4,17.3,13.1,9,48.1,X, ,X,매우높음
5/3/2022,원주(114),X,18.5,20.4,13.8,5.5,48.4,X, ,X,매우높음
5/3/2022,울릉도(115),X,19.4,17.9,14.1,6.9,57.6,X, ,X,매우높음
5/3/2022,수원(119),X,19.4,20.9,14,7.6,52.9,X, ,X,매우높음
5/3/2022,영월(121),X,18.8,20.7,12.1,3.6,58.1,X, ,X,매우높음
5/3/2022,충주(127),X,20.1,21.7,12.7,3.5,56.6,X, ,X,매우높음
5/3/2022,서산(129),X,18,18.3,11.6,3.5,61.3,X, ,X,매우높음
5/3/2022,울진(130),X,22.1,24.1,16.8,5.7,42.9,X, ,X,매우높음
5/3/2022,청주(131),X,20.3,22,15.2,7.5,39.9,X, ,X,매우높음
5/3/2022,대전(133),X,20.1,21.4,14.1,5.5,45.3,X, ,X,매우높음
5/3/2022,추풍령(135),X,19.1,21.1,12.2,1.5,50,X, ,X,매우높음
5/3/2022,안동(136),X,20.2,22,13.3,5,58.6,X, ,X,매우높음
5/3/2022,상주(137),X,20.9,22.8,14.1,4,51.6,X, ,X,매우높음
5/3/2022,포항(138),X,21.2,23.1,16.1,7.5,53.1,X, ,X,매우높음
5/3/2022,군산(140),X,18.6,19.4,12.4,5.7,64.4,X, ,X,매우높음
5/3/2022,대구(143),X,21.9,23.5,15.2,6.5,59.6,X, ,X,매우높음
5/3/2022,전주(146),X,20.2,21.1,13.6,6,52,X, ,X,매우높음
5/3/2022,울산(152),X,20.2,21.8,13.9,4.9,67,X, ,X,매우높음
5/3/2022,창원(155),X,19.4,20.1,13.4,6.8,58.5,X, ,X,매우높음
5/3/2022,광주(156),X,20.8,22.5,14.4,6.9,50.4,X, ,X,매우높음
5/3/2022,부산(159),X,19,18.4,13.9,8.3,63.5,X, ,X,매우높음
5/3/2022,통영(162),X,19.2,19.3,13.9,8.1,63.1,X, ,X,매우높음
5/3/2022,목포(165),X,18.2,18.7,13.3,7.9,58.1,X, ,X,매우높음
5/3/2022,여수(168),X,18.1,18.4,14.2,10,55.6,X, ,X,매우높음
5/3/2022,흑산도(169),X,19.9,19,12.5,8.7,74.9,X, ,X,매우높음
5/3/2022,완도(170),X,20.4,21.2,13.8,7.1,49.8,X, ,X,매우높음
5/3/2022,고창(172),X,19,20.8,12.1,3.1,51.4,X, ,X,매우높음
5/3/2022,제주(184),X,19.6,18.8,14.8,9.5,56.9,X, ,X,매우높음
5/3/2022,진주(192),X,20,20.7,13.1,4.1,61.6,X, ,X,매우높음
5/3/2022,양평(202),X,19.7,21.5,13.2,5,58.5,X, ,X,매우높음
5/3/2022,이천(203),X,20.3,22.1,13.6,4.2,56.5,X, ,X,매우높음
5/3/2022,인제(211),X,19.2,20.7,11.9,1.9,56.1,X, ,X,매우높음
5/3/2022,홍천(212),X,20,21.6,12.6,3.3,54.5,X, ,X,매우높음
5/3/2022,태백(216),X,17.2,18.6,10.6,-0.5,51.1,X, ,X,매우높음
5/3/2022,정선군(217),X,18.8,21.5,12.3,4.9,50.3,X, ,X,매우높음
5/3/2022,제천(221),X,18.7,20.3,10.7,1.3,64.4,X, ,X,매우높음
5/3/2022,보은(226),X,19.5,21.1,11.8,2.5,61.5,X, ,X,매우높음
5/3/2022,천안(232),X,20.1,22,12.2,3.1,59.4,X, ,X,매우높음
5/3/2022,보령(235),X,17.6,17.7,11.8,4.6,59.3,X, ,X,매우높음
5/3/2022,부여(236),X,19,20.4,12,3.5,58.9,X, ,X,매우높음
5/3/2022,금산(238),X,19,20.9,11.8,2,55.4,X, ,X,매우높음
5/3/2022,세종(239),X,19.5,20.7,13.4,4.3,46.8,X, ,X,매우높음
5/3/2022,부안(243),X,19.2,20.3,13.2,5.8,63.8,X, ,X,매우높음
5/3/2022,임실(244),X,19.5,20.8,11.4,1.2,62.8,X, ,X,매우높음
5/3/2022,정읍(245),X,19.3,19.9,12.4,4.5,62.9,X, ,X,매우높음
5/3/2022,남원(247),X,19.7,21.5,12.1,2.2,55.1,X, ,X,매우높음
5/3/2022,장수(248),X,18,20,10.7,0.4,59.8,X, ,X,매우높음
5/3/2022,영광군(252),X,19.5,20.3,12.4,3.7,61.9,X, ,X,매우높음
5/3/2022,김해시(253),X,20.1,20.1,13.2,6.1,66.3,X, ,X,매우높음
5/3/2022,순창군(254),X,19.5,21.5,12.7,2.5,56.8,X, ,X,매우높음
5/3/2022,양산시(257),X,20,20.3,13.7,6.3,65.8,X, ,X,매우높음
5/3/2022,강진군(259),X,20.3,21.1,12.3,3.8,62.4,X, ,X,매우높음
5/3/2022,장흥(260),X,19.7,20.6,11.6,1.7,64.6,X, ,X,매우높음
5/3/2022,해남(261),X,18.4,19.6,10.7,2.1,66.9,X, ,X,매우높음
5/3/2022,고흥(262),X,18.9,19.9,11.8,3,60.3,X, ,X,매우높음
5/3/2022,의령군(263),X,20.3,21.8,13.4,3.7,57.6,X, ,X,매우높음
5/3/2022,함양군(264),X,21.3,22.6,12.3,0.8,62,X, ,X,매우높음
5/3/2022,진도군ASOS(268),X,19,19.4,11.7,3.7,63.5,X, ,X,매우높음
5/3/2022,봉화(271),X,19.2,20.5,10.9,2.2,67.5,X, ,X,매우높음
5/3/2022,영주(272),X,19.6,21.4,12.9,1.7,54.5,X, ,X,매우높음
5/3/2022,문경(273),X,20.1,21.9,13,3.4,59.5,X, ,X,매우높음
5/3/2022,청송군(276),X,19.5,22,11.6,4.1,58.1,X, ,X,매우높음
5/3/2022,영덕(277),X,20.9,22.8,15.2,4.1,48.4,X, ,X,매우높음
5/3/2022,의성(278),X,20.9,23.3,12,3.3,64.9,X, ,X,매우높음
5/3/2022,구미(279),X,21.3,23.9,14.3,5,52.4,X, ,X,매우높음
5/3/2022,영천(281),X,20.7,22.4,14,5.7,63.1,X, ,X,매우높음
5/3/2022,경주시(283),X,21.9,23.3,14.2,6,64.5,X, ,X,매우높음
5/3/2022,거창(284),X,20.4,22.7,12.6,1.7,55.4,X, ,X,매우높음
5/3/2022,합천(285),X,21,22.8,13.8,4.5,57.6,X, ,X,매우높음
5/3/2022,밀양(288),X,20.6,22.4,13.5,6.9,64.9,X, ,X,매우높음
5/3/2022,산청(289),X,20.5,21.5,12.3,2.1,60.8,X, ,X,매우높음
5/3/2022,거제(294),X,19.1,19,13.7,7,60.6,X, ,X,매우높음
5/3/2022,남해(295),X,19.3,19.9,13.9,8.3,59.3,X, ,X,매우높음
5/3/2022,부천(433),X,17.7,19.1,13.5,8,44,X, ,X,매우높음
5/3/2022,안양(434),X,13.9,19.9,14.6,9.6,,X, ,X,매우높음
5/3/2022,광명(437),X,18.2,20,14.4,9.1,45,X, ,X,매우높음
5/3/2022,군포(438),X,18.7,20.4,13.8,8,48,X, ,X,매우높음
5/3/2022,김포(441),X,,19.2,13.6,7.3,,X, ,X,매우높음
5/3/2022,하남(444),X,20,22,13.2,5.5,50,X, ,X,매우높음
5/3/2022,의왕(445),X,17.4,19.1,11.6,4.7,54,X, ,X,매우높음
5/3/2022,포천(504),X,18.7,20.6,12,3.2,54,X, ,X,매우높음
5/3/2022,가평조종(505),X,18.7,20.4,11,0.8,57,X, ,X,매우높음
5/3/2022,안성(516),X,19.8,21.1,12.9,4.4,55,X, ,X,매우높음
5/3/2022,간성(517),X,22.4,24.3,16.6,3.7,43,X, ,X,매우높음
5/3/2022,평창(526),X,18.8,21.5,11,1.7,56,X, ,X,매우높음
5/3/2022,의정부(532),X,19.3,20.5,12.7,4.8,58,X, ,X,매우높음
5/3/2022,횡성(536),X,19.8,21.2,12.1,2.5,61,X, ,X,매우높음
5/3/2022,고양(540),X,19.9,22.2,13,4.7,50,X, ,X,매우높음
5/3/2022,남양주(541),X,19.8,22,13.1,4,52,X, ,X,매우높음
5/3/2022,안산(545),X,19.7,20.5,11.6,3.5,64,X, ,X,매우높음
5/3/2022,경기광주(546),X,18.8,21,12.6,4.2,53,X, ,X,매우높음
5/3/2022,여주(548),X,20.1,21.7,13.5,4.5,54,X, ,X,매우높음
5/3/2022,용인(549),X,18.5,20.8,12.7,5,53,X, ,X,매우높음
5/3/2022,오산(550),X,19,20.9,13.4,5.6,51,X, ,X,매우높음
5/3/2022,평택(551),X,20.1,22,13.8,5.8,52,X, ,X,매우높음
5/3/2022,화천(555),X,20.7,22.9,11.7,2,63,X, ,X,매우높음
5/3/2022,양구(556),X,19.6,21.6,11.5,2.1,57,X, ,X,매우높음
5/3/2022,시흥(565),X,18.2,19.1,11.9,4.5,64,X, ,X,매우높음
5/3/2022,구리(569),X,19.5,21.6,14,6.4,47,X, ,X,매우높음
5/3/2022,화성(571),X,19,20.3,13.3,7,55,X, ,X,매우높음
5/3/2022,성남(572),X,18.6,20.8,13.6,6.2,49,X, ,X,매우높음
5/3/2022,과천(590),X,20,21.6,13,4.5,59,X, ,X,매우높음
5/3/2022,양주(598),X,17.8,19.5,11.5,2.8,55,X, ,X,매우높음
5/3/2022,단양(601),X,19.7,21.5,12.8,3.8,58,X, ,X,매우높음
5/3/2022,진천(602),X,20.9,23.3,13.7,4.6,55,X, ,X,매우높음
5/3/2022,괴산(603),X,19.9,21.5,11.7,1.3,61,X, ,X,매우높음
5/3/2022,옥천(604),X,20.4,22,12.3,2.7,59,X, ,X,매우높음
5/3/2022,홍북(608),X,19.4,21.1,12.4,3.8,57,X, ,X,매우높음
5/3/2022,공주(612),X,20.5,22,12.8,2.7,53,X, ,X,매우높음
5/3/2022,서천(614),X,17.1,18.2,10.9,3,67,X, ,X,매우높음
5/3/2022,논산(615),X,19.6,20.7,12.4,3,60,X, ,X,매우높음
5/3/2022,당진(616),X,18.8,20.1,13.2,6.2,51,X, ,X,매우높음
5/3/2022,청양(618),X,19,20.9,10.5,1,61,X, ,X,매우높음
5/3/2022,음성(619),X,19.5,21.8,11.6,0.7,56,X, ,X,매우높음
5/3/2022,증평(623),X,20.4,21.6,12.9,4,57,X, ,X,매우높음
5/3/2022,태안(627),X,17.9,17.8,12,5.4,64,X, ,X,매우높음
5/3/2022,예산(628),X,18.6,20.8,13.4,5.8,48,X, ,X,매우높음
5/3/2022,아산(634),X,21.2,23,13.7,5,53,X, ,X,매우높음
5/3/2022,계룡(636),X,18.4,20,10.1,0.6,54,X, ,X,매우높음
5/3/2022,연천청산(652),X,,,,,,X, ,X,매우높음
5/3/2022,양양(670),X,21.9,23.4,17.7,6.1,39,X, ,X,매우높음
5/3/2022,무안(699),X,20,20,11.7,3,47,X, ,X,매우높음
5/3/2022,무주(701),X,19.4,21.8,11.8,1.6,54,X, ,X,매우높음
5/3/2022,익산(702),X,19.6,20.1,12.1,4.3,71,X, ,X,매우높음
5/3/2022,진안(703),X,18.5,20,10.7,0.4,62,X, ,X,매우높음
5/3/2022,담양(706),X,21.1,22.9,12.3,1,63,X, ,X,매우높음
5/3/2022,구례(709),X,21.5,22.9,12.4,0.9,65,X, ,X,매우높음
5/3/2022,나주(710),X,20.9,21.7,12,2.4,65,X, ,X,매우높음
5/3/2022,순천시(712),X,19.9,21,14.1,6.2,49,X, ,X,매우높음
5/3/2022,광양읍(713),X,20.5,22.2,13.3,4.6,53,X, ,X,매우높음
5/3/2022,장성(730),X,20.2,22,12.1,2.4,61,X, ,X,매우높음
5/3/2022,영암(731),X,20.4,20.7,11.2,2.5,69,X, ,X,매우높음
5/3/2022,보성(732),X,18.7,19.7,11,1.7,67,X, ,X,매우높음
5/3/2022,완주(734),X,19.9,21.1,12.2,2.3,62,X, ,X,매우높음
5/3/2022,김제(737),X,19.3,19.9,13,5.7,58,X, ,X,매우높음
5/3/2022,화순(741),X,19.9,21.7,12.4,1.7,57,X, ,X,매우높음
5/3/2022,함평(754),X,19.9,20.7,11.5,2.4,67,X, ,X,매우높음
5/3/2022,곡성(768),X,20.3,22.2,12,1.4,60,X, ,X,매우높음
5/3/2022,압해도(789),X,19.4,19.7,13.3,6.8,61,X, ,X,매우높음
5/3/2022,영양(801),X,19.8,21.4,12,2.7,62,X, ,X,매우높음
5/3/2022,성주(810),X,22,24.5,13.7,3.8,61,X, ,X,매우높음
5/3/2022,고령(812),X,20.8,23.3,13.9,3.2,58,X, ,X,매우높음
5/3/2022,청도(813),X,21.1,22.9,12.8,6.2,69,X, ,X,매우높음
5/3/2022,예천(815),X,20.1,22.7,12.2,2.1,63,X, ,X,매우높음
5/3/2022,김천(822),X,21.7,23.9,11.7,0.6,60,X, ,X,매우높음
5/3/2022,군위(823),X,21.3,23.2,12.7,4.2,68,X, ,X,매우높음
5/3/2022,칠곡(825),X,22,23.7,14,5.1,64,X, ,X,매우높음
5/3/2022,경산(827),X,21.4,23.3,14.5,5.4,59,X, ,X,매우높음
5/3/2022,삼척(876),X,22.4,24.7,17.5,6.8,37,X, ,X,매우높음
5/3/2022,속초(90),X,22,24.2,17.6,5.9,33.1,X, ,X,매우높음
5/3/2022,삼천포(907),X,19.2,18.7,13.7,6.7,59,X, ,X,매우높음
5/3/2022,고성(918),X,18.7,18.3,12.4,5.7,70,X, ,X,매우높음
5/3/2022,창녕(919),X,21.4,22.9,13.7,4.5,66,X, ,X,매우높음
5/3/2022,함안(920),X,20.8,21.9,12.4,4.2,72,X, ,X,매우높음
5/3/2022,북춘천(93),X,19.7,21.8,12.2,2.7,58,X, ,X,매우높음
5/3/2022,하동(932),X,20.6,21.5,13.8,4.6,56,X, ,X,매우높음
5/3/2022,철원(95),X,18.2,19.5,12,2.8,56.5,X, ,X,매우높음
5/3/2022,동두천(98),X,19.8,21.3,12.7,4.5,49.1,X, ,X,매우높음
5/3/2022,파주(99),X,19.2,20.3,11.6,2.4,59,X, ,X,매우높음
5/4/2022,북강릉(104),X,26.2,29.3,23,16.5,27.4,X, ,X,높음
5/4/2022,동해(106),X,25.4,27.8,23,18.9,27.5,X, ,X,높음
5/4/2022,서울(108),X,24,25.2,17.8,10,43.3,X, ,X,높음
5/4/2022,인천(112),X,20.5,21.5,16.3,11.3,42.1,X, ,X,높음
5/4/2022,원주(114),X,23.1,24.9,16.5,7.4,48,X, ,X,높음
5/4/2022,울릉도(115),X,23.1,23.4,19.6,16.4,41.5,X, ,X,높음
5/4/2022,수원(119),X,23.5,25.3,16.5,7.7,45.8,X, ,X,높음
5/4/2022,영월(121),X,23.3,25.8,16.4,4.9,52.1,X, ,X,높음
5/4/2022,충주(127),X,24.3,26,15.6,4.8,55.6,X, ,X,높음
5/4/2022,서산(129),X,19.7,20.6,14.7,7.8,49,X, ,X,높음
5/4/2022,울진(130),X,27.2,30.2,23.3,17,27.3,X, ,X,높음
5/4/2022,청주(131),X,23.9,26.4,18.1,9.1,36.9,X, ,X,높음
5/4/2022,대전(133),X,23,25,16.7,7.4,44.9,X, ,X,높음
5/4/2022,추풍령(135),X,22.9,25.1,16,4.5,46.6,X, ,X,높음
5/4/2022,안동(136),X,24.4,26.9,17.4,5.5,47.3,X, ,X,높음
5/4/2022,상주(137),X,25,27.2,18.4,6.9,43,X, ,X,높음
5/4/2022,포항(138),X,25.9,28.7,21.6,15,35.4,X, ,X,매우높음
5/4/2022,군산(140),X,20.6,22.3,15.3,7,52,X, ,X,높음
5/4/2022,대구(143),X,25.9,28.3,19,9.8,49,X, ,X,매우높음
5/4/2022,전주(146),X,23.7,25,17,9.1,45.8,X, ,X,높음
5/4/2022,울산(152),X,23.3,24.3,17.8,12.3,50.9,X, ,X,매우높음
5/4/2022,창원(155),X,20.4,22.3,15.2,8.5,57.6,X, ,X,매우높음
5/4/2022,광주(156),X,24.8,26.1,17,8.6,55.4,X, ,X,매우높음
5/4/2022,부산(159),X,20.7,20.1,16,12.2,60.8,X, ,X,매우높음
5/4/2022,통영(162),X,20.6,20.7,15.6,10,69.1,X, ,X,매우높음
5/4/2022,목포(165),X,20.8,20.6,15.3,9.4,64,X, ,X,매우높음
5/4/2022,여수(168),X,19.9,19.1,15.1,10.2,61.9,X, ,X,매우높음
5/4/2022,흑산도(169),X,21,19.2,13.6,10.2,88.1,X, ,X,매우높음
5/4/2022,완도(170),X,22.4,22.6,14.8,7.3,65.9,X, ,X,매우높음
5/4/2022,고창(172),X,22.7,23.8,15.3,5.6,47.9,X, ,X,높음
5/4/2022,제주(184),X,22.2,20.7,16.6,11.3,62.1,X, ,X,매우높음
5/4/2022,진주(192),X,22.2,23.3,14.7,4.8,67.8,X, ,X,매우높음
5/4/2022,양평(202),X,24,25.6,16.1,6.3,55.4,X, ,X,높음
5/4/2022,이천(203),X,24.9,26.6,16.2,5.8,54.6,X, ,X,높음
5/4/2022,인제(211),X,23.3,24.8,16,4.2,50.4,X, ,X,높음
5/4/2022,홍천(212),X,23.8,25.4,15.7,4.5,53.1,X, ,X,높음
5/4/2022,태백(216),X,21.4,23.7,17.1,9.9,33.8,X, ,X,높음
5/4/2022,정선군(217),X,23.7,26.6,15.9,4.4,44.9,X, ,X,높음
5/4/2022,제천(221),X,23,24.7,14.5,3.1,57.6,X, ,X,높음
5/4/2022,보은(226),X,22.9,24.8,14.9,4.3,58.8,X, ,X,높음
5/4/2022,천안(232),X,24,25.8,15.4,4.7,58.1,X, ,X,높음
5/4/2022,보령(235),X,19.4,21.9,15.8,7.9,40,X, ,X,높음
5/4/2022,부여(236),X,22.4,24.3,14.3,4.8,56,X, ,X,높음
5/4/2022,금산(238),X,23.2,25.1,14.8,4.1,57.9,X, ,X,높음
5/4/2022,세종(239),X,23.4,25.4,16.5,7,42.3,X, ,X,높음
5/4/2022,부안(243),X,23.1,25.2,16.6,9.2,52.9,X, ,X,높음
5/4/2022,임실(244),X,22.7,24.6,14.3,3.6,62,X, ,X,매우높음
5/4/2022,정읍(245),X,22.4,23.7,15.7,7.4,53.1,X, ,X,높음
5/4/2022,남원(247),X,23.9,25.8,15.6,5.2,59.3,X, ,X,매우높음
5/4/2022,장수(248),X,22.7,24.7,14,3.5,62.3,X, ,X,매우높음
5/4/2022,영광군(252),X,22.1,23.2,15.9,7.4,49.4,X, ,X,매우높음
5/4/2022,김해시(253),X,22.4,23.2,15.9,9.1,56.6,X, ,X,매우높음
5/4/2022,순창군(254),X,23.4,25.1,15.5,5,61.1,X, ,X,매우높음
5/4/2022,양산시(257),X,22.2,23.3,16.1,9.4,60.1,X, ,X,매우높음
5/4/2022,강진군(259),X,23.4,23.3,14.3,4.4,70.4,X, ,X,매우높음
5/4/2022,장흥(260),X,23.1,23.5,13.6,1.8,70,X, ,X,매우높음
5/4/2022,해남(261),X,21.4,21.3,12.7,3,75.9,X, ,X,매우높음
5/4/2022,고흥(262),X,20.8,21.3,13.1,2.9,62.6,X, ,X,매우높음
5/4/2022,의령군(263),X,23.9,26.4,15.7,5,57.4,X, ,X,매우높음
5/4/2022,함양군(264),X,25.9,27.4,15.8,3.9,65.1,X, ,X,매우높음
5/4/2022,진도군ASOS(268),X,20.7,21.2,13.5,5.8,71.3,X, ,X,매우높음
5/4/2022,봉화(271),X,23,25.4,15.1,4,57,X, ,X,높음
5/4/2022,영주(272),X,23.4,25.5,17.4,6,48.6,X, ,X,높음
5/4/2022,문경(273),X,24.2,26.3,17.1,5.7,48.4,X, ,X,높음
5/4/2022,청송군(276),X,24,27.2,15.6,2.7,49.4,X, ,X,높음
5/4/2022,영덕(277),X,25.2,27.9,21.1,14.8,30.5,X, ,X,높음
5/4/2022,의성(278),X,24.7,27.6,15.8,3.6,56,X, ,X,높음
5/4/2022,구미(279),X,25.3,28.2,17.7,7.4,47.8,X, ,X,높음
5/4/2022,영천(281),X,25,27.7,17.7,6.4,50.8,X, ,X,매우높음
5/4/2022,경주시(283),X,26.3,29,17.9,7.1,53.6,X, ,X,매우높음
5/4/2022,거창(284),X,25,27.5,15.7,4.4,58.6,X, ,X,매우높음
5/4/2022,합천(285),X,24.5,26.8,16.3,6.2,58.5,X, ,X,매우높음
5/4/2022,밀양(288),X,24.1,26.6,16.2,7,53.5,X, ,X,매우높음
5/4/2022,산청(289),X,23.7,24.8,15.2,4.8,63.9,X, ,X,매우높음
5/4/2022,거제(294),X,19.6,19.6,15.4,8.7,62.9,X, ,X,매우높음
5/4/2022,남해(295),X,21.5,22.7,15.4,8.2,51,X, ,X,매우높음
5/4/2022,부천(433),X,22,23.5,16.5,9,38,X, ,X,높음
5/4/2022,안양(434),X,16.5,24.7,17.6,10.5,,X, ,X,높음
5/4/2022,광명(437),X,22.7,24.3,18.2,12.2,35,X, ,X,높음
5/4/2022,군포(438),X,22.7,24.6,16.9,9.5,40,X, ,X,높음
5/4/2022,김포(441),X,,24.1,16.9,9.1,,X, ,X,높음
5/4/2022,하남(444),X,24.8,26.6,16.6,6.7,44,X, ,X,높음
5/4/2022,의왕(445),X,21.7,23.1,14.4,5.7,46,X, ,X,높음
5/4/2022,포천(504),X,23.5,25.2,15.3,4.7,53,X, ,X,높음
5/4/2022,가평조종(505),X,23.9,25.2,14.4,2.7,58,X, ,X,높음
5/4/2022,안성(516),X,23.9,25.5,15.6,5.9,53,X, ,X,높음
5/4/2022,간성(517),X,26,28.5,23,17.8,28,X, ,X,높음
5/4/2022,평창(526),X,23.5,26.8,14.8,3.5,51,X, ,X,높음
5/4/2022,의정부(532),X,25.1,25.7,15.9,5.8,56,X, ,X,높음
5/4/2022,횡성(536),X,24,25.3,14.8,4,61,X, ,X,높음
5/4/2022,고양(540),X,24.9,26.8,16.9,6.1,42,X, ,X,높음
5/4/2022,남양주(541),X,24.9,26.5,16.2,5.6,50,X, ,X,높음
5/4/2022,안산(545),X,22.9,24,14.3,4.3,60,X, ,X,높음
5/4/2022,경기광주(546),X,23.9,25.8,15.6,5.5,51,X, ,X,높음
5/4/2022,여주(548),X,24.3,26,15.9,5.9,53,X, ,X,높음
5/4/2022,용인(549),X,22.6,24.8,15.2,5.5,47,X, ,X,높음
5/4/2022,오산(550),X,23.4,25.4,16.3,7.1,36,X, ,X,높음
5/4/2022,평택(551),X,24,25.7,16.8,7,48,X, ,X,높음
5/4/2022,화천(555),X,25.6,28,14.8,2.6,64,X, ,X,높음
5/4/2022,양구(556),X,23.7,25.7,15.2,3.2,52,X, ,X,높음
5/4/2022,시흥(565),X,23.1,24.5,15.5,5.5,54,X, ,X,높음
5/4/2022,구리(569),X,24.5,26.4,17.1,7.2,45,X, ,X,높음
5/4/2022,화성(571),X,22.5,23.7,16.6,10.1,42,X, ,X,높음
5/4/2022,성남(572),X,23.7,25.6,16.8,7.2,44,X, ,X,높음
5/4/2022,과천(590),X,24.6,25.9,16.1,5,53,X, ,X,높음
5/4/2022,양주(598),X,23.1,24.7,14.3,3.7,58,X, ,X,높음
5/4/2022,단양(601),X,24.1,26.6,16.3,6,56,X, ,X,높음
5/4/2022,진천(602),X,25.2,27.6,16.5,6.3,55,X, ,X,높음
5/4/2022,괴산(603),X,23.8,25.9,14.8,3,58,X, ,X,높음
5/4/2022,옥천(604),X,23.6,25.4,15.3,4.7,58,X, ,X,높음
5/4/2022,홍북(608),X,22.3,24.4,16.1,8.1,40,X, ,X,높음
5/4/2022,공주(612),X,23.1,25.4,14.9,4.2,52,X, ,X,높음
5/4/2022,서천(614),X,19.8,21.8,13.5,4.9,61,X, ,X,높음
5/4/2022,논산(615),X,22.4,24.4,15,4.9,57,X, ,X,높음
5/4/2022,당진(616),X,21.2,22.7,15.6,6.9,41,X, ,X,높음
5/4/2022,청양(618),X,23,24.8,13.6,3.3,56,X, ,X,높음
5/4/2022,음성(619),X,23.7,25.9,14.4,2.5,58,X, ,X,높음
5/4/2022,증평(623),X,24,25.9,16.1,5.8,51,X, ,X,높음
5/4/2022,태안(627),X,19.6,20.4,15.5,10.6,52,X, ,X,높음
5/4/2022,예산(628),X,22.1,24.4,16.7,7.4,38,X, ,X,높음
5/4/2022,아산(634),X,24.4,26.3,16.6,7.5,46,X, ,X,높음
5/4/2022,계룡(636),X,21.3,23.8,13.1,2.6,49,X, ,X,높음
5/4/2022,연천청산(652),X,,,,,,X, ,X,높음
5/4/2022,양양(670),X,26.8,28.5,22.7,17.4,32,X, ,X,높음
5/4/2022,무안(699),X,22.3,22.4,14,5.6,47,X, ,X,매우높음
5/4/2022,무주(701),X,23.1,25.5,15,4,57,X, ,X,높음
5/4/2022,익산(702),X,23.2,24.2,15.2,6,63,X, ,X,높음
5/4/2022,진안(703),X,22.7,24.2,14.1,3.5,60,X, ,X,높음
5/4/2022,담양(706),X,25,26.4,15,4,65,X, ,X,매우높음
5/4/2022,구례(709),X,25.7,26.9,15,3.6,72,X, ,X,매우높음
5/4/2022,나주(710),X,24.4,24.2,14,4.4,71,X, ,X,매우높음
5/4/2022,순천시(712),X,22.6,22.8,15.6,6.6,60,X, ,X,매우높음
5/4/2022,광양읍(713),X,23.3,23.9,15.1,5.2,62,X, ,X,매우높음
5/4/2022,장성(730),X,23.3,25,14.4,4.4,61,X, ,X,매우높음
5/4/2022,영암(731),X,22.5,22.5,13.3,3,70,X, ,X,매우높음
5/4/2022,보성(732),X,21.5,22.2,12.8,1.7,73,X, ,X,매우높음
5/4/2022,완주(734),X,23.6,25,15.1,4.2,59,X, ,X,높음
5/4/2022,김제(737),X,22.9,24.6,16.9,8.6,46,X, ,X,높음
5/4/2022,화순(741),X,23.9,24.8,14.9,3.5,63,X, ,X,매우높음
5/4/2022,함평(754),X,22.1,22.9,13.9,4.7,66,X, ,X,매우높음
5/4/2022,곡성(768),X,24.5,26.3,15.2,4,61,X, ,X,매우높음
5/4/2022,압해도(789),X,21.9,21.2,15,9.3,67,X, ,X,매우높음
5/4/2022,영양(801),X,24.3,26.5,15.8,4.3,55,X, ,X,높음
5/4/2022,성주(810),X,25.8,28.5,17.2,5.7,53,X, ,X,높음
5/4/2022,고령(812),X,24.7,26.9,15.9,4.8,60,X, ,X,매우높음
5/4/2022,청도(813),X,25,26.6,15.5,5.1,61,X, ,X,매우높음
5/4/2022,예천(815),X,24.6,27.5,16.5,5.3,54,X, ,X,높음
5/4/2022,김천(822),X,25.6,27.5,15.2,2.6,60,X, ,X,높음
5/4/2022,군위(823),X,25.9,27.8,16.4,4.7,60,X, ,X,높음
5/4/2022,칠곡(825),X,25.5,27.5,17.8,7,55,X, ,X,높음
5/4/2022,경산(827),X,25.4,28.2,18.5,8.8,45,X, ,X,매우높음
5/4/2022,삼척(876),X,26.5,30,23.9,18.7,25,X, ,X,높음
5/4/2022,속초(90),X,26.3,29.1,23.9,19.4,25.4,X, ,X,높음
5/4/2022,삼천포(907),X,20.3,19.8,15.1,8.8,66,X, ,X,매우높음
5/4/2022,고성(918),X,19.6,19.3,13.7,6.2,72,X, ,X,매우높음
5/4/2022,창녕(919),X,24.6,26.8,16.3,6.5,60,X, ,X,매우높음
5/4/2022,함안(920),X,24.2,25.6,14.9,4.9,63,X, ,X,매우높음
5/4/2022,북춘천(93),X,24.2,26,15.5,4.1,54.6,X, ,X,높음
5/4/2022,하동(932),X,22.7,23.3,15.1,5.4,66,X, ,X,매우높음
5/4/2022,철원(95),X,23.5,24.8,14.8,3.6,62.5,X, ,X,높음
5/4/2022,동두천(98),X,24.9,26.5,15.9,5.5,51.1,X, ,X,높음
5/4/2022,파주(99),X,23.6,24,14.2,3,63.8,X, ,X,높음
5/5/2022,북강릉(104),X,23.3,24.6,21,15.4,36.9,X, ,X,높음
5/5/2022,동해(106),X,22.7,23.5,19.5,16.4,49.4,X, ,X,높음
5/5/2022,서울(108),X,24.6,25.8,18.9,12.5,48.1,X, ,X,높음
5/5/2022,인천(112),X,21.7,21.8,17.2,13.3,51.9,X, ,X,높음
5/5/2022,원주(114),X,22.5,25,17.8,10,48.6,X, ,X,높음
5/5/2022,울릉도(115),X,22.9,21.9,18.2,15.1,59.1,X, ,X,높음
5/5/2022,수원(119),X,23.6,24.8,17.3,8.9,56.3,X, ,X,높음
5/5/2022,영월(121),X,24,26.5,17.4,7.8,52,X, ,X,높음
5/5/2022,충주(127),X,23.9,26.4,16.7,7.1,56,X, ,X,높음
5/5/2022,서산(129),X,22.7,22.8,15.7,6.9,64.4,X, ,X,높음
5/5/2022,울진(130),X,24.1,25.9,18.8,15,51.6,X, ,X,높음
5/5/2022,청주(131),X,23.9,26.9,19.5,11.1,42.3,X, ,X,높음
5/5/2022,대전(133),X,24.4,26.7,18.5,8.9,49.8,X, ,X,높음
5/5/2022,추풍령(135),X,24,25.8,16.5,6.1,55.6,X, ,X,높음
5/5/2022,안동(136),X,24.7,27.2,18.9,9.3,46.9,X, ,X,높음
5/5/2022,상주(137),X,25.7,28,19.2,9.1,46.6,X, ,X,높음
5/5/2022,포항(138),X,26.6,28.2,21.4,15.4,46.1,X, ,X,매우높음
5/5/2022,군산(140),X,23.4,23.3,16.7,8.7,66,X, ,X,높음
5/5/2022,대구(143),X,25.9,29.1,20,11.9,51.5,X, ,X,매우높음
5/5/2022,전주(146),X,25.2,26.4,18.2,10.7,56.3,X, ,X,매우높음
5/5/2022,울산(152),X,24.4,24.8,18,11,59.8,X, ,X,매우높음
5/5/2022,창원(155),X,23.1,24.2,17.3,10.5,62,X, ,X,매우높음
5/5/2022,광주(156),X,25.6,26.6,19,10.9,62.6,X, ,X,매우높음
5/5/2022,부산(159),X,22.1,21.2,17.7,13.7,69,X, ,X,매우높음
5/5/2022,통영(162),X,22.3,22.7,17,12.6,71.5,X, ,X,매우높음
5/5/2022,목포(165),X,23.8,24.2,18.3,11.4,65,X, ,X,매우높음
5/5/2022,여수(168),X,22.2,22.2,17.3,12.7,64.9,X, ,X,매우높음
5/5/2022,흑산도(169),X,23.1,22,15.9,10.3,82.9,X, ,X,매우높음
5/5/2022,완도(170),X,24.1,23.3,16.6,9.7,75.6,X, ,X,높음
5/5/2022,고창(172),X,25.3,26.3,17.5,7.4,62.5,X, ,X,매우높음
5/5/2022,제주(184),X,27.4,27.5,20.7,13.2,60.3,X, ,X,높음
5/5/2022,진주(192),X,24,24.9,16.8,8.1,68.4,X, ,X,매우높음
5/5/2022,양평(202),X,23.9,26.1,17.6,9,59.1,X, ,X,높음
5/5/2022,이천(203),X,24,26.2,17.8,8.3,57.3,X, ,X,높음
5/5/2022,인제(211),X,23,25.9,16.6,7.5,53.9,X, ,X,높음
5/5/2022,홍천(212),X,23.8,26.2,17,8,54,X, ,X,높음
5/5/2022,태백(216),X,21.6,24.6,17.2,10,39.4,X, ,X,높음
5/5/2022,정선군(217),X,23.8,26.8,16.7,7.5,47.6,X, ,X,높음
5/5/2022,제천(221),X,23.1,25.2,15.8,5.9,59.6,X, ,X,높음
5/5/2022,보은(226),X,23.1,25.7,16.3,6.3,60.1,X, ,X,높음
5/5/2022,천안(232),X,24.1,25.9,16.7,6.2,63.8,X, ,X,높음
5/5/2022,보령(235),X,22.7,22.9,16.9,9.2,56.3,X, ,X,높음
5/5/2022,부여(236),X,24.3,25.1,15.9,5.6,65.1,X, ,X,높음
5/5/2022,금산(238),X,24.2,25.8,16.4,5.9,63.1,X, ,X,높음
5/5/2022,세종(239),X,24.2,25.9,18,8.4,49.1,X, ,X,높음
5/5/2022,부안(243),X,23.8,24.2,17.6,9.7,62,X, ,X,매우높음
5/5/2022,임실(244),X,23.5,25.6,15.9,5.6,63.6,X, ,X,매우높음
5/5/2022,정읍(245),X,24.6,24.9,17.1,8.9,59.4,X, ,X,매우높음
5/5/2022,남원(247),X,24.5,26.4,17.5,7.9,60.1,X, ,X,매우높음
5/5/2022,장수(248),X,22.7,25.1,15.4,5.4,63.5,X, ,X,매우높음
5/5/2022,영광군(252),X,24.8,25.5,17.3,7.6,61.5,X, ,X,매우높음
5/5/2022,김해시(253),X,23.3,23.4,17.5,10.3,62.9,X, ,X,매우높음
5/5/2022,순창군(254),X,24.7,26.3,17.3,7.3,64.6,X, ,X,매우높음
5/5/2022,양산시(257),X,24.2,24.8,17.2,9.7,66.8,X, ,X,매우높음
5/5/2022,강진군(259),X,24.4,24.2,16.4,7.4,74.6,X, ,X,매우높음
5/5/2022,장흥(260),X,23.3,23.1,15.7,5.3,74.3,X, ,X,매우높음
5/5/2022,해남(261),X,24.1,24.3,16.1,5.2,73.1,X, ,X,매우높음
5/5/2022,고흥(262),X,22.6,22.7,15.3,5.6,72.4,X, ,X,매우높음
5/5/2022,의령군(263),X,24.1,27,16.9,6.9,60.6,X, ,X,매우높음
5/5/2022,함양군(264),X,26.3,28.1,16.4,6,66.5,X, ,X,매우높음
5/5/2022,진도군ASOS(268),X,23.6,23.5,17.1,7.7,72.4,X, ,X,매우높음
5/5/2022,봉화(271),X,23.7,25.6,15.9,6.1,61.6,X, ,X,높음
5/5/2022,영주(272),X,24.4,26.7,17.4,7.5,54.1,X, ,X,높음
5/5/2022,문경(273),X,25.1,27,18.3,9.1,51.3,X, ,X,높음
5/5/2022,청송군(276),X,24.9,27.8,16.6,5.5,52.4,X, ,X,매우높음
5/5/2022,영덕(277),X,25.1,27.1,20.1,13.7,45.1,X, ,X,높음
5/5/2022,의성(278),X,25.2,27.8,17.3,6.1,60.9,X, ,X,높음
5/5/2022,구미(279),X,26.2,28,19,9.4,51.4,X, ,X,매우높음
5/5/2022,영천(281),X,25.3,27.8,18.3,8,53.4,X, ,X,매우높음
5/5/2022,경주시(283),X,26.9,29.2,18.8,8.1,55.4,X, ,X,매우높음
5/5/2022,거창(284),X,25.3,26.7,16.6,6.3,63.9,X, ,X,매우높음
5/5/2022,합천(285),X,24.7,27,17.6,8.4,59.4,X, ,X,매우높음
5/5/2022,밀양(288),X,25.1,27.5,17.7,8.6,56.6,X, ,X,매우높음
5/5/2022,산청(289),X,24.6,25.4,16.6,7.4,68.9,X, ,X,매우높음
5/5/2022,거제(294),X,22.4,22.8,16.9,11.2,67.5,X, ,X,매우높음
5/5/2022,남해(295),X,23,23.7,16.7,9.5,65.8,X, ,X,매우높음
5/5/2022,부천(433),X,22.4,23.5,17.1,10.9,48,X, ,X,높음
5/5/2022,안양(434),X,18.4,24.4,18.4,12.4,,X, ,X,높음
5/5/2022,광명(437),X,22.9,24.2,18.7,13.7,45,X, ,X,높음
5/5/2022,군포(438),X,23.1,24.9,17.6,11.1,46,X, ,X,높음
5/5/2022,김포(441),X,,22.9,17.1,10.9,,X, ,X,높음
5/5/2022,하남(444),X,23.9,25.9,17.3,8.4,50,X, ,X,높음
5/5/2022,의왕(445),X,21.8,23.2,15.5,7.5,52,X, ,X,높음
5/5/2022,포천(504),X,23.1,25.4,16.8,7.1,56,X, ,X,높음
5/5/2022,가평조종(505),X,22.9,25.4,16.4,5.8,59,X, ,X,높음
5/5/2022,안성(516),X,24.1,25.4,16.8,7.6,59,X, ,X,높음
5/5/2022,간성(517),X,26,28.6,21.9,14.1,40,X, ,X,높음
5/5/2022,평창(526),X,23.9,27.2,16.3,6.8,51,X, ,X,높음
5/5/2022,의정부(532),X,24.2,25,17,8.2,62,X, ,X,높음
5/5/2022,횡성(536),X,23.7,25.8,16.3,7.1,60,X, ,X,높음
5/5/2022,고양(540),X,24.6,26,17.1,8.7,51,X, ,X,높음
5/5/2022,남양주(541),X,24.2,26.3,17.5,8,55,X, ,X,높음
5/5/2022,안산(545),X,23.5,23.7,15.2,5.5,70,X, ,X,높음
5/5/2022,경기광주(546),X,23.3,25.6,16.7,7.3,54,X, ,X,높음
5/5/2022,여주(548),X,23.7,25.7,17.7,8.8,54,X, ,X,높음
5/5/2022,용인(549),X,22.8,24.9,16.6,7.2,52,X, ,X,높음
5/5/2022,오산(550),X,23.1,24.9,17.3,8.6,45,X, ,X,높음
5/5/2022,평택(551),X,24.5,26.2,17.7,8.8,57,X, ,X,높음
5/5/2022,화천(555),X,25.3,28.6,16.4,6.3,62,X, ,X,높음
5/5/2022,양구(556),X,23.2,26.4,16.5,6.6,52,X, ,X,높음
5/5/2022,시흥(565),X,22.9,23.3,15.7,6.9,66,X, ,X,높음
5/5/2022,구리(569),X,24.1,25.9,18.2,9.4,49,X, ,X,높음
5/5/2022,화성(571),X,23.3,24.4,17.4,11.1,53,X, ,X,높음
5/5/2022,성남(572),X,23.2,25.6,17.6,9,49,X, ,X,높음
5/5/2022,과천(590),X,24.4,26.2,16.5,6.7,61,X, ,X,높음
5/5/2022,양주(598),X,22.4,24,16.1,6.2,59,X, ,X,높음
5/5/2022,단양(601),X,24.5,27.4,17.7,8.8,55,X, ,X,높음
5/5/2022,진천(602),X,25.7,28,18,8.6,58,X, ,X,높음
5/5/2022,괴산(603),X,23.3,26.1,16.1,5,57,X, ,X,높음
5/5/2022,옥천(604),X,24.5,26.2,17,6.3,62,X, ,X,높음
5/5/2022,홍북(608),X,24.8,25.4,17,8.7,57,X, ,X,높음
5/5/2022,공주(612),X,24,26.9,16.5,5.2,57,X, ,X,높음
5/5/2022,서천(614),X,22.7,22.7,15,5.3,69,X, ,X,높음
5/5/2022,논산(615),X,24.4,25.5,16.7,6.2,63,X, ,X,높음
5/5/2022,당진(616),X,23.5,24.8,17.1,8.6,55,X, ,X,높음
5/5/2022,청양(618),X,24.1,24.7,14.7,3.7,69,X, ,X,높음
5/5/2022,음성(619),X,23.6,26.1,15.9,4.8,59,X, ,X,높음
5/5/2022,증평(623),X,23.4,26,17.4,7.6,54,X, ,X,높음
5/5/2022,태안(627),X,23.1,22.8,17.2,11.9,66,X, ,X,높음
5/5/2022,예산(628),X,23.9,24.6,17.1,8.6,58,X, ,X,높음
5/5/2022,아산(634),X,25.5,26.8,16.9,8.3,59,X, ,X,높음
5/5/2022,계룡(636),X,22.5,25.2,14.6,3.3,49,X, ,X,높음
5/5/2022,연천청산(652),X,,,,,,X, ,X,높음
5/5/2022,양양(670),X,25.5,28.2,22,15.2,42,X, ,X,높음
5/5/2022,무안(699),X,24.6,24.8,17.2,7.3,46,X, ,X,매우높음
5/5/2022,무주(701),X,24.5,26.8,16.5,5.9,60,X, ,X,매우높음
5/5/2022,익산(702),X,25,25.2,16.9,7.6,68,X, ,X,높음
5/5/2022,진안(703),X,22.6,24.9,15.4,4.9,64,X, ,X,매우높음
5/5/2022,담양(706),X,26,27.4,17.6,6.4,67,X, ,X,매우높음
5/5/2022,구례(709),X,25.8,27.3,16.5,6.6,73,X, ,X,매우높음
5/5/2022,나주(710),X,25.9,26.2,16.8,6.1,72,X, ,X,매우높음
5/5/2022,순천시(712),X,23.9,24.6,17.7,9.9,64,X, ,X,매우높음
5/5/2022,광양읍(713),X,24.1,25.4,17.3,8.7,64,X, ,X,매우높음
5/5/2022,장성(730),X,24.6,26.4,16.7,6.3,65,X, ,X,매우높음
5/5/2022,영암(731),X,25.7,25.6,16.9,5.3,72,X, ,X,매우높음
5/5/2022,보성(732),X,23.1,22.9,14.8,6.7,80,X, ,X,매우높음
5/5/2022,완주(734),X,24.8,26,16.4,5.5,67,X, ,X,매우높음
5/5/2022,김제(737),X,23.9,24.4,18.2,10.5,52,X, ,X,매우높음
5/5/2022,화순(741),X,25.3,26.7,17.2,7.4,65,X, ,X,매우높음
5/5/2022,함평(754),X,25.1,25.6,16.7,6.3,71,X, ,X,매우높음
5/5/2022,곡성(768),X,25.3,27.2,17,7.6,65,X, ,X,매우높음
5/5/2022,압해도(789),X,23.9,23.9,17.8,10.4,68,X, ,X,매우높음
5/5/2022,영양(801),X,24,27.2,16.6,6.3,59,X, ,X,높음
5/5/2022,성주(810),X,25.7,28.3,18.5,8.1,55,X, ,X,매우높음
5/5/2022,고령(812),X,25.2,27.8,17.5,6.9,60,X, ,X,매우높음
5/5/2022,청도(813),X,25.2,27,16.7,6.5,61,X, ,X,매우높음
5/5/2022,예천(815),X,24.9,27.6,17.6,7.5,56,X, ,X,높음
5/5/2022,김천(822),X,26.6,27.9,16.7,4.9,63,X, ,X,높음
5/5/2022,군위(823),X,26.2,27.6,17.9,7.4,62,X, ,X,높음
5/5/2022,칠곡(825),X,26.3,27.9,19.3,9.5,57,X, ,X,매우높음
5/5/2022,경산(827),X,25.8,28.5,19.6,10.8,48,X, ,X,매우높음
5/5/2022,삼척(876),X,24.7,26.2,21.2,15.5,43,X, ,X,높음
5/5/2022,속초(90),X,23.5,24.9,20.5,15.4,41,X, ,X,높음
5/5/2022,삼천포(907),X,22.2,21.8,16.3,10.7,70,X, ,X,매우높음
5/5/2022,고성(918),X,22.1,21.6,15.6,8.4,75,X, ,X,매우높음
5/5/2022,창녕(919),X,25.7,27.5,18,8.1,61,X, ,X,매우높음
5/5/2022,함안(920),X,25.5,26.4,16.4,6.3,68,X, ,X,매우높음
5/5/2022,북춘천(93),X,23.3,26.3,16.8,7.4,56.6,X, ,X,높음
5/5/2022,하동(932),X,24.2,25.4,16.7,8.1,70,X, ,X,매우높음
5/5/2022,철원(95),X,22.9,24.7,16.3,7.2,66.1,X, ,X,높음
5/5/2022,동두천(98),X,23.9,25.9,17,8.3,56.5,X, ,X,높음
5/5/2022,파주(99),X,23.6,23.8,15.2,6.1,70,X, ,X,높음
5/6/2022,북강릉(104),X,23,23.5,19.9,14.2,51.1,X, ,X,높음
5/6/2022,동해(106),X,22.9,23.4,18.9,14.4,56.8,X, ,X,높음
5/6/2022,서울(108),X,25.3,25.6,19.6,13.7,67.1,X, ,X,높음
5/6/2022,인천(112),X,24,23.2,18.3,14.5,71.5,X, ,X,높음
5/6/2022,원주(114),X,23.8,24.8,18.6,10.8,54.9,X, ,X,높음
5/6/2022,울릉도(115),X,24.1,22.9,19.1,15.5,66.8,X, ,X,높음
5/6/2022,수원(119),X,24.7,24.9,18.4,11.4,71.5,X, ,X,높음
5/6/2022,영월(121),X,25.3,26.4,17.7,7.6,59.5,X, ,X,높음
5/6/2022,충주(127),X,25.1,25.7,17.9,9,64.1,X, ,X,높음
5/6/2022,서산(129),X,24.9,24.9,18.1,10.5,74,X, ,X,보통
5/6/2022,울진(130),X,23.1,23.9,18.2,15.5,62.1,X, ,X,높음
5/6/2022,청주(131),X,25.3,26.3,20.1,13.6,58.1,X, ,X,높음
5/6/2022,대전(133),X,27,28.3,19.6,11.9,64.3,X, ,X,매우높음
5/6/2022,추풍령(135),X,25,25.7,18.4,8.6,59.5,X, ,X,매우높음
5/6/2022,안동(136),X,26.2,27.2,19.1,9.8,57.5,X, ,X,높음
5/6/2022,상주(137),X,26.7,27.7,20,10.8,57.1,X, ,X,높음
5/6/2022,포항(138),X,27.3,28.1,21.9,15.7,53.6,X, ,X,높음
5/6/2022,군산(140),X,24.7,25.1,18.7,12.1,71.8,X, ,X,높음
5/6/2022,대구(143),X,27.4,28.7,21.2,12.2,58.3,X, ,X,매우높음
5/6/2022,전주(146),X,25.6,26.4,20.2,13.5,60.3,X, ,X,높음
5/6/2022,울산(152),X,25.2,24.6,18.8,12.5,71.9,X, ,X,높음
5/6/2022,창원(155),X,25.4,25.7,19.1,12.7,64.3,X, ,X,매우높음
5/6/2022,광주(156),X,26.7,27.6,20.7,14.3,64.6,X, ,X,높음
5/6/2022,부산(159),X,24.8,23.1,19.4,14.8,66,X, ,X,높음
5/6/2022,통영(162),X,24.7,24.1,18.2,12.9,75.5,X, ,X,높음
5/6/2022,목포(165),X,25.2,25.4,19.7,14.6,70,X, ,X,매우높음
5/6/2022,여수(168),X,24.4,23.9,19.1,14.6,68.6,X, ,X,높음
5/6/2022,흑산도(169),X,24.9,23.6,17.8,13.8,78.4,X, ,X,매우높음
5/6/2022,완도(170),X,25.9,25.4,18.8,13.2,75.4,X, ,X,높음
5/6/2022,고창(172),X,25.5,26.3,18.9,11.3,66.8,X, ,X,높음
5/6/2022,제주(184),X,25.9,24.6,20.5,16.5,74.8,X, ,X,높음
5/6/2022,진주(192),X,26.9,27,18.3,9.1,72.1,X, ,X,매우높음
5/6/2022,양평(202),X,25,25.7,18.6,10.8,66.6,X, ,X,높음
5/6/2022,이천(203),X,25.6,26.4,18.7,10.4,67.1,X, ,X,높음
5/6/2022,인제(211),X,24.3,25.4,18.1,8.7,58.5,X, ,X,높음
5/6/2022,홍천(212),X,25,25.9,17.9,8.4,59.1,X, ,X,높음
5/6/2022,태백(216),X,23.9,26.1,18.3,10.5,47.9,X, ,X,높음
5/6/2022,정선군(217),X,25.4,27.1,17.4,7,54,X, ,X,높음
5/6/2022,제천(221),X,24.1,24.7,16.7,6.8,66,X, ,X,높음
5/6/2022,보은(226),X,24.4,25,17.7,8.8,68.3,X, ,X,높음
5/6/2022,천안(232),X,25.5,25.9,18.2,9.5,72.1,X, ,X,높음
5/6/2022,보령(235),X,25.2,25.7,18.9,13.4,67.3,X, ,X,높음
5/6/2022,부여(236),X,26,27,18.8,9.9,69.3,X, ,X,높음
5/6/2022,금산(238),X,25.3,25.9,17.5,8.7,66.4,X, ,X,매우높음
5/6/2022,세종(239),X,25.7,26.7,19,11.3,62.9,X, ,X,높음
5/6/2022,부안(243),X,25.8,26.3,18.9,11.9,70.8,X, ,X,매우높음
5/6/2022,임실(244),X,24.9,25.6,17.2,8.3,67.8,X, ,X,높음
5/6/2022,정읍(245),X,25.3,26.2,18.9,11.9,65.6,X, ,X,높음
5/6/2022,남원(247),X,25.7,26.9,18.8,10.4,63.5,X, ,X,높음
5/6/2022,장수(248),X,24.6,25.4,16.4,7.3,69.9,X, ,X,높음
5/6/2022,영광군(252),X,25.6,26.8,18.8,12.3,66.8,X, ,X,매우높음
5/6/2022,김해시(253),X,25.9,25.9,19.1,13.2,67.9,X, ,X,높음
5/6/2022,순창군(254),X,25.7,26.8,18.7,10.4,67,X, ,X,높음
5/6/2022,양산시(257),X,26.3,26.8,19.2,11.1,67.4,X, ,X,높음
5/6/2022,강진군(259),X,26.7,25.9,18.6,11,77.8,X, ,X,높음
5/6/2022,장흥(260),X,26,25.4,17.2,8.7,77.8,X, ,X,높음
5/6/2022,해남(261),X,26,25.5,18.2,11.5,77.4,X, ,X,매우높음
5/6/2022,고흥(262),X,25.3,25,17.5,10.3,76.4,X, ,X,높음
5/6/2022,의령군(263),X,27.2,28.2,18.8,8.4,65.6,X, ,X,매우높음
5/6/2022,함양군(264),X,26.4,28,18.1,7.7,65.3,X, ,X,높음
5/6/2022,진도군ASOS(268),X,25.7,25.1,18.8,13,77.1,X, ,X,매우높음
5/6/2022,봉화(271),X,24.5,25.4,16.8,6.3,64.9,X, ,X,높음
5/6/2022,영주(272),X,25.2,25.9,18.3,7.7,60.3,X, ,X,높음
5/6/2022,문경(273),X,25.6,26.3,19,9.9,61.1,X, ,X,높음
5/6/2022,청송군(276),X,25.4,27.6,17,5,57.1,X, ,X,매우높음
5/6/2022,영덕(277),X,25.1,26.6,19.2,11.7,58.1,X, ,X,높음
5/6/2022,의성(278),X,26.6,28.1,18.2,7.1,65,X, ,X,매우높음
5/6/2022,구미(279),X,26.8,28.3,20.7,11.2,55.5,X, ,X,매우높음
5/6/2022,영천(281),X,25.9,28.1,19,8.4,60.6,X, ,X,매우높음
5/6/2022,경주시(283),X,28,28.6,19.2,9.2,63.5,X, ,X,높음
5/6/2022,거창(284),X,26.7,27.8,18.3,7.6,65.8,X, ,X,매우높음
5/6/2022,합천(285),X,26.6,27.8,19.3,9.3,62.5,X, ,X,매우높음
5/6/2022,밀양(288),X,26.6,28.5,19.7,10.1,59.9,X, ,X,매우높음
5/6/2022,산청(289),X,27.2,27.3,18.3,8.7,71.3,X, ,X,높음
5/6/2022,거제(294),X,25.5,25.5,19,12,66.6,X, ,X,높음
5/6/2022,남해(295),X,25.6,25.6,18.5,12.4,71.8,X, ,X,높음
5/6/2022,부천(433),X,24,24.2,18.3,13,66,X, ,X,높음
5/6/2022,안양(434),X,20.5,24.2,19.1,14.3,,X, ,X,높음
5/6/2022,광명(437),X,24.1,25.4,19.7,15.5,63,X, ,X,높음
5/6/2022,군포(438),X,24.3,25,18.8,13,64,X, ,X,높음
5/6/2022,김포(441),X,,24.6,18.1,11.7,,X, ,X,높음
5/6/2022,하남(444),X,25.1,26,18.5,10.5,63,X, ,X,높음
5/6/2022,의왕(445),X,22.9,23.5,17.1,10.3,68,X, ,X,높음
5/6/2022,포천(504),X,24.5,25,17.7,9,68,X, ,X,높음
5/6/2022,가평조종(505),X,24.3,24.8,17.1,7.8,69,X, ,X,높음
5/6/2022,안성(516),X,24.9,25.7,18.6,10.6,70,X, ,X,높음
5/6/2022,간성(517),X,25.1,26,18.4,12.9,69,X, ,X,높음
5/6/2022,평창(526),X,24.9,27.1,16.7,6.7,58,X, ,X,높음
5/6/2022,의정부(532),X,25,25,18.1,10,77,X, ,X,높음
5/6/2022,횡성(536),X,25.1,25.7,17.4,8,68,X, ,X,높음
5/6/2022,고양(540),X,26.2,27.1,18.7,10.8,66,X, ,X,높음
5/6/2022,남양주(541),X,25.8,26.6,18.3,10,66,X, ,X,높음
5/6/2022,안산(545),X,24.8,24.2,17,8.6,78,X, ,X,높음
5/6/2022,경기광주(546),X,24.3,25.3,17.7,9.9,65,X, ,X,높음
5/6/2022,여주(548),X,25.3,25.9,18.4,10.1,65,X, ,X,높음
5/6/2022,용인(549),X,24.1,25.1,17.8,9.9,64,X, ,X,높음
5/6/2022,오산(550),X,24.5,25.4,18.5,11.1,65,X, ,X,높음
5/6/2022,평택(551),X,26,26.5,19,11.6,71,X, ,X,높음
5/6/2022,화천(555),X,25.8,26.9,17.1,7.1,71,X, ,X,높음
5/6/2022,양구(556),X,24.5,25.6,17.3,6.7,59,X, ,X,높음
5/6/2022,시흥(565),X,24.9,24.5,18.1,9.5,75,X, ,X,높음
5/6/2022,구리(569),X,25.1,26.4,19,11.1,60,X, ,X,높음
5/6/2022,화성(571),X,24.8,25,18.4,12.3,70,X, ,X,높음
5/6/2022,성남(572),X,23.9,25.3,18.9,11,62,X, ,X,높음
5/6/2022,과천(590),X,25.1,26.2,18,9.6,70,X, ,X,높음
5/6/2022,양주(598),X,23.8,24.2,17.2,8.6,72,X, ,X,높음
5/6/2022,단양(601),X,25.1,,,,,X, ,X,높음
5/6/2022,진천(602),X,26.1,27,19.5,11.2,65,X, ,X,높음
5/6/2022,괴산(603),X,25.1,25.7,17.4,7.5,66,X, ,X,높음
5/6/2022,옥천(604),X,25.6,26.6,18.7,9.4,67,X, ,X,높음
5/6/2022,홍북(608),X,27.2,27.8,18.1,10.3,75,X, ,X,높음
5/6/2022,공주(612),X,25.7,26.8,18.4,9,66,X, ,X,높음
5/6/2022,서천(614),X,25.2,25.4,17.7,9.7,72,X, ,X,높음
5/6/2022,논산(615),X,26,26.8,18.5,9.9,67,X, ,X,높음
5/6/2022,당진(616),X,25.2,24.9,18,11.1,75,X, ,X,높음
5/6/2022,청양(618),X,26.4,27.1,17.2,7.5,73,X, ,X,높음
5/6/2022,음성(619),X,24.9,25.7,17.1,7.2,66,X, ,X,높음
5/6/2022,증평(623),X,25.3,25.8,18.9,10.1,66,X, ,X,높음
5/6/2022,태안(627),X,25.4,24.4,18.1,12.1,78,X, ,X,보통
5/6/2022,예산(628),X,25.4,25.9,18.1,10.9,77,X, ,X,높음
5/6/2022,아산(634),X,25.9,26.5,18,11.3,74,X, ,X,높음
5/6/2022,계룡(636),X,24.3,25.9,16.4,6.8,56,X, ,X,높음
5/6/2022,연천청산(652),X,,,,,,X, ,X,보통
5/6/2022,양양(670),X,26.2,27,20.8,14.5,63,X, ,X,높음
5/6/2022,무안(699),X,26.1,26.4,18.5,11.4,46,X, ,X,매우높음
5/6/2022,무주(701),X,25.4,26.4,17.5,8.9,66,X, ,X,매우높음
5/6/2022,익산(702),X,26.5,26.6,19.2,10.6,72,X, ,X,높음
5/6/2022,진안(703),X,24.1,24.4,16.3,7.4,70,X, ,X,높음
5/6/2022,담양(706),X,27.2,28.1,19.4,11.1,69,X, ,X,높음
5/6/2022,구례(709),X,27.3,28,18.4,7.8,74,X, ,X,높음
5/6/2022,나주(710),X,26.5,26.9,18.7,11.2,73,X, ,X,높음
5/6/2022,순천시(712),X,26.7,26.7,19.7,12.3,67,X, ,X,높음
5/6/2022,광양읍(713),X,26.8,27.1,19.2,11.2,69,X, ,X,높음
5/6/2022,장성(730),X,25.7,26.5,18.1,10.1,68,X, ,X,높음
5/6/2022,영암(731),X,26.6,27.3,19.1,9.8,73,X, ,X,높음
5/6/2022,보성(732),X,25.8,25.3,17.2,10.2,81,X, ,X,높음
5/6/2022,완주(734),X,26,26.7,18.6,11.7,68,X, ,X,높음
5/6/2022,김제(737),X,25.4,26.1,19.1,12.4,64,X, ,X,높음
5/6/2022,화순(741),X,26.9,27.8,19.5,11.5,66,X, ,X,높음
5/6/2022,함평(754),X,26.3,26.9,18.6,10.7,73,X, ,X,매우높음
5/6/2022,곡성(768),X,26.5,27.6,18.3,9.2,68,X, ,X,높음
5/6/2022,압해도(789),X,26.4,26.3,18.6,13,77,X, ,X,매우높음
5/6/2022,영양(801),X,25.3,26.9,17.1,6,66,X, ,X,높음
5/6/2022,성주(810),X,27.3,28.8,20,9.1,58,X, ,X,매우높음
5/6/2022,고령(812),X,27.1,28.9,19.7,8,61,X, ,X,매우높음
5/6/2022,청도(813),X,26.5,28.3,18.5,7.5,63,X, ,X,매우높음
5/6/2022,예천(815),X,26.3,27.7,18.4,8.4,62,X, ,X,높음
5/6/2022,김천(822),X,27,28,18.3,6.9,67,X, ,X,매우높음
5/6/2022,군위(823),X,27.2,28.1,18.9,8.6,67,X, ,X,매우높음
5/6/2022,칠곡(825),X,27.1,28.2,20.2,10.4,64,X, ,X,매우높음
5/6/2022,경산(827),X,26.8,28.8,20.9,11.3,53,X, ,X,매우높음
5/6/2022,삼척(876),X,24.8,25.9,21.7,14.9,45,X, ,X,높음
5/6/2022,속초(90),X,23.9,23.9,18.9,14.5,59.5,X, ,X,높음
5/6/2022,삼천포(907),X,24.1,23.8,17.8,12.1,71,X, ,X,매우높음
5/6/2022,고성(918),X,25.3,24.5,17.9,10.6,76,X, ,X,높음
5/6/2022,창녕(919),X,27.2,28.1,19.8,9.4,65,X, ,X,매우높음
5/6/2022,함안(920),X,27.2,27.6,18.3,8.3,71,X, ,X,매우높음
5/6/2022,북춘천(93),X,25,25.9,17.9,8.4,65.3,X, ,X,높음
5/6/2022,하동(932),X,26.3,26.2,18.5,10.2,73,X, ,X,매우높음
5/6/2022,철원(95),X,24.1,24.3,17.1,9,76.4,X, ,X,보통
5/6/2022,동두천(98),X,25.3,25.7,17.9,10,72.1,X, ,X,높음
5/6/2022,파주(99),X,25.2,25.2,17.3,8.5,78.5,X, ,X,높음
5/7/2022,북강릉(104),X,21.4,21.3,13.6,10,81.3,X, ,X,보통
5/7/2022,동해(106),X,21.8,22.2,14.6,10.7,80.9,X, ,X,보통
5/7/2022,서울(108),X,21.3,23.1,18.4,15.3,52.4,X, ,X,높음
5/7/2022,인천(112),X,19.7,22,16.6,13.3,54.3,X, ,X,높음
5/7/2022,원주(114),X,21.7,22.9,17.8,14.7,54.8,X, ,X,높음
5/7/2022,울릉도(115),X,22.8,22.1,15,10,68.4,X, ,X,보통
5/7/2022,수원(119),X,21.5,23,16.7,13.5,66.9,X, ,X,높음
5/7/2022,영월(121),X,22,22.2,15.8,10.9,60.6,X, ,X,높음
5/7/2022,충주(127),X,22.8,23.3,16.7,12.8,63.1,X, ,X,높음
5/7/2022,서산(129),X,20.4,20.7,15.5,10.8,65.4,X, ,X,높음
5/7/2022,울진(130),X,22.3,22.9,15.3,10.7,70.1,X, ,X,보통
5/7/2022,청주(131),X,22.8,23.5,18.2,15.3,55.6,X, ,X,높음
5/7/2022,대전(133),X,24,24.8,18.3,13,56.1,X, ,X,높음
5/7/2022,추풍령(135),X,22.3,22.6,17,11.6,61.4,X, ,X,높음
5/7/2022,안동(136),X,23.7,24.3,17.7,12,60.3,X, ,X,높음
5/7/2022,상주(137),X,24.4,24.7,18.6,14.1,61,X, ,X,높음
5/7/2022,포항(138),X,25.1,25.6,17.8,13.7,68.3,X, ,X,매우높음
5/7/2022,군산(140),X,21.5,20.4,16,10.5,70.4,X, ,X,높음
5/7/2022,대구(143),X,25.4,26,18.9,13.6,66.5,X, ,X,높음
5/7/2022,전주(146),X,23.1,22.8,17.5,12.7,65.9,X, ,X,보통
5/7/2022,울산(152),X,25.1,25.5,17.5,13.7,67.5,X, ,X,매우높음
5/7/2022,창원(155),X,26.2,27.5,20.1,14.7,59.9,X, ,X,매우높음
5/7/2022,광주(156),X,24.7,24.4,18.2,13.4,66.1,X, ,X,높음
5/7/2022,부산(159),X,26,25.7,19.4,14.9,64.9,X, ,X,매우높음
5/7/2022,통영(162),X,25.6,25.7,19,14.6,70,X, ,X,매우높음
5/7/2022,목포(165),X,22.6,20.7,16.5,12.6,72.8,X, ,X,높음
5/7/2022,여수(168),X,25.3,26.1,20.6,16,60.9,X, ,X,매우높음
5/7/2022,흑산도(169),X,21.3,18.8,14.7,10.8,81.3,X, ,X,높음
5/7/2022,완도(170),X,25.1,24.8,19,13.3,63.3,X, ,X,높음
5/7/2022,고창(172),X,22.7,21.2,15.1,8.8,73.4,X, ,X,보통
5/7/2022,제주(184),X,24.9,23.6,19.3,15.9,73.9,X, ,X,보통
5/7/2022,진주(192),X,26.5,27.3,19.8,11.8,67.6,X, ,X,매우높음
5/7/2022,양평(202),X,21.6,23.6,18.4,14.3,53.5,X, ,X,높음
5/7/2022,이천(203),X,22.8,24.3,18,12.5,60.3,X, ,X,높음
5/7/2022,인제(211),X,20.6,19.7,15.5,10.6,64,X, ,X,높음
5/7/2022,홍천(212),X,21.4,23.2,17.5,13.4,54.1,X, ,X,높음
5/7/2022,태백(216),X,17.1,16,10.3,4.3,77,X, ,X,보통
5/7/2022,정선군(217),X,21.6,22.3,14.2,8.5,62.9,X, ,X,보통
5/7/2022,제천(221),X,21.2,21.5,15.5,10.3,62.3,X, ,X,높음
5/7/2022,보은(226),X,22.1,22.2,16,11,65.9,X, ,X,높음
5/7/2022,천안(232),X,21.6,21.7,16.6,10.8,66.5,X, ,X,높음
5/7/2022,보령(235),X,22.1,21.7,15.4,9.6,71.3,X, ,X,높음
5/7/2022,부여(236),X,23,23.8,16.8,10.4,62.5,X, ,X,높음
5/7/2022,금산(238),X,22.8,23.1,15.9,9.6,65.9,X, ,X,보통
5/7/2022,세종(239),X,22.4,23.2,16.9,12.1,57.6,X, ,X,높음
5/7/2022,부안(243),X,21.6,19.7,15.7,10.7,75.4,X, ,X,높음
5/7/2022,임실(244),X,22.9,22.4,15.7,9.7,70.1,X, ,X,보통
5/7/2022,정읍(245),X,22.5,21.7,16.2,9.9,67.6,X, ,X,높음
5/7/2022,남원(247),X,24.3,24.3,17,11.1,67.4,X, ,X,높음
5/7/2022,장수(248),X,22.5,22.4,15,8.6,75.3,X, ,X,높음
5/7/2022,영광군(252),X,22.3,20.5,15.1,9.6,71.8,X, ,X,보통
5/7/2022,김해시(253),X,26.5,27.4,19.6,14.9,62.9,X, ,X,매우높음
5/7/2022,순창군(254),X,24.3,24.1,16.3,10.4,69.8,X, ,X,보통
5/7/2022,양산시(257),X,26.8,27.9,19.6,14.5,63.1,X, ,X,매우높음
5/7/2022,강진군(259),X,25.8,25.6,18.3,12.7,62,X, ,X,높음
5/7/2022,장흥(260),X,25.2,24.9,17.7,10.3,66.1,X, ,X,높음
5/7/2022,해남(261),X,24.2,23.2,16.3,10.9,71.4,X, ,X,높음
5/7/2022,고흥(262),X,24.8,25,18.5,11.7,68.3,X, ,X,높음
5/7/2022,의령군(263),X,26.7,27.6,20.6,12.4,60.4,X, ,X,매우높음
5/7/2022,함양군(264),X,25.2,25.8,18.4,10.2,61.9,X, ,X,매우높음
5/7/2022,진도군ASOS(268),X,23.7,22.1,16,12.7,76.8,X, ,X,높음
5/7/2022,봉화(271),X,22.1,22.4,14.8,9.4,66.9,X, ,X,높음
5/7/2022,영주(272),X,22.1,22.6,17.1,10.4,59.6,X, ,X,높음
5/7/2022,문경(273),X,22.8,22.9,17.7,12.8,62.4,X, ,X,높음
5/7/2022,청송군(276),X,23.1,23.6,14.5,7.4,70.1,X, ,X,보통
5/7/2022,영덕(277),X,23.9,23.8,15.1,10.1,75,X, ,X,높음
5/7/2022,의성(278),X,24.7,25.2,17.3,10.1,67.3,X, ,X,보통
5/7/2022,구미(279),X,24.4,25.3,19.4,14.2,56.8,X, ,X,보통
5/7/2022,영천(281),X,25.1,25.9,17.5,12.4,66.4,X, ,X,높음
5/7/2022,경주시(283),X,25.2,26,16.9,13.1,70.6,X, ,X,매우높음
5/7/2022,거창(284),X,24.6,24.9,17.6,9.7,65.5,X, ,X,높음
5/7/2022,합천(285),X,25.4,26.7,19.9,12.4,58.6,X, ,X,매우높음
5/7/2022,밀양(288),X,26,27.6,20,13.3,57.9,X, ,X,매우높음
5/7/2022,산청(289),X,25.5,26.2,19.2,11.5,63.4,X, ,X,매우높음
5/7/2022,거제(294),X,25.4,25.3,19.1,14.6,66.3,X, ,X,매우높음
5/7/2022,남해(295),X,25.5,26.3,20,14.2,65.5,X, ,X,매우높음
5/7/2022,부천(433),X,20.8,23.8,17.7,13.6,47,X, ,X,높음
5/7/2022,안양(434),X,16.5,22.7,17.8,13.9,,X, ,X,높음
5/7/2022,광명(437),X,20.3,23.3,18.4,14.7,48,X, ,X,높음
5/7/2022,군포(438),X,20.2,23,17.3,13.5,53,X, ,X,높음
5/7/2022,김포(441),X,,23,17.5,14,,X, ,X,높음
5/7/2022,하남(444),X,21.9,,17.8,,47,X, ,X,높음
5/7/2022,의왕(445),X,19.2,21.3,15.4,11.3,59,X, ,X,높음
5/7/2022,포천(504),X,21.3,23,17.5,12.6,52,X, ,X,높음
5/7/2022,가평조종(505),X,20.9,21.9,16.4,10.8,57,X, ,X,높음
5/7/2022,안성(516),X,21.7,21.8,16.5,12.2,67,X, ,X,높음
5/7/2022,간성(517),X,20.5,20.3,13.2,9.2,90,X, ,X,보통
5/7/2022,평창(526),X,21.7,23.3,14.3,8.9,66,X, ,X,높음
5/7/2022,의정부(532),X,21.4,23,17.7,13,57,X, ,X,높음
5/7/2022,횡성(536),X,22.6,24.2,16.6,11.9,62,X, ,X,높음
5/7/2022,고양(540),X,22.3,25.2,17.8,12.4,49,X, ,X,높음
5/7/2022,남양주(541),X,22,24.7,18.2,13.3,52,X, ,X,높음
5/7/2022,안산(545),X,21.7,22,15.6,10,73,X, ,X,높음
5/7/2022,경기광주(546),X,21.4,23.4,17.2,12.3,54,X, ,X,높음
5/7/2022,여주(548),X,22.5,23.3,17.6,12.6,58,X, ,X,높음
5/7/2022,용인(549),X,21.2,23.1,17.3,11.8,54,X, ,X,높음
5/7/2022,오산(550),X,21.2,22.8,16.6,12.6,63,X, ,X,높음
5/7/2022,평택(551),X,21.7,21.7,16.5,12.7,68,X, ,X,높음
5/7/2022,화천(555),X,22.4,23.9,17.3,10.8,62,X, ,X,높음
5/7/2022,양구(556),X,22.2,23.3,16.8,10.2,55,X, ,X,높음
5/7/2022,시흥(565),X,21.2,23.8,17,11.5,60,X, ,X,높음
5/7/2022,구리(569),X,21.7,24.3,18.9,14.7,45,X, ,X,높음
5/7/2022,화성(571),X,21.3,22.5,16.1,13.1,65,X, ,X,높음
5/7/2022,성남(572),X,21.2,23.9,18.3,14.5,48,X, ,X,높음
5/7/2022,과천(590),X,21.7,23.5,17.5,12,57,X, ,X,높음
5/7/2022,양주(598),X,20.5,22.7,17,11.8,52,X, ,X,높음
5/7/2022,단양(601),X,22.6,23.3,17.3,12.3,63,X, ,X,높음
5/7/2022,진천(602),X,22.8,23.2,17.8,12.3,62,X, ,X,높음
5/7/2022,괴산(603),X,22.1,22.9,15.9,9.8,65,X, ,X,높음
5/7/2022,옥천(604),X,23.5,23.9,17.1,10.6,65,X, ,X,높음
5/7/2022,홍북(608),X,22.7,24,16.1,8.9,63,X, ,X,높음
5/7/2022,공주(612),X,22.8,23.6,16.5,9.7,61,X, ,X,높음
5/7/2022,서천(614),X,22,20.7,15.5,7.9,68,X, ,X,높음
5/7/2022,논산(615),X,23.6,24.3,17,10.7,62,X, ,X,높음
5/7/2022,당진(616),X,20.6,20.9,15.4,11.2,67,X, ,X,높음
5/7/2022,청양(618),X,21.8,22.8,15.2,7.7,65,X, ,X,높음
5/7/2022,음성(619),X,21.6,22,15.6,9.3,66,X, ,X,높음
5/7/2022,증평(623),X,22.1,22.6,16.6,11.7,66,X, ,X,높음
5/7/2022,태안(627),X,21.1,21.4,15.2,11.5,70,X, ,X,높음
5/7/2022,예산(628),X,21.1,21.8,16.6,12.5,63,X, ,X,높음
5/7/2022,아산(634),X,21.1,22,16.4,12.1,63,X, ,X,높음
5/7/2022,계룡(636),X,22.1,22.9,15,6.8,58,X, ,X,높음
5/7/2022,연천청산(652),X,,,,,,X, ,X,높음
5/7/2022,양양(670),X,22.3,21.8,13.7,10.5,89,X, ,X,보통
5/7/2022,무안(699),X,21.8,21.9,15.2,8.2,47,X, ,X,높음
5/7/2022,무주(701),X,23.1,22.8,15.5,8.8,68,X, ,X,보통
5/7/2022,익산(702),X,23.5,23.1,16.5,9.9,74,X, ,X,높음
5/7/2022,진안(703),X,22.1,21.2,14.5,8.5,77,X, ,X,보통
5/7/2022,담양(706),X,26.2,26.1,18,10.6,66,X, ,X,보통
5/7/2022,구례(709),X,25.7,26.1,18.2,10.2,70,X, ,X,높음
5/7/2022,나주(710),X,24.7,24.1,16.4,9.9,73,X, ,X,높음
5/7/2022,순천시(712),X,25.8,27.2,20.4,14,57,X, ,X,매우높음
5/7/2022,광양읍(713),X,25.7,26.8,20.3,12.3,59,X, ,X,매우높음
5/7/2022,장성(730),X,24,23.5,16.1,8.9,69,X, ,X,높음
5/7/2022,영암(731),X,24.7,24.2,16,8.1,75,X, ,X,높음
5/7/2022,보성(732),X,25.2,25.4,17.4,10.6,68,X, ,X,높음
5/7/2022,완주(734),X,23.5,23.3,15.6,8.5,78,X, ,X,보통
5/7/2022,김제(737),X,21.3,20.2,16,10.7,69,X, ,X,높음
5/7/2022,화순(741),X,24.9,25,17,10,66,X, ,X,높음
5/7/2022,함평(754),X,24.1,22.4,16.1,9.5,70,X, ,X,높음
5/7/2022,곡성(768),X,24.9,25.3,16.9,10.3,67,X, ,X,높음
5/7/2022,압해도(789),X,23.9,22.5,16.8,11.5,73,X, ,X,높음
5/7/2022,영양(801),X,23.4,23.4,14.5,8.7,77,X, ,X,보통
5/7/2022,성주(810),X,25.3,26.2,18.8,12.2,61,X, ,X,보통
5/7/2022,고령(812),X,25.9,27.3,19.3,11.7,64,X, ,X,높음
5/7/2022,청도(813),X,25.5,26.5,18.4,11.5,65,X, ,X,매우높음
5/7/2022,예천(815),X,23.2,24.2,17.1,11.2,64,X, ,X,높음
5/7/2022,김천(822),X,25.5,25.3,17.5,9.8,67,X, ,X,보통
5/7/2022,군위(823),X,25.5,25.5,17.9,11.5,69,X, ,X,보통
5/7/2022,칠곡(825),X,25.5,26,19.5,13.8,63,X, ,X,보통
5/7/2022,경산(827),X,25.3,26.3,18.7,13.4,62,X, ,X,높음
5/7/2022,삼척(876),X,21.6,21.7,14.7,10.7,77,X, ,X,보통
5/7/2022,속초(90),X,20.9,20.9,13.5,9.5,81.4,X, ,X,보통
5/7/2022,삼천포(907),X,25.9,26.4,20.2,14.4,63,X, ,X,매우높음
5/7/2022,고성(918),X,25.6,25.1,19,12.6,71,X, ,X,매우높음
5/7/2022,창녕(919),X,26.1,26.9,19.8,13,66,X, ,X,매우높음
5/7/2022,함안(920),X,26.1,26.7,19.7,11.4,66,X, ,X,매우높음
5/7/2022,북춘천(93),X,22,23.1,18.2,13.9,53,X, ,X,높음
5/7/2022,하동(932),X,25.7,26.5,19.8,12.2,66,X, ,X,매우높음
5/7/2022,철원(95),X,20.4,21.1,17,13.3,60.9,X, ,X,높음
5/7/2022,동두천(98),X,21.4,23.5,17.7,13.5,53.8,X, ,X,높음
5/7/2022,파주(99),X,20.6,22.3,17,11.3,56.3,X, ,X,높음
5/8/2022,북강릉(104),X,17.6,16.1,12.4,7.9,74,X, ,X,보통
5/8/2022,동해(106),X,16.8,15.1,12.7,8.5,76,X, ,X,보통
5/8/2022,서울(108),X,17.6,18.2,15.3,11.7,51.8,X, ,X,보통
5/8/2022,인천(112),X,17.4,17.5,15.2,11.8,48.1,X, ,X,보통
5/8/2022,원주(114),X,16,16.7,14.1,10.2,47,X, ,X,보통
5/8/2022,울릉도(115),X,17.3,16.1,12.5,8.8,57.6,X, ,X,보통
5/8/2022,수원(119),X,17.8,18,15.2,11.3,52.8,X, ,X,보통
5/8/2022,영월(121),X,16.8,17.5,12.8,7.8,55.5,X, ,X,보통
5/8/2022,충주(127),X,18.1,18.9,14.7,10.1,52.4,X, ,X,보통
5/8/2022,서산(129),X,21.3,20.3,15.4,10.7,61.5,X, ,X,보통
5/8/2022,울진(130),X,16.7,15.3,12.5,7.5,73.6,X, ,X,보통
5/8/2022,청주(131),X,20.7,21.6,16.7,11.3,44.1,X, ,X,높음
5/8/2022,대전(133),X,22.6,23.7,17.1,11.5,49.8,X, ,X,보통
5/8/2022,추풍령(135),X,19.9,20.2,14.9,10.8,58.9,X, ,X,높음
5/8/2022,안동(136),X,19.4,20.4,14.9,10.1,56,X, ,X,높음
5/8/2022,상주(137),X,21.5,22,16.1,11.6,58.4,X, ,X,높음
5/8/2022,포항(138),X,18.4,17,15.1,13.2,66.3,X, ,X,높음
5/8/2022,군산(140),X,22,21.8,15.3,8.8,65.3,X, ,X,보통
5/8/2022,대구(143),X,21.5,22.1,16.4,12.8,59.9,X, ,X,높음
5/8/2022,전주(146),X,23.1,24.3,16.7,11.1,59.1,X, ,X,보통
5/8/2022,울산(152),X,18,17.6,14.5,12.3,62.3,X, ,X,높음
5/8/2022,창원(155),X,19.9,20.5,16.2,13.1,52.4,X, ,X,매우높음
5/8/2022,광주(156),X,22.9,23.7,17.4,12,56.8,X, ,X,보통
5/8/2022,부산(159),X,19.8,19.3,15.9,13.3,60.5,X, ,X,매우높음
5/8/2022,통영(162),X,20.5,21.3,16.7,13.6,56.1,X, ,X,보통
5/8/2022,목포(165),X,21.4,21.6,15.4,10.7,66,X, ,X,보통
5/8/2022,여수(168),X,20.1,19.8,16.8,14.8,57.6,X, ,X,보통
5/8/2022,흑산도(169),X,20.4,19.2,13.8,9.6,76.4,X, ,X,보통
5/8/2022,완도(170),X,20.4,19.9,16.2,13.1,60.6,X, ,X,보통
5/8/2022,고창(172),X,22.4,23.2,14.7,6.3,68.6,X, ,X,보통
5/8/2022,제주(184),X,24.1,22.4,18.5,14.7,76.3,X, ,X,보통
5/8/2022,진주(192),X,21.6,22.2,17.2,12.6,57.4,X, ,X,보통
5/8/2022,양평(202),X,17,17.1,14.2,10.6,55.4,X, ,X,보통
5/8/2022,이천(203),X,17.4,17.1,13.6,10,64.6,X, ,X,보통
5/8/2022,인제(211),X,16.2,16.4,11.7,7.6,66.4,X, ,X,보통
5/8/2022,홍천(212),X,16.3,16.9,12.6,9.6,62.9,X, ,X,보통
5/8/2022,태백(216),X,13.6,13.3,8.5,1.5,63,X, ,X,보통
5/8/2022,정선군(217),X,14.9,15.7,10.6,5.2,60.9,X, ,X,보통
5/8/2022,제천(221),X,15.8,16.2,12.6,9.4,53.5,X, ,X,보통
5/8/2022,보은(226),X,20.3,20.7,15.2,10.5,57.6,X, ,X,높음
5/8/2022,천안(232),X,20.5,21.2,15.3,10.3,54.4,X, ,X,높음
5/8/2022,보령(235),X,20.8,20.3,14.9,9,63,X, ,X,보통
5/8/2022,부여(236),X,23,23.7,16.2,9.4,58,X, ,X,보통
5/8/2022,금산(238),X,21.8,23,15.9,8.5,53.9,X, ,X,보통
5/8/2022,세종(239),X,22.2,23,16.5,11,48.5,X, ,X,높음
5/8/2022,부안(243),X,22.3,22.1,15.5,9.1,66.9,X, ,X,보통
5/8/2022,임실(244),X,21.3,22.1,15.5,9.4,60.9,X, ,X,높음
5/8/2022,정읍(245),X,23,23.3,15.5,8.4,63.1,X, ,X,보통
5/8/2022,남원(247),X,21.9,22.9,17.3,10.8,55.1,X, ,X,보통
5/8/2022,장수(248),X,20.4,21.5,15.4,8.7,59.3,X, ,X,높음
5/8/2022,영광군(252),X,22.5,22.4,14.8,6.7,67.4,X, ,X,보통
5/8/2022,김해시(253),X,20.8,21.5,16.3,13,53.6,X, ,X,매우높음
5/8/2022,순창군(254),X,22,23.1,17,10,59.8,X, ,X,보통
5/8/2022,양산시(257),X,20.9,21.2,16.8,13.7,53.9,X, ,X,높음
5/8/2022,강진군(259),X,21.9,22.4,15.6,8.7,63.4,X, ,X,보통
5/8/2022,장흥(260),X,21.2,21.5,15.2,7.5,64.9,X, ,X,보통
5/8/2022,해남(261),X,20.7,20.7,14.2,6.3,70.3,X, ,X,보통
5/8/2022,고흥(262),X,19.5,20,16.4,12.5,56.1,X, ,X,보통
5/8/2022,의령군(263),X,22,22.6,17.4,13,53.8,X, ,X,보통
5/8/2022,함양군(264),X,22.1,22.9,17.6,13.5,48.4,X, ,X,보통
5/8/2022,진도군ASOS(268),X,21.4,20.8,14.9,7.6,70.5,X, ,X,보통
5/8/2022,봉화(271),X,16.3,16.4,12.3,5.2,60.3,X, ,X,보통
5/8/2022,영주(272),X,17.6,17.8,12.8,6.8,64.4,X, ,X,보통
5/8/2022,문경(273),X,19.6,19.8,14.2,8.9,66.3,X, ,X,높음
5/8/2022,청송군(276),X,18.7,20.1,13.3,6.9,57.1,X, ,X,높음
5/8/2022,영덕(277),X,19,18.2,12.6,8.2,73.4,X, ,X,높음
5/8/2022,의성(278),X,20.7,21.7,15.8,9,57.5,X, ,X,높음
5/8/2022,구미(279),X,21.5,22.6,16.9,12.8,52.8,X, ,X,높음
5/8/2022,영천(281),X,20,20.1,14.7,10.6,62.6,X, ,X,높음
5/8/2022,경주시(283),X,20.4,20.8,15.6,10.5,60.6,X, ,X,높음
5/8/2022,거창(284),X,21.1,21.8,16.1,10.8,53.4,X, ,X,높음
5/8/2022,합천(285),X,21.4,22.5,17.3,12.5,51.4,X, ,X,높음
5/8/2022,밀양(288),X,21.4,22.8,17.5,13,47.3,X, ,X,높음
5/8/2022,산청(289),X,21.8,22.1,17,13,52.6,X, ,X,보통
5/8/2022,거제(294),X,19.4,19.7,16.1,14.2,59.8,X, ,X,높음
5/8/2022,남해(295),X,20.5,20.9,17,13.1,53.9,X, ,X,보통
5/8/2022,부천(433),X,16.8,17.4,14.9,10.8,46,X, ,X,보통
5/8/2022,안양(434),X,15.1,17.7,15.5,11.5,,X, ,X,보통
5/8/2022,광명(437),X,17.3,18,15.8,12.1,46,X, ,X,보통
5/8/2022,군포(438),X,16.8,17.2,14.7,10.6,48,X, ,X,보통
5/8/2022,김포(441),X,,17.9,15.1,10.2,,X, ,X,보통
5/8/2022,하남(444),X,16.3,16.5,14.4,10.3,48,X, ,X,보통
5/8/2022,의왕(445),X,15.9,16.1,13.5,9.2,51,X, ,X,보통
5/8/2022,포천(504),X,16.3,17,13.4,9.9,56,X, ,X,보통
5/8/2022,가평조종(505),X,16.2,16.4,12.8,9.4,60,X, ,X,보통
5/8/2022,안성(516),X,18.7,19.1,15,10.3,53,X, ,X,보통
5/8/2022,간성(517),X,17.9,15.6,12.5,6.9,82,X, ,X,보통
5/8/2022,평창(526),X,14.6,15.5,11,6.1,55,X, ,X,보통
5/8/2022,의정부(532),X,17,17.2,13.9,9.8,59,X, ,X,보통
5/8/2022,횡성(536),X,16.2,16.5,13,9.3,60,X, ,X,보통
5/8/2022,고양(540),X,17.4,18.3,14,9.4,53,X, ,X,보통
5/8/2022,남양주(541),X,16.6,17.7,14.3,10.3,50,X, ,X,보통
5/8/2022,안산(545),X,17.5,17.3,13.9,9.9,62,X, ,X,보통
5/8/2022,경기광주(546),X,15.7,16.1,13.3,9.5,54,X, ,X,보통
5/8/2022,여주(548),X,16.2,16.3,13,9.4,59,X, ,X,보통
5/8/2022,용인(549),X,16.3,16.8,13.9,10.3,53,X, ,X,보통
5/8/2022,오산(550),X,17.2,17.8,14.5,10.5,48,X, ,X,보통
5/8/2022,평택(551),X,19.4,19.7,15.4,10.5,55,X, ,X,보통
5/8/2022,화천(555),X,16.7,17,12.2,8.3,71,X, ,X,보통
5/8/2022,양구(556),X,16.1,17.1,11.9,7.9,62,X, ,X,보통
5/8/2022,시흥(565),X,17.7,17.8,15,11.4,56,X, ,X,보통
5/8/2022,구리(569),X,17,17.8,14.7,10.7,48,X, ,X,보통
5/8/2022,화성(571),X,18.1,18.3,15.1,11.2,54,X, ,X,보통
5/8/2022,성남(572),X,16.7,17.1,14.6,10.4,49,X, ,X,보통
5/8/2022,과천(590),X,17.4,17.5,14.6,10.7,57,X, ,X,보통
5/8/2022,양주(598),X,16.9,17.3,13.2,9.8,61,X, ,X,보통
5/8/2022,단양(601),X,17.4,18,13.4,8.7,58,X, ,X,보통
5/8/2022,진천(602),X,20.1,21.3,15.5,11.2,56,X, ,X,높음
5/8/2022,괴산(603),X,19.7,20.7,14.5,9.3,55,X, ,X,보통
5/8/2022,옥천(604),X,22,22.7,16.6,9.3,53,X, ,X,높음
5/8/2022,홍북(608),X,22.9,22.4,15.1,8.3,62,X, ,X,높음
5/8/2022,공주(612),X,22.7,24.1,16,8.8,51,X, ,X,높음
5/8/2022,서천(614),X,21.9,21.4,15,6.5,64,X, ,X,보통
5/8/2022,논산(615),X,23.6,24.4,17.1,9.1,54,X, ,X,보통
5/8/2022,당진(616),X,21,20.9,15.1,10.9,60,X, ,X,보통
5/8/2022,청양(618),X,22.4,22.6,14.3,6.2,68,X, ,X,보통
5/8/2022,음성(619),X,17.4,18.2,13.6,8.1,55,X, ,X,보통
5/8/2022,증평(623),X,20.3,21,16,11.2,50,X, ,X,높음
5/8/2022,태안(627),X,21,19.9,15.4,11.1,59,X, ,X,보통
5/8/2022,예산(628),X,21,21.4,16,11.2,57,X, ,X,높음
5/8/2022,아산(634),X,20.8,21.4,15.8,11.1,50,X, ,X,높음
5/8/2022,계룡(636),X,20.8,22.5,15.7,6.4,46,X, ,X,보통
5/8/2022,연천청산(652),X,,,,,,X, ,X,보통
5/8/2022,양양(670),X,18.4,15.4,12.7,8.5,89,X, ,X,보통
5/8/2022,무안(699),X,22.9,23.1,14,6.3,47,X, ,X,보통
5/8/2022,무주(701),X,21.9,23.6,16.5,8.9,50,X, ,X,높음
5/8/2022,익산(702),X,23.3,23.6,16.3,8.6,69,X, ,X,보통
5/8/2022,진안(703),X,20.9,21.7,15.5,8.4,58,X, ,X,높음
5/8/2022,담양(706),X,24.3,25.7,17.4,9.6,62,X, ,X,보통
5/8/2022,구례(709),X,23.3,24,18.3,12.7,55,X, ,X,보통
5/8/2022,나주(710),X,22.9,23.4,16.1,7.3,67,X, ,X,보통
5/8/2022,순천시(712),X,22.5,23.6,18.5,15.2,53,X, ,X,보통
5/8/2022,광양읍(713),X,22.3,23.5,18,14.3,54,X, ,X,보통
5/8/2022,장성(730),X,22.5,23.6,15.6,6.6,61,X, ,X,보통
5/8/2022,영암(731),X,23,23.5,14.7,6.2,71,X, ,X,보통
5/8/2022,보성(732),X,21.4,21.8,15.7,9.5,64,X, ,X,보통
5/8/2022,완주(734),X,23.5,24.4,16.3,7.6,66,X, ,X,보통
5/8/2022,김제(737),X,22.9,23.8,16,10.5,58,X, ,X,보통
5/8/2022,화순(741),X,22.9,23.6,16.7,8.2,61,X, ,X,보통
5/8/2022,함평(754),X,22.8,22.7,14.7,5.9,72,X, ,X,보통
5/8/2022,곡성(768),X,22.6,23.6,17.6,10.7,56,X, ,X,보통
5/8/2022,압해도(789),X,21.8,21.6,14.7,8.8,73,X, ,X,보통
5/8/2022,영양(801),X,18.6,19.1,13.3,7.5,67,X, ,X,높음
5/8/2022,성주(810),X,22.2,23.2,17.2,11.5,52,X, ,X,높음
5/8/2022,고령(812),X,21.1,22.2,16.9,10.9,55,X, ,X,높음
5/8/2022,청도(813),X,21.6,22.7,16.7,11,54,X, ,X,높음
5/8/2022,예천(815),X,19.6,20.1,14.7,9.6,60,X, ,X,보통
5/8/2022,김천(822),X,22,22.6,16.1,10,62,X, ,X,높음
5/8/2022,군위(823),X,21.4,21.5,15.9,10.2,62,X, ,X,높음
5/8/2022,칠곡(825),X,21.7,22.7,17.3,12.1,55,X, ,X,높음
5/8/2022,경산(827),X,21.4,21.9,16.2,12,57,X, ,X,높음
5/8/2022,삼척(876),X,17.4,16.2,12.7,8.5,72,X, ,X,보통
5/8/2022,속초(90),X,17.4,15.7,12.5,7.7,72.6,X, ,X,보통
5/8/2022,삼천포(907),X,20.6,22,17,13.6,53,X, ,X,보통
5/8/2022,고성(918),X,19.9,20.2,16.5,13.5,56,X, ,X,보통
5/8/2022,창녕(919),X,22,22.4,17.7,13.2,54,X, ,X,높음
5/8/2022,함안(920),X,22.1,22.3,16.8,13.3,58,X, ,X,높음
5/8/2022,북춘천(93),X,16,16.4,12.9,9.6,60.4,X, ,X,보통
5/8/2022,하동(932),X,21.9,23.2,17.9,14.3,59,X, ,X,보통
5/8/2022,철원(95),X,16.5,16.5,12.4,9.4,69.8,X, ,X,보통
5/8/2022,동두천(98),X,17,17.6,13,9.3,63.5,X, ,X,보통
5/8/2022,파주(99),X,17.4,17.2,12.8,7.8,66.1,X, ,X,보통
5/9/2022,북강릉(104),X,19.4,19.3,14.7,9.9,53.6,X, ,X,높음
5/9/2022,동해(106),X,19.4,19,14.8,10.9,63.5,X, ,X,높음
5/9/2022,서울(108),X,23.8,25.3,17.9,11,56.4,X, ,X,높음
5/9/2022,인천(112),X,21.7,22.6,16.1,10.9,59.6,X, ,X,높음
5/9/2022,원주(114),X,22.2,24.8,16.9,10.1,47.5,X, ,X,높음
5/9/2022,울릉도(115),X,18.9,18.1,14.1,10.8,61.8,X, ,X,높음
5/9/2022,수원(119),X,22.5,24.4,16.7,11.1,62.3,X, ,X,높음
5/9/2022,영월(121),X,23.5,26,15.6,9.6,53.3,X, ,X,매우높음
5/9/2022,충주(127),X,22.4,24.6,16.5,9.8,52.9,X, ,X,높음
5/9/2022,서산(129),X,22.6,22.9,15.8,11.2,64.4,X, ,X,높음
5/9/2022,울진(130),X,18.7,17.9,14,10,66.8,X, ,X,매우높음
5/9/2022,청주(131),X,21.9,24.1,17.7,10.8,46.9,X, ,X,높음
5/9/2022,대전(133),X,22.7,23.7,17.3,10.6,55.6,X, ,X,매우높음
5/9/2022,추풍령(135),X,20.1,21.2,14.1,8.6,60,X, ,X,매우높음
5/9/2022,안동(136),X,20.6,22.7,15.8,10.3,50,X, ,X,매우높음
5/9/2022,상주(137),X,22.5,24.2,16.2,10.4,54,X, ,X,높음
5/9/2022,포항(138),X,19.1,17.9,15.1,12,66.3,X, ,X,매우높음
5/9/2022,군산(140),X,22.9,22.9,16.1,11.3,67.4,X, ,X,보통
5/9/2022,대구(143),X,20.3,21.9,16.2,12.3,55.5,X, ,X,높음
5/9/2022,전주(146),X,22.7,23,16.9,12.3,63.9,X, ,X,보통
5/9/2022,울산(152),X,19.3,19.3,15.1,12.4,59,X, ,X,매우높음
5/9/2022,창원(155),X,20.8,21.9,16.6,12.6,44.4,X, ,X,높음
5/9/2022,광주(156),X,22.2,22.1,17.3,14.7,72.5,X, ,X,보통
5/9/2022,부산(159),X,20.3,20.2,16.1,13.4,53.8,X, ,X,매우높음
5/9/2022,통영(162),X,21.4,22.5,16.8,12.8,49.9,X, ,X,매우높음
5/9/2022,목포(165),X,21.3,20.4,16.3,13.9,71.6,X, ,X,보통
5/9/2022,여수(168),X,20.3,20.9,16.7,14.3,52.6,X, ,X,높음
5/9/2022,흑산도(169),X,20.5,19.1,14.7,12.1,80.9,X, ,X,높음
5/9/2022,완도(170),X,22.6,22.1,16.5,12.4,65.3,X, ,X,높음
5/9/2022,고창(172),X,21.8,21.3,16.1,12,69.4,X, ,X,보통
5/9/2022,제주(184),X,20.8,19.8,17.6,15.7,71.9,X, ,X,높음
5/9/2022,진주(192),X,22.6,23.2,16.2,9.8,59.8,X, ,X,높음
5/9/2022,양평(202),X,22.9,24.1,16.5,10.2,65.1,X, ,X,높음
5/9/2022,이천(203),X,23.4,24.6,16.8,9.8,62.5,X, ,X,높음
5/9/2022,인제(211),X,21.1,23.8,14,8.3,56.9,X, ,X,높음
5/9/2022,홍천(212),X,22.9,25.5,15.2,9.2,60,X, ,X,높음
5/9/2022,태백(216),X,16.6,18,10.9,4.3,57.9,X, ,X,매우높음
5/9/2022,정선군(217),X,19.5,22.9,14.4,7.8,44,X, ,X,높음
5/9/2022,제천(221),X,21,23.6,14.6,8.6,57.8,X, ,X,매우높음
5/9/2022,보은(226),X,20.7,22,15.8,10,53.6,X, ,X,매우높음
5/9/2022,천안(232),X,21.5,23,15.5,10.5,61,X, ,X,높음
5/9/2022,보령(235),X,21.9,22.7,16.3,11.4,62.3,X, ,X,높음
5/9/2022,부여(236),X,22.6,23.6,16.3,10.6,67.4,X, ,X,높음
5/9/2022,금산(238),X,21.6,22.3,15.2,10.3,64.1,X, ,X,높음
5/9/2022,세종(239),X,21.9,22.8,16.3,10.4,56.9,X, ,X,높음
5/9/2022,부안(243),X,22,21.9,16,12,71.9,X, ,X,보통
5/9/2022,임실(244),X,21,21.3,14.8,9.8,67.5,X, ,X,보통
5/9/2022,정읍(245),X,21.7,21.5,16.1,12,67,X, ,X,보통
5/9/2022,남원(247),X,21.2,21.3,16.4,12.6,57,X, ,X,보통
5/9/2022,장수(248),X,20.4,20.9,13.6,8,66,X, ,X,보통
5/9/2022,영광군(252),X,21.7,20.9,16.2,13.1,70.6,X, ,X,보통
5/9/2022,김해시(253),X,21.9,22.6,16.7,13.2,44.1,X, ,X,매우높음
5/9/2022,순창군(254),X,22,22.6,16.8,12.6,65.4,X, ,X,보통
5/9/2022,양산시(257),X,21.7,22.8,17.1,13.6,46,X, ,X,매우높음
5/9/2022,강진군(259),X,22.2,22.4,15.8,11.4,68.4,X, ,X,높음
5/9/2022,장흥(260),X,21.8,22.2,15.3,9.7,70.1,X, ,X,높음
5/9/2022,해남(261),X,20.7,21.2,14.5,9.4,73.8,X, ,X,높음
5/9/2022,고흥(262),X,20.3,21,15.3,10.6,63,X, ,X,높음
5/9/2022,의령군(263),X,22.4,23,16.3,9.2,54.1,X, ,X,높음
5/9/2022,함양군(264),X,21.6,22.5,15.5,9.2,53.9,X, ,X,보통
5/9/2022,진도군ASOS(268),X,21.1,20.2,14.9,10.3,73.3,X, ,X,높음
5/9/2022,봉화(271),X,19.1,20.8,13.1,5.9,58.8,X, ,X,매우높음
5/9/2022,영주(272),X,21.6,23.9,14.7,8.6,53.8,X, ,X,매우높음
5/9/2022,문경(273),X,21.1,22.8,15,9.3,58.9,X, ,X,매우높음
5/9/2022,청송군(276),X,19.1,21.1,13.3,5.5,55.5,X, ,X,매우높음
5/9/2022,영덕(277),X,19.8,19,13,7.8,71.1,X, ,X,매우높음
5/9/2022,의성(278),X,21.3,23.5,15.6,8,57,X, ,X,높음
5/9/2022,구미(279),X,21.8,23.4,16.4,11.4,57.1,X, ,X,높음
5/9/2022,영천(281),X,20,21.4,15,9,55.4,X, ,X,매우높음
5/9/2022,경주시(283),X,20.3,20.8,15.2,9.7,58.1,X, ,X,매우높음
5/9/2022,거창(284),X,20.7,21.6,14.7,9.2,60.4,X, ,X,높음
5/9/2022,합천(285),X,21.6,23.1,16.4,10.8,52.6,X, ,X,높음
5/9/2022,밀양(288),X,21.7,23.2,17.3,11.6,41.3,X, ,X,매우높음
5/9/2022,산청(289),X,21.7,22.3,16,11.1,57.6,X, ,X,보통
5/9/2022,거제(294),X,19.9,20.3,16,12.5,52.5,X, ,X,매우높음
5/9/2022,남해(295),X,20.7,21.3,16.1,12.4,58.3,X, ,X,높음
5/9/2022,부천(433),X,22.7,24.9,16.7,10.6,54,X, ,X,높음
5/9/2022,안양(434),X,18.2,24,17.6,11.6,,X, ,X,높음
5/9/2022,광명(437),X,22.9,25.1,18.1,11.9,50,X, ,X,높음
5/9/2022,군포(438),X,22.3,24.3,16.9,10.9,51,X, ,X,높음
5/9/2022,김포(441),X,,24.7,16.6,9.6,,X, ,X,높음
5/9/2022,하남(444),X,22.4,23.5,16,9.3,59,X, ,X,높음
5/9/2022,의왕(445),X,20.9,22.4,15,8.8,57,X, ,X,높음
5/9/2022,포천(504),X,23,25.4,15.9,7.1,56,X, ,X,높음
5/9/2022,가평조종(505),X,22.5,24.6,14.6,8,62,X, ,X,높음
5/9/2022,안성(516),X,22.5,24.5,16.7,10.3,54,X, ,X,높음
5/9/2022,간성(517),X,20.8,19.3,13.7,6.7,79,X, ,X,높음
5/9/2022,평창(526),X,20.5,23.9,14.6,8.3,51,X, ,X,높음
5/9/2022,의정부(532),X,23,24.4,15.7,8.4,65,X, ,X,높음
5/9/2022,횡성(536),X,23,25.7,15.9,9.3,58,X, ,X,높음
5/9/2022,고양(540),X,23.5,26,16.5,8.5,59,X, ,X,높음
5/9/2022,남양주(541),X,23.1,25,16.2,9.3,57,X, ,X,높음
5/9/2022,안산(545),X,22.6,24,15,9,72,X, ,X,높음
5/9/2022,경기광주(546),X,22.3,23.5,15.7,9,62,X, ,X,높음
5/9/2022,여주(548),X,22.9,23.8,15.8,9.1,63,X, ,X,높음
5/9/2022,용인(549),X,21.7,23.8,15.9,10.2,57,X, ,X,높음
5/9/2022,오산(550),X,21.7,23.3,16.9,10.3,47,X, ,X,높음
5/9/2022,평택(551),X,23.5,24.4,17.2,10.5,63,X, ,X,높음
5/9/2022,화천(555),X,23.3,26.4,14.5,6.8,69,X, ,X,높음
5/9/2022,양구(556),X,21.5,24.9,14.2,6.7,57,X, ,X,높음
5/9/2022,시흥(565),X,23.2,24.4,15.6,9.6,68,X, ,X,높음
5/9/2022,구리(569),X,23.4,25.2,17,10,55,X, ,X,높음
5/9/2022,화성(571),X,22.8,24.3,16.2,11,61,X, ,X,높음
5/9/2022,성남(572),X,22.6,24.2,17,10.2,56,X, ,X,높음
5/9/2022,과천(590),X,23.5,24.8,16.4,9.5,66,X, ,X,높음
5/9/2022,양주(598),X,22.6,25.1,15.6,7.4,61,X, ,X,높음
5/9/2022,단양(601),X,22.3,25.1,16.1,9.8,56,X, ,X,매우높음
5/9/2022,진천(602),X,23,25.1,16.9,11.1,60,X, ,X,높음
5/9/2022,괴산(603),X,21.6,23.7,15.3,9.3,61,X, ,X,매우높음
5/9/2022,옥천(604),X,22,22.9,16.2,10.8,60,X, ,X,매우높음
5/9/2022,홍북(608),X,22.5,23.1,15.6,9.7,68,X, ,X,높음
5/9/2022,공주(612),X,21.8,23.3,15.5,10,64,X, ,X,매우높음
5/9/2022,서천(614),X,21.6,22.3,15.6,11.3,65,X, ,X,보통
5/9/2022,논산(615),X,22.8,24,17.2,11.1,59,X, ,X,높음
5/9/2022,당진(616),X,22.7,23.5,15.7,10.9,68,X, ,X,높음
5/9/2022,청양(618),X,21.9,22.9,15.1,9.6,69,X, ,X,높음
5/9/2022,음성(619),X,21.7,23.9,14.8,9,59,X, ,X,높음
5/9/2022,증평(623),X,22.6,23.9,16.8,10.5,53,X, ,X,높음
5/9/2022,태안(627),X,22,21.8,15.3,11.5,67,X, ,X,높음
5/9/2022,예산(628),X,22.4,23.9,16.8,11,64,X, ,X,높음
5/9/2022,아산(634),X,23.1,24.1,16.2,10.9,65,X, ,X,높음
5/9/2022,계룡(636),X,20.7,22.1,14.7,8.4,57,X, ,X,높음
5/9/2022,연천청산(652),X,,,,,,X, ,X,높음
5/9/2022,양양(670),X,20.3,18,14.3,9.6,78,X, ,X,높음
5/9/2022,무안(699),X,20.4,20.4,15.2,11.2,47,X, ,X,보통
5/9/2022,무주(701),X,20.7,21.4,15,10,61,X, ,X,높음
5/9/2022,익산(702),X,23.4,23.8,16.7,12,71,X, ,X,보통
5/9/2022,진안(703),X,20.4,20.4,13.8,8.7,68,X, ,X,보통
5/9/2022,담양(706),X,23.8,23.8,17,11.8,72,X, ,X,보통
5/9/2022,구례(709),X,22.6,22.6,16.5,10.1,67,X, ,X,보통
5/9/2022,나주(710),X,22.1,21.4,16.4,12.1,74,X, ,X,보통
5/9/2022,순천시(712),X,22.8,24.3,17.7,14,51,X, ,X,보통
5/9/2022,광양읍(713),X,22.8,24,17,12.3,55,X, ,X,보통
5/9/2022,장성(730),X,21.7,21.8,16.5,12.3,68,X, ,X,보통
5/9/2022,영암(731),X,22,21.8,16.1,11.3,75,X, ,X,보통
5/9/2022,보성(732),X,21.6,22.5,15.6,10.3,68,X, ,X,높음
5/9/2022,완주(734),X,23.8,24.4,16.5,11.7,67,X, ,X,보통
5/9/2022,김제(737),X,21.6,22.4,16.2,11.4,64,X, ,X,보통
5/9/2022,화순(741),X,22.2,22.3,16.4,11.4,67,X, ,X,보통
5/9/2022,함평(754),X,22.3,21.5,16,11.3,77,X, ,X,보통
5/9/2022,곡성(768),X,21.9,22,16.4,11.1,65,X, ,X,보통
5/9/2022,압해도(789),X,22.2,21.1,15.9,12.4,76,X, ,X,높음
5/9/2022,영양(801),X,20,21.6,14,7.3,63,X, ,X,매우높음
5/9/2022,성주(810),X,21.4,23.5,16.1,11,56,X, ,X,높음
5/9/2022,고령(812),X,21,22.7,15.4,9.1,61,X, ,X,높음
5/9/2022,청도(813),X,21.5,22.5,15.7,9.2,51,X, ,X,매우높음
5/9/2022,예천(815),X,21.9,24.1,15.7,9.9,54,X, ,X,매우높음
5/9/2022,김천(822),X,21.9,22.9,14.4,8.2,69,X, ,X,매우높음
5/9/2022,군위(823),X,21.4,23.2,15.6,8.6,60,X, ,X,높음
5/9/2022,칠곡(825),X,21.7,23.6,16.3,11.4,63,X, ,X,높음
5/9/2022,경산(827),X,21.5,22.7,16.1,11.6,50,X, ,X,매우높음
5/9/2022,삼척(876),X,21.1,21.7,15.7,11.2,53,X, ,X,높음
5/9/2022,속초(90),X,20.4,20,13.6,7.9,67.5,X, ,X,높음
5/9/2022,삼천포(907),X,20.4,20.8,16.2,12.4,51,X, ,X,높음
5/9/2022,고성(918),X,21,21.2,16,12,59,X, ,X,높음
5/9/2022,창녕(919),X,22.6,23.6,17.2,12.4,53,X, ,X,높음
5/9/2022,함안(920),X,22.5,23.4,16.3,10,58,X, ,X,높음
5/9/2022,북춘천(93),X,22.2,24.9,15,7.5,60.4,X, ,X,높음
5/9/2022,하동(932),X,22.5,23.4,17.1,11.9,57,X, ,X,보통
5/9/2022,철원(95),X,22.5,24.8,14.9,5.9,63.8,X, ,X,높음
5/9/2022,동두천(98),X,23.1,25.5,16.2,7.6,58.3,X, ,X,높음
5/9/2022,파주(99),X,23.4,24.7,15,6.4,68.8,X, ,X,높음
5/10/2022,북강릉(104),X,19.8,20.6,14,7.8,57.5,X, ,X,높음
5/10/2022,동해(106),X,19.4,18,13.6,7.7,63.9,X, ,X,높음
5/10/2022,서울(108),X,23.2,26.3,19.9,13.6,39,X, ,X,높음
5/10/2022,인천(112),X,21.2,23.7,18.8,14.4,36.8,X, ,X,높음
5/10/2022,원주(114),X,21.3,24.9,17.5,9.1,37.5,X, ,X,높음
5/10/2022,울릉도(115),X,20,18.3,14.1,10.5,68.6,X, ,X,높음
5/10/2022,수원(119),X,22.2,25.3,18.1,10.7,48.6,X, ,X,높음
5/10/2022,영월(121),X,22.4,26.2,15.9,5.7,44.9,X, ,X,높음
5/10/2022,충주(127),X,22.5,25.5,16.9,7.6,44.3,X, ,X,높음
5/10/2022,서산(129),X,22.4,24.7,17.6,10.7,48.9,X, ,X,높음
5/10/2022,울진(130),X,18.9,17.7,13.3,7.3,64.4,X, ,X,높음
5/10/2022,청주(131),X,22.1,25.4,19.5,12.6,30.9,X, ,X,높음
5/10/2022,대전(133),X,23.5,26.3,19.2,11.5,36.5,X, ,X,매우높음
5/10/2022,추풍령(135),X,20.7,22.7,15.1,7,49.4,X, ,X,매우높음
5/10/2022,안동(136),X,21.2,23.7,15.3,8.1,47,X, ,X,높음
5/10/2022,상주(137),X,22.9,25.2,16.6,7.6,48.3,X, ,X,높음
5/10/2022,포항(138),X,19.4,17.8,15,11.3,71.1,X, ,X,높음
5/10/2022,군산(140),X,23.1,24.5,17.5,12.7,53.6,X, ,X,높음
5/10/2022,대구(143),X,21.9,23.5,16.5,10.3,56.3,X, ,X,높음
5/10/2022,전주(146),X,23.7,26,18.3,11.4,46.9,X, ,X,높음
5/10/2022,울산(152),X,19.4,19.6,15.3,11.6,65,X, ,X,높음
5/10/2022,창원(155),X,21.5,23.1,16.5,12.5,48.8,X, ,X,높음
5/10/2022,광주(156),X,24.1,24.8,18.4,13,57.1,X, ,X,매우높음
5/10/2022,부산(159),X,20.7,20.1,16.5,13.1,61.5,X, ,X,높음
5/10/2022,통영(162),X,21.2,22.7,16.8,13.6,55.1,X, ,X,높음
5/10/2022,목포(165),X,21,21.1,16.5,13,68,X, ,X,높음
5/10/2022,여수(168),X,20.3,20.6,16.8,14.9,49.9,X, ,X,높음
5/10/2022,흑산도(169),X,20.5,19.9,14.9,11.9,78.6,X, ,X,높음
5/10/2022,완도(170),X,21.1,20.9,16.1,11.7,67,X, ,X,높음
5/10/2022,고창(172),X,23.2,24,16.5,10.4,64.8,X, ,X,매우높음
5/10/2022,제주(184),X,22.1,19.9,17.8,15.3,81,X, ,X,높음
5/10/2022,진주(192),X,22.8,24.2,16.1,7.4,56.3,X, ,X,매우높음
5/10/2022,양평(202),X,21.9,24.8,17.1,9.7,50.5,X, ,X,높음
5/10/2022,이천(203),X,22.6,25.4,17.8,9.2,47.6,X, ,X,높음
5/10/2022,인제(211),X,22.4,26.2,14.6,4.7,46.1,X, ,X,높음
5/10/2022,홍천(212),X,22.2,26.1,15.7,6.3,46.6,X, ,X,높음
5/10/2022,태백(216),X,18.4,20.7,10.9,1.1,52.4,X, ,X,높음
5/10/2022,정선군(217),X,21.8,26.1,13.9,3.9,43,X, ,X,높음
5/10/2022,제천(221),X,20.8,24.1,15.4,5.6,44.9,X, ,X,높음
5/10/2022,보은(226),X,21.6,23.5,15.8,7.6,52.3,X, ,X,높음
5/10/2022,천안(232),X,22,24.5,16.8,7.4,46.4,X, ,X,높음
5/10/2022,보령(235),X,22.1,23.8,17.3,11.7,47.5,X, ,X,높음
5/10/2022,부여(236),X,23.3,25.4,18,10.4,49.3,X, ,X,높음
5/10/2022,금산(238),X,22.6,25.2,17,8.3,45.5,X, ,X,매우높음
5/10/2022,세종(239),X,22.6,25.5,18.1,10.8,38.3,X, ,X,높음
5/10/2022,부안(243),X,22.6,24.4,17.2,12,58.9,X, ,X,매우높음
5/10/2022,임실(244),X,21.9,23.7,15.6,7.1,55.9,X, ,X,높음
5/10/2022,정읍(245),X,23.3,24.6,17,10.5,57.3,X, ,X,매우높음
5/10/2022,남원(247),X,23.1,24.9,17.5,10.2,47.9,X, ,X,높음
5/10/2022,장수(248),X,20.6,22.6,15.1,5.9,54.1,X, ,X,매우높음
5/10/2022,영광군(252),X,23.6,24.3,16.5,11,66.1,X, ,X,매우높음
5/10/2022,김해시(253),X,21.8,23.2,17.5,12.8,46.5,X, ,X,높음
5/10/2022,순창군(254),X,23.4,24.7,17.2,9.8,60.1,X, ,X,매우높음
5/10/2022,양산시(257),X,21.8,23.3,17.6,13.4,48.3,X, ,X,높음
5/10/2022,강진군(259),X,22.5,22.8,15.8,9.6,72.5,X, ,X,매우높음
5/10/2022,장흥(260),X,21.6,22,15.2,7.5,72.8,X, ,X,매우높음
5/10/2022,해남(261),X,22.3,22.4,14.8,7.2,68.9,X, ,X,매우높음
5/10/2022,고흥(262),X,20.7,21.1,16.2,10.6,59.8,X, ,X,높음
5/10/2022,의령군(263),X,22.8,24.8,15.6,6.9,55,X, ,X,매우높음
5/10/2022,함양군(264),X,22.1,23.7,15.8,6.5,51.4,X, ,X,매우높음
5/10/2022,진도군ASOS(268),X,21,20.9,15.5,9.7,74,X, ,X,높음
5/10/2022,봉화(271),X,19.8,22.2,12.5,2.7,50.8,X, ,X,높음
5/10/2022,영주(272),X,21.1,23.5,14.3,5.6,51,X, ,X,높음
5/10/2022,문경(273),X,21.3,23.3,15.7,7.2,49.8,X, ,X,높음
5/10/2022,청송군(276),X,19.5,22.4,12.5,2.6,51.1,X, ,X,높음
5/10/2022,영덕(277),X,19.6,19.3,12.6,5.7,71.8,X, ,X,높음
5/10/2022,의성(278),X,22.4,25.3,15.1,5,49,X, ,X,높음
5/10/2022,구미(279),X,22.1,24.5,17.1,9.4,44.1,X, ,X,높음
5/10/2022,영천(281),X,20.4,21.6,14.6,7.6,60.1,X, ,X,높음
5/10/2022,경주시(283),X,20.6,22.2,15,8.5,61.3,X, ,X,매우높음
5/10/2022,거창(284),X,21.3,22.9,15.3,6.6,52.5,X, ,X,매우높음
5/10/2022,합천(285),X,21.8,24.3,16.4,7.8,50.9,X, ,X,높음
5/10/2022,밀양(288),X,21.7,25.2,17.1,9.4,39.8,X, ,X,높음
5/10/2022,산청(289),X,22.4,23.5,15.8,7.4,53,X, ,X,매우높음
5/10/2022,거제(294),X,19.8,19.6,15.9,11.4,61.9,X, ,X,높음
5/10/2022,남해(295),X,20.6,21.6,16.5,12.4,49.4,X, ,X,높음
5/10/2022,부천(433),X,21.7,25.4,18.7,12.9,33,X, ,X,높음
5/10/2022,안양(434),X,18.1,25.2,19.4,14.2,,X, ,X,높음
5/10/2022,광명(437),X,22.4,26.3,20.1,15,31,X, ,X,높음
5/10/2022,군포(438),X,21.9,25.5,18.9,12.6,32,X, ,X,높음
5/10/2022,김포(441),X,,26.1,18.6,11.6,,X, ,X,높음
5/10/2022,하남(444),X,22.3,25.5,18,10.1,39,X, ,X,높음
5/10/2022,의왕(445),X,20.6,23.6,16.6,9.4,36,X, ,X,높음
5/10/2022,포천(504),X,21.7,25.1,17.5,8.4,41,X, ,X,높음
5/10/2022,가평조종(505),X,22.4,24.9,15.6,5.7,50,X, ,X,높음
5/10/2022,안성(516),X,22.3,25.7,17.9,9.7,42,X, ,X,높음
5/10/2022,간성(517),X,20.2,19.8,12.8,4.4,78,X, ,X,높음
5/10/2022,평창(526),X,21.4,25.5,15.2,5.3,39,X, ,X,높음
5/10/2022,의정부(532),X,22.6,25.2,18.1,9.6,47,X, ,X,높음
5/10/2022,횡성(536),X,22.4,25.8,16,6.2,50,X, ,X,높음
5/10/2022,고양(540),X,23.1,27,18.4,10.1,39,X, ,X,높음
5/10/2022,남양주(541),X,22.2,25.8,18.1,9.2,39,X, ,X,높음
5/10/2022,안산(545),X,22.3,24.6,16.3,7.7,57,X, ,X,높음
5/10/2022,경기광주(546),X,21.5,24.4,17.2,9.3,47,X, ,X,높음
5/10/2022,여주(548),X,22.1,24.9,16.9,8.4,45,X, ,X,높음
5/10/2022,용인(549),X,21.3,24.8,17,8.7,40,X, ,X,높음
5/10/2022,오산(550),X,21.5,24.5,17.8,10.5,32,X, ,X,높음
5/10/2022,평택(551),X,23.3,26.6,18.8,10.5,40,X, ,X,높음
5/10/2022,화천(555),X,22.6,26.5,14.9,4.5,59,X, ,X,높음
5/10/2022,양구(556),X,21.7,25.6,14.7,3.9,50,X, ,X,높음
5/10/2022,시흥(565),X,22.6,25.4,17.6,9.2,49,X, ,X,높음
5/10/2022,구리(569),X,22.7,26.3,19,10.9,35,X, ,X,높음
5/10/2022,화성(571),X,22.7,25.7,18.1,12,40,X, ,X,높음
5/10/2022,성남(572),X,21.3,24.5,18.7,11,36,X, ,X,높음
5/10/2022,과천(590),X,23.3,25.8,18,8.6,46,X, ,X,높음
5/10/2022,양주(598),X,22.2,25.7,17.7,8.6,47,X, ,X,높음
5/10/2022,단양(601),X,21.7,25.1,16.3,7.5,41,X, ,X,높음
5/10/2022,진천(602),X,23.3,26.9,18.2,9.6,42,X, ,X,높음
5/10/2022,괴산(603),X,21.8,24.7,15.6,6.1,52,X, ,X,높음
5/10/2022,옥천(604),X,22.5,24.8,17.1,8.2,50,X, ,X,매우높음
5/10/2022,홍북(608),X,23.6,26.4,17.2,9.2,52,X, ,X,높음
5/10/2022,공주(612),X,22.4,25.7,18,8.3,44,X, ,X,높음
5/10/2022,서천(614),X,21.9,24.2,16.9,11.4,48,X, ,X,높음
5/10/2022,논산(615),X,23.2,26.5,18.5,11.2,41,X, ,X,높음
5/10/2022,당진(616),X,22.9,25.4,17.2,10.2,51,X, ,X,높음
5/10/2022,청양(618),X,22.6,24.9,16.4,7.9,53,X, ,X,높음
5/10/2022,음성(619),X,21.2,24.2,15.4,5.7,49,X, ,X,높음
5/10/2022,증평(623),X,22.3,24.9,17.8,9.5,43,X, ,X,높음
5/10/2022,태안(627),X,22.4,24.4,17,10.8,53,X, ,X,높음
5/10/2022,예산(628),X,22.5,25.3,18.1,10.9,49,X, ,X,높음
5/10/2022,아산(634),X,23.2,26.3,18.3,11.4,42,X, ,X,높음
5/10/2022,계룡(636),X,21.1,24.7,16.2,6.2,41,X, ,X,매우높음
5/10/2022,연천청산(652),X,,,,,,X, ,X,높음
5/10/2022,양양(670),X,19.4,18.9,13.4,7,73,X, ,X,높음
5/10/2022,무안(699),X,23,23.2,15.8,10.2,47,X, ,X,매우높음
5/10/2022,무주(701),X,22.4,25.2,16.7,7.7,45,X, ,X,매우높음
5/10/2022,익산(702),X,25,26.3,17.8,11.2,59,X, ,X,높음
5/10/2022,진안(703),X,21.5,23.5,15.4,6.7,52,X, ,X,높음
5/10/2022,담양(706),X,25.1,26.4,17.9,10,64,X, ,X,매우높음
5/10/2022,구례(709),X,23.5,24.9,16.3,7.6,65,X, ,X,매우높음
5/10/2022,나주(710),X,24,24.2,16.8,9.8,71,X, ,X,매우높음
5/10/2022,순천시(712),X,23,24.8,17.8,11.4,49,X, ,X,높음
5/10/2022,광양읍(713),X,22.1,23.7,17.3,10.2,47,X, ,X,높음
5/10/2022,장성(730),X,23.6,24.6,16.8,10.5,64,X, ,X,매우높음
5/10/2022,영암(731),X,22.8,23.4,16.2,8.4,70,X, ,X,매우높음
5/10/2022,보성(732),X,21.7,22.2,15.1,7.8,71,X, ,X,매우높음
5/10/2022,완주(734),X,24.3,26.6,17.4,9.7,52,X, ,X,높음
5/10/2022,김제(737),X,23.1,25.5,17.5,11.9,50,X, ,X,높음
5/10/2022,화순(741),X,23.9,24.8,16.4,8.6,63,X, ,X,매우높음
5/10/2022,함평(754),X,23.4,23.9,16.3,9.8,69,X, ,X,매우높음
5/10/2022,곡성(768),X,23.4,25.3,16.5,8.4,53,X, ,X,매우높음
5/10/2022,압해도(789),X,21.5,21.9,16.3,11.9,72,X, ,X,높음
5/10/2022,영양(801),X,20.5,22.1,13.1,5.5,59,X, ,X,높음
5/10/2022,성주(810),X,22.7,25.1,16.9,8.6,48,X, ,X,높음
5/10/2022,고령(812),X,22.2,24.9,16.6,7.4,48,X, ,X,높음
5/10/2022,청도(813),X,21.6,24.6,16.1,7.1,49,X, ,X,높음
5/10/2022,예천(815),X,22.2,24.8,15.8,7.1,45,X, ,X,높음
5/10/2022,김천(822),X,21.6,,,,,X, ,X,매우높음
5/10/2022,군위(823),X,22,24.4,15.6,6.1,53,X, ,X,높음
5/10/2022,칠곡(825),X,22.8,24.9,17.2,9.7,50,X, ,X,높음
5/10/2022,경산(827),X,22.6,24.9,16.4,9.9,51,X, ,X,높음
5/10/2022,삼척(876),X,20.2,20.1,14.2,9.2,57,X, ,X,높음
5/10/2022,속초(90),X,19.7,19.2,13.5,7,65.3,X, ,X,높음
5/10/2022,삼천포(907),X,21.3,23.1,17,11.9,46,X, ,X,매우높음
5/10/2022,고성(918),X,20.6,21.2,16.1,10.4,56,X, ,X,매우높음
5/10/2022,창녕(919),X,22.6,25.1,17.5,9.3,46,X, ,X,높음
5/10/2022,함안(920),X,22.8,24.3,15.6,7,62,X, ,X,높음
5/10/2022,북춘천(93),X,22,25.4,16,6.8,49.9,X, ,X,높음
5/10/2022,하동(932),X,22.6,24.4,16.9,9.8,53,X, ,X,높음
5/10/2022,철원(95),X,22.9,25.3,17,7.7,47.1,X, ,X,높음
5/10/2022,동두천(98),X,23.4,26.7,18.2,9.5,42.6,X, ,X,높음
5/10/2022,파주(99),X,24,26.7,16.9,8.5,57.8,X, ,X,높음
5/11/2022,북강릉(104),X,21,20.9,15.9,10.5,71,X, ,X,매우높음
5/11/2022,동해(106),X,20.3,18.7,15.2,10.7,82,X, ,X,매우높음
5/11/2022,서울(108),X,24.3,25.2,19.7,16.6,50,X, ,X,높음
5/11/2022,인천(112),X,20.9,20.7,16.8,14.2,60,X, ,X,높음
5/11/2022,원주(114),X,23.1,24.2,19.2,12.8,47,X, ,X,높음
5/11/2022,울릉도(115),X,21.9,20,16,11.4,84,X, ,X,매우높음
5/11/2022,수원(119),X,22.3,23.3,17.9,13.7,55,X, ,X,높음
5/11/2022,영월(121),X,24.7,26.7,18.1,9.9,51,X, ,X,매우높음
5/11/2022,충주(127),X,24,24.8,18.6,10.9,51,X, ,X,보통
5/11/2022,서산(129),X,22.2,22.6,16.8,13.3,62,X, ,X,보통
5/11/2022,울진(130),X,20.5,19.5,15.9,10,67,X, ,X,매우높음
5/11/2022,청주(131),X,24.6,25.7,19.9,15.3,44,X, ,X,보통
5/11/2022,대전(133),X,25.3,26.1,20,14.8,48,X, ,X,보통
5/11/2022,추풍령(135),X,23.3,23.9,17.9,12.1,53,X, ,X,보통
5/11/2022,안동(136),X,24.1,25.5,18.7,10.6,51,X, ,X,높음
5/11/2022,상주(137),X,25.1,25.8,19.2,12.1,50,X, ,X,보통
5/11/2022,포항(138),X,25.3,25,20.2,14,62,X, ,X,높음
5/11/2022,군산(140),X,22.1,22.2,17.6,14.5,61,X, ,X,보통
5/11/2022,대구(143),X,25.6,26.8,20.7,14.3,57,X, ,X,높음
5/11/2022,전주(146),X,24.1,24.4,19,15.1,55,X, ,X,보통
5/11/2022,울산(152),X,24.4,24.6,18.5,13.2,74,X, ,X,높음
5/11/2022,창원(155),X,24.5,25.5,18.8,14.4,61,X, ,X,높음
5/11/2022,광주(156),X,25.6,25.7,20.8,16.4,59,X, ,X,높음
5/11/2022,부산(159),X,24.5,23.3,18.7,15,76,X, ,X,높음
5/11/2022,통영(162),X,24.8,24.6,18.8,14.5,70,X, ,X,높음
5/11/2022,목포(165),X,23.2,22.8,18.3,15.3,65,X, ,X,높음
5/11/2022,여수(168),X,22.2,22.1,18.3,15.5,62,X, ,X,높음
5/11/2022,흑산도(169),X,21,20.4,15.9,14.1,75,X, ,X,보통
5/11/2022,완도(170),X,22.9,22.6,18.4,14.2,70,X, ,X,보통
5/11/2022,고창(172),X,23.5,24,17.9,14.6,59,X, ,X,보통
5/11/2022,제주(184),X,23.6,20.8,18.7,17.6,93,X, ,X,보통
5/11/2022,진주(192),X,24.8,25.4,18.7,14.1,66,X, ,X,높음
5/11/2022,양평(202),X,24.1,25.3,19.1,12.3,53,X, ,X,보통
5/11/2022,이천(203),X,24.5,25.6,19.4,13,49,X, ,X,보통
5/11/2022,인제(211),X,23.6,24.9,17.3,8,56,X, ,X,높음
5/11/2022,홍천(212),X,24.1,25.4,18.3,10.1,53,X, ,X,높음
5/11/2022,태백(216),X,22.8,24.1,15.7,6.5,55,X, ,X,높음
5/11/2022,정선군(217),X,24,26,17.4,8,49,X, ,X,매우높음
5/11/2022,제천(221),X,23.2,24,17.3,8.6,56,X, ,X,높음
5/11/2022,보은(226),X,23.2,23.8,17.9,10.9,59,X, ,X,보통
5/11/2022,천안(232),X,23.4,24.1,17.8,11.2,54,X, ,X,보통
5/11/2022,보령(235),X,22.2,22.7,17.3,14.2,57,X, ,X,높음
5/11/2022,부여(236),X,24.1,24.6,18.9,14.1,57,X, ,X,보통
5/11/2022,금산(238),X,24,24.3,18.2,12.5,58,X, ,X,보통
5/11/2022,세종(239),X,23.9,24.6,18.7,13.2,49,X, ,X,보통
5/11/2022,부안(243),X,22.7,22.8,17.8,14.9,59,X, ,X,보통
5/11/2022,임실(244),X,23.3,23.6,18,13.3,60,X, ,X,보통
5/11/2022,정읍(245),X,23.2,23.4,17.9,14.3,58,X, ,X,보통
5/11/2022,남원(247),X,24.4,24.8,19.7,14.9,58,X, ,X,보통
5/11/2022,장수(248),X,23.3,23.5,17.6,12.7,65,X, ,X,보통
5/11/2022,영광군(252),X,23.2,23.3,17.6,14.3,61,X, ,X,보통
5/11/2022,김해시(253),X,25.1,25.3,18.9,14.5,68,X, ,X,높음
5/11/2022,순창군(254),X,25.1,25.4,19.8,14.8,61,X, ,X,높음
5/11/2022,양산시(257),X,26.7,26.8,20,14.9,61,X, ,X,높음
5/11/2022,강진군(259),X,23.5,23.2,18.4,13.8,74,X, ,X,보통
5/11/2022,장흥(260),X,23.1,22.9,17.9,13.4,76,X, ,X,보통
5/11/2022,해남(261),X,22.8,22.3,17.9,13.1,68,X, ,X,보통
5/11/2022,고흥(262),X,22.2,21.9,17.9,13.4,71,X, ,X,보통
5/11/2022,의령군(263),X,25.3,26.3,19,13.8,62,X, ,X,높음
5/11/2022,함양군(264),X,24.9,25.8,19.5,13.9,56,X, ,X,보통
5/11/2022,진도군ASOS(268),X,23.6,22.7,17.9,13.5,71,X, ,X,보통
5/11/2022,봉화(271),X,22.9,23.9,16.3,6.1,57,X, ,X,매우높음
5/11/2022,영주(272),X,23.9,24.6,18,8.6,53,X, ,X,매우높음
5/11/2022,문경(273),X,24.3,24.9,18.5,9.6,53,X, ,X,높음
5/11/2022,청송군(276),X,24.8,27.2,17.8,8.3,49,X, ,X,높음
5/11/2022,영덕(277),X,22.9,23.9,17.7,9.6,60,X, ,X,높음
5/11/2022,의성(278),X,25,26.8,18.8,11.1,51,X, ,X,높음
5/11/2022,구미(279),X,25.4,27.1,20.3,14.6,47,X, ,X,보통
5/11/2022,영천(281),X,24.9,26.3,19.9,12.5,54,X, ,X,높음
5/11/2022,경주시(283),X,26.2,27.5,19.6,12.1,63,X, ,X,높음
5/11/2022,거창(284),X,24,24.5,19.2,13.6,56,X, ,X,보통
5/11/2022,합천(285),X,25.4,26.4,19.8,14.4,54,X, ,X,높음
5/11/2022,밀양(288),X,25.5,27.8,20.3,15,50,X, ,X,높음
5/11/2022,산청(289),X,24,24.5,19.3,14.3,58,X, ,X,높음
5/11/2022,거제(294),X,24.7,24.7,18.7,14.2,69,X, ,X,높음
5/11/2022,남해(295),X,23.6,23.2,18.5,14.6,64,X, ,X,높음
5/11/2022,부천(433),X,22.1,23.5,17.9,15.3,50,X, ,X,높음
5/11/2022,안양(434),X,18.4,23.4,18.9,16.3,,X, ,X,높음
5/11/2022,광명(437),X,22.9,24.3,19.2,15.9,49,X, ,X,높음
5/11/2022,군포(438),X,22.5,23.7,18.4,15,48,X, ,X,높음
5/11/2022,김포(441),X,,23.7,17.9,13.9,,X, ,X,높음
5/11/2022,하남(444),X,24.2,25.5,19,14,44,X, ,X,높음
5/11/2022,의왕(445),X,21,21.8,16.4,11.9,55,X, ,X,높음
5/11/2022,포천(504),X,23.8,25,18.8,14.2,50,X, ,X,높음
5/11/2022,가평조종(505),X,23.5,24.5,18.3,12.3,54,X, ,X,높음
5/11/2022,안성(516),X,23.1,23.9,18,12.1,54,X, ,X,보통
5/11/2022,간성(517),X,21.2,18.9,14.8,10,88,X, ,X,매우높음
5/11/2022,평창(526),X,24.2,26.1,17.2,7.9,52,X, ,X,매우높음
5/11/2022,의정부(532),X,24.5,25.1,18.9,14.3,56,X, ,X,높음
5/11/2022,횡성(536),X,24.3,25.3,18,9.1,59,X, ,X,높음
5/11/2022,고양(540),X,24.9,26.4,18.3,13.1,52,X, ,X,높음
5/11/2022,남양주(541),X,24.8,26,19.3,14.6,48,X, ,X,높음
5/11/2022,안산(545),X,22,22.2,16.2,11.4,65,X, ,X,높음
5/11/2022,경기광주(546),X,23.4,24.6,18.4,11.8,48,X, ,X,높음
5/11/2022,여주(548),X,24.3,25.3,18.4,12.1,49,X, ,X,보통
5/11/2022,용인(549),X,22.1,23.8,17.9,12.3,48,X, ,X,보통
5/11/2022,오산(550),X,23.1,24,18,13.4,46,X, ,X,높음
5/11/2022,평택(551),X,22.9,23.8,18.3,14,58,X, ,X,높음
5/11/2022,화천(555),X,25.4,27.3,18.2,10.6,63,X, ,X,높음
5/11/2022,양구(556),X,23.6,25.5,17.7,9.4,53,X, ,X,높음
5/11/2022,시흥(565),X,22.2,22.8,17.2,12.5,61,X, ,X,높음
5/11/2022,구리(569),X,24.3,25.9,19.8,15.3,44,X, ,X,높음
5/11/2022,화성(571),X,21.7,22.4,17.1,13.8,61,X, ,X,높음
5/11/2022,성남(572),X,23.3,24.7,19.4,14.7,45,X, ,X,높음
5/11/2022,과천(590),X,24,25,18.5,13.7,54,X, ,X,높음
5/11/2022,양주(598),X,22.8,24,18,13.5,53,X, ,X,높음
5/11/2022,단양(601),X,24.6,25.9,19.1,11.3,52,X, ,X,매우높음
5/11/2022,진천(602),X,24.3,25.4,19.2,12.8,50,X, ,X,보통
5/11/2022,괴산(603),X,23.9,25.2,18.1,9.5,55,X, ,X,보통
5/11/2022,옥천(604),X,24.5,25.2,18.7,12.5,58,X, ,X,보통
5/11/2022,홍북(608),X,24,25.2,17.3,12,57,X, ,X,높음
5/11/2022,공주(612),X,24.7,25.9,18.8,12.5,50,X, ,X,보통
5/11/2022,서천(614),X,21.7,21.9,17.3,14,54,X, ,X,보통
5/11/2022,논산(615),X,24.4,25.3,19.3,14.6,56,X, ,X,보통
5/11/2022,당진(616),X,21.9,22.5,16.6,12.6,64,X, ,X,보통
5/11/2022,청양(618),X,24.2,24.4,17.4,12.7,59,X, ,X,높음
5/11/2022,음성(619),X,23.7,24.5,17.4,9,54,X, ,X,보통
5/11/2022,증평(623),X,24.1,24.8,18.8,11.3,53,X, ,X,보통
5/11/2022,태안(627),X,22,22.4,16.1,12,65,X, ,X,높음
5/11/2022,예산(628),X,22.7,23.3,17.9,14.2,58,X, ,X,높음
5/11/2022,아산(634),X,21.9,22.5,17.6,14,59,X, ,X,높음
5/11/2022,계룡(636),X,22.9,24.1,17.2,10.6,55,X, ,X,보통
5/11/2022,연천청산(652),X,,,,,,X, ,X,높음
5/11/2022,양양(670),X,20.9,17.5,14.8,9.8,96,X, ,X,높음
5/11/2022,무안(699),X,25.4,23.5,18,14.2,,X, ,X,보통
5/11/2022,무주(701),X,23.9,24.6,18.2,12.7,58,X, ,X,보통
5/11/2022,익산(702),X,24.9,24.8,18.7,14.8,65,X, ,X,보통
5/11/2022,진안(703),X,22.8,22.8,17.2,12.5,63,X, ,X,보통
5/11/2022,담양(706),X,26.4,26.9,20.6,15.4,61,X, ,X,높음
5/11/2022,구례(709),X,25.3,25.1,19.6,14.4,65,X, ,X,높음
5/11/2022,나주(710),X,24.9,25,19.5,14.9,66,X, ,X,높음
5/11/2022,순천시(712),X,23.9,25.2,19.4,15.6,60,X, ,X,높음
5/11/2022,광양읍(713),X,23.9,24.5,18.8,15.1,65,X, ,X,높음
5/11/2022,장성(730),X,24.7,25.2,19.2,14.7,58,X, ,X,보통
5/11/2022,영암(731),X,25.3,25.1,19.3,14.2,63,X, ,X,보통
5/11/2022,보성(732),X,23.5,23.7,18.1,13.4,72,X, ,X,높음
5/11/2022,완주(734),X,25.1,25.6,18.3,12.5,64,X, ,X,보통
5/11/2022,김제(737),X,22.9,23.5,18,15.1,54,X, ,X,보통
5/11/2022,화순(741),X,24.9,24.9,19.8,14.2,63,X, ,X,높음
5/11/2022,함평(754),X,24.4,24.3,18.7,14.5,63,X, ,X,보통
5/11/2022,곡성(768),X,25.3,25.9,19.6,14.4,60,X, ,X,높음
5/11/2022,압해도(789),X,24.1,23.4,18.5,15,63,X, ,X,보통
5/11/2022,영양(801),X,24.4,26.3,17.5,9.1,56,X, ,X,높음
5/11/2022,성주(810),X,25,26.9,20.4,14.2,48,X, ,X,높음
5/11/2022,고령(812),X,24.6,25.5,19.7,13.8,53,X, ,X,높음
5/11/2022,청도(813),X,25.6,27,20,13.4,56,X, ,X,높음
5/11/2022,예천(815),X,24.3,25.6,18.4,10.3,52,X, ,X,매우높음
5/11/2022,김천(822),X,25.7,,,,,X, ,X,보통
5/11/2022,군위(823),X,25.8,26.8,19.3,12.2,55,X, ,X,높음
5/11/2022,칠곡(825),X,25.3,26.3,20.7,14.7,49,X, ,X,높음
5/11/2022,경산(827),X,25.2,26.7,20.1,13.7,54,X, ,X,높음
5/11/2022,삼척(876),X,22.2,22.6,16.8,10.2,68,X, ,X,매우높음
5/11/2022,속초(90),X,21.4,19.7,15.2,10.7,78,X, ,X,매우높음
5/11/2022,삼천포(907),X,23.1,23.7,18,14.4,63,X, ,X,높음
5/11/2022,고성(918),X,23.7,23.8,18.6,14.2,70,X, ,X,높음
5/11/2022,창녕(919),X,25.6,26.9,19.9,15.2,60,X, ,X,높음
5/11/2022,함안(920),X,25.4,26.4,19,14,69,X, ,X,높음
5/11/2022,북춘천(93),X,24.3,25.8,18.7,12.3,56,X, ,X,높음
5/11/2022,하동(932),X,23.8,24.2,18.5,14.5,68,X, ,X,높음
5/11/2022,철원(95),X,23.2,24,18.1,13,56,X, ,X,높음
5/11/2022,동두천(98),X,24.6,25.6,18.7,14.1,52,X, ,X,높음
5/11/2022,파주(99),X,24.1,24.7,17.5,12.6,64,X, ,X,높음
5/12/2022,북강릉(104),X,20.1,19.3,15,11.6,75.9,X, ,X,높음
5/12/2022,동해(106),X,20.7,19.6,16.1,14.2,74.5,X, ,X,높음
5/12/2022,서울(108),X,26.6,28.1,20.9,14.1,51.5,X, ,X,높음
5/12/2022,인천(112),X,23.6,24.4,18.6,13.8,54,X, ,X,높음
5/12/2022,원주(114),X,25.8,26.7,20.7,13.9,53,X, ,X,높음
5/12/2022,울릉도(115),X,24,21.2,17.5,15.2,92.8,X, ,X,보통
5/12/2022,수원(119),X,25.9,26.9,19.1,12.4,60.8,X, ,X,높음
5/12/2022,영월(121),X,28,29.6,19.8,13.1,60.6,X, ,X,높음
5/12/2022,충주(127),X,26.5,26.8,19.7,12.4,60.6,X, ,X,높음
5/12/2022,서산(129),X,25.3,25.2,17.5,11.8,64.9,X, ,X,높음
5/12/2022,울진(130),X,20.6,19.4,16.4,12,73.9,X, ,X,보통
5/12/2022,청주(131),X,27.3,28.4,20.9,15.5,49.6,X, ,X,높음
5/12/2022,대전(133),X,27.4,28.3,21,15.2,52.4,X, ,X,높음
5/12/2022,추풍령(135),X,24.5,24.4,19.3,14.5,59,X, ,X,보통
5/12/2022,안동(136),X,24.8,25.3,19.7,14.8,57.9,X, ,X,보통
5/12/2022,상주(137),X,26.7,26.7,21,16.1,57.8,X, ,X,높음
5/12/2022,포항(138),X,22.3,20.4,18.1,14.9,76.6,X, ,X,보통
5/12/2022,군산(140),X,23.4,23,18.3,14.5,65.9,X, ,X,높음
5/12/2022,대구(143),X,24.9,24.6,20.2,15.9,63.1,X, ,X,보통
5/12/2022,전주(146),X,26.3,26.6,19.8,14.7,62.3,X, ,X,보통
5/12/2022,울산(152),X,24.6,22.3,18.6,15,77.8,X, ,X,보통
5/12/2022,창원(155),X,25.1,23.6,19.3,16.2,77.1,X, ,X,보통
5/12/2022,광주(156),X,26.9,26.3,21.1,17.8,63.9,X, ,X,보통
5/12/2022,부산(159),X,25.4,23.4,19.3,16.7,80.4,X, ,X,보통
5/12/2022,통영(162),X,25.8,23.9,19.7,16.5,79.1,X, ,X,높음
5/12/2022,목포(165),X,24.3,23.4,18.1,15.7,71.3,X, ,X,보통
5/12/2022,여수(168),X,25.2,24.1,19.8,17.6,74.1,X, ,X,높음
5/12/2022,흑산도(169),X,21.5,19.6,15.3,13.2,81.1,X, ,X,높음
5/12/2022,완도(170),X,26.5,25.5,20.3,17.1,73.8,X, ,X,보통
5/12/2022,고창(172),X,26.1,26.2,17.9,14.5,66.4,X, ,X,높음
5/12/2022,제주(184),X,24.1,22.2,19.1,17.3,89.6,X, ,X,보통
5/12/2022,진주(192),X,26.7,26,20.7,15.1,75.6,X, ,X,높음
5/12/2022,양평(202),X,25.8,26.4,20.4,13.4,58.3,X, ,X,높음
5/12/2022,이천(203),X,26.4,27.3,20.2,12.4,57,X, ,X,높음
5/12/2022,인제(211),X,23.8,24,16.6,11.8,64.4,X, ,X,높음
5/12/2022,홍천(212),X,26.2,27.2,18.8,11.7,60.4,X, ,X,높음
5/12/2022,태백(216),X,19.8,18.9,13.8,9.4,75.1,X, ,X,높음
5/12/2022,정선군(217),X,24.5,25.1,17.5,12.4,63.6,X, ,X,높음
5/12/2022,제천(221),X,25.5,26.1,19.3,11.9,62.9,X, ,X,높음
5/12/2022,보은(226),X,25.4,25.7,19.5,14.2,63.1,X, ,X,높음
5/12/2022,천안(232),X,25.9,26.4,18.7,12.1,61.6,X, ,X,높음
5/12/2022,보령(235),X,24.5,24.7,18.1,13.4,60.8,X, ,X,높음
5/12/2022,부여(236),X,27,27.9,20,13.3,60.1,X, ,X,높음
5/12/2022,금산(238),X,25.2,25.4,19.4,13.9,63.3,X, ,X,높음
5/12/2022,세종(239),X,26.7,27.5,19.9,13.7,55.3,X, ,X,높음
5/12/2022,부안(243),X,24.4,24,18.1,14.9,66.6,X, ,X,높음
5/12/2022,임실(244),X,25.3,25,18.6,14.1,66.6,X, ,X,보통
5/12/2022,정읍(245),X,26.5,26.5,18.7,14.6,64.6,X, ,X,높음
5/12/2022,남원(247),X,25.8,25.5,20.4,15.5,64.8,X, ,X,보통
5/12/2022,장수(248),X,24.5,24,18.1,13.3,75.6,X, ,X,보통
5/12/2022,영광군(252),X,25.4,24.8,17.8,14.3,66.5,X, ,X,높음
5/12/2022,김해시(253),X,25.7,24.3,20.8,17.4,72.8,X, ,X,높음
5/12/2022,순창군(254),X,26.3,26.1,20.6,15.6,65,X, ,X,보통
5/12/2022,양산시(257),X,26.5,25.6,20.6,16.6,67.8,X, ,X,보통
5/12/2022,강진군(259),X,26.6,25.8,20.4,16.8,72.9,X, ,X,보통
5/12/2022,장흥(260),X,26.2,25.8,20.1,16.3,73.8,X, ,X,보통
5/12/2022,해남(261),X,25.9,25.1,18.7,15,73.8,X, ,X,보통
5/12/2022,고흥(262),X,25.6,24.9,19.8,15.3,76.5,X, ,X,높음
5/12/2022,의령군(263),X,26.6,26.5,20.6,15,71,X, ,X,높음
5/12/2022,함양군(264),X,25.4,25.6,20.6,15.7,65.8,X, ,X,보통
5/12/2022,진도군ASOS(268),X,25,24.1,18.3,15.2,72.5,X, ,X,보통
5/12/2022,봉화(271),X,22.8,22.8,17,11.4,70,X, ,X,높음
5/12/2022,영주(272),X,24.9,24.9,19.3,13.9,63.5,X, ,X,높음
5/12/2022,문경(273),X,25.3,25,20,16.5,61.5,X, ,X,높음
5/12/2022,청송군(276),X,23.3,24,17.5,11.3,59.6,X, ,X,보통
5/12/2022,영덕(277),X,21.5,21,16.7,11.5,69.5,X, ,X,보통
5/12/2022,의성(278),X,26.2,26.7,19.9,14.7,61,X, ,X,보통
5/12/2022,구미(279),X,25.2,25.7,21.1,16.9,53.5,X, ,X,보통
5/12/2022,영천(281),X,24,24.1,18.4,14,65.5,X, ,X,보통
5/12/2022,경주시(283),X,23.4,22.2,18,15,71.8,X, ,X,보통
5/12/2022,거창(284),X,24.5,24.2,19.7,14.9,68.3,X, ,X,보통
5/12/2022,합천(285),X,25.7,25.9,21.3,16.5,59.6,X, ,X,보통
5/12/2022,밀양(288),X,25.7,25.7,20.8,17.4,61.5,X, ,X,보통
5/12/2022,산청(289),X,25.3,24.7,20.6,16.5,69.6,X, ,X,보통
5/12/2022,거제(294),X,24.1,21.8,18.8,16.5,80.9,X, ,X,높음
5/12/2022,남해(295),X,25.8,24.6,19.9,16.6,77.9,X, ,X,높음
5/12/2022,부천(433),X,24.3,26.1,19.3,13.6,49,X, ,X,높음
5/12/2022,안양(434),X,20,26.6,20.2,14.9,,X, ,X,높음
5/12/2022,광명(437),X,25.5,27.3,20.7,15.5,49,X, ,X,높음
5/12/2022,군포(438),X,25.7,26.9,19.9,14,49,X, ,X,높음
5/12/2022,김포(441),X,,26.5,18.7,12.4,,X, ,X,매우높음
5/12/2022,하남(444),X,26.2,27.5,19.7,11.8,53,X, ,X,높음
5/12/2022,의왕(445),X,24.2,25,17.4,10.7,57,X, ,X,높음
5/12/2022,포천(504),X,25.8,27.8,19,11.5,51,X, ,X,높음
5/12/2022,가평조종(505),X,25.5,27,18,10.1,60,X, ,X,높음
5/12/2022,안성(516),X,26.7,27.3,19,12.1,60,X, ,X,높음
5/12/2022,간성(517),X,19.6,17.2,13.8,10.4,92,X, ,X,높음
5/12/2022,평창(526),X,25.5,26.7,18.5,11.9,57,X, ,X,높음
5/12/2022,의정부(532),X,26.2,27.7,19.7,11.9,57,X, ,X,높음
5/12/2022,횡성(536),X,26.7,27.6,19.9,11.5,62,X, ,X,높음
5/12/2022,고양(540),X,27.3,29.4,19.1,10.5,55,X, ,X,높음
5/12/2022,남양주(541),X,26.6,28.4,20.1,12.2,51,X, ,X,높음
5/12/2022,안산(545),X,25,25.2,16.7,9.7,72,X, ,X,높음
5/12/2022,경기광주(546),X,25.5,26.4,19.1,11.7,55,X, ,X,높음
5/12/2022,여주(548),X,26.2,26.9,19.9,12.4,55,X, ,X,높음
5/12/2022,용인(549),X,25.3,26.7,19.1,11.2,52,X, ,X,높음
5/12/2022,오산(550),X,25.4,26.6,19.2,11.8,50,X, ,X,높음
5/12/2022,평택(551),X,26.5,27.5,19.2,13,61,X, ,X,높음
5/12/2022,화천(555),X,25.9,28.1,18.4,9.8,61,X, ,X,높음
5/12/2022,양구(556),X,24.4,26.1,17.5,10.9,59,X, ,X,높음
5/12/2022,시흥(565),X,25.3,25.9,18.4,10.1,62,X, ,X,높음
5/12/2022,구리(569),X,26.1,27.9,20.5,13,47,X, ,X,높음
5/12/2022,화성(571),X,25.2,25.4,18.4,12.4,62,X, ,X,높음
5/12/2022,성남(572),X,25.9,27.3,20.1,13,51,X, ,X,높음
5/12/2022,과천(590),X,26.5,27.6,19,11.1,61,X, ,X,높음
5/12/2022,양주(598),X,25,27.2,18.3,9.8,57,X, ,X,높음
5/12/2022,단양(601),X,26.6,27.4,20.3,15,63,X, ,X,높음
5/12/2022,진천(602),X,27,27.7,19.9,13.6,59,X, ,X,높음
5/12/2022,괴산(603),X,26.2,27,19,12.1,66,X, ,X,높음
5/12/2022,옥천(604),X,26,26.3,19.9,13.7,61,X, ,X,높음
5/12/2022,홍북(608),X,27.9,29,18.4,10.9,58,X, ,X,높음
5/12/2022,공주(612),X,26.7,28.2,19.9,12.4,56,X, ,X,높음
5/12/2022,서천(614),X,24.7,25.3,18.4,14,63,X, ,X,높음
5/12/2022,논산(615),X,27.3,28.3,20.6,14.5,56,X, ,X,높음
5/12/2022,당진(616),X,24.9,25.2,17.4,11.1,65,X, ,X,높음
5/12/2022,청양(618),X,27,27.3,18.2,10.9,66,X, ,X,높음
5/12/2022,음성(619),X,25.8,26.4,19,11,61,X, ,X,높음
5/12/2022,증평(623),X,26.4,26.8,20,13.2,62,X, ,X,높음
5/12/2022,태안(627),X,25.6,25.5,17.5,12.1,67,X, ,X,높음
5/12/2022,예산(628),X,25.7,26.4,18.8,12.7,64,X, ,X,높음
5/12/2022,아산(634),X,24.9,25.5,18.5,13.5,60,X, ,X,높음
5/12/2022,계룡(636),X,25.5,26.8,18.9,11.6,54,X, ,X,높음
5/12/2022,연천청산(652),X,,,,,,X, ,X,높음
5/12/2022,양양(670),X,21.4,18.9,14.3,12,96,X, ,X,높음
5/12/2022,무안(699),X,,24.9,18.5,15.2,,X, ,X,높음
5/12/2022,무주(701),X,25.4,25.6,18.8,13.5,69,X, ,X,보통
5/12/2022,익산(702),X,27.1,26.8,19.5,15.1,68,X, ,X,높음
5/12/2022,진안(703),X,24.7,24.3,18.1,13.7,72,X, ,X,보통
5/12/2022,담양(706),X,27.8,27.8,21.2,16.4,65,X, ,X,보통
5/12/2022,구례(709),X,27.1,26.9,20.9,16.6,75,X, ,X,보통
5/12/2022,나주(710),X,27.1,26.4,20,16.2,67,X, ,X,보통
5/12/2022,순천시(712),X,27.1,26.8,21.4,17.3,68,X, ,X,보통
5/12/2022,광양읍(713),X,27,26.7,21,16.3,70,X, ,X,높음
5/12/2022,장성(730),X,26.5,27,19.8,15.5,61,X, ,X,보통
5/12/2022,영암(731),X,27.7,27.4,19.7,15.5,69,X, ,X,보통
5/12/2022,보성(732),X,26.5,26.3,20.1,15.8,77,X, ,X,보통
5/12/2022,완주(734),X,26.6,26.3,19.1,13.1,70,X, ,X,보통
5/12/2022,김제(737),X,25.2,25.8,18.8,14.2,60,X, ,X,높음
5/12/2022,화순(741),X,27,26.8,20.1,16.3,68,X, ,X,보통
5/12/2022,함평(754),X,26.5,25.4,19,15.4,65,X, ,X,높음
5/12/2022,곡성(768),X,26.8,26.5,20.2,15.4,70,X, ,X,보통
5/12/2022,압해도(789),X,24,22.9,18.1,15.5,72,X, ,X,높음
5/12/2022,영양(801),X,23.8,24,17.3,10.9,69,X, ,X,보통
5/12/2022,성주(810),X,25.5,26.3,20.5,16.2,57,X, ,X,보통
5/12/2022,고령(812),X,25.4,25.8,20.6,15.9,61,X, ,X,보통
5/12/2022,청도(813),X,25.6,25.5,19.8,15.3,69,X, ,X,보통
5/12/2022,예천(815),X,26.4,26.9,19.7,14.6,63,X, ,X,보통
5/12/2022,김천(822),X,26.7,26.6,20,14,67,X, ,X,보통
5/12/2022,군위(823),X,25.8,25.9,19.7,15.2,64,X, ,X,보통
5/12/2022,칠곡(825),X,25.5,25.9,20.9,17.3,58,X, ,X,보통
5/12/2022,경산(827),X,24.9,24.9,19.4,14.8,62,X, ,X,보통
5/12/2022,삼척(876),X,20.6,19.9,16.2,13.9,72,X, ,X,높음
5/12/2022,속초(90),X,19.8,18.1,14,11.1,80,X, ,X,높음
5/12/2022,삼천포(907),X,25.1,23.8,19.5,16.6,78,X, ,X,높음
5/12/2022,고성(918),X,25.4,23.6,19.7,16.7,81,X, ,X,높음
5/12/2022,창녕(919),X,26.3,25.9,21.1,16.8,70,X, ,X,보통
5/12/2022,함안(920),X,26.6,26.1,20.2,15.6,79,X, ,X,보통
5/12/2022,북춘천(93),X,25.5,27.2,19.1,11.3,60.3,X, ,X,높음
5/12/2022,하동(932),X,26.3,26.2,20.6,15.7,75,X, ,X,보통
5/12/2022,철원(95),X,24.1,24.9,17.6,10.1,60,X, ,X,높음
5/12/2022,동두천(98),X,25.7,27.7,19.1,11.4,50.3,X, ,X,높음
5/12/2022,파주(99),X,25.2,26.7,18,10.4,58.8,X, ,X,매우높음
5/13/2022,북강릉(104),X,17.7,16,12.2,9.7,82.4,X, ,X,보통
5/13/2022,동해(106),X,18,15.7,13.1,11.2,86,X, ,X,보통
5/13/2022,서울(108),X,24,25.2,19.4,15,45.8,X, ,X,보통
5/13/2022,인천(112),X,22.2,23.4,18,14.3,41.9,X, ,X,매우높음
5/13/2022,원주(114),X,22.3,21.9,16.9,13,70,X, ,X,보통
5/13/2022,울릉도(115),X,19,16.3,14,10,96.4,X, ,X,보통
5/13/2022,수원(119),X,23.2,23.5,18.5,14.4,56.3,X, ,X,높음
5/13/2022,영월(121),X,24.1,24.2,15.6,12,77.5,X, ,X,보통
5/13/2022,충주(127),X,23.4,23,17.1,11.8,77.8,X, ,X,보통
5/13/2022,서산(129),X,21.5,21.7,16.3,12.9,60.3,X, ,X,매우높음
5/13/2022,울진(130),X,18.8,17.1,13,10.7,83.9,X, ,X,보통
5/13/2022,청주(131),X,22.8,22.2,19.2,15.8,52.3,X, ,X,높음
5/13/2022,대전(133),X,22.5,22.1,19,15.1,56.1,X, ,X,높음
5/13/2022,추풍령(135),X,19.9,18.6,15.8,13.3,75.1,X, ,X,보통
5/13/2022,안동(136),X,20,18.8,15.2,13.3,78.3,X, ,X,보통
5/13/2022,상주(137),X,20.9,19.6,16.6,13.7,73.9,X, ,X,보통
5/13/2022,포항(138),X,19.4,17.2,15.2,13.8,79.9,X, ,X,보통
5/13/2022,군산(140),X,21.4,20.6,16.4,13.7,69.6,X, ,X,보통
5/13/2022,대구(143),X,21,19.3,15.7,13.3,86.4,X, ,X,보통
5/13/2022,전주(146),X,22.3,21.2,16.9,13.8,67,X, ,X,높음
5/13/2022,울산(152),X,20.4,18.4,15.8,14,83,X, ,X,보통
5/13/2022,창원(155),X,22.8,21.5,17.2,15.5,80.9,X, ,X,보통
5/13/2022,광주(156),X,22.4,20.7,17.9,14.7,68.9,X, ,X,높음
5/13/2022,부산(159),X,21.6,19.6,16.9,14.7,83.6,X, ,X,보통
5/13/2022,통영(162),X,22.4,20.5,17.9,16,80.8,X, ,X,보통
5/13/2022,목포(165),X,20.7,19.2,16,14.2,74.5,X, ,X,높음
5/13/2022,여수(168),X,21,18.8,17.5,16.5,79.8,X, ,X,높음
5/13/2022,흑산도(169),X,20.3,18.8,14.6,12.7,84,X, ,X,매우높음
5/13/2022,완도(170),X,22.2,20.1,17.9,15.5,75.9,X, ,X,보통
5/13/2022,고창(172),X,22.1,21.8,15.6,11.8,70,X, ,X,높음
5/13/2022,제주(184),X,22.2,18.8,16.9,14.8,95.5,X, ,X,보통
5/13/2022,진주(192),X,24.1,22.2,18.5,15.6,86.1,X, ,X,보통
5/13/2022,양평(202),X,22.6,22.5,18,12.8,65.4,X, ,X,높음
5/13/2022,이천(203),X,23.2,22.5,17.7,11.6,65.5,X, ,X,높음
5/13/2022,인제(211),X,19.1,18.7,13.3,7.6,63.4,X, ,X,보통
5/13/2022,홍천(212),X,20.6,20,14.8,8.4,69,X, ,X,보통
5/13/2022,태백(216),X,15.9,14.1,9.1,5.7,92.4,X, ,X,보통
5/13/2022,정선군(217),X,20.8,20.9,13.6,10,72.5,X, ,X,보통
5/13/2022,제천(221),X,22.1,21.4,15.6,11.5,80.8,X, ,X,보통
5/13/2022,보은(226),X,21.2,20.2,17.2,12.8,69,X, ,X,보통
5/13/2022,천안(232),X,22.5,21.7,17.2,13.3,63.1,X, ,X,높음
5/13/2022,보령(235),X,21.3,20.5,15.9,12.9,69.3,X, ,X,높음
5/13/2022,부여(236),X,22.5,21.8,17.8,14.3,62.8,X, ,X,높음
5/13/2022,금산(238),X,22,20.7,17.4,14.2,66.3,X, ,X,보통
5/13/2022,세종(239),X,22,21.3,17.6,14.9,59.6,X, ,X,높음
5/13/2022,부안(243),X,21.2,20.2,16.2,13.9,71.4,X, ,X,보통
5/13/2022,임실(244),X,20.5,18.9,15.9,11.3,73.5,X, ,X,보통
5/13/2022,정읍(245),X,20.9,20.1,16.3,13,66.3,X, ,X,높음
5/13/2022,남원(247),X,21.9,20.4,16.6,10.6,78.5,X, ,X,보통
5/13/2022,장수(248),X,21,19.4,16.3,10.2,76.8,X, ,X,보통
5/13/2022,영광군(252),X,22.1,22.2,15.7,12.8,68.9,X, ,X,높음
5/13/2022,김해시(253),X,24,22.7,17.7,15.5,80,X, ,X,보통
5/13/2022,순창군(254),X,22.3,20.5,17.7,12.3,67,X, ,X,보통
5/13/2022,양산시(257),X,23.5,22.3,17.9,14.7,75.6,X, ,X,보통
5/13/2022,강진군(259),X,23.3,21,18,15.1,71.6,X, ,X,보통
5/13/2022,장흥(260),X,22.8,20.7,17.6,14.3,76,X, ,X,보통
5/13/2022,해남(261),X,22.1,20,16.1,12.9,75.1,X, ,X,보통
5/13/2022,고흥(262),X,22.7,20.7,17,12.1,81.4,X, ,X,높음
5/13/2022,의령군(263),X,23.8,22.8,18.6,15.9,79,X, ,X,보통
5/13/2022,함양군(264),X,22.3,20.1,17.5,13.9,80.8,X, ,X,보통
5/13/2022,진도군ASOS(268),X,20.9,19.1,15.8,13.5,76.8,X, ,X,보통
5/13/2022,봉화(271),X,19.7,18.5,13.4,9.4,88.8,X, ,X,보통
5/13/2022,영주(272),X,20.5,19.3,15,12.2,87.4,X, ,X,보통
5/13/2022,문경(273),X,20.9,19.6,15.7,11.8,79,X, ,X,보통
5/13/2022,청송군(276),X,19.9,19.1,13.9,9.1,76.8,X, ,X,보통
5/13/2022,영덕(277),X,20.4,18.9,13.3,9.7,84.8,X, ,X,보통
5/13/2022,의성(278),X,20.3,18.9,15.4,11.8,83.4,X, ,X,보통
5/13/2022,구미(279),X,20.3,19.2,16.3,14.2,80.1,X, ,X,보통
5/13/2022,영천(281),X,20.5,19.2,14.8,11.8,82.6,X, ,X,보통
5/13/2022,경주시(283),X,20.8,19.3,15.7,13.9,77,X, ,X,보통
5/13/2022,거창(284),X,20.7,18.8,16.1,12,89,X, ,X,보통
5/13/2022,합천(285),X,21.3,20,17.4,14.9,75.6,X, ,X,보통
5/13/2022,밀양(288),X,24.2,23.8,18.2,15.6,69.1,X, ,X,보통
5/13/2022,산청(289),X,21.9,19.5,17.2,13.4,87.9,X, ,X,보통
5/13/2022,거제(294),X,22.4,20.7,17.3,15.1,80.4,X, ,X,보통
5/13/2022,남해(295),X,22.5,20.7,18,15.8,85.9,X, ,X,높음
5/13/2022,부천(433),X,22.4,24.4,18.4,14.8,37,X, ,X,높음
5/13/2022,안양(434),X,17.3,23.1,19.4,16.2,,X, ,X,높음
5/13/2022,광명(437),X,22.9,24.9,19.6,16.5,39,X, ,X,높음
5/13/2022,군포(438),X,22.4,23.1,18.9,15.5,46,X, ,X,높음
5/13/2022,김포(441),X,,25.5,17.7,12.4,,X, ,X,높음
5/13/2022,하남(444),X,23.3,23.8,18.3,11.8,53,X, ,X,보통
5/13/2022,의왕(445),X,21.4,21.7,16.8,11.7,54,X, ,X,높음
5/13/2022,포천(504),X,23.5,24.5,16.9,10.4,49,X, ,X,높음
5/13/2022,가평조종(505),X,23.2,23.5,16,9.4,64,X, ,X,보통
5/13/2022,안성(516),X,22.4,22,17,11.7,63,X, ,X,높음
5/13/2022,간성(517),X,17.5,14.6,12.1,8,90,X, ,X,보통
5/13/2022,평창(526),X,22.4,22.6,14.1,10.7,75,X, ,X,보통
5/13/2022,의정부(532),X,23.8,24.1,17.3,11.4,53,X, ,X,높음
5/13/2022,횡성(536),X,22.8,21.9,15.8,10.6,79,X, ,X,보통
5/13/2022,고양(540),X,24.3,26.9,17.9,11,44,X, ,X,높음
5/13/2022,남양주(541),X,23.9,25,18.2,11.9,46,X, ,X,보통
5/13/2022,안산(545),X,23.1,23.4,16.8,10.3,61,X, ,X,높음
5/13/2022,경기광주(546),X,23.2,23.7,17.5,11.5,58,X, ,X,보통
5/13/2022,여주(548),X,22.3,21.7,17.3,12.4,66,X, ,X,높음
5/13/2022,용인(549),X,22.7,23.2,17.6,11.9,55,X, ,X,높음
5/13/2022,오산(550),X,23,23.6,18.2,14.1,48,X, ,X,높음
5/13/2022,평택(551),X,22.4,21.9,17.9,14.4,61,X, ,X,높음
5/13/2022,화천(555),X,22.3,23,14.8,6.9,65,X, ,X,보통
5/13/2022,양구(556),X,20.5,20.8,14.1,7,61,X, ,X,보통
5/13/2022,시흥(565),X,22.6,23.7,17.6,11.4,52,X, ,X,매우높음
5/13/2022,구리(569),X,24.1,25.5,19,13,42,X, ,X,보통
5/13/2022,화성(571),X,22.5,22.9,18,13.8,57,X, ,X,높음
5/13/2022,성남(572),X,23.4,24.3,19.2,13.2,46,X, ,X,높음
5/13/2022,과천(590),X,24,24.6,18.2,11.6,56,X, ,X,보통
5/13/2022,양주(598),X,22.7,23.7,16.4,9.5,51,X, ,X,높음
5/13/2022,단양(601),X,23.5,22.8,17,13,80,X, ,X,보통
5/13/2022,진천(602),X,23.1,22.8,18.6,14.7,56,X, ,X,높음
5/13/2022,괴산(603),X,23,22.7,17.2,12.4,70,X, ,X,보통
5/13/2022,옥천(604),X,22.2,21.2,17.9,13,68,X, ,X,보통
5/13/2022,홍북(608),X,22.8,23,16.5,12,58,X, ,X,높음
5/13/2022,공주(612),X,23.2,22.8,18.2,14,57,X, ,X,높음
5/13/2022,서천(614),X,21.1,20.1,16.4,13.4,67,X, ,X,높음
5/13/2022,논산(615),X,22,22,17.5,11.9,65,X, ,X,보통
5/13/2022,당진(616),X,21.3,21.6,16.5,11.8,60,X, ,X,높음
5/13/2022,청양(618),X,22.5,21.9,16,11.5,69,X, ,X,높음
5/13/2022,음성(619),X,22.5,22,16.8,12.2,68,X, ,X,보통
5/13/2022,증평(623),X,22.7,21.8,18.2,15.1,64,X, ,X,높음
5/13/2022,태안(627),X,21.3,21.7,16,11.5,61,X, ,X,매우높음
5/13/2022,예산(628),X,22.6,22.3,17.6,13.7,62,X, ,X,높음
5/13/2022,아산(634),X,22.4,22.4,17.6,14,57,X, ,X,높음
5/13/2022,계룡(636),X,20.6,20.6,16.2,9.5,58,X, ,X,보통
5/13/2022,연천청산(652),X,,,,,,X, ,X,높음
5/13/2022,양양(670),X,18.6,15.4,12.6,10.1,95,X, ,X,보통
5/13/2022,무안(699),X,23,21.4,15.9,12.1,75,X, ,X,높음
5/13/2022,무주(701),X,22.2,20.6,16.8,11.3,82,X, ,X,보통
5/13/2022,익산(702),X,21.7,20.2,16.4,12.3,77,X, ,X,보통
5/13/2022,진안(703),X,20.7,18.8,15.2,9.3,80,X, ,X,보통
5/13/2022,담양(706),X,23,22.1,17.8,11.7,70,X, ,X,보통
5/13/2022,구례(709),X,23.3,21.2,18,11.5,84,X, ,X,보통
5/13/2022,나주(710),X,22,20.5,17,11.8,69,X, ,X,높음
5/13/2022,순천시(712),X,23.6,21.6,18.7,15.4,77,X, ,X,보통
5/13/2022,광양읍(713),X,23.2,20.8,18.7,15.5,78,X, ,X,보통
5/13/2022,장성(730),X,21.8,21.3,16.7,11.7,64,X, ,X,높음
5/13/2022,영암(731),X,23,21.5,16.7,11.5,73,X, ,X,높음
5/13/2022,보성(732),X,22.6,20.1,17.5,13.2,79,X, ,X,보통
5/13/2022,완주(734),X,22.7,21.4,15.7,9.6,77,X, ,X,높음
5/13/2022,김제(737),X,21.1,20.3,15.9,13,67,X, ,X,보통
5/13/2022,화순(741),X,23,21.7,17.3,12.6,70,X, ,X,보통
5/13/2022,함평(754),X,22.9,22.1,16.3,13,69,X, ,X,높음
5/13/2022,곡성(768),X,22.5,20.6,17.6,12,75,X, ,X,보통
5/13/2022,압해도(789),X,21.7,20.3,16.1,13.8,75,X, ,X,높음
5/13/2022,영양(801),X,20.4,18.9,13.6,9.2,89,X, ,X,보통
5/13/2022,성주(810),X,20.1,18.2,16.1,14.7,81,X, ,X,보통
5/13/2022,고령(812),X,20.5,18.8,16.6,14.9,81,X, ,X,보통
5/13/2022,청도(813),X,23,21.9,16.7,13.5,79,X, ,X,보통
5/13/2022,예천(815),X,20.9,19.8,15.5,13.3,86,X, ,X,보통
5/13/2022,김천(822),X,20.6,18.9,15.7,12,85,X, ,X,보통
5/13/2022,군위(823),X,21.1,19.3,15.5,13,88,X, ,X,보통
5/13/2022,칠곡(825),X,20.4,18.4,16.6,14.5,84,X, ,X,보통
5/13/2022,경산(827),X,21.2,19.9,15.6,13.5,79,X, ,X,높음
5/13/2022,삼척(876),X,18.5,16.5,13,10.5,81,X, ,X,보통
5/13/2022,속초(90),X,17.3,15.3,12.1,7.8,81,X, ,X,보통
5/13/2022,삼천포(907),X,22,20.1,17.7,16.5,83,X, ,X,높음
5/13/2022,고성(918),X,23.1,21.4,18.1,16.1,82,X, ,X,보통
5/13/2022,창녕(919),X,22.7,21.1,17.7,16.4,80,X, ,X,보통
5/13/2022,함안(920),X,23.7,22.2,18,16.2,86,X, ,X,보통
5/13/2022,북춘천(93),X,22.1,22.1,15.9,9.4,60.8,X, ,X,보통
5/13/2022,하동(932),X,22.2,19.5,17.8,13.9,90,X, ,X,보통
5/13/2022,철원(95),X,22.4,22.9,15.2,9.7,56.4,X, ,X,높음
5/13/2022,동두천(98),X,23.6,24.5,16.7,10.8,51.6,X, ,X,높음
5/13/2022,파주(99),X,23.2,24.6,16.2,9.2,54,X, ,X,높음
5/14/2022,북강릉(104),X,19.6,21,14.1,6.8,50.5,X, ,X,매우높음
5/14/2022,동해(106),X,20.2,22.5,16,9,48.9,X, ,X,매우높음
5/14/2022,서울(108),X,19.3,20,15.7,11.9,45.5,X, ,X,매우높음
5/14/2022,인천(112),X,17.4,16.7,14.4,12.1,53.9,X, ,X,매우높음
5/14/2022,원주(114),X,18.2,19.7,14.5,8.5,50.8,X, ,X,매우높음
5/14/2022,울릉도(115),X,20.2,19.5,14.6,9.2,60.3,X, ,X,매우높음
5/14/2022,수원(119),X,18.2,18.7,14.7,9.9,56.1,X, ,X,매우높음
5/14/2022,영월(121),X,18.7,20.3,13.9,9.7,57.8,X, ,X,매우높음
5/14/2022,충주(127),X,19.5,21.2,14,7.7,54.8,X, ,X,매우높음
5/14/2022,서산(129),X,18.6,19.3,13.4,7.2,56.4,X, ,X,높음
5/14/2022,울진(130),X,22.3,24.3,15.9,8.5,58.1,X, ,X,매우높음
5/14/2022,청주(131),X,19.6,21.9,16,11.8,38.5,X, ,X,매우높음
5/14/2022,대전(133),X,21,22.8,15.7,10.1,41.5,X, ,X,매우높음
5/14/2022,추풍령(135),X,18.9,20.4,14.9,10,40.9,X, ,X,매우높음
5/14/2022,안동(136),X,20,21.8,15.9,10.1,48,X, ,X,매우높음
5/14/2022,상주(137),X,21.3,23.1,16.6,11.4,40,X, ,X,매우높음
5/14/2022,포항(138),X,21.7,24.5,18.6,12.3,42.1,X, ,X,매우높음
5/14/2022,군산(140),X,18.6,18.2,14.1,9.9,57.8,X, ,X,매우높음
5/14/2022,대구(143),X,22.1,24.6,17.9,11.1,50,X, ,X,매우높음
5/14/2022,전주(146),X,20.4,20.8,14.9,10.2,49.9,X, ,X,매우높음
5/14/2022,울산(152),X,21.8,23.9,18,10.5,46.3,X, ,X,매우높음
5/14/2022,창원(155),X,22.1,25.3,18.6,12.2,41.1,X, ,X,매우높음
5/14/2022,광주(156),X,20.9,22.7,16.4,11.7,41.5,X, ,X,매우높음
5/14/2022,부산(159),X,23.6,24.3,18.4,14.2,53.4,X, ,X,매우높음
5/14/2022,통영(162),X,21.3,23.3,18.6,13.1,45.5,X, ,X,매우높음
5/14/2022,목포(165),X,19.5,20,15.4,12.8,55.6,X, ,X,매우높음
5/14/2022,여수(168),X,21.1,23.8,18.1,14.1,33.1,X, ,X,매우높음
5/14/2022,흑산도(169),X,20.4,19.4,14.6,12.2,71.5,X, ,X,매우높음
5/14/2022,완도(170),X,21.6,23.6,17.4,13.4,43.3,X, ,X,매우높음
5/14/2022,고창(172),X,19.7,20.1,14.3,8.6,57.5,X, ,X,매우높음
5/14/2022,제주(184),X,21.2,21.3,16.6,13.2,61.6,X, ,X,매우높음
5/14/2022,진주(192),X,22.9,25.1,17.6,8.8,43.3,X, ,X,매우높음
5/14/2022,양평(202),X,18.6,20,14.5,8.6,57.4,X, ,X,매우높음
5/14/2022,이천(203),X,19.5,21,14.6,8.1,56.9,X, ,X,매우높음
5/14/2022,인제(211),X,18.5,20.7,12.9,4.7,49.9,X, ,X,높음
5/14/2022,홍천(212),X,18.6,20.2,13.3,7.2,55.8,X, ,X,매우높음
5/14/2022,태백(216),X,16.4,17.1,11.2,4.6,54.8,X, ,X,매우높음
5/14/2022,정선군(217),X,18.1,19.8,13.2,8.4,55.4,X, ,X,매우높음
5/14/2022,제천(221),X,18.7,19.5,12.8,6.1,58.6,X, ,X,매우높음
5/14/2022,보은(226),X,19.2,20.6,14.3,7.5,47.4,X, ,X,매우높음
5/14/2022,천안(232),X,18.9,20.3,14.2,8,53.3,X, ,X,높음
5/14/2022,보령(235),X,19.7,20,13.7,8.3,58.6,X, ,X,높음
5/14/2022,부여(236),X,20.2,21.7,14.4,7,48.6,X, ,X,매우높음
5/14/2022,금산(238),X,19.9,21.3,14.1,6.6,47.8,X, ,X,매우높음
5/14/2022,세종(239),X,19.7,21.2,14.9,8.7,39.3,X, ,X,매우높음
5/14/2022,부안(243),X,19.4,19.3,15.1,11.7,56.3,X, ,X,매우높음
5/14/2022,임실(244),X,19.6,21.2,13.4,6.2,53,X, ,X,매우높음
5/14/2022,정읍(245),X,20,20.6,14.7,10,50.6,X, ,X,매우높음
5/14/2022,남원(247),X,20,21.8,14.3,7.2,53.4,X, ,X,매우높음
5/14/2022,장수(248),X,18.1,19.2,12.6,5.3,49.4,X, ,X,매우높음
5/14/2022,영광군(252),X,19.4,20.4,15,9.8,52.6,X, ,X,매우높음
5/14/2022,김해시(253),X,22.5,25.6,19.2,13.3,45.8,X, ,X,매우높음
5/14/2022,순창군(254),X,20.4,21.7,14.7,8.1,50,X, ,X,매우높음
5/14/2022,양산시(257),X,23.4,26.4,19.4,12,46.8,X, ,X,매우높음
5/14/2022,강진군(259),X,22,24.1,16.9,10,44.4,X, ,X,매우높음
5/14/2022,장흥(260),X,21.2,23.4,16.4,9.5,42,X, ,X,매우높음
5/14/2022,해남(261),X,20.1,21.6,15.3,10.2,48.8,X, ,X,매우높음
5/14/2022,고흥(262),X,20.9,23.2,16.2,8.4,42.9,X, ,X,매우높음
5/14/2022,의령군(263),X,22.3,25.1,17.7,8.8,44.8,X, ,X,매우높음
5/14/2022,함양군(264),X,20.4,22.8,15.7,6.9,38.5,X, ,X,매우높음
5/14/2022,진도군ASOS(268),X,19.8,20.2,15.6,12.5,56.5,X, ,X,매우높음
5/14/2022,봉화(271),X,18.4,19.6,13.6,7.3,61.3,X, ,X,매우높음
5/14/2022,영주(272),X,19.2,20.5,15.4,12,47,X, ,X,매우높음
5/14/2022,문경(273),X,19.5,20.7,15.4,9.8,47,X, ,X,매우높음
5/14/2022,청송군(276),X,19.6,22.7,15.7,9.4,39.5,X, ,X,매우높음
5/14/2022,영덕(277),X,21.1,23.1,16.8,8.6,46.9,X, ,X,매우높음
5/14/2022,의성(278),X,21.1,23,16.4,9.3,51.4,X, ,X,매우높음
5/14/2022,구미(279),X,21.3,23.5,17.5,10.4,40.3,X, ,X,매우높음
5/14/2022,영천(281),X,21.5,24.1,16.9,8.6,47.8,X, ,X,매우높음
5/14/2022,경주시(283),X,22.1,25,18.3,10.8,42.4,X, ,X,매우높음
5/14/2022,거창(284),X,21.1,23.1,15.1,6.9,47.9,X, ,X,매우높음
5/14/2022,합천(285),X,21.5,24.6,17.5,9.3,45.6,X, ,X,매우높음
5/14/2022,밀양(288),X,22.1,26,19.1,11.3,40,X, ,X,매우높음
5/14/2022,산청(289),X,21.1,23.3,16.7,9.7,36.8,X, ,X,매우높음
5/14/2022,거제(294),X,22.2,23.7,17.8,11.8,50.9,X, ,X,매우높음
5/14/2022,남해(295),X,22,24.5,18,12.2,40.9,X, ,X,매우높음
5/14/2022,부천(433),X,17.6,18.7,14.9,11.6,45,X, ,X,매우높음
5/14/2022,안양(434),X,14.7,18.1,15.3,13.2,,X, ,X,매우높음
5/14/2022,광명(437),X,18.4,19,16,13.2,42,X, ,X,매우높음
5/14/2022,군포(438),X,16.2,,,,,X, ,X,매우높음
5/14/2022,김포(441),X,,19.3,15,10.1,,X, ,X,매우높음
5/14/2022,하남(444),X,18.9,20.2,14.5,7.7,47,X, ,X,매우높음
5/14/2022,의왕(445),X,16.6,17.1,12.7,7.5,52,X, ,X,매우높음
5/14/2022,포천(504),X,18.9,21.3,14.3,6.2,44,X, ,X,매우높음
5/14/2022,가평조종(505),X,17.9,20,13.2,4.6,50,X, ,X,매우높음
5/14/2022,안성(516),X,18.4,19.8,13.9,9.1,58,X, ,X,매우높음
5/14/2022,간성(517),X,20.1,22.6,15.5,6,51,X, ,X,높음
5/14/2022,평창(526),X,18.1,20.1,12.9,7.8,56,X, ,X,매우높음
5/14/2022,의정부(532),X,19.7,20.8,14.4,7.1,53,X, ,X,매우높음
5/14/2022,횡성(536),X,19,20,13.6,7.7,61,X, ,X,매우높음
5/14/2022,고양(540),X,20.1,21.7,15,7.4,45,X, ,X,매우높음
5/14/2022,남양주(541),X,19.8,21.8,14.6,7.1,47,X, ,X,매우높음
5/14/2022,안산(545),X,18.6,18.6,13.5,7.2,63,X, ,X,매우높음
5/14/2022,경기광주(546),X,18.1,19.3,14,7.9,50,X, ,X,매우높음
5/14/2022,여주(548),X,18.9,20,14.1,8.1,56,X, ,X,매우높음
5/14/2022,용인(549),X,17.9,19.1,13.8,8.4,51,X, ,X,매우높음
5/14/2022,오산(550),X,18.6,20.4,14.6,9.9,45,X, ,X,매우높음
5/14/2022,평택(551),X,18.4,19.7,14.8,11.3,51,X, ,X,매우높음
5/14/2022,화천(555),X,19.4,21.8,13,4.1,56,X, ,X,높음
5/14/2022,양구(556),X,19,21.1,12.8,3,47,X, ,X,높음
5/14/2022,시흥(565),X,18.1,18.4,14.6,9.3,56,X, ,X,매우높음
5/14/2022,구리(569),X,19.6,20.9,15.2,9.1,41,X, ,X,매우높음
5/14/2022,화성(571),X,18.6,19.5,14.4,10.1,54,X, ,X,매우높음
5/14/2022,성남(572),X,17.8,19.2,15,9.9,43,X, ,X,매우높음
5/14/2022,과천(590),X,19,19.7,14.6,8.2,52,X, ,X,매우높음
5/14/2022,양주(598),X,18.1,20.8,13.7,6.1,47,X, ,X,매우높음
5/14/2022,단양(601),X,19.6,21.3,15,10.2,55,X, ,X,매우높음
5/14/2022,진천(602),X,18.9,20.5,15.5,10.7,47,X, ,X,매우높음
5/14/2022,괴산(603),X,19.1,20.8,13.9,6.7,50,X, ,X,매우높음
5/14/2022,옥천(604),X,20.5,22.2,14.7,7.7,47,X, ,X,매우높음
5/14/2022,홍북(608),X,21.5,22.7,14.2,7.7,50,X, ,X,높음
5/14/2022,공주(612),X,20.4,22,14.9,7.4,43,X, ,X,매우높음
5/14/2022,서천(614),X,18.6,18.7,13.5,8.5,52,X, ,X,매우높음
5/14/2022,논산(615),X,20.4,22.3,14.3,6.2,52,X, ,X,매우높음
5/14/2022,당진(616),X,18.9,19.5,13.8,9.1,55,X, ,X,높음
5/14/2022,청양(618),X,19.5,20.5,13,5.5,53,X, ,X,높음
5/14/2022,음성(619),X,18.6,19.4,13.3,7.3,56,X, ,X,매우높음
5/14/2022,증평(623),X,18.8,20.4,14.3,9,51,X, ,X,매우높음
5/14/2022,태안(627),X,19.5,19.5,13.6,8.2,62,X, ,X,높음
5/14/2022,예산(628),X,18.8,20.6,14.8,9.2,49,X, ,X,높음
5/14/2022,아산(634),X,19.4,20.8,14.6,9.7,50,X, ,X,높음
5/14/2022,계룡(636),X,18.9,21.2,12.6,4.1,36,X, ,X,매우높음
5/14/2022,연천청산(652),X,,,,,,X, ,X,매우높음
5/14/2022,양양(670),X,20.9,23,15.1,7,59,X, ,X,높음
5/14/2022,무안(699),X,19.7,20.4,14.9,9.2,58,X, ,X,매우높음
5/14/2022,무주(701),X,19.5,21.2,13.8,6.3,52,X, ,X,매우높음
5/14/2022,익산(702),X,20.1,20,14.4,8.3,60,X, ,X,매우높음
5/14/2022,진안(703),X,18.8,19.6,12.5,5.7,53,X, ,X,매우높음
5/14/2022,담양(706),X,21.5,24.1,15.9,8.7,45,X, ,X,매우높음
5/14/2022,구례(709),X,22,23.8,16.7,7.7,45,X, ,X,매우높음
5/14/2022,나주(710),X,21.6,23,15.3,7.9,54,X, ,X,매우높음
5/14/2022,순천시(712),X,22,25.1,18.4,13.1,30,X, ,X,매우높음
5/14/2022,광양읍(713),X,22.6,25.5,18.4,11,32,X, ,X,매우높음
5/14/2022,장성(730),X,20.6,22.4,15.2,8.1,48,X, ,X,매우높음
5/14/2022,영암(731),X,20.5,22.4,14.8,6.4,57,X, ,X,매우높음
5/14/2022,보성(732),X,21.2,23.3,16.4,8.7,41,X, ,X,매우높음
5/14/2022,완주(734),X,20.9,21.9,13.1,5,62,X, ,X,매우높음
5/14/2022,김제(737),X,19.1,19.5,14.2,10,51,X, ,X,매우높음
5/14/2022,화순(741),X,20.9,22.9,15.4,7.6,47,X, ,X,매우높음
5/14/2022,함평(754),X,20.5,21.2,15.1,8.3,57,X, ,X,매우높음
5/14/2022,곡성(768),X,21.1,23,15,6.7,50,X, ,X,매우높음
5/14/2022,압해도(789),X,20.9,21.4,15.8,12.2,55,X, ,X,매우높음
5/14/2022,영양(801),X,20.4,22.4,16,10.9,52,X, ,X,매우높음
5/14/2022,성주(810),X,21.7,24.3,17.2,9.3,45,X, ,X,매우높음
5/14/2022,고령(812),X,21.6,24.8,17.5,9.9,47,X, ,X,매우높음
5/14/2022,청도(813),X,22.2,25.2,17.9,10.7,46,X, ,X,매우높음
5/14/2022,예천(815),X,19.9,22.3,15.6,8.2,47,X, ,X,매우높음
5/14/2022,김천(822),X,21.6,23.1,15.6,6.7,50,X, ,X,매우높음
5/14/2022,군위(823),X,21.7,23,16.1,8.6,53,X, ,X,매우높음
5/14/2022,칠곡(825),X,21.8,24.1,17.6,10.1,45,X, ,X,매우높음
5/14/2022,경산(827),X,21.3,24.5,18.1,10.7,42,X, ,X,매우높음
5/14/2022,삼척(876),X,20.8,23.2,15.8,9.4,50,X, ,X,매우높음
5/14/2022,속초(90),X,20,22.8,16,6.8,41,X, ,X,높음
5/14/2022,삼천포(907),X,22.8,24.9,18.6,12.8,34,X, ,X,매우높음
5/14/2022,고성(918),X,22.3,24.2,18.5,11.8,40,X, ,X,매우높음
5/14/2022,창녕(919),X,22.5,25.4,18.2,10.1,49,X, ,X,매우높음
5/14/2022,함안(920),X,22.5,25,17.8,10.6,51,X, ,X,매우높음
5/14/2022,북춘천(93),X,18.9,21.2,13.5,4.9,50.5,X, ,X,높음
5/14/2022,하동(932),X,21.9,23.9,17.3,10,45,X, ,X,매우높음
5/14/2022,철원(95),X,17.6,19.3,13.1,5.3,53,X, ,X,높음
5/14/2022,동두천(98),X,19,21.5,14.6,6.9,44.9,X, ,X,매우높음
5/14/2022,파주(99),X,18.4,20.3,13.7,5.5,52.1,X, ,X,매우높음
5/15/2022,북강릉(104),X,17.1,18,14.2,8.2,42.6,X, ,X,높음
5/15/2022,동해(106),X,17.8,18.4,14.5,9.6,47.9,X, ,X,높음
5/15/2022,서울(108),X,20.8,22.4,16.2,10.5,39.8,X, ,X,매우높음
5/15/2022,인천(112),X,18.5,19.5,14.8,10.8,44.9,X, ,X,매우높음
5/15/2022,원주(114),X,18.6,20.7,14.5,7.5,39.6,X, ,X,매우높음
5/15/2022,울릉도(115),X,18.7,18.9,14.6,11.7,55.1,X, ,X,매우높음
5/15/2022,수원(119),X,19.2,20.9,14.5,7.7,45.3,X, ,X,매우높음
5/15/2022,영월(121),X,19.8,21.9,14,5.2,45.5,X, ,X,매우높음
5/15/2022,충주(127),X,19.5,21.6,13.7,6,47.6,X, ,X,매우높음
5/15/2022,서산(129),X,18.2,19.9,13.4,6.5,57.9,X, ,X,매우높음
5/15/2022,울진(130),X,17.1,17.6,13.9,10.1,52,X, ,X,매우높음
5/15/2022,청주(131),X,19.4,21.4,15.9,10.6,36.1,X, ,X,매우높음
5/15/2022,대전(133),X,20,22.2,15.5,8.9,38.9,X, ,X,매우높음
5/15/2022,추풍령(135),X,18.1,19.6,13.5,8.1,40.8,X, ,X,매우높음
5/15/2022,안동(136),X,19.4,21.4,15.3,9.1,40.1,X, ,X,매우높음
5/15/2022,상주(137),X,20.7,22.8,16,9.8,37.3,X, ,X,매우높음
5/15/2022,포항(138),X,19.2,18.4,16.2,13.6,51.1,X, ,X,매우높음
5/15/2022,군산(140),X,18.9,19.6,14.2,8.8,47.3,X, ,X,매우높음
5/15/2022,대구(143),X,20.9,23.2,17.1,12.8,42.1,X, ,X,매우높음
5/15/2022,전주(146),X,19.7,21.2,15.1,10.3,41.6,X, ,X,매우높음
5/15/2022,울산(152),X,19.2,19.4,15.8,12.8,46.3,X, ,X,매우높음
5/15/2022,창원(155),X,19.8,21.5,16,12.4,43.8,X, ,X,높음
5/15/2022,광주(156),X,19.9,21.7,16,11.7,38.9,X, ,X,매우높음
5/15/2022,부산(159),X,20.6,20.1,16.6,14,49.6,X, ,X,높음
5/15/2022,통영(162),X,19.9,20.6,16.4,13.3,50,X, ,X,높음
5/15/2022,목포(165),X,18.2,18.8,15.1,12.8,51.1,X, ,X,높음
5/15/2022,여수(168),X,19.6,20.9,16.2,13.1,36.8,X, ,X,높음
5/15/2022,흑산도(169),X,19.3,18.1,14.2,11.7,71.4,X, ,X,높음
5/15/2022,완도(170),X,20.5,21.7,16.4,13.1,41,X, ,X,높음
5/15/2022,고창(172),X,19,20,14,9.3,50.8,X, ,X,매우높음
5/15/2022,제주(184),X,20.3,19.7,16.3,14.4,55.5,X, ,X,높음
5/15/2022,진주(192),X,21,23,16.2,10.9,43.9,X, ,X,높음
5/15/2022,양평(202),X,20.1,22.2,14.9,7,47,X, ,X,높음
5/15/2022,이천(203),X,20.3,22.9,14.9,5.9,46.4,X, ,X,높음
5/15/2022,인제(211),X,19.5,21.7,13.2,3.8,47.1,X, ,X,높음
5/15/2022,홍천(212),X,19.1,21.3,13.7,4.7,45.9,X, ,X,높음
5/15/2022,태백(216),X,17.4,18.6,11.3,4.2,45,X, ,X,매우높음
5/15/2022,정선군(217),X,19,21.1,12.7,4.2,48.8,X, ,X,매우높음
5/15/2022,제천(221),X,18.4,20.4,13.2,4.1,47.1,X, ,X,매우높음
5/15/2022,보은(226),X,19.1,20.5,12.9,6,53.1,X, ,X,매우높음
5/15/2022,천안(232),X,19.1,20.4,13.9,6.8,51.4,X, ,X,매우높음
5/15/2022,보령(235),X,20.2,20.8,13.6,8.2,55.6,X, ,X,매우높음
5/15/2022,부여(236),X,19.8,21.9,13.7,6.5,50.6,X, ,X,매우높음
5/15/2022,금산(238),X,18.9,20.6,13.3,6.1,45.3,X, ,X,매우높음
5/15/2022,세종(239),X,19.1,20.9,14.5,7.9,38.5,X, ,X,매우높음
5/15/2022,부안(243),X,18.9,19.8,14.8,10.2,52,X, ,X,매우높음
5/15/2022,임실(244),X,18.6,20.3,13,7,46.1,X, ,X,매우높음
5/15/2022,정읍(245),X,18.7,19.8,14.2,9.1,48.8,X, ,X,매우높음
5/15/2022,남원(247),X,19.3,20.8,14,8.4,46,X, ,X,매우높음
5/15/2022,장수(248),X,17.9,19.1,11.8,6.1,51.5,X, ,X,매우높음
5/15/2022,영광군(252),X,18.3,19,14.2,9.6,52.6,X, ,X,매우높음
5/15/2022,김해시(253),X,20.3,21,16.4,13.2,45.9,X, ,X,높음
5/15/2022,순창군(254),X,19,20.3,14.3,9.2,44.8,X, ,X,매우높음
5/15/2022,양산시(257),X,21.6,22.6,17.4,13.6,43,X, ,X,높음
5/15/2022,강진군(259),X,21.4,22.5,16.1,11.8,42.8,X, ,X,높음
5/15/2022,장흥(260),X,20.4,21.8,15.4,10.5,43.4,X, ,X,높음
5/15/2022,해남(261),X,19,19.9,14.6,8.9,45.8,X, ,X,높음
5/15/2022,고흥(262),X,19.5,21.5,15.5,10.6,39.6,X, ,X,높음
5/15/2022,의령군(263),X,21,23.9,16.5,9.8,41.4,X, ,X,매우높음
5/15/2022,함양군(264),X,20,22.7,15.5,9,37.6,X, ,X,매우높음
5/15/2022,진도군ASOS(268),X,18.3,18.9,14.7,10.1,56.6,X, ,X,높음
5/15/2022,봉화(271),X,18.5,20,12.3,5.5,55.8,X, ,X,매우높음
5/15/2022,영주(272),X,19,20.7,15,9.3,38.6,X, ,X,매우높음
5/15/2022,문경(273),X,19.2,21,14.9,8,40.8,X, ,X,매우높음
5/15/2022,청송군(276),X,19,22.4,13.6,5.5,41.6,X, ,X,매우높음
5/15/2022,영덕(277),X,18.9,19,13.9,8.6,53.1,X, ,X,매우높음
5/15/2022,의성(278),X,19.9,22.3,14.1,6.2,49.9,X, ,X,매우높음
5/15/2022,구미(279),X,20,22.3,16.7,11,34.4,X, ,X,매우높음
5/15/2022,영천(281),X,20.2,22.2,15.7,10.2,45.3,X, ,X,매우높음
5/15/2022,경주시(283),X,21.8,23.7,16.5,11.3,43.4,X, ,X,매우높음
5/15/2022,거창(284),X,20,21.9,14.3,8.5,42.9,X, ,X,매우높음
5/15/2022,합천(285),X,20.3,23.4,16.4,10.2,37.9,X, ,X,매우높음
5/15/2022,밀양(288),X,21.1,23.7,17.1,12.5,38,X, ,X,매우높음
5/15/2022,산청(289),X,20.5,22.7,16,10.4,37.8,X, ,X,매우높음
5/15/2022,거제(294),X,19.9,20.5,16.1,12.2,48.6,X, ,X,높음
5/15/2022,남해(295),X,19.7,21.1,15.9,12.1,41.3,X, ,X,높음
5/15/2022,부천(433),X,19.3,20.8,15.3,9.2,36,X, ,X,매우높음
5/15/2022,안양(434),X,14.7,21,15.5,10.9,,X, ,X,높음
5/15/2022,광명(437),X,19.7,21.4,16.3,11.2,39,X, ,X,매우높음
5/15/2022,군포(438),X,18.9,20.7,15.2,10.5,37,X, ,X,매우높음
5/15/2022,김포(441),X,,21.8,14.8,8.1,,X, ,X,높음
5/15/2022,하남(444),X,20.4,22.9,14.2,6.1,41,X, ,X,높음
5/15/2022,의왕(445),X,17.7,19,12.4,5.6,45,X, ,X,매우높음
5/15/2022,포천(504),X,20.5,22.8,14.2,5.3,44,X, ,X,높음
5/15/2022,가평조종(505),X,19.7,21.9,13.5,3.1,46,X, ,X,높음
5/15/2022,안성(516),X,20.5,22.2,13.7,6.1,53,X, ,X,높음
5/15/2022,간성(517),X,19.4,19.7,14.9,7.1,47,X, ,X,높음
5/15/2022,평창(526),X,18.1,20.8,12.4,3.5,47,X, ,X,매우높음
5/15/2022,의정부(532),X,20.5,22.4,14.3,6,47,X, ,X,높음
5/15/2022,횡성(536),X,20,22.1,13.6,4.3,51,X, ,X,높음
5/15/2022,고양(540),X,21.8,24.3,14.7,5.3,44,X, ,X,높음
5/15/2022,남양주(541),X,21.2,23.6,14.9,6,41,X, ,X,높음
5/15/2022,안산(545),X,19.5,20.6,12.7,3.7,60,X, ,X,높음
5/15/2022,경기광주(546),X,19.5,21.7,13.8,6.3,40,X, ,X,높음
5/15/2022,여주(548),X,19.6,21.8,14.1,5.7,46,X, ,X,높음
5/15/2022,용인(549),X,19,21.4,13.7,5.8,43,X, ,X,높음
5/15/2022,오산(550),X,19.6,21.8,14.8,7.9,36,X, ,X,높음
5/15/2022,평택(551),X,19.2,20.8,15,8.2,48,X, ,X,높음
5/15/2022,화천(555),X,20.3,22.9,13.4,3,54,X, ,X,높음
5/15/2022,양구(556),X,19.2,21.7,13.5,3.3,44,X, ,X,높음
5/15/2022,시흥(565),X,19.5,20.8,13.8,5.3,55,X, ,X,높음
5/15/2022,구리(569),X,20.5,23.2,15.5,7.5,36,X, ,X,높음
5/15/2022,화성(571),X,19.1,21.2,14.1,8.9,50,X, ,X,높음
5/15/2022,성남(572),X,19.6,22.1,14.8,7,38,X, ,X,매우높음
5/15/2022,과천(590),X,20.6,22.1,14.7,5.7,47,X, ,X,높음
5/15/2022,양주(598),X,19.3,21.9,13.7,4.3,46,X, ,X,높음
5/15/2022,단양(601),X,19.7,21.6,14.7,8,45,X, ,X,매우높음
5/15/2022,진천(602),X,19.9,21.7,15,8.8,47,X, ,X,매우높음
5/15/2022,괴산(603),X,19.3,21.4,12.7,5,50,X, ,X,매우높음
5/15/2022,옥천(604),X,19.5,21.1,13.7,6.6,48,X, ,X,매우높음
5/15/2022,홍북(608),X,20.8,23.5,14.2,6.1,47,X, ,X,매우높음
5/15/2022,공주(612),X,19.1,21.6,14.1,6.3,44,X, ,X,매우높음
5/15/2022,서천(614),X,18.7,20.5,13.5,7,49,X, ,X,매우높음
5/15/2022,논산(615),X,19.9,22.1,14.2,6.3,51,X, ,X,매우높음
5/15/2022,당진(616),X,18.6,20.5,14.4,8.6,50,X, ,X,높음
5/15/2022,청양(618),X,19.7,21.6,12.4,4.4,54,X, ,X,매우높음
5/15/2022,음성(619),X,19.1,20.6,12.8,4.5,51,X, ,X,매우높음
5/15/2022,증평(623),X,19.5,21.4,14,6.9,50,X, ,X,매우높음
5/15/2022,태안(627),X,19,20.9,14.5,8.6,54,X, ,X,매우높음
5/15/2022,예산(628),X,18.6,20.8,14.8,8.2,46,X, ,X,매우높음
5/15/2022,아산(634),X,18.8,21.3,14.5,8,49,X, ,X,매우높음
5/15/2022,계룡(636),X,16.1,20.5,11.5,2.8,,X, ,X,매우높음
5/15/2022,연천청산(652),X,,,,,,X, ,X,높음
5/15/2022,양양(670),X,18.1,18.3,14.7,8.2,49,X, ,X,높음
5/15/2022,무안(699),X,18.6,18.8,14.3,10,55,X, ,X,높음
5/15/2022,무주(701),X,18.3,20,12.9,6,46,X, ,X,매우높음
5/15/2022,익산(702),X,19.9,21,14.3,8.3,55,X, ,X,매우높음
5/15/2022,진안(703),X,18,19.2,11.6,5.3,52,X, ,X,매우높음
5/15/2022,담양(706),X,21.2,22.6,15.5,8.8,47,X, ,X,매우높음
5/15/2022,구례(709),X,21,22.9,16.1,10.8,42,X, ,X,높음
5/15/2022,나주(710),X,20.2,21.3,14.6,9.5,53,X, ,X,높음
5/15/2022,순천시(712),X,21.3,,,,,X, ,X,높음
5/15/2022,광양읍(713),X,21.7,24,17.1,11.8,35,X, ,X,높음
5/15/2022,장성(730),X,20.1,21.2,14.3,8.2,48,X, ,X,매우높음
5/15/2022,영암(731),X,20.3,21.2,14.5,8,52,X, ,X,높음
5/15/2022,보성(732),X,20.2,22.1,15.5,10,43,X, ,X,높음
5/15/2022,완주(734),X,20.6,22.4,13.2,5.5,54,X, ,X,매우높음
5/15/2022,김제(737),X,19.6,21,14.4,9.9,40,X, ,X,매우높음
5/15/2022,화순(741),X,20,21.8,15.1,9.4,43,X, ,X,높음
5/15/2022,함평(754),X,19.7,20.2,14.5,8.7,54,X, ,X,매우높음
5/15/2022,곡성(768),X,20.2,21.9,14.7,8.5,42,X, ,X,매우높음
5/15/2022,압해도(789),X,20,20.4,15.5,11.9,52,X, ,X,높음
5/15/2022,영양(801),X,19.2,21.3,13.2,5.3,54,X, ,X,매우높음
5/15/2022,성주(810),X,20.5,22.9,16.2,10,36,X, ,X,매우높음
5/15/2022,고령(812),X,20.3,22.9,15.7,9.2,42,X, ,X,매우높음
5/15/2022,청도(813),X,20.8,23.1,16.4,10.5,41,X, ,X,매우높음
5/15/2022,예천(815),X,19.8,22.2,15.1,8.3,42,X, ,X,매우높음
5/15/2022,김천(822),X,20.2,21.8,14.6,7.4,44,X, ,X,매우높음
5/15/2022,군위(823),X,20.4,22.1,14.4,7.5,52,X, ,X,매우높음
5/15/2022,칠곡(825),X,20.6,23,16.5,11.7,41,X, ,X,매우높음
5/15/2022,경산(827),X,19.8,22.8,17.4,13.2,35,X, ,X,매우높음
5/15/2022,삼척(876),X,18.8,19.6,15,10.7,42,X, ,X,매우높음
5/15/2022,속초(90),X,19,19.7,15.4,9.6,41.9,X, ,X,높음
5/15/2022,삼천포(907),X,19.8,22,16.4,13.4,40,X, ,X,높음
5/15/2022,고성(918),X,19.6,20.6,15.6,11.9,50,X, ,X,높음
5/15/2022,창녕(919),X,21.2,23.3,17,12.2,43,X, ,X,매우높음
5/15/2022,함안(920),X,21.3,23.5,16.2,10.6,45,X, ,X,높음
5/15/2022,북춘천(93),X,19.8,21.9,13.7,4.5,49.6,X, ,X,높음
5/15/2022,하동(932),X,21.3,23.3,16,10.5,48,X, ,X,높음
5/15/2022,철원(95),X,19.4,21.3,13.8,4,50.8,X, ,X,높음
5/15/2022,동두천(98),X,20.7,23.4,14.6,5.5,42.8,X, ,X,높음
5/15/2022,파주(99),X,21.1,22.2,13.6,3.4,54.1,X, ,X,높음
5/16/2022,북강릉(104),X,22.4,25,18.3,11.9,39,X, ,X,높음
5/16/2022,동해(106),X,21.3,23.8,18.3,12.2,37,X, ,X,매우높음
5/16/2022,서울(108),X,22.8,23.7,17.3,10.9,56,X, ,X,매우높음
5/16/2022,인천(112),X,19.9,19.7,15.4,11.4,66,X, ,X,매우높음
5/16/2022,원주(114),X,21.3,23.4,16,7.2,41,X, ,X,매우높음
5/16/2022,울릉도(115),X,22.1,22.2,17.1,12.2,51,X, ,X,매우높음
5/16/2022,수원(119),X,22.4,23.4,16.4,8.5,54,X, ,X,매우높음
5/16/2022,영월(121),X,21.6,23.9,14.5,4.2,48,X, ,X,매우높음
5/16/2022,충주(127),X,22.5,24.3,14.9,3.9,47,X, ,X,매우높음
5/16/2022,서산(129),X,20.4,20.6,14.3,6.2,70,X, ,X,매우높음
5/16/2022,울진(130),X,20.8,22.2,16.4,9.8,51,X, ,X,매우높음
5/16/2022,청주(131),X,22.3,24.8,17.2,9.6,36,X, ,X,매우높음
5/16/2022,대전(133),X,22.4,24.6,16.6,7.4,40,X, ,X,매우높음
5/16/2022,추풍령(135),X,20.4,22.5,14.3,4,42,X, ,X,매우높음
5/16/2022,안동(136),X,21.8,24.2,16.3,7.1,40,X, ,X,매우높음
5/16/2022,상주(137),X,22.7,24.8,17.4,8.3,35,X, ,X,매우높음
5/16/2022,포항(138),X,22.8,24.5,18.7,12.4,41,X, ,X,매우높음
5/16/2022,군산(140),X,20.5,21.8,15.8,8.5,48,X, ,X,매우높음
5/16/2022,대구(143),X,22.6,25.5,18.5,9.7,39,X, ,X,매우높음
5/16/2022,전주(146),X,22.2,23.9,16.3,7.9,41,X, ,X,매우높음
5/16/2022,울산(152),X,21.4,23,17.1,12.2,46,X, ,X,매우높음
5/16/2022,창원(155),X,21.8,24.1,16.8,11.4,44,X, ,X,매우높음
5/16/2022,광주(156),X,23,25,17.4,10,41,X, ,X,매우높음
5/16/2022,부산(159),X,21.6,23.1,17.6,13.6,44,X, ,X,매우높음
5/16/2022,통영(162),X,20.7,22.1,16.6,11.9,54,X, ,X,매우높음
5/16/2022,목포(165),X,19.7,21.1,16.4,11.7,50,X, ,X,매우높음
5/16/2022,여수(168),X,20.2,21.5,16.9,13.2,43,X, ,X,매우높음
5/16/2022,흑산도(169),X,21.4,20.5,15.1,11.9,73,X, ,X,매우높음
5/16/2022,완도(170),X,22.8,23.4,17.8,11.2,42,X, ,X,매우높음
5/16/2022,고창(172),X,21.5,23.5,15.9,6,49,X, ,X,매우높음
5/16/2022,제주(184),X,21.6,22,18,13.4,47,X, ,X,매우높음
5/16/2022,진주(192),X,23.1,24.9,16.2,8.4,55,X, ,X,매우높음
5/16/2022,양평(202),X,22.7,24.3,15.8,6.3,50,X, ,X,매우높음
5/16/2022,이천(203),X,23.3,25.1,16.4,5.6,48,X, ,X,매우높음
5/16/2022,인제(211),X,21.4,23,15,4.6,48,X, ,X,높음
5/16/2022,홍천(212),X,22,23.9,15.2,4.6,49,X, ,X,높음
5/16/2022,태백(216),X,18.5,20,13.1,6.8,38,X, ,X,매우높음
5/16/2022,정선군(217),X,20.7,22.6,13.9,3.7,49,X, ,X,매우높음
5/16/2022,제천(221),X,20.6,22.5,14.3,3.1,47,X, ,X,매우높음
5/16/2022,보은(226),X,21.4,23.1,14.1,3.5,53,X, ,X,매우높음
5/16/2022,천안(232),X,22.1,23.9,14.7,3.9,52,X, ,X,매우높음
5/16/2022,보령(235),X,20.1,21.3,15.3,7.9,55,X, ,X,매우높음
5/16/2022,부여(236),X,21.3,23.1,14.7,4.9,54,X, ,X,매우높음
5/16/2022,금산(238),X,21.2,23,14.1,3.5,50,X, ,X,매우높음
5/16/2022,세종(239),X,21.9,23.8,15.7,6.6,42,X, ,X,매우높음
5/16/2022,부안(243),X,21.6,23.9,16.6,8.3,44,X, ,X,매우높음
5/16/2022,임실(244),X,20.9,22.8,13.4,3.1,55,X, ,X,매우높음
5/16/2022,정읍(245),X,21.3,23.2,16,6.8,42,X, ,X,매우높음
5/16/2022,남원(247),X,21.3,23.7,15.2,5.8,48,X, ,X,매우높음
5/16/2022,장수(248),X,19.7,21.3,12.7,2.7,57,X, ,X,매우높음
5/16/2022,영광군(252),X,21.6,23.6,15.9,6.8,51,X, ,X,매우높음
5/16/2022,김해시(253),X,22.5,24.9,17.3,12,48,X, ,X,매우높음
5/16/2022,순창군(254),X,22,24.1,15.5,5.3,48,X, ,X,매우높음
5/16/2022,양산시(257),X,23.1,25.4,18,11.4,46,X, ,X,매우높음
5/16/2022,강진군(259),X,22.9,25,16.5,9.5,51,X, ,X,매우높음
5/16/2022,장흥(260),X,22.5,24.3,15.6,8,52,X, ,X,매우높음
5/16/2022,해남(261),X,21.3,22.6,14.3,7.3,59,X, ,X,매우높음
5/16/2022,고흥(262),X,21.3,23.2,16.1,8.6,44,X, ,X,매우높음
5/16/2022,의령군(263),X,22.9,25.8,16.5,7.7,52,X, ,X,매우높음
5/16/2022,함양군(264),X,21.7,24.3,15,4.5,50,X, ,X,매우높음
5/16/2022,진도군ASOS(268),X,21.1,22.5,15.2,8.7,59,X, ,X,매우높음
5/16/2022,봉화(271),X,20.1,22,13.1,2.9,56,X, ,X,매우높음
5/16/2022,영주(272),X,21,23.1,15.3,6.7,45,X, ,X,매우높음
5/16/2022,문경(273),X,21.7,23.5,15.9,6.8,42,X, ,X,매우높음
5/16/2022,청송군(276),X,21.4,24.3,14.1,2.5,48,X, ,X,매우높음
5/16/2022,영덕(277),X,22.5,24.7,17.3,7.8,38,X, ,X,매우높음
5/16/2022,의성(278),X,22.4,24.9,14.6,3.4,52,X, ,X,매우높음
5/16/2022,구미(279),X,22.4,25.3,17,7.8,39,X, ,X,매우높음
5/16/2022,영천(281),X,21.9,24.8,16.2,6.3,48,X, ,X,매우높음
5/16/2022,경주시(283),X,22.9,26.1,17.3,9.1,46,X, ,X,매우높음
5/16/2022,거창(284),X,21.5,24,14.3,4.5,50,X, ,X,매우높음
5/16/2022,합천(285),X,22.7,26.3,17,7.6,45,X, ,X,매우높음
5/16/2022,밀양(288),X,22.4,26,17.9,10.8,44,X, ,X,매우높음
5/16/2022,산청(289),X,22.3,24.6,16,6.9,47,X, ,X,매우높음
5/16/2022,거제(294),X,21.4,22.7,16.4,11,51,X, ,X,매우높음
5/16/2022,남해(295),X,21.9,24,17.3,11.5,49,X, ,X,매우높음
5/16/2022,부천(433),X,21.2,22.1,15.9,10.5,57,X, ,X,매우높음
5/16/2022,안양(434),X,17.9,22.3,16.9,11.6,,X, ,X,매우높음
5/16/2022,광명(437),X,21.8,22.8,17,11.9,55,X, ,X,매우높음
5/16/2022,군포(438),X,21.7,22.9,16.1,9.4,53,X, ,X,매우높음
5/16/2022,김포(441),X,,22.4,16.2,10.8,,X, ,X,높음
5/16/2022,하남(444),X,23.4,25.1,16.2,7.5,47,X, ,X,매우높음
5/16/2022,의왕(445),X,20.5,21.4,14.1,6.2,59,X, ,X,매우높음
5/16/2022,포천(504),X,22.2,23.6,15.4,5.8,56,X, ,X,높음
5/16/2022,가평조종(505),X,22.6,23.8,14.7,3.2,56,X, ,X,높음
5/16/2022,안성(516),X,22.3,23.8,15.3,5.1,51,X, ,X,매우높음
5/16/2022,간성(517),X,23.4,25.7,19,13.4,39,X, ,X,높음
5/16/2022,평창(526),X,20.5,23.3,13.5,3.1,48,X, ,X,매우높음
5/16/2022,의정부(532),X,23.7,24.5,15.8,7.6,61,X, ,X,매우높음
5/16/2022,횡성(536),X,22.1,23.8,14.4,3.9,54,X, ,X,매우높음
5/16/2022,고양(540),X,23.7,25.2,16.3,7.2,57,X, ,X,매우높음
5/16/2022,남양주(541),X,24.1,25.8,15.9,5.8,53,X, ,X,높음
5/16/2022,안산(545),X,21.9,22.7,14.4,3.8,68,X, ,X,매우높음
5/16/2022,경기광주(546),X,22.5,24.1,15.7,5.6,48,X, ,X,매우높음
5/16/2022,여주(548),X,22.3,24.3,15.7,5.7,44,X, ,X,매우높음
5/16/2022,용인(549),X,21.4,23.5,15.4,5.9,49,X, ,X,매우높음
5/16/2022,오산(550),X,22.1,23.8,15.9,7.1,45,X, ,X,매우높음
5/16/2022,평택(551),X,22.2,23.9,15.9,7.2,51,X, ,X,매우높음
5/16/2022,화천(555),X,23.5,25.5,15,3.5,60,X, ,X,높음
5/16/2022,양구(556),X,21.6,23.6,15.8,4.2,45,X, ,X,높음
5/16/2022,시흥(565),X,21.6,22.1,15.6,6.1,67,X, ,X,매우높음
5/16/2022,구리(569),X,23.4,25.1,17.2,7.6,47,X, ,X,매우높음
5/16/2022,화성(571),X,22.3,23.2,15.9,8.9,56,X, ,X,매우높음
5/16/2022,성남(572),X,22.1,23.7,16.7,7.9,48,X, ,X,매우높음
5/16/2022,과천(590),X,23.7,25,16.3,6.1,59,X, ,X,매우높음
5/16/2022,양주(598),X,22.6,23.8,15.2,5,61,X, ,X,높음
5/16/2022,단양(601),X,21.9,24.3,15.8,6.1,46,X, ,X,매우높음
5/16/2022,진천(602),X,22.9,25,16.6,6.9,44,X, ,X,매우높음
5/16/2022,괴산(603),X,21.8,23.7,13.8,2.1,51,X, ,X,매우높음
5/16/2022,옥천(604),X,22,23.9,14.8,4.1,51,X, ,X,매우높음
5/16/2022,홍북(608),X,21.5,23.6,15.2,6.8,59,X, ,X,매우높음
5/16/2022,공주(612),X,21.8,24.2,14.8,3.8,47,X, ,X,매우높음
5/16/2022,서천(614),X,19.3,21,14.6,5.4,54,X, ,X,매우높음
5/16/2022,논산(615),X,21.3,23.1,14.9,5.5,53,X, ,X,매우높음
5/16/2022,당진(616),X,21.5,22.4,15.8,8.3,61,X, ,X,매우높음
5/16/2022,청양(618),X,21.6,23.4,13.6,2.7,57,X, ,X,매우높음
5/16/2022,음성(619),X,21.8,23.2,14,2.3,51,X, ,X,매우높음
5/16/2022,증평(623),X,22.2,23.9,15.3,5.6,48,X, ,X,매우높음
5/16/2022,태안(627),X,20.2,20,14.6,8.7,76,X, ,X,매우높음
5/16/2022,예산(628),X,20.9,22.8,16.1,7.8,51,X, ,X,매우높음
5/16/2022,아산(634),X,24.4,26.8,16.4,7.2,51,X, ,X,매우높음
5/16/2022,계룡(636),X,20.1,22.6,12.4,1.1,46,X, ,X,매우높음
5/16/2022,연천청산(652),X,,,,,,X, ,X,높음
5/16/2022,양양(670),X,23.7,25.9,18.9,13.2,45,X, ,X,높음
5/16/2022,무안(699),X,21.8,23.8,15.1,7.2,53,X, ,X,매우높음
5/16/2022,무주(701),X,20.8,23,13.8,3.3,51,X, ,X,매우높음
5/16/2022,익산(702),X,21.9,22.9,15.2,7.1,54,X, ,X,매우높음
5/16/2022,진안(703),X,20.2,21.8,12.7,2,55,X, ,X,매우높음
5/16/2022,담양(706),X,24.1,26.4,15.8,5.5,54,X, ,X,매우높음
5/16/2022,구례(709),X,22.7,24.9,15.8,6.5,55,X, ,X,매우높음
5/16/2022,나주(710),X,23,24.4,15,5.7,59,X, ,X,매우높음
5/16/2022,순천시(712),X,22.7,25.6,19.2,13.4,28,X, ,X,매우높음
5/16/2022,광양읍(713),X,22.9,26.1,17.9,10,40,X, ,X,매우높음
5/16/2022,장성(730),X,22.6,24.5,15.1,4.9,52,X, ,X,매우높음
5/16/2022,영암(731),X,22.1,23.8,15.1,6.9,56,X, ,X,매우높음
5/16/2022,보성(732),X,22.4,24.7,15.5,7.8,50,X, ,X,매우높음
5/16/2022,완주(734),X,22.4,24.1,14.8,4.5,50,X, ,X,매우높음
5/16/2022,김제(737),X,21.5,24.3,16.4,9,35,X, ,X,매우높음
5/16/2022,화순(741),X,23.1,25.2,15.2,6,49,X, ,X,매우높음
5/16/2022,함평(754),X,22.3,23.8,15.2,5.7,55,X, ,X,매우높음
5/16/2022,곡성(768),X,23,25.1,15.2,4.7,48,X, ,X,매우높음
5/16/2022,압해도(789),X,20.8,22.1,16.2,9.6,57,X, ,X,매우높음
5/16/2022,영양(801),X,21.5,23.8,14.2,3.1,55,X, ,X,매우높음
5/16/2022,성주(810),X,23.2,26.4,16.1,6.1,47,X, ,X,매우높음
5/16/2022,고령(812),X,21.9,25.1,15.7,5.6,51,X, ,X,매우높음
5/16/2022,청도(813),X,22.5,25.5,16.7,7.3,49,X, ,X,매우높음
5/16/2022,예천(815),X,22,24.8,15.2,4.8,47,X, ,X,매우높음
5/16/2022,김천(822),X,22.7,24.9,14.1,2.2,55,X, ,X,매우높음
5/16/2022,군위(823),X,22.9,24.7,15,4.8,56,X, ,X,매우높음
5/16/2022,칠곡(825),X,22.8,25.6,16.7,7.5,49,X, ,X,매우높음
5/16/2022,경산(827),X,22.1,25.5,18.3,9.3,36,X, ,X,매우높음
5/16/2022,삼척(876),X,22.6,24.8,18.6,13.1,36,X, ,X,매우높음
5/16/2022,속초(90),X,23.6,26.4,19.2,13.6,38,X, ,X,높음
5/16/2022,삼천포(907),X,21.8,22.7,17.1,11.1,46,X, ,X,매우높음
5/16/2022,고성(918),X,21.1,21.8,15.3,9.7,62,X, ,X,매우높음
5/16/2022,창녕(919),X,22.9,25.5,17.5,9.2,52,X, ,X,매우높음
5/16/2022,함안(920),X,23.2,25.5,16.1,8.1,57,X, ,X,매우높음
5/16/2022,북춘천(93),X,22.4,24.1,15.4,4.9,52,X, ,X,높음
5/16/2022,하동(932),X,23.3,25.2,16.7,9.4,55,X, ,X,매우높음
5/16/2022,철원(95),X,22.2,23.4,15.2,5.5,60,X, ,X,높음
5/16/2022,동두천(98),X,23.1,24.3,16,7.3,58,X, ,X,높음
5/16/2022,파주(99),X,22.9,22.9,14.8,6.7,69,X, ,X,높음
5/17/2022,북강릉(104),X,23,24.6,19.9,12.6,40,X, ,X,매우높음
5/17/2022,동해(106),X,22,23.2,19.3,12.7,47,X, ,X,매우높음
5/17/2022,서울(108),X,26.5,27.4,20,13,60,X, ,X,매우높음
5/17/2022,인천(112),X,22.8,22.4,17.4,13.4,69,X, ,X,매우높음
5/17/2022,원주(114),X,24.4,26.7,19.1,10,44,X, ,X,매우높음
5/17/2022,울릉도(115),X,23,22.7,19.6,15.5,48,X, ,X,매우높음
5/17/2022,수원(119),X,25.5,26.7,19.3,12.2,58,X, ,X,매우높음
5/17/2022,영월(121),X,25.1,27.1,16.2,6.9,55,X, ,X,매우높음
5/17/2022,충주(127),X,25.1,27.5,17.3,7.5,54,X, ,X,매우높음
5/17/2022,서산(129),X,22.9,22.3,17.5,12,72,X, ,X,매우높음
5/17/2022,울진(130),X,24,25.3,18.5,11.5,52,X, ,X,매우높음
5/17/2022,청주(131),X,25.4,27.9,20.6,12.6,40,X, ,X,매우높음
5/17/2022,대전(133),X,25.8,28.4,20.4,10.9,43,X, ,X,매우높음
5/17/2022,추풍령(135),X,23.5,25.8,17,6,49,X, ,X,매우높음
5/17/2022,안동(136),X,24.5,27.2,18.1,7.5,47,X, ,X,매우높음
5/17/2022,상주(137),X,26,28.6,19,8.3,47,X, ,X,매우높음
5/17/2022,포항(138),X,25,28.3,21.8,14.6,35,X, ,X,매우높음
5/17/2022,군산(140),X,24.5,25.2,18.7,10.4,55,X, ,X,매우높음
5/17/2022,대구(143),X,25.2,28.2,20.4,10.8,42,X, ,X,매우높음
5/17/2022,전주(146),X,25.8,27.6,20.3,12.2,44,X, ,X,매우높음
5/17/2022,울산(152),X,23.3,26,19.7,11.6,38,X, ,X,매우높음
5/17/2022,창원(155),X,24,25.8,18.6,11.3,48,X, ,X,매우높음
5/17/2022,광주(156),X,26.9,28.2,19.9,11.5,52,X, ,X,매우높음
5/17/2022,부산(159),X,23.2,23.7,19.3,15.7,51,X, ,X,매우높음
5/17/2022,통영(162),X,22.7,22.9,17.4,12,68,X, ,X,매우높음
5/17/2022,목포(165),X,23.6,23.9,18.5,13,61,X, ,X,매우높음
5/17/2022,여수(168),X,22.5,22.8,18.2,13.8,57,X, ,X,매우높음
5/17/2022,흑산도(169),X,22.7,22.5,16.7,13.2,76,X, ,X,매우높음
5/17/2022,완도(170),X,23.7,24.9,18.9,11.1,57,X, ,X,매우높음
5/17/2022,고창(172),X,25.4,27,18.8,8.6,55,X, ,X,매우높음
5/17/2022,제주(184),X,24.8,26.5,21,14.7,44,X, ,X,매우높음
5/17/2022,진주(192),X,24.7,26.5,18,7,60,X, ,X,매우높음
5/17/2022,양평(202),X,25.4,27.2,19,9.6,55,X, ,X,매우높음
5/17/2022,이천(203),X,26.2,28,19.1,8.4,53,X, ,X,매우높음
5/17/2022,인제(211),X,24,26,16.6,9.7,63,X, ,X,매우높음
5/17/2022,홍천(212),X,24.5,26.2,18,8,53,X, ,X,매우높음
5/17/2022,태백(216),X,20.6,22.7,15.2,8.3,50,X, ,X,매우높음
5/17/2022,정선군(217),X,23.1,25.8,15.9,6.1,54,X, ,X,매우높음
5/17/2022,제천(221),X,24.1,25.8,15.7,6.2,58,X, ,X,매우높음
5/17/2022,보은(226),X,24.3,26.7,17.1,6.1,57,X, ,X,매우높음
5/17/2022,천안(232),X,25,26.6,18.3,7.6,56,X, ,X,매우높음
5/17/2022,보령(235),X,23,23.3,18.2,11.7,61,X, ,X,매우높음
5/17/2022,부여(236),X,25.7,27,17.5,8,64,X, ,X,매우높음
5/17/2022,금산(238),X,24.2,26.9,17.9,5.9,52,X, ,X,매우높음
5/17/2022,세종(239),X,25,26.9,19.2,10.2,48,X, ,X,매우높음
5/17/2022,부안(243),X,26,28,19.9,11.5,50,X, ,X,매우높음
5/17/2022,임실(244),X,24.4,26.3,16.5,5,56,X, ,X,매우높음
5/17/2022,정읍(245),X,25.8,27.3,19.6,10.3,48,X, ,X,매우높음
5/17/2022,남원(247),X,24.4,26.7,17.8,7.1,52,X, ,X,매우높음
5/17/2022,장수(248),X,22.9,24.9,16.2,5.2,55,X, ,X,매우높음
5/17/2022,영광군(252),X,25.5,26.5,19,10.6,55,X, ,X,매우높음
5/17/2022,김해시(253),X,24.5,26.1,19.1,11.4,50,X, ,X,매우높음
5/17/2022,순창군(254),X,24.7,26.5,17.4,7,56,X, ,X,매우높음
5/17/2022,양산시(257),X,24.9,27.4,19.1,10.3,51,X, ,X,매우높음
5/17/2022,강진군(259),X,25.3,26.4,17.5,7.8,64,X, ,X,매우높음
5/17/2022,장흥(260),X,24.9,26.1,16.8,7,64,X, ,X,매우높음
5/17/2022,해남(261),X,23.9,24.3,16.1,6.7,68,X, ,X,매우높음
5/17/2022,고흥(262),X,23.9,24.5,17,7.5,58,X, ,X,매우높음
5/17/2022,의령군(263),X,25.4,28.8,18,6.6,54,X, ,X,매우높음
5/17/2022,함양군(264),X,24.5,27.4,17.4,5.4,53,X, ,X,매우높음
5/17/2022,진도군ASOS(268),X,23.8,24.2,17,8.7,70,X, ,X,매우높음
5/17/2022,봉화(271),X,22.7,24.8,15.5,4.7,56,X, ,X,매우높음
5/17/2022,영주(272),X,23.6,26.4,16.1,6.6,59,X, ,X,매우높음
5/17/2022,문경(273),X,24.4,26.8,16.8,7.6,55,X, ,X,매우높음
5/17/2022,청송군(276),X,24.8,27.3,16.2,4,54,X, ,X,매우높음
5/17/2022,영덕(277),X,24.8,27.6,20,13.5,38,X, ,X,매우높음
5/17/2022,의성(278),X,24.9,28.2,17.3,5.1,52,X, ,X,매우높음
5/17/2022,구미(279),X,25.3,28.1,18.7,9,46,X, ,X,매우높음
5/17/2022,영천(281),X,24.5,28,18.1,7,46,X, ,X,매우높음
5/17/2022,경주시(283),X,25,29.1,18.9,7.4,45,X, ,X,매우높음
5/17/2022,거창(284),X,24.2,26.5,16.4,5.2,56,X, ,X,매우높음
5/17/2022,합천(285),X,24.1,28.1,18.7,7.7,49,X, ,X,매우높음
5/17/2022,밀양(288),X,25,28.9,19.1,8.6,43,X, ,X,매우높음
5/17/2022,산청(289),X,25.2,27.2,17.5,6.7,58,X, ,X,매우높음
5/17/2022,거제(294),X,23.6,25.1,18.5,10.4,52,X, ,X,매우높음
5/17/2022,남해(295),X,24.5,26.2,18.7,11.6,55,X, ,X,매우높음
5/17/2022,부천(433),X,24.4,25.1,18.1,12.7,62,X, ,X,매우높음
5/17/2022,안양(434),X,19.8,25.8,19.5,14.3,,X, ,X,매우높음
5/17/2022,광명(437),X,25.4,26.4,19.5,14.2,59,X, ,X,매우높음
5/17/2022,군포(438),X,19.4,,,,,X, ,X,매우높음
5/17/2022,김포(441),X,,25.9,18.1,13.4,,X, ,X,매우높음
5/17/2022,하남(444),X,26,27.5,18.8,10.6,55,X, ,X,매우높음
5/17/2022,의왕(445),X,23.9,24.8,16.9,9.6,62,X, ,X,매우높음
5/17/2022,포천(504),X,25.2,26.8,18.4,9.4,61,X, ,X,매우높음
5/17/2022,가평조종(505),X,24.9,26.1,17.2,7.2,64,X, ,X,매우높음
5/17/2022,안성(516),X,25.8,27.5,18.5,8.7,58,X, ,X,매우높음
5/17/2022,간성(517),X,23.9,24.5,18.8,13.6,57,X, ,X,매우높음
5/17/2022,평창(526),X,23.5,26.8,16,5.7,52,X, ,X,매우높음
5/17/2022,의정부(532),X,26.4,27.3,19.2,11.1,65,X, ,X,매우높음
5/17/2022,횡성(536),X,25,26.6,17.1,6.8,60,X, ,X,매우높음
5/17/2022,고양(540),X,26.9,28.6,18.7,10.7,61,X, ,X,매우높음
5/17/2022,남양주(541),X,26.9,28.6,18.9,10.1,59,X, ,X,매우높음
5/17/2022,안산(545),X,25.7,26.1,17.3,8.2,70,X, ,X,매우높음
5/17/2022,경기광주(546),X,25.2,26.9,18.4,8.8,56,X, ,X,매우높음
5/17/2022,여주(548),X,25.7,27.4,18.7,8.9,50,X, ,X,매우높음
5/17/2022,용인(549),X,24.6,26.5,18,8.9,54,X, ,X,매우높음
5/17/2022,오산(550),X,25.1,26.7,18.9,10.8,49,X, ,X,매우높음
5/17/2022,평택(551),X,26.2,27.7,19.7,10.8,55,X, ,X,매우높음
5/17/2022,화천(555),X,25.7,27.4,17.2,7.5,68,X, ,X,매우높음
5/17/2022,양구(556),X,23.9,25.9,16.8,9.9,64,X, ,X,매우높음
5/17/2022,시흥(565),X,25.1,25.5,17.8,11,70,X, ,X,매우높음
5/17/2022,구리(569),X,26,28,19.6,11.6,52,X, ,X,매우높음
5/17/2022,화성(571),X,25,25.7,18.7,12.6,62,X, ,X,매우높음
5/17/2022,성남(572),X,25.1,26.8,19.4,11.7,54,X, ,X,매우높음
5/17/2022,과천(590),X,26.2,27.4,19,9.7,63,X, ,X,매우높음
5/17/2022,양주(598),X,25.2,26.5,17.3,8.4,69,X, ,X,매우높음
5/17/2022,단양(601),X,25.1,27.9,16.9,8.7,60,X, ,X,매우높음
5/17/2022,진천(602),X,25.9,28.1,20.4,10.3,47,X, ,X,매우높음
5/17/2022,괴산(603),X,25.2,27.5,16.5,5.1,58,X, ,X,매우높음
5/17/2022,옥천(604),X,25.7,28.2,17.7,6.5,58,X, ,X,매우높음
5/17/2022,홍북(608),X,25.4,26.4,18.2,11.1,63,X, ,X,매우높음
5/17/2022,공주(612),X,25.3,27.5,18.1,7.6,53,X, ,X,매우높음
5/17/2022,서천(614),X,23.6,24.2,17.2,8.4,63,X, ,X,매우높음
5/17/2022,논산(615),X,25.7,27.6,18.2,7,57,X, ,X,매우높음
5/17/2022,당진(616),X,24.5,24.8,18.7,12.5,66,X, ,X,매우높음
5/17/2022,청양(618),X,25.9,27.4,18,9.1,62,X, ,X,매우높음
5/17/2022,음성(619),X,24.7,26.1,17,5.7,55,X, ,X,매우높음
5/17/2022,증평(623),X,25.3,27,18.8,8.7,51,X, ,X,매우높음
5/17/2022,태안(627),X,22.7,21.8,17.1,12.7,77,X, ,X,매우높음
5/17/2022,예산(628),X,25.5,26.5,19.2,12.9,60,X, ,X,매우높음
5/17/2022,아산(634),X,27.7,29.3,19.6,11.6,59,X, ,X,매우높음
5/17/2022,계룡(636),X,24.6,26.8,16.3,4.7,54,X, ,X,매우높음
5/17/2022,연천청산(652),X,,,,,,X, ,X,매우높음
5/17/2022,양양(670),X,24.8,26.3,19.4,12.4,57,X, ,X,매우높음
5/17/2022,무안(699),X,24.8,25.4,17.4,8.9,64,X, ,X,매우높음
5/17/2022,무주(701),X,23.8,26.5,17.1,5.9,53,X, ,X,매우높음
5/17/2022,익산(702),X,26.5,27,18.4,9.2,63,X, ,X,매우높음
5/17/2022,진안(703),X,23.2,25.8,16.1,4.6,58,X, ,X,매우높음
5/17/2022,담양(706),X,27,28.8,18.3,6.8,59,X, ,X,매우높음
5/17/2022,구례(709),X,26.1,28.2,17.1,6,65,X, ,X,매우높음
5/17/2022,나주(710),X,26.1,27,17.1,6.6,67,X, ,X,매우높음
5/17/2022,순천시(712),X,25.9,26.7,19.1,10.3,49,X, ,X,매우높음
5/17/2022,광양읍(713),X,25.9,27.9,18.2,9,53,X, ,X,매우높음
5/17/2022,장성(730),X,25.2,27.5,17.2,6.5,59,X, ,X,매우높음
5/17/2022,영암(731),X,25.8,26.6,17.1,6.5,66,X, ,X,매우높음
5/17/2022,보성(732),X,24.7,25.1,16.5,5.7,67,X, ,X,매우높음
5/17/2022,완주(734),X,26.3,28.1,17.4,5.8,62,X, ,X,매우높음
5/17/2022,김제(737),X,25.4,27.5,19.8,11.8,43,X, ,X,매우높음
5/17/2022,화순(741),X,25.4,27.1,17.5,6.4,59,X, ,X,매우높음
5/17/2022,함평(754),X,25.3,26.1,17.4,7.3,66,X, ,X,매우높음
5/17/2022,곡성(768),X,25.2,28.2,17.3,5.9,54,X, ,X,매우높음
5/17/2022,압해도(789),X,23.1,22.9,17.9,12,68,X, ,X,매우높음
5/17/2022,영양(801),X,23.9,26.6,16.9,5.9,57,X, ,X,매우높음
5/17/2022,성주(810),X,25.3,28.5,18.5,6.8,49,X, ,X,매우높음
5/17/2022,고령(812),X,24.5,27.7,17.7,5.9,54,X, ,X,매우높음
5/17/2022,청도(813),X,24.9,28.8,17.8,6.1,50,X, ,X,매우높음
5/17/2022,예천(815),X,24.9,27.3,17.5,7.5,53,X, ,X,매우높음
5/17/2022,김천(822),X,25.4,28.5,16.5,4,57,X, ,X,매우높음
5/17/2022,군위(823),X,25.4,27.8,17.1,5.6,60,X, ,X,매우높음
5/17/2022,칠곡(825),X,25.6,28.1,19,8.3,53,X, ,X,매우높음
5/17/2022,경산(827),X,24.8,29.2,20.4,10.4,36,X, ,X,매우높음
5/17/2022,삼척(876),X,23.9,25.9,20.2,11.4,43,X, ,X,매우높음
5/17/2022,속초(90),X,23.4,23.6,19.4,12.9,50,X, ,X,매우높음
5/17/2022,삼천포(907),X,23,22.8,18.4,14.5,54,X, ,X,매우높음
5/17/2022,고성(918),X,23.3,23.5,17.2,8.5,66,X, ,X,매우높음
5/17/2022,창녕(919),X,25.4,27.8,18.8,8,51,X, ,X,매우높음
5/17/2022,함안(920),X,25.2,27.5,17.4,6.9,60,X, ,X,매우높음
5/17/2022,북춘천(93),X,25,26.4,17.2,8.5,66,X, ,X,매우높음
5/17/2022,하동(932),X,25.7,27.4,17.9,8.4,61,X, ,X,매우높음
5/17/2022,철원(95),X,25,25.9,17.9,9.5,72,X, ,X,매우높음
5/17/2022,동두천(98),X,26,27.3,18.1,10.1,67,X, ,X,매우높음
5/17/2022,파주(99),X,25.4,25.3,17,9.5,75,X, ,X,매우높음
5/18/2022,북강릉(104),X,25.5,27.3,22.8,18,35.9,X, ,X,높음
5/18/2022,동해(106),X,26.1,28.4,22.8,19.2,38,X, ,X,매우높음
5/18/2022,서울(108),X,24.8,25.4,20,15.7,59.4,X, ,X,높음
5/18/2022,인천(112),X,22.3,22.2,18.3,15.2,63.1,X, ,X,높음
5/18/2022,원주(114),X,24.5,26.8,19.9,12.9,48.1,X, ,X,매우높음
5/18/2022,울릉도(115),X,26,26.6,21.8,17.8,43.5,X, ,X,매우높음
5/18/2022,수원(119),X,25,26.5,20.4,14.4,53.8,X, ,X,높음
5/18/2022,영월(121),X,24.8,26.5,18.8,8.8,50.8,X, ,X,매우높음
5/18/2022,충주(127),X,25.7,28.1,19.8,10,50.3,X, ,X,매우높음
5/18/2022,서산(129),X,23.1,23.1,18.9,15.2,60.8,X, ,X,높음
5/18/2022,울진(130),X,27.7,30.2,22.6,15.6,38,X, ,X,매우높음
5/18/2022,청주(131),X,25,28,22.1,16.1,36.5,X, ,X,매우높음
5/18/2022,대전(133),X,25.3,28.4,22.4,16.7,35.4,X, ,X,높음
5/18/2022,추풍령(135),X,24.9,27.1,19.1,8.8,45.4,X, ,X,매우높음
5/18/2022,안동(136),X,26.5,28.8,20.5,9.6,44.5,X, ,X,매우높음
5/18/2022,상주(137),X,27,29.4,21.4,11.6,45.6,X, ,X,매우높음
5/18/2022,포항(138),X,27.1,30.7,24.4,17.7,35.5,X, ,X,매우높음
5/18/2022,군산(140),X,24.2,26.9,20.9,15.7,41.8,X, ,X,매우높음
5/18/2022,대구(143),X,27.8,31.1,23.3,13,42.8,X, ,X,매우높음
5/18/2022,전주(146),X,26,28.4,22.2,15.6,37.1,X, ,X,매우높음
5/18/2022,울산(152),X,25.5,29.1,22.3,14.5,37.3,X, ,X,매우높음
5/18/2022,창원(155),X,25.5,27.4,19.9,13.1,52.6,X, ,X,매우높음
5/18/2022,광주(156),X,26.5,28.9,21.6,15.1,43.6,X, ,X,매우높음
5/18/2022,부산(159),X,23.9,24.5,20.2,16.8,53.9,X, ,X,매우높음
5/18/2022,통영(162),X,23.9,24.5,18.7,13.6,66,X, ,X,매우높음
5/18/2022,목포(165),X,23.6,25.5,19.9,15.2,54,X, ,X,매우높음
5/18/2022,여수(168),X,23.2,23.3,19,15.3,61.1,X, ,X,매우높음
5/18/2022,흑산도(169),X,23.9,26.9,21,12.8,38,X, ,X,매우높음
5/18/2022,완도(170),X,24.5,26.6,20.7,15.9,50.5,X, ,X,매우높음
5/18/2022,고창(172),X,25,27.7,21.3,15.7,38.1,X, ,X,매우높음
5/18/2022,제주(184),X,24.8,25.8,21.6,16.7,38.3,X, ,X,매우높음
5/18/2022,진주(192),X,26.3,27.7,19.6,9.4,56.8,X, ,X,매우높음
5/18/2022,양평(202),X,24.9,25.9,19.1,12.5,58.4,X, ,X,높음
5/18/2022,이천(203),X,26,28.2,19.6,11.7,56.5,X, ,X,높음
5/18/2022,인제(211),X,23.5,24.4,18.4,9.3,56.6,X, ,X,높음
5/18/2022,홍천(212),X,24.7,25.7,18.4,10.4,54.9,X, ,X,높음
5/18/2022,태백(216),X,21.9,22.7,18.7,7.6,41.1,X, ,X,매우높음
5/18/2022,정선군(217),X,23.5,25.3,18.4,8.2,48.9,X, ,X,매우높음
5/18/2022,제천(221),X,24.1,26.1,18.2,8.1,53.9,X, ,X,매우높음
5/18/2022,보은(226),X,25.3,27.5,19.2,9.7,52.4,X, ,X,매우높음
5/18/2022,천안(232),X,25.1,27.2,19.8,10.9,51.5,X, ,X,높음
5/18/2022,보령(235),X,23.3,24.4,20.3,17.6,46.8,X, ,X,높음
5/18/2022,부여(236),X,25.2,27,19.5,10.7,53.8,X, ,X,높음
5/18/2022,금산(238),X,25.3,27.8,21.1,10.6,40.8,X, ,X,매우높음
5/18/2022,세종(239),X,24.3,26.9,20.8,13.4,41.1,X, ,X,높음
5/18/2022,부안(243),X,24.5,27.8,21.6,15.1,38.5,X, ,X,매우높음
5/18/2022,임실(244),X,24.8,27.1,17.9,8.7,51.8,X, ,X,매우높음
5/18/2022,정읍(245),X,25.2,27.7,21.5,16.3,37.5,X, ,X,매우높음
5/18/2022,남원(247),X,25.7,27.8,19.3,10.1,50,X, ,X,매우높음
5/18/2022,장수(248),X,23.9,25.7,18.2,8.2,47,X, ,X,매우높음
5/18/2022,영광군(252),X,25.3,27.5,20.8,15.8,44.3,X, ,X,매우높음
5/18/2022,김해시(253),X,26.3,27.9,21.1,14.2,46.8,X, ,X,매우높음
5/18/2022,순창군(254),X,25.2,27.6,19.3,10.3,50.9,X, ,X,매우높음
5/18/2022,양산시(257),X,26.7,28.3,20.5,11.7,49.6,X, ,X,매우높음
5/18/2022,강진군(259),X,25.9,28.1,19.2,10.4,58.9,X, ,X,매우높음
5/18/2022,장흥(260),X,24.7,27.5,18.3,9.4,57.1,X, ,X,매우높음
5/18/2022,해남(261),X,24.7,26.5,17.8,9.1,61.5,X, ,X,매우높음
5/18/2022,고흥(262),X,24.1,25.7,19,10,50.8,X, ,X,매우높음
5/18/2022,의령군(263),X,26.8,29.5,19.6,9.5,54.9,X, ,X,매우높음
5/18/2022,함양군(264),X,25.6,28.3,18.9,7.9,49.4,X, ,X,매우높음
5/18/2022,진도군ASOS(268),X,24.1,25.7,18.2,10.7,58.3,X, ,X,매우높음
5/18/2022,봉화(271),X,23.8,25.4,17.8,6.7,53.3,X, ,X,매우높음
5/18/2022,영주(272),X,25.5,27.3,18.8,8.6,52.1,X, ,X,매우높음
5/18/2022,문경(273),X,26,27.9,19.9,9.6,50.1,X, ,X,매우높음
5/18/2022,청송군(276),X,27,29.2,18.5,6.2,52.5,X, ,X,매우높음
5/18/2022,영덕(277),X,27.5,30,22.9,14.2,35.8,X, ,X,매우높음
5/18/2022,의성(278),X,27.2,29.9,19.8,7.9,49.3,X, ,X,매우높음
5/18/2022,구미(279),X,27.5,30.5,22,11.9,42.5,X, ,X,매우높음
5/18/2022,영천(281),X,26.2,29.6,20.9,9.6,45.9,X, ,X,매우높음
5/18/2022,경주시(283),X,27.1,30.9,22.1,10.3,42.8,X, ,X,매우높음
5/18/2022,거창(284),X,25.8,28.2,19.2,7.5,48.4,X, ,X,매우높음
5/18/2022,합천(285),X,26.7,30.3,20.8,10.1,50,X, ,X,매우높음
5/18/2022,밀양(288),X,26.9,30,20.7,11.3,46.3,X, ,X,매우높음
5/18/2022,산청(289),X,27.4,29.6,19.7,9.4,54.4,X, ,X,매우높음
5/18/2022,거제(294),X,24.4,25.3,19.9,13.3,51.8,X, ,X,매우높음
5/18/2022,남해(295),X,25.6,26.8,20.5,13.1,48.3,X, ,X,매우높음
5/18/2022,부천(433),X,23.3,23.8,18.7,14.6,59,X, ,X,높음
5/18/2022,안양(434),X,19.6,24.9,20.3,16.6,,X, ,X,높음
5/18/2022,광명(437),X,24.3,25.2,20.1,16.5,54,X, ,X,높음
5/18/2022,군포(438),X,23.9,24.9,19.2,14.8,54,X, ,X,높음
5/18/2022,김포(441),X,,24.5,19.1,14.7,,X, ,X,높음
5/18/2022,하남(444),X,25.1,26.4,19.4,13.2,53,X, ,X,높음
5/18/2022,의왕(445),X,23.2,24,17.9,12.2,57,X, ,X,높음
5/18/2022,포천(504),X,24,25,18.4,12.2,61,X, ,X,높음
5/18/2022,가평조종(505),X,24.3,24.5,17.7,9.9,66,X, ,X,높음
5/18/2022,안성(516),X,25.6,27.7,20.1,11.7,53,X, ,X,높음
5/18/2022,간성(517),X,25.7,27.2,22.2,15.6,44,X, ,X,높음
5/18/2022,평창(526),X,23.7,25.9,16.8,7.9,53,X, ,X,매우높음
5/18/2022,의정부(532),X,25,24.9,19.3,13.9,67,X, ,X,보통
5/18/2022,횡성(536),X,25,26.6,17.5,9.7,65,X, ,X,높음
5/18/2022,고양(540),X,25.6,26.2,18,13.6,67,X, ,X,높음
5/18/2022,남양주(541),X,25.1,26,19,12.2,60,X, ,X,높음
5/18/2022,안산(545),X,24.9,25.4,17.7,9.9,67,X, ,X,높음
5/18/2022,경기광주(546),X,25.1,26.5,18.7,12.5,57,X, ,X,높음
5/18/2022,여주(548),X,25.8,27.8,19.4,12,53,X, ,X,높음
5/18/2022,용인(549),X,24.5,26.6,19.3,12.1,51,X, ,X,높음
5/18/2022,오산(550),X,24.9,27,19.6,13.9,47,X, ,X,높음
5/18/2022,평택(551),X,25.4,27.3,20.8,13.5,51,X, ,X,높음
5/18/2022,화천(555),X,25.3,26.1,17.5,8.8,69,X, ,X,높음
5/18/2022,양구(556),X,23.4,24.3,17.8,9,57,X, ,X,높음
5/18/2022,시흥(565),X,24.5,25,19.2,12.1,63,X, ,X,높음
5/18/2022,구리(569),X,25.2,26.5,20,13.6,53,X, ,X,높음
5/18/2022,화성(571),X,24.7,25.4,19.5,14.6,56,X, ,X,높음
5/18/2022,성남(572),X,24.8,26.4,19.8,13.9,55,X, ,X,높음
5/18/2022,과천(590),X,25.7,26.5,19.3,12.1,62,X, ,X,높음
5/18/2022,양주(598),X,23.7,24.5,18.2,11.6,64,X, ,X,보통
5/18/2022,단양(601),X,25.9,28.2,18.9,9.7,54,X, ,X,매우높음
5/18/2022,진천(602),X,25.8,28.3,21.9,14.1,42,X, ,X,매우높음
5/18/2022,괴산(603),X,25.3,27.6,19.2,9,51,X, ,X,매우높음
5/18/2022,옥천(604),X,26.1,29.1,21,10.9,47,X, ,X,매우높음
5/18/2022,홍북(608),X,24.5,26.3,19.8,14.3,48,X, ,X,높음
5/18/2022,공주(612),X,25,27.7,20.5,11.1,44,X, ,X,높음
5/18/2022,서천(614),X,22.4,24.6,19,11.1,48,X, ,X,매우높음
5/18/2022,논산(615),X,24.9,27.8,19.9,10,50,X, ,X,높음
5/18/2022,당진(616),X,24.2,24.9,20,16.3,53,X, ,X,높음
5/18/2022,청양(618),X,25.3,27.4,20.1,12.4,48,X, ,X,높음
5/18/2022,음성(619),X,24.2,26.1,18.8,9.2,51,X, ,X,매우높음
5/18/2022,증평(623),X,25.1,27.4,20.6,11.8,49,X, ,X,매우높음
5/18/2022,태안(627),X,22.8,22.6,18.4,15.4,67,X, ,X,높음
5/18/2022,예산(628),X,24.5,26,20.8,16.3,48,X, ,X,높음
5/18/2022,아산(634),X,26.3,28,20.9,15,48,X, ,X,높음
5/18/2022,계룡(636),X,23.7,26.6,18,7.7,46,X, ,X,높음
5/18/2022,연천청산(652),X,,,,,,X, ,X,높음
5/18/2022,양양(670),X,26.1,27,22.8,14.4,47,X, ,X,매우높음
5/18/2022,무안(699),X,24.6,26.7,19,11.8,53,X, ,X,매우높음
5/18/2022,무주(701),X,25.4,27.8,20.5,9.7,41,X, ,X,매우높음
5/18/2022,익산(702),X,25.8,27.3,20.5,13,53,X, ,X,매우높음
5/18/2022,진안(703),X,24.3,26.1,18.6,8.1,48,X, ,X,매우높음
5/18/2022,담양(706),X,27,29.2,19.4,9.3,55,X, ,X,매우높음
5/18/2022,구례(709),X,27.2,29.5,18.7,8.7,60,X, ,X,매우높음
5/18/2022,나주(710),X,25.9,27.8,18.9,9,60,X, ,X,매우높음
5/18/2022,순천시(712),X,26.4,27.9,20.4,12,48,X, ,X,매우높음
5/18/2022,광양읍(713),X,26.8,28.8,20.1,10.9,49,X, ,X,매우높음
5/18/2022,장성(730),X,25.5,28.1,19,9.7,52,X, ,X,매우높음
5/18/2022,영암(731),X,25.5,27.2,18.7,9.3,59,X, ,X,매우높음
5/18/2022,보성(732),X,25.7,27,17.9,8.7,58,X, ,X,매우높음
5/18/2022,완주(734),X,26.3,28.4,19.5,9.6,51,X, ,X,매우높음
5/18/2022,김제(737),X,24,27.8,21.8,17.1,30,X, ,X,매우높음
5/18/2022,화순(741),X,25.7,27.9,19.2,9.6,51,X, ,X,매우높음
5/18/2022,함평(754),X,24.9,27.1,18.8,10.6,56,X, ,X,매우높음
5/18/2022,곡성(768),X,26.3,28.9,18.6,9,51,X, ,X,매우높음
5/18/2022,압해도(789),X,23.3,24.2,19,14.2,59,X, ,X,매우높음
5/18/2022,영양(801),X,26.2,28.3,19.3,7.2,52,X, ,X,매우높음
5/18/2022,성주(810),X,27.5,31,20.1,9.4,53,X, ,X,매우높음
5/18/2022,고령(812),X,26.8,29.8,20.9,9.6,49,X, ,X,매우높음
5/18/2022,청도(813),X,26.9,30.3,19.8,8.1,52,X, ,X,매우높음
5/18/2022,예천(815),X,25.9,28.4,19.5,9,49,X, ,X,매우높음
5/18/2022,김천(822),X,27.9,30.5,19.1,6.9,55,X, ,X,매우높음
5/18/2022,군위(823),X,27.9,29.9,21,9,53,X, ,X,매우높음
5/18/2022,칠곡(825),X,27.9,30.6,21.6,11.7,50,X, ,X,매우높음
5/18/2022,경산(827),X,27,30.8,22.9,12.7,38,X, ,X,매우높음
5/18/2022,삼척(876),X,26.4,28.2,23.9,18.5,32,X, ,X,매우높음
5/18/2022,속초(90),X,25.7,27.9,23.5,17,35.6,X, ,X,높음
5/18/2022,삼천포(907),X,23.8,24.5,19.2,13.5,57,X, ,X,매우높음
5/18/2022,고성(918),X,23.6,23.5,17.8,11.6,70,X, ,X,매우높음
5/18/2022,창녕(919),X,27.7,30.3,21,10.4,52,X, ,X,매우높음
5/18/2022,함안(920),X,26.5,28.7,19.2,9.8,60,X, ,X,매우높음
5/18/2022,북춘천(93),X,25,25.7,18.7,10.6,62.3,X, ,X,높음
5/18/2022,하동(932),X,26.5,28.2,19.7,10.4,56,X, ,X,매우높음
5/18/2022,철원(95),X,23.6,24,18.2,11.4,66.1,X, ,X,보통
5/18/2022,동두천(98),X,24.1,24.3,18.4,12.8,66.1,X, ,X,높음
5/18/2022,파주(99),X,23.4,22.8,17.3,11.3,73.3,X, ,X,높음
5/19/2022,북강릉(104),X,23,23.8,21.3,15.7,39.9,X, ,X,매우높음
5/19/2022,동해(106),X,23.9,26.1,21.3,17.7,39.8,X, ,X,매우높음
5/19/2022,서울(108),X,24,24.2,19.9,16.1,53.6,X, ,X,매우높음
5/19/2022,인천(112),X,20.9,20.5,17.7,15.3,60.3,X, ,X,매우높음
5/19/2022,원주(114),X,22.4,24.6,20.1,15.6,36.5,X, ,X,매우높음
5/19/2022,울릉도(115),X,23.9,24.1,21.5,17.5,44.3,X, ,X,매우높음
5/19/2022,수원(119),X,22.6,23.1,19.7,15.3,47.5,X, ,X,매우높음
5/19/2022,영월(121),X,22.2,24.6,19.3,13,36.5,X, ,X,높음
5/19/2022,충주(127),X,23.1,25.1,18.6,11.8,42.1,X, ,X,높음
5/19/2022,서산(129),X,21.8,22,18.2,15.3,57.4,X, ,X,높음
5/19/2022,울진(130),X,24.8,26.9,22.3,16.8,31.9,X, ,X,매우높음
5/19/2022,청주(131),X,22.4,25.3,21,17.7,28.6,X, ,X,높음
5/19/2022,대전(133),X,23.3,25.8,20.7,16.9,31.4,X, ,X,높음
5/19/2022,추풍령(135),X,21.7,24,18.3,11.3,36.4,X, ,X,높음
5/19/2022,안동(136),X,22.9,25.2,20.2,13.5,34.1,X, ,X,높음
5/19/2022,상주(137),X,23.2,25.2,20.6,12.8,33.3,X, ,X,높음
5/19/2022,포항(138),X,27.2,29.1,23.5,19.8,34.5,X, ,X,높음
5/19/2022,군산(140),X,22.6,24.8,19.6,16.1,37.6,X, ,X,높음
5/19/2022,대구(143),X,26.5,29.5,23,16.2,36.9,X, ,X,높음
5/19/2022,전주(146),X,24,26.2,20.7,17,37.1,X, ,X,높음
5/19/2022,울산(152),X,24.6,27.3,22.4,16.4,32.1,X, ,X,매우높음
5/19/2022,창원(155),X,24.2,25.9,19.4,13.9,44.4,X, ,X,높음
5/19/2022,광주(156),X,24.4,26.1,20.7,15.9,41.3,X, ,X,높음
5/19/2022,부산(159),X,24.3,25.8,20.5,17.1,42.9,X, ,X,매우높음
5/19/2022,통영(162),X,22.4,23.1,18.7,15.1,59,X, ,X,높음
5/19/2022,목포(165),X,21.8,23.6,19.3,15.6,52.3,X, ,X,높음
5/19/2022,여수(168),X,21.8,21.9,18.4,15.6,58.9,X, ,X,매우높음
5/19/2022,흑산도(169),X,22.2,22.3,17.5,14.5,57.3,X, ,X,높음
5/19/2022,완도(170),X,23.2,24.9,19.2,15.2,51.6,X, ,X,매우높음
5/19/2022,고창(172),X,22.6,24.9,20.1,15.5,38.3,X, ,X,높음
5/19/2022,제주(184),X,23.9,23.7,20.6,17.7,48.6,X, ,X,매우높음
5/19/2022,진주(192),X,24.6,26.8,18.5,10.5,57.1,X, ,X,높음
5/19/2022,양평(202),X,23.8,25,19.5,13.4,51.4,X, ,X,매우높음
5/19/2022,이천(203),X,23.4,25.1,19.5,12.5,46.6,X, ,X,매우높음
5/19/2022,인제(211),X,23.9,24.9,18.8,11.2,51.9,X, ,X,매우높음
5/19/2022,홍천(212),X,23.3,24.9,19.1,12.6,48.1,X, ,X,매우높음
5/19/2022,태백(216),X,19.7,21.2,17.5,14.5,30.5,X, ,X,매우높음
5/19/2022,정선군(217),X,22.3,24.7,19.4,13.7,35,X, ,X,매우높음
5/19/2022,제천(221),X,22,23.7,17.3,10.3,48,X, ,X,높음
5/19/2022,보은(226),X,21.9,23.9,17.5,10.8,46.5,X, ,X,높음
5/19/2022,천안(232),X,23,24.6,17.8,10.2,49,X, ,X,높음
5/19/2022,보령(235),X,21.2,21.9,18.9,14.5,42.9,X, ,X,높음
5/19/2022,부여(236),X,22.7,24.8,18.6,12.9,44.8,X, ,X,높음
5/19/2022,금산(238),X,22.3,24.1,18.7,12.3,39.5,X, ,X,높음
5/19/2022,세종(239),X,22,24.3,19.7,16,31.9,X, ,X,높음
5/19/2022,부안(243),X,23,26.2,20.9,16,37.6,X, ,X,높음
5/19/2022,임실(244),X,23,25.5,17.6,10,49.5,X, ,X,높음
5/19/2022,정읍(245),X,23.4,25.9,20.3,15.8,35.8,X, ,X,높음
5/19/2022,남원(247),X,23.4,26,18.1,10.5,46.3,X, ,X,높음
5/19/2022,장수(248),X,22.1,24.1,18.2,11.6,38,X, ,X,높음
5/19/2022,영광군(252),X,23.3,25.2,19.8,15.6,43,X, ,X,높음
5/19/2022,김해시(253),X,25.2,27.2,20.3,15.1,47.4,X, ,X,높음
5/19/2022,순창군(254),X,23.7,25.7,18.3,10.6,50.9,X, ,X,높음
5/19/2022,양산시(257),X,24.8,27,20,12.7,48.8,X, ,X,높음
5/19/2022,강진군(259),X,24,25.9,18.4,11.6,57.4,X, ,X,높음
5/19/2022,장흥(260),X,22.9,25.3,17.6,10.6,57,X, ,X,높음
5/19/2022,해남(261),X,21.6,23.4,17.1,10.5,56.4,X, ,X,높음
5/19/2022,고흥(262),X,22.6,24.4,17.7,11.7,50.1,X, ,X,높음
5/19/2022,의령군(263),X,25.3,28,19.8,10.7,47.1,X, ,X,높음
5/19/2022,함양군(264),X,24,26.8,17.9,9.2,46.1,X, ,X,높음
5/19/2022,진도군ASOS(268),X,22.6,23.8,18.1,12.1,54.9,X, ,X,매우높음
5/19/2022,봉화(271),X,22.4,24.3,17.1,10,49,X, ,X,높음
5/19/2022,영주(272),X,22.8,25.1,19.3,12.1,40.4,X, ,X,높음
5/19/2022,문경(273),X,22.6,24.2,19.3,13.1,38.9,X, ,X,높음
5/19/2022,청송군(276),X,22.8,26.1,17.7,9.4,43.9,X, ,X,높음
5/19/2022,영덕(277),X,23.7,25.8,21.2,13.3,33.8,X, ,X,높음
5/19/2022,의성(278),X,24.1,26.9,18.2,9.8,50.4,X, ,X,높음
5/19/2022,구미(279),X,24.5,27.1,20.8,14.7,37.3,X, ,X,높음
5/19/2022,영천(281),X,25.8,28.9,20.5,11.7,45.6,X, ,X,높음
5/19/2022,경주시(283),X,26.8,30.1,22.4,14.9,37,X, ,X,높음
5/19/2022,거창(284),X,24,26.5,18,9.7,46.8,X, ,X,높음
5/19/2022,합천(285),X,24.9,28.2,20.1,11.4,44.3,X, ,X,높음
5/19/2022,밀양(288),X,25.3,29,20.8,12.3,42,X, ,X,높음
5/19/2022,산청(289),X,25,27.2,18.3,10,51.5,X, ,X,높음
5/19/2022,거제(294),X,22.6,23.9,19.6,15.6,43.3,X, ,X,높음
5/19/2022,남해(295),X,23.4,25.1,19.6,15.4,45.4,X, ,X,높음
5/19/2022,부천(433),X,21.8,21.9,18.2,14.6,54,X, ,X,매우높음
5/19/2022,안양(434),X,19.3,22.4,19.7,16.7,,X, ,X,매우높음
5/19/2022,광명(437),X,23.2,23.6,19.4,16.4,50,X, ,X,매우높음
5/19/2022,군포(438),X,22.1,22.6,18.6,14.8,48,X, ,X,매우높음
5/19/2022,김포(441),X,,23.3,19,14.5,,X, ,X,매우높음
5/19/2022,하남(444),X,23.8,24.9,19.6,15.2,44,X, ,X,매우높음
5/19/2022,의왕(445),X,21,21.4,17.1,12.4,52,X, ,X,매우높음
5/19/2022,포천(504),X,24.1,24.9,18.5,11.4,56,X, ,X,매우높음
5/19/2022,가평조종(505),X,24.4,24.9,18,10.4,58,X, ,X,매우높음
5/19/2022,안성(516),X,22.9,24.8,18.5,11.5,49,X, ,X,높음
5/19/2022,간성(517),X,23.7,23.8,20.8,15.5,55,X, ,X,매우높음
5/19/2022,평창(526),X,21.6,24.3,18.3,12.7,39,X, ,X,매우높음
5/19/2022,의정부(532),X,24.9,24.8,19.2,13.5,61,X, ,X,매우높음
5/19/2022,횡성(536),X,22.8,24.1,18.8,12.4,50,X, ,X,매우높음
5/19/2022,고양(540),X,24.5,24.9,19,14.2,56,X, ,X,매우높음
5/19/2022,남양주(541),X,24.5,25.2,19.3,13,51,X, ,X,매우높음
5/19/2022,안산(545),X,22.7,22.9,17.4,10.8,61,X, ,X,매우높음
5/19/2022,경기광주(546),X,23.3,24.5,19,12.6,47,X, ,X,매우높음
5/19/2022,여주(548),X,22.7,24.2,19.2,13.6,41,X, ,X,매우높음
5/19/2022,용인(549),X,21.7,23.5,19,12.9,42,X, ,X,높음
5/19/2022,오산(550),X,21.8,23.3,19.1,14.3,40,X, ,X,높음
5/19/2022,평택(551),X,23.6,25,19.6,13.9,45,X, ,X,높음
5/19/2022,화천(555),X,26.4,27.7,18.1,9.3,64,X, ,X,매우높음
5/19/2022,양구(556),X,24.1,25.6,18.8,10.6,51,X, ,X,매우높음
5/19/2022,시흥(565),X,22.6,22.7,19,15.7,55,X, ,X,매우높음
5/19/2022,구리(569),X,24.1,25.3,20.2,14.9,43,X, ,X,매우높음
5/19/2022,화성(571),X,22.2,23,18.8,14.6,52,X, ,X,높음
5/19/2022,성남(572),X,23.4,24.2,20.1,15.2,44,X, ,X,매우높음
5/19/2022,과천(590),X,23.6,24,19.5,14.2,51,X, ,X,매우높음
5/19/2022,양주(598),X,24.7,25.6,18.4,10.7,60,X, ,X,매우높음
5/19/2022,단양(601),X,22.9,25.2,19.3,13.4,42,X, ,X,높음
5/19/2022,진천(602),X,23.8,26,19.5,12.6,44,X, ,X,높음
5/19/2022,괴산(603),X,22.5,24.7,17.4,9.3,48,X, ,X,높음
5/19/2022,옥천(604),X,22.9,25.8,19.3,12.4,41,X, ,X,높음
5/19/2022,홍북(608),X,22.9,24.2,19,14.1,42,X, ,X,높음
5/19/2022,공주(612),X,22.4,25,19,13.6,38,X, ,X,높음
5/19/2022,서천(614),X,21.5,23.5,18.8,13.3,42,X, ,X,높음
5/19/2022,논산(615),X,22.4,24.7,18.2,11.4,51,X, ,X,높음
5/19/2022,당진(616),X,22.8,24.1,19.1,15.5,49,X, ,X,높음
5/19/2022,청양(618),X,22.9,25.2,19,12.1,40,X, ,X,높음
5/19/2022,음성(619),X,22.5,23.8,17.6,9.9,47,X, ,X,높음
5/19/2022,증평(623),X,22.6,24.6,19.6,13.4,41,X, ,X,높음
5/19/2022,태안(627),X,22.4,21.3,17.2,14.6,68,X, ,X,높음
5/19/2022,예산(628),X,22.3,23.8,20.1,16.7,39,X, ,X,높음
5/19/2022,아산(634),X,24.9,26.6,20.1,15.8,42,X, ,X,높음
5/19/2022,계룡(636),X,22,24.4,17,10.6,42,X, ,X,높음
5/19/2022,연천청산(652),X,,,,,,X, ,X,매우높음
5/19/2022,양양(670),X,24.8,25.6,21.7,19,53,X, ,X,매우높음
5/19/2022,무안(699),X,22.3,24.2,18.1,12.3,53,X, ,X,높음
5/19/2022,무주(701),X,23.1,25.3,19.6,12.8,34,X, ,X,높음
5/19/2022,익산(702),X,24.6,25.9,19.4,13.6,47,X, ,X,높음
5/19/2022,진안(703),X,22.9,24.7,17.1,10.1,48,X, ,X,높음
5/19/2022,담양(706),X,25,27,18.4,10.4,58,X, ,X,높음
5/19/2022,구례(709),X,24.9,27.2,18.1,9.2,60,X, ,X,높음
5/19/2022,나주(710),X,24.1,25.3,17.7,10.3,63,X, ,X,높음
5/19/2022,순천시(712),X,24.1,25,19.4,13.1,47,X, ,X,높음
5/19/2022,광양읍(713),X,24.2,25.6,18.7,11.5,51,X, ,X,높음
5/19/2022,장성(730),X,23.1,25.5,17.6,9.8,54,X, ,X,높음
5/19/2022,영암(731),X,23.5,25.2,18.3,10.8,57,X, ,X,높음
5/19/2022,보성(732),X,24.1,25.3,17.1,9.4,62,X, ,X,높음
5/19/2022,완주(734),X,24.5,26.6,18.4,10.1,49,X, ,X,높음
5/19/2022,김제(737),X,23.4,26.6,20.5,16.8,30,X, ,X,높음
5/19/2022,화순(741),X,23.5,25.4,17.8,9.6,50,X, ,X,높음
5/19/2022,함평(754),X,22.7,24.2,18,12.2,56,X, ,X,높음
5/19/2022,곡성(768),X,25.1,27.1,18.3,9.5,47,X, ,X,높음
5/19/2022,압해도(789),X,21.8,23.1,18.6,14.9,51,X, ,X,높음
5/19/2022,영양(801),X,22.6,25.1,18.9,12.1,40,X, ,X,높음
5/19/2022,성주(810),X,25.2,27.8,19.1,10.6,50,X, ,X,높음
5/19/2022,고령(812),X,25.1,28.4,21.7,13.4,36,X, ,X,높음
5/19/2022,청도(813),X,26,29.1,20.2,9.9,49,X, ,X,높음
5/19/2022,예천(815),X,22.8,25.4,18.6,10.8,44,X, ,X,높음
5/19/2022,김천(822),X,24.7,26.5,18,10.1,54,X, ,X,높음
5/19/2022,군위(823),X,24.5,26.4,18.7,10.7,54,X, ,X,높음
5/19/2022,칠곡(825),X,25.1,27.4,20.8,14.4,45,X, ,X,높음
5/19/2022,경산(827),X,25.4,29.2,23.4,16.7,30,X, ,X,높음
5/19/2022,삼척(876),X,24.9,27.5,21.9,19.5,36,X, ,X,매우높음
5/19/2022,속초(90),X,23.9,24,21.1,17.6,49.4,X, ,X,매우높음
5/19/2022,삼천포(907),X,24.1,25.4,19.4,15.5,49,X, ,X,높음
5/19/2022,고성(918),X,23.5,24,17.4,11.8,65,X, ,X,높음
5/19/2022,창녕(919),X,26.4,28.7,20.9,11.8,47,X, ,X,높음
5/19/2022,함안(920),X,24.9,27.2,19.2,10.3,52,X, ,X,높음
5/19/2022,북춘천(93),X,24.7,25.6,18.9,11.8,55.8,X, ,X,매우높음
5/19/2022,하동(932),X,25,26.3,18.4,11,58,X, ,X,높음
5/19/2022,철원(95),X,24.8,25.5,18.3,10.6,64.6,X, ,X,매우높음
5/19/2022,동두천(98),X,25.5,26.5,19,12,58.6,X, ,X,매우높음
5/19/2022,파주(99),X,25.6,25.6,17.8,10.4,70.1,X, ,X,매우높음
5/20/2022,북강릉(104),X,25.6,28.1,23,18,33.4,X, ,X,높음
5/20/2022,동해(106),X,24.2,26.2,22.2,18.7,31.9,X, ,X,높음
5/20/2022,서울(108),X,25.1,25.8,20.6,15.6,52.8,X, ,X,높음
5/20/2022,인천(112),X,22.6,22.3,18.4,15.2,59.1,X, ,X,높음
5/20/2022,원주(114),X,23.8,25.1,19.2,13.9,48.8,X, ,X,높음
5/20/2022,울릉도(115),X,25.3,25.6,21.5,18.2,37.5,X, ,X,높음
5/20/2022,수원(119),X,24.7,25.3,19.7,13.2,56.6,X, ,X,높음
5/20/2022,영월(121),X,24.6,27.3,18.3,11.1,50.5,X, ,X,높음
5/20/2022,충주(127),X,25,26.6,18.6,10.6,55.5,X, ,X,높음
5/20/2022,서산(129),X,24.1,23.9,18.5,13,64.6,X, ,X,높음
5/20/2022,울진(130),X,24.8,27,20.4,16.7,45.9,X, ,X,보통
5/20/2022,청주(131),X,26,27.6,21.1,15.5,45.5,X, ,X,높음
5/20/2022,대전(133),X,26.1,28.1,20.7,13.8,51.6,X, ,X,높음
5/20/2022,추풍령(135),X,24.4,26,19.6,13,47.6,X, ,X,높음
5/20/2022,안동(136),X,25.3,26.8,20.3,13.4,43.5,X, ,X,높음
5/20/2022,상주(137),X,26.3,27.9,21.6,15.1,44,X, ,X,높음
5/20/2022,포항(138),X,27.1,29.1,23.4,19.3,41,X, ,X,높음
5/20/2022,군산(140),X,24.9,24.8,19.3,14.5,63.8,X, ,X,높음
5/20/2022,대구(143),X,25.9,28.6,22.8,17.1,43.3,X, ,X,높음
5/20/2022,전주(146),X,25.7,26.1,20.2,15.5,55.8,X, ,X,높음
5/20/2022,울산(152),X,24.4,26.1,20.5,16.8,51,X, ,X,높음
5/20/2022,창원(155),X,24.3,24.9,19.3,14.8,57.1,X, ,X,높음
5/20/2022,광주(156),X,26.3,26.6,20.2,16.7,60.1,X, ,X,보통
5/20/2022,부산(159),X,24.5,24.9,20.2,18.1,59.5,X, ,X,높음
5/20/2022,통영(162),X,24.1,23.1,18.9,15.6,70.3,X, ,X,높음
5/20/2022,목포(165),X,24.6,24.1,20.1,17,60.9,X, ,X,보통
5/20/2022,여수(168),X,23.7,22.7,19.1,16.6,67.9,X, ,X,보통
5/20/2022,흑산도(169),X,23.6,22.3,17.9,15.1,69.5,X, ,X,보통
5/20/2022,완도(170),X,24.7,23.1,18.4,15.3,74.4,X, ,X,보통
5/20/2022,고창(172),X,25.5,25.9,19.2,14.6,63.8,X, ,X,높음
5/20/2022,제주(184),X,25.2,23.3,20.9,18.3,71.9,X, ,X,보통
5/20/2022,진주(192),X,25.4,26.2,18.7,13.2,68.1,X, ,X,높음
5/20/2022,양평(202),X,24.9,26.1,19.2,12.6,57.3,X, ,X,높음
5/20/2022,이천(203),X,25.6,27,19.4,11.8,57.8,X, ,X,높음
5/20/2022,인제(211),X,24.4,25.8,18,9.8,56.1,X, ,X,높음
5/20/2022,홍천(212),X,24.7,26,18.8,11.1,53.5,X, ,X,높음
5/20/2022,태백(216),X,22.7,24.6,18.5,14.2,37.6,X, ,X,보통
5/20/2022,정선군(217),X,25.4,27.9,19.3,12,43.3,X, ,X,높음
5/20/2022,제천(221),X,23.7,25.3,17.5,10,56.1,X, ,X,높음
5/20/2022,보은(226),X,24.5,25.7,18.2,10.7,59.3,X, ,X,높음
5/20/2022,천안(232),X,25.4,26.4,18.7,10.8,61.3,X, ,X,높음
5/20/2022,보령(235),X,24.1,23.8,18.8,14.2,61.1,X, ,X,높음
5/20/2022,부여(236),X,26,26.6,18.9,12,60,X, ,X,높음
5/20/2022,금산(238),X,25.2,26.7,18.3,11.3,60.3,X, ,X,높음
5/20/2022,세종(239),X,25.5,27.1,19.6,13,50.9,X, ,X,높음
5/20/2022,부안(243),X,25.3,25.4,19.7,15.1,64.6,X, ,X,높음
5/20/2022,임실(244),X,24.5,24.7,17.5,11.6,65.6,X, ,X,높음
5/20/2022,정읍(245),X,25.6,25.8,19.3,14.3,59.1,X, ,X,높음
5/20/2022,남원(247),X,24.8,25.1,19,13.3,60.4,X, ,X,높음
5/20/2022,장수(248),X,24,24.7,16.5,10.6,66.3,X, ,X,높음
5/20/2022,영광군(252),X,25.2,24.9,19,14.3,63.6,X, ,X,높음
5/20/2022,김해시(253),X,24.7,25.9,20,15.5,57.5,X, ,X,높음
5/20/2022,순창군(254),X,25,25.4,19,13.3,62.3,X, ,X,높음
5/20/2022,양산시(257),X,25.2,26.3,20,15,57.8,X, ,X,높음
5/20/2022,강진군(259),X,25,24.3,19.1,14.2,65.9,X, ,X,보통
5/20/2022,장흥(260),X,24.3,23.5,18.2,13.4,71.3,X, ,X,보통
5/20/2022,해남(261),X,25,24.5,18.4,13,69.5,X, ,X,보통
5/20/2022,고흥(262),X,24.2,23.3,18.3,13,69.3,X, ,X,보통
5/20/2022,의령군(263),X,25.5,27.6,19.9,13.7,57.9,X, ,X,높음
5/20/2022,함양군(264),X,25.6,27.1,19,12.2,56,X, ,X,높음
5/20/2022,진도군ASOS(268),X,24.7,24.2,18.8,14.1,68.6,X, ,X,보통
5/20/2022,봉화(271),X,24.4,26.2,18.1,12.1,51.3,X, ,X,높음
5/20/2022,영주(272),X,24.8,26.9,20.2,15.1,43.6,X, ,X,보통
5/20/2022,문경(273),X,25.5,27.1,20.6,14.5,45,X, ,X,보통
5/20/2022,청송군(276),X,26.4,28.4,18.5,11,49,X, ,X,높음
5/20/2022,영덕(277),X,24.8,27.2,21.4,16.9,38.1,X, ,X,높음
5/20/2022,의성(278),X,25.8,27.9,18.5,11.1,54.8,X, ,X,높음
5/20/2022,구미(279),X,25.7,27.9,21.1,14.8,44.3,X, ,X,높음
5/20/2022,영천(281),X,25.4,28,21.4,14.3,41.3,X, ,X,높음
5/20/2022,경주시(283),X,27.1,29.8,21.2,15.1,49,X, ,X,높음
5/20/2022,거창(284),X,25.5,27.2,18.2,11.4,60.6,X, ,X,높음
5/20/2022,합천(285),X,25.6,27.5,19.9,13.9,56.3,X, ,X,높음
5/20/2022,밀양(288),X,25.4,28.1,20.8,15,48.8,X, ,X,높음
5/20/2022,산청(289),X,25.6,26.4,18.4,12.7,68.5,X, ,X,높음
5/20/2022,거제(294),X,23.9,24.2,19.6,15.9,62.1,X, ,X,높음
5/20/2022,남해(295),X,23.5,,,,,X, ,X,보통
5/20/2022,부천(433),X,23.1,23.7,18.9,13.7,53,X, ,X,높음
5/20/2022,안양(434),X,20.3,24.3,19.8,15.5,,X, ,X,높음
5/20/2022,광명(437),X,24.2,24.9,20.2,15.5,52,X, ,X,높음
5/20/2022,군포(438),X,24,24.7,19,13.7,53,X, ,X,높음
5/20/2022,김포(441),X,,24.2,19.5,15.1,,X, ,X,높음
5/20/2022,하남(444),X,21.2,,,,,X, ,X,높음
5/20/2022,의왕(445),X,23,23.7,17.7,11.1,57,X, ,X,높음
5/20/2022,포천(504),X,25.6,26.9,19,11.3,57,X, ,X,높음
5/20/2022,가평조종(505),X,24.8,25.9,18.1,9.2,57,X, ,X,높음
5/20/2022,안성(516),X,25.5,26.6,19.5,12.5,56,X, ,X,높음
5/20/2022,간성(517),X,27,29.1,23.1,19.2,37,X, ,X,높음
5/20/2022,평창(526),X,24.4,27.2,17.5,10.7,51,X, ,X,높음
5/20/2022,의정부(532),X,25.4,26,19.3,12.4,63,X, ,X,높음
5/20/2022,횡성(536),X,24.6,26,17.8,10.6,70,X, ,X,높음
5/20/2022,고양(540),X,26.1,27,19.6,12.4,57,X, ,X,높음
5/20/2022,남양주(541),X,25.7,27.3,19.4,12.1,54,X, ,X,높음
5/20/2022,안산(545),X,24.8,24.9,17.6,9.1,69,X, ,X,높음
5/20/2022,경기광주(546),X,24.7,26.4,18.6,11.3,55,X, ,X,높음
5/20/2022,여주(548),X,24.8,26,18.9,11.5,54,X, ,X,높음
5/20/2022,용인(549),X,24.1,25.9,18.7,11.4,52,X, ,X,높음
5/20/2022,오산(550),X,24.9,26.2,19.2,12.7,49,X, ,X,높음
5/20/2022,평택(551),X,25.5,26.1,20,13.4,56,X, ,X,높음
5/20/2022,화천(555),X,26,27.7,17.5,8.1,67,X, ,X,높음
5/20/2022,양구(556),X,25.1,27,18,8.7,53,X, ,X,높음
5/20/2022,시흥(565),X,24.2,24.1,18.2,10.6,68,X, ,X,높음
5/20/2022,구리(569),X,25.4,27.4,20.1,13.4,48,X, ,X,높음
5/20/2022,화성(571),X,24.6,25,19,13.4,58,X, ,X,높음
5/20/2022,성남(572),X,24.7,25.9,19.7,13,51,X, ,X,높음
5/20/2022,과천(590),X,25.5,26.5,19,10.9,62,X, ,X,높음
5/20/2022,양주(598),X,24,24.7,18.6,10.6,60,X, ,X,높음
5/20/2022,단양(601),X,24.9,27.2,19,12.4,52,X, ,X,높음
5/20/2022,진천(602),X,26,27.1,19.8,12.9,56,X, ,X,높음
5/20/2022,괴산(603),X,25.1,26.6,17.7,9.8,60,X, ,X,높음
5/20/2022,옥천(604),X,25.5,27.6,19.5,12,58,X, ,X,높음
5/20/2022,홍북(608),X,26.1,27.6,18.8,12.6,58,X, ,X,높음
5/20/2022,공주(612),X,25.6,28.2,19.1,11.1,55,X, ,X,높음
5/20/2022,서천(614),X,24.4,24.3,18.7,13.5,64,X, ,X,높음
5/20/2022,논산(615),X,25.9,26.7,19.3,12.8,61,X, ,X,높음
5/20/2022,당진(616),X,25.2,26.2,19.5,13.3,57,X, ,X,높음
5/20/2022,청양(618),X,25.6,26.6,17.5,9.7,67,X, ,X,높음
5/20/2022,음성(619),X,24.9,25.9,17.7,9.5,59,X, ,X,높음
5/20/2022,증평(623),X,25.5,26.7,19.4,12.5,57,X, ,X,높음
5/20/2022,태안(627),X,24.4,24,18.5,14.2,68,X, ,X,높음
5/20/2022,예산(628),X,24.9,26.1,19.4,13.9,60,X, ,X,높음
5/20/2022,아산(634),X,26.8,28.1,19.3,13.4,58,X, ,X,높음
5/20/2022,계룡(636),X,24.7,26.5,17.6,8.9,58,X, ,X,높음
5/20/2022,연천청산(652),X,,,,,,X, ,X,높음
5/20/2022,양양(670),X,26.8,29,24,19.7,36,X, ,X,높음
5/20/2022,무안(699),X,25.5,24.9,19.4,14.1,66,X, ,X,보통
5/20/2022,무주(701),X,24.6,26.3,17.9,11.1,58,X, ,X,높음
5/20/2022,익산(702),X,26.2,25.8,19.4,13.8,65,X, ,X,높음
5/20/2022,진안(703),X,24,24.5,16.9,10.7,66,X, ,X,높음
5/20/2022,담양(706),X,27.1,27.4,19.8,13.8,63,X, ,X,높음
5/20/2022,구례(709),X,26.2,26.7,19.5,13.1,70,X, ,X,높음
5/20/2022,나주(710),X,26.4,26,18.1,13.4,78,X, ,X,보통
5/20/2022,순천시(712),X,25,,,,,X, ,X,보통
5/20/2022,광양읍(713),X,26.3,27.2,19.9,14.8,62,X, ,X,보통
5/20/2022,장성(730),X,25.9,26.2,18.7,13.3,62,X, ,X,높음
5/20/2022,영암(731),X,25.8,25.7,19.1,13.6,73,X, ,X,보통
5/20/2022,보성(732),X,24.4,23.6,17.8,12.8,73,X, ,X,보통
5/20/2022,완주(734),X,25.9,26.7,19,11.2,63,X, ,X,높음
5/20/2022,김제(737),X,25.1,25.8,19.4,14.6,57,X, ,X,높음
5/20/2022,화순(741),X,26.1,26.3,18.8,13.4,64,X, ,X,보통
5/20/2022,함평(754),X,26.6,26.2,18.9,13.1,69,X, ,X,보통
5/20/2022,곡성(768),X,26.6,27.3,19.1,12.8,60,X, ,X,높음
5/20/2022,압해도(789),X,25.6,24.9,19.4,15,68,X, ,X,보통
5/20/2022,영양(801),X,25.2,27.6,18.9,12.1,48,X, ,X,높음
5/20/2022,성주(810),X,25.9,28.7,20.3,13.2,50,X, ,X,높음
5/20/2022,고령(812),X,26,28.5,19.7,12.9,57,X, ,X,높음
5/20/2022,청도(813),X,26.4,28.6,20.2,13.1,52,X, ,X,높음
5/20/2022,예천(815),X,25.5,27.5,19.4,11.4,52,X, ,X,보통
5/20/2022,김천(822),X,26.4,28,18.2,10.9,59,X, ,X,높음
5/20/2022,군위(823),X,26.3,27.9,19,12,57,X, ,X,높음
5/20/2022,칠곡(825),X,25.8,27.9,20.9,14.6,52,X, ,X,높음
5/20/2022,경산(827),X,25,28.9,22.4,16.7,38,X, ,X,높음
5/20/2022,삼척(876),X,26.3,28.5,23,18.7,31,X, ,X,높음
5/20/2022,속초(90),X,25.5,27.6,23.1,20.1,33,X, ,X,높음
5/20/2022,삼천포(907),X,22.9,21.7,18.3,15.3,69,X, ,X,높음
5/20/2022,고성(918),X,23.4,22.9,18.3,13.9,72,X, ,X,높음
5/20/2022,창녕(919),X,26.2,27.9,20.9,14.6,56,X, ,X,높음
5/20/2022,함안(920),X,25.5,26.8,19.2,13.5,64,X, ,X,높음
5/20/2022,북춘천(93),X,25.1,26.5,18.5,10,55.5,X, ,X,높음
5/20/2022,하동(932),X,24.9,25.2,19.1,13.8,69,X, ,X,높음
5/20/2022,철원(95),X,24.6,25.3,18.3,9.9,66.5,X, ,X,높음
5/20/2022,동두천(98),X,25.4,26.2,19.3,12.1,58.8,X, ,X,높음
5/20/2022,파주(99),X,25.2,25.2,17.9,10.1,70.3,X, ,X,높음
5/21/2022,북강릉(104),X,26.8,28.3,23.2,16.8,42.9,X, ,X,매우높음
5/21/2022,동해(106),X,25.8,27.3,22.6,17,41.6,X, ,X,매우높음
5/21/2022,서울(108),X,26.2,26,20.1,16.1,70.8,X, ,X,매우높음
5/21/2022,인천(112),X,21.9,20.1,17.1,14.5,81.3,X, ,X,매우높음
5/21/2022,원주(114),X,25.1,25.6,20,13.4,59.4,X, ,X,높음
5/21/2022,울릉도(115),X,25.4,24.9,20,16.8,64.9,X, ,X,높음
5/21/2022,수원(119),X,25.2,24.5,19.1,15.7,77.3,X, ,X,매우높음
5/21/2022,영월(121),X,25.8,27,19,10.3,61.3,X, ,X,매우높음
5/21/2022,충주(127),X,26.2,26.7,20,13.6,65.8,X, ,X,매우높음
5/21/2022,서산(129),X,24.6,23.2,17.8,13.4,81.6,X, ,X,높음
5/21/2022,울진(130),X,25.8,27.6,20.3,15.9,56.8,X, ,X,높음
5/21/2022,청주(131),X,27.1,28.1,21.3,16.7,58.9,X, ,X,높음
5/21/2022,대전(133),X,27.7,28.7,20.8,14.2,64,X, ,X,매우높음
5/21/2022,추풍령(135),X,25.2,25.8,19.7,12.3,61.4,X, ,X,매우높음
5/21/2022,안동(136),X,27.1,28.4,21.1,12.6,56.6,X, ,X,매우높음
5/21/2022,상주(137),X,27.6,28.7,21.9,14.6,58.1,X, ,X,매우높음
5/21/2022,포항(138),X,27,28.1,23.4,18.9,50.6,X, ,X,매우높음
5/21/2022,군산(140),X,23.8,22.6,18.1,13.9,80.4,X, ,X,매우높음
5/21/2022,대구(143),X,28,29.7,23.7,17.9,51.5,X, ,X,매우높음
5/21/2022,전주(146),X,25.9,25.5,19.8,15,71.4,X, ,X,매우높음
5/21/2022,울산(152),X,25.7,27,21.5,16.9,55.3,X, ,X,매우높음
5/21/2022,창원(155),X,27.2,29.9,21.7,15,55.4,X, ,X,매우높음
5/21/2022,광주(156),X,27.2,27.7,20.7,14.6,69.6,X, ,X,매우높음
5/21/2022,부산(159),X,25.5,25.3,20,16.9,71.5,X, ,X,매우높음
5/21/2022,통영(162),X,26.1,26.2,20.5,15,68.5,X, ,X,매우높음
5/21/2022,목포(165),X,24.5,23.8,19.2,15.3,76.4,X, ,X,매우높음
5/21/2022,여수(168),X,25.6,26.1,21.3,16.3,61.8,X, ,X,매우높음
5/21/2022,흑산도(169),X,24,22.3,17,12.6,84.6,X, ,X,매우높음
5/21/2022,완도(170),X,26.9,27.3,21.1,15,63.9,X, ,X,매우높음
5/21/2022,고창(172),X,25,24.8,19,12.6,72.5,X, ,X,매우높음
5/21/2022,제주(184),X,25.7,24.9,20.4,16.3,70,X, ,X,매우높음
5/21/2022,진주(192),X,28.7,30.3,20.3,12.6,69.4,X, ,X,매우높음
5/21/2022,양평(202),X,26.6,27,19.6,13.9,64.5,X, ,X,높음
5/21/2022,이천(203),X,26.9,27.1,20.4,14.6,66.9,X, ,X,높음
5/21/2022,인제(211),X,25.8,26,19.5,10.2,61.1,X, ,X,높음
5/21/2022,홍천(212),X,26,26.5,19.1,11.9,62.3,X, ,X,높음
5/21/2022,태백(216),X,23.9,24.9,18.8,12.8,47.9,X, ,X,매우높음
5/21/2022,정선군(217),X,25.8,27.4,19.1,9.6,57.1,X, ,X,매우높음
5/21/2022,제천(221),X,25.2,25.7,18.4,10.2,66.1,X, ,X,매우높음
5/21/2022,보은(226),X,25.8,26.2,19.5,12.1,67.4,X, ,X,매우높음
5/21/2022,천안(232),X,26,26.2,19.6,14.1,74,X, ,X,매우높음
5/21/2022,보령(235),X,24.4,23.5,18.2,13.7,76.5,X, ,X,높음
5/21/2022,부여(236),X,26.8,27.2,19,12.1,74.1,X, ,X,높음
5/21/2022,금산(238),X,25.8,26.2,18.5,10.8,69.5,X, ,X,매우높음
5/21/2022,세종(239),X,26.1,26.8,19.6,13.5,65.6,X, ,X,높음
5/21/2022,부안(243),X,24.2,23.6,18.8,13.6,77.1,X, ,X,매우높음
5/21/2022,임실(244),X,24.9,25.3,17.9,10.6,69.9,X, ,X,매우높음
5/21/2022,정읍(245),X,25,25.2,19.1,13.1,71.3,X, ,X,매우높음
5/21/2022,남원(247),X,26.1,26.6,19.4,12.4,66.8,X, ,X,매우높음
5/21/2022,장수(248),X,24.8,24.9,17.4,9.4,70.9,X, ,X,매우높음
5/21/2022,영광군(252),X,24.9,24.4,18.6,12.6,73.5,X, ,X,매우높음
5/21/2022,김해시(253),X,27.7,28.9,21.1,15.9,62,X, ,X,매우높음
5/21/2022,순창군(254),X,25.5,26.1,19.4,12.2,69.3,X, ,X,매우높음
5/21/2022,양산시(257),X,28.7,30.6,21.6,14.7,60.5,X, ,X,매우높음
5/21/2022,강진군(259),X,27.8,28.1,20.9,12.9,66.3,X, ,X,매우높음
5/21/2022,장흥(260),X,27,27.3,20.2,12.6,65.5,X, ,X,매우높음
5/21/2022,해남(261),X,25.7,25.6,18.9,11.6,74.1,X, ,X,매우높음
5/21/2022,고흥(262),X,26.3,27.1,20.2,11.4,64.4,X, ,X,매우높음
5/21/2022,의령군(263),X,28.3,30.6,21,12.1,59.4,X, ,X,매우높음
5/21/2022,함양군(264),X,27.1,28.6,20.4,11,57.8,X, ,X,매우높음
5/21/2022,진도군ASOS(268),X,25.3,24.1,17.9,12.3,80.6,X, ,X,매우높음
5/21/2022,봉화(271),X,25.4,26.7,18.6,9.3,63,X, ,X,매우높음
5/21/2022,영주(272),X,25.8,26.3,20.7,13.7,57.4,X, ,X,매우높음
5/21/2022,문경(273),X,26.4,26.9,21.3,14,59.9,X, ,X,매우높음
5/21/2022,청송군(276),X,27.2,28.8,20,8,57.9,X, ,X,매우높음
5/21/2022,영덕(277),X,27.4,29.3,21,16,55.6,X, ,X,매우높음
5/21/2022,의성(278),X,27.6,29,19.7,9.2,64,X, ,X,매우높음
5/21/2022,구미(279),X,27.6,28.8,22.4,15.1,54.6,X, ,X,매우높음
5/21/2022,영천(281),X,27.3,29.3,22.2,12.8,52.5,X, ,X,매우높음
5/21/2022,경주시(283),X,28.1,30.8,23.3,13.9,49.8,X, ,X,매우높음
5/21/2022,거창(284),X,27.4,29,19.9,9.8,61.6,X, ,X,매우높음
5/21/2022,합천(285),X,27,29.3,21.1,12.3,58.5,X, ,X,매우높음
5/21/2022,밀양(288),X,27.3,30.7,22.2,13.4,51,X, ,X,매우높음
5/21/2022,산청(289),X,27.8,29.4,21.4,12.6,58,X, ,X,매우높음
5/21/2022,거제(294),X,27,27.9,20.5,14.6,63.3,X, ,X,매우높음
5/21/2022,남해(295),X,27.8,28.3,21,15.4,63.1,X, ,X,매우높음
5/21/2022,부천(433),X,23.3,22.9,17.9,14.6,72,X, ,X,매우높음
5/21/2022,안양(434),X,19.2,23.5,19.2,15.8,,X, ,X,높음
5/21/2022,광명(437),X,24.8,24.2,19.2,15.4,71,X, ,X,매우높음
5/21/2022,군포(438),X,24.2,24,18.7,14.8,70,X, ,X,매우높음
5/21/2022,김포(441),X,,22.8,18.1,15.2,,X, ,X,높음
5/21/2022,하남(444),X,,,,,,X, ,X,높음
5/21/2022,의왕(445),X,23.3,22.8,17.4,14.1,75,X, ,X,매우높음
5/21/2022,포천(504),X,26.8,27.1,19.3,12.8,68,X, ,X,높음
5/21/2022,가평조종(505),X,26.6,27,18.9,11.4,68,X, ,X,높음
5/21/2022,안성(516),X,25.9,26.2,19.4,15.3,76,X, ,X,높음
5/21/2022,간성(517),X,28.6,29.9,24.8,19.5,44,X, ,X,높음
5/21/2022,평창(526),X,25.2,26.2,18,9.2,62,X, ,X,매우높음
5/21/2022,의정부(532),X,26.9,26.3,19.4,14.4,78,X, ,X,높음
5/21/2022,횡성(536),X,26.3,26.3,18.4,10,72,X, ,X,높음
5/21/2022,고양(540),X,27,26.9,19,14.1,72,X, ,X,높음
5/21/2022,남양주(541),X,26.9,27.3,19.7,13.9,66,X, ,X,높음
5/21/2022,안산(545),X,24.5,23.3,18,14,81,X, ,X,높음
5/21/2022,경기광주(546),X,25.9,26.3,19.1,13.6,67,X, ,X,높음
5/21/2022,여주(548),X,26.3,26.6,19.6,13.9,66,X, ,X,높음
5/21/2022,용인(549),X,24.9,25.5,19.4,14.8,65,X, ,X,높음
5/21/2022,오산(550),X,24.7,25,19.4,15.5,68,X, ,X,높음
5/21/2022,평택(551),X,26.4,26,19.6,16.3,76,X, ,X,높음
5/21/2022,화천(555),X,27.9,29.1,19.1,8.7,72,X, ,X,높음
5/21/2022,양구(556),X,26.5,27.4,19.4,9.4,58,X, ,X,높음
5/21/2022,시흥(565),X,23.5,22.1,18.2,15.2,80,X, ,X,높음
5/21/2022,구리(569),X,26,26.9,20.5,15.7,60,X, ,X,높음
5/21/2022,화성(571),X,24.7,23.8,18.1,14.7,80,X, ,X,높음
5/21/2022,성남(572),X,25.5,25.6,19.6,14.8,66,X, ,X,높음
5/21/2022,과천(590),X,25.8,25.8,19.3,14.2,72,X, ,X,높음
5/21/2022,양주(598),X,25,25,18.4,12.7,72,X, ,X,높음
5/21/2022,단양(601),X,26.6,27.3,20.1,12.5,64,X, ,X,매우높음
5/21/2022,진천(602),X,26.5,26.1,20.6,15.6,69,X, ,X,높음
5/21/2022,괴산(603),X,25.8,26.4,19.5,12.1,68,X, ,X,매우높음
5/21/2022,옥천(604),X,27,27.7,20.2,12.3,69,X, ,X,매우높음
5/21/2022,홍북(608),X,26.5,26.5,18.7,12.7,75,X, ,X,높음
5/21/2022,공주(612),X,26.6,27.6,19.5,11.5,66,X, ,X,매우높음
5/21/2022,서천(614),X,24.5,22.7,17.7,12.8,83,X, ,X,높음
5/21/2022,논산(615),X,27.5,27.4,19.4,12.7,72,X, ,X,높음
5/21/2022,당진(616),X,26.2,25.7,19.2,14.7,77,X, ,X,높음
5/21/2022,청양(618),X,26,25.8,17.6,10.6,78,X, ,X,매우높음
5/21/2022,음성(619),X,25.5,25.3,19.1,12.9,69,X, ,X,매우높음
5/21/2022,증평(623),X,26.6,26.7,20.3,15.1,70,X, ,X,높음
5/21/2022,태안(627),X,24.5,22.7,17.4,13.5,86,X, ,X,높음
5/21/2022,예산(628),X,25.8,25.3,19.3,14.3,76,X, ,X,높음
5/21/2022,아산(634),X,26.4,26.1,19.1,14.9,76,X, ,X,높음
5/21/2022,계룡(636),X,25.7,26.6,18.4,9.3,66,X, ,X,높음
5/21/2022,연천청산(652),X,,,,,,X, ,X,높음
5/21/2022,양양(670),X,28.6,29.3,24.5,19,50,X, ,X,높음
5/21/2022,무안(699),X,25.3,24.8,18.7,12.4,77,X, ,X,매우높음
5/21/2022,무주(701),X,25.5,26.1,18.5,10.4,68,X, ,X,매우높음
5/21/2022,익산(702),X,26,25,19.1,13,77,X, ,X,매우높음
5/21/2022,진안(703),X,24.4,24.3,17,9.5,74,X, ,X,매우높음
5/21/2022,담양(706),X,28.2,28.8,20.2,11.7,69,X, ,X,매우높음
5/21/2022,구례(709),X,28.2,28.9,20.8,11.3,65,X, ,X,매우높음
5/21/2022,나주(710),X,26.2,26.1,19.3,12.8,77,X, ,X,매우높음
5/21/2022,순천시(712),X,28.4,30.4,23.7,15.3,47,X, ,X,매우높음
5/21/2022,광양읍(713),X,28.5,30.7,22.8,13,55,X, ,X,매우높음
5/21/2022,장성(730),X,26.7,27,19.2,11.4,71,X, ,X,매우높음
5/21/2022,영암(731),X,26.5,26.3,19.1,12.3,78,X, ,X,매우높음
5/21/2022,보성(732),X,27.2,27.9,19.9,10.7,65,X, ,X,매우높음
5/21/2022,완주(734),X,26.7,26.8,18.6,10.7,76,X, ,X,매우높음
5/21/2022,김제(737),X,24.7,24.8,18.9,14.8,72,X, ,X,매우높음
5/21/2022,화순(741),X,26.9,27.6,19.1,12,70,X, ,X,매우높음
5/21/2022,함평(754),X,26.4,26.4,19,11.3,76,X, ,X,매우높음
5/21/2022,곡성(768),X,26.9,27.8,19.7,11.7,67,X, ,X,매우높음
5/21/2022,압해도(789),X,26.2,25.6,19.1,14.6,80,X, ,X,매우높음
5/21/2022,영양(801),X,27.1,29.1,19.6,8.5,62,X, ,X,매우높음
5/21/2022,성주(810),X,27.1,29.1,21.5,12.1,56,X, ,X,매우높음
5/21/2022,고령(812),X,27.5,29.5,20.4,11.2,62,X, ,X,매우높음
5/21/2022,청도(813),X,28,30.1,21,11,58,X, ,X,매우높음
5/21/2022,예천(815),X,27.1,28.4,20.7,11.8,60,X, ,X,매우높음
5/21/2022,김천(822),X,27.3,28.1,19.8,9.5,66,X, ,X,매우높음
5/21/2022,군위(823),X,27.8,28.5,20.3,10.9,65,X, ,X,매우높음
5/21/2022,칠곡(825),X,28.3,29.5,22.6,15.2,58,X, ,X,매우높음
5/21/2022,경산(827),X,27.4,29.8,23.3,15.6,48,X, ,X,매우높음
5/21/2022,삼척(876),X,26.5,28.3,23.7,19.4,40,X, ,X,높음
5/21/2022,속초(90),X,28.6,30.3,24.5,18.2,41.1,X, ,X,높음
5/21/2022,삼천포(907),X,26.6,27.4,20.4,15.1,64,X, ,X,매우높음
5/21/2022,고성(918),X,27.1,27.5,19.7,13.2,74,X, ,X,매우높음
5/21/2022,창녕(919),X,27.9,29.8,21.9,12.6,60,X, ,X,매우높음
5/21/2022,함안(920),X,28.3,29.9,20.2,11.9,69,X, ,X,매우높음
5/21/2022,북춘천(93),X,26.6,26.9,19.5,10.9,65.4,X, ,X,높음
5/21/2022,하동(932),X,28.4,29.5,21.8,13.2,58,X, ,X,매우높음
5/21/2022,철원(95),X,25.6,25.8,19.2,12.6,77.4,X, ,X,높음
5/21/2022,동두천(98),X,26.8,26.6,19,13.7,73.8,X, ,X,높음
5/21/2022,파주(99),X,25.1,24,18.1,13.6,80.3,X, ,X,높음
5/22/2022,북강릉(104),X,25.9,26.5,19.3,14.1,62.8,X, ,X,보통
5/22/2022,동해(106),X,24.3,25.1,19.8,15,61.6,X, ,X,높음
5/22/2022,서울(108),X,26.2,25.8,20.3,15.7,70.9,X, ,X,매우높음
5/22/2022,인천(112),X,22.2,20.8,17.3,13.9,79.5,X, ,X,매우높음
5/22/2022,원주(114),X,26.1,26.5,20.2,14.9,64.6,X, ,X,높음
5/22/2022,울릉도(115),X,25.4,25.2,20.4,15.9,56.9,X, ,X,보통
5/22/2022,수원(119),X,25.7,25.1,19.6,15,75,X, ,X,매우높음
5/22/2022,영월(121),X,26.6,27.3,19.6,12,67.1,X, ,X,높음
5/22/2022,충주(127),X,27.8,28.1,20,12.5,69.8,X, ,X,매우높음
5/22/2022,서산(129),X,23.8,22,17.5,13.9,85,X, ,X,매우높음
5/22/2022,울진(130),X,25.7,26.4,20.3,15.8,59.1,X, ,X,높음
5/22/2022,청주(131),X,28.5,30,21.7,15.3,64,X, ,X,매우높음
5/22/2022,대전(133),X,27.5,27.8,21.1,15.6,67,X, ,X,매우높음
5/22/2022,추풍령(135),X,27.2,28.2,21.7,14.8,51.6,X, ,X,매우높음
5/22/2022,안동(136),X,28.4,29.9,22,15.1,53.5,X, ,X,매우높음
5/22/2022,상주(137),X,28.8,29.8,22.9,16.6,54.9,X, ,X,매우높음
5/22/2022,포항(138),X,29.9,32.1,23.1,16.9,53.1,X, ,X,매우높음
5/22/2022,군산(140),X,24.3,23.3,19,14.3,77.8,X, ,X,매우높음
5/22/2022,대구(143),X,30.1,32.7,24.8,18.6,45.6,X,관심,X,매우높음
5/22/2022,전주(146),X,27,27.4,20.5,15.2,69.9,X, ,X,매우높음
5/22/2022,울산(152),X,28.4,31.8,23.1,17,48.1,X, ,X,매우높음
5/22/2022,창원(155),X,28.7,31.2,24.2,17,44.6,X,관심,X,매우높음
5/22/2022,광주(156),X,28.4,29.6,21.8,15.1,70.5,X, ,X,매우높음
5/22/2022,부산(159),X,25.9,26.4,21.9,17.7,57.8,X, ,X,매우높음
5/22/2022,통영(162),X,27.7,28.6,22,16.4,60.5,X, ,X,매우높음
5/22/2022,목포(165),X,24.9,24.4,18.7,14,75.6,X, ,X,매우높음
5/22/2022,여수(168),X,28.5,29.9,24.1,18.1,46.8,X, ,X,매우높음
5/22/2022,흑산도(169),X,25.3,24.3,18.7,12.2,74.4,X, ,X,매우높음
5/22/2022,완도(170),X,26.5,27.8,21.3,13.9,60.9,X, ,X,매우높음
5/22/2022,고창(172),X,27,27.4,20,13.3,70,X, ,X,매우높음
5/22/2022,제주(184),X,25.5,26.2,21.4,15.1,60,X, ,X,매우높음
5/22/2022,진주(192),X,30.4,32.6,22.5,11.8,58.8,X, ,X,매우높음
5/22/2022,양평(202),X,26.9,27,19.9,14.8,72.6,X, ,X,높음
5/22/2022,이천(203),X,27.9,27.9,20.8,15.3,69.9,X, ,X,매우높음
5/22/2022,인제(211),X,24.4,23.9,17.9,12.3,73.3,X, ,X,보통
5/22/2022,홍천(212),X,25.3,24.9,18.7,12.8,72.5,X, ,X,높음
5/22/2022,태백(216),X,24.6,25.1,18,11.5,63.3,X, ,X,높음
5/22/2022,정선군(217),X,25.5,26.1,18.8,11.9,63.4,X, ,X,높음
5/22/2022,제천(221),X,26.2,26.5,18.7,10.9,73,X, ,X,매우높음
5/22/2022,보은(226),X,27.2,27.4,20,12.5,70.4,X, ,X,매우높음
5/22/2022,천안(232),X,27.3,27.4,19.8,12.3,74.3,X, ,X,매우높음
5/22/2022,보령(235),X,22.1,20.6,17.8,14.7,80.9,X, ,X,매우높음
5/22/2022,부여(236),X,26,25.6,19.4,13.7,76.3,X, ,X,매우높음
5/22/2022,금산(238),X,26.8,27.3,20.1,11.3,65.6,X, ,X,매우높음
5/22/2022,세종(239),X,27.8,28,20.2,14,69.3,X, ,X,매우높음
5/22/2022,부안(243),X,26.6,27.2,19.9,13.8,72.1,X, ,X,매우높음
5/22/2022,임실(244),X,26.1,26.9,19,10.8,67.5,X, ,X,매우높음
5/22/2022,정읍(245),X,26.8,27.2,20.2,13.9,67.8,X, ,X,매우높음
5/22/2022,남원(247),X,28.3,29.7,20.6,11.4,63.4,X, ,X,매우높음
5/22/2022,장수(248),X,25.9,26.7,18.4,9.2,66,X, ,X,매우높음
5/22/2022,영광군(252),X,25.8,26.1,19.3,13.5,72,X, ,X,매우높음
5/22/2022,김해시(253),X,29.3,31.3,24.6,17.4,45.5,X,관심,X,매우높음
5/22/2022,순창군(254),X,27.5,28.5,20.7,12.5,66.3,X, ,X,매우높음
5/22/2022,양산시(257),X,30.4,33,23.8,16.6,51.8,X, ,X,매우높음
5/22/2022,강진군(259),X,27.8,29.2,21.4,13.1,65.9,X, ,X,매우높음
5/22/2022,장흥(260),X,27.5,28.9,21,12.7,65.1,X, ,X,매우높음
5/22/2022,해남(261),X,26.1,26.6,18.5,11.6,76.6,X, ,X,매우높음
5/22/2022,고흥(262),X,27.8,29.1,22.2,13.4,54.4,X, ,X,매우높음
5/22/2022,의령군(263),X,29.8,32.7,23.3,12.4,50.4,X, ,X,매우높음
5/22/2022,함양군(264),X,27.8,29.6,22.5,13.1,47.8,X, ,X,매우높음
5/22/2022,진도군ASOS(268),X,24.4,24,17.7,11.9,77.9,X, ,X,매우높음
5/22/2022,봉화(271),X,26.5,27.6,19.5,12.2,64,X, ,X,매우높음
5/22/2022,영주(272),X,26.7,27.4,21.3,15.6,59.5,X, ,X,매우높음
5/22/2022,문경(273),X,28.1,28.8,22.4,16,56.4,X, ,X,매우높음
5/22/2022,청송군(276),X,28.4,30.3,20.8,12.1,53.3,X, ,X,매우높음
5/22/2022,영덕(277),X,28.9,30.4,20.3,14.1,60,X, ,X,매우높음
5/22/2022,의성(278),X,28.9,30.8,22.1,12.2,58.4,X, ,X,매우높음
5/22/2022,구미(279),X,29.8,31.8,23.8,14.9,46,X,관심,X,매우높음
5/22/2022,영천(281),X,29.2,31.8,23.3,17.3,45.4,X, ,X,매우높음
5/22/2022,경주시(283),X,30.1,33.2,22.8,15.7,51.6,X, ,X,매우높음
5/22/2022,거창(284),X,28.4,29.8,21.1,11.2,57,X, ,X,매우높음
5/22/2022,합천(285),X,29.4,32.2,23.3,13.7,48.5,X,관심,X,매우높음
5/22/2022,밀양(288),X,29.6,33.6,24.5,14.7,43.1,X,관심,X,매우높음
5/22/2022,산청(289),X,29,30.6,23.5,15.2,47.5,X, ,X,매우높음
5/22/2022,거제(294),X,27.7,28.9,22.5,15.9,54.6,X, ,X,매우높음
5/22/2022,남해(295),X,28.9,30.8,23.4,14.8,51.8,X, ,X,매우높음
5/22/2022,부천(433),X,23.9,23.2,18,13.7,72,X, ,X,매우높음
5/22/2022,안양(434),X,21.5,24,19.2,14.9,,X, ,X,매우높음
5/22/2022,광명(437),X,24.8,24.2,19,14.6,72,X, ,X,매우높음
5/22/2022,군포(438),X,24.8,24.4,18.7,13.9,70,X, ,X,매우높음
5/22/2022,김포(441),X,,23.3,18.4,14.9,,X, ,X,매우높음
5/22/2022,하남(444),X,,,,,,X, ,X,매우높음
5/22/2022,의왕(445),X,23.7,23.3,17.8,13.3,73,X, ,X,매우높음
5/22/2022,포천(504),X,26.8,26.5,18.8,15.2,73,X, ,X,보통
5/22/2022,가평조종(505),X,25.9,25.5,18.8,13.5,75,X, ,X,높음
5/22/2022,안성(516),X,26.5,26.3,19.6,13.3,76,X, ,X,매우높음
5/22/2022,간성(517),X,25.2,24.4,19.8,13.9,70,X, ,X,높음
5/22/2022,평창(526),X,25.1,25.5,18.1,10.6,69,X, ,X,높음
5/22/2022,의정부(532),X,27,26,19.4,15,82,X, ,X,높음
5/22/2022,횡성(536),X,25.6,25.1,18.6,12.6,81,X, ,X,높음
5/22/2022,고양(540),X,26.9,26.9,19.5,14.8,71,X, ,X,매우높음
5/22/2022,남양주(541),X,27.1,27.2,19.9,14.8,68,X, ,X,높음
5/22/2022,안산(545),X,25,24.2,18.5,14.2,77,X, ,X,매우높음
5/22/2022,경기광주(546),X,26.6,26.7,19.7,14.9,68,X, ,X,매우높음
5/22/2022,여주(548),X,26.6,26.6,20.1,14.5,71,X, ,X,매우높음
5/22/2022,용인(549),X,25.8,26.2,20,15.5,64,X, ,X,매우높음
5/22/2022,오산(550),X,26,26.3,19.7,15,69,X, ,X,매우높음
5/22/2022,평택(551),X,26.7,26.4,20.2,14.8,74,X, ,X,매우높음
5/22/2022,화천(555),X,26.3,25.5,17.3,11.3,85,X, ,X,보통
5/22/2022,양구(556),X,24.5,24.3,17.6,12.1,72,X, ,X,보통
5/22/2022,시흥(565),X,23.9,22.8,18.4,14.2,78,X, ,X,매우높음
5/22/2022,구리(569),X,26.7,27.2,20.6,15.7,61,X, ,X,매우높음
5/22/2022,화성(571),X,25.3,24.7,19,14.7,75,X, ,X,매우높음
5/22/2022,성남(572),X,26.1,26.2,20.2,15.5,67,X, ,X,매우높음
5/22/2022,과천(590),X,26.5,26.1,19.8,15.1,73,X, ,X,매우높음
5/22/2022,양주(598),X,24.7,24.2,18.4,14.9,74,X, ,X,높음
5/22/2022,단양(601),X,27.4,28.1,21,14.1,67,X, ,X,매우높음
5/22/2022,진천(602),X,28.2,28.8,21.1,14.4,68,X, ,X,매우높음
5/22/2022,괴산(603),X,27.9,28.8,19.8,11.7,70,X, ,X,매우높음
5/22/2022,옥천(604),X,28.1,29.1,21.2,13.7,66,X, ,X,매우높음
5/22/2022,홍북(608),X,26.1,26.1,18.3,12.8,78,X, ,X,매우높음
5/22/2022,공주(612),X,27.9,28.7,20.8,14.8,66,X, ,X,매우높음
5/22/2022,서천(614),X,23.8,22.2,18,13.4,83,X, ,X,매우높음
5/22/2022,논산(615),X,26.2,25.8,19.9,14.7,73,X, ,X,매우높음
5/22/2022,당진(616),X,25.9,24.9,18.5,13.5,81,X, ,X,매우높음
5/22/2022,청양(618),X,25.9,25.2,17.7,11.3,79,X, ,X,매우높음
5/22/2022,음성(619),X,26.9,27,19.1,12.5,72,X, ,X,매우높음
5/22/2022,증평(623),X,27.8,28.2,20.7,14.5,72,X, ,X,매우높음
5/22/2022,태안(627),X,22.5,20.1,16.3,14.1,92,X, ,X,매우높음
5/22/2022,예산(628),X,25.5,24.8,19.2,13.7,78,X, ,X,매우높음
5/22/2022,아산(634),X,27.9,27.8,19.8,13.3,74,X, ,X,매우높음
5/22/2022,계룡(636),X,25.8,26,19.5,14.5,67,X, ,X,매우높음
5/22/2022,연천청산(652),X,,,,,,X, ,X,보통
5/22/2022,양양(670),X,26.2,25.8,19.6,15.1,79,X, ,X,보통
5/22/2022,무안(699),X,25.9,25.8,19.1,12.9,75,X, ,X,매우높음
5/22/2022,무주(701),X,27.2,28.1,20.5,10.8,61,X, ,X,매우높음
5/22/2022,익산(702),X,26,25,19.4,15.3,81,X, ,X,매우높음
5/22/2022,진안(703),X,26.1,26.3,18.9,9.8,68,X, ,X,매우높음
5/22/2022,담양(706),X,29.6,30.5,21.2,12.3,70,X, ,X,매우높음
5/22/2022,구례(709),X,29.5,30.7,21.9,12.2,63,X, ,X,매우높음
5/22/2022,나주(710),X,27.9,27.8,20,12.7,76,X, ,X,매우높음
5/22/2022,순천시(712),X,29.9,31.9,24.8,17,42,X, ,X,매우높음
5/22/2022,광양읍(713),X,30,32.4,24.4,16.1,45,X, ,X,매우높음
5/22/2022,장성(730),X,27.6,28.7,20.1,12.4,70,X, ,X,매우높음
5/22/2022,영암(731),X,27.3,27.6,20.1,12.6,73,X, ,X,매우높음
5/22/2022,보성(732),X,28.8,30,21.4,12.7,64,X, ,X,매우높음
5/22/2022,완주(734),X,27,27.2,19.3,12.3,76,X, ,X,매우높음
5/22/2022,김제(737),X,25.2,25.8,19.7,14.2,68,X, ,X,매우높음
5/22/2022,화순(741),X,28.2,29.2,21.1,13.4,66,X, ,X,매우높음
5/22/2022,함평(754),X,27.2,27.2,19.6,13.7,75,X, ,X,매우높음
5/22/2022,곡성(768),X,28.8,30.1,20.7,11.4,64,X, ,X,매우높음
5/22/2022,압해도(789),X,25.7,25.1,18.4,12.9,79,X, ,X,매우높음
5/22/2022,영양(801),X,28.3,30,20.1,12,63,X, ,X,매우높음
5/22/2022,성주(810),X,29,31.7,22.6,13.1,51,X, ,X,매우높음
5/22/2022,고령(812),X,29.4,32.5,22.2,11.9,56,X, ,X,매우높음
5/22/2022,청도(813),X,29.8,33.1,22.9,12.6,50,X, ,X,매우높음
5/22/2022,예천(815),X,28.6,30.1,21.7,13.2,59,X, ,X,매우높음
5/22/2022,김천(822),X,29.8,31.4,21,10.2,61,X, ,X,매우높음
5/22/2022,군위(823),X,29.4,31.1,22.6,12.6,57,X, ,X,매우높음
5/22/2022,칠곡(825),X,30.2,32.5,23.6,15,52,X, ,X,매우높음
5/22/2022,경산(827),X,29.3,32.6,23.6,16.6,43,X, ,X,매우높음
5/22/2022,삼척(876),X,27.2,28,20.9,16.1,57,X, ,X,높음
5/22/2022,속초(90),X,24.1,24.3,20,14.9,63.9,X, ,X,높음
5/22/2022,삼천포(907),X,28.2,30,24.2,16.8,46,X, ,X,매우높음
5/22/2022,고성(918),X,28.9,30.5,21.5,13.4,66,X, ,X,매우높음
5/22/2022,창녕(919),X,30.5,33.3,23.5,14.1,54,X,관심,X,매우높음
5/22/2022,함안(920),X,30,31.9,23.1,13,58,X,관심,X,매우높음
5/22/2022,북춘천(93),X,25.8,25.3,18.6,13,76.8,X, ,X,보통
5/22/2022,하동(932),X,29.2,30.6,22.5,13.1,57,X,관심,X,매우높음
5/22/2022,철원(95),X,24.2,22.6,17.7,14.9,89.9,X, ,X,보통
5/22/2022,동두천(98),X,26,25.4,18.7,14.6,76.8,X, ,X,높음
5/22/2022,파주(99),X,24.1,22.7,17.6,14.6,81.8,X, ,X,높음
5/23/2022,북강릉(104),X,26.6,26.3,20.9,14,67.4,X, ,X,매우높음
5/23/2022,동해(106),X,22.9,22.5,18,14.6,78.8,X, ,X,매우높음
5/23/2022,서울(108),X,29.9,30.7,23,17.8,63.5,X, ,X,매우높음
5/23/2022,인천(112),X,25.1,24.2,19.5,16.3,75.4,X, ,X,매우높음
5/23/2022,원주(114),X,27.5,28.5,22.3,15.4,60.9,X, ,X,매우높음
5/23/2022,울릉도(115),X,25,24.6,19.8,15.6,52.8,X, ,X,매우높음
5/23/2022,수원(119),X,28.6,29.6,21.6,16.8,68.1,X, ,X,매우높음
5/23/2022,영월(121),X,28.7,30.4,21.4,13.2,62.9,X, ,X,매우높음
5/23/2022,충주(127),X,28.9,29.7,22,13.7,64.8,X, ,X,매우높음
5/23/2022,서산(129),X,26.9,25.8,19.7,15.3,80.1,X, ,X,매우높음
5/23/2022,울진(130),X,23.1,21.2,17.8,13.6,80.3,X, ,X,매우높음
5/23/2022,청주(131),X,29.8,31,23.5,17.2,59.1,X, ,X,매우높음
5/23/2022,대전(133),X,29.4,30.3,22.6,15.9,62.8,X, ,X,매우높음
5/23/2022,추풍령(135),X,27.6,28.9,21.8,13.3,58.1,X, ,X,매우높음
5/23/2022,안동(136),X,29,30.6,22.7,12.9,53.8,X, ,X,매우높음
5/23/2022,상주(137),X,30.3,31.5,23.8,14.9,58.3,X, ,X,매우높음
5/23/2022,포항(138),X,26.7,27.3,22.3,16.3,57.9,X, ,X,매우높음
5/23/2022,군산(140),X,26.6,26.4,20,16.2,75.8,X, ,X,매우높음
5/23/2022,대구(143),X,30.4,32.3,24.3,15.4,53.9,X,관심,X,매우높음
5/23/2022,전주(146),X,27.9,29.4,21.5,15.9,62.9,X, ,X,매우높음
5/23/2022,울산(152),X,25.1,25.9,20.5,14.9,66.4,X, ,X,매우높음
5/23/2022,창원(155),X,26,26.9,20.6,15.9,67.4,X, ,X,매우높음
5/23/2022,광주(156),X,28.3,30.3,22.6,16.8,61,X, ,X,매우높음
5/23/2022,부산(159),X,26.6,25.7,21,17.5,67.6,X, ,X,매우높음
5/23/2022,통영(162),X,25.5,25.2,20.3,17,76.1,X, ,X,매우높음
5/23/2022,목포(165),X,25.6,25.8,20.1,16.2,66.4,X, ,X,매우높음
5/23/2022,여수(168),X,25.9,26,21.2,18.8,67.3,X, ,X,매우높음
5/23/2022,흑산도(169),X,24.4,23.6,20,17.9,57.5,X, ,X,매우높음
5/23/2022,완도(170),X,29,30.4,22.7,18.1,52.3,X, ,X,매우높음
5/23/2022,고창(172),X,25.9,28.4,20.7,14.5,59.4,X, ,X,매우높음
5/23/2022,제주(184),X,26.3,26.6,22.4,19.8,50,X, ,X,높음
5/23/2022,진주(192),X,28.7,29.3,21.1,13.5,67.9,X,관심,X,매우높음
5/23/2022,양평(202),X,28.4,28.5,21.7,15.7,68.6,X, ,X,매우높음
5/23/2022,이천(203),X,29.2,29.9,21.9,15.5,68.5,X, ,X,매우높음
5/23/2022,인제(211),X,27.9,28.8,20.6,12.7,68.5,X, ,X,매우높음
5/23/2022,홍천(212),X,28.6,29.4,21.1,13.6,68.9,X, ,X,매우높음
5/23/2022,태백(216),X,25.8,28.1,18.6,8.6,62.4,X, ,X,매우높음
5/23/2022,정선군(217),X,27.8,30.4,21.6,13.4,55.9,X, ,X,매우높음
5/23/2022,제천(221),X,27.9,29.1,21,12.5,66.6,X, ,X,매우높음
5/23/2022,보은(226),X,28.1,29.1,21.2,13.4,67.3,X, ,X,매우높음
5/23/2022,천안(232),X,28.8,29.9,22,13.3,64.5,X, ,X,매우높음
5/23/2022,보령(235),X,23.9,22.9,18.6,14.9,80,X, ,X,매우높음
5/23/2022,부여(236),X,28.6,28.6,21.4,16.5,70.8,X, ,X,매우높음
5/23/2022,금산(238),X,28.3,29.1,21.3,12.9,61.1,X, ,X,매우높음
5/23/2022,세종(239),X,29.2,29.8,21.8,15.4,65.3,X, ,X,매우높음
5/23/2022,부안(243),X,26.5,28.4,20.6,15.9,64.3,X, ,X,매우높음
5/23/2022,임실(244),X,26.8,27.9,19.7,11.8,64.3,X, ,X,매우높음
5/23/2022,정읍(245),X,26.7,28.3,20.5,14.5,61.6,X, ,X,매우높음
5/23/2022,남원(247),X,28.6,29.6,21.7,13.5,60.3,X, ,X,매우높음
5/23/2022,장수(248),X,26.9,27.6,19.1,11.3,66.8,X, ,X,매우높음
5/23/2022,영광군(252),X,26.4,28.2,20.5,15,65.5,X, ,X,매우높음
5/23/2022,김해시(253),X,26.5,26.8,21.1,16.6,66.4,X,관심,X,매우높음
5/23/2022,순창군(254),X,28.1,29.5,21.6,14.1,63.3,X, ,X,매우높음
5/23/2022,양산시(257),X,27.9,28.8,22.1,15.3,59.8,X, ,X,매우높음
5/23/2022,강진군(259),X,29.4,31,22.4,14.2,57.4,X, ,X,매우높음
5/23/2022,장흥(260),X,29.3,30.6,21.8,13.9,62.3,X, ,X,매우높음
5/23/2022,해남(261),X,27,28.8,,12.1,64.6,X, ,X,매우높음
5/23/2022,고흥(262),X,29.1,29.7,21.7,13.9,60.9,X, ,X,매우높음
5/23/2022,의령군(263),X,29.7,31.4,22.6,13.6,58.3,X,관심,X,매우높음
5/23/2022,함양군(264),X,29.4,30.9,23,14.8,54.4,X, ,X,매우높음
5/23/2022,진도군ASOS(268),X,26.1,26.8,18.9,12.8,69.1,X, ,X,매우높음
5/23/2022,봉화(271),X,27,28.2,19.3,9.9,65.4,X, ,X,매우높음
5/23/2022,영주(272),X,28.1,30.2,21.4,12.1,63.5,X, ,X,매우높음
5/23/2022,문경(273),X,29.3,30.5,22.6,13.6,60.9,X, ,X,매우높음
5/23/2022,청송군(276),X,29,31.1,20.5,9.1,59.5,X, ,X,매우높음
5/23/2022,영덕(277),X,24,23.7,18.2,12.3,69.5,X, ,X,매우높음
5/23/2022,의성(278),X,29.4,31.1,22.2,11.6,59.5,X, ,X,매우높음
5/23/2022,구미(279),X,29.6,31.8,24.3,15.7,51.8,X,관심,X,매우높음
5/23/2022,영천(281),X,29.1,31.6,21.6,11.8,58.6,X, ,X,매우높음
5/23/2022,경주시(283),X,28.9,30.5,21.3,12.3,61.3,X, ,X,매우높음
5/23/2022,거창(284),X,28.9,31.1,21.8,12.1,58.1,X, ,X,매우높음
5/23/2022,합천(285),X,29.3,30.9,22.7,13.7,57.6,X,관심,X,매우높음
5/23/2022,밀양(288),X,29.5,31.7,23.2,16.2,50.9,X,관심,X,매우높음
5/23/2022,산청(289),X,29.1,29.8,22.3,14.7,63.4,X,관심,X,매우높음
5/23/2022,거제(294),X,27.1,27.5,21.4,15.9,64,X, ,X,매우높음
5/23/2022,남해(295),X,27.6,27.9,21.7,16.7,65.5,X, ,X,매우높음
5/23/2022,부천(433),X,27.1,27.7,20.8,16.3,63,X, ,X,매우높음
5/23/2022,안양(434),X,21.2,28.5,21.5,17.6,,X, ,X,매우높음
5/23/2022,광명(437),X,28.3,29.3,21.8,17.5,63,X, ,X,매우높음
5/23/2022,군포(438),X,28.1,29,21.5,16.8,63,X, ,X,매우높음
5/23/2022,김포(441),X,,27.5,20.6,15.7,,X, ,X,매우높음
5/23/2022,하남(444),X,29.1,,,,,X, ,X,매우높음
5/23/2022,의왕(445),X,27,27.6,19.9,14.8,68,X, ,X,매우높음
5/23/2022,포천(504),X,29.3,30.3,21.2,13.1,67,X, ,X,매우높음
5/23/2022,가평조종(505),X,28.9,29.9,20.7,11.8,70,X, ,X,매우높음
5/23/2022,안성(516),X,28.6,29.8,21.5,14,68,X, ,X,매우높음
5/23/2022,간성(517),X,26.1,24.8,19,12.5,84,X, ,X,매우높음
5/23/2022,평창(526),X,27.5,30,20.8,13.6,62,X, ,X,매우높음
5/23/2022,의정부(532),X,29.9,30.4,21.8,15,77,X, ,X,매우높음
5/23/2022,횡성(536),X,28.7,29.2,20.9,12.8,74,X, ,X,매우높음
5/23/2022,고양(540),X,30.3,31.3,21.3,14.7,69,X, ,X,매우높음
5/23/2022,남양주(541),X,30.3,31.6,21.8,15.4,64,X, ,X,매우높음
5/23/2022,안산(545),X,28.2,28.2,19.8,13.4,75,X, ,X,매우높음
5/23/2022,경기광주(546),X,29.3,30.5,21.5,15.3,64,X, ,X,매우높음
5/23/2022,여주(548),X,28.3,28.7,21.5,14.8,68,X, ,X,매우높음
5/23/2022,용인(549),X,27.9,29.5,21.7,15.5,61,X, ,X,매우높음
5/23/2022,오산(550),X,28.1,29.5,21.6,15.4,64,X, ,X,매우높음
5/23/2022,평택(551),X,29.4,30.2,22,15.2,71,X, ,X,매우높음
5/23/2022,화천(555),X,30.1,31.4,20.5,12.7,78,X, ,X,매우높음
5/23/2022,양구(556),X,28.4,29.6,21,12.9,66,X, ,X,매우높음
5/23/2022,시흥(565),X,27.5,27.3,20.6,15.7,73,X, ,X,매우높음
5/23/2022,구리(569),X,29.5,31.3,22.9,16.7,56,X, ,X,매우높음
5/23/2022,화성(571),X,28.3,29.2,20.6,16.1,71,X, ,X,매우높음
5/23/2022,성남(572),X,29.1,30.1,22.2,15.6,61,X, ,X,매우높음
5/23/2022,과천(590),X,29.6,30.6,21.7,14.3,68,X, ,X,매우높음
5/23/2022,양주(598),X,28.3,29.3,20.6,13.4,70,X, ,X,매우높음
5/23/2022,단양(601),X,29.1,31.1,22.6,14.6,63,X, ,X,매우높음
5/23/2022,진천(602),X,29.8,31.4,23.3,15.6,60,X, ,X,매우높음
5/23/2022,괴산(603),X,29,30.3,21.4,13,67,X, ,X,매우높음
5/23/2022,옥천(604),X,29.1,30.3,22.1,14.2,64,X, ,X,매우높음
5/23/2022,홍북(608),X,28.8,29.8,20.3,13.3,72,X, ,X,매우높음
5/23/2022,공주(612),X,29,29.9,22.4,17.1,64,X, ,X,매우높음
5/23/2022,서천(614),X,25.2,24.2,19.3,15.3,80,X, ,X,매우높음
5/23/2022,논산(615),X,28.6,29.5,21.5,16.4,68,X, ,X,매우높음
5/23/2022,당진(616),X,28.9,29.1,21,15.2,74,X, ,X,매우높음
5/23/2022,청양(618),X,29.1,29.8,20,13.1,73,X, ,X,매우높음
5/23/2022,음성(619),X,28.6,29.5,21.4,13.8,66,X, ,X,매우높음
5/23/2022,증평(623),X,29.2,30.8,22.8,16.2,64,X, ,X,매우높음
5/23/2022,태안(627),X,25.7,24.1,18.4,14.7,86,X, ,X,매우높음
5/23/2022,예산(628),X,29,30.3,21.5,15.5,68,X, ,X,매우높음
5/23/2022,아산(634),X,29.9,31,21.2,14.8,69,X, ,X,매우높음
5/23/2022,계룡(636),X,27.4,28,20.2,13,66,X, ,X,매우높음
5/23/2022,연천청산(652),X,,,,,,X, ,X,매우높음
5/23/2022,양양(670),X,25.6,23.6,19.2,13.1,89,X, ,X,매우높음
5/23/2022,무안(699),X,25.7,27.7,19.8,13.7,69,X, ,X,매우높음
5/23/2022,무주(701),X,28.1,30.1,20.9,12.7,62,X, ,X,매우높음
5/23/2022,익산(702),X,28,28.1,20.5,14.5,76,X, ,X,매우높음
5/23/2022,진안(703),X,26.6,27.7,19.2,11.4,66,X, ,X,매우높음
5/23/2022,담양(706),X,30.4,31.9,22,14,65,X, ,X,매우높음
5/23/2022,구례(709),X,29.8,30.6,22.9,13.3,63,X,관심,X,매우높음
5/23/2022,나주(710),X,28.4,28.9,20.3,14,73,X, ,X,매우높음
5/23/2022,순천시(712),X,29.4,30.2,23.2,17.4,58,X,관심,X,매우높음
5/23/2022,광양읍(713),X,30.5,31.4,22.9,15.9,62,X,관심,X,매우높음
5/23/2022,장성(730),X,27.8,30.1,20.7,13.1,64,X, ,X,매우높음
5/23/2022,영암(731),X,27.6,29.1,20.3,13.2,68,X, ,X,매우높음
5/23/2022,보성(732),X,29.4,31,21.6,14.2,62,X,관심,X,매우높음
5/23/2022,완주(734),X,28.5,29.3,19.9,12.5,72,X, ,X,매우높음
5/23/2022,김제(737),X,26.2,29.2,20.6,16.2,60,X, ,X,매우높음
5/23/2022,화순(741),X,28.6,30,21.4,13.9,60,X, ,X,매우높음
5/23/2022,함평(754),X,27,27.9,19.8,13.1,69,X, ,X,매우높음
5/23/2022,곡성(768),X,29.4,30.4,21.8,13.1,61,X, ,X,매우높음
5/23/2022,압해도(789),X,25.7,25.5,19.3,15.1,73,X, ,X,매우높음
5/23/2022,영양(801),X,28.5,30.2,20.5,9.8,63,X, ,X,매우높음
5/23/2022,성주(810),X,30.2,32.6,23,13.2,55,X, ,X,매우높음
5/23/2022,고령(812),X,29.6,31.2,22.4,12.5,59,X, ,X,매우높음
5/23/2022,청도(813),X,29.6,31.9,22.1,12.5,58,X,관심,X,매우높음
5/23/2022,예천(815),X,29.1,31.5,21.9,13.2,62,X,관심,X,매우높음
5/23/2022,김천(822),X,30.4,31.7,21.7,11.4,65,X, ,X,매우높음
5/23/2022,군위(823),X,30.1,31.5,22.3,12.5,63,X, ,X,매우높음
5/23/2022,칠곡(825),X,29.8,31.9,24,15,57,X, ,X,매우높음
5/23/2022,경산(827),X,29.3,31.6,23.9,14.7,49,X,관심,X,매우높음
5/23/2022,삼척(876),X,25.4,25.8,19.8,15.8,69,X, ,X,매우높음
5/23/2022,속초(90),X,24.2,23.9,18.6,14,76,X, ,X,매우높음
5/23/2022,삼천포(907),X,25.7,25.9,20.5,16.7,68,X, ,X,매우높음
5/23/2022,고성(918),X,27.1,26.7,20.6,15,72,X, ,X,매우높음
5/23/2022,창녕(919),X,29.7,31,23.1,14.4,61,X,관심,X,매우높음
5/23/2022,함안(920),X,29.6,30.5,21.7,14,69,X, ,X,매우높음
5/23/2022,북춘천(93),X,29.2,29.9,21.1,12.7,71.6,X, ,X,매우높음
5/23/2022,하동(932),X,28.1,28.2,21.2,14.6,70,X,관심,X,매우높음
5/23/2022,철원(95),X,28.3,29.1,20.8,12.4,74.8,X, ,X,매우높음
5/23/2022,동두천(98),X,29.8,30.4,20.8,13,72,X, ,X,매우높음
5/23/2022,파주(99),X,28.9,28.4,19.5,12.5,80.4,X, ,X,매우높음
5/24/2022,북강릉(104),X,28.5,30.2,24.8,19.6,47,X, ,X,매우높음
5/24/2022,동해(106),X,27.2,29.3,22.5,16.1,60.1,X, ,X,매우높음
5/24/2022,서울(108),X,28.5,30.2,22.9,16.7,56.8,X, ,X,매우높음
5/24/2022,인천(112),X,25.4,25.9,20.1,15.7,66.4,X, ,X,매우높음
5/24/2022,원주(114),X,27,29.7,22.8,16.1,47.5,X, ,X,매우높음
5/24/2022,울릉도(115),X,25.3,24.4,20.9,17.5,62.5,X, ,X,매우높음
5/24/2022,수원(119),X,27.1,28.8,20.9,14.3,65.5,X, ,X,매우높음
5/24/2022,영월(121),X,28.9,32.1,22.3,14.2,52.9,X, ,X,매우높음
5/24/2022,충주(127),X,28,30.4,22.2,13,52.9,X, ,X,매우높음
5/24/2022,서산(129),X,26.5,27.6,20.1,12.5,68.8,X, ,X,매우높음
5/24/2022,울진(130),X,25.4,24.8,,14.4,,X, ,X,매우높음
5/24/2022,청주(131),X,28.9,31.5,23.5,16.8,48,X, ,X,매우높음
5/24/2022,대전(133),X,28.6,31.4,23.1,14.9,49.6,X, ,X,매우높음
5/24/2022,추풍령(135),X,27.4,29.7,22.2,15.3,45.1,X, ,X,매우높음
5/24/2022,안동(136),X,29.8,32,24,16.7,49.3,X,관심,X,매우높음
5/24/2022,상주(137),X,30.1,32.4,24.7,17.7,43.8,X, ,X,매우높음
5/24/2022,포항(138),X,29,29.8,24.7,20.6,53.8,X, ,X,매우높음
5/24/2022,군산(140),X,26.8,26.4,20.1,14,70.1,X, ,X,매우높음
5/24/2022,대구(143),X,30.7,33.2,26.4,19.3,45.5,X,관심,X,매우높음
5/24/2022,전주(146),X,28.6,30.5,21.7,14.6,57,X, ,X,매우높음
5/24/2022,울산(152),X,28.8,30.3,22.8,16.1,62.5,X, ,X,매우높음
5/24/2022,창원(155),X,28.5,30.7,22.9,17.1,53.3,X, ,X,매우높음
5/24/2022,광주(156),X,29.1,31.9,22.9,15.7,52.8,X, ,X,매우높음
5/24/2022,부산(159),X,27.7,27.1,22.6,16.5,65.6,X, ,X,매우높음
5/24/2022,통영(162),X,27.7,29.7,21.9,16.6,68.9,X, ,X,매우높음
5/24/2022,목포(165),X,26.1,26.8,20.1,14.7,68.3,X, ,X,매우높음
5/24/2022,여수(168),X,26.8,27.9,22.7,18.4,49.5,X, ,X,매우높음
5/24/2022,흑산도(169),X,25.5,23.9,19.2,15.4,80.5,X, ,X,매우높음
5/24/2022,완도(170),X,28.5,29.9,23,17.4,49,X, ,X,매우높음
5/24/2022,고창(172),X,27.9,29.5,20,11.8,62.4,X, ,X,매우높음
5/24/2022,제주(184),X,25.9,25.1,21.5,18,61.6,X, ,X,매우높음
5/24/2022,진주(192),X,30.3,32.7,22.2,13.5,62.5,X,관심,X,매우높음
5/24/2022,양평(202),X,27.7,30.2,22.3,14.7,56.8,X, ,X,매우높음
5/24/2022,이천(203),X,29.2,31.4,22.5,14.3,56.6,X, ,X,매우높음
5/24/2022,인제(211),X,27.5,30.4,21.9,14.3,59,X, ,X,매우높음
5/24/2022,홍천(212),X,27.7,30.7,22,14.1,56.3,X, ,X,매우높음
5/24/2022,태백(216),X,26.6,28.9,18.9,12.5,62.9,X, ,X,매우높음
5/24/2022,정선군(217),X,29.3,32.6,22.3,13.8,50.8,X, ,X,매우높음
5/24/2022,제천(221),X,28,30.4,21.2,12.7,57.1,X, ,X,매우높음
5/24/2022,보은(226),X,27.6,30,21.5,12.6,58.1,X, ,X,매우높음
5/24/2022,천안(232),X,27.6,29.3,20.8,11.9,58.9,X, ,X,매우높음
5/24/2022,보령(235),X,27.5,28.1,20,12.8,64.5,X, ,X,매우높음
5/24/2022,부여(236),X,28.7,31.1,21.6,13.2,63.3,X, ,X,매우높음
5/24/2022,금산(238),X,27.5,30.3,21,11.1,54.9,X, ,X,매우높음
5/24/2022,세종(239),X,27.6,30,21.9,13.7,53.5,X, ,X,매우높음
5/24/2022,부안(243),X,26.9,28,20.1,13.6,66.1,X, ,X,매우높음
5/24/2022,임실(244),X,27.6,29.7,19.7,10.2,62.3,X, ,X,매우높음
5/24/2022,정읍(245),X,27.8,30,20.3,12.6,56.6,X, ,X,매우높음
5/24/2022,남원(247),X,28.7,31.3,21.9,12.4,55.5,X, ,X,매우높음
5/24/2022,장수(248),X,27.2,29.1,19.4,9.1,60.9,X, ,X,매우높음
5/24/2022,영광군(252),X,27,28,19.6,12.1,66.4,X, ,X,매우높음
5/24/2022,김해시(253),X,29.3,30.4,23,17,59.6,X,관심,X,매우높음
5/24/2022,순창군(254),X,28.6,31.1,21.5,12,57.8,X, ,X,매우높음
5/24/2022,양산시(257),X,31.1,32.6,24,16.6,57.5,X, ,X,매우높음
5/24/2022,강진군(259),X,29.5,31.3,22.4,13.5,55.5,X, ,X,매우높음
5/24/2022,장흥(260),X,29.1,31.2,21.9,13,56.3,X, ,X,매우높음
5/24/2022,해남(261),X,,,,,65.4,X, ,X,매우높음
5/24/2022,고흥(262),X,28,29.7,21.1,12.5,53.1,X, ,X,매우높음
5/24/2022,의령군(263),X,30.1,33.5,23.6,13.6,54.6,X,관심,X,매우높음
5/24/2022,함양군(264),X,29.5,32.7,22.5,12,49.8,X,관심,X,매우높음
5/24/2022,진도군ASOS(268),X,25.7,26,18.6,11,73.1,X, ,X,매우높음
5/24/2022,봉화(271),X,28,29.9,20.7,12.3,61,X, ,X,매우높음
5/24/2022,영주(272),X,29.1,31.4,24.1,17.3,44.9,X, ,X,매우높음
5/24/2022,문경(273),X,28.6,31.4,24.5,16.9,38.6,X, ,X,매우높음
5/24/2022,청송군(276),X,31.4,32.7,20.2,12.4,71.4,X, ,X,매우높음
5/24/2022,영덕(277),X,29.7,31,23.5,15,56.5,X, ,X,매우높음
5/24/2022,의성(278),X,30.2,33,22.9,13.7,57.3,X, ,X,매우높음
5/24/2022,구미(279),X,29.4,32.1,24.7,16.8,40.5,X,관심,X,매우높음
5/24/2022,영천(281),X,30.1,32.3,23.9,14.7,54.1,X,관심,X,매우높음
5/24/2022,경주시(283),X,31,33.3,23.8,15.1,56.8,X, ,X,매우높음
5/24/2022,거창(284),X,29.4,32.2,22.4,11.4,52.9,X, ,X,매우높음
5/24/2022,합천(285),X,29.2,32.6,23.7,14.1,51.5,X,관심,X,매우높음
5/24/2022,밀양(288),X,30.6,33.4,24.6,15.9,48,X,관심,X,매우높음
5/24/2022,산청(289),X,30.2,32.8,23.1,14,52.6,X,관심,X,매우높음
5/24/2022,거제(294),X,28.5,29.9,22.8,15.8,60.4,X, ,X,매우높음
5/24/2022,남해(295),X,28.2,29.9,22.5,16.2,56.1,X, ,X,매우높음
5/24/2022,부천(433),X,25.8,27.6,21.2,15.6,55,X, ,X,매우높음
5/24/2022,안양(434),X,21.4,28.2,22,16.8,,X, ,X,매우높음
5/24/2022,광명(437),X,26.6,29.1,22.4,16.7,52,X, ,X,매우높음
5/24/2022,군포(438),X,26.6,28.7,21.4,15.2,53,X, ,X,매우높음
5/24/2022,김포(441),X,,28.3,20.9,15,,X, ,X,매우높음
5/24/2022,하남(444),X,28.3,31.3,21.7,13.5,52,X, ,X,매우높음
5/24/2022,의왕(445),X,25.6,27.6,19.6,12.5,58,X, ,X,매우높음
5/24/2022,포천(504),X,27.9,30.1,21.4,13.4,56,X, ,X,매우높음
5/24/2022,가평조종(505),X,27.9,30.2,20.9,12.2,58,X, ,X,매우높음
5/24/2022,안성(516),X,28.2,30.3,21.4,13.3,59,X, ,X,매우높음
5/24/2022,간성(517),X,30.2,30.3,26.1,16.1,47,X, ,X,매우높음
5/24/2022,평창(526),X,27.8,31,21.4,13,55,X, ,X,매우높음
5/24/2022,의정부(532),X,28.8,30.2,21.4,13.6,65,X, ,X,매우높음
5/24/2022,횡성(536),X,28.9,31.1,21.2,13,65,X, ,X,매우높음
5/24/2022,고양(540),X,29.7,32.1,21.6,13.4,60,X, ,X,매우높음
5/24/2022,남양주(541),X,29.5,31.7,21.9,13.7,56,X, ,X,매우높음
5/24/2022,안산(545),X,26.9,27.7,18.9,10.7,72,X, ,X,매우높음
5/24/2022,경기광주(546),X,27.5,29.9,21.2,13.3,55,X, ,X,매우높음
5/24/2022,여주(548),X,28.1,30.4,21.7,14.5,55,X, ,X,매우높음
5/24/2022,용인(549),X,27.1,29.8,20.8,13.6,55,X, ,X,매우높음
5/24/2022,오산(550),X,26.9,29.1,20.9,13.8,56,X, ,X,매우높음
5/24/2022,평택(551),X,28.1,30,21.8,14.9,60,X, ,X,매우높음
5/24/2022,화천(555),X,29.6,32.1,21.3,13.1,65,X, ,X,매우높음
5/24/2022,양구(556),X,27.9,31.1,21.9,13.6,57,X, ,X,매우높음
5/24/2022,시흥(565),X,26.8,28.2,19.9,12.1,68,X, ,X,매우높음
5/24/2022,구리(569),X,28.6,31.5,22.6,14.8,50,X, ,X,매우높음
5/24/2022,화성(571),X,26.3,27.9,20.4,14.3,65,X, ,X,매우높음
5/24/2022,성남(572),X,28.2,30.4,22.5,14.3,51,X, ,X,매우높음
5/24/2022,과천(590),X,28.1,30.4,21.1,12.7,60,X, ,X,매우높음
5/24/2022,양주(598),X,26.4,28.5,20.7,12.4,60,X, ,X,매우높음
5/24/2022,단양(601),X,29.2,32.2,23.5,15.7,52,X, ,X,매우높음
5/24/2022,진천(602),X,28.9,30.6,22.5,14.5,52,X, ,X,매우높음
5/24/2022,괴산(603),X,27.7,30.6,21.3,11.7,58,X, ,X,매우높음
5/24/2022,옥천(604),X,28.2,30.9,22.2,12.9,52,X, ,X,매우높음
5/24/2022,홍북(608),X,27.4,29.2,20.1,11.7,62,X, ,X,매우높음
5/24/2022,공주(612),X,28.2,31.1,21.7,13,55,X, ,X,매우높음
5/24/2022,서천(614),X,26.9,26.4,19.5,12.9,74,X, ,X,매우높음
5/24/2022,논산(615),X,28.8,31.7,22.2,13.4,62,X, ,X,매우높음
5/24/2022,당진(616),X,26.4,27.9,20.3,13.2,67,X, ,X,매우높음
5/24/2022,청양(618),X,27.7,29.7,19.8,9.7,63,X, ,X,매우높음
5/24/2022,음성(619),X,27.9,29.7,21,11.7,56,X, ,X,매우높음
5/24/2022,증평(623),X,28.3,30.6,22.1,13.9,57,X, ,X,매우높음
5/24/2022,태안(627),X,27,28.2,19.9,14,72,X, ,X,매우높음
5/24/2022,예산(628),X,26.4,28.2,21.1,14.2,61,X, ,X,매우높음
5/24/2022,아산(634),X,26.5,27.9,20.6,13.3,62,X, ,X,매우높음
5/24/2022,계룡(636),X,27.2,29.9,20,9.8,57,X, ,X,매우높음
5/24/2022,연천청산(652),X,,,,,,X, ,X,매우높음
5/24/2022,양양(670),X,29.7,31.9,26.9,19.2,47,X, ,X,매우높음
5/24/2022,무안(699),X,27.2,27.7,19.5,12,68,X, ,X,매우높음
5/24/2022,무주(701),X,27.3,30.2,20.7,10.7,54,X, ,X,매우높음
5/24/2022,익산(702),X,28.9,29.9,20.9,13.8,70,X, ,X,매우높음
5/24/2022,진안(703),X,26.9,29.5,19.4,8.9,60,X, ,X,매우높음
5/24/2022,담양(706),X,30.1,32.7,22.3,12.5,58,X,관심,X,매우높음
5/24/2022,구례(709),X,30.5,32.7,22.7,12.4,60,X,관심,X,매우높음
5/24/2022,나주(710),X,28.8,30,20.4,11.8,71,X, ,X,매우높음
5/24/2022,순천시(712),X,23.4,,,,,X,관심,X,매우높음
5/24/2022,광양읍(713),X,30.2,33,23.2,14.7,51,X,관심,X,매우높음
5/24/2022,장성(730),X,28.4,31.3,20.6,11.3,60,X, ,X,매우높음
5/24/2022,영암(731),X,28.9,30.8,20.3,11.5,68,X, ,X,매우높음
5/24/2022,보성(732),X,28.7,30.7,21.3,11.7,59,X,관심,X,매우높음
5/24/2022,완주(734),X,29,31.5,20.8,11.9,64,X, ,X,매우높음
5/24/2022,김제(737),X,27.6,29.8,20.7,14.3,52,X, ,X,매우높음
5/24/2022,화순(741),X,29,31.5,21.2,10.9,59,X, ,X,매우높음
5/24/2022,함평(754),X,28.4,30.5,20.3,10.7,64,X, ,X,매우높음
5/24/2022,곡성(768),X,30,32.8,21.9,11.6,55,X,관심,X,매우높음
5/24/2022,압해도(789),X,27.4,27.9,20.1,13,70,X, ,X,매우높음
5/24/2022,영양(801),X,30.4,32.5,20.2,12.9,78,X, ,X,매우높음
5/24/2022,성주(810),X,29.7,33.3,24.5,14.1,47,X, ,X,매우높음
5/24/2022,고령(812),X,29.5,32.8,23.7,13.4,54,X, ,X,매우높음
5/24/2022,청도(813),X,30.7,33.8,23.8,13.6,53,X,관심,X,매우높음
5/24/2022,예천(815),X,29.3,32.2,23.4,14.5,52,X,관심,X,매우높음
5/24/2022,김천(822),X,30.1,32,21.9,11.4,59,X,관심,X,매우높음
5/24/2022,군위(823),X,30.5,32.6,23.6,14.3,57,X, ,X,매우높음
5/24/2022,칠곡(825),X,29.8,32.1,25.4,16.7,45,X, ,X,매우높음
5/24/2022,경산(827),X,30.3,33.5,25.7,17.4,42,X,관심,X,매우높음
5/24/2022,삼척(876),X,28.9,29.7,24.2,17.2,53,X, ,X,매우높음
5/24/2022,속초(90),X,28.3,30.2,24.6,16.9,50.5,X, ,X,매우높음
5/24/2022,삼천포(907),X,27.8,29.2,21.7,15.9,61,X, ,X,매우높음
5/24/2022,고성(918),X,28.5,30,21.9,14.8,65,X, ,X,매우높음
5/24/2022,창녕(919),X,30.6,33.4,24.3,15,55,X,관심,X,매우높음
5/24/2022,함안(920),X,30.3,32,22.7,14.3,63,X, ,X,매우높음
5/24/2022,북춘천(93),X,28.1,30.7,22,14.3,58.6,X, ,X,매우높음
5/24/2022,하동(932),X,29.8,32.4,22.6,14.8,61,X,관심,X,매우높음
5/24/2022,철원(95),X,27.8,29.5,21.4,13.7,62.6,X, ,X,매우높음
5/24/2022,동두천(98),X,28,30.1,21.3,13.5,58.4,X, ,X,매우높음
5/24/2022,파주(99),X,27.8,29.1,19.7,12.3,72.6,X, ,X,매우높음
5/25/2022,북강릉(104),X,26.5,27.4,23.5,18,44.8,X, ,X,매우높음
5/25/2022,동해(106),X,25.5,26.1,22.8,18.9,51.3,X, ,X,매우높음
5/25/2022,서울(108),X,26.3,26.7,21,16.7,66.6,X, ,X,매우높음
5/25/2022,인천(112),X,23.2,21.7,17.9,15.4,81.8,X, ,X,매우높음
5/25/2022,원주(114),X,26.5,27.6,21.4,15.3,51.9,X, ,X,매우높음
5/25/2022,울릉도(115),X,27.4,25.9,21.4,18.2,72.5,X, ,X,매우높음
5/25/2022,수원(119),X,25.3,25.4,19.7,15,76.4,X, ,X,매우높음
5/25/2022,영월(121),X,27.6,30,21.4,12.5,53.3,X, ,X,매우높음
5/25/2022,충주(127),X,27.6,28.6,21.2,12.9,56.1,X, ,X,매우높음
5/25/2022,서산(129),X,26.1,25.5,19,13.5,76.6,X, ,X,매우높음
5/25/2022,울진(130),X,26.3,27.1,23,17.6,54.8,X, ,X,매우높음
5/25/2022,청주(131),X,27.7,28.5,22.3,17.4,53.6,X, ,X,매우높음
5/25/2022,대전(133),X,28.3,29.6,22.3,15.6,54.1,X, ,X,매우높음
5/25/2022,추풍령(135),X,26.8,28.3,21.8,14.9,48.5,X, ,X,매우높음
5/25/2022,안동(136),X,28.6,30.6,23.1,14.8,53.4,X,관심,X,매우높음
5/25/2022,상주(137),X,29.5,31.6,23.8,16.3,50,X, ,X,매우높음
5/25/2022,포항(138),X,30.6,31.8,26.4,20.6,48.4,X, ,X,매우높음
5/25/2022,군산(140),X,24.9,24.1,19.2,14.8,76.4,X, ,X,매우높음
5/25/2022,대구(143),X,30.5,33.2,25.5,18.8,54.9,X,관심,X,매우높음
5/25/2022,전주(146),X,26.9,27.7,20.9,15.5,61.9,X, ,X,매우높음
5/25/2022,울산(152),X,28.6,29,23,16.5,59.4,X, ,X,매우높음
5/25/2022,창원(155),X,27.8,28.9,22.1,16.9,57.8,X, ,X,매우높음
5/25/2022,광주(156),X,29.5,30.9,22.3,16.6,62.3,X, ,X,매우높음
5/25/2022,부산(159),X,26.4,25.4,21.5,17.9,69.4,X, ,X,매우높음
5/25/2022,통영(162),X,25.9,25.8,20.3,16.8,74,X, ,X,매우높음
5/25/2022,목포(165),X,26.1,26.1,20.1,15.8,71,X, ,X,매우높음
5/25/2022,여수(168),X,25.8,25.9,21.2,17.8,63.9,X, ,X,매우높음
5/25/2022,흑산도(169),X,24.4,23.1,19.2,16.2,80,X, ,X,매우높음
5/25/2022,완도(170),X,28.9,28.9,22,16,59.6,X, ,X,매우높음
5/25/2022,고창(172),X,26.8,27.2,20,13.4,66.6,X, ,X,매우높음
5/25/2022,제주(184),X,25.9,24.7,21.2,18.2,71.4,X, ,X,매우높음
5/25/2022,진주(192),X,29,29.5,21.9,13.8,65.9,X, ,X,매우높음
5/25/2022,양평(202),X,26.8,27.9,20.8,14.4,61,X, ,X,매우높음
5/25/2022,이천(203),X,27.4,28.2,20.9,13.4,64.3,X, ,X,매우높음
5/25/2022,인제(211),X,26.2,27.7,19.5,11.7,63.3,X, ,X,매우높음
5/25/2022,홍천(212),X,26.8,28.1,20,12.5,63,X, ,X,매우높음
5/25/2022,태백(216),X,25.9,27.5,19,9.7,61.6,X, ,X,매우높음
5/25/2022,정선군(217),X,27.3,30.3,21.8,12.2,46.1,X, ,X,매우높음
5/25/2022,제천(221),X,26.7,28.1,20.5,11.9,59.4,X, ,X,매우높음
5/25/2022,보은(226),X,26.7,27.5,20.8,12.9,60.9,X, ,X,매우높음
5/25/2022,천안(232),X,26.4,26.9,19.7,12.2,70.5,X, ,X,매우높음
5/25/2022,보령(235),X,25.6,25.8,18.9,13.9,71.4,X, ,X,매우높음
5/25/2022,부여(236),X,27.6,28,20.4,13.2,69.9,X, ,X,매우높음
5/25/2022,금산(238),X,27.2,28.5,20.7,13.1,60.6,X, ,X,매우높음
5/25/2022,세종(239),X,27.4,28.4,21,14.3,57.3,X, ,X,매우높음
5/25/2022,부안(243),X,25.7,25.7,20,15,69.6,X, ,X,매우높음
5/25/2022,임실(244),X,27.1,28.4,19.4,11.6,66.1,X, ,X,매우높음
5/25/2022,정읍(245),X,26.6,27.4,20.1,13.8,60.8,X, ,X,매우높음
5/25/2022,남원(247),X,28.2,29.9,21.2,14,62.5,X, ,X,매우높음
5/25/2022,장수(248),X,27,27.7,19.7,11.7,64.4,X, ,X,매우높음
5/25/2022,영광군(252),X,26.1,26.3,19.6,13.8,69.1,X, ,X,매우높음
5/25/2022,김해시(253),X,29,29.3,22.4,17.5,63.5,X, ,X,매우높음
5/25/2022,순창군(254),X,27.9,29.4,21.2,13.2,62.1,X, ,X,매우높음
5/25/2022,양산시(257),X,29.2,30,23.2,16.6,58.9,X, ,X,매우높음
5/25/2022,강진군(259),X,29.1,29.9,22,14.5,63.6,X, ,X,매우높음
5/25/2022,장흥(260),X,28.5,29.4,21.3,14.3,66.6,X, ,X,매우높음
5/25/2022,해남(261),X,,,,,70.4,X, ,X,매우높음
5/25/2022,고흥(262),X,27.4,28.3,20.7,13.2,63.5,X, ,X,매우높음
5/25/2022,의령군(263),X,29.4,31.8,23,14.1,57.3,X,관심,X,매우높음
5/25/2022,함양군(264),X,29.4,30.9,22.4,13,58.5,X,관심,X,매우높음
5/25/2022,진도군ASOS(268),X,26.6,27.3,19.2,13.3,73.8,X, ,X,매우높음
5/25/2022,봉화(271),X,27,28.6,21.1,11,57.6,X, ,X,매우높음
5/25/2022,영주(272),X,28.9,30.2,21.8,12.9,57.1,X, ,X,매우높음
5/25/2022,문경(273),X,29,30.3,22.5,14.2,55.4,X, ,X,매우높음
5/25/2022,청송군(276),X,29.8,31.9,21.9,13.1,60.9,X, ,X,매우높음
5/25/2022,영덕(277),X,30.9,31.8,24,15.8,53.5,X, ,X,매우높음
5/25/2022,의성(278),X,29.4,31.8,23.3,13.2,54.1,X, ,X,매우높음
5/25/2022,구미(279),X,29.2,31.8,24.5,16.7,46.1,X,관심,X,매우높음
5/25/2022,영천(281),X,29.4,32.2,23.9,15,53.6,X,관심,X,매우높음
5/25/2022,경주시(283),X,30.7,33.5,24.6,15.4,53.3,X,관심,X,매우높음
5/25/2022,거창(284),X,28.9,30.9,22.5,13.4,56.5,X, ,X,매우높음
5/25/2022,합천(285),X,29.2,31.4,23.3,14.8,55.4,X,관심,X,매우높음
5/25/2022,밀양(288),X,29.5,31.9,23.9,16.5,50.9,X,관심,X,매우높음
5/25/2022,산청(289),X,29.3,30,21,14.1,69.6,X, ,X,매우높음
5/25/2022,거제(294),X,26.3,26.8,21.3,16.5,62.3,X, ,X,매우높음
5/25/2022,남해(295),X,27.6,28.3,21.9,15.9,61.8,X, ,X,매우높음
5/25/2022,부천(433),X,24.4,24.2,19.1,15.4,72,X, ,X,매우높음
5/25/2022,안양(434),X,19.9,24.8,20.2,16.5,,X, ,X,매우높음
5/25/2022,광명(437),X,25.2,25.6,20.5,16.7,67,X, ,X,매우높음
5/25/2022,군포(438),X,24.6,25.1,19.6,15.3,64,X, ,X,매우높음
5/25/2022,김포(441),X,,24.5,18.9,14.8,,X, ,X,높음
5/25/2022,하남(444),X,26.4,27.8,20.1,13.5,60,X, ,X,매우높음
5/25/2022,의왕(445),X,23.8,24.1,17.9,12.3,71,X, ,X,매우높음
5/25/2022,포천(504),X,26.3,27.4,19.9,12.5,63,X, ,X,높음
5/25/2022,가평조종(505),X,26,27,19,10.8,65,X, ,X,매우높음
5/25/2022,안성(516),X,26.4,27.2,19.7,13.3,71,X, ,X,매우높음
5/25/2022,간성(517),X,27.6,27.9,22.8,15.6,54,X, ,X,매우높음
5/25/2022,평창(526),X,27.5,29.8,20.9,11.8,50,X, ,X,매우높음
5/25/2022,의정부(532),X,26.6,26.8,19.9,13.4,72,X, ,X,높음
5/25/2022,횡성(536),X,27.2,28,20.7,11.7,63,X, ,X,매우높음
5/25/2022,고양(540),X,27.3,28.4,19.6,13.1,70,X, ,X,높음
5/25/2022,남양주(541),X,27.3,28.7,20.3,12.9,62,X, ,X,매우높음
5/25/2022,안산(545),X,25.4,24.8,18.3,11.5,82,X, ,X,매우높음
5/25/2022,경기광주(546),X,25.8,27.1,19.9,13.2,62,X, ,X,매우높음
5/25/2022,여주(548),X,26.8,27.6,20.3,13.6,61,X, ,X,매우높음
5/25/2022,용인(549),X,25.4,26,19.6,13.1,62,X, ,X,매우높음
5/25/2022,오산(550),X,25.5,26.4,19.8,13.8,66,X, ,X,매우높음
5/25/2022,평택(551),X,26.3,26.3,20,14.9,76,X, ,X,매우높음
5/25/2022,화천(555),X,28,29.3,19.5,10.5,67,X, ,X,매우높음
5/25/2022,양구(556),X,26,28.1,19.5,11.3,60,X, ,X,매우높음
5/25/2022,시흥(565),X,24.8,23.9,18.5,12.3,81,X, ,X,매우높음
5/25/2022,구리(569),X,26.3,27.9,20.9,14.6,57,X, ,X,매우높음
5/25/2022,화성(571),X,25.8,25.4,19,14.3,78,X, ,X,매우높음
5/25/2022,성남(572),X,26,26.7,20.5,14.7,60,X, ,X,매우높음
5/25/2022,과천(590),X,26.1,26.6,19.8,12.5,70,X, ,X,매우높음
5/25/2022,양주(598),X,25,25.8,19.1,12,68,X, ,X,높음
5/25/2022,단양(601),X,28.4,30.8,22.4,14.5,55,X, ,X,매우높음
5/25/2022,진천(602),X,26.9,27.3,21.2,15,62,X, ,X,매우높음
5/25/2022,괴산(603),X,27.1,27.8,20.6,11.4,62,X, ,X,매우높음
5/25/2022,옥천(604),X,27.9,29.4,21.7,13.6,58,X, ,X,매우높음
5/25/2022,홍북(608),X,27.7,28.3,19,11.9,72,X, ,X,매우높음
5/25/2022,공주(612),X,27.4,28.7,20.9,12.3,59,X, ,X,매우높음
5/25/2022,서천(614),X,25.1,24.2,18.9,13.7,77,X, ,X,매우높음
5/25/2022,논산(615),X,27.3,28,21.1,14.5,65,X, ,X,매우높음
5/25/2022,당진(616),X,25.6,25.5,19,13.1,78,X, ,X,매우높음
5/25/2022,청양(618),X,27.1,27,19.1,10.9,72,X, ,X,매우높음
5/25/2022,음성(619),X,26.5,27,19.9,11.2,62,X, ,X,매우높음
5/25/2022,증평(623),X,27.1,27.7,20.7,13.7,65,X, ,X,매우높음
5/25/2022,태안(627),X,25.9,25.1,18.8,14,81,X, ,X,매우높음
5/25/2022,예산(628),X,26.7,26.3,19.8,14,74,X, ,X,매우높음
5/25/2022,아산(634),X,25.3,25,19,14.1,77,X, ,X,매우높음
5/25/2022,계룡(636),X,26.4,27.5,19.8,10.1,60,X, ,X,매우높음
5/25/2022,연천청산(652),X,,,,,,X, ,X,높음
5/25/2022,양양(670),X,28.7,31.4,24.7,18.1,48,X, ,X,매우높음
5/25/2022,무안(699),X,26.7,26.6,19.7,13.3,71,X, ,X,매우높음
5/25/2022,무주(701),X,27.3,28.9,20.9,12.7,57,X, ,X,매우높음
5/25/2022,익산(702),X,26.9,26.7,20.5,15,72,X, ,X,매우높음
5/25/2022,진안(703),X,26.7,28.1,19.2,11.3,67,X, ,X,매우높음
5/25/2022,담양(706),X,29.9,30.7,21.8,14,66,X,관심,X,매우높음
5/25/2022,구례(709),X,30.1,31.8,22.4,13.6,65,X,관심,X,매우높음
5/25/2022,나주(710),X,28.7,29.2,20.7,13.5,72,X, ,X,매우높음
5/25/2022,순천시(712),X,28.9,,,,,X,관심,X,매우높음
5/25/2022,광양읍(713),X,29.7,31.5,23.1,14.8,54,X,관심,X,매우높음
5/25/2022,장성(730),X,28.2,29.6,20.4,12.9,64,X, ,X,매우높음
5/25/2022,영암(731),X,28.2,28.6,20.7,13.5,71,X, ,X,매우높음
5/25/2022,보성(732),X,28.5,29,20.9,13.1,68,X,관심,X,매우높음
5/25/2022,완주(734),X,28.3,29,20.5,12.3,68,X, ,X,매우높음
5/25/2022,김제(737),X,25.1,26.8,20.3,15.2,55,X, ,X,매우높음
5/25/2022,화순(741),X,28.8,30.4,21.3,13,63,X, ,X,매우높음
5/25/2022,함평(754),X,27.5,27.8,20.3,12.4,68,X, ,X,매우높음
5/25/2022,곡성(768),X,29.7,31.5,21.6,13,62,X,관심,X,매우높음
5/25/2022,압해도(789),X,26.6,26.6,20.4,15.1,71,X, ,X,매우높음
5/25/2022,영양(801),X,28.8,30.6,22.4,12.7,62,X, ,X,매우높음
5/25/2022,성주(810),X,29.7,32.5,22.1,15.1,68,X, ,X,매우높음
5/25/2022,고령(812),X,29.3,32.4,23.6,14.3,55,X, ,X,매우높음
5/25/2022,청도(813),X,29.9,32.1,23.3,14.1,55,X,관심,X,매우높음
5/25/2022,예천(815),X,28.7,30.7,22.8,14,54,X,관심,X,매우높음
5/25/2022,김천(822),X,30,31.7,22.5,11.7,56,X,관심,X,매우높음
5/25/2022,군위(823),X,29.9,31.9,23.4,14.2,59,X, ,X,매우높음
5/25/2022,칠곡(825),X,30.1,32.1,23,16.7,71,X, ,X,매우높음
5/25/2022,경산(827),X,30,33.1,25.3,17.8,46,X,관심,X,매우높음
5/25/2022,삼척(876),X,28,29.5,24.7,19.7,44,X, ,X,매우높음
5/25/2022,속초(90),X,26.6,27.8,22.4,17.5,52.8,X, ,X,매우높음
5/25/2022,삼천포(907),X,25.8,24.7,20.5,16.3,69,X, ,X,매우높음
5/25/2022,고성(918),X,26,25.6,20.4,15.4,72,X, ,X,매우높음
5/25/2022,창녕(919),X,29.9,32.1,24.1,15.8,56,X,관심,X,매우높음
5/25/2022,함안(920),X,29.7,30.3,22.6,14.7,64,X,관심,X,매우높음
5/25/2022,북춘천(93),X,26.9,28,19.6,12,66,X, ,X,매우높음
5/25/2022,하동(932),X,29.1,29.8,21.8,14.4,66,X, ,X,매우높음
5/25/2022,철원(95),X,25.4,26,18.9,12.3,75.1,X, ,X,높음
5/25/2022,동두천(98),X,26.1,26.7,19.3,13,69.1,X, ,X,높음
5/25/2022,파주(99),X,26.2,25.8,17.8,12.1,84.1,X, ,X,높음
5/26/2022,북강릉(104),X,24.1,25.5,20.5,13.5,46.1,X, ,X,높음
5/26/2022,동해(106),X,22.8,24.1,20.4,14.8,44.3,X, ,X,매우높음
5/26/2022,서울(108),X,22.4,23.5,18.7,14.1,59.9,X, ,X,매우높음
5/26/2022,인천(112),X,20.2,19.9,16.5,13.7,68.8,X, ,X,매우높음
5/26/2022,원주(114),X,22.1,23.8,18.6,14.3,52,X, ,X,높음
5/26/2022,울릉도(115),X,23.2,21.9,18.8,15.8,74.6,X, ,X,매우높음
5/26/2022,수원(119),X,22.1,23.3,18.2,13.8,62.6,X, ,X,매우높음
5/26/2022,영월(121),X,23.1,24.1,18.4,13.4,50.9,X, ,X,매우높음
5/26/2022,충주(127),X,23.4,25,18.6,13.3,54.4,X, ,X,매우높음
5/26/2022,서산(129),X,22.2,22.5,17.5,12.1,69.3,X, ,X,매우높음
5/26/2022,울진(130),X,24.2,24.2,18.9,16.7,59.8,X, ,X,매우높음
5/26/2022,청주(131),X,24.4,26.1,19.7,14.3,50.1,X, ,X,매우높음
5/26/2022,대전(133),X,24.5,26.1,19.4,13.6,55.9,X, ,X,매우높음
5/26/2022,추풍령(135),X,22.6,24,18.7,14,49.1,X, ,X,매우높음
5/26/2022,안동(136),X,23.8,25.7,20.1,14.3,46.9,X, ,X,매우높음
5/26/2022,상주(137),X,24.8,26.6,19.8,14.1,52.1,X, ,X,매우높음
5/26/2022,포항(138),X,26.2,27.8,23.1,20.2,45.9,X, ,X,매우높음
5/26/2022,군산(140),X,21.8,21.4,17.2,12.7,71.9,X, ,X,매우높음
5/26/2022,대구(143),X,24.9,27.5,22.9,18.7,41.6,X, ,X,매우높음
5/26/2022,전주(146),X,24.1,25,18.5,13.8,61.1,X, ,X,매우높음
5/26/2022,울산(152),X,25.5,25.9,21.4,16.3,58.3,X, ,X,매우높음
5/26/2022,창원(155),X,26.3,29.2,21.8,16.9,49.1,X, ,X,높음
5/26/2022,광주(156),X,25,27.3,20.5,15.5,58.3,X, ,X,매우높음
5/26/2022,부산(159),X,25.8,25,20.4,17.1,69,X, ,X,높음
5/26/2022,통영(162),X,25.5,26.1,20.5,16.5,66.5,X, ,X,높음
5/26/2022,목포(165),X,22.3,21.9,17.9,15.5,72.6,X, ,X,매우높음
5/26/2022,여수(168),X,25.1,26.6,22.1,18.7,43.5,X, ,X,높음
5/26/2022,흑산도(169),X,22.9,21.4,17.3,14.1,79.9,X, ,X,매우높음
5/26/2022,완도(170),X,25.5,26.6,20.9,17.5,53.3,X, ,X,높음
5/26/2022,고창(172),X,23.5,24,18.1,13.6,66.8,X, ,X,매우높음
5/26/2022,제주(184),X,23.9,22.7,19.5,17.3,67.8,X, ,X,높음
5/26/2022,진주(192),X,26.1,28.7,21.7,14.7,47,X, ,X,매우높음
5/26/2022,양평(202),X,22.9,24,18.9,13.5,56.5,X, ,X,높음
5/26/2022,이천(203),X,23.6,24.8,18.6,13.5,59.4,X, ,X,높음
5/26/2022,인제(211),X,21.3,21.9,17.7,12.5,54,X, ,X,높음
5/26/2022,홍천(212),X,22,23.2,18.1,12,54.6,X, ,X,높음
5/26/2022,태백(216),X,19.8,20.8,15.8,11.2,48.9,X, ,X,매우높음
5/26/2022,정선군(217),X,21.5,23.5,18.4,13.6,43.8,X, ,X,매우높음
5/26/2022,제천(221),X,21.6,22.7,17.3,11.2,58.5,X, ,X,매우높음
5/26/2022,보은(226),X,23.1,24.2,17.8,12.8,61.4,X, ,X,매우높음
5/26/2022,천안(232),X,23.3,24.2,18,12.4,60.3,X, ,X,매우높음
5/26/2022,보령(235),X,22,21.6,16.9,12.4,74.4,X, ,X,매우높음
5/26/2022,부여(236),X,24.1,24.9,18,12,64.6,X, ,X,매우높음
5/26/2022,금산(238),X,23.1,24.6,18.3,12.5,56.3,X, ,X,매우높음
5/26/2022,세종(239),X,23.8,25.1,18.5,12.2,57.1,X, ,X,매우높음
5/26/2022,부안(243),X,22.8,22.9,17.7,13.5,68.3,X, ,X,매우높음
5/26/2022,임실(244),X,23,24.6,17.5,11.1,62.6,X, ,X,매우높음
5/26/2022,정읍(245),X,23.7,25,18.3,13.3,62.4,X, ,X,매우높음
5/26/2022,남원(247),X,23.7,25.7,19.4,13.4,53.8,X, ,X,매우높음
5/26/2022,장수(248),X,22.4,23.6,16.7,10,59.4,X, ,X,매우높음
5/26/2022,영광군(252),X,23.4,24.1,17.9,13.6,70.8,X, ,X,매우높음
5/26/2022,김해시(253),X,26.5,28.6,21.7,17.2,56.5,X, ,X,높음
5/26/2022,순창군(254),X,23.8,25.7,19.6,14.6,53,X, ,X,매우높음
5/26/2022,양산시(257),X,27,30,23,17.4,53,X, ,X,높음
5/26/2022,강진군(259),X,25.8,27.3,20.1,14.5,59.3,X, ,X,높음
5/26/2022,장흥(260),X,25,26.8,19.7,13.7,58.9,X, ,X,높음
5/26/2022,해남(261),X,,,,,68.4,X, ,X,높음
5/26/2022,고흥(262),X,24.3,26.5,20.5,16.4,52.5,X, ,X,높음
5/26/2022,의령군(263),X,26.5,30,22.6,17,39.3,X, ,X,매우높음
5/26/2022,함양군(264),X,24.5,27.3,21,13.9,42.5,X, ,X,매우높음
5/26/2022,진도군ASOS(268),X,23,22.8,17.6,12.1,75.5,X, ,X,높음
5/26/2022,봉화(271),X,21.9,23.2,18.1,12.2,53.8,X, ,X,매우높음
5/26/2022,영주(272),X,22.7,24.1,18.4,14.3,53.3,X, ,X,매우높음
5/26/2022,문경(273),X,23.2,24.6,18.4,13.2,55.1,X, ,X,매우높음
5/26/2022,청송군(276),X,22.7,25.7,18.6,11.4,46.8,X, ,X,매우높음
5/26/2022,영덕(277),X,24.6,26.9,20.6,16.1,50.5,X, ,X,매우높음
5/26/2022,의성(278),X,24.5,26.7,20.2,13.2,50.4,X, ,X,매우높음
5/26/2022,구미(279),X,24.5,27.1,21.3,15.9,39.9,X, ,X,매우높음
5/26/2022,영천(281),X,24.5,27.3,21.6,16.6,41.5,X, ,X,매우높음
5/26/2022,경주시(283),X,25.2,28.4,22.6,15.1,43.1,X, ,X,매우높음
5/26/2022,거창(284),X,24.1,26.7,20.8,15.3,39.8,X, ,X,매우높음
5/26/2022,합천(285),X,24.2,28,22.5,16.1,37.1,X, ,X,매우높음
5/26/2022,밀양(288),X,24.9,28.3,22.7,16.7,42.6,X, ,X,매우높음
5/26/2022,산청(289),X,24.9,27.1,21.4,15.3,42.9,X, ,X,매우높음
5/26/2022,거제(294),X,26.4,27.5,20.9,16.2,58.3,X, ,X,높음
5/26/2022,남해(295),X,25.1,26.3,22,17.9,47,X, ,X,높음
5/26/2022,부천(433),X,20.8,22.1,17.4,13.4,56,X, ,X,매우높음
5/26/2022,안양(434),X,19,22.3,18.1,14.5,,X, ,X,매우높음
5/26/2022,광명(437),X,21.4,22.1,18.3,14.4,58,X, ,X,매우높음
5/26/2022,군포(438),X,21.2,22.7,17.4,13.1,57,X, ,X,매우높음
5/26/2022,김포(441),X,,22.2,17.4,12.5,,X, ,X,높음
5/26/2022,하남(444),X,23.3,25,18.3,12.6,54,X, ,X,높음
5/26/2022,의왕(445),X,20.4,21.4,16.3,11.9,61,X, ,X,매우높음
5/26/2022,포천(504),X,22,23.3,17.8,12.6,57,X, ,X,높음
5/26/2022,가평조종(505),X,22.2,23,17.5,11.3,56,X, ,X,높음
5/26/2022,안성(516),X,23.3,24.6,18,12.7,59,X, ,X,매우높음
5/26/2022,간성(517),X,24.7,26.2,20.5,13.3,46,X, ,X,높음
5/26/2022,평창(526),X,21.9,23.6,17.1,11.8,52,X, ,X,높음
5/26/2022,의정부(532),X,23,23.6,17.8,11.5,62,X, ,X,높음
5/26/2022,횡성(536),X,22.7,23.8,18.3,13.1,61,X, ,X,높음
5/26/2022,고양(540),X,23.8,25.3,18.2,11.7,60,X, ,X,높음
5/26/2022,남양주(541),X,23.7,24.8,18.6,12.1,55,X, ,X,높음
5/26/2022,안산(545),X,22.2,23,17.2,11.8,66,X, ,X,매우높음
5/26/2022,경기광주(546),X,22.9,23.7,17.8,12.9,57,X, ,X,높음
5/26/2022,여주(548),X,22.8,24,18.1,12.6,58,X, ,X,높음
5/26/2022,용인(549),X,21.8,23.4,18.4,14,51,X, ,X,매우높음
5/26/2022,오산(550),X,22.4,23.9,18.2,13.2,57,X, ,X,높음
5/26/2022,평택(551),X,23.6,25,18.5,13,61,X, ,X,매우높음
5/26/2022,화천(555),X,23.5,25.7,18.2,11.6,61,X, ,X,높음
5/26/2022,양구(556),X,21.9,23.2,17.3,11.6,55,X, ,X,높음
5/26/2022,시흥(565),X,21.7,22,17.7,11.8,64,X, ,X,매우높음
5/26/2022,구리(569),X,22.9,24.6,19,12.9,49,X, ,X,높음
5/26/2022,화성(571),X,22.2,23.2,17.6,12.7,67,X, ,X,매우높음
5/26/2022,성남(572),X,22.5,23.7,18.4,12.8,55,X, ,X,매우높음
5/26/2022,과천(590),X,23,24,18.6,12.3,60,X, ,X,매우높음
5/26/2022,양주(598),X,21.7,23,17.4,11.6,61,X, ,X,높음
5/26/2022,단양(601),X,23.3,24.7,18.6,14,58,X, ,X,매우높음
5/26/2022,진천(602),X,23.8,25.4,19.3,13.9,52,X, ,X,매우높음
5/26/2022,괴산(603),X,23.3,24.8,18.1,13.1,56,X, ,X,매우높음
5/26/2022,옥천(604),X,24.2,25.7,19.2,13.4,57,X, ,X,매우높음
5/26/2022,홍북(608),X,23.4,24.7,17.4,10.7,67,X, ,X,매우높음
5/26/2022,공주(612),X,24.1,26.1,19.1,12.8,55,X, ,X,매우높음
5/26/2022,서천(614),X,21.7,20.6,17,12.4,77,X, ,X,매우높음
5/26/2022,논산(615),X,24.1,24.6,18.6,13,62,X, ,X,매우높음
5/26/2022,당진(616),X,23.7,24.4,17.9,12.4,66,X, ,X,매우높음
5/26/2022,청양(618),X,23.3,24.7,16.4,10.2,66,X, ,X,매우높음
5/26/2022,음성(619),X,23.2,24.1,17.8,12.5,58,X, ,X,매우높음
5/26/2022,증평(623),X,23.2,24.6,18.7,12.8,57,X, ,X,매우높음
5/26/2022,태안(627),X,23,22,16.6,10.7,79,X, ,X,매우높음
5/26/2022,예산(628),X,23.1,24.3,18.1,12.6,63,X, ,X,매우높음
5/26/2022,아산(634),X,24.6,26.6,18.2,12.2,64,X, ,X,매우높음
5/26/2022,계룡(636),X,23.2,24.2,16.4,10.3,62,X, ,X,매우높음
5/26/2022,연천청산(652),X,,,,,,X, ,X,높음
5/26/2022,양양(670),X,24.7,25.6,20.7,15.4,50,X, ,X,높음
5/26/2022,무안(699),X,23.4,23.8,17.9,13.3,73,X, ,X,매우높음
5/26/2022,무주(701),X,23,24.9,18.5,13.1,54,X, ,X,매우높음
5/26/2022,익산(702),X,24,23.9,18.4,13.9,70,X, ,X,매우높음
5/26/2022,진안(703),X,22.2,23.8,16.7,10.2,63,X, ,X,매우높음
5/26/2022,담양(706),X,26,28.5,20.4,14.6,60,X, ,X,매우높음
5/26/2022,구례(709),X,24.8,27,20.6,14.2,54,X, ,X,매우높음
5/26/2022,나주(710),X,24.9,25.9,19.2,14.4,69,X, ,X,매우높음
5/26/2022,순천시(712),X,24.9,28,22.6,18.7,41,X, ,X,매우높음
5/26/2022,광양읍(713),X,25.6,29.2,22,15.8,41,X, ,X,매우높음
5/26/2022,장성(730),X,25.1,26.4,18.9,12.7,64,X, ,X,매우높음
5/26/2022,영암(731),X,25.2,25.8,19.2,13.2,66,X, ,X,매우높음
5/26/2022,보성(732),X,24.8,27,19.9,14,59,X, ,X,높음
5/26/2022,완주(734),X,25.1,25.9,17.8,11.9,70,X, ,X,매우높음
5/26/2022,김제(737),X,22.4,24.2,18.2,13.9,57,X, ,X,매우높음
5/26/2022,화순(741),X,24.3,26.7,19.6,14,57,X, ,X,매우높음
5/26/2022,함평(754),X,24,24,17.9,12.2,75,X, ,X,매우높음
5/26/2022,곡성(768),X,24.9,27.3,19.4,13,54,X, ,X,매우높음
5/26/2022,압해도(789),X,22.8,21.5,17.8,14.3,79,X, ,X,매우높음
5/26/2022,영양(801),X,23.5,25.6,19.5,13.5,51,X, ,X,매우높음
5/26/2022,성주(810),X,24.3,26.9,20.4,13.7,51,X, ,X,매우높음
5/26/2022,고령(812),X,24.8,27.8,21.3,14,41,X, ,X,매우높음
5/26/2022,청도(813),X,24.6,27.7,21.4,13.6,45,X, ,X,매우높음
5/26/2022,예천(815),X,23.7,25.8,19.9,14.8,50,X, ,X,매우높음
5/26/2022,김천(822),X,24.7,26.6,19.9,11.5,50,X, ,X,매우높음
5/26/2022,군위(823),X,25.4,26.9,19.6,14.1,50,X, ,X,매우높음
5/26/2022,칠곡(825),X,24.7,26.9,21.1,15.1,51,X, ,X,매우높음
5/26/2022,경산(827),X,24,27.3,22.6,18.6,36,X, ,X,매우높음
5/26/2022,삼척(876),X,24.4,25.8,21.1,15.3,41,X, ,X,매우높음
5/26/2022,속초(90),X,23.9,25.5,20.8,14.9,42.5,X, ,X,높음
5/26/2022,삼천포(907),X,25.5,26.4,21.2,17.6,52,X, ,X,높음
5/26/2022,고성(918),X,25.5,26.3,20.3,14.7,63,X, ,X,높음
5/26/2022,창녕(919),X,25.3,27.8,21.9,15.1,47,X, ,X,매우높음
5/26/2022,함안(920),X,26,28.1,21.7,15.1,54,X, ,X,매우높음
5/26/2022,북춘천(93),X,22.7,23.7,18.2,11.9,55.6,X, ,X,높음
5/26/2022,하동(932),X,25.9,28.2,21.9,16.5,48,X, ,X,매우높음
5/26/2022,철원(95),X,21.1,21.8,16.8,12.4,68.1,X, ,X,높음
5/26/2022,동두천(98),X,22.3,23.2,17.1,12.1,63.8,X, ,X,높음
5/26/2022,파주(99),X,22.9,22.8,17,11,69.6,X, ,X,높음
5/27/2022,북강릉(104),X,23.2,24.1,18.7,14.8,53.9,X, ,X,높음
5/27/2022,동해(106),X,21.5,21,17.4,15,57.4,X, ,X,높음
5/27/2022,서울(108),X,25.5,25.6,20,16,62.5,X, ,X,높음
5/27/2022,인천(112),X,21.5,20.3,17.5,14.5,71.4,X, ,X,매우높음
5/27/2022,원주(114),X,23.4,24.2,19.5,16,52.3,X, ,X,높음
5/27/2022,울릉도(115),X,23.1,23.2,18.9,16,56.8,X, ,X,매우높음
5/27/2022,수원(119),X,23.9,23.9,19.1,15.6,64.5,X, ,X,매우높음
5/27/2022,영월(121),X,23,23.6,18.5,14.6,53.4,X, ,X,높음
5/27/2022,충주(127),X,25.3,25.8,19.2,13.6,56.9,X, ,X,매우높음
5/27/2022,서산(129),X,25,25.3,19,15.3,69,X, ,X,매우높음
5/27/2022,울진(130),X,22.7,23.1,17.8,13.5,57.5,X, ,X,높음
5/27/2022,청주(131),X,25.1,26.6,21.2,15.8,50.3,X, ,X,매우높음
5/27/2022,대전(133),X,26.7,28.5,21.5,15.8,51.8,X, ,X,매우높음
5/27/2022,추풍령(135),X,24.2,26,20.2,13.8,43.6,X, ,X,매우높음
5/27/2022,안동(136),X,25.3,26.6,20.4,14.1,44.8,X, ,X,높음
5/27/2022,상주(137),X,26.2,27.8,21.6,14.2,44,X, ,X,매우높음
5/27/2022,포항(138),X,27,29,23.6,17.2,36.3,X, ,X,매우높음
5/27/2022,군산(140),X,23.6,23.2,19,14.2,73.9,X, ,X,매우높음
5/27/2022,대구(143),X,26.9,29.5,23.8,16.4,37.3,X, ,X,매우높음
5/27/2022,전주(146),X,25.4,25.5,19.8,14,58,X, ,X,매우높음
5/27/2022,울산(152),X,26.2,29.9,23.7,14.8,31,X, ,X,매우높음
5/27/2022,창원(155),X,27.3,30.4,23.4,15.1,31,X, ,X,매우높음
5/27/2022,광주(156),X,27.1,27.9,20.8,15,66,X, ,X,매우높음
5/27/2022,부산(159),X,26.5,27.2,22.4,17.5,47.6,X, ,X,매우높음
5/27/2022,통영(162),X,25.5,25.6,21.4,16.7,52.6,X, ,X,매우높음
5/27/2022,목포(165),X,24.1,22.5,19,15,74.1,X, ,X,매우높음
5/27/2022,여수(168),X,26.3,27.5,22,17,46.6,X, ,X,매우높음
5/27/2022,흑산도(169),X,24.7,23.7,21,15.4,53.5,X, ,X,매우높음
5/27/2022,완도(170),X,26.1,26.3,21.2,16.8,54.1,X, ,X,매우높음
5/27/2022,고창(172),X,24.9,25.3,19.8,15,63.8,X, ,X,매우높음
5/27/2022,제주(184),X,26.4,29,23.2,16.5,37.6,X, ,X,매우높음
5/27/2022,진주(192),X,28.4,30.5,21.2,11.1,48.3,X, ,X,매우높음
5/27/2022,양평(202),X,25,25.6,20.1,15.9,58.1,X, ,X,높음
5/27/2022,이천(203),X,26,26.5,19.9,15.7,59.1,X, ,X,매우높음
5/27/2022,인제(211),X,23,23.4,17.5,13.5,62.8,X, ,X,보통
5/27/2022,홍천(212),X,23.9,24.5,19,15.2,57.3,X, ,X,보통
5/27/2022,태백(216),X,19.6,19.5,15.2,11.4,58.3,X, ,X,높음
5/27/2022,정선군(217),X,21.3,22.3,17.6,14.6,47.5,X, ,X,높음
5/27/2022,제천(221),X,23.6,24.3,17.7,11.7,60.3,X, ,X,높음
5/27/2022,보은(226),X,24.3,25.5,19,11.7,59.8,X, ,X,매우높음
5/27/2022,천안(232),X,24,24.6,18.5,11.7,64.4,X, ,X,매우높음
5/27/2022,보령(235),X,23.2,22.4,18.5,15.6,73.9,X, ,X,매우높음
5/27/2022,부여(236),X,25.9,27.3,20.2,13.2,64.4,X, ,X,매우높음
5/27/2022,금산(238),X,25.1,26.1,20.3,14.2,48.9,X, ,X,매우높음
5/27/2022,세종(239),X,25.3,26.6,20.4,15.4,52.4,X, ,X,매우높음
5/27/2022,부안(243),X,24.5,24.5,20,14.9,64,X, ,X,매우높음
5/27/2022,임실(244),X,24.8,25.3,17.3,8.1,63.1,X, ,X,매우높음
5/27/2022,정읍(245),X,25.1,25.7,19.8,13.5,59.8,X, ,X,매우높음
5/27/2022,남원(247),X,25.6,27.2,18.8,9.8,56.8,X, ,X,매우높음
5/27/2022,장수(248),X,23.5,24.2,17.4,9.4,54.1,X, ,X,매우높음
5/27/2022,영광군(252),X,24.8,24.4,19.1,13.1,71.3,X, ,X,매우높음
5/27/2022,김해시(253),X,27.4,30.3,23.4,14.8,39.4,X, ,X,매우높음
5/27/2022,순창군(254),X,25.7,26.9,19.3,10.7,59.8,X, ,X,매우높음
5/27/2022,양산시(257),X,28.5,31.8,23.4,14.3,41.6,X, ,X,매우높음
5/27/2022,강진군(259),X,26.6,26.8,19.9,11.4,66.5,X, ,X,매우높음
5/27/2022,장흥(260),X,26.4,26.9,19.2,10.4,69.3,X, ,X,매우높음
5/27/2022,해남(261),X,25.6,24.9,,14.7,77.3,X, ,X,매우높음
5/27/2022,고흥(262),X,26,26.7,20.7,11.1,51.5,X, ,X,매우높음
5/27/2022,의령군(263),X,27.5,30.5,22,12.9,39,X, ,X,매우높음
5/27/2022,함양군(264),X,25.5,27.7,20.7,12.4,45.5,X, ,X,매우높음
5/27/2022,진도군ASOS(268),X,24.4,23.4,17.7,10.3,77.6,X, ,X,매우높음
5/27/2022,봉화(271),X,22.2,22.5,16.6,10,59.8,X, ,X,보통
5/27/2022,영주(272),X,23.6,24.1,18.6,12.4,54.4,X, ,X,보통
5/27/2022,문경(273),X,24.6,25.7,19.8,11.6,52.1,X, ,X,매우높음
5/27/2022,청송군(276),X,24.2,26.5,18.3,7.8,45.8,X, ,X,매우높음
5/27/2022,영덕(277),X,27.1,28.7,20.7,13,47.5,X, ,X,매우높음
5/27/2022,의성(278),X,26,27.9,19.6,8.7,51.1,X, ,X,매우높음
5/27/2022,구미(279),X,26.7,29.1,21.8,13.1,41.3,X, ,X,매우높음
5/27/2022,영천(281),X,26.6,28.8,21.4,11.2,42.1,X, ,X,매우높음
5/27/2022,경주시(283),X,27,30,22.6,11.9,38.8,X, ,X,매우높음
5/27/2022,거창(284),X,25.7,27.7,20.4,10.6,42.6,X, ,X,매우높음
5/27/2022,합천(285),X,26.3,29.4,21.6,12,39.4,X, ,X,매우높음
5/27/2022,밀양(288),X,26.9,30.8,22.9,12.3,35.5,X, ,X,매우높음
5/27/2022,산청(289),X,26.1,27.9,20.7,10.7,47.6,X, ,X,매우높음
5/27/2022,거제(294),X,26,27.1,22.2,15.3,45.8,X, ,X,매우높음
5/27/2022,남해(295),X,27,28.2,22,14.8,45.3,X, ,X,매우높음
5/27/2022,부천(433),X,23,23.1,18.4,14.7,61,X, ,X,매우높음
5/27/2022,안양(434),X,19.7,22.7,18.9,15.8,,X, ,X,매우높음
5/27/2022,광명(437),X,24.3,24.7,19.4,15.3,61,X, ,X,높음
5/27/2022,군포(438),X,23.4,23.6,18.6,14.7,60,X, ,X,매우높음
5/27/2022,김포(441),X,,23.9,18.7,14.9,,X, ,X,높음
5/27/2022,하남(444),X,25.2,25.9,19.4,14.3,56,X, ,X,높음
5/27/2022,의왕(445),X,22.3,22.3,17.1,12.9,65,X, ,X,매우높음
5/27/2022,포천(504),X,24.4,25,18.8,13.5,62,X, ,X,높음
5/27/2022,가평조종(505),X,24.2,24.5,18.7,12.9,62,X, ,X,높음
5/27/2022,안성(516),X,24.4,24.9,19.2,14.5,62,X, ,X,매우높음
5/27/2022,간성(517),X,23.8,24.5,19.5,15.9,59,X, ,X,높음
5/27/2022,평창(526),X,22.4,23.4,17.3,11.5,51,X, ,X,보통
5/27/2022,의정부(532),X,26.1,26,19,14,69,X, ,X,높음
5/27/2022,횡성(536),X,24.2,24.5,18.9,13.5,62,X, ,X,보통
5/27/2022,고양(540),X,26.6,27.4,19.2,13.9,63,X, ,X,높음
5/27/2022,남양주(541),X,26.2,27.2,19.6,14.4,60,X, ,X,높음
5/27/2022,안산(545),X,24.1,23.8,17.6,10.8,72,X, ,X,매우높음
5/27/2022,경기광주(546),X,25.3,25.7,19,14.8,59,X, ,X,높음
5/27/2022,여주(548),X,24.2,25,18.9,14.2,57,X, ,X,높음
5/27/2022,용인(549),X,24.2,25.1,18.7,13.7,58,X, ,X,매우높음
5/27/2022,오산(550),X,24.2,24.8,19.1,14.8,55,X, ,X,매우높음
5/27/2022,평택(551),X,24.1,24.4,19.6,16,59,X, ,X,매우높음
5/27/2022,화천(555),X,24.2,24.4,18,12.7,74,X, ,X,보통
5/27/2022,양구(556),X,23.3,24,17.8,13.2,61,X, ,X,보통
5/27/2022,시흥(565),X,22.9,22.5,18,13.7,71,X, ,X,매우높음
5/27/2022,구리(569),X,25.6,26.9,20.1,15.7,53,X, ,X,높음
5/27/2022,화성(571),X,23.9,23.6,18.6,14.7,67,X, ,X,매우높음
5/27/2022,성남(572),X,24.7,25.5,19.7,15.7,57,X, ,X,매우높음
5/27/2022,과천(590),X,25.3,25.5,19.3,15.3,64,X, ,X,높음
5/27/2022,양주(598),X,24.6,25.1,18.4,13,64,X, ,X,높음
5/27/2022,단양(601),X,24.3,24.9,19.4,13.9,57,X, ,X,높음
5/27/2022,진천(602),X,24.7,25.5,20,15.4,60,X, ,X,매우높음
5/27/2022,괴산(603),X,24.7,25.7,18.8,11.9,61,X, ,X,매우높음
5/27/2022,옥천(604),X,26.6,27.9,21.1,13.1,50,X, ,X,매우높음
5/27/2022,홍북(608),X,26,26.9,19.4,14.1,67,X, ,X,매우높음
5/27/2022,공주(612),X,25.7,27.2,20.7,14.9,54,X, ,X,매우높음
5/27/2022,서천(614),X,22.8,21.5,18.2,13.6,80,X, ,X,매우높음
5/27/2022,논산(615),X,25.7,25.8,20.1,14.8,62,X, ,X,매우높음
5/27/2022,당진(616),X,24.7,25.6,19.6,15.6,65,X, ,X,매우높음
5/27/2022,청양(618),X,25.5,25.9,18.9,10.6,66,X, ,X,매우높음
5/27/2022,음성(619),X,24.3,24.3,18.2,13.7,65,X, ,X,매우높음
5/27/2022,증평(623),X,24.7,25.5,19.9,15.2,61,X, ,X,매우높음
5/27/2022,태안(627),X,25.1,25.4,18.8,15,74,X, ,X,매우높음
5/27/2022,예산(628),X,25.2,25.9,20.2,16.4,60,X, ,X,매우높음
5/27/2022,아산(634),X,25.7,26.2,20.2,15.9,59,X, ,X,매우높음
5/27/2022,계룡(636),X,25.1,27,18.9,9.8,57,X, ,X,매우높음
5/27/2022,연천청산(652),X,,,,,,X, ,X,높음
5/27/2022,양양(670),X,24.7,24.9,19.4,16.2,67,X, ,X,보통
5/27/2022,무안(699),X,25,24,18.2,10.8,78,X, ,X,매우높음
5/27/2022,무주(701),X,24.9,26.4,19.5,11.8,46,X, ,X,매우높음
5/27/2022,익산(702),X,25.5,24.4,19.5,13,74,X, ,X,매우높음
5/27/2022,진안(703),X,24,24.6,16.9,8.3,60,X, ,X,매우높음
5/27/2022,담양(706),X,27.3,28.8,20.1,10.6,68,X, ,X,매우높음
5/27/2022,구례(709),X,27.5,28.7,19.9,9.5,60,X, ,X,매우높음
5/27/2022,나주(710),X,26.4,25.9,18.9,11.5,76,X, ,X,매우높음
5/27/2022,순천시(712),X,27.9,29.5,22.3,13.5,45,X, ,X,매우높음
5/27/2022,광양읍(713),X,28.1,30.2,21.6,10.9,45,X, ,X,매우높음
5/27/2022,장성(730),X,25.8,27.3,18.8,9.8,68,X, ,X,매우높음
5/27/2022,영암(731),X,25.9,24.9,19.1,11.4,75,X, ,X,매우높음
5/27/2022,보성(732),X,26.7,27.2,19.1,9.7,66,X, ,X,매우높음
5/27/2022,완주(734),X,26.4,27,18.3,10.1,70,X, ,X,매우높음
5/27/2022,김제(737),X,23.2,24.1,19.3,14.6,54,X, ,X,매우높음
5/27/2022,화순(741),X,26.6,27.4,19.1,9.6,67,X, ,X,매우높음
5/27/2022,함평(754),X,25.9,24.6,18.2,10.4,79,X, ,X,매우높음
5/27/2022,곡성(768),X,27.2,28.1,19.6,9.1,56,X, ,X,매우높음
5/27/2022,압해도(789),X,25.1,24,19.3,14.6,78,X, ,X,매우높음
5/27/2022,영양(801),X,24.4,25.4,19.4,11.1,49,X, ,X,높음
5/27/2022,성주(810),X,26.4,29,20.7,9.8,48,X, ,X,매우높음
5/27/2022,고령(812),X,26.9,30.2,21.8,11.1,38,X, ,X,매우높음
5/27/2022,청도(813),X,26.6,29.9,21,9.5,45,X, ,X,매우높음
5/27/2022,예천(815),X,25.2,26.6,19.8,13.2,48,X, ,X,높음
5/27/2022,김천(822),X,26.6,28.2,19.4,8,52,X, ,X,매우높음
5/27/2022,군위(823),X,26.9,28.6,20.1,9.7,54,X, ,X,매우높음
5/27/2022,칠곡(825),X,26.9,28.7,22.2,13.9,44,X, ,X,매우높음
5/27/2022,경산(827),X,26.4,29.5,23.5,15.8,29,X, ,X,매우높음
5/27/2022,삼척(876),X,22.1,21.8,18.2,14.5,52,X, ,X,높음
5/27/2022,속초(90),X,24.2,24.9,19.7,16.8,54.1,X, ,X,보통
5/27/2022,삼천포(907),X,26.9,28.2,22.6,16.4,43,X, ,X,매우높음
5/27/2022,고성(918),X,26.4,27.6,21.4,11.9,52,X, ,X,매우높음
5/27/2022,창녕(919),X,27.5,30.5,22.5,11.2,41,X, ,X,매우높음
5/27/2022,함안(920),X,27.2,29.2,21.3,12.2,50,X, ,X,매우높음
5/27/2022,북춘천(93),X,24.1,24.8,19.5,15.4,59.3,X, ,X,보통
5/27/2022,하동(932),X,27.8,29.4,21,11.5,54,X, ,X,매우높음
5/27/2022,철원(95),X,24,23.4,18.1,13.6,73.8,X, ,X,높음
5/27/2022,동두천(98),X,25.7,25.8,18.5,14.3,67.4,X, ,X,높음
5/27/2022,파주(99),X,25.2,24.8,18.2,13,72.8,X, ,X,높음
5/28/2022,북강릉(104),X,28.7,32.7,24.8,14.8,37.8,X, ,X,매우높음
5/28/2022,동해(106),X,29,32.7,25.6,15.5,33.4,X, ,X,매우높음
5/28/2022,서울(108),X,28.3,29.3,22.3,15,54.1,X, ,X,매우높음
5/28/2022,인천(112),X,26,25.2,19.8,15.1,69.3,X, ,X,매우높음
5/28/2022,원주(114),X,27.4,29.5,21.2,12.6,49,X, ,X,매우높음
5/28/2022,울릉도(115),X,27.8,29.4,23.6,15.9,43.3,X, ,X,매우높음
5/28/2022,수원(119),X,27.9,29,21.5,13.6,55.4,X, ,X,매우높음
5/28/2022,영월(121),X,27.8,29.8,20.2,10.1,56.8,X, ,X,매우높음
5/28/2022,충주(127),X,28.1,29.2,20.3,10.8,55.3,X, ,X,매우높음
5/28/2022,서산(129),X,25.4,24.7,20.3,15.7,73.8,X, ,X,매우높음
5/28/2022,울진(130),X,29.8,32.5,26,14.6,33.9,X, ,X,매우높음
5/28/2022,청주(131),X,27.7,29.7,23,16.2,41.8,X, ,X,높음
5/28/2022,대전(133),X,26.8,29.9,23.1,16.5,42.8,X, ,X,매우높음
5/28/2022,추풍령(135),X,26,28.6,20.5,10.6,42.8,X, ,X,매우높음
5/28/2022,안동(136),X,27.4,29.3,21.9,11.6,46.9,X, ,X,매우높음
5/28/2022,상주(137),X,28.3,30.4,22.5,13,43.6,X, ,X,매우높음
5/28/2022,포항(138),X,29.1,32.7,26,18.1,33.4,X, ,X,매우높음
5/28/2022,군산(140),X,24.9,27.1,21.4,15.6,58.8,X, ,X,매우높음
5/28/2022,대구(143),X,29.7,33,24.9,15.2,39,X, ,X,매우높음
5/28/2022,전주(146),X,27.3,29.6,22.7,15.3,45.8,X, ,X,매우높음
5/28/2022,울산(152),X,28,31.7,24.8,15.7,32,X, ,X,매우높음
5/28/2022,창원(155),X,27.8,30,22.2,16.5,46,X, ,X,매우높음
5/28/2022,광주(156),X,27.9,29.7,22.3,16.7,61.1,X, ,X,매우높음
5/28/2022,부산(159),X,26.2,27,22.6,19.3,48.4,X, ,X,매우높음
5/28/2022,통영(162),X,24.8,25.8,20.6,17.2,62.1,X, ,X,매우높음
5/28/2022,목포(165),X,25.3,26.8,20.8,16,69.5,X, ,X,매우높음
5/28/2022,여수(168),X,25.2,26.5,21.2,18,59.9,X, ,X,매우높음
5/28/2022,흑산도(169),X,23.2,24.3,19.7,16.2,72.1,X, ,X,매우높음
5/28/2022,완도(170),X,26,28.5,22.2,17.4,56.6,X, ,X,매우높음
5/28/2022,고창(172),X,26.6,29.1,21.7,15,54.5,X, ,X,매우높음
5/28/2022,제주(184),X,25.8,24.8,21.9,19.3,60.8,X, ,X,높음
5/28/2022,진주(192),X,28.1,31.1,21.3,11.1,51.9,X, ,X,매우높음
5/28/2022,양평(202),X,28.3,29.8,20.5,12.3,64,X, ,X,매우높음
5/28/2022,이천(203),X,28.8,30.3,21,11.1,58,X, ,X,매우높음
5/28/2022,인제(211),X,27.3,28.7,19.9,10.3,60.6,X, ,X,매우높음
5/28/2022,홍천(212),X,28.3,30.2,20.1,10.9,61,X, ,X,매우높음
5/28/2022,태백(216),X,24.9,27.1,19.4,8,49.1,X, ,X,매우높음
5/28/2022,정선군(217),X,26.9,29.8,20.2,9.9,48.6,X, ,X,매우높음
5/28/2022,제천(221),X,27,27.9,19,9.3,61.8,X, ,X,매우높음
5/28/2022,보은(226),X,26.3,28.5,19.3,10.7,59.3,X, ,X,높음
5/28/2022,천안(232),X,27.8,28.9,19.6,11.1,62.9,X, ,X,높음
5/28/2022,보령(235),X,25.1,26.2,21.1,16,61.4,X, ,X,매우높음
5/28/2022,부여(236),X,26.6,28.9,21.3,14.9,58.5,X, ,X,매우높음
5/28/2022,금산(238),X,26.4,28.8,20.1,10.9,52,X, ,X,매우높음
5/28/2022,세종(239),X,27.1,29.1,22.1,14.5,47,X, ,X,매우높음
5/28/2022,부안(243),X,26.5,29.8,22.7,16.6,48,X, ,X,매우높음
5/28/2022,임실(244),X,26.2,29,19.1,10.2,57,X, ,X,매우높음
5/28/2022,정읍(245),X,26.9,29.1,22.3,14.3,46.5,X, ,X,매우높음
5/28/2022,남원(247),X,26.8,29.6,20.7,11.6,51.9,X, ,X,매우높음
5/28/2022,장수(248),X,25.6,27.6,18.6,9.5,53.6,X, ,X,매우높음
5/28/2022,영광군(252),X,26.5,28.7,21.7,16.3,58.1,X, ,X,매우높음
5/28/2022,김해시(253),X,28.1,30.4,23.3,17.2,40,X, ,X,매우높음
5/28/2022,순창군(254),X,26.7,29.5,21.1,13.6,58.9,X, ,X,매우높음
5/28/2022,양산시(257),X,29.1,32.2,23.2,15.6,43.5,X, ,X,매우높음
5/28/2022,강진군(259),X,27,29.2,20.7,13.1,67.5,X, ,X,매우높음
5/28/2022,장흥(260),X,27.1,29.4,20.4,12.6,63.8,X, ,X,매우높음
5/28/2022,해남(261),X,26.3,28,20.3,13.2,72.3,X, ,X,매우높음
5/28/2022,고흥(262),X,26,28.2,20.4,13,57.5,X, ,X,매우높음
5/28/2022,의령군(263),X,28.1,32,22.6,12.3,44.1,X, ,X,매우높음
5/28/2022,함양군(264),X,27.3,30.1,21.5,11,45.3,X, ,X,매우높음
5/28/2022,진도군ASOS(268),X,25.7,27.5,19.5,12.7,75.8,X, ,X,매우높음
5/28/2022,봉화(271),X,26.3,27.8,18.7,8.4,61.1,X, ,X,매우높음
5/28/2022,영주(272),X,27.5,29.7,20.1,9.8,56.3,X, ,X,매우높음
5/28/2022,문경(273),X,27.9,29.6,21,11.4,50.6,X, ,X,높음
5/28/2022,청송군(276),X,25.9,29.8,19.8,8.9,46.3,X, ,X,매우높음
5/28/2022,영덕(277),X,28,30.6,24.5,15.4,36.5,X, ,X,매우높음
5/28/2022,의성(278),X,27.9,30.4,20.6,10,53,X, ,X,매우높음
5/28/2022,구미(279),X,28.3,31.6,22.9,13.4,39.6,X, ,X,매우높음
5/28/2022,영천(281),X,28,31.6,22.8,11.8,42.6,X, ,X,매우높음
5/28/2022,경주시(283),X,29.3,33.5,24.1,12.7,39.9,X, ,X,매우높음
5/28/2022,거창(284),X,27.3,30.6,20.2,9.4,48.9,X, ,X,매우높음
5/28/2022,합천(285),X,27.5,31.8,23,11.5,40.1,X, ,X,매우높음
5/28/2022,밀양(288),X,28.5,32.5,23.2,13.4,40.9,X, ,X,매우높음
5/28/2022,산청(289),X,27.5,30.7,21.4,11.3,51.6,X, ,X,매우높음
5/28/2022,거제(294),X,25.9,27.9,22.2,18.1,47,X, ,X,매우높음
5/28/2022,남해(295),X,26.9,29.1,23.1,18,40.4,X, ,X,매우높음
5/28/2022,부천(433),X,26.6,27.7,20.8,14.4,57,X, ,X,매우높음
5/28/2022,안양(434),X,21.7,27.9,22,15.9,,X, ,X,매우높음
5/28/2022,광명(437),X,27.7,28.8,22.2,16.7,53,X, ,X,매우높음
5/28/2022,군포(438),X,27.3,28.5,21,14.4,54,X, ,X,매우높음
5/28/2022,김포(441),X,,28,20.9,13.6,,X, ,X,매우높음
5/28/2022,하남(444),X,28.7,30.7,20.5,11.6,54,X, ,X,매우높음
5/28/2022,의왕(445),X,26.4,27.4,19.2,11.2,58,X, ,X,매우높음
5/28/2022,포천(504),X,28.3,30,19.5,10.1,61,X, ,X,매우높음
5/28/2022,가평조종(505),X,28.6,29.6,18.8,8.7,63,X, ,X,매우높음
5/28/2022,안성(516),X,28,29.3,20.8,11.3,57,X, ,X,매우높음
5/28/2022,간성(517),X,29.2,32.9,25.8,14.6,38,X, ,X,높음
5/28/2022,평창(526),X,27.2,29.6,19.1,9,54,X, ,X,매우높음
5/28/2022,의정부(532),X,29,29.9,20.4,11.5,65,X, ,X,매우높음
5/28/2022,횡성(536),X,28.2,29.8,19.7,9.8,64,X, ,X,매우높음
5/28/2022,고양(540),X,29.4,31.1,21.2,11.2,56,X, ,X,매우높음
5/28/2022,남양주(541),X,28.8,30.7,20.2,11,57,X, ,X,매우높음
5/28/2022,안산(545),X,28,28.4,19.4,9.6,68,X, ,X,매우높음
5/28/2022,경기광주(546),X,28.1,29.8,20.3,10.9,56,X, ,X,매우높음
5/28/2022,여주(548),X,28.3,29.8,20.9,11.4,56,X, ,X,매우높음
5/28/2022,용인(549),X,27.2,29.2,20,10.9,51,X, ,X,매우높음
5/28/2022,오산(550),X,27.7,29.9,21.5,12.7,48,X, ,X,매우높음
5/28/2022,평택(551),X,28.6,29.6,21.7,13.6,55,X, ,X,매우높음
5/28/2022,화천(555),X,29.5,31.6,19.4,10.3,71,X, ,X,높음
5/28/2022,양구(556),X,27.3,29.4,19.8,10.1,58,X, ,X,매우높음
5/28/2022,시흥(565),X,28,28.4,20.8,11.4,64,X, ,X,매우높음
5/28/2022,구리(569),X,28.5,30.9,21.9,12.8,48,X, ,X,매우높음
5/28/2022,화성(571),X,28.3,28.5,21.3,14.5,62,X, ,X,매우높음
5/28/2022,성남(572),X,27.6,29.3,20.9,13,53,X, ,X,매우높음
5/28/2022,과천(590),X,28.6,29.8,20.7,10.9,61,X, ,X,매우높음
5/28/2022,양주(598),X,28,29.2,19.3,9.9,62,X, ,X,매우높음
5/28/2022,단양(601),X,27.7,30,21,12,56,X, ,X,매우높음
5/28/2022,진천(602),X,28.8,30.3,21.4,12.8,58,X, ,X,높음
5/28/2022,괴산(603),X,27.5,29,19.3,9.7,59,X, ,X,매우높음
5/28/2022,옥천(604),X,27.4,30.5,20.7,11.7,55,X, ,X,매우높음
5/28/2022,홍북(608),X,27.5,29.2,20.8,13.6,63,X, ,X,매우높음
5/28/2022,공주(612),X,26.7,29.4,21.5,14.9,50,X, ,X,매우높음
5/28/2022,서천(614),X,24.3,25.7,20.7,14.6,61,X, ,X,매우높음
5/28/2022,논산(615),X,26.1,28.6,20.8,13.3,56,X, ,X,매우높음
5/28/2022,당진(616),X,27.5,27.6,21.4,15.7,67,X, ,X,높음
5/28/2022,청양(618),X,27.1,29.7,19.8,11.5,60,X, ,X,매우높음
5/28/2022,음성(619),X,27.6,28.2,19,9.6,63,X, ,X,매우높음
5/28/2022,증평(623),X,27.6,28.9,20.9,12.8,56,X, ,X,높음
5/28/2022,태안(627),X,25.7,25.6,19.7,16.2,82,X, ,X,매우높음
5/28/2022,예산(628),X,27.8,28.3,21.8,15.5,55,X, ,X,매우높음
5/28/2022,아산(634),X,29.9,30.9,22.5,14.3,52,X, ,X,높음
5/28/2022,계룡(636),X,25.5,28,19.1,10.2,54,X, ,X,매우높음
5/28/2022,연천청산(652),X,,,,,,X, ,X,높음
5/28/2022,양양(670),X,29.3,32.6,26,18.7,40,X, ,X,매우높음
5/28/2022,무안(699),X,25.8,27.9,20.3,13.5,70,X, ,X,매우높음
5/28/2022,무주(701),X,26.2,29.2,20.3,10.2,48,X, ,X,매우높음
5/28/2022,익산(702),X,27.1,28,21,14.3,63,X, ,X,매우높음
5/28/2022,진안(703),X,26,28.6,19,9.3,57,X, ,X,매우높음
5/28/2022,담양(706),X,28.7,29.7,21,13.3,64,X, ,X,매우높음
5/28/2022,구례(709),X,28.1,30.5,20.5,11,59,X, ,X,매우높음
5/28/2022,나주(710),X,27.2,28.6,20.4,13.2,73,X, ,X,매우높음
5/28/2022,순천시(712),X,28.1,29.8,22.5,15.4,50,X, ,X,매우높음
5/28/2022,광양읍(713),X,28.7,32,21.7,13,49,X, ,X,매우높음
5/28/2022,장성(730),X,26.8,29.2,19.7,12.4,64,X, ,X,매우높음
5/28/2022,영암(731),X,27.6,28.4,20.3,12.9,67,X, ,X,매우높음
5/28/2022,보성(732),X,26.9,29.1,19.6,11.4,63,X, ,X,매우높음
5/28/2022,완주(734),X,27.2,29.5,19.8,10.7,57,X, ,X,매우높음
5/28/2022,김제(737),X,25.4,30,22.3,16.1,38,X, ,X,매우높음
5/28/2022,화순(741),X,27.1,29.3,20.4,12.3,53,X, ,X,매우높음
5/28/2022,함평(754),X,26.4,28.2,20.7,13.4,69,X, ,X,매우높음
5/28/2022,곡성(768),X,27.7,30.7,20.6,11.3,52,X, ,X,매우높음
5/28/2022,압해도(789),X,25.3,25.5,20.3,15.9,75,X, ,X,매우높음
5/28/2022,영양(801),X,27,29.3,20.1,9.3,57,X, ,X,매우높음
5/28/2022,성주(810),X,28.1,32,21.7,10.6,51,X, ,X,매우높음
5/28/2022,고령(812),X,27.9,32.1,22.9,10.7,44,X, ,X,매우높음
5/28/2022,청도(813),X,28.4,31.9,22.3,10.2,48,X, ,X,매우높음
5/28/2022,예천(815),X,27.6,29.7,20.9,11.4,53,X, ,X,매우높음
5/28/2022,김천(822),X,28.7,31.8,20.4,8.6,53,X, ,X,매우높음
5/28/2022,군위(823),X,28.7,30.4,21.1,10.5,53,X, ,X,매우높음
5/28/2022,칠곡(825),X,28.9,31.8,22.2,12.9,51,X, ,X,매우높음
5/28/2022,경산(827),X,28.5,32.8,24.7,15.2,32,X, ,X,매우높음
5/28/2022,삼척(876),X,29.6,34.1,26.2,14.3,33,X, ,X,매우높음
5/28/2022,속초(90),X,29.3,33.5,26.5,17.4,32.5,X, ,X,높음
5/28/2022,삼천포(907),X,25.4,26.4,21.1,17,51,X, ,X,매우높음
5/28/2022,고성(918),X,26.4,26.8,20.3,14.3,65,X, ,X,매우높음
5/28/2022,창녕(919),X,28.5,32.3,24,12.1,41,X, ,X,매우높음
5/28/2022,함안(920),X,28,30.6,22.6,12,48,X, ,X,매우높음
5/28/2022,북춘천(93),X,28.2,30.1,20,10.5,62.5,X, ,X,매우높음
5/28/2022,하동(932),X,28.7,30.7,21.5,13.3,54,X, ,X,매우높음
5/28/2022,철원(95),X,28.2,29,19.4,10.1,67.3,X, ,X,높음
5/28/2022,동두천(98),X,28.7,29.8,19.9,11.1,61.3,X, ,X,매우높음
5/28/2022,파주(99),X,28.5,28.1,18.9,10,77.1,X, ,X,매우높음
5/29/2022,북강릉(104),X,27.4,30,22.9,16.6,43.3,X, ,X,매우높음
5/29/2022,동해(106),X,25.3,27.2,22.4,17.8,45,X, ,X,매우높음
5/29/2022,서울(108),X,28.8,29.7,23.1,19.3,66.4,X, ,X,높음
5/29/2022,인천(112),X,26,24.9,20,17.1,74,X, ,X,높음
5/29/2022,원주(114),X,27,29.4,21.9,13.7,49.1,X, ,X,매우높음
5/29/2022,울릉도(115),X,27.3,29.2,24.3,19.9,36.3,X, ,X,매우높음
5/29/2022,수원(119),X,27.6,28.8,21.9,16.1,64.8,X, ,X,높음
5/29/2022,영월(121),X,28,30.9,20.7,10.6,49.5,X, ,X,매우높음
5/29/2022,충주(127),X,28.2,30,21.1,11.8,54.9,X, ,X,매우높음
5/29/2022,서산(129),X,27.2,26.5,20.9,17.5,74.6,X, ,X,매우높음
5/29/2022,울진(130),X,26.8,30.6,22,17.3,42.8,X, ,X,매우높음
5/29/2022,청주(131),X,28.2,31,23.4,17,48,X, ,X,매우높음
5/29/2022,대전(133),X,29,31.6,23.4,15,50.3,X, ,X,매우높음
5/29/2022,추풍령(135),X,27,29.6,20.9,9.1,43.8,X, ,X,매우높음
5/29/2022,안동(136),X,27.9,31.1,23,12,39.3,X, ,X,매우높음
5/29/2022,상주(137),X,28.4,31.1,23.5,13.1,41.1,X, ,X,매우높음
5/29/2022,포항(138),X,28.2,31.2,26.3,20.4,33,X, ,X,매우높음
5/29/2022,군산(140),X,26.4,25.5,21.1,15.8,68.3,X, ,X,매우높음
5/29/2022,대구(143),X,29.3,33,24.9,16.2,40.5,X, ,X,매우높음
5/29/2022,전주(146),X,29.1,31.3,22.3,14.3,53.4,X, ,X,매우높음
5/29/2022,울산(152),X,27.1,30.1,24.5,18,30.4,X, ,X,매우높음
5/29/2022,창원(155),X,27,28.3,22.5,14.7,46.5,X, ,X,매우높음
5/29/2022,광주(156),X,28.4,29.3,22,16,67.4,X, ,X,보통
5/29/2022,부산(159),X,26.6,26.6,22.6,19.2,50.5,X, ,X,매우높음
5/29/2022,통영(162),X,25.4,24.3,20.3,15.4,68.4,X, ,X,매우높음
5/29/2022,목포(165),X,26.3,26,20.2,17.1,76.3,X, ,X,보통
5/29/2022,여수(168),X,25.3,24.7,20.6,16.5,62.3,X, ,X,매우높음
5/29/2022,흑산도(169),X,24.6,23.1,17.6,15.4,91.6,X, ,X,보통
5/29/2022,완도(170),X,25.5,24.3,18.9,15.6,87.5,X, ,X,보통
5/29/2022,고창(172),X,27.9,28.9,21.4,14.7,66.5,X, ,X,높음
5/29/2022,제주(184),X,25,24,21.1,18,76,X, ,X,보통
5/29/2022,진주(192),X,27.3,28.8,21.3,10.7,56.5,X, ,X,매우높음
5/29/2022,양평(202),X,27.3,28.6,21.5,13.7,58.9,X, ,X,높음
5/29/2022,이천(203),X,28.3,30,22,12.7,58.6,X, ,X,매우높음
5/29/2022,인제(211),X,26.7,28.9,20.1,10.9,58.4,X, ,X,매우높음
5/29/2022,홍천(212),X,27.1,29.1,20.3,11.4,57.1,X, ,X,매우높음
5/29/2022,태백(216),X,24.3,28,20.4,12.5,33.3,X, ,X,매우높음
5/29/2022,정선군(217),X,25,29.8,20.2,10.3,38,X, ,X,매우높음
5/29/2022,제천(221),X,27.1,28.9,19.8,9.3,55.9,X, ,X,매우높음
5/29/2022,보은(226),X,27.4,29.4,20.7,11,57.6,X, ,X,매우높음
5/29/2022,천안(232),X,27.4,29,20.5,10.6,62.5,X, ,X,매우높음
5/29/2022,보령(235),X,25.7,25.2,20.7,17,72.1,X, ,X,매우높음
5/29/2022,부여(236),X,28.1,29.1,22.6,15.4,62.8,X, ,X,매우높음
5/29/2022,금산(238),X,27.6,29.9,21,9.4,54.8,X, ,X,매우높음
5/29/2022,세종(239),X,27.4,29.2,22.5,15.3,54.8,X, ,X,매우높음
5/29/2022,부안(243),X,27.4,27.6,21.2,15,68.3,X, ,X,매우높음
5/29/2022,임실(244),X,26.8,29.1,20.2,8.8,53.3,X, ,X,매우높음
5/29/2022,정읍(245),X,28.4,29.6,22.1,14,59.9,X, ,X,매우높음
5/29/2022,남원(247),X,27.1,29.3,21.4,10.7,46.9,X, ,X,매우높음
5/29/2022,장수(248),X,26.4,28.7,19.5,7.7,54.5,X, ,X,매우높음
5/29/2022,영광군(252),X,27.5,28.2,20.9,15.7,70.8,X, ,X,높음
5/29/2022,김해시(253),X,27.7,28.7,22.7,15.9,48.3,X, ,X,매우높음
5/29/2022,순창군(254),X,27.4,28.9,21.3,12.4,55.8,X, ,X,매우높음
5/29/2022,양산시(257),X,28,30.5,23.1,14.3,45.6,X, ,X,매우높음
5/29/2022,강진군(259),X,26.6,26.4,19.6,14.2,78.5,X, ,X,보통
5/29/2022,장흥(260),X,25.4,24.6,19,13.1,77.9,X, ,X,보통
5/29/2022,해남(261),X,25.9,25.1,19.3,14.4,82.5,X, ,X,높음
5/29/2022,고흥(262),X,25.5,25.2,19.5,12,69.5,X, ,X,보통
5/29/2022,의령군(263),X,28.4,31,22.8,11.6,43.9,X, ,X,매우높음
5/29/2022,함양군(264),X,27.5,30.7,20.9,8.2,45.9,X, ,X,매우높음
5/29/2022,진도군ASOS(268),X,25,23.8,19.6,15.9,80.8,X, ,X,보통
5/29/2022,봉화(271),X,25.8,28.8,19,9.2,53.5,X, ,X,매우높음
5/29/2022,영주(272),X,27,29.7,20.9,11.4,47.9,X, ,X,매우높음
5/29/2022,문경(273),X,27.4,29.7,22.3,13,45,X, ,X,매우높음
5/29/2022,청송군(276),X,29,32,21.1,8.2,45.1,X, ,X,매우높음
5/29/2022,영덕(277),X,27,30.5,23.6,17,33,X, ,X,매우높음
5/29/2022,의성(278),X,28.2,31.8,22,9.4,45,X, ,X,매우높음
5/29/2022,구미(279),X,28,31.5,23.9,13.1,37.8,X, ,X,매우높음
5/29/2022,영천(281),X,27.6,31.8,23.3,12.7,42.1,X, ,X,매우높음
5/29/2022,경주시(283),X,28.8,33.6,24,13.3,40.9,X, ,X,매우높음
5/29/2022,거창(284),X,27.3,30.3,20.9,9,47.3,X, ,X,매우높음
5/29/2022,합천(285),X,27.8,31.1,22.5,12.1,44.3,X, ,X,매우높음
5/29/2022,밀양(288),X,27.6,31.8,23.5,13.5,39.1,X, ,X,매우높음
5/29/2022,산청(289),X,27.6,29.7,21,10.3,51.5,X, ,X,매우높음
5/29/2022,거제(294),X,26.3,27.2,22.5,16,48.8,X, ,X,매우높음
5/29/2022,남해(295),X,26.3,26.6,21.3,15.5,55.1,X, ,X,매우높음
5/29/2022,부천(433),X,26.6,26.7,20.8,17.7,66,X, ,X,높음
5/29/2022,안양(434),X,22.9,28.2,21.9,18.6,,X, ,X,높음
5/29/2022,광명(437),X,27.8,28.9,22.2,18.6,65,X, ,X,높음
5/29/2022,군포(438),X,26.6,28,21.5,17.5,62,X, ,X,높음
5/29/2022,김포(441),X,,27,20.9,17.5,,X, ,X,높음
5/29/2022,하남(444),X,28.1,29.1,21.6,13.6,59,X, ,X,높음
5/29/2022,의왕(445),X,25.4,26.7,20.1,13.9,65,X, ,X,높음
5/29/2022,포천(504),X,28.4,28.8,20.5,12.5,66,X, ,X,높음
5/29/2022,가평조종(505),X,27.2,28.1,19.5,10.4,66,X, ,X,높음
5/29/2022,안성(516),X,28,29.9,21.5,13.1,57,X, ,X,매우높음
5/29/2022,간성(517),X,27.6,30,22.6,15,52,X, ,X,매우높음
5/29/2022,평창(526),X,26.4,30.2,19.7,9.4,47,X, ,X,매우높음
5/29/2022,의정부(532),X,28.2,28.7,21.7,16.8,74,X, ,X,높음
5/29/2022,횡성(536),X,27.8,29.7,20.2,10,61,X, ,X,매우높음
5/29/2022,고양(540),X,29.3,30.6,22.1,16.4,67,X, ,X,높음
5/29/2022,남양주(541),X,27.9,29.2,21.6,13.6,59,X, ,X,높음
5/29/2022,안산(545),X,27.3,28,20.5,15.3,74,X, ,X,매우높음
5/29/2022,경기광주(546),X,27.5,28.9,20.9,14,60,X, ,X,높음
5/29/2022,여주(548),X,27,28.7,21.1,12.7,56,X, ,X,매우높음
5/29/2022,용인(549),X,27,29.3,21.7,14.5,55,X, ,X,매우높음
5/29/2022,오산(550),X,26.8,28.5,21.4,16.1,60,X, ,X,매우높음
5/29/2022,평택(551),X,28.7,30.4,21.9,15.2,60,X, ,X,매우높음
5/29/2022,화천(555),X,29,30.8,19.9,9.3,70,X, ,X,높음
5/29/2022,양구(556),X,27.2,29.4,19.9,10,56,X, ,X,매우높음
5/29/2022,시흥(565),X,27.3,27.6,21,16.8,73,X, ,X,높음
5/29/2022,구리(569),X,27.8,29.8,22.5,16.4,54,X, ,X,높음
5/29/2022,화성(571),X,27.4,28,21.2,17.8,70,X, ,X,매우높음
5/29/2022,성남(572),X,27.3,28.8,22.4,14.8,57,X, ,X,매우높음
5/29/2022,과천(590),X,28,29.2,21.9,17.7,69,X, ,X,높음
5/29/2022,양주(598),X,26.8,26.9,20.4,13,71,X, ,X,높음
5/29/2022,단양(601),X,28.2,31.9,22.1,12.3,46,X, ,X,매우높음
5/29/2022,진천(602),X,28.2,30.4,22,12.8,56,X, ,X,매우높음
5/29/2022,괴산(603),X,28.1,30.4,20.6,9.4,59,X, ,X,매우높음
5/29/2022,옥천(604),X,28.3,30.7,21.8,10.6,56,X, ,X,매우높음
5/29/2022,홍북(608),X,28.7,29,21.5,16.1,68,X, ,X,매우높음
5/29/2022,공주(612),X,27.5,30.2,22.6,13.8,54,X, ,X,매우높음
5/29/2022,서천(614),X,26.5,25.6,21.1,15.5,71,X, ,X,매우높음
5/29/2022,논산(615),X,27.9,29.8,21.7,13,59,X, ,X,매우높음
5/29/2022,당진(616),X,27.9,28.8,21.2,17.8,73,X, ,X,매우높음
5/29/2022,청양(618),X,28.4,29.2,20.8,12.9,69,X, ,X,매우높음
5/29/2022,음성(619),X,27.6,29.2,20.6,10.1,59,X, ,X,매우높음
5/29/2022,증평(623),X,27.5,29.4,22.1,13.7,58,X, ,X,매우높음
5/29/2022,태안(627),X,26.3,25.4,20.4,16.5,79,X, ,X,매우높음
5/29/2022,예산(628),X,28.2,28.8,22.2,17.6,70,X, ,X,매우높음
5/29/2022,아산(634),X,28.7,29.7,21.3,16.1,67,X, ,X,매우높음
5/29/2022,계룡(636),X,27.4,29.7,21,10.8,58,X, ,X,매우높음
5/29/2022,연천청산(652),X,,,,,,X, ,X,높음
5/29/2022,양양(670),X,28.5,30.4,22.9,15.8,55,X, ,X,매우높음
5/29/2022,무안(699),X,26.9,27,20.2,15.5,74,X, ,X,보통
5/29/2022,무주(701),X,28,30.9,21.2,9.3,45,X, ,X,매우높음
5/29/2022,익산(702),X,29.2,30.3,21.7,13.6,67,X, ,X,매우높음
5/29/2022,진안(703),X,26.4,28.3,19.7,7.7,51,X, ,X,매우높음
5/29/2022,담양(706),X,29.5,29.8,21.6,12.8,67,X, ,X,매우높음
5/29/2022,구례(709),X,28.2,29.8,21.1,9.7,57,X, ,X,매우높음
5/29/2022,나주(710),X,27.8,27.7,20.1,11.7,71,X, ,X,보통
5/29/2022,순천시(712),X,27.2,27.9,21.3,13.3,52,X, ,X,매우높음
5/29/2022,광양읍(713),X,28,29.2,21.6,11.7,49,X, ,X,매우높음
5/29/2022,장성(730),X,27.4,28.9,20.7,13.4,67,X, ,X,높음
5/29/2022,영암(731),X,27.4,27.5,20.1,13.6,73,X, ,X,보통
5/29/2022,보성(732),X,26,26.3,18.9,10.2,74,X, ,X,보통
5/29/2022,완주(734),X,29.1,30.9,21.4,11.2,60,X, ,X,매우높음
5/29/2022,김제(737),X,27.2,30.1,21.8,15,47,X, ,X,매우높음
5/29/2022,화순(741),X,28,29,20.6,11.1,57,X, ,X,높음
5/29/2022,함평(754),X,27.6,27.5,20.3,15,75,X, ,X,보통
5/29/2022,곡성(768),X,28.5,30.6,21,9.3,49,X, ,X,매우높음
5/29/2022,압해도(789),X,26.9,26.7,20.2,16.4,76,X, ,X,높음
5/29/2022,영양(801),X,27.8,31.1,20.5,9.4,52,X, ,X,매우높음
5/29/2022,성주(810),X,29.3,32.6,22.9,11.7,47,X, ,X,매우높음
5/29/2022,고령(812),X,28.2,31.6,22.4,10.7,46,X, ,X,매우높음
5/29/2022,청도(813),X,27.5,31.3,22.3,11.4,46,X, ,X,매우높음
5/29/2022,예천(815),X,27.5,30.9,21.4,10.3,49,X, ,X,매우높음
5/29/2022,김천(822),X,29.6,32.2,21.6,8.2,50,X, ,X,매우높음
5/29/2022,군위(823),X,28.9,32.1,22.7,10.2,46,X, ,X,매우높음
5/29/2022,칠곡(825),X,28.6,31.1,23.5,13.3,45,X, ,X,매우높음
5/29/2022,경산(827),X,28.4,32.9,24.6,16.3,32,X, ,X,매우높음
5/29/2022,삼척(876),X,27.7,30.9,25.3,19.1,31,X, ,X,매우높음
5/29/2022,속초(90),X,27.1,27.8,22.5,16.9,50.4,X, ,X,매우높음
5/29/2022,삼천포(907),X,25.3,24.7,20.8,15,55,X, ,X,매우높음
5/29/2022,고성(918),X,25.7,25.4,20.7,12.4,63,X, ,X,매우높음
5/29/2022,창녕(919),X,28.9,31.8,23.4,12.4,43,X, ,X,매우높음
5/29/2022,함안(920),X,28,29.9,22.4,12.1,50,X, ,X,매우높음
5/29/2022,북춘천(93),X,27.5,28.7,20.7,11.4,60.9,X, ,X,높음
5/29/2022,하동(932),X,27.3,28.9,21.1,11.3,57,X, ,X,매우높음
5/29/2022,철원(95),X,27,26.7,19.8,11.9,79.1,X, ,X,높음
5/29/2022,동두천(98),X,28,28,20.7,13.8,71.8,X, ,X,높음
5/29/2022,파주(99),X,26.5,25.3,20,14.3,81.6,X, ,X,높음
5/30/2022,북강릉(104),X,22.7,20.6,17.3,16,83,X, ,X,보통
5/30/2022,동해(106),X,22.4,20.5,17.7,16.6,82.5,X, ,X,보통
5/30/2022,서울(108),X,25.7,24.7,20.8,17.2,71,X, ,X,보통
5/30/2022,인천(112),X,23.5,21.6,18.9,16.5,75.8,X, ,X,보통
5/30/2022,원주(114),X,25.1,25.1,20.1,16.9,66.6,X, ,X,보통
5/30/2022,울릉도(115),X,25.3,23.5,20.3,17.7,70.4,X, ,X,보통
5/30/2022,수원(119),X,25.1,23.8,19.7,15.2,80.5,X, ,X,보통
5/30/2022,영월(121),X,26.4,27.7,20.5,15.7,58.8,X, ,X,보통
5/30/2022,충주(127),X,25.4,25.1,20.9,17.9,70.3,X, ,X,보통
5/30/2022,서산(129),X,24.8,23.2,18.7,13.9,79.1,X, ,X,보통
5/30/2022,울진(130),X,22.5,21.6,18.3,16,74.3,X, ,X,보통
5/30/2022,청주(131),X,26,25.7,21.6,18.6,62.8,X, ,X,보통
5/30/2022,대전(133),X,26.2,25.4,21.4,18.1,66.1,X, ,X,보통
5/30/2022,추풍령(135),X,24.5,24.3,20.1,17.1,65.3,X, ,X,보통
5/30/2022,안동(136),X,26.2,27.2,21.9,18.1,54.8,X, ,X,보통
5/30/2022,상주(137),X,27.1,27.2,21.9,18.7,60.5,X, ,X,보통
5/30/2022,포항(138),X,23.5,23.9,19.4,17,74.3,X, ,X,보통
5/30/2022,군산(140),X,24.9,23,19.3,15.4,82.6,X, ,X,보통
5/30/2022,대구(143),X,28.5,29.6,24.3,20.5,53.8,X, ,X,보통
5/30/2022,전주(146),X,25.2,23.6,19.5,16.5,81.3,X, ,X,보통
5/30/2022,울산(152),X,26.1,26.6,21.7,19.1,57.9,X, ,X,보통
5/30/2022,창원(155),X,26.4,26.9,22.7,18.5,56.3,X, ,X,보통
5/30/2022,광주(156),X,24.9,21.8,19.8,17.6,92,X, ,X,보통
5/30/2022,부산(159),X,24.8,23.9,20.7,17.2,67.9,X, ,X,보통
5/30/2022,통영(162),X,26.8,27.2,21.7,18.4,68.3,X, ,X,보통
5/30/2022,목포(165),X,24.3,21.9,18.8,16.8,86.5,X, ,X,보통
5/30/2022,여수(168),X,25.5,24.3,21.3,18.3,69.3,X, ,X,보통
5/30/2022,흑산도(169),X,24.1,21.4,17.8,15.3,93,X, ,X,높음
5/30/2022,완도(170),X,25,22.5,19.5,17.4,89.5,X, ,X,보통
5/30/2022,고창(172),X,24.4,22.5,18.7,15.3,85.1,X, ,X,보통
5/30/2022,제주(184),X,25.3,23.3,20.3,18.8,88.5,X, ,X,보통
5/30/2022,진주(192),X,28.1,28,22.9,19.1,63.3,X, ,X,보통
5/30/2022,양평(202),X,24.5,24,20,17.7,74.9,X, ,X,보통
5/30/2022,이천(203),X,26,24.9,20.2,17.3,75.5,X, ,X,보통
5/30/2022,인제(211),X,24.3,23.7,18.2,13.4,71,X, ,X,보통
5/30/2022,홍천(212),X,24.5,23.8,18.9,14.5,71.1,X, ,X,보통
5/30/2022,태백(216),X,23.4,24.1,17.9,11.8,62.1,X, ,X,보통
5/30/2022,정선군(217),X,24.5,27.4,20,12.8,44.5,X, ,X,보통
5/30/2022,제천(221),X,25.3,25.3,19.7,15.9,68.8,X, ,X,보통
5/30/2022,보은(226),X,25,24.2,20.4,18.4,70.1,X, ,X,보통
5/30/2022,천안(232),X,25.3,24.5,19.8,16.2,78.5,X, ,X,보통
5/30/2022,보령(235),X,24.7,23.2,18.8,14.2,78.4,X, ,X,보통
5/30/2022,부여(236),X,25.7,24.6,20.3,15.1,76.5,X, ,X,보통
5/30/2022,금산(238),X,24.2,22.4,19.2,16.3,80,X, ,X,보통
5/30/2022,세종(239),X,26.4,26,20.7,17.4,64,X, ,X,보통
5/30/2022,부안(243),X,24.5,22.6,19.4,16.3,81.6,X, ,X,보통
5/30/2022,임실(244),X,23,20.8,18.3,15.3,84.1,X, ,X,보통
5/30/2022,정읍(245),X,24.1,22.2,18.7,16,83.1,X, ,X,보통
5/30/2022,남원(247),X,24.2,22.6,19.8,18,78.3,X, ,X,보통
5/30/2022,장수(248),X,22.5,20,17.5,14.9,87.4,X, ,X,보통
5/30/2022,영광군(252),X,24.3,22.1,18.7,15.6,83.9,X, ,X,보통
5/30/2022,김해시(253),X,26.7,26.6,22.1,19.1,60,X, ,X,보통
5/30/2022,순창군(254),X,24.1,22.4,19.5,17.1,82,X, ,X,보통
5/30/2022,양산시(257),X,28.7,29.9,23.5,19.3,52.6,X, ,X,보통
5/30/2022,강진군(259),X,24.6,22.2,19.9,17.5,85.3,X, ,X,보통
5/30/2022,장흥(260),X,24,21.8,19.6,17.3,85.3,X, ,X,보통
5/30/2022,해남(261),X,23.6,21.4,19.4,17.5,89.4,X, ,X,보통
5/30/2022,고흥(262),X,24.5,22.9,19.8,16.9,81.5,X, ,X,보통
5/30/2022,의령군(263),X,28.4,29.2,23.6,19.9,56.4,X, ,X,보통
5/30/2022,함양군(264),X,26.1,25.5,21,18.2,67.4,X, ,X,보통
5/30/2022,진도군ASOS(268),X,24.8,21.9,18.8,17.3,90.8,X, ,X,보통
5/30/2022,봉화(271),X,24.8,25.8,19.7,13.4,60,X, ,X,보통
5/30/2022,영주(272),X,25.5,26.2,20.8,16,61.5,X, ,X,보통
5/30/2022,문경(273),X,25.6,26,21.2,18.1,60.6,X, ,X,보통
5/30/2022,청송군(276),X,26.6,29,21.4,15,49.5,X, ,X,보통
5/30/2022,영덕(277),X,25.4,25,19,14.6,68.9,X, ,X,보통
5/30/2022,의성(278),X,27.5,28.9,22.6,17.7,53.8,X, ,X,보통
5/30/2022,구미(279),X,27.4,27.9,23.3,20.4,55,X, ,X,보통
5/30/2022,영천(281),X,26.5,27.8,22.5,18.9,53,X, ,X,보통
5/30/2022,경주시(283),X,27.1,28,22.2,18.8,55.6,X, ,X,보통
5/30/2022,거창(284),X,26.3,25.5,20.7,17.7,70.4,X, ,X,보통
5/30/2022,합천(285),X,27.6,27.7,22.6,18.9,61.4,X, ,X,보통
5/30/2022,밀양(288),X,28.3,30.1,24.7,21.1,44.3,X, ,X,보통
5/30/2022,산청(289),X,27.6,27,21.3,17.7,70.4,X, ,X,보통
5/30/2022,거제(294),X,27.2,27.7,21.4,17.9,67.3,X, ,X,보통
5/30/2022,남해(295),X,26.2,25.4,21.3,17.3,71.1,X, ,X,보통
5/30/2022,부천(433),X,24.2,23.6,19.1,16.1,69,X, ,X,보통
5/30/2022,안양(434),X,20.1,23.8,20.4,18.1,,X, ,X,보통
5/30/2022,광명(437),X,25,24.5,20.7,18.7,67,X, ,X,보통
5/30/2022,군포(438),X,24.5,23.5,19.9,17.3,67,X, ,X,보통
5/30/2022,김포(441),X,,23.8,19.1,15,,X, ,X,보통
5/30/2022,하남(444),X,25,23.8,19.9,14.6,69,X, ,X,보통
5/30/2022,의왕(445),X,23.4,21.9,18.4,14.8,75,X, ,X,보통
5/30/2022,포천(504),X,24.1,23.2,19.4,14.2,76,X, ,X,보통
5/30/2022,가평조종(505),X,24.5,23.9,18.6,14.1,82,X, ,X,보통
5/30/2022,안성(516),X,25.4,24.6,19.4,14.9,81,X, ,X,보통
5/30/2022,간성(517),X,22.2,19.2,16.6,14.4,96,X, ,X,보통
5/30/2022,평창(526),X,24.9,26.1,19.6,13.9,60,X, ,X,보통
5/30/2022,의정부(532),X,25.7,24.3,19.8,14.5,84,X, ,X,보통
5/30/2022,횡성(536),X,25.9,25.6,19.6,14.5,75,X, ,X,보통
5/30/2022,고양(540),X,26.6,26.2,19.8,13.3,72,X, ,X,보통
5/30/2022,남양주(541),X,25.4,24.7,19.9,13.9,72,X, ,X,보통
5/30/2022,안산(545),X,25.1,23.8,18.2,11.4,84,X, ,X,보통
5/30/2022,경기광주(546),X,24.4,23.2,19.4,15.5,74,X, ,X,보통
5/30/2022,여주(548),X,24.6,23.6,19.5,16.9,75,X, ,X,보통
5/30/2022,용인(549),X,24,23.3,19.5,16.6,72,X, ,X,보통
5/30/2022,오산(550),X,24.5,24,19.3,14.5,72,X, ,X,보통
5/30/2022,평택(551),X,25.7,24.4,19.8,16.6,79,X, ,X,보통
5/30/2022,화천(555),X,23.2,20.8,17.3,13.2,93,X, ,X,보통
5/30/2022,양구(556),X,24.4,24,18.2,13.6,72,X, ,X,보통
5/30/2022,시흥(565),X,25.3,24.5,19.1,12.7,80,X, ,X,보통
5/30/2022,구리(569),X,25.4,24.6,20.7,16,64,X, ,X,보통
5/30/2022,화성(571),X,25,23.8,19,14.8,80,X, ,X,보통
5/30/2022,성남(572),X,25.1,24,20.6,17.2,69,X, ,X,보통
5/30/2022,과천(590),X,25,23.9,20.3,15.2,72,X, ,X,보통
5/30/2022,양주(598),X,25,24,18.9,12.1,79,X, ,X,보통
5/30/2022,단양(601),X,26,26.8,21.3,16,63,X, ,X,보통
5/30/2022,진천(602),X,26.1,26,21,17.8,71,X, ,X,보통
5/30/2022,괴산(603),X,25.6,25.5,20.5,17.2,72,X, ,X,보통
5/30/2022,옥천(604),X,26.1,25.2,21,18.2,72,X, ,X,보통
5/30/2022,홍북(608),X,24.4,23.6,19,14.4,73,X, ,X,보통
5/30/2022,공주(612),X,25.5,25.1,20.8,15.4,66,X, ,X,보통
5/30/2022,서천(614),X,24.8,22.9,19.5,16,83,X, ,X,보통
5/30/2022,논산(615),X,26.1,25.5,21,17.5,73,X, ,X,보통
5/30/2022,당진(616),X,24.4,22.6,18.3,13,84,X, ,X,보통
5/30/2022,청양(618),X,25.4,24.3,19.1,12.8,80,X, ,X,보통
5/30/2022,음성(619),X,24.7,24.3,19.6,16.7,74,X, ,X,보통
5/30/2022,증평(623),X,25.5,24.9,20.8,18,73,X, ,X,보통
5/30/2022,태안(627),X,24.8,23,18.2,12.3,84,X, ,X,보통
5/30/2022,예산(628),X,25.3,24.1,19.5,15.6,80,X, ,X,보통
5/30/2022,아산(634),X,24.2,22.8,19.3,15.6,78,X, ,X,보통
5/30/2022,계룡(636),X,24.7,23.8,19.8,14.9,66,X, ,X,보통
5/30/2022,연천청산(652),X,,,,,,X, ,X,보통
5/30/2022,양양(670),X,21.7,18.3,17,15,96,X, ,X,보통
5/30/2022,무안(699),X,24.3,21.9,18.7,16.8,87,X, ,X,보통
5/30/2022,무주(701),X,24.3,22.3,19,15.1,81,X, ,X,보통
5/30/2022,익산(702),X,25.6,23.7,19.9,17.2,87,X, ,X,보통
5/30/2022,진안(703),X,22.7,20,17.5,15,89,X, ,X,보통
5/30/2022,담양(706),X,25.5,23.1,20,17.5,88,X, ,X,보통
5/30/2022,구례(709),X,25.6,23.7,20.8,17.6,80,X, ,X,보통
5/30/2022,나주(710),X,24.8,22.3,19.3,17.3,86,X, ,X,보통
5/30/2022,순천시(712),X,25.9,24.8,21.7,18,70,X, ,X,보통
5/30/2022,광양읍(713),X,27.3,26.6,21.5,17.6,71,X, ,X,보통
5/30/2022,장성(730),X,24.7,22.7,19.2,17,83,X, ,X,보통
5/30/2022,영암(731),X,24.4,22,19.8,18.1,85,X, ,X,보통
5/30/2022,보성(732),X,24.4,22,19.5,16.9,86,X, ,X,보통
5/30/2022,완주(734),X,25.4,23.3,19.7,16.9,84,X, ,X,보통
5/30/2022,김제(737),X,23.9,23,19,15.7,76,X, ,X,보통
5/30/2022,화순(741),X,24,22.1,19.9,17.6,79,X, ,X,보통
5/30/2022,함평(754),X,24.8,22.7,19.1,17,86,X, ,X,보통
5/30/2022,곡성(768),X,24.7,22.8,19.6,16.9,82,X, ,X,보통
5/30/2022,압해도(789),X,24.7,22.4,18.8,17,85,X, ,X,보통
5/30/2022,영양(801),X,26.6,28.1,21.2,15.6,55,X, ,X,보통
5/30/2022,성주(810),X,28.4,29.1,23.2,19.9,58,X, ,X,보통
5/30/2022,고령(812),X,27.8,28.3,22.5,18,61,X, ,X,보통
5/30/2022,청도(813),X,27.9,29.2,23.9,19,52,X, ,X,보통
5/30/2022,예천(815),X,26.1,27.3,21.6,17.4,57,X, ,X,보통
5/30/2022,김천(822),X,27.4,27.1,21.2,16.8,69,X, ,X,보통
5/30/2022,군위(823),X,27.3,27.6,22.4,17.6,63,X, ,X,보통
5/30/2022,칠곡(825),X,27.5,27.8,23.2,20.4,58,X, ,X,보통
5/30/2022,경산(827),X,27.7,29.4,24.1,20.4,45,X, ,X,보통
5/30/2022,삼척(876),X,22.9,23.1,17.7,16.2,79,X, ,X,보통
5/30/2022,속초(90),X,20.7,18.7,16.9,16,85.8,X, ,X,보통
5/30/2022,삼천포(907),X,26.4,26.2,21.8,17.7,67,X, ,X,보통
5/30/2022,고성(918),X,26.5,25.7,21.4,18.8,73,X, ,X,보통
5/30/2022,창녕(919),X,28.8,29.4,24,20.5,57,X, ,X,보통
5/30/2022,함안(920),X,28.4,28.3,23,19.4,63,X, ,X,보통
5/30/2022,북춘천(93),X,23.9,22.9,18.7,14.9,82.9,X, ,X,보통
5/30/2022,하동(932),X,27.5,26.5,21.6,17.3,73,X, ,X,보통
5/30/2022,철원(95),X,25.3,23.2,18.3,13.9,95.9,X, ,X,보통
5/30/2022,동두천(98),X,26.1,24.6,19.1,14,83.1,X, ,X,보통
5/30/2022,파주(99),X,25.2,23.7,17.7,11.2,87.4,X, ,X,보통
5/31/2022,북강릉(104),X,24.9,26.6,21.1,13,44.6,X, ,X,매우높음
5/31/2022,동해(106),X,23,22.6,19.7,14.4,57.9,X, ,X,매우높음
5/31/2022,서울(108),X,25,27.2,20.7,14.2,42.4,X, ,X,매우높음
5/31/2022,인천(112),X,22.3,22.8,18.7,14.2,54.1,X, ,X,매우높음
5/31/2022,원주(114),X,24.6,26.9,20.1,12.9,45,X, ,X,매우높음
5/31/2022,울릉도(115),X,23.6,23,18.9,16.3,61.5,X, ,X,매우높음
5/31/2022,수원(119),X,24.9,26.6,19.5,11.9,54.8,X, ,X,매우높음
5/31/2022,영월(121),X,24.8,27.7,20.5,12.7,44.1,X, ,X,매우높음
5/31/2022,충주(127),X,25.5,27.7,19.6,11.1,51.1,X, ,X,매우높음
5/31/2022,서산(129),X,24.3,25.3,18.3,9.8,58,X, ,X,매우높음
5/31/2022,울진(130),X,23,22.6,18.7,15.1,62.5,X, ,X,매우높음
5/31/2022,청주(131),X,26,29,22.1,14.8,38.9,X, ,X,매우높음
5/31/2022,대전(133),X,26.4,28.7,21.4,13,39.5,X, ,X,매우높음
5/31/2022,추풍령(135),X,24.9,27.3,20.6,14.6,39.6,X, ,X,매우높음
5/31/2022,안동(136),X,26,28.9,22.2,15.3,42.9,X, ,X,매우높음
5/31/2022,상주(137),X,26.8,29.5,22.5,15.1,39.1,X, ,X,매우높음
5/31/2022,포항(138),X,25.8,27.8,22.1,15.8,52.8,X, ,X,매우높음
5/31/2022,군산(140),X,23.6,24.3,18.4,12.2,62.3,X, ,X,매우높음
5/31/2022,대구(143),X,27.8,31.1,24.7,18.6,39.4,X, ,X,매우높음
5/31/2022,전주(146),X,26.4,27.9,20.6,14,52.5,X, ,X,매우높음
5/31/2022,울산(152),X,24.7,28,22.2,17.6,42,X, ,X,매우높음
5/31/2022,창원(155),X,26.6,30.1,22.9,18.3,35.5,X, ,X,매우높음
5/31/2022,광주(156),X,27.9,30.3,22.1,14.8,47.9,X, ,X,매우높음
5/31/2022,부산(159),X,26.4,27.4,21.6,18.4,52.6,X, ,X,매우높음
5/31/2022,통영(162),X,24.7,26.5,21.9,18.4,46.3,X, ,X,매우높음
5/31/2022,목포(165),X,24.3,24.7,20.1,14.9,53.8,X, ,X,매우높음
5/31/2022,여수(168),X,23.9,25.3,21.4,17.9,47.3,X, ,X,매우높음
5/31/2022,흑산도(169),X,24.1,23.3,18.2,15.1,71.3,X, ,X,매우높음
5/31/2022,완도(170),X,26.6,27.6,21.4,14.9,46.5,X, ,X,매우높음
5/31/2022,고창(172),X,25.6,26.3,19.1,11,57.6,X, ,X,매우높음
5/31/2022,제주(184),X,25.1,24.7,20.9,17.6,59.9,X, ,X,매우높음
5/31/2022,진주(192),X,27.4,30.5,22.1,15.2,48.1,X, ,X,매우높음
5/31/2022,양평(202),X,25.2,27.5,19.4,12.3,52.6,X, ,X,높음
5/31/2022,이천(203),X,26.2,28.1,19.9,12.3,50.9,X, ,X,매우높음
5/31/2022,인제(211),X,24.1,25.8,18.8,11.2,51.8,X, ,X,높음
5/31/2022,홍천(212),X,25.1,27.4,18.8,11.4,50.5,X, ,X,높음
5/31/2022,태백(216),X,22.6,24.6,18.3,10.8,42.4,X, ,X,매우높음
5/31/2022,정선군(217),X,23.5,27.1,20.1,12.3,35.4,X, ,X,매우높음
5/31/2022,제천(221),X,24.2,26.4,19.3,10.5,50.6,X, ,X,매우높음
5/31/2022,보은(226),X,25,27.2,19.3,10.9,53.9,X, ,X,매우높음
5/31/2022,천안(232),X,25.6,27.5,18.8,10.6,55.4,X, ,X,매우높음
5/31/2022,보령(235),X,22.5,23.3,17.8,10.6,56.8,X, ,X,매우높음
5/31/2022,부여(236),X,26.1,27.7,18.9,10.4,56.9,X, ,X,매우높음
5/31/2022,금산(238),X,25.5,27.6,19.1,9.8,52.6,X, ,X,매우높음
5/31/2022,세종(239),X,25.7,27.7,19.8,11.2,43.6,X, ,X,매우높음
5/31/2022,부안(243),X,24.4,25.3,19.4,12.4,57.8,X, ,X,매우높음
5/31/2022,임실(244),X,25,27.1,19.3,10.8,56.5,X, ,X,매우높음
5/31/2022,정읍(245),X,25.6,27.5,19.2,11,57.4,X, ,X,매우높음
5/31/2022,남원(247),X,26.4,29.2,21.1,12,51.8,X, ,X,매우높음
5/31/2022,장수(248),X,24.8,26.5,18.3,9.4,56.9,X, ,X,매우높음
5/31/2022,영광군(252),X,24.9,25.5,19.2,11.5,59.3,X, ,X,매우높음
5/31/2022,김해시(253),X,26.4,29.1,22.6,18.2,44.4,X, ,X,매우높음
5/31/2022,순창군(254),X,26.9,29.2,20.7,11.2,55.8,X, ,X,매우높음
5/31/2022,양산시(257),X,27.6,31.8,23.3,17.8,42.4,X, ,X,매우높음
5/31/2022,강진군(259),X,27.9,29.5,21.1,12.7,51.6,X, ,X,매우높음
5/31/2022,장흥(260),X,26.9,29.6,20.9,11.7,53.9,X, ,X,매우높음
5/31/2022,해남(261),X,25.9,27.2,19.8,11.8,58.5,X, ,X,매우높음
5/31/2022,고흥(262),X,25.5,27.8,20.2,11.7,49.3,X, ,X,매우높음
5/31/2022,의령군(263),X,28.4,32.8,23.3,14.4,42.3,X, ,X,매우높음
5/31/2022,함양군(264),X,27.1,30.5,21.9,11.3,41.3,X, ,X,매우높음
5/31/2022,진도군ASOS(268),X,25.5,25.9,19.3,11.8,58.5,X, ,X,매우높음
5/31/2022,봉화(271),X,24,26.6,19.1,11.6,52.5,X, ,X,매우높음
5/31/2022,영주(272),X,25,27.4,21.1,15.4,42.8,X, ,X,매우높음
5/31/2022,문경(273),X,25.7,28,21.4,13.1,41.1,X, ,X,매우높음
5/31/2022,청송군(276),X,25.3,29.4,21.2,13.8,42.1,X, ,X,매우높음
5/31/2022,영덕(277),X,25.3,27,19.6,13.6,54.4,X, ,X,매우높음
5/31/2022,의성(278),X,26.6,29.7,22,13.4,46.6,X, ,X,매우높음
5/31/2022,구미(279),X,26.7,30,23.3,16.2,34.9,X, ,X,매우높음
5/31/2022,영천(281),X,26.8,30.4,23,16.9,41.1,X, ,X,매우높음
5/31/2022,경주시(283),X,27.8,31.6,23.6,17.7,38.5,X, ,X,매우높음
5/31/2022,거창(284),X,26.6,29.7,21.5,11.7,41.6,X, ,X,매우높음
5/31/2022,합천(285),X,27.4,31.7,23.3,14.3,37.6,X, ,X,매우높음
5/31/2022,밀양(288),X,27,31.3,23.7,18.4,33.6,X, ,X,매우높음
5/31/2022,산청(289),X,27.9,31.1,22.8,14.6,42.8,X, ,X,매우높음
5/31/2022,거제(294),X,25.3,28.1,22.6,18.2,39.9,X, ,X,매우높음
5/31/2022,남해(295),X,26,27.3,22.5,16.9,44,X, ,X,매우높음
5/31/2022,부천(433),X,23.5,25.6,19.3,12.9,42,X, ,X,매우높음
5/31/2022,안양(434),X,19.4,25.7,20.5,14.8,,X, ,X,매우높음
5/31/2022,광명(437),X,23.7,26.4,20.6,14.3,43,X, ,X,매우높음
5/31/2022,군포(438),X,23.8,26.1,19.5,13,45,X, ,X,매우높음
5/31/2022,김포(441),X,,26.1,19.4,11.9,,X, ,X,높음
5/31/2022,하남(444),X,25.9,28.4,18.6,10.1,47,X, ,X,높음
5/31/2022,의왕(445),X,23.5,25.2,17.2,9.8,51,X, ,X,매우높음
5/31/2022,포천(504),X,25.1,27.5,17.8,9.6,53,X, ,X,높음
5/31/2022,가평조종(505),X,25.2,27.2,17.1,8.6,57,X, ,X,높음
5/31/2022,안성(516),X,25.7,27.6,19,11.1,55,X, ,X,매우높음
5/31/2022,간성(517),X,25.1,24.8,19.3,11.8,63,X, ,X,매우높음
5/31/2022,평창(526),X,24.1,27,19.5,11.3,42,X, ,X,매우높음
5/31/2022,의정부(532),X,26.1,27.9,18.7,10.1,53,X, ,X,높음
5/31/2022,횡성(536),X,25.4,27,18.4,10.2,59,X, ,X,매우높음
5/31/2022,고양(540),X,26.8,29.6,19,9.5,46,X, ,X,높음
5/31/2022,남양주(541),X,25.4,28.1,18.9,10,50,X, ,X,높음
5/31/2022,안산(545),X,24.7,26.2,16.8,7.9,65,X, ,X,높음
5/31/2022,경기광주(546),X,24.7,27,18.3,10.3,48,X, ,X,높음
5/31/2022,여주(548),X,25,27.2,19.4,11.4,50,X, ,X,매우높음
5/31/2022,용인(549),X,24,26.7,18.3,10.7,50,X, ,X,매우높음
5/31/2022,오산(550),X,25.3,27.6,19.1,11.2,49,X, ,X,매우높음
5/31/2022,평택(551),X,25.6,27.5,19.6,12.5,56,X, ,X,매우높음
5/31/2022,화천(555),X,25.9,28.6,17.8,10.3,60,X, ,X,높음
5/31/2022,양구(556),X,24.8,27.2,18.4,10,51,X, ,X,높음
5/31/2022,시흥(565),X,24.2,25.6,18.1,9.6,59,X, ,X,높음
5/31/2022,구리(569),X,25.2,28.4,19.6,11.4,45,X, ,X,높음
5/31/2022,화성(571),X,24.7,26,19.2,11.9,54,X, ,X,높음
5/31/2022,성남(572),X,24.3,26.8,19.3,11.3,45,X, ,X,매우높음
5/31/2022,과천(590),X,25.4,27.9,18.5,9.7,55,X, ,X,매우높음
5/31/2022,양주(598),X,24.6,26.4,17.4,8.3,52,X, ,X,높음
5/31/2022,단양(601),X,25.8,28.4,21.2,13.7,46,X, ,X,매우높음
5/31/2022,진천(602),X,26.2,28.9,20.5,12.4,51,X, ,X,매우높음
5/31/2022,괴산(603),X,25.8,27.8,18.8,9.7,55,X, ,X,매우높음
5/31/2022,옥천(604),X,26.1,29,20.4,11.2,47,X, ,X,매우높음
5/31/2022,홍북(608),X,26.2,28.3,18.8,9.4,50,X, ,X,매우높음
5/31/2022,공주(612),X,25.8,28.7,19.4,10.1,49,X, ,X,매우높음
5/31/2022,서천(614),X,22.4,23.3,17.8,10.9,62,X, ,X,매우높음
5/31/2022,논산(615),X,25.5,27.5,19.4,11.6,56,X, ,X,매우높음
5/31/2022,당진(616),X,25.4,27.3,19.3,10.6,51,X, ,X,매우높음
5/31/2022,청양(618),X,25.9,28.3,17.5,8,58,X, ,X,매우높음
5/31/2022,음성(619),X,25.2,26.9,18.6,10,53,X, ,X,매우높음
5/31/2022,증평(623),X,25.9,27.7,19.8,11.3,52,X, ,X,매우높음
5/31/2022,태안(627),X,24.1,24.3,18.4,10.9,62,X, ,X,매우높음
5/31/2022,예산(628),X,25.5,27.6,19.7,12.4,50,X, ,X,매우높음
5/31/2022,아산(634),X,26.6,29.5,19.9,10.9,51,X, ,X,매우높음
5/31/2022,계룡(636),X,25.2,27.6,17.1,6.6,53,X, ,X,매우높음
5/31/2022,연천청산(652),X,,,,,,X, ,X,높음
5/31/2022,양양(670),X,25.2,26.9,20.8,12.6,59,X, ,X,매우높음
5/31/2022,무안(699),X,25.8,26.8,19.3,11.2,59,X, ,X,매우높음
5/31/2022,무주(701),X,25.8,28.1,19.4,10.2,54,X, ,X,매우높음
5/31/2022,익산(702),X,26.3,26.8,19.7,12.2,66,X, ,X,매우높음
5/31/2022,진안(703),X,24.1,26.3,17.6,8.8,60,X, ,X,매우높음
5/31/2022,담양(706),X,28.9,31,21,12.4,59,X, ,X,매우높음
5/31/2022,구례(709),X,27.9,30.2,22.7,14.8,52,X, ,X,매우높음
5/31/2022,나주(710),X,27.5,28.1,19.8,10.5,65,X, ,X,매우높음
5/31/2022,순천시(712),X,26.6,28.9,22.9,17,44,X, ,X,매우높음
5/31/2022,광양읍(713),X,27.6,30.9,22.8,14.5,46,X, ,X,매우높음
5/31/2022,장성(730),X,27.4,29.1,19.7,10.4,58,X, ,X,매우높음
5/31/2022,영암(731),X,26.6,27.3,19.5,11.1,64,X, ,X,매우높음
5/31/2022,보성(732),X,26.9,28.3,20.5,12,58,X, ,X,매우높음
5/31/2022,완주(734),X,26.9,28.5,19.3,10.6,62,X, ,X,매우높음
5/31/2022,김제(737),X,23.5,27.2,19.4,13.3,49,X, ,X,매우높음
5/31/2022,화순(741),X,27.3,29.9,20.8,12.4,55,X, ,X,매우높음
5/31/2022,함평(754),X,26.7,26.8,19.6,10.4,60,X, ,X,매우높음
5/31/2022,곡성(768),X,28,30.6,21.4,12.9,51,X, ,X,매우높음
5/31/2022,압해도(789),X,25.9,25.8,20.3,15.5,58,X, ,X,매우높음
5/31/2022,영양(801),X,26.1,29,20.9,12.5,51,X, ,X,매우높음
5/31/2022,성주(810),X,27.4,31,22.9,13.7,39,X, ,X,매우높음
5/31/2022,고령(812),X,27.3,31.3,22.6,13.2,45,X, ,X,매우높음
5/31/2022,청도(813),X,27.3,31.2,22.9,15.9,40,X, ,X,매우높음
5/31/2022,예천(815),X,26.1,29,21.7,12.8,43,X, ,X,매우높음
5/31/2022,김천(822),X,27.7,30.6,21.9,12.1,44,X, ,X,매우높음
5/31/2022,군위(823),X,27.6,30,22,13,48,X, ,X,매우높음
5/31/2022,칠곡(825),X,27.4,30.3,23.5,15.9,40,X, ,X,매우높음
5/31/2022,경산(827),X,26.7,30.8,24.4,18.5,32,X, ,X,매우높음
5/31/2022,삼척(876),X,24.5,25.8,21.1,15.2,49,X, ,X,매우높음
5/31/2022,속초(90),X,24.9,26.8,20.9,12.8,51.3,X, ,X,매우높음
5/31/2022,삼천포(907),X,25.7,27.4,22,17.6,46,X, ,X,매우높음
5/31/2022,고성(918),X,25.8,28.3,21.4,16.6,52,X, ,X,매우높음
5/31/2022,창녕(919),X,28.1,31.7,23.5,16.5,43,X, ,X,매우높음
5/31/2022,함안(920),X,28.5,31.6,22.3,15.8,49,X, ,X,매우높음
5/31/2022,북춘천(93),X,25.2,27.7,18.1,9.9,57.5,X, ,X,높음
5/31/2022,하동(932),X,27.2,29.5,22.2,14.2,53,X, ,X,매우높음
5/31/2022,철원(95),X,24.5,26,17.6,9.4,59.9,X, ,X,높음
5/31/2022,동두천(98),X,25.1,27.1,18.1,9.6,52.1,X, ,X,높음
5/31/2022,파주(99),X,25.5,26.4,16.9,8.3,62.5,X, ,X,높음
