일시,지점,폭염여부(O/X),최고체감온도(°C),최고기온(°C),평균기온(°C),최저기온(°C),평균상대습도(%),폭염특보(O/X),폭염영향예보(단계),열대야(O/X),자외선지수(단계)
9/1/2022,북강릉(104),X,27.4,26.4,20.9,16.6,82.8,X, ,X,보통
9/1/2022,동해(106),X,26.8,25,21,17.7,89.4,X, ,X,보통
9/1/2022,서울(108),X,30.1,30.4,24,18.3,70.8,X, ,X,매우높음
9/1/2022,인천(112),X,28.6,28.3,23.9,19.6,71.9,X, ,X,매우높음
9/1/2022,원주(114),X,28,28.2,22.2,17.8,75.6,X, ,X,높음
9/1/2022,울릉도(115),X,25.1,23.1,20.7,19.2,90,X, ,X,높음
9/1/2022,수원(119),X,29.7,30.8,23.7,17.5,76.9,X, ,X,높음
9/1/2022,영월(121),X,27.4,27.4,20.4,16.1,83.6,X, ,X,높음
9/1/2022,충주(127),X,27.9,27.6,21.5,17.2,83.4,X, ,X,높음
9/1/2022,서산(129),X,29.3,28.9,22.9,18.2,78,X, ,X,매우높음
9/1/2022,울진(130),X,25.9,24.2,20.7,17.5,88.4,X, ,X,높음
9/1/2022,청주(131),X,28.7,28.5,23.5,20.1,75.1,X, ,X,높음
9/1/2022,대전(133),X,28.4,27.8,22.4,19.7,80.1,X, ,X,높음
9/1/2022,추풍령(135),X,25.6,24.1,20.2,16.7,87,X, ,X,높음
9/1/2022,안동(136),X,26.2,24.8,20.5,18.1,89.1,X, ,X,보통
9/1/2022,상주(137),X,26.8,25,21.2,18.7,91.4,X, ,X,보통
9/1/2022,포항(138),X,26.5,24.6,22.4,20,82.9,X, ,X,높음
9/1/2022,군산(140),X,28.8,28.2,23,19,81,X, ,X,높음
9/1/2022,대구(143),X,26.7,25.2,21.6,18.5,88.4,X, ,X,높음
9/1/2022,전주(146),X,27.7,26.6,22.1,19,85.5,X, ,X,높음
9/1/2022,울산(152),X,25.9,23.9,21.8,19.8,86.1,X, ,X,높음
9/1/2022,창원(155),X,25.8,24.5,22.1,19.7,79.1,X, ,X,높음
9/1/2022,광주(156),X,28.3,26.4,22.6,20.2,94.1,X, ,X,보통
9/1/2022,부산(159),X,25.5,23.1,21.9,21,86.5,X, ,X,높음
9/1/2022,통영(162),X,26.1,23.5,22,21.1,90.9,X, ,X,높음
9/1/2022,목포(165),X,26.6,24.9,22.7,20.3,85,X, ,X,보통
9/1/2022,여수(168),X,25.3,23.6,22.6,21.7,79,X, ,X,높음
9/1/2022,흑산도(169),X,26.3,24.1,22.2,20.9,91,X, ,X,보통
9/1/2022,완도(170),X,26.6,25.1,22.7,21.1,81.9,X, ,X,보통
9/1/2022,고창(172),X,27,25.4,21.9,18.5,85.6,X, ,X,보통
9/1/2022,제주(184),X,27.7,25.9,24.8,24,82.8,X, ,X,높음
9/1/2022,진주(192),X,26.9,25.3,21.9,18.2,85.9,X, ,X,높음
9/1/2022,양평(202),X,28.3,28.8,21.7,17.5,82.4,X, ,X,높음
9/1/2022,이천(203),X,29.1,29.2,22.6,16.9,81.6,X, ,X,높음
9/1/2022,인제(211),X,28.8,29,20.2,16.3,80.6,X, ,X,높음
9/1/2022,홍천(212),X,28.2,28.5,20.9,16.4,80.8,X, ,X,높음
9/1/2022,태백(216),X,24.3,23.8,17,11.8,87.4,X, ,X,높음
9/1/2022,정선군(217),X,27.2,26.8,19.4,15.8,81.5,X, ,X,높음
9/1/2022,제천(221),X,27.5,26.9,20.1,15.2,87.6,X, ,X,높음
9/1/2022,보은(226),X,26.8,25.7,20.4,17,90.1,X, ,X,높음
9/1/2022,천안(232),X,28,27.9,21.5,17.5,85.8,X, ,X,높음
9/1/2022,보령(235),X,28.1,28.1,22.7,18.6,79.3,X, ,X,높음
9/1/2022,부여(236),X,28.6,28.1,22.3,18.4,84.6,X, ,X,높음
9/1/2022,금산(238),X,26.6,25.4,20.9,17,88.4,X, ,X,높음
9/1/2022,세종(239),X,28.2,28.2,22.3,19.1,80.1,X, ,X,높음
9/1/2022,부안(243),X,28.1,27.5,22.2,18.9,83.8,X, ,X,높음
9/1/2022,임실(244),X,26.1,24.4,20.8,18.1,87.9,X, ,X,보통
9/1/2022,정읍(245),X,27.2,26,21.9,19.4,85.5,X, ,X,보통
9/1/2022,남원(247),X,25.8,24.9,21.5,17.6,80.9,X, ,X,보통
9/1/2022,장수(248),X,25.2,24,19.9,15.5,88.8,X, ,X,보통
9/1/2022,영광군(252),X,27.4,26,22.1,18.8,86.1,X, ,X,보통
9/1/2022,김해시(253),X,25.8,23.7,21.5,19.6,86.9,X, ,X,높음
9/1/2022,순창군(254),X,26.6,25.3,21.6,18.4,89.1,X, ,X,보통
9/1/2022,양산시(257),X,26.5,24.8,22.8,21.3,81.1,X, ,X,높음
9/1/2022,강진군(259),X,27.7,26.6,22.5,19.7,86,X, ,X,보통
9/1/2022,장흥(260),X,27.5,26.6,22.2,19,88.3,X, ,X,보통
9/1/2022,해남(261),X,27.7,26.2,21.9,18.5,90,X, ,X,보통
9/1/2022,고흥(262),X,25.6,24.1,21.7,19,84.8,X, ,X,높음
9/1/2022,의령군(263),X,27.6,25.6,22.1,18,89.6,X, ,X,높음
9/1/2022,함양군(264),X,27,24.6,21,17.8,94.6,X, ,X,보통
9/1/2022,진도군ASOS(268),X,27.1,25.3,22.7,20.6,86.3,X, ,X,높음
9/1/2022,봉화(271),X,25.1,23.3,18.3,14.6,92.6,X, ,X,보통
9/1/2022,영주(272),X,26.3,25.4,19.5,16.2,91.1,X, ,X,보통
9/1/2022,문경(273),X,26.7,25.1,20.8,17.5,89.8,X, ,X,보통
9/1/2022,청송군(276),X,25.4,24.4,19.9,17.1,82.6,X, ,X,높음
9/1/2022,영덕(277),X,25.5,23.9,20,16.9,90.8,X, ,X,보통
9/1/2022,의성(278),X,26.8,25.1,20.6,17.5,91.3,X, ,X,보통
9/1/2022,구미(279),X,26.4,25.2,21.8,19.1,83.6,X, ,X,보통
9/1/2022,영천(281),X,26.1,24.6,20.5,17.7,89.5,X, ,X,높음
9/1/2022,경주시(283),X,26.4,24.7,21.6,18.9,86.6,X, ,X,높음
9/1/2022,거창(284),X,25.9,24.3,20.3,17.6,90,X, ,X,보통
9/1/2022,합천(285),X,27,26.2,21.5,18.3,86.1,X, ,X,보통
9/1/2022,밀양(288),X,26.3,25.8,22.6,19.3,73.8,X, ,X,높음
9/1/2022,산청(289),X,26.7,25.3,21.1,18.8,90.9,X, ,X,높음
9/1/2022,거제(294),X,25.2,23,21.5,20.2,87.3,X, ,X,높음
9/1/2022,남해(295),X,25.7,23.9,21.9,20.3,88.5,X, ,X,높음
9/1/2022,부천(433),X,29.3,30.1,23.2,17.5,68,X, ,X,매우높음
9/1/2022,안양(434),X,24.3,29.9,23.9,18.6,,X, ,X,매우높음
9/1/2022,광명(437),X,29.7,30.7,25.2,19.9,64,O, ,X,매우높음
9/1/2022,군포(438),X,29.4,30.8,23.8,17.7,67,X, ,X,매우높음
9/1/2022,김포(441),X,,29,23,17.3,,X, ,X,높음
9/1/2022,하남(444),X,29.5,29.8,21.4,15.5,75,X, ,X,높음
9/1/2022,의왕(445),X,,,,,,X, ,X,높음
9/1/2022,포천(504),X,29.6,30.3,21.6,15.7,78,X, ,X,높음
9/1/2022,가평조종(505),X,29.3,29.3,21,15.8,86,X, ,X,높음
9/1/2022,안성(516),X,28.9,29.4,22.3,17.2,82,X, ,X,높음
9/1/2022,간성(517),X,28.5,26.7,20.4,14.7,86,X, ,X,높음
9/1/2022,평창(526),X,27.7,28.3,20.2,15.2,77,X, ,X,높음
9/1/2022,의정부(532),X,30.2,30,22.2,16.5,84,X, ,X,높음
9/1/2022,횡성(536),X,29.9,29.5,21.8,16,84,X, ,X,높음
9/1/2022,고양(540),X,31,31,22.6,16.5,76,X, ,X,높음
9/1/2022,남양주(541),X,29.8,30.7,22.6,15.9,73,X, ,X,높음
9/1/2022,안산(545),X,29.8,30,22,15,83,X, ,X,매우높음
9/1/2022,경기광주(546),X,28.6,28.7,21.4,17.1,78,X, ,X,높음
9/1/2022,여주(548),X,27.7,27.5,21.7,17.3,84,X, ,X,높음
9/1/2022,용인(549),X,27.5,28.7,21.2,16.4,78,X, ,X,높음
9/1/2022,오산(550),X,28,28.5,22.7,16.7,75,X, ,X,높음
9/1/2022,평택(551),X,30,30.3,23.1,17.7,84,X, ,X,높음
9/1/2022,화천(555),X,30.6,30.9,21.3,16.8,85,X, ,X,높음
9/1/2022,양구(556),X,28.8,29.4,20.2,15.8,79,X, ,X,높음
9/1/2022,시흥(565),X,29.9,30.9,22.9,16.5,77,X, ,X,매우높음
9/1/2022,구리(569),X,29.8,30.9,23.1,16.8,70,X, ,X,매우높음
9/1/2022,화성(571),X,29.8,29.8,23.5,17.9,80,X, ,X,높음
9/1/2022,성남(572),X,28.5,29.7,22.6,16.6,72,X, ,X,높음
9/1/2022,과천(590),X,29.7,30.6,22,15.8,81,X, ,X,매우높음
9/1/2022,양주(598),X,29.3,29.5,22,16.4,81,X, ,X,높음
9/1/2022,단양(601),X,28.5,28.2,21.2,17.2,85,X, ,X,높음
9/1/2022,진천(602),X,29.4,29.7,22.3,18.3,83,X, ,X,높음
9/1/2022,괴산(603),X,28.4,28.1,21.5,17.5,84,X, ,X,높음
9/1/2022,옥천(604),X,27.4,26.4,21.5,17.9,88,X, ,X,높음
9/1/2022,홍북(608),X,28.4,28.8,21.8,16.9,83,X, ,X,높음
9/1/2022,공주(612),X,28.5,28.3,22.1,18.5,84,X, ,X,높음
9/1/2022,서천(614),X,29.9,29.3,22.3,17.1,86,X, ,X,높음
9/1/2022,논산(615),X,30,29.7,22.3,17.9,82,X, ,X,높음
9/1/2022,당진(616),X,29.3,28.9,22.7,18,84,X, ,X,높음
9/1/2022,청양(618),X,28.4,,,,,X, ,X,높음
9/1/2022,음성(619),X,27.1,27,20.4,16.5,86,X, ,X,높음
9/1/2022,증평(623),X,28.7,28.1,22,17.6,88,X, ,X,높음
9/1/2022,태안(627),X,29.5,28.4,23.5,19,82,X, ,X,매우높음
9/1/2022,예산(628),X,29,29,22.7,18.4,84,X, ,X,높음
9/1/2022,아산(634),X,29.4,29.4,23,17.8,80,X, ,X,높음
9/1/2022,계룡(636),X,27.9,27.3,21.2,16.5,81,X, ,X,높음
9/1/2022,연천청산(652),X,,,,,,X, ,X,높음
9/1/2022,양양(670),X,26.6,26.3,20.8,16.2,77,X, ,X,높음
9/1/2022,무안(699),X,26.8,24.8,21.9,18.1,89,X, ,X,보통
9/1/2022,무주(701),X,26.6,25,20.7,17.2,88,X, ,X,높음
9/1/2022,익산(702),X,28.3,26.6,21.8,17.8,88,X, ,X,높음
9/1/2022,진안(703),X,25.6,23.9,20.5,16.4,88,X, ,X,보통
9/1/2022,담양(706),X,27.8,26.1,22.3,19.4,90,X, ,X,보통
9/1/2022,구례(709),X,27.3,25.5,21.6,19.3,93,X, ,X,높음
9/1/2022,나주(710),X,27.5,25.8,21.6,17.4,92,X, ,X,보통
9/1/2022,순천시(712),X,27.5,26.8,23,19.7,81,X, ,X,높음
9/1/2022,광양읍(713),X,27.7,27.3,22.5,19.3,83,X, ,X,높음
9/1/2022,장성(730),X,27.8,26.4,21.9,19,89,X, ,X,보통
9/1/2022,영암(731),X,27.9,26.3,21.9,17.8,92,X, ,X,보통
9/1/2022,보성(732),X,27.6,26,21.7,18.6,90,X, ,X,높음
9/1/2022,완주(734),X,30.1,28.8,22.1,18.2,88,X, ,X,높음
9/1/2022,김제(737),X,27,26.7,22.2,18.6,73,X, ,X,높음
9/1/2022,화순(741),X,27.9,26.4,21.9,19.4,87,X, ,X,보통
9/1/2022,함평(754),X,27.4,25.4,21.8,17.8,91,X, ,X,보통
9/1/2022,곡성(768),X,27.6,26.1,21.2,18.2,90,X, ,X,높음
9/1/2022,압해도(789),X,27.1,25.3,22.4,19.6,86,X, ,X,보통
9/1/2022,영양(801),X,26.3,24.5,19.3,16.1,92,X, ,X,보통
9/1/2022,성주(810),X,26.4,25.6,22,19.2,84,X, ,X,보통
9/1/2022,고령(812),X,26.8,25.1,21.5,18.3,91,X, ,X,보통
9/1/2022,청도(813),X,26.8,25.8,21.3,17.8,84,X, ,X,높음
9/1/2022,예천(815),X,26.8,25.6,20.7,18.1,89,X, ,X,보통
9/1/2022,김천(822),X,26.8,25.2,21.2,18.5,92,X, ,X,보통
9/1/2022,군위(823),X,26.8,24.7,21,18.3,94,X, ,X,보통
9/1/2022,칠곡(825),X,27,25.3,21.8,18.9,92,X, ,X,보통
9/1/2022,경산(827),X,27,25.9,21.2,18.3,83,X, ,X,보통
9/1/2022,삼척(876),X,28.5,27.1,21.4,18.6,82,X, ,X,높음
9/1/2022,속초(90),X,27.4,26.1,21,15.6,80.4,X, ,X,높음
9/1/2022,삼천포(907),X,26.3,24.6,21.9,19.7,85,X, ,X,높음
9/1/2022,고성(918),X,26.2,24,21.4,19.4,92,X, ,X,높음
9/1/2022,창녕(919),X,27.6,26.3,22.1,19.2,87,X, ,X,높음
9/1/2022,함안(920),X,27.3,25.3,21.3,18.2,92,X, ,X,높음
9/1/2022,북춘천(93),X,29.3,29.5,21.4,15.7,83.4,X, ,X,높음
9/1/2022,하동(932),X,27.1,26.2,22.5,18.7,83,X, ,X,보통
9/1/2022,철원(95),X,28.3,28.6,20.9,13.8,80.4,X, ,X,높음
9/1/2022,동두천(98),X,29,28.8,21.7,15.8,81.8,X, ,X,높음
9/1/2022,파주(99),X,29.5,29.6,21.7,16.2,85,X, ,X,높음
9/2/2022,북강릉(104),X,26.3,24.8,20.8,16.3,85,X, ,X,높음
9/2/2022,동해(106),X,26.7,24.6,21,17.1,90,X, ,X,보통
9/2/2022,서울(108),X,29.4,29.8,24.7,20.3,61.8,X, ,X,높음
9/2/2022,인천(112),X,28.3,29,25.1,21.4,57.6,X, ,X,높음
9/2/2022,원주(114),X,27.5,28.8,22.7,16.9,61.8,X, ,X,높음
9/2/2022,울릉도(115),X,24.5,22.8,21.3,19.8,84.9,X, ,X,높음
9/2/2022,수원(119),X,28.9,29.7,24.6,20.1,65.5,X, ,X,높음
9/2/2022,영월(121),X,28,28.3,20.5,14.9,74.8,X, ,X,높음
9/2/2022,충주(127),X,27.7,27.6,21.8,16.5,75.8,X, ,X,높음
9/2/2022,서산(129),X,28.4,28.8,23.5,18,68.6,X, ,X,높음
9/2/2022,울진(130),X,26.7,24.7,21.5,17.1,86.5,X, ,X,보통
9/2/2022,청주(131),X,28.6,29.6,24.3,19.1,64.3,X, ,X,높음
9/2/2022,대전(133),X,27.7,27.3,22.6,18.1,72,X, ,X,높음
9/2/2022,추풍령(135),X,24.6,23.1,20.3,16,80.8,X, ,X,높음
9/2/2022,안동(136),X,26.6,26.4,21.5,16.2,76.6,X, ,X,높음
9/2/2022,상주(137),X,27.6,26.7,22.1,18.6,81.3,X, ,X,높음
9/2/2022,포항(138),X,26.3,24.2,22.1,21,90.6,X, ,X,보통
9/2/2022,군산(140),X,28.4,27.9,23.5,19.9,72.4,X, ,X,높음
9/2/2022,대구(143),X,26.3,24.2,21.5,18.8,91.1,X, ,X,보통
9/2/2022,전주(146),X,28.2,27.7,23,18.2,74.9,X, ,X,높음
9/2/2022,울산(152),X,25.7,23.3,21.2,20.2,95.1,X, ,X,보통
9/2/2022,창원(155),X,23.9,22,20.8,19.7,84.8,X, ,X,보통
9/2/2022,광주(156),X,28.9,27.1,23.1,20.1,88.3,X, ,X,높음
9/2/2022,부산(159),X,25.4,22.3,20.9,20,96.9,X, ,X,낮음
9/2/2022,통영(162),X,25.6,22.7,21.2,19.9,97.5,X, ,X,낮음
9/2/2022,목포(165),X,28.1,26.9,23.4,20.6,77.3,X, ,X,보통
9/2/2022,여수(168),X,24.3,22.5,21.6,20.8,84.3,X, ,X,보통
9/2/2022,흑산도(169),X,27.3,25.6,22.7,20.9,86.3,X, ,X,높음
9/2/2022,완도(170),X,25.8,23.4,22.4,21.3,86.1,X, ,X,보통
9/2/2022,고창(172),X,28.7,27.9,22.8,18,77.9,X, ,X,높음
9/2/2022,제주(184),X,27.4,25,23.2,21.9,95.4,X, ,X,낮음
9/2/2022,진주(192),X,24.8,22.2,20.6,19.2,93.8,X, ,X,보통
9/2/2022,양평(202),X,28.5,29.2,23.1,17.8,66.6,X, ,X,높음
9/2/2022,이천(203),X,29.3,29.5,22.8,17.5,75.3,X, ,X,높음
9/2/2022,인제(211),X,27.2,27.6,19.8,13.8,76.3,X, ,X,높음
9/2/2022,홍천(212),X,28,29.2,21.9,15.9,68.4,X, ,X,높음
9/2/2022,태백(216),X,22.6,21.7,16.2,10.2,85,X, ,X,보통
9/2/2022,정선군(217),X,25.7,26.1,19.6,14.6,72.8,X, ,X,높음
9/2/2022,제천(221),X,26.6,26.2,20.6,14.9,76.1,X, ,X,높음
9/2/2022,보은(226),X,26.5,26.1,21.1,14.9,78.4,X, ,X,높음
9/2/2022,천안(232),X,27.7,28.2,22.5,16,73.3,X, ,X,높음
9/2/2022,보령(235),X,28.9,29.1,24.4,18.7,63.3,X, ,X,높음
9/2/2022,부여(236),X,28.3,28,22.7,17.8,77.3,X, ,X,높음
9/2/2022,금산(238),X,26.3,25.7,20.8,14.9,80,X, ,X,높음
9/2/2022,세종(239),X,28,27.7,22.8,17.8,71.1,X, ,X,높음
9/2/2022,부안(243),X,28.7,28.4,22.8,17.2,78,X, ,X,높음
9/2/2022,임실(244),X,27.4,26.8,21.1,16.6,81.5,X, ,X,높음
9/2/2022,정읍(245),X,27.9,27.4,22.3,17.5,76.6,X, ,X,높음
9/2/2022,남원(247),X,26.3,25.3,22.5,18.6,73.9,X, ,X,높음
9/2/2022,장수(248),X,25.3,24,20,15.2,81.8,X, ,X,높음
9/2/2022,영광군(252),X,28.3,27.8,22.9,17.8,79.6,X, ,X,높음
9/2/2022,김해시(253),X,25.3,22.2,21,19.6,93.4,X, ,X,보통
9/2/2022,순창군(254),X,27.1,26,22.1,17.6,80.9,X, ,X,높음
9/2/2022,양산시(257),X,26.2,23.7,21.8,20.3,93.3,X, ,X,보통
9/2/2022,강진군(259),X,26.8,24.9,22.8,20.3,84.4,X, ,X,보통
9/2/2022,장흥(260),X,26.2,24.6,22.8,20.3,80.1,X, ,X,보통
9/2/2022,해남(261),X,26.7,24.7,22.7,20.3,85.4,X, ,X,보통
9/2/2022,고흥(262),X,24.2,22.2,21.4,20.6,85.6,X, ,X,보통
9/2/2022,의령군(263),X,25.1,22.1,21,19.7,97.1,X, ,X,보통
9/2/2022,함양군(264),X,25.8,23.2,20.6,17.5,97,X, ,X,보통
9/2/2022,진도군ASOS(268),X,27.4,25.9,22.8,20.7,83,X, ,X,보통
9/2/2022,봉화(271),X,24.9,24.6,20,13.3,75,X, ,X,높음
9/2/2022,영주(272),X,26.9,27,20.2,14.4,81,X, ,X,높음
9/2/2022,문경(273),X,27.3,27,21.3,16.9,81.1,X, ,X,높음
9/2/2022,청송군(276),X,24.7,24.1,19.8,16,81.4,X, ,X,보통
9/2/2022,영덕(277),X,25.1,22.8,20.1,17.4,94.9,X, ,X,보통
9/2/2022,의성(278),X,27,26.5,21.3,16.3,82,X, ,X,높음
9/2/2022,구미(279),X,26.2,25.1,21.5,18,78.9,X, ,X,높음
9/2/2022,영천(281),X,24.9,22.4,20.1,17.3,94.4,X, ,X,보통
9/2/2022,경주시(283),X,25.7,23.3,21,19.3,93.8,X, ,X,보통
9/2/2022,거창(284),X,24.6,23,20.5,17.2,85.8,X, ,X,보통
9/2/2022,합천(285),X,25.5,23.9,21.2,18.5,84.3,X, ,X,보통
9/2/2022,밀양(288),X,25,23.1,21.6,19.8,83.5,X, ,X,보통
9/2/2022,산청(289),X,25.3,23.1,20.5,18.3,92.8,X, ,X,보통
9/2/2022,거제(294),X,25.3,22.5,21.3,19.8,93.3,X, ,X,낮음
9/2/2022,남해(295),X,24.4,21.7,20.9,20.4,94.4,X, ,X,보통
9/2/2022,부천(433),X,28.6,29.9,24.2,19.4,57,X, ,X,높음
9/2/2022,안양(434),X,23.7,29.3,24.5,20.5,,X, ,X,높음
9/2/2022,광명(437),X,29.3,30.7,25.7,21.9,55,O, ,X,높음
9/2/2022,군포(438),X,28.5,29.7,24.5,20.3,59,X, ,X,높음
9/2/2022,김포(441),X,,29.9,24,17.6,,X, ,X,높음
9/2/2022,하남(444),X,28.2,29.1,23.2,17,63,X, ,X,높음
9/2/2022,의왕(445),X,,,,,,X, ,X,높음
9/2/2022,포천(504),X,29.3,30.5,23.1,17,65,X, ,X,높음
9/2/2022,가평조종(505),X,28.2,28.2,21.7,15.5,73,X, ,X,높음
9/2/2022,안성(516),X,27.9,28.5,23.2,18.3,71,X, ,X,높음
9/2/2022,간성(517),X,28,25.7,20.5,15.5,91,X, ,X,높음
9/2/2022,평창(526),X,26.5,27.3,19.8,14.1,68,X, ,X,높음
9/2/2022,의정부(532),X,29.4,29.5,23.1,17,75,X, ,X,높음
9/2/2022,횡성(536),X,29,29.7,22.4,16.3,72,X, ,X,높음
9/2/2022,고양(540),X,29.9,30.4,23.5,17.3,65,X, ,X,높음
9/2/2022,남양주(541),X,28.9,30,23.5,17.1,63,X, ,X,높음
9/2/2022,안산(545),X,29.3,29.8,22.7,16.7,73,X, ,X,높음
9/2/2022,경기광주(546),X,27.9,28.8,22.7,18.1,65,X, ,X,높음
9/2/2022,여주(548),X,28.2,28.4,22.4,17.5,73,X, ,X,높음
9/2/2022,용인(549),X,27.6,28.7,22.3,16.7,67,X, ,X,높음
9/2/2022,오산(550),X,27.6,28.6,23.6,18.2,63,X, ,X,높음
9/2/2022,평택(551),X,28.5,29.1,23.9,19,69,X, ,X,높음
9/2/2022,화천(555),X,29.2,29.4,21.2,15.8,79,X, ,X,높음
9/2/2022,양구(556),X,26.9,27.3,19.7,14.9,76,X, ,X,높음
9/2/2022,시흥(565),X,29.1,29.7,24,17.2,69,X, ,X,높음
9/2/2022,구리(569),X,29.5,30.2,24.1,18.7,62,X, ,X,높음
9/2/2022,화성(571),X,28.7,29.4,24.5,20.1,67,X, ,X,높음
9/2/2022,성남(572),X,28.5,29.3,23.5,18.4,64,X, ,X,높음
9/2/2022,과천(590),X,29.3,29.7,22.8,16.9,75,X, ,X,높음
9/2/2022,양주(598),X,29,30.3,22.5,15.1,69,X, ,X,높음
9/2/2022,단양(601),X,28,27.9,21,16.3,78,X, ,X,높음
9/2/2022,진천(602),X,27.9,28.2,22.4,16.5,75,X, ,X,높음
9/2/2022,괴산(603),X,28.5,29,21.9,16.5,78,X, ,X,높음
9/2/2022,옥천(604),X,27.2,26.8,21.8,16.2,79,X, ,X,높음
9/2/2022,홍북(608),X,28.1,28.4,23,17.4,70,X, ,X,높음
9/2/2022,공주(612),X,28.6,28.5,22.3,16.4,77,X, ,X,높음
9/2/2022,서천(614),X,29.3,28.7,23.3,17.6,76,X, ,X,높음
9/2/2022,논산(615),X,28.2,28.2,23,16.8,72,X, ,X,높음
9/2/2022,당진(616),X,28.8,29.4,23.8,18.2,72,X, ,X,높음
9/2/2022,청양(618),X,28.4,27.9,21.5,14.8,79,X, ,X,높음
9/2/2022,음성(619),X,26.3,26.4,20.5,15.8,81,X, ,X,높음
9/2/2022,증평(623),X,28.7,28.4,22.6,17.1,76,X, ,X,높음
9/2/2022,태안(627),X,28.6,28.4,24.1,18.2,70,X, ,X,높음
9/2/2022,예산(628),X,28.9,29.3,24,18,71,X, ,X,높음
9/2/2022,아산(634),X,28.9,29.4,24.4,18.4,66,X, ,X,높음
9/2/2022,계룡(636),X,26.9,26.9,22.1,15.2,69,X, ,X,높음
9/2/2022,연천청산(652),X,,,,,,X, ,X,높음
9/2/2022,양양(670),X,26.3,25.2,20.7,15.6,80,X, ,X,높음
9/2/2022,무안(699),X,28.2,27.4,23.2,19.5,78,X, ,X,보통
9/2/2022,무주(701),X,25.6,24.6,20.9,15.7,79,X, ,X,높음
9/2/2022,익산(702),X,29.2,28.1,22.6,16.1,80,X, ,X,높음
9/2/2022,진안(703),X,26.7,25.7,20.9,16.8,80,X, ,X,높음
9/2/2022,담양(706),X,29.1,28.1,22.9,18.4,85,X, ,X,높음
9/2/2022,구례(709),X,27.4,25.7,22.5,18.7,84,X, ,X,보통
9/2/2022,나주(710),X,29.2,27.9,22.9,18.8,84,X, ,X,높음
9/2/2022,순천시(712),X,25.8,24.9,23.3,20.9,74,X, ,X,보통
9/2/2022,광양읍(713),X,26.1,25,23.1,20.1,78,X, ,X,보통
9/2/2022,장성(730),X,29.1,28.8,23,17.9,79,X, ,X,높음
9/2/2022,영암(731),X,28.8,27.7,23,19.4,83,X, ,X,보통
9/2/2022,보성(732),X,25.4,23.5,22.1,19.9,85,X, ,X,보통
9/2/2022,완주(734),X,29.3,28.7,23.1,16.9,77,X, ,X,높음
9/2/2022,김제(737),X,26.9,27.4,22.6,18,68,X, ,X,높음
9/2/2022,화순(741),X,29.3,28.3,22.8,18.9,79,X, ,X,높음
9/2/2022,함평(754),X,28.9,27.6,23.3,19.6,80,X, ,X,보통
9/2/2022,곡성(768),X,27.5,26.1,21.3,17.5,87,X, ,X,높음
9/2/2022,압해도(789),X,28.2,27.5,23.5,20.4,76,X, ,X,보통
9/2/2022,영양(801),X,25.9,25.2,20.4,15.6,83,X, ,X,보통
9/2/2022,성주(810),X,26.2,25,21,18.1,86,X, ,X,보통
9/2/2022,고령(812),X,26.1,24,21.3,17.5,93,X, ,X,보통
9/2/2022,청도(813),X,25.8,24.4,21.6,18.7,82,X, ,X,보통
9/2/2022,예천(815),X,27.7,27.7,21.6,16.3,78,X, ,X,높음
9/2/2022,김천(822),X,26.2,24.1,20.6,17.8,90,X, ,X,높음
9/2/2022,군위(823),X,27.3,26.2,20.9,17.1,90,X, ,X,보통
9/2/2022,칠곡(825),X,27.2,25.5,21.7,18.3,89,X, ,X,보통
9/2/2022,경산(827),X,26.2,24.4,21.3,18.6,85,X, ,X,보통
9/2/2022,삼척(876),X,27,25.9,21.3,17.5,79,X, ,X,보통
9/2/2022,속초(90),X,27.5,26.1,21.5,16.3,80.3,X, ,X,높음
9/2/2022,삼천포(907),X,24.7,22.7,20.9,20,92,X, ,X,보통
9/2/2022,고성(918),X,25.2,22.7,20.8,19.6,94,X, ,X,보통
9/2/2022,창녕(919),X,26.2,24.6,22,19.4,85,X, ,X,보통
9/2/2022,함안(920),X,24.4,21.3,19.9,19,99,X, ,X,보통
9/2/2022,북춘천(93),X,27.8,28.5,22.1,14.9,70.9,X, ,X,높음
9/2/2022,하동(932),X,25.7,24.3,22.5,19.8,81,X, ,X,보통
9/2/2022,철원(95),X,28.2,29.1,22.2,14.8,68.4,X, ,X,높음
9/2/2022,동두천(98),X,29.1,29.6,22.5,16.3,71,X, ,X,높음
9/2/2022,파주(99),X,29.1,29,22,16.4,77.8,X, ,X,높음
9/3/2022,북강릉(104),X,25.9,25,21.3,17.9,82,X, ,X,높음
9/3/2022,동해(106),X,26.5,25.2,21.7,19.6,84.9,X, ,X,보통
9/3/2022,서울(108),X,29.4,29.2,24.2,20.5,63,X, ,X,보통
9/3/2022,인천(112),X,28.6,28.8,24.5,21.2,57.3,X, ,X,보통
9/3/2022,원주(114),X,27.6,28.2,23,18.9,60,X, ,X,보통
9/3/2022,울릉도(115),X,25.2,23.5,21.5,20.7,83.8,X, ,X,보통
9/3/2022,수원(119),X,28.7,28.8,24.3,19.9,61,X, ,X,보통
9/3/2022,영월(121),X,26,25.5,21.1,16.8,72,X, ,X,보통
9/3/2022,충주(127),X,27.8,27.7,22.8,18.1,67.6,X, ,X,높음
9/3/2022,서산(129),X,29.5,29.2,23.9,19.5,68.1,X, ,X,보통
9/3/2022,울진(130),X,26.4,24.8,22.3,20,83.6,X, ,X,낮음
9/3/2022,청주(131),X,28.5,28.6,24.4,21,62.1,X, ,X,보통
9/3/2022,대전(133),X,27.6,26.7,23.4,20.7,70.3,X, ,X,보통
9/3/2022,추풍령(135),X,24.5,22.6,20.1,18.8,85,X, ,X,보통
9/3/2022,안동(136),X,25.9,25.2,21.7,19.2,76,X, ,X,보통
9/3/2022,상주(137),X,26.4,24.7,21.5,19.6,83.1,X, ,X,보통
9/3/2022,포항(138),X,25.8,23.4,21.3,20.4,95.4,X, ,X,보통
9/3/2022,군산(140),X,30.3,29.8,24.7,21.7,72.4,X, ,X,보통
9/3/2022,대구(143),X,26.6,24.3,22.2,20.4,91.9,X, ,X,보통
9/3/2022,전주(146),X,29.7,29.4,25.3,20.4,68.4,X, ,X,보통
9/3/2022,울산(152),X,26.4,23.3,21.9,20.8,96.9,X, ,X,낮음
9/3/2022,창원(155),X,27.2,25.6,22.7,20.2,82.6,X, ,X,보통
9/3/2022,광주(156),X,30.4,28.9,24.9,21.9,86.8,X, ,X,보통
9/3/2022,부산(159),X,27.5,25.1,22.7,20.8,97.1,X, ,X,보통
9/3/2022,통영(162),X,27.4,24.9,22.9,21.4,95.4,X, ,X,보통
9/3/2022,목포(165),X,29.7,28.8,24.9,22.6,77,X, ,X,낮음
9/3/2022,여수(168),X,26,23.9,22.8,21.9,84.8,X, ,X,보통
9/3/2022,흑산도(169),X,27.6,25.8,23,21.4,86.5,X, ,X,낮음
9/3/2022,완도(170),X,28.1,26.4,24.1,21.3,84.5,X, ,X,보통
9/3/2022,고창(172),X,29.6,28.8,24.3,19.9,75,X, ,X,보통
9/3/2022,제주(184),X,31.4,29.3,25.9,23.6,93.4,X, ,O,낮음
9/3/2022,진주(192),X,26.4,23.8,22,19.7,91.9,X, ,X,보통
9/3/2022,양평(202),X,27.7,27.8,22.5,17.4,68.9,X, ,X,보통
9/3/2022,이천(203),X,29.1,28.7,22.3,17.5,75.5,X, ,X,보통
9/3/2022,인제(211),X,26.5,26.5,20.2,15.1,73.6,X, ,X,보통
9/3/2022,홍천(212),X,27.7,28,21.3,15.3,70.9,X, ,X,높음
9/3/2022,태백(216),X,21.7,20.2,17,14.9,86.3,X, ,X,낮음
9/3/2022,정선군(217),X,25,25,20.1,16.7,72.1,X, ,X,높음
9/3/2022,제천(221),X,26.5,26.1,21.2,17.1,70.5,X, ,X,높음
9/3/2022,보은(226),X,25.8,24.5,21.9,19.5,75.3,X, ,X,보통
9/3/2022,천안(232),X,27.9,27.3,23,19.6,72.1,X, ,X,보통
9/3/2022,보령(235),X,30,30.2,25.3,22.1,64.8,X, ,X,보통
9/3/2022,부여(236),X,29.4,28.9,24.2,20.5,72.4,X, ,X,보통
9/3/2022,금산(238),X,27.6,26.9,22.6,20.3,77.3,X, ,X,보통
9/3/2022,세종(239),X,27.6,26.8,23.3,20.7,70,X, ,X,보통
9/3/2022,부안(243),X,30.1,29.8,24.5,20.8,75.4,X, ,X,보통
9/3/2022,임실(244),X,27.5,26.7,23.4,19,73.5,X, ,X,보통
9/3/2022,정읍(245),X,29.2,28.6,23.6,19.9,77.5,X, ,X,보통
9/3/2022,남원(247),X,27.7,26.6,23.1,20.6,77.9,X, ,X,보통
9/3/2022,장수(248),X,25.6,24.3,21.5,17.8,82.8,X, ,X,보통
9/3/2022,영광군(252),X,30.1,29.2,24.3,20,76.3,X, ,X,보통
9/3/2022,김해시(253),X,27.7,25.6,23.2,20.9,88.5,X, ,X,보통
9/3/2022,순창군(254),X,29.1,28.1,24,20.8,77.4,X, ,X,보통
9/3/2022,양산시(257),X,27.4,25.1,22.9,21.5,93,X, ,X,보통
9/3/2022,강진군(259),X,28.9,27.5,24.1,21.1,83.8,X, ,X,낮음
9/3/2022,장흥(260),X,28,26.6,24.3,21.1,79.3,X, ,X,낮음
9/3/2022,해남(261),X,29.5,28,24.7,22.3,82.3,X, ,X,낮음
9/3/2022,고흥(262),X,26.8,25.3,23.3,21.9,82,X, ,X,보통
9/3/2022,의령군(263),X,27.5,25.2,22.7,20.4,91.1,X, ,X,낮음
9/3/2022,함양군(264),X,26,22.8,21.1,19.7,99.8,X, ,X,보통
9/3/2022,진도군ASOS(268),X,29.7,28.8,24.8,21.1,80.9,X, ,X,낮음
9/3/2022,봉화(271),X,24.4,23.9,21,18.4,70.1,X, ,X,보통
9/3/2022,영주(272),X,25.5,25.1,20.7,16.9,79.9,X, ,X,보통
9/3/2022,문경(273),X,26.3,25.2,21.3,18.4,81.6,X, ,X,보통
9/3/2022,청송군(276),X,24.2,23,20.1,18.7,83.3,X, ,X,보통
9/3/2022,영덕(277),X,26,23.7,20.2,18.7,94.3,X, ,X,낮음
9/3/2022,의성(278),X,26.3,25.2,22.2,19.8,80.5,X, ,X,보통
9/3/2022,구미(279),X,25.2,23.6,21.8,20.3,80.6,X, ,X,보통
9/3/2022,영천(281),X,25.4,23.5,21.6,20,87.4,X, ,X,보통
9/3/2022,경주시(283),X,25.5,23,20.9,19.8,96.3,X, ,X,낮음
9/3/2022,거창(284),X,25.1,23.1,20.7,19.3,92.9,X, ,X,보통
9/3/2022,합천(285),X,25.5,23.8,22,20.6,84.5,X, ,X,보통
9/3/2022,밀양(288),X,26.6,25.2,22.8,21.1,82.5,X, ,X,보통
9/3/2022,산청(289),X,25.4,23,21,19.6,97.1,X, ,X,보통
9/3/2022,거제(294),X,26.4,24,22.6,21,93.6,X, ,X,보통
9/3/2022,남해(295),X,25.7,22.6,21.7,20.8,95.5,X, ,X,보통
9/3/2022,부천(433),X,28.1,29,23.7,18.9,56,X, ,X,보통
9/3/2022,안양(434),X,24.3,27.9,24.1,20.9,,X, ,X,보통
9/3/2022,광명(437),X,28.9,29.9,25,21.7,55,O, ,X,보통
9/3/2022,군포(438),X,28.3,28.9,23.9,20.4,58,X, ,X,보통
9/3/2022,김포(441),X,,28.9,23.3,17.3,,X, ,X,보통
9/3/2022,하남(444),X,27.8,28.2,23.4,19.3,59,X, ,X,보통
9/3/2022,의왕(445),X,,,,,,X, ,X,보통
9/3/2022,포천(504),X,29.1,29.6,22.4,16.8,67,X, ,X,높음
9/3/2022,가평조종(505),X,27.7,27.2,20.9,14.7,77,X, ,X,높음
9/3/2022,안성(516),X,29.4,29.5,23.4,19.2,66,X, ,X,높음
9/3/2022,간성(517),X,27.5,25.5,20.5,16.6,90,X, ,X,보통
9/3/2022,평창(526),X,25.4,25.8,20.4,15.8,68,X, ,X,높음
9/3/2022,의정부(532),X,29.2,28.4,22.5,16.5,79,X, ,X,높음
9/3/2022,횡성(536),X,28.7,28.5,22.2,16.7,73,X, ,X,높음
9/3/2022,고양(540),X,29.8,29.9,22.5,16.5,71,X, ,X,보통
9/3/2022,남양주(541),X,28.7,29.2,23.2,18.4,62,X, ,X,보통
9/3/2022,안산(545),X,29.2,29.3,22.9,16.1,70,X, ,X,보통
9/3/2022,경기광주(546),X,27.1,27.4,22.6,18.5,61,X, ,X,보통
9/3/2022,여주(548),X,27.8,27.7,21.5,17.2,75,X, ,X,보통
9/3/2022,용인(549),X,27.7,28.2,22.4,17,64,X, ,X,보통
9/3/2022,오산(550),X,28.9,29.2,23.6,17.9,58,X, ,X,보통
9/3/2022,평택(551),X,29.4,29.2,23.9,20,64,X, ,X,보통
9/3/2022,화천(555),X,28.4,28.6,20.8,14,79,X, ,X,보통
9/3/2022,양구(556),X,26,26.4,19.3,14,76,X, ,X,보통
9/3/2022,시흥(565),X,29.1,29.1,23.9,17.7,67,X, ,X,보통
9/3/2022,구리(569),X,29,29.3,23.6,19.5,60,X, ,X,보통
9/3/2022,화성(571),X,29.2,29.2,24.3,20.6,62,X, ,X,보통
9/3/2022,성남(572),X,28,28,23.3,18.7,63,X, ,X,보통
9/3/2022,과천(590),X,29.6,29.3,23.4,17.6,67,X, ,X,보통
9/3/2022,양주(598),X,28.6,29,22.2,15.6,70,X, ,X,보통
9/3/2022,단양(601),X,27,27.2,21.5,17.7,78,X, ,X,보통
9/3/2022,진천(602),X,28.4,28.6,23,17.7,71,X, ,X,보통
9/3/2022,괴산(603),X,27.5,27.3,22.2,16.9,74,X, ,X,높음
9/3/2022,옥천(604),X,26.9,25.5,22.7,20.8,78,X, ,X,보통
9/3/2022,홍북(608),X,28.8,28.6,23.3,18.8,68,X, ,X,보통
9/3/2022,공주(612),X,28.6,28.1,23.4,19.7,72,X, ,X,보통
9/3/2022,서천(614),X,31.2,30.6,24.6,21,73,X, ,X,보통
9/3/2022,논산(615),X,29.8,29.5,24.9,22.1,69,X, ,X,보통
9/3/2022,당진(616),X,29.7,29.5,24.1,19.7,68,X, ,X,보통
9/3/2022,청양(618),X,29.5,28.7,23.5,19.5,75,X, ,X,보통
9/3/2022,음성(619),X,27.4,27,21.3,16.9,74,X, ,X,보통
9/3/2022,증평(623),X,28.6,27.7,23.2,18.7,74,X, ,X,보통
9/3/2022,태안(627),X,30,29.4,24.6,21,71,X, ,X,보통
9/3/2022,예산(628),X,29.6,29.3,23.8,19,73,X, ,X,보통
9/3/2022,아산(634),X,29.2,29,23.9,19.7,67,X, ,X,보통
9/3/2022,계룡(636),X,27.8,27.1,23.1,21,69,X, ,X,보통
9/3/2022,연천청산(652),X,,,,,,X, ,X,높음
9/3/2022,양양(670),X,25.7,24.7,20.7,17.4,81,X, ,X,보통
9/3/2022,무안(699),X,29.9,29,24.9,21.4,76,X, ,X,보통
9/3/2022,무주(701),X,26.4,25.5,22.8,20.1,75,X, ,X,낮음
9/3/2022,익산(702),X,30.3,29.1,24.9,21.1,78,X, ,X,보통
9/3/2022,진안(703),X,26.6,25.1,22.1,19.7,79,X, ,X,보통
9/3/2022,담양(706),X,30.3,29,24.5,20.5,86,X, ,X,보통
9/3/2022,구례(709),X,29.4,28,24.4,21.2,81,X, ,X,보통
9/3/2022,나주(710),X,29.2,27.9,24.4,20.4,82,X, ,X,보통
9/3/2022,순천시(712),X,28,27,24.8,23.8,72,X, ,X,보통
9/3/2022,광양읍(713),X,29.1,28.4,24.9,23.6,72,X, ,X,낮음
9/3/2022,장성(730),X,30.7,30.1,24.9,20.3,74,X, ,X,보통
9/3/2022,영암(731),X,29,27.6,24.8,22.2,79,X, ,X,보통
9/3/2022,보성(732),X,29,27.4,23.8,21.3,84,X, ,X,보통
9/3/2022,완주(734),X,30.2,29.9,25.2,21.7,71,X, ,X,보통
9/3/2022,김제(737),X,29,29.7,24.5,20.5,62,X, ,X,보통
9/3/2022,화순(741),X,29.7,28.7,24.6,20.9,78,X, ,X,보통
9/3/2022,함평(754),X,30.1,29.1,24.7,21,79,X, ,X,보통
9/3/2022,곡성(768),X,29.5,28.1,22.8,19.8,87,X, ,X,보통
9/3/2022,압해도(789),X,29.7,28.9,24.7,21.2,77,X, ,X,보통
9/3/2022,영양(801),X,24.8,23.5,21,19.2,79,X, ,X,보통
9/3/2022,성주(810),X,25.6,23.9,21.4,20.4,89,X, ,X,낮음
9/3/2022,고령(812),X,26.4,23.7,21.7,20.4,96,X, ,X,보통
9/3/2022,청도(813),X,26.2,24.3,22.2,20.7,84,X, ,X,보통
9/3/2022,예천(815),X,27,26.6,21.6,18.6,77,X, ,X,보통
9/3/2022,김천(822),X,25.1,22.7,20.6,19.2,96,X, ,X,보통
9/3/2022,군위(823),X,26,24.6,21.9,20,86,X, ,X,보통
9/3/2022,칠곡(825),X,27.1,24.3,22.2,20.9,92,X, ,X,보통
9/3/2022,경산(827),X,25.4,23.3,21.6,20.5,87,X, ,X,보통
9/3/2022,삼척(876),X,27.3,26.5,22.1,19.2,78,X, ,X,낮음
9/3/2022,속초(90),X,26.9,25.9,21.4,17.4,80.1,X, ,X,보통
9/3/2022,삼천포(907),X,27.5,25.5,22.9,20.6,88,X, ,X,보통
9/3/2022,고성(918),X,27.1,24.8,22.7,20.2,91,X, ,X,보통
9/3/2022,창녕(919),X,26.8,24.8,22.7,21.1,88,X, ,X,보통
9/3/2022,함안(920),X,27,24.4,21.8,19.1,95,X, ,X,보통
9/3/2022,북춘천(93),X,27.6,27.5,22,15.1,70.6,X, ,X,높음
9/3/2022,하동(932),X,27.4,25.9,23.6,22.1,82,X, ,X,낮음
9/3/2022,철원(95),X,28.2,28.2,21.8,14.2,69.1,X, ,X,높음
9/3/2022,동두천(98),X,29,28.8,22.4,16.4,73.4,X, ,X,높음
9/3/2022,파주(99),X,28.9,28.3,21.7,15.8,80.4,X, ,X,보통
9/4/2022,북강릉(104),X,28.7,27.6,21.1,18.9,93.3,X, ,X,낮음
9/4/2022,동해(106),X,26.3,23.1,21.2,19.2,97.9,X, ,X,보통
9/4/2022,서울(108),X,27.3,24,22.3,19.8,88.6,X, ,X,낮음
9/4/2022,인천(112),X,27.2,24.9,22.9,22.1,82.5,X, ,X,낮음
9/4/2022,원주(114),X,27.8,26.6,22.7,20,80.8,X, ,X,보통
9/4/2022,울릉도(115),X,27.8,24.5,23.1,21.2,97,X, ,X,보통
9/4/2022,수원(119),X,28.5,26.4,23.4,21.1,84.9,X, ,X,보통
9/4/2022,영월(121),X,28,26.4,21.9,18.4,87,X, ,X,보통
9/4/2022,충주(127),X,28.5,26.8,23.6,20.4,81.3,X, ,X,보통
9/4/2022,서산(129),X,29.3,27.9,24,21.6,83,X, ,X,보통
9/4/2022,울진(130),X,26.8,23.8,21.4,18.6,96.6,X, ,X,보통
9/4/2022,청주(131),X,28.9,27.5,25,22.5,76.8,X, ,X,보통
9/4/2022,대전(133),X,29.4,28.1,24.5,21.4,78.9,X, ,X,보통
9/4/2022,추풍령(135),X,27.7,25.7,21.6,18.6,88.8,X, ,X,보통
9/4/2022,안동(136),X,28.7,26.7,23.5,20.2,84.3,X, ,X,보통
9/4/2022,상주(137),X,28.3,26.3,22.5,19.2,90.3,X, ,X,보통
9/4/2022,포항(138),X,27.9,24.9,22.8,20.9,98.1,X, ,X,낮음
9/4/2022,군산(140),X,31,29.8,24.6,21.8,83.8,X, ,X,보통
9/4/2022,대구(143),X,31.7,29.9,25.4,20.9,89.5,X, ,X,보통
9/4/2022,전주(146),X,32,31.4,26.4,22.5,74.1,X, ,X,보통
9/4/2022,울산(152),X,31.1,29,24.9,21.9,92.6,X, ,X,보통
9/4/2022,창원(155),X,31.6,30.3,25.9,22.2,80.9,X, ,X,높음
9/4/2022,광주(156),X,32.6,31.4,26.5,23.6,89.4,X, ,X,보통
9/4/2022,부산(159),X,31.5,29.4,25.8,22.5,91.9,X, ,O,높음
9/4/2022,통영(162),X,32.8,30.9,26.2,22.7,91.6,X, ,O,높음
9/4/2022,목포(165),X,31.1,29.9,25.6,23.4,84.4,X, ,X,보통
9/4/2022,여수(168),X,30.2,28.7,25.5,22.2,82,X, ,O,높음
9/4/2022,흑산도(169),X,27.4,24.9,22.4,21.3,98,X, ,X,보통
9/4/2022,완도(170),X,30.8,29.1,25.2,23.2,89.5,X, ,X,보통
9/4/2022,고창(172),X,31,30.4,25.8,23.1,76.5,X, ,X,보통
9/4/2022,제주(184),X,32.1,30.2,26.4,24,91.8,X, ,X,보통
9/4/2022,진주(192),X,32.1,30.7,24.8,20.7,89.8,X, ,X,높음
9/4/2022,양평(202),X,26.7,24.1,22.2,19.8,86.8,X, ,X,보통
9/4/2022,이천(203),X,27.2,24.1,21.8,18.9,94.4,X, ,X,보통
9/4/2022,인제(211),X,26.1,23.5,20.2,17.5,90.8,X, ,X,보통
9/4/2022,홍천(212),X,26.7,24.1,21.2,18.9,88.8,X, ,X,보통
9/4/2022,태백(216),X,25.4,23.8,19.4,15.2,90.8,X, ,X,보통
9/4/2022,정선군(217),X,26.5,25,21.3,18.2,85.3,X, ,X,보통
9/4/2022,제천(221),X,28,26.2,21.9,18.2,90.3,X, ,X,보통
9/4/2022,보은(226),X,27.7,25.8,22.9,20.6,85.9,X, ,X,보통
9/4/2022,천안(232),X,28.3,25.9,23.3,20.7,90.4,X, ,X,보통
9/4/2022,보령(235),X,29.9,28.6,25.1,23,78.9,X, ,X,보통
9/4/2022,부여(236),X,30.3,28.4,24.3,21,86.8,X, ,X,보통
9/4/2022,금산(238),X,30,29.4,24.1,20,82.8,X, ,X,보통
9/4/2022,세종(239),X,29.1,27.4,24.1,20.8,80.9,X, ,X,보통
9/4/2022,부안(243),X,31.3,30.5,25.2,22.2,81.6,X, ,X,보통
9/4/2022,임실(244),X,30.3,29.5,24.9,21.7,79.9,X, ,X,보통
9/4/2022,정읍(245),X,30.5,30,25.4,21.2,76.8,X, ,X,보통
9/4/2022,남원(247),X,31,30.7,25.7,22.3,77.6,X, ,X,보통
9/4/2022,장수(248),X,29.7,29,23.7,20.2,84.3,X, ,X,보통
9/4/2022,영광군(252),X,31.3,30.2,25.5,23.1,81.9,X, ,X,보통
9/4/2022,김해시(253),X,32.6,31,26.3,22.2,86.3,X, ,X,높음
9/4/2022,순창군(254),X,31.4,30.7,25.5,21.9,83.5,X, ,X,보통
9/4/2022,양산시(257),X,32.9,32.2,26,22,87.4,X, ,X,보통
9/4/2022,강진군(259),O,33.3,32.5,25.8,23.1,85.9,X, ,X,보통
9/4/2022,장흥(260),X,31.9,30.8,25.9,23.3,84.4,X, ,X,보통
9/4/2022,해남(261),X,31.9,30.3,25.5,23.3,89.1,X, ,X,보통
9/4/2022,고흥(262),X,30.3,28.9,25.3,22.5,84.4,X, ,X,높음
9/4/2022,의령군(263),X,32.9,31.8,25.5,21.4,89.9,X, ,X,보통
9/4/2022,함양군(264),X,31.9,29.7,23.8,20.5,96.5,X, ,X,보통
9/4/2022,진도군ASOS(268),X,31.2,29.7,25.3,22.8,86.1,X, ,X,보통
9/4/2022,봉화(271),X,27,24.3,21.5,18.4,90,X, ,X,보통
9/4/2022,영주(272),X,26.6,24.3,21.8,18.6,92.4,X, ,X,보통
9/4/2022,문경(273),X,27.9,25.8,21.9,18.8,93.1,X, ,X,보통
9/4/2022,청송군(276),X,29,28,23.3,18.7,81.9,X, ,X,보통
9/4/2022,영덕(277),X,27,24.1,22,19.4,96.1,X, ,X,보통
9/4/2022,의성(278),X,30.2,28.8,24.2,19.8,87,X, ,X,보통
9/4/2022,구미(279),X,29.4,28,23.4,20,85.1,X, ,X,보통
9/4/2022,영천(281),X,30.2,28.4,23.8,20.6,92.4,X, ,X,보통
9/4/2022,경주시(283),X,31.7,30.2,24.1,20.2,90.8,X, ,X,낮음
9/4/2022,거창(284),X,30.8,29.1,23.5,19.4,88.3,X, ,X,보통
9/4/2022,합천(285),X,30.7,29.3,24.2,20.4,88.1,X, ,X,보통
9/4/2022,밀양(288),X,32,31.7,25.6,21.1,79.4,X, ,X,보통
9/4/2022,산청(289),X,30.5,28.7,23.9,20.5,90,X, ,X,보통
9/4/2022,거제(294),X,30.7,28.8,25.5,22.4,89.9,X, ,X,높음
9/4/2022,남해(295),X,30.9,29.5,24.4,21.4,88.5,X, ,X,높음
9/4/2022,부천(433),X,26.5,24.8,22.2,20.7,81,X, ,X,낮음
9/4/2022,안양(434),X,25.9,26.1,23.2,20.4,,X, ,X,낮음
9/4/2022,광명(437),X,28,26.2,23.3,21.1,80,O, ,X,낮음
9/4/2022,군포(438),X,27,25,22.6,19.9,82,X, ,X,보통
9/4/2022,김포(441),X,,24.5,22.5,21.1,,X, ,X,보통
9/4/2022,하남(444),X,26.9,25.3,22.4,19.9,80,X, ,X,보통
9/4/2022,의왕(445),X,,,,,,X, ,X,보통
9/4/2022,포천(504),X,26.6,24.5,21.8,18.5,86,X, ,X,낮음
9/4/2022,가평조종(505),X,26.5,23.2,20.1,17.6,94,X, ,X,낮음
9/4/2022,안성(516),X,28.3,26.4,22.9,21,89,X, ,X,보통
9/4/2022,간성(517),X,24.7,21.7,19.8,17.2,97,X, ,X,보통
9/4/2022,평창(526),X,27.4,26,21.3,17.2,84,X, ,X,보통
9/4/2022,의정부(532),X,27,23.8,21.5,18.6,96,X, ,X,낮음
9/4/2022,횡성(536),X,28.3,25.1,22,19.6,95,X, ,X,보통
9/4/2022,고양(540),X,26.7,24.7,22.2,20.1,85,X, ,X,낮음
9/4/2022,남양주(541),X,26.9,24.9,22.4,19.9,80,X, ,X,낮음
9/4/2022,안산(545),X,27.3,25.2,22.4,20.5,86,X, ,X,보통
9/4/2022,경기광주(546),X,26.5,24.6,21.6,19.2,84,X, ,X,보통
9/4/2022,여주(548),X,27.5,24.8,21.5,18.9,95,X, ,X,보통
9/4/2022,용인(549),X,26.5,24.3,21.6,19.3,87,X, ,X,보통
9/4/2022,오산(550),X,27.4,25.8,22.7,20.4,81,X, ,X,보통
9/4/2022,평택(551),X,28.6,26.9,23.5,21.1,88,X, ,X,보통
9/4/2022,화천(555),X,23.8,20.8,19.2,17.1,97,X, ,X,낮음
9/4/2022,양구(556),X,25.4,22.9,19.8,17,91,X, ,X,낮음
9/4/2022,시흥(565),X,28,25.8,23.2,21.4,86,X, ,X,낮음
9/4/2022,구리(569),X,26.9,25.2,22.6,20.1,78,X, ,X,낮음
9/4/2022,화성(571),X,28.1,26.1,23.1,21.5,85,X, ,X,낮음
9/4/2022,성남(572),X,27.4,25.6,22.8,20.1,81,X, ,X,보통
9/4/2022,과천(590),X,27.8,25.3,22.5,19.4,89,X, ,X,낮음
9/4/2022,양주(598),X,26.4,23.6,21.7,19,87,X, ,X,낮음
9/4/2022,단양(601),X,28.5,26.9,22.5,18.5,89,X, ,X,보통
9/4/2022,진천(602),X,28.9,27.6,23.2,19.6,88,X, ,X,보통
9/4/2022,괴산(603),X,28.1,26.7,23,18.7,87,X, ,X,보통
9/4/2022,옥천(604),X,30.1,28.6,24,21,86,X, ,X,보통
9/4/2022,홍북(608),X,28.3,26.7,22.8,21.1,87,X, ,X,보통
9/4/2022,공주(612),X,29.2,27.2,24.1,21.1,84,X, ,X,보통
9/4/2022,서천(614),X,31.2,29.5,24.3,21.9,86,X, ,X,보통
9/4/2022,논산(615),X,32,31.2,25.5,22.1,77,X, ,X,보통
9/4/2022,당진(616),X,29.2,27.2,23.5,21.3,88,X, ,X,보통
9/4/2022,청양(618),X,29.1,26.6,23.4,20.1,88,X, ,X,보통
9/4/2022,음성(619),X,27,25.4,21.7,18.3,86,X, ,X,보통
9/4/2022,증평(623),X,29.1,27.1,23.5,20.5,89,X, ,X,보통
9/4/2022,태안(627),X,30,27.9,23.8,22.4,89,X, ,X,보통
9/4/2022,예산(628),X,29.5,27.6,23.9,21.5,89,X, ,X,보통
9/4/2022,아산(634),X,28.9,27.1,23.6,21.9,85,X, ,X,보통
9/4/2022,계룡(636),X,30.4,29.1,24.3,20.8,76,X, ,X,보통
9/4/2022,연천청산(652),X,,,,,,X, ,X,보통
9/4/2022,양양(670),X,25.1,22.1,20.6,18.4,94,X, ,X,낮음
9/4/2022,무안(699),X,31,29.9,25.5,23.3,83,X, ,X,보통
9/4/2022,무주(701),X,30.6,30.1,24.8,19.7,79,X, ,X,보통
9/4/2022,익산(702),X,31.9,30.3,25.2,22,88,X, ,X,보통
9/4/2022,진안(703),X,29.7,28.9,24.5,20.2,80,X, ,X,보통
9/4/2022,담양(706),O,33.6,32.1,25.7,22.1,89,X, ,X,보통
9/4/2022,구례(709),X,32.4,31.4,26.5,23.6,81,X, ,X,보통
9/4/2022,나주(710),X,31.9,30.4,25.5,22.3,87,X, ,X,보통
9/4/2022,순천시(712),X,32.7,31.9,26.9,23.8,77,X, ,X,높음
9/4/2022,광양읍(713),X,32.7,32.2,27,24,72,X, ,O,높음
9/4/2022,장성(730),X,31.2,30.8,25.9,23.3,79,X, ,X,보통
9/4/2022,영암(731),X,32.2,31.1,26,23.6,85,X, ,X,보통
9/4/2022,보성(732),X,31.7,30.2,25.1,22.5,88,X, ,X,높음
9/4/2022,완주(734),X,32.5,31.9,25.3,20.9,81,X, ,X,보통
9/4/2022,김제(737),X,30.5,31.3,25.3,21.8,70,X, ,X,보통
9/4/2022,화순(741),X,31.7,30.6,25.7,23.3,82,X, ,X,보통
9/4/2022,함평(754),X,31.5,30.3,25.5,23.2,86,X, ,X,보통
9/4/2022,곡성(768),X,31.5,30.3,25.6,21.6,83,X, ,X,보통
9/4/2022,압해도(789),X,31.2,30,25.2,23.1,85,X, ,X,보통
9/4/2022,영양(801),X,29,26.9,22.6,18.8,92,X, ,X,보통
9/4/2022,성주(810),X,30.7,29.5,24,20.3,86,X, ,X,보통
9/4/2022,고령(812),X,31.1,29.8,24.5,20.6,92,X, ,X,보통
9/4/2022,청도(813),X,31.6,30.5,25,20.6,85,X, ,X,보통
9/4/2022,예천(815),X,27.8,26,22.8,19.5,85,X, ,X,보통
9/4/2022,김천(822),X,30,28,22.7,19.1,95,X, ,X,보통
9/4/2022,군위(823),X,30.9,29.5,23.8,20.3,89,X, ,X,보통
9/4/2022,칠곡(825),X,31.4,29.6,24.3,20.7,93,X, ,X,보통
9/4/2022,경산(827),X,31.1,30,24.9,20.7,84,X, ,X,보통
9/4/2022,삼척(876),X,26.7,24.1,21.3,19.3,91,X, ,X,보통
9/4/2022,속초(90),X,24.8,21.9,20.3,18.5,93.4,X, ,X,낮음
9/4/2022,삼천포(907),X,32.5,31.2,25.5,21.9,87,X, ,X,높음
9/4/2022,고성(918),X,32.2,30.6,25.9,22.3,88,X, ,X,높음
9/4/2022,창녕(919),X,32.8,31.9,25.4,21.4,86,X, ,X,보통
9/4/2022,함안(920),X,32.4,30.8,24.7,20.9,91,X, ,X,높음
9/4/2022,북춘천(93),X,25.6,22.3,20.5,18.2,95.1,X, ,X,보통
9/4/2022,하동(932),X,32.5,31.8,26.1,22.8,82,X, ,X,높음
9/4/2022,철원(95),X,25.9,22.8,20.7,18.5,91.3,X, ,X,낮음
9/4/2022,동두천(98),X,25.9,22.7,21.4,18.8,90.9,X, ,X,낮음
9/4/2022,파주(99),X,26.4,23.2,21,18.7,94.1,X, ,X,보통
9/5/2022,북강릉(104),X,28,26.5,19.4,17.6,97.1,X, ,X,낮음
9/5/2022,동해(106),X,27.4,24.1,20.6,18.3,99,X, ,X,보통
9/5/2022,서울(108),X,25.8,22.7,19.2,17.7,95.9,X, ,X,보통
9/5/2022,인천(112),X,25,22.1,18.5,17.3,92.8,X, ,X,낮음
9/5/2022,원주(114),X,26.1,23.3,21.2,18,92.6,X, ,X,낮음
9/5/2022,울릉도(115),X,30.1,27.8,25.1,23.6,89,X, ,X,보통
9/5/2022,수원(119),X,26.3,23,19.9,18.1,97,X, ,X,낮음
9/5/2022,영월(121),X,27.1,24,21.4,17.9,96.6,X, ,X,낮음
9/5/2022,충주(127),X,27.9,25,22.3,19.6,92.4,X, ,X,낮음
9/5/2022,서산(129),X,25.8,22.8,19.5,17.7,93.6,X, ,X,낮음
9/5/2022,울진(130),X,27,24.3,21.5,18.7,94.9,X, ,X,보통
9/5/2022,청주(131),X,28.6,26.1,23,18.8,91.4,X, ,X,보통
9/5/2022,대전(133),X,28.2,25.4,22.6,18.7,93.4,X, ,X,보통
9/5/2022,추풍령(135),X,27.1,24.5,22.9,21.3,92.1,X, ,X,보통
9/5/2022,안동(136),X,28.8,26.7,23.9,21.6,89.3,X, ,X,보통
9/5/2022,상주(137),X,28.4,25,23.4,21.6,100,X, ,X,보통
9/5/2022,포항(138),X,30.5,28.7,24.2,21,92.3,X, ,X,보통
9/5/2022,군산(140),X,27.9,25,22.4,18.9,95.3,X, ,X,낮음
9/5/2022,대구(143),X,30.6,27.9,24.9,22,96,X, ,X,보통
9/5/2022,전주(146),X,28.6,25.7,23,19.3,95.4,X, ,X,보통
9/5/2022,울산(152),X,30.4,28.1,25.8,23.9,92.9,X, ,X,보통
9/5/2022,창원(155),X,29.8,28.6,25.7,23.9,83.6,X, ,X,보통
9/5/2022,광주(156),X,29.3,26,24,22.1,99,X, ,X,보통
9/5/2022,부산(159),X,30.3,27.9,26.2,25.3,92.6,X, ,X,보통
9/5/2022,통영(162),X,30.6,28,25.8,24.8,95.4,X, ,X,보통
9/5/2022,목포(165),X,28.1,25.7,24,20.7,93.9,X, ,X,보통
9/5/2022,여수(168),X,28.3,26.4,25.4,24.5,85.9,X, ,X,보통
9/5/2022,흑산도(169),X,26.3,23.1,21.5,18.2,99,X, ,X,낮음
9/5/2022,완도(170),X,28.2,25.4,24.6,24,95.9,X, ,X,낮음
9/5/2022,고창(172),X,28,26,23.2,19.6,90,X, ,X,보통
9/5/2022,제주(184),X,30.2,27.4,26.5,25.7,96.3,X, ,X,높음
9/5/2022,진주(192),X,29.1,25.9,24.5,23.2,95.5,X, ,X,보통
9/5/2022,양평(202),X,26.1,23.2,20.2,17.8,96.1,X, ,X,낮음
9/5/2022,이천(203),X,26.5,23.4,20.7,17.5,100,X, ,X,낮음
9/5/2022,인제(211),X,26.1,23.5,19.4,17.2,95.5,X, ,X,낮음
9/5/2022,홍천(212),X,26,23.2,19.7,17.1,97.8,X, ,X,낮음
9/5/2022,태백(216),X,26.3,24.7,19.5,15.2,91.3,X, ,X,보통
9/5/2022,정선군(217),X,26.8,24.1,21,17.7,89.1,X, ,X,낮음
9/5/2022,제천(221),X,27.3,24,21.3,17.8,99.1,X, ,X,낮음
9/5/2022,보은(226),X,27.7,24.7,22.9,21.6,97.3,X, ,X,보통
9/5/2022,천안(232),X,28.2,24.9,21.8,18.5,99,X, ,X,낮음
9/5/2022,보령(235),X,26.7,23.9,21.1,17.9,94,X, ,X,낮음
9/5/2022,부여(236),X,28.5,25.6,21.9,18.4,97.3,X, ,X,낮음
9/5/2022,금산(238),X,27.6,24.5,22.6,20.6,98.1,X, ,X,보통
9/5/2022,세종(239),X,28.2,25.2,22.3,18.3,95.5,X, ,X,보통
9/5/2022,부안(243),X,28.6,25.6,22.8,19.2,95.6,X, ,X,보통
9/5/2022,임실(244),X,27.2,24.4,22.9,21.7,95.6,X, ,X,보통
9/5/2022,정읍(245),X,27.3,25.1,22.3,18.7,93.3,X, ,X,보통
9/5/2022,남원(247),X,27.7,25.3,23.9,23.2,90.5,X, ,X,보통
9/5/2022,장수(248),X,26.7,24.9,22.9,21,90.9,X, ,X,보통
9/5/2022,영광군(252),X,28.3,26,23.3,20,92.4,X, ,X,보통
9/5/2022,김해시(253),X,30.5,28.4,26.2,24.2,89.5,X, ,X,보통
9/5/2022,순창군(254),X,28.1,25.1,23.9,23.2,96.8,X, ,X,보통
9/5/2022,양산시(257),X,31.1,29.6,26.9,23.9,88.6,X, ,X,보통
9/5/2022,강진군(259),X,28.4,25.6,24.8,23.7,95.8,X, ,X,보통
9/5/2022,장흥(260),X,28.6,26.7,25.1,23.3,92.1,X, ,X,낮음
9/5/2022,해남(261),X,28.6,26.1,24.9,22.9,93.1,X, ,X,보통
9/5/2022,고흥(262),X,27.9,26,24.5,23.5,90.3,X, ,X,보통
9/5/2022,의령군(263),X,30.4,27.7,24.8,23.1,97.4,X, ,X,보통
9/5/2022,함양군(264),X,28.5,25.1,23.4,22.4,100,X, ,X,보통
9/5/2022,진도군ASOS(268),X,28.4,25.9,24.3,21,92.6,X, ,X,보통
9/5/2022,봉화(271),X,28.1,26,21.7,19.4,95.6,X, ,X,보통
9/5/2022,영주(272),X,28.6,25.7,22.7,20.6,99.3,X, ,X,보통
9/5/2022,문경(273),X,28.2,24.9,23.2,21.8,98.9,X, ,X,보통
9/5/2022,청송군(276),X,29.2,27.8,23.6,21.5,86.5,X, ,X,보통
9/5/2022,영덕(277),X,29.6,27.1,22.4,19.2,95.6,X, ,X,보통
9/5/2022,의성(278),X,30.2,28.6,24.5,22.6,94.9,X, ,X,보통
9/5/2022,구미(279),X,28.3,25.7,23.9,22.2,91.4,X, ,X,보통
9/5/2022,영천(281),X,29.6,27.8,24.2,21.9,92.3,X, ,X,보통
9/5/2022,경주시(283),X,30.7,28.3,24.3,21.3,92,X, ,X,보통
9/5/2022,거창(284),X,27.9,25.2,23.2,22,95.6,X, ,X,보통
9/5/2022,합천(285),X,28.7,25.8,23.7,22.1,94.5,X, ,X,보통
9/5/2022,밀양(288),X,30.3,29.1,25.4,23.3,85.5,X, ,X,보통
9/5/2022,산청(289),X,28,25,23.8,22.6,96.3,X, ,X,보통
9/5/2022,거제(294),X,29.6,27.5,25.7,24.8,91.3,X, ,X,보통
9/5/2022,남해(295),X,28.1,25,24.3,23.8,97.4,X, ,X,보통
9/5/2022,부천(433),X,24.4,21.5,17.9,16.6,93,X, ,X,낮음
9/5/2022,안양(434),X,20.9,22.8,19.3,17.8,,X, ,X,낮음
9/5/2022,광명(437),X,25.7,22.8,19.2,17.5,93,O, ,X,낮음
9/5/2022,군포(438),X,25,22.3,18.9,17.3,91,X, ,X,낮음
9/5/2022,김포(441),X,,21.9,18.5,17.5,,X, ,X,보통
9/5/2022,하남(444),X,25,22,18.6,16.9,95,X, ,X,낮음
9/5/2022,의왕(445),X,,,,,,X, ,X,낮음
9/5/2022,포천(504),X,25.1,22.1,18.3,17,94,X, ,X,보통
9/5/2022,가평조종(505),X,21.6,,,,,X, ,X,낮음
9/5/2022,안성(516),X,26.6,23.4,20.8,17.7,99,X, ,X,낮음
9/5/2022,간성(517),X,23.3,20.3,18.7,17.4,97,X, ,X,낮음
9/5/2022,평창(526),X,26.9,24.2,21.2,17.5,90,X, ,X,낮음
9/5/2022,의정부(532),X,25.3,22.2,18.6,17.3,98,X, ,X,보통
9/5/2022,횡성(536),X,26.3,23,20.6,17.5,99,X, ,X,낮음
9/5/2022,고양(540),X,25.2,22.3,18.7,17.4,91,X, ,X,보통
9/5/2022,남양주(541),X,25.5,22.7,18.5,16.8,93,X, ,X,낮음
9/5/2022,안산(545),X,25,21.8,18.7,17,97,X, ,X,낮음
9/5/2022,경기광주(546),X,25.1,22.2,18.9,17.1,93,X, ,X,낮음
9/5/2022,여주(548),X,25.7,22.5,20.2,17.1,99,X, ,X,낮음
9/5/2022,용인(549),X,25.1,22.2,18.9,16.8,97,X, ,X,낮음
9/5/2022,오산(550),X,25.2,22.2,18.9,17.1,95,X, ,X,낮음
9/5/2022,평택(551),X,26.5,23.2,20.5,17.7,100,X, ,X,낮음
9/5/2022,화천(555),X,24.6,21.5,18.4,16.8,97,X, ,X,보통
9/5/2022,양구(556),X,25.4,22.8,18.9,16.4,93,X, ,X,낮음
9/5/2022,시흥(565),X,25.8,22.6,19.1,17.8,96,X, ,X,낮음
9/5/2022,구리(569),X,25.2,22.5,18.9,17.2,92,X, ,X,낮음
9/5/2022,화성(571),X,25.6,22.5,19.2,17.4,97,X, ,X,낮음
9/5/2022,성남(572),X,25.3,22.5,18.9,17.2,93,X, ,X,낮음
9/5/2022,과천(590),X,25.3,22.2,19,17.5,99,X, ,X,낮음
9/5/2022,양주(598),X,25.2,22.1,18.2,17,96,X, ,X,보통
9/5/2022,단양(601),X,27.8,24.8,22.6,18.7,97,X, ,X,낮음
9/5/2022,진천(602),X,27.8,24.9,22.1,18.5,94,X, ,X,낮음
9/5/2022,괴산(603),X,27.9,24.9,22.7,19.3,97,X, ,X,낮음
9/5/2022,옥천(604),X,28.6,25.6,23.7,22.6,97,X, ,X,보통
9/5/2022,홍북(608),X,25.1,21.9,19.3,16.8,98,X, ,X,낮음
9/5/2022,공주(612),X,28.2,25.2,21.9,18,98,X, ,X,낮음
9/5/2022,서천(614),X,28.6,25.4,22.4,19.3,98,X, ,X,낮음
9/5/2022,논산(615),X,28.7,26.2,23,18.8,93,X, ,X,보통
9/5/2022,당진(616),X,25.9,22.6,19.4,17.7,99,X, ,X,낮음
9/5/2022,청양(618),X,26.4,23.4,20.5,17.4,96,X, ,X,낮음
9/5/2022,음성(619),X,26.3,23.4,21.4,18.2,95,X, ,X,낮음
9/5/2022,증평(623),X,28.4,25.2,22.6,19.7,99,X, ,X,낮음
9/5/2022,태안(627),X,25.8,22.6,19.3,17.8,96,X, ,X,낮음
9/5/2022,예산(628),X,26.5,23.3,20,17.7,99,X, ,X,낮음
9/5/2022,아산(634),X,26.2,23,20,17.6,97,X, ,X,낮음
9/5/2022,계룡(636),X,28,25.9,22.4,18.8,88,X, ,X,보통
9/5/2022,연천청산(652),X,,,,,,X, ,X,보통
9/5/2022,양양(670),X,25.1,22.1,19.2,17.7,94,X, ,X,낮음
9/5/2022,무안(699),X,28,25.4,23.9,20.8,94,X, ,X,보통
9/5/2022,무주(701),X,27.6,24.6,23,22.2,95,X, ,X,보통
9/5/2022,익산(702),X,29.4,26.2,23,19.1,97,X, ,X,보통
9/5/2022,진안(703),X,27.4,25.3,22.8,21.9,94,X, ,X,보통
9/5/2022,담양(706),X,29.1,26,24.2,22,96,X, ,X,보통
9/5/2022,구례(709),X,29,27.1,25.2,23.8,90,X, ,X,보통
9/5/2022,나주(710),X,28.1,25.4,23.7,20.7,97,X, ,X,보통
9/5/2022,순천시(712),X,29,27.1,26,24.5,83,X, ,X,보통
9/5/2022,광양읍(713),X,29.3,27.3,25.5,24.6,92,X, ,X,보통
9/5/2022,장성(730),X,28.3,26.2,23.6,20.2,95,X, ,X,보통
9/5/2022,영암(731),X,28.4,25.7,24.1,21.6,96,X, ,X,보통
9/5/2022,보성(732),X,28.5,26.1,25,23.4,93,X, ,X,낮음
9/5/2022,완주(734),X,28.7,25.8,23.3,20.8,97,X, ,X,보통
9/5/2022,김제(737),X,27.9,25.4,22.5,18.6,86,X, ,X,보통
9/5/2022,화순(741),X,27.9,25.8,24.4,23.5,89,X, ,X,보통
9/5/2022,함평(754),X,28.4,25.7,24,21,96,X, ,X,보통
9/5/2022,곡성(768),X,27.9,25.7,23.8,23,96,X, ,X,보통
9/5/2022,압해도(789),X,28,25.5,23.7,20.9,91,X, ,X,보통
9/5/2022,영양(801),X,29.7,27.2,23,20.8,96,X, ,X,보통
9/5/2022,성주(810),X,28.7,26.3,24.2,22.7,92,X, ,X,보통
9/5/2022,고령(812),X,29.6,26.3,23.8,22,98,X, ,X,보통
9/5/2022,청도(813),X,30,27.9,24.1,22.4,93,X, ,X,보통
9/5/2022,예천(815),X,29,26.5,23.4,20.2,94,X, ,X,보통
9/5/2022,김천(822),X,28.4,25.1,23.5,22,99,X, ,X,보통
9/5/2022,군위(823),X,29.7,26.4,24.1,22.5,98,X, ,X,보통
9/5/2022,칠곡(825),X,29.5,26.2,24.4,22.8,100,X, ,X,보통
9/5/2022,경산(827),X,29.9,27.9,24.4,21.6,90,X, ,X,보통
9/5/2022,삼척(876),X,25.9,23,20.4,18.1,95,X, ,X,보통
9/5/2022,속초(90),X,24.1,21.1,18.7,17.3,95.6,X, ,X,낮음
9/5/2022,삼천포(907),X,28.8,26.8,25.1,23.7,90,X, ,X,보통
9/5/2022,고성(918),X,30.4,28,26,23.8,91,X, ,X,보통
9/5/2022,창녕(919),X,30.5,27.9,25,23,94,X, ,X,보통
9/5/2022,함안(920),X,30,27.2,24.4,22.4,97,X, ,X,보통
9/5/2022,북춘천(93),X,26,22.7,19.5,17.2,96.1,X, ,X,낮음
9/5/2022,하동(932),X,28.7,25.9,24.8,23.6,94,X, ,X,보통
9/5/2022,철원(95),X,25.1,22,18.1,16.9,97,X, ,X,보통
9/5/2022,동두천(98),X,24.9,21.7,18.1,17,96.8,X, ,X,보통
9/5/2022,파주(99),X,24.5,21.3,18,17,99.6,X, ,X,보통
9/6/2022,북강릉(104),X,27.2,27,20.1,15.6,78.6,X, ,X,보통
9/6/2022,동해(106),X,26.6,26.2,20.6,18.1,81.9,X, ,X,보통
9/6/2022,서울(108),X,25.9,26.3,21,17,78,X, ,X,높음
9/6/2022,인천(112),X,25.8,25.2,20.9,16.6,77.9,X, ,X,높음
9/6/2022,원주(114),X,25,25.1,20.1,17.2,76.3,X, ,X,보통
9/6/2022,울릉도(115),X,28.1,25.6,21.7,18.2,88.3,X, ,X,보통
9/6/2022,수원(119),X,26.6,26.1,20.9,17.5,81.6,X, ,X,높음
9/6/2022,영월(121),X,24.5,23.6,19.4,16.2,82.5,X, ,X,보통
9/6/2022,충주(127),X,26,25.3,19.3,14.7,83.8,X, ,X,보통
9/6/2022,서산(129),X,26.1,25.7,20.5,17.1,80.6,X, ,X,높음
9/6/2022,울진(130),X,25.6,23.9,19.9,17,87.9,X, ,X,보통
9/6/2022,청주(131),X,26.6,26.5,21.4,17.7,75.1,X, ,X,높음
9/6/2022,대전(133),X,26.3,25.8,20.2,17.1,79.8,X, ,X,높음
9/6/2022,추풍령(135),X,24.5,23.9,20,17.4,78.3,X, ,X,보통
9/6/2022,안동(136),X,25.3,24.5,20.7,17.5,77.1,X, ,X,보통
9/6/2022,상주(137),X,26.7,26,21.1,18.2,80.6,X, ,X,높음
9/6/2022,포항(138),X,26.7,26.3,22.3,19,75.8,X, ,X,높음
9/6/2022,군산(140),X,25.7,24.3,20.9,18.3,84.5,X, ,X,높음
9/6/2022,대구(143),X,26.9,26.4,22.6,19.1,81,X, ,X,높음
9/6/2022,전주(146),X,26.3,25.3,20.7,17.4,83.3,X, ,X,높음
9/6/2022,울산(152),X,28.8,27.4,23.9,18.6,73,X, ,X,높음
9/6/2022,창원(155),X,28.5,28.5,24.2,19.7,65.9,X, ,X,매우높음
9/6/2022,광주(156),X,26.5,25.5,21.5,18.6,89.8,X, ,X,높음
9/6/2022,부산(159),X,28.8,28.3,24.5,21.3,75.1,X, ,X,매우높음
9/6/2022,통영(162),X,29.6,29.1,24.4,19.3,77.6,X, ,X,매우높음
9/6/2022,목포(165),X,25.7,24.6,21.7,19.1,83,X, ,X,매우높음
9/6/2022,여수(168),X,28.1,26.3,23.4,20.7,68.9,X, ,X,매우높음
9/6/2022,흑산도(169),X,25.9,23.9,20.9,18.5,90.6,X, ,X,매우높음
9/6/2022,완도(170),X,27.8,26.4,22.8,19.8,76,X, ,X,매우높음
9/6/2022,고창(172),X,25.7,24.8,20.9,18.5,81.5,X, ,X,높음
9/6/2022,제주(184),X,29.2,26.6,23.4,21,81.1,X, ,X,매우높음
9/6/2022,진주(192),X,27.7,27.7,23.1,16,73.9,X, ,X,매우높음
9/6/2022,양평(202),X,26,26.2,20.5,16.4,74,X, ,X,보통
9/6/2022,이천(203),X,27.3,27.1,20.8,17,83.5,X, ,X,보통
9/6/2022,인제(211),X,25.3,25.1,19.1,13.8,79.6,X, ,X,보통
9/6/2022,홍천(212),X,25.5,25.7,19.1,14.5,82,X, ,X,보통
9/6/2022,태백(216),X,22,21.3,17.4,14.6,74,X, ,X,보통
9/6/2022,정선군(217),X,24.3,23.5,18.6,15.3,81.8,X, ,X,보통
9/6/2022,제천(221),X,25.2,24,18.7,13.8,87,X, ,X,보통
9/6/2022,보은(226),X,25.5,24.7,19.1,14.5,85.9,X, ,X,보통
9/6/2022,천안(232),X,25.7,24.9,19.6,14.7,86.3,X, ,X,높음
9/6/2022,보령(235),X,26.9,25.6,20.6,17.7,84,X, ,X,높음
9/6/2022,부여(236),X,26.9,26.5,20.5,16.4,83.3,X, ,X,높음
9/6/2022,금산(238),X,25.9,25.3,20,16,83.8,X, ,X,높음
9/6/2022,세종(239),X,26.2,25.5,20.1,17.1,79.6,X, ,X,높음
9/6/2022,부안(243),X,26.2,25.1,21.2,18,83.6,X, ,X,높음
9/6/2022,임실(244),X,25.3,24.3,19.2,15.3,86.4,X, ,X,보통
9/6/2022,정읍(245),X,25.6,24.9,20.2,17.4,81.8,X, ,X,높음
9/6/2022,남원(247),X,26.2,25.1,20.5,16.2,83,X, ,X,높음
9/6/2022,장수(248),X,25.1,22.6,17.9,11.8,87.9,X, ,X,보통
9/6/2022,영광군(252),X,26.2,25.2,21.2,18.8,83.1,X, ,X,높음
9/6/2022,김해시(253),X,29,28.5,24.3,19.9,74.8,X, ,X,높음
9/6/2022,순창군(254),X,26.6,24.3,20.5,16.1,83.9,X, ,X,높음
9/6/2022,양산시(257),X,30.2,30,24.8,17.9,75,X, ,X,높음
9/6/2022,강진군(259),X,27.7,26.7,22.3,18.9,79.3,X, ,X,매우높음
9/6/2022,장흥(260),X,27.7,26,21.8,17.2,80.6,X, ,X,매우높음
9/6/2022,해남(261),X,26.7,25.4,22.5,20,81.6,X, ,X,매우높음
9/6/2022,고흥(262),X,27.5,25.8,22,17.3,76.6,X, ,X,매우높음
9/6/2022,의령군(263),X,28.4,27.8,22.9,16.5,80.8,X, ,X,매우높음
9/6/2022,함양군(264),X,27.3,25.9,21.2,14.9,87.8,X, ,X,높음
9/6/2022,진도군ASOS(268),X,26.1,24.7,21.7,19.5,83.8,X, ,X,매우높음
9/6/2022,봉화(271),X,24.1,23,19.3,13.4,78.8,X, ,X,보통
9/6/2022,영주(272),X,24.8,24,20.5,18.1,76.9,X, ,X,보통
9/6/2022,문경(273),X,25.2,24.3,20.3,16.1,77,X, ,X,높음
9/6/2022,청송군(276),X,25,24.2,20.4,16.1,72.8,X, ,X,보통
9/6/2022,영덕(277),X,27.1,26.5,21.2,17.2,77.5,X, ,X,높음
9/6/2022,의성(278),X,26.1,25.2,20.9,15.1,84,X, ,X,보통
9/6/2022,구미(279),X,25.9,25.4,21.3,18.5,76,X, ,X,높음
9/6/2022,영천(281),X,25.9,25,21.4,17.4,79.4,X, ,X,보통
9/6/2022,경주시(283),X,26.5,26.1,21.5,16.3,78.8,X, ,X,보통
9/6/2022,거창(284),X,26.1,25.8,21,14.2,78.8,X, ,X,높음
9/6/2022,합천(285),X,26.7,27.1,22.8,16.9,71.6,X, ,X,높음
9/6/2022,밀양(288),X,28.5,28.1,23.7,18,70,X, ,X,높음
9/6/2022,산청(289),X,26.9,25.9,22.1,17,75.8,X, ,X,높음
9/6/2022,거제(294),X,28.3,27.9,23.7,18.3,74.8,X, ,X,매우높음
9/6/2022,남해(295),X,28.2,27.3,23.7,18.1,71.4,X, ,X,매우높음
9/6/2022,부천(433),X,26.1,25.8,20.5,15.9,72,X, ,X,높음
9/6/2022,안양(434),X,22.9,26,21,17,,X, ,X,높음
9/6/2022,광명(437),X,26.5,27,21.7,17.2,71,O, ,X,높음
9/6/2022,군포(438),X,26.2,25.9,20.7,16.6,73,X, ,X,높음
9/6/2022,김포(441),X,,26.7,21,16.8,,X, ,X,높음
9/6/2022,하남(444),X,26.1,26,19.8,16.4,76,X, ,X,보통
9/6/2022,의왕(445),X,,,,,,X, ,X,높음
9/6/2022,포천(504),X,26.7,26.9,20,16.3,75,X, ,X,보통
9/6/2022,가평조종(505),X,25.8,25.9,19.1,14.3,82,X, ,X,보통
9/6/2022,안성(516),X,26.2,25.5,19.7,15.9,86,X, ,X,높음
9/6/2022,간성(517),X,27.5,26.8,20.1,16.6,82,X, ,X,보통
9/6/2022,평창(526),X,24.5,24.5,18.2,13.3,79,X, ,X,보통
9/6/2022,의정부(532),X,27.1,26.1,20.4,16.6,81,X, ,X,높음
9/6/2022,횡성(536),X,26.4,25.9,19.1,14.4,90,X, ,X,보통
9/6/2022,고양(540),X,27.6,28.1,20.6,16.8,76,X, ,X,높음
9/6/2022,남양주(541),X,27.8,27.5,19.9,16.1,77,X, ,X,보통
9/6/2022,안산(545),X,26.9,26.1,19.3,15,86,X, ,X,높음
9/6/2022,경기광주(546),X,25.6,26,19.5,16.4,79,X, ,X,보통
9/6/2022,여주(548),X,24.9,24.9,19.6,16.4,84,X, ,X,보통
9/6/2022,용인(549),X,25.4,25.6,19.3,16.1,80,X, ,X,높음
9/6/2022,오산(550),X,26,25.9,20.1,16.6,79,X, ,X,높음
9/6/2022,평택(551),X,26.4,25.7,20.4,17.1,84,X, ,X,높음
9/6/2022,화천(555),X,27.6,27.2,19,13.4,85,X, ,X,보통
9/6/2022,양구(556),X,25.4,25.9,18.7,13.4,76,X, ,X,보통
9/6/2022,시흥(565),X,26.7,26.1,20.6,16.5,81,X, ,X,높음
9/6/2022,구리(569),X,26.9,27.4,20.9,16.7,73,X, ,X,높음
9/6/2022,화성(571),X,26.6,26,20.6,17.1,83,X, ,X,높음
9/6/2022,성남(572),X,26,26.4,20.6,16.8,74,X, ,X,높음
9/6/2022,과천(590),X,26.8,26.8,20.7,17,78,X, ,X,높음
9/6/2022,양주(598),X,26,26.5,20.3,16.5,76,X, ,X,높음
9/6/2022,단양(601),X,25.9,25.1,19.5,16.2,87,X, ,X,보통
9/6/2022,진천(602),X,26.4,25.8,20.2,15.3,80,X, ,X,높음
9/6/2022,괴산(603),X,26,25.2,19.1,14.1,86,X, ,X,보통
9/6/2022,옥천(604),X,26.6,26.3,20.2,15.9,84,X, ,X,높음
9/6/2022,홍북(608),X,27.2,26.3,19.6,16.4,87,X, ,X,높음
9/6/2022,공주(612),X,26.5,26.2,20.3,16.4,83,X, ,X,높음
9/6/2022,서천(614),X,25.9,24.7,20.4,16.3,85,X, ,X,높음
9/6/2022,논산(615),X,27,26.2,20.5,16.7,82,X, ,X,높음
9/6/2022,당진(616),X,26.6,25.9,20.7,17.4,85,X, ,X,높음
9/6/2022,청양(618),X,26.3,25.5,19.4,15.2,85,X, ,X,높음
9/6/2022,음성(619),X,25.4,24.5,18.3,13.2,84,X, ,X,높음
9/6/2022,증평(623),X,26.3,25,19.7,15.2,87,X, ,X,높음
9/6/2022,태안(627),X,26.5,25.2,20.9,17.8,87,X, ,X,높음
9/6/2022,예산(628),X,26.4,25.8,20.8,17.3,82,X, ,X,높음
9/6/2022,아산(634),X,27,26.5,20.5,17.2,81,X, ,X,높음
9/6/2022,계룡(636),X,25.9,25.7,19.2,13.8,79,X, ,X,높음
9/6/2022,연천청산(652),X,,,,,,X, ,X,높음
9/6/2022,양양(670),X,26.8,27,20.7,16.9,74,X, ,X,보통
9/6/2022,무안(699),X,26,24.9,21.6,19.4,85,X, ,X,매우높음
9/6/2022,무주(701),X,25.7,25.2,19.5,14.6,85,X, ,X,보통
9/6/2022,익산(702),X,27,25.5,20.7,17.1,88,X, ,X,높음
9/6/2022,진안(703),X,25,23,18.8,15.4,89,X, ,X,보통
9/6/2022,담양(706),X,28.1,27,21.3,17,89,X, ,X,높음
9/6/2022,구례(709),X,27.5,25.9,21.2,16.6,87,X, ,X,높음
9/6/2022,나주(710),X,26.9,25.9,21,16.3,85,X, ,X,높음
9/6/2022,순천시(712),X,28.5,27.9,23.2,17.3,70,X, ,X,높음
9/6/2022,광양읍(713),X,28.5,28.7,23.5,17.3,71,X, ,X,높음
9/6/2022,장성(730),X,26.6,26.1,21,17.4,83,X, ,X,높음
9/6/2022,영암(731),X,26.7,25.6,21.5,18.7,86,X, ,X,매우높음
9/6/2022,보성(732),X,28.2,26.7,22.1,17.1,79,X, ,X,매우높음
9/6/2022,완주(734),X,27,26.1,20.1,16.4,87,X, ,X,높음
9/6/2022,김제(737),X,25.2,24.6,20.6,17.5,75,X, ,X,높음
9/6/2022,화순(741),X,27.3,25.8,21.2,16.7,79,X, ,X,높음
9/6/2022,함평(754),X,26.6,25.4,21.6,19.3,85,X, ,X,높음
9/6/2022,곡성(768),X,26.6,25.6,20.7,15.9,83,X, ,X,높음
9/6/2022,압해도(789),X,26.4,26.3,22.1,19.5,81,X, ,X,매우높음
9/6/2022,영양(801),X,25,23.9,20.1,14.9,82,X, ,X,보통
9/6/2022,성주(810),X,26.1,26.4,21.6,16.1,76,X, ,X,높음
9/6/2022,고령(812),X,27.6,27.3,21.1,14.9,83,X, ,X,높음
9/6/2022,청도(813),X,27.1,26.9,21.6,15,79,X, ,X,높음
9/6/2022,예천(815),X,26.1,25.8,20.4,15.2,80,X, ,X,보통
9/6/2022,김천(822),X,26.9,26.2,20.2,14.4,85,X, ,X,높음
9/6/2022,군위(823),X,26.3,25,20.6,15.9,87,X, ,X,보통
9/6/2022,칠곡(825),X,26.6,26,21.5,17.2,85,X, ,X,높음
9/6/2022,경산(827),X,24.6,26.5,22.1,18.1,,X, ,X,보통
9/6/2022,삼척(876),X,27.3,26.9,20.4,16.7,82,X, ,X,보통
9/6/2022,속초(90),X,27,27,21.1,17.1,71.6,X, ,X,보통
9/6/2022,삼천포(907),X,28.5,27.9,24,19,72,X, ,X,매우높음
9/6/2022,고성(918),X,29.1,,,,,X, ,X,매우높음
9/6/2022,창녕(919),X,27.7,27.2,22.4,16.7,81,X, ,X,높음
9/6/2022,함안(920),X,28.2,26.5,22.6,16.5,81,X, ,X,매우높음
9/6/2022,북춘천(93),X,26.6,26.5,19.8,14.1,79.9,X, ,X,보통
9/6/2022,하동(932),X,28,26.9,23.4,16.8,73,X, ,X,매우높음
9/6/2022,철원(95),X,25.5,25.5,20.2,16.5,75.4,X, ,X,보통
9/6/2022,동두천(98),X,26.2,25.7,19.9,16.3,80.5,X, ,X,높음
9/6/2022,파주(99),X,26.3,26.1,20,16.3,80.6,X, ,X,높음
9/7/2022,북강릉(104),X,26.3,27.4,21,14.1,60.5,X, ,X,높음
9/7/2022,동해(106),X,25.3,26.3,21.5,16,56.6,X, ,X,높음
9/7/2022,서울(108),X,26.9,28.1,22.8,17.9,65.3,X, ,X,높음
9/7/2022,인천(112),X,26.2,25.9,22.6,19,65.4,X, ,X,높음
9/7/2022,원주(114),X,25.6,26.8,20.6,15.6,66.1,X, ,X,높음
9/7/2022,울릉도(115),X,27,26.4,22.2,19,50.1,X, ,X,높음
9/7/2022,수원(119),X,26.3,28.1,21.7,17.6,74.1,X, ,X,높음
9/7/2022,영월(121),X,25,26.5,18.8,13.6,76.4,X, ,X,높음
9/7/2022,충주(127),X,25.9,26.9,19.8,14.6,76.3,X, ,X,높음
9/7/2022,서산(129),X,28.3,28.3,21.4,16,78.9,X, ,X,높음
9/7/2022,울진(130),X,25.4,25.6,20,14.5,67,X, ,X,높음
9/7/2022,청주(131),X,27.2,28.6,22,17.3,66.4,X, ,X,높음
9/7/2022,대전(133),X,27,28.2,20.9,15.8,66,X, ,X,높음
9/7/2022,추풍령(135),X,25.6,26.8,19.7,13.3,68.4,X, ,X,높음
9/7/2022,안동(136),X,26.7,27.6,20.4,13.5,70.1,X, ,X,높음
9/7/2022,상주(137),X,27.4,28.8,22.1,17.2,65.6,X, ,X,높음
9/7/2022,포항(138),X,26.6,26.3,21.8,18.2,66.5,X, ,X,매우높음
9/7/2022,군산(140),X,27.4,26.6,21.4,18.2,85.9,X, ,X,높음
9/7/2022,대구(143),X,27.8,29.1,22.4,15.8,69.1,X, ,X,매우높음
9/7/2022,전주(146),X,27.8,28,22.2,17,72.4,X, ,X,매우높음
9/7/2022,울산(152),X,26.6,28.3,21.5,16,61.8,X, ,X,매우높음
9/7/2022,창원(155),X,27.2,29,22.2,16.3,62.4,X, ,X,매우높음
9/7/2022,광주(156),X,28.4,29.2,22.2,16.7,77.6,X, ,X,매우높음
9/7/2022,부산(159),X,28.1,28.7,23.3,18.8,60.3,X, ,X,매우높음
9/7/2022,통영(162),X,28.8,29.2,22.5,16.7,73,X, ,X,매우높음
9/7/2022,목포(165),X,27.3,25.8,21.8,18.3,86,X, ,X,매우높음
9/7/2022,여수(168),X,27.7,28.5,23,18.5,65.1,X, ,X,매우높음
9/7/2022,흑산도(169),X,27.5,25.8,20.3,17.1,93.6,X, ,X,매우높음
9/7/2022,완도(170),X,29,29,23.1,17.7,71.3,X, ,X,매우높음
9/7/2022,고창(172),X,28.2,27.5,20.9,15.9,83.8,X, ,X,매우높음
9/7/2022,제주(184),X,28.7,28.9,24.2,18.7,61.5,X, ,X,매우높음
9/7/2022,진주(192),X,28.8,29.6,20.6,13.5,74.3,X, ,X,매우높음
9/7/2022,양평(202),X,26,27.6,20.4,15.8,74.1,X, ,X,높음
9/7/2022,이천(203),X,27.2,28.1,20.7,15.7,76.6,X, ,X,높음
9/7/2022,인제(211),X,25.4,26.7,18.1,12.4,78.5,X, ,X,높음
9/7/2022,홍천(212),X,25.4,27.2,18.8,12.8,76,X, ,X,높음
9/7/2022,태백(216),X,23.7,25,17.6,11,60.8,X, ,X,높음
9/7/2022,정선군(217),X,26.9,27.7,18.3,12.6,74.6,X, ,X,높음
9/7/2022,제천(221),X,25.5,26.4,18,11.6,80.8,X, ,X,높음
9/7/2022,보은(226),X,25.7,26.7,18.8,13.3,79.5,X, ,X,높음
9/7/2022,천안(232),X,26.5,27.6,19.5,14,81.1,X, ,X,높음
9/7/2022,보령(235),X,27.1,25.6,21,17,88.1,X, ,X,높음
9/7/2022,부여(236),X,27.6,28.5,20.4,15.7,84.5,X, ,X,높음
9/7/2022,금산(238),X,25.7,27.2,18.9,14,77.8,X, ,X,높음
9/7/2022,세종(239),X,27,27.7,20.6,16.2,71.3,X, ,X,높음
9/7/2022,부안(243),X,27.4,27.4,21.1,17.1,85.4,X, ,X,매우높음
9/7/2022,임실(244),X,26.8,27.4,19.2,14.1,77.4,X, ,X,매우높음
9/7/2022,정읍(245),X,27.1,27.3,21.1,15.8,78.9,X, ,X,매우높음
9/7/2022,남원(247),X,27.3,28.1,20.2,14,72.8,X, ,X,매우높음
9/7/2022,장수(248),X,25.2,25.9,17,9.8,78.8,X, ,X,매우높음
9/7/2022,영광군(252),X,27.9,26.8,20.9,15.6,85,X, ,X,매우높음
9/7/2022,김해시(253),X,28.6,29.7,22.7,16.9,65.1,X, ,X,매우높음
9/7/2022,순창군(254),X,28.1,29,20.6,15.1,80.3,X, ,X,매우높음
9/7/2022,양산시(257),X,29.1,31.7,22.9,16,69.1,X, ,X,매우높음
9/7/2022,강진군(259),X,28.9,29.8,22.6,16,77.9,X, ,X,매우높음
9/7/2022,장흥(260),X,28.3,29,21.9,15.3,79.4,X, ,X,매우높음
9/7/2022,해남(261),X,27.8,27.5,21.2,15.3,84.9,X, ,X,매우높음
9/7/2022,고흥(262),X,27.5,28.4,21.2,14.9,75.9,X, ,X,매우높음
9/7/2022,의령군(263),X,28.8,29,20.2,12.5,82.9,X, ,X,매우높음
9/7/2022,함양군(264),X,28.2,29.2,19.9,12,76.5,X, ,X,매우높음
9/7/2022,진도군ASOS(268),X,27.2,26.4,21,16.6,88.9,X, ,X,매우높음
9/7/2022,봉화(271),X,25.1,25.9,17.6,10.8,78.3,X, ,X,높음
9/7/2022,영주(272),X,25.7,26.5,19.6,12.5,71,X, ,X,높음
9/7/2022,문경(273),X,25.9,27.1,20.3,15,71,X, ,X,높음
9/7/2022,청송군(276),X,26.1,28.5,18.6,11.4,68.6,X, ,X,매우높음
9/7/2022,영덕(277),X,26.1,27.2,19.5,13.8,69.5,X, ,X,높음
9/7/2022,의성(278),X,27.4,28.8,19.4,13.3,78.6,X, ,X,높음
9/7/2022,구미(279),X,27.2,28.6,21.1,14.5,66.3,X, ,X,매우높음
9/7/2022,영천(281),X,27.3,28.5,20.4,13.7,71.5,X, ,X,매우높음
9/7/2022,경주시(283),X,28.5,29.8,20.4,13.5,72.1,X, ,X,매우높음
9/7/2022,거창(284),X,26.6,28,18.9,11,73.5,X, ,X,매우높음
9/7/2022,합천(285),X,27.7,28.9,20,13.3,75.1,X, ,X,매우높음
9/7/2022,밀양(288),X,27.7,29.5,21.4,14.5,64.4,X, ,X,매우높음
9/7/2022,산청(289),X,28,29.6,20.8,13.5,69.3,X, ,X,매우높음
9/7/2022,거제(294),X,26.8,28.2,21.3,15,68.3,X, ,X,매우높음
9/7/2022,남해(295),X,27.4,28.9,21.4,15.9,70,X, ,X,매우높음
9/7/2022,부천(433),X,25.5,27.8,22.1,16.6,60,X, ,X,높음
9/7/2022,안양(434),X,21.3,27.4,22.5,18.3,,X, ,X,높음
9/7/2022,광명(437),X,26.9,29.2,23.9,19.1,56,O, ,X,높음
9/7/2022,군포(438),X,26.7,28.1,22.4,17.5,64,X, ,X,높음
9/7/2022,김포(441),X,,27.6,21.7,16.5,,X, ,X,높음
9/7/2022,하남(444),X,26.7,28.3,20.7,15.3,67,X, ,X,높음
9/7/2022,의왕(445),X,,,,,,X, ,X,높음
9/7/2022,포천(504),X,27.2,29,20.8,14.3,70,X, ,X,높음
9/7/2022,가평조종(505),X,25.7,27.2,20.4,14,73,X, ,X,높음
9/7/2022,안성(516),X,26.8,28,20.6,15.2,75,X, ,X,높음
9/7/2022,간성(517),X,27.7,28.9,21.4,14.9,73,X, ,X,높음
9/7/2022,평창(526),X,25.1,26.8,17.6,12.2,72,X, ,X,높음
9/7/2022,의정부(532),X,26.8,27.5,20.6,15.3,77,X, ,X,높음
9/7/2022,횡성(536),X,26.6,27.6,19,13.8,83,X, ,X,높음
9/7/2022,고양(540),X,27.6,29.1,21,15.8,71,X, ,X,높음
9/7/2022,남양주(541),X,27.7,29.1,20.9,14.4,69,X, ,X,높음
9/7/2022,안산(545),X,26.8,27.9,19.4,13.9,82,X, ,X,높음
9/7/2022,경기광주(546),X,26.1,27.9,20.2,15.4,71,X, ,X,높음
9/7/2022,여주(548),X,25.2,26.3,19.7,15.3,77,X, ,X,높음
9/7/2022,용인(549),X,25.4,27.3,20.1,14.8,70,X, ,X,높음
9/7/2022,오산(550),X,26.1,27.4,21.1,16.6,70,X, ,X,높음
9/7/2022,평택(551),X,27.4,28.5,22.1,16.6,72,X, ,X,높음
9/7/2022,화천(555),X,27,28.6,18.6,12.7,81,X, ,X,높음
9/7/2022,양구(556),X,25,26.8,17.7,11.8,75,X, ,X,높음
9/7/2022,시흥(565),X,26.9,27.7,21.5,15.3,74,X, ,X,높음
9/7/2022,구리(569),X,27,29.2,22.1,16.5,64,X, ,X,높음
9/7/2022,화성(571),X,26.8,28,21.5,17,77,X, ,X,높음
9/7/2022,성남(572),X,25.7,28.2,21.3,16.3,64,X, ,X,높음
9/7/2022,과천(590),X,27,28.5,21,14.9,72,X, ,X,높음
9/7/2022,양주(598),X,25.9,27.5,19.8,14.4,75,X, ,X,높음
9/7/2022,단양(601),X,26.9,27.9,19.8,14.7,77,X, ,X,높음
9/7/2022,진천(602),X,27.4,28.1,20.2,15,75,X, ,X,높음
9/7/2022,괴산(603),X,26.6,28.1,18.9,12.9,79,X, ,X,높음
9/7/2022,옥천(604),X,27.2,27.9,19.7,14.1,80,X, ,X,높음
9/7/2022,홍북(608),X,28.5,28.5,20.6,14.4,79,X, ,X,높음
9/7/2022,공주(612),X,27.5,28.6,20.5,14.8,77,X, ,X,높음
9/7/2022,서천(614),X,27.5,27.8,20.9,15.9,89,X, ,X,높음
9/7/2022,논산(615),X,27.9,29,21.1,15.5,76,X, ,X,높음
9/7/2022,당진(616),X,28.1,28.1,21.8,17.5,80,X, ,X,높음
9/7/2022,청양(618),X,27.3,28.1,19.9,14.1,85,X, ,X,높음
9/7/2022,음성(619),X,25.8,26.5,18.3,12.6,81,X, ,X,높음
9/7/2022,증평(623),X,27.1,27.5,19.8,14.5,81,X, ,X,높음
9/7/2022,태안(627),X,28.4,27.2,21.9,18.2,88,X, ,X,높음
9/7/2022,예산(628),X,27.3,28.2,21.9,17.2,72,X, ,X,높음
9/7/2022,아산(634),X,27.4,28.3,21.7,15.8,69,X, ,X,높음
9/7/2022,계룡(636),X,26.7,28,19,12.3,75,X, ,X,높음
9/7/2022,연천청산(652),X,,,,,,X, ,X,높음
9/7/2022,양양(670),X,27.4,29.2,24,19,47,X, ,X,높음
9/7/2022,무안(699),X,27.8,26.6,20.9,16.8,89,X, ,X,매우높음
9/7/2022,무주(701),X,26.1,27.3,18.5,12.3,74,X, ,X,매우높음
9/7/2022,익산(702),X,27.9,28,21.5,16.6,84,X, ,X,높음
9/7/2022,진안(703),X,25.6,26,18.1,12.1,77,X, ,X,매우높음
9/7/2022,담양(706),X,30,30.3,21.6,15,82,X, ,X,매우높음
9/7/2022,구례(709),X,28.5,28.6,20.6,14.2,81,X, ,X,매우높음
9/7/2022,나주(710),X,28.9,28.6,20.8,15.3,86,X, ,X,매우높음
9/7/2022,순천시(712),X,28.7,30.8,22.6,15.9,68,X, ,X,매우높음
9/7/2022,광양읍(713),X,29.2,32,22.6,14.6,64,X, ,X,매우높음
9/7/2022,장성(730),X,28.5,28.9,20.9,16,80,X, ,X,매우높음
9/7/2022,영암(731),X,28.9,28.2,20.8,15.9,88,X, ,X,매우높음
9/7/2022,보성(732),X,28.9,29.7,22,15.2,76,X, ,X,매우높음
9/7/2022,완주(734),X,27.1,28.5,20.6,15.4,78,X, ,X,높음
9/7/2022,김제(737),X,25.7,27.5,21.9,17.2,59,X, ,X,매우높음
9/7/2022,화순(741),X,28.4,28.9,20.6,14.6,78,X, ,X,매우높음
9/7/2022,함평(754),X,28.1,26.9,20.6,16,89,X, ,X,매우높음
9/7/2022,곡성(768),X,28.6,29.2,20.4,15,82,X, ,X,매우높음
9/7/2022,압해도(789),X,27.2,26.8,21.8,17.6,83,X, ,X,매우높음
9/7/2022,영양(801),X,26.6,27.5,18.6,12.6,80,X, ,X,높음
9/7/2022,성주(810),X,27.3,29.3,20.6,13,66,X, ,X,매우높음
9/7/2022,고령(812),X,26.9,28.3,19.1,12.8,78,X, ,X,매우높음
9/7/2022,청도(813),X,28.1,29.2,19.6,13.4,75,X, ,X,매우높음
9/7/2022,예천(815),X,27.4,28.7,19.9,12.7,72,X, ,X,높음
9/7/2022,김천(822),X,27.5,28.5,19.2,11,79,X, ,X,높음
9/7/2022,군위(823),X,27.5,28.3,19.4,13.7,82,X, ,X,매우높음
9/7/2022,칠곡(825),X,27.6,28.9,20.6,14.3,78,X, ,X,매우높음
9/7/2022,경산(827),X,26.9,29.5,21.5,14.4,59,X, ,X,매우높음
9/7/2022,삼척(876),X,26.3,28.1,21.9,15,55,X, ,X,높음
9/7/2022,속초(90),X,27.6,29.2,22.8,18.3,56.5,X, ,X,높음
9/7/2022,삼천포(907),X,27.9,29.3,21.8,15.7,69,X, ,X,매우높음
9/7/2022,고성(918),X,28.5,29.3,20.8,13.3,75,X, ,X,매우높음
9/7/2022,창녕(919),X,27.6,28.7,20.4,14.4,77,X, ,X,매우높음
9/7/2022,함안(920),X,28.1,28.4,19.6,14.2,83,X, ,X,매우높음
9/7/2022,북춘천(93),X,26.3,27.9,19.4,11.9,75.9,X, ,X,높음
9/7/2022,하동(932),X,29.3,,,,,X, ,X,매우높음
9/7/2022,철원(95),X,25.5,26.2,19.6,13.3,75,X, ,X,높음
9/7/2022,동두천(98),X,26.3,26.8,20.4,14.8,74.6,X, ,X,높음
9/7/2022,파주(99),X,26.3,26.7,19.2,12.8,80.1,X, ,X,높음
9/8/2022,북강릉(104),X,25.5,25,20.7,15.9,74.6,X, ,X,매우높음
9/8/2022,동해(106),X,25.5,24.6,19.8,15.2,77.6,X, ,X,매우높음
9/8/2022,서울(108),X,28.5,29.5,23.2,16.7,65.5,X, ,X,매우높음
9/8/2022,인천(112),X,27.1,26.8,22.4,18.7,72.6,X, ,X,매우높음
9/8/2022,원주(114),X,27,28.2,20.9,14.1,68.6,X, ,X,매우높음
9/8/2022,울릉도(115),X,25.2,23.9,21.2,18.9,75,X, ,X,매우높음
9/8/2022,수원(119),X,28.2,29.7,22.2,15.5,73.6,X, ,X,매우높음
9/8/2022,영월(121),X,27.5,28.4,19.9,13.6,77.4,X, ,X,매우높음
9/8/2022,충주(127),X,27.9,28.6,20.2,13.1,76.8,X, ,X,매우높음
9/8/2022,서산(129),X,27.5,28.2,21.5,15.1,75,X, ,X,매우높음
9/8/2022,울진(130),X,25.9,25.4,19.9,13.5,76.3,X, ,X,매우높음
9/8/2022,청주(131),X,27.8,29.6,22.8,16.2,60.9,X, ,X,매우높음
9/8/2022,대전(133),X,28.2,29.9,22,14.3,66.3,X, ,X,매우높음
9/8/2022,추풍령(135),X,26,26.8,19.3,11.8,70.8,X, ,X,매우높음
9/8/2022,안동(136),X,27.5,29.1,21.1,14.3,68.6,X, ,X,매우높음
9/8/2022,상주(137),X,27.9,28.6,20.5,13.1,73.4,X, ,X,매우높음
9/8/2022,포항(138),X,25.9,25,21.2,16.8,72.9,X, ,X,매우높음
9/8/2022,군산(140),X,27.4,26.7,21.8,16,77.4,X, ,X,매우높음
9/8/2022,대구(143),X,28.1,28.5,21.7,15.1,73,X, ,X,매우높음
9/8/2022,전주(146),X,27.7,28.8,22.2,15.8,68.8,X, ,X,매우높음
9/8/2022,울산(152),X,26,26.3,21.3,16.3,69.8,X, ,X,매우높음
9/8/2022,창원(155),X,26.9,28.3,22.4,17.6,63.1,X, ,X,매우높음
9/8/2022,광주(156),X,28.4,29.3,23,16.9,73.9,X, ,X,매우높음
9/8/2022,부산(159),X,27.7,27.4,22.7,19.3,65.8,X, ,X,매우높음
9/8/2022,통영(162),X,28,28,22.7,18.2,73.8,X, ,X,매우높음
9/8/2022,목포(165),X,27.1,26.2,22.1,18.2,76.1,X, ,X,매우높음
9/8/2022,여수(168),X,26.7,27.2,23,19.1,63.5,X, ,X,매우높음
9/8/2022,흑산도(169),X,24.9,22.7,19.8,17.2,95.9,X, ,X,매우높음
9/8/2022,완도(170),X,27.3,28.7,22.8,17.8,68.1,X, ,X,매우높음
9/8/2022,고창(172),X,28.1,28.3,21.4,15.7,78.9,X, ,X,매우높음
9/8/2022,제주(184),X,28.2,27.6,24.3,20.5,70.1,X, ,X,매우높음
9/8/2022,진주(192),X,28.2,29.1,21.1,13.5,73,X, ,X,매우높음
9/8/2022,양평(202),X,26.5,27.8,20.2,14.3,77.5,X, ,X,매우높음
9/8/2022,이천(203),X,28,28.5,20.4,12.9,78.1,X, ,X,매우높음
9/8/2022,인제(211),X,27.6,28.4,19.3,14,80.9,X, ,X,매우높음
9/8/2022,홍천(212),X,26.9,28.9,19.4,13.3,75.5,X, ,X,매우높음
9/8/2022,태백(216),X,24,24.1,15.9,8.7,78,X, ,X,매우높음
9/8/2022,정선군(217),X,27.9,29,18.9,13.3,74.4,X, ,X,매우높음
9/8/2022,제천(221),X,27.2,28.4,18.7,11.1,80.3,X, ,X,매우높음
9/8/2022,보은(226),X,26.6,27.6,19.2,12.2,80.9,X, ,X,매우높음
9/8/2022,천안(232),X,27.2,28.3,20.1,12.6,78.1,X, ,X,매우높음
9/8/2022,보령(235),X,28.4,28.1,21.5,16,75.8,X, ,X,매우높음
9/8/2022,부여(236),X,28,29.2,20.9,13.8,76.8,X, ,X,매우높음
9/8/2022,금산(238),X,27.5,28.6,19.3,11.6,77.1,X, ,X,매우높음
9/8/2022,세종(239),X,27.8,29.2,21.1,14.3,69.6,X, ,X,매우높음
9/8/2022,부안(243),X,27.7,27.5,21.1,15.6,83,X, ,X,매우높음
9/8/2022,임실(244),X,27.1,27.6,19.5,11.6,77,X, ,X,매우높음
9/8/2022,정읍(245),X,27.3,27.7,20.8,14.2,77,X, ,X,매우높음
9/8/2022,남원(247),X,28,29,20.4,12.5,72.9,X, ,X,매우높음
9/8/2022,장수(248),X,26.4,27.2,17.8,9.9,81.3,X, ,X,매우높음
9/8/2022,영광군(252),X,27.4,27.7,21.3,16.2,81.1,X, ,X,매우높음
9/8/2022,김해시(253),X,29.1,29.7,22.7,16.6,63.6,X, ,X,매우높음
9/8/2022,순창군(254),X,28.4,29.6,21.1,14.3,76.9,X, ,X,매우높음
9/8/2022,양산시(257),X,29.1,29.9,23,16,64.9,X, ,X,매우높음
9/8/2022,강진군(259),X,28.1,29.2,22.1,15.7,76.1,X, ,X,매우높음
9/8/2022,장흥(260),X,27.7,28.6,21.2,14.4,77.9,X, ,X,매우높음
9/8/2022,해남(261),X,28.5,29,21.3,15.2,83.4,X, ,X,매우높음
9/8/2022,고흥(262),X,27,28.2,20.5,14.1,75.6,X, ,X,매우높음
9/8/2022,의령군(263),X,28.8,29.2,20.8,13.6,77.9,X, ,X,매우높음
9/8/2022,함양군(264),X,28,29.4,19.6,11.2,76,X, ,X,매우높음
9/8/2022,진도군ASOS(268),X,27.1,27.3,21.3,16.2,81.3,X, ,X,매우높음
9/8/2022,봉화(271),X,25.6,26.5,17.9,10.2,77.5,X, ,X,매우높음
9/8/2022,영주(272),X,27.3,27.9,19.3,11.4,78.6,X, ,X,매우높음
9/8/2022,문경(273),X,27.3,27.9,19.9,12.4,77.4,X, ,X,매우높음
9/8/2022,청송군(276),X,25.6,27.6,18.4,11.3,72.4,X, ,X,매우높음
9/8/2022,영덕(277),X,26,26.1,19.2,13.1,77,X, ,X,매우높음
9/8/2022,의성(278),X,28,29.6,19.9,11.8,76.8,X, ,X,매우높음
9/8/2022,구미(279),X,27.4,28.6,20.8,14.3,70.3,X, ,X,매우높음
9/8/2022,영천(281),X,25.9,27.1,19.4,12.6,74.9,X, ,X,매우높음
9/8/2022,경주시(283),X,26.8,27.1,19.7,13.2,77,X, ,X,매우높음
9/8/2022,거창(284),X,26.7,27.7,19.1,10.9,76.6,X, ,X,매우높음
9/8/2022,합천(285),X,27.2,28.6,20.6,13.5,74.3,X, ,X,매우높음
9/8/2022,밀양(288),X,27.4,29.4,21.8,14.7,61.5,X, ,X,매우높음
9/8/2022,산청(289),X,27.7,28.7,20.2,12.6,75.6,X, ,X,매우높음
9/8/2022,거제(294),X,27,27.3,21.5,16.9,72.4,X, ,X,매우높음
9/8/2022,남해(295),X,26.8,27.5,21.4,16.9,70.5,X, ,X,매우높음
9/8/2022,부천(433),X,27.4,28.5,22.1,16,67,X, ,X,매우높음
9/8/2022,안양(434),X,24.1,29.1,23,17.4,,X, ,X,매우높음
9/8/2022,광명(437),X,28.3,30,24.1,18.9,60,O, ,X,매우높음
9/8/2022,군포(438),X,28.3,29.6,22.8,16.6,65,X, ,X,매우높음
9/8/2022,김포(441),X,,29,21.5,15,,X, ,X,높음
9/8/2022,하남(444),X,27.8,28.8,20.1,13.5,71,X, ,X,매우높음
9/8/2022,의왕(445),X,,,,,,X, ,X,매우높음
9/8/2022,포천(504),X,28.5,29.9,20.6,12.8,75,X, ,X,매우높음
9/8/2022,가평조종(505),X,27.4,28.3,18.8,12.3,83,X, ,X,매우높음
9/8/2022,안성(516),X,28.2,28.9,20.8,13.2,77,X, ,X,매우높음
9/8/2022,간성(517),X,27,25.5,20.3,15.6,86,X, ,X,높음
9/8/2022,평창(526),X,27.3,29.2,19.2,11.3,71,X, ,X,매우높음
9/8/2022,의정부(532),X,27.9,28.2,20.8,13.8,81,X, ,X,매우높음
9/8/2022,횡성(536),X,28.3,29.4,20,12.3,81,X, ,X,매우높음
9/8/2022,고양(540),X,29.4,30.1,21.7,13.9,73,X, ,X,매우높음
9/8/2022,남양주(541),X,28.6,29.8,21.4,13.6,70,X, ,X,매우높음
9/8/2022,안산(545),X,28.3,28.5,19.9,12.4,82,X, ,X,매우높음
9/8/2022,경기광주(546),X,25.5,,,,,X, ,X,매우높음
9/8/2022,여주(548),X,27.2,27.9,20,12.9,77,X, ,X,매우높음
9/8/2022,용인(549),X,26.5,27.6,19.4,12.5,76,X, ,X,매우높음
9/8/2022,오산(550),X,27.6,28.6,21.2,14.2,70,X, ,X,매우높음
9/8/2022,평택(551),X,29.1,29.6,21.9,14.4,77,X, ,X,매우높음
9/8/2022,화천(555),X,28.8,29.9,19.6,14.1,82,X, ,X,매우높음
9/8/2022,양구(556),X,26.8,28.7,18.7,13.2,77,X, ,X,매우높음
9/8/2022,시흥(565),X,28.2,28.9,21.2,14,79,X, ,X,매우높음
9/8/2022,구리(569),X,28.3,29.5,22,14.6,67,X, ,X,매우높음
9/8/2022,화성(571),X,28,28.7,22.3,15.8,77,X, ,X,매우높음
9/8/2022,성남(572),X,27.2,28.6,21.4,14.6,68,X, ,X,매우높음
9/8/2022,과천(590),X,28.5,29.2,20.9,13.4,78,X, ,X,매우높음
9/8/2022,양주(598),X,28.3,29.5,20.6,12.9,76,X, ,X,매우높음
9/8/2022,단양(601),X,27.9,29.5,19.6,13.5,79,X, ,X,매우높음
9/8/2022,진천(602),X,28.6,30.1,20.7,12.8,75,X, ,X,매우높음
9/8/2022,괴산(603),X,28.3,29.4,19.2,12.7,82,X, ,X,매우높음
9/8/2022,옥천(604),X,28.6,29.5,19.9,14.2,80,X, ,X,매우높음
9/8/2022,홍북(608),X,27.4,28.9,20.5,13.5,74,X, ,X,매우높음
9/8/2022,공주(612),X,27.9,29.4,20.5,12.7,76,X, ,X,매우높음
9/8/2022,서천(614),X,28.5,27.9,21,14.3,79,X, ,X,매우높음
9/8/2022,논산(615),X,28.6,30.2,21.1,13.2,74,X, ,X,매우높음
9/8/2022,당진(616),X,27.6,28.1,21.5,16,78,X, ,X,매우높음
9/8/2022,청양(618),X,28.4,28.8,19.8,12.9,83,X, ,X,매우높음
9/8/2022,음성(619),X,27,27.8,18.1,11.8,81,X, ,X,매우높음
9/8/2022,증평(623),X,28.8,29.1,20.5,12.7,78,X, ,X,매우높음
9/8/2022,태안(627),X,28.1,28.3,22.8,16.9,78,X, ,X,매우높음
9/8/2022,예산(628),X,27.6,28.5,21.3,14.7,76,X, ,X,매우높음
9/8/2022,아산(634),X,27.9,28.8,20.8,14.5,78,X, ,X,매우높음
9/8/2022,계룡(636),X,27.7,29.2,19.3,10.7,72,X, ,X,매우높음
9/8/2022,연천청산(652),X,,,,,,X, ,X,높음
9/8/2022,양양(670),X,25.4,26.3,20.7,17.2,73,X, ,X,높음
9/8/2022,무안(699),X,28.2,28.4,21.4,15.9,79,X, ,X,매우높음
9/8/2022,무주(701),X,27.4,28,19,11.9,76,X, ,X,매우높음
9/8/2022,익산(702),X,29,29.3,21.1,13.6,79,X, ,X,매우높음
9/8/2022,진안(703),X,26.2,27.3,18.2,10.7,80,X, ,X,매우높음
9/8/2022,담양(706),X,29.9,30,21.9,14.4,78,X, ,X,매우높음
9/8/2022,구례(709),X,29.2,29.5,20.5,14,84,X, ,X,매우높음
9/8/2022,나주(710),X,28,28.6,21,14,84,X, ,X,매우높음
9/8/2022,순천시(712),X,28.1,29.3,22.3,15.7,71,X, ,X,매우높음
9/8/2022,광양읍(713),X,28.3,30.6,22.4,15.1,65,X, ,X,매우높음
9/8/2022,장성(730),X,28.5,29.3,21.5,14.4,77,X, ,X,매우높음
9/8/2022,영암(731),X,28.7,28.6,21,14.9,84,X, ,X,매우높음
9/8/2022,보성(732),X,28.2,29.1,20.7,13.7,77,X, ,X,매우높음
9/8/2022,완주(734),X,28.5,29.2,20.8,13.6,77,X, ,X,매우높음
9/8/2022,김제(737),X,28.1,28.7,21.2,15,49,X, ,X,매우높음
9/8/2022,화순(741),X,28.8,29.5,21.1,14,75,X, ,X,매우높음
9/8/2022,함평(754),X,29.3,29.2,21.7,14.5,79,X, ,X,매우높음
9/8/2022,곡성(768),X,28.7,29.3,20.3,12.7,81,X, ,X,매우높음
9/8/2022,압해도(789),X,28,28.4,22.5,17.6,76,X, ,X,매우높음
9/8/2022,영양(801),X,26.4,27.6,18.6,11.6,77,X, ,X,매우높음
9/8/2022,성주(810),X,27.9,29.2,21.1,14,68,X, ,X,매우높음
9/8/2022,고령(812),X,27.4,28.6,19.9,12.6,80,X, ,X,매우높음
9/8/2022,청도(813),X,27.5,28.6,19.9,13.5,76,X, ,X,매우높음
9/8/2022,예천(815),X,28.3,29.1,20.3,12.2,76,X, ,X,매우높음
9/8/2022,김천(822),X,27.8,28.6,19.5,11.3,80,X, ,X,매우높음
9/8/2022,군위(823),X,28.5,29.2,20.1,12.9,80,X, ,X,매우높음
9/8/2022,칠곡(825),X,28.2,28.8,21.1,14.8,79,X, ,X,매우높음
9/8/2022,경산(827),X,26.9,28.4,20.8,14.4,64,X, ,X,매우높음
9/8/2022,삼척(876),X,26.7,27.4,21,16.8,67,X, ,X,매우높음
9/8/2022,속초(90),X,26.4,25.5,21,17,76.3,X, ,X,높음
9/8/2022,삼천포(907),X,27.6,28.5,22.2,16.6,70,X, ,X,매우높음
9/8/2022,고성(918),X,27.7,27.7,21.1,14.6,79,X, ,X,매우높음
9/8/2022,창녕(919),X,28.5,29.2,21.7,14.3,71,X, ,X,매우높음
9/8/2022,함안(920),X,28.7,28.7,20.3,13.7,81,X, ,X,매우높음
9/8/2022,북춘천(93),X,27.4,29,19.8,12.7,79.4,X, ,X,매우높음
9/8/2022,하동(932),X,28.6,30,21.8,14.3,73,X, ,X,매우높음
9/8/2022,철원(95),X,28,28,20,12.7,80.8,X, ,X,높음
9/8/2022,동두천(98),X,28.1,28.4,20.8,14,79.4,X, ,X,매우높음
9/8/2022,파주(99),X,27.9,27.8,19.9,13.6,84.6,X, ,X,높음
9/9/2022,북강릉(104),X,25.9,24.9,19.7,13.9,78.4,X, ,X,매우높음
9/9/2022,동해(106),X,25.9,24.3,19.4,14.8,84.6,X, ,X,매우높음
9/9/2022,서울(108),X,29.4,30.8,24.3,18.9,59.1,X, ,X,매우높음
9/9/2022,인천(112),X,28.8,28.7,24.1,19.3,67.6,X, ,X,매우높음
9/9/2022,원주(114),X,27.2,28.8,21.5,15.7,61.5,X, ,X,매우높음
9/9/2022,울릉도(115),X,25.9,24,20.8,19,81.9,X, ,X,높음
9/9/2022,수원(119),X,28.8,30.7,23.5,17.6,66.5,X, ,X,매우높음
9/9/2022,영월(121),X,26.9,27.7,19.1,13.7,69.3,X, ,X,매우높음
9/9/2022,충주(127),X,27.4,28.5,21.2,14.8,67.1,X, ,X,높음
9/9/2022,서산(129),X,28.5,28.9,23,17.6,74.4,X, ,X,높음
9/9/2022,울진(130),X,25.9,24.8,20,16.1,82.1,X, ,X,높음
9/9/2022,청주(131),X,27,30.1,23.9,18.5,53.8,X, ,X,높음
9/9/2022,대전(133),X,27.7,29.2,22.9,17.4,63.3,X, ,X,매우높음
9/9/2022,추풍령(135),X,25.8,25.8,19.9,13.6,72,X, ,X,매우높음
9/9/2022,안동(136),X,27.4,28.6,20.9,15.2,69.8,X, ,X,매우높음
9/9/2022,상주(137),X,27.8,27.7,21.1,15.3,74.3,X, ,X,매우높음
9/9/2022,포항(138),X,26.5,25.2,22.5,19,76.8,X, ,X,높음
9/9/2022,군산(140),X,28,28.9,23.6,17.3,65.1,X, ,X,매우높음
9/9/2022,대구(143),X,27.8,27.7,21.5,17,76.6,X, ,X,높음
9/9/2022,전주(146),X,29.1,30,23.4,18.2,65.3,X, ,X,매우높음
9/9/2022,울산(152),X,26.4,26.1,21.9,18.1,76.8,X, ,X,매우높음
9/9/2022,창원(155),X,28.1,28.5,22.7,17.6,62.1,X, ,X,높음
9/9/2022,광주(156),X,28.8,30,24.1,19.1,74.8,X, ,X,매우높음
9/9/2022,부산(159),X,28.5,28,23.1,20,71.8,X, ,X,높음
9/9/2022,통영(162),X,29.4,28.8,22.6,18.4,74.4,X, ,X,높음
9/9/2022,목포(165),X,28.1,27.6,23.3,19.7,74.6,X, ,X,매우높음
9/9/2022,여수(168),X,26.8,26.8,23,20.5,65.8,X, ,X,높음
9/9/2022,흑산도(169),X,27.4,25.7,21.6,19.1,89.4,X, ,X,높음
9/9/2022,완도(170),X,27.9,28.3,22.9,19.3,75.1,X, ,X,매우높음
9/9/2022,고창(172),X,29.4,30,22.2,16.3,78.6,X, ,X,매우높음
9/9/2022,제주(184),X,28.5,27.6,24.4,22.1,75.1,X, ,X,높음
9/9/2022,진주(192),X,28.4,28.6,21.5,15.8,75.4,X, ,X,매우높음
9/9/2022,양평(202),X,27.6,29.1,21.4,15.9,73.4,X, ,X,매우높음
9/9/2022,이천(203),X,28.6,29.3,21.4,14.7,77.8,X, ,X,매우높음
9/9/2022,인제(211),X,28,29.3,18.9,14.1,74.3,X, ,X,매우높음
9/9/2022,홍천(212),X,27.7,29.9,20.4,15.5,71.1,X, ,X,매우높음
9/9/2022,태백(216),X,23.5,23.3,14.8,7.7,74.4,X, ,X,높음
9/9/2022,정선군(217),X,25.6,28.3,18.8,13.1,66.8,X, ,X,매우높음
9/9/2022,제천(221),X,26,27.2,18.7,12.7,74.8,X, ,X,매우높음
9/9/2022,보은(226),X,26.5,27.1,20.5,14.5,72.6,X, ,X,매우높음
9/9/2022,천안(232),X,27.4,28.3,21.2,15.5,75.3,X, ,X,높음
9/9/2022,보령(235),X,29.1,28.6,23.4,18.5,69.6,X, ,X,매우높음
9/9/2022,부여(236),X,28.3,29.2,22.1,16.6,74.5,X, ,X,매우높음
9/9/2022,금산(238),X,27,28.1,20.6,14.2,74.8,X, ,X,매우높음
9/9/2022,세종(239),X,27.9,28.7,22.9,17.3,63.6,X, ,X,매우높음
9/9/2022,부안(243),X,28.2,29,22.6,17.7,78.8,X, ,X,매우높음
9/9/2022,임실(244),X,27.8,28.3,20.9,14.9,74.8,X, ,X,높음
9/9/2022,정읍(245),X,28.5,28.6,22.2,16.6,73.8,X, ,X,매우높음
9/9/2022,남원(247),X,27.5,29.2,21.9,15.8,66.1,X, ,X,매우높음
9/9/2022,장수(248),X,26.5,27.7,19.3,12.5,76.8,X, ,X,매우높음
9/9/2022,영광군(252),X,29.1,28.6,22.3,16.6,80,X, ,X,매우높음
9/9/2022,김해시(253),X,29.7,29.3,22.6,18.5,68.1,X, ,X,높음
9/9/2022,순창군(254),X,28.1,29.6,21.5,16.1,77.6,X, ,X,매우높음
9/9/2022,양산시(257),X,29.8,29.5,24,20,69.4,X, ,X,높음
9/9/2022,강진군(259),X,28.2,28.9,22.3,18,78.1,X, ,X,높음
9/9/2022,장흥(260),X,27.6,28.5,21.3,16.6,81.9,X, ,X,높음
9/9/2022,해남(261),X,28.2,28.4,21.9,17.7,82.4,X, ,X,높음
9/9/2022,고흥(262),X,27,27.7,21.2,16.6,77.3,X, ,X,높음
9/9/2022,의령군(263),X,28.9,28.8,21.1,14.9,77.9,X, ,X,매우높음
9/9/2022,함양군(264),X,28,29.1,20.1,14.1,75.6,X, ,X,매우높음
9/9/2022,진도군ASOS(268),X,27.8,28,21.8,17.8,79.9,X, ,X,높음
9/9/2022,봉화(271),X,25.1,26.2,17.6,11.3,73,X, ,X,높음
9/9/2022,영주(272),X,27,27.9,19.3,13.3,76.9,X, ,X,높음
9/9/2022,문경(273),X,27.1,27.3,19.9,15,81.9,X, ,X,높음
9/9/2022,청송군(276),X,25.6,26.6,18.3,13.3,74.4,X, ,X,매우높음
9/9/2022,영덕(277),X,25.8,24.6,19.4,15.1,86.1,X, ,X,높음
9/9/2022,의성(278),X,27.8,28.9,20,13.4,75.3,X, ,X,매우높음
9/9/2022,구미(279),X,28,28.6,21.3,15.6,68.8,X, ,X,매우높음
9/9/2022,영천(281),X,26.6,26.5,19.8,14.5,76.6,X, ,X,높음
9/9/2022,경주시(283),X,26.9,25.8,20.1,15.7,82,X, ,X,높음
9/9/2022,거창(284),X,27.3,27.7,20.1,13.5,75.3,X, ,X,매우높음
9/9/2022,합천(285),X,27.7,28.4,21,15.6,74.8,X, ,X,매우높음
9/9/2022,밀양(288),X,28,29.3,22.2,16.1,64.3,X, ,X,높음
9/9/2022,산청(289),X,27.9,28,20.5,15.4,80.5,X, ,X,매우높음
9/9/2022,거제(294),X,27.8,27.4,21.9,17.6,73,X, ,X,높음
9/9/2022,남해(295),X,27.4,27.1,21.6,17.5,75,X, ,X,높음
9/9/2022,부천(433),X,28.7,30.3,23.7,17.8,61,X, ,X,매우높음
9/9/2022,안양(434),X,23.7,29.6,24.1,19.4,,X, ,X,매우높음
9/9/2022,광명(437),X,29.1,31.6,25.7,20.1,52,O, ,X,매우높음
9/9/2022,군포(438),X,28.7,30.3,23.7,18.4,59,X, ,X,매우높음
9/9/2022,김포(441),X,,29.3,22.5,16.8,,X, ,X,높음
9/9/2022,하남(444),X,28.4,29.5,21.5,15.6,68,X, ,X,매우높음
9/9/2022,의왕(445),X,,,,,,X, ,X,매우높음
9/9/2022,포천(504),X,29.9,30.8,21.8,14.7,71,X, ,X,매우높음
9/9/2022,가평조종(505),X,28,29.3,19.8,14.1,80,X, ,X,매우높음
9/9/2022,안성(516),X,28.1,29.1,21.6,15.9,72,X, ,X,매우높음
9/9/2022,간성(517),X,27.1,25.2,19.4,14,86,X, ,X,높음
9/9/2022,평창(526),X,25.9,28.7,18.7,12.3,64,X, ,X,매우높음
9/9/2022,의정부(532),X,29.7,30.2,22.1,16.2,76,X, ,X,매우높음
9/9/2022,횡성(536),X,28.1,29.8,20.1,13.8,75,X, ,X,매우높음
9/9/2022,고양(540),X,30.8,31.2,22.4,15.9,68,X, ,X,매우높음
9/9/2022,남양주(541),X,29,31.4,22.7,15.7,66,X, ,X,매우높음
9/9/2022,안산(545),X,29.5,30.3,20.5,14.3,82,X, ,X,매우높음
9/9/2022,경기광주(546),X,27.3,28.5,21.3,15.3,68,X, ,X,매우높음
9/9/2022,여주(548),X,27.9,28.5,21,14.8,76,X, ,X,매우높음
9/9/2022,용인(549),X,26.7,28.6,20.6,14.8,73,X, ,X,매우높음
9/9/2022,오산(550),X,28.3,29.4,22.9,16.6,62,X, ,X,매우높음
9/9/2022,평택(551),X,29.1,30.1,23.2,17,68,X, ,X,매우높음
9/9/2022,화천(555),X,29.4,30.3,19.9,14.2,84,X, ,X,매우높음
9/9/2022,양구(556),X,27.3,29.1,18.6,13.1,77,X, ,X,매우높음
9/9/2022,시흥(565),X,29.3,30.3,22.4,16.1,75,X, ,X,매우높음
9/9/2022,구리(569),X,28.6,31,23.3,16.6,61,X, ,X,매우높음
9/9/2022,화성(571),X,29.7,30.5,23.8,17.8,71,X, ,X,매우높음
9/9/2022,성남(572),X,27.8,29.1,22.4,16.8,64,X, ,X,매우높음
9/9/2022,과천(590),X,29.5,29.9,21.6,15.8,78,X, ,X,매우높음
9/9/2022,양주(598),X,29.4,30.1,21.7,14.5,75,X, ,X,매우높음
9/9/2022,단양(601),X,27.6,28.9,20,15.3,75,X, ,X,높음
9/9/2022,진천(602),X,28.7,30.1,21.6,15.6,74,X, ,X,높음
9/9/2022,괴산(603),X,28.3,29.1,20.2,14.1,80,X, ,X,높음
9/9/2022,옥천(604),X,28.2,29.2,21.5,15.2,74,X, ,X,매우높음
9/9/2022,홍북(608),X,28.5,29.3,21.8,14.8,71,X, ,X,높음
9/9/2022,공주(612),X,27.8,29,22,15.8,71,X, ,X,매우높음
9/9/2022,서천(614),X,29.3,30,23,15.7,68,X, ,X,매우높음
9/9/2022,논산(615),X,28.5,30,22.6,15.9,66,X, ,X,매우높음
9/9/2022,당진(616),X,28.7,29.6,22.4,17.3,82,X, ,X,매우높음
9/9/2022,청양(618),X,28.3,29.1,20.6,14.5,79,X, ,X,매우높음
9/9/2022,음성(619),X,26.6,27.2,19.2,13.5,80,X, ,X,매우높음
9/9/2022,증평(623),X,28.3,29.3,21.6,15.5,74,X, ,X,높음
9/9/2022,태안(627),X,30,29.3,23.5,17.7,77,X, ,X,높음
9/9/2022,예산(628),X,29,29.8,22.4,16.7,77,X, ,X,높음
9/9/2022,아산(634),X,28.7,30.2,22.6,16.3,70,X, ,X,높음
9/9/2022,계룡(636),X,27.4,28.7,20.8,14,67,X, ,X,매우높음
9/9/2022,연천청산(652),X,,,,,,X, ,X,높음
9/9/2022,양양(670),X,25.1,25.5,20.2,15.5,71,X, ,X,매우높음
9/9/2022,무안(699),X,29.2,28.9,22.4,17.5,81,X, ,X,매우높음
9/9/2022,무주(701),X,27.7,28.5,20.6,13.9,72,X, ,X,매우높음
9/9/2022,익산(702),X,29.1,29.9,22.5,16.2,76,X, ,X,매우높음
9/9/2022,진안(703),X,27.2,27.5,19.9,13.6,78,X, ,X,매우높음
9/9/2022,담양(706),X,29,30.5,22.6,16.3,80,X, ,X,매우높음
9/9/2022,구례(709),X,29.4,29.4,21.4,16.6,84,X, ,X,매우높음
9/9/2022,나주(710),X,28.9,29.2,22,16.9,84,X, ,X,매우높음
9/9/2022,순천시(712),X,28.5,29.3,22.6,17.4,72,X, ,X,매우높음
9/9/2022,광양읍(713),X,28.5,29.9,22.6,17.3,68,X, ,X,매우높음
9/9/2022,장성(730),X,29.2,29.8,22.2,16.4,80,X, ,X,매우높음
9/9/2022,영암(731),X,29.4,29.8,22.1,16.6,84,X, ,X,높음
9/9/2022,보성(732),X,28.2,28.8,21,16.7,81,X, ,X,높음
9/9/2022,완주(734),X,29.1,30,22,16.4,74,X, ,X,매우높음
9/9/2022,김제(737),X,28,28.7,23,17.6,49,X, ,X,매우높음
9/9/2022,화순(741),X,29.7,30.3,22.3,16.8,77,X, ,X,매우높음
9/9/2022,함평(754),X,29.8,29.2,22.5,16.5,83,X, ,X,매우높음
9/9/2022,곡성(768),X,29,29.9,21,15.9,82,X, ,X,매우높음
9/9/2022,압해도(789),X,28.5,29.1,22.9,18.6,79,X, ,X,매우높음
9/9/2022,영양(801),X,26.5,27.1,18.6,12.9,80,X, ,X,높음
9/9/2022,성주(810),X,28.1,28.9,21.2,15.4,71,X, ,X,매우높음
9/9/2022,고령(812),X,27.2,28.3,20.3,14.8,78,X, ,X,매우높음
9/9/2022,청도(813),X,27.6,28.1,20.1,14.5,78,X, ,X,매우높음
9/9/2022,예천(815),X,28.1,28.7,20.5,14.8,74,X, ,X,매우높음
9/9/2022,김천(822),X,28.1,27.8,20.1,13.9,81,X, ,X,매우높음
9/9/2022,군위(823),X,28.6,28.6,20.5,14.4,79,X, ,X,높음
9/9/2022,칠곡(825),X,28.6,28.9,21,16,81,X, ,X,매우높음
9/9/2022,경산(827),X,27.7,28.1,21.2,16.1,68,X, ,X,보통
9/9/2022,삼척(876),X,27.1,26.3,20.5,15.8,74,X, ,X,매우높음
9/9/2022,속초(90),X,26.6,25.6,19.9,14.8,79.5,X, ,X,매우높음
9/9/2022,삼천포(907),X,28.2,27.9,22.1,16.8,71,X, ,X,매우높음
9/9/2022,고성(918),X,28.5,28.2,21.2,15.3,79,X, ,X,높음
9/9/2022,창녕(919),X,28.7,29.1,21.9,16.9,75,X, ,X,높음
9/9/2022,함안(920),X,28.8,28.7,20.6,14.4,81,X, ,X,높음
9/9/2022,북춘천(93),X,28.1,30.2,20.7,13.5,71.5,X, ,X,매우높음
9/9/2022,하동(932),X,28.3,29,22.3,16.5,74,X, ,X,매우높음
9/9/2022,철원(95),X,28.2,29.1,20.2,13.4,76.4,X, ,X,매우높음
9/9/2022,동두천(98),X,28.8,29,21.3,15.3,78.3,X, ,X,매우높음
9/9/2022,파주(99),X,28.7,28.4,20.8,15.1,86.1,X, ,X,높음
9/10/2022,북강릉(104),X,25.6,24.3,20.2,15.2,79.4,X, ,X,높음
9/10/2022,동해(106),X,25.8,24.6,20.1,15.8,86.1,X, ,X,높음
9/10/2022,서울(108),X,27.4,28.4,23.6,19,52.3,X, ,X,높음
9/10/2022,인천(112),X,26.3,28.1,23.7,20.3,43.8,X, ,X,높음
9/10/2022,원주(114),X,25.8,26.8,20.8,15.3,59.3,X, ,X,높음
9/10/2022,울릉도(115),X,25.8,24.4,21.3,19,79.5,X, ,X,높음
9/10/2022,수원(119),X,26.5,27.8,23.3,18.2,50.9,X, ,X,높음
9/10/2022,영월(121),X,25.4,25.8,19,12.6,70.4,X, ,X,높음
9/10/2022,충주(127),X,26.4,27.2,21,15,67.9,X, ,X,높음
9/10/2022,서산(129),X,26.6,27.1,22.2,18.1,65.1,X, ,X,높음
9/10/2022,울진(130),X,25.9,24.7,21.3,17.1,79.6,X, ,X,높음
9/10/2022,청주(131),X,25.8,27.9,23.5,19.7,44.6,X, ,X,높음
9/10/2022,대전(133),X,26.1,26.3,22,18,62.1,X, ,X,높음
9/10/2022,추풍령(135),X,24.2,23.5,18.8,15.8,76,X, ,X,높음
9/10/2022,안동(136),X,25,25.5,20.2,15.3,71,X, ,X,높음
9/10/2022,상주(137),X,26.4,25.6,20.3,16.7,76.9,X, ,X,높음
9/10/2022,포항(138),X,25.2,23.5,22.4,21.1,82.1,X, ,X,보통
9/10/2022,군산(140),X,27.3,27.1,22.4,19,68.1,X, ,X,높음
9/10/2022,대구(143),X,25.3,24.2,21,18.6,81.4,X, ,X,보통
9/10/2022,전주(146),X,27.3,27.6,22.7,18.8,65.6,X, ,X,높음
9/10/2022,울산(152),X,25.6,24.9,22.1,20.7,74.9,X, ,X,보통
9/10/2022,창원(155),X,25.5,25.1,22.1,18.9,66.9,X, ,X,보통
9/10/2022,광주(156),X,28,26.9,22.6,19.6,85,X, ,X,높음
9/10/2022,부산(159),X,27.1,26.4,22.8,20.8,72.9,X, ,X,높음
9/10/2022,통영(162),X,27.5,26.1,22.7,20.6,75.3,X, ,X,보통
9/10/2022,목포(165),X,26.7,25.9,22.8,20.5,71,X, ,X,보통
9/10/2022,여수(168),X,25.7,25,22.6,21.1,66.9,X, ,X,보통
9/10/2022,흑산도(169),X,26.4,25.2,21.9,19.4,81.3,X, ,X,보통
9/10/2022,완도(170),X,28.4,27.7,23.1,20.4,76,X, ,X,높음
9/10/2022,고창(172),X,27.3,27.2,22.4,19,75.5,X, ,X,보통
9/10/2022,제주(184),X,28.9,27.4,23.9,22.2,86.1,X, ,X,높음
9/10/2022,진주(192),X,26.1,25.1,21.3,16.7,77.1,X, ,X,보통
9/10/2022,양평(202),X,26.4,26.7,21,15.5,69.4,X, ,X,높음
9/10/2022,이천(203),X,26.9,27.3,20.1,14.2,76,X, ,X,높음
9/10/2022,인제(211),X,26.9,26.7,19.2,12.4,76.5,X, ,X,높음
9/10/2022,홍천(212),X,26.9,27.7,19.9,13.3,70.4,X, ,X,높음
9/10/2022,태백(216),X,22.8,22.2,16.1,9.8,80,X, ,X,높음
9/10/2022,정선군(217),X,25,26.1,18.2,11.8,71.1,X, ,X,높음
9/10/2022,제천(221),X,24.8,25,19.1,12.4,71.4,X, ,X,높음
9/10/2022,보은(226),X,24.9,24.4,20.3,16.1,74.6,X, ,X,높음
9/10/2022,천안(232),X,26.1,27,20.9,16.6,70.9,X, ,X,높음
9/10/2022,보령(235),X,27.2,27.1,22.4,17.6,67.1,X, ,X,높음
9/10/2022,부여(236),X,26.6,26.6,21.6,16.8,73.4,X, ,X,높음
9/10/2022,금산(238),X,25.1,24.9,19.6,16.1,76.3,X, ,X,높음
9/10/2022,세종(239),X,26.3,26.7,22.1,18.8,63.6,X, ,X,높음
9/10/2022,부안(243),X,27.1,27.1,22.2,18.6,74.4,X, ,X,높음
9/10/2022,임실(244),X,25.8,25,19.6,16.4,78.9,X, ,X,보통
9/10/2022,정읍(245),X,27.2,27.1,21.9,17.7,72.9,X, ,X,보통
9/10/2022,남원(247),X,25.8,25.4,21.5,18,69.3,X, ,X,보통
9/10/2022,장수(248),X,24.2,23.4,18.2,14.4,84.8,X, ,X,보통
9/10/2022,영광군(252),X,27.8,27.1,22.1,19.4,80.6,X, ,X,보통
9/10/2022,김해시(253),X,27.6,26.7,22.5,20.3,70.5,X, ,X,보통
9/10/2022,순창군(254),X,27.3,26.9,21.2,17,79.4,X, ,X,보통
9/10/2022,양산시(257),X,27.6,27,23.4,21.6,71.5,X, ,X,보통
9/10/2022,강진군(259),X,28.2,27.9,22.5,18.7,77.6,X, ,X,높음
9/10/2022,장흥(260),X,26.9,26,21.7,17.6,80.1,X, ,X,높음
9/10/2022,해남(261),X,28.4,27.3,22.3,18.2,82,X, ,X,높음
9/10/2022,고흥(262),X,26.8,26.3,22,18.7,71.8,X, ,X,보통
9/10/2022,의령군(263),X,26,24.7,21.2,17.3,81.6,X, ,X,보통
9/10/2022,함양군(264),X,24.6,24.1,19.8,15.3,80.5,X, ,X,높음
9/10/2022,진도군ASOS(268),X,27.3,26.4,21.8,18.2,81,X, ,X,높음
9/10/2022,봉화(271),X,24.5,25.1,18,10.8,71.9,X, ,X,높음
9/10/2022,영주(272),X,25.4,26.1,19,13.8,75.6,X, ,X,높음
9/10/2022,문경(273),X,25.4,25,19.1,14.4,80.6,X, ,X,높음
9/10/2022,청송군(276),X,23.7,23.6,18.6,13.7,75,X, ,X,높음
9/10/2022,영덕(277),X,25.4,23.9,20.6,16.1,82.9,X, ,X,보통
9/10/2022,의성(278),X,25.6,25.9,19.8,15.5,80.6,X, ,X,높음
9/10/2022,구미(279),X,24.9,24.8,20,17.1,75,X, ,X,보통
9/10/2022,영천(281),X,25,24.4,19.5,15.9,80.5,X, ,X,보통
9/10/2022,경주시(283),X,24.9,23.5,20.6,16,85.3,X, ,X,보통
9/10/2022,거창(284),X,24.6,23.6,18.9,15.1,84.8,X, ,X,보통
9/10/2022,합천(285),X,24.9,24.2,20.2,16.5,79.3,X, ,X,보통
9/10/2022,밀양(288),X,25.9,25.9,22.2,17.8,66.1,X, ,X,보통
9/10/2022,산청(289),X,24.6,23.4,20.1,16.2,82.4,X, ,X,높음
9/10/2022,거제(294),X,26.3,25.4,22.3,20.2,70.6,X, ,X,보통
9/10/2022,남해(295),X,25.7,24.6,21.7,19.4,75.8,X, ,X,보통
9/10/2022,부천(433),X,26.3,28.6,22.4,18,49,X, ,X,높음
9/10/2022,안양(434),X,24,27.4,23.6,19.2,,X, ,X,높음
9/10/2022,광명(437),X,26.6,28.9,24.9,21.5,41,O, ,X,높음
9/10/2022,군포(438),X,25.9,27.9,23,18.5,47,X, ,X,높음
9/10/2022,김포(441),X,,28.4,22.5,17.2,,X, ,X,높음
9/10/2022,하남(444),X,25.7,26.9,21.2,15.1,61,X, ,X,높음
9/10/2022,의왕(445),X,,,,,,X, ,X,높음
9/10/2022,포천(504),X,27.6,29.4,21.1,14.2,66,X, ,X,높음
9/10/2022,가평조종(505),X,27,27.4,20.1,12.8,74,X, ,X,높음
9/10/2022,안성(516),X,26.2,27.2,20.5,15.2,69,X, ,X,높음
9/10/2022,간성(517),X,27.5,25.6,20,14.1,92,X, ,X,높음
9/10/2022,평창(526),X,25.1,26.5,18.3,11.7,68,X, ,X,높음
9/10/2022,의정부(532),X,28,28.2,21.1,15.3,76,X, ,X,높음
9/10/2022,횡성(536),X,26.9,27.8,19.8,13.1,77,X, ,X,높음
9/10/2022,고양(540),X,27.9,29,21.7,15.4,65,X, ,X,높음
9/10/2022,남양주(541),X,27.3,29,22.2,15.4,59,X, ,X,높음
9/10/2022,안산(545),X,26.7,27.8,19.7,13.7,75,X, ,X,높음
9/10/2022,경기광주(546),X,25.3,26.6,20.5,14.2,63,X, ,X,높음
9/10/2022,여주(548),X,25.8,25.4,19.9,14.1,73,X, ,X,높음
9/10/2022,용인(549),X,25.1,25.8,19.4,13.9,71,X, ,X,높음
9/10/2022,오산(550),X,25.6,27.2,21.1,15.6,56,X, ,X,높음
9/10/2022,평택(551),X,27,27.9,22.3,17,61,X, ,X,높음
9/10/2022,화천(555),X,29,29,19.4,12.6,84,X, ,X,높음
9/10/2022,양구(556),X,26.5,26.9,18.8,12,74,X, ,X,높음
9/10/2022,시흥(565),X,26.8,28.1,21.5,15.3,68,X, ,X,높음
9/10/2022,구리(569),X,27.5,28.7,22.7,17.5,55,X, ,X,높음
9/10/2022,화성(571),X,26.7,28.1,22.9,19.2,52,X, ,X,높음
9/10/2022,성남(572),X,25.5,26.7,21.6,16,61,X, ,X,높음
9/10/2022,과천(590),X,27,28,20.8,14.3,73,X, ,X,높음
9/10/2022,양주(598),X,27.5,29.2,20.9,14.3,71,X, ,X,높음
9/10/2022,단양(601),X,26.7,27.5,19.7,14,73,X, ,X,높음
9/10/2022,진천(602),X,26.9,27.6,21,15.6,74,X, ,X,높음
9/10/2022,괴산(603),X,26.6,27.6,20.3,14.2,75,X, ,X,높음
9/10/2022,옥천(604),X,25.9,26,20.9,17.2,74,X, ,X,높음
9/10/2022,홍북(608),X,26.7,27.6,21.7,17.7,62,X, ,X,높음
9/10/2022,공주(612),X,26.5,27.3,21.6,17,68,X, ,X,높음
9/10/2022,서천(614),X,28.1,28.1,22,17.4,71,X, ,X,보통
9/10/2022,논산(615),X,27,27.1,22.3,18.2,64,X, ,X,높음
9/10/2022,당진(616),X,26.7,27.2,22.1,18.1,68,X, ,X,높음
9/10/2022,청양(618),X,26.8,26.7,20.7,15.9,76,X, ,X,높음
9/10/2022,음성(619),X,25.2,25.8,18.7,13.9,76,X, ,X,높음
9/10/2022,증평(623),X,26.1,27,21.5,16.1,69,X, ,X,높음
9/10/2022,태안(627),X,27.1,27,22.8,19.1,64,X, ,X,높음
9/10/2022,예산(628),X,27,27.7,22.5,18.8,66,X, ,X,높음
9/10/2022,아산(634),X,26.8,27.2,22.6,17.7,60,X, ,X,높음
9/10/2022,계룡(636),X,25.4,25.8,21.1,16.7,64,X, ,X,높음
9/10/2022,연천청산(652),X,,,,,,X, ,X,높음
9/10/2022,양양(670),X,25.1,23.6,19.9,14.9,77,X, ,X,높음
9/10/2022,무안(699),X,27,26.5,22.1,18.7,80,X, ,X,보통
9/10/2022,무주(701),X,24.3,23.9,19.6,16.3,76,X, ,X,높음
9/10/2022,익산(702),X,28.1,27.9,21.5,18,80,X, ,X,높음
9/10/2022,진안(703),X,24.7,23.8,18.8,15.7,82,X, ,X,높음
9/10/2022,담양(706),X,28.8,28,22,18.1,84,X, ,X,보통
9/10/2022,구례(709),X,26.6,25.8,20.8,17.5,88,X, ,X,높음
9/10/2022,나주(710),X,27.9,26.9,21.9,18,84,X, ,X,보통
9/10/2022,순천시(712),X,26.7,26.6,22.8,19.9,65,X, ,X,보통
9/10/2022,광양읍(713),X,28.1,28.4,22.9,19,66,X, ,X,보통
9/10/2022,장성(730),X,27.4,27.5,21.9,18.8,81,X, ,X,보통
9/10/2022,영암(731),X,28.3,27.2,22.4,17.8,81,X, ,X,높음
9/10/2022,보성(732),X,27.5,27,21.2,17.3,82,X, ,X,높음
9/10/2022,완주(734),X,27.2,27.1,21.2,17.1,77,X, ,X,높음
9/10/2022,김제(737),X,26.4,27,21.7,18.3,49,X, ,X,높음
9/10/2022,화순(741),X,27.7,27,21.5,17.8,79,X, ,X,보통
9/10/2022,함평(754),X,27.9,27.2,22,19,83,X, ,X,보통
9/10/2022,곡성(768),X,27.4,26.4,20.9,16.8,82,X, ,X,보통
9/10/2022,압해도(789),X,26.7,26.6,22.2,19.6,78,X, ,X,보통
9/10/2022,영양(801),X,24.7,24.7,19.1,13.4,82,X, ,X,높음
9/10/2022,성주(810),X,24.9,25.1,19.9,16.6,78,X, ,X,보통
9/10/2022,고령(812),X,25.3,24.6,19.7,15.8,83,X, ,X,보통
9/10/2022,청도(813),X,25.1,24.7,20.6,17,79,X, ,X,보통
9/10/2022,예천(815),X,26.2,26.8,19.8,14.9,73,X, ,X,높음
9/10/2022,김천(822),X,25,24.5,18.4,15,88,X, ,X,높음
9/10/2022,군위(823),X,25.2,24.5,19.3,15.6,87,X, ,X,높음
9/10/2022,칠곡(825),X,26,25.4,20.1,17.1,87,X, ,X,보통
9/10/2022,경산(827),X,25.8,25.5,20.8,18.3,74,X, ,X,보통
9/10/2022,삼척(876),X,26.3,25.1,20.6,16.7,79,X, ,X,높음
9/10/2022,속초(90),X,25.7,24.1,20.9,15.5,77.9,X, ,X,높음
9/10/2022,삼천포(907),X,26.6,25.9,22.4,18.7,68,X, ,X,보통
9/10/2022,고성(918),X,26.5,25.5,21.2,17.3,81,X, ,X,보통
9/10/2022,창녕(919),X,25.8,25.2,21.4,17.5,77,X, ,X,보통
9/10/2022,함안(920),X,25.8,24.7,20.4,15.6,85,X, ,X,보통
9/10/2022,북춘천(93),X,28.1,28.3,21.2,13.6,70.4,X, ,X,높음
9/10/2022,하동(932),X,26.1,25.5,22.6,19.9,68,X, ,X,보통
9/10/2022,철원(95),X,27.7,28.7,20.8,13.4,67.3,X, ,X,높음
9/10/2022,동두천(98),X,27.2,28.1,21,14.6,69.9,X, ,X,높음
9/10/2022,파주(99),X,27.5,27.6,20.1,14.1,78,X, ,X,보통
9/11/2022,북강릉(104),X,26,24.3,21.5,19.8,84.5,X, ,X,보통
9/11/2022,동해(106),X,26.3,24.6,21.5,19.2,88.1,X, ,X,보통
9/11/2022,서울(108),X,26.7,26.4,23.3,20.6,68.6,X, ,X,보통
9/11/2022,인천(112),X,26,26,22.7,21.2,69.4,X, ,X,보통
9/11/2022,원주(114),X,26.4,26.6,22.3,18.4,69.4,X, ,X,보통
9/11/2022,울릉도(115),X,25.7,23.5,21.7,20.7,90.1,X, ,X,보통
9/11/2022,수원(119),X,26.7,26.6,22.8,20.4,69.4,X, ,X,보통
9/11/2022,영월(121),X,28.9,28.8,21.4,17.3,76.9,X, ,X,보통
9/11/2022,충주(127),X,27.7,27.5,23,19.1,71.9,X, ,X,보통
9/11/2022,서산(129),X,26,25.3,21.7,19,74.9,X, ,X,보통
9/11/2022,울진(130),X,26.9,25.3,21.5,19.1,85.8,X, ,X,보통
9/11/2022,청주(131),X,27.5,28.6,24.4,20.2,59,X, ,X,보통
9/11/2022,대전(133),X,28.8,28.9,24,20,64.4,X, ,X,보통
9/11/2022,추풍령(135),X,26.3,25.7,21,15.8,78.1,X, ,X,높음
9/11/2022,안동(136),X,27.3,27.2,21.8,17.7,76.3,X, ,X,보통
9/11/2022,상주(137),X,28.8,28.1,22.3,18,79.1,X, ,X,높음
9/11/2022,포항(138),X,26.8,24.9,22.9,21.2,82.4,X, ,X,높음
9/11/2022,군산(140),X,28.1,27.9,23.3,19.6,70.3,X, ,X,높음
9/11/2022,대구(143),X,28.5,27.6,22.7,18.1,80.4,X, ,X,보통
9/11/2022,전주(146),X,29.4,29.5,24.2,18.9,64.6,X, ,X,높음
9/11/2022,울산(152),X,27.5,26.4,22.8,20.4,80,X, ,X,보통
9/11/2022,창원(155),X,28.7,28.4,23.2,19.6,72.8,X, ,X,보통
9/11/2022,광주(156),X,29.6,29.1,24.1,19,81.8,X, ,X,보통
9/11/2022,부산(159),X,29.3,28.6,23.8,21,76.1,X, ,X,보통
9/11/2022,통영(162),X,29.6,28.2,23.6,20.2,80,X, ,X,보통
9/11/2022,목포(165),X,28.1,27.3,23.4,20.2,73.6,X, ,X,보통
9/11/2022,여수(168),X,28.1,27.5,24,21.5,70.3,X, ,X,보통
9/11/2022,흑산도(169),X,26.5,25.4,22.1,20.1,85,X, ,X,높음
9/11/2022,완도(170),X,29,28.2,23.6,19.8,77.5,X, ,X,보통
9/11/2022,고창(172),X,29.2,29.6,23.1,17.7,74.4,X, ,X,높음
9/11/2022,제주(184),X,29.6,27.6,24.7,23,90.3,X, ,X,보통
9/11/2022,진주(192),X,29,28.4,22.4,17.1,82.1,X, ,X,보통
9/11/2022,양평(202),X,26.2,25.7,22,18.9,77.5,X, ,X,보통
9/11/2022,이천(203),X,27.6,26.7,22.3,18.3,79.5,X, ,X,보통
9/11/2022,인제(211),X,26.4,25.9,21.5,17.7,78.3,X, ,X,보통
9/11/2022,홍천(212),X,26.5,26.2,21.2,17.3,79.5,X, ,X,보통
9/11/2022,태백(216),X,22.3,20.8,17.5,16.2,86.6,X, ,X,보통
9/11/2022,정선군(217),X,25.6,25.4,20.3,17,76.6,X, ,X,보통
9/11/2022,제천(221),X,26.8,26.2,21.2,17.4,79.1,X, ,X,보통
9/11/2022,보은(226),X,27.1,26.6,21.8,17,79.5,X, ,X,보통
9/11/2022,천안(232),X,27.7,27.4,22.3,17.6,80.6,X, ,X,보통
9/11/2022,보령(235),X,27.7,26.8,22.8,19.6,68.6,X, ,X,보통
9/11/2022,부여(236),X,28.6,28.8,23,18.5,76.6,X, ,X,보통
9/11/2022,금산(238),X,28.6,28.8,22.1,15.7,76.9,X, ,X,높음
9/11/2022,세종(239),X,28.2,28.3,23.3,19.4,68.1,X, ,X,보통
9/11/2022,부안(243),X,28.8,29,23.2,18.5,74.9,X, ,X,높음
9/11/2022,임실(244),X,27.9,27.6,21.3,15.9,79.9,X, ,X,높음
9/11/2022,정읍(245),X,29.2,29.3,23.2,18.2,71.1,X, ,X,높음
9/11/2022,남원(247),X,27.9,27.7,22.7,17.3,71.1,X, ,X,보통
9/11/2022,장수(248),X,27.1,26.8,20,13.2,83,X, ,X,높음
9/11/2022,영광군(252),X,29.1,29,22.8,18.2,78.3,X, ,X,높음
9/11/2022,김해시(253),X,30.5,29.7,23.3,19.6,76.4,X, ,X,보통
9/11/2022,순창군(254),X,28.9,29,22.6,16.7,78.9,X, ,X,높음
9/11/2022,양산시(257),X,30.5,29.8,24.6,21.6,75.1,X, ,X,보통
9/11/2022,강진군(259),X,29.8,29.6,23.6,18.8,76.6,X, ,X,보통
9/11/2022,장흥(260),X,29,28.4,22.4,17.4,83.6,X, ,X,보통
9/11/2022,해남(261),X,29.5,28.6,23.4,20.2,78.3,X, ,X,보통
9/11/2022,고흥(262),X,28.1,27.3,22.7,18.5,76.3,X, ,X,보통
9/11/2022,의령군(263),X,29.7,29.1,22.6,16.9,82.9,X, ,X,보통
9/11/2022,함양군(264),X,28.4,28.1,21.8,16.6,77.3,X, ,X,높음
9/11/2022,진도군ASOS(268),X,29.5,28.8,22.5,18.6,82.4,X, ,X,보통
9/11/2022,봉화(271),X,25.2,24.7,19.3,15.2,82.4,X, ,X,보통
9/11/2022,영주(272),X,26.4,25.8,20.9,16.7,82,X, ,X,보통
9/11/2022,문경(273),X,27.5,26.7,21.8,17.2,82,X, ,X,보통
9/11/2022,청송군(276),X,26.1,25.8,20.5,16.5,77,X, ,X,높음
9/11/2022,영덕(277),X,26.1,24.3,21.2,18.3,85.8,X, ,X,보통
9/11/2022,의성(278),X,28.4,28.2,21.7,17.3,82.1,X, ,X,높음
9/11/2022,구미(279),X,28.3,28,22.3,18.1,74.3,X, ,X,높음
9/11/2022,영천(281),X,27.1,26.5,21.1,16.4,80.3,X, ,X,높음
9/11/2022,경주시(283),X,27.5,26,22.2,18.7,83.4,X, ,X,높음
9/11/2022,거창(284),X,27.5,26.9,21.1,16,81.5,X, ,X,높음
9/11/2022,합천(285),X,28.1,27.9,22.5,17.9,78.4,X, ,X,높음
9/11/2022,밀양(288),X,28.9,28.9,23.2,17.9,69.6,X, ,X,보통
9/11/2022,산청(289),X,28.7,27.8,22,17.7,82.5,X, ,X,보통
9/11/2022,거제(294),X,28.1,27.4,22.8,18.7,77.4,X, ,X,보통
9/11/2022,남해(295),X,28.2,27.6,22.8,19,77.5,X, ,X,보통
9/11/2022,부천(433),X,25.5,26.3,22.1,19.6,68,X, ,X,보통
9/11/2022,안양(434),X,24.5,25.8,23,21.1,,X, ,X,보통
9/11/2022,광명(437),X,26,26.6,24,22.2,63,O, ,X,보통
9/11/2022,군포(438),X,25.5,25.7,22.7,20.1,65,X, ,X,보통
9/11/2022,김포(441),X,,25.9,21.5,18.7,,X, ,X,보통
9/11/2022,하남(444),X,26.4,25.5,21.2,18.6,78,X, ,X,보통
9/11/2022,의왕(445),X,,,,,,X, ,X,보통
9/11/2022,포천(504),X,27.5,27.1,21.6,18.5,77,X, ,X,보통
9/11/2022,가평조종(505),X,26.6,25.5,20.9,16.8,86,X, ,X,보통
9/11/2022,안성(516),X,28.2,27.7,22.3,18.5,80,X, ,X,보통
9/11/2022,간성(517),X,27,24.4,21.1,18.7,94,X, ,X,보통
9/11/2022,평창(526),X,26.4,27,20,15.6,75,X, ,X,보통
9/11/2022,의정부(532),X,27.3,25.9,21.3,18,89,X, ,X,보통
9/11/2022,횡성(536),X,26.9,26.3,21.6,17.5,85,X, ,X,보통
9/11/2022,고양(540),X,27.2,26.6,21.4,18.1,79,X, ,X,보통
9/11/2022,남양주(541),X,26.4,26.3,21.9,18,76,X, ,X,보통
9/11/2022,안산(545),X,26.1,25.3,20.7,17.1,83,X, ,X,보통
9/11/2022,경기광주(546),X,25.1,24.8,21.2,18,75,X, ,X,보통
9/11/2022,여주(548),X,26,24.9,21.3,18,81,X, ,X,보통
9/11/2022,용인(549),X,25.2,25,20.9,17.6,76,X, ,X,보통
9/11/2022,오산(550),X,25.7,25.8,21.6,18.7,68,X, ,X,보통
9/11/2022,평택(551),X,27.7,27.2,23.2,19.6,71,X, ,X,보통
9/11/2022,화천(555),X,27.3,25.9,20.4,16.1,92,X, ,X,보통
9/11/2022,양구(556),X,26.3,26.4,20.4,16.3,81,X, ,X,보통
9/11/2022,시흥(565),X,26.7,26.4,21.9,18.7,79,X, ,X,보통
9/11/2022,구리(569),X,27.5,27.3,22.4,19.7,72,X, ,X,보통
9/11/2022,화성(571),X,26.8,26.4,22.9,20.8,71,X, ,X,보통
9/11/2022,성남(572),X,25.8,25.4,21.9,19,73,X, ,X,보통
9/11/2022,과천(590),X,26.7,26.2,21.1,17.7,84,X, ,X,보통
9/11/2022,양주(598),X,25.7,24.9,20.9,17.7,82,X, ,X,보통
9/11/2022,단양(601),X,27.3,27.4,21.9,17.7,78,X, ,X,보통
9/11/2022,진천(602),X,28.9,29.8,23.1,17.7,73,X, ,X,보통
9/11/2022,괴산(603),X,27.7,28.2,22.2,17.3,78,X, ,X,보통
9/11/2022,옥천(604),X,28.9,28.9,22.9,17.7,77,X, ,X,높음
9/11/2022,홍북(608),X,26.4,26.1,21.2,17.9,74,X, ,X,보통
9/11/2022,공주(612),X,28.8,28.9,23.1,18.5,73,X, ,X,보통
9/11/2022,서천(614),X,28.9,28.7,22.8,18.6,75,X, ,X,높음
9/11/2022,논산(615),X,29.5,29.8,23.9,18,70,X, ,X,보통
9/11/2022,당진(616),X,27.5,26.7,21.7,19,82,X, ,X,보통
9/11/2022,청양(618),X,28.1,27.4,21.8,17.2,80,X, ,X,보통
9/11/2022,음성(619),X,26.9,26.7,20.9,16.2,80,X, ,X,보통
9/11/2022,증평(623),X,28.4,28.1,23.2,18.3,76,X, ,X,보통
9/11/2022,태안(627),X,26.1,25.1,21.7,19,76,X, ,X,보통
9/11/2022,예산(628),X,27.5,26.3,22.3,18.9,79,X, ,X,보통
9/11/2022,아산(634),X,26.7,26.4,22.7,20.2,72,X, ,X,보통
9/11/2022,계룡(636),X,28.3,28.8,22.4,16.8,71,X, ,X,보통
9/11/2022,연천청산(652),X,,,,,,X, ,X,보통
9/11/2022,양양(670),X,25.7,24.2,21.4,18.6,84,X, ,X,보통
9/11/2022,무안(699),X,29.1,28.8,23.2,18.4,77,X, ,X,높음
9/11/2022,무주(701),X,28.3,28.2,21.7,15.1,78,X, ,X,높음
9/11/2022,익산(702),X,29.9,29.6,23.4,17.8,79,X, ,X,높음
9/11/2022,진안(703),X,28.1,27.6,20.8,14.4,82,X, ,X,높음
9/11/2022,담양(706),X,31.2,30.7,23.4,17.6,82,X, ,X,높음
9/11/2022,구례(709),X,30.1,29.4,22.3,16.9,86,X, ,X,보통
9/11/2022,나주(710),X,29.6,28.6,22.8,17.7,85,X, ,X,보통
9/11/2022,순천시(712),X,29.6,29.1,23.3,18.2,75,X, ,X,보통
9/11/2022,광양읍(713),X,29.4,29.9,23.7,17.9,71,X, ,X,보통
9/11/2022,장성(730),X,29.1,29.1,22.9,17.5,77,X, ,X,높음
9/11/2022,영암(731),X,30.5,29.9,22.7,17.3,84,X, ,X,보통
9/11/2022,보성(732),X,29.5,28.9,22.5,16.8,82,X, ,X,보통
9/11/2022,완주(734),X,29.6,29.5,23,16.5,78,X, ,X,높음
9/11/2022,김제(737),X,28.7,29.4,23.3,19,49,X, ,X,높음
9/11/2022,화순(741),X,30.7,30.7,23,17.7,78,X, ,X,보통
9/11/2022,함평(754),X,30,29.4,23.1,18.5,78,X, ,X,높음
9/11/2022,곡성(768),X,29.8,29.3,22.1,16.1,84,X, ,X,보통
9/11/2022,압해도(789),X,27.8,28.3,23,19.1,75,X, ,X,높음
9/11/2022,영양(801),X,26,25.1,20.6,16.3,85,X, ,X,높음
9/11/2022,성주(810),X,28.4,28.5,22.3,17.6,74,X, ,X,높음
9/11/2022,고령(812),X,28.6,28.3,22.1,17,83,X, ,X,보통
9/11/2022,청도(813),X,28.6,28.2,22.3,17.2,79,X, ,X,보통
9/11/2022,예천(815),X,27.9,27.5,21.8,17.9,78,X, ,X,보통
9/11/2022,김천(822),X,28.4,27.7,21.1,15.8,85,X, ,X,높음
9/11/2022,군위(823),X,28.9,27.8,21.4,17,87,X, ,X,높음
9/11/2022,칠곡(825),X,28.8,28.1,22.2,18,86,X, ,X,높음
9/11/2022,경산(827),X,28.3,27.7,22.3,18,76,X, ,X,높음
9/11/2022,삼척(876),X,26.8,25.5,21.7,19.3,82,X, ,X,보통
9/11/2022,속초(90),X,26.8,24.9,21.9,19.7,83.4,X, ,X,보통
9/11/2022,삼천포(907),X,28.7,28,23.4,18.9,75,X, ,X,보통
9/11/2022,고성(918),X,29,28.1,22.6,17.6,83,X, ,X,보통
9/11/2022,창녕(919),X,29.4,28.8,23.6,18.5,77,X, ,X,보통
9/11/2022,함안(920),X,29.5,28.6,22,16.2,86,X, ,X,보통
9/11/2022,북춘천(93),X,27.8,27,21.5,17.6,84.9,X, ,X,보통
9/11/2022,하동(932),X,29.5,29.4,23.4,17.4,79,X, ,X,보통
9/11/2022,철원(95),X,25.6,24.6,21.1,18.4,82.6,X, ,X,보통
9/11/2022,동두천(98),X,25.5,24.2,20.9,18,85.1,X, ,X,보통
9/11/2022,파주(99),X,24.8,22.5,20.2,17.4,90.5,X, ,X,보통
9/12/2022,북강릉(104),X,26,24.9,21.1,18.6,85.4,X, ,X,보통
9/12/2022,동해(106),X,26.6,24.4,21.3,18.8,89.4,X, ,X,보통
9/12/2022,서울(108),X,28.3,27.5,23.8,20.3,76.1,X, ,X,높음
9/12/2022,인천(112),X,27.4,26.3,23.2,20,78.1,X, ,X,높음
9/12/2022,원주(114),X,27.9,27.5,22.9,19.7,76.8,X, ,X,보통
9/12/2022,울릉도(115),X,26.3,24.1,21.5,19.8,90.9,X, ,X,보통
9/12/2022,수원(119),X,28.7,28.4,23.6,19.1,79.4,X, ,X,높음
9/12/2022,영월(121),X,26.1,24.9,20.9,17.8,85.9,X, ,X,보통
9/12/2022,충주(127),X,27.9,26.4,22.4,19.6,86.6,X, ,X,보통
9/12/2022,서산(129),X,29.4,28.7,23,19,82.1,X, ,X,보통
9/12/2022,울진(130),X,25.5,24.2,20.9,17.6,85.8,X, ,X,보통
9/12/2022,청주(131),X,28.2,27.2,24.1,21.3,80.6,X, ,X,보통
9/12/2022,대전(133),X,27.2,26,22.9,20.5,83.5,X, ,X,보통
9/12/2022,추풍령(135),X,25.2,23.7,20.5,18.2,85.6,X, ,X,낮음
9/12/2022,안동(136),X,25.6,25.4,21.4,18,79.4,X, ,X,보통
9/12/2022,상주(137),X,26.5,25,22,19.2,85.5,X, ,X,낮음
9/12/2022,포항(138),X,26.3,24.5,22.3,20,82.6,X, ,X,보통
9/12/2022,군산(140),X,28,26.1,22.8,20.5,90.6,X, ,X,보통
9/12/2022,대구(143),X,26.7,24.7,21.7,18.9,91.5,X, ,X,보통
9/12/2022,전주(146),X,27.4,25.8,23.2,20.8,85.8,X, ,X,낮음
9/12/2022,울산(152),X,27.3,25.6,22.5,19.5,88.3,X, ,X,보통
9/12/2022,창원(155),X,27,25.8,23.3,21,73.8,X, ,X,보통
9/12/2022,광주(156),X,27.6,24.3,23.1,21.5,98.9,X, ,X,보통
9/12/2022,부산(159),X,29.6,28.1,24.5,21.9,79,X, ,X,보통
9/12/2022,통영(162),X,29,27.4,24.2,22.1,82.6,X, ,X,보통
9/12/2022,목포(165),X,26.7,24,22.9,21.6,91.1,X, ,X,보통
9/12/2022,여수(168),X,26.2,25,23.7,22.7,76.6,X, ,X,보통
9/12/2022,흑산도(169),X,25.2,22,21.1,20,98.9,X, ,X,낮음
9/12/2022,완도(170),X,27.5,25.7,23.6,22.1,87.3,X, ,X,보통
9/12/2022,고창(172),X,26.6,24.1,22.3,20.5,90.9,X, ,X,낮음
9/12/2022,제주(184),X,27.9,24.9,24.5,23.9,91.3,X, ,X,낮음
9/12/2022,진주(192),X,27.2,25.7,22.4,19.9,82.9,X, ,X,보통
9/12/2022,양평(202),X,27.7,27.1,22.5,19,82.4,X, ,X,높음
9/12/2022,이천(203),X,28.9,27.8,22.6,18.8,87.9,X, ,X,보통
9/12/2022,인제(211),X,28.2,28,21.8,18.1,81.3,X, ,X,높음
9/12/2022,홍천(212),X,27.8,27.3,22,18,82,X, ,X,높음
9/12/2022,태백(216),X,24.7,23.9,18.7,15.1,85,X, ,X,보통
9/12/2022,정선군(217),X,27,26.1,20.9,17.7,82.9,X, ,X,보통
9/12/2022,제천(221),X,26.8,25.5,20.7,17.9,91.1,X, ,X,보통
9/12/2022,보은(226),X,26.3,24.7,21.4,19.2,90.1,X, ,X,보통
9/12/2022,천안(232),X,28.3,26.7,22.7,19.8,90.8,X, ,X,보통
9/12/2022,보령(235),X,28.4,27.3,23.2,20.6,81.9,X, ,X,보통
9/12/2022,부여(236),X,28.5,27,23.1,20.3,89.6,X, ,X,보통
9/12/2022,금산(238),X,26.1,24.3,21.7,19.6,89.3,X, ,X,보통
9/12/2022,세종(239),X,28,26.6,23,20.7,85.4,X, ,X,보통
9/12/2022,부안(243),X,27.2,24.9,22.7,21,92,X, ,X,보통
9/12/2022,임실(244),X,25.8,23.9,21.2,18.9,91.3,X, ,X,낮음
9/12/2022,정읍(245),X,26.3,23.8,22,20.1,90.5,X, ,X,낮음
9/12/2022,남원(247),X,26.3,24.1,22,19.8,89.1,X, ,X,낮음
9/12/2022,장수(248),X,25.5,23.7,20.4,16.8,93,X, ,X,낮음
9/12/2022,영광군(252),X,26.4,23.6,22,20.5,92.9,X, ,X,낮음
9/12/2022,김해시(253),X,29.1,27.6,23.5,20.2,80.4,X, ,X,보통
9/12/2022,순창군(254),X,26.9,24.4,22.1,20,93.6,X, ,X,낮음
9/12/2022,양산시(257),X,29.9,28.4,24.9,22,77.3,X, ,X,보통
9/12/2022,강진군(259),X,27.6,25.7,23.2,21.1,92.3,X, ,X,보통
9/12/2022,장흥(260),X,28,25.4,22.6,20.4,95.8,X, ,X,보통
9/12/2022,해남(261),X,28,25.8,23.1,21,93.4,X, ,X,낮음
9/12/2022,고흥(262),X,27.1,25.4,22.8,19.9,86.4,X, ,X,보통
9/12/2022,의령군(263),X,27.2,25.3,22.1,19.9,88.4,X, ,X,보통
9/12/2022,함양군(264),X,26.5,25,21.5,18.9,86.3,X, ,X,낮음
9/12/2022,진도군ASOS(268),X,27.2,24.5,22.6,20.8,93.9,X, ,X,낮음
9/12/2022,봉화(271),X,25.8,24.9,19.6,15.4,87.9,X, ,X,보통
9/12/2022,영주(272),X,26.2,25,20.8,17.3,89.6,X, ,X,보통
9/12/2022,문경(273),X,26.3,25.1,21.4,18.8,86.5,X, ,X,보통
9/12/2022,청송군(276),X,25.6,24.9,20.2,16.1,80.9,X, ,X,보통
9/12/2022,영덕(277),X,25.2,24.1,20.3,17,87.9,X, ,X,보통
9/12/2022,의성(278),X,26.1,25,21.2,17.2,88,X, ,X,보통
9/12/2022,구미(279),X,25.9,24.6,21.5,18.5,83,X, ,X,보통
9/12/2022,영천(281),X,25.7,23.7,20.6,16.9,89.6,X, ,X,높음
9/12/2022,경주시(283),X,26.9,25.4,21.5,17.9,88.5,X, ,X,보통
9/12/2022,거창(284),X,26.2,24.1,20.8,17.6,92.8,X, ,X,보통
9/12/2022,합천(285),X,25.6,23.7,21,18.6,88.8,X, ,X,보통
9/12/2022,밀양(288),X,27,25.8,22.6,19.4,78.6,X, ,X,보통
9/12/2022,산청(289),X,26.5,24.2,21.4,19.1,93.9,X, ,X,낮음
9/12/2022,거제(294),X,27.3,26.3,23.6,20.9,80.1,X, ,X,보통
9/12/2022,남해(295),X,26.6,25.4,22.6,21.2,84.8,X, ,X,보통
9/12/2022,부천(433),X,27.2,26.9,22.9,18.9,73,X, ,X,높음
9/12/2022,안양(434),X,25.7,27.7,23.8,20.4,,X, ,X,높음
9/12/2022,광명(437),X,28.7,28.6,24.8,21.7,68,O, ,X,높음
9/12/2022,군포(438),X,28.2,28.4,23.6,19.9,71,X, ,X,높음
9/12/2022,김포(441),X,,26.9,22.2,18.4,,X, ,X,높음
9/12/2022,하남(444),X,27.4,26.6,21.8,17.9,82,X, ,X,높음
9/12/2022,의왕(445),X,,,,,,X, ,X,높음
9/12/2022,포천(504),X,28.5,27.7,21.7,17.1,83,X, ,X,높음
9/12/2022,가평조종(505),X,28.1,27.2,21.4,17.7,90,X, ,X,높음
9/12/2022,안성(516),X,29.1,28.3,23,19.3,88,X, ,X,보통
9/12/2022,간성(517),X,27.2,24.6,21.1,18.1,94,X, ,X,높음
9/12/2022,평창(526),X,26.3,26.3,20.8,17.4,81,X, ,X,보통
9/12/2022,의정부(532),X,28.6,26.7,22.1,17.8,92,X, ,X,높음
9/12/2022,횡성(536),X,28.8,27.8,22.3,18.1,91,X, ,X,보통
9/12/2022,고양(540),X,29,28.1,22.4,17.7,81,X, ,X,높음
9/12/2022,남양주(541),X,28.5,28.3,22.6,17.8,81,X, ,X,높음
9/12/2022,안산(545),X,28.9,27.7,21.9,16.6,86,X, ,X,높음
9/12/2022,경기광주(546),X,27.8,27.3,22.1,18.7,80,X, ,X,높음
9/12/2022,여주(548),X,28,26.8,22.1,18.7,86,X, ,X,보통
9/12/2022,용인(549),X,27.6,27.2,21.8,17.7,82,X, ,X,보통
9/12/2022,오산(550),X,28,27.9,23,18.8,76,X, ,X,보통
9/12/2022,평택(551),X,29.6,29.4,24,19.8,84,X, ,X,보통
9/12/2022,화천(555),X,28.8,27.7,21.6,18.7,92,X, ,X,높음
9/12/2022,양구(556),X,27.6,27.8,21.7,18.1,81,X, ,X,높음
9/12/2022,시흥(565),X,28.7,27.9,22.7,17.8,85,X, ,X,높음
9/12/2022,구리(569),X,28.9,28.7,23.4,18.9,76,X, ,X,높음
9/12/2022,화성(571),X,28.9,27.7,23.6,19,80,X, ,X,높음
9/12/2022,성남(572),X,28,27.6,22.9,18.8,79,X, ,X,높음
9/12/2022,과천(590),X,28.5,27.3,22.3,17.8,87,X, ,X,높음
9/12/2022,양주(598),X,27.8,27,21.7,16.9,86,X, ,X,높음
9/12/2022,단양(601),X,27,25.7,21.6,18.6,86,X, ,X,보통
9/12/2022,진천(602),X,29.2,28.5,23.2,20,83,X, ,X,보통
9/12/2022,괴산(603),X,28.1,26.9,22.3,19.6,89,X, ,X,보통
9/12/2022,옥천(604),X,27.2,25.6,22.5,20.2,90,X, ,X,보통
9/12/2022,홍북(608),X,28.1,27.8,22.2,18.1,84,X, ,X,보통
9/12/2022,공주(612),X,28.4,27.1,22.8,20,88,X, ,X,보통
9/12/2022,서천(614),X,28.7,27.1,22.9,20.3,91,X, ,X,보통
9/12/2022,논산(615),X,27.9,26.8,23.2,20.7,87,X, ,X,보통
9/12/2022,당진(616),X,29.4,28.1,22.6,18.6,89,X, ,X,보통
9/12/2022,청양(618),X,28.9,27.7,22.3,19.1,88,X, ,X,보통
9/12/2022,음성(619),X,27.1,25.6,21.2,18.7,89,X, ,X,보통
9/12/2022,증평(623),X,28.2,26.6,22.8,19.8,91,X, ,X,보통
9/12/2022,태안(627),X,29,27.4,23,18.3,85,X, ,X,보통
9/12/2022,예산(628),X,29,27.8,23,19.3,87,X, ,X,보통
9/12/2022,아산(634),X,29.1,28.5,23,18.9,85,X, ,X,보통
9/12/2022,계룡(636),X,27.3,26,22,19.6,84,X, ,X,보통
9/12/2022,연천청산(652),X,,,,,,X, ,X,높음
9/12/2022,양양(670),X,26,24.7,21.5,19,82,X, ,X,보통
9/12/2022,무안(699),X,27,24.4,22.4,20.8,93,X, ,X,낮음
9/12/2022,무주(701),X,26.3,24.1,21.3,18.6,90,X, ,X,낮음
9/12/2022,익산(702),X,28.4,25.4,22.9,20.9,97,X, ,X,보통
9/12/2022,진안(703),X,25.6,23.8,20.8,17.9,93,X, ,X,보통
9/12/2022,담양(706),X,28.3,25.2,22.9,20.9,96,X, ,X,낮음
9/12/2022,구례(709),X,27.5,24.8,22.1,19.6,96,X, ,X,보통
9/12/2022,나주(710),X,27.5,24.7,22.4,20.4,96,X, ,X,보통
9/12/2022,순천시(712),X,28.4,26.8,23.9,21.1,83,X, ,X,보통
9/12/2022,광양읍(713),X,28.2,26.2,23.4,21.2,89,X, ,X,보통
9/12/2022,장성(730),X,27,24.2,22.2,20.4,95,X, ,X,낮음
9/12/2022,영암(731),X,28.2,26,22.9,20.5,95,X, ,X,낮음
9/12/2022,보성(732),X,27.9,25.5,22.4,19.8,93,X, ,X,보통
9/12/2022,완주(734),X,27.4,25.5,22.5,20.2,91,X, ,X,낮음
9/12/2022,김제(737),X,27.5,25.1,22.5,20.7,,X, ,X,보통
9/12/2022,화순(741),X,27.5,25.1,22.5,20.5,90,X, ,X,낮음
9/12/2022,함평(754),X,27.4,24.9,22.7,20.7,94,X, ,X,낮음
9/12/2022,곡성(768),X,26.8,24.1,21.9,19.6,94,X, ,X,낮음
9/12/2022,압해도(789),X,26.8,24.5,22.6,21.1,92,X, ,X,보통
9/12/2022,영양(801),X,25.9,24.8,20.2,16.1,87,X, ,X,보통
9/12/2022,성주(810),X,26.3,25.4,21.4,17.9,83,X, ,X,보통
9/12/2022,고령(812),X,26.1,24.4,20.7,17.7,92,X, ,X,보통
9/12/2022,청도(813),X,26.8,25.1,21,17.5,89,X, ,X,보통
9/12/2022,예천(815),X,26.7,25.7,21.8,18.4,84,X, ,X,보통
9/12/2022,김천(822),X,25.8,24.2,20.6,17.4,93,X, ,X,보통
9/12/2022,군위(823),X,26.6,24.9,21.1,17.6,92,X, ,X,보통
9/12/2022,칠곡(825),X,27.1,25.3,21.7,18,91,X, ,X,보통
9/12/2022,경산(827),X,26,24.1,21.2,18.5,84,X, ,X,보통
9/12/2022,삼척(876),X,26,25.1,21.6,18.8,82,X, ,X,보통
9/12/2022,속초(90),X,27.7,26,21.7,18.9,84.1,X, ,X,높음
9/12/2022,삼천포(907),X,28.1,27.1,23.3,21.2,82,X, ,X,보통
9/12/2022,고성(918),X,27.8,26.3,23.1,20.7,85,X, ,X,보통
9/12/2022,창녕(919),X,26.3,24.1,22.1,19.8,87,X, ,X,보통
9/12/2022,함안(920),X,26.7,24.7,21.4,19.3,91,X, ,X,보통
9/12/2022,북춘천(93),X,28.1,27.5,22,18.6,88.1,X, ,X,높음
9/12/2022,하동(932),X,27.8,26.1,22.8,20.5,88,X, ,X,보통
9/12/2022,철원(95),X,27.3,26.5,21.6,17.2,85,X, ,X,높음
9/12/2022,동두천(98),X,27.9,26.5,21.6,17.3,87.9,X, ,X,높음
9/12/2022,파주(99),X,27.8,26.6,21.4,16.9,91.5,X, ,X,높음
9/13/2022,북강릉(104),X,26.3,24.3,21.6,19.5,90.6,X, ,X,보통
9/13/2022,동해(106),X,27.4,25.2,22.2,20,92.1,X, ,X,보통
9/13/2022,서울(108),X,27.5,26.4,24.3,21.8,73,X, ,X,보통
9/13/2022,인천(112),X,27.7,27,24.3,21.6,71.3,X, ,X,보통
9/13/2022,원주(114),X,28.4,27.9,23.7,20.5,71,X, ,X,보통
9/13/2022,울릉도(115),X,24.9,22.7,21,19.9,83.8,X, ,X,보통
9/13/2022,수원(119),X,28.2,27.2,24.5,21.6,75.4,X, ,X,보통
9/13/2022,영월(121),X,28.8,28.5,22.6,18.8,73.9,X, ,X,보통
9/13/2022,충주(127),X,28.9,27.8,23.8,20.6,76.8,X, ,X,보통
9/13/2022,서산(129),X,27.6,25.8,23.5,21.5,84,X, ,X,보통
9/13/2022,울진(130),X,26.8,25.2,22.1,19.5,85.4,X, ,X,보통
9/13/2022,청주(131),X,28.9,29.1,25.1,22.2,71.9,X, ,X,보통
9/13/2022,대전(133),X,28.4,28.5,24.5,21.2,69.4,X, ,X,보통
9/13/2022,추풍령(135),X,27.7,26.6,22.2,18.7,76.1,X, ,X,보통
9/13/2022,안동(136),X,28,28.1,23.2,19.2,70.1,X, ,X,보통
9/13/2022,상주(137),X,29.3,28.2,23.5,20,75.5,X, ,X,보통
9/13/2022,포항(138),X,27.1,25.4,23.6,21.9,78.9,X, ,X,높음
9/13/2022,군산(140),X,28.3,26.6,24.1,22,79.3,X, ,X,보통
9/13/2022,대구(143),X,28.7,27.7,23.7,21.1,77.9,X, ,X,보통
9/13/2022,전주(146),X,28.9,28.1,24.2,21.5,80.1,X, ,X,보통
9/13/2022,울산(152),X,27.6,26.5,23.4,22.3,79.4,X, ,X,높음
9/13/2022,창원(155),X,29.8,29.5,24.9,21.1,64.4,X, ,X,보통
9/13/2022,광주(156),X,29.6,27.3,24.3,21.8,90,X, ,X,보통
9/13/2022,부산(159),X,29.7,28.4,24.7,22.7,75.9,X, ,X,높음
9/13/2022,통영(162),X,30.7,29.5,25.4,22.6,75.4,X, ,X,보통
9/13/2022,목포(165),X,27.9,25.3,23.3,21.5,90.9,X, ,X,보통
9/13/2022,여수(168),X,28.6,27.5,25.1,23,68.3,X, ,X,보통
9/13/2022,흑산도(169),X,25,22.3,21.2,20.3,96.5,X, ,X,보통
9/13/2022,완도(170),X,28.2,26.8,23.8,21.6,87.4,X, ,X,보통
9/13/2022,고창(172),X,27.5,25.3,23.2,21.5,90.3,X, ,X,보통
9/13/2022,제주(184),X,27.7,25,24.4,23.8,93.9,X, ,X,보통
9/13/2022,진주(192),X,30.1,29.3,24.4,20.2,71.8,X, ,X,보통
9/13/2022,양평(202),X,27.7,26.6,22.8,20,83.4,X, ,X,보통
9/13/2022,이천(203),X,28.9,27.8,23.1,20.1,84.8,X, ,X,보통
9/13/2022,인제(211),X,26.6,25.6,21.8,18.5,80.4,X, ,X,보통
9/13/2022,홍천(212),X,28.2,27.5,22.2,19.1,80.8,X, ,X,보통
9/13/2022,태백(216),X,23.1,21.6,18.1,15.5,85.3,X, ,X,보통
9/13/2022,정선군(217),X,26.3,26.1,22,19,73.1,X, ,X,보통
9/13/2022,제천(221),X,27.4,26.4,22.2,19,78.5,X, ,X,보통
9/13/2022,보은(226),X,27.9,27.4,22.7,18.9,78.1,X, ,X,보통
9/13/2022,천안(232),X,28.5,27.2,23.9,20.5,82.1,X, ,X,보통
9/13/2022,보령(235),X,27.5,26.7,24.8,22.3,71.1,X, ,X,보통
9/13/2022,부여(236),X,28.2,27,24.3,21.9,79.6,X, ,X,보통
9/13/2022,금산(238),X,28,27.8,23.6,19.3,73.9,X, ,X,보통
9/13/2022,세종(239),X,27.9,27.1,24.1,21.3,75.5,X, ,X,보통
9/13/2022,부안(243),X,28,26.4,23.6,21.5,84.9,X, ,X,보통
9/13/2022,임실(244),X,28.5,27.5,23,19.5,81.8,X, ,X,보통
9/13/2022,정읍(245),X,27.6,25.7,23.1,20.8,88.9,X, ,X,보통
9/13/2022,남원(247),X,28.5,28,24.5,20.6,68.5,X, ,X,보통
9/13/2022,장수(248),X,28.1,28,22.4,19,79.1,X, ,X,보통
9/13/2022,영광군(252),X,27.9,25.7,23.1,21.5,92.4,X, ,X,보통
9/13/2022,김해시(253),X,30.7,29.8,24.9,22.1,71.1,X, ,X,보통
9/13/2022,순창군(254),X,29.1,27.8,24.5,20.5,75.1,X, ,X,보통
9/13/2022,양산시(257),X,30.2,29.7,25.4,23.3,67.8,X, ,X,높음
9/13/2022,강진군(259),X,28.8,27.5,24,20.7,87.1,X, ,X,보통
9/13/2022,장흥(260),X,28.7,27.4,24.3,20.6,79.1,X, ,X,보통
9/13/2022,해남(261),X,29,27.7,23.6,20.6,90.5,X, ,X,보통
9/13/2022,고흥(262),X,28,27,24.6,21.4,71.9,X, ,X,보통
9/13/2022,의령군(263),X,30.5,29.3,23.8,19.3,73.6,X, ,X,높음
9/13/2022,함양군(264),X,28.8,28.2,23,19.5,74.5,X, ,X,보통
9/13/2022,진도군ASOS(268),X,27.7,25.3,23.4,21.5,92.4,X, ,X,보통
9/13/2022,봉화(271),X,26,25.2,20.9,17.3,76.6,X, ,X,보통
9/13/2022,영주(272),X,27.7,26.9,21.7,18.4,86.4,X, ,X,보통
9/13/2022,문경(273),X,28.1,27.1,22.3,19.2,85,X, ,X,보통
9/13/2022,청송군(276),X,26.9,27.5,21.5,17.5,69.3,X, ,X,보통
9/13/2022,영덕(277),X,26.8,25,22,18.9,84.6,X, ,X,보통
9/13/2022,의성(278),X,29.3,29.8,22.8,18.6,76.8,X, ,X,보통
9/13/2022,구미(279),X,29.3,28.9,23.9,19.8,66.8,X, ,X,보통
9/13/2022,영천(281),X,27.7,27.7,23.1,19.5,68.3,X, ,X,높음
9/13/2022,경주시(283),X,27.7,26.3,23,20.1,77,X, ,X,높음
9/13/2022,거창(284),X,29.1,28.5,22.5,18.9,79.1,X, ,X,보통
9/13/2022,합천(285),X,28.4,27.8,23.2,19.3,69.6,X, ,X,보통
9/13/2022,밀양(288),X,29.9,30.5,24.2,20.4,64.5,X, ,X,높음
9/13/2022,산청(289),X,29.2,28,22.7,19.6,81.8,X, ,X,보통
9/13/2022,거제(294),X,29.8,28.9,24.8,22.1,71.8,X, ,X,보통
9/13/2022,남해(295),X,29.1,27.9,24.4,21.4,74.5,X, ,X,보통
9/13/2022,부천(433),X,27.1,26.9,23.4,20.2,71,X, ,X,보통
9/13/2022,안양(434),X,25.9,26.1,24.3,22.3,,X, ,X,보통
9/13/2022,광명(437),X,27.8,27.6,25.2,22.9,66,O, ,X,보통
9/13/2022,군포(438),X,27.2,26.8,24.1,22.1,70,X, ,X,보통
9/13/2022,김포(441),X,,27.9,23.4,19.7,,X, ,X,보통
9/13/2022,하남(444),X,27,26.1,23.1,19.4,74,X, ,X,보통
9/13/2022,의왕(445),X,,,,,,X, ,X,보통
9/13/2022,포천(504),X,28.3,27.6,22.8,18.5,81,X, ,X,보통
9/13/2022,가평조종(505),X,27.3,25.9,21.6,17.7,88,X, ,X,보통
9/13/2022,안성(516),X,29.2,28.1,23.4,21,87,X, ,X,보통
9/13/2022,간성(517),X,27.4,24.7,21.5,18.3,96,X, ,X,보통
9/13/2022,평창(526),X,28.1,28.3,21.6,18.6,77,X, ,X,보통
9/13/2022,의정부(532),X,28.8,26.8,22.9,19.6,91,X, ,X,보통
9/13/2022,횡성(536),X,28.8,27.1,22.7,19.8,87,X, ,X,보통
9/13/2022,고양(540),X,28.5,27.2,22.8,19.1,81,X, ,X,보통
9/13/2022,남양주(541),X,27.5,26.7,23.7,19.8,74,X, ,X,보통
9/13/2022,안산(545),X,27.6,26.3,22.2,19,87,X, ,X,보통
9/13/2022,경기광주(546),X,26,24.8,22.3,19.8,78,X, ,X,보통
9/13/2022,여주(548),X,27.8,26.3,22.6,19.6,84,X, ,X,보통
9/13/2022,용인(549),X,26.5,25.6,22.5,19.5,78,X, ,X,보통
9/13/2022,오산(550),X,27.5,26.4,23.4,20.7,76,X, ,X,보통
9/13/2022,평택(551),X,29.3,28.3,24.1,21.6,84,X, ,X,보통
9/13/2022,화천(555),X,28.7,27.1,21.6,18.6,92,X, ,X,높음
9/13/2022,양구(556),X,26.8,26.1,21.2,18.6,82,X, ,X,높음
9/13/2022,시흥(565),X,28.3,27.5,23.9,19.8,78,X, ,X,보통
9/13/2022,구리(569),X,27.6,26.6,23.7,20.4,74,X, ,X,보통
9/13/2022,화성(571),X,28,26.7,24.4,21.8,77,X, ,X,보통
9/13/2022,성남(572),X,27.7,27.1,23.3,20.7,78,X, ,X,보통
9/13/2022,과천(590),X,27.5,26.1,22.9,19.7,84,X, ,X,보통
9/13/2022,양주(598),X,28.7,28,22.5,18.2,83,X, ,X,보통
9/13/2022,단양(601),X,28.8,27.9,22.5,19.2,81,X, ,X,보통
9/13/2022,진천(602),X,29.2,28.2,24,20.7,80,X, ,X,보통
9/13/2022,괴산(603),X,28.9,28,22.9,19.7,85,X, ,X,보통
9/13/2022,옥천(604),X,29.4,29.2,24,20.1,74,X, ,X,보통
9/13/2022,홍북(608),X,27.9,26.9,23.2,20.3,81,X, ,X,보통
9/13/2022,공주(612),X,28.1,27.2,24,21,80,X, ,X,보통
9/13/2022,서천(614),X,28.2,26.7,24,21.4,80,X, ,X,보통
9/13/2022,논산(615),X,28.9,28.4,25.1,21.3,67,X, ,X,보통
9/13/2022,당진(616),X,28.4,26.7,23.4,21.1,89,X, ,X,보통
9/13/2022,청양(618),X,28.2,27.4,22.7,19.9,88,X, ,X,보통
9/13/2022,음성(619),X,27.8,26.4,22.4,19.5,80,X, ,X,보통
9/13/2022,증평(623),X,29.4,28.3,24.1,21.3,82,X, ,X,보통
9/13/2022,태안(627),X,27.6,26.2,24.5,23.2,81,X, ,X,보통
9/13/2022,예산(628),X,28.8,27.2,23.8,21.2,90,X, ,X,보통
9/13/2022,아산(634),X,28.8,27.5,24.2,21.4,82,X, ,X,보통
9/13/2022,계룡(636),X,28.1,27.7,24.1,20.3,65,X, ,X,보통
9/13/2022,연천청산(652),X,,,,,,X, ,X,높음
9/13/2022,양양(670),X,26.1,24.3,22,19.3,87,X, ,X,보통
9/13/2022,무안(699),X,28.8,26.5,23.5,21.3,91,X, ,X,보통
9/13/2022,무주(701),X,28.4,28.6,23.2,19.2,73,X, ,X,보통
9/13/2022,익산(702),X,29.2,27.5,24.2,20.8,83,X, ,X,보통
9/13/2022,진안(703),X,27.6,26,22.6,19.8,81,X, ,X,보통
9/13/2022,담양(706),X,29.9,28.3,24.9,21.4,81,X, ,X,보통
9/13/2022,구례(709),X,29.9,28.5,24.2,20.5,87,X, ,X,보통
9/13/2022,나주(710),X,28.9,27,23.4,21,92,X, ,X,보통
9/13/2022,순천시(712),X,29.3,28.4,26,21.8,64,X, ,X,보통
9/13/2022,광양읍(713),X,30.3,30.2,26.1,21.3,63,X, ,X,보통
9/13/2022,장성(730),X,29.2,27.3,23.1,20.6,93,X, ,X,보통
9/13/2022,영암(731),X,29.8,27.5,23.4,20.7,95,X, ,X,보통
9/13/2022,보성(732),X,29.5,28.2,24.2,20.7,81,X, ,X,보통
9/13/2022,완주(734),X,29.8,29.1,23.9,20,79,X, ,X,보통
9/13/2022,김제(737),X,28.4,26.8,23.5,21.3,84,X, ,X,보통
9/13/2022,화순(741),X,29.6,27.7,23.9,20.9,86,X, ,X,보통
9/13/2022,함평(754),X,29,26.8,23.7,21.1,91,X, ,X,보통
9/13/2022,곡성(768),X,29.5,28,23.2,19.9,84,X, ,X,보통
9/13/2022,압해도(789),X,27.7,25.7,23.4,21.8,92,X, ,X,보통
9/13/2022,영양(801),X,26.9,26.3,21.7,18.1,74,X, ,X,보통
9/13/2022,성주(810),X,29.1,29.3,23.4,19.5,70,X, ,X,보통
9/13/2022,고령(812),X,28.5,28.1,23.6,19.4,71,X, ,X,보통
9/13/2022,청도(813),X,29,28.7,22.9,18.4,72,X, ,X,보통
9/13/2022,예천(815),X,28.5,27.9,22.7,19.3,81,X, ,X,보통
9/13/2022,김천(822),X,29.4,28,22.1,18.7,86,X, ,X,보통
9/13/2022,군위(823),X,29.7,29.6,22.6,18.5,82,X, ,X,보통
9/13/2022,칠곡(825),X,30.2,29.4,23.7,20.1,79,X, ,X,보통
9/13/2022,경산(827),X,29,28.8,23.4,20.4,70,X, ,X,보통
9/13/2022,삼척(876),X,28,26.5,22.2,20,85,X, ,X,보통
9/13/2022,속초(90),X,26.4,24.1,22.1,19.4,88.3,X, ,X,보통
9/13/2022,삼천포(907),X,30.2,29.8,24.8,21.1,72,X, ,X,보통
9/13/2022,고성(918),X,30,28.8,24.3,20.6,77,X, ,X,보통
9/13/2022,창녕(919),X,29.5,29.2,24.2,20.7,71,X, ,X,높음
9/13/2022,함안(920),X,31.3,30.5,23.1,18.6,80,X, ,X,보통
9/13/2022,북춘천(93),X,28,26.9,22.7,18.6,84.4,X, ,X,보통
9/13/2022,하동(932),X,29.5,28.5,25.2,21.1,68,X, ,X,보통
9/13/2022,철원(95),X,28.5,27.3,22.1,17.5,82.1,X, ,X,높음
9/13/2022,동두천(98),X,28.6,27.1,22.6,18.6,85.4,X, ,X,높음
9/13/2022,파주(99),X,28.6,26.7,22.3,19,90.3,X, ,X,보통
9/14/2022,북강릉(104),X,26.7,25.5,21.9,20,85.6,X, ,X,보통
9/14/2022,동해(106),X,26.9,25.3,22.5,20.6,85.6,X, ,X,보통
9/14/2022,서울(108),X,27.9,27.9,24.6,22.7,56.9,X, ,X,보통
9/14/2022,인천(112),X,27.4,27.8,24.4,22.3,55.3,X, ,X,보통
9/14/2022,원주(114),X,26.5,26.9,23.3,19.9,53.9,X, ,X,보통
9/14/2022,울릉도(115),X,26,24,22.1,20.7,86.4,X, ,X,높음
9/14/2022,수원(119),X,28.5,28.9,25,22.3,53.5,X, ,X,보통
9/14/2022,영월(121),X,28.3,28.8,22.4,19.2,58.1,X, ,X,높음
9/14/2022,충주(127),X,28.4,29,23.5,20.2,58.4,X, ,X,보통
9/14/2022,서산(129),X,27.8,28,23.8,20.6,62.1,X, ,X,보통
9/14/2022,울진(130),X,27.5,26.4,22.9,20.5,80.5,X, ,X,높음
9/14/2022,청주(131),X,28.6,30.1,25.3,22.3,53,X, ,X,보통
9/14/2022,대전(133),X,28.2,29.1,25,22.2,47,X, ,X,높음
9/14/2022,추풍령(135),X,26.6,26.7,21.9,18,60,X, ,X,높음
9/14/2022,안동(136),X,27.3,28.5,23.4,19.5,59.8,X, ,X,높음
9/14/2022,상주(137),X,29.1,29.3,23.3,19.1,63.6,X, ,X,높음
9/14/2022,포항(138),X,26.8,25.2,23.5,22.6,81,X, ,X,매우높음
9/14/2022,군산(140),X,27.4,27.9,24.6,22.4,52.4,X, ,X,높음
9/14/2022,대구(143),X,27.7,27.2,23.4,20.5,77,X, ,X,매우높음
9/14/2022,전주(146),X,27.9,28.7,25.6,21.8,53.8,X, ,X,높음
9/14/2022,울산(152),X,26.9,26,23.5,21.8,75.6,X, ,X,높음
9/14/2022,창원(155),X,28.2,28.5,24.7,22.2,60.4,X, ,X,높음
9/14/2022,광주(156),X,30.8,30.1,25.3,21.5,68.4,X, ,X,매우높음
9/14/2022,부산(159),X,29.5,28.7,24.3,22.1,74.4,X, ,X,높음
9/14/2022,통영(162),X,29.6,28.5,24.7,23,74,X, ,X,높음
9/14/2022,목포(165),X,29.5,28.8,25.5,21.1,67.1,X, ,X,매우높음
9/14/2022,여수(168),X,27.8,27.4,24.5,22.6,64.6,X, ,X,높음
9/14/2022,흑산도(169),X,27.2,25.5,22.6,20.2,86.6,X, ,X,높음
9/14/2022,완도(170),X,28.9,28,24.4,20.5,74.3,X, ,X,높음
9/14/2022,고창(172),X,29.8,29.2,24.4,19.4,70.9,X, ,X,높음
9/14/2022,제주(184),X,28,25.2,24.8,24.4,92.9,X, ,X,높음
9/14/2022,진주(192),X,29.2,28.9,24.2,21.2,66.1,X, ,X,높음
9/14/2022,양평(202),X,27.9,28.2,24.1,20.9,56.4,X, ,X,보통
9/14/2022,이천(203),X,28.1,27.8,22.8,18.5,66.1,X, ,X,보통
9/14/2022,인제(211),X,26.3,26.2,22.5,19.9,67.1,X, ,X,보통
9/14/2022,홍천(212),X,27.5,27.9,22.1,18.1,66.9,X, ,X,보통
9/14/2022,태백(216),X,22.1,21,17.8,16.1,83.1,X, ,X,보통
9/14/2022,정선군(217),X,26.2,26.8,22.2,20,60.8,X, ,X,보통
9/14/2022,제천(221),X,26.3,26.4,21.9,18.7,62.9,X, ,X,보통
9/14/2022,보은(226),X,26.8,27.3,23,19.2,56.8,X, ,X,높음
9/14/2022,천안(232),X,28.1,28.3,23.9,20.7,59.3,X, ,X,보통
9/14/2022,보령(235),X,27.8,28.7,25.5,20.6,46.9,X, ,X,높음
9/14/2022,부여(236),X,28,28.5,24.9,20.6,55,X, ,X,높음
9/14/2022,금산(238),X,26.9,27.4,23.4,19.6,53.8,X, ,X,높음
9/14/2022,세종(239),X,27.8,28.4,24.7,21.6,49.4,X, ,X,높음
9/14/2022,부안(243),X,29.4,29.7,24.6,20.5,60.8,X, ,X,높음
9/14/2022,임실(244),X,27.3,27.6,23.8,19,58.1,X, ,X,매우높음
9/14/2022,정읍(245),X,28.5,28.7,24.6,19.7,62.3,X, ,X,높음
9/14/2022,남원(247),X,27.2,27.2,23.9,22,57.8,X, ,X,매우높음
9/14/2022,장수(248),X,26,26.2,22.9,19.5,56.9,X, ,X,매우높음
9/14/2022,영광군(252),X,30.8,30.3,24.6,19.7,73.8,X, ,X,높음
9/14/2022,김해시(253),X,30.7,30.4,25,21.8,68.1,X, ,X,매우높음
9/14/2022,순창군(254),X,28.8,28.8,25,22.3,58.5,X, ,X,높음
9/14/2022,양산시(257),X,30,30.1,25.4,22.9,66.9,X, ,X,매우높음
9/14/2022,강진군(259),X,29.9,29.4,25.2,20.6,66.8,X, ,X,높음
9/14/2022,장흥(260),X,29.1,28.6,25.1,22.8,64.8,X, ,X,높음
9/14/2022,해남(261),X,29.5,28.3,25.1,21.4,71,X, ,X,높음
9/14/2022,고흥(262),X,28.7,28.1,24.3,21.9,65.1,X, ,X,높음
9/14/2022,의령군(263),X,30.2,29.6,24,21.1,70.3,X, ,X,높음
9/14/2022,함양군(264),X,27.1,27.7,22.2,17.9,65.9,X, ,X,높음
9/14/2022,진도군ASOS(268),X,29.6,28.5,24.5,19,76.6,X, ,X,높음
9/14/2022,봉화(271),X,25.8,26.1,22.3,18.3,61.6,X, ,X,높음
9/14/2022,영주(272),X,28.1,28.7,21.3,16.8,70.6,X, ,X,높음
9/14/2022,문경(273),X,28.3,28.8,22.1,17.8,69,X, ,X,높음
9/14/2022,청송군(276),X,26.1,27.3,22,15.7,61.3,X, ,X,높음
9/14/2022,영덕(277),X,27.3,26.1,22.5,20.9,81.4,X, ,X,높음
9/14/2022,의성(278),X,27.9,29,22.7,18.2,67.3,X, ,X,높음
9/14/2022,구미(279),X,27.1,28.3,22.8,18.2,60.4,X, ,X,높음
9/14/2022,영천(281),X,27,27,23,18.6,66.4,X, ,X,높음
9/14/2022,경주시(283),X,27.2,25.9,23,21.4,76.5,X, ,X,높음
9/14/2022,거창(284),X,27.1,27.1,22.2,17.9,65.8,X, ,X,높음
9/14/2022,합천(285),X,28,28.4,23.8,20.3,60.4,X, ,X,높음
9/14/2022,밀양(288),X,28.1,28.8,24.8,22.5,58.6,X, ,X,매우높음
9/14/2022,산청(289),X,28.1,27.7,22,18.5,73.3,X, ,X,높음
9/14/2022,거제(294),X,27.7,26.9,24.1,22.1,71.5,X, ,X,높음
9/14/2022,남해(295),X,28.8,28.3,23.8,21,69.5,X, ,X,높음
9/14/2022,부천(433),X,27.6,28.3,23.9,21.3,53,X, ,X,보통
9/14/2022,안양(434),X,24.3,27.9,24.9,23.4,,X, ,X,보통
9/14/2022,광명(437),X,28.4,29.3,25.6,23.5,48,O, ,X,보통
9/14/2022,군포(438),X,27.2,27.6,24.4,22.6,51,X, ,X,보통
9/14/2022,김포(441),X,,27.6,23.3,20.4,,X, ,X,보통
9/14/2022,하남(444),X,26.7,27.1,24.3,21.5,50,X, ,X,보통
9/14/2022,의왕(445),X,,,,,,X, ,X,보통
9/14/2022,포천(504),X,27.4,27.6,23.4,20.2,57,X, ,X,보통
9/14/2022,가평조종(505),X,27.3,26.8,23.6,19.9,57,X, ,X,보통
9/14/2022,안성(516),X,27.7,28,23.8,20.9,57,X, ,X,보통
9/14/2022,간성(517),X,27.8,24.9,22.1,19.9,94,X, ,X,보통
9/14/2022,평창(526),X,27.3,28.3,21.2,16.8,63,X, ,X,높음
9/14/2022,의정부(532),X,28.3,27.9,24.2,20.5,66,X, ,X,보통
9/14/2022,횡성(536),X,26.9,26.9,22.9,17.9,63,X, ,X,보통
9/14/2022,고양(540),X,28.3,28.3,23.4,19.9,64,X, ,X,보통
9/14/2022,남양주(541),X,28.4,29,24.2,20.6,56,X, ,X,보통
9/14/2022,안산(545),X,28,27.9,23,19.2,67,X, ,X,보통
9/14/2022,경기광주(546),X,26.9,27.2,23.1,21.2,54,X, ,X,보통
9/14/2022,여주(548),X,27,26.6,22.3,19.9,65,X, ,X,보통
9/14/2022,용인(549),X,27.1,27.7,23.3,20.1,53,X, ,X,보통
9/14/2022,오산(550),X,28.3,28.9,23.7,21,51,X, ,X,보통
9/14/2022,평택(551),X,28.3,28.5,24.3,21.7,58,X, ,X,보통
9/14/2022,화천(555),X,28.3,28.7,21.4,17.1,80,X, ,X,보통
9/14/2022,양구(556),X,26,27,21.5,17.4,68,X, ,X,보통
9/14/2022,시흥(565),X,28.3,28.5,24.6,21.8,59,X, ,X,보통
9/14/2022,구리(569),X,28.4,28.8,24.4,22,53,X, ,X,보통
9/14/2022,화성(571),X,28.3,28.5,24.3,21.7,60,X, ,X,보통
9/14/2022,성남(572),X,28,28.1,23.9,21.1,57,X, ,X,보통
9/14/2022,과천(590),X,28.6,28.2,23.9,20.4,61,X, ,X,보통
9/14/2022,양주(598),X,27.3,27.5,22.9,19.7,65,X, ,X,보통
9/14/2022,단양(601),X,28.2,29,21.9,17.7,71,X, ,X,보통
9/14/2022,진천(602),X,28.7,29.4,23.7,19,60,X, ,X,보통
9/14/2022,괴산(603),X,28.8,29.5,22,16.9,74,X, ,X,보통
9/14/2022,옥천(604),X,28.5,29.3,24.2,20.1,54,X, ,X,높음
9/14/2022,홍북(608),X,27.3,27.8,23.1,20.5,62,X, ,X,보통
9/14/2022,공주(612),X,28.3,29,24.8,21.4,56,X, ,X,높음
9/14/2022,서천(614),X,27.3,28,24.2,21.6,49,X, ,X,높음
9/14/2022,논산(615),X,28,28.6,25.3,20.2,47,X, ,X,높음
9/14/2022,당진(616),X,28.3,28.5,23.8,21.2,64,X, ,X,보통
9/14/2022,청양(618),X,27.5,27.9,23.1,18.9,63,X, ,X,높음
9/14/2022,음성(619),X,27.8,28.1,21.6,17.8,64,X, ,X,보통
9/14/2022,증평(623),X,29.2,29.4,23.6,20.3,66,X, ,X,보통
9/14/2022,태안(627),X,28.4,28.1,24.1,20.3,66,X, ,X,보통
9/14/2022,예산(628),X,28.3,28.4,24,20.4,67,X, ,X,보통
9/14/2022,아산(634),X,28.5,28.8,24.1,21,62,X, ,X,보통
9/14/2022,계룡(636),X,27.4,28.2,24.5,21.7,46,X, ,X,높음
9/14/2022,연천청산(652),X,,,,,,X, ,X,보통
9/14/2022,양양(670),X,26.8,25.6,22.3,20.1,82,X, ,X,보통
9/14/2022,무안(699),X,29.4,28.9,25,19.6,70,X, ,X,높음
9/14/2022,무주(701),X,26.6,26.8,23.2,19.4,57,X, ,X,높음
9/14/2022,익산(702),X,28.2,27.7,24.3,21.3,61,X, ,X,높음
9/14/2022,진안(703),X,26.7,26.8,22.9,19.8,57,X, ,X,매우높음
9/14/2022,담양(706),X,30.6,30.3,25.7,21.8,63,X, ,X,높음
9/14/2022,구례(709),X,29.7,29,26,23,64,X, ,X,매우높음
9/14/2022,나주(710),X,31.2,30,24.4,18.9,76,X, ,X,매우높음
9/14/2022,순천시(712),X,29.1,29.2,25.8,23.8,56,X, ,X,높음
9/14/2022,광양읍(713),X,29.3,29.8,26.3,24.4,53,X, ,X,높음
9/14/2022,장성(730),X,30.1,30.1,24.3,18.7,71,X, ,X,높음
9/14/2022,영암(731),X,30.5,29.6,25.1,19.7,71,X, ,X,매우높음
9/14/2022,보성(732),X,29.8,29.1,24.5,22.2,68,X, ,X,높음
9/14/2022,완주(734),X,28.5,29,25.3,22,52,X, ,X,높음
9/14/2022,김제(737),X,28.2,28.9,24.5,21.1,58,X, ,X,높음
9/14/2022,화순(741),X,31,30.3,25.3,20.6,70,X, ,X,매우높음
9/14/2022,함평(754),X,30.4,29.8,24.7,20.7,70,X, ,X,높음
9/14/2022,곡성(768),X,30.6,30.2,23.4,18.6,71,X, ,X,매우높음
9/14/2022,압해도(789),X,28.9,28.8,25,19.7,69,X, ,X,높음
9/14/2022,영양(801),X,26.4,26.8,22.7,19.5,62,X, ,X,높음
9/14/2022,성주(810),X,27.7,28.7,22.4,17.5,68,X, ,X,높음
9/14/2022,고령(812),X,27.4,27.9,23.6,20.3,61,X, ,X,높음
9/14/2022,청도(813),X,26.6,26.2,23.4,20.8,66,X, ,X,매우높음
9/14/2022,예천(815),X,28.6,29.7,22.2,17.7,69,X, ,X,높음
9/14/2022,김천(822),X,27.9,27.9,20.6,15.6,79,X, ,X,높음
9/14/2022,군위(823),X,27.6,28.3,22.2,16.7,72,X, ,X,높음
9/14/2022,칠곡(825),X,28.6,29,23.1,18.7,68,X, ,X,높음
9/14/2022,경산(827),X,27.3,27.1,23.4,19.8,68,X, ,X,높음
9/14/2022,삼척(876),X,27.8,26.4,22.6,19.3,82,X, ,X,보통
9/14/2022,속초(90),X,27.6,25.7,22.6,20.6,85,X, ,X,보통
9/14/2022,삼천포(907),X,29,29.1,24.7,20.7,66,X, ,X,높음
9/14/2022,고성(918),X,29.1,28,23.5,20,75,X, ,X,높음
9/14/2022,창녕(919),X,28.9,28.7,24.5,21.8,67,X, ,X,매우높음
9/14/2022,함안(920),X,28.8,28.2,22.6,17.8,77,X, ,X,높음
9/14/2022,북춘천(93),X,28.4,28.1,23.6,19.6,63.6,X, ,X,보통
9/14/2022,하동(932),X,29,28.7,25.3,23.1,61,X, ,X,높음
9/14/2022,철원(95),X,26.1,26,22.5,20,64.3,X, ,X,보통
9/14/2022,동두천(98),X,27.8,27,23,20.8,64.4,X, ,X,보통
9/14/2022,파주(99),X,27.4,26.5,21.7,18.6,76.4,X, ,X,보통
9/15/2022,북강릉(104),X,25.5,24.4,21,18.7,83.4,X, ,X,보통
9/15/2022,동해(106),X,25.6,24.5,21.8,19.3,80.4,X, ,X,높음
9/15/2022,서울(108),X,28.8,28.3,25.2,22,66.9,X, ,X,높음
9/15/2022,인천(112),X,28.2,28.1,25.6,22.3,60.3,X, ,X,높음
9/15/2022,원주(114),X,28.6,29.3,24.3,18.6,63.1,X, ,X,높음
9/15/2022,울릉도(115),X,24.7,23.2,20.7,19.3,82.6,X, ,X,높음
9/15/2022,수원(119),X,28.6,28.7,25.4,21.9,62.3,X, ,X,높음
9/15/2022,영월(121),X,29.3,29.5,23,16.8,71.6,X, ,X,높음
9/15/2022,충주(127),X,29.7,29.8,24.2,19.9,66,X, ,X,높음
9/15/2022,서산(129),X,29.2,29.1,25.2,21.6,66.9,X, ,X,높음
9/15/2022,울진(130),X,25.7,24.3,21.8,18.6,79.6,X, ,X,보통
9/15/2022,청주(131),X,30.4,31,26.2,22.2,58,X, ,X,높음
9/15/2022,대전(133),X,29.8,29.8,25.2,21.6,62.8,X, ,X,보통
9/15/2022,추풍령(135),X,28.3,27.7,22.1,18.1,72.6,X, ,X,높음
9/15/2022,안동(136),X,27.5,27.6,22.5,18.7,68.6,X, ,X,높음
9/15/2022,상주(137),X,29.7,29.4,23.5,19.2,72.6,X, ,X,높음
9/15/2022,포항(138),X,26,24.6,23.3,22.7,78.4,X, ,X,높음
9/15/2022,군산(140),X,31.9,31.6,26,22.1,67.1,X, ,X,높음
9/15/2022,대구(143),X,27.7,26.8,23.5,21.3,78.8,X, ,X,높음
9/15/2022,전주(146),X,32,32.1,26.9,21,63,X, ,X,매우높음
9/15/2022,울산(152),X,25.5,24.3,22.8,21.6,77.6,X, ,X,높음
9/15/2022,창원(155),X,29.2,28.7,24.4,21.9,68.1,X, ,X,높음
9/15/2022,광주(156),X,31.7,31.3,26.5,22.3,72.5,X, ,X,높음
9/15/2022,부산(159),X,29.2,28.1,24.3,22.5,75.5,X, ,X,높음
9/15/2022,통영(162),X,30,28.8,24.9,23.1,78.4,X, ,X,높음
9/15/2022,목포(165),X,30.1,29.1,26,23,73,X, ,X,높음
9/15/2022,여수(168),X,28.7,27.7,24.6,22.8,73.3,X, ,X,높음
9/15/2022,흑산도(169),X,25.3,22.8,21.5,20.1,92.9,X, ,X,보통
9/15/2022,완도(170),X,28.4,26.7,24.8,23.5,79.8,X, ,X,보통
9/15/2022,고창(172),X,31.4,31.2,26.8,22.7,66,X, ,X,높음
9/15/2022,제주(184),X,29.6,26.9,25.3,24.7,95.3,X, ,O,보통
9/15/2022,진주(192),X,29.4,28.6,24,19.8,76.8,X, ,X,보통
9/15/2022,양평(202),X,29.4,29.6,24.4,19.8,68.5,X, ,X,높음
9/15/2022,이천(203),X,29.3,29.2,23.4,16.6,76.8,X, ,X,높음
9/15/2022,인제(211),X,27.4,27.2,22.1,18.7,74.6,X, ,X,보통
9/15/2022,홍천(212),X,29.2,29.6,22.6,16.3,73.4,X, ,X,높음
9/15/2022,태백(216),X,24.6,23.8,18.4,16.1,82.4,X, ,X,보통
9/15/2022,정선군(217),X,27.3,27.7,22.5,18.9,65.8,X, ,X,높음
9/15/2022,제천(221),X,29.1,28.5,22.2,16.7,77.1,X, ,X,높음
9/15/2022,보은(226),X,27.9,27.3,23.3,19.7,70.6,X, ,X,높음
9/15/2022,천안(232),X,28.9,28.6,24.7,21.1,66.6,X, ,X,높음
9/15/2022,보령(235),X,30.6,30.9,27.4,23.3,57.8,X, ,O,높음
9/15/2022,부여(236),X,30.5,30.4,25.6,20.8,68.5,X, ,X,높음
9/15/2022,금산(238),X,30.4,30.4,24.5,19.1,68.1,X, ,X,높음
9/15/2022,세종(239),X,29.3,29.3,25.2,21.8,63.4,X, ,X,보통
9/15/2022,부안(243),X,31.5,31.5,25.9,20.1,68.4,X, ,X,높음
9/15/2022,임실(244),X,28.9,28.4,24.7,21.5,69.9,X, ,X,높음
9/15/2022,정읍(245),X,31,31,25.9,20.3,67.3,X, ,X,높음
9/15/2022,남원(247),X,28.3,27.6,24.4,21.9,69.5,X, ,X,높음
9/15/2022,장수(248),X,27.8,27,22.7,16,76.9,X, ,X,높음
9/15/2022,영광군(252),X,32,31.5,26.9,22.7,67.9,X, ,X,높음
9/15/2022,김해시(253),X,30.7,29.9,24.8,21.9,72,X, ,X,보통
9/15/2022,순창군(254),X,30.5,30.1,25.3,21.9,71.6,X, ,X,높음
9/15/2022,양산시(257),X,29.2,28.7,25.3,23.2,68,X, ,X,높음
9/15/2022,강진군(259),X,31,30,25.6,22.9,74.4,X, ,X,보통
9/15/2022,장흥(260),X,30.3,29.2,25.4,22.8,73.9,X, ,X,보통
9/15/2022,해남(261),X,30.5,29,25.1,22.3,81.1,X, ,X,보통
9/15/2022,고흥(262),X,29.1,28.1,24.3,22.3,75,X, ,X,보통
9/15/2022,의령군(263),X,30.7,29.7,24.3,20.3,75.9,X, ,X,높음
9/15/2022,함양군(264),X,26.7,25.1,22.2,18.1,80.6,X, ,X,높음
9/15/2022,진도군ASOS(268),X,29,27.7,25.5,23.9,77.5,X, ,X,높음
9/15/2022,봉화(271),X,26.1,25.9,21.2,16.1,72.3,X, ,X,높음
9/15/2022,영주(272),X,28,28,21.5,16.1,77.4,X, ,X,높음
9/15/2022,문경(273),X,28.4,27.8,22.2,17.3,75.1,X, ,X,높음
9/15/2022,청송군(276),X,26.5,26.6,21,15.9,69.5,X, ,X,높음
9/15/2022,영덕(277),X,26,24.7,21.3,17.7,82.8,X, ,X,보통
9/15/2022,의성(278),X,28.8,28.7,22.3,16.6,75.9,X, ,X,높음
9/15/2022,구미(279),X,29.5,29.9,23.1,17.4,68.9,X, ,X,높음
9/15/2022,영천(281),X,26.4,25.8,22.3,20.2,73,X, ,X,보통
9/15/2022,경주시(283),X,26.5,25.4,22.8,20.5,77.6,X, ,X,높음
9/15/2022,거창(284),X,28.6,27.6,22.4,18.1,78.1,X, ,X,높음
9/15/2022,합천(285),X,28.2,27.7,23.6,20.2,71.4,X, ,X,높음
9/15/2022,밀양(288),X,29.2,29.8,25.2,22.3,60,X, ,X,보통
9/15/2022,산청(289),X,27.6,26.3,22.5,18.1,82.3,X, ,X,높음
9/15/2022,거제(294),X,27.7,26.6,23.7,22.7,76.1,X, ,X,높음
9/15/2022,남해(295),X,28.7,27.8,24,21.5,76.4,X, ,X,높음
9/15/2022,부천(433),X,27.8,28.2,24.7,21.3,60,X, ,X,높음
9/15/2022,안양(434),X,27.4,28.2,25.8,22.9,,X, ,X,높음
9/15/2022,광명(437),X,28.5,29,26.1,22.8,58,O, ,X,높음
9/15/2022,군포(438),X,28.3,28.6,25.1,22,59,X, ,X,높음
9/15/2022,김포(441),X,,27.8,24.8,20,,X, ,X,높음
9/15/2022,하남(444),X,28.4,28.7,24.8,21,62,X, ,X,높음
9/15/2022,의왕(445),X,,,,,,X, ,X,높음
9/15/2022,포천(504),X,28.5,28.8,23.7,18.7,71,X, ,X,높음
9/15/2022,가평조종(505),X,28.2,27.8,23.5,18.8,74,X, ,X,높음
9/15/2022,안성(516),X,28.9,29.2,24.9,19.8,63,X, ,X,높음
9/15/2022,간성(517),X,27.1,25,21.7,19.4,92,X, ,X,높음
9/15/2022,평창(526),X,27.9,28.8,21.7,16.1,72,X, ,X,높음
9/15/2022,의정부(532),X,28.6,27.4,23.9,19.7,84,X, ,X,높음
9/15/2022,횡성(536),X,29.9,30.2,23.2,17.1,81,X, ,X,높음
9/15/2022,고양(540),X,28.8,28.4,23.9,19.1,73,X, ,X,높음
9/15/2022,남양주(541),X,28.7,28.6,25.2,22.1,63,X, ,X,높음
9/15/2022,안산(545),X,28.1,27.7,23.7,16.8,70,X, ,X,높음
9/15/2022,경기광주(546),X,28.3,28.2,24,20.2,64,X, ,X,높음
9/15/2022,여주(548),X,28.6,28.5,23.2,16.8,71,X, ,X,높음
9/15/2022,용인(549),X,28.1,28.8,23.6,19.5,65,X, ,X,높음
9/15/2022,오산(550),X,29.5,30.3,25.1,21.2,56,X, ,X,높음
9/15/2022,평택(551),X,29.4,29.6,25.4,21,62,X, ,X,높음
9/15/2022,화천(555),X,29.2,29.2,21.9,15.6,88,X, ,X,높음
9/15/2022,양구(556),X,28.1,28.7,21.9,16.7,73,X, ,X,높음
9/15/2022,시흥(565),X,28.8,28.2,25.4,21.6,65,X, ,X,높음
9/15/2022,구리(569),X,29.2,29.1,25.3,21.6,63,X, ,X,높음
9/15/2022,화성(571),X,28.6,28.5,25.1,21.6,64,X, ,X,높음
9/15/2022,성남(572),X,28,28.2,24.6,20.2,64,X, ,X,높음
9/15/2022,과천(590),X,29.1,28.8,24.4,20.3,69,X, ,X,높음
9/15/2022,양주(598),X,28.4,28.5,23.5,17.3,74,X, ,X,높음
9/15/2022,단양(601),X,29.7,30.2,22.7,16.3,75,X, ,X,높음
9/15/2022,진천(602),X,29.2,29.6,23.8,17,70,X, ,X,높음
9/15/2022,괴산(603),X,29.3,29.4,22.6,16.3,75,X, ,X,높음
9/15/2022,옥천(604),X,30.6,30.9,25,20.2,66,X, ,X,높음
9/15/2022,홍북(608),X,29.2,29.4,24.5,20.5,66,X, ,X,높음
9/15/2022,공주(612),X,29.9,29.9,25.6,21.7,65,X, ,X,높음
9/15/2022,서천(614),X,32.4,32,25.5,21.7,72,X, ,X,높음
9/15/2022,논산(615),X,31.4,31.5,26.1,22.4,64,X, ,X,높음
9/15/2022,당진(616),X,28.9,28.9,24.7,20.5,70,X, ,X,높음
9/15/2022,청양(618),X,30.1,29.8,24.3,19.1,74,X, ,X,높음
9/15/2022,음성(619),X,28.7,28.5,22.1,15.9,74,X, ,X,높음
9/15/2022,증평(623),X,29.5,29.1,24.3,20.3,71,X, ,X,높음
9/15/2022,태안(627),X,29.5,28.6,25.4,22.2,72,X, ,X,높음
9/15/2022,예산(628),X,30,30.1,25.3,20.3,70,X, ,X,높음
9/15/2022,아산(634),X,29.8,29.3,25.6,22.3,64,X, ,X,높음
9/15/2022,계룡(636),X,29.5,29.7,24.8,21.5,63,X, ,X,높음
9/15/2022,연천청산(652),X,,,,,,X, ,X,높음
9/15/2022,양양(670),X,25.8,24.6,21.6,19.3,79,X, ,X,높음
9/15/2022,무안(699),X,30.5,29.5,26.1,22.6,72,X, ,X,높음
9/15/2022,무주(701),X,29.6,29.2,24.5,19.4,67,X, ,X,높음
9/15/2022,익산(702),X,31.8,31,25.6,20.8,75,X, ,X,높음
9/15/2022,진안(703),X,28.7,27.9,23.9,19.9,72,X, ,X,높음
9/15/2022,담양(706),X,32.4,31.2,26.1,20.5,79,X, ,X,높음
9/15/2022,구례(709),X,30.7,29.7,26,24.1,73,X, ,X,높음
9/15/2022,나주(710),X,31.6,30.7,25,19.2,80,X, ,X,높음
9/15/2022,순천시(712),X,29.9,29.5,26.4,23.9,64,X, ,X,높음
9/15/2022,광양읍(713),X,30.6,30.8,26.6,23.7,61,X, ,X,보통
9/15/2022,장성(730),X,31.6,31.3,26.8,21.1,65,X, ,X,높음
9/15/2022,영암(731),X,31.3,30.3,26.1,22.3,74,X, ,X,보통
9/15/2022,보성(732),X,30.4,29.6,25.1,22,76,X, ,X,보통
9/15/2022,완주(734),X,31.8,31.9,26.3,22.2,67,X, ,X,높음
9/15/2022,김제(737),X,31.3,31.4,26.2,21,65,X, ,X,높음
9/15/2022,화순(741),X,31.2,30.6,26.2,22.7,70,X, ,X,보통
9/15/2022,함평(754),X,31.6,30.7,25.7,20.9,75,X, ,X,높음
9/15/2022,곡성(768),X,31.7,31,24.7,18.1,76,X, ,X,높음
9/15/2022,압해도(789),X,30,30.1,25.9,22.9,70,X, ,X,높음
9/15/2022,영양(801),X,26.4,26.5,21.4,16.3,72,X, ,X,높음
9/15/2022,성주(810),X,28.6,28.7,22.7,17.5,72,X, ,X,높음
9/15/2022,고령(812),X,28.3,27.9,23.4,19.3,74,X, ,X,높음
9/15/2022,청도(813),X,28.6,28.3,23.5,20.3,70,X, ,X,높음
9/15/2022,예천(815),X,28.9,29.1,22.5,16.6,71,X, ,X,높음
9/15/2022,김천(822),X,29.7,29.1,22.2,15.2,79,X, ,X,높음
9/15/2022,군위(823),X,29.5,29.2,22.3,16.7,79,X, ,X,높음
9/15/2022,칠곡(825),X,29.7,29.4,22.9,17.8,80,X, ,X,높음
9/15/2022,경산(827),X,27.5,27,23.1,20.8,72,X, ,X,보통
9/15/2022,삼척(876),X,26.4,25.4,22,19.2,76,X, ,X,보통
9/15/2022,속초(90),X,26.8,25.5,22.4,20.4,77.1,X, ,X,높음
9/15/2022,삼천포(907),X,30,29.1,24.6,20.7,74,X, ,X,높음
9/15/2022,고성(918),X,28.9,27.7,24,20.9,77,X, ,X,높음
9/15/2022,창녕(919),X,29.2,28.8,24.6,21.7,71,X, ,X,높음
9/15/2022,함안(920),X,30.9,29.9,22.8,17,84,X, ,X,높음
9/15/2022,북춘천(93),X,29.1,29.1,24,20.1,73.6,X, ,X,높음
9/15/2022,하동(932),X,29.8,29.2,25.2,23,70,X, ,X,높음
9/15/2022,철원(95),X,27.8,27.7,22.7,19.8,76.3,X, ,X,높음
9/15/2022,동두천(98),X,28.3,27.4,23.3,19.2,77.5,X, ,X,높음
9/15/2022,파주(99),X,28.4,27.2,22.4,17.8,83.8,X, ,X,높음
9/16/2022,북강릉(104),X,27.8,26.1,21.9,17.4,86.4,X, ,X,보통
9/16/2022,동해(106),X,27.8,25.7,22,17.9,91.5,X, ,X,보통
9/16/2022,서울(108),X,30.9,29.9,25.7,23.4,78.6,X, ,X,보통
9/16/2022,인천(112),X,30.2,29.5,25.3,22.5,75.1,X, ,X,보통
9/16/2022,원주(114),X,30.1,30.1,26.2,22.8,63.1,X, ,X,높음
9/16/2022,울릉도(115),X,26.4,23.7,22.1,19.3,93.9,X, ,X,높음
9/16/2022,수원(119),X,31.3,31.2,26,23.1,76,X, ,X,높음
9/16/2022,영월(121),X,29.8,29.1,22.6,17.6,82.9,X, ,X,높음
9/16/2022,충주(127),X,29.7,28.8,25.2,20.6,73.3,X, ,X,보통
9/16/2022,서산(129),X,31.1,30.1,25.8,22.9,78.6,X, ,X,낮음
9/16/2022,울진(130),X,26.7,24.4,22,18,89,X, ,X,보통
9/16/2022,청주(131),X,31.7,31.6,26.7,22.8,66.8,X, ,X,높음
9/16/2022,대전(133),X,31.5,31.3,25.4,21.1,71.8,X, ,X,높음
9/16/2022,추풍령(135),X,27.2,25.6,21.3,18.2,84.1,X, ,X,보통
9/16/2022,안동(136),X,29.6,28.7,23.4,19,78.5,X, ,X,보통
9/16/2022,상주(137),X,29.1,27.6,22.9,19.8,83.3,X, ,X,보통
9/16/2022,포항(138),X,27,24.4,23.1,21.9,90.5,X, ,X,보통
9/16/2022,군산(140),X,32.7,32.4,26.8,22.8,75.5,X, ,X,보통
9/16/2022,대구(143),X,30.4,29,24.7,21.8,84.9,X, ,X,보통
9/16/2022,전주(146),X,32.6,32.8,27.4,24,69.8,O, ,X,높음
9/16/2022,울산(152),X,29.4,27.3,23.3,21.1,91.8,X, ,X,높음
9/16/2022,창원(155),X,30.7,29.7,25.3,21.7,75.6,X, ,X,높음
9/16/2022,광주(156),X,32,31.3,26.8,24.2,82.5,O, ,X,높음
9/16/2022,부산(159),X,30.9,29.2,25.1,22.5,85,X, ,X,높음
9/16/2022,통영(162),X,31.2,29.5,25.6,22.5,86.3,X, ,X,높음
9/16/2022,목포(165),X,31.4,30.5,26.6,24.3,79,X, ,X,높음
9/16/2022,여수(168),X,29.3,27.7,25.2,22.8,80.3,X, ,X,높음
9/16/2022,흑산도(169),X,27.8,24.5,22.5,20.3,99,X, ,X,보통
9/16/2022,완도(170),X,28.9,26.6,24.9,23.6,88.4,X, ,X,높음
9/16/2022,고창(172),X,31.8,31.4,26.8,24,73.9,X, ,X,높음
9/16/2022,제주(184),O,33.3,32.8,28.7,25.4,76.3,X, ,X,높음
9/16/2022,진주(192),X,30.8,29.3,24.7,21.5,82.6,X, ,X,높음
9/16/2022,양평(202),X,30.8,30.3,,21,74.4,X, ,X,보통
9/16/2022,이천(203),X,32.3,31.7,25.7,20.5,75.1,X, ,X,보통
9/16/2022,인제(211),X,31.1,30.9,23,18.9,79.5,X, ,X,보통
9/16/2022,홍천(212),X,31.4,31.3,24.6,19.6,74.6,X, ,X,보통
9/16/2022,태백(216),X,26.3,25,19.7,15.4,87.4,X, ,X,보통
9/16/2022,정선군(217),X,29.9,29.4,22,17.6,79.6,X, ,X,높음
9/16/2022,제천(221),X,29.2,27.9,22.2,17.9,87,X, ,X,보통
9/16/2022,보은(226),X,27.9,26.5,23,19,81.8,X, ,X,높음
9/16/2022,천안(232),X,30.8,30.3,25.2,21.5,78.5,X, ,X,높음
9/16/2022,보령(235),X,32.1,31.5,26.2,23.3,76.5,X, ,X,높음
9/16/2022,부여(236),X,32.5,31.9,26.2,21.5,77.6,O, ,X,보통
9/16/2022,금산(238),X,31.4,31.1,24.8,19.6,76.1,X, ,X,높음
9/16/2022,세종(239),X,29.9,29.2,25.2,21.5,73.1,X, ,X,높음
9/16/2022,부안(243),X,31.7,31.4,27.1,23.2,74.8,X, ,X,보통
9/16/2022,임실(244),X,30.4,30.2,25,22,79.6,X, ,X,높음
9/16/2022,정읍(245),X,31.5,31.5,27,24.3,70.4,O, ,X,높음
9/16/2022,남원(247),X,30.8,30.6,25.4,22,76.9,X, ,X,높음
9/16/2022,장수(248),X,29.7,29.1,24.2,20.6,79.8,X, ,X,보통
9/16/2022,영광군(252),X,32,31.6,27,24.1,75.1,X, ,X,보통
9/16/2022,김해시(253),X,31.6,30.6,25.8,21.7,78.4,X, ,X,높음
9/16/2022,순창군(254),X,30.9,30.5,25.5,21.3,82.6,X, ,X,높음
9/16/2022,양산시(257),X,31.3,30.3,25.6,22.7,79.5,X, ,X,높음
9/16/2022,강진군(259),X,32.1,31,26,23.4,82.6,X, ,X,보통
9/16/2022,장흥(260),X,30.5,29,25.3,23.1,86.3,X, ,X,보통
9/16/2022,해남(261),X,31.3,29.5,25.8,23.9,86.5,X, ,X,높음
9/16/2022,고흥(262),X,29.4,27.8,24.7,22.8,84.1,X, ,X,높음
9/16/2022,의령군(263),X,31.3,30,24.9,21.3,83,X, ,X,높음
9/16/2022,함양군(264),X,29.2,28.1,23.8,20.7,82.9,X, ,X,높음
9/16/2022,진도군ASOS(268),X,30.8,29.2,25.6,22.9,86.1,X, ,X,높음
9/16/2022,봉화(271),X,27.8,26.4,20.9,15.5,89.8,X, ,X,보통
9/16/2022,영주(272),X,27,25.2,20.9,18.6,94.4,X, ,X,보통
9/16/2022,문경(273),X,27.9,26.2,22,19.1,87.9,X, ,X,보통
9/16/2022,청송군(276),X,28.8,27.8,22.6,15.9,79.3,X, ,X,보통
9/16/2022,영덕(277),X,26.8,24.5,21.6,17.8,91.3,X, ,X,보통
9/16/2022,의성(278),X,30.4,29.6,23.5,17.7,83.5,X, ,X,보통
9/16/2022,구미(279),X,27.3,25.8,22.6,20.6,78.9,X, ,X,보통
9/16/2022,영천(281),X,28.9,27.4,23.1,20.5,85.1,X, ,X,보통
9/16/2022,경주시(283),X,29.7,28.3,22.9,20.6,88,X, ,X,보통
9/16/2022,거창(284),X,28.4,26.6,23,19.7,87.9,X, ,X,보통
9/16/2022,합천(285),X,30,29,24,20.6,81.9,X, ,X,보통
9/16/2022,밀양(288),X,31.1,31,25.4,20.3,72.6,X, ,X,높음
9/16/2022,산청(289),X,29.5,27.7,23.3,20.1,90,X, ,X,보통
9/16/2022,거제(294),X,29.5,27.8,24.8,22.7,83.5,X, ,X,높음
9/16/2022,남해(295),X,30.4,29.1,24.8,22.2,80.9,X, ,X,높음
9/16/2022,부천(433),X,30.1,29.9,24.8,21.9,73,X, ,X,보통
9/16/2022,안양(434),X,26.6,29.9,26,23.4,,X, ,X,보통
9/16/2022,광명(437),X,31,30.9,26.2,23.3,72,O, ,X,보통
9/16/2022,군포(438),X,30.3,30,25.6,23.2,72,X, ,X,보통
9/16/2022,김포(441),X,,30.1,25.8,22.9,,X, ,X,보통
9/16/2022,하남(444),X,31.2,30.9,25.4,22.9,73,X, ,X,보통
9/16/2022,의왕(445),X,,,,,,X, ,X,보통
9/16/2022,포천(504),X,30.5,29.7,25,21.6,79,X, ,X,보통
9/16/2022,가평조종(505),X,30.2,29.2,23.9,19.9,87,X, ,X,보통
9/16/2022,안성(516),X,32.3,32.6,25.9,21.9,75,O, ,X,높음
9/16/2022,간성(517),X,27,24.7,21.3,18.5,95,X, ,X,보통
9/16/2022,평창(526),X,29.4,29.3,22,17.6,78,X, ,X,높음
9/16/2022,의정부(532),X,31,29,24.4,20.7,92,X, ,X,보통
9/16/2022,횡성(536),X,32,31.8,24.8,19.9,85,X, ,X,높음
9/16/2022,고양(540),X,32.1,31.5,25.5,22.9,78,X, ,X,보통
9/16/2022,남양주(541),X,31.1,30.9,25.1,22.2,77,X, ,X,보통
9/16/2022,안산(545),X,32,31.5,24.9,22.3,80,X, ,X,높음
9/16/2022,경기광주(546),X,30.4,30,24.7,21.5,74,X, ,X,보통
9/16/2022,여주(548),X,30.7,30.2,25.1,20.3,72,X, ,X,보통
9/16/2022,용인(549),X,30.1,29.9,24.3,21.2,75,X, ,X,높음
9/16/2022,오산(550),X,31.4,31.5,25.3,22.5,73,X, ,X,높음
9/16/2022,평택(551),X,32,31.7,26,22.5,76,O, ,X,높음
9/16/2022,화천(555),X,32.1,30.6,23.5,18.5,91,X, ,X,보통
9/16/2022,양구(556),X,31.1,31.5,23.4,17.8,78,X, ,X,보통
9/16/2022,시흥(565),X,31.3,30.7,25.6,22.5,78,X, ,X,보통
9/16/2022,구리(569),X,30.4,30.3,25.7,22.7,73,X, ,X,보통
9/16/2022,화성(571),X,31.2,30.5,25.6,22.9,78,X, ,X,높음
9/16/2022,성남(572),X,30.4,30,25.5,23.1,72,X, ,X,높음
9/16/2022,과천(590),X,31.1,30.3,25.3,21.6,82,X, ,X,보통
9/16/2022,양주(598),X,30.2,29.5,24.8,22.6,81,X, ,X,보통
9/16/2022,단양(601),X,30.4,30,23.3,18.7,81,X, ,X,높음
9/16/2022,진천(602),X,32.7,32.8,25.7,19.9,75,X, ,X,높음
9/16/2022,괴산(603),X,30,29.4,24.2,18.3,78,X, ,X,높음
9/16/2022,옥천(604),X,31,30.5,24.9,20.7,77,X, ,X,높음
9/16/2022,홍북(608),X,31.2,31,24.7,21.2,80,X, ,X,보통
9/16/2022,공주(612),X,31.9,31.5,25.8,21.8,75,X, ,X,높음
9/16/2022,서천(614),X,32.2,31.2,25.7,21.8,82,O, ,X,높음
9/16/2022,논산(615),O,33,33.5,26.8,22.3,71,O, ,X,높음
9/16/2022,당진(616),X,31.8,30.9,25.3,21.6,83,X, ,X,보통
9/16/2022,청양(618),X,31.4,30.5,25.1,20.5,82,O, ,X,보통
9/16/2022,음성(619),X,29.3,28.6,23.4,17.8,78,X, ,X,높음
9/16/2022,증평(623),X,31.4,30.4,25.1,21.2,79,X, ,X,높음
9/16/2022,태안(627),X,31.2,29.8,25,22.5,85,X, ,X,보통
9/16/2022,예산(628),X,32.2,31.5,26.1,22.1,80,X, ,X,보통
9/16/2022,아산(634),X,32.1,31.4,25.7,22.5,79,X, ,X,높음
9/16/2022,계룡(636),X,31.5,31.4,25,20,74,X, ,X,높음
9/16/2022,연천청산(652),X,,,,,,X, ,X,보통
9/16/2022,양양(670),X,26.7,25.3,21.7,18.2,85,X, ,X,보통
9/16/2022,무안(699),X,31.2,30,26.5,23.5,79,X, ,X,높음
9/16/2022,무주(701),X,30.7,30,24.3,19,79,X, ,X,보통
9/16/2022,익산(702),X,32.8,31.7,26.2,22,83,O, ,X,높음
9/16/2022,진안(703),X,30.8,30.6,24.6,21.4,80,X, ,X,높음
9/16/2022,담양(706),X,32.8,31.4,25.9,21.9,89,O, ,X,높음
9/16/2022,구례(709),X,31.7,30.9,26.3,24.1,82,X, ,X,높음
9/16/2022,나주(710),X,32.2,31,26,23.1,83,X, ,X,보통
9/16/2022,순천시(712),X,30.9,30.1,26.4,24.1,76,X, ,X,보통
9/16/2022,광양읍(713),X,31,30.4,26.5,24,72,X, ,X,높음
9/16/2022,장성(730),X,31.6,31.3,26,23.2,79,X, ,X,높음
9/16/2022,영암(731),X,32,31,26.5,24.1,80,X, ,X,높음
9/16/2022,보성(732),X,31.1,29.5,25.3,22.9,85,X, ,X,보통
9/16/2022,완주(734),X,32.6,32.6,25.6,21.1,81,O, ,X,높음
9/16/2022,김제(737),X,32,32,27.4,23.7,73,X, ,X,높음
9/16/2022,화순(741),X,31.4,30.5,25.9,23.5,79,X, ,X,높음
9/16/2022,함평(754),X,31.7,30.5,26.1,23.2,83,X, ,X,보통
9/16/2022,곡성(768),X,31.9,31,25.9,22.3,80,X, ,X,높음
9/16/2022,압해도(789),X,30.3,30.2,26.3,23.7,76,X, ,X,높음
9/16/2022,영양(801),X,29,27.6,22.1,16.6,89,X, ,X,보통
9/16/2022,성주(810),X,29,28.2,23.2,20,81,X, ,X,보통
9/16/2022,고령(812),X,30,29,23.6,19.3,86,X, ,X,보통
9/16/2022,청도(813),X,30.2,29,24,18.4,83,X, ,X,높음
9/16/2022,예천(815),X,29.3,28.3,23,19.1,79,X, ,X,보통
9/16/2022,김천(822),X,27,24.9,21.3,18.7,90,X, ,X,보통
9/16/2022,군위(823),X,29.7,28,22.9,18,87,X, ,X,보통
9/16/2022,칠곡(825),X,29.7,28.1,23.5,20,87,X, ,X,보통
9/16/2022,경산(827),X,29.8,28.6,24.1,21.2,82,X, ,X,보통
9/16/2022,삼척(876),X,29.7,28.5,22.8,18.6,83,X, ,X,보통
9/16/2022,속초(90),X,26.5,25.1,21.8,18.9,85.3,X, ,X,보통
9/16/2022,삼천포(907),X,30.8,29.6,25.4,22.3,81,X, ,X,높음
9/16/2022,고성(918),X,30.8,29.5,25,22.1,84,X, ,X,높음
9/16/2022,창녕(919),X,31.1,30,24.8,20.7,83,X, ,X,높음
9/16/2022,함안(920),X,31.3,29.7,24.1,20.3,87,X, ,X,높음
9/16/2022,북춘천(93),X,31.7,30.8,24.6,19.6,84.8,X, ,X,보통
9/16/2022,하동(932),X,30.6,29.7,25.6,22.5,81,X, ,X,높음
9/16/2022,철원(95),X,30.1,29.4,23.6,19.1,86,X, ,X,보통
9/16/2022,동두천(98),X,31.1,29.6,24,20.7,90.4,X, ,X,보통
9/16/2022,파주(99),X,31.4,30.2,24,20.2,90.5,X, ,X,보통
9/17/2022,북강릉(104),X,29.3,27.6,23.5,20.3,89.9,X, ,X,높음
9/17/2022,동해(106),X,29.4,27.4,23.8,20.4,92.4,X, ,X,높음
9/17/2022,서울(108),X,30.7,29.4,25.6,23.3,83.1,X,관심,X,보통
9/17/2022,인천(112),X,29.7,28.2,24.5,22.4,84.4,X,관심,X,보통
9/17/2022,원주(114),X,31.2,31.3,26.9,23.4,71.3,O,관심,X,높음
9/17/2022,울릉도(115),X,30.2,28.4,24.8,22.4,80.1,X, ,X,높음
9/17/2022,수원(119),X,31,30.2,25.5,23.3,86.9,X,관심,X,보통
9/17/2022,영월(121),X,31.7,32,24.9,20,79.9,X, ,X,높음
9/17/2022,충주(127),X,32.3,32.1,26.4,21.8,77.8,X,관심,X,높음
9/17/2022,서산(129),X,30.7,29.2,24.7,22,84.4,X, ,X,보통
9/17/2022,울진(130),X,28.9,26.7,24.2,21.4,89.3,X, ,X,높음
9/17/2022,청주(131),X,32.7,33.3,27.8,24.3,73.6,X,관심,O,높음
9/17/2022,대전(133),X,32.8,33,27.2,23.2,73.1,X,관심,X,매우높음
9/17/2022,추풍령(135),X,30.5,30.4,24.5,21,82.4,X,관심,X,높음
9/17/2022,안동(136),X,31.8,32.6,25.9,20.2,75.6,X,관심,X,높음
9/17/2022,상주(137),X,32.4,32,25.9,22.2,82.4,X,관심,X,높음
9/17/2022,포항(138),X,29.8,27.7,25,22.1,89.9,X, ,X,매우높음
9/17/2022,군산(140),X,31.9,31,26.7,23.2,80.4,X,관심,X,높음
9/17/2022,대구(143),X,32.9,33.2,26.2,22.7,84.9,X, ,X,매우높음
9/17/2022,전주(146),X,32.4,32.4,27.4,23.9,74.3,O,주의,X,높음
9/17/2022,울산(152),X,30.5,28.9,24.5,20.8,86.8,X, ,X,높음
9/17/2022,창원(155),X,31.5,31.4,25.4,22.7,80.1,X, ,X,높음
9/17/2022,광주(156),X,32.7,33.5,27.9,24.6,75.8,O,주의,X,매우높음
9/17/2022,부산(159),X,31.9,30.4,25.8,23.2,80.8,X, ,O,높음
9/17/2022,통영(162),X,32,30.9,25.6,22.8,88.9,X, ,X,높음
9/17/2022,목포(165),X,31.7,30.8,26.1,23.6,82.6,X, ,X,매우높음
9/17/2022,여수(168),X,29.9,29.3,26.5,24.2,75.5,X, ,O,높음
9/17/2022,흑산도(169),X,30.4,28.8,23.3,21,94,X, ,X,매우높음
9/17/2022,완도(170),X,31.7,31.4,26.4,22.8,79.1,X, ,X,매우높음
9/17/2022,고창(172),X,32.5,32,26.5,23.6,77.6,X,관심,X,매우높음
9/17/2022,제주(184),X,30.2,28.6,26.4,24.9,83.1,X, ,O,높음
9/17/2022,진주(192),X,31.9,31.4,25.4,20.6,87,X, ,X,높음
9/17/2022,양평(202),X,27.6,,,,83.3,X,관심,X,보통
9/17/2022,이천(203),X,32.6,31.8,26,23,85.1,X,관심,X,보통
9/17/2022,인제(211),X,30.5,29.6,24.1,21.2,86.6,X, ,X,보통
9/17/2022,홍천(212),X,30.8,30.1,25.2,22.5,83.8,O,관심,X,보통
9/17/2022,태백(216),X,29.4,29.4,22.6,16.4,82,X, ,X,높음
9/17/2022,정선군(217),X,31.8,32.2,24.8,19.8,75.8,X, ,X,높음
9/17/2022,제천(221),X,31.4,31.2,24.8,19,83.4,X,관심,X,높음
9/17/2022,보은(226),X,31,30.8,25.4,20.6,82,X, ,X,높음
9/17/2022,천안(232),X,31.9,31.3,25.8,22.3,86,X,관심,X,보통
9/17/2022,보령(235),X,31.3,30.3,26.1,23.3,80.9,X,관심,X,높음
9/17/2022,부여(236),X,32.7,32.7,27.1,23,78,O,주의,X,높음
9/17/2022,금산(238),X,31.6,31.6,25.9,21.4,78.5,X, ,X,높음
9/17/2022,세종(239),X,32.6,32.7,26.8,23,75.6,O,관심,X,높음
9/17/2022,부안(243),X,31.9,31.8,26,23.4,81.9,X,관심,X,높음
9/17/2022,임실(244),X,31.8,32.4,25.7,21,79.3,X,관심,X,매우높음
9/17/2022,정읍(245),X,31.9,31.7,26.1,23.3,78,O,주의,X,매우높음
9/17/2022,남원(247),X,31.6,32.9,26.2,20.9,75.1,X, ,X,매우높음
9/17/2022,장수(248),X,31,31,23.9,17.8,82.1,X, ,X,매우높음
9/17/2022,영광군(252),X,31.8,31.1,25.8,23.3,81.1,X,관심,X,매우높음
9/17/2022,김해시(253),X,31.6,31.1,25.3,22,84.9,X, ,X,높음
9/17/2022,순창군(254),X,32.9,34,26.7,21.6,79.9,X,관심,X,매우높음
9/17/2022,양산시(257),X,32.3,32,26.6,22.6,77.6,X, ,O,높음
9/17/2022,강진군(259),O,33.1,33.5,27,22.3,79.9,X,관심,X,매우높음
9/17/2022,장흥(260),X,32.3,32.4,26.3,21.1,81.5,X, ,X,매우높음
9/17/2022,해남(261),X,32.7,32.6,26.7,22.5,81.3,X,관심,X,매우높음
9/17/2022,고흥(262),X,30.8,30.3,25.4,21.8,82,X, ,X,매우높음
9/17/2022,의령군(263),O,33.3,33.2,25.5,21,86.9,X, ,X,높음
9/17/2022,함양군(264),X,31.5,32.2,25.3,20.4,79.4,X, ,X,매우높음
9/17/2022,진도군ASOS(268),X,32,31.4,25.6,21.9,82.8,X,관심,X,매우높음
9/17/2022,봉화(271),X,29.9,29.7,23.3,18.6,85.9,X, ,X,높음
9/17/2022,영주(272),X,31.3,30.7,25,20.9,86.3,X, ,X,높음
9/17/2022,문경(273),X,32.1,31.4,25.2,21.8,85.9,X, ,X,높음
9/17/2022,청송군(276),X,31.9,32.8,24.4,19,76.1,X, ,X,높음
9/17/2022,영덕(277),X,31.2,30.2,24.3,20.4,87.9,X, ,X,높음
9/17/2022,의성(278),X,32.4,32.9,25.5,20,83,X,관심,X,높음
9/17/2022,구미(279),X,32.3,32.6,25.4,21.3,79.8,X,관심,X,매우높음
9/17/2022,영천(281),X,31.5,31.7,24.1,19.3,86.6,X, ,X,높음
9/17/2022,경주시(283),X,32.4,32.5,25,21.2,85.1,X, ,X,높음
9/17/2022,거창(284),X,31.1,31.8,25,21.1,83.1,X, ,X,매우높음
9/17/2022,합천(285),X,31.8,32.2,25.5,21.6,82.6,X, ,X,매우높음
9/17/2022,밀양(288),X,31.9,32.7,25.7,21.2,79.8,X, ,X,높음
9/17/2022,산청(289),X,31.7,32.1,24.6,20.5,88.4,X, ,X,매우높음
9/17/2022,거제(294),X,30.4,30.1,24.4,21.2,84.5,X, ,X,높음
9/17/2022,남해(295),X,30.6,30,25.5,22.4,82.9,X, ,X,높음
9/17/2022,부천(433),X,30.1,29.7,24.2,21.2,80,X, ,X,보통
9/17/2022,안양(434),X,27.6,29.4,25.4,23,,X,관심,X,보통
9/17/2022,광명(437),X,30.6,30.4,25.7,22.9,78,O, ,X,보통
9/17/2022,군포(438),X,30.4,29.9,25.3,22.6,80,X, ,X,보통
9/17/2022,김포(441),X,,29.6,24.5,22.1,,X, ,X,보통
9/17/2022,하남(444),X,30.1,28.7,24.7,22.6,87,X,관심,X,보통
9/17/2022,의왕(445),X,,,,,,X, ,X,보통
9/17/2022,포천(504),X,30.9,29.9,24.4,21.8,87,X, ,X,보통
9/17/2022,가평조종(505),X,30.3,29.1,24.2,21.5,92,X,관심,X,보통
9/17/2022,안성(516),X,32.4,31.2,25.6,22.9,89,O,주의,X,보통
9/17/2022,간성(517),X,28.9,26.2,22.6,20.3,95,X, ,X,보통
9/17/2022,평창(526),X,31.1,31.9,24.5,19.2,76,X, ,X,높음
9/17/2022,의정부(532),X,31.2,29,24.4,22.3,95,X,관심,X,보통
9/17/2022,횡성(536),X,32.7,32.1,25.8,22.6,88,X,관심,X,높음
9/17/2022,고양(540),X,31.6,30.5,24.2,21.6,87,X, ,X,보통
9/17/2022,남양주(541),X,31.6,30.6,25.1,22.5,86,X,관심,X,보통
9/17/2022,안산(545),X,30.8,30,24.1,21,90,X, ,X,보통
9/17/2022,경기광주(546),X,30.5,29.5,24.9,22.8,85,X,관심,X,보통
9/17/2022,여주(548),X,31.6,30.5,25.4,22.3,84,X,관심,X,보통
9/17/2022,용인(549),X,29.5,28.6,24.8,22.7,86,X,관심,X,보통
9/17/2022,오산(550),X,30.8,29.6,25.2,22.7,85,X, ,X,보통
9/17/2022,평택(551),X,32.3,31.3,26,23.1,87,O,주의,X,보통
9/17/2022,화천(555),X,32.1,30.6,24.4,21.2,94,X,관심,X,보통
9/17/2022,양구(556),X,30.4,30,24.6,21.8,82,X, ,X,보통
9/17/2022,시흥(565),X,30.9,29.9,24.7,22,88,X, ,X,보통
9/17/2022,구리(569),X,31.7,31.3,25.7,23.1,80,X,관심,X,보통
9/17/2022,화성(571),X,30.7,29.5,24.8,22.8,88,X, ,X,보통
9/17/2022,성남(572),X,30.6,29.6,25.6,23.1,82,X,관심,X,보통
9/17/2022,과천(590),X,31.2,30.2,24.7,22.5,91,X,관심,X,보통
9/17/2022,양주(598),X,30.3,29.3,24,21.2,88,X,관심,X,보통
9/17/2022,단양(601),X,32.1,32.3,25.7,21,80,X, ,X,높음
9/17/2022,진천(602),O,33.5,33.2,26.6,22.5,80,X,관심,X,높음
9/17/2022,괴산(603),X,32.4,32.6,26.1,21.2,80,X, ,X,높음
9/17/2022,옥천(604),X,32.8,32.9,26.6,21.5,80,X, ,X,높음
9/17/2022,홍북(608),X,32.7,32.2,25,21.3,84,X,관심,X,보통
9/17/2022,공주(612),O,33,33.1,26.3,22.7,82,O,관심,X,높음
9/17/2022,서천(614),X,32.3,31.5,26.4,22.2,82,O,주의,X,높음
9/17/2022,논산(615),O,33.5,34,27.2,22.7,78,O,주의,X,높음
9/17/2022,당진(616),X,31,29.1,24.5,21.7,90,X,관심,X,보통
9/17/2022,청양(618),X,32.2,31.3,26,22.1,83,O,주의,X,높음
9/17/2022,음성(619),X,32,31.9,24.9,20.6,81,X,관심,X,높음
9/17/2022,증평(623),X,32.8,32.4,26.7,22.2,82,X,관심,X,높음
9/17/2022,태안(627),X,31,29,24.3,22.2,90,X, ,X,보통
9/17/2022,예산(628),X,31.6,29.9,25.4,22.7,88,X,관심,X,보통
9/17/2022,아산(634),X,30.8,29.4,25.3,22.5,86,X,관심,X,보통
9/17/2022,계룡(636),X,32.3,32.7,26.6,21.8,73,X, ,X,높음
9/17/2022,연천청산(652),X,,,,,,X,관심,X,보통
9/17/2022,양양(670),X,27.5,25.7,22.8,20.2,89,X, ,X,높음
9/17/2022,무안(699),O,33,33.3,26.3,23.2,81,X,관심,X,매우높음
9/17/2022,무주(701),X,31.6,31.7,25,19.6,80,X, ,X,높음
9/17/2022,익산(702),O,33.2,32.8,26.9,22.2,85,O,주의,X,높음
9/17/2022,진안(703),X,30.9,30.8,24.6,19.6,81,X, ,X,높음
9/17/2022,담양(706),O,34,34,27.6,22.9,81,O,주의,X,매우높음
9/17/2022,구례(709),X,32.8,32.8,25.7,19.8,84,X,관심,X,매우높음
9/17/2022,나주(710),O,33.3,33.5,26.9,23,80,O,관심,X,매우높음
9/17/2022,순천시(712),X,32.5,33,26.8,21.9,79,X,관심,X,높음
9/17/2022,광양읍(713),X,32.8,33.7,26.8,22,75,X, ,X,높음
9/17/2022,장성(730),O,33,33,26.6,23,79,X,관심,X,매우높음
9/17/2022,영암(731),O,33.5,33.7,27,22.8,81,X,관심,X,매우높음
9/17/2022,보성(732),X,32.9,32.9,26.2,21.1,82,X, ,X,매우높음
9/17/2022,완주(734),O,33,33,26.6,22.3,80,O,주의,X,높음
9/17/2022,김제(737),X,32.8,32.6,26,22.9,83,X,관심,X,높음
9/17/2022,화순(741),O,33.3,33.8,27.3,22.8,73,O,관심,X,매우높음
9/17/2022,함평(754),O,33.8,33,26.9,22.8,80,X,관심,X,매우높음
9/17/2022,곡성(768),X,32.8,33.2,25.7,20.4,83,X,관심,X,매우높음
9/17/2022,압해도(789),X,32.3,32.5,26,23.2,81,X,관심,X,매우높음
9/17/2022,영양(801),X,31.6,32.1,24.4,20.1,84,X, ,X,높음
9/17/2022,성주(810),X,31.9,32.9,25.7,21,79,X, ,X,높음
9/17/2022,고령(812),X,32.1,32.3,25.1,21.2,87,X, ,X,높음
9/17/2022,청도(813),X,32.8,32.6,24.8,19.7,87,X, ,X,높음
9/17/2022,예천(815),X,32.5,32.6,25.6,20.3,82,X,관심,X,높음
9/17/2022,김천(822),X,32.5,32.2,24.7,19.8,88,X,관심,X,높음
9/17/2022,군위(823),O,33.1,32.8,25.2,20.1,85,X,관심,X,높음
9/17/2022,칠곡(825),X,32.3,32.4,25.7,20.5,86,X,관심,X,높음
9/17/2022,경산(827),X,32.2,32.2,25.7,22.7,81,X, ,X,높음
9/17/2022,삼척(876),X,31.3,30.5,24.8,20.3,83,X, ,X,높음
9/17/2022,속초(90),X,28,26,22.9,20.8,88.1,X, ,X,높음
9/17/2022,삼천포(907),X,32.5,32.2,25.8,21.9,81,X, ,X,높음
9/17/2022,고성(918),X,31.6,30.8,24.8,20.3,88,X, ,X,높음
9/17/2022,창녕(919),X,32,32.1,25.6,21.1,88,X, ,X,높음
9/17/2022,함안(920),X,32.7,32,24.7,20.4,93,X, ,X,높음
9/17/2022,북춘천(93),X,31.4,30.3,25,22.5,91,O,관심,X,보통
9/17/2022,하동(932),X,32.4,32.8,26.1,21.7,82,X, ,X,높음
9/17/2022,철원(95),X,29.8,28.4,23.6,20.6,91.1,X, ,X,보통
9/17/2022,동두천(98),X,30.6,28.7,24,21.6,93.5,X,관심,X,보통
9/17/2022,파주(99),X,30.6,28.9,24.1,20.3,91,X,관심,X,보통
9/18/2022,북강릉(104),X,26.7,24.9,22.8,20.4,89.8,X, ,X,보통
9/18/2022,동해(106),X,28,24.7,23.3,21.7,93.9,X, ,X,보통
9/18/2022,서울(108),X,32.8,32.5,27.1,23,75.3,X,관심,X,보통
9/18/2022,인천(112),X,31.2,30.7,25.8,22,74.1,X, ,X,보통
9/18/2022,원주(114),X,30.3,29.8,26.1,23.5,72.8,O,주의,X,보통
9/18/2022,울릉도(115),X,28.3,25.5,23.9,22.8,95.6,X, ,X,보통
9/18/2022,수원(119),X,32.2,32,27.3,23.1,74.3,X,관심,X,보통
9/18/2022,영월(121),X,30,29.3,24.9,22,79.3,X, ,X,보통
9/18/2022,충주(127),X,32.2,31.8,26.9,23.2,75,X,관심,X,보통
9/18/2022,서산(129),X,31.1,29.9,25.6,21.7,80.1,X, ,X,보통
9/18/2022,울진(130),X,28.7,26.6,23.7,22.1,90.1,X, ,X,보통
9/18/2022,청주(131),O,33.4,33.4,28.2,25,69.8,X,관심,X,보통
9/18/2022,대전(133),O,33.1,33.1,27.3,23.8,71.9,X,관심,X,보통
9/18/2022,추풍령(135),X,30.1,29.1,25.1,21.5,78.6,X,관심,X,보통
9/18/2022,안동(136),X,31.6,31.3,25.9,21.8,76.6,X,관심,X,보통
9/18/2022,상주(137),X,32.2,31.2,26.2,22.6,81.3,X,관심,X,보통
9/18/2022,포항(138),X,28.9,27.7,24.9,23.3,83.3,X, ,X,보통
9/18/2022,군산(140),O,33.2,32.8,27.9,24.3,74,X,관심,O,보통
9/18/2022,대구(143),X,31.6,30.5,26.6,23,83.1,X,관심,X,보통
9/18/2022,전주(146),O,33.2,33.3,27.8,23.8,70.6,O,주의,X,보통
9/18/2022,울산(152),X,30.3,28.8,25.3,23.3,84.5,X, ,X,보통
9/18/2022,창원(155),X,32.2,32.2,27,24,70.5,X, ,X,보통
9/18/2022,광주(156),O,34.2,34.5,28.7,24.6,71,O,주의,O,보통
9/18/2022,부산(159),X,32.2,31,26.4,23,78.6,X, ,X,보통
9/18/2022,통영(162),X,32.6,31.4,26.8,23.4,81,X, ,X,보통
9/18/2022,목포(165),X,31.4,29.9,25.9,23.9,85.9,X, ,X,보통
9/18/2022,여수(168),X,30.8,30.5,28.6,26.2,62.8,X, ,O,보통
9/18/2022,흑산도(169),X,26.6,24.5,22.2,20.6,91.1,X, ,X,매우높음
9/18/2022,완도(170),O,33.5,33.8,28.2,24.1,72.1,X, ,O,보통
9/18/2022,고창(172),X,32.5,32.1,27.2,23.5,74.5,X,관심,X,보통
9/18/2022,제주(184),X,32.1,30.5,27.1,25.2,84.1,X, ,X,보통
9/18/2022,진주(192),X,32.3,31.5,27.6,22.6,73.8,X, ,O,보통
9/18/2022,양평(202),X,30.9,30.1,25.9,22.8,77.4,X,관심,X,보통
9/18/2022,이천(203),X,31.7,30.5,26.1,22.9,81.4,X,관심,X,보통
9/18/2022,인제(211),X,28.7,27.5,23.8,21.5,80.9,X, ,X,보통
9/18/2022,홍천(212),X,29.6,28.6,24.7,22,80,O,주의,X,보통
9/18/2022,태백(216),X,24.8,22.5,19.9,18.2,92.9,X, ,X,보통
9/18/2022,정선군(217),X,28.5,27.9,24,21.8,75.5,X, ,X,보통
9/18/2022,제천(221),X,29.9,28.9,24.7,21.9,82,X,관심,X,보통
9/18/2022,보은(226),X,31.6,30.9,25.5,22.2,80.8,X, ,X,보통
9/18/2022,천안(232),X,32.5,31.9,26.7,22.4,79.6,X,관심,X,보통
9/18/2022,보령(235),X,31.9,31.2,26.9,23.1,74.6,X,관심,X,보통
9/18/2022,부여(236),O,33,32.6,27.6,23.8,75.5,O,주의,X,보통
9/18/2022,금산(238),X,32,31.9,26.7,22.5,74.4,X, ,X,보통
9/18/2022,세종(239),X,32.8,32.6,27.5,23.4,70.8,O,주의,X,보통
9/18/2022,부안(243),O,33,32.6,27.6,23.5,74.9,X,관심,X,보통
9/18/2022,임실(244),X,31.7,31.5,26.6,22.6,73.1,X,관심,X,보통
9/18/2022,정읍(245),X,32.5,32.1,26.7,23,76.5,O,주의,X,보통
9/18/2022,남원(247),X,32.3,32.5,27.5,23.1,68.8,X, ,X,보통
9/18/2022,장수(248),X,31.2,30.8,25,21,78.5,X, ,X,보통
9/18/2022,영광군(252),X,32.1,31.2,26.1,23.2,82.9,X, ,X,보통
9/18/2022,김해시(253),O,33.1,32.2,26.8,23.6,75.4,X,관심,X,보통
9/18/2022,순창군(254),O,33.2,33.5,27.9,23.2,72,X,관심,O,보통
9/18/2022,양산시(257),X,31.4,30.6,26.8,23.9,76,X, ,X,보통
9/18/2022,강진군(259),O,34.6,35,28.4,23.8,73.9,X,관심,O,보통
9/18/2022,장흥(260),O,33.5,33.4,28.1,23.4,72,X, ,O,보통
9/18/2022,해남(261),O,33.7,33,27.5,23.2,80.5,X,관심,X,보통
9/18/2022,고흥(262),X,32.7,32.9,27.7,23.7,69.4,X,관심,O,보통
9/18/2022,의령군(263),X,32,30.9,27,22.8,78.3,X, ,X,보통
9/18/2022,함양군(264),X,31.3,31.3,26.2,22.2,70.9,X,관심,O,보통
9/18/2022,진도군ASOS(268),X,30.2,28.7,25.3,22.9,86.8,X,관심,X,보통
9/18/2022,봉화(271),X,29.1,28.3,24,20.8,81.1,X, ,X,보통
9/18/2022,영주(272),X,31.5,30.8,25.4,21.5,79.4,X,관심,X,보통
9/18/2022,문경(273),X,32.5,31.8,25.7,22.1,82.5,X,관심,X,보통
9/18/2022,청송군(276),X,29.3,28.9,24.7,21.3,75.8,X, ,X,보통
9/18/2022,영덕(277),X,28.6,27.4,23.4,20.7,87.9,X, ,X,보통
9/18/2022,의성(278),X,31.6,31.2,26.3,22.3,78.3,X,관심,X,보통
9/18/2022,구미(279),X,30.7,29.9,26.2,22.6,75.3,X,관심,O,보통
9/18/2022,영천(281),X,30.2,29.4,25.2,21.3,81.4,X,관심,X,보통
9/18/2022,경주시(283),X,30.2,29,24.4,21.8,85.3,X, ,X,보통
9/18/2022,거창(284),X,31,30.1,25.5,21.6,79.8,X, ,X,보통
9/18/2022,합천(285),X,31.1,30.4,26.5,22.5,75.9,X,관심,O,보통
9/18/2022,밀양(288),X,31.7,32.1,27,23.5,67.8,X, ,X,보통
9/18/2022,산청(289),X,31.6,30.8,26.4,22.2,78.1,X, ,O,보통
9/18/2022,거제(294),X,31.6,31.1,26.1,23.1,77.4,X, ,X,보통
9/18/2022,남해(295),X,31.8,30.8,26.9,24.2,75.8,X,관심,X,보통
9/18/2022,부천(433),X,31.8,31.9,25.5,21.3,71,X, ,X,보통
9/18/2022,안양(434),X,28.3,31,27.1,23.5,,X,관심,X,보통
9/18/2022,광명(437),X,32.4,33,27.3,23.1,70,O,관심,X,보통
9/18/2022,군포(438),X,31.5,31.9,27.1,22.9,69,X, ,X,보통
9/18/2022,김포(441),X,,32.3,25.5,21,,X,관심,X,높음
9/18/2022,하남(444),X,30.7,30.2,25.7,21.6,75,X,관심,X,보통
9/18/2022,의왕(445),X,,,,,,X, ,X,보통
9/18/2022,포천(504),X,32.9,32.6,25.8,21.1,76,X, ,X,보통
9/18/2022,가평조종(505),X,32.1,31.5,24.6,20.5,88,X,관심,X,보통
9/18/2022,안성(516),X,32,31,26.2,22.2,82,O,주의,X,보통
9/18/2022,간성(517),X,28.9,27.2,22.8,21.3,95,X, ,X,보통
9/18/2022,평창(526),X,29.8,29.3,24.7,21.8,74,X, ,X,보통
9/18/2022,의정부(532),O,33.6,32.3,25.8,21.4,87,X,관심,X,보통
9/18/2022,횡성(536),X,31.1,29.8,25.4,22.3,86,X,관심,X,보통
9/18/2022,고양(540),O,34,34.2,25.9,20.7,76,X,관심,X,보통
9/18/2022,남양주(541),X,32.3,32.4,26,21.8,78,X, ,X,보통
9/18/2022,안산(545),X,32.6,32.3,25.9,20.5,79,X,관심,X,보통
9/18/2022,경기광주(546),X,30.1,29.5,25,22,78,X,관심,X,보통
9/18/2022,여주(548),X,30.3,29.2,25.4,22.6,82,X,관심,X,보통
9/18/2022,용인(549),X,30.3,29.9,25,22.1,78,X,관심,X,보통
9/18/2022,오산(550),X,30.9,30.4,26.2,22.7,73,X, ,X,보통
9/18/2022,평택(551),X,32,31.5,26.6,22.7,81,O,주의,X,보통
9/18/2022,화천(555),X,32.7,31.4,24.1,20.7,90,X, ,X,보통
9/18/2022,양구(556),X,30.1,29.6,24.4,21.5,77,X, ,X,보통
9/18/2022,시흥(565),X,32.7,32.4,26.2,21.3,78,X,관심,X,보통
9/18/2022,구리(569),X,32.5,32.4,26.3,22.3,75,X, ,X,보통
9/18/2022,화성(571),O,33.8,33.3,26.9,22.2,77,X, ,X,보통
9/18/2022,성남(572),X,31.8,31.4,26.5,22.6,73,X,관심,X,보통
9/18/2022,과천(590),X,32.3,31.9,26.2,21.6,79,X,관심,X,보통
9/18/2022,양주(598),X,32.5,32.1,24.7,20,81,X,관심,X,보통
9/18/2022,단양(601),X,31.7,30.8,25.5,22.7,80,X,관심,X,보통
9/18/2022,진천(602),X,32.1,31.1,26.9,23,76,X,관심,X,보통
9/18/2022,괴산(603),X,32.5,32.2,26.3,22.9,79,X,관심,X,보통
9/18/2022,옥천(604),X,32.8,32.7,26.9,23,78,X,관심,X,보통
9/18/2022,홍북(608),X,30.6,29.8,25.6,21,77,X,관심,X,보통
9/18/2022,공주(612),O,33.8,33.7,27,22.7,77,O,주의,X,보통
9/18/2022,서천(614),O,33.6,32.9,27.7,23.3,74,O,주의,O,보통
9/18/2022,논산(615),O,33.6,33.6,27.9,23.4,72,O,주의,X,보통
9/18/2022,당진(616),X,31.7,30.4,25.5,21.6,85,X, ,X,보통
9/18/2022,청양(618),X,31.9,30.7,26.2,21.9,80,O,주의,X,보통
9/18/2022,음성(619),X,31.7,31.5,25.7,22,75,X,관심,X,보통
9/18/2022,증평(623),O,33.8,33.4,27.3,23.4,78,X,관심,X,보통
9/18/2022,태안(627),X,31.2,29.4,25.7,21.9,83,X, ,X,보통
9/18/2022,예산(628),X,31.8,30.5,25.8,22,85,X, ,X,보통
9/18/2022,아산(634),X,31.8,30.9,26.3,22.3,80,X,관심,X,보통
9/18/2022,계룡(636),X,32.5,32.7,27.4,23.6,68,X,관심,X,보통
9/18/2022,연천청산(652),X,,,,,,X,관심,X,보통
9/18/2022,양양(670),X,27.3,26.1,23.3,21.1,84,X, ,X,보통
9/18/2022,무안(699),O,33.2,32.4,27.1,23.5,81,X,관심,X,보통
9/18/2022,무주(701),X,31.2,30.9,26.1,22,75,X, ,X,보통
9/18/2022,익산(702),X,32.8,31.9,27.8,23.9,78,O,주의,X,보통
9/18/2022,진안(703),X,31.1,30.4,25.3,22,78,X,관심,X,보통
9/18/2022,담양(706),O,35.5,35.9,29.2,24.5,74,O,주의,O,보통
9/18/2022,구례(709),O,34.5,34.5,27.6,22.8,78,X,관심,O,보통
9/18/2022,나주(710),O,34.1,33.9,28,24,75,O,주의,O,보통
9/18/2022,순천시(712),O,33.6,34.1,29.3,24,65,X,관심,O,보통
9/18/2022,광양읍(713),O,34.7,36.3,29.5,23.9,62,X,관심,O,보통
9/18/2022,장성(730),O,33.6,33.1,27.7,23.4,73,X,관심,X,보통
9/18/2022,영암(731),O,34.1,33.7,27.1,23.1,81,X,관심,X,보통
9/18/2022,보성(732),O,34.4,34.2,27.4,22.8,76,X,관심,O,보통
9/18/2022,완주(734),O,33.3,33.4,27.9,23.3,72,O,주의,X,보통
9/18/2022,김제(737),X,32.3,31.7,27.1,23.3,77,X,관심,X,보통
9/18/2022,화순(741),O,33.6,33.9,27.9,23.1,70,O,주의,O,보통
9/18/2022,함평(754),O,33.6,33.2,27.7,23.6,79,X,관심,X,보통
9/18/2022,곡성(768),O,34,33.8,26.8,22.2,78,X,관심,O,보통
9/18/2022,압해도(789),X,30.7,30.3,25.9,23.7,80,X,관심,X,보통
9/18/2022,영양(801),X,29.6,28.8,24.5,21.4,82,X, ,X,보통
9/18/2022,성주(810),X,31.6,31.5,26.6,23.1,74,X, ,O,보통
9/18/2022,고령(812),X,30.9,29.6,26.3,23,79,X, ,O,보통
9/18/2022,청도(813),X,31.2,30.5,25.7,21.9,78,X, ,X,보통
9/18/2022,예천(815),X,32.1,31.8,26.4,22.4,76,X,관심,X,보통
9/18/2022,김천(822),X,30.9,29.4,26,22.3,84,X, ,O,보통
9/18/2022,군위(823),X,31.9,31,26.1,22.7,82,X,관심,X,보통
9/18/2022,칠곡(825),X,32.1,30.8,26.7,23.5,83,X,관심,X,보통
9/18/2022,경산(827),X,31,29.9,25.6,22.3,80,X,관심,X,보통
9/18/2022,삼척(876),X,27.6,25.3,23.4,21.6,90,X, ,X,보통
9/18/2022,속초(90),X,26.9,25.4,23,21.1,86.8,X, ,X,보통
9/18/2022,삼천포(907),X,32.9,32.7,28,24.3,67,X, ,X,보통
9/18/2022,고성(918),X,32.7,31.9,26.6,23.6,79,X, ,X,보통
9/18/2022,창녕(919),X,31.8,31.2,26.7,23.5,79,X,관심,X,보통
9/18/2022,함안(920),X,31.7,30.5,26.2,22.2,82,X, ,X,보통
9/18/2022,북춘천(93),X,31.3,30.3,25.6,21.7,82.1,O,주의,X,보통
9/18/2022,하동(932),O,33.1,33.2,28.6,23.5,67,X,관심,O,보통
9/18/2022,철원(95),X,31.9,31.6,24.8,20.2,81.9,X, ,X,보통
9/18/2022,동두천(98),X,31.8,30.8,24.6,20.8,86.5,X, ,X,보통
9/18/2022,파주(99),X,31.9,30.7,23.9,20.2,86.5,X,관심,X,높음
9/19/2022,북강릉(104),X,25.9,22.7,19.7,16.1,82,X, ,X,보통
9/19/2022,동해(106),X,26.6,23.4,20.3,16.3,84.8,X, ,X,낮음
9/19/2022,서울(108),X,29.4,29.6,24.6,19.5,63.1,X, ,X,높음
9/19/2022,인천(112),X,27.8,27.8,23.2,18.6,62.9,X, ,X,높음
9/19/2022,원주(114),X,27,26.5,22.4,16.3,62.8,X, ,X,높음
9/19/2022,울릉도(115),X,26.5,23.4,18.7,16.4,89.1,X, ,X,낮음
9/19/2022,수원(119),X,29.7,29.8,25,19.6,61.1,X, ,X,높음
9/19/2022,영월(121),X,27,26,21.6,14.6,66.4,X, ,X,보통
9/19/2022,충주(127),X,29.2,28.3,22.2,14,72.6,X, ,X,높음
9/19/2022,서산(129),X,27.2,26.5,22.9,17.6,65.3,X, ,X,높음
9/19/2022,울진(130),X,26.4,23.4,20.1,17.3,84.3,X, ,X,낮음
9/19/2022,청주(131),X,29.5,29.4,24.8,19.2,61,X, ,X,높음
9/19/2022,대전(133),X,29.3,29.6,24.5,17.7,61.5,X, ,X,높음
9/19/2022,추풍령(135),X,29.9,29.7,23.5,14.9,66.9,X, ,X,보통
9/19/2022,안동(136),X,28.6,28,23,15.3,65.3,X, ,X,보통
9/19/2022,상주(137),X,30.9,30.7,25.1,16.7,64.3,X, ,X,보통
9/19/2022,포항(138),X,27.4,24.3,22,19.4,80.1,X, ,X,낮음
9/19/2022,군산(140),X,30,29.7,24.9,19,67,X, ,X,높음
9/19/2022,대구(143),X,29.9,29.8,25.1,18.8,72.9,X, ,X,보통
9/19/2022,전주(146),X,30.1,30.1,25,19.3,66.8,X, ,X,높음
9/19/2022,울산(152),X,27.2,24.4,21.9,18.5,80.6,X, ,X,낮음
9/19/2022,창원(155),X,30.4,31,25.9,21.7,62.6,X, ,X,보통
9/19/2022,광주(156),X,30.6,30.1,25.4,20.6,66.3,X, ,X,높음
9/19/2022,부산(159),X,29.8,28.8,24.1,19,75.8,X, ,X,보통
9/19/2022,통영(162),X,31.6,30.9,26.4,22.5,73.5,X, ,X,보통
9/19/2022,목포(165),X,28,25.7,23,20.6,74.3,X, ,X,매우높음
9/19/2022,여수(168),X,31.9,32.4,28.7,24,58,X, ,X,높음
9/19/2022,흑산도(169),X,25.2,23,20.9,19.1,79.3,X, ,X,매우높음
9/19/2022,완도(170),X,29.8,28.9,25.3,20.7,67.3,X, ,X,높음
9/19/2022,고창(172),X,27.9,27,23.4,17.6,67.8,X, ,X,높음
9/19/2022,제주(184),X,29.2,27.9,25.1,22,77,X, ,X,높음
9/19/2022,진주(192),X,32.3,32.4,27.5,21.2,62.9,X, ,X,보통
9/19/2022,양평(202),X,28.1,27.8,23.9,18.2,59.5,X, ,X,높음
9/19/2022,이천(203),X,29,28.6,23.4,16.3,67.3,X, ,X,높음
9/19/2022,인제(211),X,25,22.9,19.9,16.4,73.8,X, ,X,보통
9/19/2022,홍천(212),X,26.7,25.7,21,14.8,70.4,X, ,X,높음
9/19/2022,태백(216),X,23.2,20.3,15.9,13,88,X, ,X,보통
9/19/2022,정선군(217),X,25.8,24.7,20.7,17.3,64.4,X, ,X,보통
9/19/2022,제천(221),X,27.8,26.9,21.1,14.2,71.1,X, ,X,높음
9/19/2022,보은(226),X,29.2,28.6,23.2,14.6,71.1,X, ,X,높음
9/19/2022,천안(232),X,29.1,28.8,24.6,19,63.5,X, ,X,높음
9/19/2022,보령(235),X,29,28.3,23.7,18.5,65.1,X, ,X,높음
9/19/2022,부여(236),X,30.8,30.6,24.9,17.6,68.1,X, ,X,높음
9/19/2022,금산(238),X,29.3,28.9,24.1,17.6,66.8,X, ,X,높음
9/19/2022,세종(239),X,29.9,30.3,24.4,18.8,61.8,X, ,X,높음
9/19/2022,부안(243),X,29.1,28.2,24.1,19.1,68.6,X, ,X,높음
9/19/2022,임실(244),X,29.7,29.1,24.6,19,69.4,X, ,X,높음
9/19/2022,정읍(245),X,29,28.2,23.4,18.3,69.8,X, ,X,높음
9/19/2022,남원(247),X,30.4,30.2,25.3,19.1,67.9,X, ,X,높음
9/19/2022,장수(248),X,28.5,27.9,22.8,16.1,72.8,X, ,X,높음
9/19/2022,영광군(252),X,27.7,25.6,23,19.2,70.8,X, ,X,높음
9/19/2022,김해시(253),X,29.7,29.2,24.4,18.5,72.9,X, ,X,보통
9/19/2022,순창군(254),X,29.6,29,24.8,18.9,69.8,X, ,X,보통
9/19/2022,양산시(257),X,30.4,30.5,24.5,19,74.9,X, ,X,보통
9/19/2022,강진군(259),X,30.6,30.1,25.2,18.9,67.6,X, ,X,높음
9/19/2022,장흥(260),X,30.2,29.5,24.8,16.7,68.3,X, ,X,높음
9/19/2022,해남(261),X,28.8,27.1,23.8,19.4,73.5,X, ,X,높음
9/19/2022,고흥(262),X,31.2,31.2,25.7,19.7,65.3,X, ,X,높음
9/19/2022,의령군(263),X,31.3,30.8,26.2,20,66.5,X, ,X,보통
9/19/2022,함양군(264),X,29.9,30.2,25.7,16.9,56.9,X, ,X,보통
9/19/2022,진도군ASOS(268),X,27.9,26,23.4,20,72.4,X, ,X,매우높음
9/19/2022,봉화(271),X,26.3,24.7,20.6,13.2,71.6,X, ,X,보통
9/19/2022,영주(272),X,29,28.5,22.2,14.1,68.1,X, ,X,보통
9/19/2022,문경(273),X,29.2,28.7,24,15.6,63.6,X, ,X,높음
9/19/2022,청송군(276),X,26.1,25,20.6,12.3,74.1,X, ,X,보통
9/19/2022,영덕(277),X,26.3,23.5,20.4,17.7,84.3,X, ,X,낮음
9/19/2022,의성(278),X,29,28.8,22.9,14.1,73,X, ,X,보통
9/19/2022,구미(279),X,31,31.2,25.1,17.4,60.4,X, ,X,보통
9/19/2022,영천(281),X,27.5,26.8,23.1,15.5,70.6,X, ,X,보통
9/19/2022,경주시(283),X,26.8,24.6,21.4,15.8,83.4,X, ,X,낮음
9/19/2022,거창(284),X,29.8,29.4,25,18.9,66.3,X, ,X,보통
9/19/2022,합천(285),X,31.1,31.6,26.3,20.1,60.6,X, ,X,보통
9/19/2022,밀양(288),X,29.3,29.8,25.3,20.5,60.8,X, ,X,낮음
9/19/2022,산청(289),X,30.8,30.4,26.3,19.6,65.4,X, ,X,높음
9/19/2022,거제(294),X,30.1,29.8,24.9,20.9,72.9,X, ,X,보통
9/19/2022,남해(295),X,31.9,32.6,27.9,23,61.8,X, ,X,보통
9/19/2022,부천(433),X,27.8,28.2,23.1,18.6,58,X, ,X,높음
9/19/2022,안양(434),X,21.5,28.9,24.7,20.1,,X, ,X,높음
9/19/2022,광명(437),X,29.5,30.3,25,20.6,57,O, ,X,높음
9/19/2022,군포(438),X,28.9,29.8,24.7,20.1,58,X, ,X,높음
9/19/2022,김포(441),X,,28.2,23.1,17.9,,X, ,X,높음
9/19/2022,하남(444),X,29.1,28.9,22.8,16.3,66,X, ,X,높음
9/19/2022,의왕(445),X,,,,,,X, ,X,높음
9/19/2022,포천(504),X,27,26.6,22.9,16.7,63,X, ,X,높음
9/19/2022,가평조종(505),X,28,27.5,21.4,14.2,81,X, ,X,높음
9/19/2022,안성(516),X,29.9,30.4,24.3,17.9,64,X, ,X,높음
9/19/2022,간성(517),X,25.1,22.1,19.8,17,84,X, ,X,보통
9/19/2022,평창(526),X,26.3,25.7,20.8,16.4,62,X, ,X,보통
9/19/2022,의정부(532),X,29.4,28.1,23.2,18,76,X, ,X,높음
9/19/2022,횡성(536),X,27.6,26.3,21.8,14.3,77,X, ,X,높음
9/19/2022,고양(540),X,29.3,29.8,24,18.3,65,X, ,X,높음
9/19/2022,남양주(541),X,29,29.1,23.4,16.8,68,X, ,X,높음
9/19/2022,안산(545),X,29.8,29.9,23.7,15.6,66,X, ,X,높음
9/19/2022,경기광주(546),X,28.2,28.2,22.6,16,66,X, ,X,높음
9/19/2022,여주(548),X,27.4,26.4,22.3,16.5,67,X, ,X,높음
9/19/2022,용인(549),X,27.7,28,22.8,15.7,65,X, ,X,높음
9/19/2022,오산(550),X,29.3,30,24.2,18.4,58,X, ,X,높음
9/19/2022,평택(551),X,30.6,30.7,24.8,18.7,63,X, ,X,높음
9/19/2022,화천(555),X,27.7,27.2,21,14.5,83,X, ,X,보통
9/19/2022,양구(556),X,25.6,24.3,20.1,15.1,70,X, ,X,보통
9/19/2022,시흥(565),X,29.7,29.6,24.1,17.1,64,X, ,X,높음
9/19/2022,구리(569),X,29.3,29.1,23.9,17.3,63,X, ,X,높음
9/19/2022,화성(571),X,30.2,30.4,24.5,19,63,X, ,X,높음
9/19/2022,성남(572),X,29.2,29.3,23.5,17.7,64,X, ,X,높음
9/19/2022,과천(590),X,30,29.8,23.9,16.3,67,X, ,X,높음
9/19/2022,양주(598),X,28,28,22.4,15.8,69,X, ,X,높음
9/19/2022,단양(601),X,27.9,27,22.3,15.4,70,X, ,X,보통
9/19/2022,진천(602),X,28.5,28,23.8,16.9,65,X, ,X,높음
9/19/2022,괴산(603),X,29.2,28.8,23.3,14.5,68,X, ,X,높음
9/19/2022,옥천(604),X,30,29.9,24.7,17.2,66,X, ,X,높음
9/19/2022,홍북(608),X,30,30.1,23.8,17.7,61,X, ,X,높음
9/19/2022,공주(612),X,30.4,30.4,24.4,17.4,68,X, ,X,높음
9/19/2022,서천(614),X,31.2,31.1,25.3,17.8,63,X, ,X,높음
9/19/2022,논산(615),X,30.6,30.9,24.9,17,67,X, ,X,높음
9/19/2022,당진(616),X,28.1,27.1,23.1,18.4,68,X, ,X,높음
9/19/2022,청양(618),X,29.6,28.9,23.6,16.6,71,X, ,X,높음
9/19/2022,음성(619),X,27.7,27.3,22.3,14.5,66,X, ,X,높음
9/19/2022,증평(623),X,29,28.7,23.9,17.6,68,X, ,X,높음
9/19/2022,태안(627),X,27.3,26.3,22.6,19.2,70,X, ,X,높음
9/19/2022,예산(628),X,29.5,28.6,23.9,18.9,71,X, ,X,높음
9/19/2022,아산(634),X,30,29.5,24.3,20,68,X, ,X,높음
9/19/2022,계룡(636),X,29.3,29.7,24,17.7,63,X, ,X,높음
9/19/2022,연천청산(652),X,,,,,,X, ,X,높음
9/19/2022,양양(670),X,25.6,22.5,19.9,16.9,78,X, ,X,보통
9/19/2022,무안(699),X,28.4,26.5,23.2,18.9,72,X, ,X,높음
9/19/2022,무주(701),X,28.6,28.2,24.1,16.4,67,X, ,X,높음
9/19/2022,익산(702),X,30.8,30.2,25.2,19.7,70,X, ,X,높음
9/19/2022,진안(703),X,28.6,28.1,23.4,17.2,70,X, ,X,높음
9/19/2022,담양(706),X,32.2,31.2,25.4,19.5,76,X, ,X,보통
9/19/2022,구례(709),X,31.2,30.3,25.9,19.6,74,X, ,X,높음
9/19/2022,나주(710),X,30,28.8,23.8,17.9,74,X, ,X,높음
9/19/2022,순천시(712),X,32.4,33.2,28.1,21.6,58,X, ,X,높음
9/19/2022,광양읍(713),X,32.8,33.8,28.7,22.1,55,X, ,X,높음
9/19/2022,장성(730),X,30.1,29.5,23.6,17.5,70,X, ,X,높음
9/19/2022,영암(731),X,29.9,28.8,23.6,17.4,75,X, ,X,높음
9/19/2022,보성(732),X,31.6,31.1,25.2,17.5,71,X, ,X,높음
9/19/2022,완주(734),X,30.3,30.4,25.2,16.4,68,X, ,X,높음
9/19/2022,김제(737),X,30.4,29.8,24.1,18.6,70,X, ,X,높음
9/19/2022,화순(741),X,30.5,30.1,25,19,68,X, ,X,보통
9/19/2022,함평(754),X,29,27.6,23.6,19.2,73,X, ,X,높음
9/19/2022,곡성(768),X,31.4,30.8,26,19.2,65,X, ,X,높음
9/19/2022,압해도(789),X,27.8,25.9,23.3,20.5,68,X, ,X,높음
9/19/2022,영양(801),X,26.7,25.1,20.3,12.5,84,X, ,X,낮음
9/19/2022,성주(810),X,29.7,30.5,25.2,18.4,60,X, ,X,보통
9/19/2022,고령(812),X,30,30,25.3,18.2,64,X, ,X,보통
9/19/2022,청도(813),X,28.2,28.1,23.6,16.1,71,X, ,X,낮음
9/19/2022,예천(815),X,30,30.3,23.4,14.5,65,X, ,X,보통
9/19/2022,김천(822),X,31,30.5,25,15.6,69,X, ,X,보통
9/19/2022,군위(823),X,29.1,28.7,23.3,14.8,72,X, ,X,보통
9/19/2022,칠곡(825),X,30.8,30.3,25,17.3,69,X, ,X,보통
9/19/2022,경산(827),X,28.2,28.4,24.3,17.7,68,X, ,X,보통
9/19/2022,삼척(876),X,26.1,23.1,19.8,15.8,83,X, ,X,낮음
9/19/2022,속초(90),X,25.3,22.3,20,16.9,77,X, ,X,보통
9/19/2022,삼천포(907),X,32.2,32.7,27.7,22.2,61,X, ,X,보통
9/19/2022,고성(918),X,31.3,30.8,25.6,20.3,72,X, ,X,높음
9/19/2022,창녕(919),X,30.7,30.6,25.6,20.5,69,X, ,X,보통
9/19/2022,함안(920),X,30.7,29.7,24.7,18.7,74,X, ,X,보통
9/19/2022,북춘천(93),X,27.3,26.1,22.3,15.1,69.4,X, ,X,보통
9/19/2022,하동(932),O,33.2,33.7,28.6,22.6,59,X, ,X,높음
9/19/2022,철원(95),X,25.9,24.7,21.3,14.7,72,X, ,X,높음
9/19/2022,동두천(98),X,27.6,26.7,22.2,16.9,73.3,X, ,X,높음
9/19/2022,파주(99),X,27.9,26.8,21.9,15.2,76.3,X, ,X,높음
9/20/2022,북강릉(104),X,19.6,19.2,14.9,11.3,77.9,X, ,X,높음
9/20/2022,동해(106),X,20.6,20.4,16.8,12.9,71.9,X, ,X,높음
9/20/2022,서울(108),X,23.4,24.6,19.9,16.1,57,X, ,X,높음
9/20/2022,인천(112),X,22.9,23.6,19.1,15.3,51.4,X, ,X,높음
9/20/2022,원주(114),X,21.5,22.7,17.5,13.7,63.3,X, ,X,높음
9/20/2022,울릉도(115),X,17.9,17,14.9,12.5,63.6,X, ,X,높음
9/20/2022,수원(119),X,22.9,24,19.5,15.5,58.5,X, ,X,높음
9/20/2022,영월(121),X,22.8,24.1,16.3,11.8,74.1,X, ,X,높음
9/20/2022,충주(127),X,22.3,22.8,16.9,12.3,73,X, ,X,높음
9/20/2022,서산(129),X,22.5,23,18.7,14.3,66.9,X, ,X,높음
9/20/2022,울진(130),X,20.2,20.1,16.9,12.1,66.9,X, ,X,보통
9/20/2022,청주(131),X,22.4,23.6,19.9,16.1,56.9,X, ,X,높음
9/20/2022,대전(133),X,23.4,24.7,19.2,15.1,60.1,X, ,X,높음
9/20/2022,추풍령(135),X,21.5,22.1,16,11.5,70.9,X, ,X,높음
9/20/2022,안동(136),X,21,21.2,16.8,12.1,68.4,X, ,X,높음
9/20/2022,상주(137),X,23.4,24,18,13.5,71.1,X, ,X,높음
9/20/2022,포항(138),X,21.6,21.3,19.3,16.4,62.8,X, ,X,높음
9/20/2022,군산(140),X,23.9,24.7,19.7,16.2,64,X, ,X,높음
9/20/2022,대구(143),X,22.7,22.9,19.2,15.6,69.1,X, ,X,높음
9/20/2022,전주(146),X,24.4,25.3,19.7,15.8,61.3,X, ,X,높음
9/20/2022,울산(152),X,21.7,22.1,18.5,15.9,60.4,X, ,X,매우높음
9/20/2022,창원(155),X,22.6,23.8,20.1,17.5,51.4,X, ,X,높음
9/20/2022,광주(156),X,25.4,25.9,20.8,16.9,62.5,X, ,X,높음
9/20/2022,부산(159),X,23.3,23.4,19.3,17.4,63.1,X, ,X,매우높음
9/20/2022,통영(162),X,24.3,24.5,20.6,18.2,61.5,X, ,X,높음
9/20/2022,목포(165),X,24.8,24.4,20.5,17.1,69.9,X, ,X,높음
9/20/2022,여수(168),X,26,24.1,21.3,19.7,54.9,X, ,X,매우높음
9/20/2022,흑산도(169),X,24.3,23.8,19.8,18,74.4,X, ,X,높음
9/20/2022,완도(170),X,25.4,25.4,21.3,18.8,65.9,X, ,X,매우높음
9/20/2022,고창(172),X,24.8,25.3,19.3,15,70,X, ,X,높음
9/20/2022,제주(184),X,25.6,25.3,22.9,21.4,65.3,X, ,X,높음
9/20/2022,진주(192),X,24,25,20.5,17.7,57.1,X, ,X,높음
9/20/2022,양평(202),X,22,22.9,18.1,13.8,67.5,X, ,X,높음
9/20/2022,이천(203),X,23.1,23.9,17.9,13.1,69.3,X, ,X,높음
9/20/2022,인제(211),X,21,21,15,11,79.5,X, ,X,보통
9/20/2022,홍천(212),X,21.7,22.8,16.7,12.5,72.1,X, ,X,보통
9/20/2022,태백(216),X,15.4,14.4,11.8,9.4,80.9,X, ,X,보통
9/20/2022,정선군(217),X,20.2,20.4,15.5,10.8,67.9,X, ,X,보통
9/20/2022,제천(221),X,21.1,21.7,15.4,10.3,76.9,X, ,X,높음
9/20/2022,보은(226),X,21.7,22.2,16,11.8,76.8,X, ,X,높음
9/20/2022,천안(232),X,22.2,22.6,17.3,12.8,76,X, ,X,높음
9/20/2022,보령(235),X,23.5,24,19.2,15,64.3,X, ,X,높음
9/20/2022,부여(236),X,23.4,24.3,18.9,14.5,69.9,X, ,X,높음
9/20/2022,금산(238),X,22.9,23.9,17.5,12.3,68.4,X, ,X,높음
9/20/2022,세종(239),X,23.5,24.6,19.1,15.1,62.3,X, ,X,높음
9/20/2022,부안(243),X,25,25.7,19.7,15.6,66.9,X, ,X,높음
9/20/2022,임실(244),X,23.4,24.2,18.6,12.8,66.9,X, ,X,높음
9/20/2022,정읍(245),X,24.8,25.9,19.1,14.2,69,X, ,X,높음
9/20/2022,남원(247),X,23.1,24.3,19.9,15.6,58.1,X, ,X,높음
9/20/2022,장수(248),X,21.9,22.6,16.3,10.8,73,X, ,X,높음
9/20/2022,영광군(252),X,24.4,24.2,19.3,14.8,72.3,X, ,X,높음
9/20/2022,김해시(253),X,24.5,25.1,19.3,16.8,60,X, ,X,높음
9/20/2022,순창군(254),X,24.5,25.5,19.8,14.9,65.5,X, ,X,높음
9/20/2022,양산시(257),X,23.6,24.3,20.3,17.3,57.8,X, ,X,높음
9/20/2022,강진군(259),X,24.7,25.4,21.2,16.9,68.5,X, ,X,매우높음
9/20/2022,장흥(260),X,24.7,25.3,20.3,15.8,72.1,X, ,X,매우높음
9/20/2022,해남(261),X,25.3,25.4,20,15.1,77.4,X, ,X,매우높음
9/20/2022,고흥(262),X,23.3,23.9,20.6,18.2,62.3,X, ,X,매우높음
9/20/2022,의령군(263),X,24,25.1,19.9,14,63,X, ,X,높음
9/20/2022,함양군(264),X,22.4,24.3,18.3,12.6,62.8,X, ,X,높음
9/20/2022,진도군ASOS(268),X,24.8,24.2,19.8,16.3,74.5,X, ,X,높음
9/20/2022,봉화(271),X,18.9,18.4,14.5,9,76,X, ,X,보통
9/20/2022,영주(272),X,21.7,22,15.5,10.7,74.4,X, ,X,보통
9/20/2022,문경(273),X,22.6,22.8,16.4,12,74.4,X, ,X,높음
9/20/2022,청송군(276),X,19.7,20,15.2,9.6,69.1,X, ,X,높음
9/20/2022,영덕(277),X,20.7,20.5,17,11.8,68.3,X, ,X,높음
9/20/2022,의성(278),X,22.2,22.5,17.1,11.7,73,X, ,X,높음
9/20/2022,구미(279),X,23.5,24.8,18.6,14.4,62,X, ,X,높음
9/20/2022,영천(281),X,21.4,21.8,17.1,12.9,72,X, ,X,높음
9/20/2022,경주시(283),X,22,21.7,17.9,13.7,68,X, ,X,높음
9/20/2022,거창(284),X,22.5,23.1,17.6,12.5,69.5,X, ,X,높음
9/20/2022,합천(285),X,23.1,24.3,19.1,14.4,61.5,X, ,X,높음
9/20/2022,밀양(288),X,22.5,24,19.8,15.5,51.9,X, ,X,높음
9/20/2022,산청(289),X,23,23.5,18.4,13.8,69.4,X, ,X,높음
9/20/2022,거제(294),X,23,23.4,19.9,17.7,59.1,X, ,X,매우높음
9/20/2022,남해(295),X,24.6,24.4,20.7,17.7,59.9,X, ,X,매우높음
9/20/2022,부천(433),X,22.5,23.9,19.2,15.5,48,X, ,X,높음
9/20/2022,안양(434),X,18.7,23.7,20.3,17.5,,X, ,X,높음
9/20/2022,광명(437),X,23.4,25.1,20.7,17,48,O, ,X,높음
9/20/2022,군포(438),X,22.8,24.5,20,17.4,49,X, ,X,높음
9/20/2022,김포(441),X,,24.7,18.7,14.2,,X, ,X,높음
9/20/2022,하남(444),X,18.3,,,,,X, ,X,높음
9/20/2022,의왕(445),X,,,,,,X, ,X,높음
9/20/2022,포천(504),X,23.4,24.6,17.2,12,70,X, ,X,높음
9/20/2022,가평조종(505),X,22.2,23.1,16.3,11.7,78,X, ,X,높음
9/20/2022,안성(516),X,23.4,24.4,17.6,13,73,X, ,X,높음
9/20/2022,간성(517),X,20.4,19.5,14.7,11.3,92,X, ,X,보통
9/20/2022,평창(526),X,21,21.9,15.4,11.2,70,X, ,X,높음
9/20/2022,의정부(532),X,23.3,23.7,17.8,13.3,73,X, ,X,높음
9/20/2022,횡성(536),X,22.5,23.2,16.1,11.6,80,X, ,X,높음
9/20/2022,고양(540),X,24.4,25.6,18.3,12.6,67,X, ,X,높음
9/20/2022,남양주(541),X,23.2,24.3,18.4,13.7,66,X, ,X,높음
9/20/2022,안산(545),X,23.3,24.1,17.7,11.8,71,X, ,X,높음
9/20/2022,경기광주(546),X,22,23.1,17.2,13,66,X, ,X,높음
9/20/2022,여주(548),X,22.1,22.5,17.1,13.1,73,X, ,X,높음
9/20/2022,용인(549),X,21.1,22,16.8,12.6,69,X, ,X,높음
9/20/2022,오산(550),X,22.6,23.7,18.7,14.8,56,X, ,X,높음
9/20/2022,평택(551),X,23.8,24.6,19.6,14.4,62,X, ,X,높음
9/20/2022,화천(555),X,23.2,23.9,16.7,11.2,81,X, ,X,높음
9/20/2022,양구(556),X,21.4,22.3,15.3,11.2,75,X, ,X,높음
9/20/2022,시흥(565),X,23.6,24.8,18.4,13,63,X, ,X,높음
9/20/2022,구리(569),X,23.3,24.3,19,14.9,62,X, ,X,높음
9/20/2022,화성(571),X,23.4,24,19.7,16.3,60,X, ,X,높음
9/20/2022,성남(572),X,22.2,23.3,18.7,14.5,61,X, ,X,높음
9/20/2022,과천(590),X,23.9,24.4,18,12.9,73,X, ,X,높음
9/20/2022,양주(598),X,22.7,23.9,17.1,11.5,67,X, ,X,높음
9/20/2022,단양(601),X,22.4,23.5,16.8,12.7,73,X, ,X,보통
9/20/2022,진천(602),X,23.3,24.6,17.8,12.8,72,X, ,X,높음
9/20/2022,괴산(603),X,22.4,23,16.3,11.7,78,X, ,X,높음
9/20/2022,옥천(604),X,23.3,24.3,18.1,13.4,73,X, ,X,높음
9/20/2022,홍북(608),X,22.8,23.4,18.2,12.8,66,X, ,X,높음
9/20/2022,공주(612),X,24.1,25.1,18,13.2,71,X, ,X,높음
9/20/2022,서천(614),X,23.4,24.8,19.2,13.7,66,X, ,X,높음
9/20/2022,논산(615),X,24.1,25.4,19,13.9,67,X, ,X,높음
9/20/2022,당진(616),X,23.4,24.1,18.3,14.3,72,X, ,X,높음
9/20/2022,청양(618),X,23,23.4,16.9,11.8,77,X, ,X,높음
9/20/2022,음성(619),X,21.8,22.4,15.3,10.6,77,X, ,X,높음
9/20/2022,증평(623),X,23,23.4,17.8,13.2,74,X, ,X,높음
9/20/2022,태안(627),X,22.8,22.9,19.8,17.3,66,X, ,X,높음
9/20/2022,예산(628),X,22.9,23.5,18.9,15.4,68,X, ,X,높음
9/20/2022,아산(634),X,23.1,23.9,19.5,15.3,63,X, ,X,높음
9/20/2022,계룡(636),X,22.7,24,17.5,11,65,X, ,X,높음
9/20/2022,연천청산(652),X,,,,,,X, ,X,높음
9/20/2022,양양(670),X,19.4,18.9,15.3,12.1,80,X, ,X,보통
9/20/2022,무안(699),X,25.5,25.7,20,14.4,70,X, ,X,높음
9/20/2022,무주(701),X,22.8,23.7,17.4,12.6,69,X, ,X,높음
9/20/2022,익산(702),X,25.1,25.6,20.3,16.5,64,X, ,X,높음
9/20/2022,진안(703),X,22.7,23.3,17,12.1,73,X, ,X,높음
9/20/2022,담양(706),X,26.7,27.1,20.3,14.8,73,X, ,X,높음
9/20/2022,구례(709),X,25,25.5,19.8,14.6,75,X, ,X,높음
9/20/2022,나주(710),X,25.6,26.1,20.1,14.1,73,X, ,X,높음
9/20/2022,순천시(712),X,24.1,25.1,21.6,19.4,56,X, ,X,매우높음
9/20/2022,광양읍(713),X,24.6,26.3,22.1,18.9,48,X, ,X,매우높음
9/20/2022,장성(730),X,25.4,25.8,19.7,14.8,70,X, ,X,높음
9/20/2022,영암(731),X,25.8,26.5,19.4,13.7,79,X, ,X,높음
9/20/2022,보성(732),X,25.1,25.6,20.3,16.2,70,X, ,X,매우높음
9/20/2022,완주(734),X,24.6,25.7,18.7,13.4,69,X, ,X,높음
9/20/2022,김제(737),X,25,25.9,19.5,15,66,X, ,X,높음
9/20/2022,화순(741),X,25.7,25.8,19.6,13.9,74,X, ,X,높음
9/20/2022,함평(754),X,26.1,26.4,19.8,13.8,73,X, ,X,높음
9/20/2022,곡성(768),X,24.7,25.3,18.8,14.2,73,X, ,X,높음
9/20/2022,압해도(789),X,25.1,25.5,20.9,17.5,69,X, ,X,높음
9/20/2022,영양(801),X,20,19.7,14.8,10.5,82,X, ,X,높음
9/20/2022,성주(810),X,22.9,24.4,18.3,13.5,63,X, ,X,높음
9/20/2022,고령(812),X,23.3,24,18.4,12.9,67,X, ,X,높음
9/20/2022,청도(813),X,22.1,22.8,17.6,13.1,66,X, ,X,높음
9/20/2022,예천(815),X,22.9,23.9,16.5,12.1,74,X, ,X,높음
9/20/2022,김천(822),X,23.4,24.1,17.1,11.9,76,X, ,X,높음
9/20/2022,군위(823),X,22.8,23.2,17.1,11.9,74,X, ,X,높음
9/20/2022,칠곡(825),X,23.2,24.2,18.4,13.9,71,X, ,X,높음
9/20/2022,경산(827),X,22.7,23.1,18.5,14.7,63,X, ,X,높음
9/20/2022,삼척(876),X,21,21,16.6,12.7,68,X, ,X,높음
9/20/2022,속초(90),X,20.2,19.9,15.9,11.6,70.5,X, ,X,보통
9/20/2022,삼천포(907),X,24.3,25.2,20.8,17.7,55,X, ,X,높음
9/20/2022,고성(918),X,23.7,24.1,19.4,16.5,65,X, ,X,높음
9/20/2022,창녕(919),X,23.7,24.6,19.3,14.3,63,X, ,X,높음
9/20/2022,함안(920),X,23.8,24.1,18.8,13,69,X, ,X,높음
9/20/2022,북춘천(93),X,22.3,23,16.9,11.7,74.1,X, ,X,높음
9/20/2022,하동(932),X,24.8,25.9,21,17.2,58,X, ,X,높음
9/20/2022,철원(95),X,21.9,22.5,16.5,11.2,73.3,X, ,X,높음
9/20/2022,동두천(98),X,23.2,23.5,17.5,12.5,69.3,X, ,X,높음
9/20/2022,파주(99),X,23.1,23.3,16.2,10.3,72.9,X, ,X,높음
9/21/2022,북강릉(104),X,21.4,20.9,15.7,10.5,74.5,X, ,X,높음
9/21/2022,동해(106),X,20.9,20.8,16.1,11.7,73.5,X, ,X,높음
9/21/2022,서울(108),X,24.4,25.6,19.4,13,56.9,X, ,X,높음
9/21/2022,인천(112),X,22.5,23.3,18.6,13.2,57.3,X, ,X,높음
9/21/2022,원주(114),X,21.9,23.5,17.3,11.5,60.6,X, ,X,높음
9/21/2022,울릉도(115),X,20,19.2,15.9,12.4,67.9,X, ,X,높음
9/21/2022,수원(119),X,23.3,25.1,19,11.9,60,X, ,X,높음
9/21/2022,영월(121),X,23,24.2,16,10.8,69.1,X, ,X,높음
9/21/2022,충주(127),X,23.2,23.8,16.9,10.3,67.5,X, ,X,높음
9/21/2022,서산(129),X,24.4,25.3,17.8,10.9,66.3,X, ,X,높음
9/21/2022,울진(130),X,20.6,20.2,15.6,11.1,71.4,X, ,X,높음
9/21/2022,청주(131),X,23,25,19.4,14.1,51.8,X, ,X,높음
9/21/2022,대전(133),X,23.5,24.7,18.8,12.9,59.3,X, ,X,높음
9/21/2022,추풍령(135),X,21.4,21.7,14.6,9.1,72.1,X, ,X,높음
9/21/2022,안동(136),X,21.8,23,16.1,10.3,67.4,X, ,X,높음
9/21/2022,상주(137),X,23.3,23.8,16.6,10.3,69.6,X, ,X,높음
9/21/2022,포항(138),X,21.2,21.3,18.6,14.3,64.3,X, ,X,매우높음
9/21/2022,군산(140),X,24.2,24.9,19,14.9,70.6,X, ,X,높음
9/21/2022,대구(143),X,22.6,22.8,17.2,12,75.3,X, ,X,매우높음
9/21/2022,전주(146),X,24.5,26,19.7,13.9,59.9,X, ,X,높음
9/21/2022,울산(152),X,20.5,20.6,17.2,12.5,67.9,X, ,X,매우높음
9/21/2022,창원(155),X,22.1,22.9,18.3,14.1,58.1,X, ,X,매우높음
9/21/2022,광주(156),X,23.9,25.4,20.1,15.9,61.5,X, ,X,매우높음
9/21/2022,부산(159),X,23.3,23.4,18.9,15.4,63.3,X, ,X,매우높음
9/21/2022,통영(162),X,23.6,23.6,19,15.6,68.9,X, ,X,매우높음
9/21/2022,목포(165),X,24.2,24.1,20.3,16.3,69,X, ,X,매우높음
9/21/2022,여수(168),X,22.1,22.4,19.7,17.5,57.6,X, ,X,매우높음
9/21/2022,흑산도(169),X,24.8,24.1,19.8,17.6,76,X, ,X,높음
9/21/2022,완도(170),X,24.4,24.6,20.1,16.1,70.6,X, ,X,매우높음
9/21/2022,고창(172),X,24.9,25.6,18.2,12.3,73.5,X, ,X,높음
9/21/2022,제주(184),X,24.7,24.8,22,20.1,64.4,X, ,X,높음
9/21/2022,진주(192),X,23,23.6,17.8,12.6,67.9,X, ,X,매우높음
9/21/2022,양평(202),X,21.8,23.2,16.9,11.9,72.6,X, ,X,높음
9/21/2022,이천(203),X,23.5,24.5,16.7,10.2,74.6,X, ,X,높음
9/21/2022,인제(211),X,22.4,23.6,15.7,11.2,72.9,X, ,X,높음
9/21/2022,홍천(212),X,23,24.4,16.3,11.4,72.9,X, ,X,높음
9/21/2022,태백(216),X,19.3,19.7,11.6,5.7,76.5,X, ,X,높음
9/21/2022,정선군(217),X,22.6,23.3,15.1,10.7,72.8,X, ,X,높음
9/21/2022,제천(221),X,21.8,22.7,14.4,8.9,78.1,X, ,X,높음
9/21/2022,보은(226),X,21.7,22.1,15.5,9.2,74.5,X, ,X,높음
9/21/2022,천안(232),X,22.7,23.9,16.6,10.1,74.1,X, ,X,높음
9/21/2022,보령(235),X,24.1,25,18.1,13.6,69.3,X, ,X,높음
9/21/2022,부여(236),X,24.2,25.1,18,11.7,72.3,X, ,X,높음
9/21/2022,금산(238),X,23,23.9,16.2,9.7,72.9,X, ,X,높음
9/21/2022,세종(239),X,23,24.1,18.5,13.2,62.9,X, ,X,높음
9/21/2022,부안(243),X,24.2,25.9,19,13.3,70.1,X, ,X,높음
9/21/2022,임실(244),X,23.2,24,16.3,10.3,75.3,X, ,X,높음
9/21/2022,정읍(245),X,24.3,25.6,18.1,12.1,69.9,X, ,X,높음
9/21/2022,남원(247),X,22.9,23.9,18,13.1,62.5,X, ,X,높음
9/21/2022,장수(248),X,22.2,22.7,14.2,8.1,78.4,X, ,X,매우높음
9/21/2022,영광군(252),X,24.5,25.2,18.5,13.2,76.3,X, ,X,높음
9/21/2022,김해시(253),X,24,24.2,18.4,14.1,62.3,X, ,X,매우높음
9/21/2022,순창군(254),X,24,24.7,17.7,12.1,73.4,X, ,X,높음
9/21/2022,양산시(257),X,23.5,24.2,18.9,13.8,61.5,X, ,X,매우높음
9/21/2022,강진군(259),X,24.1,25,19.6,14.5,70.6,X, ,X,매우높음
9/21/2022,장흥(260),X,23.2,23.7,18.2,12.8,77,X, ,X,매우높음
9/21/2022,해남(261),X,24.6,24.6,18.6,13.5,79.6,X, ,X,매우높음
9/21/2022,고흥(262),X,22.7,22.9,18.1,13.1,70.5,X, ,X,매우높음
9/21/2022,의령군(263),X,23.6,24.5,17.1,11.3,73.4,X, ,X,매우높음
9/21/2022,함양군(264),X,22.4,23.4,15.7,9.6,70.4,X, ,X,높음
9/21/2022,진도군ASOS(268),X,24.1,23.9,18.5,13.5,79.5,X, ,X,매우높음
9/21/2022,봉화(271),X,20.3,21.3,13.3,7.5,75.8,X, ,X,높음
9/21/2022,영주(272),X,21.5,22.4,14.2,8.3,76.3,X, ,X,높음
9/21/2022,문경(273),X,22.3,22.8,15.2,9.5,76.8,X, ,X,높음
9/21/2022,청송군(276),X,20.7,21.8,13.4,7.7,72.6,X, ,X,높음
9/21/2022,영덕(277),X,21.3,21.4,15.2,10.5,76.4,X, ,X,높음
9/21/2022,의성(278),X,22.9,24.4,15.3,8.7,73,X, ,X,높음
9/21/2022,구미(279),X,23,24.2,17.1,11.6,65.6,X, ,X,높음
9/21/2022,영천(281),X,21.4,21.8,15.2,10.2,75.3,X, ,X,높음
9/21/2022,경주시(283),X,22.1,22.3,15.9,10.7,75.9,X, ,X,높음
9/21/2022,거창(284),X,22.3,22.7,15.1,9.3,75.1,X, ,X,높음
9/21/2022,합천(285),X,22.6,23.6,16.6,11.1,72.4,X, ,X,높음
9/21/2022,밀양(288),X,23,24.5,17.6,12,62.3,X, ,X,매우높음
9/21/2022,산청(289),X,22.9,23.2,16.1,11.5,77.6,X, ,X,높음
9/21/2022,거제(294),X,22.3,22.5,18.3,13.9,65,X, ,X,매우높음
9/21/2022,남해(295),X,23.2,23.7,19,15,64.4,X, ,X,매우높음
9/21/2022,부천(433),X,23.2,25,18.6,13.1,53,X, ,X,높음
9/21/2022,안양(434),X,19.3,24.1,19.7,14.9,,X, ,X,높음
9/21/2022,광명(437),X,23.5,25.2,20.3,15.4,50,O, ,X,높음
9/21/2022,군포(438),X,23,24.7,19.4,14.5,52,X, ,X,높음
9/21/2022,김포(441),X,,25.4,17.9,10.5,,X, ,X,높음
9/21/2022,하남(444),X,,,,,,X, ,X,높음
9/21/2022,의왕(445),X,21.8,,,,,X, ,X,높음
9/21/2022,포천(504),X,23,24.5,16.1,9,70,X, ,X,높음
9/21/2022,가평조종(505),X,22.7,23.5,14.7,8.6,82,X, ,X,높음
9/21/2022,안성(516),X,23.3,24.6,17.9,11,65,X, ,X,높음
9/21/2022,간성(517),X,22.6,21.8,15.9,10.1,82,X, ,X,높음
9/21/2022,평창(526),X,21.9,23.3,14.6,10.1,69,X, ,X,높음
9/21/2022,의정부(532),X,23.5,23.7,16.5,10.3,77,X, ,X,높음
9/21/2022,횡성(536),X,23.4,24.6,15.9,9.4,80,X, ,X,높음
9/21/2022,고양(540),X,24.6,26.5,17.1,9,60,X, ,X,높음
9/21/2022,남양주(541),X,23.3,24.9,17.2,10.6,66,X, ,X,높음
9/21/2022,안산(545),X,23.7,24.5,15.6,8.4,78,X, ,X,높음
9/21/2022,경기광주(546),X,22.8,24,16.9,11.9,68,X, ,X,높음
9/21/2022,여주(548),X,22.9,23.3,16.8,10.8,71,X, ,X,높음
9/21/2022,용인(549),X,22.5,23.3,15.9,10.1,72,X, ,X,높음
9/21/2022,오산(550),X,23.6,24.8,18,11.9,57,X, ,X,높음
9/21/2022,평택(551),X,25,25.9,19.2,12,63,X, ,X,높음
9/21/2022,화천(555),X,23.6,25.5,15.5,10.4,81,X, ,X,높음
9/21/2022,양구(556),X,22.1,24.3,15.5,10.7,71,X, ,X,높음
9/21/2022,시흥(565),X,23.7,24.9,17.1,9.3,73,X, ,X,높음
9/21/2022,구리(569),X,23.8,,,,,X, ,X,높음
9/21/2022,화성(571),X,23.8,24.8,18.8,12.5,61,X, ,X,높음
9/21/2022,성남(572),X,22.7,23.8,17.6,11.7,63,X, ,X,높음
9/21/2022,과천(590),X,24.5,25.2,16.6,9.9,76,X, ,X,높음
9/21/2022,양주(598),X,23.6,24.8,15.6,8,71,X, ,X,높음
9/21/2022,단양(601),X,22.9,24.4,16.2,11.5,70,X, ,X,높음
9/21/2022,진천(602),X,23.4,25.1,17,10.4,70,X, ,X,높음
9/21/2022,괴산(603),X,22.2,23.4,15.5,9,73,X, ,X,높음
9/21/2022,옥천(604),X,23.8,24.8,17.4,11.3,70,X, ,X,높음
9/21/2022,홍북(608),X,23.7,25.1,17.2,9.8,71,X, ,X,높음
9/21/2022,공주(612),X,23.6,24.6,17.7,10.6,67,X, ,X,높음
9/21/2022,서천(614),X,23.9,26.3,17.8,11.7,74,X, ,X,높음
9/21/2022,논산(615),X,24.2,25.5,18.5,11.4,65,X, ,X,높음
9/21/2022,당진(616),X,24.4,25.4,17.7,10.8,74,X, ,X,높음
9/21/2022,청양(618),X,23.9,24.7,15.9,9.2,81,X, ,X,높음
9/21/2022,음성(619),X,21.9,22.9,14.6,9.4,77,X, ,X,높음
9/21/2022,증평(623),X,23,24.1,17.3,11.3,71,X, ,X,높음
9/21/2022,태안(627),X,24.4,25.1,18.8,12.4,65,X, ,X,높음
9/21/2022,예산(628),X,23.7,25.1,18.2,12,70,X, ,X,높음
9/21/2022,아산(634),X,24.1,25.2,18.6,11.8,66,X, ,X,높음
9/21/2022,계룡(636),X,22.7,24.2,16.3,8.8,67,X, ,X,높음
9/21/2022,연천청산(652),X,,,,,,X, ,X,높음
9/21/2022,양양(670),X,20.9,20.7,16,10.9,74,X, ,X,높음
9/21/2022,무안(699),X,25.2,25.7,19,14.1,78,X, ,X,높음
9/21/2022,무주(701),X,22.4,23.4,15.9,9.6,70,X, ,X,높음
9/21/2022,익산(702),X,24.9,25.9,18.5,12,76,X, ,X,높음
9/21/2022,진안(703),X,22.7,23.5,15.1,8.7,75,X, ,X,높음
9/21/2022,담양(706),X,25.5,25.4,18.5,12.8,77,X, ,X,높음
9/21/2022,구례(709),X,24.4,24.8,17.8,12.1,78,X, ,X,높음
9/21/2022,나주(710),X,24.9,25.5,18.6,13.9,77,X, ,X,높음
9/21/2022,순천시(712),X,23.2,24.5,19.9,15.9,58,X, ,X,매우높음
9/21/2022,광양읍(713),X,23.7,24.9,19.7,15,54,X, ,X,매우높음
9/21/2022,장성(730),X,23.9,25.1,18.2,12.2,74,X, ,X,높음
9/21/2022,영암(731),X,24.8,25.6,18.5,13,77,X, ,X,매우높음
9/21/2022,보성(732),X,24.3,24.7,18.5,12.3,73,X, ,X,매우높음
9/21/2022,완주(734),X,25,25.7,18.4,12.3,72,X, ,X,높음
9/21/2022,김제(737),X,25,25.9,18.9,13.1,69,X, ,X,높음
9/21/2022,화순(741),X,24.6,25.6,18.6,13.5,71,X, ,X,높음
9/21/2022,함평(754),X,25.4,26.4,18.8,13.6,77,X, ,X,높음
9/21/2022,곡성(768),X,24.6,25.2,17.2,12.2,76,X, ,X,높음
9/21/2022,압해도(789),X,25,25.6,19.9,15.4,73,X, ,X,높음
9/21/2022,영양(801),X,20.6,21.6,13.8,9.2,79,X, ,X,높음
9/21/2022,성주(810),X,22.9,24.4,16.5,10.7,66,X, ,X,높음
9/21/2022,고령(812),X,22.8,23.7,15.5,10,76,X, ,X,높음
9/21/2022,청도(813),X,22.7,23.6,15.9,10.1,74,X, ,X,높음
9/21/2022,예천(815),X,23.1,24,15.4,9.2,71,X, ,X,높음
9/21/2022,김천(822),X,24.1,24.5,14.8,8.9,79,X, ,X,높음
9/21/2022,군위(823),X,23.8,24.3,15.7,9.4,76,X, ,X,높음
9/21/2022,칠곡(825),X,23.9,24.6,16.7,11.6,75,X, ,X,높음
9/21/2022,경산(827),X,22.6,23.6,16.8,12,68,X, ,X,높음
9/21/2022,삼척(876),X,21.9,22.2,16.5,12,69,X, ,X,높음
9/21/2022,속초(90),X,22.2,22,16.6,10.9,70.8,X, ,X,높음
9/21/2022,삼천포(907),X,24.5,24.9,19.2,15.4,59,X, ,X,매우높음
9/21/2022,고성(918),X,23.3,23.3,17,11.8,74,X, ,X,매우높음
9/21/2022,창녕(919),X,23.5,24.1,17.4,11.7,71,X, ,X,높음
9/21/2022,함안(920),X,23.7,23.8,16,10.8,78,X, ,X,매우높음
9/21/2022,북춘천(93),X,22.3,23.8,15.7,9.4,74.9,X, ,X,높음
9/21/2022,하동(932),X,23.7,24.2,18.7,14.1,68,X, ,X,매우높음
9/21/2022,철원(95),X,22.1,23.5,15.2,8,73,X, ,X,높음
9/21/2022,동두천(98),X,23.7,24.2,16.2,8.8,70.8,X, ,X,높음
9/21/2022,파주(99),X,24.4,24.3,15.5,7.5,80.5,X, ,X,높음
9/22/2022,북강릉(104),X,22.8,22.2,17.3,11.3,73.5,X, ,X,높음
9/22/2022,동해(106),X,23.1,22.6,17.8,11.7,72.4,X, ,X,높음
9/22/2022,서울(108),X,24.2,24.7,19.8,14.2,60.1,X, ,X,높음
9/22/2022,인천(112),X,22.9,23.4,19.7,15.4,58.1,X, ,X,높음
9/22/2022,원주(114),X,22.7,23.6,17.6,10.9,60.6,X, ,X,높음
9/22/2022,울릉도(115),X,23.3,22,18.9,15.2,76.9,X, ,X,높음
9/22/2022,수원(119),X,24.1,24.6,19.2,15.1,63.6,X, ,X,높음
9/22/2022,영월(121),X,22.3,23.1,14.9,8.2,77.5,X, ,X,높음
9/22/2022,충주(127),X,22.8,23,16.8,9.4,73.1,X, ,X,높음
9/22/2022,서산(129),X,24.4,24.9,18,11.9,72.9,X, ,X,높음
9/22/2022,울진(130),X,22.4,22.5,17.7,12,76.5,X, ,X,높음
9/22/2022,청주(131),X,22.3,24.2,19.6,14.5,51.8,X, ,X,높음
9/22/2022,대전(133),X,23.1,24,18.4,12.9,58.9,X, ,X,높음
9/22/2022,추풍령(135),X,22.1,22.4,15.5,8.1,73.3,X, ,X,높음
9/22/2022,안동(136),X,23.6,24.3,17.3,9.9,71.9,X, ,X,높음
9/22/2022,상주(137),X,23.5,23.6,16.6,9.5,75.5,X, ,X,높음
9/22/2022,포항(138),X,24.2,23.5,19.8,15.1,72.6,X, ,X,높음
9/22/2022,군산(140),X,23.3,23.8,18.3,13.1,71.4,X, ,X,높음
9/22/2022,대구(143),X,24.9,25.1,18.6,11.6,78.6,X, ,X,높음
9/22/2022,전주(146),X,24.1,25,19.5,14.1,55.1,X, ,X,높음
9/22/2022,울산(152),X,24.5,24.1,19.4,13.9,74.6,X, ,X,높음
9/22/2022,창원(155),X,24.6,25,19.4,14.2,66.6,X, ,X,높음
9/22/2022,광주(156),X,24.9,26,20.3,13.9,60.6,X, ,X,높음
9/22/2022,부산(159),X,25.5,24.8,20.3,17.1,72.8,X, ,X,높음
9/22/2022,통영(162),X,26.2,25.5,20.2,16.8,76.3,X, ,X,높음
9/22/2022,목포(165),X,25.1,24.9,20.3,15.4,67.4,X, ,X,높음
9/22/2022,여수(168),X,24.2,24.6,20.6,17.4,59.5,X, ,X,높음
9/22/2022,흑산도(169),X,25.1,24.3,20.1,17.5,73.8,X, ,X,높음
9/22/2022,완도(170),X,25.7,25.7,20.3,15.1,71.6,X, ,X,높음
9/22/2022,고창(172),X,24.1,25.4,18.8,12.4,67,X, ,X,높음
9/22/2022,제주(184),X,26.4,25.2,22.2,20.1,77,X, ,X,높음
9/22/2022,진주(192),X,25.2,25.9,18,10.3,73.6,X, ,X,높음
9/22/2022,양평(202),X,22.6,23.5,17.1,10.8,72.5,X, ,X,높음
9/22/2022,이천(203),X,24,24.6,16.9,9.8,75.9,X, ,X,높음
9/22/2022,인제(211),X,22.3,23.4,16.2,11.7,75,X, ,X,높음
9/22/2022,홍천(212),X,22.9,23.6,16.1,10.1,76.5,X, ,X,높음
9/22/2022,태백(216),X,20.7,21.2,12.7,4.4,80.8,X, ,X,높음
9/22/2022,정선군(217),X,22,22.2,14.8,8.8,72.3,X, ,X,높음
9/22/2022,제천(221),X,21.5,22,14.6,7.3,80.4,X, ,X,높음
9/22/2022,보은(226),X,22.6,22.9,15.6,8.7,78.4,X, ,X,높음
9/22/2022,천안(232),X,22.9,23.5,16.7,10.2,77.5,X, ,X,높음
9/22/2022,보령(235),X,23.7,23.8,18.2,13.5,69.5,X, ,X,높음
9/22/2022,부여(236),X,23.1,23.7,17.3,11.5,73.9,X, ,X,높음
9/22/2022,금산(238),X,22.1,23.3,15.9,8.5,73.6,X, ,X,높음
9/22/2022,세종(239),X,22.7,23.8,18,12.7,61.5,X, ,X,높음
9/22/2022,부안(243),X,23.5,23.7,18.8,13.9,67.9,X, ,X,높음
9/22/2022,임실(244),X,23.3,24.3,16.4,8.7,71.6,X, ,X,높음
9/22/2022,정읍(245),X,23.7,24.2,18.1,12.2,68,X, ,X,높음
9/22/2022,남원(247),X,24.5,25.2,18,10.8,66.4,X, ,X,높음
9/22/2022,장수(248),X,22.8,23.3,15.1,6.3,78,X, ,X,높음
9/22/2022,영광군(252),X,23.9,24.9,18.7,13.1,71.3,X, ,X,높음
9/22/2022,김해시(253),X,26.2,26.4,19.7,14.3,70.1,X, ,X,높음
9/22/2022,순창군(254),X,24.1,24.9,17.7,10.4,72.9,X, ,X,높음
9/22/2022,양산시(257),X,26.7,27,20.7,14,70,X, ,X,높음
9/22/2022,강진군(259),X,25.7,26.5,19.4,12.7,74.9,X, ,X,높음
9/22/2022,장흥(260),X,25.5,25.8,18.9,11.8,78.3,X, ,X,높음
9/22/2022,해남(261),X,26.6,26.3,19.2,12.2,80.1,X, ,X,높음
9/22/2022,고흥(262),X,24.1,24.1,18.2,12.7,73.4,X, ,X,높음
9/22/2022,의령군(263),X,25.4,26.3,17.7,9.5,75.4,X, ,X,보통
9/22/2022,함양군(264),X,24,25.3,16.2,7.4,70.1,X, ,X,높음
9/22/2022,진도군ASOS(268),X,25.2,25.1,18.8,12.5,76.9,X, ,X,높음
9/22/2022,봉화(271),X,21.9,22.3,15,6.7,78.5,X, ,X,높음
9/22/2022,영주(272),X,22.5,23.2,15.4,8.3,79.3,X, ,X,높음
9/22/2022,문경(273),X,22.5,22.8,15.7,8.9,78.8,X, ,X,높음
9/22/2022,청송군(276),X,23.3,24,15.4,7.4,75.8,X, ,X,높음
9/22/2022,영덕(277),X,24.6,24.2,17.1,11.6,81.8,X, ,X,높음
9/22/2022,의성(278),X,24.1,24.6,16.7,8.5,77,X, ,X,높음
9/22/2022,구미(279),X,24.1,24.8,17.6,10.4,69.8,X, ,X,높음
9/22/2022,영천(281),X,23.9,24.1,16.9,9.5,78.8,X, ,X,높음
9/22/2022,경주시(283),X,24.6,24,17.7,10.8,79.9,X, ,X,높음
9/22/2022,거창(284),X,23.8,24.6,15.7,7.2,75.1,X, ,X,높음
9/22/2022,합천(285),X,23.8,24.9,17.2,9.6,74.1,X, ,X,높음
9/22/2022,밀양(288),X,25,26.3,19.1,11.3,66.5,X, ,X,높음
9/22/2022,산청(289),X,24.1,24.4,16.5,9,78.6,X, ,X,높음
9/22/2022,거제(294),X,24.3,23.7,19,14.3,77,X, ,X,높음
9/22/2022,남해(295),X,24.2,24.3,18.9,14.5,71.5,X, ,X,높음
9/22/2022,부천(433),X,23.3,24.1,19.5,15.3,54,X, ,X,높음
9/22/2022,안양(434),X,20.2,23.7,19.9,16.5,,X, ,X,높음
9/22/2022,광명(437),X,23.7,24.7,20.6,16.8,53,O, ,X,높음
9/22/2022,군포(438),X,23.2,23.9,19,14.9,58,X, ,X,높음
9/22/2022,김포(441),X,,24.2,19.3,14.3,,X, ,X,높음
9/22/2022,하남(444),X,,,,,,X, ,X,높음
9/22/2022,의왕(445),X,21.8,21.9,16.4,12.3,67,X, ,X,높음
9/22/2022,포천(504),X,23.2,23.6,17.1,9.2,70,X, ,X,높음
9/22/2022,가평조종(505),X,23,23.3,15.4,8.7,84,X, ,X,높음
9/22/2022,안성(516),X,24.1,25.2,18.5,13,64,X, ,X,높음
9/22/2022,간성(517),X,23.2,23.1,16.9,10.2,81,X, ,X,높음
9/22/2022,평창(526),X,21.7,23.2,15.2,9,68,X, ,X,높음
9/22/2022,의정부(532),X,23.9,23.6,17.9,12.4,75,X, ,X,높음
9/22/2022,횡성(536),X,23.3,24.2,16.4,8.2,77,X, ,X,높음
9/22/2022,고양(540),X,24.9,26,19.2,13,50,X, ,X,높음
9/22/2022,남양주(541),X,24,24.5,17.7,10.6,68,X, ,X,높음
9/22/2022,안산(545),X,23.6,23.7,16.2,9.5,80,X, ,X,높음
9/22/2022,경기광주(546),X,22.8,23.4,16.8,11.1,70,X, ,X,높음
9/22/2022,여주(548),X,22.5,23,16.9,9.8,69,X, ,X,높음
9/22/2022,용인(549),X,22.6,23,16.4,11.3,69,X, ,X,높음
9/22/2022,오산(550),X,22.9,23.6,18.1,12.6,60,X, ,X,높음
9/22/2022,평택(551),X,24.6,25.5,19.4,14.5,60,X, ,X,높음
9/22/2022,화천(555),X,23.5,24.3,15.5,10.2,85,X, ,X,높음
9/22/2022,양구(556),X,22.5,23.5,15.3,10,76,X, ,X,높음
9/22/2022,시흥(565),X,24.1,24.3,17.8,11.3,74,X, ,X,높음
9/22/2022,구리(569),X,17.6,,,,,X, ,X,높음
9/22/2022,화성(571),X,24,24.7,19,14.7,63,X, ,X,높음
9/22/2022,성남(572),X,23,23.6,18.5,13.6,61,X, ,X,높음
9/22/2022,과천(590),X,24.3,24.5,17.8,11.1,73,X, ,X,높음
9/22/2022,양주(598),X,23.8,24.4,17.3,10.1,71,X, ,X,높음
9/22/2022,단양(601),X,23.4,24.1,16.3,9.4,74,X, ,X,높음
9/22/2022,진천(602),X,23.9,25.2,17.1,9.7,74,X, ,X,높음
9/22/2022,괴산(603),X,23,23.6,15.8,8,77,X, ,X,높음
9/22/2022,옥천(604),X,23.9,24.7,17.3,9.7,76,X, ,X,높음
9/22/2022,홍북(608),X,23.9,24.8,17.3,11.6,70,X, ,X,높음
9/22/2022,공주(612),X,23.6,24.1,17.5,10.8,67,X, ,X,높음
9/22/2022,서천(614),X,23.8,24.8,17.8,12.7,74,X, ,X,높음
9/22/2022,논산(615),X,24,24.8,17.9,10.9,67,X, ,X,높음
9/22/2022,당진(616),X,24.2,24.7,18.1,12.6,75,X, ,X,높음
9/22/2022,청양(618),X,23.4,23.7,16.3,9.4,79,X, ,X,높음
9/22/2022,음성(619),X,22.4,22.9,15,7.4,77,X, ,X,높음
9/22/2022,증평(623),X,23.5,24.1,17.7,11.3,71,X, ,X,높음
9/22/2022,태안(627),X,24.7,24.9,19,14.4,71,X, ,X,높음
9/22/2022,예산(628),X,24.1,24.8,18.6,12.6,71,X, ,X,높음
9/22/2022,아산(634),X,25,26,19,12.9,65,X, ,X,높음
9/22/2022,계룡(636),X,22.4,23.4,15.6,7.9,70,X, ,X,높음
9/22/2022,연천청산(652),X,,,,,,X, ,X,높음
9/22/2022,양양(670),X,22.3,22.3,17,11.1,74,X, ,X,높음
9/22/2022,무안(699),X,25.2,26,19.1,13.1,72,X, ,X,높음
9/22/2022,무주(701),X,23.3,23.7,15.6,7.7,75,X, ,X,높음
9/22/2022,익산(702),X,24.3,25.1,18.2,11.6,72,X, ,X,높음
9/22/2022,진안(703),X,23.1,23.8,15.1,6.5,77,X, ,X,높음
9/22/2022,담양(706),X,25.7,26.8,18.9,11.3,74,X, ,X,높음
9/22/2022,구례(709),X,26,26,17.8,9.8,83,X, ,X,높음
9/22/2022,나주(710),X,25.4,26,18.9,12.1,77,X, ,X,높음
9/22/2022,순천시(712),X,25.2,26,19.4,13.1,68,X, ,X,높음
9/22/2022,광양읍(713),X,25.1,26.5,19.5,12.9,62,X, ,X,높음
9/22/2022,장성(730),X,24.3,25.5,18.4,12,72,X, ,X,높음
9/22/2022,영암(731),X,26.9,27.2,19.3,11.6,76,X, ,X,보통
9/22/2022,보성(732),X,25.8,26.1,17.9,10.2,79,X, ,X,보통
9/22/2022,완주(734),X,23.7,24.9,17.6,10.8,70,X, ,X,높음
9/22/2022,김제(737),X,23.5,23.8,19,12.9,62,X, ,X,높음
9/22/2022,화순(741),X,25.6,26.3,18.8,11.3,70,X, ,X,높음
9/22/2022,함평(754),X,25.5,26.4,19.1,12.8,72,X, ,X,높음
9/22/2022,곡성(768),X,26.4,27.2,17.5,9.4,76,X, ,X,높음
9/22/2022,압해도(789),X,25.3,26.1,19.9,14,70,X, ,X,높음
9/22/2022,영양(801),X,23.3,23.7,15.8,7.9,82,X, ,X,높음
9/22/2022,성주(810),X,24.5,25.8,17.8,9.7,70,X, ,X,높음
9/22/2022,고령(812),X,24.1,24.8,16.8,8.5,79,X, ,X,높음
9/22/2022,청도(813),X,25.5,25.7,16.9,8.8,80,X, ,X,높음
9/22/2022,예천(815),X,23.7,24.2,16.9,9,71,X, ,X,높음
9/22/2022,김천(822),X,24.2,24.2,15.9,6.9,81,X, ,X,높음
9/22/2022,군위(823),X,24.9,25.2,16.8,8.4,80,X, ,X,높음
9/22/2022,칠곡(825),X,24.8,25.1,18.1,11.2,78,X, ,X,높음
9/22/2022,경산(827),X,24.8,25.1,17.9,10.9,73,X, ,X,높음
9/22/2022,삼척(876),X,24.7,24.7,18.2,12.4,71,X, ,X,높음
9/22/2022,속초(90),X,23.2,23.5,17.6,11.3,71.1,X, ,X,높음
9/22/2022,삼천포(907),X,25.3,25.4,20.1,14.8,67,X, ,X,높음
9/22/2022,고성(918),X,25.1,24.8,18.5,12.4,77,X, ,X,높음
9/22/2022,창녕(919),X,25.2,25.6,18.1,10.7,77,X, ,X,높음
9/22/2022,함안(920),X,25.5,25.4,16.9,9.2,83,X, ,X,높음
9/22/2022,북춘천(93),X,22.5,23.3,15.8,9.5,80.4,X, ,X,높음
9/22/2022,하동(932),X,25.4,25.9,18.5,11.9,74,X, ,X,높음
9/22/2022,철원(95),X,22.7,23.4,16.1,7.9,76.3,X, ,X,높음
9/22/2022,동두천(98),X,24,24.1,17.3,11,73.4,X, ,X,높음
9/22/2022,파주(99),X,23.7,23.5,16.9,9.6,80.6,X, ,X,높음
9/23/2022,북강릉(104),X,25.7,26.6,19.2,13.7,58.1,X, ,X,높음
9/23/2022,동해(106),X,25.2,26.2,19.4,14.6,63.5,X, ,X,높음
9/23/2022,서울(108),X,23,22.2,17.5,14.7,68.9,X, ,X,보통
9/23/2022,인천(112),X,22.3,21.2,17.8,14.8,67.4,X, ,X,보통
9/23/2022,원주(114),X,22.9,23.7,16.8,12.7,67,X, ,X,높음
9/23/2022,울릉도(115),X,27,25.4,20.7,17.2,74.9,X, ,X,높음
9/23/2022,수원(119),X,23.5,23.1,16.9,13.6,74.4,X, ,X,보통
9/23/2022,영월(121),X,23.6,24.6,15.7,10.9,75,X, ,X,높음
9/23/2022,충주(127),X,24.1,24.1,15.9,10.6,75.3,X, ,X,높음
9/23/2022,서산(129),X,23.1,22.2,16.2,11.8,74.8,X, ,X,높음
9/23/2022,울진(130),X,26.6,27.9,20.8,14.9,54.6,X, ,X,높음
9/23/2022,청주(131),X,23.9,24.3,18.3,15.6,59.5,X, ,X,높음
9/23/2022,대전(133),X,24.4,24.5,17.7,12.6,67,X, ,X,높음
9/23/2022,추풍령(135),X,23.6,23.7,17.1,11.3,68.3,X, ,X,높음
9/23/2022,안동(136),X,24.8,26.1,17.7,13,69.6,X, ,X,높음
9/23/2022,상주(137),X,24.8,24.7,18,13.1,69.8,X, ,X,높음
9/23/2022,포항(138),X,27.1,28,21.7,17.1,61.3,X, ,X,높음
9/23/2022,군산(140),X,24,23.2,17.3,13.8,74.6,X, ,X,높음
9/23/2022,대구(143),X,27.2,27.8,20.8,16.2,70.4,X, ,X,높음
9/23/2022,전주(146),X,24.8,24.2,18.5,14.1,65.5,X, ,X,높음
9/23/2022,울산(152),X,27.2,27.6,21.3,17,67,X, ,X,높음
9/23/2022,창원(155),X,26.7,27.5,21.7,16.9,58.6,X, ,X,높음
9/23/2022,광주(156),X,25.4,25.3,19.5,15.5,69.1,X, ,X,높음
9/23/2022,부산(159),X,26.8,26.8,22.4,18.9,67.3,X, ,X,높음
9/23/2022,통영(162),X,26.6,26.1,21.9,17.9,72,X, ,X,높음
9/23/2022,목포(165),X,24.7,23.5,19.4,16.9,72.6,X, ,X,높음
9/23/2022,여수(168),X,25.8,26.7,21.4,16.8,60,X, ,X,높음
9/23/2022,흑산도(169),X,25.6,24.7,19.5,17.6,74.3,X, ,X,높음
9/23/2022,완도(170),X,26.8,26.9,20.3,16.7,71.4,X, ,X,높음
9/23/2022,고창(172),X,24.6,23.9,17,13.4,72.1,X, ,X,높음
9/23/2022,제주(184),X,27.4,26.8,22.4,19.4,72.3,X, ,X,높음
9/23/2022,진주(192),X,27.2,28.2,20.3,13.8,64.9,X, ,X,높음
9/23/2022,양평(202),X,22.7,22.5,16.5,12,72.8,X, ,X,보통
9/23/2022,이천(203),X,23.9,23.8,16.3,11.4,75,X, ,X,보통
9/23/2022,인제(211),X,22.2,22.8,16.1,10.9,69.4,X, ,X,보통
9/23/2022,홍천(212),X,22.9,23.4,15.4,10.7,75.8,X, ,X,보통
9/23/2022,태백(216),X,21,21.9,14.5,10.4,68.4,X, ,X,높음
9/23/2022,정선군(217),X,22.6,23.3,15.9,12.2,69.6,X, ,X,높음
9/23/2022,제천(221),X,23.2,23.7,14.7,8.7,78.5,X, ,X,높음
9/23/2022,보은(226),X,23.3,23.2,15.3,9.9,78.6,X, ,X,높음
9/23/2022,천안(232),X,24.1,24,15.9,10.9,78.3,X, ,X,높음
9/23/2022,보령(235),X,23.5,22.4,17.4,13.1,72.8,X, ,X,높음
9/23/2022,부여(236),X,24.7,24.3,16.2,10.7,79.6,X, ,X,높음
9/23/2022,금산(238),X,24,23.6,16.1,11.4,77.1,X, ,X,높음
9/23/2022,세종(239),X,24,23.7,17,12.9,69.5,X, ,X,높음
9/23/2022,부안(243),X,24.5,23.7,17.9,13.9,71.3,X, ,X,높음
9/23/2022,임실(244),X,24,23.7,16,10.5,79,X, ,X,높음
9/23/2022,정읍(245),X,24.3,23.6,17,12.8,71.3,X, ,X,높음
9/23/2022,남원(247),X,24.7,24.9,17.1,11.3,73.5,X, ,X,높음
9/23/2022,장수(248),X,23.1,23.2,14.8,8.8,80.8,X, ,X,높음
9/23/2022,영광군(252),X,24.9,24,17.8,13.8,73.1,X, ,X,높음
9/23/2022,김해시(253),X,27.9,28.5,22,17.1,63,X, ,X,높음
9/23/2022,순창군(254),X,24.6,24.6,17.4,13.2,75.9,X, ,X,높음
9/23/2022,양산시(257),X,28.1,29.3,22.7,17.2,62.9,X, ,X,높음
9/23/2022,강진군(259),X,26.4,27,19.7,15.3,71.8,X, ,X,높음
9/23/2022,장흥(260),X,25.8,26,18.6,13.8,74.1,X, ,X,높음
9/23/2022,해남(261),X,25.8,25.4,19,14.4,75.9,X, ,X,높음
9/23/2022,고흥(262),X,25.5,26,18.9,13.6,71.5,X, ,X,높음
9/23/2022,의령군(263),X,27.3,28.4,19.9,13.6,68.3,X, ,X,높음
9/23/2022,함양군(264),X,24.8,26.1,17.9,11.9,62.3,X, ,X,높음
9/23/2022,진도군ASOS(268),X,25.4,24.3,19.1,14.8,75.9,X, ,X,높음
9/23/2022,봉화(271),X,23.6,23.3,16.5,11.4,71,X, ,X,높음
9/23/2022,영주(272),X,24.8,25.8,16.9,11.7,73.6,X, ,X,높음
9/23/2022,문경(273),X,24.7,25.1,17.3,12.3,70.9,X, ,X,높음
9/23/2022,청송군(276),X,26.1,26.5,17.7,13.2,71.3,X, ,X,높음
9/23/2022,영덕(277),X,26.2,26.9,19.9,14.8,66,X, ,X,높음
9/23/2022,의성(278),X,25.7,27.1,17.9,10.7,73.6,X, ,X,높음
9/23/2022,구미(279),X,26,27.6,18.8,14.4,65,X, ,X,높음
9/23/2022,영천(281),X,26.2,27.6,19.4,13.6,67.6,X, ,X,높음
9/23/2022,경주시(283),X,27.3,28.3,20.7,14.3,67,X, ,X,높음
9/23/2022,거창(284),X,24.9,25.7,17.3,10.7,71.6,X, ,X,높음
9/23/2022,합천(285),X,26,27.8,19.4,13,64.5,X, ,X,높음
9/23/2022,밀양(288),X,27.2,28.8,20.9,15.3,60.1,X, ,X,높음
9/23/2022,산청(289),X,25.6,26.3,18.7,12.7,66.9,X, ,X,높음
9/23/2022,거제(294),X,25.9,26.1,21,17.5,71.9,X, ,X,높음
9/23/2022,남해(295),X,26.1,27.3,20.7,14.7,65.3,X, ,X,높음
9/23/2022,부천(433),X,21.7,21.1,17.4,14.5,63,X, ,X,보통
9/23/2022,안양(434),X,17,21.6,17.8,15.8,,X, ,X,보통
9/23/2022,광명(437),X,22.8,22.4,18.4,15.9,61,O, ,X,보통
9/23/2022,군포(438),X,22.3,21.8,17.4,15.3,64,X, ,X,보통
9/23/2022,김포(441),X,,22.2,17.3,13.5,,X, ,X,높음
9/23/2022,하남(444),X,23,,,,,X, ,X,보통
9/23/2022,의왕(445),X,21,20.2,15,11.8,71,X, ,X,보통
9/23/2022,포천(504),X,22.4,21.9,15.4,10.4,73,X, ,X,보통
9/23/2022,가평조종(505),X,22.6,21.8,13.9,9.3,84,X, ,X,보통
9/23/2022,안성(516),X,23.8,24,16,11.1,76,X, ,X,보통
9/23/2022,간성(517),X,25.1,25.9,18.7,12.2,59,X, ,X,높음
9/23/2022,평창(526),X,23.1,24.3,15.1,10.1,67,X, ,X,높음
9/23/2022,의정부(532),X,23,21.9,15.8,11.7,83,X, ,X,보통
9/23/2022,횡성(536),X,23.9,24,15.5,10,81,X, ,X,보통
9/23/2022,고양(540),X,23.1,23.4,16.7,11.4,60,X, ,X,보통
9/23/2022,남양주(541),X,23.4,23.1,15.7,11.1,74,X, ,X,보통
9/23/2022,안산(545),X,23.4,22.5,15.4,10.8,79,X, ,X,보통
9/23/2022,경기광주(546),X,22.9,23.1,15.9,12.4,70,X, ,X,보통
9/23/2022,여주(548),X,24.1,24,16.2,11.9,74,X, ,X,보통
9/23/2022,용인(549),X,22.1,22,15.2,10.5,72,X, ,X,보통
9/23/2022,오산(550),X,23.6,23.7,16,12.5,69,X, ,X,보통
9/23/2022,평택(551),X,24.2,23.8,17.4,13,71,X, ,X,보통
9/23/2022,화천(555),X,23.2,22.6,14.8,8.6,83,X, ,X,보통
9/23/2022,양구(556),X,22.4,23.3,14.8,9.5,71,X, ,X,보통
9/23/2022,시흥(565),X,23.4,22.5,16.6,12.3,74,X, ,X,보통
9/23/2022,구리(569),X,,,,,,X, ,X,보통
9/23/2022,화성(571),X,23.7,22.9,17.2,14.6,74,X, ,X,보통
9/23/2022,성남(572),X,22.6,22.5,17.1,13.9,65,X, ,X,보통
9/23/2022,과천(590),X,23.5,22.8,16.1,12,76,X, ,X,보통
9/23/2022,양주(598),X,23.5,23.1,15.2,10.2,78,X, ,X,보통
9/23/2022,단양(601),X,24.9,25.8,16.7,11.9,74,X, ,X,높음
9/23/2022,진천(602),X,24.1,24.4,16,11.3,76,X, ,X,높음
9/23/2022,괴산(603),X,24.1,24.2,15.2,9.1,77,X, ,X,높음
9/23/2022,옥천(604),X,25.4,25.2,16.8,11.3,78,X, ,X,높음
9/23/2022,홍북(608),X,24,23.8,15.4,11.1,81,X, ,X,보통
9/23/2022,공주(612),X,24.6,24.2,15.9,11.3,76,X, ,X,높음
9/23/2022,서천(614),X,24.3,22.6,15.7,10.6,82,X, ,X,높음
9/23/2022,논산(615),X,25.2,24.2,16.3,10.7,78,X, ,X,높음
9/23/2022,당진(616),X,25.6,24.5,16.6,13,77,X, ,X,보통
9/23/2022,청양(618),X,24.1,23.6,15.2,9.9,79,X, ,X,높음
9/23/2022,음성(619),X,23.7,23.6,13.7,8.1,80,X, ,X,높음
9/23/2022,증평(623),X,24,23.5,15.8,10.8,79,X, ,X,높음
9/23/2022,태안(627),X,24,21.8,17,13.1,78,X, ,X,높음
9/23/2022,예산(628),X,23.9,23,17.1,13.3,75,X, ,X,보통
9/23/2022,아산(634),X,26.2,25.6,16.4,12.1,77,X, ,X,보통
9/23/2022,계룡(636),X,23.3,23,15,8.2,73,X, ,X,높음
9/23/2022,연천청산(652),X,,,,,,X, ,X,보통
9/23/2022,양양(670),X,25,27.1,19.4,13.6,54,X, ,X,높음
9/23/2022,무안(699),X,25.4,24.8,18.4,14.4,75,X, ,X,높음
9/23/2022,무주(701),X,23.9,23.7,16.7,10.3,73,X, ,X,높음
9/23/2022,익산(702),X,25.4,23.8,16.7,10.9,82,X, ,X,높음
9/23/2022,진안(703),X,22.8,22.6,14.9,9,83,X, ,X,높음
9/23/2022,담양(706),X,27.3,27.2,17.8,12.1,82,X, ,X,높음
9/23/2022,구례(709),X,26.2,26.1,18.2,13.5,78,X, ,X,높음
9/23/2022,나주(710),X,26.5,25.9,17.8,11.3,81,X, ,X,높음
9/23/2022,순천시(712),X,27.4,28.5,20.4,15.8,63,X, ,X,높음
9/23/2022,광양읍(713),X,26.8,28.3,20.6,15.5,59,X, ,X,높음
9/23/2022,장성(730),X,25.8,25.4,17.4,13,77,X, ,X,높음
9/23/2022,영암(731),X,26,25.8,18.1,11.5,82,X, ,X,높음
9/23/2022,보성(732),X,26.3,26.6,18.4,13.1,75,X, ,X,높음
9/23/2022,완주(734),X,25.3,24.7,16.7,10.7,82,X, ,X,높음
9/23/2022,김제(737),X,24.2,23.2,17.8,14.7,70,X, ,X,높음
9/23/2022,화순(741),X,26.1,26,18.4,13.8,72,X, ,X,높음
9/23/2022,함평(754),X,25.7,25,17.7,13.4,78,X, ,X,높음
9/23/2022,곡성(768),X,26.3,26.6,17.6,11.4,76,X, ,X,높음
9/23/2022,압해도(789),X,25.4,25.4,19.7,16.8,72,X, ,X,높음
9/23/2022,영양(801),X,24.4,25.3,17.2,11.5,71,X, ,X,높음
9/23/2022,성주(810),X,26.4,28.4,19.6,14,63,X, ,X,높음
9/23/2022,고령(812),X,26.1,28.2,19.1,12.1,68,X, ,X,높음
9/23/2022,청도(813),X,26.7,28,19.4,13.3,71,X, ,X,높음
9/23/2022,예천(815),X,24.8,25.3,17.7,12.8,70,X, ,X,높음
9/23/2022,김천(822),X,26.1,27.5,17.7,11.6,74,X, ,X,높음
9/23/2022,군위(823),X,26.2,26.7,18,11.8,77,X, ,X,높음
9/23/2022,칠곡(825),X,26.7,28.1,19.4,13.7,72,X, ,X,높음
9/23/2022,경산(827),X,26.7,28.1,20.8,15.5,62,X, ,X,높음
9/23/2022,삼척(876),X,26.4,27.8,20.1,15.2,58,X, ,X,높음
9/23/2022,속초(90),X,25.5,26.9,19.3,13.7,53,X, ,X,높음
9/23/2022,삼천포(907),X,26.8,27.8,21.3,17.1,60,X, ,X,높음
9/23/2022,고성(918),X,26.6,26.5,20.5,14.9,71,X, ,X,높음
9/23/2022,창녕(919),X,27.4,29.2,20.7,14.6,67,X, ,X,높음
9/23/2022,함안(920),X,26.4,26.9,19.2,13.2,75,X, ,X,높음
9/23/2022,북춘천(93),X,22.9,22.5,15.2,10,79.5,X, ,X,보통
9/23/2022,하동(932),X,26.4,27.5,19.9,14.7,66,X, ,X,높음
9/23/2022,철원(95),X,21.7,21.3,14.3,9.2,80.3,X, ,X,보통
9/23/2022,동두천(98),X,23.1,22.1,15.1,10.6,79.3,X, ,X,보통
9/23/2022,파주(99),X,22.8,21.5,15.2,9.8,81.5,X, ,X,높음
9/24/2022,북강릉(104),X,22.6,24.5,18.4,12.5,49.3,X, ,X,높음
9/24/2022,동해(106),X,22.2,23.2,18.2,13.8,54.4,X, ,X,높음
9/24/2022,서울(108),X,23.2,24.2,18.5,12.3,64.6,X, ,X,높음
9/24/2022,인천(112),X,22.7,23.1,18.7,13.6,63.4,X, ,X,높음
9/24/2022,원주(114),X,21.5,22.5,15.9,9.7,64,X, ,X,높음
9/24/2022,울릉도(115),X,22.5,22.6,18.3,15.7,58.4,X, ,X,높음
9/24/2022,수원(119),X,23.5,24.4,17.7,11.1,71.5,X, ,X,높음
9/24/2022,영월(121),X,21.1,22.5,15.1,8.2,70.1,X, ,X,높음
9/24/2022,충주(127),X,22.1,22.6,15.3,8.1,73.6,X, ,X,높음
9/24/2022,서산(129),X,23,23.1,17.1,9.7,73.9,X, ,X,높음
9/24/2022,울진(130),X,23.4,24.8,18.2,13.6,52.6,X, ,X,높음
9/24/2022,청주(131),X,22.1,24.2,18.5,12.6,53.8,X, ,X,높음
9/24/2022,대전(133),X,22.3,23.8,17.5,11.3,60.6,X, ,X,높음
9/24/2022,추풍령(135),X,20.9,22.3,16.2,11.1,61.6,X, ,X,높음
9/24/2022,안동(136),X,22.5,23.9,16.8,10,60.4,X, ,X,높음
9/24/2022,상주(137),X,23.3,24.6,17.9,12.5,60.3,X, ,X,높음
9/24/2022,포항(138),X,23.6,24.9,19.7,14.8,51.9,X, ,X,높음
9/24/2022,군산(140),X,23.2,22.8,17.9,11.7,75.5,X, ,X,높음
9/24/2022,대구(143),X,23.4,24.7,19.2,15.4,59.5,X, ,X,높음
9/24/2022,전주(146),X,23,24.1,18,12.5,64,X, ,X,높음
9/24/2022,울산(152),X,22.1,24.5,18.3,13.2,54.5,X, ,X,높음
9/24/2022,창원(155),X,22.8,25.3,19.3,15.1,47.1,X, ,X,높음
9/24/2022,광주(156),X,22.6,24.6,19.1,14.1,59.3,X, ,X,높음
9/24/2022,부산(159),X,24.7,25.6,20,15.7,51.6,X, ,X,높음
9/24/2022,통영(162),X,24.7,26,19.9,14.8,59,X, ,X,높음
9/24/2022,목포(165),X,21.9,22.4,18.7,15.5,66.9,X, ,X,높음
9/24/2022,여수(168),X,23.2,24.5,20.1,15.3,49.1,X, ,X,높음
9/24/2022,흑산도(169),X,23.1,22.8,19.4,17.3,72.6,X, ,X,보통
9/24/2022,완도(170),X,24,25.4,19.8,15.6,58.1,X, ,X,높음
9/24/2022,고창(172),X,22.5,23.3,17.1,11.7,70.3,X, ,X,보통
9/24/2022,제주(184),X,24.1,24.4,21.4,19,56.6,X, ,X,높음
9/24/2022,진주(192),X,23.9,25.8,19,14.2,57.1,X, ,X,높음
9/24/2022,양평(202),X,22.2,23.9,16,9.4,70.9,X, ,X,높음
9/24/2022,이천(203),X,23.4,24.8,16.4,8.5,71.8,X, ,X,높음
9/24/2022,인제(211),X,21.7,22.8,14.5,8,72.3,X, ,X,보통
9/24/2022,홍천(212),X,21.6,23.1,14.4,7.9,73.9,X, ,X,높음
9/24/2022,태백(216),X,19.7,21.2,13.5,7.8,59.8,X, ,X,높음
9/24/2022,정선군(217),X,22.2,23.5,15.2,8.5,65.4,X, ,X,높음
9/24/2022,제천(221),X,21.2,22,14.2,6.2,77.1,X, ,X,높음
9/24/2022,보은(226),X,21.5,22.4,15.5,8.8,73.1,X, ,X,높음
9/24/2022,천안(232),X,22.5,23.2,16.1,8.7,77.3,X, ,X,높음
9/24/2022,보령(235),X,23.5,23.6,18,12.1,73.6,X, ,X,높음
9/24/2022,부여(236),X,23.3,24.5,16.5,9.4,73.5,X, ,X,높음
9/24/2022,금산(238),X,21.5,23,15.6,8.9,70.4,X, ,X,높음
9/24/2022,세종(239),X,22.5,23.9,17.1,10.6,62.4,X, ,X,높음
9/24/2022,부안(243),X,23.1,23.1,18.3,12.7,72.6,X, ,X,높음
9/24/2022,임실(244),X,22.5,23.8,16.1,8.8,68.3,X, ,X,높음
9/24/2022,정읍(245),X,22.3,23.2,17.5,11.3,67.6,X, ,X,높음
9/24/2022,남원(247),X,22.1,24,16.5,8.9,63.5,X, ,X,보통
9/24/2022,장수(248),X,20.7,21.6,13.9,6.9,75,X, ,X,높음
9/24/2022,영광군(252),X,22.4,23.3,17.9,12.1,70.8,X, ,X,보통
9/24/2022,김해시(253),X,24.1,25.9,19.5,14.7,53,X, ,X,보통
9/24/2022,순창군(254),X,22.9,24.6,17.1,9.7,70.4,X, ,X,보통
9/24/2022,양산시(257),X,24.9,27.3,20.2,14.6,52.6,X, ,X,보통
9/24/2022,강진군(259),X,23.7,25.2,19.4,14.1,59.9,X, ,X,높음
9/24/2022,장흥(260),X,23.2,24.8,17.9,10.8,66.3,X, ,X,높음
9/24/2022,해남(261),X,22.8,24.4,19,14.7,63.8,X, ,X,높음
9/24/2022,고흥(262),X,23.2,24.8,17.9,12.2,62.1,X, ,X,높음
9/24/2022,의령군(263),X,24.4,26.2,17.3,9.9,67.9,X, ,X,보통
9/24/2022,함양군(264),X,23.4,25.7,17.6,10.7,54.5,X, ,X,보통
9/24/2022,진도군ASOS(268),X,22.3,22.3,19.3,16.2,64.6,X, ,X,높음
9/24/2022,봉화(271),X,20.9,22.1,15,9.1,66.4,X, ,X,높음
9/24/2022,영주(272),X,21.4,22.1,16.1,11.8,64.5,X, ,X,높음
9/24/2022,문경(273),X,21.9,22.7,16.8,11.3,61.1,X, ,X,높음
9/24/2022,청송군(276),X,22.7,23.8,15.1,7.3,73.5,X, ,X,높음
9/24/2022,영덕(277),X,23.5,24.8,17.7,11.5,57.9,X, ,X,높음
9/24/2022,의성(278),X,22.9,24.9,16,8,69.6,X, ,X,높음
9/24/2022,구미(279),X,22.9,24.8,18.4,12.6,54,X, ,X,높음
9/24/2022,영천(281),X,22.4,24.3,17.5,11.4,61.1,X, ,X,높음
9/24/2022,경주시(283),X,22.8,24.6,17.4,10.8,64,X, ,X,높음
9/24/2022,거창(284),X,22.8,24.6,16,7.8,65,X, ,X,높음
9/24/2022,합천(285),X,23.1,25.2,16.8,9.3,65.8,X, ,X,높음
9/24/2022,밀양(288),X,23,25.7,19.2,13.2,49.3,X, ,X,보통
9/24/2022,산청(289),X,23.3,24.8,17.8,12.3,61,X, ,X,보통
9/24/2022,거제(294),X,22.5,24,18.7,14.5,58.8,X, ,X,높음
9/24/2022,남해(295),X,23.5,25.3,18.8,13.4,58.5,X, ,X,높음
9/24/2022,부천(433),X,22.9,23.7,18,11.6,62,X, ,X,높음
9/24/2022,안양(434),X,20.7,23.7,18.9,14,,X, ,X,높음
9/24/2022,광명(437),X,22.7,24.4,19.2,13.9,58,O, ,X,높음
9/24/2022,군포(438),X,23,24,18.5,13.6,58,X, ,X,높음
9/24/2022,김포(441),X,,24.4,17.8,10.9,,X, ,X,높음
9/24/2022,하남(444),X,22.7,24,15.9,8.9,67,X, ,X,높음
9/24/2022,의왕(445),X,21.7,22.5,15.7,8.9,70,X, ,X,높음
9/24/2022,포천(504),X,22.7,24,15,7.5,73,X, ,X,높음
9/24/2022,가평조종(505),X,21.8,22.6,14.2,7.1,79,X, ,X,높음
9/24/2022,안성(516),X,23.5,25,16.7,8.9,73,X, ,X,높음
9/24/2022,간성(517),X,23.9,25.9,18.2,12,58,X, ,X,높음
9/24/2022,평창(526),X,21,22.7,13.9,7.1,66,X, ,X,높음
9/24/2022,의정부(532),X,22.7,23.2,15.9,8.9,77,X, ,X,높음
9/24/2022,횡성(536),X,23,24,14.4,7.4,80,X, ,X,높음
9/24/2022,고양(540),X,24.1,25.8,17.1,9,63,X, ,X,높음
9/24/2022,남양주(541),X,23.5,24.7,16.4,8.6,67,X, ,X,높음
9/24/2022,안산(545),X,23.8,24,15.8,7.3,81,X, ,X,높음
9/24/2022,경기광주(546),X,22.4,24.2,16.1,9,65,X, ,X,높음
9/24/2022,여주(548),X,21.5,22.7,15.4,8.1,72,X, ,X,높음
9/24/2022,용인(549),X,21.3,23,15.5,8.3,69,X, ,X,높음
9/24/2022,오산(550),X,22.5,23.9,17.5,10.5,63,X, ,X,높음
9/24/2022,평택(551),X,23.6,24.8,18.1,10.6,67,X, ,X,높음
9/24/2022,화천(555),X,23.2,24.8,14.1,7.5,81,X, ,X,높음
9/24/2022,양구(556),X,21.3,23.2,13.7,5.9,71,X, ,X,높음
9/24/2022,시흥(565),X,23.6,23.9,16.7,8.9,77,X, ,X,높음
9/24/2022,구리(569),X,,,,,,X, ,X,높음
9/24/2022,화성(571),X,23.3,23.9,18,11.8,69,X, ,X,높음
9/24/2022,성남(572),X,22.3,23.9,17.3,10.9,63,X, ,X,높음
9/24/2022,과천(590),X,22.9,24.3,16.8,9.4,74,X, ,X,높음
9/24/2022,양주(598),X,22.6,23.7,15.4,7.6,72,X, ,X,높음
9/24/2022,단양(601),X,22.3,23.2,15.9,10,72,X, ,X,높음
9/24/2022,진천(602),X,22.6,24.4,16.7,8.5,71,X, ,X,높음
9/24/2022,괴산(603),X,22.3,23.3,14.8,6.8,76,X, ,X,높음
9/24/2022,옥천(604),X,22.8,24.2,16.7,10.3,70,X, ,X,높음
9/24/2022,홍북(608),X,24.7,25.6,16.8,9.7,73,X, ,X,높음
9/24/2022,공주(612),X,22.8,24,16.3,9,70,X, ,X,높음
9/24/2022,서천(614),X,23.5,23.7,17.1,9.7,79,X, ,X,높음
9/24/2022,논산(615),X,23.1,24.9,16.8,9.4,71,X, ,X,높음
9/24/2022,당진(616),X,23,23.8,17.9,11.3,75,X, ,X,높음
9/24/2022,청양(618),X,22.7,23.5,15.4,8,76,X, ,X,높음
9/24/2022,음성(619),X,21.8,22.7,14.1,5.7,75,X, ,X,높음
9/24/2022,증평(623),X,23.3,24.3,16,8.9,75,X, ,X,높음
9/24/2022,태안(627),X,24.5,24.3,18.7,12.5,77,X, ,X,높음
9/24/2022,예산(628),X,23,24,17.7,11.4,71,X, ,X,높음
9/24/2022,아산(634),X,22.8,24.4,17.4,10.5,71,X, ,X,높음
9/24/2022,계룡(636),X,22.1,23.8,14.9,7,70,X, ,X,높음
9/24/2022,연천청산(652),X,,,,,,X, ,X,높음
9/24/2022,양양(670),X,23.4,25.5,18,13.5,54,X, ,X,높음
9/24/2022,무안(699),X,22.5,23.8,18.1,12.1,68,X, ,X,보통
9/24/2022,무주(701),X,21,22.7,15.2,8.7,72,X, ,X,높음
9/24/2022,익산(702),X,23,23.3,17.2,9.9,75,X, ,X,높음
9/24/2022,진안(703),X,21.2,22.3,14.1,7.2,74,X, ,X,높음
9/24/2022,담양(706),X,24.4,25.7,17.9,10.5,74,X, ,X,보통
9/24/2022,구례(709),X,23.7,24.8,18.2,11.6,65,X, ,X,보통
9/24/2022,나주(710),X,23.3,24.5,17.4,9.6,74,X, ,X,보통
9/24/2022,순천시(712),X,24.2,26.7,19.9,15,51,X, ,X,높음
9/24/2022,광양읍(713),X,24.6,27.3,19.4,13.4,49,X, ,X,높음
9/24/2022,장성(730),X,23.3,24.1,17.4,10.8,72,X, ,X,보통
9/24/2022,영암(731),X,23.3,24.3,17,9.9,76,X, ,X,보통
9/24/2022,보성(732),X,23.8,25.3,17.3,10.4,69,X, ,X,높음
9/24/2022,완주(734),X,23,24.2,16.4,10.1,74,X, ,X,높음
9/24/2022,김제(737),X,23.3,23.6,17.7,12.6,71,X, ,X,높음
9/24/2022,화순(741),X,22.6,24.7,17.8,10.6,63,X, ,X,높음
9/24/2022,함평(754),X,23.2,24.5,17.8,10.9,73,X, ,X,보통
9/24/2022,곡성(768),X,23.4,25.1,17,8.8,68,X, ,X,보통
9/24/2022,압해도(789),X,22.3,23.5,19.4,14.5,65,X, ,X,보통
9/24/2022,영양(801),X,21.8,23.3,14.9,7.2,72,X, ,X,높음
9/24/2022,성주(810),X,23,24.9,17.8,10.3,58,X, ,X,높음
9/24/2022,고령(812),X,22.5,24.3,16.2,8.1,70,X, ,X,높음
9/24/2022,청도(813),X,23,24.8,16.5,9.8,68,X, ,X,높음
9/24/2022,예천(815),X,22.3,24,16.6,10,64,X, ,X,높음
9/24/2022,김천(822),X,22.9,24.1,17.4,11.6,64,X, ,X,높음
9/24/2022,군위(823),X,22.9,24.3,16.3,8.9,72,X, ,X,높음
9/24/2022,칠곡(825),X,23.4,25,18.2,12.1,64,X, ,X,높음
9/24/2022,경산(827),X,21.8,24.5,18.8,14.4,48,X, ,X,높음
9/24/2022,삼척(876),X,23,25.2,18.6,13.7,50,X, ,X,높음
9/24/2022,속초(90),X,24.1,26,18.9,14,47.3,X, ,X,높음
9/24/2022,삼천포(907),X,24.2,26.3,20,16,47,X, ,X,높음
9/24/2022,고성(918),X,23.5,24.6,18.1,12.3,63,X, ,X,높음
9/24/2022,창녕(919),X,23.2,24.8,17.9,11.5,63,X, ,X,보통
9/24/2022,함안(920),X,23.3,24.2,16.7,9.4,74,X, ,X,높음
9/24/2022,북춘천(93),X,22.3,23.8,14.9,6.8,71.6,X, ,X,높음
9/24/2022,하동(932),X,24.7,26.4,17.9,11.3,66,X, ,X,높음
9/24/2022,철원(95),X,21.3,22.4,14.3,6.9,73.9,X, ,X,높음
9/24/2022,동두천(98),X,22.4,23.2,15.6,8.6,70.1,X, ,X,높음
9/24/2022,파주(99),X,23,23.7,15,7.5,78.5,X, ,X,높음
9/25/2022,북강릉(104),X,23.7,23.4,17.8,14.6,69.5,X, ,X,보통
9/25/2022,동해(106),X,22.6,22.1,17.7,13,74.3,X, ,X,보통
9/25/2022,서울(108),X,24.1,25.2,19.6,15.4,63.3,X, ,X,보통
9/25/2022,인천(112),X,23.7,24,20,17,67.4,X, ,X,보통
9/25/2022,원주(114),X,22,22.7,16.4,11.7,67,X, ,X,보통
9/25/2022,울릉도(115),X,22.8,21.9,18.2,15.8,75.9,X, ,X,보통
9/25/2022,수원(119),X,24,25.2,19.3,14.6,72,X, ,X,보통
9/25/2022,영월(121),X,21.7,22.1,15.2,10.7,80.4,X, ,X,보통
9/25/2022,충주(127),X,23.2,23.4,16.3,11.6,79.1,X, ,X,보통
9/25/2022,서산(129),X,24.2,25.6,17.9,14.1,79.6,X, ,X,보통
9/25/2022,울진(130),X,22.7,22.5,18.2,13.9,70.8,X, ,X,보통
9/25/2022,청주(131),X,23.2,24.6,19.6,15.5,59.1,X, ,X,보통
9/25/2022,대전(133),X,23.9,24.8,18.5,14.4,66.9,X, ,X,보통
9/25/2022,추풍령(135),X,22.3,22.2,16.4,12,74.3,X, ,X,보통
9/25/2022,안동(136),X,22.5,22.5,17.1,12.6,74.1,X, ,X,보통
9/25/2022,상주(137),X,23.2,22.8,17.2,12.8,78.4,X, ,X,보통
9/25/2022,포항(138),X,22.8,22.1,19.4,16.4,67.3,X, ,X,보통
9/25/2022,군산(140),X,23.6,23.8,18.7,12.9,74.5,X, ,X,보통
9/25/2022,대구(143),X,23.4,22.9,18.6,14.5,77.8,X, ,X,보통
9/25/2022,전주(146),X,24,24.4,19.4,14.9,65.5,X, ,X,보통
9/25/2022,울산(152),X,22.8,22.1,18.5,15.2,72.5,X, ,X,보통
9/25/2022,창원(155),X,21.7,21.3,19,15.9,62.5,X, ,X,보통
9/25/2022,광주(156),X,24.3,25.3,20,16.7,64.3,X, ,X,보통
9/25/2022,부산(159),X,23.3,22.6,20.3,18.5,64.6,X, ,X,보통
9/25/2022,통영(162),X,23.2,22,19.8,18.1,73.5,X, ,X,보통
9/25/2022,목포(165),X,24,23.9,19.8,17.3,71,X, ,X,보통
9/25/2022,여수(168),X,21.7,21.4,20.3,19.4,58.3,X, ,X,보통
9/25/2022,흑산도(169),X,24.5,23.5,19.9,18.2,81.3,X, ,X,보통
9/25/2022,완도(170),X,23.4,22.6,19.8,16.6,71.9,X, ,X,보통
9/25/2022,고창(172),X,23.9,24.7,18.4,14.9,75,X, ,X,보통
9/25/2022,제주(184),X,26.1,25.4,22.4,20.2,72,X, ,X,보통
9/25/2022,진주(192),X,22.5,22.3,17.6,13.6,77.4,X, ,X,보통
9/25/2022,양평(202),X,23.1,24.5,17,12.2,73.3,X, ,X,보통
9/25/2022,이천(203),X,23,23.9,16.6,11,77.1,X, ,X,보통
9/25/2022,인제(211),X,22.7,23.7,14.8,9.8,76.9,X, ,X,보통
9/25/2022,홍천(212),X,22.2,23.4,15.6,10,74.4,X, ,X,보통
9/25/2022,태백(216),X,19.5,19.9,12.7,7.5,78.4,X, ,X,보통
9/25/2022,정선군(217),X,22.2,22.5,14.7,10,75.6,X, ,X,보통
9/25/2022,제천(221),X,22.2,22.8,14.5,9.4,82.5,X, ,X,보통
9/25/2022,보은(226),X,22.8,23.1,16.5,12.3,78.6,X, ,X,보통
9/25/2022,천안(232),X,23,24.1,16.9,12.9,81.4,X, ,X,보통
9/25/2022,보령(235),X,24.3,24.8,18.5,15,76.3,X, ,X,보통
9/25/2022,부여(236),X,24,24.6,18.3,13.9,74.3,X, ,X,보통
9/25/2022,금산(238),X,23.2,23.4,16.8,12.2,77.5,X, ,X,보통
9/25/2022,세종(239),X,23.8,24.8,17.9,14,66.9,X, ,X,보통
9/25/2022,부안(243),X,23.4,23.3,18.8,15.4,76.1,X, ,X,보통
9/25/2022,임실(244),X,23.3,23.8,17.1,13.1,75.1,X, ,X,보통
9/25/2022,정읍(245),X,23.7,24.1,18.3,14.5,74.6,X, ,X,보통
9/25/2022,남원(247),X,22.8,23.7,17.5,13.1,70.6,X, ,X,보통
9/25/2022,장수(248),X,22.2,22.6,15.8,10.8,77.6,X, ,X,보통
9/25/2022,영광군(252),X,24.4,24.6,18.9,15.3,77.5,X, ,X,보통
9/25/2022,김해시(253),X,23,22,18.7,15.8,73,X, ,X,보통
9/25/2022,순창군(254),X,24,24.4,18,14.2,75.9,X, ,X,보통
9/25/2022,양산시(257),X,24,23.7,19.9,16.3,71.1,X, ,X,보통
9/25/2022,강진군(259),X,23.5,22.8,18.8,15.3,79.4,X, ,X,보통
9/25/2022,장흥(260),X,23,22.3,18.1,14.7,84.1,X, ,X,보통
9/25/2022,해남(261),X,23.7,22.7,18.3,14.5,85.9,X, ,X,보통
9/25/2022,고흥(262),X,21.6,21,17.4,14.3,78,X, ,X,보통
9/25/2022,의령군(263),X,22.9,21.9,17.4,13.1,80.1,X, ,X,보통
9/25/2022,함양군(264),X,23.3,24,16.8,12,69.5,X, ,X,보통
9/25/2022,진도군ASOS(268),X,23.5,22.8,19.2,16.8,77.8,X, ,X,보통
9/25/2022,봉화(271),X,21.3,21,14.7,9.9,81.8,X, ,X,보통
9/25/2022,영주(272),X,22.9,23.3,15.6,11.1,81,X, ,X,보통
9/25/2022,문경(273),X,22.7,22.6,16.2,12,79,X, ,X,보통
9/25/2022,청송군(276),X,23.5,22.9,15.6,10.3,86.9,X, ,X,보통
9/25/2022,영덕(277),X,23.6,23.2,17.4,13.4,77.9,X, ,X,보통
9/25/2022,의성(278),X,23,23,16.7,12,79.9,X, ,X,보통
9/25/2022,구미(279),X,22.8,23.1,18,14.3,70.1,X, ,X,보통
9/25/2022,영천(281),X,22.3,21.9,17.1,12.3,78.4,X, ,X,보통
9/25/2022,경주시(283),X,23,22.2,17.2,12.4,81.1,X, ,X,보통
9/25/2022,거창(284),X,23.6,24,16.6,11.7,76.6,X, ,X,보통
9/25/2022,합천(285),X,22.9,22.9,17.2,13.2,76.4,X, ,X,보통
9/25/2022,밀양(288),X,22.6,22.3,18.4,14.5,68.4,X, ,X,보통
9/25/2022,산청(289),X,23.1,22.7,16.4,12.5,80.5,X, ,X,보통
9/25/2022,거제(294),X,22.6,22.1,19,16,74.1,X, ,X,보통
9/25/2022,남해(295),X,22.1,21.5,18.9,16.5,70.6,X, ,X,보통
9/25/2022,부천(433),X,23.6,25.2,19.3,15.1,63,X, ,X,보통
9/25/2022,안양(434),X,19.6,25.1,20.1,16.3,,X, ,X,보통
9/25/2022,광명(437),X,23.9,25.5,20.8,17.2,58,O, ,X,보통
9/25/2022,군포(438),X,24,25.5,19.6,15.5,62,X, ,X,보통
9/25/2022,김포(441),X,,25.4,18.7,14.1,,X, ,X,보통
9/25/2022,하남(444),X,23.2,24.4,17.2,12.4,68,X, ,X,보통
9/25/2022,의왕(445),X,22.6,23.5,16.9,12.1,73,X, ,X,보통
9/25/2022,포천(504),X,24.4,25.5,16.3,9.7,72,X, ,X,보통
9/25/2022,가평조종(505),X,23.3,24.3,15.2,8.8,79,X, ,X,보통
9/25/2022,안성(516),X,23.9,25.1,17.5,12.7,77,X, ,X,보통
9/25/2022,간성(517),X,23.2,22.6,16.5,11.4,82,X, ,X,보통
9/25/2022,평창(526),X,21.5,22.9,14.5,9.3,73,X, ,X,보통
9/25/2022,의정부(532),X,24.2,24.5,17.1,11.9,79,X, ,X,보통
9/25/2022,횡성(536),X,23,23.9,15.5,9.7,83,X, ,X,보통
9/25/2022,고양(540),X,25,26.9,18.4,12.2,58,X, ,X,보통
9/25/2022,남양주(541),X,24.3,25.6,17.5,12,68,X, ,X,보통
9/25/2022,안산(545),X,24.6,25.7,17.3,11.8,81,X, ,X,보통
9/25/2022,경기광주(546),X,22.9,23.9,16.9,12.5,70,X, ,X,보통
9/25/2022,여주(548),X,22,22.1,16,11,75,X, ,X,보통
9/25/2022,용인(549),X,22.2,23.4,16.4,11.7,74,X, ,X,보통
9/25/2022,오산(550),X,23.3,25,18.4,13.7,69,X, ,X,보통
9/25/2022,평택(551),X,24.7,26.7,18.6,13.9,75,X, ,X,보통
9/25/2022,화천(555),X,24.4,24.7,15,8.9,86,X, ,X,보통
9/25/2022,양구(556),X,22.7,24.2,14.5,8.6,75,X, ,X,보통
9/25/2022,시흥(565),X,24.5,25.7,18.3,13.5,76,X, ,X,보통
9/25/2022,구리(569),X,,,,,,X, ,X,보통
9/25/2022,화성(571),X,24.4,25.5,19.2,15.3,73,X, ,X,보통
9/25/2022,성남(572),X,23.2,24.6,18.8,13.6,64,X, ,X,보통
9/25/2022,과천(590),X,24.4,25.7,18,13.2,75,X, ,X,보통
9/25/2022,양주(598),X,23,24.7,16.4,10.4,73,X, ,X,보통
9/25/2022,단양(601),X,22.7,22.8,16.1,12,79,X, ,X,보통
9/25/2022,진천(602),X,23.4,24.8,17.3,12.8,76,X, ,X,보통
9/25/2022,괴산(603),X,24,24.7,15.9,11.4,81,X, ,X,보통
9/25/2022,옥천(604),X,24.2,24.6,17.7,13.2,78,X, ,X,보통
9/25/2022,홍북(608),X,24,24.9,17.4,12.7,79,X, ,X,보통
9/25/2022,공주(612),X,24.7,25.2,17.3,12.8,75,X, ,X,보통
9/25/2022,서천(614),X,24.2,23.7,17.8,14.2,82,X, ,X,보통
9/25/2022,논산(615),X,24,24.8,18.1,13.6,76,X, ,X,보통
9/25/2022,당진(616),X,24,25.2,18.5,14.6,80,X, ,X,보통
9/25/2022,청양(618),X,23.4,24.5,16.6,12,81,X, ,X,보통
9/25/2022,음성(619),X,22.1,22.6,14.9,10.7,80,X, ,X,보통
9/25/2022,증평(623),X,23.7,24.4,17.2,13.2,77,X, ,X,보통
9/25/2022,태안(627),X,25.9,26.5,18.7,15.7,80,X, ,X,보통
9/25/2022,예산(628),X,24.2,24.8,18.4,14.2,76,X, ,X,보통
9/25/2022,아산(634),X,24.4,24.9,18.3,13.7,74,X, ,X,보통
9/25/2022,계룡(636),X,23.4,23.7,16.1,11.7,75,X, ,X,보통
9/25/2022,연천청산(652),X,,,,,,X, ,X,보통
9/25/2022,양양(670),X,22.9,22.1,17.4,12.5,70,X, ,X,보통
9/25/2022,무안(699),X,24.2,24.7,18.9,15.2,73,X, ,X,보통
9/25/2022,무주(701),X,22.9,23.4,16.9,12.2,74,X, ,X,보통
9/25/2022,익산(702),X,24.4,24.3,17.9,13.8,84,X, ,X,보통
9/25/2022,진안(703),X,22.6,22.9,16.1,11.5,77,X, ,X,보통
9/25/2022,담양(706),X,25.7,25.6,19.1,15.1,80,X, ,X,보통
9/25/2022,구례(709),X,23.6,23.6,17.2,13.1,85,X, ,X,보통
9/25/2022,나주(710),X,24,23.9,18.8,14.9,79,X, ,X,보통
9/25/2022,순천시(712),X,22.9,23.1,19.2,15.7,70,X, ,X,보통
9/25/2022,광양읍(713),X,22.7,23.5,18.8,15.3,65,X, ,X,보통
9/25/2022,장성(730),X,24.2,24.8,18.5,14.9,75,X, ,X,보통
9/25/2022,영암(731),X,24.8,24.6,18.4,14.5,84,X, ,X,보통
9/25/2022,보성(732),X,23,22.3,17.5,13.7,83,X, ,X,보통
9/25/2022,완주(734),X,24,24.3,17.6,14,79,X, ,X,보통
9/25/2022,김제(737),X,24,23.9,18.6,14.5,74,X, ,X,보통
9/25/2022,화순(741),X,24.2,24.4,18.3,14.2,75,X, ,X,보통
9/25/2022,함평(754),X,25,25.5,19.1,15,76,X, ,X,보통
9/25/2022,곡성(768),X,24.1,24.7,17.4,13.3,78,X, ,X,보통
9/25/2022,압해도(789),X,24.4,25.5,19.9,17.4,74,X, ,X,보통
9/25/2022,영양(801),X,23,22.8,15.7,11,83,X, ,X,보통
9/25/2022,성주(810),X,23.6,24.5,18.1,13.8,71,X, ,X,보통
9/25/2022,고령(812),X,22.9,23.1,16.7,12.4,81,X, ,X,보통
9/25/2022,청도(813),X,22.9,22.3,16.5,12.1,83,X, ,X,보통
9/25/2022,예천(815),X,22.9,23.5,16.8,12.1,75,X, ,X,보통
9/25/2022,김천(822),X,23.5,23.1,16.7,11.7,82,X, ,X,보통
9/25/2022,군위(823),X,23.6,23,16.7,12.3,84,X, ,X,보통
9/25/2022,칠곡(825),X,23.9,24,18.5,14.5,77,X, ,X,보통
9/25/2022,경산(827),X,23.2,23.3,18,13.9,71,X, ,X,보통
9/25/2022,삼척(876),X,23.6,23.2,18.2,14.4,69,X, ,X,보통
9/25/2022,속초(90),X,23.2,22.8,18,13.1,66.3,X, ,X,보통
9/25/2022,삼천포(907),X,22.7,22.4,19.3,16.5,63,X, ,X,보통
9/25/2022,고성(918),X,22.4,21.4,17.9,14.4,79,X, ,X,보통
9/25/2022,창녕(919),X,23.3,22.8,17.9,14.1,79,X, ,X,보통
9/25/2022,함안(920),X,22.5,21.3,16.6,12.9,87,X, ,X,보통
9/25/2022,북춘천(93),X,22.6,23.6,15.4,9.5,78.9,X, ,X,보통
9/25/2022,하동(932),X,23.1,22.8,18.2,14.6,76,X, ,X,보통
9/25/2022,철원(95),X,22.3,23.4,15.1,8.6,74.3,X, ,X,보통
9/25/2022,동두천(98),X,24.2,24.4,16.3,10.5,72.9,X, ,X,보통
9/25/2022,파주(99),X,23.2,23.6,15.6,10,81.3,X, ,X,보통
9/26/2022,북강릉(104),X,23.9,24.2,18.2,14.8,70.4,X, ,X,보통
9/26/2022,동해(106),X,24.5,24.5,18.5,14.1,76.4,X, ,X,보통
9/26/2022,서울(108),X,24,25.4,20,14.8,58.5,X, ,X,보통
9/26/2022,인천(112),X,23.4,24.5,19.8,16.6,63.8,X, ,X,보통
9/26/2022,원주(114),X,22.8,24.1,17.6,12.8,66.3,X, ,X,보통
9/26/2022,울릉도(115),X,24.1,22.5,19,16.5,83.5,X, ,X,보통
9/26/2022,수원(119),X,24.4,26.6,19.4,14.2,64.6,X, ,X,보통
9/26/2022,영월(121),X,24.1,25.9,17.1,12.4,77.1,X, ,X,보통
9/26/2022,충주(127),X,24.3,25.3,16.9,11.8,75.6,X, ,X,보통
9/26/2022,서산(129),X,24.5,25.6,18.4,13.1,70.4,X, ,X,보통
9/26/2022,울진(130),X,23.9,23.1,18.4,14.3,76.1,X, ,X,보통
9/26/2022,청주(131),X,24,25.9,20,15.3,55.4,X, ,X,보통
9/26/2022,대전(133),X,24.4,25.8,18.7,14.9,67.6,X, ,X,보통
9/26/2022,추풍령(135),X,22.1,21.7,16.5,13.1,77.8,X, ,X,보통
9/26/2022,안동(136),X,22.7,22.2,17.1,13.3,80.4,X, ,X,보통
9/26/2022,상주(137),X,23.4,23.2,17.5,13.3,82.1,X, ,X,보통
9/26/2022,포항(138),X,23,22.2,19.5,16.9,74.6,X, ,X,보통
9/26/2022,군산(140),X,24.6,25,18.8,15.6,80.1,X, ,X,보통
9/26/2022,대구(143),X,23.3,21.9,18.5,15.5,88,X, ,X,보통
9/26/2022,전주(146),X,24.4,24.7,19.5,16,70.5,X, ,X,보통
9/26/2022,울산(152),X,22.7,21.4,18.8,16.3,80.9,X, ,X,보통
9/26/2022,창원(155),X,22.3,21.6,18.9,16.8,71.4,X, ,X,보통
9/26/2022,광주(156),X,23.4,23.5,19.8,17.1,71.8,X, ,X,보통
9/26/2022,부산(159),X,24.9,24.2,20.5,18.8,74.8,X, ,X,보통
9/26/2022,통영(162),X,24.3,23.1,19.7,17.3,83.8,X, ,X,보통
9/26/2022,목포(165),X,23.1,22.6,19.7,17.7,74,X, ,X,보통
9/26/2022,여수(168),X,22.4,22.1,20.4,18.9,65.5,X, ,X,보통
9/26/2022,흑산도(169),X,24.2,22.6,19.2,17.8,86.9,X, ,X,보통
9/26/2022,완도(170),X,24,23,19.8,17.1,78.6,X, ,X,보통
9/26/2022,고창(172),X,23.1,22.8,18.2,14.8,78.1,X, ,X,보통
9/26/2022,제주(184),X,26.6,26.4,22.7,20.6,69,X, ,X,높음
9/26/2022,진주(192),X,23.3,22.6,18.2,14.8,83.4,X, ,X,보통
9/26/2022,양평(202),X,23.8,25.3,17.3,12.6,73.4,X, ,X,보통
9/26/2022,이천(203),X,24.6,26.3,17.2,11.9,76.5,X, ,X,보통
9/26/2022,인제(211),X,23.3,24.4,15.6,10.6,77.3,X, ,X,높음
9/26/2022,홍천(212),X,23.3,24.5,16,11,76.3,X, ,X,보통
9/26/2022,태백(216),X,22.1,23.8,13.8,7.3,77,X, ,X,보통
9/26/2022,정선군(217),X,24.7,25.6,16.1,11.7,75.6,X, ,X,보통
9/26/2022,제천(221),X,24.3,25.2,15.7,10,83.4,X, ,X,보통
9/26/2022,보은(226),X,23.9,24.2,16.2,11.9,81.5,X, ,X,보통
9/26/2022,천안(232),X,24.5,25.5,17.2,12.6,78.4,X, ,X,보통
9/26/2022,보령(235),X,24.6,25.1,18.9,14.8,71.5,X, ,X,보통
9/26/2022,부여(236),X,25.2,26.4,18.5,14.4,74.6,X, ,X,보통
9/26/2022,금산(238),X,23.2,23.6,16.9,13.2,81.3,X, ,X,보통
9/26/2022,세종(239),X,24.7,25.6,18.7,14.5,65.8,X, ,X,보통
9/26/2022,부안(243),X,24.4,24.1,18.9,15.3,80.3,X, ,X,보통
9/26/2022,임실(244),X,22.8,22,17,13.5,84.5,X, ,X,보통
9/26/2022,정읍(245),X,23.5,23.3,18.2,14.5,76.6,X, ,X,보통
9/26/2022,남원(247),X,22.2,21.5,17.3,13.8,79.3,X, ,X,보통
9/26/2022,장수(248),X,21,20,15.2,11.8,87.5,X, ,X,보통
9/26/2022,영광군(252),X,23.6,23.3,18.5,15.3,81,X, ,X,보통
9/26/2022,김해시(253),X,23.5,21.8,19.1,16.8,80.5,X, ,X,보통
9/26/2022,순창군(254),X,23.4,22.7,17.9,14.5,84,X, ,X,보통
9/26/2022,양산시(257),X,24.3,23.3,20,17.3,77.4,X, ,X,보통
9/26/2022,강진군(259),X,24.8,24.3,19,16.1,84,X, ,X,보통
9/26/2022,장흥(260),X,23.8,23.3,18.5,15.4,89.4,X, ,X,보통
9/26/2022,해남(261),X,23.9,22.6,18.3,15.4,91.3,X, ,X,보통
9/26/2022,고흥(262),X,23.1,22.7,17.9,14.8,84,X, ,X,보통
9/26/2022,의령군(263),X,23,22.2,17.5,14.3,85.1,X, ,X,보통
9/26/2022,함양군(264),X,21.6,21.5,16.6,13,74.9,X, ,X,보통
9/26/2022,진도군ASOS(268),X,23.4,22.2,18.4,15.2,87.8,X, ,X,보통
9/26/2022,봉화(271),X,22,22.2,15,9.9,83.4,X, ,X,보통
9/26/2022,영주(272),X,23.3,23.1,15.7,10.8,84.9,X, ,X,보통
9/26/2022,문경(273),X,24.4,23.7,16.5,12,86.3,X, ,X,보통
9/26/2022,청송군(276),X,22.8,21.3,15.9,12.7,91.1,X, ,X,보통
9/26/2022,영덕(277),X,23.1,22.2,17.7,14,81.6,X, ,X,보통
9/26/2022,의성(278),X,22.5,21.6,16.5,12.8,87.3,X, ,X,보통
9/26/2022,구미(279),X,22,21.5,17.4,14.9,78.5,X, ,X,보통
9/26/2022,영천(281),X,22,21.1,17.1,13.7,85.9,X, ,X,보통
9/26/2022,경주시(283),X,22.8,21.7,17.7,14.3,85.3,X, ,X,보통
9/26/2022,거창(284),X,21.3,20.7,16,12.9,85.5,X, ,X,보통
9/26/2022,합천(285),X,22.3,21.1,17.3,13.9,84.1,X, ,X,보통
9/26/2022,밀양(288),X,22.8,22.3,18.5,15.4,77,X, ,X,보통
9/26/2022,산청(289),X,21.8,20.6,16.4,13.5,87.4,X, ,X,보통
9/26/2022,거제(294),X,23.5,22.5,19.3,16.6,81.4,X, ,X,보통
9/26/2022,남해(295),X,22.4,21.3,18.9,16.6,78.1,X, ,X,보통
9/26/2022,부천(433),X,23.4,25.9,19.3,14.8,60,X, ,X,보통
9/26/2022,안양(434),X,,25.8,20,16.3,,X, ,X,보통
9/26/2022,광명(437),X,23.5,26.1,21.3,17.6,52,O, ,X,보통
9/26/2022,군포(438),X,23.5,26.1,19.8,15.7,56,X, ,X,보통
9/26/2022,김포(441),X,,26,18.7,13.3,,X, ,X,보통
9/26/2022,하남(444),X,23.5,25.2,16.8,11.6,67,X, ,X,보통
9/26/2022,의왕(445),X,22.5,24.4,17.2,11.5,65,X, ,X,보통
9/26/2022,포천(504),X,24.6,25.9,16,9.7,74,X, ,X,높음
9/26/2022,가평조종(505),X,23.6,24.8,15.3,8.7,80,X, ,X,높음
9/26/2022,안성(516),X,24.3,25.6,18,13.2,75,X, ,X,보통
9/26/2022,간성(517),X,24.2,23.5,16.9,11.2,84,X, ,X,높음
9/26/2022,평창(526),X,24.2,26.1,15.8,9.8,72,X, ,X,보통
9/26/2022,의정부(532),X,24.4,24.8,17.1,11.5,79,X, ,X,높음
9/26/2022,횡성(536),X,16.3,,,,,X, ,X,보통
9/26/2022,고양(540),X,24.6,27.4,17.9,11.7,53,X, ,X,보통
9/26/2022,남양주(541),X,24.5,25.9,17.7,11.6,67,X, ,X,보통
9/26/2022,안산(545),X,25,26.1,16.8,11.6,79,X, ,X,보통
9/26/2022,경기광주(546),X,23.3,25.5,17.1,12.4,65,X, ,X,보통
9/26/2022,여주(548),X,23,23.4,16.2,12,78,X, ,X,보통
9/26/2022,용인(549),X,22.8,24.7,16.7,11.8,70,X, ,X,보통
9/26/2022,오산(550),X,24.9,26.4,18.4,14,62,X, ,X,보통
9/26/2022,평택(551),X,25.6,26.8,19,14.2,71,X, ,X,보통
9/26/2022,화천(555),X,24.6,25.5,15.7,10.6,88,X, ,X,높음
9/26/2022,양구(556),X,23.5,24.9,15,10.3,78,X, ,X,높음
9/26/2022,시흥(565),X,24.2,26.7,18.2,12.6,71,X, ,X,보통
9/26/2022,구리(569),X,,,,,,X, ,X,보통
9/26/2022,화성(571),X,24.7,26.2,19.4,14.9,66,X, ,X,보통
9/26/2022,성남(572),X,23.3,25.5,18.4,13.6,60,X, ,X,보통
9/26/2022,과천(590),X,24.1,26.4,17.6,12.3,73,X, ,X,보통
9/26/2022,양주(598),X,23.7,25.5,16.7,9.9,74,X, ,X,높음
9/26/2022,단양(601),X,23.9,24.6,16.7,12.3,77,X, ,X,보통
9/26/2022,진천(602),X,24.5,26.5,17.3,12.6,76,X, ,X,보통
9/26/2022,괴산(603),X,24.8,25.8,16.1,11,79,X, ,X,보통
9/26/2022,옥천(604),X,24.4,24.6,17.8,14.2,84,X, ,X,보통
9/26/2022,홍북(608),X,24.3,25.8,17.4,12.3,70,X, ,X,보통
9/26/2022,공주(612),X,24.9,26,18,13.1,72,X, ,X,보통
9/26/2022,서천(614),X,24.9,25.2,17.8,13.8,86,X, ,X,보통
9/26/2022,논산(615),X,25.1,26.2,18.3,14.2,75,X, ,X,보통
9/26/2022,당진(616),X,24.2,25.7,18.5,14,75,X, ,X,보통
9/26/2022,청양(618),X,24.3,25.3,16.7,11.5,78,X, ,X,보통
9/26/2022,음성(619),X,24.4,24.9,15.1,9.9,79,X, ,X,보통
9/26/2022,증평(623),X,24.9,25.9,17.4,12.5,77,X, ,X,보통
9/26/2022,태안(627),X,25.6,26.3,20,15.1,68,X, ,X,보통
9/26/2022,예산(628),X,24.8,25.9,18.9,14.9,72,X, ,X,보통
9/26/2022,아산(634),X,24.4,25.7,18.5,13.8,70,X, ,X,보통
9/26/2022,계룡(636),X,23.6,25,16.3,11.4,74,X, ,X,보통
9/26/2022,연천청산(652),X,,,,,,X, ,X,높음
9/26/2022,양양(670),X,23.5,24.7,17.9,13.3,72,X, ,X,높음
9/26/2022,무안(699),X,25.2,25.1,19,15.6,79,X, ,X,보통
9/26/2022,무주(701),X,22.5,22.2,16.3,13.3,80,X, ,X,보통
9/26/2022,익산(702),X,25.1,25.1,18,14.2,86,X, ,X,보통
9/26/2022,진안(703),X,21.8,21.2,15.8,12.7,85,X, ,X,보통
9/26/2022,담양(706),X,24.6,24.4,18.7,15.3,87,X, ,X,보통
9/26/2022,구례(709),X,23.2,22.1,17.4,14.1,90,X, ,X,보통
9/26/2022,나주(710),X,24.2,23.6,18.3,14.8,87,X, ,X,보통
9/26/2022,순천시(712),X,23.6,23.8,19.3,16.5,78,X, ,X,보통
9/26/2022,광양읍(713),X,24,24.2,19.1,15.7,71,X, ,X,보통
9/26/2022,장성(730),X,23.9,23.7,18.3,14.9,81,X, ,X,보통
9/26/2022,영암(731),X,24.3,23.5,18.5,15.1,88,X, ,X,보통
9/26/2022,보성(732),X,24.3,23.8,18.1,14.9,89,X, ,X,보통
9/26/2022,완주(734),X,24.7,24.7,18.2,14.2,79,X, ,X,보통
9/26/2022,김제(737),X,24.1,24.6,18.9,15.3,77,X, ,X,보통
9/26/2022,화순(741),X,24.3,23.6,18.3,14.8,81,X, ,X,보통
9/26/2022,함평(754),X,25,25,19.1,15.3,81,X, ,X,보통
9/26/2022,곡성(768),X,23.4,22.4,17,13.7,87,X, ,X,보통
9/26/2022,압해도(789),X,24.3,25,19.6,17.3,79,X, ,X,보통
9/26/2022,영양(801),X,22.5,21.5,15.9,12.1,89,X, ,X,보통
9/26/2022,성주(810),X,22.3,21.8,17.5,14.4,79,X, ,X,보통
9/26/2022,고령(812),X,22.2,21.3,16.9,13.2,88,X, ,X,보통
9/26/2022,청도(813),X,22.6,21.6,16.9,13,87,X, ,X,보통
9/26/2022,예천(815),X,23.7,23.9,16.8,12.2,81,X, ,X,보통
9/26/2022,김천(822),X,22.6,21.5,16.1,12.9,89,X, ,X,보통
9/26/2022,군위(823),X,22.4,21.3,16.5,13.5,89,X, ,X,보통
9/26/2022,칠곡(825),X,22.8,21.6,17.6,14.9,89,X, ,X,보통
9/26/2022,경산(827),X,22.5,21.8,17.9,14.8,82,X, ,X,보통
9/26/2022,삼척(876),X,25.3,25.5,19.1,15.5,68,X, ,X,보통
9/26/2022,속초(90),X,23.6,23.3,18.2,13.6,69.4,X, ,X,높음
9/26/2022,삼천포(907),X,23.4,22.7,19,16.3,72,X, ,X,보통
9/26/2022,고성(918),X,23,21.9,17.9,15.2,84,X, ,X,보통
9/26/2022,창녕(919),X,22.9,22,17.8,14.2,88,X, ,X,보통
9/26/2022,함안(920),X,22.7,21.3,17.1,14,92,X, ,X,보통
9/26/2022,북춘천(93),X,23.2,24.1,15.5,9.8,82.1,X, ,X,높음
9/26/2022,하동(932),X,23.7,23.6,18.6,15.2,80,X, ,X,보통
9/26/2022,철원(95),X,23.2,24.4,15.8,8.5,75.9,X, ,X,높음
9/26/2022,동두천(98),X,23.8,24.8,16.6,10.3,74.8,X, ,X,높음
9/26/2022,파주(99),X,24.7,24.7,16.2,9.6,82.3,X, ,X,높음
9/27/2022,북강릉(104),X,23.8,22.8,17.9,13.6,79.9,X, ,X,높음
9/27/2022,동해(106),X,24.1,23.2,17.9,14,83.1,X, ,X,높음
9/27/2022,서울(108),X,26.2,28,20.9,14,59,X, ,X,높음
9/27/2022,인천(112),X,25.9,25.8,20.4,15.9,71.8,X, ,X,높음
9/27/2022,원주(114),X,25.2,26.5,18.6,11.2,68.8,X, ,X,높음
9/27/2022,울릉도(115),X,24.5,22.5,19.4,17.3,91.1,X, ,X,보통
9/27/2022,수원(119),X,26.1,28.1,19.9,12.6,72.4,X, ,X,높음
9/27/2022,영월(121),X,26,27.4,17.8,12.4,76.6,X, ,X,높음
9/27/2022,충주(127),X,26.3,27,17.2,9.2,77.8,X, ,X,높음
9/27/2022,서산(129),X,25.4,26.9,18.7,10.8,72.4,X, ,X,높음
9/27/2022,울진(130),X,24.7,23.7,18.2,14.1,78.5,X, ,X,보통
9/27/2022,청주(131),X,26.1,27.8,20.7,13.6,57.3,X, ,X,높음
9/27/2022,대전(133),X,26.4,28.1,19.4,12.8,66.9,X, ,X,높음
9/27/2022,추풍령(135),X,23.2,24.3,17.1,11,75.1,X, ,X,높음
9/27/2022,안동(136),X,25.3,26.2,19.1,14.2,73.1,X, ,X,보통
9/27/2022,상주(137),X,25.8,26.2,18.1,13.4,82.6,X, ,X,높음
9/27/2022,포항(138),X,25.3,24.2,20.5,18.2,76.3,X, ,X,보통
9/27/2022,군산(140),X,25.4,25.9,19,12.7,78.4,X, ,X,높음
9/27/2022,대구(143),X,26.5,26.4,20.3,16.6,81.8,X, ,X,보통
9/27/2022,전주(146),X,26.9,28,20.6,14.3,68.8,X, ,X,높음
9/27/2022,울산(152),X,25.8,25.1,20.1,17,83.1,X, ,X,보통
9/27/2022,창원(155),X,26.3,26.6,21.1,17.1,70,X, ,X,보통
9/27/2022,광주(156),X,26.9,28.6,21.7,15.9,68.5,X, ,X,높음
9/27/2022,부산(159),X,27.1,26.6,21.6,19.1,76.3,X, ,X,보통
9/27/2022,통영(162),X,28,27,21,18,84.1,X, ,X,보통
9/27/2022,목포(165),X,24.8,24.9,20.4,16.9,75.3,X, ,X,높음
9/27/2022,여수(168),X,25.4,25.8,21.9,19.1,63.1,X, ,X,높음
9/27/2022,흑산도(169),X,24.9,23.5,19.3,17.3,85.8,X, ,X,높음
9/27/2022,완도(170),X,26.4,26.8,21.2,17.1,71.8,X, ,X,높음
9/27/2022,고창(172),X,26.1,26.6,18.7,12,76.6,X, ,X,높음
9/27/2022,제주(184),X,26.8,25.8,22.7,19.5,71.3,X, ,X,높음
9/27/2022,진주(192),X,26.5,27.5,19.7,15.1,74,X, ,X,높음
9/27/2022,양평(202),X,24.9,26.8,17.7,11,76,X, ,X,높음
9/27/2022,이천(203),X,26.3,27.3,17.7,9.9,76.9,X, ,X,높음
9/27/2022,인제(211),X,25.8,27.5,16.8,10.9,76.1,X, ,X,높음
9/27/2022,홍천(212),X,25.3,26.6,16.8,11.1,78.3,X, ,X,높음
9/27/2022,태백(216),X,22.4,22,13.7,8.2,83.3,X, ,X,높음
9/27/2022,정선군(217),X,26.5,27.8,17.7,12.6,71.6,X, ,X,높음
9/27/2022,제천(221),X,25.2,26.7,16.1,8.4,79,X, ,X,높음
9/27/2022,보은(226),X,24.3,25.4,17,9.6,77.6,X, ,X,높음
9/27/2022,천안(232),X,25.7,26.6,17.5,9.5,78.5,X, ,X,높음
9/27/2022,보령(235),X,25.7,25.6,18.7,12.4,76.8,X, ,X,높음
9/27/2022,부여(236),X,26.1,27.2,18.4,11,73.8,X, ,X,높음
9/27/2022,금산(238),X,25.7,27.3,17.6,11.9,75.1,X, ,X,높음
9/27/2022,세종(239),X,26,27.5,19,12.1,65.6,X, ,X,높음
9/27/2022,부안(243),X,25.8,26.2,18.5,12.6,80.4,X, ,X,높음
9/27/2022,임실(244),X,25.3,27.1,18.3,11.7,75.9,X, ,X,높음
9/27/2022,정읍(245),X,25.7,26.5,18.9,13,75,X, ,X,높음
9/27/2022,남원(247),X,26,27.6,19.5,12.7,65.5,X, ,X,높음
9/27/2022,장수(248),X,24.8,26.4,16.5,9.5,74.6,X, ,X,높음
9/27/2022,영광군(252),X,25.8,26.1,18.6,12.3,79.4,X, ,X,높음
9/27/2022,김해시(253),X,27.8,27.4,20.8,17.1,75.1,X, ,X,보통
9/27/2022,순창군(254),X,26.4,28.4,19.5,13.7,76.6,X, ,X,높음
9/27/2022,양산시(257),X,28,27.9,21.8,17.5,74.4,X, ,X,보통
9/27/2022,강진군(259),X,27.5,28.3,20.7,14.9,76.5,X, ,X,높음
9/27/2022,장흥(260),X,26.4,26.7,20,13.9,77.9,X, ,X,높음
9/27/2022,해남(261),X,27.1,27.5,19.5,13.3,80.5,X, ,X,높음
9/27/2022,고흥(262),X,25.4,26.1,19.9,14.8,75.3,X, ,X,높음
9/27/2022,의령군(263),X,26.8,27.9,19.5,14.9,76.3,X, ,X,보통
9/27/2022,함양군(264),X,26,27.6,18.4,12.6,65.9,X, ,X,높음
9/27/2022,진도군ASOS(268),X,25.9,25.4,19.2,14.4,82.5,X, ,X,높음
9/27/2022,봉화(271),X,24.1,24.8,16.2,10.4,82.8,X, ,X,높음
9/27/2022,영주(272),X,24.7,25.7,17,10.6,78.3,X, ,X,높음
9/27/2022,문경(273),X,24.8,25.1,17.6,11.3,79.4,X, ,X,높음
9/27/2022,청송군(276),X,25.3,25.8,16.5,9.8,83,X, ,X,보통
9/27/2022,영덕(277),X,25.1,24.4,18.1,14.3,81.3,X, ,X,보통
9/27/2022,의성(278),X,26.2,27.5,17.8,12.2,79.4,X, ,X,보통
9/27/2022,구미(279),X,26,26.6,18.8,13.8,76.1,X, ,X,보통
9/27/2022,영천(281),X,25.2,25.4,18.4,13.8,81.6,X, ,X,보통
9/27/2022,경주시(283),X,25.6,24.9,18.6,15.7,86.4,X, ,X,보통
9/27/2022,거창(284),X,25.5,25.9,17.8,11.9,76.1,X, ,X,높음
9/27/2022,합천(285),X,25.6,26.5,19.2,15,77.1,X, ,X,높음
9/27/2022,밀양(288),X,26.4,27.1,20.4,16.1,70.1,X, ,X,보통
9/27/2022,산청(289),X,26.3,26.9,18.8,13.4,75.6,X, ,X,높음
9/27/2022,거제(294),X,26.2,25.6,20.3,17.4,82.4,X, ,X,보통
9/27/2022,남해(295),X,25.6,26,20.4,17.1,73.3,X, ,X,높음
9/27/2022,부천(433),X,25.5,27.7,19.9,14.2,66,X, ,X,높음
9/27/2022,안양(434),X,20.7,27.4,20.9,15.4,,X, ,X,높음
9/27/2022,광명(437),X,26,28.5,22,17,56,O, ,X,높음
9/27/2022,군포(438),X,25.9,28.3,20.3,14.5,62,X, ,X,높음
9/27/2022,김포(441),X,,27.8,19.5,12.9,,X, ,X,높음
9/27/2022,하남(444),X,25.6,26.7,17.4,10.3,72,X, ,X,높음
9/27/2022,의왕(445),X,24.2,25.5,17.1,10.2,72,X, ,X,높음
9/27/2022,포천(504),X,26.5,28.5,17,9.1,73,X, ,X,높음
9/27/2022,가평조종(505),X,25.2,26.9,15.1,7.8,82,X, ,X,높음
9/27/2022,안성(516),X,26.2,27.4,18.2,10.2,75,X, ,X,높음
9/27/2022,간성(517),X,25.5,23.6,17.3,10.8,88,X, ,X,보통
9/27/2022,평창(526),X,25.1,27.5,17,9.8,68,X, ,X,높음
9/27/2022,의정부(532),X,26.5,26.9,17.8,10.9,79,X, ,X,높음
9/27/2022,횡성(536),X,26.4,,,,,X, ,X,높음
9/27/2022,고양(540),X,27.2,29,18.8,11.1,56,X, ,X,높음
9/27/2022,남양주(541),X,26.4,28,18.3,10.1,69,X, ,X,높음
9/27/2022,안산(545),X,26.4,27.5,17.2,9.1,81,X, ,X,높음
9/27/2022,경기광주(546),X,25.1,26.3,17.6,11.8,72,X, ,X,높음
9/27/2022,여주(548),X,24.8,25.3,17.2,9.8,79,X, ,X,높음
9/27/2022,용인(549),X,24.4,26.3,16.4,9.2,76,X, ,X,높음
9/27/2022,오산(550),X,25.5,27.1,19,11.5,67,X, ,X,높음
9/27/2022,평택(551),X,26.7,28.2,19.3,11.3,73,X, ,X,높음
9/27/2022,화천(555),X,27.5,28.2,16.4,11.2,83,X, ,X,높음
9/27/2022,양구(556),X,25.8,28.2,15.9,10.8,76,X, ,X,높음
9/27/2022,시흥(565),X,26.4,27.8,18.8,11.1,77,X, ,X,높음
9/27/2022,구리(569),X,,,,,,X, ,X,높음
9/27/2022,화성(571),X,26.1,27.4,19.9,13.1,74,X, ,X,높음
9/27/2022,성남(572),X,25,26.7,18.7,11.9,67,X, ,X,높음
9/27/2022,과천(590),X,26.3,27.8,17.9,10.6,76,X, ,X,높음
9/27/2022,양주(598),X,26,27.7,17.6,9.3,76,X, ,X,높음
9/27/2022,단양(601),X,26,27.9,17.6,11.4,76,X, ,X,높음
9/27/2022,진천(602),X,27.1,28.3,17.8,9.2,77,X, ,X,높음
9/27/2022,괴산(603),X,25.9,27.5,15.7,8.1,81,X, ,X,높음
9/27/2022,옥천(604),X,26.2,27.6,18.3,13.3,81,X, ,X,높음
9/27/2022,홍북(608),X,25,26.8,18.2,10,67,X, ,X,높음
9/27/2022,공주(612),X,25.9,,,,,X, ,X,높음
9/27/2022,서천(614),X,25.5,26.7,17.5,9.9,79,X, ,X,높음
9/27/2022,논산(615),X,27,28.9,18.8,10.5,73,X, ,X,높음
9/27/2022,당진(616),X,25.4,26.3,18.7,12.6,80,X, ,X,높음
9/27/2022,청양(618),X,25.9,27.5,16.6,8.1,80,X, ,X,높음
9/27/2022,음성(619),X,25.7,26.7,15,6.6,80,X, ,X,높음
9/27/2022,증평(623),X,27,27.9,18.2,9.4,74,X, ,X,높음
9/27/2022,태안(627),X,26.6,26.9,19.1,13.7,78,X, ,X,높음
9/27/2022,예산(628),X,25.6,26.5,18.9,11.4,75,X, ,X,높음
9/27/2022,아산(634),X,25.5,26.5,18.5,11.2,76,X, ,X,높음
9/27/2022,계룡(636),X,25.8,27.6,16.6,7.9,72,X, ,X,높음
9/27/2022,연천청산(652),X,,,,,,X, ,X,높음
9/27/2022,양양(670),X,24.3,23.2,18,12.3,75,X, ,X,높음
9/27/2022,무안(699),X,25.7,25.9,19.3,14.4,79,X, ,X,높음
9/27/2022,무주(701),X,25.3,27.5,17.2,9.6,73,X, ,X,높음
9/27/2022,익산(702),X,27.3,28.1,18.5,10.7,81,X, ,X,높음
9/27/2022,진안(703),X,25,26.5,16.6,10.2,79,X, ,X,높음
9/27/2022,담양(706),X,27.6,29.5,20.5,14.3,77,X, ,X,높음
9/27/2022,구례(709),X,27.4,28,19.4,13.7,78,X, ,X,높음
9/27/2022,나주(710),X,26.7,27.8,19.7,13.2,81,X, ,X,높음
9/27/2022,순천시(712),X,26.3,27.3,21.2,16.9,69,X, ,X,높음
9/27/2022,광양읍(713),X,26.1,28.7,21.4,16.4,57,X, ,X,높음
9/27/2022,장성(730),X,27,28.1,19.5,12.8,76,X, ,X,높음
9/27/2022,영암(731),X,27.4,28.3,19.5,12.8,81,X, ,X,높음
9/27/2022,보성(732),X,26.7,27.6,19.7,14.9,78,X, ,X,높음
9/27/2022,완주(734),X,26.9,28.4,18.5,11.7,77,X, ,X,높음
9/27/2022,김제(737),X,26.4,27.2,19.6,13.8,77,X, ,X,높음
9/27/2022,화순(741),X,27.1,28.9,20.2,13.7,71,X, ,X,높음
9/27/2022,함평(754),X,27,27.2,19.5,13.5,78,X, ,X,높음
9/27/2022,곡성(768),X,27.3,29.1,19,12.8,75,X, ,X,높음
9/27/2022,압해도(789),X,25.6,26.6,20.2,16.4,75,X, ,X,높음
9/27/2022,영양(801),X,25.2,25.8,16.5,11.8,82,X, ,X,보통
9/27/2022,성주(810),X,26.2,27.7,19.1,13.8,74,X, ,X,보통
9/27/2022,고령(812),X,26.1,27.1,18.3,13.6,82,X, ,X,보통
9/27/2022,청도(813),X,26.8,26.9,18.8,13.9,80,X, ,X,보통
9/27/2022,예천(815),X,25.8,26.5,18,11.6,79,X, ,X,높음
9/27/2022,김천(822),X,26.5,26.6,17.5,11.3,84,X, ,X,높음
9/27/2022,군위(823),X,27.1,27.4,18,12.7,84,X, ,X,보통
9/27/2022,칠곡(825),X,26.6,26.9,19,14.6,85,X, ,X,보통
9/27/2022,경산(827),X,26.2,26.5,19.8,16,77,X, ,X,보통
9/27/2022,삼척(876),X,25.5,25.2,18.6,15.3,73,X, ,X,높음
9/27/2022,속초(90),X,24.8,23.8,18.2,13.7,76.5,X, ,X,보통
9/27/2022,삼천포(907),X,26.5,26.9,20.7,16.8,75,X, ,X,높음
9/27/2022,고성(918),X,26.5,26.4,19.8,15.8,82,X, ,X,높음
9/27/2022,창녕(919),X,27.1,27.8,20.7,15.7,75,X, ,X,보통
9/27/2022,함안(920),X,27.2,27.3,18.7,14.3,86,X, ,X,보통
9/27/2022,북춘천(93),X,25.6,26.9,16.9,9.5,80,X, ,X,높음
9/27/2022,하동(932),X,26.6,28.1,20.6,15.8,70,X, ,X,높음
9/27/2022,철원(95),X,25.8,27.1,16.8,8.4,76.9,X, ,X,높음
9/27/2022,동두천(98),X,26.4,27.1,18,10.3,76.5,X, ,X,높음
9/27/2022,파주(99),X,25.7,26.2,16.8,10.3,83.1,X, ,X,높음
9/28/2022,북강릉(104),X,24.3,23.6,18.3,12.1,73,X, ,X,높음
9/28/2022,동해(106),X,24.9,23.9,18,12.3,79.4,X, ,X,높음
9/28/2022,서울(108),X,25.8,26.1,20.4,16.1,71,X, ,X,보통
9/28/2022,인천(112),X,24.9,24.5,20.1,17.2,76.8,X, ,X,보통
9/28/2022,원주(114),X,24,24.7,18.1,13.2,74.3,X, ,X,보통
9/28/2022,울릉도(115),X,24.5,22.5,19.5,17.5,89.1,X, ,X,높음
9/28/2022,수원(119),X,25.8,26.1,19.9,15,78.1,X, ,X,보통
9/28/2022,영월(121),X,25,24.7,16.8,11.8,82.8,X, ,X,보통
9/28/2022,충주(127),X,25.1,25.2,17.2,12,82.3,X, ,X,보통
9/28/2022,서산(129),X,26,25.9,18.3,13.4,82.6,X, ,X,보통
9/28/2022,울진(130),X,24.8,23.7,18.5,13.1,81.3,X, ,X,보통
9/28/2022,청주(131),X,24.8,25.3,20.3,15.6,66.6,X, ,X,보통
9/28/2022,대전(133),X,25.5,25.4,19.2,14.2,73.9,X, ,X,보통
9/28/2022,추풍령(135),X,23.8,23.5,16.9,11.5,79.6,X, ,X,보통
9/28/2022,안동(136),X,23.8,23.7,17.2,12.2,79.1,X, ,X,보통
9/28/2022,상주(137),X,25,24.3,17.3,11.6,83.3,X, ,X,보통
9/28/2022,포항(138),X,25.4,24,20.5,17.1,77.3,X, ,X,보통
9/28/2022,군산(140),X,25.5,24.8,19.4,15.9,84.1,X, ,X,보통
9/28/2022,대구(143),X,26.2,26.2,19.4,14.8,81.3,X, ,X,보통
9/28/2022,전주(146),X,25.3,25.1,20.4,16.3,72.6,X, ,X,보통
9/28/2022,울산(152),X,25.8,24.7,19.9,16.7,86.8,X, ,X,보통
9/28/2022,창원(155),X,26.3,27,20.9,17.5,71.4,X, ,X,보통
9/28/2022,광주(156),X,25,25,21.1,17.3,76.8,X, ,X,높음
9/28/2022,부산(159),X,28.1,27.7,21.8,19.1,77.3,X, ,X,높음
9/28/2022,통영(162),X,27,26.4,21.4,18.3,82.3,X, ,X,높음
9/28/2022,목포(165),X,25.4,24.5,20.8,17.4,79.4,X, ,X,높음
9/28/2022,여수(168),X,25.2,24.8,21.8,19.7,70.8,X, ,X,높음
9/28/2022,흑산도(169),X,24.7,22.5,19.3,17.7,91.6,X, ,X,보통
9/28/2022,완도(170),X,26.2,25.2,21.5,17.5,77.8,X, ,X,보통
9/28/2022,고창(172),X,24.7,24.2,18.8,14.2,82.3,X, ,X,보통
9/28/2022,제주(184),X,27.5,26.1,23.2,21.1,79.1,X, ,X,보통
9/28/2022,진주(192),X,26,26.4,19.4,13.6,77.6,X, ,X,보통
9/28/2022,양평(202),X,24.6,24.6,17.6,13.2,83.3,X, ,X,보통
9/28/2022,이천(203),X,25.6,25.3,17.5,11.7,84.9,X, ,X,보통
9/28/2022,인제(211),X,24.3,24.4,15.4,9.5,82.1,X, ,X,높음
9/28/2022,홍천(212),X,23.8,23.5,16.2,11.5,83.3,X, ,X,보통
9/28/2022,태백(216),X,22.6,22.9,13.1,4.7,78.5,X, ,X,보통
9/28/2022,정선군(217),X,23.3,22.5,16.2,11.5,77.5,X, ,X,보통
9/28/2022,제천(221),X,24.2,23.8,15.5,9.9,86.6,X, ,X,보통
9/28/2022,보은(226),X,24.4,23.9,16.4,10.2,84.1,X, ,X,보통
9/28/2022,천안(232),X,25.3,25.2,17.4,11.6,84.9,X, ,X,보통
9/28/2022,보령(235),X,24.7,24,18.6,14.7,82.9,X, ,X,보통
9/28/2022,부여(236),X,25.7,25,18.1,13.2,83.6,X, ,X,보통
9/28/2022,금산(238),X,24.8,24.7,16.9,11.6,82.8,X, ,X,보통
9/28/2022,세종(239),X,25.3,25.3,18.9,14.1,76.8,X, ,X,보통
9/28/2022,부안(243),X,25.3,24.8,19.1,15,83.1,X, ,X,보통
9/28/2022,임실(244),X,24.4,24,17.6,12.7,83.5,X, ,X,보통
9/28/2022,정읍(245),X,24.7,24.5,19.4,15,77,X, ,X,보통
9/28/2022,남원(247),X,24.5,24.1,18.3,13.1,80.5,X, ,X,보통
9/28/2022,장수(248),X,23.6,23.4,15.9,10.4,86.8,X, ,X,보통
9/28/2022,영광군(252),X,24.8,24.2,19.1,14.6,82.5,X, ,X,보통
9/28/2022,김해시(253),X,27.2,26.6,21,16.7,77,X, ,X,보통
9/28/2022,순창군(254),X,25,24.7,18.6,13.8,82.3,X, ,X,보통
9/28/2022,양산시(257),X,28.2,28.4,21.5,16.4,79.9,X, ,X,보통
9/28/2022,강진군(259),X,26.8,26.2,20.8,15.9,80.6,X, ,X,높음
9/28/2022,장흥(260),X,26.1,25.8,20.1,14,83,X, ,X,높음
9/28/2022,해남(261),X,26.4,25.7,20.3,15,87,X, ,X,보통
9/28/2022,고흥(262),X,26.3,27.2,20.1,15.1,80.1,X, ,X,높음
9/28/2022,의령군(263),X,26.8,27.1,19,13.3,81.6,X, ,X,보통
9/28/2022,함양군(264),X,24.9,25.6,17.2,11.7,73.3,X, ,X,보통
9/28/2022,진도군ASOS(268),X,26.4,25.1,20.1,14.7,84.4,X, ,X,보통
9/28/2022,봉화(271),X,23.2,22.9,15.5,10.5,86.1,X, ,X,보통
9/28/2022,영주(272),X,24.8,24.1,16.2,10.1,87.1,X, ,X,보통
9/28/2022,문경(273),X,24.7,23.7,16.8,11.4,87.5,X, ,X,보통
9/28/2022,청송군(276),X,25.2,24.8,15.3,8.6,88.5,X, ,X,보통
9/28/2022,영덕(277),X,26.5,25.6,18,13.5,85.9,X, ,X,보통
9/28/2022,의성(278),X,24.7,24.9,16.5,9.9,81.8,X, ,X,보통
9/28/2022,구미(279),X,24.5,24.4,18,13.6,79.4,X, ,X,보통
9/28/2022,영천(281),X,24.6,24.2,17.3,11.9,81,X, ,X,보통
9/28/2022,경주시(283),X,26.1,25.5,19,14.1,83,X, ,X,보통
9/28/2022,거창(284),X,24.8,24.4,17.1,11.5,85,X, ,X,보통
9/28/2022,합천(285),X,24.5,24.6,17.8,13,83.3,X, ,X,높음
9/28/2022,밀양(288),X,25.7,26,19.3,14.3,73.8,X, ,X,보통
9/28/2022,산청(289),X,25.7,25.4,17.8,12.6,85.3,X, ,X,보통
9/28/2022,거제(294),X,25.5,24.9,20.3,16.5,79.9,X, ,X,높음
9/28/2022,남해(295),X,24.7,24.9,20.4,17.3,72.9,X, ,X,높음
9/28/2022,부천(433),X,25.1,25.6,19.6,15.6,73,X, ,X,보통
9/28/2022,안양(434),X,21.4,26.2,20.6,16.7,,X, ,X,보통
9/28/2022,광명(437),X,25.6,26.3,21.2,18.3,67,O, ,X,보통
9/28/2022,군포(438),X,25.4,26.3,20,15.9,70,X, ,X,보통
9/28/2022,김포(441),X,,26.1,19,13.9,,X, ,X,보통
9/28/2022,하남(444),X,24.5,24.2,17.5,12.5,79,X, ,X,보통
9/28/2022,의왕(445),X,24,24.3,17.4,12.2,79,X, ,X,보통
9/28/2022,포천(504),X,25.2,25.4,17.2,11.4,81,X, ,X,높음
9/28/2022,가평조종(505),X,25.4,24.9,15.5,9.5,89,X, ,X,보통
9/28/2022,안성(516),X,25.9,26.2,18.4,12.6,79,X, ,X,보통
9/28/2022,간성(517),X,25,23.9,17.2,11.1,86,X, ,X,높음
9/28/2022,평창(526),X,24,24.1,15.9,10,75,X, ,X,보통
9/28/2022,의정부(532),X,25.6,24.4,17.4,12.4,89,X, ,X,보통
9/28/2022,횡성(536),X,24.9,24.9,16.9,10.9,82,X, ,X,보통
9/28/2022,고양(540),X,26.7,27.3,18.6,12.8,64,X, ,X,보통
9/28/2022,남양주(541),X,25.5,25.2,17.5,11.8,79,X, ,X,보통
9/28/2022,안산(545),X,25.7,25.8,17.4,11.5,86,X, ,X,보통
9/28/2022,경기광주(546),X,24.6,25,17.3,12.6,79,X, ,X,보통
9/28/2022,여주(548),X,23.9,23.6,17.3,12,84,X, ,X,보통
9/28/2022,용인(549),X,24.3,24.5,16.9,11.8,81,X, ,X,보통
9/28/2022,오산(550),X,24.5,24.9,18.8,14,75,X, ,X,보통
9/28/2022,평택(551),X,26.8,27.3,19.6,13.4,80,X, ,X,보통
9/28/2022,화천(555),X,26.2,25.6,16.3,10.8,90,X, ,X,높음
9/28/2022,양구(556),X,24.9,25.5,15.5,10,82,X, ,X,높음
9/28/2022,시흥(565),X,26,26.2,18.4,13.3,83,X, ,X,보통
9/28/2022,구리(569),X,17.1,,,,,X, ,X,보통
9/28/2022,화성(571),X,25.8,26.2,19.6,15.6,79,X, ,X,보통
9/28/2022,성남(572),X,25,25.4,18.8,13.8,73,X, ,X,보통
9/28/2022,과천(590),X,26.5,26.7,18,12.5,83,X, ,X,보통
9/28/2022,양주(598),X,25.5,25.5,17.2,11.2,83,X, ,X,보통
9/28/2022,단양(601),X,25,25.1,17.2,12.9,84,X, ,X,보통
9/28/2022,진천(602),X,26.3,27,17.7,11.1,81,X, ,X,보통
9/28/2022,괴산(603),X,25.4,26,16,9.2,83,X, ,X,보통
9/28/2022,옥천(604),X,25.6,25.6,18,12.7,85,X, ,X,보통
9/28/2022,홍북(608),X,25.7,25.8,17.8,13.1,83,X, ,X,보통
9/28/2022,공주(612),X,25.3,24.9,17.5,11.9,85,X, ,X,보통
9/28/2022,서천(614),X,25.4,24.9,18.5,12.8,88,X, ,X,보통
9/28/2022,논산(615),X,25.7,25.4,18.5,13.1,81,X, ,X,보통
9/28/2022,당진(616),X,26.3,26.7,18.7,14.4,87,X, ,X,보통
9/28/2022,청양(618),X,25.5,24.9,16.7,11,87,X, ,X,보통
9/28/2022,음성(619),X,25.1,25.3,15.1,8.4,85,X, ,X,보통
9/28/2022,증평(623),X,25.3,25.2,17.9,12.1,81,X, ,X,보통
9/28/2022,태안(627),X,25.7,24.3,18.1,14.8,90,X, ,X,보통
9/28/2022,예산(628),X,25.9,26,18.8,13.7,82,X, ,X,보통
9/28/2022,아산(634),X,27.5,27.6,19,13.5,83,X, ,X,보통
9/28/2022,계룡(636),X,25.9,,,,,X, ,X,보통
9/28/2022,연천청산(652),X,,,,,,X, ,X,높음
9/28/2022,양양(670),X,24.1,24,19,12.6,66,X, ,X,높음
9/28/2022,무안(699),X,26,25.3,19.8,15.3,83,X, ,X,보통
9/28/2022,무주(701),X,24.5,24.8,17,11.9,81,X, ,X,보통
9/28/2022,익산(702),X,26.5,25.8,18.7,13.6,85,X, ,X,보통
9/28/2022,진안(703),X,23.5,23.2,16.1,11.1,85,X, ,X,보통
9/28/2022,담양(706),X,27.5,26.6,19.8,14.5,87,X, ,X,보통
9/28/2022,구례(709),X,26.3,25.6,18.7,13.2,88,X, ,X,보통
9/28/2022,나주(710),X,26,25.1,19.6,14.6,85,X, ,X,보통
9/28/2022,순천시(712),X,26.2,26.9,20.8,15.9,75,X, ,X,높음
9/28/2022,광양읍(713),X,26.2,27.4,21.1,15.9,66,X, ,X,높음
9/28/2022,장성(730),X,25.8,25.5,19,14.4,85,X, ,X,보통
9/28/2022,영암(731),X,26.9,25.9,19.7,14.3,86,X, ,X,보통
9/28/2022,보성(732),X,26.8,26.8,19.8,13.6,82,X, ,X,높음
9/28/2022,완주(734),X,26,25.9,18.4,13.2,84,X, ,X,보통
9/28/2022,김제(737),X,25.6,25.2,19.7,15.4,80,X, ,X,보통
9/28/2022,화순(741),X,25.9,25.6,19.6,14.4,79,X, ,X,보통
9/28/2022,함평(754),X,25.9,25.4,19.8,14.8,84,X, ,X,보통
9/28/2022,곡성(768),X,26.1,25.7,18.3,13,86,X, ,X,보통
9/28/2022,압해도(789),X,25.5,25.6,20.4,16.6,83,X, ,X,보통
9/28/2022,영양(801),X,24,23.9,15.7,10.4,85,X, ,X,보통
9/28/2022,성주(810),X,24.8,24.9,18.2,13.2,79,X, ,X,보통
9/28/2022,고령(812),X,24.6,24.4,17.2,11.9,87,X, ,X,보통
9/28/2022,청도(813),X,25.8,26.1,17.2,0,84,X, ,X,보통
9/28/2022,예천(815),X,24.4,24,17.1,11.2,83,X, ,X,보통
9/28/2022,김천(822),X,24.6,23.8,16.4,11.5,88,X, ,X,보통
9/28/2022,군위(823),X,25.1,25,16.7,11.6,88,X, ,X,보통
9/28/2022,칠곡(825),X,24.7,24.8,18.2,13.8,86,X, ,X,보통
9/28/2022,경산(827),X,24.9,25.3,18.7,14.5,76,X, ,X,보통
9/28/2022,삼척(876),X,25.6,24.6,18.9,13.7,73,X, ,X,보통
9/28/2022,속초(90),X,24.3,23.6,18.2,12.7,75.6,X, ,X,높음
9/28/2022,삼천포(907),X,25.8,25.7,20.7,17.1,76,X, ,X,보통
9/28/2022,고성(918),X,25.8,25.8,19.6,14.9,81,X, ,X,높음
9/28/2022,창녕(919),X,25.3,25.5,18.8,14.3,82,X, ,X,보통
9/28/2022,함안(920),X,25.5,24.6,18.2,12.7,89,X, ,X,보통
9/28/2022,북춘천(93),X,24.5,24.1,16.1,10.6,86.5,X, ,X,높음
9/28/2022,하동(932),X,26.6,27,19.9,14.6,80,X, ,X,보통
9/28/2022,철원(95),X,25,25,16.6,10.5,84.6,X, ,X,높음
9/28/2022,동두천(98),X,25.9,25.4,17.9,12.6,81.8,X, ,X,높음
9/28/2022,파주(99),X,25.9,25.3,17.2,11.5,88.5,X, ,X,보통
9/29/2022,북강릉(104),X,25,25.6,20.3,15.7,65.4,X, ,X,보통
9/29/2022,동해(106),X,25.3,24.7,19.3,13.9,71.8,X, ,X,높음
9/29/2022,서울(108),X,25.4,26.5,20.4,16.4,73.5,X, ,X,높음
9/29/2022,인천(112),X,24.6,23.7,19.7,16.7,80.1,X, ,X,높음
9/29/2022,원주(114),X,25.3,25.8,18.4,13.4,76.4,X, ,X,높음
9/29/2022,울릉도(115),X,27.4,26,21,18.1,84.1,X, ,X,높음
9/29/2022,수원(119),X,25.5,26.5,19.2,15.1,81.5,X, ,X,높음
9/29/2022,영월(121),X,25.6,26.2,17.6,14.2,82.3,X, ,X,높음
9/29/2022,충주(127),X,25.4,25.2,17.6,12.8,84.3,X, ,X,높음
9/29/2022,서산(129),X,25.4,26.2,17.6,13.7,83.5,X, ,X,높음
9/29/2022,울진(130),X,24.8,23.8,18.8,13.1,79.3,X, ,X,높음
9/29/2022,청주(131),X,25.2,25.6,19.9,16.5,75.6,X, ,X,높음
9/29/2022,대전(133),X,25.5,26.4,18.8,14,74.9,X, ,X,높음
9/29/2022,추풍령(135),X,24.9,26,17.8,11.3,75.8,X, ,X,높음
9/29/2022,안동(136),X,25.4,27.2,18.1,12.8,76,X, ,X,높음
9/29/2022,상주(137),X,27.1,27.5,18.3,12.1,83.1,X, ,X,높음
9/29/2022,포항(138),X,27.1,27.3,21.4,16.6,71.4,X, ,X,높음
9/29/2022,군산(140),X,24.2,23.5,17.7,14.2,84.6,X, ,X,높음
9/29/2022,대구(143),X,28,29.3,20.8,13.7,72.8,X, ,X,높음
9/29/2022,전주(146),X,25.7,25.9,19.4,15,73.9,X, ,X,높음
9/29/2022,울산(152),X,27.2,27.5,20.5,14.8,78.4,X, ,X,높음
9/29/2022,창원(155),X,26.7,27.8,21.3,16.3,68.3,X, ,X,높음
9/29/2022,광주(156),X,26.5,28.1,20.9,16.1,67.5,X, ,X,높음
9/29/2022,부산(159),X,27.4,27.2,22.6,18.6,70.6,X, ,X,높음
9/29/2022,통영(162),X,27.6,27.6,21.7,16.9,83.5,X, ,X,높음
9/29/2022,목포(165),X,24.8,24.7,19.8,16.5,77.8,X, ,X,높음
9/29/2022,여수(168),X,26.6,26.8,22.2,19.1,73.3,X, ,X,높음
9/29/2022,흑산도(169),X,24.2,22.9,18.7,16.6,87.9,X, ,X,높음
9/29/2022,완도(170),X,27.4,28,21.7,17.1,70.4,X, ,X,높음
9/29/2022,고창(172),X,24.8,25.1,17.3,13.1,81.8,X, ,X,높음
9/29/2022,제주(184),X,27.9,26.7,22.4,18.3,69.5,X, ,X,높음
9/29/2022,진주(192),X,27.4,28.4,19.6,13,75.5,X, ,X,높음
9/29/2022,양평(202),X,25.3,25.7,17.8,13.7,82.6,X, ,X,높음
9/29/2022,이천(203),X,25.6,25.5,17.6,12.8,86.6,X, ,X,높음
9/29/2022,인제(211),X,25.2,26.2,17,12.6,81,X, ,X,보통
9/29/2022,홍천(212),X,25,25.6,16.9,12.6,82.6,X, ,X,보통
9/29/2022,태백(216),X,23.5,26.5,14.2,5.1,71.1,X, ,X,보통
9/29/2022,정선군(217),X,26.2,26.5,16.9,12.8,78.1,X, ,X,높음
9/29/2022,제천(221),X,25.3,25,16.2,10,87.6,X, ,X,높음
9/29/2022,보은(226),X,26,25.6,17.1,12.1,86.5,X, ,X,높음
9/29/2022,천안(232),X,25,24.8,17.2,13,90.3,X, ,X,높음
9/29/2022,보령(235),X,24.1,23.6,17.2,11.8,83.4,X, ,X,높음
9/29/2022,부여(236),X,25.4,26,17.6,13.8,85,X, ,X,높음
9/29/2022,금산(238),X,25.5,26.2,17.6,12.8,81.3,X, ,X,높음
9/29/2022,세종(239),X,23,,,15.1,,X, ,X,높음
9/29/2022,부안(243),X,24.3,23.8,17.4,14.4,87.4,X, ,X,높음
9/29/2022,임실(244),X,26.2,26.6,17.8,13.1,81.1,X, ,X,높음
9/29/2022,정읍(245),X,25.2,25.2,17.8,13.2,79.8,X, ,X,높음
9/29/2022,남원(247),X,26.1,27.6,18.7,11.9,77,X, ,X,높음
9/29/2022,장수(248),X,24.3,26,16.4,11.1,78.5,X, ,X,높음
9/29/2022,영광군(252),X,24.5,24.8,17.7,14,81.4,X, ,X,높음
9/29/2022,김해시(253),X,28.2,29.2,21.5,16,69.9,X, ,X,높음
9/29/2022,순창군(254),X,27.4,28.2,18.8,13.2,80.3,X, ,X,높음
9/29/2022,양산시(257),X,28.3,29.7,21.3,15.3,76.5,X, ,X,높음
9/29/2022,강진군(259),X,26.9,28.3,20.6,13.8,71.5,X, ,X,높음
9/29/2022,장흥(260),X,26.6,28,19.6,12.5,73.6,X, ,X,높음
9/29/2022,해남(261),X,26.4,27.3,19.2,12.6,83.5,X, ,X,높음
9/29/2022,고흥(262),X,26,27.3,20.1,15,77.6,X, ,X,높음
9/29/2022,의령군(263),X,27.6,29,18.8,12.6,79.6,X, ,X,높음
9/29/2022,함양군(264),X,26.8,29.2,17.9,12.3,67.8,X, ,X,높음
9/29/2022,진도군ASOS(268),X,26.1,25.4,19.2,13.2,84.8,X, ,X,높음
9/29/2022,봉화(271),X,25.3,25.7,16,10,84.5,X, ,X,보통
9/29/2022,영주(272),X,26,25.7,16,8.7,87.9,X, ,X,높음
9/29/2022,문경(273),X,27,26.5,17.5,11.9,87.5,X, ,X,높음
9/29/2022,청송군(276),X,27.7,28.3,16.8,10.5,87.3,X, ,X,높음
9/29/2022,영덕(277),X,26.8,26.3,19.2,14.2,79,X, ,X,높음
9/29/2022,의성(278),X,26.8,27.8,17.2,9.9,81.5,X, ,X,높음
9/29/2022,구미(279),X,26.8,27.8,18.7,13,74.9,X, ,X,높음
9/29/2022,영천(281),X,26.6,27.6,18,10.7,78.6,X, ,X,높음
9/29/2022,경주시(283),X,28.2,29.9,19.8,12.5,75.6,X, ,X,높음
9/29/2022,거창(284),X,26.9,28.7,17,11.2,79,X, ,X,높음
9/29/2022,합천(285),X,26.1,27.7,18.3,12.7,76.9,X, ,X,높음
9/29/2022,밀양(288),X,26.8,29.2,19.9,13.7,71.3,X, ,X,높음
9/29/2022,산청(289),X,27,27.9,18.3,13,78,X, ,X,높음
9/29/2022,거제(294),X,25.5,26.6,20.4,16.6,76.6,X, ,X,높음
9/29/2022,남해(295),X,26.3,26.5,20.8,16.7,73.9,X, ,X,높음
9/29/2022,부천(433),X,25.4,25.8,19.4,16,75,X, ,X,높음
9/29/2022,안양(434),X,20.8,26,20.2,16.4,,X, ,X,높음
9/29/2022,광명(437),X,25.6,26.5,20.7,16.8,71,O, ,X,높음
9/29/2022,군포(438),X,25.4,26.1,19.5,15.4,71,X, ,X,높음
9/29/2022,김포(441),X,,26,19.5,16.1,,X, ,X,높음
9/29/2022,하남(444),X,25.6,25.4,17.4,12.9,81,X, ,X,높음
9/29/2022,의왕(445),X,24.2,24.3,16.7,12.2,83,X, ,X,높음
9/29/2022,포천(504),X,25.2,26.3,17.2,11.4,81,X, ,X,높음
9/29/2022,가평조종(505),X,25.7,25.5,16.4,12,88,X, ,X,높음
9/29/2022,안성(516),X,25.1,25.2,17.1,13.1,88,X, ,X,높음
9/29/2022,간성(517),X,26.7,26.1,18.8,12.6,85,X, ,X,높음
9/29/2022,평창(526),X,26.2,27,17.1,12,77,X, ,X,높음
9/29/2022,의정부(532),X,25.9,25.2,17.9,13,88,X, ,X,높음
9/29/2022,횡성(536),X,26.4,27.2,17.5,11.2,80,X, ,X,높음
9/29/2022,고양(540),X,26.4,27.5,18.9,13.3,65,X, ,X,높음
9/29/2022,남양주(541),X,25.9,26.1,18,12.3,80,X, ,X,높음
9/29/2022,안산(545),X,25.7,25.4,17.9,12.2,87,X, ,X,높음
9/29/2022,경기광주(546),X,25,25.5,17.5,13.7,83,X, ,X,높음
9/29/2022,여주(548),X,24.3,24.1,16.9,12.5,87,X, ,X,높음
9/29/2022,용인(549),X,24.3,24.5,16.8,12.7,85,X, ,X,높음
9/29/2022,오산(550),X,24.5,24.6,18.3,14.6,81,X, ,X,높음
9/29/2022,평택(551),X,25.8,26,18.7,15,86,X, ,X,높음
9/29/2022,화천(555),X,26.6,26.3,17.3,13.7,92,X, ,X,보통
9/29/2022,양구(556),X,25.4,26.1,16.5,12.2,83,X, ,X,보통
9/29/2022,시흥(565),X,25.2,25.6,18.5,13.2,85,X, ,X,높음
9/29/2022,구리(569),X,24.7,26,18.5,14.1,,X, ,X,높음
9/29/2022,화성(571),X,25.7,25.5,19.3,15.6,82,X, ,X,높음
9/29/2022,성남(572),X,25.1,25.6,18.9,14.2,76,X, ,X,높음
9/29/2022,과천(590),X,26.2,26.7,18.4,12.3,84,X, ,X,높음
9/29/2022,양주(598),X,25.4,25.7,17.2,12.4,83,X, ,X,높음
9/29/2022,단양(601),X,25.7,26.2,17.9,13.4,81,X, ,X,높음
9/29/2022,진천(602),X,25.8,26,17.2,12.2,88,X, ,X,높음
9/29/2022,괴산(603),X,25.4,26,16.5,11.5,87,X, ,X,높음
9/29/2022,옥천(604),X,26.1,26.5,18,13.7,85,X, ,X,높음
9/29/2022,홍북(608),X,24.6,25.5,16.7,12,83,X, ,X,높음
9/29/2022,공주(612),X,25.3,25.4,17.7,12.5,87,X, ,X,높음
9/29/2022,서천(614),X,22.8,,,,,X, ,X,높음
9/29/2022,논산(615),X,26.2,26.6,17.5,12.5,84,X, ,X,높음
9/29/2022,당진(616),X,24.6,25.2,17.3,13.7,87,X, ,X,높음
9/29/2022,청양(618),X,25.8,25.8,16.5,11.3,86,X, ,X,높음
9/29/2022,음성(619),X,24.9,24.8,15.5,10,87,X, ,X,높음
9/29/2022,증평(623),X,25.8,25.5,17.2,12.7,88,X, ,X,높음
9/29/2022,태안(627),X,25.8,25.1,17.7,14.1,88,X, ,X,높음
9/29/2022,예산(628),X,25.3,25.7,18.1,14.1,84,X, ,X,높음
9/29/2022,아산(634),X,25.2,25.7,18.6,14.7,82,X, ,X,높음
9/29/2022,계룡(636),X,25.8,25.8,16.2,9.8,87,X, ,X,높음
9/29/2022,연천청산(652),X,,,,,,X, ,X,높음
9/29/2022,양양(670),X,25.7,27.5,21.6,18.3,61,X, ,X,보통
9/29/2022,무안(699),X,25.4,25.5,18.3,13,82,X, ,X,높음
9/29/2022,무주(701),X,25.6,26.7,17.2,10.7,79,X, ,X,높음
9/29/2022,익산(702),X,26.6,26.8,17.7,11.9,86,X, ,X,높음
9/29/2022,진안(703),X,25.4,26.3,16.8,11.6,81,X, ,X,높음
9/29/2022,담양(706),X,28.4,28.5,19.5,13.9,82,X, ,X,높음
9/29/2022,구례(709),X,27.1,27.9,18.6,13.4,83,X, ,X,높음
9/29/2022,나주(710),X,26.6,27.8,18.5,12.5,81,X, ,X,높음
9/29/2022,순천시(712),X,27.2,27.9,21,15.5,75,X, ,X,높음
9/29/2022,광양읍(713),X,26.4,30.1,21.6,15,60,X, ,X,높음
9/29/2022,장성(730),X,26.5,27.3,18.4,13.5,80,X, ,X,높음
9/29/2022,영암(731),X,27,27.5,18.2,11.9,80,X, ,X,높음
9/29/2022,보성(732),X,26.7,28.7,19.1,13,77,X, ,X,높음
9/29/2022,완주(734),X,26.8,26.3,18.3,12.5,85,X, ,X,높음
9/29/2022,김제(737),X,25.3,25.4,18.4,15.1,84,X, ,X,높음
9/29/2022,화순(741),X,26.2,28.2,19.1,14,74,X, ,X,높음
9/29/2022,함평(754),X,25.9,26.3,18,12.8,83,X, ,X,높음
9/29/2022,곡성(768),X,27.4,28.6,18.3,13.2,83,X, ,X,높음
9/29/2022,압해도(789),X,25.4,26.5,19.9,15.3,79,X, ,X,높음
9/29/2022,영양(801),X,26.8,28,16.8,12.3,84,X, ,X,높음
9/29/2022,성주(810),X,26.7,28.7,18.8,12.4,76,X, ,X,높음
9/29/2022,고령(812),X,27.2,28.7,17.9,12.4,81,X, ,X,높음
9/29/2022,청도(813),X,27.5,28.7,18.1,11.4,79,X, ,X,높음
9/29/2022,예천(815),X,26.3,26.4,17.2,11.4,86,X, ,X,높음
9/29/2022,김천(822),X,27.4,28.6,17.5,9.5,82,X, ,X,높음
9/29/2022,군위(823),X,26.4,27.3,16.9,11.5,85,X, ,X,높음
9/29/2022,칠곡(825),X,26.6,27.9,18.9,12.9,83,X, ,X,높음
9/29/2022,경산(827),X,26.5,28.5,20,13.3,67,X, ,X,높음
9/29/2022,삼척(876),X,26.8,26.9,20.6,15.8,64,X, ,X,높음
9/29/2022,속초(90),X,26.4,25.8,19.8,14.9,73.8,X, ,X,높음
9/29/2022,삼천포(907),X,26.1,28.2,21.1,16.7,75,X, ,X,높음
9/29/2022,고성(918),X,27.3,28,19.5,12.7,79,X, ,X,높음
9/29/2022,창녕(919),X,27.7,28.9,19.2,13,79,X, ,X,높음
9/29/2022,함안(920),X,27.2,28.1,18.4,13.5,83,X, ,X,높음
9/29/2022,북춘천(93),X,24.8,25.1,17.3,13.2,88.1,X, ,X,보통
9/29/2022,하동(932),X,27.4,28.6,20.3,14.3,76,X, ,X,높음
9/29/2022,철원(95),X,24.7,25.2,16.7,11.5,83.5,X, ,X,높음
9/29/2022,동두천(98),X,25.4,25.2,17.4,13.3,85.1,X, ,X,높음
9/29/2022,파주(99),X,24.8,24.5,17.7,13.1,86.3,X, ,X,높음
9/30/2022,북강릉(104),X,26.4,27.1,21.2,14.7,60.9,X, ,X,높음
9/30/2022,동해(106),X,26,25.5,19.9,14.1,66.6,X, ,X,높음
9/30/2022,서울(108),X,26.3,27.7,20.7,14.8,68,X, ,X,높음
9/30/2022,인천(112),X,25.8,25,19.8,16.5,80.5,X, ,X,높음
9/30/2022,원주(114),X,24.2,26.5,18.5,13.7,68.8,X, ,X,높음
9/30/2022,울릉도(115),X,27.6,25.9,21.2,18.4,75.9,X, ,X,높음
9/30/2022,수원(119),X,26.6,28.1,19.9,13.5,78.4,X, ,X,높음
9/30/2022,영월(121),X,25.3,27.6,17.3,12.7,79.1,X, ,X,높음
9/30/2022,충주(127),X,25.2,26.7,17.3,12.4,80.9,X, ,X,높음
9/30/2022,서산(129),X,27.1,28,18.5,12.1,79,X, ,X,높음
9/30/2022,울진(130),X,26.4,25.3,19.4,12.6,71.5,X, ,X,높음
9/30/2022,청주(131),X,26.3,28.6,20.1,13.6,66.6,X, ,X,높음
9/30/2022,대전(133),X,26.5,29.2,19.4,13,67.3,X, ,X,높음
9/30/2022,추풍령(135),X,25.1,28.3,18.3,11,64.9,X, ,X,높음
9/30/2022,안동(136),X,27,28,18.2,12.7,72.1,X, ,X,높음
9/30/2022,상주(137),X,26.3,28.7,18.3,12.6,76.9,X, ,X,높음
9/30/2022,포항(138),X,28.1,28.1,22.2,17,68.5,X, ,X,높음
9/30/2022,군산(140),X,26.8,26.4,18.8,13.3,82.9,X, ,X,높음
9/30/2022,대구(143),X,27.9,31.2,21.6,14.1,68.1,X, ,X,높음
9/30/2022,전주(146),X,27.7,28.8,20.9,14.3,67.3,X, ,X,높음
9/30/2022,울산(152),X,27.2,28,20.8,15.3,77.3,X, ,X,높음
9/30/2022,창원(155),X,27.4,28.7,21.1,15.7,69.8,X, ,X,높음
9/30/2022,광주(156),X,28,29.7,21.7,15.2,66.9,X, ,X,높음
9/30/2022,부산(159),X,27.8,26.9,22.1,18.4,75.8,X, ,X,높음
9/30/2022,통영(162),X,27.5,26.4,21.3,16.9,87.9,X, ,X,높음
9/30/2022,목포(165),X,26.5,27,20.5,15.2,75.5,X, ,X,높음
9/30/2022,여수(168),X,26.8,26.6,22.2,18.3,71.5,X, ,X,높음
9/30/2022,흑산도(169),X,24.5,23.6,19,16.1,87.6,X, ,X,높음
9/30/2022,완도(170),X,27.1,27.3,20.6,14.8,69.9,X, ,X,높음
9/30/2022,고창(172),X,27.7,28.8,18.1,10.5,77.6,X, ,X,높음
9/30/2022,제주(184),X,26.6,26.2,21.7,17.2,66.6,X, ,X,높음
9/30/2022,진주(192),X,27.4,28.9,19.4,11.8,75.5,X, ,X,높음
9/30/2022,양평(202),X,25.2,25.9,17.6,13.2,83.9,X, ,X,높음
9/30/2022,이천(203),X,26.1,26.1,17,12.4,88.8,X, ,X,높음
9/30/2022,인제(211),X,24.9,26.3,16.8,12.5,80.4,X, ,X,높음
9/30/2022,홍천(212),X,24.9,26.5,16.7,12,80.8,X, ,X,높음
9/30/2022,태백(216),X,23.6,27,13.9,4.6,65.4,X, ,X,높음
9/30/2022,정선군(217),X,26.3,27.3,16.4,11.7,77.5,X, ,X,높음
9/30/2022,제천(221),X,25.6,26,16.4,10.4,87.9,X, ,X,높음
9/30/2022,보은(226),X,25.9,27.5,17.3,11.6,81.3,X, ,X,높음
9/30/2022,천안(232),X,26.3,26.9,17.2,11.5,85.5,X, ,X,높음
9/30/2022,보령(235),X,25.9,25.7,18.6,13.7,80.3,X, ,X,높음
9/30/2022,부여(236),X,26.6,29,18.5,11.7,81.4,X, ,X,높음
9/30/2022,금산(238),X,26.3,29,17.6,11.4,76.1,X, ,X,높음
9/30/2022,세종(239),X,25.6,27.8,,12.9,,X, ,X,높음
9/30/2022,부안(243),X,27.4,27.8,18.9,12.6,82.1,X, ,X,높음
9/30/2022,임실(244),X,26.8,28.7,18.4,11.5,76,X, ,X,높음
9/30/2022,정읍(245),X,27.7,28.7,19.2,12.2,71.5,X, ,X,높음
9/30/2022,남원(247),X,26.6,29.1,19.3,11.4,71.3,X, ,X,높음
9/30/2022,장수(248),X,26.1,28.3,16.3,9.9,76.6,X, ,X,높음
9/30/2022,영광군(252),X,27.7,27.7,18.5,10.1,78.9,X, ,X,높음
9/30/2022,김해시(253),X,28.9,29,21.5,15.5,73.8,X, ,X,높음
9/30/2022,순창군(254),X,27.3,30.2,19.1,11.3,74.3,X, ,X,높음
9/30/2022,양산시(257),X,29.2,29.9,21.6,15.7,77.8,X, ,X,높음
9/30/2022,강진군(259),X,27.8,28.5,19.5,11.6,74.6,X, ,X,높음
9/30/2022,장흥(260),X,26.7,27.5,18.4,9.7,78.5,X, ,X,높음
9/30/2022,해남(261),X,27.1,27.5,18,9.9,81.9,X, ,X,높음
9/30/2022,고흥(262),X,27,26.9,18.9,12.4,80.6,X, ,X,높음
9/30/2022,의령군(263),X,28.2,30.5,19.4,11.4,75,X, ,X,높음
9/30/2022,함양군(264),X,26.9,29.8,17.5,10.4,68.3,X, ,X,높음
9/30/2022,진도군ASOS(268),X,26.3,27.4,18.2,11.1,80,X, ,X,높음
9/30/2022,봉화(271),X,24.6,26.2,15.3,7.7,79.3,X, ,X,높음
9/30/2022,영주(272),X,27.1,27.2,16.2,9.5,76.4,X, ,X,높음
9/30/2022,문경(273),X,26.9,27.1,17.4,12,82.6,X, ,X,높음
9/30/2022,청송군(276),X,28.5,29.3,17,10.1,85,X, ,X,높음
9/30/2022,영덕(277),X,27.3,28.7,19.7,13.9,75.8,X, ,X,높음
9/30/2022,의성(278),X,26.8,29.1,17.2,9.6,73.5,X, ,X,높음
9/30/2022,구미(279),X,27.4,28.8,19,13.1,70.5,X, ,X,높음
9/30/2022,영천(281),X,26.3,28.9,18.6,11.3,75.4,X, ,X,높음
9/30/2022,경주시(283),X,28.8,30.6,20,13.3,75.8,X, ,X,높음
9/30/2022,거창(284),X,26.7,28.9,17.4,10.2,77.1,X, ,X,높음
9/30/2022,합천(285),X,26.3,29.6,18.8,11.5,68.4,X, ,X,높음
9/30/2022,밀양(288),X,27.4,29.6,20.2,13.8,69.1,X, ,X,높음
9/30/2022,산청(289),X,28.1,28.9,18.4,10.8,78.5,X, ,X,높음
9/30/2022,거제(294),X,27,27.4,20.3,15.5,79.3,X, ,X,높음
9/30/2022,남해(295),X,26.4,27.6,20.8,15.7,71,X, ,X,높음
9/30/2022,부천(433),X,26.1,26.7,19.9,14.7,74,X, ,X,높음
9/30/2022,안양(434),X,21.5,27.3,20.7,15.9,,X, ,X,높음
9/30/2022,광명(437),X,26.5,27.7,21.4,16.8,68,O, ,X,높음
9/30/2022,군포(438),X,26.6,27.7,20.3,15.2,70,X, ,X,높음
9/30/2022,김포(441),X,,27.2,19.4,14.1,,X, ,X,높음
9/30/2022,하남(444),X,25,25.9,17.7,11.8,76,X, ,X,높음
9/30/2022,의왕(445),X,25.6,26.2,17.7,11.8,80,X, ,X,높음
9/30/2022,포천(504),X,26.5,28.1,16.8,10,77,X, ,X,높음
9/30/2022,가평조종(505),X,26,26.5,16,10.7,85,X, ,X,높음
9/30/2022,안성(516),X,26.5,27.2,17.7,11.6,78,X, ,X,높음
9/30/2022,간성(517),X,27.9,28,20.4,12.7,67,X, ,X,높음
9/30/2022,평창(526),X,25.9,27.3,16.3,10.6,73,X, ,X,높음
9/30/2022,의정부(532),X,26.7,26.7,18.1,11.7,81,X, ,X,높음
9/30/2022,횡성(536),X,26.4,27.4,17.4,11.7,80,X, ,X,높음
9/30/2022,고양(540),X,26.9,28.9,18.5,11.9,62,X, ,X,높음
9/30/2022,남양주(541),X,26.7,27.5,18.3,11.4,75,X, ,X,높음
9/30/2022,안산(545),X,27,27.2,17.1,10,85,X, ,X,높음
9/30/2022,경기광주(546),X,25.6,26,17.8,13.1,80,X, ,X,높음
9/30/2022,여주(548),X,24.4,24.4,16.7,12.8,85,X, ,X,높음
9/30/2022,용인(549),X,24.6,25.9,17.5,12.8,80,X, ,X,높음
9/30/2022,오산(550),X,26.1,26.9,19.1,13.1,77,X, ,X,높음
9/30/2022,평택(551),X,27.5,28.6,19.1,11.4,80,X, ,X,높음
9/30/2022,화천(555),X,26.3,26.3,16.7,12.4,90,X, ,X,높음
9/30/2022,양구(556),X,24.7,26.2,16.3,12.3,82,X, ,X,높음
9/30/2022,시흥(565),X,26.9,27.1,18.4,11.7,84,X, ,X,높음
9/30/2022,구리(569),X,25.4,27.1,18.6,13,71,X, ,X,높음
9/30/2022,화성(571),X,27,27.5,19.2,13.7,81,X, ,X,높음
9/30/2022,성남(572),X,25.9,26.6,19.6,13.5,73,X, ,X,높음
9/30/2022,과천(590),X,27,27.5,18.7,12,83,X, ,X,높음
9/30/2022,양주(598),X,25.8,27,16.9,9.7,77,X, ,X,높음
9/30/2022,단양(601),X,26,27.6,17.6,12.6,76,X, ,X,높음
9/30/2022,진천(602),X,26.1,28.3,17.1,11.2,82,X, ,X,높음
9/30/2022,괴산(603),X,26.2,27,16,10.8,85,X, ,X,높음
9/30/2022,옥천(604),X,26.9,28.8,18.2,13.2,81,X, ,X,높음
9/30/2022,홍북(608),X,27.1,27.9,17.7,10.8,81,X, ,X,높음
9/30/2022,공주(612),X,25.6,27.5,17.3,11.3,80,X, ,X,높음
9/30/2022,서천(614),X,26.8,27.5,17.3,10,87,X, ,X,높음
9/30/2022,논산(615),X,27.3,29.3,18.6,11.7,78,X, ,X,높음
9/30/2022,당진(616),X,26.3,27,18.4,12.5,83,X, ,X,높음
9/30/2022,청양(618),X,27.5,28.2,17.2,10.7,86,X, ,X,높음
9/30/2022,음성(619),X,25,25.6,15.1,9.5,85,X, ,X,높음
9/30/2022,증평(623),X,26.7,27.4,17.4,11.1,80,X, ,X,높음
9/30/2022,태안(627),X,27.5,27.3,18.1,12.6,84,X, ,X,높음
9/30/2022,예산(628),X,26.8,28.2,18.5,12,78,X, ,X,높음
9/30/2022,아산(634),X,26.4,27.6,18.4,12.1,84,X, ,X,높음
9/30/2022,계룡(636),X,26.5,28.1,16.2,9.2,82,X, ,X,높음
9/30/2022,연천청산(652),X,,,,,,X, ,X,높음
9/30/2022,양양(670),X,26.9,29.9,23.4,15.6,44,X, ,X,높음
9/30/2022,무안(699),X,27.7,28.8,18.8,11.5,80,X, ,X,높음
9/30/2022,무주(701),X,26.4,29.2,17.6,10.4,72,X, ,X,높음
9/30/2022,익산(702),X,28.2,29.1,18.6,10.3,82,X, ,X,높음
9/30/2022,진안(703),X,25.8,28.7,17.3,10,77,X, ,X,높음
9/30/2022,담양(706),X,29.4,30.7,20.5,12.4,77,X, ,X,높음
9/30/2022,구례(709),X,28,29.4,18.3,11.6,82,X, ,X,높음
9/30/2022,나주(710),X,28.2,29,18.9,11.1,80,X, ,X,높음
9/30/2022,순천시(712),X,27.1,28.2,20.6,13.5,74,X, ,X,높음
9/30/2022,광양읍(713),X,27.8,30.1,21.3,14.3,65,X, ,X,높음
9/30/2022,장성(730),X,27.8,29.4,19,11.4,75,X, ,X,높음
9/30/2022,영암(731),X,28.2,29.2,18.4,9.6,81,X, ,X,높음
9/30/2022,보성(732),X,27.4,28.6,18.3,10.1,80,X, ,X,높음
9/30/2022,완주(734),X,28.3,29,19,11,79,X, ,X,높음
9/30/2022,김제(737),X,27.6,28.8,19.9,12.5,76,X, ,X,높음
9/30/2022,화순(741),X,28.2,29.7,19.9,11.6,72,X, ,X,높음
9/30/2022,함평(754),X,28.3,29.1,18.6,9.9,81,X, ,X,높음
9/30/2022,곡성(768),X,28.7,30.6,18.6,11.7,78,X, ,X,높음
9/30/2022,압해도(789),X,26.4,27.2,19.7,13.2,80,X, ,X,높음
9/30/2022,영양(801),X,26.7,28.5,16.9,11.3,82,X, ,X,높음
9/30/2022,성주(810),X,27.2,30.3,19.2,11.7,71,X, ,X,높음
9/30/2022,고령(812),X,27.4,29.9,18,11.3,78,X, ,X,높음
9/30/2022,청도(813),X,27.7,29.7,18.4,11.7,76,X, ,X,높음
9/30/2022,예천(815),X,26.1,27.7,17.8,11.8,76,X, ,X,높음
9/30/2022,김천(822),X,28,29.6,17.5,9.6,78,X, ,X,높음
9/30/2022,군위(823),X,28,28.9,17.4,11.2,83,X, ,X,높음
9/30/2022,칠곡(825),X,27.4,29.7,19.2,12.4,78,X, ,X,높음
9/30/2022,경산(827),X,26.8,30.1,20.4,13.6,66,X, ,X,높음
9/30/2022,삼척(876),X,27.8,27.7,21.5,15.7,53,X, ,X,높음
9/30/2022,속초(90),X,27.2,27.5,21.5,13.8,58.5,X, ,X,높음
9/30/2022,삼천포(907),X,26.9,27.6,21,15.8,76,X, ,X,높음
9/30/2022,고성(918),X,27.8,27.4,19.3,11.3,82,X, ,X,높음
9/30/2022,창녕(919),X,28,30.1,19.5,12.2,77,X, ,X,높음
9/30/2022,함안(920),X,27.4,29.5,17.7,11.5,80,X, ,X,높음
9/30/2022,북춘천(93),X,25.6,25.5,17,12.4,88.1,X, ,X,높음
9/30/2022,하동(932),X,27.7,29.4,20.2,13,74,X, ,X,높음
9/30/2022,철원(95),X,24.9,25.8,16.4,8.9,80.9,X, ,X,높음
9/30/2022,동두천(98),X,26.2,26.6,17.8,11.1,75.8,X, ,X,높음
9/30/2022,파주(99),X,25.9,26,16.8,11.5,85,X, ,X,높음
