일시,지점,폭염여부(O/X),최고체감온도(°C),최고기온(°C),평균기온(°C),최저기온(°C),평균상대습도(%),폭염특보(O/X),폭염영향예보(단계),열대야(O/X),자외선지수(단계)
8/1/2023,북강릉(104),X,31.8,31.4,27,22.8,78.6,O,경고,O,낮음
8/1/2023,동해(106),X,30.6,30,26.2,22.8,86.5,O,주의,O,낮음
8/1/2023,서울(108),O,34.6,34.2,29.9,25.5,71.6,O,경고,O,매우높음
8/1/2023,인천(112),O,33.8,32.8,29.3,26.5,75.4,O,경고,O,높음
8/1/2023,원주(114),O,33.4,33.7,28.1,23,73.6,O,경고,X,낮음
8/1/2023,울릉도(115),O,33,31,27.6,24.7,85.5,O,주의,O,매우높음
8/1/2023,수원(119),O,34.5,34.4,29.2,24.8,73.3,O,경고,X,매우높음
8/1/2023,영월(121),O,33.2,33.2,27.4,23.5,77.3,O,주의,X,낮음
8/1/2023,충주(127),O,34.4,33.6,27.2,22.9,82.8,O,경고,X,매우높음
8/1/2023,서산(129),O,34.8,34.8,29.1,24.6,77.4,O,경고,X,매우높음
8/1/2023,울진(130),X,30.6,29.6,25.9,22.2,82.3,O,경고,O,매우높음
8/1/2023,청주(131),O,35,35.7,30.4,25.3,66.8,O,경고,O,매우높음
8/1/2023,대전(133),O,34.6,34.6,29.5,24.8,70.4,O,경고,O,매우높음
8/1/2023,추풍령(135),X,32.9,32.3,26.7,22.6,80.5,O,경고,X,매우높음
8/1/2023,안동(136),O,34.5,33.9,28.7,23.9,78.3,O,경고,X,매우높음
8/1/2023,상주(137),O,35,34.2,28.8,24.1,80.9,O,경고,X,매우높음
8/1/2023,포항(138),O,33,32.7,28.5,24.2,71,O,경고,O,매우높음
8/1/2023,군산(140),O,35,35,29.3,24.9,77.5,O,경고,O,매우높음
8/1/2023,대구(143),O,33.9,34.8,29.7,24.9,64.8,O,경고,X,매우높음
8/1/2023,전주(146),O,35,34.9,29.6,24.9,74,O,경고,O,매우높음
8/1/2023,울산(152),X,32.8,32.9,28.2,23.6,68.5,O,경고,X,매우높음
8/1/2023,창원(155),O,33.8,33.8,29,24.7,66.5,O,경고,X,매우높음
8/1/2023,광주(156),O,35.3,35.1,29.9,25.2,82.1,O,경고,O,매우높음
8/1/2023,부산(159),O,33.3,33.2,29.6,26.8,62.6,O,경고,O,매우높음
8/1/2023,통영(162),O,33.4,33,28.5,25.4,74.6,O,경고,O,매우높음
8/1/2023,목포(165),O,34.4,34,29,25.5,77.8,O,경고,O,매우높음
8/1/2023,여수(168),X,32.8,31.6,28.5,25.5,74.5,O,경고,O,매우높음
8/1/2023,흑산도(169),X,31.6,29.6,26.3,23.9,89.8,O,주의,X,매우높음
8/1/2023,완도(170),O,33,31.8,27.7,24.4,83.1,O,경고,X,매우높음
8/1/2023,고창(172),O,35.6,35.3,28.9,23.9,80.5,O,경고,X,매우높음
8/1/2023,제주(184),X,32.9,31.1,29,27.2,79.3,O,경고,O,매우높음
8/1/2023,진주(192),O,34.7,34.4,27.9,23.5,79.1,O,경고,X,매우높음
8/1/2023,양평(202),O,33.2,33.1,28.2,23.6,77,O,경고,X,매우높음
8/1/2023,이천(203),O,35.1,34.2,28.4,23.2,84.4,O,경고,X,매우높음
8/1/2023,인제(211),O,34,34,27.7,23.6,76.8,O,경고,X,낮음
8/1/2023,홍천(212),O,34.1,34.2,27.8,23.3,77.5,O,경고,X,낮음
8/1/2023,태백(216),X,31.7,31.8,24.6,17.7,75.6,O,주의,X,낮음
8/1/2023,정선군(217),O,35.2,35.9,28,22.7,72.6,O,경고,X,낮음
8/1/2023,제천(221),O,33,32.4,26.5,22.2,86.4,O,경고,X,매우높음
8/1/2023,보은(226),O,33.2,32.9,27.8,23.4,80.8,O,경고,X,매우높음
8/1/2023,천안(232),O,34.3,33.8,28.3,23.2,79,O,경고,X,매우높음
8/1/2023,보령(235),O,34.6,33.7,28.6,24.1,79.4,O,경고,O,매우높음
8/1/2023,부여(236),O,34.9,35,29.2,23.9,78.3,O,경고,O,매우높음
8/1/2023,금산(238),O,33.8,34,28.3,23.4,78.3,O,주의,X,매우높음
8/1/2023,세종(239),O,35.5,34.8,29.2,24.2,76.6,O,경고,X,매우높음
8/1/2023,부안(243),O,34.9,34.5,28.8,24.9,79,O,경고,O,매우높음
8/1/2023,임실(244),O,33.1,33.7,27.9,22.2,76.1,O,경고,X,매우높음
8/1/2023,정읍(245),O,34.9,35.4,28.9,24.6,74.6,O,경고,X,매우높음
8/1/2023,남원(247),O,34.6,34.8,28.6,23.1,75.1,O,경고,X,매우높음
8/1/2023,장수(248),X,31.9,32.2,26.3,20.4,80,O,경고,X,매우높음
8/1/2023,영광군(252),O,35,34,28.7,24.2,81.8,O,경고,X,매우높음
8/1/2023,김해시(253),O,34.6,34.3,29.4,24.8,70.8,O,경고,X,매우높음
8/1/2023,순창군(254),O,35,35.5,29.1,23.8,75.5,O,경고,X,매우높음
8/1/2023,양산시(257),O,34.6,35.6,29.9,24.9,66.8,O,경고,X,매우높음
8/1/2023,강진군(259),O,34.7,34.9,29.1,24.4,78.1,O,경고,X,매우높음
8/1/2023,장흥(260),O,33.9,33.4,28.2,23,80,O,경고,X,매우높음
8/1/2023,해남(261),O,34.8,34,28.1,23.4,82.9,O,경고,X,매우높음
8/1/2023,고흥(262),X,32.6,31.6,26.5,22.3,83.3,O,경고,X,매우높음
8/1/2023,의령군(263),O,35.4,35.3,28.4,22.9,76.6,O,경고,X,매우높음
8/1/2023,함양군(264),O,34.8,34.3,28,23,83.9,O,경고,X,매우높음
8/1/2023,진도군ASOS(268),O,33.8,33.2,27.9,23.6,80.9,O,경고,X,매우높음
8/1/2023,봉화(271),X,31.7,31.3,25.1,20,82.3,O,경고,X,매우높음
8/1/2023,영주(272),O,33.2,32.9,26.9,21.7,79.9,O,경고,X,매우높음
8/1/2023,문경(273),O,34.1,33.3,27.7,23.2,83.8,O,경고,X,매우높음
8/1/2023,청송군(276),O,33.9,34.5,27.5,21.9,74.1,O,경고,X,매우높음
8/1/2023,영덕(277),X,31.6,30.7,26.3,21.7,82.5,O,경고,X,매우높음
8/1/2023,의성(278),O,34.7,35,28.6,23.4,77.1,O,경고,X,매우높음
8/1/2023,구미(279),O,34.2,34.1,28.8,24.5,72.6,O,경고,X,매우높음
8/1/2023,영천(281),O,33.6,34.1,28.1,22.8,73.5,O,경고,X,매우높음
8/1/2023,경주시(283),O,34.9,35.2,28.6,22.7,73.3,O,경고,X,매우높음
8/1/2023,거창(284),X,32.7,32.6,26.7,22.3,79.6,O,주의,X,매우높음
8/1/2023,합천(285),O,33.6,34.1,28,23.5,75.8,O,경고,X,매우높음
8/1/2023,밀양(288),O,34.3,35.7,28.9,24.3,66.6,O,경고,X,매우높음
8/1/2023,산청(289),O,34.4,34.2,27.8,23,78.1,O,경고,X,매우높음
8/1/2023,거제(294),X,32.7,32,28.2,25.1,77,O,경고,X,매우높음
8/1/2023,남해(295),O,33.2,33.3,27.7,24.2,77.9,O,경고,X,매우높음
8/1/2023,부천(433),O,33,33.6,28.6,24.6,69,O,주의,X,매우높음
8/1/2023,안양(434),X,31.2,34.2,29.9,26,,O,경고,O,매우높음
8/1/2023,광명(437),O,34.8,35.6,31.1,27.2,66,O,경고,O,매우높음
8/1/2023,군포(438),O,34.6,35.4,30.3,25.6,66,O,경고,O,매우높음
8/1/2023,김포(441),X,,34.6,29.1,24.6,,O,경고,X,매우높음
8/1/2023,하남(444),O,34.1,34,28.1,23.3,74,O,경고,X,매우높음
8/1/2023,의왕(445),O,34.1,33.8,28,23.5,78,O,주의,X,매우높음
8/1/2023,포천(504),O,35.2,35.2,28.9,23.2,75,O,경고,X,매우높음
8/1/2023,가평조종(505),O,34.9,34.1,27.4,22.8,86,O,경고,X,매우높음
8/1/2023,안성(516),O,34.8,34.5,28.5,23.6,82,O,경고,X,매우높음
8/1/2023,간성(517),X,32.2,30.9,26.4,22,82,O,경고,X,낮음
8/1/2023,평창(526),X,32.5,33.1,26.8,22.5,75,O,주의,X,낮음
8/1/2023,의정부(532),O,35.8,34.3,28.6,23.3,88,O,경고,X,매우높음
8/1/2023,횡성(536),O,34.8,35,28,22.3,76,O,주의,X,낮음
8/1/2023,고양(540),X,,,,,,O,경고,X,높음
8/1/2023,남양주(541),O,34.7,35.5,29.1,23.8,75,O,경고,X,매우높음
8/1/2023,안산(545),O,34.8,34.7,27.9,22.8,82,O,경고,X,매우높음
8/1/2023,경기광주(546),O,33.6,33.9,28,23.6,75,O,경고,X,매우높음
8/1/2023,여주(548),O,33.4,32.5,27.6,22.9,83,O,경고,X,매우높음
8/1/2023,용인(549),O,33.2,33.7,27.8,22.7,76,O,경고,X,높음
8/1/2023,오산(550),O,35.6,35.8,29.1,23.3,77,O,경고,X,높음
8/1/2023,평택(551),O,35.7,35.2,29.1,24.2,84,O,경고,O,매우높음
8/1/2023,화천(555),O,34.9,33.4,27.6,23.6,92,O,경고,X,낮음
8/1/2023,양구(556),O,33.8,34.6,28.1,23,74,O,경고,X,낮음
8/1/2023,시흥(565),O,35,34.6,28.8,24.4,80,O,경고,X,높음
8/1/2023,구리(569),O,34.9,34.9,29.1,24.1,72,O,경고,O,매우높음
8/1/2023,화성(571),O,35,34.7,29,24.6,77,O,경고,X,높음
8/1/2023,성남(572),O,34,34.5,29.6,24.9,67,O,경고,O,매우높음
8/1/2023,과천(590),O,35.1,35,28.8,23.9,80,O,경고,X,매우높음
8/1/2023,양주(598),O,35.7,35.9,29.5,23.6,77,O,경고,X,매우높음
8/1/2023,단양(601),O,34.9,35.1,28.4,23.6,77,O,경고,X,매우높음
8/1/2023,진천(602),O,35.2,35.1,28.6,23.7,76,O,경고,X,매우높음
8/1/2023,괴산(603),O,34.9,34.5,27.7,22.7,83,O,경고,X,매우높음
8/1/2023,옥천(604),O,34.7,35.1,29.6,25.5,78,O,경고,X,매우높음
8/1/2023,홍북(608),O,35.4,34.9,27.8,22.1,80,O,경고,X,매우높음
8/1/2023,공주(612),O,35.3,35.1,28.5,23.1,81,O,경고,X,매우높음
8/1/2023,서천(614),O,34.7,33.7,28.2,24,83,O,주의,O,매우높음
8/1/2023,논산(615),O,35.9,36.3,29.9,24.2,79,O,경고,O,매우높음
8/1/2023,당진(616),O,35.7,35,28.6,23.8,84,O,경고,X,매우높음
8/1/2023,청양(618),O,35.5,35.5,28.5,22.2,81,O,경고,X,매우높음
8/1/2023,음성(619),O,33.2,33,25.8,22,86,O,경고,X,매우높음
8/1/2023,증평(623),O,34.9,33.9,28.1,23.5,86,O,경고,X,매우높음
8/1/2023,태안(627),O,35.8,35.2,28.6,24.1,82,O,경고,X,매우높음
8/1/2023,예산(628),O,35.1,34.7,28.8,24,80,O,경고,X,매우높음
8/1/2023,아산(634),O,35.4,35.1,29,24,78,O,경고,X,매우높음
8/1/2023,계룡(636),O,34.7,34.7,27.8,22.2,83,O,경고,X,매우높음
8/1/2023,연천청산(652),O,34.2,33.8,28.4,23.3,78,O,경고,X,매우높음
8/1/2023,양양(670),X,31.1,30.4,27,23,77,O,경고,O,낮음
8/1/2023,무안(699),O,34.8,35.2,29.1,24.6,77,O,경고,X,매우높음
8/1/2023,무주(701),O,34.8,35.2,27.8,22.2,77,O,경고,X,매우높음
8/1/2023,익산(702),O,34.8,35,29.4,24.5,76,O,경고,O,매우높음
8/1/2023,진안(703),O,33,33.5,27,21.3,77,O,경고,X,매우높음
8/1/2023,담양(706),O,36.2,35.6,29.7,24.8,83,O,경고,X,매우높음
8/1/2023,구례(709),O,35,35,28.5,23.6,82,O,경고,X,매우높음
8/1/2023,나주(710),O,34.7,34.7,28.9,23.9,80,O,경고,X,매우높음
8/1/2023,순천시(712),O,35.4,34.1,29.1,24.3,85,O,경고,X,매우높음
8/1/2023,광양읍(713),O,35.1,35.3,29.2,23.8,75,O,경고,X,매우높음
8/1/2023,장성(730),O,34.5,34.9,28.8,23.7,81,O,경고,X,매우높음
8/1/2023,영암(731),O,35.4,35.2,29.3,23.5,79,O,경고,X,매우높음
8/1/2023,보성(732),O,33.7,33.1,27.3,22.4,82,O,경고,X,매우높음
8/1/2023,완주(734),O,35.3,35.3,28.7,23.5,82,O,경고,X,매우높음
8/1/2023,김제(737),O,35.8,35,29.4,25.1,81,O,경고,O,매우높음
8/1/2023,화순(741),O,35,35.1,28.8,23.8,76,O,경고,X,매우높음
8/1/2023,함평(754),O,35.1,35.6,29.3,24.3,78,O,경고,O,매우높음
8/1/2023,곡성(768),O,35.6,35.6,28.4,22.8,83,O,경고,X,매우높음
8/1/2023,압해도(789),O,34.4,33.7,28.3,24.5,86,O,경고,X,매우높음
8/1/2023,영양(801),O,34.7,34.3,27.6,21.5,82,O,경고,X,매우높음
8/1/2023,성주(810),O,34.4,35.3,29.3,24.2,69,O,경고,X,매우높음
8/1/2023,고령(812),O,34.2,34.2,27.6,23.3,85,O,경고,X,매우높음
8/1/2023,청도(813),O,34.4,34.5,27.7,23.2,77,O,경고,X,매우높음
8/1/2023,예천(815),O,34.6,34.5,28.3,23.5,77,O,경고,X,매우높음
8/1/2023,김천(822),O,35.2,35.1,28,23.3,83,O,경고,X,매우높음
8/1/2023,군위(823),O,35.2,35.4,28.9,23.8,79,O,경고,X,매우높음
8/1/2023,칠곡(825),O,34.5,34.4,29.3,24.7,79,O,경고,X,매우높음
8/1/2023,경산(827),O,34.8,35.7,29.8,24.5,68,O,경고,X,매우높음
8/1/2023,삼척(876),O,33,32.5,28.1,23.9,70,O,경고,O,낮음
8/1/2023,속초(90),X,32.9,31.8,27.2,23.4,81.4,O,경고,O,낮음
8/1/2023,삼천포(907),O,33.6,32.5,27.4,22.9,79,O,주의,X,매우높음
8/1/2023,고성(918),O,33.5,32.7,27.7,23.5,80,O,주의,X,매우높음
8/1/2023,창녕(919),O,34.9,34.7,28.4,23.7,81,O,경고,X,매우높음
8/1/2023,함안(920),O,34.6,33.9,27.5,23.4,82,O,경고,X,매우높음
8/1/2023,북춘천(93),O,34.5,34.3,28.3,23.2,80.4,O,심각,X,낮음
8/1/2023,하동(932),O,34.7,34.9,28.7,23.5,75,O,경고,X,매우높음
8/1/2023,철원(95),O,34.1,33.8,27.8,23,82,O,경고,X,낮음
8/1/2023,동두천(98),O,34.5,33.5,28.6,23.7,80.3,O,경고,X,매우높음
8/1/2023,파주(99),O,34.1,33.4,28,24,88.1,O,경고,X,높음
8/2/2023,북강릉(104),O,34.8,35.5,30.6,25.5,63.9,O,경고,O,낮음
8/2/2023,동해(106),O,33.1,33.6,29.1,25.3,70.8,O,주의,O,낮음
8/2/2023,서울(108),O,33.8,33.7,29.7,26.8,67.8,O,경고,O,매우높음
8/2/2023,인천(112),X,32.1,31.4,28.2,26.2,77.4,O,경고,O,매우높음
8/2/2023,원주(114),X,32.9,32.8,28.2,24.6,71.3,O,경고,X,낮음
8/2/2023,울릉도(115),O,33.1,30.9,28.1,25.9,87,O,주의,O,매우높음
8/2/2023,수원(119),O,33.8,33.4,28.3,24.7,74.6,O,경고,X,매우높음
8/2/2023,영월(121),O,33.2,32.8,27.2,23.4,81.1,O,경고,X,낮음
8/2/2023,충주(127),O,34.6,33.9,28.2,24.3,78.6,O,경고,X,매우높음
8/2/2023,서산(129),O,34.6,34.3,28.5,24.3,74.5,O,경고,X,매우높음
8/2/2023,울진(130),X,31.4,29.8,27.8,25.9,77.3,O,경고,O,매우높음
8/2/2023,청주(131),O,34.8,34.9,30.5,27,64.5,O,심각,O,매우높음
8/2/2023,대전(133),O,34.4,33.8,29.1,25.3,72.6,O,경고,X,매우높음
8/2/2023,추풍령(135),O,33.6,33.8,27.5,22.1,77.3,O,경고,X,매우높음
8/2/2023,안동(136),O,34.7,34.3,28.8,24.1,79.4,O,경고,O,매우높음
8/2/2023,상주(137),O,35.8,35,29.1,24.1,80,O,경고,O,매우높음
8/2/2023,포항(138),O,34.2,35.3,30.3,25.4,66.1,O,경고,O,매우높음
8/2/2023,군산(140),O,34,33,28.7,25.4,78.3,O,경고,X,매우높음
8/2/2023,대구(143),O,33.9,34.7,30,23.9,64.1,O,경고,O,매우높음
8/2/2023,전주(146),O,34.8,34.6,29.5,26.1,71.3,O,경고,O,매우높음
8/2/2023,울산(152),O,33.3,32.6,28.3,24.3,76.5,O,경고,X,매우높음
8/2/2023,창원(155),O,34.7,34.9,29.3,24.5,69.5,O,경고,X,매우높음
8/2/2023,광주(156),O,35.4,34.9,29.3,25.9,89.1,O,경고,O,매우높음
8/2/2023,부산(159),O,34,33.1,29.6,26.9,72.1,O,경고,O,매우높음
8/2/2023,통영(162),O,33.2,32.3,28.3,25,78.9,O,경고,O,매우높음
8/2/2023,목포(165),O,34.5,33.5,29.2,25.4,77.9,O,경고,O,매우높음
8/2/2023,여수(168),O,33.3,32.5,28.8,25.1,73.4,O,경고,O,매우높음
8/2/2023,흑산도(169),X,32,30.2,27.1,24.4,84.1,O,주의,X,매우높음
8/2/2023,완도(170),O,34.2,33.7,28.3,24.4,79.4,O,경고,X,매우높음
8/2/2023,고창(172),O,35,33.9,28.7,24.7,79.9,O,경고,X,매우높음
8/2/2023,제주(184),O,34.2,33.8,30.2,27.6,71.8,O,경고,O,매우높음
8/2/2023,진주(192),O,35.1,35.6,28.3,22.2,76.3,O,경고,X,매우높음
8/2/2023,양평(202),O,33.6,33.8,28.4,24.5,75.5,O,경고,X,높음
8/2/2023,이천(203),O,34.5,33.9,28.6,24.8,78.9,O,경고,X,높음
8/2/2023,인제(211),O,33.2,33.5,28,23.4,76.5,O,경고,X,낮음
8/2/2023,홍천(212),O,33.6,33.3,27.7,23.6,78.4,O,경고,X,낮음
8/2/2023,태백(216),X,31.6,31.9,25.9,19.6,74.6,O,주의,X,낮음
8/2/2023,정선군(217),O,35,35.4,28,23.3,75.6,O,경고,X,낮음
8/2/2023,제천(221),O,33.1,32.1,26.8,22.9,86.6,O,경고,X,매우높음
8/2/2023,보은(226),O,34,33.6,27.8,22.8,82.4,O,경고,X,매우높음
8/2/2023,천안(232),O,33.6,33.5,27.8,23.6,77.1,O,경고,X,매우높음
8/2/2023,보령(235),O,33.7,33.4,28.2,24.5,78.1,O,경고,X,매우높음
8/2/2023,부여(236),O,35.1,34.7,29.1,25,78.8,O,경고,X,매우높음
8/2/2023,금산(238),O,34.2,33.9,28.5,23.7,79.5,O,경고,X,매우높음
8/2/2023,세종(239),O,34.6,34.1,28.8,24.9,74.4,O,경고,X,매우높음
8/2/2023,부안(243),O,34.1,33.8,28.7,25.2,77.4,O,경고,X,매우높음
8/2/2023,임실(244),O,34.2,33.6,27.7,23,79.9,O,경고,X,매우높음
8/2/2023,정읍(245),O,34.6,34.1,28.9,24.9,74.9,O,경고,X,매우높음
8/2/2023,남원(247),O,34.7,36.1,28.9,23.2,74.3,O,경고,X,매우높음
8/2/2023,장수(248),X,32.9,32.4,25.8,20.4,85.1,O,경고,X,매우높음
8/2/2023,영광군(252),O,35.1,33.8,28.5,24.7,79.6,O,경고,X,매우높음
8/2/2023,김해시(253),O,35.5,34.4,29.2,24.3,76.3,O,경고,O,매우높음
8/2/2023,순창군(254),O,35.7,36.6,29.4,24.6,76.8,O,경고,X,매우높음
8/2/2023,양산시(257),O,35.6,36,29.9,24.4,71.5,O,경고,O,매우높음
8/2/2023,강진군(259),O,35.5,35.3,29.4,24,76.6,O,경고,X,매우높음
8/2/2023,장흥(260),O,35,34.8,28.2,22.8,81.4,O,경고,X,매우높음
8/2/2023,해남(261),O,35.9,35.5,28.8,23.3,78.4,O,경고,X,매우높음
8/2/2023,고흥(262),O,33.7,33.4,27.1,22.3,82.9,O,경고,X,매우높음
8/2/2023,의령군(263),O,35.5,36.4,29.1,22.2,71.9,O,경고,X,매우높음
8/2/2023,함양군(264),O,35.8,36.4,28.5,21.6,80.8,O,경고,X,매우높음
8/2/2023,진도군ASOS(268),O,34.5,34.3,28.4,23.3,77.8,O,경고,X,매우높음
8/2/2023,봉화(271),X,32,31.2,25.9,21.1,85.1,O,경고,X,매우높음
8/2/2023,영주(272),O,33.6,33.6,27.5,22.2,80.8,O,경고,X,매우높음
8/2/2023,문경(273),O,34.6,33.2,27.9,23.1,85.3,O,경고,X,매우높음
8/2/2023,청송군(276),O,34,34.7,27.4,21.4,73.8,O,경고,X,매우높음
8/2/2023,영덕(277),O,33.7,33.1,27.7,22.6,79.9,O,경고,O,매우높음
8/2/2023,의성(278),O,34.9,35.1,28.7,23,79.5,O,경고,X,매우높음
8/2/2023,구미(279),O,34.7,35.1,28.8,23.6,72.1,O,경고,O,매우높음
8/2/2023,영천(281),O,34.1,34.8,27.9,21.9,75,O,경고,X,매우높음
8/2/2023,경주시(283),O,35.4,35.5,28.9,22.3,74.4,O,경고,X,높음
8/2/2023,거창(284),O,33.9,34.1,26.9,21.7,81.8,O,경고,X,매우높음
8/2/2023,합천(285),O,34.5,35.1,28.3,22,72.6,O,경고,X,매우높음
8/2/2023,밀양(288),O,34.3,36.2,29.6,23.1,63.5,O,경고,X,매우높음
8/2/2023,산청(289),O,35.4,35,28.1,21.9,78.5,O,경고,X,매우높음
8/2/2023,거제(294),O,34.1,34,28.8,24.2,74.8,O,경고,X,매우높음
8/2/2023,남해(295),O,33.8,34,28.1,23.9,71.8,O,경고,X,매우높음
8/2/2023,부천(433),X,32.3,33,27.9,24.8,65,O,경고,X,매우높음
8/2/2023,안양(434),X,28.8,33.2,29,26.3,,O,경고,O,매우높음
8/2/2023,광명(437),O,34.2,35.4,30.3,26.8,62,O,경고,O,매우높음
8/2/2023,군포(438),O,33.4,34.7,29.5,26,63,O,경고,X,매우높음
8/2/2023,김포(441),X,,33.1,28.4,24.9,,O,경고,X,매우높음
8/2/2023,하남(444),O,33.5,34.2,27.9,23.5,69,O,경고,X,매우높음
8/2/2023,의왕(445),X,32.9,32.9,27.4,22.8,76,O,경고,X,매우높음
8/2/2023,포천(504),O,34.5,34.3,28,23.6,77,O,경고,X,매우높음
8/2/2023,가평조종(505),O,33.7,33.6,27.1,22.8,84,O,경고,X,매우높음
8/2/2023,안성(516),O,33.5,33.7,27.9,23.8,80,O,경고,X,높음
8/2/2023,간성(517),O,35.6,36.8,29.8,23.8,68,O,경고,X,낮음
8/2/2023,평창(526),O,33.5,33.8,26.8,23.1,76,O,주의,X,낮음
8/2/2023,의정부(532),O,34.9,34,28.4,24.1,81,O,경고,X,매우높음
8/2/2023,횡성(536),O,34,33.7,27.8,23.8,77,O,경고,X,낮음
8/2/2023,고양(540),X,,,,,,O,경고,X,매우높음
8/2/2023,남양주(541),O,35.4,35.8,29,24.4,72,O,경고,X,매우높음
8/2/2023,안산(545),O,33.8,33.5,26.8,22.3,81,O,경고,X,매우높음
8/2/2023,경기광주(546),O,33.2,33.8,27.8,23.8,72,O,경고,X,매우높음
8/2/2023,여주(548),O,34.2,33.3,28.1,24.2,78,O,경고,X,높음
8/2/2023,용인(549),X,32.6,33.1,27.3,23.1,73,O,경고,X,매우높음
8/2/2023,오산(550),O,35.2,35.4,28.2,22.8,76,O,경고,X,매우높음
8/2/2023,평택(551),O,34.2,34.3,28.9,25,79,O,경고,X,매우높음
8/2/2023,화천(555),O,35,33.7,27.1,22.8,90,O,경고,X,낮음
8/2/2023,양구(556),O,33.5,33.6,27.7,23.9,77,O,경고,X,낮음
8/2/2023,시흥(565),O,33.3,33.9,27.8,23.6,77,O,경고,X,매우높음
8/2/2023,구리(569),O,34,34.3,28.7,24.5,68,O,경고,X,매우높음
8/2/2023,화성(571),O,33.8,33.6,28.2,24.5,77,O,경고,X,매우높음
8/2/2023,성남(572),O,33,33.6,29,25.1,65,O,경고,X,매우높음
8/2/2023,과천(590),O,34.3,34.7,28.1,23.3,76,O,경고,X,매우높음
8/2/2023,양주(598),O,34.7,34.6,28.1,23.5,78,O,경고,X,매우높음
8/2/2023,단양(601),O,34.5,34.5,28.1,23.1,80,O,경고,X,매우높음
8/2/2023,진천(602),O,34,34.1,28.6,24.1,72,O,심각,X,높음
8/2/2023,괴산(603),O,34.7,34.3,28.3,24,81,O,경고,X,매우높음
8/2/2023,옥천(604),O,34.7,34.3,28.7,24.9,83,O,심각,O,매우높음
8/2/2023,홍북(608),O,34.6,34.6,27.9,22.5,77,O,경고,X,매우높음
8/2/2023,공주(612),O,35,34.4,28.6,24.2,76,O,경고,X,매우높음
8/2/2023,서천(614),O,33.9,32.4,27.8,23.8,83,O,경고,X,매우높음
8/2/2023,논산(615),O,35.7,35.1,29.5,25.8,78,O,경고,X,매우높음
8/2/2023,당진(616),O,34.4,34.2,28.1,23.9,79,O,경고,X,매우높음
8/2/2023,청양(618),O,35.3,34.7,27.8,23,81,O,경고,X,매우높음
8/2/2023,음성(619),O,33.6,32.7,26.9,22.6,82,O,경고,X,매우높음
8/2/2023,증평(623),O,34.7,33.7,28.3,24.3,81,O,경고,X,매우높음
8/2/2023,태안(627),O,35.3,35.1,28.5,23.8,79,O,경고,X,매우높음
8/2/2023,예산(628),O,35,35,29,24.7,77,O,경고,X,매우높음
8/2/2023,아산(634),O,34.6,34.3,28.1,24.3,77,O,경고,X,매우높음
8/2/2023,계룡(636),O,34.5,34,27.9,23.3,84,O,경고,X,매우높음
8/2/2023,연천청산(652),O,33.2,33.1,27.1,23.1,82,O,경고,X,매우높음
8/2/2023,양양(670),O,35.2,37,32,26.5,56,O,경고,O,낮음
8/2/2023,무안(699),O,34.8,34.8,28.9,24.8,79,O,경고,X,매우높음
8/2/2023,무주(701),O,34.2,34.7,27.7,22.4,79,O,경고,X,매우높음
8/2/2023,익산(702),O,34.2,33.9,28.8,25.4,77,O,경고,X,매우높음
8/2/2023,진안(703),O,33.3,33,26.2,21.7,85,O,경고,X,매우높음
8/2/2023,담양(706),O,36.4,35.9,30.1,24.6,81,O,경고,O,매우높음
8/2/2023,구례(709),O,35.5,36.3,29,22.8,79,O,경고,X,매우높음
8/2/2023,나주(710),O,35.5,35.1,29,24.1,83,O,경고,X,매우높음
8/2/2023,순천시(712),O,35.4,34.5,29.2,24.3,83,O,경고,O,매우높음
8/2/2023,광양읍(713),O,35.5,36,29.5,23.5,73,O,경고,X,매우높음
8/2/2023,장성(730),O,35.6,34.9,28.6,24.2,83,O,경고,X,매우높음
8/2/2023,영암(731),O,35.7,35.7,29.1,23.7,83,O,경고,X,매우높음
8/2/2023,보성(732),O,33.8,33.5,27.4,22.6,80,O,경고,X,매우높음
8/2/2023,완주(734),O,35,34,28.3,24.2,83,O,경고,X,매우높음
8/2/2023,김제(737),O,35.5,34.1,29.1,25.8,80,O,경고,O,매우높음
8/2/2023,화순(741),O,36,36,28.7,23.4,76,O,경고,X,매우높음
8/2/2023,함평(754),O,35.6,35,29.4,25,80,O,경고,X,매우높음
8/2/2023,곡성(768),O,35.6,36.5,28.4,22.7,81,O,경고,X,매우높음
8/2/2023,압해도(789),O,35.1,33.4,28.1,24.6,87,O,경고,X,매우높음
8/2/2023,영양(801),O,34.2,33.8,27.7,23.4,84,O,경고,X,매우높음
8/2/2023,성주(810),O,35.2,36.1,29.3,23.1,70,O,경고,X,매우높음
8/2/2023,고령(812),O,34.7,35,27.8,21.7,83,O,경고,X,매우높음
8/2/2023,청도(813),O,35,35.4,27.8,21.7,75,O,경고,X,매우높음
8/2/2023,예천(815),O,34.7,34.4,28.3,23.4,79,O,경고,X,매우높음
8/2/2023,김천(822),O,36,35.9,28.1,22.1,83,O,경고,X,매우높음
8/2/2023,군위(823),O,35.4,35.2,29,23.2,78,O,경고,X,매우높음
8/2/2023,칠곡(825),O,35.2,35.2,29.1,23.7,79,O,경고,O,매우높음
8/2/2023,경산(827),O,35,36,29.8,23.4,65,O,경고,O,매우높음
8/2/2023,삼척(876),O,34.6,35.2,31.1,25.5,62,O,경고,O,낮음
8/2/2023,속초(90),O,34.8,34.9,30.3,25.3,67.6,O,경고,O,낮음
8/2/2023,삼천포(907),O,33.9,33,26.9,22.5,82,O,경고,X,매우높음
8/2/2023,고성(918),O,34.6,34,27.7,22.5,81,O,경고,X,매우높음
8/2/2023,창녕(919),O,35.2,35.3,29,22.7,76,O,경고,X,매우높음
8/2/2023,함안(920),O,35.6,35.7,28.2,22.6,79,O,경고,X,매우높음
8/2/2023,북춘천(93),O,34,33.5,28.3,24.5,81.8,O,경고,X,낮음
8/2/2023,하동(932),O,34.9,35.4,28.6,22.5,75,O,경고,X,매우높음
8/2/2023,철원(95),O,33,32.5,27.2,23.2,80.8,O,경고,X,낮음
8/2/2023,동두천(98),O,34,32.9,27.6,24.2,81,O,경고,X,매우높음
8/2/2023,파주(99),O,33.9,32.5,27,23.6,87.1,O,경고,X,매우높음
8/3/2023,북강릉(104),O,34.2,35.6,31.2,27.5,52,O,경고,O,낮음
8/3/2023,동해(106),O,34.4,35.7,30.2,25.6,59.4,O,주의,O,낮음
8/3/2023,서울(108),O,34.1,33.8,29.5,25.8,67,O,경고,O,높음
8/3/2023,인천(112),X,32.3,31.6,28.1,25,73.4,O,경고,O,매우높음
8/3/2023,원주(114),X,32.3,32.5,28,23,65.1,O,경고,X,낮음
8/3/2023,울릉도(115),O,34,33.5,29.1,26.7,79,O,주의,O,매우높음
8/3/2023,수원(119),O,33.6,33.5,28.3,23.5,70.4,O,경고,O,매우높음
8/3/2023,영월(121),X,32.8,33.6,27.4,23.2,73.8,O,경고,X,낮음
8/3/2023,충주(127),O,33.8,33.8,28,22.3,74.1,O,경고,X,매우높음
8/3/2023,서산(129),O,34,34.3,28.7,22.8,71.5,O,경고,X,매우높음
8/3/2023,울진(130),O,36.2,37.3,31.3,26.4,62,O,경고,O,매우높음
8/3/2023,청주(131),O,34.8,35.3,30.4,25.2,61.6,O,심각,O,매우높음
8/3/2023,대전(133),O,34.3,34.4,29.2,23.7,67.5,O,경고,O,매우높음
8/3/2023,추풍령(135),O,34,33.7,28,23.1,77,O,경고,X,매우높음
8/3/2023,안동(136),O,35,34.8,29.6,25.1,75.8,O,경고,O,매우높음
8/3/2023,상주(137),O,35.4,35.4,30.2,25.3,73.6,O,경고,O,매우높음
8/3/2023,포항(138),O,35.8,36.7,31.8,28,61.1,O,경고,O,매우높음
8/3/2023,군산(140),O,34.1,34.1,29.2,24,72.6,O,경고,O,매우높음
8/3/2023,대구(143),O,35.9,37.7,31.5,27,62.1,O,경고,O,매우높음
8/3/2023,전주(146),O,34.6,34.5,30.3,25.7,67.1,O,경고,O,매우높음
8/3/2023,울산(152),O,33.8,33.1,29.2,24.6,71.6,O,경고,X,매우높음
8/3/2023,창원(155),O,35.4,35.8,30,24.8,68.3,O,경고,O,매우높음
8/3/2023,광주(156),O,35.5,34.1,29.4,25.5,84.1,O,경고,O,매우높음
8/3/2023,부산(159),O,33.5,33.2,29.9,26.9,66.3,O,경고,O,매우높음
8/3/2023,통영(162),O,33.4,33,28.5,25,77.1,O,경고,X,매우높음
8/3/2023,목포(165),O,34.8,34.3,29.9,25.6,72.3,O,경고,O,매우높음
8/3/2023,여수(168),O,33.2,32.8,29.1,25.7,71.5,O,경고,O,매우높음
8/3/2023,흑산도(169),X,32.1,30.9,26.9,24.6,81.9,O,주의,X,매우높음
8/3/2023,완도(170),O,33.5,32.7,27.9,24,82,O,경고,X,매우높음
8/3/2023,고창(172),O,35,35.3,29.1,23.7,75.8,O,경고,X,매우높음
8/3/2023,제주(184),O,34.6,34.8,31,27.9,67.8,O,경고,O,매우높음
8/3/2023,진주(192),O,34.6,34.7,28.9,23.7,77.1,O,경고,X,매우높음
8/3/2023,양평(202),O,33.3,33.8,27.8,22.4,72.3,O,경고,X,높음
8/3/2023,이천(203),O,34,33.7,28,22.1,76.9,O,경고,X,높음
8/3/2023,인제(211),X,32.8,32.9,27.5,22.3,74.6,O,경고,X,낮음
8/3/2023,홍천(212),X,32.9,33.2,27.3,22,75,O,경고,X,낮음
8/3/2023,태백(216),X,31.1,31.6,26.1,22,65.9,O,주의,X,낮음
8/3/2023,정선군(217),O,33.9,34.8,28,22.4,70.1,O,경고,X,낮음
8/3/2023,제천(221),X,32.5,32.2,26.2,21.1,80.9,O,경고,X,매우높음
8/3/2023,보은(226),O,33.6,33.7,28,22.7,78.3,O,경고,X,매우높음
8/3/2023,천안(232),O,33.6,33.6,27.9,21.7,74.8,O,경고,X,매우높음
8/3/2023,보령(235),O,34.2,34.4,28.7,23.3,70.3,O,경고,O,매우높음
8/3/2023,부여(236),O,34.7,34.6,28.9,23.2,75.3,O,경고,X,매우높음
8/3/2023,금산(238),O,34,34.1,28.7,23.6,75.6,O,경고,X,매우높음
8/3/2023,세종(239),O,34.5,34.4,28.9,23.1,71,O,경고,O,매우높음
8/3/2023,부안(243),O,34.8,35,29.3,24.5,71.1,O,경고,O,매우높음
8/3/2023,임실(244),O,34.4,34.6,28.2,23.9,77.3,O,경고,X,매우높음
8/3/2023,정읍(245),O,35.2,35,28.9,23.6,73.1,O,경고,X,매우높음
8/3/2023,남원(247),O,34.8,34.9,28.9,24.2,77.3,O,경고,X,매우높음
8/3/2023,장수(248),O,33.2,33.4,26.9,21.5,80.6,O,경고,X,매우높음
8/3/2023,영광군(252),O,35.5,35.3,29.1,24.2,75.6,O,경고,X,매우높음
8/3/2023,김해시(253),O,35.9,35.2,29.9,25.4,74.6,O,경고,O,매우높음
8/3/2023,순창군(254),O,35.5,35.8,28.7,24.3,78.5,O,경고,X,매우높음
8/3/2023,양산시(257),O,36.4,36.9,31,25.8,68.1,O,경고,O,매우높음
8/3/2023,강진군(259),O,34.5,34.5,29.2,24.4,75.4,O,경고,X,매우높음
8/3/2023,장흥(260),O,34,33.8,28.3,23.2,79.1,O,경고,X,매우높음
8/3/2023,해남(261),O,34.1,33.8,28.6,23.7,79.3,O,경고,X,매우높음
8/3/2023,고흥(262),X,32.7,32.5,27.3,22.7,79.3,O,경고,X,매우높음
8/3/2023,의령군(263),O,35.9,35.8,29.5,23.7,74.4,O,경고,X,매우높음
8/3/2023,함양군(264),O,35.7,35.2,28.3,23.8,85.4,O,경고,X,매우높음
8/3/2023,진도군ASOS(268),O,34.1,33.7,28.8,23.8,76,O,경고,X,매우높음
8/3/2023,봉화(271),X,31.9,31.8,26.1,21.1,80,O,경고,X,매우높음
8/3/2023,영주(272),O,33.5,33.4,27.8,21.9,78.3,O,경고,X,매우높음
8/3/2023,문경(273),O,34.4,34.3,28.5,23,75.8,O,경고,X,매우높음
8/3/2023,청송군(276),O,34.5,35.8,28.6,23.1,71.9,O,경고,X,매우높음
8/3/2023,영덕(277),O,34.6,35,29.1,25.1,74.3,O,경고,X,매우높음
8/3/2023,의성(278),O,35.2,36.1,29.9,24.8,76.8,O,경고,X,매우높음
8/3/2023,구미(279),O,35,35.8,29.6,25,72.5,O,경고,O,매우높음
8/3/2023,영천(281),O,35,35.9,29.8,24,71.3,O,경고,X,매우높음
8/3/2023,경주시(283),O,36.9,37.8,30.4,24.7,70.5,O,심각,X,매우높음
8/3/2023,거창(284),O,33.9,33.8,27.3,22.8,80.6,O,경고,X,매우높음
8/3/2023,합천(285),O,35,35.8,29.4,23.9,71.1,O,경고,X,매우높음
8/3/2023,밀양(288),O,35.3,36.9,29.8,24.8,66.1,O,경고,X,매우높음
8/3/2023,산청(289),O,35.6,34.9,29,23.9,78.1,O,경고,X,매우높음
8/3/2023,거제(294),O,34.5,33.8,28.7,24.4,71.8,O,경고,X,매우높음
8/3/2023,남해(295),O,34.2,33.7,28.3,24,74.5,O,경고,X,매우높음
8/3/2023,부천(433),X,32.6,33.2,27.9,23.9,64,O,경고,O,매우높음
8/3/2023,안양(434),X,29.8,33.2,29,25.3,,O,경고,O,매우높음
8/3/2023,광명(437),O,33.9,35.1,30.2,26,62,O,경고,O,매우높음
8/3/2023,군포(438),O,33.8,34.6,29.4,24.6,63,O,경고,O,매우높음
8/3/2023,김포(441),X,,33.2,28.5,24.2,,O,경고,X,매우높음
8/3/2023,하남(444),O,33.5,34.1,27,21.9,69,O,경고,X,높음
8/3/2023,의왕(445),O,33.2,32.9,27.2,22.3,75,O,경고,X,매우높음
8/3/2023,포천(504),O,33.9,33.7,27.9,21.7,75,O,경고,X,높음
8/3/2023,가평조종(505),O,33.3,32.9,26.9,21,80,O,경고,X,높음
8/3/2023,안성(516),O,33.7,33.9,27.7,22.2,76,O,경고,X,매우높음
8/3/2023,간성(517),O,34.5,36,30,23.3,60,O,경고,O,낮음
8/3/2023,평창(526),X,32.3,33.7,26.6,22.4,71,O,주의,X,낮음
8/3/2023,의정부(532),O,34.5,33.4,27.8,22.5,84,O,경고,X,높음
8/3/2023,횡성(536),X,32.9,33.4,27.3,22.1,74,O,경고,X,낮음
8/3/2023,고양(540),X,,,,,,O,경고,X,매우높음
8/3/2023,남양주(541),O,34.8,35.3,28.5,22.5,71,O,경고,X,높음
8/3/2023,안산(545),O,34.1,34.2,27,21,79,O,경고,X,매우높음
8/3/2023,경기광주(546),X,32.9,33.7,27.5,21.9,68,O,경고,X,높음
8/3/2023,여주(548),O,33.3,33.3,27.7,22.2,75,O,경고,X,높음
8/3/2023,용인(549),X,32.2,33.4,27,21.6,71,O,경고,X,매우높음
8/3/2023,오산(550),O,34.7,35.3,28.3,22,74,O,경고,X,매우높음
8/3/2023,평택(551),O,34.7,34.8,28.5,23.3,77,O,경고,X,매우높음
8/3/2023,화천(555),O,34.4,33.4,26.6,21.1,86,O,경고,X,낮음
8/3/2023,양구(556),X,32.6,32.9,27.5,22.7,73,O,경고,X,낮음
8/3/2023,시흥(565),O,33.4,33.7,28.1,22.8,75,O,경고,X,매우높음
8/3/2023,구리(569),O,33.8,33.9,28.3,22.8,68,O,경고,X,높음
8/3/2023,화성(571),O,33.6,33.9,28.6,23.4,73,O,경고,O,매우높음
8/3/2023,성남(572),X,32.9,33.8,28.7,23.7,63,O,경고,O,매우높음
8/3/2023,과천(590),O,34.2,34.3,28.1,22.3,75,O,경고,X,높음
8/3/2023,양주(598),O,34.4,34.5,28.1,21.8,77,O,경고,X,높음
8/3/2023,단양(601),O,34.4,34.8,28.1,23.4,77,O,경고,X,매우높음
8/3/2023,진천(602),O,33.9,34.5,28.2,22.5,72,O,경고,X,매우높음
8/3/2023,괴산(603),O,34.5,34.3,27.9,21.7,78,O,경고,X,매우높음
8/3/2023,옥천(604),O,35.2,35.9,29.5,25.1,79,O,경고,O,매우높음
8/3/2023,홍북(608),O,34.5,34.9,27.7,21.7,73,O,경고,X,매우높음
8/3/2023,공주(612),O,35,35.2,28.7,22.3,73,O,경고,X,매우높음
8/3/2023,서천(614),O,34.1,33.4,28.1,22.6,78,O,경고,X,매우높음
8/3/2023,논산(615),O,34.8,35.3,29.8,24,74,O,경고,O,매우높음
8/3/2023,당진(616),O,34.5,33.9,28.1,22.3,78,O,경고,X,매우높음
8/3/2023,청양(618),O,35.2,35.4,27.7,21.5,77,O,경고,X,매우높음
8/3/2023,음성(619),X,32.8,32.4,26.5,20.6,78,O,경고,X,매우높음
8/3/2023,증평(623),O,34.5,34.1,28.4,22.5,79,O,경고,X,매우높음
8/3/2023,태안(627),O,34.9,35.4,28.9,24,74,O,경고,X,매우높음
8/3/2023,예산(628),O,34.8,34.5,28.8,23,75,O,경고,X,매우높음
8/3/2023,아산(634),O,34.7,34.8,28.4,22.9,72,O,경고,X,매우높음
8/3/2023,계룡(636),O,34,34.2,28,21.7,78,O,경고,X,매우높음
8/3/2023,연천청산(652),O,33.2,33.3,27.2,21.6,76,O,경고,X,높음
8/3/2023,양양(670),O,34.3,36,31.5,27.6,51,O,경고,O,낮음
8/3/2023,무안(699),O,34.7,34.7,29.6,24.8,73,O,경고,O,매우높음
8/3/2023,무주(701),O,34.6,34.7,28.7,23.4,76,O,경고,X,매우높음
8/3/2023,익산(702),O,34.5,35.8,29.5,24.5,71,O,경고,O,매우높음
8/3/2023,진안(703),O,33.3,33.4,27.4,21.8,79,O,경고,X,매우높음
8/3/2023,담양(706),O,36.3,35.4,29.6,25.1,84,O,경고,X,매우높음
8/3/2023,구례(709),O,36.1,35.7,29.3,24.6,80,O,경고,X,매우높음
8/3/2023,나주(710),O,35.3,34.7,29.2,24.5,80,O,경고,X,매우높음
8/3/2023,순천시(712),O,34.9,34.2,29.4,25.1,82,O,경고,X,매우높음
8/3/2023,광양읍(713),O,35.3,35.4,29.9,24.9,73,O,경고,X,매우높음
8/3/2023,장성(730),O,34.6,34.7,28.5,23.7,80,O,경고,X,매우높음
8/3/2023,영암(731),O,34.8,34.5,29.1,24,78,O,경고,X,매우높음
8/3/2023,보성(732),O,33,32.2,27.1,22.8,81,O,경고,X,매우높음
8/3/2023,완주(734),O,34.8,34.8,28.9,23,77,O,경고,X,매우높음
8/3/2023,김제(737),O,35.7,35.6,29.8,25.1,73,O,경고,O,매우높음
8/3/2023,화순(741),O,35.6,34.8,28.7,23.9,78,O,경고,X,매우높음
8/3/2023,함평(754),O,34.9,35.2,29.4,24.5,76,O,경고,X,매우높음
8/3/2023,곡성(768),O,35.5,34.8,28.2,24,83,O,경고,X,매우높음
8/3/2023,압해도(789),O,35.1,34.2,28.7,24.2,81,O,경고,X,매우높음
8/3/2023,영양(801),O,34.1,34.2,28.6,23.8,80,O,경고,X,매우높음
8/3/2023,성주(810),O,35.7,36.8,29.9,24.9,70,O,경고,X,매우높음
8/3/2023,고령(812),O,35.3,36.1,29.3,23.6,79,O,경고,X,매우높음
8/3/2023,청도(813),O,35.6,36.1,29,23.7,73,O,경고,X,매우높음
8/3/2023,예천(815),O,34.8,35.4,29.3,23.8,74,O,경고,X,매우높음
8/3/2023,김천(822),O,36.1,35.6,28.3,23.6,85,O,경고,X,매우높음
8/3/2023,군위(823),O,36.5,36.7,29.8,24.8,79,O,경고,X,매우높음
8/3/2023,칠곡(825),O,35.4,35.8,30.2,25.3,78,O,경고,O,매우높음
8/3/2023,경산(827),O,35.9,37.3,31.1,26.1,64,O,경고,O,매우높음
8/3/2023,삼척(876),O,35,37.2,32.1,27.3,47,O,경고,O,낮음
8/3/2023,속초(90),O,34.9,36.3,31.5,25.1,54.4,O,경고,O,낮음
8/3/2023,삼천포(907),O,34,33.4,27.7,23.4,80,O,경고,X,매우높음
8/3/2023,고성(918),O,34.5,33.6,28.4,23.4,80,O,경고,X,매우높음
8/3/2023,창녕(919),O,36.3,36.5,30.2,24.6,76,O,경고,X,매우높음
8/3/2023,함안(920),O,35.1,34.9,28.9,24,79,O,경고,X,매우높음
8/3/2023,북춘천(93),O,33.7,33.7,27.7,22.1,77.6,O,경고,X,낮음
8/3/2023,하동(932),O,35,35.3,29.3,24.2,75,O,경고,X,매우높음
8/3/2023,철원(95),X,32.9,32.2,27.4,21.7,78.5,O,경고,X,낮음
8/3/2023,동두천(98),O,33.7,32.4,27.4,22.3,80.4,O,경고,X,높음
8/3/2023,파주(99),O,33.7,32.2,26.9,22.1,85.6,O,경고,X,매우높음
8/4/2023,북강릉(104),O,34.5,34.9,30.9,26.8,61.5,O,경고,O,낮음
8/4/2023,동해(106),O,34.7,34.9,30.1,25.6,64.4,O,주의,O,낮음
8/4/2023,서울(108),O,34.5,34.4,30,26.5,67.6,O,경고,O,높음
8/4/2023,인천(112),O,33.1,32.6,29.2,26.5,69.8,O,경고,O,매우높음
8/4/2023,원주(114),X,32.8,33.2,28.4,24.3,70.1,O,경고,O,낮음
8/4/2023,울릉도(115),O,33.7,31.8,29.2,27.2,78.1,O,주의,O,매우높음
8/4/2023,수원(119),O,33.9,33.9,29.2,25.4,70.3,O,경고,O,높음
8/4/2023,영월(121),O,33.5,33.7,26.9,22.4,77.3,O,경고,X,낮음
8/4/2023,충주(127),O,34.7,34.7,28.7,24.2,76,O,경고,O,높음
8/4/2023,서산(129),O,34.5,34.5,29.3,24.5,71.8,O,경고,X,높음
8/4/2023,울진(130),O,35.2,35.7,29.5,26.9,70.4,O,경고,O,매우높음
8/4/2023,청주(131),O,35.4,36,31.1,26.6,61.4,O,경고,O,매우높음
8/4/2023,대전(133),O,35.2,34.8,29.6,25.2,70.3,O,경고,O,매우높음
8/4/2023,추풍령(135),O,33.8,33.4,27.8,23.3,78.4,O,경고,X,매우높음
8/4/2023,안동(136),O,35,34.9,29.6,25.1,77.9,O,경고,O,매우높음
8/4/2023,상주(137),O,35.5,35.2,30,25.6,76,O,경고,O,매우높음
8/4/2023,포항(138),O,35.2,35.9,31.2,27.6,63.8,O,경고,O,매우높음
8/4/2023,군산(140),O,34.4,33.9,29.6,25.5,75.8,O,경고,O,매우높음
8/4/2023,대구(143),O,34.3,34.7,30.5,26,66,O,경고,O,매우높음
8/4/2023,전주(146),O,34.5,34.6,30.2,25.9,67.8,O,경고,O,높음
8/4/2023,울산(152),O,34.4,34.9,29,24.9,72.5,O,경고,X,매우높음
8/4/2023,창원(155),O,34.9,35.4,29.9,25.6,70.3,O,경고,O,매우높음
8/4/2023,광주(156),O,35.4,34.4,29.6,25,84,O,경고,O,매우높음
8/4/2023,부산(159),O,33.7,33.7,30.2,26.8,64.3,O,경고,O,매우높음
8/4/2023,통영(162),O,33.6,33.4,28.8,24.6,73.9,O,경고,O,매우높음
8/4/2023,목포(165),O,34.6,33.9,29.5,26.2,73.5,O,경고,O,매우높음
8/4/2023,여수(168),X,32.7,32.1,29.2,25.7,70.3,O,경고,O,매우높음
8/4/2023,흑산도(169),X,31.7,30.3,27,23.9,80.6,O,주의,X,매우높음
8/4/2023,완도(170),O,33.5,32.2,28,24.7,84.1,O,경고,X,매우높음
8/4/2023,고창(172),O,34.9,34.8,29,24.1,77.4,O,경고,X,높음
8/4/2023,제주(184),O,34.3,34.2,30.7,28.4,69.4,O,경고,O,매우높음
8/4/2023,진주(192),O,34.7,34.3,28.6,24,78.1,O,경고,X,매우높음
8/4/2023,양평(202),O,34,34.1,28.5,24,74.1,O,경고,X,높음
8/4/2023,이천(203),O,34.9,34.5,28.9,24.2,79.3,O,경고,X,높음
8/4/2023,인제(211),O,33.4,33.5,27.5,22.8,77.5,O,경고,X,낮음
8/4/2023,홍천(212),O,34.1,34.3,27.9,23.2,76,O,경고,X,낮음
8/4/2023,태백(216),X,31.2,31.3,26.1,22.1,72.6,O,주의,X,낮음
8/4/2023,정선군(217),O,34.9,35.2,27.4,21.3,75,O,경고,X,낮음
8/4/2023,제천(221),O,33,32.6,26.7,22.4,84,O,경고,X,높음
8/4/2023,보은(226),O,34,33.9,28.6,23.8,78,O,경고,X,매우높음
8/4/2023,천안(232),O,34,34.2,28.8,23.9,74.4,O,경고,X,높음
8/4/2023,보령(235),O,34.1,34.1,29,25.2,72.5,O,경고,O,매우높음
8/4/2023,부여(236),O,35.5,35.5,29.7,24.8,76,O,경고,O,매우높음
8/4/2023,금산(238),O,34.2,34,28.6,23.9,78.4,O,경고,X,매우높음
8/4/2023,세종(239),O,35,35,29.5,25,72.3,O,경고,O,매우높음
8/4/2023,부안(243),O,34.4,34.1,29.2,25.5,74.8,O,경고,O,매우높음
8/4/2023,임실(244),O,34.1,33.6,28.1,22.8,77.1,O,경고,X,높음
8/4/2023,정읍(245),O,35,34.8,29.1,24.2,72.4,O,경고,X,매우높음
8/4/2023,남원(247),O,34.5,34.3,28.9,23.9,77.6,O,경고,X,매우높음
8/4/2023,장수(248),X,32.7,31.9,26.6,22.4,83.9,O,경고,X,높음
8/4/2023,영광군(252),O,34.5,34,29,24.7,77.1,O,경고,X,매우높음
8/4/2023,김해시(253),O,35.9,35.6,30,25.5,75.5,O,경고,O,매우높음
8/4/2023,순창군(254),O,34.9,35.1,29,23.6,76.1,O,경고,X,매우높음
8/4/2023,양산시(257),O,36.7,37.4,30.8,25.5,70.3,O,경고,O,매우높음
8/4/2023,강진군(259),O,34.1,33.6,28.8,24.6,78.6,O,경고,X,매우높음
8/4/2023,장흥(260),O,33.8,32.9,28,23.3,82.3,O,경고,X,매우높음
8/4/2023,해남(261),O,34,32.9,28.6,24.2,80.6,O,경고,X,매우높음
8/4/2023,고흥(262),X,32.6,31.8,27.3,23.1,79.9,O,경고,X,매우높음
8/4/2023,의령군(263),O,35.6,35.4,29.1,23.9,75.1,O,경고,X,높음
8/4/2023,함양군(264),O,35.6,34.8,28.6,23.4,84,O,경고,X,매우높음
8/4/2023,진도군ASOS(268),O,33.7,32.7,28.5,24.4,79.5,O,경고,X,매우높음
8/4/2023,봉화(271),X,32.2,31.7,25.7,21.6,83.9,O,경고,X,매우높음
8/4/2023,영주(272),O,33.8,33.8,27.7,22.8,81.4,O,경고,X,매우높음
8/4/2023,문경(273),O,34.9,34.5,28.5,23.9,80.8,O,경고,X,높음
8/4/2023,청송군(276),O,34.4,34.8,28.2,23,75.9,O,경고,X,높음
8/4/2023,영덕(277),O,35,35.3,29.3,24.1,74.3,O,경고,X,매우높음
8/4/2023,의성(278),O,35.3,35.6,29.3,24.6,80.4,O,경고,X,매우높음
8/4/2023,구미(279),O,34.3,34.4,29.3,25,73.9,O,경고,X,매우높음
8/4/2023,영천(281),O,34.9,35.1,29.3,23.7,74.9,O,경고,X,높음
8/4/2023,경주시(283),O,36.2,36.7,29.9,23.7,74.3,O,경고,X,높음
8/4/2023,거창(284),O,33.9,33.5,27.3,22.5,82.3,O,경고,X,높음
8/4/2023,합천(285),O,34.5,34.5,28.7,23.6,75.1,O,경고,X,높음
8/4/2023,밀양(288),O,34.7,35.7,30.2,24.8,66.1,O,경고,O,높음
8/4/2023,산청(289),O,35.4,34.8,28.5,23.5,79.1,O,경고,X,매우높음
8/4/2023,거제(294),O,33.9,33.6,28.6,24.4,74.4,O,경고,X,매우높음
8/4/2023,남해(295),O,33.8,33.7,28.3,24.1,74.9,O,경고,X,매우높음
8/4/2023,부천(433),O,33,33.8,28.8,25.2,61,O,경고,X,매우높음
8/4/2023,안양(434),X,30.1,33.5,29.8,26.6,,O,경고,O,높음
8/4/2023,광명(437),O,34.9,35.9,31.3,27.8,59,O,경고,O,높음
8/4/2023,군포(438),O,34.2,35,30.4,26.5,60,O,경고,O,높음
8/4/2023,김포(441),X,,34.1,29,24.7,,O,경고,X,매우높음
8/4/2023,하남(444),O,33.7,33.9,27.8,23.1,70,O,경고,X,높음
8/4/2023,의왕(445),O,33.6,33.2,28.1,23.9,73,O,경고,X,높음
8/4/2023,포천(504),O,35.1,34.6,28.2,23.2,77,O,경고,X,높음
8/4/2023,가평조종(505),O,33.9,33.4,27.6,22.3,82,O,경고,X,높음
8/4/2023,안성(516),O,34.4,34.3,28.6,24,80,O,경고,X,높음
8/4/2023,간성(517),O,35.5,36.2,30.1,25.1,63,O,경고,X,낮음
8/4/2023,평창(526),O,33.1,33.3,26.5,22,75,O,주의,X,낮음
8/4/2023,의정부(532),O,35.4,34.1,28.6,23.8,85,O,경고,X,높음
8/4/2023,횡성(536),O,34.1,34.6,28,23.2,76,O,경고,X,낮음
8/4/2023,고양(540),X,,,,,,O,경고,X,높음
8/4/2023,남양주(541),O,35.2,35.2,28.9,24,73,O,경고,X,높음
8/4/2023,안산(545),O,34.1,34.3,28,23,77,O,경고,X,높음
8/4/2023,경기광주(546),O,33.6,34.5,28.3,23.3,68,O,경고,X,높음
8/4/2023,여주(548),O,34,33.4,28.3,23.8,77,O,경고,X,높음
8/4/2023,용인(549),O,33,33.7,27.9,23.4,71,O,경고,X,높음
8/4/2023,오산(550),O,35.3,35.5,29.2,24,73,O,경고,X,높음
8/4/2023,평택(551),O,35.6,35.7,29.5,24.9,77,O,경고,O,높음
8/4/2023,화천(555),O,34.5,34.4,27.1,23,88,O,경고,X,낮음
8/4/2023,양구(556),O,33.4,33.7,27.4,22.4,76,O,경고,X,낮음
8/4/2023,시흥(565),O,34.1,34,29,24.1,75,O,경고,X,매우높음
8/4/2023,구리(569),O,34.4,34.5,28.5,24,70,O,경고,X,높음
8/4/2023,화성(571),O,34.6,34.7,29.5,25.5,70,O,경고,O,높음
8/4/2023,성남(572),O,33.6,34.4,29.5,25.1,62,O,경고,O,높음
8/4/2023,과천(590),O,34.8,35.1,29,23.8,74,O,경고,X,높음
8/4/2023,양주(598),O,34.6,34.5,28.3,23.4,78,O,경고,X,높음
8/4/2023,단양(601),O,34.8,34.9,28.1,23.5,79,O,경고,X,높음
8/4/2023,진천(602),O,34.7,35.3,29.1,24.5,72,O,경고,X,높음
8/4/2023,괴산(603),O,34.7,34.9,28.6,23.8,79,O,경고,X,높음
8/4/2023,옥천(604),O,35.3,35.3,29.7,25.5,79,O,경고,O,매우높음
8/4/2023,홍북(608),O,35.2,34.9,28.2,22.8,75,O,경고,X,높음
8/4/2023,공주(612),O,35,35.1,29.5,24,75,O,경고,X,매우높음
8/4/2023,서천(614),O,33.9,33,28.4,24,81,O,경고,X,매우높음
8/4/2023,논산(615),O,35.8,35.9,30.1,25.4,76,O,경고,O,매우높음
8/4/2023,당진(616),O,34.8,34.4,28.7,23.9,78,O,경고,X,높음
8/4/2023,청양(618),O,35.3,35.2,28.6,23.2,79,O,경고,X,매우높음
8/4/2023,음성(619),O,33.5,32.9,27.4,22.8,80,O,경고,X,높음
8/4/2023,증평(623),O,34.9,34.4,29.1,24.7,78,O,경고,X,높음
8/4/2023,태안(627),O,35,35.3,29.3,24.3,73,O,경고,X,매우높음
8/4/2023,예산(628),O,35,34.8,29.5,24.7,75,O,경고,O,높음
8/4/2023,아산(634),O,35.5,35.4,29.3,24.3,73,O,경고,O,높음
8/4/2023,계룡(636),O,34.7,34.5,28.1,22.9,80,O,경고,X,매우높음
8/4/2023,연천청산(652),O,33.6,33.6,27.7,22.9,77,O,경고,X,높음
8/4/2023,양양(670),O,35,36.7,32.3,28.8,53,O,경고,O,낮음
8/4/2023,무안(699),O,34.8,34.5,29.3,25,76,O,경고,X,매우높음
8/4/2023,무주(701),O,34.4,34.3,28.3,23.5,78,O,경고,X,매우높음
8/4/2023,익산(702),O,34.5,35,29.7,25.5,73,O,경고,O,매우높음
8/4/2023,진안(703),O,33.4,32.9,27.7,22.1,79,O,경고,X,매우높음
8/4/2023,담양(706),O,35.9,35.2,29.5,24.4,84,O,경고,X,매우높음
8/4/2023,구례(709),O,35.4,34.7,28.8,23.6,82,O,경고,X,매우높음
8/4/2023,나주(710),O,34.7,33.9,28.7,23.8,82,O,경고,X,매우높음
8/4/2023,순천시(712),O,35.3,34.4,28.9,24.9,83,O,경고,X,매우높음
8/4/2023,광양읍(713),O,34.5,34.1,29.2,24.5,75,O,경고,X,매우높음
8/4/2023,장성(730),O,34.5,33.9,28.5,23.8,81,O,경고,X,매우높음
8/4/2023,영암(731),O,35.1,34.5,28.8,23.6,81,O,경고,X,매우높음
8/4/2023,보성(732),X,32.9,31.8,26.8,22.3,83,O,경고,X,매우높음
8/4/2023,완주(734),O,35.2,34.9,29.1,24,78,O,경고,X,높음
8/4/2023,김제(737),O,35.1,34.1,29.8,25.4,76,O,경고,O,매우높음
8/4/2023,화순(741),O,34.6,33.9,28.4,23.5,77,O,경고,X,매우높음
8/4/2023,함평(754),O,34.6,34,29.2,24.9,79,O,경고,X,매우높음
8/4/2023,곡성(768),O,35.8,35.1,28,23,84,O,경고,X,매우높음
8/4/2023,압해도(789),O,35.4,34.1,28.1,24.5,84,O,경고,X,매우높음
8/4/2023,영양(801),O,34.8,34.5,28.3,23.7,83,O,경고,X,매우높음
8/4/2023,성주(810),O,35.5,36.1,29.7,24.6,73,O,경고,X,매우높음
8/4/2023,고령(812),O,34.7,35,28.3,23.4,84,O,경고,X,높음
8/4/2023,청도(813),O,34.7,34.7,28.4,23,78,O,경고,X,높음
8/4/2023,예천(815),O,35,35,29.5,24.3,74,O,경고,X,매우높음
8/4/2023,김천(822),O,35.8,35.2,28.9,23.7,84,O,경고,X,매우높음
8/4/2023,군위(823),O,35.4,35.6,29.1,24.5,81,O,경고,X,매우높음
8/4/2023,칠곡(825),O,35.2,34.9,29.6,25,81,O,경고,X,매우높음
8/4/2023,경산(827),O,35.6,36,30.5,25.5,68,O,경고,O,높음
8/4/2023,삼척(876),O,36.3,37.4,32.1,27.7,56,O,경고,O,낮음
8/4/2023,속초(90),O,35.8,36.6,31.2,26.7,60.6,O,경고,O,낮음
8/4/2023,삼천포(907),O,34.2,33.6,28.1,23.5,79,O,경고,X,매우높음
8/4/2023,고성(918),O,34.2,33.4,28.2,23.7,80,O,경고,X,매우높음
8/4/2023,창녕(919),O,35.4,35.1,29.5,24.4,79,O,경고,X,높음
8/4/2023,함안(920),O,34.9,34.1,28.5,24.3,83,O,경고,X,높음
8/4/2023,북춘천(93),O,34.8,34.7,28.3,23.2,78.3,O,경고,X,낮음
8/4/2023,하동(932),O,34.5,34.3,28.9,24.1,76,O,경고,X,매우높음
8/4/2023,철원(95),O,33.3,32.9,27.6,22.5,80,O,경고,X,낮음
8/4/2023,동두천(98),O,33.8,32.9,27.9,23.3,79.8,O,경고,X,높음
8/4/2023,파주(99),O,33.7,32.5,27.3,23.7,86,O,경고,X,높음
8/5/2023,북강릉(104),O,34.2,34.7,30,26.2,66.4,O,경고,O,낮음
8/5/2023,동해(106),O,33.5,33.5,28.5,25.7,76.1,O,경고,X,낮음
8/5/2023,서울(108),O,34.7,34.9,30.3,26.4,69,O,경고,O,매우높음
8/5/2023,인천(112),O,33.6,32.8,28.7,25.9,73.8,O,경고,O,매우높음
8/5/2023,원주(114),O,33.5,34.1,29.2,25.1,67.9,O,경고,X,낮음
8/5/2023,울릉도(115),O,33.9,32.2,28.8,26.4,78.4,O,주의,O,매우높음
8/5/2023,수원(119),O,34.1,34.1,29.1,25,72.3,O,경고,O,매우높음
8/5/2023,영월(121),O,34.1,34.8,28.3,23.1,74.3,O,경고,X,낮음
8/5/2023,충주(127),O,34.7,34.5,29.3,25,76.1,O,경고,X,높음
8/5/2023,서산(129),O,34.6,34.6,29.1,24.9,71,O,경고,X,높음
8/5/2023,울진(130),O,33.6,32.8,27.2,23.4,78.9,O,경고,X,매우높음
8/5/2023,청주(131),O,35.5,36,31.1,27.3,62.4,O,경고,O,매우높음
8/5/2023,대전(133),O,35,35.3,30,25.9,67.1,O,경고,X,매우높음
8/5/2023,추풍령(135),O,34.1,33.9,28.2,23.7,78.3,O,경고,X,매우높음
8/5/2023,안동(136),O,35.7,35.6,29.9,25.1,77.3,O,경고,O,매우높음
8/5/2023,상주(137),O,36,35.7,30,25.7,78.3,O,경고,X,매우높음
8/5/2023,포항(138),O,34.2,34.3,31.1,27.6,63.5,O,경고,O,매우높음
8/5/2023,군산(140),O,34.4,33.8,29.4,25.7,78.3,O,경고,O,매우높음
8/5/2023,대구(143),O,36.1,37.2,31.5,25.7,64.3,O,경고,O,매우높음
8/5/2023,전주(146),O,34.8,34.6,30.2,26.4,71.4,O,경고,O,매우높음
8/5/2023,울산(152),O,34,33.2,29.1,24.7,72.6,O,경고,O,매우높음
8/5/2023,창원(155),O,35.3,35.1,29.7,25.8,73.3,O,경고,O,매우높음
8/5/2023,광주(156),O,36.1,35.7,30.2,25.4,82.6,O,경고,O,매우높음
8/5/2023,부산(159),O,34,33.4,30,27.3,68.9,O,경고,O,매우높음
8/5/2023,통영(162),O,34.8,34.5,29.5,25.2,73.6,O,경고,O,매우높음
8/5/2023,목포(165),O,35,34.4,29.1,25.3,78,O,경고,O,매우높음
8/5/2023,여수(168),O,33.6,33.2,29.5,25.6,70.9,O,경고,O,매우높음
8/5/2023,흑산도(169),X,31.5,30.2,26.5,23.8,86.8,O,주의,X,매우높음
8/5/2023,완도(170),O,34.9,34.4,29.1,24.6,77.9,O,경고,O,매우높음
8/5/2023,고창(172),O,35.4,34.8,28.9,24.1,78.6,O,경고,X,매우높음
8/5/2023,제주(184),O,33.7,33.3,30.2,27.6,72,O,경고,O,매우높음
8/5/2023,진주(192),O,36.3,36.7,29.4,23.2,76.6,O,경고,X,매우높음
8/5/2023,양평(202),O,34,34.9,29.4,24.8,71.8,O,경고,X,매우높음
8/5/2023,이천(203),O,35.4,35.1,29.6,24.6,76.6,O,경고,X,높음
8/5/2023,인제(211),O,34,34.9,28.4,23.7,73,O,경고,X,낮음
8/5/2023,홍천(212),O,34.5,35.3,28.9,23.9,73,O,경고,X,낮음
8/5/2023,태백(216),O,33,33.3,26.3,20.8,76.5,O,주의,X,낮음
8/5/2023,정선군(217),O,36.3,37.5,29.2,22.5,69.9,O,경고,X,낮음
8/5/2023,제천(221),O,33.8,33.8,27.8,23.1,81.5,O,경고,X,높음
8/5/2023,보은(226),O,34.4,34.5,28.7,24.2,77.4,O,경고,X,매우높음
8/5/2023,천안(232),O,34.2,34.1,28.8,24.2,72.5,O,경고,X,매우높음
8/5/2023,보령(235),O,34.5,34.1,28.8,25.3,75.1,O,경고,X,매우높음
8/5/2023,부여(236),O,35.5,35.2,29.8,25.6,73.9,O,경고,X,매우높음
8/5/2023,금산(238),O,34.9,34.7,28.9,24.6,77.5,O,경고,X,매우높음
8/5/2023,세종(239),O,34.7,34.8,29.2,25.2,70.8,O,경고,X,매우높음
8/5/2023,부안(243),O,35,34.7,29.3,25.1,75.1,O,경고,O,매우높음
8/5/2023,임실(244),O,34.6,34.4,28.6,23.3,76.9,O,경고,X,매우높음
8/5/2023,정읍(245),O,35.1,34.9,29.3,24.6,74,O,경고,X,매우높음
8/5/2023,남원(247),O,35.7,36.1,29.7,24,77.1,O,경고,O,매우높음
8/5/2023,장수(248),O,33.9,33.6,27.2,22,82.6,O,경고,X,매우높음
8/5/2023,영광군(252),O,35.1,34.7,28.9,24.5,78.3,O,경고,X,매우높음
8/5/2023,김해시(253),O,36.4,35.2,30,25.5,75.8,O,경고,O,매우높음
8/5/2023,순창군(254),O,35.8,36.5,29.5,23.9,75.4,O,경고,X,매우높음
8/5/2023,양산시(257),O,37.1,37,31,25.7,70.4,O,경고,O,매우높음
8/5/2023,강진군(259),O,36.2,36.6,30.3,24.3,75.5,O,경고,O,매우높음
8/5/2023,장흥(260),O,35.6,35.9,29,23.3,79.6,O,경고,O,매우높음
8/5/2023,해남(261),O,36.1,36,29.1,23.9,78.9,O,경고,X,매우높음
8/5/2023,고흥(262),O,34.1,34.1,28.4,22.7,76.8,O,경고,X,매우높음
8/5/2023,의령군(263),O,37,37.6,30.5,23.4,73.9,O,경고,X,매우높음
8/5/2023,함양군(264),O,37,37.1,29.5,24,83,O,경고,X,매우높음
8/5/2023,진도군ASOS(268),O,34.7,34.1,28.6,24,78.4,O,경고,X,매우높음
8/5/2023,봉화(271),X,32.9,33.1,26.9,21.4,78.4,O,경고,X,높음
8/5/2023,영주(272),O,34.4,34.7,28.4,22.7,76.9,O,경고,X,매우높음
8/5/2023,문경(273),O,34.8,34.8,29.5,24.3,75,O,경고,X,높음
8/5/2023,청송군(276),O,35.3,36.2,29.1,23.2,71.5,O,경고,X,매우높음
8/5/2023,영덕(277),O,33.9,33.1,28.2,24.1,77,O,경고,X,매우높음
8/5/2023,의성(278),O,36,36.7,29.7,24,77.5,O,경고,X,매우높음
8/5/2023,구미(279),O,35.7,36.2,29.8,24.9,73.5,O,경고,O,매우높음
8/5/2023,영천(281),O,35.2,35.7,29.6,24.4,75.3,O,경고,X,매우높음
8/5/2023,경주시(283),O,36.4,37.3,30.1,24.5,74,O,경고,X,매우높음
8/5/2023,거창(284),O,34.9,34.4,28,22.8,80.5,O,경고,X,매우높음
8/5/2023,합천(285),O,35.6,36.5,29.7,23,73.4,O,경고,O,매우높음
8/5/2023,밀양(288),O,36.5,37.8,30.8,25.1,66.5,O,경고,O,매우높음
8/5/2023,산청(289),O,36.4,36.4,29.5,23.1,77.8,O,경고,O,매우높음
8/5/2023,거제(294),O,34.2,33.7,29.2,24.4,75.6,O,경고,O,매우높음
8/5/2023,남해(295),O,34.7,34.6,29.1,24.1,73.3,O,경고,O,매우높음
8/5/2023,부천(433),O,34,34.6,28.7,24.8,64,O,경고,O,매우높음
8/5/2023,안양(434),X,31,34.2,29.7,26.5,,O,경고,O,매우높음
8/5/2023,광명(437),O,35.1,36.3,30.8,27.6,64,O,경고,O,매우높음
8/5/2023,군포(438),O,34.9,35.8,30.3,26.6,64,O,경고,O,매우높음
8/5/2023,김포(441),X,,34.6,29.1,24.9,,O,경고,O,높음
8/5/2023,하남(444),O,34.4,34.8,28.8,23.4,69,O,경고,X,매우높음
8/5/2023,의왕(445),O,34,33.9,28.4,23.7,73,O,경고,X,매우높음
8/5/2023,포천(504),O,35,35.1,28.9,23.1,75,O,경고,X,매우높음
8/5/2023,가평조종(505),O,34.4,34.6,28.3,22.4,78,O,경고,X,매우높음
8/5/2023,안성(516),O,34.2,34.3,28.7,24.5,78,O,경고,X,높음
8/5/2023,간성(517),O,34.4,36,29.5,24.2,67,O,경고,X,낮음
8/5/2023,평창(526),O,33.7,34.3,27.4,22.3,73,O,주의,X,낮음
8/5/2023,의정부(532),O,35.4,34.5,28.9,23.9,84,O,경고,O,매우높음
8/5/2023,횡성(536),O,34.8,35.6,29,23.9,72,O,경고,X,낮음
8/5/2023,고양(540),X,,,,,,O,경고,X,높음
8/5/2023,남양주(541),O,35.6,36,29.8,24.1,71,O,경고,O,매우높음
8/5/2023,안산(545),O,34.1,34.1,28.2,22.8,77,O,경고,X,매우높음
8/5/2023,경기광주(546),O,33.8,34.6,28.9,23.9,68,O,경고,X,높음
8/5/2023,여주(548),O,34.4,34.2,28.7,24.3,78,O,경고,X,높음
8/5/2023,용인(549),O,33.1,33.6,28.3,23.8,70,O,경고,X,높음
8/5/2023,오산(550),O,35.6,35.9,29.6,24.4,73,O,경고,X,높음
8/5/2023,평택(551),O,34.7,34.8,29.4,25.6,77,O,경고,X,높음
8/5/2023,화천(555),O,35.3,35,27.6,22.7,87,O,경고,X,낮음
8/5/2023,양구(556),O,34.2,35.4,28.5,23.4,72,O,경고,X,낮음
8/5/2023,시흥(565),O,34.4,34.5,29.1,24.1,75,O,경고,X,매우높음
8/5/2023,구리(569),O,34.6,35,29.8,24.4,68,O,경고,O,매우높음
8/5/2023,화성(571),O,34.4,34.7,29.3,25.4,71,O,경고,O,매우높음
8/5/2023,성남(572),O,34.2,35.1,30,25.3,65,O,경고,O,높음
8/5/2023,과천(590),O,34.7,34.7,29,23.8,76,O,경고,X,매우높음
8/5/2023,양주(598),O,35.5,36,28.8,22.7,78,O,경고,X,매우높음
8/5/2023,단양(601),O,35.4,35.6,28.9,23.8,77,O,경고,X,높음
8/5/2023,진천(602),O,34.6,35.2,29.2,24.8,71,O,경고,X,매우높음
8/5/2023,괴산(603),O,35.1,35.2,28.8,24,79,O,경고,X,매우높음
8/5/2023,옥천(604),O,35.6,35.7,30.1,26,75,O,경고,O,매우높음
8/5/2023,홍북(608),O,35,34.3,28,23.6,77,O,경고,X,높음
8/5/2023,공주(612),O,35.4,34.7,28.9,24.5,75,O,경고,X,매우높음
8/5/2023,서천(614),O,34.4,33.7,28.3,24.5,82,O,경고,X,매우높음
8/5/2023,논산(615),O,35.8,36.2,30.3,26.1,73,O,경고,X,매우높음
8/5/2023,당진(616),O,34.6,34.1,28.5,24.3,78,O,경고,X,높음
8/5/2023,청양(618),O,35.5,35.1,28.5,23.7,79,O,경고,X,매우높음
8/5/2023,음성(619),O,33.6,33.4,27.8,23.3,78,O,경고,X,높음
8/5/2023,증평(623),O,35,34.9,29.4,24.9,78,O,경고,X,매우높음
8/5/2023,태안(627),O,35.7,35.7,29.2,24.5,73,O,경고,X,매우높음
8/5/2023,예산(628),O,35.1,35.1,29.4,25.4,75,O,경고,X,높음
8/5/2023,아산(634),O,34.5,35.1,29.4,25.3,72,O,경고,X,높음
8/5/2023,계룡(636),O,34.2,33.8,28.4,23.9,80,O,경고,X,매우높음
8/5/2023,연천청산(652),O,33.9,34.2,28.4,22.6,76,O,경고,O,높음
8/5/2023,양양(670),O,34.3,36,30.7,26.6,60,O,경고,O,낮음
8/5/2023,무안(699),O,36.2,36.5,29.6,24.7,76,O,경고,X,매우높음
8/5/2023,무주(701),O,34.6,34.7,28.8,24.2,76,O,경고,X,매우높음
8/5/2023,익산(702),O,34.5,34.6,29.3,25.6,76,O,경고,O,매우높음
8/5/2023,진안(703),O,34,34.1,27.5,22.5,80,O,경고,X,매우높음
8/5/2023,담양(706),O,37.2,37.2,30.4,24.5,80,O,경고,O,매우높음
8/5/2023,구례(709),O,36.5,36.1,29.2,23.5,82,O,경고,O,매우높음
8/5/2023,나주(710),O,35.7,35.5,29.4,23.7,78,O,경고,X,매우높음
8/5/2023,순천시(712),O,36.5,36.1,29.8,24.6,80,O,경고,O,매우높음
8/5/2023,광양읍(713),O,36.4,36.8,30.2,24.2,75,O,경고,O,매우높음
8/5/2023,장성(730),O,35.5,35.2,29.2,23.8,78,O,경고,X,매우높음
8/5/2023,영암(731),O,36.3,36,29.3,23.6,81,O,경고,X,매우높음
8/5/2023,보성(732),O,34.7,35,28,22.4,79,O,심각,X,매우높음
8/5/2023,완주(734),O,35.7,35.4,29,24.4,80,O,경고,X,매우높음
8/5/2023,김제(737),O,35.4,34.6,29.4,25.7,79,O,경고,X,매우높음
8/5/2023,화순(741),O,36.2,36.1,29.4,23.3,76,O,경고,X,매우높음
8/5/2023,함평(754),O,36.4,36.4,29.6,24.2,77,O,경고,O,매우높음
8/5/2023,곡성(768),O,37.2,36.7,29.4,23.3,82,O,경고,X,매우높음
8/5/2023,압해도(789),O,36.6,35.4,28.8,24.6,85,O,경고,O,매우높음
8/5/2023,영양(801),O,35.7,36.1,28.9,23.7,82,O,경고,X,매우높음
8/5/2023,성주(810),O,35.7,36.9,30.2,24.3,72,O,경고,O,매우높음
8/5/2023,고령(812),O,36.1,36.4,29.2,22.8,82,O,경고,X,매우높음
8/5/2023,청도(813),O,35.9,36.9,29.6,23.8,75,O,경고,X,매우높음
8/5/2023,예천(815),O,35.8,36.4,29.4,24.4,74,O,심각,X,매우높음
8/5/2023,김천(822),O,36.4,35.9,29.2,23.8,83,O,경고,X,매우높음
8/5/2023,군위(823),O,36.1,36,29.6,24,80,O,경고,X,매우높음
8/5/2023,칠곡(825),O,36.1,36.5,30.2,24.6,79,O,경고,O,매우높음
8/5/2023,경산(827),O,36.2,37.7,31.4,25.6,65,O,경고,O,매우높음
8/5/2023,삼척(876),O,35.3,36,31.1,26.2,61,O,경고,O,낮음
8/5/2023,속초(90),O,34.7,35.8,31,26.2,63.1,O,경고,O,낮음
8/5/2023,삼천포(907),O,34.8,34.2,28,23.1,79,O,경고,O,매우높음
8/5/2023,고성(918),O,36,34.9,29.1,23.5,79,O,경고,O,매우높음
8/5/2023,창녕(919),O,36.6,36.4,30.4,24.3,78,O,경고,O,매우높음
8/5/2023,함안(920),O,36.4,36.1,29.4,24.9,80,O,경고,O,매우높음
8/5/2023,북춘천(93),O,34.7,35.2,29,23.5,75.9,O,경고,X,낮음
8/5/2023,하동(932),O,36,36.3,29.7,23.5,76,O,경고,O,매우높음
8/5/2023,철원(95),O,33.4,33.4,28,22.2,78.8,O,경고,X,낮음
8/5/2023,동두천(98),O,34.3,33.4,28.2,23.2,81.5,O,경고,X,매우높음
8/5/2023,파주(99),O,34.2,32.7,27.5,22.5,87.5,O,경고,X,높음
8/6/2023,북강릉(104),X,31.6,29.6,26.5,24.5,90,O,경고,X,낮음
8/6/2023,동해(106),X,32,28.9,26.7,24.8,96.3,O,경고,O,낮음
8/6/2023,서울(108),O,34.2,33,29.8,27,76.5,O,경고,O,높음
8/6/2023,인천(112),O,34.2,32.8,29.4,26.4,79,O,경고,O,높음
8/6/2023,원주(114),O,33.9,34.2,28.1,24.7,74.3,O,경고,X,낮음
8/6/2023,울릉도(115),O,33.4,31.2,28.1,25.6,88,O,주의,O,높음
8/6/2023,수원(119),O,35.1,34.5,28.5,25,78.8,O,경고,O,높음
8/6/2023,영월(121),O,35.5,36.5,27.5,23.7,78.3,O,경고,X,낮음
8/6/2023,충주(127),O,34.8,34.4,29.1,24.7,76.9,O,경고,O,높음
8/6/2023,서산(129),O,35,34.6,28.5,24.7,79.4,O,경고,O,높음
8/6/2023,울진(130),X,32,29.9,26.9,23.1,87.9,O,경고,O,높음
8/6/2023,청주(131),O,35.9,36.4,31.2,26.2,62.9,O,경고,O,높음
8/6/2023,대전(133),O,35.3,35.7,29.5,24.8,71.4,O,경고,X,매우높음
8/6/2023,추풍령(135),O,33.8,33.2,28.6,23.2,75.4,O,경고,X,매우높음
8/6/2023,안동(136),O,35.3,35,29.6,25.3,75.8,O,경고,X,매우높음
8/6/2023,상주(137),O,36.1,35.7,30,24.8,77,O,경고,O,매우높음
8/6/2023,포항(138),X,31,28.9,27.2,25.7,81,O,경고,O,매우높음
8/6/2023,군산(140),O,34.7,33.6,28.7,24.3,76.8,O,경고,X,매우높음
8/6/2023,대구(143),O,35,35.6,30.4,26.4,67.5,O,경고,O,매우높음
8/6/2023,전주(146),O,36.3,35.5,29.6,25.3,75.5,O,경고,O,매우높음
8/6/2023,울산(152),O,33.5,33,29,25.6,71.9,O,경고,O,매우높음
8/6/2023,창원(155),O,34.7,34.9,30.3,26.5,67.8,O,경고,O,매우높음
8/6/2023,광주(156),O,36.2,35.6,29.9,26.3,87.9,O,경고,O,매우높음
8/6/2023,부산(159),O,34.2,34.7,30.9,28.1,62.8,O,경고,O,매우높음
8/6/2023,통영(162),O,34.1,34.1,30,27,70.3,O,경고,O,매우높음
8/6/2023,목포(165),O,34.6,33.4,28.6,25.6,81.6,O,경고,O,매우높음
8/6/2023,여수(168),O,33.2,32.2,29.4,26.9,72,O,경고,O,매우높음
8/6/2023,흑산도(169),X,31.6,29.6,26.4,24,90.1,O,주의,X,매우높음
8/6/2023,완도(170),O,34.9,34.2,29.5,25.9,78.3,O,경고,O,매우높음
8/6/2023,고창(172),O,35.2,34.6,28.5,24.5,80.1,O,경고,X,매우높음
8/6/2023,제주(184),O,33.7,32.8,30,28,74.4,O,경고,O,매우높음
8/6/2023,진주(192),O,35.1,34.5,29,24.6,80,O,경고,O,매우높음
8/6/2023,양평(202),O,34.1,34.1,29.4,24.7,70.6,O,경고,O,매우높음
8/6/2023,이천(203),O,35.6,35.6,29.1,24.4,79.1,O,경고,O,매우높음
8/6/2023,인제(211),O,34.7,34.7,28,23.6,77.5,O,경고,X,낮음
8/6/2023,홍천(212),O,35.8,36.8,27.9,23.3,77.8,O,경고,X,낮음
8/6/2023,태백(216),X,31.1,30,24.5,20.7,86.4,O,주의,X,낮음
8/6/2023,정선군(217),O,36.2,36.9,28.2,23,75.6,O,경고,X,낮음
8/6/2023,제천(221),O,34.4,34.3,27.7,23,81.9,O,경고,X,높음
8/6/2023,보은(226),O,34.1,34.2,29.2,23.7,74.4,O,경고,O,높음
8/6/2023,천안(232),O,34.7,35,29.1,23.3,74.4,O,경고,O,높음
8/6/2023,보령(235),O,34.6,34,29,24.6,75.3,O,경고,O,높음
8/6/2023,부여(236),O,35.9,36.2,29.8,24.3,74.6,O,경고,X,높음
8/6/2023,금산(238),O,34.9,35.2,28.7,23.3,76.6,O,경고,O,매우높음
8/6/2023,세종(239),O,35.9,35.9,29.2,24.1,73.5,O,경고,X,높음
8/6/2023,부안(243),O,34.6,34,28.9,25.3,75.3,O,경고,O,매우높음
8/6/2023,임실(244),O,35,34.9,28.3,23.9,78.3,O,경고,X,매우높음
8/6/2023,정읍(245),O,35.4,35.1,29.1,24.6,73.5,O,경고,O,매우높음
8/6/2023,남원(247),O,35.8,35.9,30.4,25.3,73.8,O,경고,O,매우높음
8/6/2023,장수(248),O,33.9,34,27.3,22.5,83,O,경고,X,매우높음
8/6/2023,영광군(252),O,34.7,33.8,28.9,24.7,77.3,O,경고,O,매우높음
8/6/2023,김해시(253),O,35.7,35.3,30.7,26.5,69.1,O,경고,O,매우높음
8/6/2023,순창군(254),O,36.4,36.7,29.7,24.7,76.9,O,경고,O,매우높음
8/6/2023,양산시(257),O,36.4,36.9,31.3,27.3,66,O,경고,O,매우높음
8/6/2023,강진군(259),O,36.1,36,30.5,25.6,75.4,O,경고,O,매우높음
8/6/2023,장흥(260),O,35.5,35.1,29.6,25,80.3,O,경고,O,매우높음
8/6/2023,해남(261),O,35.5,35.2,28.8,24.6,84.1,O,경고,X,매우높음
8/6/2023,고흥(262),O,34,33.8,28.2,24.3,78.6,O,경고,X,매우높음
8/6/2023,의령군(263),O,35.9,36,29.7,24.7,76.5,O,경고,X,매우높음
8/6/2023,함양군(264),O,35.8,34.9,29.3,24.9,84.9,O,경고,O,매우높음
8/6/2023,진도군ASOS(268),O,34,32.7,27.9,24.4,83.3,O,경고,X,매우높음
8/6/2023,봉화(271),X,32.7,32.6,26.5,22.3,79.9,O,경고,X,높음
8/6/2023,영주(272),O,34.5,34.8,27.4,23.1,83.6,O,경고,X,높음
8/6/2023,문경(273),O,35.2,35.2,28.8,23.9,81.3,O,경고,X,높음
8/6/2023,청송군(276),O,34.5,34.7,28.4,23.2,71.8,O,경고,X,높음
8/6/2023,영덕(277),X,32.2,30.8,26.8,23,85.5,O,경고,X,매우높음
8/6/2023,의성(278),O,36.3,37.1,29.6,24.3,76.4,O,경고,X,높음
8/6/2023,구미(279),O,35.4,35.7,29.3,25.5,75.1,O,경고,X,매우높음
8/6/2023,영천(281),O,34.1,33.9,28.7,23.9,75.6,O,경고,X,높음
8/6/2023,경주시(283),O,34.9,34.3,29,24.1,76.8,O,경고,O,매우높음
8/6/2023,거창(284),O,34,33.6,28.4,23.9,78.8,O,경고,X,매우높음
8/6/2023,합천(285),O,34.7,35.2,29.5,25.2,74.1,O,경고,X,매우높음
8/6/2023,밀양(288),O,34.8,36.1,30.5,25.5,63.9,O,경고,O,매우높음
8/6/2023,산청(289),O,35.6,35,29.3,25.1,79.5,O,경고,X,매우높음
8/6/2023,거제(294),O,33.8,33.7,29.6,26.9,72.4,O,경고,O,높음
8/6/2023,남해(295),O,33.9,33.5,28.6,25.9,77.9,O,경고,O,매우높음
8/6/2023,부천(433),O,33.4,33,28.5,25.8,72,O,경고,O,높음
8/6/2023,안양(434),X,30.9,34.4,29,24.1,,O,경고,X,높음
8/6/2023,광명(437),O,35.6,36.1,30.5,27.5,71,O,경고,O,높음
8/6/2023,군포(438),O,35.8,36.2,28.9,23.5,76,O,경고,X,높음
8/6/2023,김포(441),X,,34.8,29.1,26,,O,경고,O,높음
8/6/2023,하남(444),O,34.3,34.9,28.8,24.5,70,O,경고,O,높음
8/6/2023,의왕(445),O,34.8,33.7,26.8,23.1,86,O,경고,X,높음
8/6/2023,포천(504),O,35,34.6,29.1,24.8,80,O,경고,O,높음
8/6/2023,가평조종(505),O,34.6,34,28.4,23.8,84,O,경고,X,높음
8/6/2023,안성(516),O,35,35.4,29,23.8,78,O,경고,O,매우높음
8/6/2023,간성(517),X,30.3,27.5,25.7,23.8,91,O,경고,X,낮음
8/6/2023,평창(526),O,34.3,35.5,27.1,22.9,75,O,주의,X,낮음
8/6/2023,의정부(532),O,36,34.6,28.4,25.4,91,O,경고,O,높음
8/6/2023,횡성(536),O,35.2,36.1,28.8,23.8,72,O,경고,O,낮음
8/6/2023,고양(540),X,,,,,,O,경고,X,높음
8/6/2023,남양주(541),O,35,35.1,29.5,25.3,77,O,경고,O,높음
8/6/2023,안산(545),O,35.2,34.6,27.9,23.7,83,O,경고,X,높음
8/6/2023,경기광주(546),O,34.1,34.4,29.1,24.7,72,O,경고,O,높음
8/6/2023,여주(548),O,34.8,34.4,28.8,24.1,76,O,경고,X,매우높음
8/6/2023,용인(549),O,33.6,34.1,27.8,23.5,77,O,경고,X,매우높음
8/6/2023,오산(550),O,36.2,35.9,29.1,24,78,O,경고,O,높음
8/6/2023,평택(551),O,36.2,36.2,29.7,24.7,79,O,경고,O,높음
8/6/2023,화천(555),O,34.9,33.7,27.7,23.9,89,O,경고,X,낮음
8/6/2023,양구(556),O,34.2,34.8,27.8,23.4,77,O,경고,X,낮음
8/6/2023,시흥(565),O,35.5,34.9,28.2,24.4,86,O,경고,X,높음
8/6/2023,구리(569),O,34.4,34.5,29,25.2,74,O,경고,O,높음
8/6/2023,화성(571),O,35.3,34.4,29.1,25.1,79,O,경고,O,높음
8/6/2023,성남(572),O,34.8,,,,,O,경고,X,높음
8/6/2023,과천(590),O,35.6,34.7,28.2,24.6,84,O,경고,O,높음
8/6/2023,양주(598),O,36.1,35.6,29.3,24.8,80,O,경고,X,높음
8/6/2023,단양(601),O,35.7,36.2,28.6,24,80,O,경고,X,높음
8/6/2023,진천(602),O,35.5,36.2,29.6,24,71,O,경고,O,높음
8/6/2023,괴산(603),O,35.5,35.4,28.6,23.6,81,O,경고,X,높음
8/6/2023,옥천(604),O,36.1,36.8,30.4,25,75,O,경고,O,높음
8/6/2023,홍북(608),O,35.1,35.3,28,22.1,78,O,경고,X,높음
8/6/2023,공주(612),O,35.7,35.9,28.7,23.1,76,O,경고,X,높음
8/6/2023,서천(614),O,34.9,33.3,28,23.7,81,O,경고,X,매우높음
8/6/2023,논산(615),O,36.8,37.1,29.6,24.5,77,O,경고,X,매우높음
8/6/2023,당진(616),O,35.6,34.8,28.3,24.1,85,O,경고,X,높음
8/6/2023,청양(618),O,35.8,35.5,28.8,22.8,79,O,경고,X,높음
8/6/2023,음성(619),O,34.2,34.2,27.9,22.4,79,O,경고,X,높음
8/6/2023,증평(623),O,35.9,35.2,29.3,24,81,O,경고,O,높음
8/6/2023,태안(627),O,36.3,35.7,29,24.6,79,O,경고,X,매우높음
8/6/2023,예산(628),O,35.5,35.7,29.3,24.7,79,O,경고,O,높음
8/6/2023,아산(634),O,35.6,36,28.9,24.5,78,O,경고,O,높음
8/6/2023,계룡(636),O,35.1,34.7,28.2,21.7,80,O,경고,X,높음
8/6/2023,연천청산(652),O,34,33.5,28.3,25.4,83,O,경고,X,보통
8/6/2023,양양(670),X,31.8,29.6,26.7,25,88,O,경고,X,낮음
8/6/2023,무안(699),O,35.9,35.3,28.8,24.8,82,O,경고,X,매우높음
8/6/2023,무주(701),O,35.2,35.6,28.8,23.7,77,O,경고,X,매우높음
8/6/2023,익산(702),O,35.4,35.5,28.9,25,76,O,경고,O,매우높음
8/6/2023,진안(703),O,34.7,34.9,28,23.4,79,O,경고,X,매우높음
8/6/2023,담양(706),O,37.4,37.5,30.3,25.6,83,O,경고,O,매우높음
8/6/2023,구례(709),O,36.2,36,29.9,25.2,81,O,경고,X,매우높음
8/6/2023,나주(710),O,36.2,35.8,28.7,24.7,85,O,경고,X,매우높음
8/6/2023,순천시(712),O,35.7,35.1,30.3,26.3,79,O,경고,O,매우높음
8/6/2023,광양읍(713),O,36,36.3,30.8,25.8,73,O,경고,O,매우높음
8/6/2023,장성(730),O,36,35.3,28.2,24.1,83,O,경고,X,매우높음
8/6/2023,영암(731),O,37,36.3,29.3,24.8,85,O,경고,O,높음
8/6/2023,보성(732),O,34.2,33.7,28.4,23.9,79,O,경고,X,매우높음
8/6/2023,완주(734),O,36.2,36.2,29,23.8,81,O,경고,O,매우높음
8/6/2023,김제(737),O,36,34.9,28.5,24,82,O,경고,X,매우높음
8/6/2023,화순(741),O,36.9,36.6,29.3,24.9,79,O,경고,O,높음
8/6/2023,함평(754),O,36.2,35.4,29,25,79,O,경고,X,매우높음
8/6/2023,곡성(768),O,37.1,36.3,29.8,24.7,81,O,경고,X,매우높음
8/6/2023,압해도(789),O,35.8,34.5,28.5,25.1,86,O,경고,X,매우높음
8/6/2023,영양(801),O,35.2,35,28.1,23.3,83,O,경고,X,높음
8/6/2023,성주(810),O,35.7,36.9,30.1,25.7,69,O,경고,O,매우높음
8/6/2023,고령(812),O,35.5,35.9,29.5,24.7,81,O,경고,X,높음
8/6/2023,청도(813),O,35.4,35.5,28.9,24,75,O,경고,O,매우높음
8/6/2023,예천(815),O,35.4,35.7,29.6,24.2,74,O,심각,X,매우높음
8/6/2023,김천(822),O,36.6,36.1,29.4,24.1,82,O,경고,X,매우높음
8/6/2023,군위(823),O,36.7,37.1,29.9,24.5,76,O,경고,X,높음
8/6/2023,칠곡(825),O,36.2,36,30.2,25.9,78,O,경고,O,매우높음
8/6/2023,경산(827),O,35.8,36.2,29.6,25.8,72,O,경고,O,높음
8/6/2023,삼척(876),X,32.4,30.9,27.5,25.6,84,O,경고,O,낮음
8/6/2023,속초(90),X,32.1,30,27,25.4,88.4,O,경고,X,낮음
8/6/2023,삼천포(907),O,34.9,34.2,29.1,25,75,O,경고,X,매우높음
8/6/2023,고성(918),O,34.5,33.8,29,25.2,78,O,경고,O,매우높음
8/6/2023,창녕(919),O,36.3,36.3,30.2,25,75,O,경고,O,높음
8/6/2023,함안(920),O,36,35.3,28.9,25.1,82,O,경고,X,매우높음
8/6/2023,북춘천(93),O,34.9,34.5,28.3,24.3,84.5,O,경고,O,낮음
8/6/2023,하동(932),O,35.6,35.4,30,25.4,75,O,경고,O,매우높음
8/6/2023,철원(95),O,34.2,33.3,27.7,24.1,83,O,경고,X,낮음
8/6/2023,동두천(98),O,34.1,32.6,28.5,24.8,84.6,O,경고,X,높음
8/6/2023,파주(99),O,34.9,32.9,27.9,24.6,88.6,O,경고,X,높음
8/7/2023,북강릉(104),X,28.7,25.4,23.7,21.7,95.5,X,주의,X,낮음
8/7/2023,동해(106),X,31.2,27.8,25.7,24,89.3,X,주의,X,낮음
8/7/2023,서울(108),O,34.9,34.6,30.4,27.3,68.4,O,경고,O,높음
8/7/2023,인천(112),O,35,34.6,30.2,26.4,72.1,O,경고,O,높음
8/7/2023,원주(114),O,33.9,34,29,24.9,68.9,O,경고,X,낮음
8/7/2023,울릉도(115),X,32.3,29.8,27.9,26.7,94.5,O,주의,O,높음
8/7/2023,수원(119),O,34.9,34.9,30.2,26.2,70.1,O,경고,O,높음
8/7/2023,영월(121),O,33.9,34.1,28.1,23.4,71.9,O,경고,X,낮음
8/7/2023,충주(127),O,35.3,35.5,29.3,25.7,73.1,O,경고,X,매우높음
8/7/2023,서산(129),O,35.7,35.2,29.5,25.4,76.4,O,경고,O,높음
8/7/2023,울진(130),X,32.3,31.1,27.3,24.6,81.4,O,주의,X,높음
8/7/2023,청주(131),O,35.4,35.8,30.3,28.2,66.9,O,경고,O,매우높음
8/7/2023,대전(133),O,35.2,35.4,29.7,24.9,70.4,O,경고,O,매우높음
8/7/2023,추풍령(135),O,33.7,33.2,27.8,23.2,78.8,O,경고,O,높음
8/7/2023,안동(136),O,35,35.2,29.3,23.8,73.9,O,경고,X,높음
8/7/2023,상주(137),O,36.1,36,29.3,25.2,77.3,O,경고,O,높음
8/7/2023,포항(138),X,31.1,29.8,27.1,24.4,77,O,주의,X,보통
8/7/2023,군산(140),O,35,33.7,28.7,24.2,82.3,O,경고,O,매우높음
8/7/2023,대구(143),O,34.4,34.6,29.5,26.2,69.6,O,경고,O,매우높음
8/7/2023,전주(146),O,35.2,35,29.4,25.6,77.3,O,경고,O,매우높음
8/7/2023,울산(152),X,31.6,30.4,27.7,25,76.9,O,주의,X,매우높음
8/7/2023,창원(155),O,35.4,35.7,30.8,26.9,64.5,O,경고,O,매우높음
8/7/2023,광주(156),O,36.6,35.4,29.1,25.6,90.3,O,경고,X,매우높음
8/7/2023,부산(159),O,35,35.2,30.6,27.7,64.9,O,경고,O,매우높음
8/7/2023,통영(162),O,35.3,34.9,30.2,27,69.4,O,경고,O,매우높음
8/7/2023,목포(165),O,34.3,33.3,28.4,25.5,82.6,O,경고,O,매우높음
8/7/2023,여수(168),O,34.4,33.9,30,27.1,71.8,O,경고,O,매우높음
8/7/2023,흑산도(169),X,31.8,29.6,26.6,24.6,91.8,O,주의,X,매우높음
8/7/2023,완도(170),O,35.7,34.9,28.8,26.1,82.9,O,경고,O,매우높음
8/7/2023,고창(172),O,34.9,33.7,27.7,24.6,87,O,경고,X,매우높음
8/7/2023,제주(184),O,33.9,33.1,30.5,28.6,72.4,O,경고,O,매우높음
8/7/2023,진주(192),O,36.1,36,30.1,25,74.6,O,경고,X,매우높음
8/7/2023,양평(202),O,34.4,34.5,29.6,26.1,69.5,O,경고,X,매우높음
8/7/2023,이천(203),O,35.6,34.8,28.8,25.1,81.6,O,경고,X,매우높음
8/7/2023,인제(211),X,31.4,31.1,26.4,23.3,75.3,O,경고,X,낮음
8/7/2023,홍천(212),O,34.4,34.6,28.6,24.5,70.8,O,경고,X,낮음
8/7/2023,태백(216),X,28.3,26.6,22.4,20,92.4,X,주의,X,낮음
8/7/2023,정선군(217),X,32.2,31.7,27,23.7,74.3,O,경고,X,낮음
8/7/2023,제천(221),O,33,32.6,27.3,23.5,77.6,O,경고,X,매우높음
8/7/2023,보은(226),O,34.4,34.1,28.7,25.1,75.4,O,경고,X,매우높음
8/7/2023,천안(232),O,34.8,34.9,28.2,25.5,80.9,O,경고,X,매우높음
8/7/2023,보령(235),O,35.1,34.4,29.2,25.4,78.9,O,경고,O,높음
8/7/2023,부여(236),O,35.8,35.8,29.6,24.7,78.3,O,경고,O,매우높음
8/7/2023,금산(238),O,34.5,35,29.8,25.6,70.8,O,경고,X,매우높음
8/7/2023,세종(239),O,35.2,35.4,29.5,24.7,72.1,O,경고,O,매우높음
8/7/2023,부안(243),O,35.1,34.3,28.6,25.4,80.8,O,경고,O,매우높음
8/7/2023,임실(244),O,34.8,34.3,26.8,24.1,87.3,O,경고,X,매우높음
8/7/2023,정읍(245),O,35.6,34.7,28.2,25.1,82.1,O,경고,X,매우높음
8/7/2023,남원(247),O,36.2,37,29,25.8,76,O,경고,O,매우높음
8/7/2023,장수(248),O,33.6,33.2,26.4,23,86.6,O,경고,X,매우높음
8/7/2023,영광군(252),O,34.6,33.5,28.3,25.1,82.5,O,경고,O,매우높음
8/7/2023,김해시(253),O,36.5,36,30.3,26.4,73,O,경고,O,매우높음
8/7/2023,순창군(254),O,35.7,36,27.5,24.8,87.3,O,경고,X,매우높음
8/7/2023,양산시(257),O,36,36,30.8,27.8,69.5,O,경고,O,매우높음
8/7/2023,강진군(259),O,36.3,36,28.3,25.7,87.5,O,경고,X,매우높음
8/7/2023,장흥(260),O,35.8,35.8,28.4,25.2,87.9,O,경고,X,매우높음
8/7/2023,해남(261),O,35.6,35,27.7,24.2,89.3,O,경고,X,매우높음
8/7/2023,고흥(262),O,34.5,34.6,28.4,24.2,79.8,O,경고,X,매우높음
8/7/2023,의령군(263),O,36.2,36.3,30,24.7,72.3,O,경고,O,매우높음
8/7/2023,함양군(264),O,36.3,35.8,29.6,25.3,82,O,경고,X,매우높음
8/7/2023,진도군ASOS(268),O,34,32.7,27.6,24.4,84.8,O,경고,X,매우높음
8/7/2023,봉화(271),X,31.7,31.4,26,21.7,77.4,O,경고,X,높음
8/7/2023,영주(272),O,34.5,34.6,26.5,23.1,88.4,O,경고,X,매우높음
8/7/2023,문경(273),O,34.9,34.4,27.9,24.3,82.4,O,경고,X,매우높음
8/7/2023,청송군(276),O,33.5,33.6,27.9,23,75.3,O,경고,X,매우높음
8/7/2023,영덕(277),X,31.7,30.6,26.9,24.6,80.5,O,주의,X,높음
8/7/2023,의성(278),O,35.5,36.2,29.6,23.8,74,O,경고,X,높음
8/7/2023,구미(279),O,35.2,35.5,29.3,24.8,73,O,경고,O,높음
8/7/2023,영천(281),O,33.9,34,28.6,24.8,74.4,O,경고,X,매우높음
8/7/2023,경주시(283),O,33.3,32.2,28.3,25.2,77.1,O,주의,O,보통
8/7/2023,거창(284),O,34.1,34.9,28.4,23.6,75.3,O,경고,X,매우높음
8/7/2023,합천(285),O,35.3,35.8,29.4,24.1,72.4,O,경고,X,매우높음
8/7/2023,밀양(288),O,34.8,36,30.3,26,62.3,O,경고,O,매우높음
8/7/2023,산청(289),O,35.7,35.4,29.7,24.7,76.4,O,경고,X,매우높음
8/7/2023,거제(294),O,35.1,34.5,29.8,26.2,72.4,O,경고,O,매우높음
8/7/2023,남해(295),O,35.2,35.1,29.3,25.7,76.5,O,경고,O,매우높음
8/7/2023,부천(433),O,34.1,34.3,28,24,73,O,경고,X,높음
8/7/2023,안양(434),X,30.9,34.9,30.2,27.4,,O,경고,O,높음
8/7/2023,광명(437),O,35.7,36.7,31.1,26.3,64,O,경고,O,높음
8/7/2023,군포(438),O,35.6,36.5,30.4,26.3,67,O,경고,O,높음
8/7/2023,김포(441),X,,35.6,29.9,25.8,,O,경고,X,높음
8/7/2023,하남(444),O,35,35.2,30.2,26.7,63,O,경고,O,높음
8/7/2023,의왕(445),O,34.9,34.4,28.7,24.5,77,O,경고,X,높음
8/7/2023,포천(504),O,35.2,34.8,29.2,25.7,70,O,경고,X,높음
8/7/2023,가평조종(505),O,34.4,33.7,28.4,24.1,79,O,경고,X,높음
8/7/2023,안성(516),O,35.3,35.7,29.9,26.3,72,O,경고,O,매우높음
8/7/2023,간성(517),X,27.8,25.1,23.2,21.2,89,X,주의,X,낮음
8/7/2023,평창(526),X,32.1,32.1,26.7,22.9,74,O,주의,X,낮음
8/7/2023,의정부(532),O,36.3,35,29.4,25,84,O,경고,X,높음
8/7/2023,횡성(536),O,33.8,34.6,29.3,25.9,66,O,경고,X,낮음
8/7/2023,고양(540),X,,,,,,O,경고,X,높음
8/7/2023,남양주(541),O,35.5,36,30.7,26.1,64,O,경고,O,높음
8/7/2023,안산(545),O,35.9,36.5,28.4,23.9,80,O,경고,X,높음
8/7/2023,경기광주(546),O,34.1,34.5,29.4,26.1,65,O,경고,X,매우높음
8/7/2023,여주(548),O,34,33.8,28.7,24.9,77,O,경고,X,매우높음
8/7/2023,용인(549),O,33.8,34.1,28.9,24.4,71,O,경고,X,매우높음
8/7/2023,오산(550),O,36,36.3,30.4,25.5,71,O,경고,O,매우높음
8/7/2023,평택(551),O,36.8,36.8,30.4,26.9,72,O,경고,O,매우높음
8/7/2023,화천(555),O,34,33.2,27.6,23.6,85,O,경고,X,낮음
8/7/2023,양구(556),X,32.7,33.1,26.9,23.1,73,O,경고,X,낮음
8/7/2023,시흥(565),O,36.2,36.5,29.3,24.5,80,O,경고,X,높음
8/7/2023,구리(569),O,35.6,35.8,30.3,26.7,65,O,경고,O,높음
8/7/2023,화성(571),O,36.5,37.2,29.6,26.1,75,O,경고,O,높음
8/7/2023,성남(572),O,35.2,,,,,O,경고,O,매우높음
8/7/2023,과천(590),O,35.8,35.6,29.9,25.3,74,O,경고,X,높음
8/7/2023,양주(598),O,35.6,34.7,28.9,24.2,76,O,경고,X,높음
8/7/2023,단양(601),O,34.9,34.9,27.5,24,82,O,경고,X,매우높음
8/7/2023,진천(602),O,35.5,36,28.8,25.3,77,O,경고,X,매우높음
8/7/2023,괴산(603),O,35.3,35.2,27.8,24.5,84,O,경고,X,매우높음
8/7/2023,옥천(604),O,35.7,36.3,30.5,26.6,72,O,경고,O,매우높음
8/7/2023,홍북(608),O,35.3,35.6,27.6,23.5,81,O,경고,X,높음
8/7/2023,공주(612),O,35,35,28.9,23.9,78,O,경고,X,매우높음
8/7/2023,서천(614),O,34.7,33.2,27.8,23.9,87,O,경고,O,매우높음
8/7/2023,논산(615),O,36.5,36.7,30.2,25.2,76,O,경고,O,매우높음
8/7/2023,당진(616),O,36.1,35.6,29.2,24.9,84,O,경고,O,매우높음
8/7/2023,청양(618),O,35.9,34.7,28,23.8,85,O,경고,X,높음
8/7/2023,음성(619),O,34.1,34.2,27.4,24.3,80,O,경고,X,매우높음
8/7/2023,증평(623),O,35.7,35,29,25.6,80,O,경고,X,매우높음
8/7/2023,태안(627),O,36.1,35.2,29.3,24.5,80,O,경고,O,높음
8/7/2023,예산(628),O,36.3,36.2,29.4,25.5,79,O,경고,O,매우높음
8/7/2023,아산(634),O,36.5,37.2,29.4,24.9,78,O,경고,X,매우높음
8/7/2023,계룡(636),O,34.9,34.4,28.6,23.8,80,O,경고,X,매우높음
8/7/2023,연천청산(652),O,34.2,34.1,28,24.3,74,O,경고,X,높음
8/7/2023,양양(670),X,29,26.1,24.4,22.5,89,X,주의,X,낮음
8/7/2023,무안(699),O,35.2,34.2,27.9,24.7,86,O,경고,O,매우높음
8/7/2023,무주(701),O,34.4,34.9,29.2,24.6,73,O,경고,X,매우높음
8/7/2023,익산(702),O,35.1,35.3,28.7,25.4,79,O,경고,O,매우높음
8/7/2023,진안(703),O,34.2,34,27.6,24,82,O,경고,X,매우높음
8/7/2023,담양(706),O,37.8,37.2,29.4,25.9,87,O,경고,X,매우높음
8/7/2023,구례(709),O,36.5,36.3,29,24.9,84,O,경고,X,매우높음
8/7/2023,나주(710),O,35.8,34.8,28.2,24.4,88,O,경고,X,매우높음
8/7/2023,순천시(712),O,36.5,35.9,29.6,25.8,84,O,경고,O,매우높음
8/7/2023,광양읍(713),O,36.8,37.9,29.6,25.4,81,O,경고,X,매우높음
8/7/2023,장성(730),O,35.4,34.1,27.5,24.6,91,O,경고,X,매우높음
8/7/2023,영암(731),O,36.3,35.2,28,25.1,90,O,경고,O,높음
8/7/2023,보성(732),O,35,34.7,27.7,23.9,85,O,경고,X,매우높음
8/7/2023,완주(734),O,36.2,36.1,29.3,25.3,82,O,경고,X,매우높음
8/7/2023,김제(737),O,35.7,34.5,28.5,24.9,86,O,경고,O,매우높음
8/7/2023,화순(741),O,36,36.2,28.1,25.1,83,O,경고,X,매우높음
8/7/2023,함평(754),O,35.7,34.9,28.5,24.8,83,O,경고,O,매우높음
8/7/2023,곡성(768),O,37.8,37.8,29,24.8,83,O,경고,X,매우높음
8/7/2023,압해도(789),O,35.4,34,28.6,24.7,88,O,경고,O,매우높음
8/7/2023,영양(801),O,34.1,33.9,28,23.2,78,O,경고,X,높음
8/7/2023,성주(810),O,35.1,36.2,28,25,78,O,경고,O,매우높음
8/7/2023,고령(812),O,35.3,35.3,28.8,24,79,O,경고,X,매우높음
8/7/2023,청도(813),O,34.5,34.2,28.9,25.2,73,O,경고,O,매우높음
8/7/2023,예천(815),O,35.3,35.3,28.3,24.4,79,O,경고,X,높음
8/7/2023,김천(822),O,36.1,35.6,28.1,23.7,85,O,경고,O,높음
8/7/2023,군위(823),O,35.7,36,29.7,24.4,74,O,경고,X,높음
8/7/2023,칠곡(825),O,35.8,36.2,28.5,25.2,88,O,경고,X,높음
8/7/2023,경산(827),O,35.4,36.1,29.7,26,71,O,경고,O,매우높음
8/7/2023,삼척(876),X,30.6,28.5,26.1,24.2,82,X,주의,X,낮음
8/7/2023,속초(90),X,29.1,26.1,23.8,21.6,89.5,X,주의,X,낮음
8/7/2023,삼천포(907),O,35.3,34.5,28.8,24.9,80,O,경고,X,매우높음
8/7/2023,고성(918),O,35.8,35.2,29.6,25.2,77,O,경고,O,매우높음
8/7/2023,창녕(919),O,35.8,35.5,29.9,25.3,74,O,경고,O,매우높음
8/7/2023,함안(920),O,36.5,36.3,29,24.8,81,O,경고,X,매우높음
8/7/2023,북춘천(93),O,34.3,33.9,28.8,25.4,73.3,O,경고,X,낮음
8/7/2023,하동(932),O,36.4,36.7,29.2,25.1,80,O,경고,X,매우높음
8/7/2023,철원(95),X,32.4,31.7,26.5,22.8,76.4,O,경고,X,낮음
8/7/2023,동두천(98),O,34.8,33.6,28.3,24.9,77.6,O,경고,X,높음
8/7/2023,파주(99),O,34.4,32.9,27.2,24.1,81.5,O,경고,X,높음
8/8/2023,북강릉(104),X,26.1,23.9,22.4,21.1,91,X, ,X,낮음
8/8/2023,동해(106),X,28.2,26.1,23.7,21.8,90.8,X,관심,X,낮음
8/8/2023,서울(108),O,35.3,35.8,30.9,26.4,60.5,O,경고,O,높음
8/8/2023,인천(112),O,34.2,34.3,30.7,26.6,63.3,O,경고,O,매우높음
8/8/2023,원주(114),O,33.6,34,28.6,23.9,63.4,O,경고,X,낮음
8/8/2023,울릉도(115),O,33.8,31.9,28.3,26,86.8,O,주의,O,보통
8/8/2023,수원(119),O,34.6,34.8,30.9,26.5,61,O,경고,O,높음
8/8/2023,영월(121),X,32.9,33.3,27.4,22.8,68.5,O,주의,X,낮음
8/8/2023,충주(127),O,35.1,34.7,29.1,24.5,69.3,O,경고,O,높음
8/8/2023,서산(129),O,35,34.9,30.5,26.7,69.8,O,경고,O,높음
8/8/2023,울진(130),X,30.3,29.1,25,22.7,82,O,주의,X,높음
8/8/2023,청주(131),O,35.4,35.4,30.6,26,63.8,O,경고,O,높음
8/8/2023,대전(133),O,34.8,34.9,30.1,25.9,66.6,O,경고,O,매우높음
8/8/2023,추풍령(135),O,33.5,32.4,27.4,24.9,79.1,O,경고,X,높음
8/8/2023,안동(136),O,34.5,34.2,28.8,24.5,73.4,O,경고,O,매우높음
8/8/2023,상주(137),O,34.7,33.9,29,26.1,76.5,O,경고,O,매우높음
8/8/2023,포항(138),X,29.4,28.2,25.2,23.6,80.3,O,주의,X,높음
8/8/2023,군산(140),O,35.9,35.6,31,26.1,71.5,O,경고,O,높음
8/8/2023,대구(143),O,33.5,33.2,28.4,25.5,72.8,O,경고,O,높음
8/8/2023,전주(146),O,35.1,34.8,29.9,25.4,72.9,O,경고,O,매우높음
8/8/2023,울산(152),X,30.8,29.6,26.3,24.7,78.5,O,주의,X,매우높음
8/8/2023,창원(155),O,34,34.1,29.9,26.5,65.5,O,경고,O,매우높음
8/8/2023,광주(156),O,36.4,35.5,28.8,24.9,89.3,O,경고,X,매우높음
8/8/2023,부산(159),O,33.8,33.5,29.2,26.6,67.3,O,경고,O,높음
8/8/2023,통영(162),O,33.9,33.8,29.8,26.6,68.9,O,경고,O,매우높음
8/8/2023,목포(165),O,34.7,34.2,28.8,26,82.5,O,경고,O,매우높음
8/8/2023,여수(168),O,33.7,33.3,29.9,27.1,68.1,O,경고,O,매우높음
8/8/2023,흑산도(169),X,32.1,30.4,26.9,24.4,90.9,O,주의,X,매우높음
8/8/2023,완도(170),O,35.2,34.6,29.5,25.8,77.8,O,경고,O,매우높음
8/8/2023,고창(172),O,35.3,34.8,28.8,24.4,81.6,O,경고,X,매우높음
8/8/2023,제주(184),O,33.3,32.5,29.7,27.9,74.9,O,경고,O,높음
8/8/2023,진주(192),O,35.6,35.3,30.1,24.7,71.8,O,경고,O,매우높음
8/8/2023,양평(202),O,34,34.7,29.3,24.2,63.9,O,경고,X,높음
8/8/2023,이천(203),O,35.4,34.8,29,23.7,73.4,O,경고,X,높음
8/8/2023,인제(211),X,30.8,30.5,25.5,22.6,71.8,O,주의,X,낮음
8/8/2023,홍천(212),O,34.2,34.5,27.8,22.4,67,O,경고,X,낮음
8/8/2023,태백(216),X,24.9,22.3,20.3,18.1,95.8,X,관심,X,낮음
8/8/2023,정선군(217),X,31.3,31,25.8,22.2,70.8,O,주의,X,낮음
8/8/2023,제천(221),X,32.8,32,26.7,22.2,75.4,O,경고,X,높음
8/8/2023,보은(226),O,34,33.8,28.3,23.5,74.4,O,경고,O,높음
8/8/2023,천안(232),O,34.2,34.2,29.4,24.4,71,O,경고,O,높음
8/8/2023,보령(235),O,35.3,35.2,30.9,26.1,68.3,O,경고,O,높음
8/8/2023,부여(236),O,35.6,35.4,29.7,25.9,77.1,O,경고,O,높음
8/8/2023,금산(238),O,34.6,34.8,28.9,24,73.1,O,경고,O,매우높음
8/8/2023,세종(239),O,35,34.9,30.2,25.4,68.9,O,경고,O,높음
8/8/2023,부안(243),O,35.4,35.6,29.4,25.6,78.3,O,경고,O,높음
8/8/2023,임실(244),O,34.7,34.5,28.3,23.1,77,O,경고,X,매우높음
8/8/2023,정읍(245),O,35.5,34.8,29.5,24.3,75.9,O,경고,O,매우높음
8/8/2023,남원(247),O,35.5,35.8,30.4,25.3,67.9,O,경고,O,매우높음
8/8/2023,장수(248),O,33.9,33.8,27.3,21.5,76.9,O,경고,X,매우높음
8/8/2023,영광군(252),O,35,34.7,29.1,24.9,78.9,O,경고,X,매우높음
8/8/2023,김해시(253),O,35.1,34.4,29.4,26.2,73.9,O,경고,O,높음
8/8/2023,순창군(254),O,36.3,36.8,29.9,23.8,72.4,O,경고,O,매우높음
8/8/2023,양산시(257),O,34.6,34.2,29.1,26.8,72.3,O,경고,O,높음
8/8/2023,강진군(259),O,36.3,36.2,29.8,24.8,80.1,O,경고,O,매우높음
8/8/2023,장흥(260),O,35.8,35.7,29.6,24.5,80,O,경고,O,매우높음
8/8/2023,해남(261),O,35.7,35.5,29.1,24.6,84.3,O,경고,X,매우높음
8/8/2023,고흥(262),O,34,33.9,29,24.8,73.4,O,경고,O,매우높음
8/8/2023,의령군(263),O,35.7,35.9,30,25,69.8,O,경고,O,매우높음
8/8/2023,함양군(264),O,35.9,35.3,29.3,24.1,80.5,O,경고,O,매우높음
8/8/2023,진도군ASOS(268),O,35,34.7,28.6,24.7,81.8,O,경고,X,매우높음
8/8/2023,봉화(271),X,30.4,29.8,25.9,22,74.1,O,주의,X,매우높음
8/8/2023,영주(272),O,33.7,33.8,27.6,23.2,78,O,경고,X,매우높음
8/8/2023,문경(273),O,34.6,34,28.4,23.7,76.8,O,경고,X,높음
8/8/2023,청송군(276),O,33.2,32.2,27.1,23.1,81.1,O,주의,X,높음
8/8/2023,영덕(277),X,30.7,29.5,25.5,23,79.4,O,주의,X,높음
8/8/2023,의성(278),O,34.6,34.5,29.1,24.4,74.8,O,경고,O,매우높음
8/8/2023,구미(279),O,34.5,34.4,29.4,25.5,70.6,O,경고,O,매우높음
8/8/2023,영천(281),O,33,32.5,27.5,24.7,75.9,O,주의,X,높음
8/8/2023,경주시(283),X,31.4,30.3,26.4,24.5,77.6,O,주의,X,보통
8/8/2023,거창(284),O,33.9,33.7,28.1,23.1,74.5,O,경고,O,매우높음
8/8/2023,합천(285),O,34.8,35,28.9,24,72.1,O,경고,O,매우높음
8/8/2023,밀양(288),O,33.2,33.8,29.4,26.4,62.8,O,경고,O,높음
8/8/2023,산청(289),O,35.5,35.1,28.7,24.1,78,O,경고,O,매우높음
8/8/2023,거제(294),O,33.4,33,29.1,26.2,72,O,경고,X,매우높음
8/8/2023,남해(295),O,34.3,33.8,29.1,25.5,74.9,O,경고,O,매우높음
8/8/2023,부천(433),O,33.6,34.5,29.2,24.4,59,O,경고,X,높음
8/8/2023,안양(434),X,31.2,35.3,30.6,26.3,,O,경고,O,높음
8/8/2023,광명(437),O,35.6,37.5,31.8,27.5,55,O,경고,O,높음
8/8/2023,군포(438),O,34.6,35.5,31.1,26.8,57,O,경고,O,높음
8/8/2023,김포(441),X,,35.6,30.1,24.8,,O,경고,O,매우높음
8/8/2023,하남(444),O,34.7,35.4,29.6,25,59,O,경고,X,높음
8/8/2023,의왕(445),O,34.5,34,28.8,24.1,72,O,경고,X,높음
8/8/2023,포천(504),O,35.4,35.4,29.3,23.6,66,O,경고,X,높음
8/8/2023,가평조종(505),O,34.7,34.6,28.5,22.8,72,O,경고,X,높음
8/8/2023,안성(516),O,34.8,35.3,29.1,25.3,73,O,경고,X,높음
8/8/2023,간성(517),X,25.5,23.5,22.1,20.9,88,X, ,X,낮음
8/8/2023,평창(526),X,31.7,31.8,26.2,21.2,70,O,주의,X,낮음
8/8/2023,의정부(532),O,36.1,35.1,28.9,23.8,81,O,경고,X,높음
8/8/2023,횡성(536),O,33.5,34,28.8,23.8,62,O,경고,X,낮음
8/8/2023,고양(540),X,,,,,,O,경고,X,매우높음
8/8/2023,남양주(541),O,35.3,36.6,30.5,25.1,58,O,경고,X,높음
8/8/2023,안산(545),O,35.2,35.2,29,23,74,O,경고,X,높음
8/8/2023,경기광주(546),O,33.7,34.4,28.8,24.2,60,O,경고,X,높음
8/8/2023,여주(548),O,33.9,33.7,28.7,23.6,69,O,경고,X,높음
8/8/2023,용인(549),O,33.9,34.6,28.8,23.9,63,O,경고,X,높음
8/8/2023,오산(550),O,35.6,36,31,25.9,64,O,경고,O,높음
8/8/2023,평택(551),O,35.6,35.7,30.4,26.1,68,O,경고,O,높음
8/8/2023,화천(555),O,33.9,33.2,26.9,20.9,82,O,경고,X,낮음
8/8/2023,양구(556),X,32.7,33.4,26.1,20.3,69,O,주의,X,낮음
8/8/2023,시흥(565),O,35.4,36,30.2,24.9,71,O,경고,O,높음
8/8/2023,구리(569),O,34.7,35.5,29.9,25,60,O,경고,X,높음
8/8/2023,화성(571),O,35.7,36.3,31,26.1,64,O,경고,O,높음
8/8/2023,성남(572),O,34.8,35.8,30.5,25.2,61,O,경고,X,높음
8/8/2023,과천(590),O,35.2,35.6,30,24.2,68,O,경고,X,높음
8/8/2023,양주(598),O,36.4,36.7,29,23.1,71,O,경고,X,높음
8/8/2023,단양(601),O,34.7,34.6,27.7,23,76,O,경고,X,보통
8/8/2023,진천(602),O,35.2,35.2,29.5,24,70,O,경고,X,높음
8/8/2023,괴산(603),O,34.9,34.7,28,22.7,82,O,경고,X,높음
8/8/2023,옥천(604),O,35.7,35.8,29.9,25.5,74,O,경고,O,높음
8/8/2023,홍북(608),O,34.7,34.9,29.6,25.1,68,O,경고,X,높음
8/8/2023,공주(612),O,34.7,34.7,29.1,24.9,77,O,경고,X,높음
8/8/2023,서천(614),O,35.7,34.9,29.8,25.3,77,O,경고,O,매우높음
8/8/2023,논산(615),O,36.2,36.3,31.2,26.2,68,O,경고,O,높음
8/8/2023,당진(616),O,35.3,34.7,29.8,25.1,79,O,경고,O,높음
8/8/2023,청양(618),O,35.5,35.4,29.2,24,77,O,경고,X,높음
8/8/2023,음성(619),O,33.7,33.5,27.6,21.9,75,O,경고,X,높음
8/8/2023,증평(623),O,35.9,35.6,29.5,24.5,76,O,경고,O,높음
8/8/2023,태안(627),O,36,35.4,30.4,26.4,73,O,경고,O,매우높음
8/8/2023,예산(628),O,35.7,35.8,30.7,25.9,72,O,경고,O,높음
8/8/2023,아산(634),O,35.5,35.6,29.6,24.7,74,O,경고,O,높음
8/8/2023,계룡(636),O,34.5,34,29.4,24.9,73,O,경고,O,높음
8/8/2023,연천청산(652),O,34.7,35,28.3,22.1,69,O,경고,X,높음
8/8/2023,양양(670),X,26.1,24.3,23.1,21.5,84,X, ,X,낮음
8/8/2023,무안(699),O,35.5,35,28.5,25.1,82,O,경고,X,매우높음
8/8/2023,무주(701),O,34.2,34.4,29.2,23.7,70,O,경고,O,높음
8/8/2023,익산(702),O,35.1,35.1,29.7,25.1,75,O,경고,O,높음
8/8/2023,진안(703),O,34.2,33.6,27.1,22.7,81,O,경고,X,매우높음
8/8/2023,담양(706),O,37.5,37.4,30.3,24.8,80,O,경고,O,매우높음
8/8/2023,구례(709),O,36.3,36.3,29.4,24.7,81,O,경고,X,매우높음
8/8/2023,나주(710),O,36,35.6,28.3,24.6,86,O,경고,O,매우높음
8/8/2023,순천시(712),O,36.1,35.7,30.5,25.2,76,O,경고,O,매우높음
8/8/2023,광양읍(713),O,36.5,36.5,30.7,24.7,71,O,경고,O,매우높음
8/8/2023,장성(730),O,35.7,35.2,28.4,24.1,85,O,경고,X,매우높음
8/8/2023,영암(731),O,36.8,36,28.8,25,88,O,경고,X,매우높음
8/8/2023,보성(732),O,34.8,34.5,28.3,23.1,80,O,경고,X,매우높음
8/8/2023,완주(734),O,36.2,36.2,30.2,24.1,73,O,경고,X,높음
8/8/2023,김제(737),O,35.9,34.9,29.2,25.5,83,O,경고,O,높음
8/8/2023,화순(741),O,36.6,36.1,28.2,23.9,82,O,경고,X,매우높음
8/8/2023,함평(754),O,35.8,35.5,28.7,25.2,84,O,경고,O,매우높음
8/8/2023,곡성(768),O,36.3,36.1,29,23.6,83,O,경고,X,매우높음
8/8/2023,압해도(789),O,36.9,35.8,28.7,25,87,O,경고,O,매우높음
8/8/2023,영양(801),X,32.6,31.8,27,23.7,79,O,주의,X,높음
8/8/2023,성주(810),O,34.9,35.2,28.4,25.1,77,O,경고,O,매우높음
8/8/2023,고령(812),O,34.5,34.2,29,24.2,77,O,경고,O,매우높음
8/8/2023,청도(813),X,32.2,31.6,27.6,25.7,74,O,주의,O,높음
8/8/2023,예천(815),O,34.4,34.2,28.9,24.9,73,O,경고,X,높음
8/8/2023,김천(822),O,35.3,34.2,27.8,24.9,88,O,경고,X,매우높음
8/8/2023,군위(823),O,34.8,34.1,28.9,24.6,76,O,경고,O,매우높음
8/8/2023,칠곡(825),O,35.3,34.4,28.8,24.7,85,O,경고,O,매우높음
8/8/2023,경산(827),O,34.5,34.1,28.7,26,73,O,주의,O,높음
8/8/2023,삼척(876),X,27.7,25.6,23.4,21.7,88,X,관심,X,낮음
8/8/2023,속초(90),X,26.4,24.3,22.8,21.2,86.1,X, ,X,낮음
8/8/2023,삼천포(907),O,34.9,34.3,29.2,24.8,72,O,경고,O,매우높음
8/8/2023,고성(918),O,34.9,34,29.2,25,77,O,경고,O,매우높음
8/8/2023,창녕(919),O,34.5,33.9,29.2,25.7,75,O,경고,O,매우높음
8/8/2023,함안(920),O,35.1,34.6,28.7,24.3,77,O,경고,X,매우높음
8/8/2023,북춘천(93),O,34.2,34.1,28,23,69.3,O,경고,X,낮음
8/8/2023,하동(932),O,35.6,35.3,30.1,24.6,73,O,경고,O,매우높음
8/8/2023,철원(95),O,34,33.7,27.3,22.1,73.9,O,주의,X,낮음
8/8/2023,동두천(98),O,35,34.3,28.6,23.1,73.8,O,경고,X,높음
8/8/2023,파주(99),O,34.4,33.2,27.7,22.2,78.3,O,경고,X,매우높음
8/9/2023,북강릉(104),X,25.2,22.5,21.4,20.7,95.6,X, ,X,낮음
8/9/2023,동해(106),X,26.4,23.2,22.2,21.4,97.4,X,관심,X,낮음
8/9/2023,서울(108),X,32.1,31.6,28.3,25.1,67.6,O,경고,X,높음
8/9/2023,인천(112),X,32.9,32.5,29.3,27.1,64.6,O,경고,X,높음
8/9/2023,원주(114),X,31.8,31.5,26.1,22.4,73.6,O,경고,X,낮음
8/9/2023,울릉도(115),X,32.4,29.6,27.7,26.2,94.6,O,주의,O,높음
8/9/2023,수원(119),X,32.5,31.9,28.6,24.1,67.1,O,경고,X,보통
8/9/2023,영월(121),X,29.1,28.3,24.1,21.4,79.4,O,주의,X,낮음
8/9/2023,충주(127),X,30.5,29.5,25.7,22.6,76.4,O,경고,X,보통
8/9/2023,서산(129),X,32.9,32.3,28.6,24.6,71.8,O,경고,X,높음
8/9/2023,울진(130),X,26.9,25.1,23.4,22,87.4,X,주의,X,높음
8/9/2023,청주(131),X,32.4,32.4,27.4,23.5,74.4,O,경고,X,보통
8/9/2023,대전(133),X,30.8,29.6,26.4,23,79.5,O,경고,X,높음
8/9/2023,추풍령(135),X,28.6,26.7,24.6,23,85.4,O,경고,X,보통
8/9/2023,안동(136),X,30.7,29.2,25.4,23,86.5,O,경고,X,보통
8/9/2023,상주(137),X,31.1,29.3,25.6,23.7,89.8,O,경고,X,보통
8/9/2023,포항(138),X,27.4,25.1,24.4,23.7,84.9,X,주의,X,보통
8/9/2023,군산(140),X,32.1,31,27.7,23.8,77.6,O,경고,X,높음
8/9/2023,대구(143),X,28.9,26.8,25.4,24.6,89.4,O,경고,X,보통
8/9/2023,전주(146),X,31.4,30.2,26.6,24.1,81.6,O,경고,X,높음
8/9/2023,울산(152),X,28.3,25.5,24.1,23.1,89.5,X,주의,X,보통
8/9/2023,창원(155),X,29.1,27.8,26,24.6,81.8,O,경고,X,보통
8/9/2023,광주(156),X,32,29,26.2,24.3,98.1,O,경고,X,높음
8/9/2023,부산(159),X,28.6,27.1,25.7,24.9,83.5,O,경고,X,보통
8/9/2023,통영(162),X,29.5,27.8,25.6,24.2,89.9,O,경고,X,낮음
8/9/2023,목포(165),X,32,30.5,27.7,25.7,81,O,경고,X,높음
8/9/2023,여수(168),X,29.9,28.7,26.4,25,83.1,O,경고,X,보통
8/9/2023,흑산도(169),X,30.7,28.9,25.9,23.1,87.8,O,주의,X,매우높음
8/9/2023,완도(170),X,31.1,29.6,27.1,24.7,83.8,O,경고,X,보통
8/9/2023,고창(172),X,31.6,29.8,26.6,24.1,86.1,O,경고,X,높음
8/9/2023,제주(184),X,30.9,29,27.3,26.3,83,X,경고,O,보통
8/9/2023,진주(192),X,29.8,28,26,24.7,88.3,O,경고,X,보통
8/9/2023,양평(202),X,32,31.6,27.1,23.5,70.8,O,경고,X,높음
8/9/2023,이천(203),X,32.6,31.4,26.5,22.5,80.9,O,경고,X,높음
8/9/2023,인제(211),X,28,27,23.8,21.7,78,X,주의,X,낮음
8/9/2023,홍천(212),X,31.6,31.4,25.2,21.6,76.6,O,경고,X,낮음
8/9/2023,태백(216),X,22.8,19.7,19,18.1,97.1,X,관심,X,낮음
8/9/2023,정선군(217),X,28.3,27.6,22.8,20.6,81,X,주의,X,낮음
8/9/2023,제천(221),X,29,27.6,23.9,21.3,84.3,O,경고,X,보통
8/9/2023,보은(226),X,29.8,28.2,25.5,23.1,84.9,O,경고,X,높음
8/9/2023,천안(232),X,31.7,30.9,26.8,23.4,76.5,O,경고,X,높음
8/9/2023,보령(235),X,32.4,32.1,29,25.1,67.4,O,경고,X,높음
8/9/2023,부여(236),X,32.6,31.8,27.3,24,80.4,O,경고,X,높음
8/9/2023,금산(238),X,29.6,28.1,25.6,23,85.6,O,경고,X,높음
8/9/2023,세종(239),X,32,31.2,26.9,23.3,78.4,O,경고,X,높음
8/9/2023,부안(243),X,32.5,31.6,27.1,23.8,82.4,O,경고,X,높음
8/9/2023,임실(244),X,30.5,29,25.6,23.2,84.4,O,경고,X,높음
8/9/2023,정읍(245),X,32.2,31,26.6,23.8,82.5,O,경고,X,높음
8/9/2023,남원(247),X,30.3,28.8,26.4,24.1,82.4,O,경고,X,보통
8/9/2023,장수(248),X,29.2,27.9,24.3,22.6,87.6,O,경고,X,높음
8/9/2023,영광군(252),X,32.5,31.1,27.4,25,82.5,O,경고,X,높음
8/9/2023,김해시(253),X,29.5,27.5,26,24.9,89.8,O,경고,X,보통
8/9/2023,순창군(254),X,30.7,29.5,27.1,24.7,78.5,O,경고,X,높음
8/9/2023,양산시(257),X,29.9,26.8,25.4,24.3,92.1,O,경고,X,보통
8/9/2023,강진군(259),X,31.8,30.5,27.2,25.1,85.1,O,경고,X,보통
8/9/2023,장흥(260),X,31.2,29.9,26.5,24.5,90.8,O,경고,X,높음
8/9/2023,해남(261),X,32,30.4,27,24.9,86.4,O,경고,X,보통
8/9/2023,고흥(262),X,29.3,28,25.6,23.9,85.1,O,경고,X,보통
8/9/2023,의령군(263),X,29.5,27.8,26.1,25.1,84.6,O,경고,X,보통
8/9/2023,함양군(264),X,30.5,28.3,25.6,24,95.4,O,경고,X,높음
8/9/2023,진도군ASOS(268),X,32.6,31.7,27.2,24.8,83.1,O,경고,X,높음
8/9/2023,봉화(271),X,28.1,26.8,24,21.8,82.4,O,주의,X,보통
8/9/2023,영주(272),X,30.5,29.4,24.8,22.9,91.1,O,경고,X,보통
8/9/2023,문경(273),X,31,29.4,25.4,23.2,88.1,O,경고,X,높음
8/9/2023,청송군(276),X,29.1,27,24.9,23.7,90.1,X,주의,X,보통
8/9/2023,영덕(277),X,27.6,25.2,23.8,22.3,86.8,X,주의,X,보통
8/9/2023,의성(278),X,30.7,29.3,26,23.6,87.6,O,경고,X,보통
8/9/2023,구미(279),X,30,28.5,25.8,23.7,85,O,경고,X,보통
8/9/2023,영천(281),X,29.1,27.1,25.5,24.5,90,O,주의,X,보통
8/9/2023,경주시(283),X,27.5,24.8,24.4,23.7,87.6,X,주의,X,보통
8/9/2023,거창(284),X,29.2,27.6,24.7,23,90.3,X,경고,X,높음
8/9/2023,합천(285),X,29.4,27.8,25.8,24.4,86.1,O,경고,X,높음
8/9/2023,밀양(288),X,28.9,27.9,26.2,24.7,77.9,O,경고,X,보통
8/9/2023,산청(289),X,29.9,27.9,25.3,23.8,93.3,O,경고,X,높음
8/9/2023,거제(294),X,29.2,27.4,25.6,24.5,89,O,경고,X,낮음
8/9/2023,남해(295),X,29.1,27.3,25.2,24.4,93.3,O,경고,X,낮음
8/9/2023,부천(433),X,31.3,31.4,27.6,24.7,62,O,경고,X,높음
8/9/2023,안양(434),X,27.2,31.1,27.8,24,,O,경고,X,높음
8/9/2023,광명(437),X,32.7,33.3,29.4,25.8,61,O,경고,X,높음
8/9/2023,군포(438),X,32.1,32,28.6,24.1,64,O,경고,X,높음
8/9/2023,김포(441),X,,31.5,28,25.6,,O,경고,X,보통
8/9/2023,하남(444),X,31,30.3,26.9,23.2,65,O,경고,X,높음
8/9/2023,의왕(445),X,31.7,30.3,26.7,22.6,77,O,경고,X,높음
8/9/2023,포천(504),X,31.4,30.5,26.2,23.5,77,O,경고,X,높음
8/9/2023,가평조종(505),X,31.5,30.2,26,22.7,78,O,경고,X,높음
8/9/2023,안성(516),X,32.1,31.2,26.8,22.5,81,O,경고,X,높음
8/9/2023,간성(517),X,25,22.7,21.4,20.8,94,X, ,X,낮음
8/9/2023,평창(526),X,29.3,28.8,24.1,21.4,77,X,주의,X,낮음
8/9/2023,의정부(532),X,32.1,30,26.4,23.5,90,O,경고,X,높음
8/9/2023,횡성(536),X,31.9,31.8,26.1,22.3,73,O,경고,X,낮음
8/9/2023,고양(540),X,,,,,,O,경고,X,높음
8/9/2023,남양주(541),X,31.7,31.4,27.7,23.2,67,O,경고,X,높음
8/9/2023,안산(545),X,32.1,31.1,27.7,23.7,74,O,경고,X,높음
8/9/2023,경기광주(546),X,30.4,30.1,26,22.3,67,O,경고,X,보통
8/9/2023,여주(548),X,32.2,31.2,26.1,22.2,79,O,경고,X,높음
8/9/2023,용인(549),X,30.8,30.1,26.5,22.5,70,O,경고,X,높음
8/9/2023,오산(550),O,33.3,32.8,28.7,24.1,69,O,경고,X,높음
8/9/2023,평택(551),X,32.6,31.5,27.4,23.2,78,O,경고,X,높음
8/9/2023,화천(555),X,31.3,29.6,24.5,20.9,91,O,경고,X,낮음
8/9/2023,양구(556),X,29.9,29.9,24.5,20.8,76,X,주의,X,낮음
8/9/2023,시흥(565),X,32.3,31.7,28.5,25.4,69,O,경고,X,높음
8/9/2023,구리(569),X,31.9,31.3,26.9,22.9,69,O,경고,X,높음
8/9/2023,화성(571),O,33.7,33.3,29,24.8,69,O,경고,X,높음
8/9/2023,성남(572),X,31.9,31.7,28,23.6,67,O,경고,X,보통
8/9/2023,과천(590),X,32.1,31.5,27.6,23.1,72,O,경고,X,높음
8/9/2023,양주(598),O,33,32.3,26.1,23.5,83,O,경고,X,높음
8/9/2023,단양(601),X,30,29,25.1,22.3,83,O,경고,X,높음
8/9/2023,진천(602),X,31.7,31.1,26.5,23.1,77,O,경고,X,높음
8/9/2023,괴산(603),X,30.7,29.6,25.7,22.8,82,O,경고,X,보통
8/9/2023,옥천(604),X,30.4,28.8,26.6,24.2,84,O,경고,X,높음
8/9/2023,홍북(608),X,32,31.5,27.5,23.2,74,O,경고,X,높음
8/9/2023,공주(612),X,31.8,30.6,26.6,23.5,82,O,경고,X,높음
8/9/2023,서천(614),X,32.6,31.4,27.2,23.7,79,O,경고,X,높음
8/9/2023,논산(615),X,32.2,31.3,27.6,23.8,77,O,경고,X,높음
8/9/2023,당진(616),O,33.6,32.5,28.4,24.1,75,O,경고,X,높음
8/9/2023,청양(618),X,32.3,31.6,27.7,23.8,77,O,경고,X,높음
8/9/2023,음성(619),X,29.9,28.8,24.6,21.6,81,O,경고,X,보통
8/9/2023,증평(623),X,32.1,31.1,26,22.8,84,O,경고,X,보통
8/9/2023,태안(627),X,32.9,32.2,29.2,26.4,72,O,경고,X,높음
8/9/2023,예산(628),O,33,32.3,28.2,24.3,77,O,경고,X,높음
8/9/2023,아산(634),X,32.9,32.1,28.1,24.3,74,O,경고,X,높음
8/9/2023,계룡(636),X,30.2,28.8,26.1,22.9,82,O,경고,X,높음
8/9/2023,연천청산(652),X,31.9,31.5,25.6,22.6,79,O,경고,X,높음
8/9/2023,양양(670),X,25.5,23,22.1,21.4,91,X, ,X,낮음
8/9/2023,무안(699),X,31.9,30.4,27.3,24.8,81,O,경고,X,높음
8/9/2023,무주(701),X,29.7,28.3,25.6,23.3,84,O,경고,X,높음
8/9/2023,익산(702),X,30.9,30.1,27.2,24.1,77,O,경고,X,높음
8/9/2023,진안(703),X,29.4,27.5,24.4,22.7,90,O,경고,X,높음
8/9/2023,담양(706),X,32.6,31.1,27.4,25,89,O,경고,X,높음
8/9/2023,구례(709),X,31.1,28.7,25.7,24.4,95,O,경고,X,높음
8/9/2023,나주(710),X,31.3,29.4,26.6,25,88,O,경고,X,높음
8/9/2023,순천시(712),X,31.6,30.5,27.8,25.7,83,O,경고,X,높음
8/9/2023,광양읍(713),X,31.1,30.1,27.4,25.5,82,O,경고,X,높음
8/9/2023,장성(730),X,32,30.6,26.5,23.7,85,O,경고,X,높음
8/9/2023,영암(731),X,32.5,30.3,26.7,24.9,92,O,경고,X,보통
8/9/2023,보성(732),X,30.4,28.5,25,23.5,93,O,경고,X,높음
8/9/2023,완주(734),X,30.9,29.6,26.6,23.9,82,O,경고,X,높음
8/9/2023,김제(737),X,31.8,30.1,26.6,23.5,88,O,경고,X,높음
8/9/2023,화순(741),X,30.9,29.2,26.3,24.1,85,O,경고,X,보통
8/9/2023,함평(754),X,32.6,31,27.7,25.1,79,O,경고,X,높음
8/9/2023,곡성(768),X,31.2,29.2,26.1,24.1,90,O,경고,X,보통
8/9/2023,압해도(789),X,32.7,31.1,27.9,25.4,84,O,경고,X,높음
8/9/2023,영양(801),X,29.2,27.2,25,23.5,90,X,주의,X,높음
8/9/2023,성주(810),X,29.8,28.2,25.9,24.5,86,O,경고,X,높음
8/9/2023,고령(812),X,29.3,27.6,25.6,24.1,91,O,경고,X,보통
8/9/2023,청도(813),X,28.2,26.3,25.2,24.3,87,X,주의,X,보통
8/9/2023,예천(815),X,31.6,30.4,25.3,23,85,O,경고,X,보통
8/9/2023,김천(822),X,30.1,27.6,25,23.4,95,O,경고,X,보통
8/9/2023,군위(823),X,30.5,28.6,25.8,23.8,89,O,경고,X,보통
8/9/2023,칠곡(825),X,30.8,28.3,26.1,24.3,94,O,경고,X,높음
8/9/2023,경산(827),X,28.9,26.9,25.4,24.5,90,O,주의,X,보통
8/9/2023,삼척(876),X,25.5,23,22,21.3,92,X,관심,X,낮음
8/9/2023,속초(90),X,25.4,23.1,21.8,21.1,91.9,X, ,X,낮음
8/9/2023,삼천포(907),X,29.6,28.1,26.3,24.8,83,O,경고,X,보통
8/9/2023,고성(918),X,29.5,27.5,25.8,24.8,90,O,경고,X,낮음
8/9/2023,창녕(919),X,29.6,27.8,26,24.7,91,O,경고,X,보통
8/9/2023,함안(920),X,29,27.1,25.1,24.4,93,O,경고,X,보통
8/9/2023,북춘천(93),X,31.1,30.3,26.1,22.8,76.1,O,경고,X,낮음
8/9/2023,하동(932),X,30.3,29.1,26.8,25.1,82,O,경고,X,높음
8/9/2023,철원(95),X,30.8,29.7,24.4,21.9,84.4,O,주의,X,낮음
8/9/2023,동두천(98),X,32,31,25.5,23.5,84,O,경고,X,높음
8/9/2023,파주(99),O,33,31.6,26.2,22.5,82.1,O,경고,X,보통
8/10/2023,북강릉(104),X,27.3,24,21.7,20.4,97.4,X, ,X,낮음
8/10/2023,동해(106),X,28.2,24.9,22.7,21,97.6,X, ,X,낮음
8/10/2023,서울(108),X,27.2,25.1,22.2,20.9,91.9,X,주의,X,낮음
8/10/2023,인천(112),X,28.1,27.1,22.8,21.1,90.3,X,주의,X,낮음
8/10/2023,원주(114),X,25.6,23,22,21.3,89.1,X,주의,X,낮음
8/10/2023,울릉도(115),X,31.1,28.2,26.4,24.3,93.5,X, ,X,낮음
8/10/2023,수원(119),X,26.4,24.3,21.9,20.8,93.3,X,주의,X,낮음
8/10/2023,영월(121),X,25.7,22.8,21.6,20.8,92.8,X,주의,X,낮음
8/10/2023,충주(127),X,25.6,22.7,21.7,20.7,89.1,X,주의,X,낮음
8/10/2023,서산(129),X,27.3,24.6,22.6,21.8,92.6,X,주의,X,낮음
8/10/2023,울진(130),X,28.6,25.4,23.1,20.8,92.1,X, ,X,보통
8/10/2023,청주(131),X,26.3,23.6,22.2,21.6,89.3,X,주의,X,낮음
8/10/2023,대전(133),X,26.1,23.2,21.3,20.6,93.8,X,주의,X,낮음
8/10/2023,추풍령(135),X,26.1,23.5,21.5,20.3,90,X, ,X,낮음
8/10/2023,안동(136),X,28.5,25.8,22.9,21.6,90.9,X,관심,X,낮음
8/10/2023,상주(137),X,27,23.7,22,21.1,96.5,X, ,X,낮음
8/10/2023,포항(138),X,29.1,26.4,25,23.2,85.9,X,관심,X,보통
8/10/2023,군산(140),X,27.1,24.7,23.1,21.8,92,X, ,X,낮음
8/10/2023,대구(143),X,29.1,26.6,25.1,22.8,83.5,X,관심,X,낮음
8/10/2023,전주(146),X,27.3,24.6,22.5,21.3,93.1,X, ,X,낮음
8/10/2023,울산(152),X,29.1,27,24.9,22.9,87.1,X,관심,X,낮음
8/10/2023,창원(155),X,28.9,27.6,24.8,23.3,83.3,X,관심,X,낮음
8/10/2023,광주(156),X,28.4,25.1,23.3,22.2,99,X, ,X,낮음
8/10/2023,부산(159),X,28.7,26.5,25.2,24.4,79.6,X,관심,X,낮음
8/10/2023,통영(162),X,29.1,27.7,25.2,23.5,86,X, ,X,보통
8/10/2023,목포(165),X,28.6,26.6,25.1,23.9,85.3,X, ,X,낮음
8/10/2023,여수(168),X,28.4,26.9,24.8,23.3,83.4,X, ,X,낮음
8/10/2023,흑산도(169),X,28.6,26.8,24.7,22.7,84.4,X, ,X,높음
8/10/2023,완도(170),X,30,28.8,25.8,22.7,80.8,X, ,X,보통
8/10/2023,고창(172),X,27,24.1,23.3,22.1,90.3,X, ,X,낮음
8/10/2023,제주(184),X,31.4,31,27.8,25.9,76.5,X,관심,O,보통
8/10/2023,진주(192),X,30.2,28.5,24.7,23.1,86.9,X,관심,X,낮음
8/10/2023,양평(202),X,26.1,24,22.1,20.5,89.5,X,주의,X,낮음
8/10/2023,이천(203),X,25.9,22.6,21.6,20.8,99,X,주의,X,낮음
8/10/2023,인제(211),X,25.1,22.7,21.6,20.7,91.8,X, ,X,낮음
8/10/2023,홍천(212),X,25.2,22.7,21.5,20.7,92.9,X,주의,X,낮음
8/10/2023,태백(216),X,25.3,22.4,19.2,18.1,95,X, ,X,낮음
8/10/2023,정선군(217),X,25.5,22.6,21.4,20.4,88.3,X, ,X,낮음
8/10/2023,제천(221),X,25.4,22.5,21.1,20,97.1,X,주의,X,낮음
8/10/2023,보은(226),X,26.3,23.2,21.4,20.4,95.4,X, ,X,낮음
8/10/2023,천안(232),X,26.4,23.6,22,21,92.3,X,주의,X,낮음
8/10/2023,보령(235),X,27.6,25.1,22.8,22,93,X,주의,X,낮음
8/10/2023,부여(236),X,27.2,24.1,22.5,21.5,94.1,X,주의,X,낮음
8/10/2023,금산(238),X,26.7,23.5,21.8,20.5,93.5,X, ,X,낮음
8/10/2023,세종(239),X,26.3,23.3,21.6,20.8,94.8,X,주의,X,낮음
8/10/2023,부안(243),X,27.1,24.5,23.2,21.8,92.1,X, ,X,낮음
8/10/2023,임실(244),X,26.8,24.2,22.1,21.3,94.5,X, ,X,낮음
8/10/2023,정읍(245),X,26.7,24.3,22.9,21.2,89.4,X, ,X,낮음
8/10/2023,남원(247),X,27.2,24.1,22.7,21.6,95.5,X, ,X,낮음
8/10/2023,장수(248),X,25.7,23,21.4,20.6,91.6,X, ,X,낮음
8/10/2023,영광군(252),X,27.7,25.3,23.9,22.7,87,X, ,X,낮음
8/10/2023,김해시(253),X,30.2,26.8,25,23.8,92,X,관심,X,낮음
8/10/2023,순창군(254),X,27.8,25.4,23.3,22,90.1,X, ,X,낮음
8/10/2023,양산시(257),X,30.8,27.7,26,24.3,89.4,X,관심,X,낮음
8/10/2023,강진군(259),X,29.8,28.6,25,22.4,86,X, ,X,낮음
8/10/2023,장흥(260),X,29.1,27.8,24.5,21.7,89.3,X, ,X,낮음
8/10/2023,해남(261),X,29.7,28.1,24.9,21.6,85.4,X, ,X,보통
8/10/2023,고흥(262),X,27.9,26.5,24.2,21.4,83.4,X, ,X,낮음
8/10/2023,의령군(263),X,30,28.6,25,23,83.3,X,관심,X,낮음
8/10/2023,함양군(264),X,28.1,26.2,23.8,22.5,92.5,X,관심,X,낮음
8/10/2023,진도군ASOS(268),X,29.6,28.1,25.3,22,81.6,X, ,X,높음
8/10/2023,봉화(271),X,27.5,25.4,22.4,20.4,87.8,X, ,X,낮음
8/10/2023,영주(272),X,27.4,24.1,21.8,20.3,99,X, ,X,낮음
8/10/2023,문경(273),X,27,24.3,21.9,20.7,92.9,X, ,X,낮음
8/10/2023,청송군(276),X,28.8,25.7,23.5,21.8,94.8,X, ,X,낮음
8/10/2023,영덕(277),X,28.8,25.7,23.5,21.5,93.4,X, ,X,보통
8/10/2023,의성(278),X,29,25.8,23.1,21.8,96.5,X, ,X,낮음
8/10/2023,구미(279),X,26.7,24.3,22.7,21.5,88.4,X, ,X,낮음
8/10/2023,영천(281),X,28.9,26.1,24.5,23.4,88.9,X,관심,X,낮음
8/10/2023,경주시(283),X,29.3,26.7,24.9,23.5,87.3,X,관심,X,낮음
8/10/2023,거창(284),X,26.9,25.1,22.4,21.5,90.9,X, ,X,낮음
8/10/2023,합천(285),X,28.6,27.6,24.6,22.7,82.4,X, ,X,낮음
8/10/2023,밀양(288),X,28.9,26.5,25.1,23.5,80.1,X, ,X,낮음
8/10/2023,산청(289),X,28.8,27.8,24.3,22.2,84.6,X, ,X,낮음
8/10/2023,거제(294),X,29.2,26.8,25.1,23.7,86.3,X,관심,X,보통
8/10/2023,남해(295),X,29,27.8,24.8,23.2,84.9,X,관심,X,낮음
8/10/2023,부천(433),X,26.2,25.1,21.1,19.6,91,X,주의,X,낮음
8/10/2023,안양(434),X,25,24.3,22.2,21.1,,X,주의,X,낮음
8/10/2023,광명(437),X,27.5,25.9,22.9,21.3,89,X,주의,X,낮음
8/10/2023,군포(438),X,26.5,24.8,22.2,20.7,87,X,주의,X,낮음
8/10/2023,김포(441),X,,26.1,22.2,21,,X,주의,X,낮음
8/10/2023,하남(444),X,26.1,24.9,21,19.8,90,X,주의,X,낮음
8/10/2023,의왕(445),X,25.7,23,21.4,20.6,94,X,주의,X,낮음
8/10/2023,포천(504),X,26.1,23.5,21.5,20.4,93,X,주의,X,낮음
8/10/2023,가평조종(505),X,26,23.1,21.6,20.4,98,X,주의,X,낮음
8/10/2023,안성(516),X,25.9,22.7,21.4,20.5,99,X,주의,X,낮음
8/10/2023,간성(517),X,27.2,24,21.8,20.6,97,X, ,X,낮음
8/10/2023,평창(526),X,24.9,22.9,21.6,20.4,83,X, ,X,낮음
8/10/2023,의정부(532),X,26.8,23.6,21.5,20.4,98,X,주의,X,낮음
8/10/2023,횡성(536),X,25.6,22.7,21.5,20.8,91,X,주의,X,낮음
8/10/2023,고양(540),X,,,,,,X,주의,X,낮음
8/10/2023,남양주(541),X,26.6,24.5,21.6,20.1,93,X,주의,X,낮음
8/10/2023,안산(545),X,26.2,24.5,21.9,20.7,93,X,주의,X,낮음
8/10/2023,경기광주(546),X,24.9,22.9,21.2,20.3,91,X,주의,X,낮음
8/10/2023,여주(548),X,25.4,22.3,21,20,98,X,주의,X,낮음
8/10/2023,용인(549),X,25.3,22.5,21,20.3,95,X,주의,X,낮음
8/10/2023,오산(550),X,26.9,24.2,22.1,21.2,94,X,주의,X,낮음
8/10/2023,평택(551),X,26.5,23.2,21.9,21.2,100,X,주의,X,낮음
8/10/2023,화천(555),X,25.3,22.2,21.2,20.3,97,X,주의,X,낮음
8/10/2023,양구(556),X,25,22.4,21.6,20.7,91,X, ,X,낮음
8/10/2023,시흥(565),X,27.5,25.9,22.5,21,93,X,주의,X,낮음
8/10/2023,구리(569),X,25.7,23.5,21.6,20.4,93,X,주의,X,낮음
8/10/2023,화성(571),X,27.3,24.8,22.4,20.9,94,X,주의,X,낮음
8/10/2023,성남(572),X,26.2,23.9,21.9,20.8,90,X,주의,X,낮음
8/10/2023,과천(590),X,26.2,23.2,21.9,20.9,98,X,주의,X,낮음
8/10/2023,양주(598),X,26.8,24,21.5,20.4,95,X,주의,X,낮음
8/10/2023,단양(601),X,25.7,23,21.9,20.9,94,X,주의,X,낮음
8/10/2023,진천(602),X,25.8,23,22.3,21.6,89,X,주의,X,낮음
8/10/2023,괴산(603),X,25.9,22.9,21.6,20.6,94,X,주의,X,낮음
8/10/2023,옥천(604),X,27.8,24.5,22.9,22.1,94,X, ,X,낮음
8/10/2023,홍북(608),X,26.5,23.3,21.2,20.7,99,X,주의,X,낮음
8/10/2023,공주(612),X,26.5,23.5,21.9,21.1,93,X,주의,X,낮음
8/10/2023,서천(614),X,26.9,24,22.8,21.6,93,X,주의,X,낮음
8/10/2023,논산(615),X,27.2,24.4,22.8,21.7,92,X, ,X,낮음
8/10/2023,당진(616),X,27.1,24.2,22.4,21.6,98,X,주의,X,낮음
8/10/2023,청양(618),X,26.8,23.9,22.1,21.5,93,X,주의,X,낮음
8/10/2023,음성(619),X,24.7,21.8,20.9,19.9,91,X,주의,X,낮음
8/10/2023,증평(623),X,26.2,23.1,21.9,21,96,X,주의,X,낮음
8/10/2023,태안(627),X,28.4,26.4,23,21.7,92,X,주의,X,낮음
8/10/2023,예산(628),X,27.3,24.3,22.2,21.5,97,X,주의,X,낮음
8/10/2023,아산(634),X,26.7,24.3,22,21.2,98,X,주의,X,낮음
8/10/2023,계룡(636),X,26.4,23.4,21.6,20.7,93,X, ,X,낮음
8/10/2023,연천청산(652),X,26.2,24.4,21.8,20.6,90,X,주의,X,낮음
8/10/2023,양양(670),X,27.4,24.4,22.3,20.5,95,X, ,X,낮음
8/10/2023,무안(699),X,28.5,26.6,24.5,23.4,86,X, ,X,낮음
8/10/2023,무주(701),X,26.7,23.8,21.9,20.8,94,X, ,X,낮음
8/10/2023,익산(702),X,27.4,24.5,22.8,21.6,93,X, ,X,낮음
8/10/2023,진안(703),X,25.9,22.8,21.2,20.2,95,X, ,X,낮음
8/10/2023,담양(706),X,28.5,25.4,23.9,22.5,95,X, ,X,낮음
8/10/2023,구례(709),X,27.8,24.7,23.5,22.4,95,X, ,X,낮음
8/10/2023,나주(710),X,29.1,27.3,24,22.4,91,X, ,X,낮음
8/10/2023,순천시(712),X,30.5,28.6,25.4,23.4,86,X, ,X,낮음
8/10/2023,광양읍(713),X,29.3,27.5,24.4,22.8,89,X, ,X,낮음
8/10/2023,장성(730),X,27.3,24.7,23,21.8,93,X, ,X,낮음
8/10/2023,영암(731),X,29.2,27.2,24.6,23,92,X, ,X,낮음
8/10/2023,보성(732),X,28.1,26.6,23.9,20.9,87,X, ,X,낮음
8/10/2023,완주(734),X,27.6,25,22.4,21.5,93,X, ,X,낮음
8/10/2023,김제(737),X,27,23.7,22.6,21.2,99,X, ,X,낮음
8/10/2023,화순(741),X,28.4,26.2,23.5,21.6,87,X, ,X,낮음
8/10/2023,함평(754),X,28.8,26.8,24.4,22.9,86,X, ,X,낮음
8/10/2023,곡성(768),X,27.6,24.5,23.2,21.8,95,X, ,X,낮음
8/10/2023,압해도(789),X,30.8,29.1,25.5,23.5,86,X, ,X,낮음
8/10/2023,영양(801),X,29.4,26.2,23,21,98,X, ,X,낮음
8/10/2023,성주(810),X,27.7,25.6,23.8,21.9,86,X, ,X,낮음
8/10/2023,고령(812),X,28.6,26.1,24.1,22.1,91,X, ,X,낮음
8/10/2023,청도(813),X,28.8,26.2,24.7,23,85,X, ,X,낮음
8/10/2023,예천(815),X,26.7,23.6,22,20.8,94,X, ,X,낮음
8/10/2023,김천(822),X,26.8,24.3,22.3,21.2,95,X, ,X,낮음
8/10/2023,군위(823),X,28.2,25.4,22.9,21.9,95,X, ,X,낮음
8/10/2023,칠곡(825),X,27.7,24.5,23.3,21.8,99,X,관심,X,낮음
8/10/2023,경산(827),X,28.5,26.2,24.7,21.9,88,X,관심,X,낮음
8/10/2023,삼척(876),X,27.9,24.8,22.4,20.9,92,X, ,X,낮음
8/10/2023,속초(90),X,27.3,24.2,22.2,20.8,95,X, ,X,낮음
8/10/2023,삼천포(907),X,28.9,27.5,24.3,22.1,87,X,관심,X,낮음
8/10/2023,고성(918),X,29.2,27.2,24.9,23.6,89,X, ,X,낮음
8/10/2023,창녕(919),X,28.6,26.7,24.6,22.2,91,X,관심,X,낮음
8/10/2023,함안(920),X,29.3,27.6,24.4,22.5,90,X,관심,X,낮음
8/10/2023,북춘천(93),X,26.3,23.9,22.1,20.8,92.1,X,주의,X,낮음
8/10/2023,하동(932),X,29.2,28.1,24.7,23.1,85,X,관심,X,낮음
8/10/2023,철원(95),X,25.2,22.7,21.4,20.2,93.1,X,주의,X,낮음
8/10/2023,동두천(98),X,26.2,23.6,21.1,20,95.5,X,주의,X,낮음
8/10/2023,파주(99),X,26.5,24.2,21.5,20.7,96.8,X,주의,X,낮음
8/11/2023,북강릉(104),X,31.7,32,25.8,21.3,74.8,O, ,X,낮음
8/11/2023,동해(106),X,32.4,32.9,25.8,21,80.3,X, ,X,낮음
8/11/2023,서울(108),X,27.6,24.9,23.5,21.6,93.1,X, ,X,낮음
8/11/2023,인천(112),X,27.7,24.8,23,21.9,93.1,X, ,X,낮음
8/11/2023,원주(114),X,29.6,28.3,24.9,21.5,80.5,X, ,X,낮음
8/11/2023,울릉도(115),X,31,28.7,25.5,23.9,93.6,X, ,X,매우높음
8/11/2023,수원(119),X,28.7,26.6,24.3,21.6,89.3,X, ,X,보통
8/11/2023,영월(121),X,31.3,31.1,24.6,20.8,79.9,X, ,X,낮음
8/11/2023,충주(127),X,31.6,31.2,25.3,21.9,79.8,X,관심,X,보통
8/11/2023,서산(129),X,29.2,26.9,24.5,22.1,91.4,X, ,X,낮음
8/11/2023,울진(130),X,29.9,27.8,25.4,23.2,84.4,X,관심,X,매우높음
8/11/2023,청주(131),X,31.1,30.6,26.3,22,76,X, ,X,보통
8/11/2023,대전(133),X,30.6,30,25.3,21,80.4,X,관심,X,보통
8/11/2023,추풍령(135),X,31.3,31.3,24.6,20,80.8,X,관심,X,높음
8/11/2023,안동(136),X,32.3,32.7,27,22.3,72.9,X,관심,X,높음
8/11/2023,상주(137),O,33.1,32.6,26.2,21.8,81.4,O,관심,X,높음
8/11/2023,포항(138),X,32.8,33.5,28.2,22.9,65.3,O,관심,X,매우높음
8/11/2023,군산(140),X,31,29.8,25.7,23.3,83.5,X, ,X,보통
8/11/2023,대구(143),X,32,32.5,27.5,22.2,66.8,X,관심,X,매우높음
8/11/2023,전주(146),X,31.2,30.4,26.1,22.4,79.3,X,관심,X,높음
8/11/2023,울산(152),X,32.3,31.6,26.7,22.7,72.9,X,관심,X,매우높음
8/11/2023,창원(155),X,32.3,31.9,27.1,22.2,72.6,O,관심,X,매우높음
8/11/2023,광주(156),X,32.8,31.6,26.8,23,88.4,X,관심,X,높음
8/11/2023,부산(159),X,31.3,30,27.1,24.2,74.3,O,관심,O,매우높음
8/11/2023,통영(162),X,31.4,30.3,27,24.5,78.1,O,관심,O,매우높음
8/11/2023,목포(165),X,30.8,30.6,27,24.1,77.6,X,관심,X,높음
8/11/2023,여수(168),X,30.4,29.2,26.7,23.7,79.6,X,관심,X,매우높음
8/11/2023,흑산도(169),X,31,30,25.2,23,82.6,X, ,X,보통
8/11/2023,완도(170),X,32.1,31.5,27,23.3,78.9,O,관심,X,높음
8/11/2023,고창(172),X,30.8,30.5,26.3,23.5,80.8,X,관심,X,높음
8/11/2023,제주(184),O,33.3,34.1,29.6,26.6,64.6,X,관심,O,매우높음
8/11/2023,진주(192),X,32.1,31.4,26.6,21.5,79.5,X,관심,X,매우높음
8/11/2023,양평(202),X,28.5,26.4,23.6,20.9,89.5,X, ,X,보통
8/11/2023,이천(203),X,29.7,27,24.8,21.6,90,X, ,X,보통
8/11/2023,인제(211),X,27.3,26,22.7,20.8,86.4,X, ,X,낮음
8/11/2023,홍천(212),X,27.4,25.3,22.5,20.7,90.5,X, ,X,낮음
8/11/2023,태백(216),X,28.4,28.1,22.1,18.7,79.4,X, ,X,낮음
8/11/2023,정선군(217),X,31.6,31.4,24.4,20,78,X, ,X,낮음
8/11/2023,제천(221),X,30.2,29.1,23.3,20.1,91.5,X,관심,X,보통
8/11/2023,보은(226),X,30.7,29.9,24.4,21.1,86.9,X, ,X,보통
8/11/2023,천안(232),X,30.1,29,24.8,21.4,86.3,X,관심,X,보통
8/11/2023,보령(235),X,29.2,27.1,25.1,22.1,89.6,X, ,X,보통
8/11/2023,부여(236),X,31.2,30.1,25.7,22.1,85.8,X,관심,X,보통
8/11/2023,금산(238),X,30.8,30.3,25.4,21.3,80.8,X,관심,X,매우높음
8/11/2023,세종(239),X,30.7,29.5,25.1,21.2,84.5,X,관심,X,보통
8/11/2023,부안(243),X,31,30.6,26.1,23.3,82.3,X, ,X,높음
8/11/2023,임실(244),X,30.7,30,25,21.3,83,X, ,X,보통
8/11/2023,정읍(245),X,31.3,31.1,26,23.4,77.6,X,관심,X,높음
8/11/2023,남원(247),X,31.9,31.7,26.6,21.9,77.9,X, ,X,매우높음
8/11/2023,장수(248),X,30.2,29.4,24.3,20.5,82,X, ,X,높음
8/11/2023,영광군(252),X,31.9,31.3,26.5,23.5,80.8,X, ,X,보통
8/11/2023,김해시(253),X,32.9,31.2,27.3,23.3,80.5,O,관심,X,매우높음
8/11/2023,순창군(254),X,31.6,31.1,26.2,22.1,79.4,X,관심,X,높음
8/11/2023,양산시(257),O,33,32.3,27.4,22.6,77.9,O,관심,X,매우높음
8/11/2023,강진군(259),X,32.6,31.9,27.1,22.3,81,X, ,X,높음
8/11/2023,장흥(260),X,31.8,31.7,26.5,21.4,83.3,X,관심,X,매우높음
8/11/2023,해남(261),X,32.5,31.3,26.2,21.5,85.3,X,관심,X,높음
8/11/2023,고흥(262),X,30.4,29.6,25.5,20.6,82.3,X,관심,X,매우높음
8/11/2023,의령군(263),X,32.2,32.4,27.1,22.1,73.4,X,관심,X,매우높음
8/11/2023,함양군(264),O,33.1,33,26.3,20.7,82.8,X,관심,X,높음
8/11/2023,진도군ASOS(268),X,32.2,31.4,26.2,21.8,81.3,O,관심,X,매우높음
8/11/2023,봉화(271),X,29.6,28.8,23.5,20.5,83,X,관심,X,높음
8/11/2023,영주(272),X,30.4,29.8,24,20.5,90.6,X,관심,X,높음
8/11/2023,문경(273),X,31.9,30.8,24.8,21,88.6,X,관심,X,높음
8/11/2023,청송군(276),X,32.3,32.5,25.9,20.3,78.9,X, ,X,높음
8/11/2023,영덕(277),X,31.7,31.6,25.7,22,81.4,X,관심,X,높음
8/11/2023,의성(278),X,32.2,32.9,26.6,21.4,77.5,O,관심,X,매우높음
8/11/2023,구미(279),X,32,32.4,27,21.1,69.5,X,관심,X,높음
8/11/2023,영천(281),X,31.8,31.7,26.5,22.2,71.3,O,관심,X,높음
8/11/2023,경주시(283),O,33.5,33.5,27,20.9,75.4,O,관심,X,매우높음
8/11/2023,거창(284),X,31,30.7,25.4,21.5,77.8,X, ,X,높음
8/11/2023,합천(285),X,31.9,32,26.6,22.1,74.1,O,관심,X,높음
8/11/2023,밀양(288),X,32,32.3,26.6,21.6,70,X,관심,X,매우높음
8/11/2023,산청(289),X,32.1,31.5,26.1,20.3,80.4,X,관심,X,높음
8/11/2023,거제(294),X,30.9,29.7,26.8,22.7,77.6,O,관심,X,매우높음
8/11/2023,남해(295),X,31.3,30,26.9,23.4,77.9,X,관심,X,매우높음
8/11/2023,부천(433),X,26.8,24.5,22.1,20.5,92,X, ,X,낮음
8/11/2023,안양(434),X,27.8,25.9,24.2,21.6,,X, ,X,보통
8/11/2023,광명(437),X,28.7,26.7,24.5,22.2,88,X, ,X,낮음
8/11/2023,군포(438),X,27.9,25.8,23.7,21.2,89,X, ,X,보통
8/11/2023,김포(441),X,,25.7,23.3,21.2,,X, ,X,낮음
8/11/2023,하남(444),X,27.1,24.3,22.3,20,93,X, ,X,보통
8/11/2023,의왕(445),X,27.9,25.7,23.6,21.2,91,X, ,X,보통
8/11/2023,포천(504),X,27.6,24.9,22.6,20.4,95,X, ,X,낮음
8/11/2023,가평조종(505),X,26.8,23.6,22.1,20.4,99,X, ,X,보통
8/11/2023,안성(516),X,30.2,27.2,24.5,21,93,X, ,X,보통
8/11/2023,간성(517),X,29.2,29.1,24.2,21.4,79,X, ,X,낮음
8/11/2023,평창(526),X,30.2,29.8,23.2,20.3,82,X, ,X,낮음
8/11/2023,의정부(532),X,28,24.8,22.8,20.7,98,X, ,X,낮음
8/11/2023,횡성(536),X,28.5,27.1,23.8,20.7,86,X, ,X,낮음
8/11/2023,고양(540),X,,,,,,X, ,X,낮음
8/11/2023,남양주(541),X,28.5,25.9,23.4,20.8,93,X, ,X,낮음
8/11/2023,안산(545),X,28.7,26.4,23.6,21.5,96,X, ,X,보통
8/11/2023,경기광주(546),X,28,25.3,23.1,20.8,94,X, ,X,보통
8/11/2023,여주(548),X,29.4,27,23.3,20.7,98,X, ,X,보통
8/11/2023,용인(549),X,27.6,25.7,23.3,20.7,92,X, ,X,보통
8/11/2023,오산(550),X,29.5,27.1,24.3,21.8,93,X, ,X,보통
8/11/2023,평택(551),X,30.2,27.2,24.4,21.5,97,X, ,X,보통
8/11/2023,화천(555),X,26.6,23.6,21.8,20.3,97,X, ,X,낮음
8/11/2023,양구(556),X,27,25.1,22.5,20.6,86,X, ,X,낮음
8/11/2023,시흥(565),X,29.4,27.3,24.3,22,91,X, ,X,낮음
8/11/2023,구리(569),X,28.3,25.8,23.4,21.1,91,X, ,X,낮음
8/11/2023,화성(571),X,29.1,26.6,24.4,22,92,X, ,X,보통
8/11/2023,성남(572),X,28.3,26.4,24,21.5,87,X, ,X,보통
8/11/2023,과천(590),X,28.7,26,23.6,21.6,96,X, ,X,보통
8/11/2023,양주(598),X,27.3,24.9,22.4,20.8,94,X, ,X,낮음
8/11/2023,단양(601),X,32.3,32.3,25.5,21.4,80,X,관심,X,보통
8/11/2023,진천(602),X,30.9,30,25.4,22.2,81,X, ,X,보통
8/11/2023,괴산(603),X,31.7,31,25.2,21.4,82,X, ,X,보통
8/11/2023,옥천(604),X,32.8,32.7,26.2,22.9,81,X, ,X,높음
8/11/2023,홍북(608),X,28.1,26,23.5,21,94,X, ,X,보통
8/11/2023,공주(612),X,30.3,28.9,25,21.4,87,X, ,X,보통
8/11/2023,서천(614),X,30.6,28.8,25.4,22.2,88,X, ,X,보통
8/11/2023,논산(615),X,31,30.2,26,22.8,82,X,관심,X,보통
8/11/2023,당진(616),X,29.7,27,24,21.9,96,X, ,X,낮음
8/11/2023,청양(618),X,30.3,29,24.6,21.9,90,X, ,X,보통
8/11/2023,음성(619),X,30.5,29.4,23.9,20.5,85,X, ,X,보통
8/11/2023,증평(623),X,31,29.4,25,21.4,89,X, ,X,보통
8/11/2023,태안(627),X,29.6,27.1,24.5,22.5,91,X, ,X,낮음
8/11/2023,예산(628),X,29.5,27.2,25.1,22.1,91,X, ,X,보통
8/11/2023,아산(634),X,29.8,27,24.6,21.7,94,X,관심,X,보통
8/11/2023,계룡(636),X,30,28.7,24.3,21.3,88,X, ,X,보통
8/11/2023,연천청산(652),X,26.3,23.6,21.9,20.3,96,X, ,X,낮음
8/11/2023,양양(670),X,30.7,31.8,25.1,21.2,74,O, ,X,낮음
8/11/2023,무안(699),X,31.4,30.8,26.5,23.7,80,X, ,X,높음
8/11/2023,무주(701),X,31.5,31.7,26,21.8,76,X, ,X,매우높음
8/11/2023,익산(702),X,30.7,29.6,,22.9,83,X, ,X,높음
8/11/2023,진안(703),X,30.3,29.4,24.5,20.8,82,X, ,X,보통
8/11/2023,담양(706),X,32.7,31.2,26.5,22.4,89,X,관심,X,보통
8/11/2023,구례(709),X,32.8,31.9,26.2,21.6,85,X,관심,X,매우높음
8/11/2023,나주(710),X,32,31.1,26.2,22.5,84,X,관심,X,높음
8/11/2023,순천시(712),X,32.7,31.3,26.7,22.2,88,X,관심,X,높음
8/11/2023,광양읍(713),X,32.4,32.3,27,21.8,80,X,관심,X,높음
8/11/2023,장성(730),X,31.7,31.3,25.9,22.3,81,X, ,X,보통
8/11/2023,영암(731),X,32.2,31,26.9,23,85,X,관심,X,높음
8/11/2023,보성(732),X,30.4,29.3,25.4,20.2,84,O,관심,X,매우높음
8/11/2023,완주(734),X,31.6,30.3,25.2,21.8,87,X, ,X,높음
8/11/2023,김제(737),X,31.6,30.5,25.8,22.9,86,X,관심,X,높음
8/11/2023,화순(741),X,32.5,32.2,26.3,21.6,79,X,관심,X,높음
8/11/2023,함평(754),X,31.8,31.9,26.5,22.5,79,X, ,X,높음
8/11/2023,곡성(768),X,32.3,31.6,26.1,21.4,85,X,관심,X,매우높음
8/11/2023,압해도(789),X,31.6,30.5,26.1,23.1,87,X,관심,X,높음
8/11/2023,영양(801),X,32,31.7,25.1,20.3,82,X, ,X,높음
8/11/2023,성주(810),X,32.5,33.5,27.5,22.7,66,X,관심,X,높음
8/11/2023,고령(812),X,32,32.3,26.8,22.3,76,X,관심,X,높음
8/11/2023,청도(813),X,32.2,31.8,26.2,20.7,74,X,관심,X,매우높음
8/11/2023,예천(815),X,32,32,25.2,21.3,84,O,관심,X,높음
8/11/2023,김천(822),X,32.8,32.5,25.9,20.5,84,X,관심,X,높음
8/11/2023,군위(823),X,32.4,32.5,27,22,73,X,관심,X,매우높음
8/11/2023,칠곡(825),X,32.7,32.2,27,22.4,80,X,관심,X,높음
8/11/2023,경산(827),X,32.6,,,,67,O,관심,X,매우높음
8/11/2023,삼척(876),O,33.7,34.6,27.1,21.8,70,O, ,X,낮음
8/11/2023,속초(90),X,31.3,31.6,25.4,22.1,76.8,X, ,X,낮음
8/11/2023,삼천포(907),X,32.2,31,26.6,22.1,81,X,관심,X,매우높음
8/11/2023,고성(918),X,31.4,29.7,26.1,21.7,85,X,관심,X,매우높음
8/11/2023,창녕(919),X,32.8,32.1,27.2,23.8,75,X,관심,X,매우높음
8/11/2023,함안(920),X,31.9,31.4,26.2,20.5,79,X,관심,X,매우높음
8/11/2023,북춘천(93),X,27.4,25,22.9,20.9,93.5,X, ,X,낮음
8/11/2023,하동(932),X,32.3,31.5,26.8,22.5,80,X,관심,X,매우높음
8/11/2023,철원(95),X,26.1,23.2,21.7,20.2,96,X, ,X,낮음
8/11/2023,동두천(98),X,27,24.3,21.9,20,97,X, ,X,낮음
8/11/2023,파주(99),X,27.8,24.7,21.8,19.8,98.6,X, ,X,낮음
8/12/2023,북강릉(104),X,28,26.1,23.1,21.4,90.5,O,관심,X,낮음
8/12/2023,동해(106),X,28.4,25.8,23.7,22.4,95.6,X, ,X,낮음
8/12/2023,서울(108),X,26.8,24.1,23.3,22.5,91,X,관심,X,보통
8/12/2023,인천(112),X,28.3,25.8,23.5,21.8,92.5,X,관심,X,보통
8/12/2023,원주(114),X,27.8,27,23.9,22.8,83.6,X, ,X,낮음
8/12/2023,울릉도(115),X,31.8,29.6,26.6,24.4,92,X,관심,X,높음
8/12/2023,수원(119),X,28.2,26.3,23.7,21.5,85.6,X,관심,X,보통
8/12/2023,영월(121),X,27.9,25.7,23,21.3,89.9,X, ,X,낮음
8/12/2023,충주(127),X,27.5,26,23.9,21.9,85.6,X,관심,X,보통
8/12/2023,서산(129),X,30.7,28.8,25.3,21.8,88.8,X,관심,X,보통
8/12/2023,울진(130),X,28.9,27.1,23.9,22.5,89.6,X,관심,X,높음
8/12/2023,청주(131),X,30.5,29.7,25.6,22.2,75.9,X,관심,X,보통
8/12/2023,대전(133),X,30,28.8,24.2,19.2,83.6,X,관심,X,보통
8/12/2023,추풍령(135),X,29.3,28.3,23.8,21.5,84.9,X,관심,X,높음
8/12/2023,안동(136),X,30.3,29.3,25.2,22.2,82.3,O,관심,X,높음
8/12/2023,상주(137),X,29.5,28.6,25.1,22.6,86.8,O,관심,X,보통
8/12/2023,포항(138),X,31.4,30.3,26.9,24.7,76.9,O,관심,X,높음
8/12/2023,군산(140),X,30.7,29,25.6,22.6,86.8,X,관심,X,높음
8/12/2023,대구(143),X,31.4,31.4,27.1,23.6,71.8,O,관심,X,높음
8/12/2023,전주(146),X,30.7,30,25.6,22,81.5,X,관심,X,높음
8/12/2023,울산(152),X,31.7,30.8,26,22.9,78,X,관심,X,높음
8/12/2023,창원(155),X,32.7,32.3,27.4,24.4,76.4,O,관심,X,높음
8/12/2023,광주(156),X,32,30.2,26.6,22.8,90.4,O,관심,X,높음
8/12/2023,부산(159),X,30.6,30,27.2,25.2,72.9,O,관심,X,매우높음
8/12/2023,통영(162),X,31.3,31,27.4,24.7,77.4,O,관심,X,매우높음
8/12/2023,목포(165),X,32.1,31.2,27.4,23.2,76.1,X,관심,X,높음
8/12/2023,여수(168),X,30.9,30.2,27.3,24.5,77.4,X,관심,O,매우높음
8/12/2023,흑산도(169),X,31.2,29.5,24.8,22,89.5,X,관심,X,높음
8/12/2023,완도(170),X,32.4,32,26.7,22.3,75.4,O,관심,X,높음
8/12/2023,고창(172),X,31.4,31,26.4,22.5,79.1,X,관심,X,높음
8/12/2023,제주(184),O,33.6,33.3,29.7,27.2,66.6,O,관심,O,매우높음
8/12/2023,진주(192),X,32.8,32.7,27.3,23.5,80.1,O,관심,X,매우높음
8/12/2023,양평(202),X,27.5,25.9,22.7,21.1,91,X,관심,X,보통
8/12/2023,이천(203),X,28.3,27.1,23,21.1,93,X,관심,X,보통
8/12/2023,인제(211),X,29,27.2,22.8,20.6,90,X, ,X,낮음
8/12/2023,홍천(212),X,28.7,27.9,23.4,21.4,86.4,X, ,X,낮음
8/12/2023,태백(216),X,28.3,28,22,18.6,86,X, ,X,낮음
8/12/2023,정선군(217),X,29.8,28.3,23.6,21,84.9,X, ,X,낮음
8/12/2023,제천(221),X,27.2,25.4,22.8,21.3,91.8,X,관심,X,보통
8/12/2023,보은(226),X,29,27.6,23.6,20.4,89.6,X,관심,X,보통
8/12/2023,천안(232),X,29.5,28.1,24.1,21.6,85.6,X,관심,X,보통
8/12/2023,보령(235),X,30.6,28.9,25.4,21.9,86.9,X,관심,X,보통
8/12/2023,부여(236),X,30.3,28.5,24.8,21.1,88.8,X,관심,X,높음
8/12/2023,금산(238),X,30,28.8,24.4,21.4,89.4,X,관심,X,높음
8/12/2023,세종(239),X,30.4,28.8,24.1,20.2,86.6,X,관심,X,보통
8/12/2023,부안(243),X,31.1,30.1,26.3,23.7,81.4,X,관심,X,높음
8/12/2023,임실(244),X,30,29.1,24.8,21.7,86,X,관심,X,높음
8/12/2023,정읍(245),X,31.1,30.7,26,22.4,80,X,관심,X,높음
8/12/2023,남원(247),X,32,31.5,26.1,23.3,80.9,X,관심,X,높음
8/12/2023,장수(248),X,28.8,28.2,23.3,18.9,87.9,X, ,X,높음
8/12/2023,영광군(252),X,31.9,31.5,26.7,23,79.9,X,관심,X,높음
8/12/2023,김해시(253),X,32.8,31.7,27.3,24.5,82,O,관심,X,매우높음
8/12/2023,순창군(254),X,31.3,30.8,26,22.4,83.3,X,관심,X,높음
8/12/2023,양산시(257),O,33.3,33.1,27.9,23.6,75.1,O,관심,X,매우높음
8/12/2023,강진군(259),X,32.8,33.1,26.8,21.6,81,X,관심,X,높음
8/12/2023,장흥(260),X,32.5,31.7,26.3,21.7,82.1,O,관심,X,높음
8/12/2023,해남(261),X,32.4,31.4,26.1,20.7,84.8,X,관심,X,높음
8/12/2023,고흥(262),X,31,30.4,25.7,20.8,80.6,O,관심,X,높음
8/12/2023,의령군(263),O,33.5,33.7,27.5,23.4,76.8,X,관심,X,매우높음
8/12/2023,함양군(264),X,32.4,32,26.3,22.5,83,O,관심,X,높음
8/12/2023,진도군ASOS(268),X,32.4,32.1,26.3,20.5,80.4,O,관심,X,매우높음
8/12/2023,봉화(271),X,28.3,27.7,23.5,20.4,84.1,X,관심,X,높음
8/12/2023,영주(272),X,29.5,28.7,24.1,21.1,87.9,O,관심,X,높음
8/12/2023,문경(273),X,28.7,27.6,24,21,89,X,관심,X,보통
8/12/2023,청송군(276),X,32.2,31.5,25.2,20.7,82.5,X,관심,X,높음
8/12/2023,영덕(277),X,31.7,30.3,24.9,21.5,86.5,X,관심,X,높음
8/12/2023,의성(278),X,30.5,30,25.4,22.2,83,O,관심,X,보통
8/12/2023,구미(279),X,31,29.9,25.4,22.6,79.9,O,관심,X,높음
8/12/2023,영천(281),X,32.1,32,26.1,21.8,77.6,O,관심,X,높음
8/12/2023,경주시(283),O,33.8,33.8,26.6,22.1,80,O,관심,X,높음
8/12/2023,거창(284),X,30.9,31.1,24.9,22,83.3,X,관심,X,높음
8/12/2023,합천(285),X,31.9,32.5,27.1,23.3,76.9,O,관심,X,높음
8/12/2023,밀양(288),X,32.5,33.7,27.6,23.2,69.3,O,관심,X,높음
8/12/2023,산청(289),X,32.5,32.3,26.8,22.7,80,X,관심,X,높음
8/12/2023,거제(294),X,30.9,30.2,26.9,24,77,O,관심,X,매우높음
8/12/2023,남해(295),X,32,31.7,26.9,23.1,78.3,O,관심,X,매우높음
8/12/2023,부천(433),X,26.6,24.7,22.1,20.8,90,X, ,X,보통
8/12/2023,안양(434),X,26.1,25.7,23.7,21.9,,X,관심,X,보통
8/12/2023,광명(437),X,27.8,25.9,24.3,23.4,84,X,관심,X,보통
8/12/2023,군포(438),X,27.6,25.7,23.5,21.4,85,X, ,X,보통
8/12/2023,김포(441),X,,24.8,23.1,22.1,,X,관심,X,보통
8/12/2023,하남(444),X,26,24.1,22,20.2,90,X,관심,X,낮음
8/12/2023,의왕(445),X,27.8,25.7,23,21.1,90,X, ,X,보통
8/12/2023,포천(504),X,27.9,26.2,23.1,20.8,89,X, ,X,보통
8/12/2023,가평조종(505),X,27.9,25.7,22.8,20.5,95,X, ,X,보통
8/12/2023,안성(516),X,29.6,27.4,23.4,21.8,93,X,관심,X,낮음
8/12/2023,간성(517),X,26.9,24.7,22.6,20.9,90,X, ,X,낮음
8/12/2023,평창(526),X,27.7,26.7,22.8,20.8,83,X, ,X,낮음
8/12/2023,의정부(532),X,27.9,25.6,22.9,21.2,97,X, ,X,보통
8/12/2023,횡성(536),X,29,28,23.5,22.1,86,X, ,X,낮음
8/12/2023,고양(540),X,,,,,,X, ,X,보통
8/12/2023,남양주(541),X,27.5,26,23.1,21.1,91,X, ,X,낮음
8/12/2023,안산(545),X,29.6,27.8,23.2,21.1,92,X,관심,X,보통
8/12/2023,경기광주(546),X,26.8,25.7,22.3,21.2,92,X, ,X,보통
8/12/2023,여주(548),X,27.3,26.8,22.6,21.4,93,X,관심,X,보통
8/12/2023,용인(549),X,25.9,24.1,22.1,20.3,89,X,관심,X,보통
8/12/2023,오산(550),X,29.2,27.4,23.6,21.4,89,X,관심,X,보통
8/12/2023,평택(551),X,30.2,27.3,23.8,20.8,97,X,관심,X,낮음
8/12/2023,화천(555),X,30,28.4,23.3,20.7,93,X, ,X,낮음
8/12/2023,양구(556),X,30,29.3,23.7,20.7,86,X, ,X,낮음
8/12/2023,시흥(565),X,29,26.8,23.8,22.3,90,X,관심,X,보통
8/12/2023,구리(569),X,27,25.6,23.1,21.4,87,X,관심,X,낮음
8/12/2023,화성(571),X,30.1,28.5,24.3,21.7,88,X,관심,X,보통
8/12/2023,성남(572),X,26.8,24.9,23,21.6,85,X, ,X,보통
8/12/2023,과천(590),X,27.9,25.7,22.9,21.5,94,X,관심,X,보통
8/12/2023,양주(598),X,27.5,25.6,22.9,21,92,X, ,X,보통
8/12/2023,단양(601),X,29.5,27.6,23.7,21.5,90,X, ,X,높음
8/12/2023,진천(602),X,30.1,29.4,24.1,21.9,83,X, ,X,보통
8/12/2023,괴산(603),X,28.8,27.5,23.6,21.8,87,X, ,X,낮음
8/12/2023,옥천(604),X,30.6,29.7,25.2,22.5,89,X,관심,X,높음
8/12/2023,홍북(608),X,31,29.5,24.2,21.1,92,X,관심,X,보통
8/12/2023,공주(612),X,31,29.3,24.3,19.8,88,X,관심,X,보통
8/12/2023,서천(614),X,30.3,27.8,24.8,21.7,93,X,관심,X,보통
8/12/2023,논산(615),X,31,29.7,25,20.9,87,X,관심,X,높음
8/12/2023,당진(616),X,32.2,30.5,25.4,22.1,91,X,관심,X,보통
8/12/2023,청양(618),X,30.8,29.3,24.5,21,90,X,관심,X,보통
8/12/2023,음성(619),X,26.6,25.3,22.5,20.8,85,X, ,X,낮음
8/12/2023,증평(623),X,30.1,28.4,24.2,21.9,88,X,관심,X,보통
8/12/2023,태안(627),X,31.5,29.3,25.3,21.6,90,X,관심,X,높음
8/12/2023,예산(628),X,31.8,30.3,25.6,21.6,88,X,관심,X,보통
8/12/2023,아산(634),X,32.5,30.8,24.9,21.9,89,X,관심,X,보통
8/12/2023,계룡(636),X,29.9,28.1,23,18.3,92,X,관심,X,보통
8/12/2023,연천청산(652),X,27.6,26.1,23,20.1,89,X, ,X,보통
8/12/2023,양양(670),X,27.7,26,23,21.7,90,O, ,X,낮음
8/12/2023,무안(699),X,32,31.5,26,21.3,82,O,관심,X,높음
8/12/2023,무주(701),X,30.8,30.5,24.4,21.9,86,X,관심,X,높음
8/12/2023,익산(702),X,30.2,29.1,25.4,22.6,86,X,관심,X,높음
8/12/2023,진안(703),X,29.5,28.5,23.8,20.5,88,X, ,X,높음
8/12/2023,담양(706),X,32.6,30.4,26.4,22.4,87,X,관심,X,높음
8/12/2023,구례(709),X,32.3,31.6,26.4,22.5,85,O,관심,X,높음
8/12/2023,나주(710),X,32,31.3,26,21.3,85,O,관심,X,높음
8/12/2023,순천시(712),O,33.7,33,27.8,23.9,83,O,관심,X,높음
8/12/2023,광양읍(713),O,33.2,33.8,28,23.9,77,X,관심,X,높음
8/12/2023,장성(730),X,31.6,30.2,25.5,21.6,86,X,관심,X,높음
8/12/2023,영암(731),X,32.7,31.8,26.3,20.8,85,X,관심,X,높음
8/12/2023,보성(732),X,31.3,30.4,25.1,20.6,84,O,관심,X,높음
8/12/2023,완주(734),X,31,29.9,24.9,22,89,X,관심,X,높음
8/12/2023,김제(737),X,31.3,29.7,26,22.3,86,X,관심,X,낮음
8/12/2023,화순(741),X,32.2,31.4,26,21.9,81,O,관심,X,높음
8/12/2023,함평(754),X,31.8,31.7,26.3,21.3,82,X,관심,X,높음
8/12/2023,곡성(768),X,32.4,31.6,25.9,21.8,86,X,관심,X,높음
8/12/2023,압해도(789),X,32.1,30.9,26.2,22.3,86,O,관심,X,높음
8/12/2023,영양(801),X,31.5,30.9,25,21.2,86,X,관심,X,높음
8/12/2023,성주(810),X,32,32.5,26.3,23,75,X,관심,X,높음
8/12/2023,고령(812),X,31.8,31.6,26.4,22.9,85,X,관심,X,높음
8/12/2023,청도(813),X,31.9,31.7,26.1,22.2,79,X,관심,X,높음
8/12/2023,예천(815),X,29.6,29.7,24.9,22,83,O,관심,X,높음
8/12/2023,김천(822),X,30.8,29.4,24.7,22,89,O,관심,X,높음
8/12/2023,군위(823),X,31.1,29.5,25.2,22.4,88,O,관심,X,보통
8/12/2023,칠곡(825),X,32.2,31.5,26.3,22.8,85,O,관심,X,높음
8/12/2023,경산(827),X,32.6,32.8,27.2,23.4,72,O,관심,X,높음
8/12/2023,삼척(876),X,29.4,28.1,24,22.6,84,O,관심,X,낮음
8/12/2023,속초(90),X,26.7,24.4,23.2,21.8,87.8,X, ,X,낮음
8/12/2023,삼천포(907),X,32.2,30.8,26.7,24.3,81,X,관심,X,매우높음
8/12/2023,고성(918),X,32.1,30.4,26.5,23.8,85,X,관심,X,매우높음
8/12/2023,창녕(919),X,32.9,32.8,27.3,23.2,80,O,관심,X,높음
8/12/2023,함안(920),O,33,32.1,26.6,22.6,86,O,관심,X,높음
8/12/2023,북춘천(93),X,29.4,28.1,24,21.7,88.3,X, ,X,낮음
8/12/2023,하동(932),O,33,32.8,27.2,23.4,79,O,관심,X,매우높음
8/12/2023,철원(95),X,29.4,27.4,23.1,20,90.5,X, ,X,낮음
8/12/2023,동두천(98),X,27.7,25.2,22.6,20.2,94,X, ,X,보통
8/12/2023,파주(99),X,27.3,24.6,22.5,20.1,97.3,X,관심,X,보통
8/13/2023,북강릉(104),X,27.3,25,22.8,21.9,92.3,X,주의,X,낮음
8/13/2023,동해(106),X,28.9,26.3,23.5,22.1,95.6,X, ,X,낮음
8/13/2023,서울(108),X,32,31.1,27,22.6,76.9,O,관심,X,보통
8/13/2023,인천(112),X,31,30.5,26.7,23.3,79.1,O,관심,O,높음
8/13/2023,원주(114),X,31.6,31.2,26.2,22.2,77.6,O,관심,X,낮음
8/13/2023,울릉도(115),X,31.8,30.2,26.5,23.9,89.6,X,관심,X,매우높음
8/13/2023,수원(119),X,32,31.7,27.1,22.6,75.8,O,관심,X,높음
8/13/2023,영월(121),X,30.8,29.9,25.1,21.1,80.8,X,관심,X,낮음
8/13/2023,충주(127),X,32.1,31.2,25.9,21.2,82,O,관심,X,보통
8/13/2023,서산(129),X,32.3,31.9,27.1,23.4,80,X,관심,X,높음
8/13/2023,울진(130),X,28.6,26.7,23.8,22.4,90.9,X, ,X,높음
8/13/2023,청주(131),X,32.9,33.1,28.2,23.6,70.9,O,관심,O,보통
8/13/2023,대전(133),X,32.7,32,26.8,22.5,78.9,O,관심,X,높음
8/13/2023,추풍령(135),X,30.8,29.9,25.2,20.2,82.1,O,관심,X,보통
8/13/2023,안동(136),X,32.6,31.9,26.2,21.5,80.3,O,주의,X,높음
8/13/2023,상주(137),X,32.3,31.1,26.4,21.7,84.1,O,주의,X,보통
8/13/2023,포항(138),X,29.2,27.4,25.4,24.1,82.5,O,주의,X,높음
8/13/2023,군산(140),X,32.7,32.5,27.1,23.2,80.1,O,관심,X,매우높음
8/13/2023,대구(143),X,32,32.6,27.2,23.1,73.4,O,주의,X,높음
8/13/2023,전주(146),X,32.5,32.2,27.7,23.2,73.4,O,관심,X,높음
8/13/2023,울산(152),X,30.9,30.3,25.4,22.2,80,X,관심,X,매우높음
8/13/2023,창원(155),X,32.2,32.1,27.1,23.4,75.4,O,주의,X,매우높음
8/13/2023,광주(156),O,33.9,31.8,27.7,23.5,88.4,O,주의,O,높음
8/13/2023,부산(159),X,31.8,31,26.9,23.5,69.1,O,주의,O,매우높음
8/13/2023,통영(162),X,32,31.1,27.1,24.1,78,O,주의,X,매우높음
8/13/2023,목포(165),X,32.7,32.8,28.5,24.9,73,O,관심,O,매우높음
8/13/2023,여수(168),X,31.1,29.9,27,25.2,79.6,O,관심,X,매우높음
8/13/2023,흑산도(169),X,31.1,29.1,25.1,23.1,92.8,O,관심,X,매우높음
8/13/2023,완도(170),X,32.3,30.7,26.8,22.9,83.8,O,주의,X,매우높음
8/13/2023,고창(172),O,33.1,32.9,27.3,22.1,79.6,O,관심,X,매우높음
8/13/2023,제주(184),O,33,32.6,29.2,26.3,65.3,O,경고,O,매우높음
8/13/2023,진주(192),O,33.3,32.5,26.9,22.6,81.9,O,주의,X,높음
8/13/2023,양평(202),X,31.2,30.4,25.5,21.2,82.8,O,관심,X,보통
8/13/2023,이천(203),X,32.8,31.7,25.9,21.2,88.6,O,관심,X,보통
8/13/2023,인제(211),X,30.9,30.1,25.2,21.4,81.5,O,관심,X,낮음
8/13/2023,홍천(212),X,31.1,30.6,25.5,21.9,83.1,O,관심,X,낮음
8/13/2023,태백(216),X,29.6,28.4,22,18.3,87.4,X, ,X,낮음
8/13/2023,정선군(217),X,32,31.9,25.7,21.6,78.3,X,관심,X,낮음
8/13/2023,제천(221),X,31.2,30.5,24.5,20,87.8,X,관심,X,보통
8/13/2023,보은(226),X,31.6,30.8,25.6,21.8,85.4,X,관심,X,보통
8/13/2023,천안(232),X,31.4,30.8,26.1,22.8,83.3,X,관심,X,높음
8/13/2023,보령(235),X,32.1,31.5,27,23.5,78.6,X,관심,X,높음
8/13/2023,부여(236),X,32.7,31.9,26.7,22.6,82.9,O,관심,X,높음
8/13/2023,금산(238),X,31.9,31.1,25.7,21.6,85.4,X,관심,X,높음
8/13/2023,세종(239),X,32.8,32.1,26.7,23.2,83.5,O,관심,X,높음
8/13/2023,부안(243),X,32.6,32.4,27.3,23.3,79.8,O,관심,X,매우높음
8/13/2023,임실(244),X,31.7,30.8,25.6,21.1,83.8,O,관심,X,높음
8/13/2023,정읍(245),X,32.8,32.7,27.3,22.4,75.6,O,관심,X,매우높음
8/13/2023,남원(247),X,32.8,32.2,27,22.1,77.5,O,관심,X,높음
8/13/2023,장수(248),X,30.7,29.8,24.8,19.9,85.8,X,관심,X,높음
8/13/2023,영광군(252),O,33.3,33.4,27.6,22.8,78.4,O,관심,X,매우높음
8/13/2023,김해시(253),O,33.7,32.6,27.1,22.1,79.8,O,주의,X,높음
8/13/2023,순창군(254),O,33.5,33.8,27.4,22.7,80,O,관심,X,매우높음
8/13/2023,양산시(257),O,34.3,34.1,27.8,22,74.3,O,주의,X,높음
8/13/2023,강진군(259),O,33.2,32.3,27.5,22.5,80.9,O,관심,X,높음
8/13/2023,장흥(260),X,32.7,31.4,26.4,21.7,84.5,O,주의,X,높음
8/13/2023,해남(261),O,33.3,32.7,27.3,22.2,81.6,O,관심,X,높음
8/13/2023,고흥(262),X,31.5,30.6,25.6,21.9,84.4,O,주의,X,매우높음
8/13/2023,의령군(263),O,33.4,33.6,27.5,22,75.1,O,관심,X,높음
8/13/2023,함양군(264),O,33.9,33.6,26.9,21.5,85.6,O,주의,X,높음
8/13/2023,진도군ASOS(268),X,32.5,31.5,27.1,22.9,81.8,O,주의,X,매우높음
8/13/2023,봉화(271),X,30.1,29.4,23.7,18.8,83.1,X,관심,X,높음
8/13/2023,영주(272),X,30.9,29.5,25.1,20.1,85.6,O,주의,X,보통
8/13/2023,문경(273),X,31.5,30.4,25.3,20.2,86.6,O,관심,X,높음
8/13/2023,청송군(276),O,33.2,33.2,25.8,20.4,81.6,O,관심,X,높음
8/13/2023,영덕(277),X,29.4,27.3,24.1,22.6,88.3,X,관심,X,높음
8/13/2023,의성(278),X,32.8,32.6,26.5,21.3,81.1,O,주의,X,높음
8/13/2023,구미(279),X,32.5,32.6,26.8,21.7,76,O,주의,X,높음
8/13/2023,영천(281),X,31.9,31.6,25.8,21.8,80.1,O,주의,X,높음
8/13/2023,경주시(283),O,33.8,33.1,26.7,23.1,79.9,O,주의,X,높음
8/13/2023,거창(284),X,31.9,31.4,25.7,20.7,82.4,X,관심,X,높음
8/13/2023,합천(285),X,32.4,32.6,27.1,22.4,78.3,O,주의,X,높음
8/13/2023,밀양(288),X,32.2,33.5,28,22.9,66.1,O,주의,X,높음
8/13/2023,산청(289),O,33.5,32.8,27.2,22.1,80.5,O,관심,X,높음
8/13/2023,거제(294),X,31.3,31.1,26.6,23.4,78.4,O,주의,X,매우높음
8/13/2023,남해(295),X,31.8,30.9,26.5,23.7,82,O,주의,X,매우높음
8/13/2023,부천(433),X,30.8,31.2,26,21.6,71,O,관심,X,보통
8/13/2023,안양(434),X,29.4,31.6,27.1,22.9,,O,관심,X,보통
8/13/2023,광명(437),X,32.7,33.5,28.1,24.2,68,O,관심,O,보통
8/13/2023,군포(438),X,32.1,32.4,27.2,22.6,71,O,관심,X,높음
8/13/2023,김포(441),X,,32.5,26.9,22.8,,O,관심,X,보통
8/13/2023,하남(444),X,30.9,30.1,25.4,20.3,81,O,관심,X,보통
8/13/2023,의왕(445),X,32.1,31.2,25.9,21.2,81,O,관심,X,보통
8/13/2023,포천(504),X,31.7,30.7,25.7,21.4,84,O,관심,X,보통
8/13/2023,가평조종(505),X,31.6,30,25.1,21.3,91,O,관심,X,보통
8/13/2023,안성(516),X,32.3,31.7,26.2,21.8,88,O,관심,X,높음
8/13/2023,간성(517),X,27.4,25.2,22.5,21.6,92,X, ,X,낮음
8/13/2023,평창(526),X,30.3,30.1,25,19.8,76,X, ,X,낮음
8/13/2023,의정부(532),X,32.7,30.7,25.6,21.3,93,O,관심,X,보통
8/13/2023,횡성(536),X,32.2,32,26,21.5,81,O,관심,X,낮음
8/13/2023,고양(540),X,,,,,,O,관심,X,보통
8/13/2023,남양주(541),X,32.4,32.1,26.2,21,84,O,관심,X,보통
8/13/2023,안산(545),X,32.4,32.3,25.6,21.6,84,O,관심,X,높음
8/13/2023,경기광주(546),X,31.4,30.8,25.5,21.2,83,O,관심,X,보통
8/13/2023,여주(548),X,32.2,30.9,25.3,21.1,88,O,관심,X,보통
8/13/2023,용인(549),X,31.1,30.2,25,20.4,83,O,관심,X,보통
8/13/2023,오산(550),O,33.1,32.4,26.2,21.7,85,O,관심,X,높음
8/13/2023,평택(551),O,33.1,32.4,26.8,23,87,O,관심,X,높음
8/13/2023,화천(555),X,31.4,29,24.8,21.9,95,O,관심,X,낮음
8/13/2023,양구(556),X,30.7,30.3,25.5,22,81,X,관심,X,낮음
8/13/2023,시흥(565),X,32.2,32.1,26.7,22.6,81,O,관심,X,높음
8/13/2023,구리(569),X,31.7,30.8,26.4,22,80,O,관심,X,보통
8/13/2023,화성(571),X,32.6,32.4,27.3,23.5,78,O,관심,X,높음
8/13/2023,성남(572),X,31.1,30.4,26.1,21.7,78,O,관심,X,높음
8/13/2023,과천(590),X,32.9,32,26,21.5,86,O,관심,X,보통
8/13/2023,양주(598),X,32.7,31.5,26,21.1,85,O,관심,X,보통
8/13/2023,단양(601),X,32.7,32.2,25.5,20.8,86,X,관심,X,높음
8/13/2023,진천(602),X,32.6,32.6,26.3,22.4,81,O,관심,X,보통
8/13/2023,괴산(603),X,32.6,32,25.9,21.3,83,X,관심,X,보통
8/13/2023,옥천(604),X,32.6,31.8,27,23.3,84,O,관심,X,보통
8/13/2023,홍북(608),X,32.7,31.9,25.8,21.9,84,O,관심,X,높음
8/13/2023,공주(612),X,32.4,31.8,26.6,22.8,84,O,관심,X,높음
8/13/2023,서천(614),X,32.5,31.6,26.4,23,85,X,관심,X,매우높음
8/13/2023,논산(615),O,33.6,33.4,27.2,22.7,81,O,관심,X,높음
8/13/2023,당진(616),O,34,32.6,26.9,23.4,84,O,관심,X,높음
8/13/2023,청양(618),O,33.6,33.1,26.2,22.9,85,O,관심,X,높음
8/13/2023,음성(619),X,31.3,30.7,24.9,20.7,83,X,관심,X,보통
8/13/2023,증평(623),X,32.3,31.1,26.2,22.5,86,O,관심,X,보통
8/13/2023,태안(627),X,32.9,31.3,26.9,24.5,86,X,관심,X,높음
8/13/2023,예산(628),X,32.8,32.2,27,23.4,83,O,관심,X,높음
8/13/2023,아산(634),O,33.8,32.9,26.9,23.4,81,O,관심,X,높음
8/13/2023,계룡(636),X,31.8,31,25.1,20.7,87,X,관심,X,높음
8/13/2023,연천청산(652),X,31.3,30.6,25.2,21.4,86,O,관심,X,보통
8/13/2023,양양(670),X,26.6,24.3,22.8,22,91,X,주의,X,낮음
8/13/2023,무안(699),O,33.4,33,27.4,23.2,79,O,주의,X,매우높음
8/13/2023,무주(701),X,32.4,31.9,25.8,20.6,81,O,관심,X,높음
8/13/2023,익산(702),X,32.3,32.7,27,22.8,75,O,관심,X,높음
8/13/2023,진안(703),X,31.5,31.1,24.9,20,84,X,관심,X,높음
8/13/2023,담양(706),O,34.5,33.5,28,23.2,85,O,관심,X,매우높음
8/13/2023,구례(709),O,33.8,32.7,26.8,22.7,89,O,주의,X,높음
8/13/2023,나주(710),O,33.4,33.3,27.5,22.2,81,O,주의,X,높음
8/13/2023,순천시(712),O,33.2,31.6,27.5,23.8,86,O,주의,X,높음
8/13/2023,광양읍(713),O,33,32.1,27.7,23.2,80,O,관심,X,높음
8/13/2023,장성(730),X,32.8,32.6,27,22.2,82,O,관심,X,매우높음
8/13/2023,영암(731),O,33.7,33.1,27.8,22,82,O,관심,X,높음
8/13/2023,보성(732),X,32,30.6,25.7,21.1,85,O,주의,X,매우높음
8/13/2023,완주(734),X,32.6,31.8,26.4,22.3,83,O,관심,X,높음
8/13/2023,김제(737),O,33.1,32.3,27.3,22.9,82,O,관심,X,매우높음
8/13/2023,화순(741),O,34.2,33.3,27.5,22,79,O,주의,X,높음
8/13/2023,함평(754),O,33.7,33.6,27.7,22.8,80,O,관심,X,매우높음
8/13/2023,곡성(768),O,33.7,32.7,26.8,22.1,89,O,관심,X,높음
8/13/2023,압해도(789),O,33.2,32.1,27.3,23.8,84,O,주의,X,매우높음
8/13/2023,영양(801),X,32.7,32.3,24.9,20.6,89,O,관심,X,높음
8/13/2023,성주(810),O,33.1,34,27.1,21.8,74,O,관심,X,높음
8/13/2023,고령(812),X,32.7,32.5,26.5,21.6,86,O,관심,X,높음
8/13/2023,청도(813),X,32.7,32.6,26.5,21.2,78,O,관심,X,높음
8/13/2023,예천(815),X,31.8,31.6,25.8,20.7,81,O,주의,X,보통
8/13/2023,김천(822),O,33,31.8,26.4,21.2,86,O,주의,X,높음
8/13/2023,군위(823),O,33.5,33,26.6,21.7,82,O,주의,X,높음
8/13/2023,칠곡(825),O,33.2,32.8,26.8,21.8,84,O,주의,X,높음
8/13/2023,경산(827),X,32.7,33,27.1,23.2,76,O,주의,X,높음
8/13/2023,삼척(876),X,28.9,27.5,23.9,22.6,86,X,주의,X,낮음
8/13/2023,속초(90),X,27.3,24.8,22.8,22,91.6,X, ,X,낮음
8/13/2023,삼천포(907),X,32.3,30.8,26.3,23.1,84,O,관심,X,높음
8/13/2023,고성(918),X,32.6,31.9,26.7,22.6,84,O,관심,X,높음
8/13/2023,창녕(919),O,33.4,32.6,27.4,22.4,81,O,주의,X,높음
8/13/2023,함안(920),O,33.2,33.1,26.5,22.3,83,O,주의,X,높음
8/13/2023,북춘천(93),X,31.6,30.4,25.8,22,84.6,O,관심,X,낮음
8/13/2023,하동(932),X,32.7,32.1,27,22.8,81,O,주의,X,높음
8/13/2023,철원(95),X,31.3,29.9,25.1,21.5,90.3,O,관심,X,낮음
8/13/2023,동두천(98),X,31.9,30.6,25.5,21.5,89.1,O,관심,X,보통
8/13/2023,파주(99),X,32,30.6,25.2,21.5,90.8,O,관심,X,높음
8/14/2023,북강릉(104),X,27.8,25.9,22.9,21.8,92.3,X, ,X,낮음
8/14/2023,동해(106),X,29.3,27.4,23.7,22.6,93.9,X, ,X,낮음
8/14/2023,서울(108),X,32.7,31.9,28.1,24.8,75.4,O,주의,X,높음
8/14/2023,인천(112),X,32.2,31.1,27.8,25,77.5,O,주의,X,매우높음
8/14/2023,원주(114),X,32.9,33.6,27.7,23.6,74.6,O,관심,X,낮음
8/14/2023,울릉도(115),X,31.2,29.4,25.8,23.8,89.1,X,관심,X,매우높음
8/14/2023,수원(119),O,33.3,32.6,27.6,23.6,77.9,O,주의,X,높음
8/14/2023,영월(121),O,33.8,33.5,26.6,22,76.1,O,관심,X,낮음
8/14/2023,충주(127),O,33,33.4,27.8,22.2,75.9,O,주의,X,매우높음
8/14/2023,서산(129),O,33.8,33,27.2,23.1,81.3,O,관심,X,매우높음
8/14/2023,울진(130),X,29.7,28,25,22.6,84.8,X,관심,X,보통
8/14/2023,청주(131),O,33.9,34.7,29.2,25.3,69.6,O,주의,O,매우높음
8/14/2023,대전(133),O,33.7,33.6,28.1,23.8,74,O,주의,X,매우높음
8/14/2023,추풍령(135),X,31.5,30.5,25.9,22.8,80.4,O,주의,X,높음
8/14/2023,안동(136),X,32.4,32.1,27,22.7,75.8,O,주의,X,높음
8/14/2023,상주(137),O,33.2,32.4,27.9,23.7,74.8,O,주의,X,높음
8/14/2023,포항(138),X,29.7,28.2,25.9,24.3,79,O,주의,X,높음
8/14/2023,군산(140),O,33.5,32.7,27.6,24.6,81.9,O,주의,X,매우높음
8/14/2023,대구(143),X,31.8,31.5,26.8,23.6,74.3,O,주의,X,보통
8/14/2023,전주(146),O,33.8,33.3,28.3,24.5,76,O,주의,X,매우높음
8/14/2023,울산(152),X,31.1,30.3,26,23.1,78.3,X,관심,X,높음
8/14/2023,창원(155),O,33.3,33.3,28.1,24.5,72.9,O,주의,X,보통
8/14/2023,광주(156),O,34.4,33.6,28.5,25,90.3,O,주의,X,높음
8/14/2023,부산(159),X,31.7,31.1,27.5,25.2,67.9,O,주의,X,높음
8/14/2023,통영(162),O,33.3,32.8,27.4,24,77,O,주의,X,높음
8/14/2023,목포(165),X,32.9,32.2,28.2,25.5,80.1,O,주의,O,매우높음
8/14/2023,여수(168),X,31.6,30.5,27.6,24.8,78.1,O,주의,O,매우높음
8/14/2023,흑산도(169),X,31.3,30.1,25.7,22.7,85.9,O,주의,X,매우높음
8/14/2023,완도(170),X,32.4,31.4,27.3,23.6,82.1,O,주의,X,매우높음
8/14/2023,고창(172),O,33.8,32.8,27.4,23.6,83.3,O,주의,X,높음
8/14/2023,제주(184),X,32.8,32.3,28.9,26.4,69.9,O,경고,O,매우높음
8/14/2023,진주(192),O,33.6,33.5,27.8,23.7,78.9,O,주의,X,매우높음
8/14/2023,양평(202),O,33,33,27.7,23,77.5,O,주의,X,높음
8/14/2023,이천(203),O,34.1,33.5,27.8,23.3,83.4,O,주의,X,높음
8/14/2023,인제(211),O,33.2,33.6,26.1,21.7,77.3,O,주의,X,낮음
8/14/2023,홍천(212),O,33.2,33.4,27.4,22.4,72.5,O,주의,X,낮음
8/14/2023,태백(216),X,29.2,28.1,22.6,19.4,83.6,X, ,X,낮음
8/14/2023,정선군(217),O,33.5,33.6,26.1,21.8,74.3,O,관심,X,낮음
8/14/2023,제천(221),X,32.3,32.4,26.4,21.5,80.1,O,관심,X,매우높음
8/14/2023,보은(226),X,32,31.5,26.4,22,83,O,관심,X,매우높음
8/14/2023,천안(232),X,32.9,33,27.3,22.5,78.3,O,관심,X,높음
8/14/2023,보령(235),X,32.7,31.8,27.3,24.2,79.5,O,관심,X,매우높음
8/14/2023,부여(236),O,34.2,33.8,27.5,23.4,81.5,O,주의,X,높음
8/14/2023,금산(238),X,32.8,32.6,26.9,23.7,81,O,관심,X,매우높음
8/14/2023,세종(239),O,34,33.9,27.7,23.6,77,O,주의,X,매우높음
8/14/2023,부안(243),O,33.6,33.1,27.9,24.5,81.5,O,주의,X,매우높음
8/14/2023,임실(244),X,32.8,32.5,27.1,23.2,81,O,주의,X,매우높음
8/14/2023,정읍(245),O,33.7,33.1,28,24.2,77.1,O,주의,X,높음
8/14/2023,남원(247),O,33.7,34.3,28.4,24.3,74.6,O,주의,X,매우높음
8/14/2023,장수(248),X,31.5,31.2,24.9,21.6,87.6,O,관심,X,매우높음
8/14/2023,영광군(252),O,33.5,32.5,27.6,24.1,81.3,O,주의,X,높음
8/14/2023,김해시(253),O,34.7,34,27.9,23.9,74,O,주의,X,보통
8/14/2023,순창군(254),O,34.1,34.5,28.1,24.2,80.5,O,주의,X,매우높음
8/14/2023,양산시(257),O,33.8,33.4,28.5,24.9,71.8,O,주의,O,높음
8/14/2023,강진군(259),O,33.7,32.9,28.1,23.4,78.6,O,주의,O,매우높음
8/14/2023,장흥(260),O,33.2,32.4,27.1,22.5,84.9,O,주의,X,매우높음
8/14/2023,해남(261),O,33.8,33.3,27.7,23.4,79.6,O,주의,X,매우높음
8/14/2023,고흥(262),X,31.8,31.3,26,21.7,83.6,O,주의,X,매우높음
8/14/2023,의령군(263),O,33.8,33.8,28,23.9,76.1,O,주의,X,높음
8/14/2023,함양군(264),O,33.4,33,27.4,23.7,83.5,O,주의,X,매우높음
8/14/2023,진도군ASOS(268),X,32.7,32.7,27.3,22.5,78.1,O,주의,X,매우높음
8/14/2023,봉화(271),X,30.4,29.8,24,20.4,82.9,X,관심,X,높음
8/14/2023,영주(272),X,32.1,31.7,25.6,21.1,84.9,O,주의,X,높음
8/14/2023,문경(273),X,32.7,31.8,26.8,21.8,81.5,O,주의,X,높음
8/14/2023,청송군(276),X,32.4,31.8,25.3,21.6,83.5,O,관심,X,보통
8/14/2023,영덕(277),X,29.8,27.9,24.6,21.7,85.1,X,관심,X,높음
8/14/2023,의성(278),X,32.5,32.4,26.8,22.3,78.3,O,주의,X,높음
8/14/2023,구미(279),X,32.6,32.7,27.6,23.4,70.6,O,주의,X,높음
8/14/2023,영천(281),X,31.2,30.5,25.5,22.4,81.9,O,주의,X,보통
8/14/2023,경주시(283),X,31.5,30.6,26.2,23.2,80.9,O,주의,X,높음
8/14/2023,거창(284),X,31.8,31,26.1,22.9,83,X,관심,X,매우높음
8/14/2023,합천(285),X,32.5,32.4,27.5,24.3,76.3,O,주의,X,높음
8/14/2023,밀양(288),X,32.3,33.1,28.1,24,63,O,주의,X,보통
8/14/2023,산청(289),O,33.5,33.1,27.5,23.7,79.3,O,주의,X,매우높음
8/14/2023,거제(294),X,31.7,30.8,26.6,24,78,O,주의,X,높음
8/14/2023,남해(295),X,32.4,31.8,26.9,23.2,80.8,O,주의,X,매우높음
8/14/2023,부천(433),X,31.9,32.2,27.1,22.7,71,O,주의,X,높음
8/14/2023,안양(434),X,29.3,32.9,28.3,24.4,,O,주의,O,높음
8/14/2023,광명(437),O,33.9,35,29.4,25.7,68,O,주의,O,높음
8/14/2023,군포(438),O,33.7,34.4,28.4,24.2,69,O,주의,O,높음
8/14/2023,김포(441),X,,33.5,27.5,23.1,,O,관심,X,높음
8/14/2023,하남(444),O,33,32.9,26.9,22.6,76,O,주의,X,높음
8/14/2023,의왕(445),X,32.9,32.1,26.6,22.3,79,O,주의,X,높음
8/14/2023,포천(504),O,33.9,33.7,27.2,21.8,79,O,주의,X,높음
8/14/2023,가평조종(505),O,33.5,33.4,26.8,22.2,85,O,주의,X,높음
8/14/2023,안성(516),O,33.9,32.9,27.6,22.8,83,O,주의,X,높음
8/14/2023,간성(517),X,28.3,26.3,22.9,21.3,91,X, ,X,낮음
8/14/2023,평창(526),X,32.6,32.8,25.8,21.1,74,X,관심,X,낮음
8/14/2023,의정부(532),O,34.2,32.6,26.8,22.8,91,O,주의,X,높음
8/14/2023,횡성(536),O,33.8,34.4,27.6,22.5,72,O,관심,X,낮음
8/14/2023,고양(540),X,,,,,,O,관심,X,높음
8/14/2023,남양주(541),O,33.8,34.6,27.9,22.9,77,O,주의,X,높음
8/14/2023,안산(545),O,34,33.3,26.6,21.7,83,O,주의,X,높음
8/14/2023,경기광주(546),X,32.5,32.5,26.9,23.4,79,O,주의,X,높음
8/14/2023,여주(548),X,32.9,32,27.5,23.1,82,O,주의,X,높음
8/14/2023,용인(549),X,32.3,32.3,26.9,22.7,78,O,주의,X,높음
8/14/2023,오산(550),O,34.4,34.1,27.4,23,81,O,주의,X,높음
8/14/2023,평택(551),O,34.2,33.4,27.9,23.6,83,O,주의,X,높음
8/14/2023,화천(555),O,34.1,32.6,26.4,22.3,91,O,관심,X,낮음
8/14/2023,양구(556),X,32.9,33.6,26.4,22,75,X,관심,X,낮음
8/14/2023,시흥(565),O,33.9,33.3,27.4,22.6,82,O,주의,X,높음
8/14/2023,구리(569),O,33.6,33.6,27.7,23.4,74,O,주의,X,높음
8/14/2023,화성(571),O,34,33.7,27.7,24,79,O,주의,X,높음
8/14/2023,성남(572),O,33.2,33,27.6,23.7,76,O,주의,X,높음
8/14/2023,과천(590),O,33.9,33.6,27,22.3,82,O,주의,X,높음
8/14/2023,양주(598),O,34.4,33.9,27,21.8,83,O,주의,X,높음
8/14/2023,단양(601),O,34.4,34.2,27.2,22,80,O,관심,X,매우높음
8/14/2023,진천(602),O,34.4,34.5,28,22.6,74,O,주의,X,높음
8/14/2023,괴산(603),O,33.3,34.2,27.5,22.2,78,O,관심,X,높음
8/14/2023,옥천(604),O,33.9,33.8,28,24.2,80,O,주의,X,매우높음
8/14/2023,홍북(608),O,34.3,33.4,26.6,22,81,O,주의,X,매우높음
8/14/2023,공주(612),O,34,33.8,27.6,22.8,79,O,주의,X,매우높음
8/14/2023,서천(614),O,33.8,32.2,26.8,23.4,86,X,관심,X,매우높음
8/14/2023,논산(615),O,34.8,35.1,28.4,23.4,79,O,주의,X,매우높음
8/14/2023,당진(616),O,34.2,33.2,27.4,22.8,86,O,주의,X,매우높음
8/14/2023,청양(618),O,34.6,33.8,26.7,21.9,84,O,주의,X,높음
8/14/2023,음성(619),X,32.5,32,26.5,21.7,79,O,관심,X,매우높음
8/14/2023,증평(623),O,33.9,33.2,28,22.9,81,O,주의,X,높음
8/14/2023,태안(627),O,33.6,32.3,27.8,24.5,84,O,관심,X,매우높음
8/14/2023,예산(628),O,34,33.7,27.6,23.3,81,O,주의,X,매우높음
8/14/2023,아산(634),O,34.2,34.4,27.5,23.1,80,O,주의,X,높음
8/14/2023,계룡(636),O,33.2,32.6,26.7,21.5,84,O,관심,X,매우높음
8/14/2023,연천청산(652),O,33.1,32.6,26.5,21.9,82,O,관심,X,높음
8/14/2023,양양(670),X,28.5,27.1,23.2,22.2,91,X, ,X,낮음
8/14/2023,무안(699),O,34.3,33.6,27.8,24.1,81,O,주의,X,높음
8/14/2023,무주(701),X,32.9,32.7,26.5,22.4,80,O,주의,X,매우높음
8/14/2023,익산(702),O,33.5,33.3,27.8,23.9,78,O,주의,X,매우높음
8/14/2023,진안(703),X,32.4,31.8,25.8,21.6,83,O,관심,X,매우높음
8/14/2023,담양(706),O,35.1,35.2,28.9,24.4,84,O,주의,X,매우높음
8/14/2023,구례(709),O,34.4,33.3,27.8,23.8,85,O,주의,X,매우높음
8/14/2023,나주(710),O,34.1,33.5,27.7,24,87,O,주의,X,높음
8/14/2023,순천시(712),O,34.1,32.5,28,24,84,O,주의,X,매우높음
8/14/2023,광양읍(713),O,33.7,33.6,28.2,24,80,O,주의,X,매우높음
8/14/2023,장성(730),O,34,33.5,27.5,23.3,84,O,주의,X,높음
8/14/2023,영암(731),O,34.6,33.6,28.2,24.5,84,O,주의,O,매우높음
8/14/2023,보성(732),X,32.3,31.3,26.4,22.2,83,O,주의,X,매우높음
8/14/2023,완주(734),O,34.2,33.9,27.4,22.3,81,O,주의,X,매우높음
8/14/2023,김제(737),O,34.6,33.3,27.7,24.6,84,O,주의,X,매우높음
8/14/2023,화순(741),O,34.4,34.1,28,23.6,79,O,주의,X,높음
8/14/2023,함평(754),O,34.2,33.6,28.3,24.2,81,O,주의,X,높음
8/14/2023,곡성(768),O,34.5,34.2,28,23.9,83,O,주의,X,매우높음
8/14/2023,압해도(789),O,33.9,32.5,27.8,24.1,87,O,주의,O,매우높음
8/14/2023,영양(801),X,32.1,31.2,25.1,21.7,87,O,관심,X,보통
8/14/2023,성주(810),O,33.4,33.9,27.7,23.7,70,O,주의,X,높음
8/14/2023,고령(812),X,32.5,32.5,26.9,23.4,84,O,주의,X,높음
8/14/2023,청도(813),X,31.8,31.5,26.3,22,77,O,주의,X,보통
8/14/2023,예천(815),X,32.9,32.9,26.6,22.2,78,O,주의,X,매우높음
8/14/2023,김천(822),O,33.6,33,27,23.2,83,O,주의,X,높음
8/14/2023,군위(823),O,33.6,33.5,27.3,22.6,78,O,주의,X,높음
8/14/2023,칠곡(825),O,33.2,33.2,27.7,23.5,80,O,주의,X,높음
8/14/2023,경산(827),X,32.4,32.3,27.1,23.3,75,O,주의,X,보통
8/14/2023,삼척(876),X,29.7,28.3,23.9,22.4,86,X,관심,X,낮음
8/14/2023,속초(90),X,28.7,26.4,23.2,21.7,91.1,X, ,X,낮음
8/14/2023,삼천포(907),X,32.7,31.3,26.6,23,83,O,주의,X,높음
8/14/2023,고성(918),O,33.7,33.1,27.2,22.9,84,O,주의,X,높음
8/14/2023,창녕(919),O,33.5,33.3,28.1,24.5,74,O,주의,X,높음
8/14/2023,함안(920),O,33.2,32.4,27,23.6,83,O,주의,X,높음
8/14/2023,북춘천(93),O,33.8,33.7,27.9,22.8,75.5,O,주의,X,낮음
8/14/2023,하동(932),O,33.8,34,28,23.8,79,O,주의,X,매우높음
8/14/2023,철원(95),X,32.9,32.4,26.5,21.9,82.3,O,관심,X,낮음
8/14/2023,동두천(98),O,33.9,32.7,26.7,22.2,85.3,O,주의,X,높음
8/14/2023,파주(99),O,33.5,32.1,26,22.5,87.6,O,관심,X,높음
8/15/2023,북강릉(104),X,25.7,23.2,21.9,21,93.1,X, ,X,낮음
8/15/2023,동해(106),X,27.4,25.1,22.7,21.7,95.1,X, ,X,낮음
8/15/2023,서울(108),O,33.4,32.7,28.6,24.7,71.4,O,주의,X,보통
8/15/2023,인천(112),X,32.1,31.2,27.4,24.2,78.5,O,주의,X,보통
8/15/2023,원주(114),X,32.2,33,27.5,22.9,66.6,O,주의,X,낮음
8/15/2023,울릉도(115),X,27.2,24.2,23.4,22.5,97,X, ,X,보통
8/15/2023,수원(119),X,32.8,32,27.6,24.3,76,O,주의,X,높음
8/15/2023,영월(121),X,31.7,31.6,25.6,20,73.1,O,주의,X,낮음
8/15/2023,충주(127),O,33.3,33,28,23.5,68.4,O,주의,X,높음
8/15/2023,서산(129),X,32.9,32,27.3,24.3,81.6,O,주의,X,높음
8/15/2023,울진(130),X,28.4,26.3,23.8,21.8,87,X, ,X,높음
8/15/2023,청주(131),O,33.6,33.9,29.4,25.7,68.5,O,주의,O,높음
8/15/2023,대전(133),O,33.6,33.1,28.1,24.3,73.1,O,주의,X,높음
8/15/2023,추풍령(135),X,32.3,31.8,26.6,21.7,75.6,O,주의,X,매우높음
8/15/2023,안동(136),O,33,32.7,27.1,22.2,74.4,O,주의,X,매우높음
8/15/2023,상주(137),O,34.4,33.7,28.3,23.5,75.5,O,주의,X,매우높음
8/15/2023,포항(138),X,28.4,26.5,24.9,23.4,80.8,X,주의,X,매우높음
8/15/2023,군산(140),X,32.5,31.3,27.3,23.6,82,O,주의,X,높음
8/15/2023,대구(143),O,33.2,34,27.5,23,70.8,O,주의,X,매우높음
8/15/2023,전주(146),X,32.9,32,27.8,24.7,77.6,O,주의,O,높음
8/15/2023,울산(152),X,29.7,29.1,25.5,22.9,73,X,관심,X,높음
8/15/2023,창원(155),O,33,33.2,27.5,23.6,72.3,O,주의,O,높음
8/15/2023,광주(156),O,34.5,32.5,28.1,24.4,89.4,O,주의,X,보통
8/15/2023,부산(159),X,32.3,32.1,27.5,24.6,67.6,O,주의,O,매우높음
8/15/2023,통영(162),X,32.3,31.9,26.9,23.4,76.5,O,주의,O,매우높음
8/15/2023,목포(165),X,32.1,30.7,27.5,25.2,82.5,O,주의,O,높음
8/15/2023,여수(168),X,31.8,31.1,27.5,25.5,75.3,O,주의,O,매우높음
8/15/2023,흑산도(169),X,31.9,29.7,26.3,24,91.5,O,주의,X,높음
8/15/2023,완도(170),O,33.5,32.3,28.2,24.5,78.5,O,주의,X,높음
8/15/2023,고창(172),X,32.8,31.5,26.8,23,83.6,O,주의,X,높음
8/15/2023,제주(184),X,32.7,32,29.4,27,69.9,O,경고,O,매우높음
8/15/2023,진주(192),O,34.4,33.9,27.6,22.6,78,O,주의,O,매우높음
8/15/2023,양평(202),X,32.5,32.2,27.1,22.7,74.4,O,주의,X,높음
8/15/2023,이천(203),O,33.7,32.7,27.4,22.3,77.4,O,주의,X,높음
8/15/2023,인제(211),X,31.3,31.1,25.1,21.3,74.9,O,주의,X,낮음
8/15/2023,홍천(212),X,32.6,32.6,26.3,21.2,72.3,O,주의,X,낮음
8/15/2023,태백(216),X,26.5,24.9,20.5,18.8,90.6,X, ,X,낮음
8/15/2023,정선군(217),X,30.6,30.4,24.6,20.7,73.6,O,주의,X,낮음
8/15/2023,제천(221),X,32.1,31.7,25.1,20.2,79.5,O,주의,X,높음
8/15/2023,보은(226),X,32.5,32,26.9,23.4,79.9,O,주의,X,높음
8/15/2023,천안(232),X,32.9,32.7,27.5,22.8,77.1,O,주의,X,높음
8/15/2023,보령(235),X,32.9,31.7,27.1,24.1,80.9,O,주의,X,높음
8/15/2023,부여(236),O,34.3,33.5,27.9,23.2,79.9,O,주의,X,높음
8/15/2023,금산(238),X,32.8,32.5,26.7,22.2,81,O,주의,X,높음
8/15/2023,세종(239),X,32.8,32.1,27.8,23.6,76.8,O,주의,X,높음
8/15/2023,부안(243),X,32.6,31.5,27.5,24,81.3,O,주의,X,높음
8/15/2023,임실(244),X,32.6,32,26.8,23.9,82.4,O,주의,X,높음
8/15/2023,정읍(245),O,33.1,32.1,27.3,23.4,77.9,O,주의,X,높음
8/15/2023,남원(247),O,34,33.9,28,23.3,78,O,주의,O,높음
8/15/2023,장수(248),X,31.8,31.3,25.3,21.2,84.8,O,주의,X,높음
8/15/2023,영광군(252),O,33,31.8,27.3,23.6,81.1,O,주의,X,높음
8/15/2023,김해시(253),O,34.1,33,27.6,23.8,74.4,O,주의,X,높음
8/15/2023,순창군(254),O,33.6,33.2,27.8,24.3,80.5,O,주의,X,높음
8/15/2023,양산시(257),O,33.9,33.9,28.7,25.4,67.1,O,주의,X,매우높음
8/15/2023,강진군(259),O,34.6,34.3,29.2,25.6,76.4,O,주의,X,높음
8/15/2023,장흥(260),O,34,33.4,28.2,24.1,82.4,O,주의,X,높음
8/15/2023,해남(261),O,33.6,32.5,27.7,24.2,82.8,O,주의,X,보통
8/15/2023,고흥(262),X,32.4,31.4,26.3,22.5,83.9,O,주의,X,매우높음
8/15/2023,의령군(263),O,33.8,34,28.1,22,73.8,O,주의,X,매우높음
8/15/2023,함양군(264),O,35,34.7,28,22.7,82.1,O,주의,X,높음
8/15/2023,진도군ASOS(268),O,33.2,31.9,27,23.9,83.8,O,주의,X,보통
8/15/2023,봉화(271),X,30.2,30.4,23.8,18.5,77.5,X,관심,X,매우높음
8/15/2023,영주(272),X,32.3,32.7,26.1,21.2,79.9,O,주의,X,매우높음
8/15/2023,문경(273),O,33.5,33.1,27.6,23,75.6,O,주의,X,매우높음
8/15/2023,청송군(276),O,33.3,33.6,26.2,21.4,79.1,X,주의,X,매우높음
8/15/2023,영덕(277),X,28.1,25.9,23.7,21.2,85.9,X,관심,X,매우높음
8/15/2023,의성(278),X,32.8,33.2,27.1,21.6,75.9,O,주의,X,매우높음
8/15/2023,구미(279),O,33.3,33.5,28.1,23.6,72.1,O,주의,X,매우높음
8/15/2023,영천(281),X,32,31.4,25.4,22.3,81,O,주의,X,매우높음
8/15/2023,경주시(283),X,30.9,29.6,25.5,22.6,78.5,X,주의,X,높음
8/15/2023,거창(284),X,32.7,33.5,27,22,77.8,X,관심,X,매우높음
8/15/2023,합천(285),O,33.3,33.5,27.6,22.4,75.4,O,주의,X,매우높음
8/15/2023,밀양(288),X,32.8,34.2,28.8,24.1,60.1,O,주의,O,높음
8/15/2023,산청(289),O,34.8,34.5,27.8,23,80.3,O,주의,X,매우높음
8/15/2023,거제(294),X,31.8,31.5,26.4,22.6,77.6,O,주의,O,매우높음
8/15/2023,남해(295),X,32.9,32.5,27.3,24,77.9,O,주의,X,매우높음
8/15/2023,부천(433),X,31.5,31.6,27.1,23.2,69,O,주의,X,보통
8/15/2023,안양(434),X,30.1,32.5,28.2,25.2,,O,주의,O,보통
8/15/2023,광명(437),O,33.5,34.1,29.7,26.5,63,O,주의,O,보통
8/15/2023,군포(438),O,33.3,33.7,28.8,25.4,66,O,주의,O,높음
8/15/2023,김포(441),X,,32.1,27.1,22.7,,O,주의,X,보통
8/15/2023,하남(444),X,32.4,32.1,26.8,22.8,71,O,주의,X,높음
8/15/2023,의왕(445),X,32.6,31.8,26.7,22.6,79,O,주의,X,높음
8/15/2023,포천(504),O,33,32.2,27.3,22.8,74,O,주의,X,높음
8/15/2023,가평조종(505),X,32.9,31.8,26.3,21.6,82,O,주의,X,높음
8/15/2023,안성(516),O,33.3,32.9,27.4,23.2,81,O,주의,X,보통
8/15/2023,간성(517),X,25.7,23.6,21.8,20.7,91,X, ,X,낮음
8/15/2023,평창(526),X,31.7,32,25,19.4,69,X,관심,X,낮음
8/15/2023,의정부(532),O,34.2,32.2,27,22.7,89,O,주의,X,보통
8/15/2023,횡성(536),X,32.7,33.3,27.3,21.9,66,O,주의,X,낮음
8/15/2023,고양(540),X,,,,,,O,주의,X,보통
8/15/2023,남양주(541),O,33.5,33.3,27.9,23.1,73,O,주의,X,높음
8/15/2023,안산(545),X,32.9,32.2,26.8,21.8,82,O,주의,X,보통
8/15/2023,경기광주(546),X,32.5,32.1,26.9,23.2,70,O,주의,X,높음
8/15/2023,여주(548),X,32.1,31.5,27,22.6,77,O,주의,X,높음
8/15/2023,용인(549),X,31.2,31.2,26.6,22.5,75,O,주의,X,보통
8/15/2023,오산(550),O,34.4,33.8,27.7,23,79,O,주의,X,보통
8/15/2023,평택(551),O,33.9,32.9,28.1,23.8,83,O,주의,X,보통
8/15/2023,화천(555),X,32.8,31.5,25.6,21.1,86,O,주의,X,낮음
8/15/2023,양구(556),X,31.3,31.6,25.1,20.1,74,X,관심,X,낮음
8/15/2023,시흥(565),O,33.3,33.2,27.6,23.3,80,O,주의,X,보통
8/15/2023,구리(569),O,33.1,32.9,27.8,23.9,68,O,주의,X,높음
8/15/2023,화성(571),O,33,32.6,27.8,24,79,O,주의,X,보통
8/15/2023,성남(572),X,32.3,32.3,27.9,23.7,72,O,주의,X,높음
8/15/2023,과천(590),O,33.6,33.3,27.4,22.6,80,O,주의,X,보통
8/15/2023,양주(598),O,34.1,32.9,26.6,22.3,82,O,주의,X,높음
8/15/2023,단양(601),O,33.3,33.6,26.2,21,76,O,주의,X,매우높음
8/15/2023,진천(602),O,33.1,33,27.8,23.9,76,O,주의,X,높음
8/15/2023,괴산(603),O,33.3,33.4,28,24.2,73,O,주의,X,높음
8/15/2023,옥천(604),O,33.8,33.6,28.4,24.5,79,O,주의,O,높음
8/15/2023,홍북(608),O,34,32.7,26,21.8,83,O,주의,X,높음
8/15/2023,공주(612),O,33.8,33.5,27.7,22.7,78,O,주의,X,높음
8/15/2023,서천(614),O,33.3,31.5,26.9,22.8,84,O,관심,X,높음
8/15/2023,논산(615),O,34.4,33.7,28.6,23.7,78,O,주의,X,높음
8/15/2023,당진(616),O,33.5,31.9,26.8,23.9,89,O,주의,X,높음
8/15/2023,청양(618),O,34,33.1,26.7,22.2,85,O,주의,X,높음
8/15/2023,음성(619),X,32.1,31.6,26.7,22.7,73,O,주의,X,높음
8/15/2023,증평(623),O,33.7,33,28.4,24.8,78,O,주의,X,높음
8/15/2023,태안(627),O,34,32.1,27.4,24.7,85,O,주의,X,높음
8/15/2023,예산(628),O,33.6,32.5,27.4,23.8,83,O,주의,X,높음
8/15/2023,아산(634),O,33.5,32.8,27.3,23.8,82,O,주의,X,높음
8/15/2023,계룡(636),O,33.2,32.3,26.7,21.6,83,O,주의,X,높음
8/15/2023,연천청산(652),X,32.2,31.4,26.5,22.6,78,O,주의,X,높음
8/15/2023,양양(670),X,26.4,23.8,22.3,21.7,90,X, ,X,낮음
8/15/2023,무안(699),O,33.1,32.4,27.5,24.2,82,O,주의,X,높음
8/15/2023,무주(701),X,32.9,33,26.3,21.5,80,O,주의,X,높음
8/15/2023,익산(702),X,32.7,32.1,27.4,23.6,79,O,주의,X,높음
8/15/2023,진안(703),X,32.3,31.7,26.2,21.7,83,O,주의,X,높음
8/15/2023,담양(706),O,35.7,34.6,28.3,24.5,85,O,주의,X,높음
8/15/2023,구례(709),O,34.5,33.6,28.1,23.4,84,O,주의,O,높음
8/15/2023,나주(710),O,34,32.7,27.6,24.1,85,O,주의,X,보통
8/15/2023,순천시(712),O,34.5,33,27.9,24.7,87,O,주의,O,매우높음
8/15/2023,광양읍(713),O,34.8,34.1,27.6,23.7,87,O,주의,O,매우높음
8/15/2023,장성(730),O,33.4,32.3,27.1,22.9,84,O,주의,X,보통
8/15/2023,영암(731),O,33.6,32,28,24.5,85,O,주의,X,보통
8/15/2023,보성(732),X,32.9,32.1,26.9,23,83,O,주의,X,높음
8/15/2023,완주(734),O,34.3,33.5,26.9,22.5,85,O,주의,X,높음
8/15/2023,김제(737),O,33.4,31.8,27.1,23.8,86,O,주의,X,높음
8/15/2023,화순(741),O,34.1,33.3,28,24.6,79,O,주의,X,보통
8/15/2023,함평(754),O,33.5,32.9,27.8,23.9,81,O,주의,X,높음
8/15/2023,곡성(768),O,34.7,34,28.2,23.8,80,O,주의,X,높음
8/15/2023,압해도(789),O,33.2,32.2,27.2,25,90,O,주의,O,높음
8/15/2023,영양(801),O,33.3,33.2,25.4,19.8,78,X,주의,X,매우높음
8/15/2023,성주(810),O,33.1,33.7,28.2,23.2,69,O,주의,X,매우높음
8/15/2023,고령(812),X,32.7,32.6,27.1,22.2,83,O,주의,X,매우높음
8/15/2023,청도(813),O,33.2,33.6,27,22.1,75,O,주의,X,높음
8/15/2023,예천(815),O,33.7,33.7,27,22.7,76,O,주의,X,매우높음
8/15/2023,김천(822),O,34.6,33.7,26.9,22.5,86,O,주의,X,매우높음
8/15/2023,군위(823),O,33.7,33.2,27.3,22.7,78,O,주의,X,매우높음
8/15/2023,칠곡(825),O,33.6,33.6,28.2,23.4,78,O,주의,X,매우높음
8/15/2023,경산(827),O,33.5,34.1,27.4,23.1,73,O,주의,X,매우높음
8/15/2023,삼척(876),X,26.8,25.1,22.8,21.6,88,X, ,X,낮음
8/15/2023,속초(90),X,26,23.2,22.1,21.5,91.3,X, ,X,낮음
8/15/2023,삼천포(907),O,33.1,32,26.8,22.3,81,O,주의,X,매우높음
8/15/2023,고성(918),O,33.9,33.3,26.7,21.9,83,O,주의,X,매우높음
8/15/2023,창녕(919),O,33.4,32.9,28.1,23,76,O,주의,O,매우높음
8/15/2023,함안(920),O,33,32.5,26.7,21.8,81,O,주의,X,매우높음
8/15/2023,북춘천(93),X,32.8,32.4,26.8,22,74.8,O,주의,X,낮음
8/15/2023,하동(932),O,34,33.6,27.7,23.6,79,O,주의,X,매우높음
8/15/2023,철원(95),X,32.1,31.1,25.9,21.7,78.4,O,주의,X,낮음
8/15/2023,동두천(98),X,32.3,30.8,26.5,22.6,83.1,O,주의,X,높음
8/15/2023,파주(99),X,32.4,31.1,25.9,21.8,86.8,O,주의,X,보통
8/16/2023,북강릉(104),X,27.7,26,23.2,20.9,85.9,X, ,X,낮음
8/16/2023,동해(106),X,28.3,26.4,23.5,21.9,89.3,X, ,X,낮음
8/16/2023,서울(108),X,32.1,31.6,27.3,24.7,72,O,주의,X,높음
8/16/2023,인천(112),X,30.9,29.7,26.6,24.2,76.9,O,주의,X,높음
8/16/2023,원주(114),X,31.7,32.2,27.1,22.3,68.3,O,주의,X,낮음
8/16/2023,울릉도(115),X,28.9,26.6,24,22.3,94.3,X, ,X,높음
8/16/2023,수원(119),X,32.2,31.6,27,24.1,75.8,O,주의,X,높음
8/16/2023,영월(121),X,31.4,31.5,24.8,19.3,77.9,O,주의,X,낮음
8/16/2023,충주(127),X,32.3,31.7,26.5,21.7,74.8,O,주의,X,높음
8/16/2023,서산(129),X,31.8,30.9,26.4,22.7,79.5,O,주의,X,매우높음
8/16/2023,울진(130),X,28.9,27.3,23.8,21.6,85.5,X, ,X,높음
8/16/2023,청주(131),X,32.7,33.1,28.1,25.1,68.4,O,주의,X,높음
8/16/2023,대전(133),X,32.1,32.7,27.7,24.8,72,O,주의,X,높음
8/16/2023,추풍령(135),X,31.9,31.6,27,23.2,74.8,O,주의,X,높음
8/16/2023,안동(136),X,32.7,32.8,26.7,22.2,76,O,주의,X,높음
8/16/2023,상주(137),O,33.4,32.5,27.9,24.2,76.9,O,주의,X,높음
8/16/2023,포항(138),X,29.1,27.5,25,22.9,81.3,X,관심,X,보통
8/16/2023,군산(140),X,32.1,31.2,26.8,24,82.5,O,주의,X,높음
8/16/2023,대구(143),X,32.7,33.3,27,23.9,74.6,O,주의,X,높음
8/16/2023,전주(146),X,32.3,32,27.2,25.2,77.9,O,주의,X,높음
8/16/2023,울산(152),X,29.8,28.7,25,22.4,79.5,X,관심,X,높음
8/16/2023,창원(155),X,30.8,29.3,26.6,25.1,80.4,O,주의,X,높음
8/16/2023,광주(156),O,33.5,32.7,27.7,24.5,87,O,경고,X,높음
8/16/2023,부산(159),X,29.2,27.7,25.7,25.1,76.9,O,주의,X,높음
8/16/2023,통영(162),X,31.3,29.8,26.6,24.9,82.8,O,주의,X,높음
8/16/2023,목포(165),X,32.1,31.2,27.3,25.1,82.4,O,주의,X,매우높음
8/16/2023,여수(168),X,31.4,29.8,27.7,26.3,81.8,O,주의,X,높음
8/16/2023,흑산도(169),X,31.4,29.4,26.1,23.7,88,O,주의,X,높음
8/16/2023,완도(170),O,33.5,32.8,27.9,24.4,76.5,O,주의,X,매우높음
8/16/2023,고창(172),X,32.3,31.8,26.7,23.2,81.3,O,주의,X,보통
8/16/2023,제주(184),O,33.1,33,29.6,27.8,67.9,O,주의,O,매우높음
8/16/2023,진주(192),O,33,31.5,27.6,25.4,83.6,O,주의,X,높음
8/16/2023,양평(202),X,31.8,31.7,26.7,22.1,72.3,O,경고,X,높음
8/16/2023,이천(203),X,32.9,32.4,26.9,21.4,75.1,O,주의,X,높음
8/16/2023,인제(211),X,32.3,32.4,25.3,20.4,75.5,O,주의,X,낮음
8/16/2023,홍천(212),X,32,32.3,26.1,20.2,71.8,O,경고,X,낮음
8/16/2023,태백(216),X,29.3,28.3,21.9,17.6,85.5,X, ,X,낮음
8/16/2023,정선군(217),O,33.3,33.7,25.5,18.5,73.3,O,주의,X,낮음
8/16/2023,제천(221),X,31.4,30.8,25,19.6,82.8,O,주의,X,높음
8/16/2023,보은(226),X,31.8,31.5,26.4,23.3,80.8,O,주의,X,높음
8/16/2023,천안(232),X,31.9,31.4,25.9,23.1,83.3,O,주의,X,높음
8/16/2023,보령(235),X,31.6,30.7,26.3,23.6,81.8,O,주의,X,높음
8/16/2023,부여(236),X,32.7,32,26.7,23.2,80.1,O,경고,X,높음
8/16/2023,금산(238),X,32.3,31.9,27,23.6,79.4,O,주의,X,높음
8/16/2023,세종(239),X,32.4,31.6,26.6,23.7,79.3,O,주의,X,높음
8/16/2023,부안(243),X,31.9,31.5,26.9,24.4,81.3,O,주의,X,높음
8/16/2023,임실(244),X,31.8,31.5,26.2,23.1,81,O,주의,X,높음
8/16/2023,정읍(245),X,32.2,32.2,27,23.6,76,O,주의,X,보통
8/16/2023,남원(247),X,32.8,32.8,28,25.3,75.8,O,주의,X,높음
8/16/2023,장수(248),X,31.1,30.4,25.2,21.3,84,O,주의,X,높음
8/16/2023,영광군(252),X,32.8,32,26.8,23.5,81.4,O,주의,X,높음
8/16/2023,김해시(253),X,32,30.1,26.3,24.6,84.5,O,주의,X,높음
8/16/2023,순창군(254),X,32.6,32.8,27.2,22.9,78,O,주의,X,높음
8/16/2023,양산시(257),X,32.3,31.1,27.3,24.9,78.4,O,주의,X,높음
8/16/2023,강진군(259),O,34.4,34.1,28.3,24.1,76.1,O,주의,X,높음
8/16/2023,장흥(260),O,34.2,33.4,26.9,23.3,87.4,O,주의,X,높음
8/16/2023,해남(261),O,33.7,33.4,27.5,23.7,80.5,O,주의,X,매우높음
8/16/2023,고흥(262),X,31.9,30.5,26.3,23.6,88.5,O,주의,X,높음
8/16/2023,의령군(263),O,33.7,33.3,28.3,24.7,78,O,주의,X,높음
8/16/2023,함양군(264),O,33.6,33.2,27.5,23.3,85.1,O,주의,X,높음
8/16/2023,진도군ASOS(268),X,32.5,32.3,27.4,24.3,81.5,O,주의,X,매우높음
8/16/2023,봉화(271),X,30.5,30.3,24.4,18.6,78,O,관심,X,높음
8/16/2023,영주(272),X,31.8,31,25.6,20.1,80.4,O,주의,X,높음
8/16/2023,문경(273),X,32.6,32.2,26.7,21.9,79.6,O,주의,X,보통
8/16/2023,청송군(276),O,33.4,33.4,25.6,20.4,78.5,O,관심,X,높음
8/16/2023,영덕(277),X,28.8,27,23.2,19.5,87.6,X, ,X,보통
8/16/2023,의성(278),O,33.3,33.4,27.1,22.2,76.4,O,주의,X,높음
8/16/2023,구미(279),X,32.9,33.2,28.1,24.5,74.5,O,주의,X,높음
8/16/2023,영천(281),X,32.6,32.5,25.5,21.8,80.8,O,주의,X,보통
8/16/2023,경주시(283),X,32.8,32,25.6,21.7,81.1,X,관심,X,보통
8/16/2023,거창(284),X,31.8,31,26,21.3,82.8,X,관심,X,높음
8/16/2023,합천(285),O,33.3,32.8,27.9,24.8,76.6,O,주의,X,높음
8/16/2023,밀양(288),X,32.5,32.7,27.8,25.4,69.5,O,주의,O,높음
8/16/2023,산청(289),O,33.4,32.3,27.1,23.9,85.9,O,주의,X,높음
8/16/2023,거제(294),X,30.9,29.4,26.2,24.8,83.6,O,주의,X,높음
8/16/2023,남해(295),X,31.2,29.8,27.1,24.8,83.4,O,주의,X,높음
8/16/2023,부천(433),X,30.4,30.4,26.3,23.5,69,O,주의,X,높음
8/16/2023,안양(434),X,28.4,31.4,27.3,25,,O,주의,X,높음
8/16/2023,광명(437),O,33.1,33.4,28.7,26.2,64,O,주의,X,높음
8/16/2023,군포(438),X,32.9,33.2,27.8,25.1,68,O,주의,X,높음
8/16/2023,김포(441),X,,31.7,26.8,22.8,,O,주의,X,높음
8/16/2023,하남(444),X,31.9,31.8,26.1,22.1,70,O,주의,X,높음
8/16/2023,의왕(445),X,31.8,31.3,26,22.7,79,O,주의,X,높음
8/16/2023,포천(504),X,32.7,32.1,26.1,21.8,77,O,주의,X,높음
8/16/2023,가평조종(505),X,32.2,31.8,25.9,20.5,81,O,주의,X,높음
8/16/2023,안성(516),X,32.6,31.9,26.7,22.8,77,O,경고,X,높음
8/16/2023,간성(517),X,28.4,26.6,23.1,20.8,87,X, ,X,낮음
8/16/2023,평창(526),X,31.2,31.4,24.5,19.4,75,X,관심,X,낮음
8/16/2023,의정부(532),O,33.8,32,26.5,22.1,87,O,주의,X,높음
8/16/2023,횡성(536),X,32.5,32.4,26.1,20.7,74,O,주의,X,낮음
8/16/2023,고양(540),X,,,,,,O,주의,X,높음
8/16/2023,남양주(541),X,32.9,33.1,27.1,22.5,73,O,주의,X,높음
8/16/2023,안산(545),X,32.5,31.7,26.2,22.1,83,O,주의,X,높음
8/16/2023,경기광주(546),X,31.2,31.5,26.1,22.5,69,O,경고,X,높음
8/16/2023,여주(548),X,31.7,31.3,26.1,21.4,75,O,주의,X,높음
8/16/2023,용인(549),X,31,30.9,25.4,20.9,75,O,주의,X,높음
8/16/2023,오산(550),O,33.1,32.3,26.6,22,79,O,주의,X,높음
8/16/2023,평택(551),X,32.7,32.1,27.3,23.9,78,O,주의,X,높음
8/16/2023,화천(555),X,32.8,31.8,25,19.7,90,O,주의,X,낮음
8/16/2023,양구(556),X,31.8,32.5,25,19.1,74,O,관심,X,낮음
8/16/2023,시흥(565),X,32,31.3,26.9,23.6,79,O,주의,X,높음
8/16/2023,구리(569),X,32.4,32.6,27,23.5,68,O,주의,X,높음
8/16/2023,화성(571),X,32.1,31.6,26.8,23.6,79,O,주의,X,높음
8/16/2023,성남(572),X,31.8,31.7,26.8,23.4,71,O,주의,X,높음
8/16/2023,과천(590),X,32.9,32.5,26.3,22,80,O,주의,X,높음
8/16/2023,양주(598),X,32.8,32.2,26.8,22,78,O,경고,X,높음
8/16/2023,단양(601),O,33.3,33.4,26.1,20.2,79,O,주의,X,높음
8/16/2023,진천(602),X,32.1,32,26.4,22.5,74,O,주의,X,높음
8/16/2023,괴산(603),X,32.8,33,25.8,21.2,81,O,주의,X,높음
8/16/2023,옥천(604),O,33.1,33.5,28,25,77,O,주의,X,높음
8/16/2023,홍북(608),X,32.5,31.9,25.2,21.2,83,O,주의,X,높음
8/16/2023,공주(612),O,33,32.9,26.5,23.2,80,O,주의,X,높음
8/16/2023,서천(614),X,32.4,30.8,26.1,22.9,86,O,주의,X,매우높음
8/16/2023,논산(615),X,32.9,32.8,27.5,23.9,78,O,주의,X,높음
8/16/2023,당진(616),X,32.9,32.4,26.3,22.4,86,O,주의,X,매우높음
8/16/2023,청양(618),X,32.8,32.1,25.6,21.5,83,O,주의,X,높음
8/16/2023,음성(619),X,31.3,30.6,24.9,20,80,O,주의,X,높음
8/16/2023,증평(623),X,32.7,32.2,26.5,22.8,80,O,주의,X,높음
8/16/2023,태안(627),X,32.9,31.7,26.2,23,83,O,주의,X,매우높음
8/16/2023,예산(628),X,32.5,32.1,26.6,22.8,80,O,주의,X,높음
8/16/2023,아산(634),X,32.9,32.2,26.5,23.3,82,O,주의,X,높음
8/16/2023,계룡(636),X,32.3,31.9,25.8,21.5,84,O,주의,X,높음
8/16/2023,연천청산(652),X,31.7,31.5,26.1,21.5,76,O,주의,X,높음
8/16/2023,양양(670),X,28,26.2,23.3,21.4,87,X, ,X,낮음
8/16/2023,무안(699),X,32.7,32.4,27,23.5,81,O,주의,X,높음
8/16/2023,무주(701),X,32.6,32.4,27.3,23.6,75,O,주의,X,높음
8/16/2023,익산(702),X,31.8,31.3,26.8,23.8,79,O,주의,X,높음
8/16/2023,진안(703),X,31.1,30.7,26,23.1,82,O,주의,X,높음
8/16/2023,담양(706),O,34,33,27.8,23.4,83,O,경고,X,높음
8/16/2023,구례(709),O,33.8,32.6,28,25.4,86,O,경고,X,높음
8/16/2023,나주(710),O,33.1,32.7,27,23.1,83,O,주의,X,높음
8/16/2023,순천시(712),O,33.5,31.7,27.9,25.4,90,O,경고,X,높음
8/16/2023,광양읍(713),O,33.3,32.2,28,25.2,86,O,주의,X,높음
8/16/2023,장성(730),X,32.6,32.2,26.7,22.7,81,O,주의,X,높음
8/16/2023,영암(731),O,33.1,33.3,27.3,23.3,83,O,경고,X,높음
8/16/2023,보성(732),X,32,31.1,25.7,22.7,86,O,주의,X,높음
8/16/2023,완주(734),X,32.9,31.9,26.7,23.1,85,O,주의,X,높음
8/16/2023,김제(737),X,32.7,31.4,26.7,24,87,O,주의,X,높음
8/16/2023,화순(741),O,34,33.8,27.4,23.3,77,O,경고,X,높음
8/16/2023,함평(754),O,33,32.6,27.4,23.2,78,O,주의,X,높음
8/16/2023,곡성(768),O,34.1,33.9,27.7,24.2,80,O,경고,X,높음
8/16/2023,압해도(789),O,33.1,32,27,23.9,89,O,주의,X,매우높음
8/16/2023,영양(801),X,32.3,32,24.9,19.4,83,O,관심,X,높음
8/16/2023,성주(810),O,33.6,34.1,28.1,23.6,73,O,주의,X,높음
8/16/2023,고령(812),X,32.6,32.1,27,24.3,90,O,주의,X,높음
8/16/2023,청도(813),X,32.8,31.9,26.9,23.9,79,O,주의,X,높음
8/16/2023,예천(815),X,32.6,32.5,26.4,21.7,78,O,주의,X,높음
8/16/2023,김천(822),O,33.5,32.6,27.3,23.7,87,O,주의,X,높음
8/16/2023,군위(823),O,33.4,33.2,27.5,23.8,80,O,주의,X,높음
8/16/2023,칠곡(825),O,33.7,33.1,27.9,24.3,84,O,주의,X,높음
8/16/2023,경산(827),O,33.3,34.2,27.1,23.7,77,O,주의,X,높음
8/16/2023,삼척(876),X,28.9,27.8,24.1,22,80,X, ,X,낮음
8/16/2023,속초(90),X,27.8,25.9,23.2,21.2,86.6,X, ,X,낮음
8/16/2023,삼천포(907),X,32.4,30.1,26.7,24.9,87,O,주의,X,높음
8/16/2023,고성(918),X,31.8,29.8,26.8,24.8,88,O,주의,X,높음
8/16/2023,창녕(919),O,34,33.6,28.5,25.1,80,O,주의,O,높음
8/16/2023,함안(920),O,33.1,31.7,26.9,24.7,87,O,주의,X,높음
8/16/2023,북춘천(93),X,32.7,32.7,26.7,20.6,75.8,O,주의,X,낮음
8/16/2023,하동(932),X,32.7,31.4,27.6,24.8,85,O,주의,X,높음
8/16/2023,철원(95),X,31.9,31.3,25.8,20.1,79.3,O,주의,X,낮음
8/16/2023,동두천(98),X,32.8,31.3,25.9,21.5,81.8,O,주의,X,높음
8/16/2023,파주(99),X,32.3,31,25.6,21,85.3,O,주의,X,높음
8/17/2023,북강릉(104),X,28.9,27.3,23.5,21,89.4,X, ,X,낮음
8/17/2023,동해(106),X,28.6,25.9,23.4,21.6,95.6,X, ,X,낮음
8/17/2023,서울(108),X,32.7,32.4,28.2,24.5,73,O,주의,O,높음
8/17/2023,인천(112),X,31.4,30.4,27.3,24.3,73.9,O,주의,O,매우높음
8/17/2023,원주(114),X,32.1,31.8,27.2,23.6,75.1,O,주의,X,낮음
8/17/2023,울릉도(115),X,29.5,27.2,24.6,23,93.4,X, ,X,높음
8/17/2023,수원(119),X,32.3,32.4,27.1,22.4,74.9,O,주의,X,매우높음
8/17/2023,영월(121),X,31.1,30.8,25.7,21.8,80,O,주의,X,낮음
8/17/2023,충주(127),X,32.2,31.6,26.2,22.5,80.9,O,주의,X,높음
8/17/2023,서산(129),X,31.9,31.8,26.2,21.4,78.6,O,주의,X,높음
8/17/2023,울진(130),X,28,25.9,23.8,21.9,89.5,X, ,X,보통
8/17/2023,청주(131),X,32.2,32.2,28.2,24.1,70.4,O,주의,O,높음
8/17/2023,대전(133),X,32.2,31.5,26.1,22.4,80.5,O,주의,X,매우높음
8/17/2023,추풍령(135),X,30.1,28.5,24.6,22.8,86.8,O,주의,X,높음
8/17/2023,안동(136),X,31.1,29.8,25.8,23,82.5,O,주의,X,보통
8/17/2023,상주(137),X,31.7,30,25.6,23.8,86.8,O,주의,X,보통
8/17/2023,포항(138),X,28.2,26.5,25.1,23.9,81.3,X,관심,X,높음
8/17/2023,군산(140),X,32,31.2,26.7,23,80.8,O,주의,X,매우높음
8/17/2023,대구(143),X,30,28.8,25.9,24,78.6,O,주의,X,보통
8/17/2023,전주(146),X,32,31.7,27.4,23.2,74.5,O,주의,X,매우높음
8/17/2023,울산(152),X,28.5,26.8,24.6,22.7,83.1,X,관심,X,보통
8/17/2023,창원(155),X,30.7,29.3,26.6,24.6,78.9,O,주의,X,보통
8/17/2023,광주(156),O,33.6,32.8,27.5,23.9,88.1,O,경고,X,높음
8/17/2023,부산(159),X,30.2,29,25.6,24.3,76.4,O,주의,X,보통
8/17/2023,통영(162),X,31,29.8,26.2,24.4,81.3,O,주의,X,높음
8/17/2023,목포(165),X,31.7,31.3,27.3,23.7,80.9,O,주의,X,매우높음
8/17/2023,여수(168),X,30.6,28.6,26.5,24.6,85.3,O,주의,X,높음
8/17/2023,흑산도(169),X,31.1,29.4,25.5,23.2,85.1,O,주의,X,매우높음
8/17/2023,완도(170),X,32.8,31,26.9,23.1,82.9,O,주의,X,높음
8/17/2023,고창(172),X,32.1,31.4,26.4,21.2,82.3,O,주의,X,매우높음
8/17/2023,제주(184),X,32.6,31.5,28.3,26.1,70.8,O,주의,O,높음
8/17/2023,진주(192),X,32.6,31.1,26.4,22.7,86.5,O,주의,X,보통
8/17/2023,양평(202),X,31.4,31.3,26.9,23.2,77,O,경고,X,높음
8/17/2023,이천(203),O,33.3,32.4,26.8,22.1,83.3,O,주의,X,매우높음
8/17/2023,인제(211),X,32.6,32.2,25.9,20.9,78.3,O,주의,X,낮음
8/17/2023,홍천(212),X,32.1,31.8,26.4,22.7,78.4,O,경고,X,낮음
8/17/2023,태백(216),X,29.6,28.9,22.3,19.5,87.8,X, ,X,낮음
8/17/2023,정선군(217),X,32.7,32.5,25.8,21.4,76.5,O,주의,X,낮음
8/17/2023,제천(221),X,31.2,30.3,25.6,22.3,85.6,O,주의,X,높음
8/17/2023,보은(226),X,30.4,29.2,25.5,22.1,84.6,O,주의,X,높음
8/17/2023,천안(232),X,31.8,31.4,26.1,21,83,O,주의,X,매우높음
8/17/2023,보령(235),X,31.2,30.6,26.1,22.1,78.6,O,주의,X,매우높음
8/17/2023,부여(236),X,32.2,32.6,26.6,21.3,79.4,O,경고,X,매우높음
8/17/2023,금산(238),X,32.1,31.2,25.8,21.4,84.4,O,주의,X,높음
8/17/2023,세종(239),O,33,32.7,26.7,21.5,78.5,O,주의,X,매우높음
8/17/2023,부안(243),X,32.1,31.4,26.8,22.5,79.9,O,주의,X,매우높음
8/17/2023,임실(244),X,31.9,31.3,25.6,21.5,83.4,O,주의,X,높음
8/17/2023,정읍(245),O,33.2,32.7,27,21.6,75.3,O,주의,X,매우높음
8/17/2023,남원(247),X,32.8,32.8,26.5,22.8,82.4,O,주의,X,높음
8/17/2023,장수(248),X,31.1,30.5,25.2,20.9,84.9,O,주의,X,높음
8/17/2023,영광군(252),O,33,32.2,26.8,22.1,79.8,O,주의,X,매우높음
8/17/2023,김해시(253),X,31.7,30.1,26.4,23.9,82.5,O,주의,X,보통
8/17/2023,순창군(254),O,33.2,33.3,26.3,21.7,83.1,O,주의,X,높음
8/17/2023,양산시(257),X,31.3,30.2,26.8,24.7,79.8,O,주의,X,높음
8/17/2023,강진군(259),O,33,32.3,27.2,22.8,82.3,O,주의,X,높음
8/17/2023,장흥(260),X,32.2,31,26,21.9,90,O,주의,X,높음
8/17/2023,해남(261),O,33.8,33.5,26.7,22.2,83.4,O,주의,X,높음
8/17/2023,고흥(262),X,30.9,29.4,25.3,22.1,87.8,O,주의,X,높음
8/17/2023,의령군(263),O,33.3,32.8,27.9,24.8,80.1,O,주의,X,높음
8/17/2023,함양군(264),O,33.3,32.2,27.1,23.5,86.6,O,주의,X,높음
8/17/2023,진도군ASOS(268),X,32.5,32.5,26.9,21.9,80.5,O,주의,X,매우높음
8/17/2023,봉화(271),X,29.6,28.6,24.5,21.7,85,O,주의,X,보통
8/17/2023,영주(272),X,30.2,28.9,24.9,22.3,88.6,O,주의,X,보통
8/17/2023,문경(273),X,30.8,29.1,25.2,23.5,88.5,O,주의,X,보통
8/17/2023,청송군(276),X,30.4,28.9,24.6,21.5,87.6,O,주의,X,보통
8/17/2023,영덕(277),X,29.8,28.2,24.1,21.7,87.6,X, ,X,높음
8/17/2023,의성(278),X,30.9,29.7,25.6,23.2,89.1,O,주의,X,보통
8/17/2023,구미(279),X,30.6,29.1,25.8,23.4,83.6,O,주의,X,보통
8/17/2023,영천(281),X,29.1,27.9,25,23.2,81.8,O,주의,X,높음
8/17/2023,경주시(283),X,29.6,28.4,25.1,22.9,82.8,X,관심,X,높음
8/17/2023,거창(284),X,31.1,29.7,25.4,22.7,86,X,관심,X,높음
8/17/2023,합천(285),X,31.7,30.6,26.3,23.2,83.8,O,주의,X,높음
8/17/2023,밀양(288),X,31.3,31.1,27.5,25.3,70,O,주의,X,높음
8/17/2023,산청(289),X,32.5,31.1,25.9,23,87.9,O,주의,X,높음
8/17/2023,거제(294),X,29.8,28.3,25.5,24.1,84.3,O,주의,X,높음
8/17/2023,남해(295),X,31.4,29.9,26.2,24.2,87.9,O,주의,X,높음
8/17/2023,부천(433),X,31.4,32.4,26.8,22.6,66,O,주의,X,매우높음
8/17/2023,안양(434),X,29.6,32.5,28.1,24,,O,주의,O,매우높음
8/17/2023,광명(437),O,33.4,34.5,29.1,24.6,64,O,주의,O,높음
8/17/2023,군포(438),X,32.8,33.4,28.1,23.5,66,O,주의,O,매우높음
8/17/2023,김포(441),X,,32.8,27.4,23.2,,O,주의,X,높음
8/17/2023,하남(444),X,32.8,32.8,26.3,21.9,73,O,주의,X,높음
8/17/2023,의왕(445),X,,,,,79,O,주의,X,매우높음
8/17/2023,포천(504),O,33.2,32.4,26.6,22.1,81,O,주의,X,높음
8/17/2023,가평조종(505),X,32.8,32.6,26.6,21.8,83,O,주의,X,높음
8/17/2023,안성(516),X,32.3,32.3,26.6,21.3,82,O,경고,X,매우높음
8/17/2023,간성(517),X,29.6,27.5,23.6,21,90,X, ,X,낮음
8/17/2023,평창(526),X,31.3,31.1,25.4,21.6,74,X, ,X,낮음
8/17/2023,의정부(532),X,32.8,32,26.5,22.5,89,O,주의,X,높음
8/17/2023,횡성(536),X,32.3,32.4,26.8,22.2,77,O,주의,X,낮음
8/17/2023,고양(540),X,,,,,,O,주의,X,높음
8/17/2023,남양주(541),X,32.8,33.9,27.8,22.8,72,O,주의,X,높음
8/17/2023,안산(545),X,32.5,32.4,26.2,20.4,81,O,주의,X,매우높음
8/17/2023,경기광주(546),X,31.7,32,26.1,21.9,75,O,경고,X,매우높음
8/17/2023,여주(548),X,31.5,30.8,26.5,22.4,81,O,주의,X,높음
8/17/2023,용인(549),X,31.2,31.3,25.8,20.7,77,O,주의,X,매우높음
8/17/2023,오산(550),X,32.7,32.4,26.4,21.2,81,O,주의,X,매우높음
8/17/2023,평택(551),O,33,32.9,27.1,22.2,80,O,주의,X,매우높음
8/17/2023,화천(555),O,33.3,32.3,26,21.9,89,O,주의,X,낮음
8/17/2023,양구(556),X,32.1,32.6,25.8,20.2,77,O,주의,X,낮음
8/17/2023,시흥(565),X,32.8,32.4,26.9,22.5,79,O,주의,X,매우높음
8/17/2023,구리(569),X,32.7,32.6,27.4,22.9,74,O,주의,X,높음
8/17/2023,화성(571),X,32.8,32.9,27,22.6,77,O,주의,X,매우높음
8/17/2023,성남(572),X,31.7,31.9,27.5,22.7,71,O,주의,X,매우높음
8/17/2023,과천(590),O,33.2,32.6,26.9,21.4,80,O,주의,X,높음
8/17/2023,양주(598),O,34.2,34,27.3,22.6,79,O,경고,X,높음
8/17/2023,단양(601),X,32.7,32.1,26.1,22.1,84,O,주의,X,보통
8/17/2023,진천(602),O,33,33,26.9,21.9,77,O,주의,X,매우높음
8/17/2023,괴산(603),X,32.1,31.7,25.9,21.9,85,O,주의,X,높음
8/17/2023,옥천(604),X,32.9,31.7,27.3,23.6,82,O,주의,X,높음
8/17/2023,홍북(608),X,32.8,32.1,24.9,20,83,O,주의,X,매우높음
8/17/2023,공주(612),X,32.5,32.2,26.7,20.7,79,O,주의,X,매우높음
8/17/2023,서천(614),X,31.7,30.6,25.6,21.6,86,O,주의,X,매우높음
8/17/2023,논산(615),O,33.1,33,27.4,21.8,78,O,주의,X,매우높음
8/17/2023,당진(616),O,33,32,26.1,21,84,O,주의,X,매우높음
8/17/2023,청양(618),X,32.5,32.1,25.5,19.9,81,O,주의,X,매우높음
8/17/2023,음성(619),X,31.2,30.5,25.2,20.9,83,O,주의,X,높음
8/17/2023,증평(623),X,32.7,31.6,26.4,22.6,85,O,주의,X,높음
8/17/2023,태안(627),X,32.5,31.9,26.2,22.6,80,O,주의,X,높음
8/17/2023,예산(628),X,32.3,32,26.6,21.4,80,O,주의,X,매우높음
8/17/2023,아산(634),O,33.3,32.7,26.6,21.3,80,O,주의,X,매우높음
8/17/2023,계룡(636),X,32.2,31.8,25.6,19.3,84,O,주의,X,매우높음
8/17/2023,연천청산(652),X,32.6,32.7,26.4,21.7,80,O,주의,X,높음
8/17/2023,양양(670),X,28.7,27.8,24,21.8,87,X, ,X,낮음
8/17/2023,무안(699),O,33,33,27,22.3,81,O,주의,X,매우높음
8/17/2023,무주(701),X,31.9,30.7,25.6,21.4,84,O,주의,X,높음
8/17/2023,익산(702),X,31.9,32.8,26.7,22.1,77,O,주의,X,매우높음
8/17/2023,진안(703),X,31.5,31.1,25.3,20.8,83,O,주의,X,높음
8/17/2023,담양(706),O,33.7,32.9,27.3,22.3,85,O,경고,X,높음
8/17/2023,구례(709),O,33.3,32.2,27,23.6,87,O,경고,X,높음
8/17/2023,나주(710),O,33,32.9,27,22.4,84,O,주의,X,매우높음
8/17/2023,순천시(712),O,33.2,31.4,27.6,24.6,88,O,경고,X,높음
8/17/2023,광양읍(713),X,32.7,31.6,27.6,24.7,84,O,주의,X,높음
8/17/2023,장성(730),O,33,32.6,26.6,21.4,83,O,주의,X,매우높음
8/17/2023,영암(731),O,33.6,32.9,27.4,22.3,84,O,경고,X,높음
8/17/2023,보성(732),X,31.6,30.3,25.2,20.9,87,O,주의,X,높음
8/17/2023,완주(734),X,32.8,32.1,26.5,20.8,82,O,주의,X,매우높음
8/17/2023,김제(737),X,32.7,32.1,26.9,22.1,83,O,주의,X,매우높음
8/17/2023,화순(741),O,33.5,33.5,26.3,22.1,83,O,경고,X,높음
8/17/2023,함평(754),X,32.9,32.8,27.4,22.2,78,O,주의,X,매우높음
8/17/2023,곡성(768),O,33.9,33,26.6,22,85,O,경고,O,높음
8/17/2023,압해도(789),O,33.4,32.4,27,23.3,88,O,주의,X,매우높음
8/17/2023,영양(801),X,30.8,29.3,24.5,21.1,89,O,주의,X,보통
8/17/2023,성주(810),X,30.7,29.8,26.2,23.7,81,O,주의,X,보통
8/17/2023,고령(812),X,32.4,30,25.8,23.5,93,O,주의,X,높음
8/17/2023,청도(813),X,30.4,29.1,25.4,23.6,83,O,주의,X,높음
8/17/2023,예천(815),X,30.7,29.4,25.4,22.9,86,O,주의,X,보통
8/17/2023,김천(822),X,32,30.1,25.7,23.3,91,O,주의,X,보통
8/17/2023,군위(823),X,31.7,30.1,25.8,23.5,88,O,주의,X,보통
8/17/2023,칠곡(825),X,31.8,29.9,26.2,24.1,92,O,주의,X,보통
8/17/2023,경산(827),X,29.9,28.5,25.5,23.9,83,O,주의,X,높음
8/17/2023,삼척(876),X,29.7,28.4,24.3,21.7,84,X,관심,X,낮음
8/17/2023,속초(90),X,29.5,27.4,24.1,21.9,88.1,X, ,X,낮음
8/17/2023,삼천포(907),X,32,29.7,26.2,24.5,88,O,주의,X,보통
8/17/2023,고성(918),X,31.5,29.7,26.2,24.5,86,O,주의,X,보통
8/17/2023,창녕(919),X,31.8,30.4,26.9,24.9,85,O,주의,X,높음
8/17/2023,함안(920),X,32.1,30.4,26.7,24.7,87,O,주의,X,보통
8/17/2023,북춘천(93),X,32.8,32.8,27.1,23,78.4,O,주의,X,낮음
8/17/2023,하동(932),X,32.7,31.4,27.1,24.2,85,O,주의,X,높음
8/17/2023,철원(95),X,32.5,32.3,26.3,21.5,83.3,O,주의,X,낮음
8/17/2023,동두천(98),O,33,32.5,26.5,22.5,82.9,O,주의,X,높음
8/17/2023,파주(99),O,33.1,32.2,26.3,22.1,85,O,주의,X,높음
8/18/2023,북강릉(104),X,29,27,23.4,21.3,91.8,X,관심,X,낮음
8/18/2023,동해(106),X,29.2,26.6,23.8,22.1,95.4,X,관심,X,낮음
8/18/2023,서울(108),O,33.8,33.3,29.1,25.5,72.1,O,주의,O,높음
8/18/2023,인천(112),X,32.2,31.1,27.9,25.3,74,O,주의,O,높음
8/18/2023,원주(114),X,32.9,32.9,28.4,24.2,72.3,O,주의,O,낮음
8/18/2023,울릉도(115),X,30.9,28.9,26.1,23.3,91.3,X, ,O,보통
8/18/2023,수원(119),O,33.7,32.9,28,24.1,73.3,O,주의,X,높음
8/18/2023,영월(121),O,33.7,34.1,26.9,22.6,75.8,O,주의,X,낮음
8/18/2023,충주(127),X,32.9,33.2,27.3,22.3,76.4,O,주의,X,매우높음
8/18/2023,서산(129),X,32.8,32.1,26.7,22.7,75.9,O,주의,X,높음
8/18/2023,울진(130),X,29.4,27.3,24.4,22.6,90.9,X,관심,X,보통
8/18/2023,청주(131),O,33,33,28.1,25.2,74.8,O,주의,O,높음
8/18/2023,대전(133),X,32.9,33,28.3,23.9,72.9,O,주의,X,높음
8/18/2023,추풍령(135),X,31.3,30.6,24.6,21.1,84.8,O,주의,X,높음
8/18/2023,안동(136),X,32.7,32.1,25.8,22.5,84.3,O,주의,X,보통
8/18/2023,상주(137),X,32.8,32.1,26.1,23.6,88,O,주의,X,높음
8/18/2023,포항(138),X,27.6,25.2,24.6,24,89.1,X,관심,X,낮음
8/18/2023,군산(140),X,32.6,31.7,27.3,23.9,76.5,O,주의,X,높음
8/18/2023,대구(143),X,30.2,28.8,25.7,23.6,84,O,주의,X,보통
8/18/2023,전주(146),O,33.6,32.5,27.2,24.5,78.1,O,주의,O,높음
8/18/2023,울산(152),X,29.3,26.9,24.7,23.2,91.8,X,관심,X,보통
8/18/2023,창원(155),X,31.5,30.5,27.3,24.7,78,O,주의,O,보통
8/18/2023,광주(156),O,34,33.5,27.3,24.2,90.1,O,경고,X,높음
8/18/2023,부산(159),X,31.6,30.6,27,24.2,76.9,O,주의,O,보통
8/18/2023,통영(162),X,32.3,30.9,27.1,24.4,81.8,O,주의,X,보통
8/18/2023,목포(165),X,32.2,31.7,27.9,24.7,75.3,O,주의,O,높음
8/18/2023,여수(168),X,30.7,28.9,26.6,24.7,83.8,O,주의,O,보통
8/18/2023,흑산도(169),X,30.7,29.1,25.8,23.1,83.6,O,주의,X,매우높음
8/18/2023,완도(170),O,33.2,31.9,27.2,24.4,83.1,O,주의,X,높음
8/18/2023,고창(172),O,33.5,32.9,26.9,22.8,80.5,O,주의,X,높음
8/18/2023,제주(184),X,32.2,31.2,28.3,26.1,77.5,O,주의,O,높음
8/18/2023,진주(192),X,32.9,31.5,26.9,23.7,85.6,O,주의,X,보통
8/18/2023,양평(202),O,33,33.2,28.4,23.7,73.1,O,경고,O,높음
8/18/2023,이천(203),O,33.9,33.6,28.3,23.3,79.6,O,주의,O,높음
8/18/2023,인제(211),O,34.1,35.2,27,21.6,72.5,O,주의,X,낮음
8/18/2023,홍천(212),O,33.7,33.7,27.2,23.2,78.5,O,경고,X,낮음
8/18/2023,태백(216),X,30.6,29.4,23.2,19.1,83.1,X,관심,X,낮음
8/18/2023,정선군(217),O,34.6,35.7,27.3,22.5,71.6,O,주의,X,낮음
8/18/2023,제천(221),X,32,31.9,25.9,21.4,84.4,O,주의,X,매우높음
8/18/2023,보은(226),X,31.8,31.6,25.7,21.8,84,O,주의,X,매우높음
8/18/2023,천안(232),X,32.7,33,27.1,23.2,80.4,O,주의,X,높음
8/18/2023,보령(235),X,32,31.2,26.8,23,78.5,O,주의,X,높음
8/18/2023,부여(236),O,33.7,33.5,28,23.3,78.9,O,주의,X,높음
8/18/2023,금산(238),X,32.5,32.5,26.7,22.9,80.5,O,주의,X,높음
8/18/2023,세종(239),O,33.5,33.4,28,24.6,74.6,O,주의,X,높음
8/18/2023,부안(243),X,32.6,31.8,27.4,23.8,76.6,O,주의,O,높음
8/18/2023,임실(244),X,31.8,31.1,25.6,22,86.9,O,주의,X,높음
8/18/2023,정읍(245),O,33.1,32.6,27.3,23.3,77,O,주의,X,높음
8/18/2023,남원(247),O,33.1,33.1,26.7,23.2,85.6,O,주의,X,높음
8/18/2023,장수(248),X,31.3,30.4,24.7,22.5,91.5,O,주의,X,높음
8/18/2023,영광군(252),O,33.1,32.7,27.6,23.5,76,O,주의,X,높음
8/18/2023,김해시(253),X,32.4,30.6,26.9,24.6,83.5,O,주의,X,낮음
8/18/2023,순창군(254),O,33.6,33.7,26.8,22.6,85.4,O,주의,X,높음
8/18/2023,양산시(257),X,32,30.6,26.8,24.4,86.3,O,주의,O,보통
8/18/2023,강진군(259),O,33.5,32.9,27.8,23.6,81.1,O,주의,X,높음
8/18/2023,장흥(260),X,32.3,31.5,27,23,85.6,O,주의,X,높음
8/18/2023,해남(261),O,33.1,32.4,26.1,22.7,89.1,O,주의,X,높음
8/18/2023,고흥(262),X,31,30.1,25.2,22.1,86.3,O,주의,X,높음
8/18/2023,의령군(263),X,32.6,31.8,27.2,23.6,81.4,O,주의,X,보통
8/18/2023,함양군(264),O,33.5,32.9,27.2,23.8,86.4,O,주의,X,높음
8/18/2023,진도군ASOS(268),X,32.5,31.6,27,22.7,80.1,O,주의,X,높음
8/18/2023,봉화(271),X,30.4,30.7,25.1,21.7,79.5,O,주의,X,높음
8/18/2023,영주(272),X,32.2,32.2,25.6,21.9,87.6,O,주의,X,높음
8/18/2023,문경(273),X,32.7,32.1,25.8,22.6,89.1,O,주의,X,높음
8/18/2023,청송군(276),X,31.5,30.5,24.1,21.7,92.5,O,주의,X,보통
8/18/2023,영덕(277),X,28.9,26.7,23.4,22.2,94.4,X,관심,X,보통
8/18/2023,의성(278),X,31.9,30.8,25.2,22.8,95.4,O,주의,X,보통
8/18/2023,구미(279),X,31.1,30.5,25.7,23.2,85.5,O,주의,X,보통
8/18/2023,영천(281),X,29.5,27.7,24.4,23,93.1,O,주의,X,보통
8/18/2023,경주시(283),X,28.6,25.7,24.7,24,92.4,X,관심,X,보통
8/18/2023,거창(284),X,31.4,30.7,25.3,21.9,85.3,X,관심,X,높음
8/18/2023,합천(285),X,31.1,30.3,25.7,23,85.6,O,주의,X,보통
8/18/2023,밀양(288),X,30.3,29.7,26.7,24.1,75.5,O,주의,X,보통
8/18/2023,산청(289),X,32.1,30.9,26.5,23.7,86.9,O,주의,X,높음
8/18/2023,거제(294),X,31.5,30.2,26.6,24.2,82.1,O,주의,X,보통
8/18/2023,남해(295),X,30.8,29.6,26.3,23.5,85.3,O,주의,X,보통
8/18/2023,부천(433),X,32.2,32.6,27.5,23.8,65,O,주의,X,높음
8/18/2023,안양(434),X,29.3,32.8,28.7,25.7,,O,주의,O,높음
8/18/2023,광명(437),O,34.5,34.8,29.7,26.2,65,O,주의,O,높음
8/18/2023,군포(438),O,33.8,33.8,28.9,25.1,67,O,주의,O,높음
8/18/2023,김포(441),X,,32.8,28,24.1,,O,주의,O,높음
8/18/2023,하남(444),O,33.9,33.8,27.9,23.3,73,O,주의,X,높음
8/18/2023,의왕(445),X,,,,,78,O,주의,X,높음
8/18/2023,포천(504),O,34.6,33.8,27.7,22.8,82,O,주의,X,높음
8/18/2023,가평조종(505),O,34.1,33.7,27.7,22,82,O,주의,X,높음
8/18/2023,안성(516),O,33.5,33.7,26.7,23.1,85,O,경고,X,높음
8/18/2023,간성(517),X,28.9,26.7,23.7,21.6,89,X,관심,X,낮음
8/18/2023,평창(526),X,31.7,32.2,26.3,21.7,73,X,관심,X,낮음
8/18/2023,의정부(532),O,34.5,33.3,28.2,23.4,87,O,주의,O,높음
8/18/2023,횡성(536),O,34.1,34.5,27.8,22.9,77,O,주의,X,낮음
8/18/2023,고양(540),X,,,,,,O,주의,X,높음
8/18/2023,남양주(541),O,34.8,35.2,28.9,23.6,73,O,주의,O,높음
8/18/2023,안산(545),O,33.2,32.1,26.4,22.2,83,O,주의,X,높음
8/18/2023,경기광주(546),O,33.8,33.8,27.8,23.2,73,O,경고,X,높음
8/18/2023,여주(548),X,32.7,32.3,27.3,23.1,81,O,주의,X,매우높음
8/18/2023,용인(549),X,31.9,32.2,26.9,22.8,77,O,주의,X,높음
8/18/2023,오산(550),O,34.4,34,27.4,23,81,O,주의,X,높음
8/18/2023,평택(551),O,34.7,34.2,27.8,24.1,86,O,주의,X,높음
8/18/2023,화천(555),O,34.2,33.5,27,22.4,88,O,주의,X,낮음
8/18/2023,양구(556),O,34.3,35.6,27.3,22.3,72,O,주의,X,낮음
8/18/2023,시흥(565),O,33.4,32.5,27.9,23.2,77,O,주의,X,높음
8/18/2023,구리(569),O,34.2,34.6,28.4,24,72,O,주의,X,높음
8/18/2023,화성(571),O,33.6,32.7,27.6,24.1,76,O,주의,X,높음
8/18/2023,성남(572),O,33.4,33.5,29.1,24.6,68,O,주의,O,높음
8/18/2023,과천(590),O,34.7,34.3,28.2,23.2,78,O,주의,X,높음
8/18/2023,양주(598),O,34.3,33.8,27.4,22.9,83,O,경고,X,높음
8/18/2023,단양(601),O,33.9,34.7,26.3,22,85,O,주의,X,매우높음
8/18/2023,진천(602),O,33.9,34.2,27.3,23.1,78,O,주의,X,높음
8/18/2023,괴산(603),O,34,34.4,27.1,22.1,79,O,주의,X,매우높음
8/18/2023,옥천(604),O,34,33.9,27.8,24.4,80,O,주의,X,높음
8/18/2023,홍북(608),O,34.6,34,26.5,21.6,78,O,주의,X,높음
8/18/2023,공주(612),O,33.8,33.8,27.5,24.2,79,O,주의,X,높음
8/18/2023,서천(614),X,32.2,31.1,26.4,22.2,82,O,주의,X,높음
8/18/2023,논산(615),O,34.5,34.6,28.5,24.5,79,O,주의,O,높음
8/18/2023,당진(616),O,33.3,31.9,26.7,22.4,81,O,주의,X,높음
8/18/2023,청양(618),O,33.6,33,26.7,22.1,82,O,주의,X,높음
8/18/2023,음성(619),O,33,32.7,26.3,20.9,80,O,주의,X,매우높음
8/18/2023,증평(623),O,33.5,32.5,27.1,22.7,84,O,주의,X,높음
8/18/2023,태안(627),O,33.7,32.6,26.9,22.3,77,O,주의,X,높음
8/18/2023,예산(628),O,33.7,33,27.3,24.1,81,O,주의,X,보통
8/18/2023,아산(634),O,34.1,33.3,27.7,23.7,78,O,주의,X,높음
8/18/2023,계룡(636),O,33,33,26.5,21.9,82,O,주의,X,높음
8/18/2023,연천청산(652),O,33.6,33.4,27.5,22.5,80,O,주의,X,높음
8/18/2023,양양(670),X,28.6,26.9,23.9,21.9,87,X,관심,X,낮음
8/18/2023,무안(699),O,33.5,33.4,27.7,23.7,76,O,주의,X,높음
8/18/2023,무주(701),X,32.5,32.1,26.4,21.9,80,O,주의,X,높음
8/18/2023,익산(702),O,33.1,32.8,27.4,23.8,78,O,주의,O,높음
8/18/2023,진안(703),X,31.2,30.3,25.1,22.3,90,O,주의,X,높음
8/18/2023,담양(706),O,35.2,,,,,O,경고,X,높음
8/18/2023,구례(709),O,33.5,32.3,27.1,23.9,87,O,경고,X,높음
8/18/2023,나주(710),O,33.8,33.3,27.1,23.4,86,O,주의,X,높음
8/18/2023,순천시(712),X,32.2,30.9,27.4,23.9,88,O,경고,O,높음
8/18/2023,광양읍(713),O,33,32.1,27.4,23.8,83,O,주의,O,높음
8/18/2023,장성(730),O,34.1,33.3,26.9,23.5,87,O,주의,X,높음
8/18/2023,영암(731),O,34.4,33.6,26.7,23.4,90,O,주의,X,높음
8/18/2023,보성(732),X,31.7,30.6,26.3,22.4,83,O,주의,X,높음
8/18/2023,완주(734),O,33.9,33.6,26.9,22.7,85,O,주의,X,높음
8/18/2023,김제(737),O,33.7,32.5,27.6,24,81,O,주의,O,높음
8/18/2023,화순(741),O,34.1,33.6,26.8,23.7,84,O,경고,X,높음
8/18/2023,함평(754),O,34.1,34,27.4,23.5,81,O,주의,X,높음
8/18/2023,곡성(768),O,33.9,,,,,O,경고,X,높음
8/18/2023,압해도(789),O,33.3,32.8,27.6,23.7,83,O,주의,X,높음
8/18/2023,영양(801),X,31.8,30.9,24.4,21.6,93,O,주의,X,보통
8/18/2023,성주(810),X,31.9,31.4,25.6,23.1,85,O,주의,X,보통
8/18/2023,고령(812),X,31.8,30.8,25.7,22.4,92,O,주의,X,보통
8/18/2023,청도(813),X,30.2,28.5,25.2,22.8,87,O,주의,X,보통
8/18/2023,예천(815),O,33.1,32.8,25.6,22.2,87,O,주의,X,높음
8/18/2023,김천(822),X,32.5,31.5,25.5,22.3,89,O,주의,X,보통
8/18/2023,군위(823),X,32.8,31.4,25.3,22.7,93,O,주의,X,보통
8/18/2023,칠곡(825),X,32.2,30.9,25.6,23.1,95,O,주의,X,보통
8/18/2023,경산(827),X,30.5,28.7,25.4,23.6,88,O,주의,X,보통
8/18/2023,삼척(876),X,29.8,28.4,24.7,22.4,85,X,관심,X,낮음
8/18/2023,속초(90),X,29.8,27.7,24.1,21.9,89.1,X,관심,X,낮음
8/18/2023,삼천포(907),X,32.8,31,26.1,23.4,87,O,주의,X,보통
8/18/2023,고성(918),X,32.9,31.5,26.9,23.4,86,O,주의,O,보통
8/18/2023,창녕(919),X,31.7,30.2,26.2,24,88,O,주의,X,보통
8/18/2023,함안(920),X,31.8,30.2,26.5,24.6,88,O,주의,X,보통
8/18/2023,북춘천(93),O,34,34.2,28.3,23,76.6,O,주의,O,낮음
8/18/2023,하동(932),O,33,31.5,26.8,23.9,85,O,주의,X,높음
8/18/2023,철원(95),O,34.2,33.4,27.3,21.7,82,O,주의,X,낮음
8/18/2023,동두천(98),O,34.3,33.2,27.3,22.7,85.8,O,주의,X,높음
8/18/2023,파주(99),O,34.1,32.7,26.9,22.4,86.3,O,주의,X,높음
8/19/2023,북강릉(104),X,29,27.1,24.7,22.3,88.1,X,관심,X,낮음
8/19/2023,동해(106),X,29.3,26.7,24.5,23.3,94.8,X,관심,X,낮음
8/19/2023,서울(108),O,33.7,33.6,29.1,26.4,68.9,O,주의,O,보통
8/19/2023,인천(112),X,31.7,30.8,27.5,25.5,75,O,주의,O,높음
8/19/2023,원주(114),O,33.2,33.6,28.8,25.4,72.4,O,주의,O,낮음
8/19/2023,울릉도(115),X,32.9,30.7,27.3,25.7,93,X,관심,O,보통
8/19/2023,수원(119),O,33,32.9,27.7,24.3,71.9,O,주의,X,보통
8/19/2023,영월(121),O,34.5,34.9,27.6,23.7,78.8,O,주의,X,낮음
8/19/2023,충주(127),O,33.7,33.1,28,23.7,78,O,경고,X,높음
8/19/2023,서산(129),X,32.6,32.3,27.3,23.2,74.8,O,주의,X,높음
8/19/2023,울진(130),X,29.8,27.2,24.9,23.4,91.3,X,관심,X,높음
8/19/2023,청주(131),O,34.2,34,29.3,25.1,68.1,O,주의,O,높음
8/19/2023,대전(133),O,33.6,33.4,28.2,24.1,72.4,O,주의,X,높음
8/19/2023,추풍령(135),X,32.5,31.7,26.3,22.8,82.1,O,주의,X,높음
8/19/2023,안동(136),O,33.8,33.4,27.9,23.5,81.9,O,주의,O,보통
8/19/2023,상주(137),O,33.9,32.9,27.8,24.2,84.6,O,주의,O,높음
8/19/2023,포항(138),X,31,28.6,26.4,24.5,89.6,X,관심,O,보통
8/19/2023,군산(140),X,32.6,31.1,27.7,24.7,80.6,O,주의,X,높음
8/19/2023,대구(143),X,32.6,31.7,27.3,24.5,82,O,주의,O,보통
8/19/2023,전주(146),O,33.5,32.6,28.2,25,75.1,O,주의,O,높음
8/19/2023,울산(152),X,30.6,28.3,26,24,91.1,X,관심,O,높음
8/19/2023,창원(155),X,30,27.6,26.2,25,89.3,O,주의,O,높음
8/19/2023,광주(156),O,34.8,32.7,28.3,24.5,89.3,O,경고,X,높음
8/19/2023,부산(159),X,29.8,27.3,26.3,25.6,88.1,O,주의,O,매우높음
8/19/2023,통영(162),X,30.1,27.1,26,24.6,94.3,O,주의,O,매우높음
8/19/2023,목포(165),X,32.5,32,28,25.2,75.9,O,주의,X,높음
8/19/2023,여수(168),X,32.1,30.5,27.2,25,83.9,O,주의,O,보통
8/19/2023,흑산도(169),X,31.4,29.6,26.1,22.8,87,O,주의,X,매우높음
8/19/2023,완도(170),O,33.9,32.8,28.3,24.6,80.1,O,주의,X,매우높음
8/19/2023,고창(172),X,32.8,31.7,27.5,24.7,80.6,O,주의,X,높음
8/19/2023,제주(184),O,33,32.1,29,27,76.3,O,주의,O,매우높음
8/19/2023,진주(192),O,33,31.5,26.9,24.3,90.5,O,주의,X,높음
8/19/2023,양평(202),O,33.2,33.1,28.6,25.5,72.8,O,경고,X,높음
8/19/2023,이천(203),O,34.5,34.1,28.8,25,76.1,O,주의,X,높음
8/19/2023,인제(211),O,33.8,34.1,26.8,22.4,76,O,주의,X,낮음
8/19/2023,홍천(212),O,33.5,33.5,27.9,23.8,78.1,O,경고,X,낮음
8/19/2023,태백(216),X,30.6,29.1,24.3,21.8,86.6,X, ,X,낮음
8/19/2023,정선군(217),O,34.8,34.9,27.8,22.8,77.1,O,주의,X,낮음
8/19/2023,제천(221),X,32.4,31.5,26.9,22.8,84.9,O,주의,X,높음
8/19/2023,보은(226),X,32.9,32.1,26.8,22.6,84,O,주의,X,높음
8/19/2023,천안(232),O,33.2,32.8,27.2,22.9,76.4,O,주의,X,높음
8/19/2023,보령(235),X,32.7,32.4,27.3,24.2,76.4,O,주의,X,높음
8/19/2023,부여(236),O,33.8,32.9,28.5,24.6,78,O,주의,X,보통
8/19/2023,금산(238),O,33.8,33.4,26.8,23.6,85.5,O,주의,X,높음
8/19/2023,세종(239),O,33.8,33.6,28.1,24,75.3,O,주의,X,높음
8/19/2023,부안(243),X,32.4,31.3,27.7,25.3,78,O,주의,X,높음
8/19/2023,임실(244),O,33.5,32.5,26.7,24.2,84.1,O,주의,X,높음
8/19/2023,정읍(245),O,33.8,32.6,27.7,24.9,76.5,O,주의,X,높음
8/19/2023,남원(247),O,34.2,34,28,23.9,84.3,O,주의,X,높음
8/19/2023,장수(248),X,32.3,31.6,25.8,22.7,89.6,O,주의,X,높음
8/19/2023,영광군(252),X,32.8,32,27.7,24.8,76.3,O,주의,X,높음
8/19/2023,김해시(253),X,32.3,29,26.3,24.9,97.1,O,주의,O,매우높음
8/19/2023,순창군(254),O,34,33.5,27.8,24,85.3,O,주의,X,높음
8/19/2023,양산시(257),O,33.1,30.1,27.3,25.4,93.8,O,주의,O,높음
8/19/2023,강진군(259),O,34.2,33.6,28,24,80.9,O,주의,X,높음
8/19/2023,장흥(260),O,33.5,32.4,27.3,23.4,86.3,O,주의,X,높음
8/19/2023,해남(261),O,33.7,32.7,27.2,23.2,82.9,O,주의,X,높음
8/19/2023,고흥(262),X,32.5,31.4,26.9,22.9,83.8,O,주의,X,높음
8/19/2023,의령군(263),X,32.8,31.1,26.6,24.3,88.1,O,주의,O,높음
8/19/2023,함양군(264),O,34,32.8,27.7,24.5,87,O,주의,X,보통
8/19/2023,진도군ASOS(268),O,33,32.4,26.8,23.2,78.6,O,주의,X,매우높음
8/19/2023,봉화(271),X,31.4,30.7,26,23.1,82,O,주의,X,높음
8/19/2023,영주(272),X,32.6,31.7,26.4,23.5,88.9,O,주의,X,높음
8/19/2023,문경(273),O,33.3,32.4,26.9,23.9,87.6,O,주의,X,높음
8/19/2023,청송군(276),X,32.8,31.3,26,22.5,89.9,O,주의,X,보통
8/19/2023,영덕(277),X,32.4,30.5,25.2,22.6,92.8,X,관심,X,높음
8/19/2023,의성(278),O,33.7,33,27.2,23.3,86.9,O,주의,X,높음
8/19/2023,구미(279),O,33.5,33,27.3,24,82.1,O,주의,X,높음
8/19/2023,영천(281),X,31.9,30.4,26.2,23.4,90.3,O,주의,X,보통
8/19/2023,경주시(283),X,32.7,31,27.3,24.4,86.5,X,관심,O,보통
8/19/2023,거창(284),X,32.2,31.1,26.3,22.9,86,X,관심,X,보통
8/19/2023,합천(285),X,32.8,32,26.8,23.4,84.9,O,주의,X,보통
8/19/2023,밀양(288),X,31.4,30.2,26.3,24.2,86.1,O,주의,O,낮음
8/19/2023,산청(289),O,33.8,32.5,26.7,23.9,90.4,O,주의,X,높음
8/19/2023,거제(294),X,30.3,27.2,26.3,24.5,93,O,주의,O,보통
8/19/2023,남해(295),X,32,29.9,26.6,24.8,91.6,O,주의,X,높음
8/19/2023,부천(433),X,32.4,33.3,27.6,24.4,64,O,주의,X,높음
8/19/2023,안양(434),X,28.8,33,28.4,25.6,,O,주의,O,보통
8/19/2023,광명(437),O,33.8,34.7,29.5,26.1,64,O,주의,O,높음
8/19/2023,군포(438),O,33.1,33.9,28.8,25.1,64,O,주의,O,보통
8/19/2023,김포(441),X,,33.5,28.1,24.8,,O,주의,X,높음
8/19/2023,하남(444),O,33.7,33.6,27.8,24.2,71,O,주의,X,보통
8/19/2023,의왕(445),X,32.4,32.1,26.7,22.6,76,O,주의,X,보통
8/19/2023,포천(504),O,34.5,33.7,28.1,24.5,82,O,주의,X,높음
8/19/2023,가평조종(505),O,34.5,33.6,28.1,24.4,85,O,주의,X,높음
8/19/2023,안성(516),O,33.5,32.8,27.1,23.1,84,O,경고,X,높음
8/19/2023,간성(517),X,30,28,24.2,21.5,88,X, ,X,낮음
8/19/2023,평창(526),X,32.9,32.9,27.2,23,74,X,관심,X,낮음
8/19/2023,의정부(532),O,34.6,33.1,27.9,24.6,87,O,주의,X,보통
8/19/2023,횡성(536),O,33.7,33.2,28,24.3,80,O,주의,X,낮음
8/19/2023,고양(540),X,,,,,,O,주의,X,높음
8/19/2023,남양주(541),O,34.9,35.4,28.9,25.1,75,O,주의,X,높음
8/19/2023,안산(545),X,32.7,32.6,26.5,22.5,79,O,주의,X,보통
8/19/2023,경기광주(546),X,32.9,33.3,27.6,24.1,71,O,경고,X,보통
8/19/2023,여주(548),O,33.2,32.6,27.9,24.7,77,O,경고,X,높음
8/19/2023,용인(549),X,32.3,32.6,27,23.5,73,O,경고,X,보통
8/19/2023,오산(550),O,34.2,33.7,28,23,76,O,주의,X,보통
8/19/2023,평택(551),O,34.1,33.9,28,24.4,80,O,주의,X,보통
8/19/2023,화천(555),O,35.1,33.7,27.7,23.9,90,O,주의,X,낮음
8/19/2023,양구(556),O,34,34.8,27.2,22.4,76,O,주의,X,낮음
8/19/2023,시흥(565),O,33,33,27.6,23.8,75,O,주의,X,보통
8/19/2023,구리(569),O,34,34,28.4,24.9,72,O,주의,X,높음
8/19/2023,화성(571),O,33.2,32.7,27.8,24.4,75,O,주의,X,높음
8/19/2023,성남(572),O,33.2,33.3,28.5,25.3,67,O,주의,X,보통
8/19/2023,과천(590),O,34.4,33.9,27.9,23.7,76,O,주의,X,보통
8/19/2023,양주(598),O,34.6,34,27.8,24.1,79,O,경고,X,보통
8/19/2023,단양(601),O,34.7,34.4,28.3,23.6,80,O,주의,X,높음
8/19/2023,진천(602),O,33.9,33.6,28,23.9,73,O,주의,X,높음
8/19/2023,괴산(603),O,34.1,34,27.6,23.1,81,O,주의,X,높음
8/19/2023,옥천(604),O,34.5,34.5,28.7,24.2,79,O,주의,X,보통
8/19/2023,홍북(608),O,33.5,33.4,26.5,22.4,76,O,주의,X,높음
8/19/2023,공주(612),O,34.1,33.4,27.9,23.5,78,O,주의,X,높음
8/19/2023,서천(614),X,32.9,31.2,27,24.4,84,O,주의,X,높음
8/19/2023,논산(615),O,34.8,34.7,29.2,25.4,78,O,주의,O,보통
8/19/2023,당진(616),X,32.7,32,26.8,22.6,81,O,주의,X,보통
8/19/2023,청양(618),O,33.9,33.1,27.2,23.3,80,O,주의,X,보통
8/19/2023,음성(619),X,32.8,32.3,26.5,22.7,81,O,주의,X,높음
8/19/2023,증평(623),O,34.3,33.5,28.3,23.9,80,O,주의,X,높음
8/19/2023,태안(627),O,33.5,33.1,27,22.4,78,O,주의,X,매우높음
8/19/2023,예산(628),O,33.2,32.8,27.8,23.8,76,O,주의,X,보통
8/19/2023,아산(634),O,33.2,33.4,27.8,24.3,74,O,주의,X,보통
8/19/2023,계룡(636),O,33.1,32.1,26.9,22.6,87,O,주의,X,높음
8/19/2023,연천청산(652),O,33.4,32.9,27.6,24.5,80,O,주의,X,높음
8/19/2023,양양(670),X,28.9,26.9,24.6,22,87,X, ,X,낮음
8/19/2023,무안(699),O,33.4,32.6,27.8,24.3,78,O,주의,X,높음
8/19/2023,무주(701),O,33.6,33.1,27.1,22.6,80,O,주의,X,높음
8/19/2023,익산(702),O,33.3,32.8,28,25.3,78,O,주의,X,높음
8/19/2023,진안(703),X,32.8,32,25.7,22.7,88,O,주의,X,높음
8/19/2023,담양(706),O,35.9,,,,,O,경고,X,높음
8/19/2023,구례(709),O,34.6,33.6,28.1,23.7,87,O,경고,O,높음
8/19/2023,나주(710),O,33.8,32.5,27.8,24.3,86,O,주의,X,높음
8/19/2023,순천시(712),O,34.6,33.1,28.6,25.4,87,O,경고,O,보통
8/19/2023,광양읍(713),O,34,33.3,28.5,25,82,O,주의,O,매우높음
8/19/2023,장성(730),O,33.8,32.9,27.6,24.6,84,O,주의,X,높음
8/19/2023,영암(731),O,34.1,32.8,27.4,23.2,86,O,주의,X,높음
8/19/2023,보성(732),X,32.9,32,26.7,23,85,O,주의,X,낮음
8/19/2023,완주(734),O,34.6,34.1,27.8,23.9,84,O,주의,X,높음
8/19/2023,김제(737),O,33.8,32.2,27.6,25,81,O,주의,X,높음
8/19/2023,화순(741),O,34.8,33.6,27.5,23.7,81,O,경고,X,높음
8/19/2023,함평(754),O,34.3,33.7,28.2,24.3,78,O,주의,X,높음
8/19/2023,곡성(768),O,35.4,34.4,28,24.1,87,O,경고,X,높음
8/19/2023,압해도(789),O,34.3,34.2,28.1,24.6,81,O,주의,X,매우높음
8/19/2023,영양(801),X,32.9,31.7,26.1,22.9,91,O,주의,X,높음
8/19/2023,성주(810),O,33.5,33.4,27.7,24.2,80,O,주의,X,높음
8/19/2023,고령(812),O,33.4,32.9,27,23.1,89,O,주의,X,높음
8/19/2023,청도(813),X,32.9,31.2,26.6,23.1,88,O,주의,X,낮음
8/19/2023,예천(815),O,33.7,33.1,27.9,24,82,O,주의,X,높음
8/19/2023,김천(822),O,34.7,33.8,27.2,23.1,88,O,주의,X,높음
8/19/2023,군위(823),O,34.1,33.2,27.5,23.9,86,O,주의,X,높음
8/19/2023,칠곡(825),O,34,32.8,27.7,24.3,90,O,주의,O,보통
8/19/2023,경산(827),O,33.6,32.7,27.4,24.2,85,O,주의,O,보통
8/19/2023,삼척(876),X,29.9,28.5,25.2,23.3,85,X,관심,X,낮음
8/19/2023,속초(90),X,29.6,27.5,24.5,21.7,89,X, ,X,낮음
8/19/2023,삼천포(907),X,32.9,30.9,26.3,24.4,92,O,주의,X,보통
8/19/2023,고성(918),X,30.8,27.7,26.1,25,96,O,주의,X,보통
8/19/2023,창녕(919),O,33.3,31.6,27.2,24.1,90,O,주의,X,낮음
8/19/2023,함안(920),X,31.6,29,26.2,24.4,95,O,주의,X,높음
8/19/2023,북춘천(93),O,34.2,34.1,28.8,25.1,80.6,O,경고,O,낮음
8/19/2023,하동(932),O,34.1,33,27.8,24.3,85,O,주의,O,높음
8/19/2023,철원(95),O,33.7,32.6,27.7,24.1,83.5,O,주의,X,낮음
8/19/2023,동두천(98),O,34.2,32.9,27.9,24.7,81.9,O,주의,X,높음
8/19/2023,파주(99),O,33.4,32.5,26.9,23.6,84.9,O,주의,X,높음
8/20/2023,북강릉(104),X,30.3,28.4,24.7,23.3,93.5,X,관심,X,낮음
8/20/2023,동해(106),X,30.2,27.7,24.5,23,97,X, ,X,낮음
8/20/2023,서울(108),X,32.4,31.8,28.3,25.5,71.8,O,주의,O,보통
8/20/2023,인천(112),X,31.4,30.1,27.2,25.5,81.1,O,주의,O,보통
8/20/2023,원주(114),X,32.6,32.4,28.5,25.6,70.6,O,주의,O,낮음
8/20/2023,울릉도(115),O,33.4,30.6,27.2,25.4,96.5,X,관심,O,보통
8/20/2023,수원(119),X,32.6,32.4,27.5,24.1,74.9,O,주의,X,보통
8/20/2023,영월(121),O,33.5,33,26.5,22.6,84,O,주의,X,낮음
8/20/2023,충주(127),O,33.5,33.1,27.5,23.7,78,O,경고,X,높음
8/20/2023,서산(129),O,33.3,33.1,27.6,23.1,78.1,X,관심,X,보통
8/20/2023,울진(130),X,30.4,28.2,25.3,23.6,91.1,O,관심,X,높음
8/20/2023,청주(131),O,34.1,34,29.3,26.2,67,O,주의,O,높음
8/20/2023,대전(133),O,33.9,33.3,28.1,24.6,71.1,O,주의,O,높음
8/20/2023,추풍령(135),O,33,31.9,26.1,23.2,86.8,O,주의,X,높음
8/20/2023,안동(136),O,35.3,34.8,27.6,24.2,84.9,O,주의,X,높음
8/20/2023,상주(137),O,35,34.1,27.4,24,86.6,O,주의,X,높음
8/20/2023,포항(138),X,30.2,28.2,26.6,25.5,85.9,O,관심,O,매우높음
8/20/2023,군산(140),O,33.2,32,28,24.7,79.5,O,관심,X,매우높음
8/20/2023,대구(143),O,34,33.5,27.3,24.7,84.9,O,주의,X,높음
8/20/2023,전주(146),O,34.1,33.9,29,25.1,70.9,O,주의,O,매우높음
8/20/2023,울산(152),O,33.2,31.5,27.2,25.2,85.5,O,관심,X,보통
8/20/2023,창원(155),O,34.3,33.3,28.6,25.3,80.4,O,주의,X,높음
8/20/2023,광주(156),O,35.1,34.1,28.6,24.8,86.5,O,주의,O,매우높음
8/20/2023,부산(159),X,32.4,31,28.2,25.8,77,O,주의,O,높음
8/20/2023,통영(162),O,33.3,32.1,27.9,25.6,86.1,O,주의,O,매우높음
8/20/2023,목포(165),O,33.2,32.6,28.3,24.7,76.6,O,주의,O,매우높음
8/20/2023,여수(168),X,32.6,31.1,28.3,26.2,83.8,O,주의,O,매우높음
8/20/2023,흑산도(169),X,31.7,30.7,26.4,23.9,86.5,X,관심,X,매우높음
8/20/2023,완도(170),O,34,32.8,27.9,24.3,81.5,O,주의,O,매우높음
8/20/2023,고창(172),O,34.2,33.5,27.7,23.4,77.1,O,주의,X,매우높음
8/20/2023,제주(184),O,34.3,33.1,29.6,26.7,73,O,주의,O,매우높음
8/20/2023,진주(192),O,34.3,33.1,28.2,24.6,84.5,O,주의,X,높음
8/20/2023,양평(202),X,32.8,32.9,27.8,24.8,75.5,O,경고,X,보통
8/20/2023,이천(203),O,33.9,33.8,28.1,23.9,77.5,O,주의,X,보통
8/20/2023,인제(211),O,33.5,32.7,26.7,22.7,77.8,O,주의,X,낮음
8/20/2023,홍천(212),O,33,32.4,27.3,24.5,76.4,O,경고,X,낮음
8/20/2023,태백(216),X,30.1,28.6,22.9,20.9,92.8,X, ,X,낮음
8/20/2023,정선군(217),O,35.1,35,26.4,23.2,81,O,주의,X,낮음
8/20/2023,제천(221),O,33.2,32.6,27.1,22.9,84.4,O,주의,X,높음
8/20/2023,보은(226),O,33.8,33,26.1,23.3,87.3,O,주의,X,높음
8/20/2023,천안(232),X,32.9,32.6,27.3,23.5,76.6,O,주의,X,높음
8/20/2023,보령(235),O,33,32.6,27.2,23.4,78.3,O,관심,X,높음
8/20/2023,부여(236),O,34.5,33.9,28.1,24,79.6,O,주의,X,높음
8/20/2023,금산(238),O,33.4,32.5,27,24.3,86.6,O,주의,X,높음
8/20/2023,세종(239),O,33.9,33.3,28.1,24.4,74.5,O,주의,X,높음
8/20/2023,부안(243),O,33.5,32.6,27.8,24.1,77.5,O,주의,X,매우높음
8/20/2023,임실(244),O,33.3,33.2,27.1,23,82.3,O,주의,X,매우높음
8/20/2023,정읍(245),O,34.1,33.9,28,23,71.1,O,주의,X,매우높음
8/20/2023,남원(247),O,34.4,34,28.5,24.8,81.4,O,주의,X,높음
8/20/2023,장수(248),X,32.8,32,27,23.8,84.5,O,관심,X,높음
8/20/2023,영광군(252),O,34.2,33.7,28.1,23.8,75,O,주의,X,매우높음
8/20/2023,김해시(253),O,35.4,33.2,28.6,25.6,88.5,O,주의,X,매우높음
8/20/2023,순창군(254),O,34.4,34,28.1,24.4,81.8,O,주의,X,매우높음
8/20/2023,양산시(257),O,36.1,35.1,29.5,26.1,83.4,O,주의,O,높음
8/20/2023,강진군(259),O,34.3,33.9,28.2,23.2,79.6,O,주의,X,높음
8/20/2023,장흥(260),O,33.7,32.6,27.3,22.7,85.5,O,주의,X,높음
8/20/2023,해남(261),O,34,33,27.4,22.5,82.1,O,주의,X,높음
8/20/2023,고흥(262),X,32.5,31.6,26.4,22.3,84.8,O,주의,X,매우높음
8/20/2023,의령군(263),O,35.3,35.1,29.2,25,78.4,O,주의,X,높음
8/20/2023,함양군(264),O,34.8,33.7,27.9,24.6,90,O,주의,X,높음
8/20/2023,진도군ASOS(268),O,33.8,33.3,27.6,22.1,77.4,O,주의,X,매우높음
8/20/2023,봉화(271),X,31.1,30.2,24.6,22.3,89.3,O,주의,X,높음
8/20/2023,영주(272),O,33,31.8,25.8,22.9,92.6,O,주의,X,높음
8/20/2023,문경(273),O,34.4,33.4,26.4,22.4,90.1,O,주의,X,높음
8/20/2023,청송군(276),O,34.4,33.8,26.3,22.7,89.9,O,주의,X,높음
8/20/2023,영덕(277),X,30.4,28.6,25.2,22.6,89.9,O,관심,X,높음
8/20/2023,의성(278),O,34.7,34.4,27.5,24.3,89.3,O,주의,X,높음
8/20/2023,구미(279),O,34.4,34.4,27.3,24.4,81.5,O,주의,X,높음
8/20/2023,영천(281),O,33.4,32.5,27.2,24.6,87.5,O,주의,X,높음
8/20/2023,경주시(283),O,33.6,32.2,27.9,25.4,84.9,O,관심,O,높음
8/20/2023,거창(284),O,33.8,33,26.6,23.4,85.3,O,관심,X,높음
8/20/2023,합천(285),O,34.5,34.2,28.5,24.5,79.9,O,주의,O,높음
8/20/2023,밀양(288),O,34.8,35,28.8,25.6,76.9,O,주의,X,높음
8/20/2023,산청(289),O,34.3,32.7,27.7,24.5,89.4,O,주의,O,높음
8/20/2023,거제(294),X,32.7,31.2,28,24.7,80.6,O,주의,X,매우높음
8/20/2023,남해(295),O,33.4,32,27.7,24.5,83.3,O,주의,X,매우높음
8/20/2023,부천(433),X,30.9,31.1,26.8,24,71,O,주의,X,보통
8/20/2023,안양(434),X,29.5,32.1,28.3,25.6,,O,주의,O,보통
8/20/2023,광명(437),X,32.8,33.6,29,26.2,68,O,주의,O,보통
8/20/2023,군포(438),X,32.7,33.2,28.3,25.2,67,O,주의,O,보통
8/20/2023,김포(441),X,,31.2,27.2,23.6,,O,주의,X,보통
8/20/2023,하남(444),X,31.9,31.9,27,23.5,72,O,주의,X,보통
8/20/2023,의왕(445),X,31.8,31.6,26.2,22.6,80,O,주의,X,보통
8/20/2023,포천(504),X,32.8,31.9,27,23.7,83,O,주의,X,보통
8/20/2023,가평조종(505),X,32.3,31.6,26.6,23.4,88,O,주의,X,높음
8/20/2023,안성(516),X,32.6,32.8,27.5,23.9,79,O,경고,X,보통
8/20/2023,간성(517),X,29.8,27.6,24.3,22.8,90,X, ,X,낮음
8/20/2023,평창(526),O,33.2,32.6,26.4,22.6,79,O,관심,X,낮음
8/20/2023,의정부(532),O,33.7,31.9,26.8,23.8,89,O,주의,X,보통
8/20/2023,횡성(536),O,33.4,33.2,27.8,24.5,79,O,주의,X,낮음
8/20/2023,고양(540),X,,,,,,O,주의,X,보통
8/20/2023,남양주(541),O,33.7,33.8,27.8,24,75,O,주의,X,보통
8/20/2023,안산(545),X,32.6,32.2,26.1,22.1,84,O,주의,X,보통
8/20/2023,경기광주(546),X,32.2,32.8,27.1,23.7,69,O,경고,X,보통
8/20/2023,여주(548),X,32.5,32.1,27.3,23.7,78,O,경고,X,보통
8/20/2023,용인(549),X,31.8,32,26.6,23.3,73,O,경고,X,보통
8/20/2023,오산(550),O,34,33.5,27.5,23.1,78,O,주의,X,보통
8/20/2023,평택(551),O,33.1,33.7,28.2,24.5,81,O,주의,X,보통
8/20/2023,화천(555),O,34,31.5,26.4,23.5,93,O,주의,X,낮음
8/20/2023,양구(556),O,33,32.6,26.8,23.6,79,O,주의,X,낮음
8/20/2023,시흥(565),X,32.3,32.2,27,22.8,82,O,주의,X,보통
8/20/2023,구리(569),O,33,32.8,27.8,24.3,73,O,주의,X,보통
8/20/2023,화성(571),O,33,32.3,27.4,24.1,81,O,주의,O,보통
8/20/2023,성남(572),X,32.3,32.3,27.9,24.6,70,O,주의,O,보통
8/20/2023,과천(590),O,33.5,32.9,27.3,23,79,O,주의,X,보통
8/20/2023,양주(598),X,32.9,32.1,26.5,23.2,84,O,경고,X,보통
8/20/2023,단양(601),O,34.1,33.5,27.1,24.2,87,O,주의,X,높음
8/20/2023,진천(602),O,34.1,33.9,27.9,23.9,74,O,주의,X,높음
8/20/2023,괴산(603),O,34,33.6,27.1,23.1,80,O,주의,X,보통
8/20/2023,옥천(604),O,35.1,34.2,28.4,24.9,78,O,주의,O,높음
8/20/2023,홍북(608),O,33.8,34.1,26.7,21.4,77,O,주의,X,보통
8/20/2023,공주(612),O,34.1,33.7,28.3,24,75,O,주의,X,높음
8/20/2023,서천(614),O,33.6,32.3,27.1,23.7,85,O,관심,X,높음
8/20/2023,논산(615),O,34.6,34,28.9,25.5,77,O,주의,X,매우높음
8/20/2023,당진(616),O,33.6,32.4,27.4,22.8,83,O,주의,X,보통
8/20/2023,청양(618),O,33.7,33.7,26.9,22.4,81,O,주의,X,높음
8/20/2023,음성(619),X,32.9,32.2,26.4,22.2,78,O,주의,X,높음
8/20/2023,증평(623),O,34.1,33.1,27.6,24.1,81,O,주의,X,높음
8/20/2023,태안(627),O,35,34.7,27.8,23.5,78,O,주의,X,보통
8/20/2023,예산(628),O,33.5,33,27.9,23.7,79,O,주의,X,보통
8/20/2023,아산(634),O,34,33.7,28.1,23.6,76,O,주의,X,보통
8/20/2023,계룡(636),O,34.4,32.7,27,23.3,87,O,주의,X,높음
8/20/2023,연천청산(652),X,32,31.3,26.4,23.1,82,O,주의,X,보통
8/20/2023,양양(670),X,29.6,28.1,24.9,23.3,91,X, ,X,낮음
8/20/2023,무안(699),O,34.1,34.4,28.1,23.2,77,O,주의,X,매우높음
8/20/2023,무주(701),O,33.8,33.1,26,23.3,87,O,주의,X,높음
8/20/2023,익산(702),O,33.5,33.8,28.1,24.7,75,O,주의,X,매우높음
8/20/2023,진안(703),O,33.2,32.2,26.3,22.9,89,O,주의,X,높음
8/20/2023,담양(706),O,35.1,34,28.4,24.5,87,O,경고,X,매우높음
8/20/2023,구례(709),O,35.6,34.8,29.1,25.5,85,O,주의,X,높음
8/20/2023,나주(710),O,34.5,34,27.9,23.1,82,O,주의,X,매우높음
8/20/2023,순천시(712),O,34.5,33,28.8,25.5,86,O,주의,X,매우높음
8/20/2023,광양읍(713),O,34.6,34.5,29.2,25.6,81,O,주의,X,높음
8/20/2023,장성(730),O,33.9,33.9,27.6,23.6,81,O,주의,X,매우높음
8/20/2023,영암(731),O,34.2,33.1,27.6,23,83,O,주의,X,높음
8/20/2023,보성(732),X,32.5,31.9,26.6,22.4,85,O,주의,X,매우높음
8/20/2023,완주(734),O,34.6,33.4,27.5,22.8,85,O,주의,X,매우높음
8/20/2023,김제(737),O,34.3,33.1,28.5,24.7,78,O,주의,X,매우높음
8/20/2023,화순(741),O,35.4,34.8,28.2,23.3,79,O,주의,X,매우높음
8/20/2023,함평(754),O,34.3,34.1,28,23.5,77,O,주의,X,매우높음
8/20/2023,곡성(768),O,35.4,34.3,27.9,24.7,89,O,주의,X,높음
8/20/2023,압해도(789),O,34.6,34.1,27.8,24,83,O,주의,X,매우높음
8/20/2023,영양(801),O,34.6,33.1,26.3,22.7,89,O,주의,X,높음
8/20/2023,성주(810),O,35.2,35.4,28.4,24.7,76,O,주의,X,높음
8/20/2023,고령(812),O,34.2,33.4,27.3,24.1,92,O,주의,X,높음
8/20/2023,청도(813),O,34.6,33.4,28,24.7,85,O,주의,X,높음
8/20/2023,예천(815),O,34.5,33.9,27.4,24.1,86,O,주의,X,높음
8/20/2023,김천(822),O,35.5,34.3,26.7,23.3,90,O,주의,X,높음
8/20/2023,군위(823),O,35.4,34.7,28.1,24.8,86,O,주의,X,높음
8/20/2023,칠곡(825),O,35,34.7,28.6,25.3,86,O,주의,X,높음
8/20/2023,경산(827),O,35.2,35.1,28.3,25.2,81,O,주의,O,높음
8/20/2023,삼척(876),X,31.4,29.7,25.4,23.6,88,O,관심,X,낮음
8/20/2023,속초(90),X,29.3,27,24.7,23.6,90.6,X, ,X,낮음
8/20/2023,삼천포(907),O,33.5,31.3,27.5,24.6,88,O,주의,X,높음
8/20/2023,고성(918),O,33.3,31.2,27.5,24.5,89,O,주의,X,매우높음
8/20/2023,창녕(919),O,35.6,35.1,29.1,24.9,84,O,주의,O,높음
8/20/2023,함안(920),O,34.9,33.7,28.1,23.9,85,O,주의,X,높음
8/20/2023,북춘천(93),O,33.7,33.1,27.8,25,81.6,O,경고,X,낮음
8/20/2023,하동(932),O,34.2,33.5,28.9,25.5,81,O,주의,O,높음
8/20/2023,철원(95),X,31.9,31,26.4,23.2,86,O,주의,X,낮음
8/20/2023,동두천(98),X,32.1,30.4,26.5,23.3,86.1,O,주의,X,보통
8/20/2023,파주(99),X,31.7,30.2,25.4,22.1,90.8,O,주의,X,보통
8/21/2023,북강릉(104),X,31.8,29.9,25.8,22.6,89.4,O,관심,X,낮음
8/21/2023,동해(106),X,31.5,28.9,25.8,22.9,94,X,관심,X,낮음
8/21/2023,서울(108),O,34,33.6,29.5,26,69.8,O,주의,O,보통
8/21/2023,인천(112),X,32.6,31.8,28.6,26,76.6,O,주의,O,높음
8/21/2023,원주(114),O,33.4,33.8,29,25.1,68.9,O,주의,X,낮음
8/21/2023,울릉도(115),X,32.7,30.9,28.1,25.6,89.8,X,관심,O,높음
8/21/2023,수원(119),O,33.7,33.5,28.9,24.8,72.1,O,주의,O,높음
8/21/2023,영월(121),O,33.7,33.6,26.8,22.3,78.4,O,주의,X,낮음
8/21/2023,충주(127),O,33.5,33.4,28.1,23.6,76.9,O,주의,X,높음
8/21/2023,서산(129),O,33.1,32.4,28.2,24,76.8,X,관심,O,높음
8/21/2023,울진(130),X,31.6,29.2,26.1,23,91.1,O,주의,O,매우높음
8/21/2023,청주(131),O,34.4,34.9,30,26.2,67.6,O,주의,O,높음
8/21/2023,대전(133),O,33.8,34.1,29.2,25,69.6,O,주의,X,높음
8/21/2023,추풍령(135),O,33.1,32.1,26.4,22.7,82.4,O,주의,X,높음
8/21/2023,안동(136),O,34.4,34.3,28.2,24.3,80,O,주의,X,높음
8/21/2023,상주(137),O,34,32.8,27.4,23.7,86.5,O,주의,X,보통
8/21/2023,포항(138),O,33.4,32.6,28.8,25.2,76.1,O,주의,O,매우높음
8/21/2023,군산(140),O,34.4,33.8,28.7,24.5,76.9,O,관심,O,높음
8/21/2023,대구(143),O,33.7,33.7,28.9,24.9,74.4,O,주의,X,높음
8/21/2023,전주(146),O,34.1,34.3,29.5,25.9,68.3,O,경고,O,높음
8/21/2023,울산(152),X,32.4,31.4,27.8,24.2,79.8,O,주의,X,매우높음
8/21/2023,창원(155),O,33.2,32.3,28.4,24.9,79.4,O,주의,O,매우높음
8/21/2023,광주(156),O,34.6,33,28.8,25.3,86.9,O,주의,O,매우높음
8/21/2023,부산(159),X,32.9,32.2,28.7,26.2,74.1,O,주의,O,매우높음
8/21/2023,통영(162),X,32.6,31.3,27.5,25.3,85.4,O,주의,O,매우높음
8/21/2023,목포(165),O,33.2,33.2,29.1,26.1,76.4,O,주의,O,매우높음
8/21/2023,여수(168),X,32.3,30.5,28,26.2,84.5,O,주의,O,매우높음
8/21/2023,흑산도(169),X,32.9,31.3,25.7,23.4,92,X,관심,X,높음
8/21/2023,완도(170),X,32.9,31.3,28.2,25.3,86.6,O,주의,O,매우높음
8/21/2023,고창(172),O,34,34,28.4,23.5,75.5,O,주의,O,높음
8/21/2023,제주(184),O,34.2,33.4,30.2,27,68.8,O,주의,O,매우높음
8/21/2023,진주(192),O,33.5,32.4,27.8,24.7,85,O,주의,X,매우높음
8/21/2023,양평(202),X,32.9,32.6,27.8,24.1,78.1,O,주의,O,높음
8/21/2023,이천(203),O,34.5,33.9,28.3,24,80.9,O,주의,X,높음
8/21/2023,인제(211),O,34,33.8,27.6,23.7,79.1,O,주의,X,낮음
8/21/2023,홍천(212),O,33.5,33.2,27.6,23.7,78.5,O,경고,X,낮음
8/21/2023,태백(216),X,31.1,31.1,24.2,19.7,82.4,X, ,X,낮음
8/21/2023,정선군(217),O,34.1,34.4,26.8,22.9,79.4,O,주의,X,낮음
8/21/2023,제천(221),X,32.9,32.2,26.5,22.5,83.4,O,주의,X,높음
8/21/2023,보은(226),X,32.5,31.5,25.8,23,90.3,O,주의,X,높음
8/21/2023,천안(232),O,33.2,33.1,27.5,23.4,79.8,O,주의,X,높음
8/21/2023,보령(235),O,33.3,32.9,28.4,23.8,74,O,관심,O,높음
8/21/2023,부여(236),O,34.3,33.8,28.4,24.1,79.4,O,경고,X,높음
8/21/2023,금산(238),O,33.6,34.2,27.6,23.8,78.1,O,주의,X,높음
8/21/2023,세종(239),O,33.8,33.5,28.4,24.7,76.4,O,경고,X,높음
8/21/2023,부안(243),O,34.1,34.5,29,24.7,72.1,O,주의,X,높음
8/21/2023,임실(244),X,32.7,32.1,27.3,23.6,78.4,O,주의,X,높음
8/21/2023,정읍(245),O,34,34.3,29.2,24.2,67,O,주의,O,높음
8/21/2023,남원(247),O,33.7,33.7,28.3,24.2,75.9,O,주의,X,높음
8/21/2023,장수(248),X,31.9,32.2,26.5,21.3,79.5,O,관심,X,높음
8/21/2023,영광군(252),O,34.3,34.1,28.8,24.1,74.3,O,주의,O,높음
8/21/2023,김해시(253),O,34.2,33.1,28.3,24.4,82.3,O,주의,X,매우높음
8/21/2023,순창군(254),O,33.8,34,28.1,24.1,77.9,O,주의,X,높음
8/21/2023,양산시(257),O,35,34.6,29.2,25.2,78,O,주의,X,높음
8/21/2023,강진군(259),O,33.9,33,28.3,24.4,81.4,O,주의,O,높음
8/21/2023,장흥(260),X,32.9,31.5,27.8,23.7,84.5,O,주의,O,높음
8/21/2023,해남(261),O,33.9,32.7,28.1,23.6,84.4,O,주의,O,높음
8/21/2023,고흥(262),X,32,31.3,26.4,22.6,84.3,O,주의,X,높음
8/21/2023,의령군(263),O,34.2,34.1,28.8,24.9,76.9,O,주의,X,높음
8/21/2023,함양군(264),O,34.9,33.7,27.8,23.4,84.1,O,주의,X,높음
8/21/2023,진도군ASOS(268),O,33.9,32.9,28.5,24,81,O,주의,O,매우높음
8/21/2023,봉화(271),X,31.2,30.6,25.3,22,86,O,주의,X,높음
8/21/2023,영주(272),X,32.3,31.8,25.8,22.5,89.5,O,주의,X,높음
8/21/2023,문경(273),O,33.1,31.7,25.8,22.9,92,O,주의,X,보통
8/21/2023,청송군(276),O,34.6,34.2,26.9,22.6,87,O,주의,X,매우높음
8/21/2023,영덕(277),X,32.1,30.4,26.2,21.7,87.8,O,주의,X,매우높음
8/21/2023,의성(278),O,34.2,34.2,28,24.3,82.9,O,주의,X,높음
8/21/2023,구미(279),O,33.3,33.4,28.4,24,73.1,O,주의,X,높음
8/21/2023,영천(281),O,33.3,33.5,28.1,24.5,78.4,O,경고,X,높음
8/21/2023,경주시(283),O,35,34.4,29.1,25.2,77.6,O,주의,X,높음
8/21/2023,거창(284),X,32.8,32.3,27,22.7,81.9,O,주의,X,높음
8/21/2023,합천(285),O,33.4,33.4,28.4,25.1,75.5,O,경고,X,높음
8/21/2023,밀양(288),O,33.8,34.5,29,24.8,70.6,O,주의,X,높음
8/21/2023,산청(289),O,33.9,32.6,28.2,25.4,82.8,O,주의,O,높음
8/21/2023,거제(294),X,32.6,31.3,27.1,24,82.5,O,주의,X,매우높음
8/21/2023,남해(295),X,32.9,31.5,27.3,24,83.8,O,주의,O,매우높음
8/21/2023,부천(433),X,31.6,31.8,27.8,24.2,70,O,주의,X,높음
8/21/2023,안양(434),X,30.6,33,29,26.3,,O,주의,O,높음
8/21/2023,광명(437),O,34,34.6,29.9,27.4,67,O,주의,O,높음
8/21/2023,군포(438),O,33.5,33.9,29,26.1,68,O,주의,O,높음
8/21/2023,김포(441),X,,32.9,28.7,24.4,,O,주의,O,보통
8/21/2023,하남(444),X,32.8,32.7,27.4,23.8,74,O,주의,X,높음
8/21/2023,의왕(445),X,32.9,32.2,27.7,23.5,77,O,주의,O,높음
8/21/2023,포천(504),O,33,32.4,27.7,23.4,80,O,주의,O,높음
8/21/2023,가평조종(505),O,33.5,32.9,27.3,22.9,85,O,주의,X,높음
8/21/2023,안성(516),O,33.9,34.4,28.2,24,82,O,주의,X,높음
8/21/2023,간성(517),X,29.8,27.6,25.1,22.7,92,X, ,X,낮음
8/21/2023,평창(526),X,32.7,32.8,26.6,22.3,75,O,주의,X,낮음
8/21/2023,의정부(532),O,33.9,32.2,27.9,24,89,O,주의,X,보통
8/21/2023,횡성(536),O,34,33.8,27.6,23.9,79,O,주의,X,낮음
8/21/2023,고양(540),X,,,,,,O,주의,X,보통
8/21/2023,남양주(541),O,34.6,34.4,28.7,24.4,75,O,주의,O,보통
8/21/2023,안산(545),O,33.4,33.3,26.9,22.8,84,O,주의,X,높음
8/21/2023,경기광주(546),O,33,33,27.6,23.6,73,O,주의,X,높음
8/21/2023,여주(548),O,33.8,33.4,27.9,23.9,82,O,경고,X,높음
8/21/2023,용인(549),X,32.3,32.2,27.1,23.2,76,O,주의,X,높음
8/21/2023,오산(550),O,34.7,34.4,28,23.7,80,O,주의,X,높음
8/21/2023,평택(551),O,34.7,34.5,28.6,24.5,83,O,주의,O,높음
8/21/2023,화천(555),O,34.4,32.9,26.7,22.7,90,O,주의,X,낮음
8/21/2023,양구(556),O,33.6,34,27.9,23.2,76,O,주의,X,낮음
8/21/2023,시흥(565),O,33.7,33.4,28.5,24.1,79,O,주의,O,높음
8/21/2023,구리(569),O,34,33.7,28.9,24.7,70,O,주의,O,보통
8/21/2023,화성(571),O,34.5,34.3,28.7,25.1,77,O,주의,O,높음
8/21/2023,성남(572),O,33.1,33.3,29,25.1,69,O,주의,O,높음
8/21/2023,과천(590),O,33.8,33,28.1,23.5,78,O,주의,O,높음
8/21/2023,양주(598),O,34.3,33.9,27.6,23.2,82,O,주의,O,보통
8/21/2023,단양(601),O,34.1,34,27.4,24,81,O,주의,X,높음
8/21/2023,진천(602),O,34.1,34.5,28.3,23.6,76,O,주의,X,높음
8/21/2023,괴산(603),O,33.8,33.7,27.2,22.5,81,O,주의,X,높음
8/21/2023,옥천(604),O,35.2,35.9,29.1,25,79,O,주의,X,높음
8/21/2023,홍북(608),O,33.9,34.5,27.6,22.5,76,O,주의,X,높음
8/21/2023,공주(612),O,34.2,34,28.4,24,79,O,주의,X,높음
8/21/2023,서천(614),O,33.3,32,27.3,23.6,85,O,관심,X,높음
8/21/2023,논산(615),O,34.8,35,29.2,24.9,75,O,주의,X,높음
8/21/2023,당진(616),O,34.4,33.6,28.1,23.5,82,O,주의,O,보통
8/21/2023,청양(618),O,34,33.8,27.2,23.1,85,O,경고,X,높음
8/21/2023,음성(619),X,32.8,32.2,26.3,22.2,81,O,주의,X,높음
8/21/2023,증평(623),O,34.1,33.3,27.7,23.9,83,O,주의,X,높음
8/21/2023,태안(627),O,33.1,32.2,28.2,24.4,80,O,주의,X,높음
8/21/2023,예산(628),O,34.2,33.8,28.4,24.2,80,O,주의,O,높음
8/21/2023,아산(634),O,35.7,35.4,28.4,24,80,O,주의,O,높음
8/21/2023,계룡(636),O,33.6,33.3,27,22.2,84,O,주의,X,높음
8/21/2023,연천청산(652),O,33,33,26.8,22.8,83,O,주의,X,높음
8/21/2023,양양(670),X,29.8,27.7,25.1,22.6,90,X, ,X,낮음
8/21/2023,무안(699),O,33.6,34,28.6,24.1,76,O,주의,O,높음
8/21/2023,무주(701),O,33.8,34,27.3,22.6,80,O,주의,X,높음
8/21/2023,익산(702),O,33.7,33.5,28.5,24.7,75,O,주의,X,높음
8/21/2023,진안(703),X,32.2,31.7,26.1,21.7,81,O,주의,X,높음
8/21/2023,담양(706),O,35,33.7,28.5,24.1,85,O,경고,X,높음
8/21/2023,구례(709),O,34.4,33.7,28.4,24.4,82,O,주의,O,높음
8/21/2023,나주(710),O,33.9,33.2,27.9,23.5,84,O,주의,X,높음
8/21/2023,순천시(712),O,33.8,32.4,28.5,24.8,86,O,주의,O,매우높음
8/21/2023,광양읍(713),O,34.4,33.4,28.3,24.8,80,O,주의,O,매우높음
8/21/2023,장성(730),O,33.6,33.6,28,23.2,77,O,주의,O,높음
8/21/2023,영암(731),O,34.4,33.6,28.5,23.6,83,O,주의,O,높음
8/21/2023,보성(732),X,32,31,26.7,23.1,85,O,주의,O,높음
8/21/2023,완주(734),O,34.4,34.1,28,23.3,78,O,주의,X,높음
8/21/2023,김제(737),O,34.7,34.8,29.3,24.9,73,O,주의,O,높음
8/21/2023,화순(741),O,34,34,28.1,23.9,77,O,경고,O,높음
8/21/2023,함평(754),O,34.6,34.4,28.4,23.9,78,O,주의,O,높음
8/21/2023,곡성(768),O,34,33,27.6,23.6,83,O,경고,X,높음
8/21/2023,압해도(789),O,34,33.1,28.2,24.5,83,O,주의,O,매우높음
8/21/2023,영양(801),O,33.8,33.3,26.7,22.5,87,O,주의,X,매우높음
8/21/2023,성주(810),O,34.4,35,29.2,24.8,71,O,주의,O,높음
8/21/2023,고령(812),O,33.6,33.3,27.6,23.5,85,O,주의,X,높음
8/21/2023,청도(813),O,33.8,33.4,27.7,23.6,80,O,주의,X,높음
8/21/2023,예천(815),O,33.8,33.4,27.2,23.8,84,O,주의,X,높음
8/21/2023,김천(822),O,35.1,34.7,27.3,23.1,86,O,주의,X,높음
8/21/2023,군위(823),O,34.4,34.2,28.4,24.5,79,O,주의,X,높음
8/21/2023,칠곡(825),O,34.7,33.8,28.8,24.9,84,O,주의,X,높음
8/21/2023,경산(827),O,34.5,34.7,29.6,25.2,73,O,경고,X,높음
8/21/2023,삼척(876),O,34,32.4,27,22.9,82,O,주의,X,낮음
8/21/2023,속초(90),X,30.9,28.7,25.6,22.9,91,X, ,X,낮음
8/21/2023,삼천포(907),O,33.8,31.6,27.9,24.5,88,O,주의,O,매우높음
8/21/2023,고성(918),O,33.3,31.7,27.6,24.1,88,O,주의,X,매우높음
8/21/2023,창녕(919),O,34.7,34.6,29,25.1,80,O,주의,X,높음
8/21/2023,함안(920),O,34,32.9,27.5,23.2,82,O,주의,X,높음
8/21/2023,북춘천(93),O,34.6,34.3,28.4,23.9,80.8,O,경고,O,낮음
8/21/2023,하동(932),O,33.8,33.2,28.4,25.3,81,O,주의,O,매우높음
8/21/2023,철원(95),X,32.8,32.3,26.6,22.9,86.6,O,주의,X,낮음
8/21/2023,동두천(98),O,33.1,32,27.4,23.2,84.6,O,주의,O,높음
8/21/2023,파주(99),O,33.1,31.7,27.2,23.1,85.9,O,주의,X,보통
8/22/2023,북강릉(104),O,33.9,34.3,28.8,24.3,71.4,O,관심,X,낮음
8/22/2023,동해(106),O,34,35,28,23.1,77.5,X,관심,X,낮음
8/22/2023,서울(108),X,32.8,32.2,27.6,25.8,80.3,O,주의,O,보통
8/22/2023,인천(112),X,31.8,30,26.6,25.1,86.3,X,주의,X,보통
8/22/2023,원주(114),X,32.2,32.1,28,24.8,75.9,O,주의,O,낮음
8/22/2023,울릉도(115),O,33.1,30.7,27.9,25.8,91,X,관심,O,매우높음
8/22/2023,수원(119),X,32.7,32.2,28,25.5,76.3,O,주의,O,보통
8/22/2023,영월(121),O,33,33.5,26.7,22.7,80.1,O,주의,X,낮음
8/22/2023,충주(127),O,33.4,32.9,27.8,23.2,77.5,O,주의,X,매우높음
8/22/2023,서산(129),X,32.7,31.6,28.1,26.2,78,X,관심,X,보통
8/22/2023,울진(130),X,31.5,29.6,27.2,25.3,83.6,O,주의,X,매우높음
8/22/2023,청주(131),O,33.7,34,29,26.1,69.9,O,경고,O,높음
8/22/2023,대전(133),O,33.2,33.7,27.6,23.9,73.3,O,주의,X,높음
8/22/2023,추풍령(135),X,32.4,31.7,26.4,21.7,79.5,O,주의,X,매우높음
8/22/2023,안동(136),O,34.2,34.3,28.6,23.6,76.1,O,경고,X,높음
8/22/2023,상주(137),O,34.2,33.8,28.2,23.7,79.3,O,경고,X,매우높음
8/22/2023,포항(138),O,34.1,34.5,29.9,25.9,64.9,O,주의,O,매우높음
8/22/2023,군산(140),O,33.3,32.5,26.9,25.2,85.6,O,주의,X,보통
8/22/2023,대구(143),O,33.7,34,28.8,24.5,72.3,O,경고,X,매우높음
8/22/2023,전주(146),O,34,34,29.2,26,69.6,O,경고,O,높음
8/22/2023,울산(152),O,33.1,32.4,28.1,24.2,75,O,주의,X,매우높음
8/22/2023,창원(155),O,33.3,33,28.5,25.5,76.9,O,경고,O,매우높음
8/22/2023,광주(156),O,34.3,32.5,28.4,26.2,90,O,경고,X,높음
8/22/2023,부산(159),X,32.8,31.8,28.9,26.9,74,O,경고,O,매우높음
8/22/2023,통영(162),X,32.7,30.9,27.6,25.2,85.4,O,주의,O,매우높음
8/22/2023,목포(165),O,33.1,32.4,28,24.9,82.5,O,주의,X,높음
8/22/2023,여수(168),X,31.9,30.4,28.1,26.7,80.6,O,주의,O,높음
8/22/2023,흑산도(169),X,31.5,29.3,25.2,22.8,96.4,X,관심,X,높음
8/22/2023,완도(170),O,33.2,31.9,28.7,27,80.9,O,주의,O,높음
8/22/2023,고창(172),O,33.7,33.6,27.6,24.5,80.8,O,주의,X,보통
8/22/2023,제주(184),O,33.7,33.2,29.5,26.5,71.4,O,경고,O,높음
8/22/2023,진주(192),O,33.3,32,28.1,24.6,83.3,O,경고,X,높음
8/22/2023,양평(202),X,31.9,31.1,27.7,25.1,79.5,O,주의,O,높음
8/22/2023,이천(203),X,32.9,31.4,27.3,24.8,87,O,주의,X,높음
8/22/2023,인제(211),X,31.9,31.4,27.1,24.6,81,O,주의,X,낮음
8/22/2023,홍천(212),X,31.9,31.6,27.2,23.3,80.9,O,경고,X,낮음
8/22/2023,태백(216),X,30.3,30.1,25.2,20.5,73.9,X, ,X,낮음
8/22/2023,정선군(217),O,33.7,33.9,27.2,21.5,76.4,O,주의,X,낮음
8/22/2023,제천(221),X,32,31.6,26.4,21.5,82.9,O,주의,X,매우높음
8/22/2023,보은(226),X,32.2,31.4,26.6,22.8,83.4,O,주의,X,매우높음
8/22/2023,천안(232),X,31.9,31.1,26.4,23.2,84,O,주의,X,보통
8/22/2023,보령(235),O,33,32.4,28.2,26.1,74.9,O,주의,X,보통
8/22/2023,부여(236),O,33.2,32.1,26.1,23.8,89.6,O,경고,X,보통
8/22/2023,금산(238),X,32.9,33.4,27.3,22.6,75.1,O,주의,X,매우높음
8/22/2023,세종(239),X,32.7,32.1,26.9,23.8,81.4,O,경고,X,높음
8/22/2023,부안(243),O,33.5,33.1,27.7,24.7,80.9,O,주의,X,보통
8/22/2023,임실(244),X,32.1,31.3,26.6,23.8,81.1,O,주의,X,높음
8/22/2023,정읍(245),O,33.5,33.5,28.5,25.4,72.6,O,주의,X,보통
8/22/2023,남원(247),X,32.9,33,27.2,23.7,79.1,O,주의,X,높음
8/22/2023,장수(248),X,31.5,31.7,24.9,20.5,84.6,O,주의,X,높음
8/22/2023,영광군(252),O,33.7,33.6,28,24.5,80.4,O,주의,X,보통
8/22/2023,김해시(253),O,34.6,33.2,28.1,24.8,85.4,O,경고,O,매우높음
8/22/2023,순창군(254),O,33,32.2,27.7,23.5,78.9,O,주의,X,높음
8/22/2023,양산시(257),O,34.1,33.7,29,24.9,78,O,경고,O,매우높음
8/22/2023,강진군(259),O,33.2,32.3,29.1,26.2,78.6,O,주의,O,보통
8/22/2023,장흥(260),X,32.4,31.1,28.2,26.8,83.4,O,주의,X,보통
8/22/2023,해남(261),O,33.9,33,28.5,25.9,81.8,O,주의,X,높음
8/22/2023,고흥(262),X,31,30,27.6,24.2,77.4,O,주의,O,매우높음
8/22/2023,의령군(263),O,33.7,33.7,28.1,23.9,76.5,O,경고,X,높음
8/22/2023,함양군(264),O,33.2,32.2,26.7,22.6,86.3,O,경고,X,높음
8/22/2023,진도군ASOS(268),X,32.7,31.5,28,,84.5,O,주의,X,높음
8/22/2023,봉화(271),X,30.7,29.9,25.3,21.5,86.1,O,경고,X,높음
8/22/2023,영주(272),X,32.1,31.5,26.2,22.2,85.9,O,주의,X,높음
8/22/2023,문경(273),O,33.2,31.7,26.3,23,89.4,O,주의,X,높음
8/22/2023,청송군(276),O,34.1,33.6,27,22.1,83.9,O,주의,X,매우높음
8/22/2023,영덕(277),O,33.1,31.9,27,22.9,83,O,주의,X,매우높음
8/22/2023,의성(278),O,34.4,34.6,27.6,22.7,82.3,O,경고,X,매우높음
8/22/2023,구미(279),O,33.3,33.3,28.6,24.3,71.4,O,주의,O,매우높음
8/22/2023,영천(281),O,33.2,33.4,27.7,22.8,76.6,O,경고,X,매우높음
8/22/2023,경주시(283),O,34.8,34.5,28.6,23.4,76.1,O,주의,X,매우높음
8/22/2023,거창(284),X,32.1,32.1,26.5,22.2,81.8,O,주의,X,높음
8/22/2023,합천(285),O,33.1,32.7,27.6,24.3,78.6,O,경고,X,높음
8/22/2023,밀양(288),O,33.3,34.1,28.7,24.5,70,O,주의,X,매우높음
8/22/2023,산청(289),X,32.7,32.3,27.7,25.2,81.8,O,주의,X,높음
8/22/2023,거제(294),X,32.2,30.9,27.8,24.5,80.4,O,경고,X,매우높음
8/22/2023,남해(295),X,32.2,30.7,28.2,25.6,81.6,O,주의,O,높음
8/22/2023,부천(433),X,31.1,30.2,26.1,23.8,79,O,주의,X,보통
8/22/2023,안양(434),X,29.2,30.9,27.3,24.6,,O,주의,O,보통
8/22/2023,광명(437),X,32.7,32.1,28,25.7,78,O,주의,O,보통
8/22/2023,군포(438),X,32.3,31.7,27,24.6,81,O,주의,X,보통
8/22/2023,김포(441),X,,31.7,27.2,24.6,,X,주의,X,보통
8/22/2023,하남(444),X,32.7,32.2,26.5,24.4,79,O,주의,X,높음
8/22/2023,의왕(445),X,,,,,84,O,주의,X,보통
8/22/2023,포천(504),X,32.1,30.7,26.3,24.6,88,X,주의,X,보통
8/22/2023,가평조종(505),X,32.9,31.6,25.8,23.9,93,O,주의,X,높음
8/22/2023,안성(516),X,32.1,31.6,27.2,23.8,82,O,주의,X,높음
8/22/2023,간성(517),O,33.5,34,28.5,23.6,71,X, ,X,낮음
8/22/2023,평창(526),X,31.4,31.4,26.6,22.4,75,O,주의,X,낮음
8/22/2023,의정부(532),O,33.4,31.1,26.6,24.7,94,X,주의,X,보통
8/22/2023,횡성(536),X,32.1,31.3,27,23.3,83,O,주의,X,낮음
8/22/2023,고양(540),X,,,,,,X,주의,X,보통
8/22/2023,남양주(541),O,33.3,33.1,27.3,24.5,82,O,주의,X,높음
8/22/2023,안산(545),X,32.8,31.6,26.1,24.1,90,X,주의,X,보통
8/22/2023,경기광주(546),X,31.9,32,26.9,24.8,78,O,주의,X,높음
8/22/2023,여주(548),X,32.2,31.2,26.8,23.5,87,O,경고,X,높음
8/22/2023,용인(549),X,32,31.5,26.7,24.2,77,O,주의,X,높음
8/22/2023,오산(550),O,33.8,32.9,27.8,24.6,80,O,주의,X,보통
8/22/2023,평택(551),O,33.6,32.9,27.6,25,85,O,주의,X,보통
8/22/2023,화천(555),X,32.4,29.9,25.7,23.9,96,O,주의,X,낮음
8/22/2023,양구(556),X,32.6,32.4,27.6,24.2,74,O,주의,X,낮음
8/22/2023,시흥(565),O,33.3,32.1,27.4,25.4,86,X,주의,O,보통
8/22/2023,구리(569),O,33,32.7,27.2,25,79,O,주의,X,높음
8/22/2023,화성(571),X,32.5,31.4,27.2,24.9,85,O,주의,X,보통
8/22/2023,성남(572),X,32.2,31.9,28.3,26.9,71,O,주의,X,보통
8/22/2023,과천(590),O,33.2,32.1,26.7,24.6,89,O,주의,X,보통
8/22/2023,양주(598),O,33.6,32.1,26.5,24.2,90,X,주의,X,보통
8/22/2023,단양(601),O,33.6,33.7,27.3,22.3,80,O,주의,X,매우높음
8/22/2023,진천(602),X,32.3,32.2,26.9,23.6,82,O,주의,X,높음
8/22/2023,괴산(603),O,34,34,26.8,22.4,84,O,주의,X,매우높음
8/22/2023,옥천(604),O,34.8,35.1,28.7,24,77,O,경고,O,매우높음
8/22/2023,홍북(608),O,33.2,32.9,27.3,23.9,78,O,주의,X,보통
8/22/2023,공주(612),O,33.1,32.2,26.3,22.9,86,O,주의,X,보통
8/22/2023,서천(614),X,32.5,30.8,26.5,24.3,89,O,주의,X,보통
8/22/2023,논산(615),O,34.2,34.3,26.9,23.6,84,O,주의,X,높음
8/22/2023,당진(616),O,34,33.1,28.1,25.4,83,O,주의,X,보통
8/22/2023,청양(618),X,32.4,30.7,26.2,23.5,89,O,경고,X,보통
8/22/2023,음성(619),X,32.7,31.9,25.8,21.6,84,O,주의,X,매우높음
8/22/2023,증평(623),O,33.6,33,27.1,23.4,86,O,주의,X,높음
8/22/2023,태안(627),O,33.4,31.8,27.2,24.8,85,O,주의,X,낮음
8/22/2023,예산(628),O,33.9,32.7,27.6,25.1,84,O,주의,X,보통
8/22/2023,아산(634),O,34.5,33.2,27.6,24.9,82,O,주의,X,보통
8/22/2023,계룡(636),O,33.4,33.3,26.2,21,85,O,주의,X,높음
8/22/2023,연천청산(652),X,31.5,30.4,26,24.1,89,X,주의,X,낮음
8/22/2023,양양(670),O,33.8,34,27.8,23.1,75,X, ,X,낮음
8/22/2023,무안(699),O,33.3,33,28.3,25.5,80,O,주의,X,보통
8/22/2023,무주(701),O,33.2,33.5,25.7,21.2,84,O,주의,X,매우높음
8/22/2023,익산(702),X,32.9,32.7,26.9,24.1,85,O,주의,X,보통
8/22/2023,진안(703),X,31.5,30.8,25.6,21.4,82,O,주의,X,매우높음
8/22/2023,담양(706),O,35.3,33.6,28.3,24.2,87,O,경고,O,높음
8/22/2023,구례(709),O,33,32.1,27.3,25,88,O,경고,X,높음
8/22/2023,나주(710),O,34.3,33.2,28,24.2,84,O,경고,X,높음
8/22/2023,순천시(712),O,33.6,32.2,28.5,26,87,O,주의,O,높음
8/22/2023,광양읍(713),O,33.8,33,28.4,25.3,83,O,주의,O,높음
8/22/2023,장성(730),O,33.3,32.9,27.4,25.2,82,O,주의,X,높음
8/22/2023,영암(731),O,33.5,32.5,28.5,25.8,83,O,주의,O,보통
8/22/2023,보성(732),X,31,29.7,27.2,26,82,O,주의,O,높음
8/22/2023,완주(734),O,33.8,33.7,27.9,22.7,77,O,주의,X,높음
8/22/2023,김제(737),O,33.5,32.9,27.9,25.1,84,O,주의,X,보통
8/22/2023,화순(741),O,34.1,33.6,28.6,25.3,74,O,경고,X,높음
8/22/2023,함평(754),O,34.2,33.6,27.7,25.5,85,O,주의,X,보통
8/22/2023,곡성(768),X,32.9,31.7,27.6,25,83,O,경고,X,높음
8/22/2023,압해도(789),O,33,31.5,27.2,25,89,O,주의,X,높음
8/22/2023,영양(801),O,33.7,33.1,26.7,22.8,86,O,주의,X,높음
8/22/2023,성주(810),O,34,34.4,29.1,25.2,69,O,경고,X,매우높음
8/22/2023,고령(812),O,33.2,32.8,27.6,23.6,85,O,주의,X,높음
8/22/2023,청도(813),O,33.3,33.1,27.3,22.8,79,O,주의,X,매우높음
8/22/2023,예천(815),O,33.7,33.7,27.8,22.9,77,O,경고,X,높음
8/22/2023,김천(822),O,34.6,34.2,27.2,22,84,O,경고,X,매우높음
8/22/2023,군위(823),O,34.3,34.3,28.3,23.6,76,O,경고,X,매우높음
8/22/2023,칠곡(825),O,34.5,33.5,28.6,24.9,82,O,경고,X,매우높음
8/22/2023,경산(827),O,34.1,34.5,28.9,24.6,72,O,경고,X,매우높음
8/22/2023,삼척(876),O,34.8,35.4,28.8,23.1,72,O,주의,X,낮음
8/22/2023,속초(90),O,33.9,34.1,26.7,23.1,82.3,X, ,X,낮음
8/22/2023,삼천포(907),O,34,31.9,28.1,25.9,86,O,주의,O,높음
8/22/2023,고성(918),O,33.1,31.2,27.6,24.1,88,O,주의,X,매우높음
8/22/2023,창녕(919),O,34.5,34.6,28.7,23.8,78,O,경고,X,높음
8/22/2023,함안(920),O,33.3,32.6,27.3,23.3,83,O,주의,X,매우높음
8/22/2023,북춘천(93),X,32.5,31.5,27.8,25.1,81.6,O,경고,O,낮음
8/22/2023,하동(932),O,33.4,32.9,27.6,25.6,87,O,경고,O,높음
8/22/2023,철원(95),X,31.7,30.1,26.2,24.2,89.1,O,주의,X,낮음
8/22/2023,동두천(98),O,33,31.1,25.9,24.1,93.9,X,주의,X,낮음
8/22/2023,파주(99),X,31.9,29.4,26.2,24.2,91.9,X,주의,X,보통
8/23/2023,북강릉(104),X,32.2,31.6,25.1,20.6,83.1,O,주의,X,낮음
8/23/2023,동해(106),X,32,31.1,25.1,21.4,86.9,X,관심,X,낮음
8/23/2023,서울(108),X,29.5,27.2,24.8,23.2,91.3,X,관심,X,낮음
8/23/2023,인천(112),X,28.7,25.7,24.2,23.1,94,X,관심,X,낮음
8/23/2023,원주(114),X,32,31.7,26.6,23,80.1,X,주의,X,낮음
8/23/2023,울릉도(115),O,33.4,31.2,28.1,25.5,87.1,X,관심,X,매우높음
8/23/2023,수원(119),X,29.9,27.7,24.7,22.6,91.5,X,관심,X,보통
8/23/2023,영월(121),O,33.2,33.2,25.2,20.4,83.5,O,주의,X,낮음
8/23/2023,충주(127),O,33.2,32.8,26.6,24,81.3,X,주의,X,보통
8/23/2023,서산(129),X,29.1,26.6,24.1,22.5,93.9,X, ,X,낮음
8/23/2023,울진(130),X,30.8,28.8,26,23.5,79.1,O,주의,X,매우높음
8/23/2023,청주(131),X,32.5,31.5,27.5,25.1,78.6,X,경고,X,낮음
8/23/2023,대전(133),O,33.2,32.6,26.7,23.9,83,X,주의,X,보통
8/23/2023,추풍령(135),X,32.6,31.8,26.8,22.8,79.6,X,주의,X,보통
8/23/2023,안동(136),O,34.2,34.1,28.2,23.7,74.6,O,경고,X,높음
8/23/2023,상주(137),O,34.1,33.4,28,24.3,80.6,O,경고,X,보통
8/23/2023,포항(138),O,34.1,34,28.8,24.5,72.1,O,주의,X,높음
8/23/2023,군산(140),X,31.7,29.6,25.1,23.9,93.4,X,주의,X,보통
8/23/2023,대구(143),O,33.5,34,28.6,24.3,72.3,O,경고,X,높음
8/23/2023,전주(146),X,32.9,32.3,27.2,24.6,81.9,X,경고,X,보통
8/23/2023,울산(152),O,33.6,32.3,27.8,23.8,78.1,O,주의,X,높음
8/23/2023,창원(155),O,33.5,32.9,28.7,25.1,77.4,O,경고,X,높음
8/23/2023,광주(156),O,33,29.9,25.4,23.2,99,X,경고,X,낮음
8/23/2023,부산(159),X,32.5,31.3,28.7,26.4,76.8,O,경고,X,높음
8/23/2023,통영(162),O,33,31.4,27.7,25.5,86,O,주의,X,높음
8/23/2023,목포(165),X,30.7,28.3,24.6,23.1,95,X,주의,X,보통
8/23/2023,여수(168),X,31.7,30.1,28.1,26.5,82.4,X,주의,O,높음
8/23/2023,흑산도(169),X,28.7,25.4,23.3,22.2,99,X,관심,X,낮음
8/23/2023,완도(170),X,30.6,28.1,26,24,96.3,X,주의,X,보통
8/23/2023,고창(172),X,31,28.7,24.9,22.9,93.6,X,주의,X,낮음
8/23/2023,제주(184),X,30.5,28.8,26.8,25.2,85.5,X,경고,O,낮음
8/23/2023,진주(192),O,33.4,32.1,27.6,24.2,83.8,O,경고,X,높음
8/23/2023,양평(202),X,30.8,29,24.7,22.8,92.3,X,주의,X,낮음
8/23/2023,이천(203),X,32.3,30.6,25.5,22.9,94.8,X,주의,X,낮음
8/23/2023,인제(211),X,32.4,31.1,24.2,20.8,92.3,X,주의,X,낮음
8/23/2023,홍천(212),X,31.2,30.1,24.6,21.6,89.6,X,경고,X,낮음
8/23/2023,태백(216),X,30.9,30.5,23.7,18.3,79.6,X,관심,X,낮음
8/23/2023,정선군(217),O,33.2,33.1,26,20.1,76.9,O,주의,X,낮음
8/23/2023,제천(221),X,32.2,31.7,25.5,21.1,87,O,주의,X,보통
8/23/2023,보은(226),X,32.4,31.3,25.7,23,90.8,X,주의,X,낮음
8/23/2023,천안(232),X,32,30.8,25.9,23.9,88.9,X,주의,X,보통
8/23/2023,보령(235),X,30.8,28.8,24.9,22.9,93.1,X,주의,X,낮음
8/23/2023,부여(236),X,32.1,30.4,25.8,23.9,93,X,경고,X,보통
8/23/2023,금산(238),O,33.2,33.4,27.4,24,80.3,X,주의,X,보통
8/23/2023,세종(239),X,32.4,31,26.2,23.9,88.8,X,경고,X,보통
8/23/2023,부안(243),X,31.3,29.3,25.1,23.8,95,X,주의,X,보통
8/23/2023,임실(244),X,31.8,30.6,25.7,24,89.4,X,주의,X,보통
8/23/2023,정읍(245),X,30.8,29.2,25.6,23.7,88.5,X,주의,X,보통
8/23/2023,남원(247),X,32.7,32,27,24,83.6,X,주의,X,낮음
8/23/2023,장수(248),X,30.9,30,25.7,22.7,85.3,X,주의,X,낮음
8/23/2023,영광군(252),X,31.1,29,24.9,23.2,93.1,X,주의,X,보통
8/23/2023,김해시(253),O,34,32.9,28.5,25.4,85.3,O,경고,X,높음
8/23/2023,순창군(254),X,32,30.3,25.4,23.7,93,X,주의,X,보통
8/23/2023,양산시(257),O,34.4,33.8,29.3,25.5,78.9,O,경고,O,높음
8/23/2023,강진군(259),X,31.9,29.8,25.9,24.1,95.9,X,주의,X,보통
8/23/2023,장흥(260),X,31.8,29.5,25.7,23.9,97,X,주의,X,보통
8/23/2023,해남(261),X,31.6,29.1,25.3,22.4,95.6,X,주의,X,보통
8/23/2023,고흥(262),X,31.4,29.9,26.9,24.7,84.3,X,주의,X,보통
8/23/2023,의령군(263),O,33.8,34.5,28.5,23.8,75.4,O,경고,O,높음
8/23/2023,함양군(264),O,33.1,31.4,,24.1,,O,경고,X,보통
8/23/2023,진도군ASOS(268),X,30.4,28.2,24.6,22.9,95.3,X,주의,X,보통
8/23/2023,봉화(271),X,31.1,30.1,25.1,21,82.6,O,경고,X,높음
8/23/2023,영주(272),X,32,31,26,23,90.3,O,주의,X,높음
8/23/2023,문경(273),O,33.1,31.8,26.5,24,88,O,주의,X,보통
8/23/2023,청송군(276),O,34,33.5,26.7,21,84.6,O,주의,X,높음
8/23/2023,영덕(277),X,32.1,30.3,25.8,21.9,83.4,O,주의,X,매우높음
8/23/2023,의성(278),O,34.4,34.3,28.1,22.3,78.1,O,경고,X,높음
8/23/2023,구미(279),O,33.4,33.2,28.6,25.1,70.8,O,주의,X,높음
8/23/2023,영천(281),O,33.2,33.7,27.4,22,75.6,O,경고,X,높음
8/23/2023,경주시(283),O,35,35.2,28.5,22.8,74.8,O,경고,X,높음
8/23/2023,거창(284),X,31.3,29.9,25.9,23.3,86.1,O,주의,X,보통
8/23/2023,합천(285),O,33.2,32.9,27.1,23.3,82.3,O,경고,X,높음
8/23/2023,밀양(288),O,33.8,34.5,28.2,24.1,75.3,O,주의,X,높음
8/23/2023,산청(289),X,32.5,30.1,26.6,24.3,89.5,O,주의,X,보통
8/23/2023,거제(294),X,32.4,31.2,27.9,24.8,79.9,O,경고,X,높음
8/23/2023,남해(295),X,32.3,31,28.2,26.3,81.3,O,주의,O,높음
8/23/2023,부천(433),X,27.4,24.8,23.1,21.4,91,X,관심,X,낮음
8/23/2023,안양(434),X,26.5,27.7,24.8,22.7,,X,관심,X,낮음
8/23/2023,광명(437),X,29.6,27.1,25.4,23.4,87,X,관심,X,낮음
8/23/2023,군포(438),X,29.2,27.2,24.6,22.5,88,X,관심,X,낮음
8/23/2023,김포(441),X,,25.5,24.2,23.1,,X,관심,X,낮음
8/23/2023,하남(444),X,29.7,28,24.1,21.7,88,X,관심,X,보통
8/23/2023,의왕(445),X,,,,,94,X,관심,X,낮음
8/23/2023,포천(504),X,29.5,26.7,23.8,21.2,96,X,관심,X,낮음
8/23/2023,가평조종(505),X,30.5,27.8,23.9,21.4,99,X,관심,X,낮음
8/23/2023,안성(516),X,32.1,30.4,25.4,23.1,96,X,주의,X,보통
8/23/2023,간성(517),X,31.4,29.2,23,20.3,92,X,관심,X,낮음
8/23/2023,평창(526),X,31.7,31.7,25,20.8,80,X,주의,X,낮음
8/23/2023,의정부(532),X,30.7,27.4,24.1,22.1,98,X,관심,X,낮음
8/23/2023,횡성(536),X,32.4,31.8,25.7,22.3,86,X,주의,X,낮음
8/23/2023,고양(540),X,,,,,,X,관심,X,낮음
8/23/2023,남양주(541),X,30.3,27.5,24.7,22.3,92,X,관심,X,보통
8/23/2023,안산(545),X,29.6,27,23.9,22.3,97,X,관심,X,낮음
8/23/2023,경기광주(546),X,30.7,28.8,24.4,21.9,90,X,주의,X,보통
8/23/2023,여주(548),X,32.7,31.2,24.8,22.1,97,X,주의,X,낮음
8/23/2023,용인(549),X,29.5,27.6,24.1,22.3,94,X,주의,X,보통
8/23/2023,오산(550),X,30.7,28.3,25,23.2,93,X,관심,X,보통
8/23/2023,평택(551),X,31.6,28.7,25.2,23.1,100,X,관심,X,낮음
8/23/2023,화천(555),X,31.5,28.2,23.4,20.2,97,X,관심,X,낮음
8/23/2023,양구(556),X,31.5,30.3,24,20.5,89,X,주의,X,낮음
8/23/2023,시흥(565),X,28.9,26.1,24.5,23.1,95,X,관심,X,낮음
8/23/2023,구리(569),X,30.5,28.5,24.7,21.9,89,X,관심,X,낮음
8/23/2023,화성(571),X,30.3,27.8,24.6,22.6,95,X,관심,X,낮음
8/23/2023,성남(572),X,30.1,28.4,24.8,22.9,87,X,관심,X,보통
8/23/2023,과천(590),X,30.6,28.2,24.4,22.5,98,X,관심,X,낮음
8/23/2023,양주(598),X,28.6,25.5,24,22.1,96,X,관심,X,낮음
8/23/2023,단양(601),O,33.6,33.6,27,22.6,81,O,주의,X,보통
8/23/2023,진천(602),X,32.4,31.8,26.6,24.3,86,X,주의,X,낮음
8/23/2023,괴산(603),O,33,32.3,26.4,23.4,87,X,주의,X,낮음
8/23/2023,옥천(604),O,34.1,33.7,28,25.3,84,X,경고,X,낮음
8/23/2023,홍북(608),X,29,26.3,23.5,22.1,98,X,주의,X,보통
8/23/2023,공주(612),X,32.9,31.2,25.3,23.4,94,X,주의,X,보통
8/23/2023,서천(614),X,31.2,28.9,24.8,23.7,95,X,주의,X,낮음
8/23/2023,논산(615),O,33.8,33.1,26.9,24.4,86,X,주의,X,보통
8/23/2023,당진(616),X,30.1,27.3,24.2,22.3,98,X,관심,X,보통
8/23/2023,청양(618),X,31.5,29.6,24.5,23.2,95,X,경고,X,보통
8/23/2023,음성(619),X,31.4,30.3,25.2,22.8,87,X,주의,X,낮음
8/23/2023,증평(623),X,32.3,30.9,26.3,24.2,91,X,주의,X,낮음
8/23/2023,태안(627),X,28.9,26.1,24,22.2,93,X, ,X,낮음
8/23/2023,예산(628),X,30.7,27.8,24.7,22.4,96,X,주의,X,보통
8/23/2023,아산(634),X,30.5,28,24.8,22.5,95,X,주의,X,보통
8/23/2023,계룡(636),X,32.8,31.8,25.8,23.2,89,X,주의,X,보통
8/23/2023,연천청산(652),X,27.8,25,23.3,21,96,X,관심,X,낮음
8/23/2023,양양(670),X,31.5,30.2,24.4,21,89,X,관심,X,낮음
8/23/2023,무안(699),X,31,28.8,24.9,23.2,93,X,주의,X,보통
8/23/2023,무주(701),O,33.3,32.9,26.6,22.8,84,X,주의,X,보통
8/23/2023,익산(702),X,31.9,30.2,26.1,24.4,89,X,주의,X,보통
8/23/2023,진안(703),X,31.6,30.5,25.7,23,86,X,주의,X,보통
8/23/2023,담양(706),O,33.1,30.7,26.3,24.4,94,X,경고,X,보통
8/23/2023,구례(709),O,33.2,31.3,27,24.7,91,X,경고,X,보통
8/23/2023,나주(710),X,32.6,30.3,25.3,22.8,97,X,경고,X,낮음
8/23/2023,순천시(712),O,33.8,32,28.3,26.2,89,X,주의,O,보통
8/23/2023,광양읍(713),O,33.3,32.2,27.8,25.4,90,X,주의,O,높음
8/23/2023,장성(730),X,31.2,29.3,24.9,22.8,95,X,주의,X,낮음
8/23/2023,영암(731),X,32.1,29.4,25.9,23.4,97,X,주의,X,보통
8/23/2023,보성(732),X,30.8,29,25.6,23,92,X,주의,X,보통
8/23/2023,완주(734),X,32.8,31.9,26.7,23.8,86,X,주의,X,보통
8/23/2023,김제(737),X,31.9,29.7,25.5,23.8,95,X,주의,X,보통
8/23/2023,화순(741),X,32.2,30.2,25.7,22.7,89,X,경고,X,보통
8/23/2023,함평(754),X,31.4,28.8,25.1,23.2,97,X,주의,X,보통
8/23/2023,곡성(768),X,32.8,31.2,26.2,23.8,93,X,경고,X,보통
8/23/2023,압해도(789),X,30.8,28.3,24.6,23.3,97,X,주의,X,보통
8/23/2023,영양(801),O,34.1,33.6,26.7,22,84,O,주의,X,높음
8/23/2023,성주(810),O,33.8,33.8,28.2,24.9,75,O,경고,X,높음
8/23/2023,고령(812),O,33,32.6,27.3,23,86,O,주의,X,높음
8/23/2023,청도(813),O,33.7,33.6,26.9,22.3,81,O,주의,X,높음
8/23/2023,예천(815),O,34,33.8,27.8,23.9,80,O,경고,X,높음
8/23/2023,김천(822),O,34.5,33.4,27.8,23.2,84,O,경고,X,보통
8/23/2023,군위(823),O,34.1,33.9,28.5,23.5,75,O,경고,X,보통
8/23/2023,칠곡(825),O,34.2,33,28.3,24.7,83,O,경고,X,높음
8/23/2023,경산(827),O,34.2,35.1,28.6,24,75,O,경고,X,높음
8/23/2023,삼척(876),O,34.3,33.3,26.2,22.1,78,O,주의,X,낮음
8/23/2023,속초(90),X,31.4,29.2,23.4,20.5,91.4,X,관심,X,낮음
8/23/2023,삼천포(907),O,34.1,32,27.6,24.9,87,O,주의,X,높음
8/23/2023,고성(918),O,33.1,31.3,27.8,24.6,88,O,주의,X,높음
8/23/2023,창녕(919),O,34.5,34.5,28.8,23.6,78,O,경고,O,높음
8/23/2023,함안(920),O,33.7,33.2,27.4,22.8,84,O,주의,X,높음
8/23/2023,북춘천(93),X,32,30.2,24.6,21.6,92.6,X,주의,X,낮음
8/23/2023,하동(932),O,33.1,31.7,27.3,25.3,89,O,경고,O,높음
8/23/2023,철원(95),X,28.5,25.7,23,20.3,95.6,X,관심,X,낮음
8/23/2023,동두천(98),X,28.5,25.5,23.4,21.1,97.8,X,관심,X,낮음
8/23/2023,파주(99),X,28.5,25.1,23.4,20.6,99.5,X,관심,X,보통
8/24/2023,북강릉(104),X,26.8,24,22,20.7,96.8,X,주의,X,낮음
8/24/2023,동해(106),X,26.6,23.4,22.2,21.1,99,X, ,X,낮음
8/24/2023,서울(108),X,29.6,27.8,25.1,22.3,84.8,X, ,X,보통
8/24/2023,인천(112),X,29.5,27,24.5,22.4,92.5,X, ,X,보통
8/24/2023,원주(114),X,29.7,28.4,24.8,22.1,86.3,X, ,X,낮음
8/24/2023,울릉도(115),X,30.6,27.7,26.3,24.3,96.5,X,관심,X,보통
8/24/2023,수원(119),X,30.7,29,25.8,22.7,84.6,X, ,X,보통
8/24/2023,영월(121),X,29.4,27.6,22.5,20.2,95.5,X,주의,X,낮음
8/24/2023,충주(127),X,30.6,29,25.1,22,86.4,X,관심,X,낮음
8/24/2023,서산(129),X,31.8,30.6,25.8,23.4,87,X, ,X,높음
8/24/2023,울진(130),X,27.1,24.6,23.1,21.6,92.9,X,주의,X,보통
8/24/2023,청주(131),X,31.6,29.9,26.2,24,86.3,X,관심,X,보통
8/24/2023,대전(133),X,31.8,30.3,25.5,23.1,89.1,O, ,X,보통
8/24/2023,추풍령(135),X,29,26.5,24.4,23.2,91.5,X,관심,X,보통
8/24/2023,안동(136),X,31.3,29.6,24.8,22.8,90.9,X,경고,X,보통
8/24/2023,상주(137),X,28.9,25.6,24.6,24,97.9,X,경고,X,보통
8/24/2023,포항(138),X,28.1,25.5,24.5,23.2,88.5,X,주의,X,보통
8/24/2023,군산(140),X,31.1,29.5,25.7,23.7,90,X,관심,X,보통
8/24/2023,대구(143),X,31.3,29.4,25,22.9,91.5,X,경고,X,보통
8/24/2023,전주(146),X,30.8,29.1,25.8,24.4,89.1,X,관심,X,보통
8/24/2023,울산(152),X,30.1,27.9,25,23.2,91.1,X,주의,X,낮음
8/24/2023,창원(155),X,31,29.2,25.9,24.3,88.4,X,경고,X,낮음
8/24/2023,광주(156),X,32.4,28.9,25.2,23.7,99,O, ,X,높음
8/24/2023,부산(159),X,30.5,28.6,26,24.9,84.5,X,경고,X,낮음
8/24/2023,통영(162),X,30.8,28.3,26,24.2,91.4,X,주의,X,낮음
8/24/2023,목포(165),X,29.9,27.6,25.6,23.7,89.5,X, ,X,높음
8/24/2023,여수(168),X,31.1,28.8,26.4,25,90.1,X, ,X,보통
8/24/2023,흑산도(169),X,30.3,28.2,25.2,22.3,88.4,X, ,X,높음
8/24/2023,완도(170),X,30.9,28.3,26.2,24.9,88.4,O,관심,X,높음
8/24/2023,고창(172),X,30.7,28.6,25.4,23.3,89.9,X, ,X,보통
8/24/2023,제주(184),X,31,29.9,27,25.5,81.4,X,관심,X,낮음
8/24/2023,진주(192),X,32.4,30.3,25.6,24.3,94.3,X,경고,X,보통
8/24/2023,양평(202),X,28.6,26.2,23.7,21.9,93.6,X,관심,X,보통
8/24/2023,이천(203),X,30.8,28,24.2,21.8,97.6,X, ,X,보통
8/24/2023,인제(211),X,27.8,25.6,22.7,20.7,91,X, ,X,낮음
8/24/2023,홍천(212),X,28.6,26.8,23,20.8,91,X, ,X,낮음
8/24/2023,태백(216),X,25.5,22.5,20.4,18.3,96.8,X, ,X,낮음
8/24/2023,정선군(217),X,27.2,25,22,19.9,91.1,X,주의,X,낮음
8/24/2023,제천(221),X,28.8,26.6,23.1,20.7,96.5,X,주의,X,보통
8/24/2023,보은(226),X,29.6,27.4,25.1,23.6,92.5,X, ,X,보통
8/24/2023,천안(232),X,31.8,30.2,25.4,23.5,92.4,X, ,X,보통
8/24/2023,보령(235),X,31.5,30,25.3,23.2,89,X, ,X,높음
8/24/2023,부여(236),X,31.7,30.2,25.8,23.7,92,X, ,X,보통
8/24/2023,금산(238),X,30.9,29.1,25.7,23.3,89.1,X, ,X,보통
8/24/2023,세종(239),X,32,30.1,25.3,23.8,92.6,O, ,X,보통
8/24/2023,부안(243),X,30.9,29,25.7,23.7,90.8,X, ,X,보통
8/24/2023,임실(244),X,29.9,27.7,24.7,23.2,94,X, ,X,보통
8/24/2023,정읍(245),X,30.3,28.4,24.9,23.7,90.3,X,관심,X,보통
8/24/2023,남원(247),X,30.6,28.5,25.1,23.8,94.8,X,관심,X,보통
8/24/2023,장수(248),X,29.1,27.4,24.2,22.6,95,X, ,X,보통
8/24/2023,영광군(252),X,30.9,29.1,25.7,23.3,88.3,O, ,X,높음
8/24/2023,김해시(253),X,31.9,29.4,25.4,22.9,97.6,X,경고,X,낮음
8/24/2023,순창군(254),X,31.4,29.3,25.1,23.8,95.3,X,관심,X,보통
8/24/2023,양산시(257),X,32.8,31,26.3,24,97,X,경고,X,낮음
8/24/2023,강진군(259),X,31.6,28.9,26,24.3,92.4,O, ,X,보통
8/24/2023,장흥(260),X,32.1,29.3,25.7,23.1,96.5,O, ,X,보통
8/24/2023,해남(261),X,31,28.6,25.2,22.6,93.8,O, ,X,높음
8/24/2023,고흥(262),X,30.6,28.7,25.3,23.3,90.5,X,관심,X,보통
8/24/2023,의령군(263),X,32.8,31.7,26.1,24.8,90.4,X,경고,X,보통
8/24/2023,함양군(264),X,29.7,26.7,,,,X,경고,X,보통
8/24/2023,진도군ASOS(268),X,30.2,28.2,24.8,22.5,92.4,X,관심,X,높음
8/24/2023,봉화(271),X,28.8,26.3,22.6,20.8,93.8,X,경고,X,보통
8/24/2023,영주(272),X,27.1,23.8,22.7,21.9,100,X,주의,X,보통
8/24/2023,문경(273),X,28.5,25.2,23.8,22.8,99.1,X,주의,X,보통
8/24/2023,청송군(276),X,30.8,28.3,24.2,21.7,95.9,X,주의,X,보통
8/24/2023,영덕(277),X,27.4,24.7,22.6,21.1,96.8,X,주의,X,낮음
8/24/2023,의성(278),X,32.1,30.9,26,23.8,90.9,X,경고,X,보통
8/24/2023,구미(279),X,30.4,28.3,24.8,23.7,93.6,X,주의,X,보통
8/24/2023,영천(281),X,29.8,27.6,24.2,22,93.3,X,경고,X,보통
8/24/2023,경주시(283),X,31.3,28.8,24.7,22.9,92.6,X,경고,X,보통
8/24/2023,거창(284),X,28.8,26,24,22.4,97.5,X,주의,X,보통
8/24/2023,합천(285),X,31.5,29.5,25.2,23.8,92.8,X,경고,X,보통
8/24/2023,밀양(288),X,31.6,30.5,26.2,23.8,85.3,X,주의,X,낮음
8/24/2023,산청(289),X,30.3,27.4,24.5,23.8,98.8,X,주의,X,보통
8/24/2023,거제(294),X,31.2,29.1,26,23.7,89.3,X,경고,X,낮음
8/24/2023,남해(295),X,31.3,29.3,26.5,24.3,89.9,X,주의,X,보통
8/24/2023,부천(433),X,28.9,,,,,X, ,X,보통
8/24/2023,안양(434),X,28.7,,,,,X, ,X,보통
8/24/2023,광명(437),X,30.3,,,,,X, ,X,보통
8/24/2023,군포(438),X,30.7,,,,,X, ,X,낮음
8/24/2023,김포(441),X,,,,,,X, ,X,보통
8/24/2023,하남(444),X,28.1,,,,,X, ,X,보통
8/24/2023,의왕(445),X,,,,,,X, ,X,보통
8/24/2023,포천(504),X,29.2,27.4,23.8,20.5,89,X, ,X,낮음
8/24/2023,가평조종(505),X,28.3,25.7,23.1,20.9,97,X, ,X,보통
8/24/2023,안성(516),X,31.8,29.2,24.8,22.4,97,X,관심,X,보통
8/24/2023,간성(517),X,26.9,24.1,21.9,20.6,95,X, ,X,낮음
8/24/2023,평창(526),X,27.4,25.8,22.6,20.6,88,X, ,X,낮음
8/24/2023,의정부(532),X,30.1,27.3,24.2,21,95,X, ,X,보통
8/24/2023,횡성(536),X,31,29.9,24.3,21.7,88,X, ,X,낮음
8/24/2023,고양(540),X,,,,,,X, ,X,보통
8/24/2023,남양주(541),X,29.6,28.3,24.7,21.2,85,X, ,X,보통
8/24/2023,안산(545),X,31.1,29.2,24.8,22,92,X,관심,X,보통
8/24/2023,경기광주(546),X,28.2,26.1,23.1,21,91,X, ,X,보통
8/24/2023,여주(548),X,29.4,26.5,23.8,21.6,98,X, ,X,보통
8/24/2023,용인(549),X,29.1,27.3,24,21.5,90,X, ,X,보통
8/24/2023,오산(550),X,32.2,30.4,26.1,22.9,87,X, ,X,보통
8/24/2023,평택(551),X,32.4,30.1,25.6,22.9,96,X,관심,X,보통
8/24/2023,화천(555),X,26.6,23.5,21.9,20,97,X, ,X,낮음
8/24/2023,양구(556),X,27.3,24.8,22.3,20.4,92,X, ,X,낮음
8/24/2023,시흥(565),X,30.8,28.9,25.5,22.2,89,X, ,X,보통
8/24/2023,구리(569),X,29.4,27.7,24.1,21.3,84,X, ,X,낮음
8/24/2023,화성(571),X,31.8,30.2,25.8,23,89,X,관심,X,보통
8/24/2023,성남(572),X,29.5,27.7,24.8,21.9,85,X, ,X,낮음
8/24/2023,과천(590),X,30.4,28.4,24.8,21.8,91,X, ,X,보통
8/24/2023,양주(598),X,30.2,28.3,24.3,21.1,91,X, ,X,보통
8/24/2023,단양(601),X,29.4,27.2,23.8,21.6,94,X,주의,X,보통
8/24/2023,진천(602),X,30.8,28.7,25.2,23.2,91,X, ,X,보통
8/24/2023,괴산(603),X,30.4,28.8,25.4,23,89,X, ,X,보통
8/24/2023,옥천(604),X,32.1,30.8,26.9,24.9,89,X,관심,X,보통
8/24/2023,홍북(608),X,31.8,30.3,25.1,22.3,90,X,관심,X,높음
8/24/2023,공주(612),X,32.2,30.9,25.8,23.8,91,X, ,X,보통
8/24/2023,서천(614),X,31.5,29.3,25.2,23.3,92,X, ,X,높음
8/24/2023,논산(615),X,32.3,31,25.8,23.9,90,O,관심,X,보통
8/24/2023,당진(616),X,32.6,31.1,25.6,23.3,93,X,관심,X,보통
8/24/2023,청양(618),X,32,30.5,25.7,23,90,X,관심,X,높음
8/24/2023,음성(619),X,30.3,28.6,24.1,21.1,90,X, ,X,보통
8/24/2023,증평(623),X,32.5,30.3,25.4,23.2,96,X, ,X,보통
8/24/2023,태안(627),X,32.1,30.3,25.5,23.2,90,X, ,X,높음
8/24/2023,예산(628),X,31.9,30.8,26.4,23.8,88,X, ,X,보통
8/24/2023,아산(634),X,32.6,31.1,26.1,23.6,89,X, ,X,보통
8/24/2023,계룡(636),X,32,30.3,24.9,23,94,X, ,X,보통
8/24/2023,연천청산(652),X,29.2,27.6,23.5,20.7,89,X, ,X,보통
8/24/2023,양양(670),X,28.1,25.9,22.5,21.1,93,X, ,X,낮음
8/24/2023,무안(699),X,30.5,28.4,25.8,23.6,89,X, ,X,보통
8/24/2023,무주(701),X,30.8,28.7,24.8,23.4,94,X, ,X,보통
8/24/2023,익산(702),X,31.4,29.9,25.6,24.2,91,X, ,X,보통
8/24/2023,진안(703),X,30.7,28.6,24.3,22.6,94,X, ,X,보통
8/24/2023,담양(706),O,33.5,30.8,25.6,23.9,96,O, ,X,보통
8/24/2023,구례(709),X,29.4,26,24.9,24.2,100,X,관심,X,높음
8/24/2023,나주(710),X,30.8,28.3,24.9,23.1,97,O, ,X,높음
8/24/2023,순천시(712),O,34,31.6,26.4,24.3,97,X,관심,X,보통
8/24/2023,광양읍(713),X,32.8,30.6,25.5,24,99,X,관심,X,보통
8/24/2023,장성(730),X,30.8,28,24.5,23.1,97,X, ,X,보통
8/24/2023,영암(731),X,30.7,27.9,25.3,23.4,98,O, ,X,높음
8/24/2023,보성(732),X,30.7,28.5,24.9,22.7,93,X, ,X,높음
8/24/2023,완주(734),X,31.7,29.5,25.4,23.3,94,X, ,X,보통
8/24/2023,김제(737),X,32.3,30.2,25.3,23.9,97,X, ,X,보통
8/24/2023,화순(741),X,32.4,30.4,24.8,23.7,92,O, ,X,보통
8/24/2023,함평(754),X,30.6,28.6,26,23.5,89,O,관심,X,보통
8/24/2023,곡성(768),X,32.4,29.5,24.8,23.7,99,O,관심,X,보통
8/24/2023,압해도(789),X,31.4,28.7,25.9,23.8,92,X,관심,X,높음
8/24/2023,영양(801),X,30.4,28.1,24.1,21.8,95,X,주의,X,보통
8/24/2023,성주(810),X,31.5,29.8,25.4,23.9,90,X,경고,X,보통
8/24/2023,고령(812),X,31.9,28.9,25.5,23.9,99,X,주의,X,보통
8/24/2023,청도(813),X,30.9,29,25.3,23.4,91,X,주의,X,낮음
8/24/2023,예천(815),X,29.2,26.7,23.8,22.3,93,X,경고,X,보통
8/24/2023,김천(822),X,30.1,27,25.1,24.2,98,X,경고,X,보통
8/24/2023,군위(823),X,31.4,29.8,25.4,23.5,90,X,경고,X,보통
8/24/2023,칠곡(825),X,32.3,29.7,25.5,24.1,99,X,경고,X,보통
8/24/2023,경산(827),X,30.9,28.6,24.9,22.7,93,X,경고,X,보통
8/24/2023,삼척(876),X,27,24.4,22.6,21.2,91,X,주의,X,낮음
8/24/2023,속초(90),X,27.1,24.3,22.3,20.9,92.9,X, ,X,낮음
8/24/2023,삼천포(907),X,32.6,29.9,25.4,23.6,96,X,주의,X,보통
8/24/2023,고성(918),X,32,29.5,26.1,24.5,93,X,주의,X,보통
8/24/2023,창녕(919),O,33,31.6,26.3,24.5,93,X,경고,X,낮음
8/24/2023,함안(920),X,32.1,30,25.5,24.1,96,X,주의,X,보통
8/24/2023,북춘천(93),X,27.4,24.8,23,21.1,94.3,X, ,X,낮음
8/24/2023,하동(932),X,32.8,30.5,25.8,24.2,95,X,경고,X,보통
8/24/2023,철원(95),X,27.7,25,22.6,20.4,94,X, ,X,낮음
8/24/2023,동두천(98),X,30,27.5,23.5,20.7,93.6,X, ,X,보통
8/24/2023,파주(99),X,29.5,27.2,23.2,20.6,94.9,X, ,X,보통
8/25/2023,북강릉(104),X,28.5,26.4,23.6,21,88.9,X, ,X,낮음
8/25/2023,동해(106),X,28.7,26.1,23.7,21.5,93.3,X, ,X,낮음
8/25/2023,서울(108),X,30.8,30,26.5,24,77.9,X,관심,X,보통
8/25/2023,인천(112),X,29.7,28.3,25.9,24.2,82.8,X,관심,X,높음
8/25/2023,원주(114),X,30.3,30.1,26.2,23.8,74.9,X,관심,X,낮음
8/25/2023,울릉도(115),X,30.6,29,25.9,23.3,86.6,X, ,X,높음
8/25/2023,수원(119),X,30.1,28.9,25.8,23.1,81.1,X,관심,X,높음
8/25/2023,영월(121),X,29.5,29.6,24.6,20.8,81,X,관심,X,낮음
8/25/2023,충주(127),X,30.7,30.5,26,22.7,76.8,O,관심,X,보통
8/25/2023,서산(129),X,30.6,29.8,25.8,22.2,80.5,X,관심,X,높음
8/25/2023,울진(130),X,30.7,28.6,24.7,21.9,86.4,X, ,X,높음
8/25/2023,청주(131),X,31.2,31.6,27.2,24.2,70.1,X,관심,X,보통
8/25/2023,대전(133),X,31.1,31.2,26.2,22.7,70.3,O,주의,X,높음
8/25/2023,추풍령(135),X,29.8,30.1,25.1,20.2,74.3,X,관심,X,높음
8/25/2023,안동(136),X,31.4,31.2,25.9,21.7,79.1,X,관심,X,높음
8/25/2023,상주(137),X,31.7,31.6,26.7,22.4,74.3,X,관심,X,높음
8/25/2023,포항(138),X,31.7,32.5,27.9,24.3,66.8,X,관심,X,높음
8/25/2023,군산(140),X,30.3,29.3,25.9,22.6,80.1,X,관심,X,매우높음
8/25/2023,대구(143),X,31.6,32.4,27.4,23.8,70.5,O,관심,X,높음
8/25/2023,전주(146),X,30.8,30.3,26.2,22.9,74.9,X,관심,X,높음
8/25/2023,울산(152),X,31.7,31.6,26.2,21.8,77.9,X,관심,X,매우높음
8/25/2023,창원(155),X,32.3,31.9,26.7,22.5,78,O,관심,X,높음
8/25/2023,광주(156),X,32.1,31.2,26.2,23.1,88.9,O,주의,X,높음
8/25/2023,부산(159),X,30.9,30.2,27.1,24.3,71,O,관심,O,높음
8/25/2023,통영(162),X,31.6,30.7,26.9,23.6,78.6,X,관심,X,높음
8/25/2023,목포(165),X,30.8,29.6,26.2,24,82.4,X,관심,X,높음
8/25/2023,여수(168),X,30.7,29.7,26.7,23.9,77.8,X,관심,X,높음
8/25/2023,흑산도(169),X,30.7,28.9,26,23.4,82.3,X, ,X,높음
8/25/2023,완도(170),X,32.1,31.9,27,23.2,76.9,O,주의,X,높음
8/25/2023,고창(172),X,30.6,30,25.8,21.8,82.3,X,관심,X,높음
8/25/2023,제주(184),X,32.1,31.8,28,24.6,65,X,관심,X,매우높음
8/25/2023,진주(192),X,32.2,31.5,26.4,21.7,82.6,X,관심,X,높음
8/25/2023,양평(202),X,31,30.9,25.8,22.4,80.5,O,관심,X,보통
8/25/2023,이천(203),X,31.5,30.7,26,22.4,83.8,X,관심,X,보통
8/25/2023,인제(211),X,30.5,30.5,25.1,20.8,80.4,X, ,X,낮음
8/25/2023,홍천(212),X,30.9,31.3,25.7,22,80,O,관심,X,낮음
8/25/2023,태백(216),X,28.7,28.5,22,17.6,82.1,X, ,X,낮음
8/25/2023,정선군(217),X,31.6,31.2,24.8,20.2,78.6,X, ,X,낮음
8/25/2023,제천(221),X,29.8,29.1,24.6,20.7,83.3,X,관심,X,보통
8/25/2023,보은(226),X,30.2,30,25.2,21,80.3,X,관심,X,보통
8/25/2023,천안(232),X,30.5,30.3,25.4,21.6,81,X,관심,X,높음
8/25/2023,보령(235),X,31.3,30.3,25.7,22.2,82.4,X,관심,X,높음
8/25/2023,부여(236),X,31.6,31.4,25.8,21.5,81.5,X,관심,X,높음
8/25/2023,금산(238),X,30.6,30.5,25.4,20.7,78.4,X, ,X,높음
8/25/2023,세종(239),X,30.7,30.4,25.6,22,77.3,O,주의,X,높음
8/25/2023,부안(243),X,31,30.2,25.8,22.1,81.4,X,관심,X,매우높음
8/25/2023,임실(244),X,30.4,30,24.5,19.9,82.8,X,관심,X,보통
8/25/2023,정읍(245),X,31.1,30.6,25.7,21.6,78.1,X,관심,X,높음
8/25/2023,남원(247),X,31.6,31.1,25.7,21.6,81.1,X,관심,X,보통
8/25/2023,장수(248),X,29.1,28.7,23.3,18.5,83.3,X,관심,X,보통
8/25/2023,영광군(252),X,30.7,30.3,26.1,22.3,80.1,O,주의,X,높음
8/25/2023,김해시(253),O,33.2,32.4,27,23.4,82.4,O,관심,X,높음
8/25/2023,순창군(254),X,31.2,31.4,25.7,21.1,81.9,X,관심,X,보통
8/25/2023,양산시(257),O,33.2,33.1,27.7,24,79.6,X,관심,X,높음
8/25/2023,강진군(259),X,32.3,32.8,26.6,22,79.1,O,주의,X,높음
8/25/2023,장흥(260),X,31.9,31.7,25.1,21.5,85.3,O,주의,X,높음
8/25/2023,해남(261),X,31.6,31.3,25.3,20.8,82.6,O,주의,X,높음
8/25/2023,고흥(262),X,30.9,30.3,25.3,21.1,81,O,관심,X,높음
8/25/2023,의령군(263),O,33.3,33.8,27.7,23.2,72.8,X,관심,X,높음
8/25/2023,함양군(264),X,31.9,31.6,26.1,21.2,79.1,X,관심,X,높음
8/25/2023,진도군ASOS(268),X,31.2,30.1,25,20.4,84.1,X,관심,X,높음
8/25/2023,봉화(271),X,29.3,29,23.2,18.8,84.9,X,관심,X,높음
8/25/2023,영주(272),X,30.3,29.9,24.8,21,81.4,X,관심,X,높음
8/25/2023,문경(273),X,31.2,30.5,25.7,21.3,78.9,X,관심,X,높음
8/25/2023,청송군(276),X,31.8,31.6,25.4,19.6,82.8,X,관심,X,높음
8/25/2023,영덕(277),X,31.6,31.5,26.3,22.1,78.8,X,관심,X,높음
8/25/2023,의성(278),X,31.7,32.6,26.2,21,79.3,X,관심,X,높음
8/25/2023,구미(279),X,31.7,32,26.5,22.2,73.5,X,관심,X,높음
8/25/2023,영천(281),X,31.4,31.9,26,21.5,79.4,X,관심,X,높음
8/25/2023,경주시(283),X,32.9,33.4,26.8,23,78.5,X,관심,X,높음
8/25/2023,거창(284),X,31.1,30.7,24.4,20.1,81.5,X,관심,X,높음
8/25/2023,합천(285),X,32,32.4,26.7,22.3,75.6,O,관심,X,높음
8/25/2023,밀양(288),X,32,32.6,27.2,23.4,72.9,X,관심,X,높음
8/25/2023,산청(289),X,32.3,32,25.6,21.2,81.9,X,관심,X,높음
8/25/2023,거제(294),X,30.8,29.9,26.6,24,78.9,O,관심,X,높음
8/25/2023,남해(295),X,31.8,31.8,26.8,22.8,76.1,X,관심,X,높음
8/25/2023,부천(433),X,29.1,28.8,25.1,22.1,74,X,관심,X,높음
8/25/2023,안양(434),X,27.9,28.5,25.9,24.2,,X,관심,X,높음
8/25/2023,광명(437),X,30.8,30.4,27,24.5,75,X,관심,X,높음
8/25/2023,군포(438),X,30.5,30.2,26.1,23.8,76,X,관심,X,높음
8/25/2023,김포(441),X,,29.5,26,23.3,,X,관심,X,보통
8/25/2023,하남(444),X,30.4,30.1,25.4,22.2,76,X,관심,X,보통
8/25/2023,의왕(445),X,29.8,28.7,25.3,22.6,83,X,관심,X,높음
8/25/2023,포천(504),X,32,31.1,25.8,22,81,X,관심,X,보통
8/25/2023,가평조종(505),X,31.3,30.6,25.4,21.8,85,X,관심,X,보통
8/25/2023,안성(516),X,30.6,29.9,25.4,21.9,85,X,관심,X,높음
8/25/2023,간성(517),X,28.1,26.2,23.3,20.5,87,X, ,X,낮음
8/25/2023,평창(526),X,29.6,29.7,24,20,78,X, ,X,낮음
8/25/2023,의정부(532),X,32,30.1,25.6,22.6,90,X,관심,X,보통
8/25/2023,횡성(536),X,30.8,30.7,25.3,21.4,82,X,관심,X,낮음
8/25/2023,고양(540),X,,,,,,X,관심,X,보통
8/25/2023,남양주(541),X,32.2,31.9,26.5,22.6,79,X,관심,X,보통
8/25/2023,안산(545),X,30.5,29.7,25.4,21.4,84,X,관심,X,높음
8/25/2023,경기광주(546),X,30.4,29.9,25.3,22.2,80,X,관심,X,보통
8/25/2023,여주(548),X,30.8,29.9,25.5,22.4,84,X,관심,X,보통
8/25/2023,용인(549),X,29.6,29.2,25.2,21.8,78,X,관심,X,높음
8/25/2023,오산(550),X,32,31.1,26.3,22.2,82,X,관심,X,높음
8/25/2023,평택(551),X,31.1,30.5,26.2,23.1,86,X,관심,X,높음
8/25/2023,화천(555),X,31.9,31,24.5,20.6,89,X, ,X,낮음
8/25/2023,양구(556),X,30.5,30.7,24.6,19.9,81,X, ,X,낮음
8/25/2023,시흥(565),X,30.7,29.3,26.2,23.8,83,X,관심,X,높음
8/25/2023,구리(569),X,31.2,30.9,26.5,23.4,74,X,관심,X,보통
8/25/2023,화성(571),X,30.8,29.5,25.8,23.1,84,X,관심,X,높음
8/25/2023,성남(572),X,30.2,29.6,26.2,23.2,76,X,관심,X,높음
8/25/2023,과천(590),X,31.3,30.1,25.8,22.4,85,X,관심,X,높음
8/25/2023,양주(598),X,31.4,30.6,25.8,22.2,83,X,관심,X,보통
8/25/2023,단양(601),X,31.4,31,25.6,21.6,81,X,관심,X,보통
8/25/2023,진천(602),X,30.4,30.5,26.1,21.9,75,X,관심,X,보통
8/25/2023,괴산(603),X,31,31.1,25.6,20.6,79,X,관심,X,보통
8/25/2023,옥천(604),X,32.4,32.6,26.9,22.7,74,X,관심,X,보통
8/25/2023,홍북(608),X,31.7,30.8,25.2,20.5,83,X,관심,X,높음
8/25/2023,공주(612),X,31.3,30.9,25.9,21.7,78,O,관심,X,높음
8/25/2023,서천(614),X,30.7,29.2,25,20.7,85,X, ,X,매우높음
8/25/2023,논산(615),X,31.7,31.4,26.2,21.8,79,O,주의,X,높음
8/25/2023,당진(616),X,30.9,29.7,25.8,22.8,85,X,관심,X,높음
8/25/2023,청양(618),X,31.3,31.1,25.2,20.4,81,X,관심,X,높음
8/25/2023,음성(619),X,29.7,29.3,24.3,19.7,81,X,관심,X,보통
8/25/2023,증평(623),X,30.8,30.3,25.7,21.6,84,X,관심,X,보통
8/25/2023,태안(627),X,31.4,30.2,25.5,22.3,85,X,관심,X,높음
8/25/2023,예산(628),X,31,30.5,26.1,22.7,80,X,관심,X,높음
8/25/2023,아산(634),X,31.4,30.8,26.1,22.1,81,X,관심,X,높음
8/25/2023,계룡(636),X,30.7,30.4,24.6,19.4,82,X,관심,X,높음
8/25/2023,연천청산(652),X,30.8,30.1,25.1,22.2,83,X, ,X,높음
8/25/2023,양양(670),X,27.8,25.9,23.6,21.7,86,X, ,X,낮음
8/25/2023,무안(699),X,31.2,30.6,25.7,21.9,83,X,관심,X,높음
8/25/2023,무주(701),X,30.3,30.6,25.1,20.7,79,X, ,X,보통
8/25/2023,익산(702),X,30.7,30.1,25.6,21.3,80,X,관심,X,매우높음
8/25/2023,진안(703),X,29.5,29.2,23.8,19,83,X, ,X,보통
8/25/2023,담양(706),O,33,32.5,26.5,22.3,86,O,주의,X,높음
8/25/2023,구례(709),X,32.3,31.4,25.7,21.5,86,O,관심,X,높음
8/25/2023,나주(710),X,31.7,31,25.4,21.3,86,O,주의,X,높음
8/25/2023,순천시(712),O,33,32.5,27,21.7,83,O,관심,X,높음
8/25/2023,광양읍(713),X,32.7,32.6,26.7,21.8,82,O,관심,X,높음
8/25/2023,장성(730),X,31.2,30.7,25.2,21.2,84,X,관심,X,높음
8/25/2023,영암(731),X,32,31.5,25.8,21.6,86,O,주의,X,높음
8/25/2023,보성(732),X,31.2,31.5,25.1,20.3,81,O,관심,X,높음
8/25/2023,완주(734),X,31.3,30.6,25.3,20.5,85,X,관심,X,높음
8/25/2023,김제(737),X,31.1,29.6,25.8,23.1,84,X,관심,X,매우높음
8/25/2023,화순(741),X,32.1,32.3,26.2,21.4,79,O,주의,X,높음
8/25/2023,함평(754),X,31.8,31.1,25.9,21.7,83,O,주의,X,높음
8/25/2023,곡성(768),X,32.3,31.8,25.5,20.5,86,O,주의,X,보통
8/25/2023,압해도(789),X,32.3,30.7,25.9,22.8,90,X,관심,X,높음
8/25/2023,영양(801),X,30.8,30.4,24.9,19.8,84,X,관심,X,높음
8/25/2023,성주(810),X,31.8,32.9,26.8,22.5,73,X,관심,X,높음
8/25/2023,고령(812),X,32.2,31.3,25.7,22.2,89,X,관심,X,보통
8/25/2023,청도(813),X,32,32.3,26.2,22.5,81,X,관심,X,높음
8/25/2023,예천(815),X,31.5,31.7,25.9,20.8,78,X,관심,X,높음
8/25/2023,김천(822),X,32.3,32.3,25.6,21.1,86,X,관심,X,높음
8/25/2023,군위(823),X,32,32.1,26.1,21.7,81,X,관심,X,높음
8/25/2023,칠곡(825),X,32.5,32.5,26.6,22.9,84,X,관심,X,높음
8/25/2023,경산(827),X,32.3,33,27.3,23.8,74,O,관심,X,높음
8/25/2023,삼척(876),X,30.2,28.4,25,21.5,80,X, ,X,낮음
8/25/2023,속초(90),X,28.8,26.7,23.7,21.4,87.3,X, ,X,낮음
8/25/2023,삼천포(907),X,32.5,30.8,26.3,23.2,84,X,관심,X,높음
8/25/2023,고성(918),X,31.6,30.3,26.3,21.8,85,X,관심,X,높음
8/25/2023,창녕(919),X,32.8,32.3,27.2,23.3,82,X,관심,X,높음
8/25/2023,함안(920),X,32.7,32.5,26.5,22.3,81,X,관심,X,높음
8/25/2023,북춘천(93),X,31.5,31.1,25.6,21.5,82.5,X,관심,X,낮음
8/25/2023,하동(932),X,32.6,32.1,26,21.7,84,O,관심,X,높음
8/25/2023,철원(95),X,30.7,29.8,24.4,20.6,85.3,X, ,X,낮음
8/25/2023,동두천(98),X,31.8,29.7,25.5,22.6,86,X, ,X,높음
8/25/2023,파주(99),X,31,29.3,25.1,22.2,88.4,X,관심,X,보통
8/26/2023,북강릉(104),X,29.5,29.4,24.4,20.8,73.6,X, ,X,낮음
8/26/2023,동해(106),X,29.6,28.4,24.6,20.9,77.3,X, ,X,낮음
8/26/2023,서울(108),X,30.8,30.3,26.4,23.3,72.3,X,관심,X,매우높음
8/26/2023,인천(112),X,29,28.2,25.3,23.2,79.3,X,관심,X,매우높음
8/26/2023,원주(114),X,30.2,30.1,25.8,22.9,71.6,X,관심,X,낮음
8/26/2023,울릉도(115),X,31.8,30.4,26.6,23.7,81.5,X, ,X,매우높음
8/26/2023,수원(119),X,30.2,29.7,25.1,21.7,79.1,X,관심,X,매우높음
8/26/2023,영월(121),X,30.2,30.4,24.5,20.5,77.8,X, ,X,낮음
8/26/2023,충주(127),X,31,30.6,25,21,77.5,O,주의,X,매우높음
8/26/2023,서산(129),X,30.3,30,24.4,20.3,82.4,X, ,X,매우높음
8/26/2023,울진(130),X,29.6,28.8,24.8,20.6,79,X, ,X,매우높음
8/26/2023,청주(131),X,30.4,31,26.3,22.2,70.6,X,관심,X,매우높음
8/26/2023,대전(133),X,30.8,31,25,20.4,74.8,O,주의,X,매우높음
8/26/2023,추풍령(135),X,29.8,29.9,23.8,18.7,76,X,관심,X,매우높음
8/26/2023,안동(136),X,31.7,32,25.4,19.2,77.8,X,관심,X,매우높음
8/26/2023,상주(137),X,31.6,31.4,25.4,20.3,79.1,X,관심,X,매우높음
8/26/2023,포항(138),X,29.9,29.3,26.1,23.3,72.6,X,관심,X,매우높음
8/26/2023,군산(140),X,30.5,29.5,24.6,20.6,83.9,X,관심,X,매우높음
8/26/2023,대구(143),X,31.5,32.8,26.6,21.5,68.4,O,주의,X,매우높음
8/26/2023,전주(146),X,30.9,30.7,25.5,20.6,75.3,X,관심,X,매우높음
8/26/2023,울산(152),X,30.7,30.4,25.8,22.9,74.3,X,관심,X,매우높음
8/26/2023,창원(155),X,32,32.1,27,23.7,71.8,O,주의,X,매우높음
8/26/2023,광주(156),X,31.7,32.3,26,20.7,83.4,O,주의,X,매우높음
8/26/2023,부산(159),X,31.8,31.1,27.8,25,64.8,O,주의,X,매우높음
8/26/2023,통영(162),X,32.3,31.8,26.9,23.1,77.6,X,관심,X,매우높음
8/26/2023,목포(165),X,31.1,30.2,25.9,22.4,78.6,X,관심,X,매우높음
8/26/2023,여수(168),X,31.3,30.6,26.9,23.5,74.4,X,관심,X,매우높음
8/26/2023,흑산도(169),X,29.8,27.8,24.5,22.4,89.6,X, ,X,매우높음
8/26/2023,완도(170),X,31.9,31.2,26.3,21.7,77.3,O,주의,X,매우높음
8/26/2023,고창(172),X,31.1,30.8,24.6,19.5,81.1,X,관심,X,매우높음
8/26/2023,제주(184),X,30.8,30.2,27.2,23.7,67,O,관심,X,매우높음
8/26/2023,진주(192),X,32.6,32.2,26.2,21.1,80.1,X,관심,X,매우높음
8/26/2023,양평(202),X,30,30,24.9,21.7,77.6,O,주의,X,매우높음
8/26/2023,이천(203),X,30.5,30.3,24.6,21.1,84.8,X,관심,X,매우높음
8/26/2023,인제(211),X,30.1,30.1,24.2,20.2,78.1,X,관심,X,낮음
8/26/2023,홍천(212),X,30.4,30.3,25,21.3,76.3,O,주의,X,낮음
8/26/2023,태백(216),X,28.7,28.4,20.9,15.3,81.9,X, ,X,낮음
8/26/2023,정선군(217),X,31.5,32.6,24.3,19.1,74.1,X, ,X,낮음
8/26/2023,제천(221),X,29.8,29.8,24,19.4,83.1,X,관심,X,매우높음
8/26/2023,보은(226),X,30.5,30.3,23.6,19.5,85.1,X,관심,X,매우높음
8/26/2023,천안(232),X,30.1,29.8,24,20.7,84.4,X, ,X,매우높음
8/26/2023,보령(235),X,30.9,29.9,24.9,21.8,81.9,X, ,X,매우높음
8/26/2023,부여(236),X,31.3,31,24.7,20.6,82.5,X,관심,X,매우높음
8/26/2023,금산(238),X,30.4,30.7,24.1,19.4,80.1,X, ,X,매우높음
8/26/2023,세종(239),X,30,30.1,24.4,20.2,78.6,O,주의,X,매우높음
8/26/2023,부안(243),X,30.4,30.9,25.2,21,77.5,X,관심,X,매우높음
8/26/2023,임실(244),X,30.4,30.9,23.9,18.9,80,X,관심,X,매우높음
8/26/2023,정읍(245),X,31,30.7,24.7,20.3,77.5,X,관심,X,매우높음
8/26/2023,남원(247),X,31.4,32.2,24.8,19.2,79.9,X,관심,X,매우높음
8/26/2023,장수(248),X,30.1,30.4,22.6,17.1,83,X, ,X,매우높음
8/26/2023,영광군(252),X,30.6,30.6,24.8,20.8,82,O,주의,X,매우높음
8/26/2023,김해시(253),O,33.7,32.8,27.6,23.4,75.6,O,주의,X,매우높음
8/26/2023,순창군(254),X,31.4,32.1,24.7,19.3,80.8,X,관심,X,매우높음
8/26/2023,양산시(257),O,33.6,33.7,27.6,23.6,75.9,X,관심,X,매우높음
8/26/2023,강진군(259),X,32.3,32.3,26.3,20.4,79.1,O,주의,X,매우높음
8/26/2023,장흥(260),X,32,31.7,25.6,19.9,83.8,O,주의,X,매우높음
8/26/2023,해남(261),X,32.2,32,25,19.3,82.4,O,주의,X,매우높음
8/26/2023,고흥(262),X,30.8,30.4,24.9,19.1,82.3,O,주의,X,매우높음
8/26/2023,의령군(263),O,33,34.2,26.6,21.1,76,X,관심,X,매우높음
8/26/2023,함양군(264),X,32.3,32.5,24.9,18.5,80.4,X,관심,X,매우높음
8/26/2023,진도군ASOS(268),X,31.2,30.5,24.8,20,82.1,X,관심,X,매우높음
8/26/2023,봉화(271),X,29.8,29.7,22.5,17.9,85.9,X, ,X,매우높음
8/26/2023,영주(272),X,30.2,30.5,23.5,18.1,83.9,X,관심,X,매우높음
8/26/2023,문경(273),X,30.7,30.2,24.5,19.5,79,X,관심,X,매우높음
8/26/2023,청송군(276),X,32.2,31.4,23.4,18.7,88.3,X,관심,X,매우높음
8/26/2023,영덕(277),X,29.6,28.9,24.6,20.9,77.5,X, ,X,매우높음
8/26/2023,의성(278),X,32,32.1,25,18.8,83.3,X,관심,X,매우높음
8/26/2023,구미(279),X,31.4,31.8,25.5,20.6,74.9,X,관심,X,매우높음
8/26/2023,영천(281),X,31,31.4,24.8,19.3,78,X,관심,X,매우높음
8/26/2023,경주시(283),X,31.8,31.9,25.9,21.1,76.6,X,관심,X,매우높음
8/26/2023,거창(284),X,30.4,31.1,23,18,79.9,X, ,X,매우높음
8/26/2023,합천(285),X,31.1,32.1,25.2,20.6,75.3,O,주의,X,매우높음
8/26/2023,밀양(288),X,32,33.6,27.4,23,66,X,관심,X,매우높음
8/26/2023,산청(289),X,32,31.9,24.6,19.6,81.3,X,관심,X,매우높음
8/26/2023,거제(294),X,31.3,30.8,26.6,23.1,79.1,O,주의,X,매우높음
8/26/2023,남해(295),X,31.7,31.5,26,22.4,78.5,X,관심,X,매우높음
8/26/2023,부천(433),X,28.9,29,24.9,21.7,70,X,관심,X,매우높음
8/26/2023,안양(434),X,27.1,30.2,26.2,23,,X,관심,X,매우높음
8/26/2023,광명(437),X,31.1,32,26.8,23.5,70,X,관심,X,매우높음
8/26/2023,군포(438),X,30.5,31,26,22.5,69,X,관심,X,매우높음
8/26/2023,김포(441),X,,30.5,25.8,22.7,,X,관심,X,매우높음
8/26/2023,하남(444),X,30.1,29.9,24.2,20.5,76,X,관심,X,매우높음
8/26/2023,의왕(445),X,29.7,29.2,24.4,21.3,79,X,관심,X,매우높음
8/26/2023,포천(504),X,30.9,31.3,24.8,20.8,79,X,관심,X,높음
8/26/2023,가평조종(505),X,30.4,30.1,24.2,20.6,85,X,관심,X,매우높음
8/26/2023,안성(516),X,30.1,30.1,24.8,20.9,82,X,관심,X,매우높음
8/26/2023,간성(517),X,29.8,29.7,24.1,19.4,76,X, ,X,낮음
8/26/2023,평창(526),X,30.2,31.2,24,20,73,X, ,X,낮음
8/26/2023,의정부(532),X,31.2,30.1,24.9,21.4,88,X,관심,X,매우높음
8/26/2023,횡성(536),X,31,31.2,25,21.1,75,X,관심,X,낮음
8/26/2023,고양(540),X,,,,,,X,관심,X,매우높음
8/26/2023,남양주(541),X,31.1,31.6,25.6,21.1,75,X,관심,X,매우높음
8/26/2023,안산(545),X,30.6,29.8,24,20,84,X,관심,X,매우높음
8/26/2023,경기광주(546),X,29.2,29.9,24.4,21.4,79,X,관심,X,매우높음
8/26/2023,여주(548),X,29.6,28.9,24.5,21.3,84,X,관심,X,매우높음
8/26/2023,용인(549),X,29,29.3,24,20.7,79,X,관심,X,매우높음
8/26/2023,오산(550),X,31.3,30.7,24.8,20.9,82,X,관심,X,매우높음
8/26/2023,평택(551),X,31,30.9,25.4,21.8,82,X,관심,X,매우높음
8/26/2023,화천(555),X,30.7,28.8,23.2,19.8,93,X,관심,X,낮음
8/26/2023,양구(556),X,29.9,29.8,23.8,19.9,79,X, ,X,낮음
8/26/2023,시흥(565),X,30.5,29.9,25.3,21.2,80,X,관심,X,매우높음
8/26/2023,구리(569),X,30.2,30.8,25.6,21.9,73,X,관심,X,매우높음
8/26/2023,화성(571),X,30.3,29.2,25,22.3,81,X,관심,X,매우높음
8/26/2023,성남(572),X,30,29.9,25.4,21.6,74,X,관심,X,매우높음
8/26/2023,과천(590),X,31.1,30.9,24.9,20,80,X,관심,X,매우높음
8/26/2023,양주(598),X,31.1,31,24.7,20.7,82,X,관심,X,매우높음
8/26/2023,단양(601),X,32,31.7,25,20.3,83,X,관심,X,매우높음
8/26/2023,진천(602),X,30.6,31,24.6,20.9,78,X,관심,X,매우높음
8/26/2023,괴산(603),X,31.4,31.3,24.2,19.8,82,X,관심,X,매우높음
8/26/2023,옥천(604),X,31.4,31.7,25.5,21.7,79,X,관심,X,매우높음
8/26/2023,홍북(608),X,31.2,30.9,23.9,19.9,83,X, ,X,매우높음
8/26/2023,공주(612),X,30.1,30.3,24.3,20.4,81,O,주의,X,매우높음
8/26/2023,서천(614),X,30.8,30,23.5,19.7,88,X, ,X,매우높음
8/26/2023,논산(615),X,31.6,31.6,24.9,19.6,80,O,주의,X,매우높음
8/26/2023,당진(616),X,30.6,29.8,24.6,21,86,X,관심,X,매우높음
8/26/2023,청양(618),X,30.9,30.6,23.9,19.6,85,X,관심,X,매우높음
8/26/2023,음성(619),X,29.7,29.4,23,18.5,83,X,관심,X,매우높음
8/26/2023,증평(623),X,30.9,30,24.6,20.2,83,X,관심,X,매우높음
8/26/2023,태안(627),X,31.3,30.8,24.4,20.6,84,X, ,X,매우높음
8/26/2023,예산(628),X,30.3,30.4,25,20.6,80,X, ,X,매우높음
8/26/2023,아산(634),X,31,30.2,24.6,20.6,82,X, ,X,매우높음
8/26/2023,계룡(636),X,30.6,30.3,23.1,17.1,84,X, ,X,매우높음
8/26/2023,연천청산(652),X,30.1,29.9,24.2,20.7,82,X, ,X,높음
8/26/2023,양양(670),X,30.1,30.4,25.2,20.7,70,X, ,X,낮음
8/26/2023,무안(699),X,31.8,31.9,25.3,20.6,79,X,관심,X,매우높음
8/26/2023,무주(701),X,30.6,31.1,24.4,19.5,78,X, ,X,매우높음
8/26/2023,익산(702),X,30.2,30.3,24.7,19.6,80,X,관심,X,매우높음
8/26/2023,진안(703),X,29.8,30.2,23,17.6,82,X, ,X,매우높음
8/26/2023,담양(706),X,32.7,33.1,25.9,20.3,81,O,주의,X,매우높음
8/26/2023,구례(709),X,32.9,32.4,25.3,20.5,87,O,주의,X,매우높음
8/26/2023,나주(710),X,31.8,31.7,24.6,19.6,83,O,주의,X,매우높음
8/26/2023,순천시(712),X,32.7,32,26.5,21.4,82,O,주의,X,매우높음
8/26/2023,광양읍(713),X,32.6,32.4,26.5,20.7,78,O,주의,X,매우높음
8/26/2023,장성(730),X,31.7,31.5,24.9,20,83,X,관심,X,매우높음
8/26/2023,영암(731),X,32.7,32.2,25.2,19.6,85,O,주의,X,매우높음
8/26/2023,보성(732),X,31.2,30.9,24.7,19.2,82,O,주의,X,매우높음
8/26/2023,완주(734),X,31.6,31.1,24.4,19.5,82,X,관심,X,매우높음
8/26/2023,김제(737),X,31.2,30.4,24.8,20.4,83,X,관심,X,매우높음
8/26/2023,화순(741),X,32.7,33,25.5,20.2,78,O,주의,X,매우높음
8/26/2023,함평(754),X,31.7,32.3,25.1,19.9,80,O,주의,X,매우높음
8/26/2023,곡성(768),X,32.5,32.2,24.8,19.6,84,O,주의,X,매우높음
8/26/2023,압해도(789),X,32.6,31.6,25.9,21.8,83,X,관심,X,매우높음
8/26/2023,영양(801),X,31.3,30.9,23.9,19.6,85,X,관심,X,매우높음
8/26/2023,성주(810),X,31.4,33.3,25.9,20.2,70,X,관심,X,매우높음
8/26/2023,고령(812),X,31.6,32.3,25,20.6,83,X,관심,X,매우높음
8/26/2023,청도(813),X,32.1,32.5,25.9,21.1,80,X,관심,X,매우높음
8/26/2023,예천(815),X,31.1,31.5,24,18.9,82,X,관심,X,매우높음
8/26/2023,김천(822),X,32.6,32.1,24.7,19.1,84,X,관심,X,매우높음
8/26/2023,군위(823),X,32.2,31.9,24.9,19.9,85,X,관심,X,매우높음
8/26/2023,칠곡(825),X,32,32.2,25.7,20.8,82,X,관심,X,매우높음
8/26/2023,경산(827),X,32,32.6,26.4,21.6,74,O,주의,X,매우높음
8/26/2023,삼척(876),X,31.1,30.9,25.7,22.1,67,X, ,X,낮음
8/26/2023,속초(90),X,30.4,29.3,24.6,20.6,76.5,X, ,X,낮음
8/26/2023,삼천포(907),X,31.9,30.7,26,22.1,82,X,관심,X,매우높음
8/26/2023,고성(918),X,32.7,32.1,26.1,21.5,85,X,관심,X,매우높음
8/26/2023,창녕(919),X,32.2,31.8,26.3,21.6,81,X,관심,X,매우높음
8/26/2023,함안(920),X,32.3,31.8,25.6,21.8,84,X,관심,X,매우높음
8/26/2023,북춘천(93),X,30.2,30.4,24.7,20.7,81.1,X,관심,X,낮음
8/26/2023,하동(932),X,32.6,32.5,26,20.9,79,O,주의,X,매우높음
8/26/2023,철원(95),X,29.6,29.3,23.7,20.1,85,X, ,X,낮음
8/26/2023,동두천(98),X,30.6,29.5,24.1,20.7,84.6,X,관심,X,매우높음
8/26/2023,파주(99),X,30.6,29.6,23.8,20.2,89.1,X,관심,X,매우높음
8/27/2023,북강릉(104),X,28.1,26.5,22.6,19.8,85,X, ,X,낮음
8/27/2023,동해(106),X,28.1,26.1,23.1,20.2,89.3,X, ,X,낮음
8/27/2023,서울(108),X,30.6,29.6,26.1,22.7,75,X,관심,X,보통
8/27/2023,인천(112),X,29.9,28.4,25.6,23.2,80.5,X, ,X,보통
8/27/2023,원주(114),X,30,30,25.3,21.4,72.5,X,관심,X,낮음
8/27/2023,울릉도(115),X,30.8,28.6,25.8,23,81.8,X, ,X,매우높음
8/27/2023,수원(119),X,30.2,29.5,25.8,21.5,77.3,X,관심,X,보통
8/27/2023,영월(121),X,30.9,30,24.3,20,75,X, ,X,낮음
8/27/2023,충주(127),X,30.6,30.3,25.5,20.1,74,X,주의,X,높음
8/27/2023,서산(129),X,31.3,30.7,25.7,20.5,81.1,X, ,X,보통
8/27/2023,울진(130),X,28.8,27.4,24,19.8,79.4,X, ,X,매우높음
8/27/2023,청주(131),X,31.6,31.2,27.1,22.6,67.1,X,관심,X,매우높음
8/27/2023,대전(133),X,31,31.3,26.2,21.6,71.8,X,주의,X,매우높음
8/27/2023,추풍령(135),X,30.3,29.7,24.4,19.3,78,X,관심,X,높음
8/27/2023,안동(136),X,31.2,30.8,25.4,21,75.3,X,관심,X,매우높음
8/27/2023,상주(137),X,31.1,30.6,25.5,20.5,79.4,X,관심,X,매우높음
8/27/2023,포항(138),X,29.1,27.4,25.6,23.3,78.1,X, ,X,높음
8/27/2023,군산(140),X,31.7,30.7,26.3,21.7,79.9,X,관심,X,보통
8/27/2023,대구(143),X,30.9,30.9,25.5,22.3,78.6,O,주의,X,높음
8/27/2023,전주(146),X,31.9,31.8,27,21.9,73.6,X,관심,X,높음
8/27/2023,울산(152),X,30.3,29,25.5,21.5,78.9,X, ,X,높음
8/27/2023,창원(155),X,32.7,32.3,27.1,23.3,72.4,O,주의,X,높음
8/27/2023,광주(156),O,33.3,32.2,27,22.6,87.8,O,주의,X,높음
8/27/2023,부산(159),X,32.2,32,27.5,24.7,67.8,O,주의,O,높음
8/27/2023,통영(162),O,33.1,32.2,27.2,23.5,78.3,X,관심,X,높음
8/27/2023,목포(165),X,31.8,31.2,27,22.8,77.3,X,관심,O,매우높음
8/27/2023,여수(168),X,31.3,30.2,27.2,24.9,79.1,X,관심,O,매우높음
8/27/2023,흑산도(169),X,29.9,28.2,24.8,22.3,87.1,X, ,X,매우높음
8/27/2023,완도(170),X,32.3,31.1,27,22.5,84.3,O,주의,X,높음
8/27/2023,고창(172),X,32.7,32.5,25.9,20.5,79.1,X,관심,X,높음
8/27/2023,제주(184),O,33.3,32.6,28.5,24.4,71.8,O,주의,O,매우높음
8/27/2023,진주(192),X,32.3,31.3,26.6,22.5,83.4,X,관심,X,높음
8/27/2023,양평(202),X,29.7,28.8,24.6,20.7,82.5,X,주의,X,높음
8/27/2023,이천(203),X,30.7,29.3,24.7,20.2,87.5,X,관심,X,높음
8/27/2023,인제(211),X,30,29.3,23.1,18.9,78.1,X, ,X,낮음
8/27/2023,홍천(212),X,30.1,29.8,23.9,20,78,O,주의,X,낮음
8/27/2023,태백(216),X,26.3,25.3,20.3,15.8,82,X, ,X,낮음
8/27/2023,정선군(217),X,29,28.6,22.8,18.7,74.9,X, ,X,낮음
8/27/2023,제천(221),X,29.5,28.9,24.1,19.1,78.4,X,관심,X,매우높음
8/27/2023,보은(226),X,29.8,29.3,24.8,19.6,77.9,X,관심,X,매우높음
8/27/2023,천안(232),X,30.4,29.8,25.1,19.6,80.5,X, ,X,높음
8/27/2023,보령(235),X,31.2,30.6,25.8,21.2,79.4,X,관심,X,보통
8/27/2023,부여(236),X,31.4,31,25.8,20.9,81,X,관심,X,높음
8/27/2023,금산(238),X,30.8,30.4,24.9,19.6,79.6,X, ,X,매우높음
8/27/2023,세종(239),X,31.4,30.8,26,20.9,77.6,X,주의,X,매우높음
8/27/2023,부안(243),X,32.2,31.7,26.2,21.9,81,X,관심,X,높음
8/27/2023,임실(244),X,31.1,31,25.1,20.2,80.3,X,관심,X,매우높음
8/27/2023,정읍(245),O,33.1,32.8,25.9,21,79.4,X,관심,X,높음
8/27/2023,남원(247),X,32.5,32.4,26.3,20.6,77.9,X,관심,X,매우높음
8/27/2023,장수(248),X,30.3,30.5,23.6,18,84.3,X, ,X,매우높음
8/27/2023,영광군(252),X,32.6,32.3,26,21,80.3,O,주의,X,매우높음
8/27/2023,김해시(253),O,33.2,32.4,27.2,22.8,75.5,O,주의,X,높음
8/27/2023,순창군(254),X,32.7,32.9,26.1,20.5,79.6,X,관심,X,매우높음
8/27/2023,양산시(257),O,33.6,33.1,27.9,24.2,73.3,X,관심,O,높음
8/27/2023,강진군(259),X,32.6,32,26.9,22,81.8,O,주의,X,높음
8/27/2023,장흥(260),X,32.5,31.7,26.2,21,86,O,주의,X,높음
8/27/2023,해남(261),X,32.8,31.8,26.5,20.8,83.3,O,주의,X,매우높음
8/27/2023,고흥(262),X,31.4,30.5,25.7,20.8,83.5,O,주의,X,높음
8/27/2023,의령군(263),O,33.5,33.9,26.7,22.2,78.3,X,관심,X,높음
8/27/2023,함양군(264),X,32.3,32,25.7,19.7,78.9,X,관심,X,매우높음
8/27/2023,진도군ASOS(268),X,32.2,31.3,26,20.9,83,X,관심,X,매우높음
8/27/2023,봉화(271),X,27.8,28.3,23,18.2,77.8,X, ,X,매우높음
8/27/2023,영주(272),X,29.8,29.5,24.1,19,79.8,X, ,X,매우높음
8/27/2023,문경(273),X,30.6,30,24.8,19.7,82.4,X, ,X,매우높음
8/27/2023,청송군(276),X,31.7,30.7,23.7,18.9,87.4,X, ,X,높음
8/27/2023,영덕(277),X,28,26.8,23.5,19.6,80,X, ,X,높음
8/27/2023,의성(278),X,31.7,31.4,25.3,20,80,X,관심,X,높음
8/27/2023,구미(279),X,31.8,31.7,25.7,21,74.6,X,관심,X,높음
8/27/2023,영천(281),X,30.6,29.9,24,20,87.1,X,관심,X,높음
8/27/2023,경주시(283),X,30.8,29.3,24.9,21.3,82.8,X, ,X,높음
8/27/2023,거창(284),X,30.9,30.4,24.5,18.4,80.8,X, ,X,매우높음
8/27/2023,합천(285),X,31.8,31.7,25.6,20.8,79,O,주의,X,높음
8/27/2023,밀양(288),X,31.7,32.5,25.3,22.6,77.9,X,관심,X,높음
8/27/2023,산청(289),X,32.2,31.5,25.4,20.2,84.1,X,관심,X,매우높음
8/27/2023,거제(294),X,31.6,30.5,26.4,22.9,79.3,O,주의,X,높음
8/27/2023,남해(295),X,32.2,31.5,26.9,23.7,80,X,관심,X,매우높음
8/27/2023,부천(433),X,28.9,28.6,24.9,21.7,73,X, ,X,보통
8/27/2023,안양(434),X,27.4,29.3,26,23,,X,관심,X,보통
8/27/2023,광명(437),X,31.2,31.1,27.5,24.4,66,X,관심,X,보통
8/27/2023,군포(438),X,30.1,29.7,26.2,22.5,71,X,관심,X,보통
8/27/2023,김포(441),X,,29.5,25.2,21.8,,X,관심,X,보통
8/27/2023,하남(444),X,28.7,27.8,24.2,20.1,78,X,관심,X,높음
8/27/2023,의왕(445),X,30,28.4,24.3,20.3,84,X,관심,X,보통
8/27/2023,포천(504),X,29.9,28.6,24.7,19.8,80,X, ,X,높음
8/27/2023,가평조종(505),X,29.6,28,23.5,19.1,89,X,관심,X,높음
8/27/2023,안성(516),X,30.9,29.7,24.9,20,87,X,관심,X,높음
8/27/2023,간성(517),X,27.9,26,22.5,19.4,88,X, ,X,낮음
8/27/2023,평창(526),X,29.5,29.7,23.6,19,71,X, ,X,낮음
8/27/2023,의정부(532),X,30.6,28.6,24.8,20.6,91,X,관심,X,높음
8/27/2023,횡성(536),X,30.9,31,24.7,19.7,73,X,관심,X,낮음
8/27/2023,고양(540),X,,,,,,X, ,X,보통
8/27/2023,남양주(541),X,29.8,29.2,25.1,20.6,77,X,관심,X,높음
8/27/2023,안산(545),X,30.6,29.5,24.1,19.8,89,X,관심,X,보통
8/27/2023,경기광주(546),X,29,28.2,24.2,20.7,80,X,관심,X,높음
8/27/2023,여주(548),X,30,29,24.3,19.9,86,X,관심,X,매우높음
8/27/2023,용인(549),X,28.9,28.1,24.2,20.1,81,X,관심,X,높음
8/27/2023,오산(550),X,31,29.9,25.2,20.4,82,X,관심,X,보통
8/27/2023,평택(551),X,31.3,30.2,25.6,21.1,85,X,관심,X,높음
8/27/2023,화천(555),X,29.8,27.5,23.3,19.5,91,X, ,X,낮음
8/27/2023,양구(556),X,29,28.7,23,19.4,80,X, ,X,낮음
8/27/2023,시흥(565),X,31.1,30.5,25.4,20.9,84,X, ,X,보통
8/27/2023,구리(569),X,30,28.8,24.7,20.9,78,X,관심,X,높음
8/27/2023,화성(571),X,30.9,30,25.8,21.6,80,X,관심,X,보통
8/27/2023,성남(572),X,29.8,29,25.2,21.4,79,X,관심,X,보통
8/27/2023,과천(590),X,30.4,29.2,24.7,20.4,85,X,관심,X,보통
8/27/2023,양주(598),X,30.9,29.6,24.3,20,86,X,관심,X,높음
8/27/2023,단양(601),X,31.2,31.1,24.7,20.7,83,X,관심,X,매우높음
8/27/2023,진천(602),X,31.2,30.6,25.3,20.4,80,X,관심,X,높음
8/27/2023,괴산(603),X,30.9,30.3,24.6,19.9,83,X,관심,X,높음
8/27/2023,옥천(604),X,32,31.6,26.4,21.8,79,X,관심,X,매우높음
8/27/2023,홍북(608),X,30.7,30.2,24.4,18.3,84,X,관심,X,보통
8/27/2023,공주(612),X,31.4,30.6,25.4,20,81,X,주의,X,높음
8/27/2023,서천(614),X,31.7,30.7,25.2,20.2,85,X, ,X,보통
8/27/2023,논산(615),X,32.4,32.4,26.3,20.9,78,X,주의,X,높음
8/27/2023,당진(616),X,31.7,30.4,25.4,20.5,88,X,관심,X,보통
8/27/2023,청양(618),X,31.9,31.6,24.6,19.1,85,X,관심,X,보통
8/27/2023,음성(619),X,30.1,29.7,23.8,18.8,85,X,관심,X,높음
8/27/2023,증평(623),X,31.7,30.8,25.3,20.2,83,X,관심,X,높음
8/27/2023,태안(627),X,31.6,30.7,25.6,20.8,83,X, ,X,보통
8/27/2023,예산(628),X,31.4,30.7,25.4,20.5,86,X, ,X,보통
8/27/2023,아산(634),X,31.8,30.8,26,20.5,82,X,관심,X,높음
8/27/2023,계룡(636),X,31.3,31.6,24.7,19.1,81,X, ,X,높음
8/27/2023,연천청산(652),X,29.1,27.8,23.8,19.9,85,X, ,X,보통
8/27/2023,양양(670),X,27.4,25.6,22.7,20.1,86,X, ,X,낮음
8/27/2023,무안(699),X,32.7,32.6,26.1,21.5,80,X,관심,X,매우높음
8/27/2023,무주(701),X,31,30.5,24.3,19.2,84,X, ,X,매우높음
8/27/2023,익산(702),X,32,32.4,26.4,21.1,75,X,관심,X,높음
8/27/2023,진안(703),X,30.4,29.8,24,18.7,83,X, ,X,매우높음
8/27/2023,담양(706),O,33.9,,,,,O,주의,X,매우높음
8/27/2023,구례(709),X,32.9,32.4,26.2,22,87,O,주의,X,매우높음
8/27/2023,나주(710),X,32.8,32.4,26.1,21.1,84,O,주의,X,높음
8/27/2023,순천시(712),O,34,32.7,27.8,23,84,O,주의,O,매우높음
8/27/2023,광양읍(713),O,33,32.9,27.7,22.7,77,O,주의,X,매우높음
8/27/2023,장성(730),X,32.1,31.9,25.6,20.3,81,X,관심,X,매우높음
8/27/2023,영암(731),O,33,32.5,26.6,21,83,O,주의,X,높음
8/27/2023,보성(732),X,31.3,30.5,25.1,21,86,O,주의,X,높음
8/27/2023,완주(734),X,31.8,31.1,25.5,20,83,X,관심,X,높음
8/27/2023,김제(737),O,33.1,32.5,26.4,21.8,85,X,관심,X,높음
8/27/2023,화순(741),O,33.4,33.4,26.5,21.5,77,O,주의,X,매우높음
8/27/2023,함평(754),X,32.6,32.6,26.5,21.3,80,O,주의,X,매우높음
8/27/2023,곡성(768),O,33,32.1,25.9,20.7,85,O,주의,X,매우높음
8/27/2023,압해도(789),O,33,32.4,26.5,21.9,85,X,관심,X,매우높음
8/27/2023,영양(801),X,30.4,30,23.8,18.5,81,X, ,X,매우높음
8/27/2023,성주(810),X,31.7,32.5,25.6,21.1,76,X,관심,X,높음
8/27/2023,고령(812),X,31.8,31.7,24.7,20,88,X,관심,X,높음
8/27/2023,청도(813),X,32,31.3,24.7,20.8,85,X, ,X,높음
8/27/2023,예천(815),X,31.3,31.9,25.3,20.4,78,X,관심,X,매우높음
8/27/2023,김천(822),X,32.7,31.9,25.4,20.4,84,X,관심,X,높음
8/27/2023,군위(823),O,33.1,32.9,25.1,20.8,83,X,관심,X,높음
8/27/2023,칠곡(825),X,32.6,32.3,25.6,21.3,85,X,관심,X,높음
8/27/2023,경산(827),X,31.9,31.8,25.1,21.9,84,O,주의,X,높음
8/27/2023,삼척(876),X,28.2,27,23.9,21.4,79,X, ,X,낮음
8/27/2023,속초(90),X,28.2,25.9,23.1,21,87,X, ,X,낮음
8/27/2023,삼천포(907),X,32.4,31.2,26.6,22.1,81,X,관심,X,높음
8/27/2023,고성(918),X,32.7,31.4,26,21.1,84,X,관심,X,높음
8/27/2023,창녕(919),X,32.9,32.3,26,21.9,84,X,관심,X,높음
8/27/2023,함안(920),X,32.8,31.9,25.7,21.7,86,X,관심,X,높음
8/27/2023,북춘천(93),X,30.1,28.5,24.4,19.5,78.8,X,관심,X,낮음
8/27/2023,하동(932),X,32.8,31.9,27,22.1,81,O,주의,X,매우높음
8/27/2023,철원(95),X,29.5,28.2,23.3,18.5,85,X, ,X,낮음
8/27/2023,동두천(98),X,30,28.2,24.1,20,86.6,X, ,X,보통
8/27/2023,파주(99),X,29.8,27.6,23.3,19.8,91.9,X, ,X,보통
8/28/2023,북강릉(104),X,26,23.7,21.6,20.5,93.9,X, ,X,낮음
8/28/2023,동해(106),X,27.5,25.3,22.4,21.3,94.3,X, ,X,낮음
8/28/2023,서울(108),X,27.4,25.6,22.7,20.8,87.5,X, ,X,보통
8/28/2023,인천(112),X,27.6,25.6,22.7,20.5,88.3,X, ,X,보통
8/28/2023,원주(114),X,28.6,27.7,25,22,71.8,X,관심,O,낮음
8/28/2023,울릉도(115),X,29.5,26.4,25.4,23.6,93,X, ,O,보통
8/28/2023,수원(119),X,27.6,25.8,23.8,20.6,82.6,X, ,X,보통
8/28/2023,영월(121),X,28.8,28.1,24.2,20.7,72.3,X, ,X,낮음
8/28/2023,충주(127),X,29.8,29.2,26.1,22.4,68.9,X, ,O,보통
8/28/2023,서산(129),X,28.9,27.2,24.7,21.8,85.9,X, ,X,보통
8/28/2023,울진(130),X,29.1,27.6,24.5,21.7,84,X, ,X,보통
8/28/2023,청주(131),X,30.3,29.7,27.2,24.2,67.5,X,관심,O,보통
8/28/2023,대전(133),X,30.1,29,26.1,23.6,73.5,X,관심,X,보통
8/28/2023,추풍령(135),X,28,26.5,24.4,22.2,81,X,관심,X,보통
8/28/2023,안동(136),X,30.2,29.8,25.7,22.2,78.6,X, ,X,보통
8/28/2023,상주(137),X,30.2,28.6,25.5,23.1,82.6,X,관심,X,보통
8/28/2023,포항(138),X,28.5,26.8,25.3,24.3,80.5,X, ,X,높음
8/28/2023,군산(140),X,31.5,30.4,26.6,24,78.8,X,관심,X,보통
8/28/2023,대구(143),X,29.5,27.9,25.5,23,80.5,O,주의,X,높음
8/28/2023,전주(146),X,32.3,31.7,27.5,24,73.4,X,관심,X,보통
8/28/2023,울산(152),X,29.1,27.4,25.1,23.2,84.9,X,관심,X,높음
8/28/2023,창원(155),X,31.7,30.7,27.5,24.4,73.8,O,주의,O,높음
8/28/2023,광주(156),X,32.7,30.3,26.9,24.3,93.4,O,주의,X,높음
8/28/2023,부산(159),X,31.9,31.3,27.4,25,73.3,O,주의,O,높음
8/28/2023,통영(162),X,30.8,29,26.8,24.5,79.9,X,관심,O,높음
8/28/2023,목포(165),X,31.9,30.4,27.3,25.2,83.1,X,관심,O,높음
8/28/2023,여수(168),X,30,27.5,26.3,24.4,86.3,X,관심,O,높음
8/28/2023,흑산도(169),X,30.2,27.6,25.8,23.3,90.6,X,관심,X,높음
8/28/2023,완도(170),X,31.3,29,26.7,23.8,92.1,O,주의,X,높음
8/28/2023,고창(172),X,31.8,30.8,27,24.5,78.9,X,관심,X,보통
8/28/2023,제주(184),O,33.4,33.7,29.6,26.4,69.5,O,주의,O,높음
8/28/2023,진주(192),X,31.3,29.3,25.7,23,88.6,X,관심,X,높음
8/28/2023,양평(202),X,27.4,25.8,23.3,21.2,82.6,X, ,X,보통
8/28/2023,이천(203),X,27.5,25,23.1,21.4,89.8,X, ,X,보통
8/28/2023,인제(211),X,24.9,22.2,21.1,19.8,89.5,X, ,X,낮음
8/28/2023,홍천(212),X,26.4,24.3,22.2,20.1,85.5,X,관심,X,낮음
8/28/2023,태백(216),X,25,23.2,20,17.5,86.8,X, ,X,낮음
8/28/2023,정선군(217),X,27.2,26,22.5,18.9,80,X, ,X,낮음
8/28/2023,제천(221),X,28.1,26.8,23.8,20.7,76.1,X,관심,X,보통
8/28/2023,보은(226),X,29.2,27.7,25.1,22.4,80.3,X, ,O,보통
8/28/2023,천안(232),X,29.1,27.8,25.5,23,76.9,X,관심,O,보통
8/28/2023,보령(235),X,30.9,29.8,27.1,24.3,72.3,X,관심,O,보통
8/28/2023,부여(236),X,31.4,30.1,26,23.5,83.3,X,관심,X,보통
8/28/2023,금산(238),X,30.1,29.1,25.7,22.4,78.9,X,관심,X,보통
8/28/2023,세종(239),X,30.5,29.1,26.1,23.9,75.5,X,관심,X,보통
8/28/2023,부안(243),X,32,31.4,27.1,24.4,79,X,관심,X,보통
8/28/2023,임실(244),X,30.2,28.8,25.5,22.3,81,X,관심,X,보통
8/28/2023,정읍(245),X,31,30.4,27.1,23.5,74.1,X,관심,X,보통
8/28/2023,남원(247),X,31.2,30.1,26.7,23.7,78.1,X,관심,X,보통
8/28/2023,장수(248),X,29,27.8,24.7,21.1,81,X, ,X,보통
8/28/2023,영광군(252),X,32.2,31,27,23.9,81.6,O,주의,X,보통
8/28/2023,김해시(253),X,32.7,31.8,27.2,24,78.6,O,주의,O,높음
8/28/2023,순창군(254),X,31,29.5,26.4,23.2,81.4,X,관심,X,보통
8/28/2023,양산시(257),X,31.8,30.7,27.3,25.6,79.4,X,관심,X,높음
8/28/2023,강진군(259),X,32.4,31,27,23.5,86.8,O,주의,O,높음
8/28/2023,장흥(260),X,32.2,30.8,27,23.2,87.5,O,주의,O,보통
8/28/2023,해남(261),X,32.2,30.4,27,24.8,87.1,O,주의,O,높음
8/28/2023,고흥(262),X,30.6,28.8,26,22,84.5,O,주의,O,높음
8/28/2023,의령군(263),X,32.3,31.4,26.5,22.5,80.6,X,관심,X,높음
8/28/2023,함양군(264),X,29.9,27.5,25.3,23.4,85.9,X,관심,X,보통
8/28/2023,진도군ASOS(268),X,32.1,30.2,27.1,24,86.3,X,관심,O,높음
8/28/2023,봉화(271),X,27.9,26.9,23.2,19.7,79.5,X, ,X,보통
8/28/2023,영주(272),X,28.8,28,24.1,20.9,84.3,X, ,X,보통
8/28/2023,문경(273),X,29.2,27.7,24.7,21.7,83.3,X, ,X,보통
8/28/2023,청송군(276),X,29.8,28.2,24.3,20.7,88.8,X, ,X,높음
8/28/2023,영덕(277),X,28.4,26.5,24,21,84.4,X, ,X,보통
8/28/2023,의성(278),X,30.3,29.4,25.5,21.9,84.8,X,관심,X,보통
8/28/2023,구미(279),X,29.6,28.9,25.6,22.6,77.6,X, ,X,보통
8/28/2023,영천(281),X,29.5,28.2,24.6,21.2,87.3,X,관심,X,높음
8/28/2023,경주시(283),X,29.4,27.3,24.9,23.1,84.1,X, ,X,높음
8/28/2023,거창(284),X,28.7,26.9,24.5,22.1,85.6,X, ,X,보통
8/28/2023,합천(285),X,29.4,28.1,25.2,22.8,84.8,O,주의,X,높음
8/28/2023,밀양(288),X,31.1,31.1,26.5,22.1,74.9,X,관심,X,높음
8/28/2023,산청(289),X,29.5,27.4,25.1,23.1,90,X,관심,X,높음
8/28/2023,거제(294),X,29.9,28.4,26.2,24.1,82.6,O,주의,O,높음
8/28/2023,남해(295),X,31,29.1,25.9,24.2,87.1,X,관심,X,높음
8/28/2023,부천(433),X,26.5,25.1,21.7,19.3,86,X, ,X,보통
8/28/2023,안양(434),X,28.6,26.6,23.5,20.2,,X, ,X,보통
8/28/2023,광명(437),X,28.8,27.6,24,21.4,81,X, ,X,보통
8/28/2023,군포(438),X,27.9,26.7,23.8,20.6,77,X, ,X,보통
8/28/2023,김포(441),X,,24.7,22.5,20.6,,X, ,X,보통
8/28/2023,하남(444),X,26.9,25.9,22.6,19.3,80,X, ,X,보통
8/28/2023,의왕(445),X,,,,,86,X, ,X,보통
8/28/2023,포천(504),X,26.8,25.4,22.2,19.6,87,X, ,X,보통
8/28/2023,가평조종(505),X,25.7,23,21.5,19.9,97,X, ,X,보통
8/28/2023,안성(516),X,29.2,26.8,24.5,21.6,86,X,관심,X,보통
8/28/2023,간성(517),X,24.8,21.9,20.6,19.8,94,X, ,X,낮음
8/28/2023,평창(526),X,27.2,26.8,22.9,20.3,76,X, ,X,낮음
8/28/2023,의정부(532),X,27.1,24.2,22.2,19.9,98,X, ,X,보통
8/28/2023,횡성(536),X,27.9,27,24,21.2,76,X,관심,X,낮음
8/28/2023,고양(540),X,,,,,,X, ,X,보통
8/28/2023,남양주(541),X,26.6,24.9,22.7,20,87,X, ,X,보통
8/28/2023,안산(545),X,27,24.9,23,20.5,88,X, ,X,보통
8/28/2023,경기광주(546),X,26.7,25.7,22.4,19.6,79,X, ,X,보통
8/28/2023,여주(548),X,27.6,25.5,23.2,20.8,87,X, ,X,보통
8/28/2023,용인(549),X,26.2,24.3,22.4,19.8,85,X,관심,X,보통
8/28/2023,오산(550),X,27.9,26,24,21,84,X, ,X,보통
8/28/2023,평택(551),X,29.3,27.1,24.4,21,90,X,관심,X,보통
8/28/2023,화천(555),X,25.3,22.2,20.7,19.3,97,X, ,X,낮음
8/28/2023,양구(556),X,25.1,22.5,20.9,19.5,92,X, ,X,낮음
8/28/2023,시흥(565),X,28.6,27.1,23.6,20.9,87,X, ,X,보통
8/28/2023,구리(569),X,25.9,24.1,22.2,20.1,86,X, ,X,보통
8/28/2023,화성(571),X,28.4,26.5,24.1,21,84,X, ,X,보통
8/28/2023,성남(572),X,27.5,26.1,23.3,20.2,83,X, ,X,보통
8/28/2023,과천(590),X,28.2,26.6,23,20,89,X, ,X,보통
8/28/2023,양주(598),X,26.6,24.9,22.1,19.6,92,X, ,X,보통
8/28/2023,단양(601),X,30.3,30,24.6,20.4,82,X, ,X,보통
8/28/2023,진천(602),X,29.1,28.1,25.3,22.4,76,X,관심,X,보통
8/28/2023,괴산(603),X,29.7,28.9,25.1,21.3,80,X, ,X,보통
8/28/2023,옥천(604),X,31.7,30.9,27.1,24,76,X,관심,X,보통
8/28/2023,홍북(608),X,28.1,26,23.7,21.1,87,X,관심,X,보통
8/28/2023,공주(612),X,31.1,30.1,25.8,23.2,78,X,관심,X,보통
8/28/2023,서천(614),X,31.3,29.6,26.1,23.7,82,X,관심,X,보통
8/28/2023,논산(615),X,32.2,31.8,27.2,24.3,75,X,관심,X,보통
8/28/2023,당진(616),X,28.6,26.3,24.1,21.7,92,X, ,X,보통
8/28/2023,청양(618),X,30.8,29.2,25.5,22.8,83,X,관심,X,보통
8/28/2023,음성(619),X,28.1,26.9,23.8,21,77,X, ,X,보통
8/28/2023,증평(623),X,29.5,27.8,25.6,23.2,81,X, ,X,보통
8/28/2023,태안(627),X,29.4,27.2,24.8,22,88,X, ,X,보통
8/28/2023,예산(628),X,30,27.9,25.2,22.1,85,X,관심,X,보통
8/28/2023,아산(634),X,30,28.3,24.9,21.9,85,X,관심,X,보통
8/28/2023,계룡(636),X,30.5,29.2,25.6,21.9,79,X,관심,X,보통
8/28/2023,연천청산(652),X,26.6,25.1,21.6,19.6,93,X, ,X,보통
8/28/2023,양양(670),X,25.4,23,21.7,20.6,91,X, ,X,낮음
8/28/2023,무안(699),X,31.4,30.4,27.2,24.4,81,X,관심,O,보통
8/28/2023,무주(701),X,29.8,28.7,24.9,21.2,82,X,관심,X,보통
8/28/2023,익산(702),X,31.7,31.1,27,24.1,74,X,관심,X,보통
8/28/2023,진안(703),X,29.8,28.4,25.2,21.6,79,X, ,X,보통
8/28/2023,담양(706),X,32.9,30.8,27.1,24.3,89,O,주의,X,보통
8/28/2023,구례(709),X,31.2,29.4,26.8,23.6,83,O,주의,X,높음
8/28/2023,나주(710),X,32,30.2,26.3,24,90,O,주의,X,높음
8/28/2023,순천시(712),X,31.6,29.3,27.1,24.9,87,O,주의,O,보통
8/28/2023,광양읍(713),X,30.7,28.9,27,24.6,82,O,주의,O,보통
8/28/2023,장성(730),X,31.3,30.3,26.4,23.1,82,X,관심,X,보통
8/28/2023,영암(731),X,32.6,31.1,26.9,24.7,89,O,주의,O,높음
8/28/2023,보성(732),X,30.3,28.3,25.5,22.4,87,O,주의,X,높음
8/28/2023,완주(734),X,32.1,31.4,25.9,22.2,84,X,관심,X,보통
8/28/2023,김제(737),X,31.6,30.5,26.9,24,81,X,관심,X,보통
8/28/2023,화순(741),X,32.3,31.1,27,23.3,79,O,주의,X,높음
8/28/2023,함평(754),X,31.9,30.5,26.9,24.6,83,O,주의,X,보통
8/28/2023,곡성(768),X,31,29,26.2,22.7,85,O,주의,X,높음
8/28/2023,압해도(789),X,32.4,30.8,27.1,24.5,88,X,관심,O,높음
8/28/2023,영양(801),X,29.3,28,23.8,20.1,87,X, ,X,보통
8/28/2023,성주(810),X,30,29.3,25.7,22.8,80,X, ,X,보통
8/28/2023,고령(812),X,31,28.6,25,22.3,95,X, ,X,보통
8/28/2023,청도(813),X,31,30.1,25.1,21.7,84,X, ,X,높음
8/28/2023,예천(815),X,30.8,30.1,25.2,22,80,X, ,X,보통
8/28/2023,김천(822),X,30.2,28.3,25.1,22.9,88,X,관심,X,보통
8/28/2023,군위(823),X,31,29.5,25.9,22.1,84,X,관심,X,보통
8/28/2023,칠곡(825),X,30.8,29,25.8,22.8,89,X,관심,X,보통
8/28/2023,경산(827),X,30.2,28.6,25.4,22.6,84,O,주의,X,높음
8/28/2023,삼척(876),X,27.4,25.5,22.6,21.4,87,X, ,X,낮음
8/28/2023,속초(90),X,25.3,22.5,21.5,20.6,93.3,X, ,X,낮음
8/28/2023,삼천포(907),X,31.4,29.5,26.1,23.2,85,X,관심,O,높음
8/28/2023,고성(918),X,31.3,29.5,25.7,22.6,89,X,관심,X,높음
8/28/2023,창녕(919),X,31.1,29.7,26.2,23,86,X,관심,X,높음
8/28/2023,함안(920),X,32,30,25.4,21.9,89,X,관심,X,높음
8/28/2023,북춘천(93),X,26.5,24.7,22.3,20.4,88.4,X, ,X,낮음
8/28/2023,하동(932),X,31,28.7,26.2,24.4,86,O,주의,X,높음
8/28/2023,철원(95),X,25.4,23.1,20.9,19.2,93.6,X, ,X,낮음
8/28/2023,동두천(98),X,27.1,25.2,21.9,19,91,X, ,X,보통
8/28/2023,파주(99),X,26.5,24.2,21.1,19.2,96.9,X, ,X,보통
8/29/2023,북강릉(104),X,31.1,29.7,24.8,21.1,90.4,X, ,X,낮음
8/29/2023,동해(106),X,32.3,30.6,25.6,21.6,90.5,X, ,X,낮음
8/29/2023,서울(108),X,28.3,25.5,23.9,22.5,89.6,X, ,X,낮음
8/29/2023,인천(112),X,27.6,25.5,23.4,22.2,91.3,X, ,X,낮음
8/29/2023,원주(114),X,30.6,28.9,25.7,22.2,76.9,X, ,X,낮음
8/29/2023,울릉도(115),X,32.3,30,27.2,25.5,94.6,X,관심,O,높음
8/29/2023,수원(119),X,29.1,26.9,23.7,21.6,90.1,X, ,X,낮음
8/29/2023,영월(121),X,30.6,29.8,24.5,21.7,86.6,X, ,X,낮음
8/29/2023,충주(127),X,30.8,29.2,26.1,21.2,77.4,X,관심,X,보통
8/29/2023,서산(129),X,29.2,26.9,24,21.7,89.3,X, ,X,낮음
8/29/2023,울진(130),X,31.7,29.8,26.6,23.5,85.8,X,관심,X,높음
8/29/2023,청주(131),X,30.7,29.1,25.5,22.5,80.1,X,관심,X,낮음
8/29/2023,대전(133),X,30,28,24.8,21.6,86.3,X,관심,X,낮음
8/29/2023,추풍령(135),X,29.8,27.8,25.4,23.5,86.1,X,관심,X,낮음
8/29/2023,안동(136),X,30.9,29.6,26,22.5,86.8,X, ,X,낮음
8/29/2023,상주(137),X,30.3,27.7,25.4,23.8,92.9,X,관심,X,보통
8/29/2023,포항(138),X,31.5,30.7,27.1,24.3,79.9,X,관심,O,높음
8/29/2023,군산(140),X,30.3,28.1,24.7,22.1,90.5,X, ,X,보통
8/29/2023,대구(143),X,29.9,28,25.7,23.2,88.6,X,주의,X,낮음
8/29/2023,전주(146),X,31,29.4,25.9,22.8,82.8,X,관심,X,보통
8/29/2023,울산(152),X,30.7,29.5,26.3,24.7,84.5,X,관심,X,높음
8/29/2023,창원(155),X,30.3,28.7,26.9,25.4,85.5,X,주의,X,보통
8/29/2023,광주(156),X,32.4,28.9,25.5,23.1,99,X,관심,X,보통
8/29/2023,부산(159),X,30.3,29.1,27,25.2,79.8,X,주의,X,보통
8/29/2023,통영(162),X,30.4,28,26.7,25.2,87.5,X,관심,X,보통
8/29/2023,목포(165),X,30.7,28.3,25.7,23.6,91.1,X, ,X,낮음
8/29/2023,여수(168),X,31.5,29.5,27.2,25.4,87,X,관심,X,보통
8/29/2023,흑산도(169),X,29.6,26.8,24.4,21.4,94,X, ,X,보통
8/29/2023,완도(170),O,33.3,31.8,27.1,24.8,90.3,X,관심,X,높음
8/29/2023,고창(172),X,30.3,27.5,25.1,23,91.8,X,관심,X,보통
8/29/2023,제주(184),O,33.6,32.7,28,25.9,82.3,O,주의,X,높음
8/29/2023,진주(192),X,32.2,29.6,26.2,24.2,92.4,X,관심,X,낮음
8/29/2023,양평(202),X,28.8,26,23.7,21.7,90.5,X, ,X,낮음
8/29/2023,이천(203),X,30.5,28.1,23.9,21.6,95.6,X, ,X,보통
8/29/2023,인제(211),X,28.4,25.5,22.9,20.5,93.3,X, ,X,낮음
8/29/2023,홍천(212),X,29.7,28.1,23.6,21.3,89.9,X, ,X,낮음
8/29/2023,태백(216),X,27.4,26.5,23.5,21,81.9,X, ,X,낮음
8/29/2023,정선군(217),X,29.3,28.1,24.1,20.7,86.8,X, ,X,낮음
8/29/2023,제천(221),X,29.3,27,24.1,21.2,91.6,X,관심,X,낮음
8/29/2023,보은(226),X,29.2,27.1,24.8,21.6,89,X, ,X,낮음
8/29/2023,천안(232),X,29.6,27.1,24.4,20.9,87.8,X, ,X,보통
8/29/2023,보령(235),X,29.9,28.3,24.3,21.4,89.5,X, ,X,낮음
8/29/2023,부여(236),X,30.5,28.4,24.5,21.6,92.8,X, ,X,보통
8/29/2023,금산(238),X,30.2,28.7,24.7,21.7,89.8,X,관심,X,낮음
8/29/2023,세종(239),X,29.8,27.7,24.4,21.4,89.1,X,관심,X,낮음
8/29/2023,부안(243),X,30.8,28.5,25.2,23,91,X,관심,X,보통
8/29/2023,임실(244),X,30.4,27.9,24.4,21.8,93.5,X,관심,X,낮음
8/29/2023,정읍(245),X,30.1,28.4,25.3,22.6,85.6,X,관심,X,보통
8/29/2023,남원(247),X,30.8,28.6,25.8,23.2,90.1,X,관심,X,낮음
8/29/2023,장수(248),X,28.9,26.7,24,22.2,92,X, ,X,낮음
8/29/2023,영광군(252),X,30.6,28.4,25.3,23.2,89.9,X,관심,X,낮음
8/29/2023,김해시(253),X,31.2,29,26.7,25.5,90.9,X,주의,X,보통
8/29/2023,순창군(254),X,31.6,29.6,25.5,23.4,92.5,X,관심,X,보통
8/29/2023,양산시(257),X,32.6,31.5,27.3,24.8,89,X,관심,X,보통
8/29/2023,강진군(259),O,33,31.1,27.2,24.4,89.8,X,관심,X,낮음
8/29/2023,장흥(260),O,33.4,32,27,24.4,92.4,X,관심,X,낮음
8/29/2023,해남(261),O,33.4,31.9,27,23.9,86.3,X,관심,X,낮음
8/29/2023,고흥(262),X,31.5,30.2,26.3,24.1,87.9,X,관심,X,낮음
8/29/2023,의령군(263),X,32,30.2,25.9,23.5,89.8,X,관심,X,낮음
8/29/2023,함양군(264),X,30.9,28.6,25.7,24.2,93.3,X,관심,X,보통
8/29/2023,진도군ASOS(268),X,32.3,30.2,25.9,23.5,90.5,X,관심,X,보통
8/29/2023,봉화(271),X,28.8,27.3,23.8,20.5,90.4,X, ,X,낮음
8/29/2023,영주(272),X,28.9,25.8,24,22.5,98,X, ,X,낮음
8/29/2023,문경(273),X,29.6,26.9,24.7,23.3,94.6,X, ,X,낮음
8/29/2023,청송군(276),X,31.4,29.9,25.4,21,91,X, ,X,보통
8/29/2023,영덕(277),X,31.6,30.1,25.8,22,86.6,X,관심,X,보통
8/29/2023,의성(278),X,31,29.7,25.7,21.9,90.1,X,관심,X,낮음
8/29/2023,구미(279),X,30.1,28,26.1,24.6,84.8,X,관심,X,보통
8/29/2023,영천(281),X,30.3,28.8,25.6,22.5,90,X,관심,X,보통
8/29/2023,경주시(283),X,31.9,30.5,26.5,23.6,86.3,X,관심,X,보통
8/29/2023,거창(284),X,29.5,26.6,24.2,22.9,97.9,X, ,X,낮음
8/29/2023,합천(285),X,30.4,27.9,24.8,23.4,94,X,주의,X,보통
8/29/2023,밀양(288),X,30.1,28.9,25.9,23.3,86.9,X,관심,X,보통
8/29/2023,산청(289),X,30.5,27.6,25.1,24,97.1,X,관심,X,보통
8/29/2023,거제(294),X,30.3,28.7,26.8,25,85.5,X,주의,X,보통
8/29/2023,남해(295),X,31.5,29.2,26.9,25,87.8,X,관심,O,보통
8/29/2023,부천(433),X,26.6,25.2,22.5,20.8,88,X, ,X,낮음
8/29/2023,안양(434),X,25.4,27.1,24.3,22.3,,X, ,X,낮음
8/29/2023,광명(437),X,28.8,27.6,24.5,22.6,86,X, ,X,낮음
8/29/2023,군포(438),X,28.4,26.2,23.6,21.7,87,X, ,X,낮음
8/29/2023,김포(441),X,,25.8,23.7,21.8,,X, ,X,보통
8/29/2023,하남(444),X,28.1,26.2,23,20.5,87,X, ,X,보통
8/29/2023,의왕(445),X,,,,,92,X, ,X,낮음
8/29/2023,포천(504),X,27.5,25.7,23.4,21.4,92,X, ,X,낮음
8/29/2023,가평조종(505),X,28.1,24.8,22.7,21.2,98,X, ,X,보통
8/29/2023,안성(516),X,30.8,28.6,24.2,21,92,X, ,X,보통
8/29/2023,간성(517),X,28,25.7,23.6,20.8,91,X, ,X,낮음
8/29/2023,평창(526),X,28.2,26.9,23.6,21,86,X, ,X,낮음
8/29/2023,의정부(532),X,28,25.4,23.1,21,97,X, ,X,낮음
8/29/2023,횡성(536),X,30.7,28.7,24.1,21.6,88,X, ,X,낮음
8/29/2023,고양(540),X,,,,,,X, ,X,낮음
8/29/2023,남양주(541),X,28.8,26.5,23.7,21.9,91,X, ,X,낮음
8/29/2023,안산(545),X,28.7,26.5,23.1,20.8,94,X, ,X,보통
8/29/2023,경기광주(546),X,28.2,26.1,23.7,21.3,86,X, ,X,보통
8/29/2023,여주(548),X,30.4,28.6,24.6,20.8,87,X, ,X,보통
8/29/2023,용인(549),X,28.5,26,22.6,20.6,94,X, ,X,보통
8/29/2023,오산(550),X,30.5,28.2,23.4,21.4,94,X, ,X,보통
8/29/2023,평택(551),X,30.8,27.6,24.1,21.4,98,X, ,X,낮음
8/29/2023,화천(555),X,27.7,24.5,22,20.5,97,X, ,X,낮음
8/29/2023,양구(556),X,27.8,24.8,22.6,20.5,93,X, ,X,낮음
8/29/2023,시흥(565),X,28.6,26.9,24.1,22.2,90,X, ,X,낮음
8/29/2023,구리(569),X,28.5,26.4,23.5,21.4,89,X, ,X,낮음
8/29/2023,화성(571),X,28.9,26.6,23.9,21.5,91,X, ,X,보통
8/29/2023,성남(572),X,28.6,26.5,24,21.7,85,X, ,X,보통
8/29/2023,과천(590),X,29.2,26.8,23.6,21.7,95,X, ,X,낮음
8/29/2023,양주(598),X,27.7,25.4,23.1,20.6,94,X, ,X,낮음
8/29/2023,단양(601),X,30.1,29.1,26.2,22.9,81,X,관심,X,낮음
8/29/2023,진천(602),X,30.5,28.5,25.2,21.8,80,X, ,X,낮음
8/29/2023,괴산(603),X,31.8,30.3,25.3,21.7,86,X,관심,X,낮음
8/29/2023,옥천(604),X,31.5,29,26.2,23.7,91,X,관심,X,낮음
8/29/2023,홍북(608),X,28.7,26,22.8,20.1,95,X, ,X,낮음
8/29/2023,공주(612),X,29.9,28,24.2,21.7,91,X, ,X,보통
8/29/2023,서천(614),X,30.1,27.5,24.3,21.8,92,X, ,X,보통
8/29/2023,논산(615),X,31.9,30.7,25.5,22.7,87,X,관심,X,보통
8/29/2023,당진(616),X,29.2,26.5,23.8,21.4,94,X, ,X,낮음
8/29/2023,청양(618),X,30.1,27.9,23.8,20.6,91,X, ,X,보통
8/29/2023,음성(619),X,29.4,27.2,23.7,20.8,87,X, ,X,낮음
8/29/2023,증평(623),X,30.5,27.9,24.7,21.2,91,X, ,X,보통
8/29/2023,태안(627),X,29.1,26.4,23.7,21.7,93,X, ,X,낮음
8/29/2023,예산(628),X,30.9,28.4,24.3,21.5,90,X, ,X,낮음
8/29/2023,아산(634),X,29.8,27.4,23.9,21.3,92,X, ,X,낮음
8/29/2023,계룡(636),X,30,27.9,24,21.2,92,X, ,X,보통
8/29/2023,연천청산(652),X,27.4,26,22.9,20.7,94,X, ,X,낮음
8/29/2023,양양(670),X,30.6,28.4,24.9,21.3,87,X, ,X,낮음
8/29/2023,무안(699),X,30.4,28,25.5,23,91,X,관심,X,보통
8/29/2023,무주(701),X,30.5,28.8,24.8,22.6,90,X,관심,X,보통
8/29/2023,익산(702),X,31.4,29.7,25.3,22.9,89,X,관심,X,보통
8/29/2023,진안(703),X,29.6,26.9,23.8,20.9,91,X, ,X,낮음
8/29/2023,담양(706),X,32.9,29.9,25.9,24.3,95,X,관심,X,낮음
8/29/2023,구례(709),X,32.9,30.5,26,24.4,96,X,관심,X,낮음
8/29/2023,나주(710),X,31.6,29.1,25.9,23.6,94,X,관심,X,보통
8/29/2023,순천시(712),O,34,32,27.6,26,93,X,관심,O,낮음
8/29/2023,광양읍(713),X,32.9,31.1,26.6,25,96,X,관심,X,낮음
8/29/2023,장성(730),X,30.2,27.8,25.2,23,93,X,관심,X,보통
8/29/2023,영암(731),O,33,31.2,26.6,24,93,X,관심,X,낮음
8/29/2023,보성(732),X,31.7,30.1,26,24.4,91,X,관심,X,낮음
8/29/2023,완주(734),X,31.7,30.2,24.8,22.1,91,X,관심,X,보통
8/29/2023,김제(737),X,31.5,29.6,25,22.6,93,X,관심,X,보통
8/29/2023,화순(741),X,32.4,30.5,25.7,23.5,90,X,관심,X,보통
8/29/2023,함평(754),X,30.8,28.1,25.5,23.3,95,X,관심,X,보통
8/29/2023,곡성(768),X,31.6,29.1,25.7,24.2,96,X,관심,X,보통
8/29/2023,압해도(789),X,31.2,28.2,25.5,23,96,X,관심,X,보통
8/29/2023,영양(801),X,31.7,30.4,25,20.7,91,X, ,X,보통
8/29/2023,성주(810),X,29.9,28.1,25.8,23.9,87,X,관심,X,보통
8/29/2023,고령(812),X,31,27.5,25,22.9,99,X,관심,X,보통
8/29/2023,청도(813),X,29.6,27.8,24.7,22.1,93,X,관심,X,보통
8/29/2023,예천(815),X,29.9,28,25,22.9,92,X, ,X,낮음
8/29/2023,김천(822),X,31.2,28.9,26.1,23.8,92,X,관심,X,보통
8/29/2023,군위(823),X,31.1,29.7,26,22.8,88,X,관심,X,보통
8/29/2023,칠곡(825),X,31,27.9,25.9,24.3,98,X,관심,X,보통
8/29/2023,경산(827),X,30.5,28.9,25.6,22.7,91,X,주의,X,보통
8/29/2023,삼척(876),O,33,31.6,25.9,21.3,85,X, ,X,낮음
8/29/2023,속초(90),X,28.6,26,23.9,21.8,93.3,X, ,X,낮음
8/29/2023,삼천포(907),X,32.5,30.1,26.6,24.6,91,X,관심,X,낮음
8/29/2023,고성(918),X,32.2,29.4,26.5,24.1,93,X,관심,O,낮음
8/29/2023,창녕(919),X,30.7,28.5,25.9,23.4,96,X,관심,X,낮음
8/29/2023,함안(920),X,32,29.6,25.5,23.3,96,X,관심,X,낮음
8/29/2023,북춘천(93),X,28.3,25.3,23,21.4,95.9,X, ,X,낮음
8/29/2023,하동(932),X,32.1,30.3,26,24.5,93,X,주의,X,보통
8/29/2023,철원(95),X,27.7,25,22.7,21.3,95.6,X, ,X,낮음
8/29/2023,동두천(98),X,27.7,25.8,22.8,21.2,95.8,X, ,X,낮음
8/29/2023,파주(99),X,27.9,25,22.9,20.6,97.8,X, ,X,보통
8/30/2023,북강릉(104),X,28.3,26.5,22.6,20.1,93,X, ,X,낮음
8/30/2023,동해(106),X,28.3,25,22.8,20.9,99,X, ,X,낮음
8/30/2023,서울(108),X,26.6,24.5,22.8,21.5,88,X, ,X,보통
8/30/2023,인천(112),X,26.6,24.3,22.9,21.8,84.9,X, ,X,보통
8/30/2023,원주(114),X,25.2,22.7,21.4,19.8,88.6,X, ,X,낮음
8/30/2023,울릉도(115),X,32,29.8,26.8,25.8,94.5,X, ,X,높음
8/30/2023,수원(119),X,26.8,25.1,21.8,20.5,90.8,X, ,X,보통
8/30/2023,영월(121),X,25.8,23,21,19.3,95.1,X, ,X,낮음
8/30/2023,충주(127),X,24.9,22.1,21,19.5,92.3,X, ,X,낮음
8/30/2023,서산(129),X,26.3,23.9,22.1,20.5,92.8,X, ,X,보통
8/30/2023,울진(130),X,28.9,26.6,25.2,22,91.3,X, ,X,보통
8/30/2023,청주(131),X,25.7,23.6,22.3,21.3,86.9,X, ,X,낮음
8/30/2023,대전(133),X,25.3,22.7,21.1,19.8,93.9,X, ,X,낮음
8/30/2023,추풍령(135),X,26.3,23.5,21,20.1,92.8,X, ,X,낮음
8/30/2023,안동(136),X,28.4,25.6,23,20.6,95.9,X, ,X,낮음
8/30/2023,상주(137),X,27.6,24.5,21.9,20.8,97.8,X, ,X,낮음
8/30/2023,포항(138),X,30.3,28.6,27,25.9,80.9,X, ,X,보통
8/30/2023,군산(140),X,25.9,23.1,21.6,19.9,95.3,X, ,X,낮음
8/30/2023,대구(143),X,28.7,25.9,24.7,22.3,95,X, ,X,낮음
8/30/2023,전주(146),X,25.7,23,21.8,19.8,92.4,X, ,X,낮음
8/30/2023,울산(152),X,30.9,29.2,26.5,24.6,82.3,X, ,X,보통
8/30/2023,창원(155),X,29.3,26.6,25.7,24.4,90,X, ,X,낮음
8/30/2023,광주(156),X,26.8,23.6,21.9,19.8,99,X, ,X,낮음
8/30/2023,부산(159),X,30.2,28.3,27.2,24.8,81,X, ,O,보통
8/30/2023,통영(162),X,29.9,27.1,26,24.6,91.1,X, ,X,낮음
8/30/2023,목포(165),X,26.5,24,22,20.3,89.6,X, ,X,보통
8/30/2023,여수(168),X,29.8,27,25.6,24.2,91.8,X, ,X,낮음
8/30/2023,흑산도(169),X,25.9,22.9,21,18.8,93.3,X, ,X,보통
8/30/2023,완도(170),X,28.6,26.5,23.4,21,93.5,X, ,X,보통
8/30/2023,고창(172),X,26.1,23.1,21,18.4,93.3,X, ,X,낮음
8/30/2023,제주(184),X,28.5,26,23.9,22.1,87,X,관심,X,보통
8/30/2023,진주(192),X,30.4,27.8,25.2,23.7,95.3,X, ,X,낮음
8/30/2023,양평(202),X,26.4,24.5,21.5,20.2,91.9,X, ,X,보통
8/30/2023,이천(203),X,27.2,24.6,21.7,20.2,97.8,X, ,X,낮음
8/30/2023,인제(211),X,26.7,25.2,21.5,19.3,90.9,X, ,X,낮음
8/30/2023,홍천(212),X,26,24.3,21.2,19.2,92.9,X, ,X,낮음
8/30/2023,태백(216),X,26,23.9,21.1,18.6,95,X, ,X,낮음
8/30/2023,정선군(217),X,26.5,24.2,21.6,19.6,90.9,X, ,X,낮음
8/30/2023,제천(221),X,25.3,22.2,20.3,18.9,99,X, ,X,보통
8/30/2023,보은(226),X,25.3,22.3,20.9,19.8,97.1,X, ,X,낮음
8/30/2023,천안(232),X,25.8,23.2,21.4,20.7,96.3,X, ,X,보통
8/30/2023,보령(235),X,26.3,23.7,22,21.1,97,X, ,X,보통
8/30/2023,부여(236),X,26.3,23.5,21.7,20,97,X, ,X,낮음
8/30/2023,금산(238),X,25.7,22.5,21.2,19.9,97.9,X, ,X,낮음
8/30/2023,세종(239),X,25.8,23.1,21.4,20.2,95.1,X, ,X,낮음
8/30/2023,부안(243),X,26,23.3,21.5,19.3,94.9,X, ,X,낮음
8/30/2023,임실(244),X,25.5,22.5,21.5,20.4,95.9,X, ,X,낮음
8/30/2023,정읍(245),X,25.6,23.2,21.4,19.1,92.1,X, ,X,낮음
8/30/2023,남원(247),X,26.3,23.2,21.8,21.2,98,X, ,X,낮음
8/30/2023,장수(248),X,25.9,22.6,20.9,20,100,X, ,X,낮음
8/30/2023,영광군(252),X,26.2,23.2,21.2,19,92.1,X, ,X,보통
8/30/2023,김해시(253),X,30.8,27.9,26.3,24.4,95.9,X, ,X,보통
8/30/2023,순창군(254),X,26.6,23.6,22.1,20.7,97.3,X, ,X,낮음
8/30/2023,양산시(257),X,31.5,29.5,27.1,24.6,90.1,X, ,O,보통
8/30/2023,강진군(259),X,27.4,24.9,22.6,20.9,95,X, ,X,보통
8/30/2023,장흥(260),X,27.9,24.6,22.4,20.4,98.3,X, ,X,보통
8/30/2023,해남(261),X,27.3,25.9,22.6,19.9,89.8,X, ,X,낮음
8/30/2023,고흥(262),X,28.7,25.9,23.7,21.6,94.9,X, ,X,낮음
8/30/2023,의령군(263),X,29.9,27.4,25.6,24.7,92,X, ,X,낮음
8/30/2023,함양군(264),X,28.4,25.7,23.5,21.6,95.4,X, ,X,낮음
8/30/2023,진도군ASOS(268),X,27.3,25.6,22.3,19.9,86.9,X, ,X,보통
8/30/2023,봉화(271),X,27.8,25.1,22.5,19.9,96,X, ,X,낮음
8/30/2023,영주(272),X,27.5,24.2,21.6,20,98.8,X, ,X,낮음
8/30/2023,문경(273),X,27.4,24.1,21.7,19.9,96.3,X, ,X,낮음
8/30/2023,청송군(276),X,28.6,25.3,23.9,21.7,99.6,X, ,X,낮음
8/30/2023,영덕(277),X,29,26.2,25,23.6,93.3,X, ,X,보통
8/30/2023,의성(278),X,28.8,25.5,23.5,21.4,99.8,X, ,X,낮음
8/30/2023,구미(279),X,28.1,25.5,22.2,21,95.8,X, ,X,낮음
8/30/2023,영천(281),X,28.9,25.7,24.4,22.2,99.4,X, ,X,낮음
8/30/2023,경주시(283),X,30.5,28.1,25.7,24.6,91.1,X, ,X,보통
8/30/2023,거창(284),X,27.8,24.7,23,20.8,97.9,X, ,X,낮음
8/30/2023,합천(285),X,28.8,26,24.2,22.5,95,X, ,X,낮음
8/30/2023,밀양(288),X,28.7,26.2,25.2,24.6,90.9,X, ,X,낮음
8/30/2023,산청(289),X,29.2,26.3,23.8,21.8,99,X, ,X,낮음
8/30/2023,거제(294),X,30,28,26,24.5,88.3,X, ,X,낮음
8/30/2023,남해(295),X,29.9,27.5,26.1,24.5,90.6,X, ,X,낮음
8/30/2023,부천(433),X,25.7,24.4,21.6,20.1,83,X, ,X,보통
8/30/2023,안양(434),X,24.3,24.9,22.3,20.9,,X, ,X,보통
8/30/2023,광명(437),X,27.6,26.2,23.2,21.7,85,X, ,X,보통
8/30/2023,군포(438),X,26.5,24.9,21.8,20.1,88,X, ,X,보통
8/30/2023,김포(441),X,,25.7,23,20.8,,X, ,X,보통
8/30/2023,하남(444),X,26.6,25.1,21.1,18.8,90,X, ,X,보통
8/30/2023,의왕(445),X,,,,,94,X, ,X,보통
8/30/2023,포천(504),X,26.9,25,22.1,20.2,92,X, ,X,보통
8/30/2023,가평조종(505),X,27,25.6,21.5,18.9,95,X, ,X,보통
8/30/2023,안성(516),X,26.8,24.4,21.3,20,98,X, ,X,보통
8/30/2023,간성(517),X,26.7,25.6,22.2,20.1,88,X, ,X,낮음
8/30/2023,평창(526),X,25.4,22.8,20.5,18.3,89,X, ,X,낮음
8/30/2023,의정부(532),X,27.2,24.6,22,20.5,97,X, ,X,보통
8/30/2023,횡성(536),X,25.6,23.3,20.9,19,93,X, ,X,낮음
8/30/2023,고양(540),X,,,,,,X, ,X,보통
8/30/2023,남양주(541),X,27.1,25.1,22.1,20.5,92,X, ,X,보통
8/30/2023,안산(545),X,27,24.8,21.3,19.7,95,X, ,X,보통
8/30/2023,경기광주(546),X,27.2,25.4,21.6,19.5,92,X, ,X,보통
8/30/2023,여주(548),X,26,23.1,20.7,19,98,X, ,X,낮음
8/30/2023,용인(549),X,25.5,23.7,20.9,19.5,95,X, ,X,보통
8/30/2023,오산(550),X,27.5,25.1,21.9,20.3,95,X, ,X,보통
8/30/2023,평택(551),X,27.6,24.5,21.6,20.5,99,X, ,X,보통
8/30/2023,화천(555),X,28.1,25.9,21.5,19.1,96,X, ,X,낮음
8/30/2023,양구(556),X,27.2,26.1,21.5,19.8,88,X, ,X,낮음
8/30/2023,시흥(565),X,27.8,26.3,22.8,20.9,90,X, ,X,보통
8/30/2023,구리(569),X,26.7,24.8,22,20.2,90,X, ,X,보통
8/30/2023,화성(571),X,26.9,24.7,21.9,20.1,94,X, ,X,보통
8/30/2023,성남(572),X,26.5,24.9,22,20.2,87,X, ,X,보통
8/30/2023,과천(590),X,27.3,25.2,21.7,19.5,97,X, ,X,보통
8/30/2023,양주(598),X,27.9,26.3,22.2,20,92,X, ,X,보통
8/30/2023,단양(601),X,25.9,22.9,21.4,20.1,96,X, ,X,낮음
8/30/2023,진천(602),X,25.9,23.5,22.1,21.3,90,X, ,X,낮음
8/30/2023,괴산(603),X,25.6,22.8,21.2,19.8,97,X, ,X,낮음
8/30/2023,옥천(604),X,27.1,24.2,22.9,21.7,98,X, ,X,낮음
8/30/2023,홍북(608),X,25.9,22.6,20.6,19.2,99,X, ,X,보통
8/30/2023,공주(612),X,26,23.3,21.5,20.3,97,X, ,X,낮음
8/30/2023,서천(614),X,26,23,21.8,20.2,98,X, ,X,낮음
8/30/2023,논산(615),X,26.3,23.6,21.7,20.4,95,X, ,X,낮음
8/30/2023,당진(616),X,27,24.1,21.8,20.2,99,X, ,X,보통
8/30/2023,청양(618),X,26.3,23.5,21.4,20,96,X, ,X,보통
8/30/2023,음성(619),X,24.6,22,20.3,19.1,95,X, ,X,낮음
8/30/2023,증평(623),X,26.1,23.2,21.4,20.6,98,X, ,X,낮음
8/30/2023,태안(627),X,27.5,25,21.8,20.4,94,X, ,X,보통
8/30/2023,예산(628),X,27,24.4,21.9,20.6,95,X, ,X,보통
8/30/2023,아산(634),X,27,24.4,21.5,20.1,96,X, ,X,보통
8/30/2023,계룡(636),X,25.4,22.3,20.9,19.9,100,X, ,X,낮음
8/30/2023,연천청산(652),X,26.8,25.8,22,19.8,89,X, ,X,보통
8/30/2023,양양(670),X,27.3,25.9,23.2,20.5,84,X, ,X,낮음
8/30/2023,무안(699),X,26.6,24.7,21.8,19,90,X, ,X,보통
8/30/2023,무주(701),X,25.7,22.7,21.3,20.4,96,X, ,X,낮음
8/30/2023,익산(702),X,26.3,23.5,21.9,20.3,96,X, ,X,낮음
8/30/2023,진안(703),X,24.8,21.9,20.7,19.9,98,X, ,X,보통
8/30/2023,담양(706),X,27.5,24.5,22.8,20.9,95,X, ,X,보통
8/30/2023,구례(709),X,28.4,25.4,23.1,21.9,99,X, ,X,낮음
8/30/2023,나주(710),X,26.8,24.1,21.8,19.5,95,X, ,X,낮음
8/30/2023,순천시(712),X,31.1,28.5,25.7,22.9,97,X, ,X,낮음
8/30/2023,광양읍(713),X,30.9,28.1,25.1,22.6,98,X, ,X,낮음
8/30/2023,장성(730),X,27.2,24.6,21.3,18.8,96,X, ,X,낮음
8/30/2023,영암(731),X,27.5,25.2,22.5,20.1,96,X, ,X,낮음
8/30/2023,보성(732),X,27.5,24.4,22.1,20.5,96,X, ,X,낮음
8/30/2023,완주(734),X,26.3,23.4,21.7,20.6,98,X, ,X,낮음
8/30/2023,김제(737),X,26.2,23.1,21.3,19.6,99,X, ,X,낮음
8/30/2023,화순(741),X,27,24.3,22.2,20,93,X, ,X,낮음
8/30/2023,함평(754),X,26.5,24.2,21.7,18.8,93,X, ,X,보통
8/30/2023,곡성(768),X,28,24.7,21.9,21.1,100,X, ,X,낮음
8/30/2023,압해도(789),X,26.8,24.5,22.2,19.8,94,X, ,X,보통
8/30/2023,영양(801),X,28.6,25.3,23.7,22,99,X, ,X,낮음
8/30/2023,성주(810),X,28.6,26,24,21.5,93,X, ,X,낮음
8/30/2023,고령(812),X,29.3,26,24.3,21.8,99,X, ,X,낮음
8/30/2023,청도(813),X,28.5,25.4,24.6,24,97,X, ,X,낮음
8/30/2023,예천(815),X,27.3,24.1,22.2,20.7,98,X, ,X,낮음
8/30/2023,김천(822),X,28.4,25,21.8,21,98,X, ,X,낮음
8/30/2023,군위(823),X,28.6,25.5,23,21.2,98,X, ,X,낮음
8/30/2023,칠곡(825),X,29.4,26,23.5,21.5,100,X, ,X,낮음
8/30/2023,경산(827),X,28.9,25.8,24.8,22.8,97,X, ,X,낮음
8/30/2023,삼척(876),X,27.9,25,23.2,21,95,X, ,X,낮음
8/30/2023,속초(90),X,27.3,24.9,22.5,20.7,89.9,X, ,X,낮음
8/30/2023,삼천포(907),X,30.4,27.3,25.5,24.2,94,X, ,X,낮음
8/30/2023,고성(918),X,29.9,27.2,25.9,24.5,95,X, ,X,낮음
8/30/2023,창녕(919),X,30.1,27,25,23,98,X, ,X,낮음
8/30/2023,함안(920),X,30.2,27.2,25.1,24.1,,X, ,X,낮음
8/30/2023,북춘천(93),X,27.3,25.6,21.8,19.7,93.1,X, ,X,낮음
8/30/2023,하동(932),X,30.2,27,24.6,22.3,97,X, ,X,낮음
8/30/2023,철원(95),X,27.2,26.1,22.1,19.2,88.3,X, ,X,낮음
8/30/2023,동두천(98),X,27.6,26.1,22.1,20.1,92.4,X, ,X,보통
8/30/2023,파주(99),X,27.3,25.2,21.5,19.1,94.1,X, ,X,보통
8/31/2023,북강릉(104),X,27.4,26.5,22.1,18.8,85.9,X, ,X,낮음
8/31/2023,동해(106),X,27.9,25.3,22.3,20,94.1,X, ,X,낮음
8/31/2023,서울(108),X,28.7,28.9,23.9,21,76.9,X, ,X,높음
8/31/2023,인천(112),X,28.1,26.9,23.6,21.1,78,X, ,X,높음
8/31/2023,원주(114),X,27.1,27.4,22.5,19.6,77.6,X, ,X,낮음
8/31/2023,울릉도(115),X,29.6,26.6,23.8,21.8,96.5,X, ,X,보통
8/31/2023,수원(119),X,28.5,28.2,22.7,19.9,82.4,X, ,X,높음
8/31/2023,영월(121),X,27.1,26.3,21.6,18.9,85.1,X, ,X,낮음
8/31/2023,충주(127),X,27.9,27.3,22,18.2,82.8,X, ,X,보통
8/31/2023,서산(129),X,28.9,28.4,22.6,19.5,82.6,X, ,X,높음
8/31/2023,울진(130),X,27.4,25.7,23,21.3,89.3,X, ,X,보통
8/31/2023,청주(131),X,28,28,23.6,21.1,75.9,X, ,X,보통
8/31/2023,대전(133),X,27.5,27.1,22.5,19.8,81.3,X, ,X,보통
8/31/2023,추풍령(135),X,27.4,26.7,22.7,19.5,79.3,X, ,X,보통
8/31/2023,안동(136),X,28.9,28,22.9,20.2,86.9,X, ,X,보통
8/31/2023,상주(137),X,29.9,28.8,24.1,20.5,82.3,X, ,X,보통
8/31/2023,포항(138),X,28.8,27.2,25.1,22.8,81.8,X, ,X,높음
8/31/2023,군산(140),X,28.3,27,22.7,19.9,85.5,X, ,X,보통
8/31/2023,대구(143),X,27.6,25.7,23.3,21.2,89.8,X, ,X,낮음
8/31/2023,전주(146),X,28.2,27.3,23.3,19.9,79.6,X, ,X,보통
8/31/2023,울산(152),X,31.2,29.9,25.2,22.8,85.4,X, ,X,높음
8/31/2023,창원(155),X,30.2,28.6,25.4,23,84.4,X,관심,X,보통
8/31/2023,광주(156),X,30.4,28.9,23.6,19.9,90.3,X, ,X,보통
8/31/2023,부산(159),X,31.4,30.5,26.6,24.5,81.1,X,관심,X,높음
8/31/2023,통영(162),X,32.9,31.4,26.1,24.5,89.5,X, ,X,높음
8/31/2023,목포(165),X,27.8,26.5,23.4,20.4,80.8,X, ,X,높음
8/31/2023,여수(168),X,29.8,28.1,25.2,22.8,86.5,X, ,X,높음
8/31/2023,흑산도(169),X,27.8,26.1,22.6,20.7,84.4,X, ,X,보통
8/31/2023,완도(170),X,30.8,29.9,25.3,20.6,74.6,X, ,X,높음
8/31/2023,고창(172),X,28,27.1,22.1,18.4,85.6,X, ,X,보통
8/31/2023,제주(184),X,28.6,27.8,24.6,21.6,71.4,X, ,X,보통
8/31/2023,진주(192),X,30.8,29.4,24.7,22.2,89.6,X, ,X,낮음
8/31/2023,양평(202),X,27.4,27.2,22.3,19.9,82.6,X, ,X,높음
8/31/2023,이천(203),X,28.5,27.6,22.5,19.2,87.4,X, ,X,보통
8/31/2023,인제(211),X,27.5,27.1,21.7,19,85.9,X, ,X,낮음
8/31/2023,홍천(212),X,27.4,27.2,22,19,82.5,X, ,X,낮음
8/31/2023,태백(216),X,27.6,26.9,20.5,17,86.1,X, ,X,낮음
8/31/2023,정선군(217),X,28.5,28.4,22.2,18.7,79.8,X, ,X,낮음
8/31/2023,제천(221),X,27.1,26,20.8,16.9,88.4,X, ,X,보통
8/31/2023,보은(226),X,27.2,26.2,21.6,17.6,86.6,X, ,X,보통
8/31/2023,천안(232),X,27.8,27.2,22.1,18.7,85.1,X, ,X,보통
8/31/2023,보령(235),X,29,27.9,22.9,19.8,84,X, ,X,높음
8/31/2023,부여(236),X,28.9,28.5,22.7,20.2,86.3,X, ,X,보통
8/31/2023,금산(238),X,27.7,27,22,18.5,85.3,X, ,X,보통
8/31/2023,세종(239),X,28.6,28,22.2,19.8,84.4,X, ,X,보통
8/31/2023,부안(243),X,28.3,27.9,22.8,19.3,83.9,X, ,X,보통
8/31/2023,임실(244),X,28.4,27.4,23,19.8,82,X, ,X,보통
8/31/2023,정읍(245),X,28.1,27.3,22.7,19.3,82.5,X, ,X,보통
8/31/2023,남원(247),X,30.2,29.5,24.6,20.6,79.6,X, ,X,보통
8/31/2023,장수(248),X,28.8,27.9,22.8,19.4,83.4,X, ,X,보통
8/31/2023,영광군(252),X,28.3,27,22.5,18.7,84.8,X, ,X,보통
8/31/2023,김해시(253),O,33.1,31.9,26.4,24.4,89.6,X,관심,X,높음
8/31/2023,순창군(254),X,29.2,28.6,23.7,20.1,81.8,X, ,X,보통
8/31/2023,양산시(257),O,33.4,32.4,27.3,24.6,89.1,X,관심,X,높음
8/31/2023,강진군(259),X,31.3,31.2,25.2,20.7,75.6,X, ,X,보통
8/31/2023,장흥(260),X,30.5,30.2,24.7,20.6,80.5,X, ,X,보통
8/31/2023,해남(261),X,29.7,29.4,24.1,20,78.8,X, ,X,높음
8/31/2023,고흥(262),X,30.1,29.6,24.4,21.2,85.1,X, ,X,높음
8/31/2023,의령군(263),X,30,28.5,24.9,21.9,86.5,X,관심,X,낮음
8/31/2023,함양군(264),X,31.3,30.2,25.1,21,86.5,X, ,X,보통
8/31/2023,진도군ASOS(268),X,28,26.7,23.6,19.9,81.8,X, ,X,높음
8/31/2023,봉화(271),X,27.1,26,21.8,19,87.9,X, ,X,보통
8/31/2023,영주(272),X,27.7,26.2,22.2,18.7,87.9,X, ,X,보통
8/31/2023,문경(273),X,28.2,27.3,22.7,19.1,83,X, ,X,보통
8/31/2023,청송군(276),X,28.6,26.5,22.9,20.9,94.9,X, ,X,낮음
8/31/2023,영덕(277),X,27.6,25.3,22.4,21.3,96.1,X, ,X,낮음
8/31/2023,의성(278),X,29,27.9,23.9,21,88.5,X, ,X,보통
8/31/2023,구미(279),X,29.7,29.5,24.3,20.8,79.1,X, ,X,보통
8/31/2023,영천(281),X,28,25.4,23.1,20.8,93.1,X, ,X,낮음
8/31/2023,경주시(283),X,29.9,28.6,24.9,22.2,85.1,X, ,X,보통
8/31/2023,거창(284),X,30,29,24,20.4,84.6,X, ,X,보통
8/31/2023,합천(285),X,29.6,28.5,24.1,21,85,X,관심,X,보통
8/31/2023,밀양(288),X,30.1,29.1,25.6,22.6,80.9,X,관심,X,보통
8/31/2023,산청(289),X,31.1,30,24.8,21.3,88,X, ,X,보통
8/31/2023,거제(294),X,31,29.2,25.6,24.1,89.8,X,관심,X,높음
8/31/2023,남해(295),X,29.7,28.6,25.1,22.8,87.9,X, ,X,높음
8/31/2023,부천(433),X,27.6,27.8,22.4,19.3,75,X, ,X,높음
8/31/2023,안양(434),X,24.8,28.1,23.6,20.8,,X, ,X,높음
8/31/2023,광명(437),X,29.3,29.8,24.7,21.5,71,X, ,X,높음
8/31/2023,군포(438),X,29.2,29.4,23.6,20.3,75,X, ,X,높음
8/31/2023,김포(441),X,,29.2,23.7,20.6,,X, ,X,높음
8/31/2023,하남(444),X,28,27.7,21.5,18.4,82,X, ,X,높음
8/31/2023,의왕(445),X,29,28.6,22.2,19.3,84,X, ,X,높음
8/31/2023,포천(504),X,29.1,28.8,22.7,18.3,82,X, ,X,보통
8/31/2023,가평조종(505),X,29,28.1,21.9,18.1,88,X, ,X,보통
8/31/2023,안성(516),X,28.1,27.3,22.2,19,86,X, ,X,보통
8/31/2023,간성(517),X,28.2,26.3,21.7,18.7,86,X, ,X,낮음
8/31/2023,평창(526),X,27,26.8,20.6,17,82,X, ,X,낮음
8/31/2023,의정부(532),X,29.3,28.1,22.5,19.3,89,X, ,X,높음
8/31/2023,횡성(536),X,28.3,28.1,21.8,18.6,83,X, ,X,낮음
8/31/2023,고양(540),X,,,,,,X, ,X,높음
8/31/2023,남양주(541),X,29.5,29.5,23.2,20,80,X, ,X,보통
8/31/2023,안산(545),X,29.5,28.8,22.1,18.2,87,X, ,X,높음
8/31/2023,경기광주(546),X,27.4,27.3,22.1,18.9,83,X, ,X,높음
8/31/2023,여주(548),X,26.8,25.6,21.4,18.9,90,X, ,X,보통
8/31/2023,용인(549),X,26.9,26.7,21.7,18.6,84,X, ,X,보통
8/31/2023,오산(550),X,29.1,28.4,22.6,18.8,87,X, ,X,높음
8/31/2023,평택(551),X,29,28.3,23.2,20.4,86,X, ,X,보통
8/31/2023,화천(555),X,29,27.8,21.7,18.2,92,X, ,X,낮음
8/31/2023,양구(556),X,27.7,27.6,21.8,18.9,82,X, ,X,낮음
8/31/2023,시흥(565),X,29.1,28.2,23.2,19.4,84,X, ,X,높음
8/31/2023,구리(569),X,28.7,28.8,23.2,20,79,X, ,X,높음
8/31/2023,화성(571),X,29,28.3,23.1,20.1,84,X, ,X,높음
8/31/2023,성남(572),X,28.2,27.9,22.9,20,80,X, ,X,높음
8/31/2023,과천(590),X,29.2,28.8,22.6,19,87,X, ,X,높음
8/31/2023,양주(598),X,30.3,29.7,23,18.9,82,X, ,X,높음
8/31/2023,단양(601),X,28.5,27.4,22.3,18.9,86,X, ,X,보통
8/31/2023,진천(602),X,28.3,28.6,22.6,18.9,80,X, ,X,보통
8/31/2023,괴산(603),X,28.1,27.8,22,17.6,85,X, ,X,보통
8/31/2023,옥천(604),X,28.5,28.1,23.4,20.3,85,X, ,X,보통
8/31/2023,홍북(608),X,28.3,28.1,21.3,17.5,89,X, ,X,높음
8/31/2023,공주(612),X,27.9,27.4,22.1,18.8,86,X, ,X,보통
8/31/2023,서천(614),X,28.6,27,22.4,19.3,89,X, ,X,보통
8/31/2023,논산(615),X,29.3,29.2,23.1,19.6,83,X, ,X,보통
8/31/2023,당진(616),X,29.3,28.4,22.5,19,88,X, ,X,높음
8/31/2023,청양(618),X,28.6,28,21.8,17.6,88,X, ,X,보통
8/31/2023,음성(619),X,27.1,26.2,20.9,16.6,85,X, ,X,보통
8/31/2023,증평(623),X,28.2,27.2,22,18.4,88,X, ,X,보통
8/31/2023,태안(627),X,29.8,29,23.1,19.4,80,X, ,X,높음
8/31/2023,예산(628),X,28.1,27.8,22.9,20.1,85,X, ,X,보통
8/31/2023,아산(634),X,28.8,28.3,22.7,19.4,84,X, ,X,보통
8/31/2023,계룡(636),X,27.8,27.4,21.2,16.8,87,X, ,X,보통
8/31/2023,연천청산(652),X,28.5,28.5,22.3,18.3,82,X, ,X,높음
8/31/2023,양양(670),X,27.6,27.1,22.6,19.4,81,X, ,X,낮음
8/31/2023,무안(699),X,28.7,27.7,23.2,18.9,82,X, ,X,보통
8/31/2023,무주(701),X,27.8,26.8,22.6,19.9,85,X, ,X,보통
8/31/2023,익산(702),X,27.6,27.7,23.1,20,80,X, ,X,보통
8/31/2023,진안(703),X,27.9,27.3,22.4,19.5,83,X, ,X,보통
8/31/2023,담양(706),X,30.8,29.7,24.2,20.2,86,X, ,X,보통
8/31/2023,구례(709),X,30.6,29.4,25.1,21.7,89,X,관심,X,높음
8/31/2023,나주(710),X,29.5,28.6,23.4,19,84,X, ,X,보통
8/31/2023,순천시(712),X,32.2,31.6,26.3,22.6,87,X,관심,X,보통
8/31/2023,광양읍(713),X,31.7,31.2,26.1,22.1,85,X, ,X,보통
8/31/2023,장성(730),X,29.2,28.3,22.6,18.4,85,X, ,X,보통
8/31/2023,영암(731),X,30.3,29.6,24,19.9,86,X, ,X,보통
8/31/2023,보성(732),X,29.9,29,23.7,20.2,84,X, ,X,보통
8/31/2023,완주(734),X,28.8,27.7,22.8,19.5,86,X, ,X,보통
8/31/2023,김제(737),X,28.2,27.5,22.7,19.3,88,X, ,X,보통
8/31/2023,화순(741),X,31,30.6,24.1,19.8,80,X, ,X,보통
8/31/2023,함평(754),X,29.1,28.6,23.3,18.5,82,X, ,X,보통
8/31/2023,곡성(768),X,31.7,31.1,24.2,20.1,85,X, ,X,보통
8/31/2023,압해도(789),X,29.7,28.1,23.6,20.3,86,X, ,X,높음
8/31/2023,영양(801),X,28.7,27.1,22.7,20.8,94,X, ,X,낮음
8/31/2023,성주(810),X,29.2,29.2,24.5,21.1,79,X, ,X,보통
8/31/2023,고령(812),X,29.4,28.2,23.6,20.8,92,X, ,X,보통
8/31/2023,청도(813),X,28.8,26.6,23.7,21.1,91,X, ,X,보통
8/31/2023,예천(815),X,28.6,27.7,23.2,20.2,82,X, ,X,보통
8/31/2023,김천(822),X,30.1,29.2,24.2,20.2,84,X, ,X,보통
8/31/2023,군위(823),X,29.4,28.7,23.9,20.9,86,X, ,X,보통
8/31/2023,칠곡(825),X,30.1,29.2,24.6,21.2,88,X, ,X,보통
8/31/2023,경산(827),X,27.7,25.5,23.4,21.4,92,X, ,X,낮음
8/31/2023,삼척(876),X,29.6,27.8,22.8,20.5,87,X, ,X,낮음
8/31/2023,속초(90),X,28.4,26.6,22.5,19.1,84.6,X, ,X,낮음
8/31/2023,삼천포(907),X,30.7,28.8,25.3,23,91,X, ,X,보통
8/31/2023,고성(918),X,31.7,29.9,26.2,23.5,91,X, ,X,보통
8/31/2023,창녕(919),X,30,27.8,24.1,21.2,93,X,관심,X,낮음
8/31/2023,함안(920),X,,27.7,24.3,21.3,,X, ,X,보통
8/31/2023,북춘천(93),X,28.1,27.6,22.4,18.9,85.4,X, ,X,낮음
8/31/2023,하동(932),X,31.7,30.5,25.4,22.1,88,X,관심,X,보통
8/31/2023,철원(95),X,27.7,27.5,22.4,17.9,82.3,X, ,X,낮음
8/31/2023,동두천(98),X,29.2,28.3,22.5,18.7,85,X, ,X,높음
8/31/2023,파주(99),X,28.7,27.9,22.3,18.7,87.9,X, ,X,높음
