일시,지점,폭염여부(O/X),최고체감온도(°C),최고기온(°C),평균기온(°C),최저기온(°C),평균상대습도(%),폭염특보(O/X),폭염영향예보(단계),열대야(O/X),자외선지수(단계)
9/1/2023,북강릉(104),X,28,28.2,23,17.5,71.1,X, ,X,낮음
9/1/2023,동해(106),X,27.5,27,22.5,18.8,82.4,X, ,X,낮음
9/1/2023,서울(108),X,29.1,29.6,24.5,19.7,70.6,X, ,X,높음
9/1/2023,인천(112),X,28.3,28.3,24.1,20.4,73,X, ,X,높음
9/1/2023,원주(114),X,28.4,29.1,22.7,17.9,74,X, ,X,낮음
9/1/2023,울릉도(115),X,27.4,24.6,23,21.1,92,X, ,X,보통
9/1/2023,수원(119),X,28.8,29.7,23.7,18.3,72.8,X, ,X,높음
9/1/2023,영월(121),X,28.6,28.8,22.2,18.8,80.9,X, ,X,낮음
9/1/2023,충주(127),X,28.6,29.1,22.8,18.5,77.1,X, ,X,높음
9/1/2023,서산(129),X,28.8,29.5,23.3,17.4,73.5,X, ,X,매우높음
9/1/2023,울진(130),X,27.7,26.5,23.1,20.2,84.1,X, ,X,높음
9/1/2023,청주(131),X,28.6,29.8,24,18.6,68.6,X, ,X,매우높음
9/1/2023,대전(133),X,28.7,29.4,23.1,18.2,72.8,X, ,X,매우높음
9/1/2023,추풍령(135),X,28.6,28.8,22.1,18.2,79.3,X, ,X,매우높음
9/1/2023,안동(136),X,29.2,29.7,23.3,19.7,80.3,X,관심,X,보통
9/1/2023,상주(137),X,29.8,29.6,23.3,18.6,81.1,X, ,X,매우높음
9/1/2023,포항(138),X,28.7,26.9,25,23.5,82.6,X, ,X,보통
9/1/2023,군산(140),X,30.3,30,24.1,18.6,74.6,X, ,X,매우높음
9/1/2023,대구(143),X,30.4,30.2,25.8,23.1,76.6,X, ,X,보통
9/1/2023,전주(146),X,29.9,30.5,24.2,18.9,71,X, ,X,매우높음
9/1/2023,울산(152),X,27.6,25.4,23.4,22.4,91.8,X, ,X,보통
9/1/2023,창원(155),X,28.7,26.9,24.4,23.4,89.4,X, ,X,보통
9/1/2023,광주(156),X,30.3,30.1,24.6,20.3,83.5,X,관심,X,높음
9/1/2023,부산(159),X,28,25.4,24,22.8,89.9,X, ,X,보통
9/1/2023,통영(162),X,28,24.9,24.3,23.5,95.5,X, ,X,보통
9/1/2023,목포(165),X,29.6,28.7,24.2,21.3,80.6,X, ,X,보통
9/1/2023,여수(168),X,29.6,27.7,25.7,24.4,84.1,X, ,X,높음
9/1/2023,흑산도(169),X,27.9,26,23.3,21,81.4,X, ,X,매우높음
9/1/2023,완도(170),X,32.1,31.1,25.9,22.2,83.5,X,관심,X,높음
9/1/2023,고창(172),X,29.7,29.4,23.3,18.5,82.1,X, ,X,매우높음
9/1/2023,제주(184),X,28.9,26.9,25,23,83,X, ,X,높음
9/1/2023,진주(192),X,31.6,30.5,25.5,22.5,85.4,X, ,X,높음
9/1/2023,양평(202),X,28.9,29.2,22.1,18.3,81.9,X, ,X,높음
9/1/2023,이천(203),X,29.6,29.3,21.9,18.5,87.4,X, ,X,높음
9/1/2023,인제(211),X,28.3,28.9,22.1,17.7,77.3,X, ,X,낮음
9/1/2023,홍천(212),X,28.3,29,21.7,17.7,79.5,X, ,X,낮음
9/1/2023,태백(216),X,26.9,27.6,19,12,75.3,X, ,X,낮음
9/1/2023,정선군(217),X,30.6,31.3,22,16.8,75.1,X, ,X,낮음
9/1/2023,제천(221),X,28.4,28.3,21.2,16.2,85.8,X, ,X,높음
9/1/2023,보은(226),X,28.7,28.9,21.3,17.2,84.9,X, ,X,매우높음
9/1/2023,천안(232),X,28.7,29.4,22.1,17.3,81.9,X, ,X,매우높음
9/1/2023,보령(235),X,29.2,29.9,23.5,18.5,70.8,X, ,X,매우높음
9/1/2023,부여(236),X,30.2,30.3,23.1,17.5,79.8,X, ,X,매우높음
9/1/2023,금산(238),X,28.9,29.3,21.4,16.7,82.4,X, ,X,매우높음
9/1/2023,세종(239),X,29.7,29.5,22.6,18.3,81.4,X, ,X,매우높음
9/1/2023,부안(243),X,29.5,30.2,23.6,18.1,78.8,X,관심,X,매우높음
9/1/2023,임실(244),X,28.1,29.7,22.9,18.8,74.8,X,관심,X,보통
9/1/2023,정읍(245),X,29.9,30.2,23.5,19.5,77.3,X,관심,X,매우높음
9/1/2023,남원(247),X,30.3,30.5,24.5,20.8,75.9,X, ,X,보통
9/1/2023,장수(248),X,28.1,28,21.7,17.1,82.3,X, ,X,보통
9/1/2023,영광군(252),X,29.9,30.2,23.6,18.6,78.5,X, ,X,매우높음
9/1/2023,김해시(253),X,29.1,25.9,24.4,23.5,99.1,X,관심,X,보통
9/1/2023,순창군(254),X,30.5,31.2,23.9,19.1,78.5,X,관심,X,보통
9/1/2023,양산시(257),X,29.6,26.8,24.9,24,98.1,X, ,X,보통
9/1/2023,강진군(259),O,33,32.6,26.3,21.2,82.5,X,관심,X,보통
9/1/2023,장흥(260),O,33,32.6,25.9,21,85.6,O,관심,X,높음
9/1/2023,해남(261),X,31.7,30.9,25.1,20.1,86.1,O,관심,X,높음
9/1/2023,고흥(262),X,30.9,30,24.8,21.5,87.4,X, ,X,높음
9/1/2023,의령군(263),X,31.8,31.5,26.4,23.4,81.3,X,관심,X,높음
9/1/2023,함양군(264),X,30.5,31.2,24.7,19.3,82.1,X, ,X,보통
9/1/2023,진도군ASOS(268),X,29.9,29.2,24.6,20.6,79.1,X, ,X,높음
9/1/2023,봉화(271),X,27.4,27.6,20.8,16.8,82,X, ,X,높음
9/1/2023,영주(272),X,28.9,28.2,21.2,16.5,86,X, ,X,높음
9/1/2023,문경(273),X,29.9,29.4,21.9,17.3,82.9,X, ,X,매우높음
9/1/2023,청송군(276),X,30.9,30.4,23.8,20,85.9,X, ,X,보통
9/1/2023,영덕(277),X,28,26.7,22.7,19.9,88.3,X, ,X,보통
9/1/2023,의성(278),X,29.7,29.7,24.1,19.6,85.3,X,관심,X,보통
9/1/2023,구미(279),X,29.5,29.6,23.5,19.4,76.4,X, ,X,보통
9/1/2023,영천(281),X,29.7,29.3,24.6,22.2,85.3,X, ,X,보통
9/1/2023,경주시(283),X,29.8,28.5,24.5,23.1,89.5,X, ,X,보통
9/1/2023,거창(284),X,29.4,29.9,23,17.5,79.9,X, ,X,보통
9/1/2023,합천(285),X,29.9,30.6,24.2,19.8,78.9,X, ,X,높음
9/1/2023,밀양(288),X,30.1,29.9,24.9,23.2,85.8,X, ,X,보통
9/1/2023,산청(289),X,32,30.8,24.7,20.4,85,X, ,X,보통
9/1/2023,거제(294),X,28,24.9,23.8,23.2,97.5,X, ,X,낮음
9/1/2023,남해(295),X,28.9,27.4,25,23.4,89.5,X, ,X,보통
9/1/2023,부천(433),X,27.8,29.2,23.6,18.8,65,X, ,X,높음
9/1/2023,안양(434),X,25.2,29.7,24.4,19.9,,X, ,X,높음
9/1/2023,광명(437),X,29.1,31,25.8,21.2,63,X, ,X,높음
9/1/2023,군포(438),X,28.9,30.7,24.8,19.4,63,X, ,X,높음
9/1/2023,김포(441),X,,29.5,23.8,18.8,,X, ,X,높음
9/1/2023,하남(444),X,28.6,29.5,21.9,16.9,74,X, ,X,높음
9/1/2023,의왕(445),X,28.4,29.3,23.1,17.8,73,X, ,X,높음
9/1/2023,포천(504),X,29.8,30,22,16.8,81,X, ,X,높음
9/1/2023,가평조종(505),X,28.3,28.7,21.4,16.8,83,X, ,X,높음
9/1/2023,안성(516),X,29.5,29.7,22.9,17.4,81,X, ,X,높음
9/1/2023,간성(517),X,28.1,27.3,22.2,16,79,X, ,X,낮음
9/1/2023,평창(526),X,28.6,29.1,20.8,16.8,76,X, ,X,낮음
9/1/2023,의정부(532),X,29.6,29,22.8,17.5,85,X, ,X,높음
9/1/2023,횡성(536),X,29.3,29.8,22,17.1,80,X, ,X,낮음
9/1/2023,고양(540),X,,,,,,X, ,X,높음
9/1/2023,남양주(541),X,29.7,30.7,23.4,17.2,74,X, ,X,높음
9/1/2023,안산(545),X,29.2,30.3,22.2,16,80,X, ,X,높음
9/1/2023,경기광주(546),X,28.3,29,22,18.2,77,X, ,X,높음
9/1/2023,여주(548),X,28,27.7,21.4,17.7,87,X, ,X,높음
9/1/2023,용인(549),X,27.6,28.5,21.7,17.4,78,X, ,X,높음
9/1/2023,오산(550),X,30.1,30.3,23.3,17.2,79,X, ,X,높음
9/1/2023,평택(551),X,30.4,31.3,23.5,18.2,82,X, ,X,높음
9/1/2023,화천(555),X,28.8,29,21.4,17.9,87,X, ,X,낮음
9/1/2023,양구(556),X,28.2,29,22.2,17.6,75,X, ,X,낮음
9/1/2023,시흥(565),X,29.8,30.8,23.6,17.6,76,X, ,X,높음
9/1/2023,구리(569),X,29,29.8,23.3,18.1,71,X, ,X,높음
9/1/2023,화성(571),X,29.4,30.2,24,18.8,74,X, ,X,높음
9/1/2023,성남(572),X,28.6,29.6,23.6,18.4,70,X, ,X,높음
9/1/2023,과천(590),X,29.2,29.9,22.9,17.1,78,X, ,X,높음
9/1/2023,양주(598),X,29.3,29.4,22.5,17.1,82,X, ,X,높음
9/1/2023,단양(601),X,29.9,29.7,22.3,18.2,83,X, ,X,높음
9/1/2023,진천(602),X,29.1,29.7,22.2,17.9,81,X, ,X,높음
9/1/2023,괴산(603),X,29,29.8,22,17.9,83,X, ,X,매우높음
9/1/2023,옥천(604),X,30.5,30.4,23.7,20.3,82,X, ,X,매우높음
9/1/2023,홍북(608),X,29,29.8,22.2,15.8,74,X, ,X,매우높음
9/1/2023,공주(612),X,30.3,30.1,22.2,17.4,84,X, ,X,매우높음
9/1/2023,서천(614),X,30.4,30.4,23,16.6,79,X, ,X,매우높음
9/1/2023,논산(615),X,30.5,31.4,23.4,17.2,79,X, ,X,매우높음
9/1/2023,당진(616),X,29.3,29.7,22.7,18.1,82,X, ,X,높음
9/1/2023,청양(618),X,29,29.7,21.6,15.7,81,X, ,X,매우높음
9/1/2023,음성(619),X,27.8,28.1,21,16.6,84,X, ,X,높음
9/1/2023,증평(623),X,29.1,29.4,22.3,16.9,83,X, ,X,매우높음
9/1/2023,태안(627),X,29.5,29.8,24.5,19.3,69,X, ,X,매우높음
9/1/2023,예산(628),X,29.3,29.8,23.3,17.9,76,X, ,X,매우높음
9/1/2023,아산(634),X,30,30.4,23.3,17.4,77,X, ,X,높음
9/1/2023,계룡(636),X,28.8,28.5,21.2,15.7,85,X, ,X,매우높음
9/1/2023,연천청산(652),X,28,28.2,21.1,16.2,82,X, ,X,높음
9/1/2023,양양(670),X,28.7,29,23.6,18.7,71,X, ,X,낮음
9/1/2023,무안(699),X,30.7,30.7,23.9,18.9,79,X,관심,X,보통
9/1/2023,무주(701),X,28.5,29.3,22.3,18.6,82,X, ,X,매우높음
9/1/2023,익산(702),X,28.9,29.8,23.4,17.2,75,X,관심,X,매우높음
9/1/2023,진안(703),X,27.6,28.1,21.7,17.4,79,X, ,X,보통
9/1/2023,담양(706),X,31.4,32.1,24.6,19.7,81,X,관심,X,매우높음
9/1/2023,구례(709),X,32.2,31,25.2,21.7,87,O,관심,X,보통
9/1/2023,나주(710),X,30.2,30.5,24.1,19.3,80,O,관심,X,보통
9/1/2023,순천시(712),X,32.9,31.7,26.7,22.9,87,O,관심,X,높음
9/1/2023,광양읍(713),X,32.8,32.3,26.6,22.7,83,X,관심,X,높음
9/1/2023,장성(730),X,30.8,30.7,23.1,18.2,80,X,관심,X,보통
9/1/2023,영암(731),X,31.2,30.7,24.7,19.9,85,O,관심,X,보통
9/1/2023,보성(732),X,31.7,31,24.9,20.1,85,X,관심,X,높음
9/1/2023,완주(734),X,30,30.4,23.1,17.2,78,X, ,X,매우높음
9/1/2023,김제(737),X,30,29.8,23.9,18.4,79,X,관심,X,매우높음
9/1/2023,화순(741),X,32.8,32.6,24.7,20.4,78,O,관심,X,보통
9/1/2023,함평(754),X,30.6,30.9,23.7,18.5,80,X,관심,X,보통
9/1/2023,곡성(768),X,31,30.8,23.5,19.8,86,X,관심,X,보통
9/1/2023,압해도(789),X,32.3,31.2,24.3,20.6,82,X,관심,X,보통
9/1/2023,영양(801),X,29.9,29.1,22.7,19,88,X, ,X,보통
9/1/2023,성주(810),X,29.7,30.6,24.3,19.1,72,X, ,X,보통
9/1/2023,고령(812),X,29.7,30.1,23.8,19.1,83,X, ,X,높음
9/1/2023,청도(813),X,31.1,30.6,24.8,22.9,87,X, ,X,보통
9/1/2023,예천(815),X,29.3,29.5,22.5,18.1,81,X,관심,X,높음
9/1/2023,김천(822),X,30.1,30.4,23.1,17.7,83,X, ,X,매우높음
9/1/2023,군위(823),X,29.6,29.8,23,19.1,83,X, ,X,낮음
9/1/2023,칠곡(825),X,29.5,29.7,24.2,19.6,81,X, ,X,보통
9/1/2023,경산(827),X,31,30.4,25.7,23.1,82,X, ,X,보통
9/1/2023,삼척(876),X,28.5,28.2,23.4,19.9,75,X, ,X,낮음
9/1/2023,속초(90),X,28.9,28.9,22.8,17.6,76.9,X, ,X,낮음
9/1/2023,삼천포(907),X,31.6,29.7,24.9,23,91,X,관심,X,보통
9/1/2023,고성(918),X,29.8,27.5,24.7,23.7,95,X, ,X,보통
9/1/2023,창녕(919),X,31,30.3,25.6,23.1,85,X, ,X,높음
9/1/2023,함안(920),X,30.6,28.7,25.3,23.3,89,X, ,X,보통
9/1/2023,북춘천(93),X,29.2,29.6,22.8,18.4,78.5,X, ,X,낮음
9/1/2023,하동(932),X,32.2,31.4,25.9,22.2,85,X,관심,X,높음
9/1/2023,철원(95),X,27.8,27.9,21,16.3,83.3,X, ,X,낮음
9/1/2023,동두천(98),X,28.3,27.9,22,16.7,80.8,X, ,X,높음
9/1/2023,파주(99),X,29.2,28.8,22,17.1,85.5,X, ,X,높음
9/2/2023,북강릉(104),X,26.9,26.3,22.7,18.7,76.1,X, ,X,낮음
9/2/2023,동해(106),X,27.2,25.8,22.4,18.5,88.3,X, ,X,낮음
9/2/2023,서울(108),X,30,30.8,25.4,19.7,63.9,X,관심,X,매우높음
9/2/2023,인천(112),X,29.2,29.1,25.1,20.2,71.1,X, ,X,매우높음
9/2/2023,원주(114),X,29.7,30.7,24.3,17.9,69.3,X, ,X,낮음
9/2/2023,울릉도(115),X,28.1,26.7,23.8,21.1,77.6,X, ,X,높음
9/2/2023,수원(119),X,30,31.3,24.8,18.4,69,X, ,X,매우높음
9/2/2023,영월(121),X,29.7,30.4,23.7,18.5,75.3,X, ,X,낮음
9/2/2023,충주(127),X,30.9,31,24.5,17.6,73.6,X,관심,X,매우높음
9/2/2023,서산(129),X,30.4,30.4,24.5,18.7,74.8,X, ,X,매우높음
9/2/2023,울진(130),X,29,27.5,23.6,18.5,84,X, ,X,높음
9/2/2023,청주(131),X,31.1,31.9,25.9,19.8,66.9,X,관심,X,매우높음
9/2/2023,대전(133),X,30.4,31.3,24.6,17.9,70.8,X,관심,X,매우높음
9/2/2023,추풍령(135),X,28.3,28.3,22.3,15.5,81.4,X,관심,X,매우높음
9/2/2023,안동(136),X,30.3,29.7,23.6,18.7,83.8,X,관심,X,매우높음
9/2/2023,상주(137),X,30.8,30.4,22.6,17,88.4,X, ,X,매우높음
9/2/2023,포항(138),X,28.9,27.3,25.2,22.8,78.5,X, ,X,보통
9/2/2023,군산(140),X,30.5,30.7,25,20.4,74.4,X, ,X,매우높음
9/2/2023,대구(143),X,29.9,28.9,24.9,22.5,79.8,X, ,X,보통
9/2/2023,전주(146),X,30.2,30.4,24.8,19,74.5,X,관심,X,매우높음
9/2/2023,울산(152),X,29.7,28,23.8,22,88,X, ,X,보통
9/2/2023,창원(155),X,31,29.7,24.3,23.1,87.8,X,관심,X,높음
9/2/2023,광주(156),X,30.5,27.2,24.3,22,98.1,X,관심,X,높음
9/2/2023,부산(159),X,28.8,27.1,24.2,23.1,85.8,X, ,X,보통
9/2/2023,통영(162),X,29,26.8,24.3,23.1,92.4,X, ,X,보통
9/2/2023,목포(165),X,30.3,28.1,24.9,22.4,88.6,X,관심,X,낮음
9/2/2023,여수(168),X,28.5,26.1,24.5,23.4,89.4,X, ,X,보통
9/2/2023,흑산도(169),X,27.9,25.7,23.2,22.1,90.6,X, ,X,매우높음
9/2/2023,완도(170),X,30.2,28.2,25.2,23.6,93.5,X,관심,X,낮음
9/2/2023,고창(172),X,29.5,27.8,24.2,20.1,86.1,X,관심,X,매우높음
9/2/2023,제주(184),X,31.2,31,27.4,24.6,72.6,X, ,X,보통
9/2/2023,진주(192),X,28.7,26.3,24,21.5,91.1,X, ,X,보통
9/2/2023,양평(202),X,28.6,29.3,22.6,17.9,78.8,X,관심,X,높음
9/2/2023,이천(203),X,30,30.2,22.8,17.2,82.3,X,관심,X,높음
9/2/2023,인제(211),X,29.8,30.2,22.2,17.5,78.3,X, ,X,낮음
9/2/2023,홍천(212),X,29.2,29.8,22.4,17.2,78.9,X, ,X,낮음
9/2/2023,태백(216),X,26.5,25.9,19.3,12.5,83.4,X, ,X,낮음
9/2/2023,정선군(217),X,30.6,31.1,22,16.4,76.4,X, ,X,낮음
9/2/2023,제천(221),X,29.8,30,22.2,15.5,82.4,X,관심,X,매우높음
9/2/2023,보은(226),X,29.3,29.5,22.2,15.9,84.3,X, ,X,매우높음
9/2/2023,천안(232),X,29.9,30.4,23.8,16.9,74.9,X, ,X,매우높음
9/2/2023,보령(235),X,31.1,31.1,25,18.9,73.5,X, ,X,매우높음
9/2/2023,부여(236),X,30.6,31,24.5,17.8,77.6,X,관심,X,매우높음
9/2/2023,금산(238),X,29.4,29.6,22.4,15.8,85.3,X, ,X,매우높음
9/2/2023,세종(239),X,30.8,31.1,24.5,18.1,75,X,관심,X,매우높음
9/2/2023,부안(243),X,30,30,24.2,18.5,83,X,관심,X,매우높음
9/2/2023,임실(244),X,29.1,28.3,23,17.9,85,X, ,X,매우높음
9/2/2023,정읍(245),X,30.2,29.1,23.6,19.3,83.4,X,관심,X,매우높음
9/2/2023,남원(247),X,29,27.3,23.8,20.6,83,X, ,X,높음
9/2/2023,장수(248),X,28.8,28.1,22.4,16.1,84.6,X, ,X,높음
9/2/2023,영광군(252),X,30,28.5,24.1,20.1,85.3,X,관심,X,매우높음
9/2/2023,김해시(253),X,32.4,30.7,24.3,22.6,97.1,X,관심,X,보통
9/2/2023,순창군(254),X,29.7,28.6,23.5,19.4,87.3,X,관심,X,높음
9/2/2023,양산시(257),X,32.1,30.9,24.9,23,93.8,X,관심,X,높음
9/2/2023,강진군(259),X,30.5,28.5,25.3,23.1,91.3,X,관심,X,보통
9/2/2023,장흥(260),X,30.4,28.6,24.6,22.9,94.1,O,관심,X,보통
9/2/2023,해남(261),X,30.9,28.9,25.3,23.4,89.9,O,주의,X,보통
9/2/2023,고흥(262),X,29.2,27.3,23.6,22.2,93,X, ,X,보통
9/2/2023,의령군(263),X,30.4,28.8,25.1,21.8,88.3,X, ,X,보통
9/2/2023,함양군(264),X,30.2,29.2,23.5,18.6,88.3,X, ,X,보통
9/2/2023,진도군ASOS(268),X,30.7,29,25,22.1,89.3,X,관심,X,보통
9/2/2023,봉화(271),X,28,28.2,21.9,16,78.9,X, ,X,매우높음
9/2/2023,영주(272),X,29.2,29.4,23,15.6,78.5,X, ,X,매우높음
9/2/2023,문경(273),X,30.1,29.5,22.8,16.1,85.6,X, ,X,매우높음
9/2/2023,청송군(276),X,30.5,29.3,22.9,19.2,90.5,X, ,X,높음
9/2/2023,영덕(277),X,28.5,26.9,23.2,18.5,85.8,X, ,X,높음
9/2/2023,의성(278),X,30.6,30.5,23.8,18.5,85.1,X,관심,X,매우높음
9/2/2023,구미(279),X,30.5,30.3,23.4,17.6,81.5,X, ,X,매우높음
9/2/2023,영천(281),X,29.6,28.6,24.2,21.2,84.5,X,관심,X,보통
9/2/2023,경주시(283),X,30.2,28.8,24.5,22.3,85.9,X, ,X,보통
9/2/2023,거창(284),X,29,28,22.3,16.5,87.4,X, ,X,높음
9/2/2023,합천(285),X,29.1,28.3,23.5,18.9,85.6,X,관심,X,낮음
9/2/2023,밀양(288),X,31.5,31.1,25.4,23.3,80.4,X,관심,X,보통
9/2/2023,산청(289),X,29.7,28.4,23.6,19.4,87.1,X, ,X,보통
9/2/2023,거제(294),X,28,25.2,23.6,22.6,96.8,X, ,X,보통
9/2/2023,남해(295),X,28.5,26.4,23.8,22.3,93.1,X, ,X,보통
9/2/2023,부천(433),X,28.8,30.1,24.3,19.1,63,X, ,X,매우높음
9/2/2023,안양(434),X,26.3,30.4,25.1,20.3,,X, ,X,높음
9/2/2023,광명(437),X,30.1,32.4,26.9,21.8,58,X, ,X,매우높음
9/2/2023,군포(438),X,30,32,25,20,64,X, ,X,매우높음
9/2/2023,김포(441),X,,30.7,24.4,18.4,,X,관심,X,높음
9/2/2023,하남(444),X,28.9,30,22.6,16.9,71,X, ,X,높음
9/2/2023,의왕(445),X,29.5,30.1,23.5,17.5,76,X, ,X,매우높음
9/2/2023,포천(504),X,30.5,30.8,22.5,16.2,76,X, ,X,높음
9/2/2023,가평조종(505),X,28.9,29.5,21.3,16.3,84,X, ,X,높음
9/2/2023,안성(516),X,30.3,30.8,24.1,17.5,78,X,관심,X,높음
9/2/2023,간성(517),X,27.2,25.8,21.9,17.7,79,X, ,X,낮음
9/2/2023,평창(526),X,29.4,30.2,22.3,16.1,72,X, ,X,낮음
9/2/2023,의정부(532),X,30.6,29.8,23,17.6,85,X,관심,X,높음
9/2/2023,횡성(536),X,30.5,31,23.3,16.4,74,X, ,X,낮음
9/2/2023,고양(540),X,,,,,,X, ,X,높음
9/2/2023,남양주(541),X,29.7,31.7,23.9,17.3,70,X, ,X,높음
9/2/2023,안산(545),X,30.3,30.9,22.9,16.2,81,X, ,X,높음
9/2/2023,경기광주(546),X,28.9,29.3,22.6,17.8,74,X, ,X,높음
9/2/2023,여주(548),X,29.1,29.8,22.9,17,80,X,관심,X,높음
9/2/2023,용인(549),X,28.3,29.2,22.2,16.6,77,X, ,X,높음
9/2/2023,오산(550),X,30.7,30.6,23.9,17.4,77,X, ,X,높음
9/2/2023,평택(551),X,31.4,31.6,24.5,18.2,78,X,관심,X,높음
9/2/2023,화천(555),X,30.1,28.7,21.7,17.7,89,X, ,X,낮음
9/2/2023,양구(556),X,29.4,29.9,22.1,17.5,77,X, ,X,낮음
9/2/2023,시흥(565),X,30.3,31.4,24.1,17.7,77,X, ,X,높음
9/2/2023,구리(569),X,29.7,30.7,23.9,17.9,70,X, ,X,높음
9/2/2023,화성(571),X,30.4,31.4,25.1,18.9,73,X,관심,X,높음
9/2/2023,성남(572),X,29,29.7,23.9,18.6,70,X, ,X,매우높음
9/2/2023,과천(590),X,29.7,30.6,23.4,17.3,79,X, ,X,높음
9/2/2023,양주(598),X,30.7,31.1,22.7,16.4,79,X,관심,X,높음
9/2/2023,단양(601),X,31.4,31.8,23.4,18,81,X, ,X,매우높음
9/2/2023,진천(602),X,31.3,32.5,24,17.1,74,X,관심,X,매우높음
9/2/2023,괴산(603),X,30.4,31.6,23.6,17,78,X, ,X,매우높음
9/2/2023,옥천(604),X,31.1,31.3,24.3,19.5,84,X,관심,X,매우높음
9/2/2023,홍북(608),X,30,30.5,23.6,16.1,74,X, ,X,매우높음
9/2/2023,공주(612),X,30.2,31.1,24.2,17.1,77,X,관심,X,매우높음
9/2/2023,서천(614),X,30.9,31.1,24.3,17.4,80,X, ,X,매우높음
9/2/2023,논산(615),X,31.2,32.4,24.8,17.6,75,X,관심,X,매우높음
9/2/2023,당진(616),X,30.3,30.1,24,18.6,81,X, ,X,매우높음
9/2/2023,청양(618),X,31.3,32,23.8,15.4,79,X,관심,X,매우높음
9/2/2023,음성(619),X,29.5,29.8,22.1,16.4,81,X,관심,X,매우높음
9/2/2023,증평(623),X,31.2,31,24.3,16.8,78,X,관심,X,매우높음
9/2/2023,태안(627),X,30.3,29.8,25.6,20.3,71,X, ,X,매우높음
9/2/2023,예산(628),X,30.2,30.7,24.5,18,77,X, ,X,매우높음
9/2/2023,아산(634),X,30.9,31.2,24.5,18,77,X,관심,X,매우높음
9/2/2023,계룡(636),X,30.1,31,23.3,15.3,80,X, ,X,매우높음
9/2/2023,연천청산(652),X,29.1,29.4,22,16.6,81,X, ,X,높음
9/2/2023,양양(670),X,26.9,27.4,22.9,18.7,72,X, ,X,낮음
9/2/2023,무안(699),X,29.7,27.6,24.2,21.1,89,X,관심,X,높음
9/2/2023,무주(701),X,29.9,29.8,23.2,16.6,80,X, ,X,매우높음
9/2/2023,익산(702),X,30.6,31.1,24.3,17.5,79,X,관심,X,매우높음
9/2/2023,진안(703),X,29,28.6,22.8,16.7,84,X, ,X,매우높음
9/2/2023,담양(706),X,30.9,27.9,24.2,20.3,95,X,관심,X,높음
9/2/2023,구례(709),X,31,29.1,24.7,22.1,92,O,주의,X,보통
9/2/2023,나주(710),X,30.7,28.6,23.9,20.9,93,O,주의,X,낮음
9/2/2023,순천시(712),X,31.3,29.6,24.9,23.4,94,O,관심,X,낮음
9/2/2023,광양읍(713),X,29.6,28.1,24.8,22.9,91,X,관심,X,보통
9/2/2023,장성(730),X,30,27.9,23,19.4,94,X,관심,X,높음
9/2/2023,영암(731),X,31.5,29.4,25,22.8,94,O,주의,X,보통
9/2/2023,보성(732),X,29,26.9,24.2,21.9,90,X,관심,X,보통
9/2/2023,완주(734),X,30.4,30.3,24,17.7,82,X,관심,X,매우높음
9/2/2023,김제(737),X,30.7,30,24.4,18.5,84,X,관심,X,매우높음
9/2/2023,화순(741),X,31.5,29.9,25,21.7,85,O,주의,X,보통
9/2/2023,함평(754),X,30,27.7,24,20.7,90,X,관심,X,높음
9/2/2023,곡성(768),X,30.1,27.8,23.5,19.3,92,X,관심,X,보통
9/2/2023,압해도(789),X,30,27.6,24.5,21.7,90,X,관심,X,높음
9/2/2023,영양(801),X,29.6,28.7,22.8,18.4,87,X, ,X,매우높음
9/2/2023,성주(810),X,30.4,30.2,23.5,18.4,81,X, ,X,높음
9/2/2023,고령(812),X,30.1,29.2,23.2,17.8,89,X, ,X,보통
9/2/2023,청도(813),X,31,30.3,24.3,21.7,88,X, ,X,낮음
9/2/2023,예천(815),X,30.8,30.6,23.1,16.9,82,X,관심,X,매우높음
9/2/2023,김천(822),X,31.1,30.4,22.9,16.2,88,X,관심,X,매우높음
9/2/2023,군위(823),X,31.2,30.5,23.3,18.5,88,X, ,X,낮음
9/2/2023,칠곡(825),X,31,30.2,23.9,18.6,88,X, ,X,높음
9/2/2023,경산(827),X,31,30.2,24.7,21.9,85,X, ,X,보통
9/2/2023,삼척(876),X,28.1,27.6,23.5,20,77,X, ,X,낮음
9/2/2023,속초(90),X,27.7,26.7,22.7,19,75.4,X, ,X,낮음
9/2/2023,삼천포(907),X,29.2,26.6,24.1,22.4,95,X, ,X,낮음
9/2/2023,고성(918),X,29.5,26.9,24.6,23,92,X, ,X,낮음
9/2/2023,창녕(919),X,31.9,30.6,24.3,20.5,90,X,관심,X,낮음
9/2/2023,함안(920),X,29.5,27.4,24.1,21.6,93,X, ,X,보통
9/2/2023,북춘천(93),X,29.8,30,22.6,17.3,81.8,X, ,X,낮음
9/2/2023,하동(932),X,28.7,26.9,24.5,21.8,88,X,관심,X,높음
9/2/2023,철원(95),X,29.2,29.5,21.6,15.7,80.5,X, ,X,낮음
9/2/2023,동두천(98),X,29.8,29.1,22.6,16.6,79.1,X, ,X,높음
9/2/2023,파주(99),X,29.6,28.7,22.1,16.9,87.3,X,관심,X,높음
9/3/2023,북강릉(104),X,27.4,25.6,22.5,20.8,89.1,X, ,X,낮음
9/3/2023,동해(106),X,28.4,26,23.4,22.1,94.1,X, ,X,낮음
9/3/2023,서울(108),X,30.2,28.8,25.8,23.1,77.8,X,관심,X,보통
9/3/2023,인천(112),X,30,28.4,26.4,24,77,X,관심,X,보통
9/3/2023,원주(114),X,30.9,30.6,25.9,21.9,76,X,관심,X,낮음
9/3/2023,울릉도(115),X,29.9,26.9,24.9,23,94.3,X, ,X,낮음
9/3/2023,수원(119),X,31,29.7,25.7,22.6,82.6,X, ,X,보통
9/3/2023,영월(121),X,31.2,30.8,24.4,20.5,80.1,X, ,X,낮음
9/3/2023,충주(127),X,31.6,31.2,26,22.7,76.6,X,관심,X,높음
9/3/2023,서산(129),X,32.6,31.7,26.7,23,82.9,X,관심,X,높음
9/3/2023,울진(130),X,30,28.2,24.4,22,88,X, ,X,보통
9/3/2023,청주(131),X,32.6,32.9,28.1,23.7,70.1,X,관심,O,높음
9/3/2023,대전(133),X,32.7,32.5,27,22.3,74.5,X,관심,X,보통
9/3/2023,추풍령(135),X,30,28.8,24.3,21.5,84.4,X,관심,X,높음
9/3/2023,안동(136),X,31.9,30.9,25.5,21.3,83.5,X,관심,X,보통
9/3/2023,상주(137),X,32.2,31,25.4,22.2,87.3,X,관심,X,높음
9/3/2023,포항(138),X,29.8,28,25.5,23.6,82.3,X, ,X,높음
9/3/2023,군산(140),X,32.6,32.3,26.7,22.9,81,X,관심,X,높음
9/3/2023,대구(143),X,32.5,31.8,26.6,22.6,76.4,X,관심,X,보통
9/3/2023,전주(146),O,33,33,26.8,23,77.1,X,관심,X,높음
9/3/2023,울산(152),X,31,29.8,25.1,21.9,83.9,X, ,X,높음
9/3/2023,창원(155),X,31.7,30.5,26.2,23.1,81,X,관심,X,높음
9/3/2023,광주(156),O,33.1,31.1,27.1,23.1,91.5,X,관심,X,높음
9/3/2023,부산(159),X,31.8,30.7,26.3,22.8,76.3,X,관심,X,높음
9/3/2023,통영(162),X,32,30.5,26.3,23.3,84.6,X,관심,X,높음
9/3/2023,목포(165),X,32.4,31.2,27.3,24.3,80.6,X, ,X,높음
9/3/2023,여수(168),X,31,29.2,26.5,24.2,86,X,관심,X,높음
9/3/2023,흑산도(169),X,30.3,28.1,24.6,22.5,92.5,X, ,X,높음
9/3/2023,완도(170),X,31.4,29.6,26.5,24.1,88.4,X,관심,X,높음
9/3/2023,고창(172),X,32.5,32,26.9,23.1,81,X,관심,X,보통
9/3/2023,제주(184),O,33.5,33.3,28.2,24.8,68.1,O,관심,X,보통
9/3/2023,진주(192),X,32.6,31,26.3,23.2,86.6,X,관심,X,높음
9/3/2023,양평(202),X,30.2,29.2,24.3,20.9,85.3,X,관심,X,보통
9/3/2023,이천(203),X,31.9,30.5,25.1,21.6,89.6,X,관심,X,높음
9/3/2023,인제(211),X,28,26.2,22,18.3,87.3,X, ,X,낮음
9/3/2023,홍천(212),X,29.9,28.7,23.4,19.5,84.1,X,관심,X,낮음
9/3/2023,태백(216),X,27.9,26.5,20.5,18,89.9,X, ,X,낮음
9/3/2023,정선군(217),X,31,30.4,23.8,19.9,81.6,X, ,X,낮음
9/3/2023,제천(221),X,30.7,29.8,24.2,20.6,86.8,X,관심,X,높음
9/3/2023,보은(226),X,30.5,29.6,25,21,84,X, ,X,높음
9/3/2023,천안(232),X,31.5,31.2,26.1,22,81.9,X,관심,X,보통
9/3/2023,보령(235),X,32.5,32.2,27,23.3,78.8,X,관심,X,높음
9/3/2023,부여(236),X,32.8,32.5,27.1,22.1,80.6,X,관심,X,높음
9/3/2023,금산(238),X,31.3,31.2,25.2,21.4,86.3,X,관심,X,높음
9/3/2023,세종(239),X,32.6,32.1,26.9,22.4,80.3,X,관심,X,높음
9/3/2023,부안(243),X,32.4,32.2,26.7,23,83.3,X,관심,X,높음
9/3/2023,임실(244),X,31.7,31.1,25.5,20.8,81.9,X, ,X,높음
9/3/2023,정읍(245),X,32.3,32.2,26.6,22.2,79.1,X,관심,X,보통
9/3/2023,남원(247),X,32.5,32,26,21.3,84.3,X,관심,X,보통
9/3/2023,장수(248),X,31.1,30.7,24.1,19.3,87.3,X, ,X,높음
9/3/2023,영광군(252),X,32.8,32.3,26.8,23.1,83.3,X,관심,X,높음
9/3/2023,김해시(253),O,34,32.8,26.5,22.6,86.8,X,관심,X,높음
9/3/2023,순창군(254),X,32.5,32,26.3,21.7,81.8,X,관심,X,높음
9/3/2023,양산시(257),O,33.8,33.1,27.1,22.6,81.9,X,관심,X,보통
9/3/2023,강진군(259),X,32.6,31.4,27.2,24,84.8,X,관심,X,보통
9/3/2023,장흥(260),X,32.2,31,26.2,22.4,87.5,X,관심,X,높음
9/3/2023,해남(261),X,32.8,31.6,27.1,23.5,83.1,X,관심,X,보통
9/3/2023,고흥(262),X,30.9,29.5,25.1,22.5,88.8,X,관심,X,높음
9/3/2023,의령군(263),O,33.3,32.5,26.6,23.3,85,X,관심,X,보통
9/3/2023,함양군(264),X,32.8,31.9,26.1,22.5,88.3,X,관심,X,높음
9/3/2023,진도군ASOS(268),X,32.2,30.6,26.9,23.2,83.4,X,관심,X,높음
9/3/2023,봉화(271),X,29,27.8,23.3,20.4,84.9,X, ,X,보통
9/3/2023,영주(272),X,30.9,30.4,24.7,19.8,83.8,X, ,X,보통
9/3/2023,문경(273),X,30.9,29.6,25,21.2,87.4,X, ,X,높음
9/3/2023,청송군(276),X,32,31.1,24,21.6,94.8,X, ,X,보통
9/3/2023,영덕(277),X,29.2,27.6,23.7,21.7,89.1,X, ,X,낮음
9/3/2023,의성(278),X,32.5,32.1,25.9,22.2,84.1,X, ,X,보통
9/3/2023,구미(279),X,31.1,30,25.4,22.3,84.8,X,관심,X,보통
9/3/2023,영천(281),X,31.3,30.3,25.2,22.1,85.5,X,관심,X,보통
9/3/2023,경주시(283),X,32.2,30.9,25.8,22.2,83.4,X, ,X,보통
9/3/2023,거창(284),X,31.3,30.4,24.7,21.9,88,X, ,X,높음
9/3/2023,합천(285),X,31.9,31.2,25.8,22.8,83.5,X,관심,X,높음
9/3/2023,밀양(288),O,33,33.4,26.4,23,78.9,X,관심,X,보통
9/3/2023,산청(289),X,32.4,31.4,25.8,22.6,87.4,X,관심,X,보통
9/3/2023,거제(294),X,31.6,30,25.4,21.9,86.8,X,관심,X,높음
9/3/2023,남해(295),X,31.4,30.3,26.1,24,87.1,X,관심,X,높음
9/3/2023,부천(433),X,28.8,27.7,25.1,22.1,73,X, ,X,보통
9/3/2023,안양(434),X,28,29.4,25.6,22.2,,X,관심,X,낮음
9/3/2023,광명(437),X,31.3,30.6,27,23.4,72,X,관심,X,보통
9/3/2023,군포(438),X,30.8,30.1,25.9,22.3,78,X,관심,X,낮음
9/3/2023,김포(441),X,,29,25.6,22.2,,X,관심,X,높음
9/3/2023,하남(444),X,29.8,28.6,23.7,20.5,83,X, ,X,보통
9/3/2023,의왕(445),X,,,,,89,X, ,X,보통
9/3/2023,포천(504),X,30.7,29.4,24.2,19.7,82,X, ,X,높음
9/3/2023,가평조종(505),X,29.4,27.5,22.6,18.1,94,X, ,X,보통
9/3/2023,안성(516),X,32.6,32.2,25.6,22,88,X,관심,X,보통
9/3/2023,간성(517),X,26.2,23.7,21.6,19.2,90,X, ,X,낮음
9/3/2023,평창(526),X,30.7,30.5,23.9,20.3,79,X, ,X,낮음
9/3/2023,의정부(532),X,31.1,28.7,24.1,20.2,96,X,관심,X,보통
9/3/2023,횡성(536),X,31.1,30.9,25,21.1,79,X, ,X,낮음
9/3/2023,고양(540),X,,,,,,X, ,X,높음
9/3/2023,남양주(541),X,30,29,24.3,20.5,85,X, ,X,보통
9/3/2023,안산(545),X,31.7,30.3,24.6,21.1,90,X, ,X,낮음
9/3/2023,경기광주(546),X,29.3,28.2,23.4,20.7,86,X, ,X,보통
9/3/2023,여주(548),X,31.2,29.9,24.7,21.2,88,X,관심,X,높음
9/3/2023,용인(549),X,29.6,28.5,24.1,20.7,84,X,관심,X,낮음
9/3/2023,오산(550),X,31.7,30.2,25.2,21.9,89,X,관심,X,보통
9/3/2023,평택(551),O,33,32,26.4,22.8,89,X,관심,X,보통
9/3/2023,화천(555),X,29.1,26.5,21.7,17.7,96,X, ,X,낮음
9/3/2023,양구(556),X,28,26.7,21.9,18,87,X, ,X,낮음
9/3/2023,시흥(565),X,31.4,30.1,25.6,22.1,86,X, ,X,보통
9/3/2023,구리(569),X,29.9,28.8,24.2,21.1,82,X, ,X,보통
9/3/2023,화성(571),X,31.8,30.4,25.9,22.8,85,X,관심,X,낮음
9/3/2023,성남(572),X,30.7,29.5,25.1,21.7,80,X, ,X,보통
9/3/2023,과천(590),X,31.3,29.9,24.7,21,90,X,관심,X,낮음
9/3/2023,양주(598),X,31.8,30.3,24.4,19.4,87,X,관심,X,보통
9/3/2023,단양(601),X,31.7,31.1,24.8,21.2,87,X, ,X,보통
9/3/2023,진천(602),X,32.7,33,26.8,22.5,77,X, ,X,높음
9/3/2023,괴산(603),X,32.4,32,25.7,21.8,83,X, ,X,높음
9/3/2023,옥천(604),O,33.1,32.3,26.7,22.7,85,X,관심,X,보통
9/3/2023,홍북(608),X,32.3,32.2,25.3,21.4,86,X,관심,X,보통
9/3/2023,공주(612),X,32.3,32.3,26.7,22.3,80,X,관심,X,보통
9/3/2023,서천(614),X,32.4,31.7,26.3,22.5,83,X,관심,X,높음
9/3/2023,논산(615),O,33.8,33.6,27.2,22.4,81,X,관심,X,높음
9/3/2023,당진(616),O,33.5,32.5,25.9,22.4,93,X,관심,X,높음
9/3/2023,청양(618),O,33.5,33.1,26.2,21.7,84,X,관심,X,높음
9/3/2023,음성(619),X,31,30.2,24.8,21.1,83,X, ,X,높음
9/3/2023,증평(623),X,32.8,31.8,26.4,22.4,83,X,관심,X,높음
9/3/2023,태안(627),X,32,30.8,26.5,23.1,82,X,관심,X,보통
9/3/2023,예산(628),X,32.9,32.2,26.1,22.8,85,X,관심,X,보통
9/3/2023,아산(634),O,33.6,33.2,26.4,22.6,83,X,관심,X,보통
9/3/2023,계룡(636),X,32.5,32.2,25.6,20.3,85,X,관심,X,보통
9/3/2023,연천청산(652),X,30.2,29,23.7,18.9,84,X,관심,X,높음
9/3/2023,양양(670),X,27.2,25.6,22.6,20.3,87,X, ,X,낮음
9/3/2023,무안(699),X,32.5,31.6,26.9,23.2,82,X,관심,X,높음
9/3/2023,무주(701),X,31.9,31.6,25.2,21.2,83,X, ,X,보통
9/3/2023,익산(702),X,32.5,32.8,26.5,22.4,78,X,관심,X,높음
9/3/2023,진안(703),X,31.3,30.1,24.3,19.8,86,X, ,X,높음
9/3/2023,담양(706),O,33.7,32.4,26.8,22.8,88,X,관심,X,높음
9/3/2023,구례(709),O,33.3,32.2,26.3,22,89,X,관심,X,보통
9/3/2023,나주(710),O,33,31.8,26.5,22.5,86,X,관심,X,높음
9/3/2023,순천시(712),O,33.3,31.7,26.9,23.3,91,X,관심,X,높음
9/3/2023,광양읍(713),O,33,32.2,26.6,23.1,87,X,관심,X,높음
9/3/2023,장성(730),X,32.2,31.6,26,22.1,86,X,관심,X,보통
9/3/2023,영암(731),O,33.6,32.3,27.4,23.5,85,X,관심,X,높음
9/3/2023,보성(732),X,31.3,29.7,25.4,22.6,89,X,관심,X,높음
9/3/2023,완주(734),X,32.8,32,26.1,21.7,85,X,관심,X,높음
9/3/2023,김제(737),O,33.8,33.1,26.3,23.1,87,X,관심,X,높음
9/3/2023,화순(741),O,33,32.4,26.9,23.3,79,X,관심,X,높음
9/3/2023,함평(754),X,32.6,31.6,26.6,23.4,84,X,관심,X,높음
9/3/2023,곡성(768),O,33,31.7,25.8,21.5,88,X,관심,X,보통
9/3/2023,압해도(789),X,32.7,31.4,26.6,23.4,86,X,관심,X,높음
9/3/2023,영양(801),X,31.5,30.5,24.4,21.3,90,X, ,X,낮음
9/3/2023,성주(810),X,32.1,31.7,26.4,22.4,80,X, ,X,보통
9/3/2023,고령(812),X,32,31.1,25.5,22.4,90,X, ,X,높음
9/3/2023,청도(813),X,32.8,31.8,25.5,21.7,87,X,관심,X,보통
9/3/2023,예천(815),X,31.6,30.9,25.5,20.9,82,X, ,X,보통
9/3/2023,김천(822),X,32.2,30.7,25.2,22.1,91,X,관심,X,보통
9/3/2023,군위(823),X,32.3,31.5,25.8,22.3,85,X,관심,X,낮음
9/3/2023,칠곡(825),X,32.3,31.4,26.2,22.6,90,X,관심,X,보통
9/3/2023,경산(827),X,32.4,31.4,25.9,22.3,83,X,관심,X,보통
9/3/2023,삼척(876),X,28.5,27.1,23.7,21.9,84,X, ,X,낮음
9/3/2023,속초(90),X,27,24.6,22.5,20.3,88.1,X, ,X,낮음
9/3/2023,삼천포(907),X,32.7,30.5,25.9,22.9,90,X,관심,X,높음
9/3/2023,고성(918),O,33.1,31.8,26,22.2,88,X,관심,X,보통
9/3/2023,창녕(919),X,32.9,31.8,26,23,90,X,관심,X,높음
9/3/2023,함안(920),X,32.6,31.2,25.6,22.7,90,X,관심,X,높음
9/3/2023,북춘천(93),X,29.5,27.5,22.9,20,91.1,X, ,X,낮음
9/3/2023,하동(932),X,32.7,31.6,26.2,22.8,88,X,관심,X,보통
9/3/2023,철원(95),X,30.1,29,23.2,17.5,85.6,X, ,X,낮음
9/3/2023,동두천(98),X,31,29,24,19.5,87.1,X, ,X,높음
9/3/2023,파주(99),X,30.7,28.8,23.6,19.1,90.9,X,관심,X,보통
9/4/2023,북강릉(104),X,29,27.1,22.8,20.8,91.3,X, ,X,낮음
9/4/2023,동해(106),X,28.6,26.3,23.6,21.8,94.1,X, ,X,낮음
9/4/2023,서울(108),X,31.4,30.2,27,24.3,79.9,X,관심,O,높음
9/4/2023,인천(112),X,31.2,29.7,26.9,24.6,80.4,X,관심,O,높음
9/4/2023,원주(114),X,31,30.7,26.5,23.4,74.6,X,관심,X,낮음
9/4/2023,울릉도(115),X,29.8,27.3,24.6,22.7,93.1,X, ,X,높음
9/4/2023,수원(119),X,31.5,30.2,26.8,23.7,81.5,X, ,X,보통
9/4/2023,영월(121),X,31.9,31.4,25.4,20.8,75.8,X,관심,X,낮음
9/4/2023,충주(127),X,32,31.9,26.9,23.1,76.1,X,관심,X,보통
9/4/2023,서산(129),X,31.3,29.5,26.3,24.2,86.9,X,관심,X,보통
9/4/2023,울진(130),X,29.9,28.1,24.7,22.2,87.3,X, ,X,높음
9/4/2023,청주(131),X,32,31.8,28.5,25.2,70.8,O,관심,O,보통
9/4/2023,대전(133),X,32.1,31.5,27.4,24,75.3,X,관심,X,보통
9/4/2023,추풍령(135),X,31.1,30.3,25.5,23,80.5,X,관심,X,높음
9/4/2023,안동(136),X,31.9,31.6,26.1,22.2,78.5,O,관심,X,보통
9/4/2023,상주(137),X,32.6,31.7,26.8,23,80,X,관심,X,높음
9/4/2023,포항(138),X,30,28.3,26,23.9,81,X,관심,X,높음
9/4/2023,군산(140),X,32.2,30.8,27.1,23.8,84.9,O,관심,O,보통
9/4/2023,대구(143),X,31.4,30.6,26.4,22.8,76.8,O,관심,X,높음
9/4/2023,전주(146),X,32.6,31.7,26.8,23.3,80,O,관심,X,높음
9/4/2023,울산(152),X,30.3,29.1,25.2,21.7,81.8,X, ,X,높음
9/4/2023,창원(155),X,32.5,32,27.2,23.6,76.3,O,관심,X,높음
9/4/2023,광주(156),O,33.8,32.8,26.6,23.3,90.1,O,관심,X,높음
9/4/2023,부산(159),X,31.6,30.9,27.1,24.1,70.3,O,관심,X,높음
9/4/2023,통영(162),X,32.6,31.7,26.8,23.6,79.5,X,관심,X,매우높음
9/4/2023,목포(165),X,32.3,31.2,26.9,24.1,81.9,X,관심,X,매우높음
9/4/2023,여수(168),X,31.7,30.6,27.3,24.6,80.6,X,관심,O,매우높음
9/4/2023,흑산도(169),X,31.5,29.5,24.8,22.4,91.1,X, ,X,매우높음
9/4/2023,완도(170),X,32.8,31.8,27.3,24.3,84.3,X,관심,X,매우높음
9/4/2023,고창(172),X,32.9,32,26.6,22.4,82.9,O,관심,X,높음
9/4/2023,제주(184),X,30.2,28.7,26.7,24.8,78.9,O,주의,O,매우높음
9/4/2023,진주(192),X,32.9,32.5,26.4,22.2,83.4,O,관심,X,높음
9/4/2023,양평(202),X,31.5,30.4,25.7,22.8,85.6,O,관심,X,보통
9/4/2023,이천(203),X,31.9,30.2,26,22.9,90.9,X, ,X,보통
9/4/2023,인제(211),X,31.1,30.3,24.6,21.1,82.3,X, ,X,낮음
9/4/2023,홍천(212),X,31.5,30.8,25.5,21.7,80.5,X,관심,X,낮음
9/4/2023,태백(216),X,26.5,24.8,21.1,17.7,88.5,X, ,X,낮음
9/4/2023,정선군(217),X,31.2,31.2,24.5,20.4,77.3,X, ,X,낮음
9/4/2023,제천(221),X,31.1,30.7,25.1,21.3,82.8,X,관심,X,보통
9/4/2023,보은(226),X,31.2,30.3,25.7,22.2,82.9,X,관심,X,보통
9/4/2023,천안(232),X,31.8,30.8,26.7,23.3,83.4,X,관심,X,보통
9/4/2023,보령(235),X,31.6,30.5,27.1,24.7,83.1,O,관심,X,보통
9/4/2023,부여(236),O,33.1,32,27.3,23.9,84.6,O,관심,X,보통
9/4/2023,금산(238),X,32.3,31.8,26.1,22.1,83.8,X,관심,X,보통
9/4/2023,세종(239),X,32.1,31,27.2,24.2,79.6,O,관심,X,보통
9/4/2023,부안(243),X,32.7,31.5,26.8,23.1,84.5,O,관심,X,보통
9/4/2023,임실(244),X,31.8,31,25.2,22,85.4,X,관심,X,높음
9/4/2023,정읍(245),X,32.9,32,26.5,23,80.3,O,관심,X,높음
9/4/2023,남원(247),X,32.7,32.2,25.6,22.8,87.9,X,관심,X,높음
9/4/2023,장수(248),X,31.6,30.6,23.9,21.1,92.8,X, ,X,높음
9/4/2023,영광군(252),X,32.7,32.2,26.7,22.9,82,X,관심,X,높음
9/4/2023,김해시(253),O,34.2,33.3,27.5,23,78.8,O,관심,X,높음
9/4/2023,순창군(254),O,33,33,26,22.5,86.3,X,관심,X,높음
9/4/2023,양산시(257),O,33.2,32.4,27.8,24.2,75.9,O,관심,X,높음
9/4/2023,강진군(259),O,33.4,33.1,26.5,22.8,86.9,X,관심,X,높음
9/4/2023,장흥(260),O,33,32.2,26,21.4,86.8,X,관심,X,높음
9/4/2023,해남(261),O,33.1,32.6,26.6,22.6,84,O,관심,X,매우높음
9/4/2023,고흥(262),X,31.9,31.2,25.4,21.9,87.4,X,관심,X,매우높음
9/4/2023,의령군(263),O,33.4,33,27.3,23.4,80.5,O,관심,X,높음
9/4/2023,함양군(264),O,33,32,25.8,22.8,89.9,X,관심,X,높음
9/4/2023,진도군ASOS(268),X,32.2,31.5,26.2,21.8,83.5,X,관심,X,매우높음
9/4/2023,봉화(271),X,29.1,28.6,23.5,19.3,82.4,X, ,X,보통
9/4/2023,영주(272),X,31.1,30.9,25.3,20.4,80.9,X, ,X,보통
9/4/2023,문경(273),X,31.9,30.9,25.7,22,85,X, ,X,보통
9/4/2023,청송군(276),X,31.6,30.5,24.6,21.3,88.8,X, ,X,보통
9/4/2023,영덕(277),X,29.1,27.5,24.3,21.6,86.4,X, ,X,높음
9/4/2023,의성(278),X,32.2,32.2,26,21.5,80.6,O,관심,X,보통
9/4/2023,구미(279),X,32.5,32.2,26.4,22.8,77.8,X,관심,X,보통
9/4/2023,영천(281),X,30.7,29.7,25.2,21,82.3,X,관심,X,높음
9/4/2023,경주시(283),X,30.9,28.7,25.2,21.9,86.1,X, ,X,높음
9/4/2023,거창(284),X,31.6,30.4,25,21.5,86.6,X, ,X,높음
9/4/2023,합천(285),X,32.1,31.7,26.3,22.4,82,O,관심,X,높음
9/4/2023,밀양(288),X,31.5,,,,,O,관심,X,높음
9/4/2023,산청(289),X,32.7,31.6,26.3,23.1,86.5,X,관심,X,높음
9/4/2023,거제(294),X,31.4,30.3,26.1,22.3,81.3,O,관심,X,매우높음
9/4/2023,남해(295),X,31.7,31.1,26.6,23.5,84.3,X,관심,X,매우높음
9/4/2023,부천(433),X,30,29.5,25.2,22.2,82,X, ,X,높음
9/4/2023,안양(434),X,29.9,29.9,26.8,23.9,,X,관심,X,보통
9/4/2023,광명(437),X,31.9,31.5,28,24.8,73,X,관심,O,높음
9/4/2023,군포(438),X,31.6,30.7,27,23.7,77,X, ,X,보통
9/4/2023,김포(441),X,,31.1,26.1,23.1,,X,관심,X,높음
9/4/2023,하남(444),X,30.8,29.2,25,22.1,83,X,관심,X,보통
9/4/2023,의왕(445),X,,,,,89,X, ,X,보통
9/4/2023,포천(504),X,32.5,31.5,26.4,22.5,85,X, ,X,보통
9/4/2023,가평조종(505),X,31.3,29.9,25.1,21.7,91,X, ,X,보통
9/4/2023,안성(516),X,32,30.9,26.3,23.6,91,O,관심,X,보통
9/4/2023,간성(517),X,27.1,25,22.8,21.4,89,X, ,X,낮음
9/4/2023,평창(526),X,30.4,30.4,24.1,20.6,77,X, ,X,낮음
9/4/2023,의정부(532),X,32.7,30.7,26,22.7,93,X,관심,X,높음
9/4/2023,횡성(536),X,31.4,31.3,26.2,22.4,76,X, ,X,낮음
9/4/2023,고양(540),X,,,,,,X,관심,X,높음
9/4/2023,남양주(541),X,31.8,30.7,26.3,22.5,85,X,관심,X,보통
9/4/2023,안산(545),X,32,30.5,25.4,21.3,92,X,관심,X,보통
9/4/2023,경기광주(546),X,30.2,29,25.1,22.3,85,X, ,X,보통
9/4/2023,여주(548),X,30.9,29.1,25.5,22.4,89,X,관심,X,보통
9/4/2023,용인(549),X,29.9,28.9,24.9,22.3,86,X, ,X,보통
9/4/2023,오산(550),X,32.3,30.9,26.1,23.4,90,X,관심,X,보통
9/4/2023,평택(551),X,32,30.6,27,24.1,88,X,관심,X,보통
9/4/2023,화천(555),X,32,30,24.4,21.1,95,X, ,X,낮음
9/4/2023,양구(556),X,31.4,31.1,24.4,21,83,X, ,X,낮음
9/4/2023,시흥(565),X,31.9,30.7,26.4,22.8,87,X,관심,X,보통
9/4/2023,구리(569),X,31.5,30.5,26,23,81,X, ,X,높음
9/4/2023,화성(571),X,32.2,31.1,26.5,21.9,86,X,관심,X,보통
9/4/2023,성남(572),X,31.1,30,26.2,23.1,82,X, ,X,보통
9/4/2023,과천(590),X,31.4,30,25.8,23,91,X, ,X,보통
9/4/2023,양주(598),X,32.8,31.9,25.9,22.4,89,X,관심,X,높음
9/4/2023,단양(601),O,33,32.5,25.8,21.7,84,X,관심,X,보통
9/4/2023,진천(602),X,32.2,31.3,26.9,23.5,80,X,관심,X,보통
9/4/2023,괴산(603),X,32.4,32.4,26.3,22.5,83,X,관심,X,보통
9/4/2023,옥천(604),X,32.9,33,28,24.2,79,O,관심,X,보통
9/4/2023,홍북(608),X,30.8,29.1,25.3,22.4,89,X,관심,X,보통
9/4/2023,공주(612),X,32.2,31.3,26.8,23.7,84,O,관심,X,보통
9/4/2023,서천(614),X,31.9,30.8,26.4,23.3,88,X,관심,X,보통
9/4/2023,논산(615),O,33.1,32.7,27.8,23.8,81,O,관심,X,보통
9/4/2023,당진(616),X,31.9,29.6,25.7,23.2,94,X,관심,X,보통
9/4/2023,청양(618),X,32.1,31.1,26.8,22.8,85,O,관심,X,보통
9/4/2023,음성(619),X,31.4,30.8,25.4,21.9,83,X,관심,X,보통
9/4/2023,증평(623),X,32.8,31.8,27.1,23.5,84,X,관심,X,보통
9/4/2023,태안(627),X,31.7,29.6,26.4,24,86,X,관심,X,보통
9/4/2023,예산(628),X,31.9,29.8,26.3,23.3,89,X,관심,X,보통
9/4/2023,아산(634),X,31.6,29.8,26.4,23.4,88,X,관심,X,보통
9/4/2023,계룡(636),X,31.8,30.9,26.4,22.2,83,X,관심,X,보통
9/4/2023,연천청산(652),X,31.2,29.8,25.3,22.2,87,X,관심,X,보통
9/4/2023,양양(670),X,28.1,26.7,23.5,21.2,88,X, ,X,낮음
9/4/2023,무안(699),O,33.5,33.3,26.8,23.1,82,O,관심,X,높음
9/4/2023,무주(701),X,32.2,31.4,25.6,21.6,82,X,관심,X,보통
9/4/2023,익산(702),X,32.2,31.9,27,22.5,81,X,관심,X,보통
9/4/2023,진안(703),X,31.6,30.8,24.6,21.2,87,X,관심,X,높음
9/4/2023,담양(706),O,34.7,33.7,26.7,22.9,88,O,관심,X,높음
9/4/2023,구례(709),O,33.6,32.3,25.7,22.7,90,O,관심,X,높음
9/4/2023,나주(710),O,33.3,33,26.5,22,85,O,관심,X,높음
9/4/2023,순천시(712),O,34.3,33.1,27,23,88,O,관심,X,높음
9/4/2023,광양읍(713),O,33.3,33,27.2,22.8,83,O,관심,X,높음
9/4/2023,장성(730),O,33,32.7,26,22.7,85,X,관심,X,높음
9/4/2023,영암(731),O,33.9,33,27,21.8,85,O,관심,X,높음
9/4/2023,보성(732),X,32.3,31.6,25.2,21.9,87,O,관심,X,높음
9/4/2023,완주(734),O,33.3,32.4,26.4,22.3,86,X,관심,X,높음
9/4/2023,김제(737),O,33.3,31.6,26.7,23.1,89,O,관심,X,높음
9/4/2023,화순(741),O,33.7,33.1,25.9,21.9,83,O,관심,X,매우높음
9/4/2023,함평(754),O,33.3,33,27,22.8,83,O,관심,X,높음
9/4/2023,곡성(768),O,34.2,33.6,25.7,21.9,89,O,관심,X,높음
9/4/2023,압해도(789),O,33.3,31.6,26.4,23,88,X,관심,X,매우높음
9/4/2023,영양(801),X,30.3,29.1,24.1,20.2,88,X, ,X,높음
9/4/2023,성주(810),X,32.7,33.1,26.7,23.2,77,X, ,X,보통
9/4/2023,고령(812),X,32.1,31.3,25.9,22.4,89,X,관심,X,높음
9/4/2023,청도(813),X,31.6,31.1,25.5,21.6,81,X,관심,X,높음
9/4/2023,예천(815),X,32.1,31.7,25.9,21.9,82,X,관심,X,보통
9/4/2023,김천(822),X,32.9,32,26.6,23.4,86,X,관심,X,높음
9/4/2023,군위(823),X,32.6,31.9,26.1,22,83,X,관심,X,낮음
9/4/2023,칠곡(825),O,33.1,32.7,26.9,22.8,85,X,관심,X,보통
9/4/2023,경산(827),X,31.9,31.2,26.3,22.5,79,X,관심,X,높음
9/4/2023,삼척(876),X,29,27.3,23.9,22.2,85,X, ,X,낮음
9/4/2023,속초(90),X,27.9,26.4,23.6,21.9,87,X, ,X,낮음
9/4/2023,삼천포(907),O,33.1,31.8,26.1,22.5,85,X,관심,X,매우높음
9/4/2023,고성(918),O,33.3,32.4,26.5,21.8,86,O,관심,X,매우높음
9/4/2023,창녕(919),O,33.2,32.6,26.9,23.2,81,O,관심,X,높음
9/4/2023,함안(920),O,33.1,32.1,25.9,22.3,87,X,관심,X,높음
9/4/2023,북춘천(93),X,31.6,30.3,25.5,22.1,86.6,X,관심,X,낮음
9/4/2023,하동(932),O,33.2,32.9,26.5,22.2,84,O,관심,X,높음
9/4/2023,철원(95),X,31.3,29.9,24.8,21.5,90.1,X, ,X,낮음
9/4/2023,동두천(98),X,32.4,30.8,25.4,22.5,89.8,X,관심,X,보통
9/4/2023,파주(99),X,32,30,24.7,20.6,94.6,X,관심,X,높음
9/5/2023,북강릉(104),X,28,26.1,23.1,20.6,90.6,X, ,X,낮음
9/5/2023,동해(106),X,28.4,26.2,23.4,21.1,94.4,X, ,X,낮음
9/5/2023,서울(108),O,33,32.8,28.5,25,69.5,O,관심,X,높음
9/5/2023,인천(112),X,32.1,31.3,27.6,25.6,77,X,관심,X,높음
9/5/2023,원주(114),X,30.9,31.1,26.7,23.1,69.1,X,관심,X,낮음
9/5/2023,울릉도(115),X,27.7,26,23.8,22.8,83,X, ,X,높음
9/5/2023,수원(119),X,32.2,32.5,27.1,22.8,71.3,X, ,X,높음
9/5/2023,영월(121),X,30.2,30.3,24.6,20.9,74.9,X, ,X,낮음
9/5/2023,충주(127),X,30.4,30.3,25.8,21.9,72.9,X,관심,X,보통
9/5/2023,서산(129),X,32.3,32.1,27,23.9,79,X,관심,X,높음
9/5/2023,울진(130),X,29.6,28.1,24.5,21.6,84.9,X, ,X,높음
9/5/2023,청주(131),X,31.6,31.5,28.1,25.6,64.4,O,관심,X,보통
9/5/2023,대전(133),X,31.1,31.2,26.9,23.8,66.8,X,관심,X,보통
9/5/2023,추풍령(135),X,29.2,29.1,23.8,19,74,X, ,X,보통
9/5/2023,안동(136),X,30.1,30.7,25.6,20.7,68.9,O,관심,X,높음
9/5/2023,상주(137),X,31.1,30.4,25.3,21.7,79.3,X, ,X,보통
9/5/2023,포항(138),X,28.9,27.9,25.9,24.2,73.5,X, ,X,매우높음
9/5/2023,군산(140),X,31.7,31.7,27.5,24.1,73.3,O,주의,X,보통
9/5/2023,대구(143),X,30.4,30.6,26.1,22.4,65.5,O,관심,X,높음
9/5/2023,전주(146),X,31.2,31.4,27.1,24,70.9,O,주의,X,보통
9/5/2023,울산(152),X,28.7,28.6,25.1,23.1,71.8,X, ,X,매우높음
9/5/2023,창원(155),X,30.6,31.4,26.8,23.3,60,O,주의,X,매우높음
9/5/2023,광주(156),X,32.9,32.2,27,22.8,83.1,O,주의,X,높음
9/5/2023,부산(159),X,30.6,31.7,26.8,23.6,58.9,O, ,X,매우높음
9/5/2023,통영(162),X,31.3,31.3,26.5,23.2,65.8,X,관심,X,매우높음
9/5/2023,목포(165),X,31.8,30.2,26.5,23.7,82.8,X, ,X,높음
9/5/2023,여수(168),X,30,29.8,27.2,25.1,65.9,X, ,X,매우높음
9/5/2023,흑산도(169),X,29.4,26.7,24.2,22.9,96.4,X, ,X,보통
9/5/2023,완도(170),X,31.9,31.1,26.7,23.7,80.8,O,관심,X,높음
9/5/2023,고창(172),X,32.5,31.9,26.3,22.8,82.1,O,주의,X,높음
9/5/2023,제주(184),X,29.6,28.9,26.9,25.1,67.6,O,주의,X,매우높음
9/5/2023,진주(192),X,31.3,31.1,26.1,21.7,74.5,O,주의,X,매우높음
9/5/2023,양평(202),X,31.1,31.2,26.1,22.9,79.8,O,관심,X,보통
9/5/2023,이천(203),X,32.3,31.8,26.4,22.8,83.1,X,관심,X,높음
9/5/2023,인제(211),X,31.5,31.4,25.1,21.3,79.3,X, ,X,낮음
9/5/2023,홍천(212),X,32.1,32.1,25.6,21.9,75.8,O,관심,X,낮음
9/5/2023,태백(216),X,26,24.6,20.4,16.1,82.4,X, ,X,낮음
9/5/2023,정선군(217),X,30.4,30.6,24.3,19.6,74.1,X, ,X,낮음
9/5/2023,제천(221),X,29.5,29.3,24.3,20.5,80,X, ,X,보통
9/5/2023,보은(226),X,29.6,29.2,24.6,21,81.3,X, ,X,보통
9/5/2023,천안(232),X,30.7,30.6,25.6,21.7,78.9,X,관심,X,높음
9/5/2023,보령(235),X,31.6,32.1,27.3,24.3,72.9,O,주의,X,보통
9/5/2023,부여(236),X,31.7,31.4,26.8,23.3,77.8,O,주의,X,보통
9/5/2023,금산(238),X,30.4,30.6,25.2,20.4,73,X,관심,X,보통
9/5/2023,세종(239),X,32.2,31.6,26.3,23.4,75.4,O,주의,X,보통
9/5/2023,부안(243),X,31.6,31.7,27,23.9,78.8,O,주의,X,보통
9/5/2023,임실(244),X,31.1,31.2,25.2,20.8,77,O,관심,X,높음
9/5/2023,정읍(245),X,31.8,31.5,26.4,22.9,77.3,O,주의,X,보통
9/5/2023,남원(247),X,31.2,32.1,26.7,22.3,71.8,O, ,X,높음
9/5/2023,장수(248),X,29.7,29.7,23.5,19.6,84.9,X, ,X,높음
9/5/2023,영광군(252),X,32.4,31.3,26.5,23.5,82.6,X, ,X,높음
9/5/2023,김해시(253),X,32.2,32.4,26.5,22.9,65.1,O,주의,X,매우높음
9/5/2023,순창군(254),X,32.3,33.4,26.6,21.7,74.3,O,관심,X,높음
9/5/2023,양산시(257),X,31.1,31.7,27,23.6,66.9,O,주의,X,매우높음
9/5/2023,강진군(259),O,33.7,33,26.2,22.3,85.9,O,관심,X,높음
9/5/2023,장흥(260),X,32.3,32,26,21.5,84.1,O,관심,X,높음
9/5/2023,해남(261),X,32.6,31.2,26.1,22.1,86.8,O,주의,X,높음
9/5/2023,고흥(262),X,30,30.3,25.1,21.8,81.1,O,관심,X,매우높음
9/5/2023,의령군(263),X,31.6,32,26,21.5,73.8,O,관심,X,매우높음
9/5/2023,함양군(264),X,32,32,25.7,21,79.4,X, ,X,높음
9/5/2023,진도군ASOS(268),X,31.7,29.9,25.7,22.7,87.4,X,관심,X,높음
9/5/2023,봉화(271),X,28.2,28,22.7,18.6,77.9,X, ,X,보통
9/5/2023,영주(272),X,30,30.1,23.9,19.7,83.9,X, ,X,보통
9/5/2023,문경(273),X,30.6,29.8,24.6,20.5,82.8,X, ,X,보통
9/5/2023,청송군(276),X,29.3,29.9,23.8,19.2,76.9,X, ,X,높음
9/5/2023,영덕(277),X,27.9,27.6,24,21.3,79.9,X, ,X,높음
9/5/2023,의성(278),X,29.8,31,25.2,20.6,72.1,O,관심,X,높음
9/5/2023,구미(279),X,30.5,31.4,25.4,21.7,70.1,X, ,X,높음
9/5/2023,영천(281),X,29.2,30.1,24.9,20.4,72.6,X, ,X,매우높음
9/5/2023,경주시(283),X,29.5,28.9,25.3,22.8,73.6,X, ,X,매우높음
9/5/2023,거창(284),X,30.7,30.4,24.4,20.3,76.9,X, ,X,높음
9/5/2023,합천(285),X,31,31.5,25.8,21.5,73.1,O,주의,X,높음
9/5/2023,밀양(288),X,30,31.6,26.9,23.4,54.1,O,주의,X,매우높음
9/5/2023,산청(289),X,31.9,31.5,25.5,21.4,79.5,X, ,X,매우높음
9/5/2023,거제(294),X,30.9,30.5,25.6,21.6,68.9,O,주의,X,매우높음
9/5/2023,남해(295),X,30.8,30.6,26.3,23.2,72.8,X, ,X,매우높음
9/5/2023,부천(433),X,31.5,31.8,26.9,23.2,70,X, ,X,높음
9/5/2023,안양(434),X,27.1,32.2,27,23.4,,X,관심,X,높음
9/5/2023,광명(437),O,33.4,34.4,29.2,26.5,63,X,관심,O,높음
9/5/2023,군포(438),X,32.9,33.6,27.6,24.4,68,X,관심,X,높음
9/5/2023,김포(441),X,,33.1,27.3,23.6,,O,관심,X,높음
9/5/2023,하남(444),X,32.6,32.4,25.8,22.6,76,X,관심,X,높음
9/5/2023,의왕(445),X,,,,,81,X, ,X,높음
9/5/2023,포천(504),O,33.2,33.7,27.2,22.7,76,X,관심,X,높음
9/5/2023,가평조종(505),X,32.7,32.1,25.5,22.1,86,X,관심,X,높음
9/5/2023,안성(516),X,31.9,32,26.4,22.7,82,O,관심,X,높음
9/5/2023,간성(517),X,28.8,27,23.5,21.2,88,X, ,X,낮음
9/5/2023,평창(526),X,29.9,30.2,24,20.1,75,X, ,X,낮음
9/5/2023,의정부(532),O,33.7,32.5,26.8,23.4,86,O,관심,X,높음
9/5/2023,횡성(536),X,31.9,32.8,26.2,21.8,74,X, ,X,낮음
9/5/2023,고양(540),X,,,,,,X,관심,X,높음
9/5/2023,남양주(541),X,32.8,33.4,27.1,23.2,77,X,관심,X,높음
9/5/2023,안산(545),X,32.6,32.6,25.8,21.2,84,X,관심,X,높음
9/5/2023,경기광주(546),X,31.2,31.4,25.9,23,74,X,관심,X,높음
9/5/2023,여주(548),X,31.2,30.8,25.8,22.2,79,O,관심,X,보통
9/5/2023,용인(549),X,32.3,32.8,25.5,22.1,78,X,관심,X,높음
9/5/2023,오산(550),X,32.7,32.2,26.4,22.7,81,X,관심,X,높음
9/5/2023,평택(551),X,32.8,33,27.3,24.6,82,X,관심,X,높음
9/5/2023,화천(555),X,32.8,32,25.4,21.8,90,X, ,X,낮음
9/5/2023,양구(556),X,32,32.5,24.9,21,79,X, ,X,낮음
9/5/2023,시흥(565),X,32.8,32.9,27.4,23.8,80,X,관심,X,높음
9/5/2023,구리(569),X,32.7,32.8,26.5,23.2,76,X, ,X,높음
9/5/2023,화성(571),O,33.1,33.1,27.5,24.6,76,X,관심,X,높음
9/5/2023,성남(572),X,32.3,32.7,26.6,23.3,73,X, ,X,높음
9/5/2023,과천(590),X,32.8,32.7,25.9,21.6,85,X,관심,X,높음
9/5/2023,양주(598),O,33.7,33.3,26.7,22.8,82,O,관심,X,높음
9/5/2023,단양(601),X,31.5,31.8,24.8,21.1,81,X,관심,X,보통
9/5/2023,진천(602),X,31.6,31.9,26,22.5,77,X,관심,X,보통
9/5/2023,괴산(603),X,31.3,31.1,25.3,21.5,81,X,관심,X,보통
9/5/2023,옥천(604),X,31.2,31.6,26.6,23.1,77,O,관심,X,보통
9/5/2023,홍북(608),X,31.7,31.6,26,22.2,77,X,관심,X,보통
9/5/2023,공주(612),X,31.6,31.1,26,22.6,79,O,주의,X,보통
9/5/2023,서천(614),X,31.6,31.4,26.8,22.4,77,X,관심,X,보통
9/5/2023,논산(615),X,32.4,32.8,27.5,23,69,O,주의,X,보통
9/5/2023,당진(616),X,32.8,32.3,26.7,23.3,84,X,관심,X,높음
9/5/2023,청양(618),X,31.4,31.7,25.5,21.6,81,O,주의,X,보통
9/5/2023,음성(619),X,30.1,29.5,24.2,20.5,81,X, ,X,보통
9/5/2023,증평(623),X,31.6,30.9,26.1,22.6,81,X, ,X,보통
9/5/2023,태안(627),X,32.6,32.2,27.4,24.1,78,X,관심,X,높음
9/5/2023,예산(628),X,32.2,32,27.2,24,79,X,관심,X,보통
9/5/2023,아산(634),X,32.4,32.6,27.2,24.1,79,X,관심,X,높음
9/5/2023,계룡(636),X,31.1,30.5,25.2,20.1,79,X,관심,X,보통
9/5/2023,연천청산(652),X,32.2,31.9,25.8,22.3,81,O,관심,X,높음
9/5/2023,양양(670),X,28,26.1,23.5,20.8,88,X, ,X,낮음
9/5/2023,무안(699),X,32.3,31.4,26.2,22.6,82,O,주의,X,높음
9/5/2023,무주(701),X,29.8,30.1,24.8,19.9,75,X, ,X,보통
9/5/2023,익산(702),X,30.9,31.5,26.9,22.7,69,O,관심,X,보통
9/5/2023,진안(703),X,29.5,29.5,24,19.2,80,X, ,X,높음
9/5/2023,담양(706),O,33.7,34,27,22.2,81,O,주의,X,높음
9/5/2023,구례(709),X,32.9,32.4,26.1,22.7,86,O,주의,X,높음
9/5/2023,나주(710),X,32.4,31.8,26.1,22.2,86,O,주의,X,높음
9/5/2023,순천시(712),X,32.7,33.1,27,22.9,79,O,주의,X,매우높음
9/5/2023,광양읍(713),X,32.1,32.6,27.3,22.1,73,O,주의,X,매우높음
9/5/2023,장성(730),O,33.1,32.4,25.8,21.8,82,O,관심,X,높음
9/5/2023,영암(731),O,33.1,32.2,26.3,22,89,O,주의,X,높음
9/5/2023,보성(732),X,31.2,31.1,25,21.4,80,O,주의,X,높음
9/5/2023,완주(734),X,31.3,31.4,25.9,21.4,77,O,관심,X,보통
9/5/2023,김제(737),X,31.8,31.1,27.1,23.8,79,O,주의,X,보통
9/5/2023,화순(741),O,33,32.9,26.1,22.4,80,O,주의,X,높음
9/5/2023,함평(754),O,33.2,32.1,26.6,22.5,82,O,주의,X,높음
9/5/2023,곡성(768),X,32.5,32.6,25.7,21.4,83,O,주의,X,높음
9/5/2023,압해도(789),X,32.7,30.7,26,23.1,88,O,관심,X,높음
9/5/2023,영양(801),X,28.7,29.2,23.6,19.7,75,X, ,X,높음
9/5/2023,성주(810),X,30.5,31.5,26.2,21.8,69,X, ,X,높음
9/5/2023,고령(812),X,31.1,31.1,25,21.1,82,X, ,X,높음
9/5/2023,청도(813),X,29.8,30.6,24.9,20.8,71,X, ,X,매우높음
9/5/2023,예천(815),X,31,31,25.1,21.1,76,X,관심,X,보통
9/5/2023,김천(822),X,30.9,31,25,20.4,81,X, ,X,높음
9/5/2023,군위(823),X,30.1,30.6,24.9,21,76,X, ,X,낮음
9/5/2023,칠곡(825),X,31,31.3,26.1,22,77,X,관심,X,높음
9/5/2023,경산(827),X,30.3,30.9,25.7,22.1,68,X, ,X,매우높음
9/5/2023,삼척(876),X,29.2,27.6,23.8,21.6,86,X, ,X,낮음
9/5/2023,속초(90),X,28.9,27,23.7,21.6,87.3,X, ,X,낮음
9/5/2023,삼천포(907),X,32.2,31.2,26.4,22.5,68,X,관심,X,매우높음
9/5/2023,고성(918),X,31.7,31.4,25.7,21.3,79,O,관심,X,매우높음
9/5/2023,창녕(919),X,30.8,31.4,25.9,22.1,73,O,관심,X,매우높음
9/5/2023,함안(920),X,30.4,30.4,24.5,20.2,80,X, ,X,매우높음
9/5/2023,북춘천(93),X,32.3,32.4,26.6,22.3,79.3,X,관심,X,낮음
9/5/2023,하동(932),X,31.9,31.5,26.5,22,76,O,주의,X,매우높음
9/5/2023,철원(95),X,31.9,31.8,25.6,21.6,82,X, ,X,낮음
9/5/2023,동두천(98),X,32.9,32,26.4,22.7,82.6,O,관심,X,높음
9/5/2023,파주(99),X,32.9,32,26.2,22.2,85.1,O,관심,X,높음
9/6/2023,북강릉(104),X,28.1,26.6,22.4,19.4,89.1,X, ,X,낮음
9/6/2023,동해(106),X,28.4,26.4,23,19.4,90.4,X, ,X,낮음
9/6/2023,서울(108),X,31.5,32.1,27.9,24,65.1,O,주의,X,높음
9/6/2023,인천(112),X,31.3,30.4,27.4,24,69.8,X,관심,X,높음
9/6/2023,원주(114),X,30.5,31.6,26.1,21.8,64.5,X,관심,X,낮음
9/6/2023,울릉도(115),X,27.6,25.9,23.3,20.7,80.8,X, ,X,높음
9/6/2023,수원(119),X,31,31.7,27,22,67.1,X, ,X,높음
9/6/2023,영월(121),X,30.1,30.6,23.7,18.2,71.5,X, ,X,낮음
9/6/2023,충주(127),X,30.5,31.2,25.7,21,66.6,X,관심,X,높음
9/6/2023,서산(129),X,32.2,31.8,26.6,22.3,80.9,X,관심,X,높음
9/6/2023,울진(130),X,29.5,28.2,24,20.6,80.8,X, ,X,보통
9/6/2023,청주(131),X,31.2,32.5,27.7,23.3,61.5,O,주의,X,높음
9/6/2023,대전(133),X,31.2,31.3,26,21,67.6,X,관심,X,높음
9/6/2023,추풍령(135),X,29.3,29.1,23,17.3,74.3,X, ,X,높음
9/6/2023,안동(136),X,30.3,30.7,24.4,18.5,74.3,X,주의,X,높음
9/6/2023,상주(137),X,31.1,31,24.7,19.5,76.1,X,관심,X,높음
9/6/2023,포항(138),X,28.8,27.5,25.5,24.1,73.4,X, ,X,높음
9/6/2023,군산(140),X,32.2,31.5,26.7,22.8,74.9,O,주의,X,높음
9/6/2023,대구(143),X,30.4,30.9,25.2,20.3,69.3,X,주의,X,높음
9/6/2023,전주(146),X,31.8,31.7,26.6,21.6,65.3,O,주의,X,높음
9/6/2023,울산(152),X,28.2,27.3,24.6,23,74.9,X, ,X,높음
9/6/2023,창원(155),X,30.3,30.7,26.5,22.7,61.1,X,주의,X,높음
9/6/2023,광주(156),O,33.1,32.6,27,22.4,82.3,O,주의,X,매우높음
9/6/2023,부산(159),X,30.5,30.6,26.4,24,62.4,X,주의,X,높음
9/6/2023,통영(162),X,31.3,31.4,26.2,22.1,66.5,X,관심,X,높음
9/6/2023,목포(165),X,31.6,30.8,26.4,23.5,79.4,X,관심,X,매우높음
9/6/2023,여수(168),X,30.2,30,26.9,24.6,64.3,X, ,X,매우높음
9/6/2023,흑산도(169),X,29.9,27.5,24.2,22.4,93.9,X, ,X,매우높음
9/6/2023,완도(170),X,32.3,31.9,25.7,22.6,84.4,O,주의,X,매우높음
9/6/2023,고창(172),X,31.9,31.3,25.7,20.8,81.9,O,주의,X,매우높음
9/6/2023,제주(184),X,29.8,29.9,26.9,24.2,65.5,O,주의,X,매우높음
9/6/2023,진주(192),X,31.7,31.8,25.5,19.6,73.4,X,주의,X,높음
9/6/2023,양평(202),X,30.8,31.8,26,21.6,69.4,O,주의,X,높음
9/6/2023,이천(203),X,31.9,31.8,25.6,21.3,77.9,X,관심,X,높음
9/6/2023,인제(211),X,30.1,30.2,23.4,19.2,77.4,X, ,X,낮음
9/6/2023,홍천(212),X,30.5,31.6,24.9,20.1,70.5,O,주의,X,낮음
9/6/2023,태백(216),X,25.5,24.4,19.1,15,83.4,X, ,X,낮음
9/6/2023,정선군(217),X,29.4,29.6,22.3,17.3,74.9,X, ,X,낮음
9/6/2023,제천(221),X,29,29.2,23.1,17.5,78.9,X,관심,X,높음
9/6/2023,보은(226),X,30,29.9,23.5,18.9,80.5,X, ,X,높음
9/6/2023,천안(232),X,30.3,30.8,25.2,20.3,75.4,X,관심,X,높음
9/6/2023,보령(235),X,32.2,31.2,25.9,22.3,82.3,O,주의,X,높음
9/6/2023,부여(236),X,32.4,32.5,26.4,21.4,76.4,O,주의,X,높음
9/6/2023,금산(238),X,30.7,30.8,24.1,18.3,76.5,X, ,X,높음
9/6/2023,세종(239),X,30.9,31.3,26,21.5,71.5,O,주의,X,높음
9/6/2023,부안(243),X,31.7,31.5,26,21.9,80.8,O,주의,X,높음
9/6/2023,임실(244),X,30.8,30.9,24.5,19,75.8,O,주의,X,매우높음
9/6/2023,정읍(245),X,31.9,31.7,26,21,76.9,O,주의,X,높음
9/6/2023,남원(247),X,31.8,32,25.6,20.3,71.1,O,주의,X,높음
9/6/2023,장수(248),X,29.8,29.6,22.6,17.8,81.4,X,관심,X,매우높음
9/6/2023,영광군(252),X,31.9,31.3,26,21.3,80.1,X,관심,X,매우높음
9/6/2023,김해시(253),X,32.6,32.3,26.4,22.2,69.3,X,주의,X,높음
9/6/2023,순창군(254),X,32.2,32.3,25,20,80.1,O,주의,X,매우높음
9/6/2023,양산시(257),X,31.2,31,27.1,24.6,68.6,X,주의,X,높음
9/6/2023,강진군(259),X,32.9,32.9,25.5,22.2,88,O,주의,X,매우높음
9/6/2023,장흥(260),X,32.5,32,24.8,20.8,89.1,O,주의,X,매우높음
9/6/2023,해남(261),X,32.6,32.4,25.4,21.9,86.1,O,주의,X,높음
9/6/2023,고흥(262),X,31,30.7,24.3,20,80.4,O,주의,X,매우높음
9/6/2023,의령군(263),X,31.7,32,25.3,19,73.3,X,주의,X,높음
9/6/2023,함양군(264),X,31.8,31.4,24.4,18.7,81.6,X,관심,X,높음
9/6/2023,진도군ASOS(268),X,31.8,30.8,25.7,21.3,85.1,X,관심,X,매우높음
9/6/2023,봉화(271),X,27.6,27.8,21.3,16.3,77.3,X, ,X,높음
9/6/2023,영주(272),X,29.5,30.3,23.1,17.7,76.9,X, ,X,높음
9/6/2023,문경(273),X,30.2,30.2,23.9,18.6,78.8,X, ,X,높음
9/6/2023,청송군(276),X,29.9,29.5,22.2,17.3,84,X, ,X,높음
9/6/2023,영덕(277),X,28.3,27.3,23.4,20.2,80.5,X, ,X,높음
9/6/2023,의성(278),X,30.5,31.3,24,17.9,76.3,X,주의,X,높음
9/6/2023,구미(279),X,30.5,31.3,25.1,19.5,67.4,X, ,X,높음
9/6/2023,영천(281),X,29.6,29.8,23.8,18.8,77.5,X, ,X,높음
9/6/2023,경주시(283),X,29.5,28.5,24.7,21.5,77.8,X, ,X,높음
9/6/2023,거창(284),X,30.1,29.9,23.3,17.3,77.1,X, ,X,높음
9/6/2023,합천(285),X,30.6,31.3,25.1,19.7,73,X,주의,X,높음
9/6/2023,밀양(288),X,30.2,31.4,26.6,22.2,57.6,X,주의,X,높음
9/6/2023,산청(289),X,31.4,31.3,24.5,19.2,78.8,X,관심,X,높음
9/6/2023,거제(294),X,30.6,29.9,25.5,21.7,70.9,X,주의,X,높음
9/6/2023,남해(295),X,31,30.9,25.6,22,71.8,X,관심,X,매우높음
9/6/2023,부천(433),X,30.7,31.7,26.8,22.7,62,X, ,X,높음
9/6/2023,안양(434),X,,31.4,27.2,23.4,,X,관심,X,높음
9/6/2023,광명(437),X,31.8,33.6,29.2,25.5,58,X,관심,X,높음
9/6/2023,군포(438),X,31.5,32.4,27.2,23.4,64,X,관심,X,높음
9/6/2023,김포(441),X,,32.5,27.2,22.3,,O,주의,X,높음
9/6/2023,하남(444),X,30.6,31.2,25.9,21.3,66,X,관심,X,높음
9/6/2023,의왕(445),X,31.4,31.1,25.2,21.3,78,X, ,X,높음
9/6/2023,포천(504),X,31.6,32.3,26.1,21.6,72,X,관심,X,높음
9/6/2023,가평조종(505),X,31.1,31.1,24.7,19.6,80,X,관심,X,높음
9/6/2023,안성(516),X,31.3,31.7,26.2,21.4,74,O,주의,X,높음
9/6/2023,간성(517),X,28.2,26.3,22.7,19.7,87,X, ,X,낮음
9/6/2023,평창(526),X,29.3,30.3,22.7,17.2,72,X, ,X,낮음
9/6/2023,의정부(532),X,32.1,31.8,26.1,21.3,82,O,주의,X,높음
9/6/2023,횡성(536),X,30.8,32.2,25.1,19.7,69,X,관심,X,낮음
9/6/2023,고양(540),X,,,,,,X,관심,X,높음
9/6/2023,남양주(541),X,31.7,32.9,26.8,21.9,67,X,관심,X,높음
9/6/2023,안산(545),X,32.2,32.2,24.6,19.9,84,X,관심,X,높음
9/6/2023,경기광주(546),X,30.2,31.1,25.5,21.7,70,X,관심,X,높음
9/6/2023,여주(548),X,31.2,31.6,25.5,21.1,72,O,주의,X,높음
9/6/2023,용인(549),X,29.7,30.4,25,20.9,71,X,관심,X,높음
9/6/2023,오산(550),X,32.4,31.8,26.2,21.6,74,X, ,X,높음
9/6/2023,평택(551),X,32.3,32.3,27.1,22.9,75,X,관심,X,높음
9/6/2023,화천(555),X,31.3,31.1,23.8,18.8,88,X, ,X,낮음
9/6/2023,양구(556),X,30.1,30.3,23.1,17.9,78,X, ,X,낮음
9/6/2023,시흥(565),X,32,32.6,27.1,21.9,72,X,관심,X,높음
9/6/2023,구리(569),X,31.6,31.9,26.4,22,69,X, ,X,높음
9/6/2023,화성(571),X,32.7,32.5,27.1,22.8,75,X,관심,X,높음
9/6/2023,성남(572),X,31.4,31.9,26.2,22.2,69,X, ,X,높음
9/6/2023,과천(590),X,31.8,31.9,25.3,20.7,81,X,관심,X,높음
9/6/2023,양주(598),X,32.9,33,25.7,20.9,80,O,주의,X,높음
9/6/2023,단양(601),X,30.7,31.5,23.7,18.5,78,X, ,X,높음
9/6/2023,진천(602),X,31,32.1,25.8,20.3,70,X, ,X,높음
9/6/2023,괴산(603),X,31,31.6,24.4,19.3,77,X, ,X,높음
9/6/2023,옥천(604),X,31.5,32,25.6,21.2,78,O,주의,X,높음
9/6/2023,홍북(608),X,31.9,32.1,25.7,20.7,77,X,관심,X,높음
9/6/2023,공주(612),X,31.2,31.6,25.4,20.6,76,O,주의,X,높음
9/6/2023,서천(614),X,32,30.9,25.6,21.4,82,X, ,X,높음
9/6/2023,논산(615),X,32.6,33,26.3,20.7,72,O,주의,X,높음
9/6/2023,당진(616),O,33.1,32.4,26.3,22,85,X,관심,X,높음
9/6/2023,청양(618),X,32.1,32,24.9,20.4,83,O,주의,X,높음
9/6/2023,음성(619),X,29.5,30,23.4,18.3,78,X, ,X,높음
9/6/2023,증평(623),X,31.3,31.7,25.8,20.5,72,X,관심,X,높음
9/6/2023,태안(627),X,32.9,31.9,27.3,22.5,79,X,관심,X,높음
9/6/2023,예산(628),X,32.4,32.5,27,22.2,77,X,관심,X,높음
9/6/2023,아산(634),X,32.1,32.6,27.2,22.3,73,X,관심,X,높음
9/6/2023,계룡(636),X,31.1,30.9,24,17.8,78,X, ,X,높음
9/6/2023,연천청산(652),X,31.3,31.6,25,19.9,77,O,주의,X,높음
9/6/2023,양양(670),X,28.1,26.3,23.1,19.6,85,X, ,X,낮음
9/6/2023,무안(699),X,32.5,32,26.3,21.6,80,O,주의,X,높음
9/6/2023,무주(701),X,30.4,30.9,23.3,17.8,78,X,관심,X,높음
9/6/2023,익산(702),X,31.3,32.1,25.9,20.7,69,O,주의,X,높음
9/6/2023,진안(703),X,29.4,29.5,23,17.7,79,X,관심,X,매우높음
9/6/2023,담양(706),O,34.3,34.5,26.6,20.8,82,O,주의,X,매우높음
9/6/2023,구례(709),O,33.1,32.6,24.8,21.2,88,O,주의,X,높음
9/6/2023,나주(710),O,33,32.6,25.6,21.5,85,O,주의,X,매우높음
9/6/2023,순천시(712),O,33.1,32.6,26.6,21.5,81,O,주의,X,높음
9/6/2023,광양읍(713),X,32.4,32.5,25.8,20.8,80,O,주의,X,높음
9/6/2023,장성(730),X,32.6,32.4,25.6,20.4,80,O,주의,X,매우높음
9/6/2023,영암(731),O,33.7,32.9,25,21.8,91,O,주의,X,매우높음
9/6/2023,보성(732),X,31.4,30.9,24,20.1,89,O,주의,X,매우높음
9/6/2023,완주(734),X,31.9,32.1,25,19.9,77,O,주의,X,높음
9/6/2023,김제(737),X,32.4,31.7,26.4,21.4,79,O,주의,X,높음
9/6/2023,화순(741),O,33.1,33.3,25.5,20.7,80,O,주의,X,매우높음
9/6/2023,함평(754),O,33,32.7,26.4,21.2,81,O,주의,X,높음
9/6/2023,곡성(768),X,32.9,32.7,24.6,19.3,84,O,주의,X,높음
9/6/2023,압해도(789),O,33.1,32.1,26.4,22.5,85,O,주의,X,매우높음
9/6/2023,영양(801),X,29.1,28.9,22.5,17.1,80,X, ,X,높음
9/6/2023,성주(810),X,30.6,31.8,25.5,19.4,69,X, ,X,높음
9/6/2023,고령(812),X,30.8,30.8,24,18.5,82,X, ,X,높음
9/6/2023,청도(813),X,30.1,30,24.3,18.5,74,X, ,X,높음
9/6/2023,예천(815),X,30.7,31.6,24.4,19.2,74,X,관심,X,높음
9/6/2023,김천(822),X,31.1,31.1,23.9,17.7,82,X, ,X,높음
9/6/2023,군위(823),X,30.8,31,23.9,18.6,78,X, ,X,낮음
9/6/2023,칠곡(825),X,31.2,31.7,25.1,20,79,X,관심,X,높음
9/6/2023,경산(827),X,30.8,30.5,24.8,20,73,X, ,X,높음
9/6/2023,삼척(876),X,29,27.5,23.4,20.3,81,X, ,X,낮음
9/6/2023,속초(90),X,28.9,27,23.4,20.5,84.1,X, ,X,낮음
9/6/2023,삼천포(907),X,31.2,31,26.3,22.1,65,X,관심,X,높음
9/6/2023,고성(918),X,31.9,31.6,25.1,20.1,76,X,주의,X,높음
9/6/2023,창녕(919),X,31.9,31.8,25.3,19.8,73,X,주의,X,높음
9/6/2023,함안(920),X,31.4,30.8,24.3,18.3,78,X,관심,X,높음
9/6/2023,북춘천(93),X,30.8,31.4,24.9,19.7,75.9,O,관심,X,낮음
9/6/2023,하동(932),X,31.7,31.9,25.6,19.8,76,X,주의,X,높음
9/6/2023,철원(95),X,30.9,31.3,24.8,19.6,75.4,X, ,X,낮음
9/6/2023,동두천(98),X,31.3,31.2,25.3,21,78.8,O,주의,X,높음
9/6/2023,파주(99),X,31.8,30.9,24.9,20.1,82.5,O,주의,X,높음
9/7/2023,북강릉(104),X,26.4,25.1,21.6,18.6,80.4,X, ,X,낮음
9/7/2023,동해(106),X,26.9,25.7,22.3,19,82.1,X, ,X,낮음
9/7/2023,서울(108),X,30,31.6,26.3,20.9,54.8,X,주의,X,높음
9/7/2023,인천(112),X,29.9,31.3,27.1,22.9,50.4,X,관심,X,높음
9/7/2023,원주(114),X,29.1,31.2,23.6,17.2,57.9,X,관심,X,낮음
9/7/2023,울릉도(115),X,27.2,25.2,23,20.7,83.3,X, ,X,높음
9/7/2023,수원(119),X,29.3,31.2,25.8,19.9,53.6,X, ,X,높음
9/7/2023,영월(121),X,29.1,30.6,21.7,15.9,71.1,X, ,X,낮음
9/7/2023,충주(127),X,29.2,30.3,23.1,15.8,66,X,관심,X,높음
9/7/2023,서산(129),X,29.2,30.4,25,20.6,63.6,X, ,X,높음
9/7/2023,울진(130),X,28.1,27.1,23,19.6,74.9,X, ,X,높음
9/7/2023,청주(131),X,29.3,30.9,26.2,20.7,53.9,X,주의,X,높음
9/7/2023,대전(133),X,28.8,30.1,25,19.8,60,X, ,X,높음
9/7/2023,추풍령(135),X,27.7,27.7,21.2,15.1,72.4,X, ,X,높음
9/7/2023,안동(136),X,29,30.2,22.5,16.5,71.8,X, ,X,높음
9/7/2023,상주(137),X,29.3,29.5,22.6,17.7,77.1,X, ,X,높음
9/7/2023,포항(138),X,27.5,26.3,24.1,21.9,71.5,X, ,X,높음
9/7/2023,군산(140),X,29.7,31,26,21.8,61,X,주의,X,높음
9/7/2023,대구(143),X,28.4,28.9,23.6,18.1,67.3,X, ,X,높음
9/7/2023,전주(146),X,29.3,31.6,25.9,20.6,56.6,O,주의,X,높음
9/7/2023,울산(152),X,27.7,27.1,23.5,20.6,71.8,X, ,X,높음
9/7/2023,창원(155),X,29,29.5,25.1,20.7,57.9,X, ,X,높음
9/7/2023,광주(156),X,30.1,30.6,25.7,21.6,68.5,O,주의,X,매우높음
9/7/2023,부산(159),X,29.5,29.6,25.3,21.7,59.8,X, ,X,높음
9/7/2023,통영(162),X,30.1,30.2,25.2,21.7,61.6,X, ,X,높음
9/7/2023,목포(165),X,30.2,30.3,26,22.4,70.1,X, ,X,매우높음
9/7/2023,여수(168),X,28.5,29,25.9,23.7,56.9,X, ,X,매우높음
9/7/2023,흑산도(169),X,30.1,28.7,24.2,21.6,85.9,X, ,X,매우높음
9/7/2023,완도(170),X,29.6,29.9,25.2,21.4,72.9,O,주의,X,매우높음
9/7/2023,고창(172),X,29.4,30.6,24.5,19.7,68.9,O,주의,X,매우높음
9/7/2023,제주(184),X,28.4,28.4,25.8,23.8,63.3,X,주의,X,매우높음
9/7/2023,진주(192),X,30,30.2,24,18.7,70.4,X, ,X,매우높음
9/7/2023,양평(202),X,29.2,30.6,23.5,17.7,66.9,X,주의,X,높음
9/7/2023,이천(203),X,30,30.5,23.3,17,72.4,X, ,X,높음
9/7/2023,인제(211),X,28.7,30.1,22.1,16.8,70.6,X, ,X,낮음
9/7/2023,홍천(212),X,29.6,31.4,22.7,17.4,70,X,주의,X,낮음
9/7/2023,태백(216),X,24.8,24.2,18.1,13.1,78.6,X, ,X,낮음
9/7/2023,정선군(217),X,28,29,20.8,14.1,70.3,X, ,X,낮음
9/7/2023,제천(221),X,28.4,29.2,21.1,14.5,74.5,X, ,X,높음
9/7/2023,보은(226),X,28.1,28.6,21.8,16.5,77.6,X, ,X,높음
9/7/2023,천안(232),X,28.5,29.8,23.2,16.6,69.3,X, ,X,높음
9/7/2023,보령(235),X,29.6,31.7,26.3,21.4,55.3,X,주의,X,높음
9/7/2023,부여(236),X,29.7,31.1,24.9,19.9,68.1,X,주의,X,높음
9/7/2023,금산(238),X,28.5,29.8,22.4,17.1,74.1,X, ,X,높음
9/7/2023,세종(239),X,29.1,30,24.7,20.2,65.1,X,주의,X,높음
9/7/2023,부안(243),X,29.1,31.1,25.5,20.8,64.4,O,주의,X,높음
9/7/2023,임실(244),X,28.2,29.6,22.5,17,70.1,X,주의,X,매우높음
9/7/2023,정읍(245),X,29.3,31.2,24.9,19.7,61.9,O,주의,X,매우높음
9/7/2023,남원(247),X,28.5,30.3,24.5,19.9,60.4,X,주의,X,매우높음
9/7/2023,장수(248),X,27,28.8,21,14.5,74.5,X,관심,X,매우높음
9/7/2023,영광군(252),X,30,31.3,25.3,20.8,69.3,X, ,X,매우높음
9/7/2023,김해시(253),X,30.7,30.7,25.1,20.7,67,X, ,X,높음
9/7/2023,순창군(254),X,29.3,31.5,24.8,18.8,62.4,O,주의,X,매우높음
9/7/2023,양산시(257),X,30,30.2,25.4,22.3,67,X, ,X,높음
9/7/2023,강진군(259),X,29.9,31.1,24.6,20.1,76.5,O,주의,X,매우높음
9/7/2023,장흥(260),X,29.5,30.1,23.9,19,79.1,O,주의,X,매우높음
9/7/2023,해남(261),X,30.9,31.2,24,19,79,O,주의,X,매우높음
9/7/2023,고흥(262),X,28.3,29,23.4,18.7,70.9,O,주의,X,매우높음
9/7/2023,의령군(263),X,30.6,30.7,23.9,18,74.4,X, ,X,높음
9/7/2023,함양군(264),X,28.7,29.7,22.7,17.3,74.4,X, ,X,매우높음
9/7/2023,진도군ASOS(268),X,30.1,30,24.4,19.6,77.5,X,관심,X,매우높음
9/7/2023,봉화(271),X,26,27,19.5,11.9,72,X, ,X,높음
9/7/2023,영주(272),X,28.5,29.4,20.7,12.8,71.8,X, ,X,높음
9/7/2023,문경(273),X,28.9,29.1,21.8,16.1,76.9,X, ,X,높음
9/7/2023,청송군(276),X,28.4,28.2,20.9,15.1,81.6,X, ,X,높음
9/7/2023,영덕(277),X,26.8,25.8,22.4,18.9,75.8,X, ,X,높음
9/7/2023,의성(278),X,29.4,30.3,22.1,15.3,74.6,X, ,X,높음
9/7/2023,구미(279),X,29.6,30.7,23.7,17.6,65.4,X, ,X,높음
9/7/2023,영천(281),X,28,28.2,22.2,16.3,74.3,X, ,X,높음
9/7/2023,경주시(283),X,28.2,27.3,23.2,19.4,75,X, ,X,높음
9/7/2023,거창(284),X,28,28.5,21.3,14.9,75,X, ,X,매우높음
9/7/2023,합천(285),X,28.8,30.1,23.6,18.4,68.4,X, ,X,높음
9/7/2023,밀양(288),X,28.9,30,25.2,21.7,54.8,X, ,X,보통
9/7/2023,산청(289),X,29,29.1,22.8,18.2,76.1,X, ,X,매우높음
9/7/2023,거제(294),X,28.9,29,24.3,20.1,67.6,X, ,X,높음
9/7/2023,남해(295),X,29.4,29.5,25.3,22,64.8,X, ,X,매우높음
9/7/2023,부천(433),X,28.7,31.5,25.4,19.9,48,X, ,X,높음
9/7/2023,안양(434),X,24.9,31.1,26.1,22,,X, ,X,높음
9/7/2023,광명(437),X,30.5,33.4,28.1,23.8,45,X, ,X,높음
9/7/2023,군포(438),X,29.4,32.1,26.2,22,52,X, ,X,높음
9/7/2023,김포(441),X,,32.3,25.7,18.8,,X,주의,X,높음
9/7/2023,하남(444),X,29.6,30.4,23.1,17.4,65,X, ,X,높음
9/7/2023,의왕(445),X,29.5,30.4,23.4,17.7,68,X, ,X,높음
9/7/2023,포천(504),X,30.4,31.9,23.8,16.2,67,X, ,X,높음
9/7/2023,가평조종(505),X,29.2,30.3,22.3,15.5,76,X, ,X,높음
9/7/2023,안성(516),X,29.1,30.7,24.1,17.9,65,X,주의,X,높음
9/7/2023,간성(517),X,27.6,26.1,21.5,17.5,83,X, ,X,낮음
9/7/2023,평창(526),X,27.4,29.5,20.6,13.9,68,X, ,X,낮음
9/7/2023,의정부(532),X,30.3,31.2,23.8,18.4,76,X,주의,X,높음
9/7/2023,횡성(536),X,29.2,31.3,22.6,16,66,X,관심,X,낮음
9/7/2023,고양(540),X,,,,,,X, ,X,높음
9/7/2023,남양주(541),X,30,32.3,24.6,18.2,62,X, ,X,높음
9/7/2023,안산(545),X,30.3,31.5,22.6,16,74,X, ,X,높음
9/7/2023,경기광주(546),X,28.6,29.7,23,17.7,65,X, ,X,높음
9/7/2023,여주(548),X,28.8,29.9,23.2,16.8,65,X,주의,X,높음
9/7/2023,용인(549),X,27.9,29.3,22.6,16.4,68,X, ,X,높음
9/7/2023,오산(550),X,29.8,30.9,23.8,16.8,68,X,관심,X,높음
9/7/2023,평택(551),X,30.3,31.4,25.3,20.6,64,X,관심,X,높음
9/7/2023,화천(555),X,29.9,30.3,22.1,17,81,X,관심,X,낮음
9/7/2023,양구(556),X,28.3,30.3,21.7,16,73,X, ,X,낮음
9/7/2023,시흥(565),X,30.3,32,24.6,17.9,67,X,관심,X,높음
9/7/2023,구리(569),X,29.9,30.9,24.5,18.8,63,X, ,X,높음
9/7/2023,화성(571),X,30.5,32.2,25.7,19.1,60,X,관심,X,높음
9/7/2023,성남(572),X,28.9,30.9,24.2,18.5,62,X, ,X,높음
9/7/2023,과천(590),X,30.2,31.1,23.2,17.3,74,X, ,X,높음
9/7/2023,양주(598),X,31.3,32.5,23.4,16.2,74,X,주의,X,높음
9/7/2023,단양(601),X,30.4,31.4,21.9,16.5,74,X,관심,X,높음
9/7/2023,진천(602),X,29.8,31.5,23.2,16.7,69,X,관심,X,높음
9/7/2023,괴산(603),X,29.3,30.4,22.3,16.5,78,X,관심,X,높음
9/7/2023,옥천(604),X,29.8,31,24.1,19.6,76,X,주의,X,높음
9/7/2023,홍북(608),X,29.2,31,24,19.2,64,X, ,X,높음
9/7/2023,공주(612),X,29.2,30.6,23.7,18.2,70,X,주의,X,높음
9/7/2023,서천(614),X,29.4,30.6,24.9,19.8,66,X, ,X,높음
9/7/2023,논산(615),X,29.6,31.1,25.1,19,64,O,주의,X,높음
9/7/2023,당진(616),X,29.5,30.8,24.9,19.6,68,X, ,X,높음
9/7/2023,청양(618),X,29.9,31.3,22.9,17.5,75,X,주의,X,높음
9/7/2023,음성(619),X,28.1,29,21.4,14.7,73,X, ,X,높음
9/7/2023,증평(623),X,29.6,30.5,23.9,18.2,68,X,관심,X,높음
9/7/2023,태안(627),X,29.9,32.1,26.5,21.9,54,X, ,X,높음
9/7/2023,예산(628),X,29.5,31.7,25.4,20.1,64,X, ,X,높음
9/7/2023,아산(634),X,30,31.6,25.4,20.5,63,X, ,X,높음
9/7/2023,계룡(636),X,28.2,29.6,22.6,16.2,72,X, ,X,높음
9/7/2023,연천청산(652),X,29.8,31.1,22.8,16.8,75,X,주의,X,높음
9/7/2023,양양(670),X,26.4,25.3,22,18.6,79,X, ,X,낮음
9/7/2023,무안(699),X,30.3,31.8,25.2,21.1,71,O,주의,X,매우높음
9/7/2023,무주(701),X,28,29.4,21.6,15.8,72,X,관심,X,높음
9/7/2023,익산(702),X,28.3,30,24.4,18.5,60,X,주의,X,높음
9/7/2023,진안(703),X,27.8,29,21.2,14.8,74,X,관심,X,매우높음
9/7/2023,담양(706),X,29.8,31.8,25.2,20.2,69,O,주의,X,매우높음
9/7/2023,구례(709),X,30.2,30.9,23.4,18.1,80,O,주의,X,매우높음
9/7/2023,나주(710),X,29.9,30.6,24.5,19.9,78,O,주의,X,매우높음
9/7/2023,순천시(712),X,30.6,31.3,25.1,20.4,72,O,주의,X,매우높음
9/7/2023,광양읍(713),X,30.3,31.5,24.8,18.8,67,O,주의,X,매우높음
9/7/2023,장성(730),X,29.3,30.8,24.1,18.6,71,O,주의,X,매우높음
9/7/2023,영암(731),X,31.2,31.4,24.3,19.6,84,O,주의,X,매우높음
9/7/2023,보성(732),X,28.7,29.8,23.3,18.1,77,O,주의,X,매우높음
9/7/2023,완주(734),X,29.4,30.6,23.5,16.7,71,O,주의,X,높음
9/7/2023,김제(737),X,29.5,30.8,25.5,20.7,64,O,주의,X,높음
9/7/2023,화순(741),X,30.8,31.8,24.5,19.3,71,O,주의,X,매우높음
9/7/2023,함평(754),X,30.7,31.7,25.1,20.3,69,O,주의,X,매우높음
9/7/2023,곡성(768),X,30.2,31.5,23.2,17.9,76,O,주의,X,매우높음
9/7/2023,압해도(789),X,31.9,31.1,25.3,21.3,79,O,주의,X,매우높음
9/7/2023,영양(801),X,27.6,27.7,20.5,14,81,X, ,X,높음
9/7/2023,성주(810),X,30,31.6,23.2,17.2,70,X, ,X,높음
9/7/2023,고령(812),X,29.1,29.5,22.3,16.7,79,X, ,X,높음
9/7/2023,청도(813),X,28.3,28.3,22.8,16.8,73,X, ,X,높음
9/7/2023,예천(815),X,29.5,30.8,22,15,72,X, ,X,높음
9/7/2023,김천(822),X,29.8,29.8,22,16.6,82,X, ,X,높음
9/7/2023,군위(823),X,30.4,30.7,22.2,16.4,78,X, ,X,낮음
9/7/2023,칠곡(825),X,30,31.2,23.4,18.3,74,X, ,X,높음
9/7/2023,경산(827),X,29.1,29.1,23.1,18,73,X, ,X,높음
9/7/2023,삼척(876),X,27.6,26.4,22.1,18.2,80,X, ,X,낮음
9/7/2023,속초(90),X,28.1,27,22.4,18.7,81,X, ,X,낮음
9/7/2023,삼천포(907),X,29.8,29.7,24.8,20.8,62,X, ,X,매우높음
9/7/2023,고성(918),X,30.2,30,23.7,18.1,74,X, ,X,높음
9/7/2023,창녕(919),X,29.8,30.1,23.7,17.8,74,X, ,X,높음
9/7/2023,함안(920),X,29.4,29.6,22.7,17.1,76,X, ,X,높음
9/7/2023,북춘천(93),X,29.4,30.7,22.9,16.9,70,X,주의,X,낮음
9/7/2023,하동(932),X,29.8,29.9,24.2,18.6,71,X, ,X,매우높음
9/7/2023,철원(95),X,29.6,31,22.9,16.1,72.1,X,관심,X,낮음
9/7/2023,동두천(98),X,29.7,30.7,23.5,17.2,71.4,X,주의,X,높음
9/7/2023,파주(99),X,30.6,30.1,23.2,18.1,82,X,주의,X,높음
9/8/2023,북강릉(104),X,26.7,25.6,21.4,18.1,80.4,X, ,X,낮음
9/8/2023,동해(106),X,26.6,25.1,21.8,18.7,86.1,X, ,X,낮음
9/8/2023,서울(108),X,29.7,30.5,25.3,19.6,60.3,X, ,X,높음
9/8/2023,인천(112),X,28.4,28.6,25.1,22.1,61.8,X, ,X,높음
9/8/2023,원주(114),X,27.7,29.2,23,16.9,64.3,X, ,X,낮음
9/8/2023,울릉도(115),X,26.6,25.4,22.2,19.8,76.1,X, ,X,높음
9/8/2023,수원(119),X,29.3,30.6,24.1,18.3,63.8,X, ,X,높음
9/8/2023,영월(121),X,28.1,28.8,20.6,14.9,76.4,X, ,X,낮음
9/8/2023,충주(127),X,28,29.1,22.1,15.6,70.9,X,관심,X,높음
9/8/2023,서산(129),X,28.7,29.7,23.4,18.1,68.6,X, ,X,높음
9/8/2023,울진(130),X,27.5,26.6,22.3,19,79.5,X, ,X,높음
9/8/2023,청주(131),X,28.5,30.2,24.8,19.5,56.9,X, ,X,높음
9/8/2023,대전(133),X,28.2,29.4,23.3,17.6,61.3,X, ,X,높음
9/8/2023,추풍령(135),X,27.2,27.3,20.4,14.1,74.9,X, ,X,높음
9/8/2023,안동(136),X,28.5,29,22.4,15.6,73.3,X, ,X,높음
9/8/2023,상주(137),X,28.9,29.1,22.2,15.8,75.1,X, ,X,높음
9/8/2023,포항(138),X,26.5,26.2,24.2,21.8,65.4,X, ,X,높음
9/8/2023,군산(140),X,29.2,29.5,23.9,20.3,67.3,X,관심,X,높음
9/8/2023,대구(143),X,28.3,29,23.3,18.1,67.5,X, ,X,높음
9/8/2023,전주(146),X,29,29.6,24.2,18.6,63.4,X,주의,X,높음
9/8/2023,울산(152),X,26.7,26.7,22.8,19.2,69.5,X, ,X,높음
9/8/2023,창원(155),X,28.6,29.5,24.2,20.8,64.1,X, ,X,보통
9/8/2023,광주(156),X,29.4,29.9,24.7,19.3,71.5,X,주의,X,매우높음
9/8/2023,부산(159),X,28.8,29.3,24.8,22,59,X, ,X,높음
9/8/2023,통영(162),X,29.1,29.4,24.2,20.8,65.3,X, ,X,높음
9/8/2023,목포(165),X,28.4,28.5,24.5,20.8,66.8,X, ,X,매우높음
9/8/2023,여수(168),X,27.8,28.2,25.1,22.6,62.4,X, ,X,매우높음
9/8/2023,흑산도(169),X,28.8,27.4,23.8,21,78.4,X, ,X,매우높음
9/8/2023,완도(170),X,29.2,29.5,24.4,19.7,67.1,X,주의,X,매우높음
9/8/2023,고창(172),X,28.5,29.1,22.9,16.8,72.1,X,주의,X,높음
9/8/2023,제주(184),X,28.1,28,25.1,22.8,60,X, ,X,매우높음
9/8/2023,진주(192),X,29.2,29.4,22.8,16.7,74.3,X, ,X,높음
9/8/2023,양평(202),X,28.8,29.8,22.7,16.8,72.6,X,관심,X,높음
9/8/2023,이천(203),X,29.1,29.5,22.3,15.5,74.5,X,관심,X,높음
9/8/2023,인제(211),X,29,29.8,21,14.8,76.4,X, ,X,낮음
9/8/2023,홍천(212),X,28.7,29.6,21.6,15.5,74.4,X,관심,X,낮음
9/8/2023,태백(216),X,25.3,25.6,18.6,12,77.9,X, ,X,낮음
9/8/2023,정선군(217),X,29.4,30.8,20.2,13.5,74.6,X, ,X,낮음
9/8/2023,제천(221),X,27.6,28.1,20.3,13.2,77.6,X, ,X,높음
9/8/2023,보은(226),X,27.7,28.2,20.9,14.5,78.3,X, ,X,높음
9/8/2023,천안(232),X,28.2,28.9,21.8,15.4,72.4,X, ,X,높음
9/8/2023,보령(235),X,28.9,29.5,24.2,19,61.3,X, ,X,높음
9/8/2023,부여(236),X,28.6,30,23,17.6,72.6,X, ,X,높음
9/8/2023,금산(238),X,28.3,29.1,21.5,14.9,74.6,X, ,X,높음
9/8/2023,세종(239),X,28.3,29.6,22.8,17.6,67.5,X, ,X,높음
9/8/2023,부안(243),X,28.9,29.8,23.6,18.3,70.3,X,주의,X,높음
9/8/2023,임실(244),X,28.4,29.2,21.5,14.7,75.3,X,관심,X,높음
9/8/2023,정읍(245),X,28.8,29.3,23.3,17.1,68,X,주의,X,높음
9/8/2023,남원(247),X,29,29.7,23.5,17.3,69,X,관심,X,높음
9/8/2023,장수(248),X,27.8,28.1,19.8,12.8,80.5,X, ,X,높음
9/8/2023,영광군(252),X,28.8,29.4,23.3,17.8,70.6,X, ,X,높음
9/8/2023,김해시(253),X,31.1,31.5,24.5,20.9,66.3,X, ,X,높음
9/8/2023,순창군(254),X,29.6,30.7,23.1,16.5,69.8,X,주의,X,높음
9/8/2023,양산시(257),X,29.9,30.4,25.2,21.4,65.5,X, ,X,높음
9/8/2023,강진군(259),X,30,30.6,23.4,17.2,74.4,X,주의,X,높음
9/8/2023,장흥(260),X,29.4,29.6,22.6,16.4,79.6,X,주의,X,높음
9/8/2023,해남(261),X,29.4,30.2,22.8,16.7,76.9,X,주의,X,매우높음
9/8/2023,고흥(262),X,28.2,28.7,22.6,17.5,73,X,주의,X,높음
9/8/2023,의령군(263),X,29.6,30.2,23.1,17.3,76.1,X, ,X,높음
9/8/2023,함양군(264),X,28.8,29.7,22.1,15.2,78.1,X, ,X,높음
9/8/2023,진도군ASOS(268),X,28.8,28.6,22.8,17.1,78,X, ,X,매우높음
9/8/2023,봉화(271),X,26.5,26.9,19.5,13,79.1,X, ,X,높음
9/8/2023,영주(272),X,27.6,28.4,20.7,13.3,78,X, ,X,높음
9/8/2023,문경(273),X,28,28.1,21.5,15.1,79.4,X, ,X,높음
9/8/2023,청송군(276),X,28.5,28.3,20.5,15.1,83.6,X, ,X,높음
9/8/2023,영덕(277),X,26.4,25.3,21.6,17.9,78.9,X, ,X,높음
9/8/2023,의성(278),X,28.8,29.6,21.8,15.3,77.8,X, ,X,높음
9/8/2023,구미(279),X,28.2,29.1,22.5,17,70.9,X, ,X,높음
9/8/2023,영천(281),X,27.8,27.9,21.8,16.8,76,X, ,X,보통
9/8/2023,경주시(283),X,27.7,27.5,22.7,17.9,74,X, ,X,높음
9/8/2023,거창(284),X,27.9,28.2,20.6,14.3,78.1,X, ,X,높음
9/8/2023,합천(285),X,28.4,29.4,22.5,16.7,71.8,X, ,X,높음
9/8/2023,밀양(288),X,28.4,30,24.3,19.6,59.5,X, ,X,보통
9/8/2023,산청(289),X,29,29.1,22,15.9,78.9,X, ,X,높음
9/8/2023,거제(294),X,28.1,27.8,23.5,19.6,70.8,X, ,X,높음
9/8/2023,남해(295),X,28.2,28.8,23.7,20.2,69.9,X, ,X,높음
9/8/2023,부천(433),X,28.1,30.1,24.6,20,53,X, ,X,높음
9/8/2023,안양(434),X,,30.2,25.3,20.8,,X, ,O,높음
9/8/2023,광명(437),X,30.1,32.4,26.8,23.1,51,X, ,X,높음
9/8/2023,군포(438),X,29.7,31.6,25.3,20,56,X, ,X,높음
9/8/2023,김포(441),X,,30.2,24.4,18,,X, ,X,높음
9/8/2023,하남(444),X,28.7,29.6,21.9,15.5,68,X, ,X,높음
9/8/2023,의왕(445),X,29.2,30,23,16.3,68,X, ,X,높음
9/8/2023,포천(504),X,30.5,31.4,22.6,15.1,72,X,관심,X,높음
9/8/2023,가평조종(505),X,29.3,29.9,21.5,13.9,79,X, ,X,높음
9/8/2023,안성(516),X,28.4,29.6,22.9,16.6,71,X,관심,X,높음
9/8/2023,간성(517),X,26.8,25.5,21.2,16.4,81,X, ,X,낮음
9/8/2023,평창(526),X,27.9,28.9,20.3,13.4,72,X, ,X,낮음
9/8/2023,의정부(532),X,29.9,29.9,22.9,16.3,79,X,관심,X,높음
9/8/2023,횡성(536),X,28.9,30.5,22,14.9,70,X, ,X,낮음
9/8/2023,고양(540),X,,,,,,X, ,X,높음
9/8/2023,남양주(541),X,30.5,31.5,23.6,16.4,65,X, ,X,높음
9/8/2023,안산(545),X,29.5,30.3,21.8,14.9,79,X, ,X,높음
9/8/2023,경기광주(546),X,27.6,29,21.9,16.3,66,X, ,X,높음
9/8/2023,여주(548),X,28.1,28.7,22.2,15.9,73,X,관심,X,높음
9/8/2023,용인(549),X,27.4,28.6,21.4,14.8,70,X, ,X,높음
9/8/2023,오산(550),X,29.6,30.3,22.8,15.5,74,X, ,X,높음
9/8/2023,평택(551),X,30.4,31.3,24.1,18,68,X, ,X,높음
9/8/2023,화천(555),X,30,29.8,21.1,14.7,85,X, ,X,낮음
9/8/2023,양구(556),X,28.6,29.9,20.8,14.5,76,X, ,X,낮음
9/8/2023,시흥(565),X,29.4,30.7,23.4,16.6,72,X, ,X,높음
9/8/2023,구리(569),X,29.7,30.5,23.8,17.5,65,X, ,X,높음
9/8/2023,화성(571),X,30.1,31,24.4,19.5,64,X, ,X,높음
9/8/2023,성남(572),X,28.7,30.2,23.6,17.4,64,X, ,X,높음
9/8/2023,과천(590),X,29.6,30.5,22.5,15.5,76,X, ,X,높음
9/8/2023,양주(598),X,29.7,30.6,22.9,14.9,75,X,관심,X,높음
9/8/2023,단양(601),X,29.3,30,20.8,14.5,80,X, ,X,높음
9/8/2023,진천(602),X,28.2,29.4,21.9,16.1,72,X, ,X,높음
9/8/2023,괴산(603),X,28.7,30,21.3,15.5,77,X, ,X,높음
9/8/2023,옥천(604),X,29.4,30.2,23.5,17.9,76,X, ,X,높음
9/8/2023,홍북(608),X,28.3,29.7,22.5,17.2,68,X, ,X,높음
9/8/2023,공주(612),X,28,29.7,22.3,16,71,X, ,X,높음
9/8/2023,서천(614),X,29.1,29.6,22.8,18.4,73,X, ,X,높음
9/8/2023,논산(615),X,29.7,30.8,23.4,16.5,68,X,주의,X,높음
9/8/2023,당진(616),X,28.9,29.7,23.1,18.3,73,X, ,X,높음
9/8/2023,청양(618),X,29.2,30,21.3,15,77,X, ,X,높음
9/8/2023,음성(619),X,27.2,27.9,20.2,13.5,76,X, ,X,높음
9/8/2023,증평(623),X,28.6,29.6,22.5,16.7,73,X, ,X,높음
9/8/2023,태안(627),X,29.2,30.7,24.7,19.6,60,X, ,X,높음
9/8/2023,예산(628),X,28.5,29.5,23.5,17.9,71,X, ,X,높음
9/8/2023,아산(634),X,29.2,30.3,23.9,18.7,66,X, ,X,높음
9/8/2023,계룡(636),X,28.1,29,20.9,13.6,76,X, ,X,높음
9/8/2023,연천청산(652),X,28.5,29.2,21.6,15.3,75,X,관심,X,높음
9/8/2023,양양(670),X,26.7,26.5,21.8,17.4,77,X, ,X,낮음
9/8/2023,무안(699),X,29,30.1,23.5,18.8,71,X,주의,X,높음
9/8/2023,무주(701),X,28.2,29,21.3,15.1,75,X, ,X,높음
9/8/2023,익산(702),X,28.4,29.4,22.8,16.2,69,X,관심,X,높음
9/8/2023,진안(703),X,27.8,27.9,20.3,13.4,77,X, ,X,높음
9/8/2023,담양(706),X,30.2,31.1,23.8,16.8,76,X,주의,X,높음
9/8/2023,구례(709),X,30.1,30.1,22.3,16.2,84,X,주의,X,높음
9/8/2023,나주(710),X,29.3,29.8,23,17.4,78,X,주의,X,높음
9/8/2023,순천시(712),X,30.1,30.2,23.8,17.8,79,X,주의,X,높음
9/8/2023,광양읍(713),X,29.9,30.6,24,17.1,70,X,주의,X,높음
9/8/2023,장성(730),X,29.4,29.9,22.4,15.7,75,X,주의,X,높음
9/8/2023,영암(731),X,29.8,30.2,23,16.7,79,X,주의,X,높음
9/8/2023,보성(732),X,28.7,29.1,21.4,15,79,X,주의,X,높음
9/8/2023,완주(734),X,29.1,29.8,22.5,16.4,73,X,주의,X,높음
9/8/2023,김제(737),X,29.2,29.3,23.7,18.5,72,X,주의,X,높음
9/8/2023,화순(741),X,30.3,30.6,23.2,16.6,73,X,주의,X,높음
9/8/2023,함평(754),X,29.5,30.3,23.7,17.9,70,X,주의,X,높음
9/8/2023,곡성(768),X,30.1,30.8,22,15.5,80,X,주의,X,높음
9/8/2023,압해도(789),X,30.5,29.9,24.2,19.1,76,X,주의,X,높음
9/8/2023,영양(801),X,27.9,28.1,20.5,15.3,84,X, ,X,높음
9/8/2023,성주(810),X,28.8,30.1,22.9,16.7,69,X, ,X,높음
9/8/2023,고령(812),X,28.5,28.9,21.5,15.6,81,X, ,X,높음
9/8/2023,청도(813),X,28,28.3,21.9,17.3,76,X, ,X,보통
9/8/2023,예천(815),X,28.7,29.1,22.1,14.8,74,X, ,X,높음
9/8/2023,김천(822),X,28.7,29,21.1,14.3,81,X, ,X,높음
9/8/2023,군위(823),X,29.1,29.5,22.1,15.8,77,X, ,X,낮음
9/8/2023,칠곡(825),X,28.8,29.5,23.2,17.8,78,X, ,X,높음
9/8/2023,경산(827),X,28.7,29.2,22.8,17.7,71,X, ,X,높음
9/8/2023,삼척(876),X,27.8,27,22.3,18.5,78,X, ,X,낮음
9/8/2023,속초(90),X,28.2,27.2,22.3,18.4,78.8,X, ,X,낮음
9/8/2023,삼천포(907),X,29.6,29.4,24.1,19.7,68,X, ,X,높음
9/8/2023,고성(918),X,29.6,29.8,23.3,18.9,76,X, ,X,높음
9/8/2023,창녕(919),X,29.8,30,23.4,18.3,75,X, ,X,보통
9/8/2023,함안(920),X,29.8,29.3,21.7,16.2,81,X, ,X,보통
9/8/2023,북춘천(93),X,29.4,30.3,22.2,14.8,75.8,X,관심,X,낮음
9/8/2023,하동(932),X,29.1,29.6,23.3,17.1,73,X, ,X,높음
9/8/2023,철원(95),X,28.7,29.2,21.5,14,76.4,X, ,X,낮음
9/8/2023,동두천(98),X,28.9,28.9,22.4,15.8,74.3,X,관심,X,높음
9/8/2023,파주(99),X,29.8,29.8,22.5,16.2,80.4,X,관심,X,높음
9/9/2023,북강릉(104),X,26.5,25.8,21.2,16.1,81,X, ,X,낮음
9/9/2023,동해(106),X,26.6,25.3,21.1,16.5,83.9,X, ,X,낮음
9/9/2023,서울(108),X,30.6,31.2,25.8,20.8,66.3,X,관심,X,높음
9/9/2023,인천(112),X,30.1,29.7,25.1,22,70.4,X, ,X,높음
9/9/2023,원주(114),X,29.4,30.7,24.1,18.2,67.3,X,관심,X,낮음
9/9/2023,울릉도(115),X,26.1,24.8,21.8,18.8,78.6,X, ,X,높음
9/9/2023,수원(119),X,30.9,31.1,24.7,20.1,71.6,X, ,X,높음
9/9/2023,영월(121),X,29.2,30.7,21.6,14.6,64,X, ,X,낮음
9/9/2023,충주(127),X,29.6,30.6,22.6,16.6,75.5,X, ,X,높음
9/9/2023,서산(129),X,30.3,29.9,23.8,17.9,75.4,X, ,X,높음
9/9/2023,울진(130),X,27.2,25.9,21.8,17,79.4,X, ,X,높음
9/9/2023,청주(131),X,30.5,31.4,25.8,19.7,60.8,X, ,X,높음
9/9/2023,대전(133),X,30,31,24.1,17.7,67.6,X, ,X,높음
9/9/2023,추풍령(135),X,28.7,28.5,21.1,14.6,76.3,X, ,X,높음
9/9/2023,안동(136),X,28.7,29.8,22.8,17.5,74.4,X, ,X,높음
9/9/2023,상주(137),X,29.2,30,22.6,16.7,74.8,X, ,X,높음
9/9/2023,포항(138),X,27.1,26.5,23.1,19,70.1,X, ,X,높음
9/9/2023,군산(140),X,29,28.8,23.6,18.6,77.5,X, ,X,높음
9/9/2023,대구(143),X,28.4,29.5,23.4,17.3,68.1,X, ,X,높음
9/9/2023,전주(146),X,30.1,30.7,24.8,19.8,68.6,X, ,X,높음
9/9/2023,울산(152),X,27.1,26.7,22,17.6,74.1,X, ,X,높음
9/9/2023,창원(155),X,28.8,28.9,23.4,18.8,70.6,X, ,X,높음
9/9/2023,광주(156),X,30.5,30.7,25.1,19.8,80.9,X,관심,X,매우높음
9/9/2023,부산(159),X,28.2,28.3,24.2,20.4,62.5,X, ,X,매우높음
9/9/2023,통영(162),X,30,29.8,24,19.7,72.8,X, ,X,매우높음
9/9/2023,목포(165),X,30,29.1,24.8,20.6,75,X, ,X,매우높음
9/9/2023,여수(168),X,29.1,28.5,24.8,22,73.3,X, ,X,높음
9/9/2023,흑산도(169),X,28.4,26.4,23.8,21.2,80,X, ,X,매우높음
9/9/2023,완도(170),X,30,30.1,24.4,19.8,73,X, ,X,매우높음
9/9/2023,고창(172),X,29.8,29.6,23.1,17.1,78.3,X, ,X,높음
9/9/2023,제주(184),X,28.3,28.2,24.9,21.6,60.4,X, ,X,높음
9/9/2023,진주(192),X,30.4,30.3,23.5,17.5,78.8,X, ,X,높음
9/9/2023,양평(202),X,29.9,30.5,23.7,18,74.5,X,관심,X,높음
9/9/2023,이천(203),X,31.1,31.1,23.7,17.1,80,X, ,X,높음
9/9/2023,인제(211),X,29.4,31.2,22.1,17.2,74.6,X, ,X,낮음
9/9/2023,홍천(212),X,29.7,30.5,23,17.3,75.4,X,관심,X,낮음
9/9/2023,태백(216),X,26.5,26.2,17,8.1,75.6,X, ,X,낮음
9/9/2023,정선군(217),X,30,32.4,20.8,13.9,70.9,X, ,X,낮음
9/9/2023,제천(221),X,28.4,29.5,21.1,15.1,80.9,X, ,X,높음
9/9/2023,보은(226),X,29.8,30,22.1,15.4,81.3,X, ,X,높음
9/9/2023,천안(232),X,30.1,30.2,23.2,16.3,76.8,X, ,X,높음
9/9/2023,보령(235),X,29.4,28.5,23.7,17.9,74.4,X, ,X,높음
9/9/2023,부여(236),X,30.4,30.5,23.2,16.5,80.3,X,관심,X,높음
9/9/2023,금산(238),X,29.6,30.1,22.2,16.2,78.8,X, ,X,높음
9/9/2023,세종(239),X,30.9,30.9,24,18,72.5,X, ,X,높음
9/9/2023,부안(243),X,29.2,29.6,23.7,18.6,77.9,X, ,X,높음
9/9/2023,임실(244),X,29.5,30,22.5,15.7,78,X, ,X,높음
9/9/2023,정읍(245),X,29.6,30.4,23.9,17.8,71.4,X, ,X,높음
9/9/2023,남원(247),X,30.3,30.9,23.9,17.4,73.4,X, ,X,높음
9/9/2023,장수(248),X,29,29.2,20.6,13.4,82.6,X, ,X,높음
9/9/2023,영광군(252),X,29.5,29.6,23.9,18.3,75.6,X, ,X,높음
9/9/2023,김해시(253),X,31.2,31.6,23.8,18.3,71.6,X, ,X,높음
9/9/2023,순창군(254),X,30.8,31.8,23.5,16.8,77.1,X, ,X,높음
9/9/2023,양산시(257),X,30.5,31.2,24,18.2,72.5,X, ,X,높음
9/9/2023,강진군(259),X,30.7,31.4,24.4,18.3,76.6,X,관심,X,높음
9/9/2023,장흥(260),X,31,30.6,23.4,16.9,81.8,X, ,X,높음
9/9/2023,해남(261),X,30.2,30.4,23.5,17,79.3,X, ,X,높음
9/9/2023,고흥(262),X,29.4,29.9,23,17.4,77.8,X, ,X,높음
9/9/2023,의령군(263),X,30.2,31.4,23.3,16.5,75.8,X, ,X,높음
9/9/2023,함양군(264),X,30.9,31.9,22.6,15.9,76.6,X, ,X,높음
9/9/2023,진도군ASOS(268),X,29.3,29.1,23.3,17.3,78.3,X, ,X,매우높음
9/9/2023,봉화(271),X,26.9,27.7,19.9,13.4,77.3,X, ,X,높음
9/9/2023,영주(272),X,28.3,28.4,21.8,16.6,81.3,X, ,X,높음
9/9/2023,문경(273),X,29.2,28.7,21.3,16.2,82.9,X, ,X,높음
9/9/2023,청송군(276),X,29.3,29.1,20.9,15.4,85.8,X, ,X,높음
9/9/2023,영덕(277),X,27.1,26.1,20.8,15.8,81.8,X, ,X,높음
9/9/2023,의성(278),X,28.9,30.2,21.9,15.3,78,X, ,X,높음
9/9/2023,구미(279),X,28.7,30.2,22.2,17.2,70.3,X, ,X,높음
9/9/2023,영천(281),X,27.6,28.4,21.5,15.3,77,X, ,X,높음
9/9/2023,경주시(283),X,28.5,28.3,21.6,15.8,74.6,X, ,X,높음
9/9/2023,거창(284),X,29.5,29.8,20.9,14.5,78.1,X, ,X,높음
9/9/2023,합천(285),X,28.7,30.8,22.5,17,72.4,X, ,X,높음
9/9/2023,밀양(288),X,29.1,30.7,23.6,17.5,64.3,X, ,X,높음
9/9/2023,산청(289),X,30.5,30.5,22.3,16.7,80.4,X, ,X,높음
9/9/2023,거제(294),X,28.3,28.1,23,18.3,75.6,X, ,X,매우높음
9/9/2023,남해(295),X,29,29,23.6,20.4,75.6,X, ,X,높음
9/9/2023,부천(433),X,29.2,30.5,24.4,20.3,63,X, ,X,높음
9/9/2023,안양(434),X,,,,,,X, ,X,높음
9/9/2023,광명(437),X,30.8,32.1,27.1,22.8,60,X, ,X,높음
9/9/2023,군포(438),X,30.7,31.6,25.3,21.2,64,X, ,X,높음
9/9/2023,김포(441),X,,31.5,24.8,19.9,,X,관심,X,높음
9/9/2023,하남(444),X,30.1,30.8,23.3,18,71,X,관심,X,높음
9/9/2023,의왕(445),X,30.1,30.4,23.2,18.5,76,X, ,X,높음
9/9/2023,포천(504),X,31.6,31.8,23.6,17,77,X, ,X,높음
9/9/2023,가평조종(505),X,30.8,31.2,22.8,16.3,82,X, ,X,높음
9/9/2023,안성(516),X,30.4,31,23.8,17.7,78,X,관심,X,높음
9/9/2023,간성(517),X,27,25.7,21.2,16.6,81,X, ,X,낮음
9/9/2023,평창(526),X,28.8,30,21.1,14.4,71,X, ,X,낮음
9/9/2023,의정부(532),X,31.5,30.6,24.3,18.3,83,X, ,X,높음
9/9/2023,횡성(536),X,30.7,31.4,23.1,16.4,75,X, ,X,낮음
9/9/2023,고양(540),X,,,,,,X, ,X,높음
9/9/2023,남양주(541),X,31.5,32.4,24.8,18,70,X, ,X,높음
9/9/2023,안산(545),X,30.6,30.2,22.5,16.8,82,X, ,X,높음
9/9/2023,경기광주(546),X,29.3,30.4,23.2,18.1,71,X, ,X,높음
9/9/2023,여주(548),X,29.4,29.5,22.9,16.8,79,X,관심,X,높음
9/9/2023,용인(549),X,29.4,29.7,22.7,16.9,76,X,관심,X,높음
9/9/2023,오산(550),X,31.3,31.2,23.8,17.6,77,X, ,X,높음
9/9/2023,평택(551),X,31.2,31.2,24.3,18.6,78,X,관심,X,높음
9/9/2023,화천(555),X,31.4,30.3,22.8,17.9,90,X, ,X,낮음
9/9/2023,양구(556),X,30.1,31.4,22.6,17.4,76,X, ,X,낮음
9/9/2023,시흥(565),X,30.9,30.6,24.1,18.4,77,X, ,X,높음
9/9/2023,구리(569),X,30.5,31.1,24.6,18.9,70,X, ,X,높음
9/9/2023,화성(571),X,30.4,30.7,24.7,20.3,74,X, ,X,높음
9/9/2023,성남(572),X,30.3,31,24.7,19.6,68,X, ,X,높음
9/9/2023,과천(590),X,30.6,31.1,23.5,18,78,X, ,X,높음
9/9/2023,양주(598),X,31,31.5,23.6,16.9,78,X, ,X,높음
9/9/2023,단양(601),X,29.8,31.2,21.8,15.3,77,X, ,X,높음
9/9/2023,진천(602),X,31.4,32.2,23.3,16.7,75,X, ,X,높음
9/9/2023,괴산(603),X,30.3,31.2,22.3,15,79,X, ,X,높음
9/9/2023,옥천(604),X,30.5,31.6,24.1,18.5,78,X, ,X,높음
9/9/2023,홍북(608),X,31.4,31.1,23.2,16.7,75,X, ,X,높음
9/9/2023,공주(612),X,30.7,31.5,23.3,16.5,77,X, ,X,높음
9/9/2023,서천(614),X,29,28.9,22.5,16.4,84,X, ,X,높음
9/9/2023,논산(615),X,31.1,31.9,23.8,16.6,76,X, ,X,높음
9/9/2023,당진(616),X,31.1,30.2,24.1,18.8,80,X, ,X,높음
9/9/2023,청양(618),X,30.7,30.8,22.8,15,80,X,관심,X,높음
9/9/2023,음성(619),X,29.3,29.5,21,14.2,80,X, ,X,높음
9/9/2023,증평(623),X,30.5,31.3,23.2,16.6,78,X, ,X,높음
9/9/2023,태안(627),X,31,31.5,24,19.3,75,X, ,X,높음
9/9/2023,예산(628),X,30.4,30.1,24.3,18.1,72,X, ,X,높음
9/9/2023,아산(634),X,30.1,30.5,24.2,17.9,71,X, ,X,높음
9/9/2023,계룡(636),X,30.2,30.9,22,13.8,80,X, ,X,높음
9/9/2023,연천청산(652),X,29.8,30.1,23,16.6,78,X, ,X,높음
9/9/2023,양양(670),X,26.6,26,21.7,17,75,X, ,X,낮음
9/9/2023,무안(699),X,30.6,30.8,23.8,18.6,78,X, ,X,매우높음
9/9/2023,무주(701),X,29.2,30.7,21.9,15.1,74,X, ,X,높음
9/9/2023,익산(702),X,30.3,31.4,23.8,17.3,74,X, ,X,높음
9/9/2023,진안(703),X,28.5,29.3,21.3,14.4,79,X, ,X,높음
9/9/2023,담양(706),X,32.2,32.1,24.3,17.8,81,X,관심,X,높음
9/9/2023,구례(709),X,31.3,31.2,23.5,17.9,85,X, ,X,높음
9/9/2023,나주(710),X,30.3,30.4,23.7,17.8,80,X, ,X,매우높음
9/9/2023,순천시(712),X,31.3,30.7,24.6,19.2,83,X,관심,X,높음
9/9/2023,광양읍(713),X,30.5,31,24.7,18.6,78,X, ,X,높음
9/9/2023,장성(730),X,30.5,31.1,23.2,17,77,X, ,X,높음
9/9/2023,영암(731),X,31,30.7,23.9,17.3,81,X,관심,X,높음
9/9/2023,보성(732),X,29.2,29.9,22.3,17,82,X, ,X,높음
9/9/2023,완주(734),X,30.6,30.3,23.4,17,79,X, ,X,높음
9/9/2023,김제(737),X,30.2,30.1,24,18.5,80,X, ,X,높음
9/9/2023,화순(741),X,31.4,31.5,23.8,17.5,76,X, ,X,높음
9/9/2023,함평(754),X,30.5,30.4,24,18.1,78,X, ,X,매우높음
9/9/2023,곡성(768),X,31.2,31.7,23.3,17.1,82,X, ,X,높음
9/9/2023,압해도(789),X,31.1,30.1,24.3,20.1,82,X, ,X,매우높음
9/9/2023,영양(801),X,29.7,30,20.6,16.2,86,X, ,X,높음
9/9/2023,성주(810),X,29,31.2,22.8,16.8,71,X, ,X,높음
9/9/2023,고령(812),X,29.1,30.4,21.6,15.8,82,X, ,X,높음
9/9/2023,청도(813),X,29.7,30.1,21.2,15.9,79,X, ,X,높음
9/9/2023,예천(815),X,28.9,29.8,22.1,16.3,75,X, ,X,높음
9/9/2023,김천(822),X,29.7,30.5,21.3,14.9,80,X, ,X,높음
9/9/2023,군위(823),X,29.7,30.3,22.5,16.6,79,X, ,X,낮음
9/9/2023,칠곡(825),X,29.1,30.6,22.8,17.6,79,X, ,X,높음
9/9/2023,경산(827),X,28.9,29.8,22.8,17,71,X, ,X,높음
9/9/2023,삼척(876),X,28.1,27.6,22.1,17.6,71,X, ,X,낮음
9/9/2023,속초(90),X,28.1,26.8,22.1,17.4,79.5,X, ,X,낮음
9/9/2023,삼천포(907),X,30.1,29.3,23.3,18.8,80,X, ,X,높음
9/9/2023,고성(918),X,29.6,29.1,22.9,17.7,81,X, ,X,높음
9/9/2023,창녕(919),X,30.4,30.4,23.1,16.5,79,X, ,X,높음
9/9/2023,함안(920),X,29.8,29.8,21.9,15.6,83,X, ,X,높음
9/9/2023,북춘천(93),X,30.7,30.7,23.4,17,81.8,X,관심,X,낮음
9/9/2023,하동(932),X,30.4,31.3,23.7,17.5,79,X, ,X,높음
9/9/2023,철원(95),X,30.2,30.3,23,15.9,81.3,X, ,X,낮음
9/9/2023,동두천(98),X,31,30.4,23.7,17.2,79,X, ,X,높음
9/9/2023,파주(99),X,30.2,29.9,22.8,17.3,84.1,X,관심,X,높음
9/10/2023,북강릉(104),X,26.8,25.6,21.6,17,80.8,X, ,X,낮음
9/10/2023,동해(106),X,27.4,26.2,22.2,17.5,80.9,X, ,X,낮음
9/10/2023,서울(108),X,29.9,29.6,25.7,22,68.1,X,관심,X,보통
9/10/2023,인천(112),X,29,28.5,25,23,72.8,X, ,X,보통
9/10/2023,원주(114),X,29.9,30.6,25,19.9,69.6,X,관심,X,낮음
9/10/2023,울릉도(115),X,28.1,26.4,23.2,19.5,84.1,X, ,X,높음
9/10/2023,수원(119),X,30.3,30.4,24.5,20,72.6,X, ,X,높음
9/10/2023,영월(121),X,29.8,31.1,23.1,15.7,71.5,X, ,X,낮음
9/10/2023,충주(127),X,30.4,30.5,23.8,17.7,74.8,X,관심,X,높음
9/10/2023,서산(129),X,29.9,29.8,23.9,18.7,75.1,X, ,X,보통
9/10/2023,울진(130),X,26.7,25.5,22,17.3,80.3,X, ,X,높음
9/10/2023,청주(131),X,30.4,31,25.9,21.2,63.8,X,관심,X,높음
9/10/2023,대전(133),X,30.3,31.4,24.9,19.4,68.6,X, ,X,높음
9/10/2023,추풍령(135),X,28.7,28.5,21.3,15,78,X, ,X,높음
9/10/2023,안동(136),X,29.5,29.7,23.1,17.8,77.1,X, ,X,높음
9/10/2023,상주(137),X,30.3,30.1,22.9,16.7,80.8,X, ,X,높음
9/10/2023,포항(138),X,27.4,26.5,23.4,19.5,72.5,X, ,X,높음
9/10/2023,군산(140),X,29.8,28.9,24.2,21,78.5,X, ,X,높음
9/10/2023,대구(143),X,29.9,30.9,24,17.6,69.8,X, ,X,높음
9/10/2023,전주(146),X,30.8,31.2,25.5,21.7,69.5,X, ,X,높음
9/10/2023,울산(152),X,28.4,27.9,22.7,18.5,75.4,X, ,X,높음
9/10/2023,창원(155),X,29.9,30,24.4,19.8,73.8,X, ,X,높음
9/10/2023,광주(156),X,30.6,30.7,25.3,21.8,86.3,X,관심,X,높음
9/10/2023,부산(159),X,30.2,29.8,25,21.4,65.1,X, ,X,높음
9/10/2023,통영(162),X,30.9,30.5,24.6,20,77.6,X, ,X,높음
9/10/2023,목포(165),X,30.1,29.6,25.3,22.1,76,X, ,X,높음
9/10/2023,여수(168),X,28.8,28.4,25.2,22.7,73.8,X, ,X,매우높음
9/10/2023,흑산도(169),X,29.1,27.8,23.9,20.9,80.1,X, ,X,높음
9/10/2023,완도(170),X,30.9,30.2,25.1,21.4,79.4,X, ,X,높음
9/10/2023,고창(172),X,29.6,28.8,23.7,19.2,81.5,X, ,X,높음
9/10/2023,제주(184),X,28.6,28.2,24.9,21.5,63.1,X, ,X,높음
9/10/2023,진주(192),X,30,30.2,23.9,18.8,78.6,X, ,X,높음
9/10/2023,양평(202),X,30.3,30.3,24.5,19.5,76.5,X,관심,X,높음
9/10/2023,이천(203),X,31.4,31.4,24.3,18.5,80.5,X,관심,X,높음
9/10/2023,인제(211),X,30.7,31.3,23,17.7,74.1,X, ,X,낮음
9/10/2023,홍천(212),X,30.5,31,23.9,18.3,75.5,X,관심,X,낮음
9/10/2023,태백(216),X,27.1,26.6,19.1,12,84.1,X, ,X,낮음
9/10/2023,정선군(217),X,31,33.2,22.8,16.3,69.3,X, ,X,낮음
9/10/2023,제천(221),X,29.3,30,22.6,15.7,78.9,X,관심,X,높음
9/10/2023,보은(226),X,29.1,29.1,21.9,16.8,81.5,X, ,X,높음
9/10/2023,천안(232),X,29.6,30.4,23.6,17.6,74.9,X, ,X,높음
9/10/2023,보령(235),X,29.6,28.7,23.9,20.3,75,X, ,X,높음
9/10/2023,부여(236),X,31,30.8,24.2,18.8,79.6,X, ,X,높음
9/10/2023,금산(238),X,29.8,30.7,23.2,17.8,79.8,X, ,X,높음
9/10/2023,세종(239),X,30.3,31.2,24.7,19.4,73.4,X, ,X,높음
9/10/2023,부안(243),X,29.3,28.7,24.1,20.5,78.4,X, ,X,높음
9/10/2023,임실(244),X,29.3,29.3,22.9,18.5,82.1,X, ,X,높음
9/10/2023,정읍(245),X,29.8,30,24.2,20,74.1,X, ,X,높음
9/10/2023,남원(247),X,29.3,30.4,24,19.7,75,X, ,X,높음
9/10/2023,장수(248),X,28,28.4,21.5,15.5,81.1,X, ,X,높음
9/10/2023,영광군(252),X,30.1,29.3,24.2,19.7,78.9,X, ,X,높음
9/10/2023,김해시(253),X,32,31.8,24.9,19,73.4,X, ,X,높음
9/10/2023,순창군(254),X,29.4,30.5,23.8,19.6,77.6,X, ,X,높음
9/10/2023,양산시(257),X,31.2,31.1,25.1,19.2,73.9,X, ,X,높음
9/10/2023,강진군(259),X,31,31.1,24.9,20.4,81.6,X, ,X,높음
9/10/2023,장흥(260),X,30.2,29.7,23.6,19.5,85.8,X, ,X,높음
9/10/2023,해남(261),X,31,31.1,24.1,19.7,83.6,X, ,X,높음
9/10/2023,고흥(262),X,28.6,28.2,22.4,18.5,83.5,X, ,X,높음
9/10/2023,의령군(263),X,30.7,31.2,23.7,18.6,79.6,X, ,X,높음
9/10/2023,함양군(264),X,29.5,30.6,23.1,17.9,74.3,X, ,X,높음
9/10/2023,진도군ASOS(268),X,29.8,28.9,23.6,19.2,81.3,X, ,X,높음
9/10/2023,봉화(271),X,27.7,28.1,21.2,15.9,80,X, ,X,보통
9/10/2023,영주(272),X,28.5,28.9,21.7,16,83.4,X, ,X,보통
9/10/2023,문경(273),X,29.1,28.8,22.1,16.4,83.6,X, ,X,높음
9/10/2023,청송군(276),X,30.4,29.7,21.2,15.7,86.1,X, ,X,높음
9/10/2023,영덕(277),X,27,26,21.2,16.8,83.6,X, ,X,높음
9/10/2023,의성(278),X,29.9,30.2,22.9,16.2,81.1,X, ,X,높음
9/10/2023,구미(279),X,29.9,30.4,23,17.3,71.8,X, ,X,높음
9/10/2023,영천(281),X,29.2,29.3,22.2,15.9,77.4,X, ,X,높음
9/10/2023,경주시(283),X,30.2,29.9,22.1,16.1,79.4,X, ,X,높음
9/10/2023,거창(284),X,28.4,28.9,21.2,15.3,80.5,X, ,X,높음
9/10/2023,합천(285),X,29.5,30,23.7,18.3,73,X, ,X,높음
9/10/2023,밀양(288),X,29.9,31.1,24.3,17.5,65.5,X, ,X,높음
9/10/2023,산청(289),X,29.7,29.8,22.6,18,79.5,X, ,X,높음
9/10/2023,거제(294),X,29.6,28.8,23.8,19,79.1,X, ,X,높음
9/10/2023,남해(295),X,29.2,28.7,23.8,20.3,80.9,X, ,X,높음
9/10/2023,부천(433),X,28.6,29.3,24,20.4,65,X, ,X,보통
9/10/2023,안양(434),X,,,,,,X, ,X,보통
9/10/2023,광명(437),X,30.4,30.8,26.5,23.4,63,X, ,X,보통
9/10/2023,군포(438),X,30.3,30.5,25.2,21.5,65,X, ,X,보통
9/10/2023,김포(441),X,,31.2,24.7,19.9,,X, ,X,보통
9/10/2023,하남(444),X,29.6,29.6,23.8,18.8,75,X,관심,X,높음
9/10/2023,의왕(445),X,,,,,77,X, ,X,보통
9/10/2023,포천(504),X,32,31.6,24.4,18.6,79,X, ,X,보통
9/10/2023,가평조종(505),X,30.6,30.2,23.5,18,86,X, ,X,보통
9/10/2023,안성(516),X,30.3,31.1,24.2,18.6,74,X,관심,X,높음
9/10/2023,간성(517),X,27.3,25.8,21.5,17.2,82,X, ,X,낮음
9/10/2023,평창(526),X,29.2,30.7,22.1,15.7,71,X, ,X,낮음
9/10/2023,의정부(532),X,30.7,29.6,24.2,19.4,87,X,관심,X,높음
9/10/2023,횡성(536),X,30.7,31.6,23.7,17.9,77,X, ,X,낮음
9/10/2023,고양(540),X,,,,,,X, ,X,보통
9/10/2023,남양주(541),X,31,31.1,24.8,19.4,77,X,관심,X,높음
9/10/2023,안산(545),X,30.4,30.1,22.7,17.5,83,X, ,X,보통
9/10/2023,경기광주(546),X,29.8,30.1,23.8,19.5,73,X, ,X,높음
9/10/2023,여주(548),X,30.1,30.3,23.8,18.5,77,X,관심,X,높음
9/10/2023,용인(549),X,29,29,23.3,17.9,74,X,관심,X,보통
9/10/2023,오산(550),X,31.7,31.3,24.1,18.6,78,X,관심,X,보통
9/10/2023,평택(551),X,31.2,31.3,24.7,19.4,77,X,관심,X,보통
9/10/2023,화천(555),X,31.3,31.1,23.8,19.4,90,X, ,X,낮음
9/10/2023,양구(556),X,30.5,31.3,23.4,18.1,75,X, ,X,낮음
9/10/2023,시흥(565),X,29.9,29.8,23.8,18.9,79,X, ,X,보통
9/10/2023,구리(569),X,30.1,30.1,24.6,20.1,74,X, ,X,높음
9/10/2023,화성(571),X,30.4,30,24.3,20.6,77,X, ,X,보통
9/10/2023,성남(572),X,29.7,29.6,24.9,20,69,X, ,X,높음
9/10/2023,과천(590),X,30.5,30.2,23.8,18.3,80,X,관심,X,높음
9/10/2023,양주(598),X,31,30.8,23.5,18.2,84,X,관심,X,보통
9/10/2023,단양(601),X,31.3,32,23.1,16.3,77,X, ,X,높음
9/10/2023,진천(602),X,30.7,32.1,24.2,17.9,71,X, ,X,높음
9/10/2023,괴산(603),X,31.1,31.7,23.6,17.2,77,X, ,X,높음
9/10/2023,옥천(604),X,31.3,31.9,24.3,19.2,79,X, ,X,높음
9/10/2023,홍북(608),X,30.5,30.6,23.2,17.4,75,X, ,X,보통
9/10/2023,공주(612),X,30.6,31,24.2,18.1,76,X, ,X,높음
9/10/2023,서천(614),X,29.1,27.9,23.2,19.5,86,X, ,X,높음
9/10/2023,논산(615),X,31.3,31.8,24.7,19.8,80,X,관심,X,높음
9/10/2023,당진(616),X,30.5,30.4,24,19,80,X, ,X,보통
9/10/2023,청양(618),X,30.2,29.9,22.8,17.4,82,X,관심,X,높음
9/10/2023,음성(619),X,29.4,29.6,22.4,16.5,82,X, ,X,높음
9/10/2023,증평(623),X,30.7,31.1,24.2,18.1,79,X, ,X,높음
9/10/2023,태안(627),X,30.6,31.3,24.1,20.2,74,X, ,X,보통
9/10/2023,예산(628),X,30.1,29.5,24,19.3,77,X,관심,X,보통
9/10/2023,아산(634),X,30.2,29.7,24.1,19.1,75,X,관심,X,보통
9/10/2023,계룡(636),X,30.2,31.1,23.1,16.6,81,X, ,X,높음
9/10/2023,연천청산(652),X,29.5,28.8,23.1,18.1,83,X,관심,X,보통
9/10/2023,양양(670),X,26.9,25.8,22.3,18.2,78,X, ,X,낮음
9/10/2023,무안(699),X,29.8,29.9,24,20.1,79,X, ,X,높음
9/10/2023,무주(701),X,29.7,30.4,23.1,17.2,76,X, ,X,높음
9/10/2023,익산(702),X,30.4,31.5,24.3,20,76,X, ,X,높음
9/10/2023,진안(703),X,29.1,29.2,22.1,16.8,81,X, ,X,높음
9/10/2023,담양(706),X,31.6,31.7,24.7,20.4,84,X,관심,X,높음
9/10/2023,구례(709),X,30.3,30,23.9,19.9,84,X, ,X,높음
9/10/2023,나주(710),X,30.6,30.2,24.3,19.7,82,X, ,X,높음
9/10/2023,순천시(712),X,31,31.1,25,21.3,82,X,관심,X,매우높음
9/10/2023,광양읍(713),X,29.9,31,25.1,20.6,75,X, ,X,높음
9/10/2023,장성(730),X,30.2,30.5,23.8,19.4,78,X, ,X,높음
9/10/2023,영암(731),X,31,30.6,24.7,19.6,84,X, ,X,높음
9/10/2023,보성(732),X,29.5,29.1,22.6,19,85,X, ,X,높음
9/10/2023,완주(734),X,30.9,30.6,24,19.5,84,X, ,X,높음
9/10/2023,김제(737),X,31.2,30,24.5,20.9,80,X, ,X,높음
9/10/2023,화순(741),X,31.4,31.4,24.3,20.1,79,X,관심,X,높음
9/10/2023,함평(754),X,30.8,30.8,24.3,19.7,79,X, ,X,높음
9/10/2023,곡성(768),X,30.7,30.5,23.6,19.4,85,X, ,X,높음
9/10/2023,압해도(789),X,31.4,30.6,24.9,21.1,83,X, ,X,높음
9/10/2023,영양(801),X,29.4,29.1,21.3,16.3,86,X, ,X,높음
9/10/2023,성주(810),X,29.8,31.2,23.9,18,70,X, ,X,높음
9/10/2023,고령(812),X,29.6,30.4,22.6,17,82,X, ,X,높음
9/10/2023,청도(813),X,29.8,30.1,22.1,15,81,X, ,X,높음
9/10/2023,예천(815),X,29.6,30.3,22.5,16.5,79,X, ,X,높음
9/10/2023,김천(822),X,30.5,30.8,22,14.7,82,X, ,X,높음
9/10/2023,군위(823),X,30.7,31,23.1,17.1,79,X, ,X,낮음
9/10/2023,칠곡(825),X,30,30.4,23.8,18.1,80,X, ,X,높음
9/10/2023,경산(827),X,30,30.5,23.6,17,72,X, ,X,높음
9/10/2023,삼척(876),X,28,27.5,23.1,18.2,73,X, ,X,낮음
9/10/2023,속초(90),X,27.6,26.2,22.3,18.3,81.3,X, ,X,낮음
9/10/2023,삼천포(907),X,30.6,29.4,24,19.2,83,X, ,X,높음
9/10/2023,고성(918),X,30.7,30.4,23.5,17.3,84,X, ,X,높음
9/10/2023,창녕(919),X,31,31,24,17.3,79,X, ,X,높음
9/10/2023,함안(920),X,30.9,30.5,23.3,17.8,84,X, ,X,높음
9/10/2023,북춘천(93),X,30.5,31.4,24.7,19.7,79.4,X,관심,X,낮음
9/10/2023,하동(932),X,30,30.8,24.3,19.9,76,X, ,X,높음
9/10/2023,철원(95),X,29.8,28.9,23.4,17.9,82.9,X, ,X,낮음
9/10/2023,동두천(98),X,30.7,29.5,23.5,18.8,84.9,X, ,X,보통
9/10/2023,파주(99),X,30.5,29.7,23.1,18.9,87.6,X,관심,X,보통
9/11/2023,북강릉(104),X,27.6,26.1,22.1,19,84.9,X, ,X,낮음
9/11/2023,동해(106),X,27.9,26.1,22.8,19.7,87.3,X, ,X,낮음
9/11/2023,서울(108),X,29.8,29.8,25.5,23.1,67.3,X,관심,X,높음
9/11/2023,인천(112),X,29.1,28.3,25,23.4,72,X, ,X,높음
9/11/2023,원주(114),X,29.4,29.9,25.1,21.5,69.4,X,관심,X,낮음
9/11/2023,울릉도(115),X,27.7,25.2,22.7,20.6,95.5,X, ,X,보통
9/11/2023,수원(119),X,29.6,30,24.6,21.5,72.1,X, ,X,보통
9/11/2023,영월(121),X,30.3,31.2,23.5,18.8,75.9,X, ,X,낮음
9/11/2023,충주(127),X,30.4,30.5,24.6,19.8,75.1,X,관심,X,보통
9/11/2023,서산(129),X,30.1,30,24.1,19.8,74.1,X, ,X,높음
9/11/2023,울진(130),X,28,26.5,22.6,18,82.5,X, ,X,높음
9/11/2023,청주(131),X,30.4,31.5,26.4,22.7,61.1,X, ,X,높음
9/11/2023,대전(133),X,29.9,30.6,25.2,21.3,68.8,X, ,X,높음
9/11/2023,추풍령(135),X,29.5,29.8,23.2,17.2,75.3,X, ,X,높음
9/11/2023,안동(136),X,30.4,30.6,24.4,19.3,75.9,X, ,X,높음
9/11/2023,상주(137),X,30.7,30.6,24.4,19,79.3,X, ,X,높음
9/11/2023,포항(138),X,28.5,26.9,24.9,21.5,75.3,X, ,X,높음
9/11/2023,군산(140),X,29.4,29.6,24.2,20.3,74.5,X, ,X,높음
9/11/2023,대구(143),X,30.5,31.4,25.6,20.3,68.9,X,관심,X,높음
9/11/2023,전주(146),X,30.3,30.8,25.4,21.6,66.8,X, ,X,높음
9/11/2023,울산(152),X,29.9,29,23.9,20,78.1,X, ,X,높음
9/11/2023,창원(155),X,31.2,31.3,25.6,21.6,76.1,X,관심,X,높음
9/11/2023,광주(156),X,30.8,30.6,25.4,20.9,79.9,X,관심,X,매우높음
9/11/2023,부산(159),X,30.8,30.1,25.9,22.9,71.6,X,관심,X,높음
9/11/2023,통영(162),X,30.5,29.5,25.3,21.6,79.9,X, ,X,높음
9/11/2023,목포(165),X,29.9,29.9,25.5,21.7,72.9,X, ,X,매우높음
9/11/2023,여수(168),X,29.9,28.7,25.5,23.6,78.9,X, ,X,높음
9/11/2023,흑산도(169),X,28.8,27.3,23.8,21.6,83.8,X, ,X,매우높음
9/11/2023,완도(170),X,31,30.9,25.4,21.2,78,X,관심,X,매우높음
9/11/2023,고창(172),X,30,30.6,24.2,19.2,76.4,X, ,X,높음
9/11/2023,제주(184),X,29.3,29.3,25.7,21.9,63.3,X, ,X,매우높음
9/11/2023,진주(192),X,30.9,30.2,24.8,19.7,80.1,X,관심,X,높음
9/11/2023,양평(202),X,29.7,29.7,24.7,20.9,75.5,X, ,X,보통
9/11/2023,이천(203),X,30.6,29.9,24.6,20.5,79,X, ,X,높음
9/11/2023,인제(211),X,29.8,29.7,23,17.8,78.1,X, ,X,낮음
9/11/2023,홍천(212),X,29.6,29.8,23.9,19.8,76.1,X,관심,X,낮음
9/11/2023,태백(216),X,26.8,26.3,20.2,16.7,85.4,X, ,X,낮음
9/11/2023,정선군(217),X,31.5,32.6,23.8,18.4,74.3,X, ,X,낮음
9/11/2023,제천(221),X,29.2,29.4,23.1,18.3,80.6,X,관심,X,높음
9/11/2023,보은(226),X,29.7,29.7,23.3,18.2,79.5,X, ,X,높음
9/11/2023,천안(232),X,29.6,29.9,24,19.2,75.3,X, ,X,높음
9/11/2023,보령(235),X,29.6,30,24.3,20.1,70.1,X, ,X,높음
9/11/2023,부여(236),X,30.2,30.7,24.4,19.4,76.5,X,관심,X,높음
9/11/2023,금산(238),X,29.4,29.7,23.9,19.7,78.9,X, ,X,높음
9/11/2023,세종(239),X,30.5,30.6,24.4,20.2,73.3,X, ,X,높음
9/11/2023,부안(243),X,29.5,30.1,24.5,20.2,73,X, ,X,높음
9/11/2023,임실(244),X,29.3,29.8,23.3,18.4,77.5,X, ,X,높음
9/11/2023,정읍(245),X,30.4,30.7,24.3,20,71.1,X, ,X,높음
9/11/2023,남원(247),X,30.3,31.3,24.7,19.4,72.8,X, ,X,높음
9/11/2023,장수(248),X,28,28.1,21.8,16.2,81,X, ,X,높음
9/11/2023,영광군(252),X,30,30.5,24.5,19.7,74.6,X, ,X,높음
9/11/2023,김해시(253),X,32.2,31.9,25.1,20.7,80.8,X,관심,X,높음
9/11/2023,순창군(254),X,30.5,30.9,24,18.4,78.1,X, ,X,높음
9/11/2023,양산시(257),X,32.3,32.2,26.1,20.7,75.6,X,관심,X,높음
9/11/2023,강진군(259),X,31.7,32.1,25.6,20.5,77.3,X,관심,X,매우높음
9/11/2023,장흥(260),X,30.9,31.2,24.5,19.9,82.6,X, ,X,높음
9/11/2023,해남(261),X,31.1,31.6,24.7,19.1,80,X,관심,X,매우높음
9/11/2023,고흥(262),X,29.9,29.5,24,19.3,83.3,X, ,X,높음
9/11/2023,의령군(263),X,31.2,31.3,25.2,19.9,76.6,X,관심,X,높음
9/11/2023,함양군(264),X,30.4,31.2,23.8,17.7,74.8,X, ,X,높음
9/11/2023,진도군ASOS(268),X,30.2,29.9,24.1,18.7,80.3,X,관심,X,매우높음
9/11/2023,봉화(271),X,28.1,28.2,21.4,16,81.1,X, ,X,보통
9/11/2023,영주(272),X,29.5,29.3,22.5,17.2,84.9,X, ,X,높음
9/11/2023,문경(273),X,30.3,29.9,23.3,18,82.8,X, ,X,높음
9/11/2023,청송군(276),X,31.4,31.4,23,17,84.4,X, ,X,보통
9/11/2023,영덕(277),X,28.4,27,22.3,18,84.9,X, ,X,높음
9/11/2023,의성(278),X,30.4,31.3,23.7,18.9,79.9,X,관심,X,높음
9/11/2023,구미(279),X,30.4,30.9,24.6,19.8,72.3,X,관심,X,높음
9/11/2023,영천(281),X,30.5,31.1,23.9,18.4,79.1,X,관심,X,높음
9/11/2023,경주시(283),X,31.9,32.7,24.5,19,76.6,X,관심,X,높음
9/11/2023,거창(284),X,29.4,29.6,22.6,16.7,80.6,X, ,X,높음
9/11/2023,합천(285),X,30.7,31.3,24.9,19.6,72.8,X,관심,X,높음
9/11/2023,밀양(288),X,30.8,32.2,25.6,20.5,69.3,X, ,X,높음
9/11/2023,산청(289),X,30.2,29.7,23.3,17.8,81.5,X, ,X,높음
9/11/2023,거제(294),X,30,28.7,24.2,21,83.5,X,관심,X,높음
9/11/2023,남해(295),X,30.3,29.6,24.5,21.8,83.5,X, ,X,높음
9/11/2023,부천(433),X,29,29.7,24.3,21.6,63,X, ,X,높음
9/11/2023,안양(434),X,,,,,,X, ,X,보통
9/11/2023,광명(437),X,30.1,30.7,26.3,23.7,63,X, ,X,높음
9/11/2023,군포(438),X,29.9,30.8,25.5,22.5,63,X, ,X,보통
9/11/2023,김포(441),X,,30.7,24.9,21.8,,X, ,X,높음
9/11/2023,하남(444),X,29.1,29.5,23.8,20.4,74,X, ,X,보통
9/11/2023,의왕(445),X,29.7,30,23.8,20,75,X, ,X,보통
9/11/2023,포천(504),X,31.1,31.5,24.1,20.4,78,X, ,X,보통
9/11/2023,가평조종(505),X,29.9,29.7,23.6,19.7,83,X, ,X,보통
9/11/2023,안성(516),X,30.1,30.3,23.9,19.5,78,X,관심,X,높음
9/11/2023,간성(517),X,27.6,26,21.7,18.7,85,X, ,X,낮음
9/11/2023,평창(526),X,29.3,30.1,23.1,18.6,72,X, ,X,낮음
9/11/2023,의정부(532),X,30.8,29.6,24.2,21.1,86,X, ,X,보통
9/11/2023,횡성(536),X,30.3,30.8,24.2,20.3,76,X, ,X,낮음
9/11/2023,고양(540),X,,,,,,X, ,X,보통
9/11/2023,남양주(541),X,30.8,31,25.3,21.6,73,X, ,X,보통
9/11/2023,안산(545),X,29.8,29.8,23.1,18.7,82,X, ,X,보통
9/11/2023,경기광주(546),X,29.1,29.9,23.9,20.6,71,X, ,X,보통
9/11/2023,여주(548),X,29.2,28.8,24.1,19.9,77,X,관심,X,보통
9/11/2023,용인(549),X,28.9,29.2,23.4,19.9,72,X, ,X,높음
9/11/2023,오산(550),X,30.8,30.4,23.7,19.9,80,X, ,X,보통
9/11/2023,평택(551),X,31.1,31.2,25.2,20.6,75,X, ,X,높음
9/11/2023,화천(555),X,30.5,29.4,23.4,20.2,90,X, ,X,낮음
9/11/2023,양구(556),X,29.8,30,23,18.4,78,X, ,X,낮음
9/11/2023,시흥(565),X,29.9,29.9,24.3,20.1,75,X, ,X,보통
9/11/2023,구리(569),X,30.8,31,24.6,22,72,X, ,X,보통
9/11/2023,화성(571),X,29.7,29.7,24.6,21.4,77,X, ,X,높음
9/11/2023,성남(572),X,29.3,29.5,25.2,22,67,X, ,X,보통
9/11/2023,과천(590),X,29.9,29.8,24,20.5,78,X, ,X,보통
9/11/2023,양주(598),X,30.4,30.5,24.3,20,77,X, ,X,보통
9/11/2023,단양(601),X,30.6,31.1,23.7,18.5,80,X, ,X,높음
9/11/2023,진천(602),X,30.4,31.6,24.6,19.7,71,X, ,X,높음
9/11/2023,괴산(603),X,30.1,30.2,23.8,19,81,X, ,X,높음
9/11/2023,옥천(604),X,30.9,31.2,25.2,20.7,77,X, ,X,높음
9/11/2023,홍북(608),X,29.8,30.2,22.6,18,75,X, ,X,보통
9/11/2023,공주(612),X,30,30.7,24.2,19.2,74,X, ,X,높음
9/11/2023,서천(614),X,29.6,29.1,23.3,19.1,79,X, ,X,높음
9/11/2023,논산(615),X,31,31.5,25,20.3,76,X,관심,X,높음
9/11/2023,당진(616),X,30.1,29.3,23.8,20.1,81,X, ,X,높음
9/11/2023,청양(618),X,30,30.2,22.9,18.5,80,X, ,X,높음
9/11/2023,음성(619),X,29.5,29.1,22.7,17.9,80,X, ,X,높음
9/11/2023,증평(623),X,30.1,30.2,24.7,20.2,77,X, ,X,높음
9/11/2023,태안(627),X,30.2,30.7,24.2,20.3,77,X, ,X,높음
9/11/2023,예산(628),X,30.1,30,24.3,20.2,76,X, ,X,높음
9/11/2023,아산(634),X,30,30.5,24.4,19.8,73,X, ,X,보통
9/11/2023,계룡(636),X,29.8,30,23,18.6,83,X, ,X,높음
9/11/2023,연천청산(652),X,29.4,29.4,23.3,19.9,80,X, ,X,보통
9/11/2023,양양(670),X,26.8,25.9,22.7,19.2,80,X, ,X,낮음
9/11/2023,무안(699),X,30.2,31,24.7,19.7,75,X, ,X,높음
9/11/2023,무주(701),X,30,30.4,23.9,18.4,76,X, ,X,높음
9/11/2023,익산(702),X,30.2,31.3,24.1,19.7,73,X, ,X,높음
9/11/2023,진안(703),X,29,29.3,22.5,16.9,79,X, ,X,높음
9/11/2023,담양(706),X,31.6,31.6,25.2,19.7,79,X,관심,X,높음
9/11/2023,구례(709),X,31,31,24.2,19.2,85,X,관심,X,높음
9/11/2023,나주(710),X,30.2,30.3,24.4,19.8,80,X, ,X,높음
9/11/2023,순천시(712),X,31.9,31.1,25.6,21.1,85,X,관심,X,높음
9/11/2023,광양읍(713),X,31.2,31.2,25.3,21.1,82,X, ,X,높음
9/11/2023,장성(730),X,30.6,31.6,24,19.1,75,X, ,X,높음
9/11/2023,영암(731),X,31.3,31.7,24.5,19.4,82,X,관심,X,높음
9/11/2023,보성(732),X,30.3,30.2,24.2,19.5,82,X,관심,X,높음
9/11/2023,완주(734),X,30.4,30.4,23.9,19.1,80,X, ,X,높음
9/11/2023,김제(737),X,30.3,30.5,24.7,20.6,73,X, ,X,높음
9/11/2023,화순(741),X,31.7,32,24.4,19.6,75,X,관심,X,높음
9/11/2023,함평(754),X,30.3,30.9,24.5,19.2,76,X, ,X,높음
9/11/2023,곡성(768),X,31.5,31.7,24,18.5,82,X,관심,X,높음
9/11/2023,압해도(789),X,31,30.5,25,21.2,80,X, ,X,높음
9/11/2023,영양(801),X,30.8,30.6,22.4,16.4,83,X, ,X,보통
9/11/2023,성주(810),X,30.8,32.3,25.1,19.8,72,X, ,X,높음
9/11/2023,고령(812),X,30.5,31.1,24.2,18.6,81,X, ,X,높음
9/11/2023,청도(813),X,30.8,31.5,24.5,18.6,76,X, ,X,높음
9/11/2023,예천(815),X,30.2,30.5,23.9,18.1,78,X, ,X,높음
9/11/2023,김천(822),X,31.3,31.6,23.4,17.5,82,X, ,X,높음
9/11/2023,군위(823),X,31.4,31.7,24.4,19,79,X, ,X,낮음
9/11/2023,칠곡(825),X,30.8,31.1,24.9,20.3,81,X, ,X,높음
9/11/2023,경산(827),X,30.9,32.2,25.6,19.8,72,X,관심,X,높음
9/11/2023,삼척(876),X,29,27.9,23.6,20.4,79,X, ,X,낮음
9/11/2023,속초(90),X,27.8,26.2,23,19.2,81.9,X, ,X,낮음
9/11/2023,삼천포(907),X,30.6,29.1,24.1,20.6,87,X,관심,X,높음
9/11/2023,고성(918),X,31.2,30.5,24.9,19.5,84,X, ,X,높음
9/11/2023,창녕(919),X,31.6,32,25.7,20.5,79,X,관심,X,높음
9/11/2023,함안(920),X,31.1,31,24.7,19.6,82,X,관심,X,높음
9/11/2023,북춘천(93),X,30.6,30.2,24.2,20,81.4,X,관심,X,낮음
9/11/2023,하동(932),X,31.2,30.6,24.7,20.1,81,X,관심,X,높음
9/11/2023,철원(95),X,29,28.9,23,19.7,83.1,X, ,X,낮음
9/11/2023,동두천(98),X,30.1,29.3,23.8,20.6,80.3,X, ,X,보통
9/11/2023,파주(99),X,29.5,29.6,23.3,19.2,83.5,X, ,X,높음
9/12/2023,북강릉(104),X,29.4,29.1,24.7,20.6,78.6,X, ,X,낮음
9/12/2023,동해(106),X,30.1,30,25,21.1,84.8,X, ,X,낮음
9/12/2023,서울(108),X,30.1,29.8,25.7,21.7,69.8,X, ,X,보통
9/12/2023,인천(112),X,29.2,28.7,25.2,22.3,73,X, ,X,보통
9/12/2023,원주(114),X,29.6,30.3,25.1,21.4,69.5,X, ,X,낮음
9/12/2023,울릉도(115),X,31.2,29.1,24.9,21.5,91.3,X, ,X,보통
9/12/2023,수원(119),X,29.9,30.2,24.8,20.1,72.3,X, ,X,보통
9/12/2023,영월(121),X,29.7,30.2,23.3,19.5,80,X, ,X,낮음
9/12/2023,충주(127),X,30,30.1,24.2,20.1,77.9,X, ,X,보통
9/12/2023,서산(129),X,29.9,29.4,23.9,19.6,78.9,X, ,X,보통
9/12/2023,울진(130),X,30,28.7,24.7,21.1,83.6,X, ,X,보통
9/12/2023,청주(131),X,30.1,30.5,26.1,22.3,62.6,X, ,X,보통
9/12/2023,대전(133),X,29.3,29.5,24.5,20.9,71.4,X, ,X,높음
9/12/2023,추풍령(135),X,28.9,28.1,23.6,19,78.8,X, ,X,높음
9/12/2023,안동(136),X,31.2,31.3,24.9,20.7,81,X, ,X,높음
9/12/2023,상주(137),X,31.1,30.5,25,20.7,80.6,X, ,X,높음
9/12/2023,포항(138),X,29.6,28.8,25.9,22.8,75.5,X, ,X,높음
9/12/2023,군산(140),X,29.2,29,24.2,20.2,77.9,X, ,X,높음
9/12/2023,대구(143),X,30.7,30.6,26.1,22.3,74.6,X, ,X,높음
9/12/2023,전주(146),X,29.8,29.9,25.1,21.2,67.1,X, ,X,높음
9/12/2023,울산(152),X,29.6,29,25,21.4,79.8,X, ,X,높음
9/12/2023,창원(155),X,31.1,30.6,25.9,22.9,78.3,X, ,X,높음
9/12/2023,광주(156),X,30,29.2,25.1,21.5,80.1,X,관심,X,높음
9/12/2023,부산(159),X,31.2,30.3,26.4,23.9,74.1,X,관심,X,높음
9/12/2023,통영(162),X,30.9,29.9,25.7,22.7,79.3,X, ,X,높음
9/12/2023,목포(165),X,29.4,29.1,25.2,22.1,71.6,X, ,X,보통
9/12/2023,여수(168),X,30.3,29.1,26,24.1,79.1,X, ,X,보통
9/12/2023,흑산도(169),X,28.8,27.2,23.8,22,84,X, ,X,보통
9/12/2023,완도(170),X,31.3,30.1,25.4,21.5,77.4,X,관심,X,보통
9/12/2023,고창(172),X,29,28.7,23.2,18.6,79.5,X, ,X,높음
9/12/2023,제주(184),X,30.1,29.5,25.8,22.8,69.6,X, ,X,보통
9/12/2023,진주(192),X,31,30.6,25.1,22,81.8,X, ,X,높음
9/12/2023,양평(202),X,28.6,28.9,23.9,20,78,X, ,X,높음
9/12/2023,이천(203),X,30.4,30.5,24.1,19.3,80.1,X, ,X,보통
9/12/2023,인제(211),X,29.4,30,23.1,19.6,76.3,X, ,X,낮음
9/12/2023,홍천(212),X,29.5,30,23.7,20.2,79.3,X, ,X,낮음
9/12/2023,태백(216),X,27.8,27.6,21,17.2,83.1,X, ,X,낮음
9/12/2023,정선군(217),X,31,32.2,23.7,19.4,74.4,X, ,X,낮음
9/12/2023,제천(221),X,29.5,29.7,23.2,18.9,82.6,X, ,X,높음
9/12/2023,보은(226),X,29.3,29.1,23.1,19.1,82.9,X, ,X,높음
9/12/2023,천안(232),X,29.1,29.4,23.7,19.2,76.3,X, ,X,보통
9/12/2023,보령(235),X,29.5,28.7,23.8,19.5,78.9,X, ,X,보통
9/12/2023,부여(236),X,29.8,29.9,24,19.1,79.9,X, ,X,보통
9/12/2023,금산(238),X,29.2,28.8,23.4,19.4,79.3,X, ,X,높음
9/12/2023,세종(239),X,29.8,29.5,24.1,19.9,75,X, ,X,보통
9/12/2023,부안(243),X,28.8,28.7,24,20.3,78,X, ,X,높음
9/12/2023,임실(244),X,28.9,29.3,23.1,18.4,77.8,X, ,X,높음
9/12/2023,정읍(245),X,29.6,29.8,24,19.5,72.6,X, ,X,높음
9/12/2023,남원(247),X,29.3,29.6,24.3,19.8,76.3,X, ,X,높음
9/12/2023,장수(248),X,28.8,28.9,21.9,17.5,80.9,X, ,X,높음
9/12/2023,영광군(252),X,28.7,28.6,23.7,19.7,77.5,X, ,X,높음
9/12/2023,김해시(253),X,32.1,31.3,26,22.4,82.6,X,관심,X,높음
9/12/2023,순창군(254),X,29.3,29.3,23.7,19.1,79.4,X, ,X,높음
9/12/2023,양산시(257),X,32.4,32.2,26.2,22.2,77.4,X,관심,X,높음
9/12/2023,강진군(259),X,31.4,31.2,25.2,20.4,78.4,X,관심,X,보통
9/12/2023,장흥(260),X,31,30.7,24.2,19.4,83.4,X, ,X,보통
9/12/2023,해남(261),X,31.2,31.1,24.7,19.5,81.8,X,관심,X,보통
9/12/2023,고흥(262),X,29.4,29,23.7,20.1,87,X, ,X,높음
9/12/2023,의령군(263),X,31.4,31.7,25.5,21.4,77.6,X, ,X,높음
9/12/2023,함양군(264),X,30.2,30.3,23.9,19.4,78.9,X, ,X,높음
9/12/2023,진도군ASOS(268),X,30.5,30.2,24.5,20,78.6,X, ,X,보통
9/12/2023,봉화(271),X,28.2,28.6,22.6,18.5,81.5,X, ,X,높음
9/12/2023,영주(272),X,29.9,30,23.4,19.1,84,X, ,X,높음
9/12/2023,문경(273),X,30.1,29.7,23.9,20.1,84,X, ,X,높음
9/12/2023,청송군(276),X,30.8,30.1,23.6,19.2,87.5,X, ,X,높음
9/12/2023,영덕(277),X,30.2,29.4,24,19.9,84.6,X, ,X,높음
9/12/2023,의성(278),X,31,31.1,24.7,19.7,82,X, ,X,높음
9/12/2023,구미(279),X,30.4,30.2,25.1,21.2,74.9,X, ,X,높음
9/12/2023,영천(281),X,29.9,30,24.8,20.8,81,X, ,X,높음
9/12/2023,경주시(283),X,31.2,31.2,25.3,20.9,79.8,X, ,X,높음
9/12/2023,거창(284),X,29.2,28.9,23.1,18.5,82.9,X, ,X,높음
9/12/2023,합천(285),X,30.2,30.1,24.9,21.4,77.5,X, ,X,높음
9/12/2023,밀양(288),X,30.4,31.1,25.8,22.2,71.9,X, ,X,높음
9/12/2023,산청(289),X,30.5,29.5,24,19.8,85,X, ,X,높음
9/12/2023,거제(294),X,30.2,29.3,24.7,21.6,82.6,X, ,X,높음
9/12/2023,남해(295),X,29.9,28.9,24.8,22,80.6,X, ,X,높음
9/12/2023,부천(433),X,28.6,29.3,24.6,20.4,66,X, ,X,보통
9/12/2023,안양(434),X,26.8,,25.5,,,X, ,X,보통
9/12/2023,광명(437),X,29.9,30.4,26.6,22.8,65,X, ,X,높음
9/12/2023,군포(438),X,29.8,30.7,25.5,21.1,67,X, ,X,보통
9/12/2023,김포(441),X,,30.1,25,20.6,,X, ,X,보통
9/12/2023,하남(444),X,29.4,30.2,23.6,18.6,72,X, ,X,보통
9/12/2023,의왕(445),X,29.6,30.2,24,19,76,X, ,X,보통
9/12/2023,포천(504),X,30.7,30.8,23.6,18.2,78,X, ,X,보통
9/12/2023,가평조종(505),X,29.8,29.6,22.7,17.7,84,X, ,X,보통
9/12/2023,안성(516),X,29.8,30.2,24.2,19.4,78,X, ,X,보통
9/12/2023,간성(517),X,29.6,30.7,23.9,19.7,75,X, ,X,낮음
9/12/2023,평창(526),X,28.9,29.8,22.9,18.6,73,X, ,X,낮음
9/12/2023,의정부(532),X,30.5,29.4,24.1,19.2,87,X, ,X,보통
9/12/2023,횡성(536),X,29.7,30.5,24,19.5,75,X, ,X,낮음
9/12/2023,고양(540),X,,,,,,X, ,X,보통
9/12/2023,남양주(541),X,30.8,31.3,24.7,19.3,73,X, ,X,보통
9/12/2023,안산(545),X,30.2,30.3,23,17.7,83,X, ,X,보통
9/12/2023,경기광주(546),X,28.7,29.9,23.4,18.8,73,X, ,X,보통
9/12/2023,여주(548),X,29.9,29.9,23.8,19.5,77,X, ,X,보통
9/12/2023,용인(549),X,28.7,29.4,23.1,18.4,75,X, ,X,보통
9/12/2023,오산(550),X,30.5,30.6,24.3,18.9,78,X, ,X,보통
9/12/2023,평택(551),X,31.4,31.3,24.9,20.5,79,X, ,X,보통
9/12/2023,화천(555),X,30.1,29.9,22.4,18.9,90,X, ,X,낮음
9/12/2023,양구(556),X,29.5,30.3,23.2,18.6,75,X, ,X,낮음
9/12/2023,시흥(565),X,30.3,30.7,24.3,19,78,X, ,X,보통
9/12/2023,구리(569),X,29.6,30.7,24.7,20.1,69,X, ,X,보통
9/12/2023,화성(571),X,30.2,29.9,24.7,20.5,78,X, ,X,보통
9/12/2023,성남(572),X,29.3,30,24.9,20,69,X, ,X,보통
9/12/2023,과천(590),X,30.7,31.1,24.1,18.7,79,X, ,X,보통
9/12/2023,양주(598),X,30.5,31,23.8,18.1,81,X, ,X,보통
9/12/2023,단양(601),X,31.1,31.6,24.1,19.8,81,X, ,X,보통
9/12/2023,진천(602),X,30.1,30.9,24.5,19.7,72,X, ,X,보통
9/12/2023,괴산(603),X,30.3,30.4,24.1,19.2,78,X, ,X,보통
9/12/2023,옥천(604),X,31.3,31.2,25.4,21.2,79,X, ,X,높음
9/12/2023,홍북(608),X,29.9,29.8,23,17.8,75,X, ,X,보통
9/12/2023,공주(612),X,29.6,29.9,23.8,19.2,76,X, ,X,높음
9/12/2023,서천(614),X,29.2,28.7,23.3,18.6,84,X, ,X,높음
9/12/2023,논산(615),X,30.5,30.7,24.7,20.1,76,X, ,X,높음
9/12/2023,당진(616),X,30.2,30.4,24.1,20,83,X, ,X,보통
9/12/2023,청양(618),X,29,29.8,22.7,17.1,82,X, ,X,보통
9/12/2023,음성(619),X,29,29.1,23,17.8,78,X, ,X,보통
9/12/2023,증평(623),X,29.7,30.1,24.6,19.9,78,X, ,X,보통
9/12/2023,태안(627),X,29.5,28.9,24.3,20.5,81,X, ,X,보통
9/12/2023,예산(628),X,29.8,30,24.5,20,77,X, ,X,보통
9/12/2023,아산(634),X,30.7,30.8,24.3,19.7,76,X, ,X,보통
9/12/2023,계룡(636),X,29.9,29.7,22.7,18.1,83,X, ,X,높음
9/12/2023,연천청산(652),X,29.4,29.5,22.9,17.8,81,X, ,X,높음
9/12/2023,양양(670),X,29.7,31,24.8,20.5,73,X, ,X,낮음
9/12/2023,무안(699),X,30,30.6,24.6,19.8,75,X, ,X,높음
9/12/2023,무주(701),X,29.7,29.6,23.7,19.6,81,X, ,X,높음
9/12/2023,익산(702),X,29.1,30.6,23.9,19.8,77,X, ,X,높음
9/12/2023,진안(703),X,28.6,29,22.3,17.5,80,X, ,X,높음
9/12/2023,담양(706),X,30.4,30,24.4,19.9,83,X,관심,X,높음
9/12/2023,구례(709),X,31,30.9,24.7,21.1,86,X, ,X,높음
9/12/2023,나주(710),X,30.3,30.1,24.3,19.8,81,X, ,X,높음
9/12/2023,순천시(712),X,32,30.6,25.7,22.3,87,X,관심,X,높음
9/12/2023,광양읍(713),X,31.3,31.6,25.9,21.8,81,X, ,X,높음
9/12/2023,장성(730),X,29,29.5,23.5,18.8,78,X, ,X,높음
9/12/2023,영암(731),X,31.5,31.3,24.8,19.7,84,X, ,X,높음
9/12/2023,보성(732),X,30,30,23.5,19,84,X,관심,X,높음
9/12/2023,완주(734),X,30,29.5,23.5,19.1,81,X, ,X,높음
9/12/2023,김제(737),X,29.6,29.3,24.2,20,74,X, ,X,높음
9/12/2023,화순(741),X,31.3,31.4,24.6,19.4,76,X, ,X,높음
9/12/2023,함평(754),X,29.8,30.3,24.3,19.2,76,X, ,X,높음
9/12/2023,곡성(768),X,30.7,30.6,23.9,18.9,82,X, ,X,높음
9/12/2023,압해도(789),X,30.5,30.7,24.9,20.5,78,X, ,X,보통
9/12/2023,영양(801),X,31.1,31.2,23.7,18.9,85,X, ,X,높음
9/12/2023,성주(810),X,31.4,31.9,25.3,21.1,76,X, ,X,높음
9/12/2023,고령(812),X,30.2,30,24.2,20.5,88,X, ,X,높음
9/12/2023,청도(813),X,30.6,30.4,24.3,20.6,82,X, ,X,높음
9/12/2023,예천(815),X,30.7,30.7,24.7,20.6,79,X, ,X,높음
9/12/2023,김천(822),X,31.2,30.6,23.9,19.4,87,X, ,X,높음
9/12/2023,군위(823),X,31.7,31.3,25,20.9,83,X, ,X,낮음
9/12/2023,칠곡(825),X,31.1,30.8,25.7,22.1,84,X, ,X,높음
9/12/2023,경산(827),X,30.5,30.4,25.7,22.1,77,X, ,X,높음
9/12/2023,삼척(876),X,31.4,31.2,25.6,21.9,73,X, ,X,낮음
9/12/2023,속초(90),X,30.1,28.5,24.4,20.7,80.1,X, ,X,낮음
9/12/2023,삼천포(907),X,31.5,29.9,25,22,87,X, ,X,높음
9/12/2023,고성(918),X,31.6,30.7,24.7,20.8,86,X, ,X,높음
9/12/2023,창녕(919),X,30.9,30.8,25.5,22.1,84,X,관심,X,높음
9/12/2023,함안(920),X,31.3,30.8,24.4,21,87,X, ,X,높음
9/12/2023,북춘천(93),X,29.2,30.3,23.5,19.8,76.3,X, ,X,낮음
9/12/2023,하동(932),X,31.2,30.6,25.1,21.5,83,X, ,X,높음
9/12/2023,철원(95),X,29.7,29.4,23.1,17.4,81.4,X, ,X,낮음
9/12/2023,동두천(98),X,29.9,29.2,23.3,18.6,82.8,X, ,X,높음
9/12/2023,파주(99),X,30.7,30,23.2,18.2,87.4,X, ,X,높음
9/13/2023,북강릉(104),X,25.7,23.1,19.8,18.2,96.4,X, ,X,낮음
9/13/2023,동해(106),X,27.5,24.3,20.9,18.6,98.8,X, ,X,낮음
9/13/2023,서울(108),X,26.5,24.6,22.1,19.6,84.5,X, ,X,보통
9/13/2023,인천(112),X,26.7,24.7,22.1,19.5,87.1,X, ,X,낮음
9/13/2023,원주(114),X,25.5,23.5,21,19,88.8,X, ,X,낮음
9/13/2023,울릉도(115),X,28,25,22.7,20.5,98.1,X, ,X,보통
9/13/2023,수원(119),X,26.4,24.3,21.4,19.5,89.1,X, ,X,낮음
9/13/2023,영월(121),X,24.9,22.1,20.7,19,95,X, ,X,낮음
9/13/2023,충주(127),X,25.5,23.1,20.8,19.2,89.9,X, ,X,보통
9/13/2023,서산(129),X,25.2,23.1,20.5,19.2,91.9,X, ,X,낮음
9/13/2023,울진(130),X,28.7,26.6,22.1,19.7,92.3,X, ,X,보통
9/13/2023,청주(131),X,26.3,25.3,22.2,20.1,85.4,X, ,X,낮음
9/13/2023,대전(133),X,25.1,23.2,21,18.9,91.8,X, ,X,낮음
9/13/2023,추풍령(135),X,26.6,24.3,21.5,19.7,90.8,X, ,X,낮음
9/13/2023,안동(136),X,28.5,27,23,20.9,90.6,X, ,X,보통
9/13/2023,상주(137),X,27.1,24.6,22.8,21.6,94.5,X, ,X,낮음
9/13/2023,포항(138),X,29.2,27.4,24.6,22.5,83.8,X, ,X,보통
9/13/2023,군산(140),X,25.3,22.8,20.7,19.6,93.6,X, ,X,낮음
9/13/2023,대구(143),X,29.6,28.4,24.7,22.4,84.1,X, ,X,보통
9/13/2023,전주(146),X,25.6,23.9,21.2,19.9,88.9,X, ,X,보통
9/13/2023,울산(152),X,28.4,26.4,24.1,21.8,89.6,X, ,X,보통
9/13/2023,창원(155),X,30.7,29.5,26.3,23.5,76.8,X, ,X,보통
9/13/2023,광주(156),X,28.7,25.4,22.5,20.1,98.9,X, ,X,보통
9/13/2023,부산(159),X,31.3,30.1,26.1,23.9,78.3,X, ,X,보통
9/13/2023,통영(162),X,31.3,30.2,26.3,23.1,82.6,X, ,X,보통
9/13/2023,목포(165),X,26.7,24.5,22.6,20.4,86.8,X, ,X,보통
9/13/2023,여수(168),X,29.8,27.9,25.9,24,83.4,X, ,X,보통
9/13/2023,흑산도(169),X,25.9,23.2,20.9,19.1,96.9,X, ,X,보통
9/13/2023,완도(170),X,30,27.8,24.9,22.4,89.5,X, ,X,보통
9/13/2023,고창(172),X,24.9,22.7,20.8,19.5,91.8,X, ,X,보통
9/13/2023,제주(184),X,32.2,32.4,27.1,23.5,69,X, ,X,높음
9/13/2023,진주(192),X,29.6,27.7,24.7,21.8,87.3,X, ,X,보통
9/13/2023,양평(202),X,25.4,22.9,21,18.9,91.8,X, ,X,낮음
9/13/2023,이천(203),X,26,22.7,20.6,18.7,99.3,X, ,X,낮음
9/13/2023,인제(211),X,23.8,21,19.4,18,93.8,X, ,X,낮음
9/13/2023,홍천(212),X,24.8,22.2,20,18.1,94.1,X, ,X,낮음
9/13/2023,태백(216),X,22.7,19.7,17.9,16.2,97.3,X, ,X,낮음
9/13/2023,정선군(217),X,24.9,22.6,20.1,17.9,90,X, ,X,낮음
9/13/2023,제천(221),X,25.5,22.5,20.5,19,97.1,X, ,X,보통
9/13/2023,보은(226),X,25.9,23.4,21.1,19.3,95.3,X, ,X,보통
9/13/2023,천안(232),X,24.8,21.9,20.6,19.4,94.8,X, ,X,낮음
9/13/2023,보령(235),X,25.3,23.2,20.4,18.9,93.5,X, ,X,낮음
9/13/2023,부여(236),X,25.2,22.3,20.5,19.4,96.3,X, ,X,낮음
9/13/2023,금산(238),X,25.5,22.8,20.8,19.1,95.4,X, ,X,보통
9/13/2023,세종(239),X,24.8,22.4,20.7,19.5,93,X, ,X,낮음
9/13/2023,부안(243),X,25.5,23.1,21.2,19.9,92.9,X, ,X,보통
9/13/2023,임실(244),X,26.2,23.8,21.4,19.9,93.4,X, ,X,보통
9/13/2023,정읍(245),X,24.8,22.7,20.9,19.8,90,X, ,X,보통
9/13/2023,남원(247),X,27.9,26,23,20.5,87,X, ,X,보통
9/13/2023,장수(248),X,26.5,24.3,21.4,19.2,93.8,X, ,X,보통
9/13/2023,영광군(252),X,25.1,22.9,21.2,19.7,90,X, ,X,낮음
9/13/2023,김해시(253),X,31.4,30.2,26.2,23,82.3,X, ,X,보통
9/13/2023,순창군(254),X,27.9,25.9,22.6,20.3,89.6,X, ,X,보통
9/13/2023,양산시(257),X,32.2,31.1,26.5,23.5,80.4,X, ,X,보통
9/13/2023,강진군(259),X,29.6,27.8,24.7,21.8,88.4,X, ,X,보통
9/13/2023,장흥(260),X,29.2,27.4,24.3,21.6,90.9,X, ,X,보통
9/13/2023,해남(261),X,29.7,27.7,24,21.3,90.6,X, ,X,낮음
9/13/2023,고흥(262),X,27.9,26,23.4,21.3,92.1,X, ,X,보통
9/13/2023,의령군(263),X,29.5,28.2,24.8,22.2,83.8,X, ,X,보통
9/13/2023,함양군(264),X,28.3,26.7,23.5,20.8,87.4,X, ,X,보통
9/13/2023,진도군ASOS(268),X,28.1,26.7,23.1,21.1,87.4,X, ,X,보통
9/13/2023,봉화(271),X,26.4,24.8,21.2,18.9,92.6,X, ,X,보통
9/13/2023,영주(272),X,27,24.4,21.8,19.9,98,X, ,X,보통
9/13/2023,문경(273),X,26.1,23.8,21.8,20.4,95,X, ,X,보통
9/13/2023,청송군(276),X,29.1,27.6,22.9,20.8,93.1,X, ,X,보통
9/13/2023,영덕(277),X,28.5,26.7,22.8,21.2,87.4,X, ,X,낮음
9/13/2023,의성(278),X,28.9,27.4,23.7,21.7,90.9,X, ,X,보통
9/13/2023,구미(279),X,28.4,26.4,23.9,22.3,85.6,X, ,X,보통
9/13/2023,영천(281),X,28.6,27.1,23.8,21.4,89.3,X, ,X,보통
9/13/2023,경주시(283),X,29.8,28.1,23.8,21.9,87.9,X, ,X,보통
9/13/2023,거창(284),X,27.5,25.8,22.7,20.3,90.4,X, ,X,보통
9/13/2023,합천(285),X,28.9,27.7,24.6,22.2,83.9,X, ,X,보통
9/13/2023,밀양(288),X,29.4,29,25.1,22.8,76.8,X, ,X,보통
9/13/2023,산청(289),X,28.3,26.3,23.2,21.2,93.5,X, ,X,보통
9/13/2023,거제(294),X,30.7,29.2,25.8,22.9,84.9,X, ,X,보통
9/13/2023,남해(295),X,29.9,28.2,25.2,22.3,85.3,X, ,X,보통
9/13/2023,부천(433),X,25.4,24,21,18,85,X, ,X,낮음
9/13/2023,안양(434),X,,,21.9,,,X, ,X,낮음
9/13/2023,광명(437),X,27.4,25.9,22.9,20.4,81,X, ,X,보통
9/13/2023,군포(438),X,26.6,25.3,21.9,19.6,83,X, ,X,낮음
9/13/2023,김포(441),X,,24.9,21.7,19.2,,X, ,X,보통
9/13/2023,하남(444),X,25.2,22.8,20.1,17.9,90,X, ,X,낮음
9/13/2023,의왕(445),X,26.1,23.9,20.8,18.6,93,X, ,X,보통
9/13/2023,포천(504),X,26.1,23.5,20.5,18.5,93,X, ,X,보통
9/13/2023,가평조종(505),X,25.3,22.2,19.9,18.2,100,X, ,X,보통
9/13/2023,안성(516),X,26.3,23.2,20.7,18.9,98,X, ,X,낮음
9/13/2023,간성(517),X,25.2,22.4,19.8,18.1,94,X, ,X,낮음
9/13/2023,평창(526),X,23.7,21.4,19.9,18.3,87,X, ,X,낮음
9/13/2023,의정부(532),X,26.3,23.1,20.8,18.6,98,X, ,X,보통
9/13/2023,횡성(536),X,25.3,22.7,20.3,18.4,93,X, ,X,낮음
9/13/2023,고양(540),X,,,,,,X, ,X,낮음
9/13/2023,남양주(541),X,25.8,23.2,20.8,18.6,91,X, ,X,보통
9/13/2023,안산(545),X,26.5,24,20.6,18.9,97,X, ,X,낮음
9/13/2023,경기광주(546),X,25.6,22.5,20.2,18.1,96,X, ,X,보통
9/13/2023,여주(548),X,25.3,22.3,20.2,18.3,97,X, ,X,낮음
9/13/2023,용인(549),X,25.3,22.7,20.2,18.4,94,X, ,X,낮음
9/13/2023,오산(550),X,26.8,24.3,21,19.5,96,X, ,X,보통
9/13/2023,평택(551),X,26.7,23.4,21,19.3,100,X, ,X,낮음
9/13/2023,화천(555),X,25.3,22.2,19.9,18.3,97,X, ,X,낮음
9/13/2023,양구(556),X,23.8,21.1,19,17.6,92,X, ,X,낮음
9/13/2023,시흥(565),X,27.1,25.1,21.5,19.6,93,X, ,X,낮음
9/13/2023,구리(569),X,25.8,23.4,21,18.4,89,X, ,X,보통
9/13/2023,화성(571),X,26.8,24.7,21.3,19.4,93,X, ,X,낮음
9/13/2023,성남(572),X,25.8,23.6,,19.9,,X, ,X,보통
9/13/2023,과천(590),X,26.6,24,21,19.1,97,X, ,X,보통
9/13/2023,양주(598),X,26.1,23.3,20.5,18.5,96,X, ,X,보통
9/13/2023,단양(601),X,26.3,23.7,21.9,20.5,94,X, ,X,보통
9/13/2023,진천(602),X,25.4,23,21.1,19.6,91,X, ,X,낮음
9/13/2023,괴산(603),X,25.2,22.6,21,19.3,95,X, ,X,보통
9/13/2023,옥천(604),X,27.4,24.8,22.9,21,94,X, ,X,보통
9/13/2023,홍북(608),X,23.6,21.1,19.3,18.1,95,X, ,X,낮음
9/13/2023,공주(612),X,24.4,21.8,20.5,19.3,95,X, ,X,낮음
9/13/2023,서천(614),X,25.1,22.1,20.4,18.9,97,X, ,X,낮음
9/13/2023,논산(615),X,25.1,22.7,21,19.8,93,X, ,X,보통
9/13/2023,당진(616),X,26.1,23.5,20.7,19,97,X, ,X,낮음
9/13/2023,청양(618),X,23.7,20.8,19.7,19,96,X, ,X,낮음
9/13/2023,음성(619),X,24.2,21.6,20,18.4,93,X, ,X,보통
9/13/2023,증평(623),X,25.9,23.4,21.3,19.6,96,X, ,X,낮음
9/13/2023,태안(627),X,26.3,23.9,20.8,18.7,90,X, ,X,낮음
9/13/2023,예산(628),X,25.1,22.9,20.7,19.6,95,X, ,X,낮음
9/13/2023,아산(634),X,25.6,23.3,20.7,19.5,94,X, ,X,낮음
9/13/2023,계룡(636),X,24.2,21.5,20.2,18.9,96,X, ,X,낮음
9/13/2023,연천청산(652),X,25.5,23.1,20.3,18.2,94,X, ,X,보통
9/13/2023,양양(670),X,24.9,22.5,20.1,18.3,94,X, ,X,낮음
9/13/2023,무안(699),X,26.8,24.9,22.1,20.2,89,X, ,X,보통
9/13/2023,무주(701),X,26,23.5,21.6,19.7,93,X, ,X,보통
9/13/2023,익산(702),X,25.6,22.6,21.1,20,90,X, ,X,보통
9/13/2023,진안(703),X,25.4,22.7,20.9,19,93,X, ,X,보통
9/13/2023,담양(706),X,29.1,26.4,22.9,20.3,94,X, ,X,보통
9/13/2023,구례(709),X,28.7,26.4,24,22.2,93,X, ,X,보통
9/13/2023,나주(710),X,27.4,25,22.3,20.3,93,X, ,X,보통
9/13/2023,순천시(712),X,30,28.1,25.2,23.2,92,X, ,X,보통
9/13/2023,광양읍(713),X,30.2,28.7,24.9,23,90,X, ,X,보통
9/13/2023,장성(730),X,26,23.8,21.4,19.6,91,X, ,X,보통
9/13/2023,영암(731),X,28.4,26.1,23.5,20.9,94,X, ,X,보통
9/13/2023,보성(732),X,28.2,26.2,23.5,21.5,92,X, ,X,보통
9/13/2023,완주(734),X,26.2,23.6,21.4,19.9,95,X, ,X,보통
9/13/2023,김제(737),X,25.1,23.1,20.8,19.6,92,X, ,X,보통
9/13/2023,화순(741),X,29,26.9,23.4,21,87,X, ,X,보통
9/13/2023,함평(754),X,26.8,25,22.1,20.4,90,X, ,X,보통
9/13/2023,곡성(768),X,28.3,26.2,23,20.7,93,X, ,X,보통
9/13/2023,압해도(789),X,26.6,24.4,22.4,20.8,89,X, ,X,보통
9/13/2023,영양(801),X,28.5,26.7,22.2,19.8,92,X, ,X,보통
9/13/2023,성주(810),X,28.8,27.3,24.6,22.5,84,X, ,X,보통
9/13/2023,고령(812),X,29.3,27.4,23.9,21.4,94,X, ,X,보통
9/13/2023,청도(813),X,29.6,28.2,23.9,21.2,88,X, ,X,보통
9/13/2023,예천(815),X,28.3,26.1,22.8,20.4,91,X, ,X,보통
9/13/2023,김천(822),X,28.7,26.5,22.9,20.7,94,X, ,X,보통
9/13/2023,군위(823),X,29,26.7,23.7,22.2,93,X, ,X,낮음
9/13/2023,칠곡(825),X,29.8,27.5,24.6,22.7,96,X, ,X,보통
9/13/2023,경산(827),X,29.8,28.5,24.6,22.3,85,X, ,X,보통
9/13/2023,삼척(876),X,26.1,24,21,18.8,92,X, ,X,낮음
9/13/2023,속초(90),X,25.9,23.2,20.2,18.3,93.8,X, ,X,낮음
9/13/2023,삼천포(907),X,31.2,29.4,25.2,21.6,86,X, ,X,보통
9/13/2023,고성(918),X,30.7,29.2,25.5,21.7,88,X, ,X,보통
9/13/2023,창녕(919),X,30,28.2,24.8,22.2,91,X, ,X,보통
9/13/2023,함안(920),X,29.3,27.1,24,21.3,94,X, ,X,보통
9/13/2023,북춘천(93),X,25.1,22.3,20.1,18.4,95.4,X, ,X,낮음
9/13/2023,하동(932),X,29.6,27.7,24.5,22.3,89,X, ,X,보통
9/13/2023,철원(95),X,25.6,22.8,19.9,18.1,96.6,X, ,X,낮음
9/13/2023,동두천(98),X,25.8,23,20.3,18.1,95.8,X, ,X,보통
9/13/2023,파주(99),X,26.1,23.1,20.3,18.2,98.3,X, ,X,보통
9/14/2023,북강릉(104),X,24.4,21.8,20.2,18.2,94.9,X, ,X,낮음
9/14/2023,동해(106),X,25.5,22.3,20.6,19,99,X, ,X,낮음
9/14/2023,서울(108),X,27.9,27.2,23.4,19.2,72.4,X, ,X,보통
9/14/2023,인천(112),X,27.3,26.4,23.2,18.8,74.1,X, ,X,보통
9/14/2023,원주(114),X,26.5,25.1,21.8,19.1,79.4,X, ,X,낮음
9/14/2023,울릉도(115),X,27.2,24.9,22.2,19.7,91.9,X, ,X,낮음
9/14/2023,수원(119),X,26.9,26.1,23,19.1,75.5,X, ,X,보통
9/14/2023,영월(121),X,26.6,25.2,21,18.7,85.8,X, ,X,낮음
9/14/2023,충주(127),X,26.9,25.4,21.9,19,85,X, ,X,보통
9/14/2023,서산(129),X,27.4,25.9,22.7,19.1,84.6,X, ,X,보통
9/14/2023,울진(130),X,27.4,25.3,21.6,19.6,93.1,X, ,X,보통
9/14/2023,청주(131),X,27.6,26.3,22.9,19.8,81.6,X, ,X,보통
9/14/2023,대전(133),X,27.5,26.1,22.1,19.2,87.1,X, ,X,보통
9/14/2023,추풍령(135),X,25.3,23.2,21,19.2,90.9,X, ,X,낮음
9/14/2023,안동(136),X,26.8,24.7,22.3,20.2,89.4,X, ,X,낮음
9/14/2023,상주(137),X,26.5,24,21.7,20.6,97.1,X, ,X,낮음
9/14/2023,포항(138),X,26.2,24,22.8,21.6,86.6,X, ,X,낮음
9/14/2023,군산(140),X,28.2,26.6,22.8,19.8,88.9,X, ,X,보통
9/14/2023,대구(143),X,26.4,24.5,22.6,21.4,89.5,X, ,X,낮음
9/14/2023,전주(146),X,27.9,26.1,22.6,19.7,89.3,X, ,X,낮음
9/14/2023,울산(152),X,26.3,23.9,22.3,21.1,90.4,X, ,X,낮음
9/14/2023,창원(155),X,27.6,25.4,23.8,22.4,87.3,X, ,X,보통
9/14/2023,광주(156),X,29.1,26,22.2,20.2,98.5,X, ,X,낮음
9/14/2023,부산(159),X,27.9,26.3,23.6,22.4,82.3,X, ,X,보통
9/14/2023,통영(162),X,28.6,26.3,23.9,22.8,91.5,X, ,X,보통
9/14/2023,목포(165),X,26.4,23.8,22.1,20.5,94.9,X, ,X,보통
9/14/2023,여수(168),X,27.9,25.4,23.9,22.3,89.4,X, ,X,보통
9/14/2023,흑산도(169),X,25.8,23.2,21.3,20.2,97.8,X, ,X,보통
9/14/2023,완도(170),X,26.7,23.7,22.6,21.6,95.4,X, ,X,보통
9/14/2023,고창(172),X,27.7,25.5,22.1,19.6,91.8,X, ,X,보통
9/14/2023,제주(184),X,27.3,26,24.3,23.3,79,X, ,X,낮음
9/14/2023,진주(192),X,28.3,25.7,23.7,22.6,94,X, ,X,보통
9/14/2023,양평(202),X,27,26.3,22.4,18.7,77.8,X, ,X,보통
9/14/2023,이천(203),X,27,25.2,21.6,18.7,89.4,X, ,X,보통
9/14/2023,인제(211),X,25.2,23.8,20.3,17.9,83.9,X, ,X,낮음
9/14/2023,홍천(212),X,26.6,25.8,21.3,18.1,81.3,X, ,X,낮음
9/14/2023,태백(216),X,22,19.2,17.5,16.1,97.1,X, ,X,낮음
9/14/2023,정선군(217),X,24.8,23.1,19.9,17.5,86.9,X, ,X,낮음
9/14/2023,제천(221),X,26.3,24.4,20.8,18.4,88.3,X, ,X,보통
9/14/2023,보은(226),X,25.8,23.7,21.3,19.4,93.3,X, ,X,낮음
9/14/2023,천안(232),X,26.6,24.7,22.2,19.4,88.1,X, ,X,보통
9/14/2023,보령(235),X,27.9,26.6,23.1,19.7,85.6,X, ,X,보통
9/14/2023,부여(236),X,28.5,26.9,22.5,19.7,90.3,X, ,X,보통
9/14/2023,금산(238),X,27.1,25.3,21.6,19,92.3,X, ,X,보통
9/14/2023,세종(239),X,27.7,25.8,22.1,19.5,87.8,X, ,X,보통
9/14/2023,부안(243),X,27.5,25.7,22.8,19.9,90.4,X, ,X,보통
9/14/2023,임실(244),X,27.8,26.4,22.3,19.8,90.9,X, ,X,낮음
9/14/2023,정읍(245),X,26.8,24.6,22.1,19.8,89.9,X, ,X,낮음
9/14/2023,남원(247),X,28,26.4,22.6,20.4,93.4,X, ,X,낮음
9/14/2023,장수(248),X,26.6,25.1,21.5,19,91.5,X, ,X,보통
9/14/2023,영광군(252),X,27.9,26.2,22.4,19.8,89.8,X, ,X,보통
9/14/2023,김해시(253),X,28.6,26.2,23.5,22,96,X, ,X,보통
9/14/2023,순창군(254),X,27.8,25.9,22.3,20.3,94.6,X, ,X,낮음
9/14/2023,양산시(257),X,28.5,26.4,24.1,22,88.3,X, ,X,보통
9/14/2023,강진군(259),X,27.1,24.3,22.4,21.1,96.1,X, ,X,보통
9/14/2023,장흥(260),X,27.6,24.4,22.2,20.9,98.4,X, ,X,보통
9/14/2023,해남(261),X,27.1,24.5,22.3,20.7,94.9,X, ,X,보통
9/14/2023,고흥(262),X,26.5,23.5,21.9,20.4,96.6,X, ,X,보통
9/14/2023,의령군(263),X,27.8,25.6,23.9,22.8,87.1,X, ,X,보통
9/14/2023,함양군(264),X,27,24.9,22.6,21.3,90.8,X, ,X,낮음
9/14/2023,진도군ASOS(268),X,26.6,24.1,22.2,20.6,93.3,X, ,X,낮음
9/14/2023,봉화(271),X,25.7,24.3,20.8,18.7,88.9,X, ,X,낮음
9/14/2023,영주(272),X,26.6,24.9,21.4,19.2,94.6,X, ,X,낮음
9/14/2023,문경(273),X,26.2,24,21.5,20,96.3,X, ,X,낮음
9/14/2023,청송군(276),X,27.5,25.5,21.7,19.8,95.5,X, ,X,낮음
9/14/2023,영덕(277),X,25.8,23.6,21.6,20,90.6,X, ,X,낮음
9/14/2023,의성(278),X,27.3,25,22.3,20.8,96.3,X, ,X,낮음
9/14/2023,구미(279),X,26.1,23.7,22.3,21,92.1,X, ,X,낮음
9/14/2023,영천(281),X,26.5,24.7,22.1,20.8,92.4,X, ,X,낮음
9/14/2023,경주시(283),X,26,23.4,22.4,21.5,90.8,X, ,X,보통
9/14/2023,거창(284),X,25.1,22.1,21.3,20.5,98.1,X, ,X,낮음
9/14/2023,합천(285),X,27,24.5,23,22.3,90.5,X, ,X,낮음
9/14/2023,밀양(288),X,27.1,25.1,23.4,22.1,84.3,X, ,X,보통
9/14/2023,산청(289),X,26.7,23.9,22.5,21.7,98.4,X, ,X,낮음
9/14/2023,거제(294),X,27.8,25.7,23.7,23,91.1,X, ,X,낮음
9/14/2023,남해(295),X,28.6,25.7,23.5,22.2,96.4,X, ,X,보통
9/14/2023,부천(433),X,26.8,26.5,22.2,17.7,69,X, ,X,보통
9/14/2023,안양(434),X,24.8,,23.1,,,X, ,X,보통
9/14/2023,광명(437),X,28.4,28.4,24.4,20.6,67,X, ,X,보통
9/14/2023,군포(438),X,27.3,27.1,23.1,19.5,70,X, ,X,보통
9/14/2023,김포(441),X,,27,22.9,18.2,,X, ,X,보통
9/14/2023,하남(444),X,27.2,26.7,22.2,17.6,73,X, ,X,보통
9/14/2023,의왕(445),X,27.2,26.3,21.7,17.9,83,X, ,X,보통
9/14/2023,포천(504),X,27.7,27.1,22.5,17.5,78,X, ,X,보통
9/14/2023,가평조종(505),X,27.7,27,21.4,17.1,85,X, ,X,보통
9/14/2023,안성(516),X,27.1,25.3,21.7,18.7,90,X, ,X,보통
9/14/2023,간성(517),X,25.9,23.7,20.4,18.2,91,X, ,X,낮음
9/14/2023,평창(526),X,25.3,23.9,20.3,18.1,82,X, ,X,낮음
9/14/2023,의정부(532),X,29.9,28.5,22.4,17.7,87,X, ,X,보통
9/14/2023,횡성(536),X,27.3,26.4,21.8,18.4,79,X, ,X,낮음
9/14/2023,고양(540),X,,,,,,X, ,X,보통
9/14/2023,남양주(541),X,28.6,29,23.1,18.2,71,X, ,X,보통
9/14/2023,안산(545),X,28.6,27.8,22.1,16.9,82,X, ,X,보통
9/14/2023,경기광주(546),X,26.3,26,21.8,17.7,76,X, ,X,보통
9/14/2023,여주(548),X,26,23.7,21,18,89,X, ,X,보통
9/14/2023,용인(549),X,26.6,26,21.5,17.9,79,X, ,X,보통
9/14/2023,오산(550),X,27.9,26.3,22.6,18.8,81,X, ,X,보통
9/14/2023,평택(551),X,27.1,24.8,22,19.2,90,X, ,X,보통
9/14/2023,화천(555),X,27.5,26.2,21.2,18.2,90,X, ,X,낮음
9/14/2023,양구(556),X,25.8,25.2,20.2,17.7,83,X, ,X,낮음
9/14/2023,시흥(565),X,28.9,28.4,23.2,18,78,X, ,X,보통
9/14/2023,구리(569),X,29,28.8,22.8,18.1,73,X, ,X,보통
9/14/2023,화성(571),X,28.1,27.2,23.2,18.7,78,X, ,X,보통
9/14/2023,성남(572),X,,,,,,X, ,X,보통
9/14/2023,과천(590),X,28,27.1,22.3,18.1,85,X, ,X,보통
9/14/2023,양주(598),X,29,27.8,22.1,17.2,83,X, ,X,보통
9/14/2023,단양(601),X,27.3,25.4,21.4,19.5,92,X, ,X,낮음
9/14/2023,진천(602),X,27,25.5,21.9,19.4,87,X, ,X,보통
9/14/2023,괴산(603),X,26.9,24.9,21.6,19.3,93,X, ,X,보통
9/14/2023,옥천(604),X,28.4,26.8,23.5,21,90,X, ,X,보통
9/14/2023,홍북(608),X,26.9,25.6,21.9,18.6,86,X, ,X,보통
9/14/2023,공주(612),X,27.6,25.9,22.1,19.3,89,X, ,X,보통
9/14/2023,서천(614),X,28.1,26.4,22.7,19.5,90,X, ,X,보통
9/14/2023,논산(615),X,29,27.7,23,19.8,88,X, ,X,보통
9/14/2023,당진(616),X,28.8,27.2,22.9,19.5,87,X, ,X,보통
9/14/2023,청양(618),X,27.4,25.5,21.9,19,91,X, ,X,보통
9/14/2023,음성(619),X,26,24.4,20.8,18.4,88,X, ,X,보통
9/14/2023,증평(623),X,27.8,25.2,22,19.5,93,X, ,X,보통
9/14/2023,태안(627),X,27.7,26.1,23.1,19.8,83,X, ,X,보통
9/14/2023,예산(628),X,27.8,26.1,22.8,19.6,87,X, ,X,보통
9/14/2023,아산(634),X,27.9,26.4,22.8,19.6,84,X, ,X,보통
9/14/2023,계룡(636),X,28.5,26.7,22,18.9,89,X, ,X,보통
9/14/2023,연천청산(652),X,27.8,27.5,22,17.1,80,X, ,X,보통
9/14/2023,양양(670),X,25.1,23.1,20.8,18.4,89,X, ,X,낮음
9/14/2023,무안(699),X,27.1,24.9,22.1,20.2,93,X, ,X,낮음
9/14/2023,무주(701),X,27.5,25.9,21.7,19.4,93,X, ,X,보통
9/14/2023,익산(702),X,27.8,26.4,22.8,20,88,X, ,X,보통
9/14/2023,진안(703),X,27.5,26.1,21.2,18.9,94,X, ,X,보통
9/14/2023,담양(706),X,29.4,26.8,23.2,20.6,94,X, ,X,낮음
9/14/2023,구례(709),X,28.6,26.5,23.3,21.5,96,X, ,X,보통
9/14/2023,나주(710),X,27.4,25,22.1,20.4,97,X, ,X,낮음
9/14/2023,순천시(712),X,29.1,26.1,24,22.3,97,X, ,X,보통
9/14/2023,광양읍(713),X,28.7,26.1,23.6,22.3,98,X, ,X,보통
9/14/2023,장성(730),X,28.4,27,22.4,19.9,92,X, ,X,낮음
9/14/2023,영암(731),X,27.6,24.7,22.6,20.7,98,X, ,X,낮음
9/14/2023,보성(732),X,26.2,23.4,21.6,20.1,96,X, ,X,보통
9/14/2023,완주(734),X,28.4,26.8,22.3,19.8,94,X, ,X,낮음
9/14/2023,김제(737),X,28.1,26.4,22.4,19.5,91,X, ,X,보통
9/14/2023,화순(741),X,27.7,25.4,22.3,20.5,90,X, ,X,낮음
9/14/2023,함평(754),X,27.8,26,22.4,20.3,94,X, ,X,낮음
9/14/2023,곡성(768),X,28.8,26.6,22.2,20.4,97,X, ,X,보통
9/14/2023,압해도(789),X,26.8,24.3,22.1,20.6,94,X, ,X,낮음
9/14/2023,영양(801),X,27,25.1,21.4,19.5,97,X, ,X,보통
9/14/2023,성주(810),X,27,24.9,22.8,21.4,90,X, ,X,낮음
9/14/2023,고령(812),X,27,23.7,22.4,21.5,99,X, ,X,낮음
9/14/2023,청도(813),X,27.4,25.2,22.6,21.3,91,X, ,X,낮음
9/14/2023,예천(815),X,26.3,24,21.5,19.9,94,X, ,X,낮음
9/14/2023,김천(822),X,26.5,23.8,21.9,20.4,97,X, ,X,낮음
9/14/2023,군위(823),X,26.9,24.7,22.3,20.9,96,X, ,X,낮음
9/14/2023,칠곡(825),X,27.6,24.3,22.6,21.2,100,X, ,X,낮음
9/14/2023,경산(827),X,26.9,24.6,22.7,21.6,92,X, ,X,낮음
9/14/2023,삼척(876),X,25.6,22.7,20.6,19.1,95,X, ,X,낮음
9/14/2023,속초(90),X,25.4,23.5,21.1,18.7,88,X, ,X,낮음
9/14/2023,삼천포(907),X,29,26.3,23.3,21.5,94,X, ,X,보통
9/14/2023,고성(918),X,28.3,25.9,24,22.8,93,X, ,X,낮음
9/14/2023,창녕(919),X,28.4,25.7,23.2,22.2,97,X, ,X,보통
9/14/2023,함안(920),X,27.5,24.6,23,22.2,98,X, ,X,보통
9/14/2023,북춘천(93),X,27,26.3,22.1,18.4,78.3,X, ,X,낮음
9/14/2023,하동(932),X,28.7,26.1,23.6,22.4,96,X, ,X,보통
9/14/2023,철원(95),X,27.2,26.6,21.7,17.5,79.8,X, ,X,낮음
9/14/2023,동두천(98),X,27.6,26.3,21.8,17.6,84.6,X, ,X,보통
9/14/2023,파주(99),X,28.3,27.5,22,17.2,83.9,X, ,X,보통
9/15/2023,북강릉(104),X,24.9,21.9,20.8,20,96.8,X, ,X,낮음
9/15/2023,동해(106),X,25.3,22.1,21.2,20.5,99,X, ,X,낮음
9/15/2023,서울(108),X,26.1,24.3,22.3,20.3,82.3,X, ,X,낮음
9/15/2023,인천(112),X,26.1,24.2,22.5,20.6,82,X, ,X,낮음
9/15/2023,원주(114),X,26,23.6,21.5,19.6,89.5,X, ,X,낮음
9/15/2023,울릉도(115),X,25.9,23.5,22.5,20.8,99.5,X, ,X,낮음
9/15/2023,수원(119),X,25.6,23.4,22.1,20.4,85.8,X, ,X,낮음
9/15/2023,영월(121),X,25.7,23.1,20.8,19.3,95,X, ,X,낮음
9/15/2023,충주(127),X,26.2,24,21.7,20,90.5,X, ,X,낮음
9/15/2023,서산(129),X,27.3,25,22.7,21,91.9,X, ,X,낮음
9/15/2023,울진(130),X,26.7,23.8,22,21,96.9,X, ,X,보통
9/15/2023,청주(131),X,26.9,25.2,22.9,21.2,86.5,X, ,X,보통
9/15/2023,대전(133),X,26.6,24.2,21.9,20.7,93.5,X, ,X,보통
9/15/2023,추풍령(135),X,25.2,22.7,21.2,20.2,91.6,X, ,X,보통
9/15/2023,안동(136),X,25.6,22.7,21.4,20.4,95,X, ,X,낮음
9/15/2023,상주(137),X,26,22.7,21.8,21,100,X, ,X,보통
9/15/2023,포항(138),X,26.6,24.4,23.1,22.1,89.3,X, ,X,보통
9/15/2023,군산(140),X,27.8,25.5,23,21.7,93.1,X, ,X,보통
9/15/2023,대구(143),X,27.3,24.9,22.8,21.3,92.3,X, ,X,낮음
9/15/2023,전주(146),X,28.2,25.6,23.2,21.8,96.4,X, ,X,낮음
9/15/2023,울산(152),X,27.8,25.8,23.4,21.7,89.3,X, ,X,보통
9/15/2023,창원(155),X,28.6,26.8,24.4,22,85.3,X, ,X,보통
9/15/2023,광주(156),X,31,27.7,23.9,21.5,98.8,X, ,X,낮음
9/15/2023,부산(159),X,29,26.8,24.7,22.8,80.4,X, ,X,보통
9/15/2023,통영(162),X,29.5,27.2,24.3,22.9,91.3,X, ,X,보통
9/15/2023,목포(165),X,30.9,29,24.8,21.6,90.8,X, ,X,낮음
9/15/2023,여수(168),X,28.4,26.2,24.5,22.5,88.1,X, ,X,낮음
9/15/2023,흑산도(169),X,27.2,24.1,22.3,20.7,98.4,X, ,X,보통
9/15/2023,완도(170),X,31.2,29.4,25.4,22.7,92.3,X,관심,X,보통
9/15/2023,고창(172),X,29.8,27.9,23.7,21.3,93,X, ,X,낮음
9/15/2023,제주(184),X,31.4,30.5,27.4,23.3,72.3,X,관심,X,매우높음
9/15/2023,진주(192),X,28.5,26.3,23.5,21.6,92.1,X, ,X,보통
9/15/2023,양평(202),X,25.4,23,21.2,19.2,90.4,X, ,X,보통
9/15/2023,이천(203),X,26.5,23.6,21,18.9,98.5,X, ,X,보통
9/15/2023,인제(211),X,24.5,21.9,20.2,19.2,91.3,X, ,X,낮음
9/15/2023,홍천(212),X,24.8,22.3,20.4,18.7,93,X, ,X,낮음
9/15/2023,태백(216),X,22.7,19.8,18.4,17.2,97.8,X, ,X,낮음
9/15/2023,정선군(217),X,25.4,23.1,20.6,18.9,90.5,X, ,X,낮음
9/15/2023,제천(221),X,25.4,22.5,20.8,19.2,96.9,X, ,X,낮음
9/15/2023,보은(226),X,25.5,23,21.6,20.2,93.8,X, ,X,보통
9/15/2023,천안(232),X,26.5,24.4,22,20.4,94.4,X, ,X,낮음
9/15/2023,보령(235),X,27.8,25.9,23.3,21.5,93.1,X, ,X,보통
9/15/2023,부여(236),X,27.6,25.4,22.8,21.5,95.4,X, ,X,보통
9/15/2023,금산(238),X,26.2,23.7,21.7,20.7,98,X, ,X,낮음
9/15/2023,세종(239),X,26.6,24.4,22.4,21.1,92.6,X, ,X,보통
9/15/2023,부안(243),X,28.5,26.6,23.2,21.9,95.3,X, ,X,낮음
9/15/2023,임실(244),X,28.5,26.6,22.8,21,93.5,X, ,X,보통
9/15/2023,정읍(245),X,29.8,28.2,23.3,21.7,91.1,X, ,X,낮음
9/15/2023,남원(247),X,29.5,28,23.4,21.2,90.6,X, ,X,낮음
9/15/2023,장수(248),X,27.5,25.7,21.9,20,94.1,X, ,X,낮음
9/15/2023,영광군(252),X,30,28.3,,,93,X, ,X,낮음
9/15/2023,김해시(253),X,30.2,27.4,24.4,22.6,92.9,X,관심,X,보통
9/15/2023,순창군(254),X,30.1,28.5,23.4,21.3,93.3,X, ,X,낮음
9/15/2023,양산시(257),X,30.8,28.4,25.1,23.7,87.1,X,관심,X,보통
9/15/2023,강진군(259),X,30.6,29.1,25.1,22.3,90,X,관심,X,낮음
9/15/2023,장흥(260),X,31.1,29.6,24.7,21.7,90.9,X,관심,X,낮음
9/15/2023,해남(261),X,31.6,30,25.2,22.4,89.9,X, ,X,낮음
9/15/2023,고흥(262),X,29.8,27.9,23.4,21.8,93.4,X, ,X,낮음
9/15/2023,의령군(263),X,28.5,26.7,24,22.1,86.4,X, ,X,보통
9/15/2023,함양군(264),X,27.5,25.4,22.9,21.3,89.8,X, ,X,낮음
9/15/2023,진도군ASOS(268),X,31.9,30.2,25.5,22.2,87.9,X,관심,X,낮음
9/15/2023,봉화(271),X,25.1,22.6,20.8,19.3,95.5,X, ,X,보통
9/15/2023,영주(272),X,26.1,23.1,21.1,19.7,98.9,X, ,X,보통
9/15/2023,문경(273),X,25.4,22.4,21.4,20.4,98.5,X, ,X,보통
9/15/2023,청송군(276),X,25.6,22.4,21.1,20.4,100,X, ,X,보통
9/15/2023,영덕(277),X,25.2,22,21.1,20.6,99.3,X, ,X,보통
9/15/2023,의성(278),X,26.4,23.4,22,21,99.9,X, ,X,보통
9/15/2023,구미(279),X,25.9,23.1,22.1,21.2,92.4,X, ,X,보통
9/15/2023,영천(281),X,27.2,24.7,22.3,20.8,97.1,X, ,X,낮음
9/15/2023,경주시(283),X,27.6,24.9,23.1,21.8,92.5,X, ,X,낮음
9/15/2023,거창(284),X,25.9,23.2,21.5,20.4,97.3,X, ,X,낮음
9/15/2023,합천(285),X,26.6,24.2,22.7,21.6,91.4,X, ,X,낮음
9/15/2023,밀양(288),X,28.3,27.2,24.5,22.1,82.4,X, ,X,보통
9/15/2023,산청(289),X,27.1,24.5,22.4,21.1,98,X, ,X,낮음
9/15/2023,거제(294),X,28.7,26.4,23.7,22.5,93.8,X, ,X,보통
9/15/2023,남해(295),X,27.6,24.9,23.5,22.2,94.8,X, ,X,보통
9/15/2023,부천(433),X,25.2,23.9,21.2,18.6,80,X, ,X,낮음
9/15/2023,안양(434),X,25.9,,22.2,,,X, ,X,낮음
9/15/2023,광명(437),X,26.3,24.8,23.1,20.9,79,X, ,X,낮음
9/15/2023,군포(438),X,25.4,23.6,22.2,20.1,82,X, ,X,낮음
9/15/2023,김포(441),X,,24.2,22.5,20.8,,X, ,X,낮음
9/15/2023,하남(444),X,24.9,23,20.8,18.4,86,X, ,X,낮음
9/15/2023,의왕(445),X,25.8,23,21.3,19.2,93,X, ,X,낮음
9/15/2023,포천(504),X,26.2,24.4,21.4,18.9,88,X, ,X,낮음
9/15/2023,가평조종(505),X,26,23.7,20.8,18.5,96,X, ,X,낮음
9/15/2023,안성(516),X,27,23.7,21,19.2,99,X, ,X,보통
9/15/2023,간성(517),X,24.2,21.2,20.3,19,95,X, ,X,낮음
9/15/2023,평창(526),X,25.2,22.8,20.5,18.3,88,X, ,X,낮음
9/15/2023,의정부(532),X,27.3,24.4,21.4,19,97,X, ,X,낮음
9/15/2023,횡성(536),X,25.5,22.9,21.3,18.9,90,X, ,X,낮음
9/15/2023,고양(540),X,,,,,,X, ,X,낮음
9/15/2023,남양주(541),X,26.1,24.5,22,19,83,X, ,X,낮음
9/15/2023,안산(545),X,26.5,24,21.5,19.6,94,X, ,X,낮음
9/15/2023,경기광주(546),X,24.8,22.2,20.6,18.9,90,X, ,X,낮음
9/15/2023,여주(548),X,25.4,22.2,20.7,18.7,97,X, ,X,낮음
9/15/2023,용인(549),X,24.9,22.6,20.7,18.7,94,X, ,X,낮음
9/15/2023,오산(550),X,26.3,23.7,21.8,19.7,92,X, ,X,낮음
9/15/2023,평택(551),X,26.5,23.2,21.5,19.7,100,X, ,X,낮음
9/15/2023,화천(555),X,25.9,22.8,20.4,18.4,97,X, ,X,낮음
9/15/2023,양구(556),X,24.3,21.8,19.8,17.7,93,X, ,X,낮음
9/15/2023,시흥(565),X,26.8,24.7,22.4,20.1,89,X, ,X,낮음
9/15/2023,구리(569),X,25.8,23.7,21.6,19,84,X, ,X,낮음
9/15/2023,화성(571),X,26.6,24.2,22.2,20.2,89,X, ,X,낮음
9/15/2023,성남(572),X,24.9,,,,,X, ,X,낮음
9/15/2023,과천(590),X,26,23.7,21.6,19.7,93,X, ,X,낮음
9/15/2023,양주(598),X,26.7,24.8,21.8,19.5,89,X, ,X,낮음
9/15/2023,단양(601),X,26,23.5,21.5,19.8,96,X, ,X,보통
9/15/2023,진천(602),X,26.7,24.6,22.1,20,90,X, ,X,보통
9/15/2023,괴산(603),X,26.2,23.7,21.5,20.1,96,X, ,X,보통
9/15/2023,옥천(604),X,27.8,25,23.5,22.3,95,X, ,X,보통
9/15/2023,홍북(608),X,26.5,24.3,21.7,20.3,95,X, ,X,낮음
9/15/2023,공주(612),X,26.8,24.6,22.3,21,94,X, ,X,보통
9/15/2023,서천(614),X,27.7,25.3,22.6,21.3,96,X, ,X,보통
9/15/2023,논산(615),X,27.9,25.8,22.9,21.7,94,X, ,X,보통
9/15/2023,당진(616),X,26.8,23.8,22.1,20.3,98,X, ,X,낮음
9/15/2023,청양(618),X,26.8,24.2,22.3,20.7,96,X, ,X,낮음
9/15/2023,음성(619),X,25.2,22.7,20.7,19,93,X, ,X,낮음
9/15/2023,증평(623),X,27,24.5,22.2,20.5,95,X, ,X,보통
9/15/2023,태안(627),X,27.2,24.6,22.8,21.4,92,X, ,X,낮음
9/15/2023,예산(628),X,27.4,25,22.7,20.8,94,X, ,X,낮음
9/15/2023,아산(634),X,26.5,23.9,22.1,20.2,94,X, ,X,낮음
9/15/2023,계룡(636),X,26.6,24.2,22,20.9,93,X, ,X,보통
9/15/2023,연천청산(652),X,26.3,24.9,21.6,19.3,86,X, ,X,낮음
9/15/2023,양양(670),X,24.7,21.9,20.8,19.5,95,X, ,X,낮음
9/15/2023,무안(699),X,30.7,29.1,24.4,21.4,91,X, ,X,낮음
9/15/2023,무주(701),X,28.1,25.9,22,20.5,95,X, ,X,낮음
9/15/2023,익산(702),X,27.7,25.3,23.1,21.6,94,X, ,X,보통
9/15/2023,진안(703),X,29,27.4,21.9,20,94,X, ,X,낮음
9/15/2023,담양(706),X,31.5,28.9,24,21.8,94,X,관심,X,낮음
9/15/2023,구례(709),X,30.9,29.3,24.3,22,94,X,관심,X,낮음
9/15/2023,나주(710),X,31.2,29.5,24,21.3,93,X,관심,X,낮음
9/15/2023,순천시(712),X,30.2,28.1,25.1,22.7,90,X,관심,X,낮음
9/15/2023,광양읍(713),X,30.5,29.3,24.7,22.1,91,X, ,X,낮음
9/15/2023,장성(730),X,29.5,27.8,23.5,21.4,94,X, ,X,낮음
9/15/2023,영암(731),X,32.8,31.2,25.1,22.1,92,X,관심,X,낮음
9/15/2023,보성(732),X,29.4,27.3,23.5,21.1,92,X, ,X,낮음
9/15/2023,완주(734),X,27.3,24.7,22.6,21,97,X, ,X,낮음
9/15/2023,김제(737),X,28.1,26,22.9,21.4,95,X, ,X,낮음
9/15/2023,화순(741),X,31.4,30.1,24.2,21.6,88,X,관심,X,낮음
9/15/2023,함평(754),X,30.2,28.4,24.1,21.6,94,X, ,X,낮음
9/15/2023,곡성(768),X,31,29.1,23.4,21.2,95,X,관심,X,낮음
9/15/2023,압해도(789),X,31.8,29.7,24.4,21.9,92,X,관심,X,낮음
9/15/2023,영양(801),X,25.6,22.4,21,20,99,X, ,X,낮음
9/15/2023,성주(810),X,26.1,23.4,22.4,21.6,94,X, ,X,보통
9/15/2023,고령(812),X,26.2,23,22.1,21.2,99,X, ,X,낮음
9/15/2023,청도(813),X,27.3,24.9,23,21.2,94,X, ,X,보통
9/15/2023,예천(815),X,26.1,23.1,21.5,20.3,96,X, ,X,보통
9/15/2023,김천(822),X,26.4,23.6,21.9,20.8,99,X, ,X,보통
9/15/2023,군위(823),X,26.1,23.1,22.1,21.2,97,X, ,X,낮음
9/15/2023,칠곡(825),X,26.6,23.3,22.4,21.6,100,X, ,X,보통
9/15/2023,경산(827),X,27.4,24.8,22.9,21.3,94,X, ,X,낮음
9/15/2023,삼척(876),X,25.3,22.3,21.2,20.5,96,X, ,X,낮음
9/15/2023,속초(90),X,24.7,21.8,21,19.7,91.9,X, ,X,낮음
9/15/2023,삼천포(907),X,30.4,27.7,23.6,21.7,95,X, ,X,보통
9/15/2023,고성(918),X,29.1,26.8,24.2,22.1,92,X, ,X,낮음
9/15/2023,창녕(919),X,27.5,24.7,23.1,21.8,97,X, ,X,낮음
9/15/2023,함안(920),X,27.9,25.4,23,21.5,97,X, ,X,보통
9/15/2023,북춘천(93),X,25.5,22.9,20.7,19.1,94.6,X, ,X,낮음
9/15/2023,하동(932),X,29.4,27.4,23.9,21.9,91,X, ,X,보통
9/15/2023,철원(95),X,26.1,24.3,21.2,19.7,87.6,X, ,X,낮음
9/15/2023,동두천(98),X,26.6,24.5,21.5,18.8,89.5,X, ,X,낮음
9/15/2023,파주(99),X,25.8,23.2,20.9,19.3,93,X, ,X,낮음
9/16/2023,북강릉(104),X,25.4,22.9,21.2,20.3,96.4,X, ,X,낮음
9/16/2023,동해(106),X,26.5,23.3,22,21.1,99,X, ,X,낮음
9/16/2023,서울(108),X,28.5,26.6,23.9,22,87.8,X, ,X,보통
9/16/2023,인천(112),X,28.6,26.8,23.9,21.7,87.1,X, ,X,보통
9/16/2023,원주(114),X,28.9,27.6,23.6,21.5,88.9,X, ,X,낮음
9/16/2023,울릉도(115),X,29,26.8,24.3,22,94.6,X, ,X,높음
9/16/2023,수원(119),X,28.4,26.7,23.8,21.8,89.8,X, ,X,보통
9/16/2023,영월(121),X,29.7,28.1,22.6,20.6,93.4,X, ,X,낮음
9/16/2023,충주(127),X,30.1,28.5,23.3,21.5,89.3,X, ,X,낮음
9/16/2023,서산(129),X,29.1,27.3,23.7,22.1,92.5,X, ,X,보통
9/16/2023,울진(130),X,28.2,26.1,23,20.1,93.3,X, ,X,보통
9/16/2023,청주(131),X,29.6,28.3,23.9,21.7,86.8,X, ,X,낮음
9/16/2023,대전(133),X,28.6,26.5,22.5,21,93.8,X, ,X,낮음
9/16/2023,추풍령(135),X,28.3,26.3,22.3,21.1,91.3,X, ,X,보통
9/16/2023,안동(136),X,28.7,26.6,22.9,21.2,94,X, ,X,높음
9/16/2023,상주(137),X,28.6,26.1,22.9,21.6,98,X, ,X,보통
9/16/2023,포항(138),X,27.6,25.5,23.9,22.5,89.6,X, ,X,보통
9/16/2023,군산(140),X,29.5,27.4,23.6,22.2,93.9,X, ,X,낮음
9/16/2023,대구(143),X,27.5,24.5,23.1,22.2,94.6,X, ,X,보통
9/16/2023,전주(146),X,30.2,28.8,24,22.6,93,X, ,X,보통
9/16/2023,울산(152),X,27.5,25.1,23.2,21.7,94,X, ,X,보통
9/16/2023,창원(155),X,27.6,24.8,23.6,22.2,92.6,X,관심,X,보통
9/16/2023,광주(156),X,30.5,27.1,23.7,22.7,99,X,관심,X,보통
9/16/2023,부산(159),X,28.5,25.8,23.9,22.9,89.1,X,관심,X,보통
9/16/2023,통영(162),X,30.2,27.5,23.8,23.2,96.6,X,관심,X,보통
9/16/2023,목포(165),X,29.7,26.9,24.3,22.5,95.9,X, ,X,낮음
9/16/2023,여수(168),X,27.8,24.9,24.4,23.6,94.3,X, ,X,높음
9/16/2023,흑산도(169),X,28.6,25.4,22.9,21.2,94.8,X, ,X,보통
9/16/2023,완도(170),X,28.8,25.6,24.7,23.5,98,X,관심,X,높음
9/16/2023,고창(172),X,30.9,29.1,24.1,22.3,92.1,X, ,X,보통
9/16/2023,제주(184),X,29.1,27.3,25.6,23.6,82.5,X,관심,X,보통
9/16/2023,진주(192),X,27.5,24.3,23.5,23,96.9,X, ,X,보통
9/16/2023,양평(202),X,28,26.4,23,21.2,91.8,X, ,X,보통
9/16/2023,이천(203),X,28.9,26.5,23.1,21.2,96.8,X, ,X,보통
9/16/2023,인제(211),X,27.8,26.1,21.7,19.5,93.1,X, ,X,낮음
9/16/2023,홍천(212),X,28.1,26.2,22.5,20.1,92.1,X, ,X,낮음
9/16/2023,태백(216),X,27.3,26,20.6,18.2,94.1,X, ,X,낮음
9/16/2023,정선군(217),X,30.5,29.6,23,20.1,87.6,X, ,X,낮음
9/16/2023,제천(221),X,28.4,26.1,22.3,20.4,97.5,X, ,X,낮음
9/16/2023,보은(226),X,28,25.9,22.4,20.9,95.5,X, ,X,낮음
9/16/2023,천안(232),X,28.5,26.4,23.1,21.8,95.1,X, ,X,낮음
9/16/2023,보령(235),X,29.1,26.9,23.7,22.6,94.8,X, ,X,낮음
9/16/2023,부여(236),X,29.3,27.4,23.4,22,95.8,X, ,X,낮음
9/16/2023,금산(238),X,29.8,27.9,22.7,21.1,95.9,X, ,X,높음
9/16/2023,세종(239),X,29.1,27.1,22.9,21.2,94.1,X, ,X,낮음
9/16/2023,부안(243),X,30,28.3,23.6,22.4,95.3,X, ,X,낮음
9/16/2023,임실(244),X,28.3,26.1,22.9,21.4,93.5,X, ,X,보통
9/16/2023,정읍(245),X,30.2,28.5,23.8,22.5,90.6,X, ,X,보통
9/16/2023,남원(247),X,29.1,27.4,23.2,21.8,93.4,X, ,X,보통
9/16/2023,장수(248),X,28.2,26.6,22,19.8,95.5,X, ,X,낮음
9/16/2023,영광군(252),X,30.1,28.2,24.2,22.7,92.4,X, ,X,보통
9/16/2023,김해시(253),X,28.8,25.4,23.6,22.2,99.9,X,관심,X,보통
9/16/2023,순창군(254),X,29.5,27.3,23.1,21.6,97.1,X, ,X,낮음
9/16/2023,양산시(257),X,29.3,26.3,24.1,23,98,X,관심,X,높음
9/16/2023,강진군(259),X,28.9,25.8,24.1,23,98.9,X,관심,X,보통
9/16/2023,장흥(260),X,28.7,25.4,23.9,21.9,98.6,X, ,X,보통
9/16/2023,해남(261),X,28.8,25.8,23.9,22.4,94.9,X,관심,X,보통
9/16/2023,고흥(262),X,28.9,26.1,23.7,22.5,97.4,X,관심,X,낮음
9/16/2023,의령군(263),X,27.6,25,23.9,23.5,90.4,X, ,X,높음
9/16/2023,함양군(264),X,29,27.3,23.3,21.8,89.9,X, ,X,보통
9/16/2023,진도군ASOS(268),X,30.2,27.9,24.2,22.3,94.8,X, ,X,보통
9/16/2023,봉화(271),X,27.6,26.1,22.4,20.5,92.4,X, ,X,보통
9/16/2023,영주(272),X,28.1,25.7,22.4,20.7,97.8,X, ,X,보통
9/16/2023,문경(273),X,27.8,25.2,22.6,21,97.4,X, ,X,보통
9/16/2023,청송군(276),X,28.7,25.8,22.4,20.1,97.1,X, ,X,보통
9/16/2023,영덕(277),X,29.4,27.5,22.6,20,95,X, ,X,보통
9/16/2023,의성(278),X,29,27,23.1,21,96.1,X, ,X,보통
9/16/2023,구미(279),X,28.5,26.8,23.2,22.2,91.8,X, ,X,보통
9/16/2023,영천(281),X,27.3,24.3,22.6,21.3,98.9,X, ,X,보통
9/16/2023,경주시(283),X,27.7,25,23.5,22.3,93.9,X, ,X,보통
9/16/2023,거창(284),X,28.4,26.3,22.1,20.8,96.1,X, ,X,보통
9/16/2023,합천(285),X,27.3,24.5,23.1,22.5,92.6,X, ,X,보통
9/16/2023,밀양(288),X,27.3,24.6,23.7,23.1,91.4,X, ,X,보통
9/16/2023,산청(289),X,28.2,25.4,22.9,21.9,98.4,X, ,X,보통
9/16/2023,거제(294),X,30.2,27.1,23.4,22.4,97.9,X,관심,X,보통
9/16/2023,남해(295),X,27.9,24.8,23.7,23.3,97.9,X, ,X,높음
9/16/2023,부천(433),X,27,25.7,22.7,20.6,88,X, ,X,보통
9/16/2023,안양(434),X,,,,,,X, ,X,보통
9/16/2023,광명(437),X,28.6,27.2,24.4,22.7,85,X, ,X,보통
9/16/2023,군포(438),X,27.8,26.1,23.3,21.8,89,X, ,X,보통
9/16/2023,김포(441),X,,27.2,23.5,21.5,,X, ,X,보통
9/16/2023,하남(444),X,26.9,24.9,22.4,20.4,91,X, ,X,보통
9/16/2023,의왕(445),X,28.3,26,23,21.3,93,X, ,X,보통
9/16/2023,포천(504),X,29.5,27.9,23.4,21,89,X, ,X,보통
9/16/2023,가평조종(505),X,28.6,26.4,22.8,20.5,96,X, ,X,보통
9/16/2023,안성(516),X,29.9,27.4,22.9,21.1,98,X, ,X,낮음
9/16/2023,간성(517),X,25.4,22.9,21.2,19.7,95,X, ,X,낮음
9/16/2023,평창(526),X,28.2,26.8,22.4,20.3,88,X, ,X,낮음
9/16/2023,의정부(532),X,29.3,26.4,23,21,97,X, ,X,보통
9/16/2023,횡성(536),X,29.3,28.3,23.1,20.9,90,X, ,X,낮음
9/16/2023,고양(540),X,,,,,,X, ,X,보통
9/16/2023,남양주(541),X,28.8,27.1,23.3,20.9,90,X, ,X,보통
9/16/2023,안산(545),X,28.6,26.4,23.2,20.9,94,X, ,X,보통
9/16/2023,경기광주(546),X,27.8,25.2,22.5,20.7,95,X, ,X,보통
9/16/2023,여주(548),X,27.9,25.3,22.4,20.7,97,X, ,X,보통
9/16/2023,용인(549),X,27.7,26,22.5,20.8,93,X, ,X,보통
9/16/2023,오산(550),X,29.6,27.7,23.4,21.4,95,X, ,X,보통
9/16/2023,평택(551),X,30,27.2,23.6,21.9,98,X, ,X,보통
9/16/2023,화천(555),X,28.7,25.8,22.5,20.4,97,X, ,X,낮음
9/16/2023,양구(556),X,27.3,25.5,22.3,20,91,X, ,X,낮음
9/16/2023,시흥(565),X,29.1,27.3,23.9,21.6,92,X, ,X,보통
9/16/2023,구리(569),X,28,26.2,23.2,21.1,89,X, ,X,보통
9/16/2023,화성(571),X,29,27,23.7,21.9,93,X, ,X,보통
9/16/2023,성남(572),X,,,,,,X, ,X,보통
9/16/2023,과천(590),X,28.4,26.1,23.4,21.6,95,X, ,X,보통
9/16/2023,양주(598),X,29.7,27.7,23.3,21,93,X, ,X,보통
9/16/2023,단양(601),X,29.6,27.7,23,21.1,94,X, ,X,보통
9/16/2023,진천(602),X,29.3,28.3,23.6,22,89,X, ,X,낮음
9/16/2023,괴산(603),X,29.9,28.2,22.8,21,95,X, ,X,낮음
9/16/2023,옥천(604),X,31,29.2,24.1,22.8,96,X, ,X,낮음
9/16/2023,홍북(608),X,28.6,26.8,22.6,21.2,97,X, ,X,보통
9/16/2023,공주(612),X,29,27.1,23,21.4,95,X, ,X,낮음
9/16/2023,서천(614),X,30,27.8,23.1,21.6,96,X, ,X,낮음
9/16/2023,논산(615),X,30.5,29,23.7,22.3,94,X, ,X,낮음
9/16/2023,당진(616),X,29.5,26.9,23.5,21.9,98,X, ,X,보통
9/16/2023,청양(618),X,30.3,28.6,23.4,21.5,94,X, ,X,낮음
9/16/2023,음성(619),X,28.1,26.4,22.1,20.6,93,X, ,X,낮음
9/16/2023,증평(623),X,29.5,27.6,23.2,21.6,95,X, ,X,낮음
9/16/2023,태안(627),X,29.7,27.2,23.4,22.1,94,X, ,X,보통
9/16/2023,예산(628),X,28.9,26.5,23.5,22,95,X, ,X,낮음
9/16/2023,아산(634),X,28.7,26.7,23.6,22,93,X, ,X,낮음
9/16/2023,계룡(636),X,28.6,26.3,22.7,21.1,96,X, ,X,낮음
9/16/2023,연천청산(652),X,28.7,27.1,23,20.8,90,X, ,X,보통
9/16/2023,양양(670),X,25.8,23.4,21.6,20.5,93,X, ,X,낮음
9/16/2023,무안(699),X,30.3,27.8,24,22.5,95,X, ,X,낮음
9/16/2023,무주(701),X,29.7,28.2,22.6,20.6,94,X, ,X,낮음
9/16/2023,익산(702),X,29.7,28.1,23.8,22.2,93,X, ,X,낮음
9/16/2023,진안(703),X,28.7,26.4,22.1,20,96,X, ,X,보통
9/16/2023,담양(706),X,31.2,28.1,24,22.7,95,X, ,X,낮음
9/16/2023,구례(709),X,29.2,26.5,23.5,22.5,99,X,관심,X,높음
9/16/2023,나주(710),X,30,27.5,23.5,22.1,99,X, ,X,보통
9/16/2023,순천시(712),X,29.4,26.4,24.4,23.1,97,X,관심,X,보통
9/16/2023,광양읍(713),X,29.4,26.4,24,22.4,100,X, ,X,보통
9/16/2023,장성(730),X,30.3,28.2,23.7,22.5,96,X, ,X,보통
9/16/2023,영암(731),X,31.7,29.4,24.9,23.2,96,X,관심,X,보통
9/16/2023,보성(732),X,29.7,26.8,23.5,22.7,97,X,관심,X,보통
9/16/2023,완주(734),X,30.2,28.3,23.5,21.6,96,X, ,X,보통
9/16/2023,김제(737),X,30.2,28.3,23.3,22.2,94,X, ,X,낮음
9/16/2023,화순(741),X,29.7,27.3,23.6,22.4,91,X, ,X,낮음
9/16/2023,함평(754),X,30.2,28,24,22.6,97,X, ,X,보통
9/16/2023,곡성(768),X,29.7,27.2,23.1,21.5,98,X,관심,X,보통
9/16/2023,압해도(789),X,30.3,27.6,24.2,22.3,96,X, ,X,높음
9/16/2023,영양(801),X,29.2,26.7,22.6,19.8,96,X, ,X,높음
9/16/2023,성주(810),X,28.4,26.4,23.2,22.3,93,X, ,X,보통
9/16/2023,고령(812),X,27.3,24,22.7,22.1,99,X, ,X,보통
9/16/2023,청도(813),X,27.6,24.8,23,22.3,97,X, ,X,보통
9/16/2023,예천(815),X,28.8,26.9,22.8,21.2,94,X, ,X,보통
9/16/2023,김천(822),X,28.8,26.5,22.8,21.7,97,X, ,X,보통
9/16/2023,군위(823),X,28.5,26.1,23.2,21.7,96,X, ,X,낮음
9/16/2023,칠곡(825),X,29.5,26.5,23.5,22.6,99,X, ,X,보통
9/16/2023,경산(827),X,27.5,24.4,23.1,22.5,97,X, ,X,보통
9/16/2023,삼척(876),X,26.3,23.5,22,21,94,X, ,X,낮음
9/16/2023,속초(90),X,25.7,23.2,21.5,20.2,93.5,X, ,X,낮음
9/16/2023,삼천포(907),X,28.9,25.7,23.9,22.9,97,X, ,X,보통
9/16/2023,고성(918),X,28.2,25,23.5,22.2,99,X, ,X,낮음
9/16/2023,창녕(919),X,28.2,24.9,23.5,22.8,100,X,관심,X,보통
9/16/2023,함안(920),X,27.7,24.5,23.1,22.4,100,X,관심,X,보통
9/16/2023,북춘천(93),X,28.1,25.6,22.5,20.6,95,X, ,X,낮음
9/16/2023,하동(932),X,28.6,25.3,23.5,22.6,97,X,관심,X,보통
9/16/2023,철원(95),X,28.7,27.1,22.6,20.2,94,X, ,X,낮음
9/16/2023,동두천(98),X,29.6,27.4,23.1,20.8,94.3,X, ,X,보통
9/16/2023,파주(99),X,29.5,27.7,22.8,20.5,95.1,X, ,X,보통
9/17/2023,북강릉(104),X,26.9,24.7,21.8,20.5,93.4,X, ,X,낮음
9/17/2023,동해(106),X,28.3,25.4,22.8,21.6,97.5,X, ,X,낮음
9/17/2023,서울(108),X,29.6,28,24.7,22,84.8,X, ,X,보통
9/17/2023,인천(112),X,29.1,27.3,24.2,22,87.1,X, ,X,보통
9/17/2023,원주(114),X,29.2,28.9,24.7,22.2,78.6,X, ,X,낮음
9/17/2023,울릉도(115),X,28.2,25,23.4,21.6,93.5,X, ,X,낮음
9/17/2023,수원(119),X,29.9,29.1,24.7,22.1,83.1,X, ,X,보통
9/17/2023,영월(121),X,28.7,27.5,23.5,21.2,87.6,X, ,X,낮음
9/17/2023,충주(127),X,29.6,28.7,24.4,21,84.4,X, ,X,보통
9/17/2023,서산(129),X,30,28.8,24.3,21.2,86.9,X, ,X,보통
9/17/2023,울진(130),X,28.6,26,23.4,22.1,93,X, ,X,보통
9/17/2023,청주(131),X,30,29.4,25.3,22.6,79.9,X, ,X,보통
9/17/2023,대전(133),X,29.8,28.6,24.4,21.3,83.4,X, ,X,보통
9/17/2023,추풍령(135),X,28.7,27.2,23.3,20.6,88.5,X, ,X,보통
9/17/2023,안동(136),X,30.3,28.9,24.5,21.8,89.5,X, ,X,보통
9/17/2023,상주(137),X,30.4,28.7,24.6,22.2,90.1,X, ,X,보통
9/17/2023,포항(138),X,29.4,27.9,24.6,22.6,86.3,X, ,X,낮음
9/17/2023,군산(140),X,29.4,27.7,24.3,22.2,88.9,X, ,X,보통
9/17/2023,대구(143),X,29.4,27.9,24.6,21.9,87,X, ,X,보통
9/17/2023,전주(146),X,30.3,29.1,25,22.1,85.3,X, ,X,보통
9/17/2023,울산(152),X,28.8,26.8,23.3,21.3,91.1,X, ,X,보통
9/17/2023,창원(155),X,29.8,27.6,24.5,22.6,88.1,X, ,X,보통
9/17/2023,광주(156),X,31.3,28.7,24.7,22.2,95.4,X, ,X,보통
9/17/2023,부산(159),X,28.3,26.1,24.1,22.1,86.1,X, ,X,낮음
9/17/2023,통영(162),X,29.7,27.5,24.3,23.3,91.3,X, ,X,보통
9/17/2023,목포(165),X,29.7,28.5,24.9,22.6,87.1,X, ,X,보통
9/17/2023,여수(168),X,29.3,26.8,25,23.1,89.5,X, ,X,보통
9/17/2023,흑산도(169),X,28.6,26.4,23.1,21.1,91.6,X, ,X,보통
9/17/2023,완도(170),X,30.2,28.7,25.3,22.6,87.9,X, ,X,보통
9/17/2023,고창(172),X,30.1,29,24.1,21.7,90.3,X, ,X,보통
9/17/2023,제주(184),X,28.2,26.9,24.3,22.2,83.4,X, ,X,보통
9/17/2023,진주(192),X,30.2,28,24.5,22.5,91.1,X, ,X,보통
9/17/2023,양평(202),X,28.7,27.7,24,22,89.3,X, ,X,보통
9/17/2023,이천(203),X,30.2,28.7,24.6,21.6,89,X, ,X,보통
9/17/2023,인제(211),X,29.1,28.3,23.1,20.6,87,X, ,X,낮음
9/17/2023,홍천(212),X,29.1,27.9,23.7,21.4,88.1,X, ,X,낮음
9/17/2023,태백(216),X,26.8,26.1,20.8,19,89.8,X, ,X,낮음
9/17/2023,정선군(217),X,29.8,29.2,23.8,21,82.8,X, ,X,낮음
9/17/2023,제천(221),X,28.7,27.5,23.2,20.8,90.9,X, ,X,보통
9/17/2023,보은(226),X,28.9,27.5,23.7,21.2,90.4,X, ,X,보통
9/17/2023,천안(232),X,29.4,28.3,24.1,21.6,88.1,X, ,X,보통
9/17/2023,보령(235),X,29.5,28.2,24.2,21.9,88.6,X, ,X,보통
9/17/2023,부여(236),X,30.1,28.7,24.7,21.7,87.5,X, ,X,보통
9/17/2023,금산(238),X,29.2,27.9,23,20.7,92.3,X, ,X,보통
9/17/2023,세종(239),X,30.2,28.8,24.3,21.5,87.1,X, ,X,보통
9/17/2023,부안(243),X,29.4,27.7,24.3,22.1,89.8,X, ,X,보통
9/17/2023,임실(244),X,28.9,27.4,23.8,20.7,87.3,X, ,X,보통
9/17/2023,정읍(245),X,30.1,29.2,24.3,21.8,86.1,X, ,X,보통
9/17/2023,남원(247),X,29.6,28.8,24.6,21.3,86.1,X, ,X,보통
9/17/2023,장수(248),X,28,27,22.7,19.6,88.8,X, ,X,보통
9/17/2023,영광군(252),X,30.6,29.2,24.7,22,86,X, ,X,보통
9/17/2023,김해시(253),X,30.6,27.5,24,22,97,X, ,X,낮음
9/17/2023,순창군(254),X,30,29.1,24.7,21.7,86.4,X, ,X,보통
9/17/2023,양산시(257),X,30.4,27.4,24.3,22.5,97.8,X, ,X,낮음
9/17/2023,강진군(259),X,31.1,30.4,25.5,22.6,89.1,X, ,X,보통
9/17/2023,장흥(260),X,31,30.1,25.1,22,87.6,X, ,X,보통
9/17/2023,해남(261),X,31.3,30.6,25.2,22.6,87.3,X, ,X,보통
9/17/2023,고흥(262),X,29.5,28,24.3,22.1,89.1,X, ,X,보통
9/17/2023,의령군(263),X,30.5,28.8,25.3,22.5,84.1,X, ,X,보통
9/17/2023,함양군(264),X,29.7,28.8,24.5,21.5,84.9,X, ,X,보통
9/17/2023,진도군ASOS(268),X,30.1,29.1,24.1,20.8,88.4,X, ,X,높음
9/17/2023,봉화(271),X,27.7,26.4,22.6,21,90.3,X, ,X,보통
9/17/2023,영주(272),X,28.6,26.4,23.2,21.4,94.4,X, ,X,보통
9/17/2023,문경(273),X,29.8,28.2,23.9,21.6,93.8,X, ,X,보통
9/17/2023,청송군(276),X,30.4,29.2,23.7,21.3,92.6,X, ,X,보통
9/17/2023,영덕(277),X,29.4,27.9,23.3,21.6,93.3,X, ,X,보통
9/17/2023,의성(278),X,30.2,29.1,24.5,21.9,91.3,X, ,X,보통
9/17/2023,구미(279),X,30,28.7,24.8,22.2,84.3,X, ,X,보통
9/17/2023,영천(281),X,29,27.6,23.8,21.8,91,X, ,X,보통
9/17/2023,경주시(283),X,30.4,28.8,24,21.4,90.8,X, ,X,낮음
9/17/2023,거창(284),X,29.1,27.6,23.6,21,89.1,X, ,X,보통
9/17/2023,합천(285),X,29.5,28.2,24.7,22.5,87,X, ,X,보통
9/17/2023,밀양(288),X,29,27.9,24.4,21.7,84,X, ,X,낮음
9/17/2023,산청(289),X,29.5,27.4,24.2,21.6,91.4,X, ,X,보통
9/17/2023,거제(294),X,29.5,27.1,24.2,22.6,90.1,X, ,X,낮음
9/17/2023,남해(295),X,29.5,27.3,24.5,22.9,91.6,X, ,X,보통
9/17/2023,부천(433),X,27.8,26.6,22.9,20.3,85,X, ,X,보통
9/17/2023,안양(434),X,,,,,,X, ,X,보통
9/17/2023,광명(437),X,30.1,29.2,25.3,22.7,81,X, ,X,보통
9/17/2023,군포(438),X,30.2,29.8,24.8,21.6,79,X, ,X,보통
9/17/2023,김포(441),X,,28,23.9,21.2,,X, ,X,보통
9/17/2023,하남(444),X,29.2,28,23,20.9,89,X, ,X,보통
9/17/2023,의왕(445),X,29.7,28.7,24.2,21.3,84,X, ,X,보통
9/17/2023,포천(504),X,30.3,29.3,24.2,20.9,86,X, ,X,보통
9/17/2023,가평조종(505),X,29.6,28.2,23.3,20.7,93,X, ,X,보통
9/17/2023,안성(516),X,29.6,28.7,24.6,21.5,87,X, ,X,보통
9/17/2023,간성(517),X,25.6,23,21.5,19.8,95,X, ,X,낮음
9/17/2023,평창(526),X,28.7,27.8,23.1,21,83,X, ,X,낮음
9/17/2023,의정부(532),X,30.5,28.2,23.8,21,95,X, ,X,보통
9/17/2023,횡성(536),X,29.9,29.5,24.2,21.2,84,X, ,X,낮음
9/17/2023,고양(540),X,,,,,,X, ,X,보통
9/17/2023,남양주(541),X,31,29.5,24.2,21.3,88,X, ,X,보통
9/17/2023,안산(545),X,30.1,28.7,23.5,20.6,90,X, ,X,보통
9/17/2023,경기광주(546),X,28.9,28.5,24.1,21.4,84,X, ,X,보통
9/17/2023,여주(548),X,29.2,28.1,24,21,89,X, ,X,보통
9/17/2023,용인(549),X,28.8,28.1,23.9,21.1,83,X, ,X,보통
9/17/2023,오산(550),X,30.3,28.9,24.8,21.9,85,X, ,X,보통
9/17/2023,평택(551),X,30.9,30.4,24.9,21.9,87,X, ,X,보통
9/17/2023,화천(555),X,29.8,27.7,22.8,20.4,96,X, ,X,낮음
9/17/2023,양구(556),X,28.4,27.7,23,20.2,85,X, ,X,낮음
9/17/2023,시흥(565),X,29.9,28.9,24.4,21.2,86,X, ,X,보통
9/17/2023,구리(569),X,30.7,29.8,24.1,21.3,86,X, ,X,보통
9/17/2023,화성(571),X,29.8,28.7,24.5,21.6,87,X, ,X,보통
9/17/2023,성남(572),X,,,,,,X, ,X,보통
9/17/2023,과천(590),X,30.6,29.5,24.5,21.4,87,X, ,X,보통
9/17/2023,양주(598),X,29.9,28.3,23.7,21.1,91,X, ,X,보통
9/17/2023,단양(601),X,29.8,28.7,24,21.6,90,X, ,X,보통
9/17/2023,진천(602),X,30,29.8,24.8,21.3,81,X, ,X,보통
9/17/2023,괴산(603),X,29.8,28.6,24,21.4,89,X, ,X,보통
9/17/2023,옥천(604),X,30.7,29.6,25.4,22.7,89,X, ,X,보통
9/17/2023,홍북(608),X,30.1,29.2,23.5,20.9,90,X, ,X,보통
9/17/2023,공주(612),X,30.1,28.9,24.4,21.4,87,X, ,X,보통
9/17/2023,서천(614),X,29.2,27.5,23.6,21.4,92,X, ,X,보통
9/17/2023,논산(615),X,30.6,29.7,25.2,21.7,83,X, ,X,보통
9/17/2023,당진(616),X,30.2,28.7,24.2,21.2,92,X, ,X,보통
9/17/2023,청양(618),X,30,28.8,23.8,21.1,89,X, ,X,보통
9/17/2023,음성(619),X,28.7,27.6,23.2,20.6,88,X, ,X,보통
9/17/2023,증평(623),X,30,28.4,24.2,21.7,90,X, ,X,보통
9/17/2023,태안(627),X,30.9,29,24.1,21,90,X, ,X,보통
9/17/2023,예산(628),X,30.2,29.1,24,21.7,89,X, ,X,보통
9/17/2023,아산(634),X,30.2,29,24.2,21.5,88,X, ,X,보통
9/17/2023,계룡(636),X,29.3,28,23.7,21.1,92,X, ,X,보통
9/17/2023,연천청산(652),X,29.2,28.3,23.5,21.1,88,X, ,X,보통
9/17/2023,양양(670),X,26.9,24.9,22,20.3,91,X, ,X,낮음
9/17/2023,무안(699),X,30.7,29.5,24.7,22,89,X, ,X,보통
9/17/2023,무주(701),X,30,29.4,23.9,20.7,87,X, ,X,보통
9/17/2023,익산(702),X,29.7,28.8,24.7,21.4,85,X, ,X,보통
9/17/2023,진안(703),X,28.5,27.3,23.1,19.9,88,X, ,X,보통
9/17/2023,담양(706),X,31.2,29.7,25.2,21.9,89,X, ,X,보통
9/17/2023,구례(709),X,31.2,30,24.6,21.7,92,X, ,X,보통
9/17/2023,나주(710),X,30.8,29.5,24.8,21.8,91,X, ,X,보통
9/17/2023,순천시(712),X,31,29.1,25.3,22.8,93,X, ,X,높음
9/17/2023,광양읍(713),X,30.8,29.5,25.4,22.7,90,X, ,X,보통
9/17/2023,장성(730),X,30.2,29.5,24.3,21.9,89,X, ,X,보통
9/17/2023,영암(731),X,31.8,30.8,25.5,22.4,88,X, ,X,보통
9/17/2023,보성(732),X,29.1,28.4,24.2,21.7,89,X, ,X,보통
9/17/2023,완주(734),X,30.3,28.5,24.4,21.3,90,X, ,X,보통
9/17/2023,김제(737),X,29.9,28.3,24.6,22,87,X, ,X,보통
9/17/2023,화순(741),X,30.9,30,24.6,22.2,87,X, ,X,보통
9/17/2023,함평(754),X,31.3,30.1,24.8,22.3,89,X, ,X,보통
9/17/2023,곡성(768),X,30.7,29.5,24.2,21.4,92,X, ,X,높음
9/17/2023,압해도(789),X,30.8,28.4,24.2,21.9,90,X, ,X,보통
9/17/2023,영양(801),X,30.1,29,23.3,21.2,93,X, ,X,보통
9/17/2023,성주(810),X,30.7,29.5,25.2,22.5,84,X, ,X,보통
9/17/2023,고령(812),X,29.7,27.3,24.1,22.1,95,X, ,X,보통
9/17/2023,청도(813),X,29.7,27.8,23.8,21.1,91,X, ,X,보통
9/17/2023,예천(815),X,29.4,28.4,24.4,21.9,89,X, ,X,보통
9/17/2023,김천(822),X,30.7,29,24.2,21.3,91,X, ,X,보통
9/17/2023,군위(823),X,30.9,29.3,24.8,22.3,89,X, ,X,낮음
9/17/2023,칠곡(825),X,31,29,25.3,22.7,93,X, ,X,보통
9/17/2023,경산(827),X,29.7,28.2,24.8,21.6,88,X, ,X,보통
9/17/2023,삼척(876),X,28.2,26.4,22.8,21.4,91,X, ,X,낮음
9/17/2023,속초(90),X,26.2,23.7,22,20.3,92.9,X, ,X,낮음
9/17/2023,삼천포(907),X,30.9,28.6,24.3,22.4,93,X, ,X,보통
9/17/2023,고성(918),X,31,29.1,24.5,22.4,94,X, ,X,보통
9/17/2023,창녕(919),X,30.5,28.7,25,22.4,91,X, ,X,보통
9/17/2023,함안(920),X,30.1,28.1,24.2,21.8,93,X, ,X,보통
9/17/2023,북춘천(93),X,29.4,28.4,23.6,21.1,91,X, ,X,낮음
9/17/2023,하동(932),X,30.3,28.6,24.9,22.2,90,X, ,X,보통
9/17/2023,철원(95),X,29,28.3,23.2,20.2,88.9,X, ,X,낮음
9/17/2023,동두천(98),X,29.8,27.7,23.6,20.8,91.5,X, ,X,보통
9/17/2023,파주(99),X,29.9,28.6,23.4,21.2,91.6,X, ,X,보통
9/18/2023,북강릉(104),X,28.9,27.9,23.5,20.3,85.4,X, ,X,낮음
9/18/2023,동해(106),X,30.5,29,24.3,20.9,90.5,X, ,X,낮음
9/18/2023,서울(108),X,29.9,28.9,24.7,22.1,79.1,X, ,X,보통
9/18/2023,인천(112),X,29.1,27.7,24.5,22.6,83,X, ,X,높음
9/18/2023,원주(114),X,30,29.7,25.1,21.8,75.5,X, ,X,낮음
9/18/2023,울릉도(115),X,29.9,27.4,24.5,21.6,95.6,X, ,X,낮음
9/18/2023,수원(119),X,29.7,29.3,24.2,20.8,82.5,X, ,X,높음
9/18/2023,영월(121),X,30,29.5,23.4,19.9,81.9,X, ,X,낮음
9/18/2023,충주(127),X,30.7,30.3,24.6,21.5,81.3,X, ,X,보통
9/18/2023,서산(129),X,29.8,29,24.1,21.1,85.9,X, ,X,높음
9/18/2023,울진(130),X,30.3,28.6,24.7,21.4,87.8,X, ,X,높음
9/18/2023,청주(131),X,29.9,29.7,25.5,22.7,76,X, ,X,높음
9/18/2023,대전(133),X,30.3,30.1,24.5,21.3,79.6,X, ,X,높음
9/18/2023,추풍령(135),X,29.9,29.7,24.1,19.7,79.1,X, ,X,높음
9/18/2023,안동(136),X,31,30.3,25.3,22.2,82,X,관심,X,높음
9/18/2023,상주(137),X,31.7,31.2,25.1,21.3,83.9,X,관심,X,높음
9/18/2023,포항(138),X,31.4,31,26.4,23.4,79.1,X,관심,X,보통
9/18/2023,군산(140),X,29.7,28.5,24,21.7,87.1,X, ,X,높음
9/18/2023,대구(143),X,32,32.8,26.1,22.7,76.8,X, ,X,높음
9/18/2023,전주(146),X,30.5,30.2,25.1,22.2,81.3,X, ,X,높음
9/18/2023,울산(152),X,30.8,29.7,25,21.6,84.1,X, ,X,보통
9/18/2023,창원(155),X,31.1,29.7,25.4,22.4,84.1,X,관심,X,높음
9/18/2023,광주(156),X,31.6,30.4,25.3,22.1,90,X,관심,X,높음
9/18/2023,부산(159),X,30.1,28.8,25.3,22.6,79.9,X,관심,X,높음
9/18/2023,통영(162),X,30.5,28.9,24.9,21.4,88,X, ,X,높음
9/18/2023,목포(165),X,29.8,28.5,25,22.4,83.4,X, ,X,높음
9/18/2023,여수(168),X,30.6,29,26.1,23.6,82.8,X,관심,X,높음
9/18/2023,흑산도(169),X,30.1,27.8,23.9,21.5,89.6,X, ,X,높음
9/18/2023,완도(170),X,31.4,30.3,25.7,22.6,81.6,X,관심,X,높음
9/18/2023,고창(172),X,30.2,29.3,24,20,86,X, ,X,높음
9/18/2023,제주(184),X,29.8,29.2,25.7,22.6,75,X, ,X,매우높음
9/18/2023,진주(192),X,31.4,30.3,25.3,22.2,86.6,X,관심,X,높음
9/18/2023,양평(202),X,29.7,28.8,23.9,20.3,85.6,X, ,X,보통
9/18/2023,이천(203),X,30.7,29.8,24.1,20.9,87.1,X, ,X,보통
9/18/2023,인제(211),X,29.5,29,23.5,20.8,86.9,X, ,X,낮음
9/18/2023,홍천(212),X,29.4,29.3,24,20.8,84.1,X, ,X,낮음
9/18/2023,태백(216),X,28.1,28.1,20.8,17.2,85.1,X, ,X,낮음
9/18/2023,정선군(217),X,30.7,30.8,23.5,19.7,80.6,X, ,X,낮음
9/18/2023,제천(221),X,29.5,29,22.8,18.6,87,X, ,X,보통
9/18/2023,보은(226),X,29.7,29.1,23.7,20.4,86.3,X, ,X,보통
9/18/2023,천안(232),X,29,27.9,23.8,20.1,86.1,X, ,X,높음
9/18/2023,보령(235),X,29,27.6,23.6,20.7,87.8,X, ,X,높음
9/18/2023,부여(236),X,30.4,29.9,24.1,20.6,87.4,X, ,X,높음
9/18/2023,금산(238),X,30.1,29.7,23.4,20.1,85.9,X, ,X,높음
9/18/2023,세종(239),X,29.9,28.6,23.6,20.9,86,X, ,X,높음
9/18/2023,부안(243),X,30,29.3,24,20.7,87.3,X, ,X,높음
9/18/2023,임실(244),X,29.8,29.3,23.4,20.3,85,X, ,X,높음
9/18/2023,정읍(245),X,30.1,29.9,24.5,21,79.6,X, ,X,높음
9/18/2023,남원(247),X,30.5,30.6,24.9,21.4,82.1,X, ,X,높음
9/18/2023,장수(248),X,29,28.9,22.1,19.1,88.8,X, ,X,높음
9/18/2023,영광군(252),X,30.7,30,24.5,20.6,83.9,X, ,X,높음
9/18/2023,김해시(253),X,32.4,30.8,25.4,22,89.1,X,관심,X,높음
9/18/2023,순창군(254),X,30.4,30.5,24.6,21.1,83.1,X,관심,X,높음
9/18/2023,양산시(257),X,32.3,31.4,25.7,22.2,85.8,X,관심,X,높음
9/18/2023,강진군(259),X,31.8,32,25.6,21.9,83.4,X,관심,X,높음
9/18/2023,장흥(260),X,31.3,31.3,25,20.5,83.9,X, ,X,높음
9/18/2023,해남(261),X,31.5,31,24.6,20.5,85.8,X,관심,X,높음
9/18/2023,고흥(262),X,30.3,29.7,24.4,21.3,85.6,X,관심,X,높음
9/18/2023,의령군(263),X,32,31.9,26,22.5,79.6,X,관심,X,높음
9/18/2023,함양군(264),X,31.1,31.7,25.2,20.6,77.9,X, ,X,높음
9/18/2023,진도군ASOS(268),X,30.3,29.6,24,20,84.9,X,관심,X,높음
9/18/2023,봉화(271),X,28.3,27.7,22.4,19,85.3,X, ,X,높음
9/18/2023,영주(272),X,29.8,28.9,23.1,19.2,89.3,X, ,X,보통
9/18/2023,문경(273),X,30.9,30.3,24.3,20.4,87.3,X, ,X,높음
9/18/2023,청송군(276),X,31.8,31.3,24.4,20.8,89.6,X, ,X,높음
9/18/2023,영덕(277),X,30.4,28.6,24.4,21.5,90.1,X, ,X,높음
9/18/2023,의성(278),X,31.6,31.2,25.2,22.1,87,X, ,X,높음
9/18/2023,구미(279),X,30.7,30.4,25.2,22.2,80.6,X, ,X,보통
9/18/2023,영천(281),X,31,30.7,25.5,22,82.1,X, ,X,보통
9/18/2023,경주시(283),O,33,32.3,25.8,22,83.4,X, ,X,보통
9/18/2023,거창(284),X,30.4,30.4,23.8,19.5,84.3,X, ,X,높음
9/18/2023,합천(285),X,31.7,31.5,25.6,22.6,80.6,X,관심,X,높음
9/18/2023,밀양(288),X,31.6,31.8,25.9,22.3,77,X, ,X,높음
9/18/2023,산청(289),X,30.7,29.2,24.6,21.6,88.8,X,관심,X,높음
9/18/2023,거제(294),X,30.6,29,24.6,20.7,87.8,X,관심,X,높음
9/18/2023,남해(295),X,30.6,29.5,25,22.4,87.5,X,관심,X,높음
9/18/2023,부천(433),X,28.1,28.2,23.2,20.4,77,X, ,X,높음
9/18/2023,안양(434),X,,,,,,X, ,X,높음
9/18/2023,광명(437),X,30.1,30.2,25.5,22.9,73,X, ,X,높음
9/18/2023,군포(438),X,29.6,29.6,24.4,21.7,77,X, ,X,높음
9/18/2023,김포(441),X,,28.9,24.3,21.2,,X, ,X,높음
9/18/2023,하남(444),X,29.8,29.2,23.2,19,80,X, ,X,보통
9/18/2023,의왕(445),X,29.9,29.1,23.6,19.6,84,X, ,X,높음
9/18/2023,포천(504),X,30.4,29.8,23.9,19.4,83,X, ,X,높음
9/18/2023,가평조종(505),X,29.9,28.9,23,18.6,91,X, ,X,보통
9/18/2023,안성(516),X,29.7,29.1,23.4,20.1,92,X, ,X,높음
9/18/2023,간성(517),X,28.1,25.9,22.1,19.4,92,X, ,X,낮음
9/18/2023,평창(526),X,29.5,29.4,23.1,20.3,82,X, ,X,낮음
9/18/2023,의정부(532),X,31.2,29.1,24,19.3,88,X, ,X,보통
9/18/2023,횡성(536),X,29.9,29.7,24.4,21.1,81,X, ,X,낮음
9/18/2023,고양(540),X,,,,,,X, ,X,높음
9/18/2023,남양주(541),X,31.2,30.8,24.2,19.6,81,X, ,X,보통
9/18/2023,안산(545),X,30.5,29.1,22.8,18.3,88,X, ,X,높음
9/18/2023,경기광주(546),X,29.4,29.3,23.8,19.4,79,X, ,X,보통
9/18/2023,여주(548),X,30.4,29.6,24.2,20.8,84,X, ,X,보통
9/18/2023,용인(549),X,29.1,28.9,23.3,19.4,81,X, ,X,높음
9/18/2023,오산(550),X,31.1,30.3,23.9,19.8,86,X, ,X,높음
9/18/2023,평택(551),X,30.6,29.6,24.4,21.3,89,X, ,X,높음
9/18/2023,화천(555),X,29.9,27.9,23.2,20.7,95,X, ,X,낮음
9/18/2023,양구(556),X,29.4,29.4,23.2,20.6,85,X, ,X,낮음
9/18/2023,시흥(565),X,29.9,28.7,23.6,19.3,86,X, ,X,높음
9/18/2023,구리(569),X,29.9,29.5,24,20.5,79,X, ,X,보통
9/18/2023,화성(571),X,31.2,30.4,24.3,20.7,83,X, ,X,높음
9/18/2023,성남(572),X,,,,,,X, ,X,높음
9/18/2023,과천(590),X,30.6,29.9,23.9,19.7,83,X, ,X,보통
9/18/2023,양주(598),X,30.4,29.7,23.4,18.8,85,X, ,X,보통
9/18/2023,단양(601),X,31.7,31,24.4,20.9,85,X, ,X,높음
9/18/2023,진천(602),X,30.3,30.2,24.4,19.6,78,X, ,X,높음
9/18/2023,괴산(603),X,30.4,29.6,23.9,20.4,87,X, ,X,보통
9/18/2023,옥천(604),X,31.7,31.6,25.9,22.6,82,X, ,X,높음
9/18/2023,홍북(608),X,29.7,28.7,23.1,19.4,87,X, ,X,높음
9/18/2023,공주(612),X,29.7,28.5,24.1,20.8,85,X, ,X,높음
9/18/2023,서천(614),X,29.7,28.3,23.1,19.6,92,X, ,X,높음
9/18/2023,논산(615),X,31.1,30.4,24.5,21.2,85,X, ,X,높음
9/18/2023,당진(616),X,31,30,24.3,20.8,88,X, ,X,높음
9/18/2023,청양(618),X,30,29.2,22.5,19.1,91,X, ,X,높음
9/18/2023,음성(619),X,29.8,29.1,22.9,19,85,X, ,X,보통
9/18/2023,증평(623),X,29.7,28.6,24.1,20.4,89,X, ,X,보통
9/18/2023,태안(627),X,30.1,29.1,24.1,21.1,87,X, ,X,높음
9/18/2023,예산(628),X,30.3,29.1,24,20.5,86,X, ,X,높음
9/18/2023,아산(634),X,31.8,30.7,23.6,20.5,89,X, ,X,높음
9/18/2023,계룡(636),X,29.9,29.2,23.4,19.4,87,X, ,X,보통
9/18/2023,연천청산(652),X,30,29.4,23.1,19.4,87,X, ,X,높음
9/18/2023,양양(670),X,28.1,26.3,23.3,20.1,87,X, ,X,낮음
9/18/2023,무안(699),X,30.8,30.1,24.3,20.6,87,X, ,X,높음
9/18/2023,무주(701),X,30.6,30.5,24.1,20.9,84,X, ,X,높음
9/18/2023,익산(702),X,30.1,29.6,24.2,20.8,84,X, ,X,높음
9/18/2023,진안(703),X,28.9,28.2,22.8,19.1,86,X, ,X,높음
9/18/2023,담양(706),X,31.9,31,25,20.9,89,X,관심,X,높음
9/18/2023,구례(709),X,31.7,30.8,25.2,22.4,88,X, ,X,높음
9/18/2023,나주(710),X,30.9,30.1,24.5,21.1,88,X, ,X,높음
9/18/2023,순천시(712),X,31.4,30.2,25.8,22,88,X,관심,X,높음
9/18/2023,광양읍(713),X,32.5,31.6,26.1,21.9,84,X,관심,X,높음
9/18/2023,장성(730),X,30.8,30.5,24,20.4,86,X, ,X,높음
9/18/2023,영암(731),X,31.6,31.2,24.8,20.8,89,X,관심,X,높음
9/18/2023,보성(732),X,30.6,30,24.1,20.3,87,X,관심,X,높음
9/18/2023,완주(734),X,30.6,30,24.4,20.9,86,X, ,X,높음
9/18/2023,김제(737),X,30.3,29.6,24.4,22,87,X, ,X,높음
9/18/2023,화순(741),X,31.6,31.2,25,21.2,81,X,관심,X,높음
9/18/2023,함평(754),X,31.1,30.4,24.3,20.1,86,X,관심,X,높음
9/18/2023,곡성(768),X,32,31.5,24.3,20.6,88,X, ,X,높음
9/18/2023,압해도(789),X,31.1,29.4,24.7,21,87,X, ,X,높음
9/18/2023,영양(801),X,30.7,30.1,23.6,20.7,90,X, ,X,높음
9/18/2023,성주(810),X,32.6,32.9,25.9,22.4,80,X, ,X,높음
9/18/2023,고령(812),X,31.2,30.8,25.2,22.2,88,X, ,X,높음
9/18/2023,청도(813),X,31.4,30.5,24.7,21.8,86,X, ,X,높음
9/18/2023,예천(815),X,31.1,31,24.9,20.9,81,X, ,X,높음
9/18/2023,김천(822),X,32.5,31.8,24.9,20.5,86,X, ,X,높음
9/18/2023,군위(823),X,31.9,31.5,25.4,22.5,85,X, ,X,낮음
9/18/2023,칠곡(825),X,32,31.5,25.6,22.6,88,X, ,X,높음
9/18/2023,경산(827),X,31.4,31.3,25.9,22.5,81,X, ,X,보통
9/18/2023,삼척(876),X,31.8,30.9,25.2,20.9,80,X, ,X,낮음
9/18/2023,속초(90),X,28.3,26.1,23.1,20.2,88.9,X, ,X,낮음
9/18/2023,삼천포(907),X,31.5,29.4,24.9,22.1,90,X, ,X,높음
9/18/2023,고성(918),X,31.2,29.9,25,21.6,90,X, ,X,높음
9/18/2023,창녕(919),X,32.2,31.1,26.1,22.2,85,X,관심,X,높음
9/18/2023,함안(920),X,31.7,30.4,24.8,21.1,89,X, ,X,높음
9/18/2023,북춘천(93),X,30.6,29.8,23.8,20,88.3,X, ,X,낮음
9/18/2023,하동(932),X,31.6,30.5,25.6,21.9,86,X,관심,X,높음
9/18/2023,철원(95),X,29.2,28.6,23.7,20.6,86.1,X, ,X,낮음
9/18/2023,동두천(98),X,29.9,28.5,23.5,20.2,88.6,X, ,X,높음
9/18/2023,파주(99),X,30.4,29.1,23.2,19.4,88.5,X, ,X,높음
9/19/2023,북강릉(104),X,29.9,30.4,24.3,19.4,68.4,X, ,X,낮음
9/19/2023,동해(106),X,29.5,29.4,24.7,20.4,69.6,X, ,X,낮음
9/19/2023,서울(108),X,28.2,27.2,24.1,21.6,81.1,X, ,X,높음
9/19/2023,인천(112),X,28.3,26.5,23.9,21.9,87.1,X, ,X,높음
9/19/2023,원주(114),X,27.3,27.2,23.2,19.2,76.8,X, ,X,낮음
9/19/2023,울릉도(115),X,29.3,28.2,25,22.9,69.5,X, ,X,높음
9/19/2023,수원(119),X,28.6,28.1,23.3,20.3,84.9,X, ,X,높음
9/19/2023,영월(121),X,26.8,26.5,21.8,18.5,83.8,X, ,X,낮음
9/19/2023,충주(127),X,27.2,26.3,22.4,19,84.9,X, ,X,보통
9/19/2023,서산(129),X,28.9,27.8,23.3,19.7,87,X, ,X,높음
9/19/2023,울진(130),X,28.2,28.1,24.5,20.5,70.3,X, ,X,높음
9/19/2023,청주(131),X,28.3,27.8,24.4,20.8,75.4,X, ,X,높음
9/19/2023,대전(133),X,28.3,28.3,23.6,20.1,78.8,X, ,X,높음
9/19/2023,추풍령(135),X,27.5,26.9,22.5,18.1,79.4,X, ,X,높음
9/19/2023,안동(136),X,28.4,27.9,23.2,19.5,81.8,X, ,X,높음
9/19/2023,상주(137),X,29.1,28.2,23.9,20.1,82.8,X, ,X,높음
9/19/2023,포항(138),X,29.2,29.9,26,23.1,66,X, ,X,높음
9/19/2023,군산(140),X,28.9,27.9,23.8,21.4,84,X, ,X,높음
9/19/2023,대구(143),X,29.4,29.5,25.2,21.8,71.4,X, ,X,높음
9/19/2023,전주(146),X,29,28.6,24.5,21,77.8,X, ,X,높음
9/19/2023,울산(152),X,30.4,30.2,24.4,20.9,75.3,X, ,X,높음
9/19/2023,창원(155),X,30.4,30,24.8,21.6,80.1,X,관심,X,높음
9/19/2023,광주(156),X,29.2,28.6,24.5,21.2,86.9,X, ,X,매우높음
9/19/2023,부산(159),X,30.2,29.5,25.6,23.2,73.9,X,관심,X,높음
9/19/2023,통영(162),X,29.8,28.9,24.7,22,81.4,X, ,X,높음
9/19/2023,목포(165),X,28.8,27.9,24.3,22,81,X, ,X,매우높음
9/19/2023,여수(168),X,28.3,27.3,24.8,22.6,76,X, ,X,매우높음
9/19/2023,흑산도(169),X,28.7,26.6,23.2,21.5,92.3,X, ,X,매우높음
9/19/2023,완도(170),X,29.9,28.6,24.3,21.3,82.9,X,관심,X,매우높음
9/19/2023,고창(172),X,29.3,29.3,23,19.3,83.3,X, ,X,높음
9/19/2023,제주(184),X,30.4,29.4,25.9,22.6,71.3,X, ,X,높음
9/19/2023,진주(192),X,30.2,29.4,24.1,20.8,86.9,X, ,X,높음
9/19/2023,양평(202),X,27.5,26.5,22.3,18.7,86.8,X, ,X,보통
9/19/2023,이천(203),X,29,27.8,22.6,18,89.1,X, ,X,보통
9/19/2023,인제(211),X,27.8,27.1,22.5,19.6,84.3,X, ,X,낮음
9/19/2023,홍천(212),X,27.5,26.6,22.2,18.5,85.1,X, ,X,낮음
9/19/2023,태백(216),X,26.2,26.5,20.8,16.5,71.4,X, ,X,낮음
9/19/2023,정선군(217),X,28.5,28.4,22.6,17.7,75.9,X, ,X,낮음
9/19/2023,제천(221),X,26.7,25.3,21,16.7,90,X, ,X,보통
9/19/2023,보은(226),X,27.7,26.8,22.2,18.7,88.5,X, ,X,높음
9/19/2023,천안(232),X,28.2,27.1,22.2,18.9,88.1,X, ,X,높음
9/19/2023,보령(235),X,28.3,27.2,23.2,20.1,84.9,X, ,X,높음
9/19/2023,부여(236),X,28.5,27.9,22.9,19.7,88.1,X, ,X,높음
9/19/2023,금산(238),X,28.1,27.6,22.1,18.6,85.8,X, ,X,높음
9/19/2023,세종(239),X,28.5,27.6,23,20.1,85.6,X, ,X,높음
9/19/2023,부안(243),X,28.7,28.6,23.5,20.2,85.5,X, ,X,높음
9/19/2023,임실(244),X,28.4,28.5,22.7,19.2,82.5,X, ,X,높음
9/19/2023,정읍(245),X,29.2,29.1,23.8,19.9,79.1,X, ,X,높음
9/19/2023,남원(247),X,29.3,29.1,23.9,21,81.1,X, ,X,높음
9/19/2023,장수(248),X,27.2,26.9,21.4,18.2,85.4,X, ,X,높음
9/19/2023,영광군(252),X,29.3,28.7,23.2,20.1,82.8,X, ,X,높음
9/19/2023,김해시(253),X,31.1,30.9,25.3,21.7,83.5,X,관심,X,높음
9/19/2023,순창군(254),X,29.5,29.7,23.3,19.5,83.4,X, ,X,높음
9/19/2023,양산시(257),X,31.7,31.9,25.7,21.9,80,X,관심,X,높음
9/19/2023,강진군(259),X,29.8,29.8,23.6,20.4,84.9,X, ,X,매우높음
9/19/2023,장흥(260),X,29.4,29.1,23,19.5,87.3,X, ,X,매우높음
9/19/2023,해남(261),X,29.6,29,22.9,18.9,85.4,X, ,X,매우높음
9/19/2023,고흥(262),X,28.3,27.6,22.1,18.8,86.6,X, ,X,매우높음
9/19/2023,의령군(263),X,30.5,31.1,24.6,20.5,77,X, ,X,높음
9/19/2023,함양군(264),X,29.5,30.3,23.2,19.4,79.6,X, ,X,높음
9/19/2023,진도군ASOS(268),X,29.7,29.3,23.2,19.3,86.5,X,관심,X,매우높음
9/19/2023,봉화(271),X,26.8,26.4,21.1,17.1,83.3,X, ,X,높음
9/19/2023,영주(272),X,28,27.6,22.6,17.9,78.9,X, ,X,높음
9/19/2023,문경(273),X,28.2,27.4,22.7,18.1,83.8,X, ,X,높음
9/19/2023,청송군(276),X,28.6,28.1,22.6,18.4,84.6,X, ,X,높음
9/19/2023,영덕(277),X,29,28.9,24.4,20.1,71.8,X, ,X,높음
9/19/2023,의성(278),X,29.2,29,23.7,20.2,85,X, ,X,높음
9/19/2023,구미(279),X,28.9,28.9,24.2,19.9,75.9,X, ,X,높음
9/19/2023,영천(281),X,28.9,29.1,24.3,20.6,77.6,X, ,X,높음
9/19/2023,경주시(283),X,30.1,30.6,24.5,20.4,77.4,X, ,X,높음
9/19/2023,거창(284),X,28.8,28.9,21.9,17.8,82,X, ,X,높음
9/19/2023,합천(285),X,28.9,29.6,23.9,20.6,77.5,X,관심,X,높음
9/19/2023,밀양(288),X,30,30.7,25.1,21.3,72.4,X,관심,X,높음
9/19/2023,산청(289),X,29.4,29.6,22.9,19.2,83.5,X, ,X,높음
9/19/2023,거제(294),X,29.8,28.8,23.9,21.2,84.8,X, ,X,높음
9/19/2023,남해(295),X,28.9,28.1,23.7,20.6,84.8,X, ,X,높음
9/19/2023,부천(433),X,27,26.5,22.7,19.8,80,X, ,X,높음
9/19/2023,안양(434),X,,,,,,X, ,X,높음
9/19/2023,광명(437),X,28.9,28.7,24.7,21.6,78,X, ,X,높음
9/19/2023,군포(438),X,28.6,28.5,23.8,21.1,79,X, ,X,높음
9/19/2023,김포(441),X,,27.5,23.8,20.8,,X, ,X,보통
9/19/2023,하남(444),X,27.9,27.5,22.3,18.2,81,X, ,X,보통
9/19/2023,의왕(445),X,28.3,27.6,22.9,19.3,86,X, ,X,높음
9/19/2023,포천(504),X,28.7,27.5,22.7,18.9,85,X, ,X,보통
9/19/2023,가평조종(505),X,28.4,26.9,21.5,18,93,X, ,X,보통
9/19/2023,안성(516),X,28,27.3,22.5,18.7,89,X, ,X,보통
9/19/2023,간성(517),X,29.8,30.2,24.6,17.7,67,X, ,X,낮음
9/19/2023,평창(526),X,27.1,26.9,21.7,17.2,77,X, ,X,낮음
9/19/2023,의정부(532),X,29.7,27.8,22.6,18.7,93,X, ,X,보통
9/19/2023,횡성(536),X,27.5,26.8,22.3,18.7,84,X, ,X,낮음
9/19/2023,고양(540),X,,,,,,X, ,X,보통
9/19/2023,남양주(541),X,28.8,27.9,22.8,18.4,84,X, ,X,보통
9/19/2023,안산(545),X,28.9,28,22.5,17.7,90,X, ,X,높음
9/19/2023,경기광주(546),X,27.8,27.7,22.5,18.1,80,X, ,X,높음
9/19/2023,여주(548),X,27.9,26.9,22.2,18,87,X, ,X,보통
9/19/2023,용인(549),X,27.7,27.5,22.5,18.6,82,X, ,X,높음
9/19/2023,오산(550),X,29.7,28.7,23,19,88,X, ,X,높음
9/19/2023,평택(551),X,29.1,28.4,23.7,19.1,88,X, ,X,높음
9/19/2023,화천(555),X,28.7,26.8,22.2,19.1,94,X, ,X,낮음
9/19/2023,양구(556),X,27.5,26.8,21.9,17.9,84,X, ,X,낮음
9/19/2023,시흥(565),X,29.2,28.2,23.2,18.8,88,X, ,X,높음
9/19/2023,구리(569),X,28.7,28.2,23.2,19.3,80,X, ,X,높음
9/19/2023,화성(571),X,29,28.1,23.3,20.3,89,X, ,X,높음
9/19/2023,성남(572),X,,,,,,X, ,X,높음
9/19/2023,과천(590),X,29,28.6,23.3,18.9,86,X, ,X,높음
9/19/2023,양주(598),X,28.8,27.6,22.5,18.3,89,X, ,X,보통
9/19/2023,단양(601),X,28.1,27.5,22.4,19.1,87,X, ,X,보통
9/19/2023,진천(602),X,28.2,27.8,22.5,18.2,85,X, ,X,높음
9/19/2023,괴산(603),X,27.8,27,22,19.3,90,X, ,X,높음
9/19/2023,옥천(604),X,29.2,28.9,24.2,20.6,85,X, ,X,높음
9/19/2023,홍북(608),X,29,28.2,22.5,18.8,89,X, ,X,높음
9/19/2023,공주(612),X,28.7,28,23.1,19.8,86,X, ,X,높음
9/19/2023,서천(614),X,28.5,27.2,22.7,18.7,89,X, ,X,높음
9/19/2023,논산(615),X,29.1,28.9,23.8,19.4,83,X, ,X,높음
9/19/2023,당진(616),X,29.5,28.1,23.4,19.9,92,X, ,X,높음
9/19/2023,청양(618),X,29.1,27.9,22.1,17.9,90,X, ,X,높음
9/19/2023,음성(619),X,27.5,26.8,20.8,16.9,89,X, ,X,높음
9/19/2023,증평(623),X,27.9,26.5,22.4,19.2,90,X, ,X,높음
9/19/2023,태안(627),X,29.4,27.7,23.5,20.7,91,X, ,X,높음
9/19/2023,예산(628),X,29.1,28.5,23.5,19,86,X, ,X,높음
9/19/2023,아산(634),X,29.5,28.3,23.3,18.6,87,X, ,X,높음
9/19/2023,계룡(636),X,28.3,27.5,22,17.7,89,X, ,X,높음
9/19/2023,연천청산(652),X,28.6,27.8,22.8,18.6,85,X, ,X,보통
9/19/2023,양양(670),X,29.2,29.6,26.1,22.1,59,X, ,X,낮음
9/19/2023,무안(699),X,29.2,28.8,23.3,20.1,86,X, ,X,높음
9/19/2023,무주(701),X,28.1,27.9,22.8,19.7,82,X, ,X,높음
9/19/2023,익산(702),X,28.9,28.9,23.8,20.1,82,X, ,X,높음
9/19/2023,진안(703),X,27.2,26.8,21.7,18.2,86,X, ,X,높음
9/19/2023,담양(706),X,30.2,29.7,23.8,20.2,87,X, ,X,높음
9/19/2023,구례(709),X,29.7,29.1,23.9,20.2,86,X, ,X,높음
9/19/2023,나주(710),X,29,28.4,23.1,19.6,88,X, ,X,높음
9/19/2023,순천시(712),X,29.8,28.3,24.2,20.5,86,X,관심,X,높음
9/19/2023,광양읍(713),X,30.2,29.8,24.4,20.1,83,X, ,X,높음
9/19/2023,장성(730),X,29,29.1,23,20,84,X, ,X,높음
9/19/2023,영암(731),X,29.9,29.3,23,19.2,90,X, ,X,높음
9/19/2023,보성(732),X,28.7,28.5,22,18.5,86,X, ,X,매우높음
9/19/2023,완주(734),X,29.1,28.4,23.4,19.9,85,X, ,X,높음
9/19/2023,김제(737),X,29.2,28.8,24.1,20.8,79,X, ,X,높음
9/19/2023,화순(741),X,29.8,28.7,23.3,19.5,83,X, ,X,높음
9/19/2023,함평(754),X,29.7,29.2,23.2,20.2,87,X, ,X,높음
9/19/2023,곡성(768),X,29.9,29.4,23.2,19.4,86,X, ,X,높음
9/19/2023,압해도(789),X,30.2,28.7,23.7,21.1,89,X, ,X,높음
9/19/2023,영양(801),X,28.2,28,22.6,19.1,84,X, ,X,높음
9/19/2023,성주(810),X,29.4,30.1,24.6,19.8,74,X, ,X,높음
9/19/2023,고령(812),X,29.4,29.5,23.3,19.9,85,X, ,X,높음
9/19/2023,청도(813),X,29.5,30.1,23.8,19.8,81,X, ,X,높음
9/19/2023,예천(815),X,29,28.8,22.9,18.3,80,X, ,X,높음
9/19/2023,김천(822),X,29.3,28.8,23,18.6,87,X, ,X,높음
9/19/2023,군위(823),X,29.6,29.3,23.6,20.2,86,X, ,X,낮음
9/19/2023,칠곡(825),X,29.9,29.7,24.5,19.9,83,X, ,X,높음
9/19/2023,경산(827),X,29.1,29.8,25.2,22,72,X, ,X,높음
9/19/2023,삼척(876),X,30.2,31.3,25.9,23.2,59,X, ,X,낮음
9/19/2023,속초(90),X,30.1,30.6,25.9,20.6,61.6,X, ,X,낮음
9/19/2023,삼천포(907),X,30.2,29,23.8,21,86,X, ,X,높음
9/19/2023,고성(918),X,30.8,29.4,24.1,20.3,86,X, ,X,높음
9/19/2023,창녕(919),X,30.2,30.5,24.4,20.6,84,X, ,X,높음
9/19/2023,함안(920),X,30.3,29.7,22.9,19.2,89,X, ,X,높음
9/19/2023,북춘천(93),X,28.2,26.9,22.2,18.6,89.1,X, ,X,낮음
9/19/2023,하동(932),X,30.7,29.8,24.3,20.7,84,X,관심,X,높음
9/19/2023,철원(95),X,28,26.9,22.7,18.2,85.6,X, ,X,낮음
9/19/2023,동두천(98),X,28.9,27,22.8,19.5,89.4,X, ,X,보통
9/19/2023,파주(99),X,29.2,27.8,22.9,19,91.6,X, ,X,보통
9/20/2023,북강릉(104),X,24.9,23.6,19.6,17.3,93.3,X, ,X,낮음
9/20/2023,동해(106),X,25.4,23.9,20.6,18.5,92.8,X, ,X,낮음
9/20/2023,서울(108),X,26.3,23.9,20.6,18.8,90.4,X, ,X,낮음
9/20/2023,인천(112),X,26.5,23.8,20.7,18.6,90.6,X, ,X,낮음
9/20/2023,원주(114),X,24.9,22.7,20.4,18.6,87.5,X, ,X,낮음
9/20/2023,울릉도(115),X,26.3,24.9,21.6,19,85.5,X, ,X,보통
9/20/2023,수원(119),X,25.3,22.5,20.7,18.8,89.8,X, ,X,낮음
9/20/2023,영월(121),X,23.9,21.6,19.7,18.2,94.4,X, ,X,낮음
9/20/2023,충주(127),X,24.9,22.5,20.9,19.6,87.5,X, ,X,낮음
9/20/2023,서산(129),X,25.2,22.6,20.9,19.2,93.1,X, ,X,낮음
9/20/2023,울진(130),X,25.8,23.6,20.8,19.2,89.8,X, ,X,보통
9/20/2023,청주(131),X,26,24.2,21.5,19.8,87.6,X, ,X,보통
9/20/2023,대전(133),X,25.2,22.9,20.9,19.2,93.1,X, ,X,낮음
9/20/2023,추풍령(135),X,24.4,22.2,20,19.2,90.6,X, ,X,보통
9/20/2023,안동(136),X,25,22.6,20.7,19.5,93,X, ,X,보통
9/20/2023,상주(137),X,25,22.1,20.7,19.6,97.9,X, ,X,낮음
9/20/2023,포항(138),X,26.8,25.3,22.9,21.1,81.1,X, ,X,보통
9/20/2023,군산(140),X,26.3,23.2,21.6,20.1,92.5,X, ,X,낮음
9/20/2023,대구(143),X,26.5,24.9,22,20.8,89.4,X, ,X,보통
9/20/2023,전주(146),X,27.6,25,22.4,20.9,93.3,X, ,X,낮음
9/20/2023,울산(152),X,26.8,25.3,22.3,20.5,87.8,X, ,X,보통
9/20/2023,창원(155),X,29.6,27.9,24.1,20.9,84.9,X, ,X,보통
9/20/2023,광주(156),X,28.8,25.5,23.6,21.3,99,X, ,X,낮음
9/20/2023,부산(159),X,28.8,26.6,24.7,22.7,77.1,X, ,X,보통
9/20/2023,통영(162),X,29.8,27.6,24.6,21.5,89.5,X, ,X,보통
9/20/2023,목포(165),X,29.7,27.4,24.6,22,89.5,X, ,X,낮음
9/20/2023,여수(168),X,29.8,27.4,25.1,22.8,87.9,X, ,X,보통
9/20/2023,흑산도(169),X,28.2,25.3,23.1,21.3,94.5,X, ,X,낮음
9/20/2023,완도(170),X,30.6,28.8,25.3,21.2,88.1,X, ,X,보통
9/20/2023,고창(172),X,29,26.7,23.4,19.9,91.5,X, ,X,낮음
9/20/2023,제주(184),X,31.4,31.7,27.5,24,68,X, ,X,보통
9/20/2023,진주(192),X,29,26.1,22.9,19.7,93.8,X, ,X,보통
9/20/2023,양평(202),X,24.7,22.2,20.6,18.5,86,X, ,X,낮음
9/20/2023,이천(203),X,24.6,21.5,19.8,17.9,98,X, ,X,낮음
9/20/2023,인제(211),X,24.2,21.3,19.3,17,90.9,X, ,X,낮음
9/20/2023,홍천(212),X,24.3,21.5,19.7,17.4,92.1,X, ,X,낮음
9/20/2023,태백(216),X,20.7,18.2,16.5,15.4,94.4,X, ,X,낮음
9/20/2023,정선군(217),X,23.2,20.7,19,17.3,89.5,X, ,X,낮음
9/20/2023,제천(221),X,23.7,20.8,19.3,17.9,97.5,X, ,X,보통
9/20/2023,보은(226),X,24.5,22,20.3,19.2,97.4,X, ,X,보통
9/20/2023,천안(232),X,25.1,22.2,20.8,19.6,93,X, ,X,낮음
9/20/2023,보령(235),X,25.2,24.5,21.5,20.1,87.4,X, ,X,낮음
9/20/2023,부여(236),X,25.6,22.6,21.2,19.8,97.3,X, ,X,낮음
9/20/2023,금산(238),X,24.9,22.5,20.5,19.6,98.5,X, ,X,낮음
9/20/2023,세종(239),X,25.2,22.4,20.9,19.2,95.3,X, ,X,낮음
9/20/2023,부안(243),X,28.8,26.1,22.9,20.7,93.3,X, ,X,낮음
9/20/2023,임실(244),X,26.8,23.9,21.7,19.9,95.6,X, ,X,낮음
9/20/2023,정읍(245),X,28.4,26.4,23.2,21.1,87.4,X, ,X,낮음
9/20/2023,남원(247),X,28.5,26.6,22.9,20,90.1,X, ,X,낮음
9/20/2023,장수(248),X,26.6,24,20.7,18.1,95,X, ,X,낮음
9/20/2023,영광군(252),X,29.1,26.7,23.5,20.2,91.1,X, ,X,낮음
9/20/2023,김해시(253),X,29.5,26.7,23.8,20.9,93.4,X, ,X,보통
9/20/2023,순창군(254),X,28.6,26.3,22.6,20.1,94.9,X, ,X,낮음
9/20/2023,양산시(257),X,30.3,27,23.9,21,90.5,X, ,X,보통
9/20/2023,강진군(259),X,30.2,28.1,24.6,19.9,90.8,X, ,X,낮음
9/20/2023,장흥(260),X,30,28.2,24.2,18.9,91.6,X, ,X,낮음
9/20/2023,해남(261),X,30.3,28.3,24.9,19.6,90.9,X, ,X,낮음
9/20/2023,고흥(262),X,29.1,26.9,23.6,19,90,X, ,X,보통
9/20/2023,의령군(263),X,28.8,26.4,22.7,19.6,89.4,X, ,X,보통
9/20/2023,함양군(264),X,25,22.7,21,19.5,93,X, ,X,보통
9/20/2023,진도군ASOS(268),X,29.9,27.8,25,20.5,87.3,X, ,X,낮음
9/20/2023,봉화(271),X,23.8,21.7,19.2,18.2,94.1,X, ,X,보통
9/20/2023,영주(272),X,24.7,21.7,19.7,18.6,99.4,X, ,X,보통
9/20/2023,문경(273),X,24.9,23.1,20.2,19.2,98.4,X, ,X,보통
9/20/2023,청송군(276),X,25.8,23.3,20.2,18.9,98.4,X, ,X,보통
9/20/2023,영덕(277),X,25.8,23.5,21,19.2,91.1,X, ,X,보통
9/20/2023,의성(278),X,26,23.2,21,20,99,X, ,X,보통
9/20/2023,구미(279),X,25.7,23.6,21.5,20.3,89.9,X, ,X,낮음
9/20/2023,영천(281),X,26.3,24.7,21.3,19.8,93.1,X, ,X,보통
9/20/2023,경주시(283),X,27.2,25.3,22,19.8,89.8,X, ,X,보통
9/20/2023,거창(284),X,24.6,21.9,20,18.4,96.9,X, ,X,보통
9/20/2023,합천(285),X,25.8,23.6,21.7,20,90.4,X, ,X,보통
9/20/2023,밀양(288),X,28.1,25.9,22.9,19.9,84.4,X, ,X,보통
9/20/2023,산청(289),X,26.8,23.7,20.8,19,98.3,X, ,X,보통
9/20/2023,거제(294),X,29.4,27,24,20.3,89.5,X, ,X,보통
9/20/2023,남해(295),X,29.8,27.5,24.2,20.8,91.5,X, ,X,보통
9/20/2023,부천(433),X,25,22.7,19.6,17.7,89,X, ,X,낮음
9/20/2023,안양(434),X,,,,,,X, ,X,낮음
9/20/2023,광명(437),X,26.8,24.5,21.7,19.5,84,X, ,X,낮음
9/20/2023,군포(438),X,26,23.6,20.9,18.9,85,X, ,X,낮음
9/20/2023,김포(441),X,,23.3,20.6,18.9,,X, ,X,낮음
9/20/2023,하남(444),X,23.8,21.4,19.8,18,85,X, ,X,낮음
9/20/2023,의왕(445),X,24.9,22,19.8,17.9,93,X, ,X,낮음
9/20/2023,포천(504),X,24.7,21.8,20.3,18.5,90,X, ,X,낮음
9/20/2023,가평조종(505),X,24.3,21.1,19.9,18.4,94,X, ,X,낮음
9/20/2023,안성(516),X,25.1,21.9,20.1,18.4,98,X, ,X,낮음
9/20/2023,간성(517),X,25.9,25.3,18.6,16.1,93,X, ,X,낮음
9/20/2023,평창(526),X,23,20.7,19.2,17.7,87,X, ,X,낮음
9/20/2023,의정부(532),X,25.3,22.2,20.2,18.4,96,X, ,X,낮음
9/20/2023,횡성(536),X,24.3,21.5,19.7,17.8,90,X, ,X,낮음
9/20/2023,고양(540),X,,,,,,X, ,X,낮음
9/20/2023,남양주(541),X,24.9,22.1,20.4,18.6,88,X, ,X,낮음
9/20/2023,안산(545),X,24.5,21.3,19.9,18.4,95,X, ,X,낮음
9/20/2023,경기광주(546),X,24.7,21.7,19.5,17.8,94,X, ,X,낮음
9/20/2023,여주(548),X,24.7,22.2,19.3,17.4,97,X, ,X,낮음
9/20/2023,용인(549),X,24.1,21.3,19.5,17.8,92,X, ,X,낮음
9/20/2023,오산(550),X,25.1,21.9,20.6,18.8,93,X, ,X,낮음
9/20/2023,평택(551),X,27.1,23.8,20.5,18.5,100,X, ,X,낮음
9/20/2023,화천(555),X,24.4,21.3,19.7,16.4,97,X, ,X,낮음
9/20/2023,양구(556),X,23.9,21.2,19.1,16.2,92,X, ,X,낮음
9/20/2023,시흥(565),X,25.8,22.7,20.8,19.2,92,X, ,X,낮음
9/20/2023,구리(569),X,24.7,22.3,19.9,18.5,89,X, ,X,낮음
9/20/2023,화성(571),X,25.7,22.8,20.7,19,92,X, ,X,낮음
9/20/2023,성남(572),X,,,,,,X, ,X,낮음
9/20/2023,과천(590),X,25.3,22.3,20.3,18.7,96,X, ,X,낮음
9/20/2023,양주(598),X,24.9,21.9,20.3,17.8,95,X, ,X,낮음
9/20/2023,단양(601),X,24.7,22.2,20.3,19,96,X, ,X,보통
9/20/2023,진천(602),X,25.1,22.8,20.7,18.9,92,X, ,X,낮음
9/20/2023,괴산(603),X,24.9,22.2,20.4,19,96,X, ,X,낮음
9/20/2023,옥천(604),X,27,24.4,22.4,21.1,97,X, ,X,낮음
9/20/2023,홍북(608),X,24.6,21.7,19.8,18,99,X, ,X,낮음
9/20/2023,공주(612),X,25,22.1,20.9,19.2,95,X, ,X,낮음
9/20/2023,서천(614),X,25.3,22.6,21.1,19.3,96,X, ,X,낮음
9/20/2023,논산(615),X,26.1,23.7,21.7,20.4,94,X, ,X,낮음
9/20/2023,당진(616),X,25.7,22.6,20.6,19,99,X, ,X,낮음
9/20/2023,청양(618),X,24.6,21.8,20.4,19.3,97,X, ,X,낮음
9/20/2023,음성(619),X,23.8,21,19.5,18.1,95,X, ,X,낮음
9/20/2023,증평(623),X,25.5,22.7,20.6,19.5,97,X, ,X,보통
9/20/2023,태안(627),X,26.4,24,21.3,19.5,92,X, ,X,낮음
9/20/2023,예산(628),X,25.6,22.5,20.8,18.9,97,X, ,X,낮음
9/20/2023,아산(634),X,25.6,22.8,20.9,18.8,93,X, ,X,낮음
9/20/2023,계룡(636),X,25.1,22.9,20.6,19.4,97,X, ,X,낮음
9/20/2023,연천청산(652),X,24.8,21.9,20.5,18.5,89,X, ,X,낮음
9/20/2023,양양(670),X,26.4,25.7,19.6,16.2,90,X, ,X,낮음
9/20/2023,무안(699),X,29.5,27.2,24,20.1,91,X, ,X,낮음
9/20/2023,무주(701),X,25.4,23.1,20.3,19.6,96,X, ,X,낮음
9/20/2023,익산(702),X,27,23.9,21.7,20.7,94,X, ,X,낮음
9/20/2023,진안(703),X,26.1,23.4,20.6,18.7,96,X, ,X,낮음
9/20/2023,담양(706),X,27.9,24.9,23.1,20.1,95,X, ,X,낮음
9/20/2023,구례(709),X,29.5,26.9,22.8,19.6,96,X, ,X,보통
9/20/2023,나주(710),X,29.1,26.3,23.5,19.5,95,X, ,X,낮음
9/20/2023,순천시(712),X,30.3,27.6,24.2,20.4,93,X, ,X,보통
9/20/2023,광양읍(713),X,29.8,26.4,23.4,20.3,97,X, ,X,보통
9/20/2023,장성(730),X,28.4,25.8,22.9,19.9,94,X, ,X,낮음
9/20/2023,영암(731),X,30.5,28.7,24.7,19.3,91,X, ,X,낮음
9/20/2023,보성(732),X,28.8,26,22.6,17.8,95,X, ,X,보통
9/20/2023,완주(734),X,27.4,25.2,22.1,20.4,93,X, ,X,낮음
9/20/2023,김제(737),X,27.3,24.5,21.8,20.3,93,X, ,X,낮음
9/20/2023,화순(741),X,28.6,26.6,23.7,19.3,87,X, ,X,낮음
9/20/2023,함평(754),X,29.4,26.6,23.7,19.9,95,X, ,X,낮음
9/20/2023,곡성(768),X,28.5,26.1,22.4,19.1,97,X, ,X,보통
9/20/2023,압해도(789),X,29.3,26.7,24.1,21.1,92,X, ,X,낮음
9/20/2023,영양(801),X,25.6,22.6,20.1,19,98,X, ,X,보통
9/20/2023,성주(810),X,26.5,24.4,21.9,20.9,90,X, ,X,보통
9/20/2023,고령(812),X,27,24,21.2,19.6,99,X, ,X,보통
9/20/2023,청도(813),X,26.9,25,22.1,19.4,94,X, ,X,보통
9/20/2023,예천(815),X,24.8,21.9,20.3,19.1,95,X, ,X,보통
9/20/2023,김천(822),X,25.4,22.8,20.7,19.7,97,X, ,X,낮음
9/20/2023,군위(823),X,25.9,23.2,21.1,20.1,96,X, ,X,낮음
9/20/2023,칠곡(825),X,27.1,24.2,22,20.8,98,X, ,X,보통
9/20/2023,경산(827),X,27.1,25.2,22.1,20.4,90,X, ,X,보통
9/20/2023,삼척(876),X,25.2,24.2,20.7,18.5,88,X, ,X,낮음
9/20/2023,속초(90),X,26.2,25.5,19.6,16.3,88.5,X, ,X,낮음
9/20/2023,삼천포(907),X,29,26.3,23.6,20.5,95,X, ,X,보통
9/20/2023,고성(918),X,30.2,27.9,24,19.5,92,X, ,X,보통
9/20/2023,창녕(919),X,28.2,25.1,22.8,20,97,X, ,X,보통
9/20/2023,함안(920),X,28.4,25.6,22.3,18.8,97,X, ,X,보통
9/20/2023,북춘천(93),X,24.9,22.2,,18.7,,X, ,X,낮음
9/20/2023,하동(932),X,29.5,26.8,22.7,19.9,95,X, ,X,보통
9/20/2023,철원(95),X,24.4,21.4,19.4,16.7,93.9,X, ,X,낮음
9/20/2023,동두천(98),X,25.1,22.2,19.8,17.7,95.1,X, ,X,낮음
9/20/2023,파주(99),X,25.4,22.2,20.1,16.7,96.3,X, ,X,낮음
9/21/2023,북강릉(104),X,22,21.2,17.6,14.3,78.6,X, ,X,낮음
9/21/2023,동해(106),X,22.5,21.4,17.8,14.7,84.9,X, ,X,낮음
9/21/2023,서울(108),X,23.9,23.6,20.1,17.5,70.9,X, ,X,낮음
9/21/2023,인천(112),X,23.6,22.8,19.8,17.4,71.9,X, ,X,낮음
9/21/2023,원주(114),X,22.9,23,19.9,16.6,67.5,X, ,X,낮음
9/21/2023,울릉도(115),X,23.4,20.2,18.3,17.1,86.3,X, ,X,낮음
9/21/2023,수원(119),X,22.9,22.4,19.7,15.8,70.3,X, ,X,낮음
9/21/2023,영월(121),X,24,24,18.8,14.9,71.1,X, ,X,낮음
9/21/2023,충주(127),X,23.6,23.3,19.2,14.9,78,X, ,X,낮음
9/21/2023,서산(129),X,23.9,22.8,19.5,15.2,77,X, ,X,낮음
9/21/2023,울진(130),X,24.1,22.9,18.7,16.3,82.8,X, ,X,낮음
9/21/2023,청주(131),X,23.7,23,20,17.5,74.5,X, ,X,낮음
9/21/2023,대전(133),X,23.2,21.5,18.4,16.2,89.3,X, ,X,낮음
9/21/2023,추풍령(135),X,22.4,20.2,18.3,17.4,91,X, ,X,낮음
9/21/2023,안동(136),X,23.4,21.9,19.3,17.6,86.9,X, ,X,낮음
9/21/2023,상주(137),X,23.1,20.7,19.2,18.2,95,X, ,X,낮음
9/21/2023,포항(138),X,23.9,22,20.7,19.6,73.9,X, ,X,낮음
9/21/2023,군산(140),X,24.6,23,19.7,16.8,86.1,X, ,X,낮음
9/21/2023,대구(143),X,24.3,21.2,19.5,18.2,91,X, ,X,낮음
9/21/2023,전주(146),X,25,23,20.4,18.3,88,X, ,X,낮음
9/21/2023,울산(152),X,26.5,23.4,19.5,17.8,84.8,X, ,X,낮음
9/21/2023,창원(155),X,28.9,26.3,21.3,19.1,84.5,X, ,X,낮음
9/21/2023,광주(156),X,28.3,25,21.3,19.6,98.1,X, ,X,낮음
9/21/2023,부산(159),X,28.8,26.6,21.5,19.3,77.4,X, ,X,낮음
9/21/2023,통영(162),X,29.5,27.1,21.8,19.2,87.6,X, ,X,낮음
9/21/2023,목포(165),X,27.1,24.1,20.9,19.4,87.6,X, ,X,낮음
9/21/2023,여수(168),X,28.5,26,22.3,20.6,89.6,X, ,X,낮음
9/21/2023,흑산도(169),X,25.3,23.4,20.8,19.1,88.3,X, ,X,낮음
9/21/2023,완도(170),X,27.8,25.2,22.3,20.8,83.3,X, ,X,낮음
9/21/2023,고창(172),X,26.5,23.6,19.9,17.4,90.6,X, ,X,낮음
9/21/2023,제주(184),X,28,26.2,24,22.8,72.9,X, ,X,낮음
9/21/2023,진주(192),X,29.1,26.2,21,19.1,94,X, ,X,낮음
9/21/2023,양평(202),X,22.6,22.4,19.6,15.4,70.6,X, ,X,낮음
9/21/2023,이천(203),X,23,22.3,18.9,14.8,78.3,X, ,X,낮음
9/21/2023,인제(211),X,22.2,22,17.6,13.2,74.4,X, ,X,낮음
9/21/2023,홍천(212),X,23,22.9,18.6,14.7,72.9,X, ,X,낮음
9/21/2023,태백(216),X,18.6,17.2,13.8,11.2,88.6,X, ,X,낮음
9/21/2023,정선군(217),X,22,21.7,16.8,12.2,76.8,X, ,X,낮음
9/21/2023,제천(221),X,22.5,21.8,17.9,13.6,80,X, ,X,낮음
9/21/2023,보은(226),X,23.3,20.8,18.7,16.6,95.3,X, ,X,낮음
9/21/2023,천안(232),X,23.6,22.5,18.9,14.6,82,X, ,X,낮음
9/21/2023,보령(235),X,23.5,22.4,19.4,16.9,82.8,X, ,X,낮음
9/21/2023,부여(236),X,24.2,22.8,19.3,15.8,88.1,X, ,X,낮음
9/21/2023,금산(238),X,23.6,21.8,19.1,17.4,94.6,X, ,X,낮음
9/21/2023,세종(239),X,23.4,21.7,18.7,16.1,86,X, ,X,낮음
9/21/2023,부안(243),X,24.8,23.3,20.2,17.4,89,X, ,X,낮음
9/21/2023,임실(244),X,26.5,23.4,20,18,92.9,X, ,X,낮음
9/21/2023,정읍(245),X,24.8,21.9,19.7,17.6,87.8,X, ,X,낮음
9/21/2023,남원(247),X,28.3,26,20.8,18.9,96.4,X, ,X,낮음
9/21/2023,장수(248),X,26.4,23.8,19.1,17.4,97,X, ,X,낮음
9/21/2023,영광군(252),X,26.6,23.7,20.4,17.7,87.8,X, ,X,낮음
9/21/2023,김해시(253),X,29,26,21.7,19,85.5,X, ,X,낮음
9/21/2023,순창군(254),X,27.3,24.5,20.8,18,89.3,X, ,X,낮음
9/21/2023,양산시(257),X,30.1,27,21.8,19.5,82,X, ,X,낮음
9/21/2023,강진군(259),X,28.2,25.5,21.7,19.8,87.4,X, ,X,낮음
9/21/2023,장흥(260),X,28.1,26,21.5,20,91.8,X, ,X,낮음
9/21/2023,해남(261),X,27.9,25.1,21.4,19,86,X, ,X,낮음
9/21/2023,고흥(262),X,27.1,25,21.5,19.2,89.1,X, ,X,낮음
9/21/2023,의령군(263),X,28.7,26.9,21.2,19.3,86.9,X, ,X,낮음
9/21/2023,함양군(264),X,24.6,22.1,20.6,19.1,91.6,X, ,X,낮음
9/21/2023,진도군ASOS(268),X,26,23.2,21.3,18.1,82.6,X, ,X,낮음
9/21/2023,봉화(271),X,22,21.3,18.4,15.8,75.6,X, ,X,낮음
9/21/2023,영주(272),X,23,21.3,18.6,15.9,91.6,X, ,X,낮음
9/21/2023,문경(273),X,23.1,20.8,19,18.1,93.9,X, ,X,낮음
9/21/2023,청송군(276),X,22.7,20.8,18.6,16.7,90.9,X, ,X,낮음
9/21/2023,영덕(277),X,22.9,21.2,18.9,16.1,80.3,X, ,X,낮음
9/21/2023,의성(278),X,23.7,21.5,19.6,18.3,92.5,X, ,X,낮음
9/21/2023,구미(279),X,23.4,22,19.7,18.2,85.5,X, ,X,낮음
9/21/2023,영천(281),X,24.2,21.4,19.1,17.5,95.5,X, ,X,낮음
9/21/2023,경주시(283),X,24.2,21.8,19.6,17.8,84.8,X, ,X,낮음
9/21/2023,거창(284),X,23.7,21.4,19.3,17.9,95.1,X, ,X,낮음
9/21/2023,합천(285),X,25.4,22.6,20.3,18.9,88.6,X, ,X,낮음
9/21/2023,밀양(288),X,27.2,24.3,21,18.6,78.4,X, ,X,낮음
9/21/2023,산청(289),X,25,22.6,20.4,18.7,95.9,X, ,X,낮음
9/21/2023,거제(294),X,29.2,26.7,21.3,19.2,89.6,X, ,X,낮음
9/21/2023,남해(295),X,29.1,26.6,21.8,20.1,94.6,X, ,X,낮음
9/21/2023,부천(433),X,22.7,22.6,18.7,16.3,67,X, ,X,낮음
9/21/2023,안양(434),X,,,,,,X, ,X,낮음
9/21/2023,광명(437),X,24.1,24.7,21.4,19.2,61,X, ,X,낮음
9/21/2023,군포(438),X,22.7,22.8,19.9,16.9,65,X, ,X,낮음
9/21/2023,김포(441),X,,23.1,19.6,16.2,,X, ,X,낮음
9/21/2023,하남(444),X,22.3,22.1,18.5,13.8,68,X, ,X,낮음
9/21/2023,의왕(445),X,23.1,22,18.5,14.9,76,X, ,X,낮음
9/21/2023,포천(504),X,23.1,22.9,18.3,13.6,75,X, ,X,낮음
9/21/2023,가평조종(505),X,23.4,22.7,18.5,14.1,81,X, ,X,낮음
9/21/2023,안성(516),X,22.9,22.2,19,14.7,78,X, ,X,낮음
9/21/2023,간성(517),X,22.4,21.6,17.1,13.2,81,X, ,X,낮음
9/21/2023,평창(526),X,22.9,23,17.9,13.7,69,X, ,X,낮음
9/21/2023,의정부(532),X,24.5,23.1,18.7,14.7,85,X, ,X,낮음
9/21/2023,횡성(536),X,23.9,23.5,19,14.7,72,X, ,X,낮음
9/21/2023,고양(540),X,,,,,,X, ,X,낮음
9/21/2023,남양주(541),X,23.9,24.3,19.6,15.2,68,X, ,X,낮음
9/21/2023,안산(545),X,24,23.4,18.6,13.6,79,X, ,X,낮음
9/21/2023,경기광주(546),X,21.7,21.8,18.3,14.3,69,X, ,X,낮음
9/21/2023,여주(548),X,22.3,21.5,18.6,15.2,77,X, ,X,낮음
9/21/2023,용인(549),X,21.8,21.4,18.2,13.9,74,X, ,X,낮음
9/21/2023,오산(550),X,23.4,22.9,19.3,14.6,76,X, ,X,낮음
9/21/2023,평택(551),X,23.3,22.2,19.4,15.9,79,X, ,X,낮음
9/21/2023,화천(555),X,23,22.1,18.1,14.5,86,X, ,X,낮음
9/21/2023,양구(556),X,21.6,21.5,17.4,13,74,X, ,X,낮음
9/21/2023,시흥(565),X,23.9,23.5,19.6,14.7,74,X, ,X,낮음
9/21/2023,구리(569),X,23.8,23.7,19.7,15.8,67,X, ,X,낮음
9/21/2023,화성(571),X,23.6,23.1,20,16.5,73,X, ,X,낮음
9/21/2023,성남(572),X,,,,,,X, ,X,낮음
9/21/2023,과천(590),X,23.4,22.8,19.2,14.5,76,X, ,X,낮음
9/21/2023,양주(598),X,24.1,23.4,18.2,13.5,81,X, ,X,낮음
9/21/2023,단양(601),X,24.1,23.9,19,15,81,X, ,X,낮음
9/21/2023,진천(602),X,23.5,22.9,19,14.9,78,X, ,X,낮음
9/21/2023,괴산(603),X,24.8,24.3,18.8,14.7,84,X, ,X,낮음
9/21/2023,옥천(604),X,25.2,23.1,20.8,19.2,93,X, ,X,낮음
9/21/2023,홍북(608),X,22.7,21.7,18.2,14.6,83,X, ,X,낮음
9/21/2023,공주(612),X,23.8,22.5,18.9,15.3,87,X, ,X,낮음
9/21/2023,서천(614),X,24.7,23.2,19.7,15.4,86,X, ,X,낮음
9/21/2023,논산(615),X,24.7,23,19.8,16.3,87,X, ,X,낮음
9/21/2023,당진(616),X,24.2,23,19.4,15.5,83,X, ,X,낮음
9/21/2023,청양(618),X,23,21.6,18.2,15,88,X, ,X,낮음
9/21/2023,음성(619),X,23.1,22.5,17.9,13.2,83,X, ,X,낮음
9/21/2023,증평(623),X,24.8,23.8,19.4,15.4,84,X, ,X,낮음
9/21/2023,태안(627),X,24.8,23.3,19.9,17.4,79,X, ,X,낮음
9/21/2023,예산(628),X,23.5,22.5,19.4,16.1,82,X, ,X,낮음
9/21/2023,아산(634),X,23.3,22.7,19.6,15.9,77,X, ,X,낮음
9/21/2023,계룡(636),X,23.2,21.2,18,13.8,92,X, ,X,낮음
9/21/2023,연천청산(652),X,22.5,22.5,18.3,13.7,75,X, ,X,낮음
9/21/2023,양양(670),X,21.8,21.4,18.3,14.7,74,X, ,X,낮음
9/21/2023,무안(699),X,26.9,23.8,20.6,17.3,90,X, ,X,낮음
9/21/2023,무주(701),X,23.8,21.7,19.4,17.9,93,X, ,X,낮음
9/21/2023,익산(702),X,24.3,23,20.2,18,82,X, ,X,낮음
9/21/2023,진안(703),X,23.6,20.5,18.7,17.4,96,X, ,X,낮음
9/21/2023,담양(706),X,27.5,24.5,21.7,18.6,93,X, ,X,낮음
9/21/2023,구례(709),X,28.9,26.6,22.3,19.8,95,X, ,X,낮음
9/21/2023,나주(710),X,27.1,24.1,21.4,17.9,90,X, ,X,낮음
9/21/2023,순천시(712),X,28.8,26.4,22.9,20.5,95,X, ,X,낮음
9/21/2023,광양읍(713),X,28.8,25.6,22.3,20.4,99,X, ,X,낮음
9/21/2023,장성(730),X,26.5,23.5,20.3,17.2,90,X, ,X,낮음
9/21/2023,영암(731),X,28.6,26,21.5,19.2,93,X, ,X,낮음
9/21/2023,보성(732),X,27,24.2,21.2,18.8,90,X, ,X,낮음
9/21/2023,완주(734),X,25.6,24.2,20.3,16.8,89,X, ,X,낮음
9/21/2023,김제(737),X,24.8,23.1,19.8,17.6,88,X, ,X,낮음
9/21/2023,화순(741),X,27,24.6,21.3,19.3,87,X, ,X,낮음
9/21/2023,함평(754),X,27,23.7,20.8,17.3,89,X, ,X,낮음
9/21/2023,곡성(768),X,27.4,24.1,21.1,17.9,95,X, ,X,낮음
9/21/2023,압해도(789),X,26.6,25,21.3,18.5,87,X, ,X,낮음
9/21/2023,영양(801),X,23.3,21.5,18.4,15.4,88,X, ,X,낮음
9/21/2023,성주(810),X,23.9,21.9,19.7,18.3,88,X, ,X,낮음
9/21/2023,고령(812),X,24.5,21.3,19.5,17.9,99,X, ,X,낮음
9/21/2023,청도(813),X,26.6,23.4,19.9,17.7,88,X, ,X,낮음
9/21/2023,예천(815),X,23.5,21.8,19.5,18.1,88,X, ,X,낮음
9/21/2023,김천(822),X,23.3,21.2,19.2,17.7,94,X, ,X,낮음
9/21/2023,군위(823),X,23.4,21.2,19.4,17.9,92,X, ,X,낮음
9/21/2023,칠곡(825),X,24.5,22.2,19.9,18.4,97,X, ,X,낮음
9/21/2023,경산(827),X,24.5,21.7,19.6,17.9,94,X, ,X,낮음
9/21/2023,삼척(876),X,23.1,22.2,17.8,15.6,82,X, ,X,낮음
9/21/2023,속초(90),X,22.4,22,17.7,14,76.9,X, ,X,낮음
9/21/2023,삼천포(907),X,28.7,25.5,21.8,19.7,95,X, ,X,낮음
9/21/2023,고성(918),X,29.9,27.4,21.9,19.9,94,X, ,X,낮음
9/21/2023,창녕(919),X,27.6,24.3,20.5,19,95,X, ,X,낮음
9/21/2023,함안(920),X,27.8,24.5,20.1,18.1,98,X, ,X,낮음
9/21/2023,북춘천(93),X,23.2,22.9,18.8,13.7,72.3,X, ,X,낮음
9/21/2023,하동(932),X,29,26.5,21.9,19.8,95,X, ,X,낮음
9/21/2023,철원(95),X,22.9,22.8,17.6,13,77.5,X, ,X,낮음
9/21/2023,동두천(98),X,22.9,22,18.2,14.1,79.6,X, ,X,낮음
9/21/2023,파주(99),X,23.7,23,17.8,13.7,85.3,X, ,X,낮음
9/22/2023,북강릉(104),X,23.3,23,18,12.4,73.9,X, ,X,낮음
9/22/2023,동해(106),X,25.2,24.9,18.4,13.4,79,X, ,X,낮음
9/22/2023,서울(108),X,25.7,26.7,20.5,15.2,68.4,X, ,X,낮음
9/22/2023,인천(112),X,24.5,25.3,21,16.9,70.4,X, ,X,낮음
9/22/2023,원주(114),X,24.1,24.5,18.3,14.2,77.8,X, ,X,낮음
9/22/2023,울릉도(115),X,22.5,21.4,18.7,15.8,68.9,X, ,X,낮음
9/22/2023,수원(119),X,25.3,26.2,19.7,13.9,73.5,X, ,X,낮음
9/22/2023,영월(121),X,24.6,24.4,17.3,13.6,78.9,X, ,X,낮음
9/22/2023,충주(127),X,24.5,24.8,18.8,14.1,78.3,X, ,X,낮음
9/22/2023,서산(129),X,24.6,25.5,19,13.4,74,X, ,X,낮음
9/22/2023,울진(130),X,24.1,23.6,19.1,13.8,76.6,X, ,X,낮음
9/22/2023,청주(131),X,24.8,25.4,19.9,15.3,69.4,X, ,X,낮음
9/22/2023,대전(133),X,24.4,24.9,18.6,14.9,79.8,X, ,X,낮음
9/22/2023,추풍령(135),X,24.2,24.3,18.1,14.3,80.4,X, ,X,낮음
9/22/2023,안동(136),X,25.2,25.8,19.8,16.1,78.1,X, ,X,낮음
9/22/2023,상주(137),X,25.9,25.7,19.9,15.8,83.8,X, ,X,낮음
9/22/2023,포항(138),X,24.1,23.7,20.9,17.3,67.3,X, ,X,낮음
9/22/2023,군산(140),X,25.4,25.6,19.5,14.8,76.3,X, ,X,낮음
9/22/2023,대구(143),X,25.8,26.5,21.1,17.8,73.1,X, ,X,낮음
9/22/2023,전주(146),X,25.4,25.1,20.3,16.9,78.5,X, ,X,낮음
9/22/2023,울산(152),X,24.7,23.9,19.8,17.1,77.1,X, ,X,낮음
9/22/2023,창원(155),X,26.6,26.1,21.4,18.6,75.8,X, ,X,낮음
9/22/2023,광주(156),X,27,26.5,20.9,16.9,85.1,X, ,X,낮음
9/22/2023,부산(159),X,26.7,26.5,22.1,19.4,63.3,X, ,X,낮음
9/22/2023,통영(162),X,27.7,26.8,21.7,19.3,79.6,X, ,X,낮음
9/22/2023,목포(165),X,25.3,24.7,20.7,17.5,79,X, ,X,낮음
9/22/2023,여수(168),X,26.6,25,22.3,20.3,81.1,X, ,X,낮음
9/22/2023,흑산도(169),X,25,23.7,20.5,18.3,78.5,X, ,X,낮음
9/22/2023,완도(170),X,27.9,27,21.9,18.4,81,X, ,X,낮음
9/22/2023,고창(172),X,25.3,24.9,18.7,14,83.3,X, ,X,낮음
9/22/2023,제주(184),X,26.5,25.5,23.9,22.6,73.8,X, ,X,낮음
9/22/2023,진주(192),X,28.1,27.2,21.8,19,84,X, ,X,낮음
9/22/2023,양평(202),X,24.7,25.9,18.3,13.7,77.6,X, ,X,낮음
9/22/2023,이천(203),X,25.7,25.4,17.8,12.5,86.5,X, ,X,낮음
9/22/2023,인제(211),X,24.4,25.1,16.8,12.9,81.3,X, ,X,낮음
9/22/2023,홍천(212),X,23.8,24.6,17.1,13.5,79.5,X, ,X,낮음
9/22/2023,태백(216),X,22.3,22.3,14.6,9.3,84.9,X, ,X,낮음
9/22/2023,정선군(217),X,26,26.6,17.1,12.2,75.3,X, ,X,낮음
9/22/2023,제천(221),X,23.6,23.6,16.6,12.2,85.8,X, ,X,낮음
9/22/2023,보은(226),X,24.4,24.3,18.4,13.6,83.1,X, ,X,낮음
9/22/2023,천안(232),X,24.2,24.6,17.6,12.9,83,X, ,X,낮음
9/22/2023,보령(235),X,24.8,25,19.4,15,75.4,X, ,X,낮음
9/22/2023,부여(236),X,25.4,25.6,18.6,14.1,82.8,X, ,X,낮음
9/22/2023,금산(238),X,24.5,24.3,18.5,13.8,83.5,X, ,X,낮음
9/22/2023,세종(239),X,24.8,24.6,18.4,14.6,81.8,X, ,X,낮음
9/22/2023,부안(243),X,25.2,25.4,19.4,14.3,82.3,X, ,X,낮음
9/22/2023,임실(244),X,25.5,24.9,19.2,14.5,83,X, ,X,낮음
9/22/2023,정읍(245),X,25,24.8,19.1,15.6,80.4,X, ,X,낮음
9/22/2023,남원(247),X,26,26.4,20.7,16.5,80.6,X, ,X,낮음
9/22/2023,장수(248),X,24.8,24.4,18.4,13.4,85.9,X, ,X,낮음
9/22/2023,영광군(252),X,25.1,24.7,19.3,14.8,82.3,X, ,X,낮음
9/22/2023,김해시(253),X,28.8,28,21.9,18.4,76.9,X, ,X,낮음
9/22/2023,순창군(254),X,26.8,26.6,19.6,15.3,81.4,X, ,X,낮음
9/22/2023,양산시(257),X,27.8,27.7,22.3,19,72,X, ,X,낮음
9/22/2023,강진군(259),X,28.7,28.7,21.4,16.8,80.9,X, ,X,낮음
9/22/2023,장흥(260),X,27.8,27.6,21.3,16.8,84,X, ,X,낮음
9/22/2023,해남(261),X,27.1,26.8,20.1,15.4,85.4,X, ,X,낮음
9/22/2023,고흥(262),X,27.3,26.1,21,18.7,88.9,X, ,X,낮음
9/22/2023,의령군(263),X,27.7,27.5,21.5,18.1,80.3,X, ,X,낮음
9/22/2023,함양군(264),X,27.7,28.7,21.4,16.7,77.5,X, ,X,낮음
9/22/2023,진도군ASOS(268),X,25.9,25.2,20.5,16.6,80.4,X, ,X,낮음
9/22/2023,봉화(271),X,23,23.2,17.3,12.8,80.6,X, ,X,낮음
9/22/2023,영주(272),X,24.2,24.1,18.4,14.2,83.8,X, ,X,낮음
9/22/2023,문경(273),X,25.2,25.1,19.4,15.1,83.8,X, ,X,낮음
9/22/2023,청송군(276),X,25.8,25.7,18,13.8,86.1,X, ,X,낮음
9/22/2023,영덕(277),X,23.9,23.2,18.5,14.5,79.9,X, ,X,낮음
9/22/2023,의성(278),X,25.4,25.3,19.1,15.2,84.6,X, ,X,낮음
9/22/2023,구미(279),X,25.9,26,20.1,16.8,77.5,X, ,X,낮음
9/22/2023,영천(281),X,24.6,24.4,19.4,15.2,80.6,X, ,X,낮음
9/22/2023,경주시(283),X,26,25.6,20,15.6,79.4,X, ,X,낮음
9/22/2023,거창(284),X,26.4,26.6,19.9,15.9,83,X, ,X,낮음
9/22/2023,합천(285),X,26.4,26.7,21.1,18.1,77.6,X, ,X,낮음
9/22/2023,밀양(288),X,26.5,26.9,21.5,17.1,71.4,X, ,X,낮음
9/22/2023,산청(289),X,28.1,27.3,20.9,17.7,85.8,X, ,X,낮음
9/22/2023,거제(294),X,26.5,25.7,21.1,17.9,79.6,X, ,X,낮음
9/22/2023,남해(295),X,26.5,25.5,21.4,19.6,85.9,X, ,X,낮음
9/22/2023,부천(433),X,23.3,25.4,19.6,14.5,67,X, ,X,낮음
9/22/2023,안양(434),X,,,,,,X, ,X,낮음
9/22/2023,광명(437),X,25.3,27.1,21.5,17.1,62,X, ,X,낮음
9/22/2023,군포(438),X,25.2,26.7,20.1,15.3,66,X, ,X,낮음
9/22/2023,김포(441),X,,26.8,20,14.3,,X, ,X,낮음
9/22/2023,하남(444),X,24.8,25.1,17.5,12.4,75,X, ,X,낮음
9/22/2023,의왕(445),X,24.9,25.7,18.9,13.1,74,X, ,X,낮음
9/22/2023,포천(504),X,25.9,26.5,17.3,11.7,80,X, ,X,낮음
9/22/2023,가평조종(505),X,25.2,25.7,16.8,12.3,85,X, ,X,낮음
9/22/2023,안성(516),X,24.8,25.2,18.3,12.4,80,X, ,X,낮음
9/22/2023,간성(517),X,24,22.6,17.5,12,82,X, ,X,낮음
9/22/2023,평창(526),X,23.8,24.9,16.7,12.3,74,X, ,X,낮음
9/22/2023,의정부(532),X,25.9,25.8,18.4,13,83,X, ,X,낮음
9/22/2023,횡성(536),X,25.2,25.8,17.4,12.9,78,X, ,X,낮음
9/22/2023,고양(540),X,,,,,,X, ,X,낮음
9/22/2023,남양주(541),X,25.9,26.5,18.6,12.7,73,X, ,X,낮음
9/22/2023,안산(545),X,25.5,26.5,17.9,11.5,82,X, ,X,낮음
9/22/2023,경기광주(546),X,24.1,25.2,17.7,13.9,74,X, ,X,낮음
9/22/2023,여주(548),X,23.9,23.8,17.5,13.3,83,X, ,X,낮음
9/22/2023,용인(549),X,23.9,24.6,17.4,13.2,79,X, ,X,낮음
9/22/2023,오산(550),X,26.1,27.2,18.8,12.7,78,X, ,X,낮음
9/22/2023,평택(551),X,26.4,26.6,19.5,13.4,81,X, ,X,낮음
9/22/2023,화천(555),X,25.5,24.9,17.2,13.9,91,X, ,X,낮음
9/22/2023,양구(556),X,24.2,25.3,16.7,12.8,80,X, ,X,낮음
9/22/2023,시흥(565),X,25.1,26.9,19.3,12.8,76,X, ,X,낮음
9/22/2023,구리(569),X,25.5,26.3,18.9,13.6,72,X, ,X,낮음
9/22/2023,화성(571),X,25.5,26.3,20.1,14.4,75,X, ,X,낮음
9/22/2023,성남(572),X,,,,,,X, ,X,낮음
9/22/2023,과천(590),X,25.7,26.2,18.1,12.6,79,X, ,X,낮음
9/22/2023,양주(598),X,25.7,26.6,17.9,12.1,79,X, ,X,낮음
9/22/2023,단양(601),X,25.4,25.1,17.7,14,85,X, ,X,낮음
9/22/2023,진천(602),X,25.4,26.5,17.8,13.2,80,X, ,X,낮음
9/22/2023,괴산(603),X,24.9,25,17.8,12.6,84,X, ,X,낮음
9/22/2023,옥천(604),X,26.2,26.4,20.5,16.2,82,X, ,X,낮음
9/22/2023,홍북(608),X,24.6,25.2,17.9,12.4,79,X, ,X,낮음
9/22/2023,공주(612),X,25,25.2,18,13.4,82,X, ,X,낮음
9/22/2023,서천(614),X,25.1,25.6,18.4,13,81,X, ,X,낮음
9/22/2023,논산(615),X,25.7,26.5,19.1,13.8,79,X, ,X,낮음
9/22/2023,당진(616),X,25,25.4,18.9,13.5,80,X, ,X,낮음
9/22/2023,청양(618),X,24.3,24.6,17.1,12.8,85,X, ,X,낮음
9/22/2023,음성(619),X,23.9,24.1,16.6,11.9,83,X, ,X,낮음
9/22/2023,증평(623),X,24.4,24.8,18,13.8,83,X, ,X,낮음
9/22/2023,태안(627),X,25.2,25.9,21.1,17.1,69,X, ,X,낮음
9/22/2023,예산(628),X,25.1,25.3,18.9,13.5,81,X, ,X,낮음
9/22/2023,아산(634),X,25.3,25.3,18.8,13.1,79,X, ,X,낮음
9/22/2023,계룡(636),X,23.7,23.9,17.2,11.9,86,X, ,X,낮음
9/22/2023,연천청산(652),X,24.7,25.5,17,12,78,X, ,X,낮음
9/22/2023,양양(670),X,23.5,22.9,18.2,13.1,75,X, ,X,낮음
9/22/2023,무안(699),X,26.1,25.5,19.8,15.5,82,X, ,X,낮음
9/22/2023,무주(701),X,24.8,25.2,18.9,14.4,82,X, ,X,낮음
9/22/2023,익산(702),X,24.5,25.2,19.1,14.1,77,X, ,X,낮음
9/22/2023,진안(703),X,24.8,24.5,18.3,13.6,86,X, ,X,낮음
9/22/2023,담양(706),X,28.1,27.8,20.7,15.2,84,X, ,X,낮음
9/22/2023,구례(709),X,28.2,27.8,21.5,16.7,86,X, ,X,낮음
9/22/2023,나주(710),X,26.9,26.2,19.8,14.9,84,X, ,X,낮음
9/22/2023,순천시(712),X,28.4,27.3,22.6,20.1,87,X, ,X,낮음
9/22/2023,광양읍(713),X,28.3,27.9,22.7,19.7,84,X, ,X,낮음
9/22/2023,장성(730),X,26.4,26.1,19.1,15.4,83,X, ,X,낮음
9/22/2023,영암(731),X,27.5,27.5,20.2,16,87,X, ,X,낮음
9/22/2023,보성(732),X,27.8,27.4,20.3,15.8,86,X, ,X,낮음
9/22/2023,완주(734),X,26.1,25.8,19.3,15.5,83,X, ,X,낮음
9/22/2023,김제(737),X,25.1,25.1,19.5,14.9,79,X, ,X,낮음
9/22/2023,화순(741),X,28.3,27.9,20.5,16.3,80,X, ,X,낮음
9/22/2023,함평(754),X,26.2,26,19.7,14.8,82,X, ,X,낮음
9/22/2023,곡성(768),X,27.7,26.9,20,15.4,87,X, ,X,낮음
9/22/2023,압해도(789),X,27.1,26.3,20.7,17,81,X, ,X,낮음
9/22/2023,영양(801),X,25.6,25.4,18,13.7,84,X, ,X,낮음
9/22/2023,성주(810),X,25.8,26.3,20.7,17,76,X, ,X,낮음
9/22/2023,고령(812),X,26,25.5,20,16.7,88,X, ,X,낮음
9/22/2023,청도(813),X,26.7,26.3,20,15.9,82,X, ,X,낮음
9/22/2023,예천(815),X,25.5,25.7,19.7,15.9,78,X, ,X,낮음
9/22/2023,김천(822),X,26.4,26.1,19.3,15.4,85,X, ,X,낮음
9/22/2023,군위(823),X,25.7,25.6,19,15.5,84,X, ,X,낮음
9/22/2023,칠곡(825),X,25.9,26,20.3,16.9,86,X, ,X,낮음
9/22/2023,경산(827),X,26.4,27,20.8,17.4,77,X, ,X,낮음
9/22/2023,삼척(876),X,25.3,25.3,19.2,14.4,73,X, ,X,낮음
9/22/2023,속초(90),X,24.3,23.2,18.5,13.6,75.4,X, ,X,낮음
9/22/2023,삼천포(907),X,28,26.4,21.5,18.7,87,X, ,X,낮음
9/22/2023,고성(918),X,27.4,26.5,21.3,17.6,86,X, ,X,낮음
9/22/2023,창녕(919),X,27.1,26.9,21.2,17.7,84,X, ,X,낮음
9/22/2023,함안(920),X,27.3,26.7,20.2,16.9,89,X, ,X,낮음
9/22/2023,북춘천(93),X,24.6,25.5,17.8,12.7,80.9,X, ,X,낮음
9/22/2023,하동(932),X,27.9,27.1,21.9,19.3,84,X, ,X,낮음
9/22/2023,철원(95),X,24.4,25.3,17.1,10.7,79.3,X, ,X,낮음
9/22/2023,동두천(98),X,25,25.4,17.7,12.5,78.8,X, ,X,낮음
9/22/2023,파주(99),X,25.8,26.2,17.6,12.8,83.9,X, ,X,낮음
9/23/2023,북강릉(104),X,24.7,24,19.4,15.1,77.3,X, ,X,낮음
9/23/2023,동해(106),X,25.5,24.6,20.7,14.7,73.8,X, ,X,낮음
9/23/2023,서울(108),X,26.5,27.6,21.8,16.3,63.9,X, ,X,낮음
9/23/2023,인천(112),X,26,26.5,22.7,18.6,64.3,X, ,X,낮음
9/23/2023,원주(114),X,25.4,26.4,19.6,13.8,69.6,X, ,X,낮음
9/23/2023,울릉도(115),X,24.5,23,19.4,15.9,74.9,X, ,X,낮음
9/23/2023,수원(119),X,25.1,25.7,21.3,16.1,66.1,X, ,X,낮음
9/23/2023,영월(121),X,25.9,26.4,18.1,13.8,78.9,X, ,X,낮음
9/23/2023,충주(127),X,25.4,25.9,18.9,13.5,75.9,X, ,X,낮음
9/23/2023,서산(129),X,25.7,25.7,20.3,14.5,77.8,X, ,X,낮음
9/23/2023,울진(130),X,25.4,24.8,20.9,14.8,71.9,X, ,X,낮음
9/23/2023,청주(131),X,25.3,26.5,21.2,15.6,62.8,X, ,X,낮음
9/23/2023,대전(133),X,25.1,25.4,19.5,14.3,72.9,X, ,X,낮음
9/23/2023,추풍령(135),X,24.4,23.6,17.8,12,77.3,X, ,X,낮음
9/23/2023,안동(136),X,25.9,26.1,19.5,15.1,77.6,X, ,X,낮음
9/23/2023,상주(137),X,25.9,25.4,19,13.5,81.1,X, ,X,낮음
9/23/2023,포항(138),X,24.6,24.1,21.4,16.9,69.3,X, ,X,낮음
9/23/2023,군산(140),X,25.7,25.7,20.4,15.1,72.6,X, ,X,낮음
9/23/2023,대구(143),X,24.8,25.3,19.9,15.3,74,X, ,X,낮음
9/23/2023,전주(146),X,26.3,26.9,,15.3,,X, ,X,낮음
9/23/2023,울산(152),X,24,24.3,20.2,15.8,71.3,X, ,X,낮음
9/23/2023,창원(155),X,25.4,26.1,21.1,17.1,64.9,X, ,X,낮음
9/23/2023,광주(156),X,25.8,25.4,20.5,16.3,80.5,X, ,X,낮음
9/23/2023,부산(159),X,25.9,26.3,21.7,18.4,57.3,X, ,X,낮음
9/23/2023,통영(162),X,25.8,25.6,21.6,18.2,68.3,X, ,X,낮음
9/23/2023,목포(165),X,25.5,25.1,21.4,18,68.5,X, ,X,낮음
9/23/2023,여수(168),X,24.7,24.7,22.2,20.3,65.4,X, ,X,낮음
9/23/2023,흑산도(169),X,25.1,23.8,21.4,19.4,81.1,X, ,X,낮음
9/23/2023,완도(170),X,25.8,25.8,21.6,17.8,70,X, ,X,낮음
9/23/2023,고창(172),X,26.1,25.8,19,14.1,81.9,X, ,X,낮음
9/23/2023,제주(184),X,27.5,26.7,24.4,22.8,66,X, ,X,낮음
9/23/2023,진주(192),X,26.1,26.1,20.2,16.4,78,X, ,X,낮음
9/23/2023,양평(202),X,25.7,26.6,19.9,13.7,70.5,X, ,X,낮음
9/23/2023,이천(203),X,25.8,25.8,18.8,12.6,81.3,X, ,X,낮음
9/23/2023,인제(211),X,24.9,24.9,17.6,13.5,82.4,X, ,X,낮음
9/23/2023,홍천(212),X,26,27.1,18.4,12.9,77.9,X, ,X,낮음
9/23/2023,태백(216),X,21.2,20.9,14.9,8.9,84.5,X, ,X,낮음
9/23/2023,정선군(217),X,24.6,25,17.4,13.4,77.8,X, ,X,낮음
9/23/2023,제천(221),X,24.8,25.2,17.4,11.5,83,X, ,X,낮음
9/23/2023,보은(226),X,24.4,24,17.5,12.1,83.4,X, ,X,낮음
9/23/2023,천안(232),X,25.1,25.4,19.4,13.3,76.6,X, ,X,낮음
9/23/2023,보령(235),X,25.9,26.4,20.9,16,70,X, ,X,낮음
9/23/2023,부여(236),X,25.7,25.8,19.4,13.7,82.6,X, ,X,낮음
9/23/2023,금산(238),X,24.5,24.4,17.5,12.5,83.6,X, ,X,낮음
9/23/2023,세종(239),X,25.1,25,19.5,14.8,78.9,X, ,X,낮음
9/23/2023,부안(243),X,26.5,26.5,19.9,15.2,80.3,X, ,X,낮음
9/23/2023,임실(244),X,25.1,25,18,12.9,81.8,X, ,X,낮음
9/23/2023,정읍(245),X,25.8,25.3,19.4,14.6,76.8,X, ,X,낮음
9/23/2023,남원(247),X,25,25.5,19.8,14.3,72,X, ,X,낮음
9/23/2023,장수(248),X,23.5,23.7,16.8,12.1,82.1,X, ,X,낮음
9/23/2023,영광군(252),X,25.7,25.6,19.7,14.8,79.6,X, ,X,낮음
9/23/2023,김해시(253),X,27.3,27.8,20.9,16.2,73.9,X, ,X,낮음
9/23/2023,순창군(254),X,25.3,25.9,19.5,13.6,73,X, ,X,낮음
9/23/2023,양산시(257),X,26.5,27.6,21.3,16,70.1,X, ,X,낮음
9/23/2023,강진군(259),X,26.3,26.9,20.7,15.9,74.8,X, ,X,낮음
9/23/2023,장흥(260),X,26.2,26.5,20.4,15.1,73.3,X, ,X,낮음
9/23/2023,해남(261),X,26.2,26.3,19.8,14.6,81.6,X, ,X,낮음
9/23/2023,고흥(262),X,24.7,24.9,20.4,16.1,72.9,X, ,X,낮음
9/23/2023,의령군(263),X,26.6,26.8,20.4,16.7,77,X, ,X,낮음
9/23/2023,함양군(264),X,24.9,25.2,18.5,14.5,80.6,X, ,X,낮음
9/23/2023,진도군ASOS(268),X,25.8,25.9,19.8,15.7,78.6,X, ,X,낮음
9/23/2023,봉화(271),X,23.5,23.8,17,12.5,82.3,X, ,X,낮음
9/23/2023,영주(272),X,25,25.7,18,12.3,79.9,X, ,X,낮음
9/23/2023,문경(273),X,25.7,25.4,18.3,13,82.1,X, ,X,낮음
9/23/2023,청송군(276),X,24.7,24.4,18.2,13.3,82.6,X, ,X,낮음
9/23/2023,영덕(277),X,24.2,23.7,20.1,14.6,74.9,X, ,X,낮음
9/23/2023,의성(278),X,25.9,26.1,18.6,13.4,81.8,X, ,X,낮음
9/23/2023,구미(279),X,26,26.2,19.3,15,74.9,X, ,X,낮음
9/23/2023,영천(281),X,24.7,24.9,18.9,13.3,77.8,X, ,X,낮음
9/23/2023,경주시(283),X,24.9,25.1,19.1,13.7,76.6,X, ,X,낮음
9/23/2023,거창(284),X,24.6,24.4,17.7,13.4,80.8,X, ,X,낮음
9/23/2023,합천(285),X,25.5,26.4,19.8,16.3,77.4,X, ,X,낮음
9/23/2023,밀양(288),X,25.1,26.5,20.9,16.5,64.9,X, ,X,낮음
9/23/2023,산청(289),X,25.6,25.5,19,14.8,82.1,X, ,X,낮음
9/23/2023,거제(294),X,25.8,25.8,21,16.8,70.5,X, ,X,낮음
9/23/2023,남해(295),X,25.6,25.5,21.9,19.4,71.3,X, ,X,낮음
9/23/2023,부천(433),X,24.7,26.1,20.7,15.8,63,X, ,X,낮음
9/23/2023,안양(434),X,,,,,,X, ,X,낮음
9/23/2023,광명(437),X,26.6,27.7,23,19,59,X, ,X,낮음
9/23/2023,군포(438),X,25.5,26.8,21.6,17.2,63,X, ,X,낮음
9/23/2023,김포(441),X,,27.2,21.3,16,,X, ,X,낮음
9/23/2023,하남(444),X,25.5,26.2,19.6,13.4,68,X, ,X,낮음
9/23/2023,의왕(445),X,25.7,26.1,20.1,15.2,74,X, ,X,낮음
9/23/2023,포천(504),X,26.2,27.4,19.5,12.1,73,X, ,X,낮음
9/23/2023,가평조종(505),X,25.9,25.9,18.1,11.3,80,X, ,X,낮음
9/23/2023,안성(516),X,25.2,25.8,19.8,14.3,75,X, ,X,낮음
9/23/2023,간성(517),X,24.3,23.1,18.3,14.5,81,X, ,X,낮음
9/23/2023,평창(526),X,24.8,25.6,17.2,11.8,73,X, ,X,낮음
9/23/2023,의정부(532),X,27.1,27,20.1,13.5,79,X, ,X,낮음
9/23/2023,횡성(536),X,26,27.6,19,11.9,71,X, ,X,낮음
9/23/2023,고양(540),X,,,,,,X, ,X,낮음
9/23/2023,남양주(541),X,26.3,27.6,20.4,13.3,66,X, ,X,낮음
9/23/2023,안산(545),X,26,26.4,18.9,13.6,81,X, ,X,낮음
9/23/2023,경기광주(546),X,24.4,25.2,19.2,13.6,70,X, ,X,낮음
9/23/2023,여주(548),X,25,24.9,19.2,12.8,74,X, ,X,낮음
9/23/2023,용인(549),X,24.4,24.8,18.7,13.2,75,X, ,X,낮음
9/23/2023,오산(550),X,25.9,26.5,20.6,14.5,73,X, ,X,낮음
9/23/2023,평택(551),X,26.7,26.5,20.8,15.3,75,X, ,X,낮음
9/23/2023,화천(555),X,26.1,25.9,17.8,13.6,87,X, ,X,낮음
9/23/2023,양구(556),X,24.8,25.5,16.9,13.3,83,X, ,X,낮음
9/23/2023,시흥(565),X,26.2,26.9,20.7,15.3,75,X, ,X,낮음
9/23/2023,구리(569),X,26.3,26.9,20.5,14.3,67,X, ,X,낮음
9/23/2023,화성(571),X,26.1,26.8,21.4,16.5,70,X, ,X,낮음
9/23/2023,성남(572),X,,,,,,X, ,X,낮음
9/23/2023,과천(590),X,26.3,26.5,19.7,14.1,79,X, ,X,낮음
9/23/2023,양주(598),X,27.2,27.9,19.1,12.5,78,X, ,X,낮음
9/23/2023,단양(601),X,26.7,27,18.4,13.7,80,X, ,X,낮음
9/23/2023,진천(602),X,25.6,26.3,19.4,13.4,76,X, ,X,낮음
9/23/2023,괴산(603),X,25.5,26.1,17.9,11.5,84,X, ,X,낮음
9/23/2023,옥천(604),X,26.5,26.5,19.4,15.6,85,X, ,X,낮음
9/23/2023,홍북(608),X,25.7,26,18.9,13.4,78,X, ,X,낮음
9/23/2023,공주(612),X,25.1,25,18.8,13.4,82,X, ,X,낮음
9/23/2023,서천(614),X,25.9,26,19.2,12.7,80,X, ,X,낮음
9/23/2023,논산(615),X,25.9,26.2,19.7,13.8,77,X, ,X,낮음
9/23/2023,당진(616),X,25.9,25.8,20.1,16,83,X, ,X,낮음
9/23/2023,청양(618),X,25.4,25.7,17.9,12.3,84,X, ,X,낮음
9/23/2023,음성(619),X,24.5,24.6,17.1,11.2,81,X, ,X,낮음
9/23/2023,증평(623),X,26.2,26.5,19.3,13.4,80,X, ,X,낮음
9/23/2023,태안(627),X,25.8,25.6,21.4,16.8,73,X, ,X,낮음
9/23/2023,예산(628),X,26.3,26.7,20.6,15.1,76,X, ,X,낮음
9/23/2023,아산(634),X,25.5,26.7,20.5,14.8,74,X, ,X,낮음
9/23/2023,계룡(636),X,24.5,24.4,17.7,11.8,83,X, ,X,낮음
9/23/2023,연천청산(652),X,25.7,26.6,19,12.2,75,X, ,X,낮음
9/23/2023,양양(670),X,24.6,24,19.7,14.9,74,X, ,X,낮음
9/23/2023,무안(699),X,25.6,25.7,20.1,15.4,77,X, ,X,낮음
9/23/2023,무주(701),X,24.8,24.8,17.9,12.9,79,X, ,X,낮음
9/23/2023,익산(702),X,25.2,25.9,19.2,13.4,74,X, ,X,낮음
9/23/2023,진안(703),X,24,23.8,17.1,12.9,84,X, ,X,낮음
9/23/2023,담양(706),X,26.9,26.8,19.9,14.7,82,X, ,X,낮음
9/23/2023,구례(709),X,26.3,26.6,19.3,16,86,X, ,X,낮음
9/23/2023,나주(710),X,26.3,26.1,19.4,14.7,84,X, ,X,낮음
9/23/2023,순천시(712),X,26,25.9,21.7,17.1,72,X, ,X,낮음
9/23/2023,광양읍(713),X,26.3,27,22,16.8,68,X, ,X,낮음
9/23/2023,장성(730),X,25.6,25.9,18.8,13.9,79,X, ,X,낮음
9/23/2023,영암(731),X,27.5,27.9,19.9,14.4,83,X, ,X,낮음
9/23/2023,보성(732),X,25.2,25.4,19,13.9,78,X, ,X,낮음
9/23/2023,완주(734),X,26.3,26.6,19.3,14.5,79,X, ,X,낮음
9/23/2023,김제(737),X,26.9,26.6,20.1,14.8,76,X, ,X,낮음
9/23/2023,화순(741),X,26.8,26.4,19.5,14.3,80,X, ,X,낮음
9/23/2023,함평(754),X,26.1,26,19.7,14.8,79,X, ,X,낮음
9/23/2023,곡성(768),X,26.3,26.7,18.3,14.4,85,X, ,X,낮음
9/23/2023,압해도(789),X,26.9,26.4,20.9,16.6,77,X, ,X,낮음
9/23/2023,영양(801),X,24.5,24.3,17.9,13.4,84,X, ,X,낮음
9/23/2023,성주(810),X,25.3,25.6,19.5,15,75,X, ,X,낮음
9/23/2023,고령(812),X,25.3,25,18.5,14.9,86,X, ,X,낮음
9/23/2023,청도(813),X,25.4,25.1,18.7,15.2,81,X, ,X,낮음
9/23/2023,예천(815),X,26.1,26.7,18.7,13.5,81,X, ,X,낮음
9/23/2023,김천(822),X,25.7,25.1,17.6,13,88,X, ,X,낮음
9/23/2023,군위(823),X,26.4,26.4,18.7,14.3,84,X, ,X,낮음
9/23/2023,칠곡(825),X,26.2,26,19.6,15.8,84,X, ,X,낮음
9/23/2023,경산(827),X,25.8,26,19.5,15.1,77,X, ,X,낮음
9/23/2023,삼척(876),X,26.6,26,21,15.4,68,X, ,X,낮음
9/23/2023,속초(90),X,24.9,23.8,20.4,16.2,69.6,X, ,X,낮음
9/23/2023,삼천포(907),X,26.6,26.3,21,16.8,73,X, ,X,낮음
9/23/2023,고성(918),X,26,25.8,20.7,16.1,75,X, ,X,낮음
9/23/2023,창녕(919),X,26,26.2,19.9,15.4,80,X, ,X,낮음
9/23/2023,함안(920),X,26.1,26.1,19.4,15.1,81,X, ,X,낮음
9/23/2023,북춘천(93),X,25.7,26.3,18.6,12.1,76.5,X, ,X,낮음
9/23/2023,하동(932),X,26.3,26.5,21.6,17.5,71,X, ,X,낮음
9/23/2023,철원(95),X,25.7,26,18.4,12,78.4,X, ,X,낮음
9/23/2023,동두천(98),X,26,26.2,19.6,13.3,75.4,X, ,X,낮음
9/23/2023,파주(99),X,26.7,26.7,19.1,13.3,82,X, ,X,낮음
9/24/2023,북강릉(104),X,22.3,22.2,18.8,15.2,72.4,X, ,X,낮음
9/24/2023,동해(106),X,23.5,23.3,20.3,16.7,63.6,X, ,X,낮음
9/24/2023,서울(108),X,25,26.2,21.8,17.9,56.4,X, ,X,낮음
9/24/2023,인천(112),X,24.9,25.6,22.1,18.8,53.1,X, ,X,낮음
9/24/2023,원주(114),X,24,25.7,20,14.3,60.1,X, ,X,낮음
9/24/2023,울릉도(115),X,22.4,21.9,19.8,17.4,68.4,X, ,X,낮음
9/24/2023,수원(119),X,24.1,24.9,21.2,15.9,58,X, ,X,낮음
9/24/2023,영월(121),X,24.6,25.4,18.5,12.5,69.4,X, ,X,낮음
9/24/2023,충주(127),X,24.5,25.5,19.7,13.3,65.3,X, ,X,낮음
9/24/2023,서산(129),X,25.2,25.6,21,16.4,65.1,X, ,X,낮음
9/24/2023,울진(130),X,24.2,24.1,21.6,18.3,60.1,X, ,X,낮음
9/24/2023,청주(131),X,24.8,26.1,21.5,16.8,56.6,X, ,X,낮음
9/24/2023,대전(133),X,24.9,25.4,21.1,16.2,58.4,X, ,X,낮음
9/24/2023,추풍령(135),X,22.9,23.4,18.5,14,69.8,X, ,X,낮음
9/24/2023,안동(136),X,24.2,24.6,19.4,13.1,69.5,X, ,X,낮음
9/24/2023,상주(137),X,25.2,25.7,19.4,13.8,73.4,X, ,X,낮음
9/24/2023,포항(138),X,24.6,24,22.6,21.4,61.1,X, ,X,낮음
9/24/2023,군산(140),X,25.9,26.2,21.7,18,63.1,X, ,X,낮음
9/24/2023,대구(143),X,24.6,25.3,20.4,15.5,66.3,X, ,X,낮음
9/24/2023,전주(146),X,26.9,27.9,21.7,15.9,62.1,X, ,X,낮음
9/24/2023,울산(152),X,24.8,24.5,21.6,19,64.4,X, ,X,낮음
9/24/2023,창원(155),X,25.4,26.6,22.4,18.5,57.6,X, ,X,낮음
9/24/2023,광주(156),X,28,27.9,21.5,16.7,75,X, ,X,낮음
9/24/2023,부산(159),X,26.6,26.8,22.8,20.2,58,X, ,X,낮음
9/24/2023,통영(162),X,26.7,27.1,22.6,20,62.3,X, ,X,낮음
9/24/2023,목포(165),X,27.1,27.4,22.3,17.7,62.4,X, ,X,낮음
9/24/2023,여수(168),X,24.8,25.4,22.5,20.6,59.8,X, ,X,낮음
9/24/2023,흑산도(169),X,25,23.7,21.8,19.6,75.1,X, ,X,낮음
9/24/2023,완도(170),X,26.9,26.6,23.5,21.3,64.4,X, ,X,낮음
9/24/2023,고창(172),X,27.6,28,20.7,14.1,71.8,X, ,X,낮음
9/24/2023,제주(184),X,26.6,26.2,24.2,23,69.9,X, ,X,낮음
9/24/2023,진주(192),X,25.9,26.4,21.4,16.3,67.9,X, ,X,낮음
9/24/2023,양평(202),X,24.1,25.8,20.2,14.9,64.4,X, ,X,낮음
9/24/2023,이천(203),X,25.2,25.9,19.8,13.5,71,X, ,X,낮음
9/24/2023,인제(211),X,23.4,24.2,17.6,12.9,73.3,X, ,X,낮음
9/24/2023,홍천(212),X,24.5,26.2,18.8,13.1,67.6,X, ,X,낮음
9/24/2023,태백(216),X,19.3,18.8,14.8,13,78.5,X, ,X,낮음
9/24/2023,정선군(217),X,22.7,23,17,11.7,72,X, ,X,낮음
9/24/2023,제천(221),X,23.3,23.8,18,12.2,69.5,X, ,X,낮음
9/24/2023,보은(226),X,24,24.2,18.6,12.3,72.1,X, ,X,낮음
9/24/2023,천안(232),X,24.2,25,20.2,15,64.4,X, ,X,낮음
9/24/2023,보령(235),X,25.8,26.6,22.3,17.5,55.6,X, ,X,낮음
9/24/2023,부여(236),X,25.3,26,20.9,16.6,67.5,X, ,X,낮음
9/24/2023,금산(238),X,24.5,25,19.6,13.2,68.5,X, ,X,낮음
9/24/2023,세종(239),X,24.6,25,20.7,15.3,65.1,X, ,X,낮음
9/24/2023,부안(243),X,27.3,27.8,21.5,14.7,68,X, ,X,낮음
9/24/2023,임실(244),X,25.2,25.9,19.5,12.3,70.9,X, ,X,낮음
9/24/2023,정읍(245),X,27.4,27.9,20.8,14,66,X, ,X,낮음
9/24/2023,남원(247),X,25.6,26.4,21.7,19,60,X, ,X,낮음
9/24/2023,장수(248),X,23.6,24.1,18,12.4,72.5,X, ,X,낮음
9/24/2023,영광군(252),X,26.9,27.3,20.6,14.5,72.9,X, ,X,낮음
9/24/2023,김해시(253),X,27.8,28.3,22.5,19.3,64,X, ,X,낮음
9/24/2023,순창군(254),X,27.1,27.8,21.6,16.4,61.8,X, ,X,낮음
9/24/2023,양산시(257),X,26.7,27.4,22.9,20.3,63.1,X, ,X,낮음
9/24/2023,강진군(259),X,27.1,27.3,21.7,15.4,68,X, ,X,낮음
9/24/2023,장흥(260),X,26.4,26.7,21.5,15.6,65.6,X, ,X,낮음
9/24/2023,해남(261),X,26.9,26.8,22,15.6,67.5,X, ,X,낮음
9/24/2023,고흥(262),X,25.2,25.6,21.6,19,62.1,X, ,X,낮음
9/24/2023,의령군(263),X,26.5,27.6,21.5,16.3,67.6,X, ,X,낮음
9/24/2023,함양군(264),X,25.2,25.3,19.3,13.3,77.6,X, ,X,낮음
9/24/2023,진도군ASOS(268),X,26.6,26.5,21.2,15.4,71.4,X, ,X,낮음
9/24/2023,봉화(271),X,21.6,22.1,17.5,13.9,69.5,X, ,X,낮음
9/24/2023,영주(272),X,23.5,24.2,17.8,11.6,74.3,X, ,X,낮음
9/24/2023,문경(273),X,25.2,25.7,18.5,12.7,75.4,X, ,X,낮음
9/24/2023,청송군(276),X,24,23.9,18.2,13.1,79.5,X, ,X,낮음
9/24/2023,영덕(277),X,23.5,23,21,18.2,63.3,X, ,X,낮음
9/24/2023,의성(278),X,25.1,26,19,13.2,74.6,X, ,X,낮음
9/24/2023,구미(279),X,24.8,26.2,19.9,14.7,67.4,X, ,X,낮음
9/24/2023,영천(281),X,24.3,24.9,19.6,14.4,70.8,X, ,X,낮음
9/24/2023,경주시(283),X,25.1,25,20.5,16.2,72,X, ,X,낮음
9/24/2023,거창(284),X,23.8,24.3,18.3,12,75.1,X, ,X,낮음
9/24/2023,합천(285),X,25.1,26.5,20.3,15.1,68.5,X, ,X,낮음
9/24/2023,밀양(288),X,25.2,27,22.3,19.5,55.3,X, ,X,낮음
9/24/2023,산청(289),X,25.2,25.5,19.2,13.9,78.1,X, ,X,낮음
9/24/2023,거제(294),X,25.9,26.5,22.5,20.2,63.8,X, ,X,낮음
9/24/2023,남해(295),X,25.8,26.6,22,19.3,66.1,X, ,X,낮음
9/24/2023,부천(433),X,23.8,25,20.8,16,53,X, ,X,낮음
9/24/2023,안양(434),X,,,,,,X, ,X,낮음
9/24/2023,광명(437),X,25,26.4,22.7,19.3,50,X, ,X,낮음
9/24/2023,군포(438),X,24.2,25.7,21.5,17.5,54,X, ,X,낮음
9/24/2023,김포(441),X,,25.9,20.9,15.1,,X, ,X,낮음
9/24/2023,하남(444),X,24,25.1,20.1,15.9,58,X, ,X,낮음
9/24/2023,의왕(445),X,24.3,25,20.3,15.9,63,X, ,X,낮음
9/24/2023,포천(504),X,24.1,25.2,19.8,13.8,63,X, ,X,낮음
9/24/2023,가평조종(505),X,23.8,24.4,19,13.4,69,X, ,X,낮음
9/24/2023,안성(516),X,24.6,25.6,20.6,16,64,X, ,X,낮음
9/24/2023,간성(517),X,23.3,23.2,18,13.4,76,X, ,X,낮음
9/24/2023,평창(526),X,22.6,23.5,17.2,11.2,66,X, ,X,낮음
9/24/2023,의정부(532),X,25.2,25.3,19.7,13.6,74,X, ,X,낮음
9/24/2023,횡성(536),X,24.6,26.1,19.4,13.3,62,X, ,X,낮음
9/24/2023,고양(540),X,,,,,,X, ,X,낮음
9/24/2023,남양주(541),X,24.5,26.2,20.6,14.2,60,X, ,X,낮음
9/24/2023,안산(545),X,24.9,25.5,19.2,13.1,73,X, ,X,낮음
9/24/2023,경기광주(546),X,23.2,24.8,19.9,15.6,53,X, ,X,낮음
9/24/2023,여주(548),X,24.7,25.7,19.1,13.9,70,X, ,X,낮음
9/24/2023,용인(549),X,23.5,24.4,19.5,14.6,64,X, ,X,낮음
9/24/2023,오산(550),X,25.1,26.3,20.3,14.5,66,X, ,X,낮음
9/24/2023,평택(551),X,25.3,25.7,21.3,16.6,64,X, ,X,낮음
9/24/2023,화천(555),X,24.5,24.9,17.8,12.6,80,X, ,X,낮음
9/24/2023,양구(556),X,23.5,24.7,17,12.5,75,X, ,X,낮음
9/24/2023,시흥(565),X,25.2,25.7,20.7,14.6,67,X, ,X,낮음
9/24/2023,구리(569),X,24.9,25.5,20.8,16.4,59,X, ,X,낮음
9/24/2023,화성(571),X,25.2,26.1,21.4,16.8,60,X, ,X,낮음
9/24/2023,성남(572),X,,,,,,X, ,X,낮음
9/24/2023,과천(590),X,25,25.6,19.9,14.4,72,X, ,X,낮음
9/24/2023,양주(598),X,25.3,26.3,19.4,12.6,69,X, ,X,낮음
9/24/2023,단양(601),X,25.5,26.5,18.2,13.4,77,X, ,X,낮음
9/24/2023,진천(602),X,24.7,26,19.6,12.6,66,X, ,X,낮음
9/24/2023,괴산(603),X,24.4,25.4,18.6,12.7,74,X, ,X,낮음
9/24/2023,옥천(604),X,25.9,26.8,21.2,15.5,68,X, ,X,낮음
9/24/2023,홍북(608),X,25,25.6,20.2,15.4,64,X, ,X,낮음
9/24/2023,공주(612),X,24.5,25.2,20.3,14.3,67,X, ,X,낮음
9/24/2023,서천(614),X,25.9,26.2,20.9,16.8,68,X, ,X,낮음
9/24/2023,논산(615),X,25.6,26.6,22,16.9,59,X, ,X,낮음
9/24/2023,당진(616),X,26.1,26.7,20.8,16,70,X, ,X,낮음
9/24/2023,청양(618),X,25,25.6,19.3,13.8,75,X, ,X,낮음
9/24/2023,음성(619),X,24,24.3,18.2,12.7,71,X, ,X,낮음
9/24/2023,증평(623),X,25.1,25.2,20.1,14.5,70,X, ,X,낮음
9/24/2023,태안(627),X,24.9,25.4,21.9,18.6,60,X, ,X,낮음
9/24/2023,예산(628),X,25.2,26.4,21.3,15.9,66,X, ,X,낮음
9/24/2023,아산(634),X,24.8,25.9,21.3,15.1,62,X, ,X,낮음
9/24/2023,계룡(636),X,23.9,24.2,20.7,16.9,61,X, ,X,낮음
9/24/2023,연천청산(652),X,24.2,25.5,18.8,11.8,70,X, ,X,낮음
9/24/2023,양양(670),X,23.4,22.9,19.2,14.6,72,X, ,X,낮음
9/24/2023,무안(699),X,27.2,27.8,21.4,15,68,X, ,X,낮음
9/24/2023,무주(701),X,24,24.2,19.5,14,69,X, ,X,낮음
9/24/2023,익산(702),X,26.2,27.7,20.5,13.6,65,X, ,X,낮음
9/24/2023,진안(703),X,24.8,24.9,19.2,14.2,67,X, ,X,낮음
9/24/2023,담양(706),X,28.9,29.3,20.9,14.1,76,X, ,X,낮음
9/24/2023,구례(709),X,26.7,27.2,19.5,13.4,81,X, ,X,낮음
9/24/2023,나주(710),X,27.6,28,20.5,13.7,79,X, ,X,낮음
9/24/2023,순천시(712),X,26.4,26.9,22.6,17.4,63,X, ,X,낮음
9/24/2023,광양읍(713),X,27.5,28.1,23.3,20.1,57,X, ,X,낮음
9/24/2023,장성(730),X,27.4,28.4,20.4,13.1,71,X, ,X,낮음
9/24/2023,영암(731),X,28.4,28.8,20.7,13.5,75,X, ,X,낮음
9/24/2023,보성(732),X,24.9,25.2,19.5,12.9,74,X, ,X,낮음
9/24/2023,완주(734),X,26.6,27.6,21.8,14.1,63,X, ,X,낮음
9/24/2023,김제(737),X,26.8,27,21.4,16.3,64,X, ,X,낮음
9/24/2023,화순(741),X,28.4,28.3,20.3,13.3,72,X, ,X,낮음
9/24/2023,함평(754),X,28.1,28.2,21.3,14.5,71,X, ,X,낮음
9/24/2023,곡성(768),X,27.9,28,19.4,12.9,79,X, ,X,낮음
9/24/2023,압해도(789),X,27.4,27.8,21.7,15.9,69,X, ,X,낮음
9/24/2023,영양(801),X,23.4,23.4,17.9,12.4,80,X, ,X,낮음
9/24/2023,성주(810),X,25.3,26.7,19.9,14,69,X, ,X,낮음
9/24/2023,고령(812),X,24.9,25.5,19.3,13.8,76,X, ,X,낮음
9/24/2023,청도(813),X,24.6,25.1,20.1,15.5,70,X, ,X,낮음
9/24/2023,예천(815),X,25.1,26,19,13.6,71,X, ,X,낮음
9/24/2023,김천(822),X,25.3,25.8,18.2,12.3,81,X, ,X,낮음
9/24/2023,군위(823),X,24.9,25.8,19,13.9,79,X, ,X,낮음
9/24/2023,칠곡(825),X,25.3,26.6,20.4,15.1,74,X, ,X,낮음
9/24/2023,경산(827),X,26.2,26.7,20.5,15.9,68,X, ,X,낮음
9/24/2023,삼척(876),X,24.5,24.8,19.6,15.8,69,X, ,X,낮음
9/24/2023,속초(90),X,23.9,23.7,19.3,15,67.5,X, ,X,낮음
9/24/2023,삼천포(907),X,26.7,27.2,21.9,18,63,X, ,X,낮음
9/24/2023,고성(918),X,25.7,26.3,21.1,16.6,71,X, ,X,낮음
9/24/2023,창녕(919),X,26.2,27.1,21.1,16.2,71,X, ,X,낮음
9/24/2023,함안(920),X,26.2,27.1,19.8,13.8,75,X, ,X,낮음
9/24/2023,북춘천(93),X,23.8,25.2,18.6,11.5,68,X, ,X,낮음
9/24/2023,하동(932),X,26.6,27.1,22.8,20.1,59,X, ,X,낮음
9/24/2023,철원(95),X,23.2,25,18.7,12,67,X, ,X,낮음
9/24/2023,동두천(98),X,23.8,25.4,19.5,13.4,66.5,X, ,X,낮음
9/24/2023,파주(99),X,24.4,25,18.9,14.3,77.4,X, ,X,낮음
9/25/2023,북강릉(104),X,24.4,23.3,19.8,16.8,82.3,X, ,X,낮음
9/25/2023,동해(106),X,24.7,23.8,20.2,17.3,84.3,X, ,X,낮음
9/25/2023,서울(108),X,25.8,26,21.6,17.9,66.4,X, ,X,낮음
9/25/2023,인천(112),X,25.4,25.6,21.8,18.9,64.5,X, ,X,낮음
9/25/2023,원주(114),X,25.9,26.7,21.4,17,67.6,X, ,X,낮음
9/25/2023,울릉도(115),X,25.5,24,20.6,19.2,79.4,X, ,X,낮음
9/25/2023,수원(119),X,25.5,25.8,21.6,18.8,66.8,X, ,X,낮음
9/25/2023,영월(121),X,26.2,26.6,19.7,15.3,79.4,X, ,X,낮음
9/25/2023,충주(127),X,26.8,26.8,21.4,17.2,72,X, ,X,낮음
9/25/2023,서산(129),X,26.2,26,21.5,18.4,75.3,X, ,X,낮음
9/25/2023,울진(130),X,25.5,24.9,20.8,18.2,78.8,X, ,X,낮음
9/25/2023,청주(131),X,27,27.3,22.3,19.1,65.5,X, ,X,낮음
9/25/2023,대전(133),X,26.8,26.9,21.4,18,74,X, ,X,낮음
9/25/2023,추풍령(135),X,25.5,24.8,19.5,15.3,81.1,X, ,X,낮음
9/25/2023,안동(136),X,25.8,25,20.4,16.8,81.3,X, ,X,낮음
9/25/2023,상주(137),X,26.9,26.4,20.8,16.7,80.6,X, ,X,낮음
9/25/2023,포항(138),X,25.3,24,22.5,21.1,72,X, ,X,낮음
9/25/2023,군산(140),X,26.1,25.3,21.3,19.1,76.9,X, ,X,낮음
9/25/2023,대구(143),X,25.7,24.9,21.1,18.1,78.4,X, ,X,낮음
9/25/2023,전주(146),X,27.7,27.8,22.5,19,72.6,X, ,X,낮음
9/25/2023,울산(152),X,25,23.5,21.7,20.1,76.1,X, ,X,낮음
9/25/2023,창원(155),X,27.5,26.9,23,19.1,67.6,X, ,X,낮음
9/25/2023,광주(156),X,28.2,26.7,22.6,18.9,83,X, ,X,낮음
9/25/2023,부산(159),X,29.1,29.1,23.7,20.7,64.8,X, ,X,낮음
9/25/2023,통영(162),X,28.6,28,23.1,19.5,72.6,X, ,X,낮음
9/25/2023,목포(165),X,28.2,27.5,23.3,19.9,71.8,X, ,X,낮음
9/25/2023,여수(168),X,26,24.8,23,20.9,71,X, ,X,낮음
9/25/2023,흑산도(169),X,26.1,24.5,21.8,20.5,83.5,X, ,X,낮음
9/25/2023,완도(170),X,28.2,27.1,23.6,19.6,76.1,X, ,X,낮음
9/25/2023,고창(172),X,27.5,27.1,21.7,18,79,X, ,X,낮음
9/25/2023,제주(184),X,28.9,27.5,25.1,22.9,76,X, ,X,낮음
9/25/2023,진주(192),X,27.2,26.1,21.9,16.3,79.1,X, ,X,낮음
9/25/2023,양평(202),X,25.1,25.3,20.5,16.2,75.3,X, ,X,낮음
9/25/2023,이천(203),X,26.6,26.4,20.7,16.2,80.8,X, ,X,낮음
9/25/2023,인제(211),X,25.7,26.1,19.3,15,77.3,X, ,X,낮음
9/25/2023,홍천(212),X,25.5,25.9,19.9,15,77.5,X, ,X,낮음
9/25/2023,태백(216),X,23,22.5,16.2,13.2,86.5,X, ,X,낮음
9/25/2023,정선군(217),X,26.4,27.1,18.9,13.2,75.1,X, ,X,낮음
9/25/2023,제천(221),X,25.8,25.8,19.6,15.4,79.4,X, ,X,낮음
9/25/2023,보은(226),X,25.7,25.1,20.3,16.5,81.6,X, ,X,낮음
9/25/2023,천안(232),X,26.1,25.9,21,17.5,76.9,X, ,X,낮음
9/25/2023,보령(235),X,26,26.3,21.8,18.9,71.5,X, ,X,낮음
9/25/2023,부여(236),X,26.6,26.1,21.4,18.3,79.1,X, ,X,낮음
9/25/2023,금산(238),X,26.6,26.2,20.7,16.9,80.6,X, ,X,낮음
9/25/2023,세종(239),X,26.7,26.3,21.5,18.3,75.8,X, ,X,낮음
9/25/2023,부안(243),X,27,26.7,21.8,18.6,78.1,X, ,X,낮음
9/25/2023,임실(244),X,26.6,26.4,21.1,16.4,80.3,X, ,X,낮음
9/25/2023,정읍(245),X,27,26.4,21.6,18,77.3,X, ,X,낮음
9/25/2023,남원(247),X,27.3,26.9,22.5,19.6,71,X, ,X,낮음
9/25/2023,장수(248),X,26.1,25.8,19.7,14.9,83.3,X, ,X,낮음
9/25/2023,영광군(252),X,27.3,26.7,21.5,18.2,79.4,X, ,X,낮음
9/25/2023,김해시(253),X,29.3,28.6,22.9,18.8,75.3,X, ,X,낮음
9/25/2023,순창군(254),X,27.3,26.8,21.7,17.2,79.6,X, ,X,낮음
9/25/2023,양산시(257),X,28.9,28.4,24,20.9,70.4,X, ,X,낮음
9/25/2023,강진군(259),X,28.3,27.5,22.9,18.2,77,X, ,X,낮음
9/25/2023,장흥(260),X,28,27.1,22.1,17.8,80.5,X, ,X,낮음
9/25/2023,해남(261),X,28.9,28.2,23.3,19.6,75.5,X, ,X,낮음
9/25/2023,고흥(262),X,29,28.4,22.8,18.5,76.3,X, ,X,낮음
9/25/2023,의령군(263),X,28,28,21.9,17.4,78.1,X, ,X,낮음
9/25/2023,함양군(264),X,27.1,26.5,20.8,16,83,X, ,X,낮음
9/25/2023,진도군ASOS(268),X,28.1,27.2,23.2,18.1,76.1,X, ,X,낮음
9/25/2023,봉화(271),X,24.1,23.4,18.8,14.2,82.1,X, ,X,낮음
9/25/2023,영주(272),X,25,24.8,19.9,15.3,82.6,X, ,X,낮음
9/25/2023,문경(273),X,25.7,25.1,20.1,16,85.6,X, ,X,낮음
9/25/2023,청송군(276),X,25.7,24.3,19.3,15.5,90.8,X, ,X,낮음
9/25/2023,영덕(277),X,25,23.8,20.1,17.8,82.4,X, ,X,낮음
9/25/2023,의성(278),X,26.7,26.2,20.7,16.3,84.6,X, ,X,낮음
9/25/2023,구미(279),X,26.1,25.8,21,17.1,75.8,X, ,X,낮음
9/25/2023,영천(281),X,25.6,24.6,20.6,17.4,81,X, ,X,낮음
9/25/2023,경주시(283),X,25.1,23.6,21.1,18.3,82.3,X, ,X,낮음
9/25/2023,거창(284),X,26,25,19.8,15.4,83,X, ,X,낮음
9/25/2023,합천(285),X,26.7,26.6,21.4,17.2,77.9,X, ,X,낮음
9/25/2023,밀양(288),X,27.4,27.6,22.9,19.6,65.6,X, ,X,낮음
9/25/2023,산청(289),X,27.4,26.6,20.6,16.2,84.5,X, ,X,낮음
9/25/2023,거제(294),X,28.2,27.6,23,19.7,75,X, ,X,낮음
9/25/2023,남해(295),X,26,24.9,22,19.7,76.8,X, ,X,낮음
9/25/2023,부천(433),X,23.9,24.5,20.1,16,65,X, ,X,낮음
9/25/2023,안양(434),X,,,,,,X, ,X,낮음
9/25/2023,광명(437),X,26.1,26.8,22.5,19.4,61,X, ,X,낮음
9/25/2023,군포(438),X,25.2,25.6,21.4,18.6,65,X, ,X,낮음
9/25/2023,김포(441),X,,25.1,21,16.6,,X, ,X,낮음
9/25/2023,하남(444),X,24.4,24.2,19.8,15.4,73,X, ,X,낮음
9/25/2023,의왕(445),X,25.1,25.2,20,16.5,77,X, ,X,낮음
9/25/2023,포천(504),X,27,27.4,20.2,15.3,75,X, ,X,낮음
9/25/2023,가평조종(505),X,25.9,26,19.1,14.4,83,X, ,X,낮음
9/25/2023,안성(516),X,26.6,26.9,21.1,17.4,73,X, ,X,낮음
9/25/2023,간성(517),X,23.6,22.3,18.8,15.9,83,X, ,X,낮음
9/25/2023,평창(526),X,25.5,26.2,19.5,14.3,71,X, ,X,낮음
9/25/2023,의정부(532),X,26.2,25.8,19.9,15.4,87,X, ,X,낮음
9/25/2023,횡성(536),X,25.9,27.2,20.7,15.6,72,X, ,X,낮음
9/25/2023,고양(540),X,,,,,,X, ,X,낮음
9/25/2023,남양주(541),X,25.7,26.3,20.8,16.2,71,X, ,X,낮음
9/25/2023,안산(545),X,25.8,25.6,20.2,16.3,79,X, ,X,낮음
9/25/2023,경기광주(546),X,24.2,24.8,19.5,15.8,67,X, ,X,낮음
9/25/2023,여주(548),X,26.4,26.5,20.2,15.8,79,X, ,X,낮음
9/25/2023,용인(549),X,24.6,24.7,19.9,16.5,74,X, ,X,낮음
9/25/2023,오산(550),X,26.8,27.5,21.4,17.1,72,X, ,X,낮음
9/25/2023,평택(551),X,27.8,27.7,21.8,18.4,73,X, ,X,낮음
9/25/2023,화천(555),X,25.9,24.9,18.9,14.4,90,X, ,X,낮음
9/25/2023,양구(556),X,24.8,25.7,19,14.3,77,X, ,X,낮음
9/25/2023,시흥(565),X,25.9,25.9,21.2,17.6,76,X, ,X,낮음
9/25/2023,구리(569),X,25.8,26,20.6,16.3,71,X, ,X,낮음
9/25/2023,화성(571),X,26,26.1,21.7,18.8,68,X, ,X,낮음
9/25/2023,성남(572),X,,,,,,X, ,X,낮음
9/25/2023,과천(590),X,26,25.9,20.4,16.3,81,X, ,X,낮음
9/25/2023,양주(598),X,27.1,27.1,20,15.2,81,X, ,X,낮음
9/25/2023,단양(601),X,27.3,27.5,20.3,15.3,79,X, ,X,낮음
9/25/2023,진천(602),X,26.9,27.7,21.2,16.9,75,X, ,X,낮음
9/25/2023,괴산(603),X,27,27.2,20.3,15.9,81,X, ,X,낮음
9/25/2023,옥천(604),X,28.2,28.1,22.5,18.5,79,X, ,X,낮음
9/25/2023,홍북(608),X,25.9,26.1,20.6,17.4,77,X, ,X,낮음
9/25/2023,공주(612),X,26.3,26.2,21,17.6,77,X, ,X,낮음
9/25/2023,서천(614),X,26.1,25.5,21,18.5,79,X, ,X,낮음
9/25/2023,논산(615),X,27.6,27.9,22.3,19.4,75,X, ,X,낮음
9/25/2023,당진(616),X,26.5,25.7,21,17.7,82,X, ,X,낮음
9/25/2023,청양(618),X,25.8,25.1,20.2,16.5,83,X, ,X,낮음
9/25/2023,음성(619),X,26.2,26,19.8,15.6,77,X, ,X,낮음
9/25/2023,증평(623),X,26.9,26.7,21.4,18,78,X, ,X,낮음
9/25/2023,태안(627),X,26.7,26,21.3,18.3,74,X, ,X,낮음
9/25/2023,예산(628),X,27,27.1,21.6,18.4,76,X, ,X,낮음
9/25/2023,아산(634),X,26.9,27,21.6,17.9,75,X, ,X,낮음
9/25/2023,계룡(636),X,26.3,25.9,21,17.8,77,X, ,X,낮음
9/25/2023,연천청산(652),X,25.4,25.7,19.5,14.8,80,X, ,X,낮음
9/25/2023,양양(670),X,23.5,,,,,X, ,X,낮음
9/25/2023,무안(699),X,27.7,27.1,22.7,18.5,73,X, ,X,낮음
9/25/2023,무주(701),X,26.5,26.1,20.5,16.7,82,X, ,X,낮음
9/25/2023,익산(702),X,26.7,26.8,22.2,18.4,69,X, ,X,낮음
9/25/2023,진안(703),X,26.3,25.6,19.9,16.4,83,X, ,X,낮음
9/25/2023,담양(706),X,28.9,27.9,22.5,17.4,85,X, ,X,낮음
9/25/2023,구례(709),X,28.2,27,21.3,15.8,88,X, ,X,낮음
9/25/2023,나주(710),X,28.5,27.4,22,17.2,82,X, ,X,낮음
9/25/2023,순천시(712),X,27.6,26.4,22.3,17.5,84,X, ,X,낮음
9/25/2023,광양읍(713),X,27.6,27,22.8,18.8,74,X, ,X,낮음
9/25/2023,장성(730),X,27.5,27,21.7,16.9,78,X, ,X,낮음
9/25/2023,영암(731),X,29.5,28.7,23,16.7,79,X, ,X,낮음
9/25/2023,보성(732),X,26.4,25.3,20.5,15.9,84,X, ,X,낮음
9/25/2023,완주(734),X,28,27.5,22.1,18.5,77,X, ,X,낮음
9/25/2023,김제(737),X,27.1,26.9,21.7,18.1,76,X, ,X,낮음
9/25/2023,화순(741),X,28.4,27.4,21.8,16.7,80,X, ,X,낮음
9/25/2023,함평(754),X,28.1,27.3,22.5,18.7,76,X, ,X,낮음
9/25/2023,곡성(768),X,28.4,27.4,20.9,15.4,86,X, ,X,낮음
9/25/2023,압해도(789),X,28.2,27.3,22.5,18.4,80,X, ,X,낮음
9/25/2023,영양(801),X,25.4,24.5,19.4,15.8,88,X, ,X,낮음
9/25/2023,성주(810),X,27.1,27.3,21.6,17.3,74,X, ,X,낮음
9/25/2023,고령(812),X,27.2,26.7,20.7,16.1,87,X, ,X,낮음
9/25/2023,청도(813),X,27.1,26.2,20.8,16.9,82,X, ,X,낮음
9/25/2023,예천(815),X,26.7,26.3,20.4,16.4,79,X, ,X,낮음
9/25/2023,김천(822),X,27,26.3,20.1,15.5,86,X, ,X,낮음
9/25/2023,군위(823),X,26.9,26.2,20.6,16.4,84,X, ,X,낮음
9/25/2023,칠곡(825),X,27.2,26.5,21.5,17.9,84,X, ,X,낮음
9/25/2023,경산(827),X,26,24.8,20.8,17.9,83,X, ,X,낮음
9/25/2023,삼척(876),X,26.2,25.9,20.6,17.6,74,X, ,X,낮음
9/25/2023,속초(90),X,23.3,21.7,,16.9,,X, ,X,낮음
9/25/2023,삼천포(907),X,27.6,26.8,22.4,18.2,75,X, ,X,낮음
9/25/2023,고성(918),X,28.2,27.1,22.5,17.5,79,X, ,X,낮음
9/25/2023,창녕(919),X,28.2,27.5,22,18.4,77,X, ,X,낮음
9/25/2023,함안(920),X,27.9,26.8,20.6,15.5,88,X, ,X,낮음
9/25/2023,북춘천(93),X,26.1,26.4,20,15.2,79.9,X, ,X,낮음
9/25/2023,하동(932),X,27.5,26.6,22.7,19.4,74,X, ,X,낮음
9/25/2023,철원(95),X,24.9,24.8,19.5,14.7,80.5,X, ,X,낮음
9/25/2023,동두천(98),X,26.1,26.3,19.7,14.9,80,X, ,X,낮음
9/25/2023,파주(99),X,25.6,25,19.2,14.8,88.1,X, ,X,낮음
9/26/2023,북강릉(104),X,23.2,20.4,19.2,18,97.8,X, ,X,낮음
9/26/2023,동해(106),X,24.4,21.2,19.8,18.5,99,X, ,X,낮음
9/26/2023,서울(108),X,23.7,20.8,19.9,18.6,95.8,X, ,X,낮음
9/26/2023,인천(112),X,23.8,20.9,20.1,18.6,94.4,X, ,X,낮음
9/26/2023,원주(114),X,23.8,21.1,20.2,19.1,92.1,X, ,X,낮음
9/26/2023,울릉도(115),X,24.5,21.4,19.5,17.9,99,X, ,X,낮음
9/26/2023,수원(119),X,24.2,21.2,20.1,18.8,96.9,X, ,X,낮음
9/26/2023,영월(121),X,23.3,20.3,19.1,17.9,97.9,X, ,X,낮음
9/26/2023,충주(127),X,23.6,20.8,20,19.1,91.9,X, ,X,낮음
9/26/2023,서산(129),X,26.1,23.4,21.3,18.3,94.8,X, ,X,낮음
9/26/2023,울진(130),X,24.1,21.3,19.9,18.7,97.4,X, ,X,낮음
9/26/2023,청주(131),X,25.1,23,21.2,19.8,87.5,X, ,X,낮음
9/26/2023,대전(133),X,24.8,22.2,20.4,19,94,X, ,X,낮음
9/26/2023,추풍령(135),X,22.4,19.6,19.1,18.5,94.1,X, ,X,낮음
9/26/2023,안동(136),X,23.3,20.3,19.7,18.7,96.3,X, ,X,낮음
9/26/2023,상주(137),X,23.4,20.2,19.7,19,100,X, ,X,낮음
9/26/2023,포항(138),X,24.4,21.5,21.2,20.4,92.1,X, ,X,낮음
9/26/2023,군산(140),X,27,25.1,22.1,19.6,91.1,X, ,X,낮음
9/26/2023,대구(143),X,24.4,21.7,20.8,20.1,95,X, ,X,낮음
9/26/2023,전주(146),X,26.2,23.6,22,20.5,93.3,X, ,X,낮음
9/26/2023,울산(152),X,24.6,22,21.1,20.1,92.6,X, ,X,낮음
9/26/2023,창원(155),X,26.3,23.9,22.5,21.2,85.5,X, ,X,낮음
9/26/2023,광주(156),X,28.6,25.6,23.2,21.4,96.1,X, ,X,낮음
9/26/2023,부산(159),X,27.9,26.9,23.6,22.7,77.6,X, ,X,낮음
9/26/2023,통영(162),X,27.8,25.8,23.5,21.1,85,X, ,X,낮음
9/26/2023,목포(165),X,27.9,26.4,24.2,22.6,83.1,X, ,X,낮음
9/26/2023,여수(168),X,28.7,26.8,24.3,22.6,82.4,X, ,X,낮음
9/26/2023,흑산도(169),X,27.7,26.2,23.3,21.4,85.9,X, ,X,낮음
9/26/2023,완도(170),X,29.9,29.1,25,22.9,81.4,X, ,X,낮음
9/26/2023,고창(172),X,27.2,25.3,22.8,20,87.3,X, ,X,낮음
9/26/2023,제주(184),X,30.2,29.3,26,23,72.1,X, ,X,낮음
9/26/2023,진주(192),X,27.7,25.2,22.2,20.5,92.9,X, ,X,낮음
9/26/2023,양평(202),X,23.8,21.1,19.9,18.6,96.1,X, ,X,낮음
9/26/2023,이천(203),X,23.9,20.7,19.9,18.8,100,X, ,X,낮음
9/26/2023,인제(211),X,23.7,21.3,18.8,17.3,94.5,X, ,X,낮음
9/26/2023,홍천(212),X,23.5,20.5,19.1,17.7,95.8,X, ,X,낮음
9/26/2023,태백(216),X,21,18,16.7,15.3,98.5,X, ,X,낮음
9/26/2023,정선군(217),X,22.7,20.2,18.7,17.1,91.5,X, ,X,낮음
9/26/2023,제천(221),X,22.8,19.6,18.8,17.9,100,X, ,X,낮음
9/26/2023,보은(226),X,23.4,20.5,19.4,18.7,98.4,X, ,X,낮음
9/26/2023,천안(232),X,24.5,21.7,20.5,19.1,96.3,X, ,X,낮음
9/26/2023,보령(235),X,27,24.5,22.1,18.9,92.9,X, ,X,낮음
9/26/2023,부여(236),X,26.3,23.7,21.5,19.8,96,X, ,X,낮음
9/26/2023,금산(238),X,24.5,21.5,20.2,19.1,99.3,X, ,X,낮음
9/26/2023,세종(239),X,25,22.1,20.6,19.4,96.3,X, ,X,낮음
9/26/2023,부안(243),X,27.5,26,22.4,20.2,92.5,X, ,X,낮음
9/26/2023,임실(244),X,24.8,21.8,20.7,19.8,95.6,X, ,X,낮음
9/26/2023,정읍(245),X,26.6,25,22.4,20,85.4,X, ,X,낮음
9/26/2023,남원(247),X,26,23.1,21.8,20.8,93.5,X, ,X,낮음
9/26/2023,장수(248),X,24.5,21.9,20,18.7,96.9,X, ,X,낮음
9/26/2023,영광군(252),X,27.8,26.1,22.9,20,87.4,X, ,X,낮음
9/26/2023,김해시(253),X,26.8,24.4,22.4,21.3,92.8,X, ,X,낮음
9/26/2023,순창군(254),X,26.7,24.1,22.2,20.7,91.1,X, ,X,낮음
9/26/2023,양산시(257),X,27.3,25.2,23,21.9,90.6,X, ,X,낮음
9/26/2023,강진군(259),X,29.8,28.6,24.8,22.3,80.9,X, ,X,낮음
9/26/2023,장흥(260),X,29.2,27.6,24,20.7,85.3,X, ,X,낮음
9/26/2023,해남(261),X,29.9,28.7,24.5,22,84,X, ,X,낮음
9/26/2023,고흥(262),X,31,29.8,25,21.8,83,X, ,X,낮음
9/26/2023,의령군(263),X,27.2,25.1,22.4,20.5,89.3,X, ,X,낮음
9/26/2023,함양군(264),X,24.6,22.2,20.9,19.9,91.6,X, ,X,낮음
9/26/2023,진도군ASOS(268),X,28.6,27.4,24,20.8,83.3,X, ,X,낮음
9/26/2023,봉화(271),X,22.4,19.5,18.7,17.7,97.6,X, ,X,낮음
9/26/2023,영주(272),X,22.3,19.2,18.8,17.9,100,X, ,X,낮음
9/26/2023,문경(273),X,23.3,20.1,19.3,18.7,100,X, ,X,낮음
9/26/2023,청송군(276),X,23.8,20.6,19.6,18.5,100,X, ,X,낮음
9/26/2023,영덕(277),X,23.5,20.4,19.7,18.8,99.3,X, ,X,낮음
9/26/2023,의성(278),X,24.4,21.2,20.3,19.4,99.6,X, ,X,낮음
9/26/2023,구미(279),X,23.7,20.9,20.3,19.6,93.3,X, ,X,낮음
9/26/2023,영천(281),X,24.2,21.1,20.3,19.3,99.6,X, ,X,낮음
9/26/2023,경주시(283),X,25,22.3,21.1,19.8,94.3,X, ,X,낮음
9/26/2023,거창(284),X,23.6,20.6,19.7,19,98.9,X, ,X,낮음
9/26/2023,합천(285),X,24.6,22.3,21.1,20.3,91.8,X, ,X,낮음
9/26/2023,밀양(288),X,26.7,24.7,22.1,20.6,88.4,X, ,X,낮음
9/26/2023,산청(289),X,25.8,23.1,21.2,20.1,94.6,X, ,X,낮음
9/26/2023,거제(294),X,27.4,25.2,23,20.7,88.3,X, ,X,낮음
9/26/2023,남해(295),X,28.4,26.6,23.5,21.1,85.1,X, ,X,낮음
9/26/2023,부천(433),X,22.7,19.8,18.7,17,97,X, ,X,낮음
9/26/2023,안양(434),X,,,,,,X, ,X,낮음
9/26/2023,광명(437),X,24.2,21.4,20.5,19,94,X, ,X,낮음
9/26/2023,군포(438),X,23.6,20.8,19.9,18.5,94,X, ,X,낮음
9/26/2023,김포(441),X,,20.9,19.7,18.1,,X, ,X,낮음
9/26/2023,하남(444),X,22.8,20.2,19.1,17.7,92,X, ,X,낮음
9/26/2023,의왕(445),X,23.7,20.8,19.7,18.2,97,X, ,X,낮음
9/26/2023,포천(504),X,24.9,22.3,19.7,17.8,95,X, ,X,낮음
9/26/2023,가평조종(505),X,24.2,21.1,19.3,17.7,100,X, ,X,낮음
9/26/2023,안성(516),X,24.8,21.6,20.1,18.7,99,X, ,X,낮음
9/26/2023,간성(517),X,22.6,19.8,18.4,17.3,97,X, ,X,낮음
9/26/2023,평창(526),X,22.6,20.1,18.9,17.7,91,X, ,X,낮음
9/26/2023,의정부(532),X,24.4,21.3,19.4,17.8,98,X, ,X,낮음
9/26/2023,횡성(536),X,23.7,21,19.7,18.3,95,X, ,X,낮음
9/26/2023,고양(540),X,23.1,,,,,X, ,X,낮음
9/26/2023,남양주(541),X,24.2,21.5,19.6,17.7,95,X, ,X,낮음
9/26/2023,안산(545),X,23.8,20.7,19.9,18.5,99,X, ,X,낮음
9/26/2023,경기광주(546),X,22.9,20,19.3,18,95,X, ,X,낮음
9/26/2023,여주(548),X,23.4,20.4,19.4,18.3,98,X, ,X,낮음
9/26/2023,용인(549),X,23.2,20.2,19.3,18,98,X, ,X,낮음
9/26/2023,오산(550),X,24.6,21.6,20.4,19.2,96,X, ,X,낮음
9/26/2023,평택(551),X,24.9,21.7,20.4,19,100,X, ,X,낮음
9/26/2023,화천(555),X,24.2,21.1,19.2,17.6,97,X, ,X,낮음
9/26/2023,양구(556),X,23.7,21.6,19,17.5,92,X, ,X,낮음
9/26/2023,시흥(565),X,24.1,21.1,20.2,18.7,98,X, ,X,낮음
9/26/2023,구리(569),X,23.7,21.1,19.7,18,95,X, ,X,낮음
9/26/2023,화성(571),X,24.8,21.8,20.4,19,97,X, ,X,낮음
9/26/2023,성남(572),X,,,,,,X, ,X,낮음
9/26/2023,과천(590),X,23.9,20.8,20,18.5,100,X, ,X,낮음
9/26/2023,양주(598),X,24.7,21.7,19.5,17.6,97,X, ,X,낮음
9/26/2023,단양(601),X,23.5,20.5,19.5,18.7,98,X, ,X,낮음
9/26/2023,진천(602),X,24.6,22.2,20.6,19.6,93,X, ,X,낮음
9/26/2023,괴산(603),X,23.5,20.7,19.7,19,97,X, ,X,낮음
9/26/2023,옥천(604),X,25.3,22.3,21.6,21,99,X, ,X,낮음
9/26/2023,홍북(608),X,25.2,22.8,20.3,17.8,98,X, ,X,낮음
9/26/2023,공주(612),X,25.5,22.6,20.8,19.2,97,X, ,X,낮음
9/26/2023,서천(614),X,26.9,24.4,21.7,19.3,95,X, ,X,낮음
9/26/2023,논산(615),X,27.4,25.4,21.9,20.2,93,X, ,X,낮음
9/26/2023,당진(616),X,26.3,23,20.9,18.3,100,X, ,X,낮음
9/26/2023,청양(618),X,25.8,23.3,20.9,18.4,96,X, ,X,낮음
9/26/2023,음성(619),X,22.4,19.5,18.9,18.2,96,X, ,X,낮음
9/26/2023,증평(623),X,24.4,21.3,20.1,19.2,99,X, ,X,낮음
9/26/2023,태안(627),X,26.1,23.4,21.2,18.2,94,X, ,X,낮음
9/26/2023,예산(628),X,26.3,23.8,21.5,18.8,94,X, ,X,낮음
9/26/2023,아산(634),X,25.6,22.8,21.1,18.8,95,X, ,X,낮음
9/26/2023,계룡(636),X,25.1,22.3,20.4,19,98,X, ,X,낮음
9/26/2023,연천청산(652),X,24,21.8,19.6,17.6,94,X, ,X,낮음
9/26/2023,양양(670),X,23.9,21.8,19.4,18.1,93,X, ,X,낮음
9/26/2023,무안(699),X,28.3,26.8,23.7,21.7,85,X, ,X,낮음
9/26/2023,무주(701),X,24.1,21,20,19.1,98,X, ,X,낮음
9/26/2023,익산(702),X,27,24.9,22,20.4,92,X, ,X,낮음
9/26/2023,진안(703),X,24.1,21.1,19.8,18.9,96,X, ,X,낮음
9/26/2023,담양(706),X,27.9,25.1,22.6,21.3,95,X, ,X,낮음
9/26/2023,구례(709),X,27.2,24.3,22.3,20.7,96,X, ,X,낮음
9/26/2023,나주(710),X,28.7,27.3,23.2,20.6,89,X, ,X,낮음
9/26/2023,순천시(712),X,29.6,27.5,24,21.2,90,X, ,X,낮음
9/26/2023,광양읍(713),X,28.9,27.2,23.6,21.4,88,X, ,X,낮음
9/26/2023,장성(730),X,27.8,26.2,22.5,20.5,88,X, ,X,낮음
9/26/2023,영암(731),X,29.6,28.1,24.1,21.8,88,X, ,X,낮음
9/26/2023,보성(732),X,28.1,27.1,22.8,20.1,88,X, ,X,낮음
9/26/2023,완주(734),X,25.9,23.1,21.3,20.2,96,X, ,X,낮음
9/26/2023,김제(737),X,28.1,26.4,22,19.8,92,X, ,X,낮음
9/26/2023,화순(741),X,29.4,27.6,23.2,21.4,83,X, ,X,낮음
9/26/2023,함평(754),X,29.2,27.7,23.5,21.4,85,X, ,X,낮음
9/26/2023,곡성(768),X,27.7,25,22.3,20.2,93,X, ,X,낮음
9/26/2023,압해도(789),X,28.4,26.6,23.7,21.9,88,X, ,X,낮음
9/26/2023,영양(801),X,23.4,20.3,19.3,18.2,99,X, ,X,낮음
9/26/2023,성주(810),X,24,21.3,20.5,19.9,95,X, ,X,낮음
9/26/2023,고령(812),X,24.4,21.2,20.4,19.6,99,X, ,X,낮음
9/26/2023,청도(813),X,25.5,22.9,20.9,19.6,97,X, ,X,낮음
9/26/2023,예천(815),X,23.2,20.1,19.4,18.5,98,X, ,X,낮음
9/26/2023,김천(822),X,23.5,20.4,19.7,18.9,99,X, ,X,낮음
9/26/2023,군위(823),X,24.2,21.1,20.3,19.5,99,X, ,X,낮음
9/26/2023,칠곡(825),X,24.6,21.4,20.7,19.9,100,X, ,X,낮음
9/26/2023,경산(827),X,24.3,21.3,20.7,20,97,X, ,X,낮음
9/26/2023,삼척(876),X,24.2,21.7,19.8,18.4,95,X, ,X,낮음
9/26/2023,속초(90),X,22.8,19.9,18.8,17.7,95.9,X, ,X,낮음
9/26/2023,삼천포(907),X,30,28.8,23.4,20.9,88,X, ,X,낮음
9/26/2023,고성(918),X,28.7,26.7,23.2,20.5,90,X, ,X,낮음
9/26/2023,창녕(919),X,25.8,22.8,21.3,20.5,99,X, ,X,낮음
9/26/2023,함안(920),X,26.8,24.5,21.5,19.6,97,X, ,X,낮음
9/26/2023,북춘천(93),X,23.7,21,19.6,18.1,96.6,X, ,X,낮음
9/26/2023,하동(932),X,29.1,27.5,22.9,20.7,91,X, ,X,낮음
9/26/2023,철원(95),X,24.5,21.9,19.3,17.5,95.5,X, ,X,낮음
9/26/2023,동두천(98),X,24.2,21.2,19.4,17.3,98.5,X, ,X,낮음
9/26/2023,파주(99),X,24.1,21.2,19.3,17.6,99,X, ,X,낮음
9/27/2023,북강릉(104),X,24.1,21.1,19.6,18.7,98,X, ,X,낮음
9/27/2023,동해(106),X,26.1,23.5,21.1,19.9,98.4,X, ,X,낮음
9/27/2023,서울(108),X,25.9,23.7,21.5,20,90.1,X, ,X,낮음
9/27/2023,인천(112),X,25,22.7,21.2,19.6,90.4,X, ,X,낮음
9/27/2023,원주(114),X,25.3,23.1,21,20.1,91.9,X, ,X,낮음
9/27/2023,울릉도(115),X,25.4,22.7,20.7,18.8,99,X, ,X,낮음
9/27/2023,수원(119),X,25.7,23.4,21.1,20,92.5,X, ,X,낮음
9/27/2023,영월(121),X,24.8,22.2,20.3,19.2,96.4,X, ,X,낮음
9/27/2023,충주(127),X,25.9,23.5,21.1,20,93.9,X, ,X,낮음
9/27/2023,서산(129),X,26.2,24.4,21.7,19.2,89.4,X, ,X,낮음
9/27/2023,울진(130),X,25.9,23.6,21.3,19.8,94.1,X, ,X,낮음
9/27/2023,청주(131),X,26.4,24.6,22.3,21.1,84.6,X, ,X,낮음
9/27/2023,대전(133),X,25.5,23.9,21.5,20.4,89,X, ,X,낮음
9/27/2023,추풍령(135),X,25,23.2,20.6,19.2,88.6,X, ,X,낮음
9/27/2023,안동(136),X,25.5,23,20.9,19.5,95.9,X, ,X,낮음
9/27/2023,상주(137),X,28.1,26.5,22,20,90.9,X, ,X,낮음
9/27/2023,포항(138),X,27.7,26.5,23.4,21.3,83.5,X, ,X,낮음
9/27/2023,군산(140),X,26.1,24.1,22.2,20.5,88.5,X, ,X,낮음
9/27/2023,대구(143),X,29.3,29.2,23.8,21,79.6,X, ,X,낮음
9/27/2023,전주(146),X,26.5,24.6,22,21,91,X, ,X,낮음
9/27/2023,울산(152),X,28.8,27.4,23.2,20.7,85.4,X, ,X,낮음
9/27/2023,창원(155),X,29.2,28.3,23.7,20.3,77.9,X, ,X,낮음
9/27/2023,광주(156),X,28.3,25.5,22.5,20.9,97.1,X, ,X,낮음
9/27/2023,부산(159),X,29.3,28.8,25.1,22.2,70.6,X, ,X,낮음
9/27/2023,통영(162),X,29.4,28.8,24.7,21.9,74.9,X, ,X,낮음
9/27/2023,목포(165),X,27.4,25.7,23.2,22.1,85,X, ,X,낮음
9/27/2023,여수(168),X,28.9,28.2,24.6,22.6,74.4,X, ,X,낮음
9/27/2023,흑산도(169),X,27.6,25.5,22.3,21,90.6,X, ,X,낮음
9/27/2023,완도(170),X,28.8,28,24.2,22.1,78.5,X, ,X,낮음
9/27/2023,고창(172),X,26.5,24.7,21.5,19.8,93.8,X, ,X,낮음
9/27/2023,제주(184),X,29.2,28.6,25.8,23.5,70.5,X, ,X,낮음
9/27/2023,진주(192),X,30,28.7,23.5,20.4,87.1,X, ,X,낮음
9/27/2023,양평(202),X,25.7,23.6,21,19.7,93.5,X, ,X,낮음
9/27/2023,이천(203),X,26,23.2,21.1,20.1,97.4,X, ,X,낮음
9/27/2023,인제(211),X,24.1,21.5,19.7,18.3,95.6,X, ,X,낮음
9/27/2023,홍천(212),X,25.1,22.9,20.3,18.5,93.6,X, ,X,낮음
9/27/2023,태백(216),X,22.9,20.3,18.1,16.5,96.4,X, ,X,낮음
9/27/2023,정선군(217),X,23.9,21.3,19.8,18.4,92.9,X, ,X,낮음
9/27/2023,제천(221),X,24.9,21.9,19.9,18.9,98.4,X, ,X,낮음
9/27/2023,보은(226),X,26.3,24.5,20.7,19.5,96.5,X, ,X,낮음
9/27/2023,천안(232),X,26,23.9,21.2,20.1,95.1,X, ,X,낮음
9/27/2023,보령(235),X,25.7,24.4,21.8,19.5,90.5,X, ,X,낮음
9/27/2023,부여(236),X,26.5,24.8,22.3,19.8,88.6,X, ,X,낮음
9/27/2023,금산(238),X,25.3,23.3,20.8,18.7,92.8,X, ,X,낮음
9/27/2023,세종(239),X,26.7,24.9,22,20.5,87,X, ,X,낮음
9/27/2023,부안(243),X,26.8,25.4,22.5,21,87.5,X, ,X,낮음
9/27/2023,임실(244),X,25.6,23.7,21.1,19.7,89.9,X, ,X,낮음
9/27/2023,정읍(245),X,26.9,25.9,22.3,20.1,82.1,X, ,X,낮음
9/27/2023,남원(247),X,26.9,25.3,22.1,20.4,87.5,X, ,X,낮음
9/27/2023,장수(248),X,24.2,21.8,20,18.6,93.5,X, ,X,낮음
9/27/2023,영광군(252),X,27.3,25.8,22.4,20.7,88,X, ,X,낮음
9/27/2023,김해시(253),X,30.1,29.3,24.5,21.4,81.3,X, ,X,낮음
9/27/2023,순창군(254),X,26.8,25.5,22.2,19.5,87.6,X, ,X,낮음
9/27/2023,양산시(257),X,31.1,30.9,25.3,21.9,80.8,X, ,X,낮음
9/27/2023,강진군(259),X,28.6,27.8,24.2,21.8,79.3,X, ,X,낮음
9/27/2023,장흥(260),X,28.1,27.2,23.7,20.3,82.3,X, ,X,낮음
9/27/2023,해남(261),X,29.1,28.2,23.4,21.2,85.3,X, ,X,낮음
9/27/2023,고흥(262),X,29.5,28.4,24.6,21.1,79.6,X, ,X,낮음
9/27/2023,의령군(263),X,28.9,28.3,24.5,21.3,74.4,X, ,X,낮음
9/27/2023,함양군(264),X,27.6,26.8,22.4,19.7,79.9,X, ,X,낮음
9/27/2023,진도군ASOS(268),X,27.8,26.4,22.8,20,85.8,X, ,X,낮음
9/27/2023,봉화(271),X,24.5,21.7,20,18.7,97.1,X, ,X,낮음
9/27/2023,영주(272),X,25.4,22.2,20.2,18.8,99.5,X, ,X,낮음
9/27/2023,문경(273),X,26,23.2,20.8,19.6,96.3,X, ,X,낮음
9/27/2023,청송군(276),X,26.4,24.1,21.2,19.3,95.5,X, ,X,낮음
9/27/2023,영덕(277),X,26.7,24.5,21.4,19.9,94.5,X, ,X,낮음
9/27/2023,의성(278),X,27.9,26.3,22,20.2,92.8,X, ,X,낮음
9/27/2023,구미(279),X,28.1,27.7,22.4,20.4,82,X, ,X,낮음
9/27/2023,영천(281),X,27.5,25.7,22.6,20.3,87.4,X, ,X,낮음
9/27/2023,경주시(283),X,29.2,28,23.6,20.7,85.6,X, ,X,낮음
9/27/2023,거창(284),X,27.2,26.2,21.5,19.2,85.8,X, ,X,낮음
9/27/2023,합천(285),X,28.4,28.4,23.6,20.6,77,X, ,X,낮음
9/27/2023,밀양(288),X,28.7,28.6,24.3,21.6,77.6,X, ,X,낮음
9/27/2023,산청(289),X,28.4,27.3,23,19.8,81.5,X, ,X,낮음
9/27/2023,거제(294),X,28.8,28,24.3,21.7,77.4,X, ,X,낮음
9/27/2023,남해(295),X,29,28.4,24.2,20.8,74.8,X, ,X,낮음
9/27/2023,부천(433),X,24,22.1,19.9,18.3,90,X, ,X,낮음
9/27/2023,안양(434),X,,,,,,X, ,X,낮음
9/27/2023,광명(437),X,25.5,23.6,21.9,20.4,89,X, ,X,낮음
9/27/2023,군포(438),X,25.4,23.5,21.1,19.8,88,X, ,X,낮음
9/27/2023,김포(441),X,,23.2,21,19.3,,X, ,X,낮음
9/27/2023,하남(444),X,24.6,22.3,20,18.6,92,X, ,X,낮음
9/27/2023,의왕(445),X,25.5,23.2,20.7,19,93,X, ,X,낮음
9/27/2023,포천(504),X,25.9,23.8,20.7,18.7,93,X, ,X,낮음
9/27/2023,가평조종(505),X,26.2,23.8,20.5,19,97,X, ,X,낮음
9/27/2023,안성(516),X,26.3,23.2,21.2,20.2,97,X, ,X,낮음
9/27/2023,간성(517),X,23.6,20.8,19,18.1,97,X, ,X,낮음
9/27/2023,평창(526),X,24.3,21.7,19.8,18.6,91,X, ,X,낮음
9/27/2023,의정부(532),X,25.8,22.6,20.3,19,98,X, ,X,낮음
9/27/2023,횡성(536),X,25.1,22.2,20.5,19.4,96,X, ,X,낮음
9/27/2023,고양(540),X,25.8,23.7,21,19.6,91,X, ,X,낮음
9/27/2023,남양주(541),X,25.7,23.4,20.8,18.9,93,X, ,X,낮음
9/27/2023,안산(545),X,26,24,20.6,18.5,96,X, ,X,낮음
9/27/2023,경기광주(546),X,24.9,22.1,20.1,19,95,X, ,X,낮음
9/27/2023,여주(548),X,24.9,21.7,20.2,19.4,99,X, ,X,낮음
9/27/2023,용인(549),X,25.2,22.9,20.3,19.1,93,X, ,X,낮음
9/27/2023,오산(550),X,26.3,24.2,21.3,19.7,93,X, ,X,낮음
9/27/2023,평택(551),X,27.1,23.8,21.8,20.7,98,X, ,X,낮음
9/27/2023,화천(555),X,26.2,23.2,20.1,18.5,97,X, ,X,낮음
9/27/2023,양구(556),X,24.4,22.4,19.7,18.3,92,X, ,X,낮음
9/27/2023,시흥(565),X,26,23.8,21.3,19.5,93,X, ,X,낮음
9/27/2023,구리(569),X,25.4,23.2,20.7,19.4,91,X, ,X,낮음
9/27/2023,화성(571),X,26.2,23.8,21.2,19.9,93,X, ,X,낮음
9/27/2023,성남(572),X,,,,,,X, ,X,낮음
9/27/2023,과천(590),X,25.8,23.4,21.1,19.9,95,X, ,X,낮음
9/27/2023,양주(598),X,26.1,24.2,20.6,19,95,X, ,X,낮음
9/27/2023,단양(601),X,25.5,22.6,20.6,19.4,97,X, ,X,낮음
9/27/2023,진천(602),X,26.6,24.9,22,20.6,88,X, ,X,낮음
9/27/2023,괴산(603),X,25.3,22.5,20.7,19.6,96,X, ,X,낮음
9/27/2023,옥천(604),X,27.8,25.9,22.9,21.5,89,X, ,X,낮음
9/27/2023,홍북(608),X,27,25.2,20.9,19.1,94,X, ,X,낮음
9/27/2023,공주(612),X,26.8,25.3,22.1,20.3,88,X, ,X,낮음
9/27/2023,서천(614),X,26.3,23.7,21.7,18.7,92,X, ,X,낮음
9/27/2023,논산(615),X,27.2,25.7,22.3,19.5,88,X, ,X,낮음
9/27/2023,당진(616),X,26.8,25,21.8,19.6,94,X, ,X,낮음
9/27/2023,청양(618),X,27.2,25.6,21.7,19.6,89,X, ,X,낮음
9/27/2023,음성(619),X,24.9,22.5,20,19,94,X, ,X,낮음
9/27/2023,증평(623),X,25.8,23.2,21.1,20.3,98,X, ,X,낮음
9/27/2023,태안(627),X,26.9,24.6,21.7,19.4,91,X, ,X,낮음
9/27/2023,예산(628),X,26.3,24.3,22.1,20.8,91,X, ,X,낮음
9/27/2023,아산(634),X,26.5,24.4,21.7,20.2,92,X, ,X,낮음
9/27/2023,계룡(636),X,25.3,23.3,21.2,19.8,93,X, ,X,낮음
9/27/2023,연천청산(652),X,25.5,23.7,20.6,18.9,92,X, ,X,낮음
9/27/2023,양양(670),X,23.9,21.4,19.8,18.7,94,X, ,X,낮음
9/27/2023,무안(699),X,26.8,25.4,22.8,21.1,87,X, ,X,낮음
9/27/2023,무주(701),X,25.3,23.7,21.3,18.9,89,X, ,X,낮음
9/27/2023,익산(702),X,26.6,24.6,22.2,20.5,90,X, ,X,낮음
9/27/2023,진안(703),X,24.5,21.9,20,18.9,94,X, ,X,낮음
9/27/2023,담양(706),X,28.4,26,22.4,19.3,93,X, ,X,낮음
9/27/2023,구례(709),X,28.1,26.5,22.7,20.2,90,X, ,X,낮음
9/27/2023,나주(710),X,27.5,26.1,22.5,20.1,90,X, ,X,낮음
9/27/2023,순천시(712),X,29,28.1,23.9,21,84,X, ,X,낮음
9/27/2023,광양읍(713),X,29.7,29.1,24.1,20.6,80,X, ,X,낮음
9/27/2023,장성(730),X,27.2,25.9,21.6,19.4,91,X, ,X,낮음
9/27/2023,영암(731),X,29.1,28.2,23.4,21.2,88,X, ,X,낮음
9/27/2023,보성(732),X,27.7,26.4,22.1,19.1,85,X, ,X,낮음
9/27/2023,완주(734),X,26.5,24.2,21.1,19.9,96,X, ,X,낮음
9/27/2023,김제(737),X,26.9,24.9,21.8,20.8,92,X, ,X,낮음
9/27/2023,화순(741),X,28.1,26.5,22.2,20.5,85,X, ,X,낮음
9/27/2023,함평(754),X,27.8,26.4,23.1,21.3,85,X, ,X,낮음
9/27/2023,곡성(768),X,27.9,26.4,22.3,19,89,X, ,X,낮음
9/27/2023,압해도(789),X,28.8,27.1,23.2,21.5,88,X, ,X,낮음
9/27/2023,영양(801),X,25.7,22.7,20.6,19.2,99,X, ,X,낮음
9/27/2023,성주(810),X,29,28.4,22.8,20.3,82,X, ,X,낮음
9/27/2023,고령(812),X,28.6,27.5,22.6,20.3,92,X, ,X,낮음
9/27/2023,청도(813),X,28.9,28.3,23.2,20.5,85,X, ,X,낮음
9/27/2023,예천(815),X,25.2,22.4,20.8,19.5,96,X, ,X,낮음
9/27/2023,김천(822),X,28.1,26.8,21.5,18.7,93,X, ,X,낮음
9/27/2023,군위(823),X,28,26.2,22.1,20.3,92,X, ,X,낮음
9/27/2023,칠곡(825),X,28.8,27,22.9,21,93,X, ,X,낮음
9/27/2023,경산(827),X,28.3,27.4,23.4,20.7,84,X, ,X,낮음
9/27/2023,삼척(876),X,25.8,23.2,21,19.7,92,X, ,X,낮음
9/27/2023,속초(90),X,23.5,20.7,19.5,18.2,95.5,X, ,X,낮음
9/27/2023,삼천포(907),X,28.9,28.3,24.4,21.7,76,X, ,X,낮음
9/27/2023,고성(918),X,29.9,28.8,23.7,19.4,84,X, ,X,낮음
9/27/2023,창녕(919),X,29.3,28.7,23.8,21,87,X, ,X,낮음
9/27/2023,함안(920),X,29.1,27.8,23.3,20.4,87,X, ,X,낮음
9/27/2023,북춘천(93),X,25.9,23.5,20.4,18.9,95,X, ,X,낮음
9/27/2023,하동(932),X,29.8,29.3,23.9,19.8,79,X, ,X,낮음
9/27/2023,철원(95),X,25.5,23.5,20.6,18.4,93,X, ,X,낮음
9/27/2023,동두천(98),X,26,23.6,20.5,18.7,95.4,X, ,X,낮음
9/27/2023,파주(99),X,26.5,24.6,20.5,18.7,94.8,X, ,X,낮음
9/28/2023,북강릉(104),X,27.4,26.9,21.9,18.2,76.5,X, ,X,낮음
9/28/2023,동해(106),X,28.3,28,22.4,18.3,82.1,X, ,X,낮음
9/28/2023,서울(108),X,27.8,27.3,22.7,19.6,78.3,X, ,X,낮음
9/28/2023,인천(112),X,26.8,25.3,21.9,19.4,80.1,X, ,X,낮음
9/28/2023,원주(114),X,26.1,26,22.1,19.9,76,X, ,X,낮음
9/28/2023,울릉도(115),X,27.7,26,22.5,20.3,79.5,X, ,X,낮음
9/28/2023,수원(119),X,27.3,26.5,21.8,18.5,82.1,X, ,X,낮음
9/28/2023,영월(121),X,26.9,25.6,20.4,16.3,84.5,X, ,X,낮음
9/28/2023,충주(127),X,27,26.7,21.6,17.6,81.1,X, ,X,낮음
9/28/2023,서산(129),X,27.4,26.7,21.5,17.9,84.9,X, ,X,낮음
9/28/2023,울진(130),X,29.6,29.5,22.6,18.2,81.6,X, ,X,낮음
9/28/2023,청주(131),X,27.6,27.8,23.1,20.2,73.4,X, ,X,낮음
9/28/2023,대전(133),X,27.2,27,22.2,18.3,74.5,X, ,X,낮음
9/28/2023,추풍령(135),X,25.7,25.2,21.3,18,77.4,X, ,X,낮음
9/28/2023,안동(136),X,27.2,26.8,21.7,17.8,82.6,X, ,X,낮음
9/28/2023,상주(137),X,27.6,27.2,22.6,19.1,77,X, ,X,낮음
9/28/2023,포항(138),X,28.5,29.1,24.7,21.4,64.8,X, ,X,낮음
9/28/2023,군산(140),X,26.7,25.5,22,19.1,85.1,X, ,X,낮음
9/28/2023,대구(143),X,28,28.8,23.6,19.6,69.8,X, ,X,낮음
9/28/2023,전주(146),X,27.8,27.5,22.7,20.4,81.9,X, ,X,낮음
9/28/2023,울산(152),X,27.7,28,23.6,20.2,67.9,X, ,X,낮음
9/28/2023,창원(155),X,29,29.3,24.2,20.2,68.8,X, ,X,낮음
9/28/2023,광주(156),X,28.6,27.5,22.9,20.1,89.9,X, ,X,낮음
9/28/2023,부산(159),X,29.1,29.3,25.1,22.1,61.1,X, ,X,낮음
9/28/2023,통영(162),X,30,30.2,24.5,20.6,73.3,X, ,X,낮음
9/28/2023,목포(165),X,26.8,25.9,23,21.1,82.3,X, ,X,낮음
9/28/2023,여수(168),X,28.5,28.6,24.7,22.2,67,X, ,X,낮음
9/28/2023,흑산도(169),X,26.9,25.2,22,19.7,88.4,X, ,X,낮음
9/28/2023,완도(170),X,29.1,28.8,24.1,20.9,74.1,X, ,X,낮음
9/28/2023,고창(172),X,27.2,26.5,21.5,18.3,86.4,X, ,X,낮음
9/28/2023,제주(184),X,28.9,28.5,25.3,23.3,70.8,X, ,X,낮음
9/28/2023,진주(192),X,29.2,29.4,22.6,18.1,80.9,X, ,X,낮음
9/28/2023,양평(202),X,26.6,26.6,21.9,18.7,79.1,X, ,X,낮음
9/28/2023,이천(203),X,27.9,27.4,22,18.7,84.1,X, ,X,낮음
9/28/2023,인제(211),X,26.3,25.7,21,17,83.6,X, ,X,낮음
9/28/2023,홍천(212),X,26.2,26.4,21.1,17.3,81.4,X, ,X,낮음
9/28/2023,태백(216),X,24.9,24.9,18.7,14.2,75.8,X, ,X,낮음
9/28/2023,정선군(217),X,27.6,27.9,20.4,15.1,79.4,X, ,X,낮음
9/28/2023,제천(221),X,25.8,25.2,20.3,16.2,87.8,X, ,X,낮음
9/28/2023,보은(226),X,26.3,25.7,20.7,17,87.3,X, ,X,낮음
9/28/2023,천안(232),X,27,26.5,21.4,17.8,85.5,X, ,X,낮음
9/28/2023,보령(235),X,27.4,26.3,21.9,18.4,85.3,X, ,X,낮음
9/28/2023,부여(236),X,28.1,27.9,22,16.8,83.4,X, ,X,낮음
9/28/2023,금산(238),X,26.5,26.2,20.9,16.9,85.3,X, ,X,낮음
9/28/2023,세종(239),X,27.5,27.2,22,18.4,79.6,X, ,X,낮음
9/28/2023,부안(243),X,26.9,26.2,22.1,19.1,86.5,X, ,X,낮음
9/28/2023,임실(244),X,26.9,26.5,21,16.9,85.9,X, ,X,낮음
9/28/2023,정읍(245),X,27.6,27,21.8,19.6,79.5,X, ,X,낮음
9/28/2023,남원(247),X,27.5,27,21.7,17.8,84.5,X, ,X,낮음
9/28/2023,장수(248),X,25.6,24.9,19.1,14.5,88.3,X, ,X,낮음
9/28/2023,영광군(252),X,27,26.2,22.2,19.1,83.5,X, ,X,낮음
9/28/2023,김해시(253),X,29.6,29.9,24.4,20.9,72.3,X, ,X,낮음
9/28/2023,순창군(254),X,27.3,27.1,21.7,17.6,83.4,X, ,X,낮음
9/28/2023,양산시(257),X,29.9,30.4,24.7,20.1,73,X, ,X,낮음
9/28/2023,강진군(259),X,29,28.5,24,20.9,76.6,X, ,X,낮음
9/28/2023,장흥(260),X,28.5,27.9,22.9,18.6,80.9,X, ,X,낮음
9/28/2023,해남(261),X,28.6,28,23,19.4,82.4,X, ,X,낮음
9/28/2023,고흥(262),X,29.7,29.3,24.1,19.6,78.5,X, ,X,낮음
9/28/2023,의령군(263),X,30,30.5,23.3,18.2,74.6,X, ,X,낮음
9/28/2023,함양군(264),X,27.9,28.2,22,17,76.8,X, ,X,낮음
9/28/2023,진도군ASOS(268),X,27.7,26.4,22.8,20,82.4,X, ,X,낮음
9/28/2023,봉화(271),X,25.9,25.5,19.8,15.5,86.3,X, ,X,낮음
9/28/2023,영주(272),X,25.8,25.5,21.5,17.2,77.4,X, ,X,낮음
9/28/2023,문경(273),X,26.7,26.1,21.3,17.5,81.9,X, ,X,낮음
9/28/2023,청송군(276),X,27.8,27.3,21.2,15.5,86,X, ,X,낮음
9/28/2023,영덕(277),X,28,27.8,22.5,17.1,76.4,X, ,X,낮음
9/28/2023,의성(278),X,28.1,28,21.9,16.6,83.9,X, ,X,낮음
9/28/2023,구미(279),X,28,28.5,22.6,18.5,73.9,X, ,X,낮음
9/28/2023,영천(281),X,28.1,28.1,22.4,17.4,77.3,X, ,X,낮음
9/28/2023,경주시(283),X,29.1,29.3,23,17.5,76.5,X, ,X,낮음
9/28/2023,거창(284),X,27.5,27.9,20.6,15.5,83.3,X, ,X,낮음
9/28/2023,합천(285),X,29.1,29.9,22.8,18.5,77,X, ,X,낮음
9/28/2023,밀양(288),X,28.4,29.4,23.6,19,69.9,X, ,X,낮음
9/28/2023,산청(289),X,28.3,28.5,22.4,17.5,78.6,X, ,X,낮음
9/28/2023,거제(294),X,28.4,28.3,23.5,19.8,77.3,X, ,X,낮음
9/28/2023,남해(295),X,28.8,28.7,23.9,20.8,71.4,X, ,X,낮음
9/28/2023,부천(433),X,25.3,24.9,20.8,17.4,77,X, ,X,낮음
9/28/2023,안양(434),X,,,,,,X, ,X,낮음
9/28/2023,광명(437),X,27.4,27,22.7,20,75,X, ,X,낮음
9/28/2023,군포(438),X,27,26.8,22.2,19.8,75,X, ,X,낮음
9/28/2023,김포(441),X,,26.3,21.7,18.1,,X, ,X,낮음
9/28/2023,하남(444),X,26.3,25.8,21.2,17.4,79,X, ,X,낮음
9/28/2023,의왕(445),X,26.9,26,21.2,17.9,85,X, ,X,낮음
9/28/2023,포천(504),X,27.6,27.2,21.4,16.6,82,X, ,X,낮음
9/28/2023,가평조종(505),X,27.2,26.5,21.1,17.1,84,X, ,X,낮음
9/28/2023,안성(516),X,27.2,26.5,21.8,19.4,86,X, ,X,낮음
9/28/2023,간성(517),X,27.5,28.1,22.2,17.5,69,X, ,X,낮음
9/28/2023,평창(526),X,25.7,26.3,19.9,16.1,79,X, ,X,낮음
9/28/2023,의정부(532),X,28,27,21.5,17.9,89,X, ,X,낮음
9/28/2023,횡성(536),X,26.6,26.5,21,17.1,84,X, ,X,낮음
9/28/2023,고양(540),X,28.8,28.3,21.7,18.1,82,X, ,X,낮음
9/28/2023,남양주(541),X,27.9,27.8,21.5,17.9,82,X, ,X,낮음
9/28/2023,안산(545),X,27.8,27,20.9,16.6,88,X, ,X,낮음
9/28/2023,경기광주(546),X,26.5,26.4,21.1,18,82,X, ,X,낮음
9/28/2023,여주(548),X,26.5,25.9,21.2,17.9,83,X, ,X,낮음
9/28/2023,용인(549),X,26.2,26.5,21.5,18.8,78,X, ,X,낮음
9/28/2023,오산(550),X,27.9,27.2,21.9,18.3,84,X, ,X,낮음
9/28/2023,평택(551),X,27.6,26.8,22.4,19.6,86,X, ,X,낮음
9/28/2023,화천(555),X,27.3,26.6,21,17.1,90,X, ,X,낮음
9/28/2023,양구(556),X,26.1,26.2,20.8,16.9,79,X, ,X,낮음
9/28/2023,시흥(565),X,27.1,26,21.5,17.3,86,X, ,X,낮음
9/28/2023,구리(569),X,27.1,27,21.7,18.4,80,X, ,X,낮음
9/28/2023,화성(571),X,27.7,26.5,21.6,18.6,87,X, ,X,낮음
9/28/2023,성남(572),X,,,,,,X, ,X,낮음
9/28/2023,과천(590),X,27.4,26.5,21.5,17.9,86,X, ,X,낮음
9/28/2023,양주(598),X,27.8,27.5,21.1,17.2,86,X, ,X,낮음
9/28/2023,단양(601),X,27.2,27,20.9,16.5,87,X, ,X,낮음
9/28/2023,진천(602),X,27.4,27.6,21.8,17.2,78,X, ,X,낮음
9/28/2023,괴산(603),X,27.3,26.9,20.6,16.4,86,X, ,X,낮음
9/28/2023,옥천(604),X,27.9,27.8,23.1,19.2,82,X, ,X,낮음
9/28/2023,홍북(608),X,28,27.1,21.1,17.4,86,X, ,X,낮음
9/28/2023,공주(612),X,27.5,27.5,22.3,18.2,80,X, ,X,낮음
9/28/2023,서천(614),X,27.2,25.8,21.4,16.6,88,X, ,X,낮음
9/28/2023,논산(615),X,28,28,22,17.1,83,X, ,X,낮음
9/28/2023,당진(616),X,28.1,27.2,21.7,18.9,89,X, ,X,낮음
9/28/2023,청양(618),X,27.7,26.9,20.8,16.4,86,X, ,X,낮음
9/28/2023,음성(619),X,26.7,26.3,20.4,16.3,83,X, ,X,낮음
9/28/2023,증평(623),X,27.3,26.5,21.7,17.5,86,X, ,X,낮음
9/28/2023,태안(627),X,28.1,26.9,21.8,18.4,86,X, ,X,낮음
9/28/2023,예산(628),X,27.6,27,22.2,18.7,82,X, ,X,낮음
9/28/2023,아산(634),X,27.6,26.8,21.8,18.5,85,X, ,X,낮음
9/28/2023,계룡(636),X,27,26.4,20.7,14.7,85,X, ,X,낮음
9/28/2023,연천청산(652),X,26.8,26.6,20.9,16.7,85,X, ,X,낮음
9/28/2023,양양(670),X,27.8,28.5,24,18.7,63,X, ,X,낮음
9/28/2023,무안(699),X,27.9,27.1,22.6,18.9,82,X, ,X,낮음
9/28/2023,무주(701),X,26.6,26.5,20.9,16.5,85,X, ,X,낮음
9/28/2023,익산(702),X,27.4,27.3,21.8,17.2,82,X, ,X,낮음
9/28/2023,진안(703),X,25.8,25.3,20,15.7,86,X, ,X,낮음
9/28/2023,담양(706),X,29.4,29.1,22,17.1,87,X, ,X,낮음
9/28/2023,구례(709),X,28.7,27.9,22.1,16.7,86,X, ,X,낮음
9/28/2023,나주(710),X,28.5,27.7,22.4,18.3,84,X, ,X,낮음
9/28/2023,순천시(712),X,29.6,29.7,24.5,20.4,74,X, ,X,낮음
9/28/2023,광양읍(713),X,29.4,29.6,23.9,19.2,74,X, ,X,낮음
9/28/2023,장성(730),X,28.2,28.1,21.5,17.6,85,X, ,X,낮음
9/28/2023,영암(731),X,29.3,28.5,22.9,17.7,86,X, ,X,낮음
9/28/2023,보성(732),X,28.3,28,22.1,18,81,X, ,X,낮음
9/28/2023,완주(734),X,27.9,27.5,22.1,17.5,85,X, ,X,낮음
9/28/2023,김제(737),X,27.3,26.5,21.9,19.8,86,X, ,X,낮음
9/28/2023,화순(741),X,27.9,27.4,22.2,17.4,80,X, ,X,낮음
9/28/2023,함평(754),X,28.3,27.8,22.7,18.2,83,X, ,X,낮음
9/28/2023,곡성(768),X,28.4,27.8,21.4,17.3,87,X, ,X,낮음
9/28/2023,압해도(789),X,28.9,27.7,23.2,20.3,84,X, ,X,낮음
9/28/2023,영양(801),X,27.3,26.9,21,16,87,X, ,X,낮음
9/28/2023,성주(810),X,28.2,29.2,22.5,17.7,74,X, ,X,낮음
9/28/2023,고령(812),X,28.8,28.9,21.7,16.9,85,X, ,X,낮음
9/28/2023,청도(813),X,28.2,28.4,22.3,16.9,78,X, ,X,낮음
9/28/2023,예천(815),X,27.4,27.4,21.2,16.4,83,X, ,X,낮음
9/28/2023,김천(822),X,28,27.6,21,16.2,87,X, ,X,낮음
9/28/2023,군위(823),X,28.2,27.8,22.1,17.4,84,X, ,X,낮음
9/28/2023,칠곡(825),X,28.3,28.6,22.6,17.6,83,X, ,X,낮음
9/28/2023,경산(827),X,28.1,28.8,23.5,18.7,71,X, ,X,낮음
9/28/2023,삼척(876),X,30.1,30.1,23,18.6,77,X, ,X,낮음
9/28/2023,속초(90),X,28.5,29.2,23.8,18.9,65.8,X, ,X,낮음
9/28/2023,삼천포(907),X,28.8,28.7,23.7,20.7,74,X, ,X,낮음
9/28/2023,고성(918),X,30,30.3,23.1,18.5,80,X, ,X,낮음
9/28/2023,창녕(919),X,29.1,29,23.2,18.2,80,X, ,X,낮음
9/28/2023,함안(920),X,30.6,30,22.2,17.6,86,X, ,X,낮음
9/28/2023,북춘천(93),X,27.1,26.9,21.6,17.2,83.9,X, ,X,낮음
9/28/2023,하동(932),X,29.8,29.8,23.5,18.5,76,X, ,X,낮음
9/28/2023,철원(95),X,25.9,25,21.2,16.4,83.3,X, ,X,낮음
9/28/2023,동두천(98),X,27.3,26.5,21.2,17.8,86.3,X, ,X,낮음
9/28/2023,파주(99),X,27.5,26.8,20.7,16.8,90.3,X, ,X,낮음
9/29/2023,북강릉(104),X,23.7,24,19.3,16.1,70.3,X, ,X,낮음
9/29/2023,동해(106),X,23.9,23.5,19.9,16.5,77,X, ,X,낮음
9/29/2023,서울(108),X,25.4,26.9,21.1,17.4,61.5,X, ,X,낮음
9/29/2023,인천(112),X,25.1,25.2,20.8,17.7,61.9,X, ,X,낮음
9/29/2023,원주(114),X,24,24.5,19.9,17.4,72.9,X, ,X,낮음
9/29/2023,울릉도(115),X,25.9,24.9,22,20,73.6,X, ,X,낮음
9/29/2023,수원(119),X,25,26.3,20.5,17.9,76.8,X, ,X,낮음
9/29/2023,영월(121),X,24.4,24.1,18.7,15.6,84.1,X, ,X,낮음
9/29/2023,충주(127),X,24.9,25.2,19.9,16.6,81.4,X, ,X,낮음
9/29/2023,서산(129),X,24.9,24.9,19.6,16.8,79.9,X, ,X,낮음
9/29/2023,울진(130),X,24.8,24.5,19.9,16.7,78.5,X, ,X,낮음
9/29/2023,청주(131),X,25,24.8,21.6,19.2,68,X, ,X,낮음
9/29/2023,대전(133),X,24.7,24.9,20.2,17.5,74.3,X, ,X,낮음
9/29/2023,추풍령(135),X,24.5,24.3,18.8,14.8,78.1,X, ,X,낮음
9/29/2023,안동(136),X,24.6,23.2,19.2,15.6,88.3,X, ,X,낮음
9/29/2023,상주(137),X,26.4,25.8,20.7,16.6,78.3,X, ,X,낮음
9/29/2023,포항(138),X,25.9,25.9,22.3,18.8,69.6,X, ,X,낮음
9/29/2023,군산(140),X,24.8,23.5,19.8,17.3,84.1,X, ,X,낮음
9/29/2023,대구(143),X,26.3,26.8,21.8,16.7,74.6,X, ,X,낮음
9/29/2023,전주(146),X,25.2,25,20.8,17.8,78.3,X, ,X,낮음
9/29/2023,울산(152),X,27,27.2,21.9,17.5,74.8,X, ,X,낮음
9/29/2023,창원(155),X,27.7,28.9,23.2,19.1,69.5,X, ,X,낮음
9/29/2023,광주(156),X,27.4,27.1,21.7,16.5,81.4,X, ,X,낮음
9/29/2023,부산(159),X,27.8,28.6,24.3,20.5,55.8,X, ,X,낮음
9/29/2023,통영(162),X,28.2,28.6,23.1,19.1,76,X, ,X,낮음
9/29/2023,목포(165),X,26.3,25.5,21.7,18.8,76.1,X, ,X,낮음
9/29/2023,여수(168),X,27.6,27.2,23.3,19.7,71.5,X, ,X,낮음
9/29/2023,흑산도(169),X,26.1,24.7,21.1,19.1,80.3,X, ,X,낮음
9/29/2023,완도(170),X,28,28.3,22.9,19.1,71.4,X, ,X,낮음
9/29/2023,고창(172),X,26,25.1,19.5,15.8,82.5,X, ,X,낮음
9/29/2023,제주(184),X,27.7,27.6,24,21.1,64.8,X, ,X,낮음
9/29/2023,진주(192),X,28.3,28.6,21.9,15.5,79.1,X, ,X,낮음
9/29/2023,양평(202),X,24.1,25.6,19.8,17,76.8,X, ,X,낮음
9/29/2023,이천(203),X,25.3,25.4,20.1,16.4,81.3,X, ,X,낮음
9/29/2023,인제(211),X,24.2,24.4,18.4,14.9,79.9,X, ,X,낮음
9/29/2023,홍천(212),X,24.4,25,19,15.6,79.8,X, ,X,낮음
9/29/2023,태백(216),X,21.3,20.9,15.2,10.9,85.4,X, ,X,낮음
9/29/2023,정선군(217),X,24.9,25.1,18,14.2,80.3,X, ,X,낮음
9/29/2023,제천(221),X,24,24.3,18.2,14.7,85.1,X, ,X,낮음
9/29/2023,보은(226),X,24.1,23.7,19.3,16.3,85.6,X, ,X,낮음
9/29/2023,천안(232),X,24.4,24.3,19.2,16.2,82.4,X, ,X,낮음
9/29/2023,보령(235),X,24.5,24.3,20,17.4,77.8,X, ,X,낮음
9/29/2023,부여(236),X,24.9,25.1,19.3,16.4,83.8,X, ,X,낮음
9/29/2023,금산(238),X,24.1,24.7,18.9,15.6,82.6,X, ,X,낮음
9/29/2023,세종(239),X,25,25.4,19.8,17,81.5,X, ,X,낮음
9/29/2023,부안(243),X,25.2,24.6,19.9,16.3,84.3,X, ,X,낮음
9/29/2023,임실(244),X,24.7,24.1,19,15.6,84,X, ,X,낮음
9/29/2023,정읍(245),X,25.5,25.3,19.9,16.9,78.9,X, ,X,낮음
9/29/2023,남원(247),X,26.3,26.6,20.3,15,82.1,X, ,X,낮음
9/29/2023,장수(248),X,23.8,24.5,17.8,13.6,83.8,X, ,X,낮음
9/29/2023,영광군(252),X,25.7,25.2,20,17.2,79.4,X, ,X,낮음
9/29/2023,김해시(253),X,29.2,30.4,23.2,18.5,71.4,X, ,X,낮음
9/29/2023,순창군(254),X,27.1,26.8,20,15.8,81.1,X, ,X,낮음
9/29/2023,양산시(257),X,28.6,30.6,23.1,17.2,71.3,X, ,X,낮음
9/29/2023,강진군(259),X,27.9,29.4,22.5,16.9,74.9,X, ,X,낮음
9/29/2023,장흥(260),X,27.2,28.8,21.5,15.9,77.6,X, ,X,낮음
9/29/2023,해남(261),X,27.7,28.4,21.7,15.8,76.4,X, ,X,낮음
9/29/2023,고흥(262),X,28.7,29.8,22.2,16.7,77.1,X, ,X,낮음
9/29/2023,의령군(263),X,27.6,29.3,21.5,16.2,74.3,X, ,X,낮음
9/29/2023,함양군(264),X,26.8,28.4,20.5,14,73.5,X, ,X,낮음
9/29/2023,진도군ASOS(268),X,26.4,26.5,21.4,17.5,78.9,X, ,X,낮음
9/29/2023,봉화(271),X,22.9,22,17.3,14.1,89.4,X, ,X,낮음
9/29/2023,영주(272),X,24.1,23,17.8,14,90,X, ,X,낮음
9/29/2023,문경(273),X,25.7,24.8,19.7,15.4,82.8,X, ,X,낮음
9/29/2023,청송군(276),X,25.1,23.8,18.5,14.8,92.1,X, ,X,낮음
9/29/2023,영덕(277),X,25.2,24.6,20,16.9,80.5,X, ,X,낮음
9/29/2023,의성(278),X,25.2,24.8,19.2,15.5,89,X, ,X,낮음
9/29/2023,구미(279),X,26.3,26.4,20.8,16.3,74.9,X, ,X,낮음
9/29/2023,영천(281),X,26.1,26.2,20.7,15.1,82.5,X, ,X,낮음
9/29/2023,경주시(283),X,28.4,29,21.6,15.5,78.5,X, ,X,낮음
9/29/2023,거창(284),X,26,27.6,19,13.3,79.4,X, ,X,낮음
9/29/2023,합천(285),X,26.5,27.6,21.1,16,76.8,X, ,X,낮음
9/29/2023,밀양(288),X,27.9,29.7,22.1,16.7,67.9,X, ,X,낮음
9/29/2023,산청(289),X,27.1,28.8,20.1,13.7,78.6,X, ,X,낮음
9/29/2023,거제(294),X,27.6,27.7,22.5,18.6,75.8,X, ,X,낮음
9/29/2023,남해(295),X,27.8,27.7,22.2,18.5,75,X, ,X,낮음
9/29/2023,부천(433),X,23.8,25.6,19.6,15.7,59,X, ,X,낮음
9/29/2023,안양(434),X,,,,,,X, ,X,낮음
9/29/2023,광명(437),X,25.3,26.9,22,19,60,X, ,X,낮음
9/29/2023,군포(438),X,24.9,26.7,21,17.9,62,X, ,X,낮음
9/29/2023,김포(441),X,,26.8,20.5,16.4,,X, ,X,낮음
9/29/2023,하남(444),X,24.7,25.4,18.9,15.7,75,X, ,X,낮음
9/29/2023,의왕(445),X,24.7,25.7,19.7,15.9,76,X, ,X,낮음
9/29/2023,포천(504),X,25.7,26.9,18.9,15.1,75,X, ,X,낮음
9/29/2023,가평조종(505),X,24.8,25.3,18.1,14.5,81,X, ,X,낮음
9/29/2023,안성(516),X,25,25.3,19.7,16.2,83,X, ,X,낮음
9/29/2023,간성(517),X,24.1,23.7,19.1,15.5,72,X, ,X,낮음
9/29/2023,평창(526),X,23.8,24.3,18.3,14.6,78,X, ,X,낮음
9/29/2023,의정부(532),X,25.6,25.9,19.1,15.6,82,X, ,X,낮음
9/29/2023,횡성(536),X,24.3,24.7,18.9,15.4,82,X, ,X,낮음
9/29/2023,고양(540),X,26.1,27.6,19.4,14.4,72,X, ,X,낮음
9/29/2023,남양주(541),X,25.7,27.2,19.8,16.3,71,X, ,X,낮음
9/29/2023,안산(545),X,25.3,26.7,19.4,15.6,83,X, ,X,낮음
9/29/2023,경기광주(546),X,24.3,25,19.2,15.9,75,X, ,X,낮음
9/29/2023,여주(548),X,24.6,24.6,19.1,15.8,84,X, ,X,낮음
9/29/2023,용인(549),X,24.7,25,19.3,15.8,78,X, ,X,낮음
9/29/2023,오산(550),X,25.8,26.4,19.9,16.5,83,X, ,X,낮음
9/29/2023,평택(551),X,26.4,26.2,20.8,17.6,82,X, ,X,낮음
9/29/2023,화천(555),X,25.6,24.9,17.9,14.5,90,X, ,X,낮음
9/29/2023,양구(556),X,24.9,24.9,18.4,15,79,X, ,X,낮음
9/29/2023,시흥(565),X,25.8,26.6,19.5,16.2,80,X, ,X,낮음
9/29/2023,구리(569),X,25.1,26.2,20,17,72,X, ,X,낮음
9/29/2023,화성(571),X,25.5,26.1,20.5,17.4,76,X, ,X,낮음
9/29/2023,성남(572),X,,,,,,X, ,X,낮음
9/29/2023,과천(590),X,25.9,26.3,19.5,15.7,79,X, ,X,낮음
9/29/2023,양주(598),X,25.1,26.4,18.8,14.5,75,X, ,X,낮음
9/29/2023,단양(601),X,25.5,25.2,19.3,16.2,87,X, ,X,낮음
9/29/2023,진천(602),X,25.6,26,19.9,15.9,78,X, ,X,낮음
9/29/2023,괴산(603),X,24.5,24.4,19,15.8,85,X, ,X,낮음
9/29/2023,옥천(604),X,26.2,26,20.9,18.1,83,X, ,X,낮음
9/29/2023,홍북(608),X,24.2,23.6,18.5,14.8,83,X, ,X,낮음
9/29/2023,공주(612),X,25,25,19.7,16.6,83,X, ,X,낮음
9/29/2023,서천(614),X,25,23.6,19.1,15.3,88,X, ,X,낮음
9/29/2023,논산(615),X,25.7,25.3,19.9,16.3,84,X, ,X,낮음
9/29/2023,당진(616),X,24.9,25,19.6,16.6,82,X, ,X,낮음
9/29/2023,청양(618),X,24.2,25,18.6,15.4,83,X, ,X,낮음
9/29/2023,음성(619),X,24.5,24.4,18.5,15.2,83,X, ,X,낮음
9/29/2023,증평(623),X,24.5,23.8,19.7,16.4,84,X, ,X,낮음
9/29/2023,태안(627),X,25.1,25.6,19.9,17,76,X, ,X,낮음
9/29/2023,예산(628),X,24,24.2,20.1,17.4,79,X, ,X,낮음
9/29/2023,아산(634),X,25.2,25.7,19.6,16.5,81,X, ,X,낮음
9/29/2023,계룡(636),X,24.9,23.8,18.3,14.3,89,X, ,X,낮음
9/29/2023,연천청산(652),X,24.5,25.3,18.3,14.6,76,X, ,X,낮음
9/29/2023,양양(670),X,23.8,24.2,20.6,17.1,64,X, ,X,낮음
9/29/2023,무안(699),X,27.4,26.6,20.9,16.5,82,X, ,X,낮음
9/29/2023,무주(701),X,24.8,24.6,19.1,15.7,81,X, ,X,낮음
9/29/2023,익산(702),X,25.4,25.5,20.1,16.1,83,X, ,X,낮음
9/29/2023,진안(703),X,24.5,24.2,18.6,14.1,83,X, ,X,낮음
9/29/2023,담양(706),X,27.8,28.3,20.7,14.9,81,X, ,X,낮음
9/29/2023,구례(709),X,28,28.4,20.6,14.1,83,X, ,X,낮음
9/29/2023,나주(710),X,27.8,27.5,20.4,16,83,X, ,X,낮음
9/29/2023,순천시(712),X,29,28.6,22.5,16.9,81,X, ,X,낮음
9/29/2023,광양읍(713),X,28.8,29.7,22.7,15.6,73,X, ,X,낮음
9/29/2023,장성(730),X,26.6,26.7,20.3,16.8,79,X, ,X,낮음
9/29/2023,영암(731),X,28.1,28.4,20.8,15.9,85,X, ,X,낮음
9/29/2023,보성(732),X,27.3,28.4,20.3,14.8,78,X, ,X,낮음
9/29/2023,완주(734),X,26.4,25.2,19.8,16.5,86,X, ,X,낮음
9/29/2023,김제(737),X,25.9,25.1,20.5,17.7,80,X, ,X,낮음
9/29/2023,화순(741),X,28.6,28.1,21,16.5,79,X, ,X,낮음
9/29/2023,함평(754),X,27.6,27.3,20.8,16.7,79,X, ,X,낮음
9/29/2023,곡성(768),X,26.9,26.9,20.1,16,85,X, ,X,낮음
9/29/2023,압해도(789),X,28.4,27.5,21.9,18.2,82,X, ,X,낮음
9/29/2023,영양(801),X,25.1,23.9,18.5,15.6,91,X, ,X,낮음
9/29/2023,성주(810),X,27.1,27.8,20.8,15.2,75,X, ,X,낮음
9/29/2023,고령(812),X,26.8,27.1,20.1,15,86,X, ,X,낮음
9/29/2023,청도(813),X,27.5,28.2,20.6,15.9,81,X, ,X,낮음
9/29/2023,예천(815),X,25.4,24.5,19.1,14.5,85,X, ,X,낮음
9/29/2023,김천(822),X,26.3,26.1,19.9,14.5,81,X, ,X,낮음
9/29/2023,군위(823),X,25.8,25.4,19.6,15.4,87,X, ,X,낮음
9/29/2023,칠곡(825),X,26.5,26.2,21,15.7,84,X, ,X,낮음
9/29/2023,경산(827),X,26.7,27,21.6,16.4,76,X, ,X,낮음
9/29/2023,삼척(876),X,25,24.7,20.3,17.5,70,X, ,X,낮음
9/29/2023,속초(90),X,24.2,23.8,20.4,17.5,65.6,X, ,X,낮음
9/29/2023,삼천포(907),X,28.6,28.6,22.6,17.5,76,X, ,X,낮음
9/29/2023,고성(918),X,28.4,28.7,22,16.1,81,X, ,X,낮음
9/29/2023,창녕(919),X,28.1,28.4,21.1,15.8,82,X, ,X,낮음
9/29/2023,함안(920),X,28,28.9,21,16.4,84,X, ,X,낮음
9/29/2023,북춘천(93),X,25,25.2,19.2,15.7,81.9,X, ,X,낮음
9/29/2023,하동(932),X,28.6,29.6,22.2,15.9,77,X, ,X,낮음
9/29/2023,철원(95),X,23.6,24.2,18.1,14,77.4,X, ,X,낮음
9/29/2023,동두천(98),X,24.1,25.6,18.9,14.8,74.1,X, ,X,낮음
9/29/2023,파주(99),X,24.6,25.2,18.2,14.3,84.4,X, ,X,낮음
9/30/2023,북강릉(104),X,25.7,25.9,19.5,15.5,72.5,X, ,X,낮음
9/30/2023,동해(106),X,25.9,26.3,20,16,71,X, ,X,낮음
9/30/2023,서울(108),X,24,22.2,19.7,17.1,77,X, ,X,낮음
9/30/2023,인천(112),X,24.2,22.4,20,17.3,71.1,X, ,X,낮음
9/30/2023,원주(114),X,22.3,21.7,18.8,15.5,76.9,X, ,X,낮음
9/30/2023,울릉도(115),X,24.4,23.8,20.6,18.2,75.4,X, ,X,낮음
9/30/2023,수원(119),X,24.4,23,18.7,16.3,80,X, ,X,낮음
9/30/2023,영월(121),X,23.2,22.6,17.5,14.1,84,X, ,X,낮음
9/30/2023,충주(127),X,23.3,22.3,18.4,14,79.3,X, ,X,낮음
9/30/2023,서산(129),X,23.5,22.1,18.9,15.5,83,X, ,X,낮음
9/30/2023,울진(130),X,25.2,25.3,20.2,15.9,71.5,X, ,X,낮음
9/30/2023,청주(131),X,24.3,24,19.6,15.8,72.8,X, ,X,낮음
9/30/2023,대전(133),X,24.3,24,18.6,14.2,77.3,X, ,X,낮음
9/30/2023,추풍령(135),X,23.1,22.5,18.1,13.6,76.9,X, ,X,낮음
9/30/2023,안동(136),X,24.1,23.5,18.2,15.1,82.1,X, ,X,낮음
9/30/2023,상주(137),X,25.2,24.8,19.3,14.8,77.4,X, ,X,낮음
9/30/2023,포항(138),X,24.6,25,20.8,16.9,67.6,X, ,X,낮음
9/30/2023,군산(140),X,23.4,22.9,18.9,14.6,81.1,X, ,X,낮음
9/30/2023,대구(143),X,24.6,25.1,20,15.7,71.6,X, ,X,낮음
9/30/2023,전주(146),X,24.3,23.8,19.3,15,78.9,X, ,X,낮음
9/30/2023,울산(152),X,24.3,24.3,19.4,15.3,75.4,X, ,X,낮음
9/30/2023,창원(155),X,24.5,24.6,19.9,16.1,71.3,X, ,X,낮음
9/30/2023,광주(156),X,24.7,23.6,19.2,15.1,87.6,X, ,X,낮음
9/30/2023,부산(159),X,24,22.9,20.3,16.6,69.3,X, ,X,낮음
9/30/2023,통영(162),X,24.2,23.5,20,17.7,82.9,X, ,X,낮음
9/30/2023,목포(165),X,22.6,21.3,18.9,15.6,83.1,X, ,X,낮음
9/30/2023,여수(168),X,24.4,23.2,20.9,18,72.3,X, ,X,낮음
9/30/2023,흑산도(169),X,22.8,21.1,18.7,15.3,86.1,X, ,X,낮음
9/30/2023,완도(170),X,25.1,24.6,19.9,16.8,76.8,X, ,X,낮음
9/30/2023,고창(172),X,23.7,23.1,18.2,14.8,83.4,X, ,X,낮음
9/30/2023,제주(184),X,24.3,23.5,20.9,18.2,70.5,X, ,X,낮음
9/30/2023,진주(192),X,24.8,24.2,19.5,16.1,84,X, ,X,낮음
9/30/2023,양평(202),X,22.4,21.5,18.6,16.3,82.8,X, ,X,낮음
9/30/2023,이천(203),X,24.1,22.7,18.8,15.4,84.6,X, ,X,낮음
9/30/2023,인제(211),X,22.8,21.7,17,14.1,85.1,X, ,X,낮음
9/30/2023,홍천(212),X,23,22.1,17.6,15,85.5,X, ,X,낮음
9/30/2023,태백(216),X,21.2,21.6,15.4,11.3,72,X, ,X,낮음
9/30/2023,정선군(217),X,22.9,22.3,16.8,13.1,80.1,X, ,X,낮음
9/30/2023,제천(221),X,22.8,22,16.7,13.8,89.1,X, ,X,낮음
9/30/2023,보은(226),X,23.7,23.1,17.9,14.8,85,X, ,X,낮음
9/30/2023,천안(232),X,23.6,23.1,18.5,15.6,84,X, ,X,낮음
9/30/2023,보령(235),X,23.5,22.8,18.7,15.4,82.6,X, ,X,낮음
9/30/2023,부여(236),X,24.7,24.3,18.4,14.9,83.4,X, ,X,낮음
9/30/2023,금산(238),X,23.9,23.5,18.1,14.5,83.6,X, ,X,낮음
9/30/2023,세종(239),X,23.7,23.1,18.4,14.2,81.9,X, ,X,낮음
9/30/2023,부안(243),X,23.8,23.2,19.2,15.6,80.8,X, ,X,낮음
9/30/2023,임실(244),X,23.6,23.4,17.9,14,82.6,X, ,X,낮음
9/30/2023,정읍(245),X,24.1,23.6,18.6,14.9,78.3,X, ,X,낮음
9/30/2023,남원(247),X,24.4,24.1,18.6,15,81.3,X, ,X,낮음
9/30/2023,장수(248),X,23,22.6,16.6,12.8,85,X, ,X,낮음
9/30/2023,영광군(252),X,23.3,22.7,18.4,15.3,81.6,X, ,X,낮음
9/30/2023,김해시(253),X,25.1,24.9,20.1,15.9,76.5,X, ,X,낮음
9/30/2023,순창군(254),X,23.8,23.6,18.4,14.9,79.5,X, ,X,낮음
9/30/2023,양산시(257),X,25.1,24.9,20.6,17.8,79.8,X, ,X,낮음
9/30/2023,강진군(259),X,24.7,24.4,19.5,16.3,77.1,X, ,X,낮음
9/30/2023,장흥(260),X,24.1,23.6,18.8,15.5,85.6,X, ,X,낮음
9/30/2023,해남(261),X,23.9,23.2,18.9,16.1,82.1,X, ,X,낮음
9/30/2023,고흥(262),X,25.4,24.9,20.4,17.5,78.5,X, ,X,낮음
9/30/2023,의령군(263),X,24.9,24.9,19.5,15.8,81.1,X, ,X,낮음
9/30/2023,함양군(264),X,25,25.7,19.1,15.2,76.4,X, ,X,낮음
9/30/2023,진도군ASOS(268),X,23.2,22.1,18.9,15.3,82.4,X, ,X,낮음
9/30/2023,봉화(271),X,22.4,21.8,16.4,12.7,87.1,X, ,X,낮음
9/30/2023,영주(272),X,23.3,22.7,18.1,13.7,78.8,X, ,X,낮음
9/30/2023,문경(273),X,24.3,23.8,18.6,14.3,80.4,X, ,X,낮음
9/30/2023,청송군(276),X,24.2,23.8,17.5,13.5,87.1,X, ,X,낮음
9/30/2023,영덕(277),X,24,24.1,19.4,15.4,73.6,X, ,X,낮음
9/30/2023,의성(278),X,24.6,24.5,18.4,14.8,85.5,X, ,X,낮음
9/30/2023,구미(279),X,24.9,25.2,19.5,14.9,73.4,X, ,X,낮음
9/30/2023,영천(281),X,23.9,24.3,19,14.8,79.1,X, ,X,낮음
9/30/2023,경주시(283),X,24.6,25.1,19,15.3,79.6,X, ,X,낮음
9/30/2023,거창(284),X,24.3,24.8,17.5,13.5,82.6,X, ,X,낮음
9/30/2023,합천(285),X,24.9,24.5,19.5,16.4,81.4,X, ,X,낮음
9/30/2023,밀양(288),X,23.8,24,19.4,16,74.9,X, ,X,낮음
9/30/2023,산청(289),X,24.8,24.8,19.2,15.1,80.1,X, ,X,낮음
9/30/2023,거제(294),X,23.8,22.5,19.4,17.1,83.3,X, ,X,낮음
9/30/2023,남해(295),X,23.8,22.7,19.7,17.1,81.6,X, ,X,낮음
9/30/2023,부천(433),X,22.9,21.6,18.4,15.4,74,X, ,X,낮음
9/30/2023,안양(434),X,,,,,,X, ,X,낮음
9/30/2023,광명(437),X,24.2,22.5,20,18,74,X, ,X,낮음
9/30/2023,군포(438),X,22.9,21.2,19,16.8,75,X, ,X,낮음
9/30/2023,김포(441),X,,22.8,19.2,15.8,,X, ,X,낮음
9/30/2023,하남(444),X,22.8,21.4,18.4,15.3,76,X, ,X,낮음
9/30/2023,의왕(445),X,23.5,21.7,18,15.3,83,X, ,X,낮음
9/30/2023,포천(504),X,22.9,21.5,17.4,12.8,84,X, ,X,낮음
9/30/2023,가평조종(505),X,24,22.6,16.7,12.7,90,X, ,X,낮음
9/30/2023,안성(516),X,23.4,22.3,18,14.7,88,X, ,X,낮음
9/30/2023,간성(517),X,25,25.2,20.2,16.2,63,X, ,X,낮음
9/30/2023,평창(526),X,22.7,22,16.5,13.2,80,X, ,X,낮음
9/30/2023,의정부(532),X,24.6,22.4,18.7,14.4,90,X, ,X,낮음
9/30/2023,횡성(536),X,22.6,21.7,17.8,15.3,83,X, ,X,낮음
9/30/2023,고양(540),X,24.7,23.4,18.7,13.8,81,X, ,X,낮음
9/30/2023,남양주(541),X,23.5,22.5,18.6,15,79,X, ,X,낮음
9/30/2023,안산(545),X,24.6,22.7,17.8,14,90,X, ,X,낮음
9/30/2023,경기광주(546),X,22.5,21.6,18,15.8,79,X, ,X,낮음
9/30/2023,여주(548),X,23.2,21.9,18.2,15,85,X, ,X,낮음
9/30/2023,용인(549),X,23,21.8,18.2,15.1,79,X, ,X,낮음
9/30/2023,오산(550),X,24.4,23.3,19,14.7,81,X, ,X,낮음
9/30/2023,평택(551),X,24.3,23,19.1,15.2,84,X, ,X,낮음
9/30/2023,화천(555),X,24.3,22.4,16.8,14.5,94,X, ,X,낮음
9/30/2023,양구(556),X,22.9,22,16.8,13.7,85,X, ,X,낮음
9/30/2023,시흥(565),X,24.6,22.7,19.1,15.4,83,X, ,X,낮음
9/30/2023,구리(569),X,23.6,22.2,18.8,16.1,77,X, ,X,낮음
9/30/2023,화성(571),X,24.6,23.2,18.9,16.2,82,X, ,X,낮음
9/30/2023,성남(572),X,,,,,,X, ,X,낮음
9/30/2023,과천(590),X,23.6,21.6,18.8,14.7,84,X, ,X,낮음
9/30/2023,양주(598),X,25.2,23.9,18.7,13.6,82,X, ,X,낮음
9/30/2023,단양(601),X,23.9,23.2,18,14.7,85,X, ,X,낮음
9/30/2023,진천(602),X,23.9,23.7,19.1,15.7,76,X, ,X,낮음
9/30/2023,괴산(603),X,23.9,23.5,18.1,15.2,86,X, ,X,낮음
9/30/2023,옥천(604),X,25.7,25.6,19.9,16.1,82,X, ,X,낮음
9/30/2023,홍북(608),X,24.7,23.8,17.9,13.9,84,X, ,X,낮음
9/30/2023,공주(612),X,24.5,23.9,18.6,15.1,82,X, ,X,낮음
9/30/2023,서천(614),X,23.5,23.1,18.8,15,83,X, ,X,낮음
9/30/2023,논산(615),X,25,24.9,19.2,15.4,80,X, ,X,낮음
9/30/2023,당진(616),X,24.9,23.4,18.9,15.3,86,X, ,X,낮음
9/30/2023,청양(618),X,23.6,22.9,18.1,14.1,82,X, ,X,낮음
9/30/2023,음성(619),X,23.3,22.8,17.4,14.4,84,X, ,X,낮음
9/30/2023,증평(623),X,23.7,22.7,18.4,16,87,X, ,X,낮음
9/30/2023,태안(627),X,24.6,22.6,19.4,15.9,84,X, ,X,낮음
9/30/2023,예산(628),X,24.1,23,18.8,15.6,82,X, ,X,낮음
9/30/2023,아산(634),X,25.8,24.9,18.9,15.1,81,X, ,X,낮음
9/30/2023,계룡(636),X,23.6,23,17.9,13.1,84,X, ,X,낮음
9/30/2023,연천청산(652),X,24.1,23,17.4,12.5,85,X, ,X,낮음
9/30/2023,양양(670),X,25.3,25.8,21.4,17.1,56,X, ,X,낮음
9/30/2023,무안(699),X,23.2,22.5,18.2,15.4,84,X, ,X,낮음
9/30/2023,무주(701),X,24,23.6,17.9,14.7,84,X, ,X,낮음
9/30/2023,익산(702),X,23.9,24.3,18.9,14.9,81,X, ,X,낮음
9/30/2023,진안(703),X,23,22.5,17.1,12.8,84,X, ,X,낮음
9/30/2023,담양(706),X,26.2,26,19.3,15.4,84,X, ,X,낮음
9/30/2023,구례(709),X,25,24.3,19.2,15.9,85,X, ,X,낮음
9/30/2023,나주(710),X,24.2,23.4,18.3,15.6,85,X, ,X,낮음
9/30/2023,순천시(712),X,25.5,24.9,20,16.2,80,X, ,X,낮음
9/30/2023,광양읍(713),X,25.2,24.9,19.9,16.4,80,X, ,X,낮음
9/30/2023,장성(730),X,24.7,24.4,18.4,15.2,81,X, ,X,낮음
9/30/2023,영암(731),X,24.5,23.7,18.4,14.8,88,X, ,X,낮음
9/30/2023,보성(732),X,23.5,22.9,18,15.1,83,X, ,X,낮음
9/30/2023,완주(734),X,24.7,24,18.7,15.1,86,X, ,X,낮음
9/30/2023,김제(737),X,24.5,23.9,18.8,14.6,83,X, ,X,낮음
9/30/2023,화순(741),X,23.8,23.1,18.6,14.8,80,X, ,X,낮음
9/30/2023,함평(754),X,23.9,23.1,18.4,15.2,84,X, ,X,낮음
9/30/2023,곡성(768),X,24.9,24.3,18.3,14,85,X, ,X,낮음
9/30/2023,압해도(789),X,25.1,23.8,18.9,15.9,85,X, ,X,낮음
9/30/2023,영양(801),X,23.5,23.2,17.2,13.5,89,X, ,X,낮음
9/30/2023,성주(810),X,25.2,25.7,19.1,15.5,76,X, ,X,낮음
9/30/2023,고령(812),X,25,25.2,18.1,14.3,87,X, ,X,낮음
9/30/2023,청도(813),X,24.6,24.2,17.9,14.2,83,X, ,X,낮음
9/30/2023,예천(815),X,24.4,24.4,17.9,14.4,84,X, ,X,낮음
9/30/2023,김천(822),X,25.3,24.9,18.1,13.9,86,X, ,X,낮음
9/30/2023,군위(823),X,25.1,25.1,18.7,15.5,85,X, ,X,낮음
9/30/2023,칠곡(825),X,25.3,25.4,19.6,15.6,82,X, ,X,낮음
9/30/2023,경산(827),X,24.2,24.6,19.3,15.4,77,X, ,X,낮음
9/30/2023,삼척(876),X,26.7,27.5,20.6,16.3,63,X, ,X,낮음
9/30/2023,속초(90),X,25.4,25.9,21.3,17.7,57,X, ,X,낮음
9/30/2023,삼천포(907),X,24,22.8,19.8,16.7,81,X, ,X,낮음
9/30/2023,고성(918),X,24.4,23.4,19,15,88,X, ,X,낮음
9/30/2023,창녕(919),X,24.7,24,19,15.3,85,X, ,X,낮음
9/30/2023,함안(920),X,24.7,23.8,18.3,14.9,88,X, ,X,낮음
9/30/2023,북춘천(93),X,23.8,22.9,16.9,13.1,89.5,X, ,X,낮음
9/30/2023,하동(932),X,25.2,24.4,19.8,16.7,84,X, ,X,낮음
9/30/2023,철원(95),X,23.2,22,16.4,12,89.1,X, ,X,낮음
9/30/2023,동두천(98),X,23.9,22.2,17.9,14.3,85.4,X, ,X,낮음
9/30/2023,파주(99),X,25.1,23.6,18.2,13.5,88.3,X, ,X,낮음
