일시,지점,폭염여부(O/X),최고체감온도(°C),최고기온(°C),평균기온(°C),최저기온(°C),평균상대습도(%),폭염특보(O/X),폭염영향예보(단계),열대야(O/X),자외선지수(단계)
6/1/2023,북강릉(104),X,26.3,27.1,21.8,17.9,63,X, ,X,높음
6/1/2023,동해(106),X,25,25.3,19.7,14.8,70.3,X, ,X,높음
6/1/2023,서울(108),X,26.7,26.3,22.8,19.7,66.9,X, ,X,보통
6/1/2023,인천(112),X,25.4,24.9,21.1,18,74.8,X, ,X,보통
6/1/2023,원주(114),X,25.5,26.1,22,17.6,63.4,X, ,X,보통
6/1/2023,울릉도(115),X,24.1,23.3,19.2,16,78.9,X, ,X,보통
6/1/2023,수원(119),X,26.1,26,21.7,17.8,71.6,X, ,X,높음
6/1/2023,영월(121),X,26.9,27.6,20.4,14.1,64.8,X, ,X,높음
6/1/2023,충주(127),X,26.8,27.3,21.9,15.8,64.8,X, ,X,보통
6/1/2023,서산(129),X,27,26.6,21.3,17.6,75.5,X, ,X,높음
6/1/2023,울진(130),X,23.3,22.4,19.2,15.2,62.4,X, ,X,보통
6/1/2023,청주(131),X,27.1,27.4,23.5,19.5,61.6,X, ,X,보통
6/1/2023,대전(133),X,27.2,28,22.4,17.5,63.9,X, ,X,보통
6/1/2023,추풍령(135),X,24.3,24,18.8,13.1,74.6,X, ,X,높음
6/1/2023,안동(136),X,24.8,25.1,19.5,13.1,66.1,X, ,X,보통
6/1/2023,상주(137),X,25.8,25.5,20.1,14.3,71,X, ,X,보통
6/1/2023,포항(138),X,21.9,22.2,18,14,76.9,X, ,X,보통
6/1/2023,군산(140),X,26.4,26.4,20.7,17.8,82.1,X, ,X,높음
6/1/2023,대구(143),X,22.4,21.1,18.6,13.8,77,X, ,X,높음
6/1/2023,전주(146),X,25.1,25,21.4,18.5,72.1,X, ,X,보통
6/1/2023,울산(152),X,21.3,20.4,16.3,12.8,87.4,X, ,X,높음
6/1/2023,창원(155),X,20.7,18.5,17.1,14.5,82.1,X, ,X,보통
6/1/2023,광주(156),X,23.2,21.1,19,17.5,91.4,X, ,X,보통
6/1/2023,부산(159),X,21.9,20.7,18.2,16.2,77.5,X, ,X,높음
6/1/2023,통영(162),X,20.8,18.9,17.6,16.5,88.9,X, ,X,보통
6/1/2023,목포(165),X,23.7,21.2,19.8,18.2,82.9,X, ,X,보통
6/1/2023,여수(168),X,21.2,18.8,18.1,16.5,81,X, ,X,보통
6/1/2023,흑산도(169),X,22.4,19.5,17.1,15.9,96.1,X, ,X,보통
6/1/2023,완도(170),X,22.4,19.6,18.9,17.9,89.9,X, ,X,보통
6/1/2023,고창(172),X,23.9,22.8,19.9,16.5,76.4,X, ,X,보통
6/1/2023,제주(184),X,26.8,25,20.7,19.6,94.3,X, ,X,매우높음
6/1/2023,진주(192),X,20.4,17.7,16.1,12.3,92.4,X, ,X,보통
6/1/2023,양평(202),X,26.3,26.2,22,17.7,69.4,X, ,X,높음
6/1/2023,이천(203),X,26.8,26.1,22.1,17.9,77.9,X, ,X,높음
6/1/2023,인제(211),X,25.5,25.5,20.3,16.4,73.6,X, ,X,보통
6/1/2023,홍천(212),X,25.9,26.1,21.2,16.4,70.5,X, ,X,보통
6/1/2023,태백(216),X,25.4,26.4,18.8,10.9,61.5,X, ,X,높음
6/1/2023,정선군(217),X,26.2,26.6,19.6,13.2,71,X, ,X,높음
6/1/2023,제천(221),X,26.1,26.4,20.5,14.8,68.8,X, ,X,보통
6/1/2023,보은(226),X,25.6,25.7,20.2,14.5,74,X, ,X,보통
6/1/2023,천안(232),X,26.5,26.4,21.5,16.2,78.6,X, ,X,높음
6/1/2023,보령(235),X,25.8,24.5,20.5,17.6,81.9,X, ,X,높음
6/1/2023,부여(236),X,27.5,27,22,18.2,78.1,X, ,X,보통
6/1/2023,금산(238),X,25.1,25.2,20.3,15.2,77.1,X, ,X,보통
6/1/2023,세종(239),X,26.6,26,21.7,17.3,73.5,X, ,X,높음
6/1/2023,부안(243),X,25.3,24.9,21.1,18.3,80.6,X, ,X,보통
6/1/2023,임실(244),X,22.7,21,18,14.6,87.4,X, ,X,보통
6/1/2023,정읍(245),X,24.4,23.2,20.5,16.6,77.3,X, ,X,보통
6/1/2023,남원(247),X,22.1,20.8,18,15.8,89.5,X, ,X,보통
6/1/2023,장수(248),X,23.1,21.2,17.7,12.4,84.3,X, ,X,높음
6/1/2023,영광군(252),X,24.2,22.3,19.9,16.3,86.4,X, ,X,보통
6/1/2023,김해시(253),X,21.4,20.1,17.1,14.3,87,X, ,X,보통
6/1/2023,순창군(254),X,22.5,20.3,17.8,15.6,92.4,X, ,X,보통
6/1/2023,양산시(257),X,21.8,21.1,17.3,13.6,87.4,X, ,X,보통
6/1/2023,강진군(259),X,22.9,20.3,18.8,16.7,88.6,X, ,X,보통
6/1/2023,장흥(260),X,22.8,19.7,18.2,16,98.3,X, ,X,보통
6/1/2023,해남(261),X,23.4,20.7,19.6,16.9,88.9,X, ,X,보통
6/1/2023,고흥(262),X,21.3,18.4,17.3,14,90.9,X, ,X,보통
6/1/2023,의령군(263),X,20.4,17.7,16.2,13.1,92.3,X, ,X,보통
6/1/2023,함양군(264),X,20.8,19.6,17,13.4,85.8,X, ,X,보통
6/1/2023,진도군ASOS(268),X,25,22.8,19.7,17,88.4,X, ,X,보통
6/1/2023,봉화(271),X,24.4,24.3,17.9,10.9,73,X, ,X,높음
6/1/2023,영주(272),X,25.2,25.1,19,12.6,71.8,X, ,X,높음
6/1/2023,문경(273),X,26,25.6,19.1,13,72.5,X, ,X,보통
6/1/2023,청송군(276),X,24.2,24.9,17,9.2,71.9,X, ,X,높음
6/1/2023,영덕(277),X,25.6,25.7,18,10.6,74,X, ,X,보통
6/1/2023,의성(278),X,24.5,24.7,18.4,11.5,72.4,X, ,X,높음
6/1/2023,구미(279),X,23.7,23.8,19.7,14.6,68.3,X, ,X,보통
6/1/2023,영천(281),X,22.2,20.9,17.1,11.4,84.1,X, ,X,보통
6/1/2023,경주시(283),X,21.4,20.7,16.5,11.3,84.9,X, ,X,보통
6/1/2023,거창(284),X,22.1,20,17,12.6,89.6,X, ,X,보통
6/1/2023,합천(285),X,20.8,19.3,16.7,13.4,88.1,X, ,X,보통
6/1/2023,밀양(288),X,20.1,19.3,16.3,13.7,82.8,X, ,X,보통
6/1/2023,산청(289),X,21.1,18.1,16.4,13.2,94.1,X, ,X,보통
6/1/2023,거제(294),X,21.4,18.7,17.3,15.3,92.9,X, ,X,보통
6/1/2023,남해(295),X,20.9,18.2,17.2,15.8,86.5,X, ,X,보통
6/1/2023,부천(433),X,24.7,24.7,20.7,17.8,65,X, ,X,보통
6/1/2023,안양(434),X,22.8,26.9,22.8,19.8,,X, ,X,높음
6/1/2023,광명(437),X,26.8,26.9,23.1,19.6,63,X, ,X,보통
6/1/2023,군포(438),X,26.8,27,22.4,18.8,64,X, ,X,높음
6/1/2023,김포(441),X,,26.6,21.9,18.1,,X, ,X,보통
6/1/2023,하남(444),X,26.4,26,21.9,18.1,66,X, ,X,높음
6/1/2023,의왕(445),X,26.3,25.7,21.1,16.6,74,X, ,X,높음
6/1/2023,포천(504),X,26.1,26.5,21.7,18.2,69,X, ,X,보통
6/1/2023,가평조종(505),X,26,25.7,21.1,17.1,77,X, ,X,보통
6/1/2023,안성(516),X,27.2,27.2,21.9,17.6,76,X, ,X,높음
6/1/2023,간성(517),X,26,25.9,21.3,16,70,X, ,X,보통
6/1/2023,평창(526),X,25.8,26.7,20.1,14,65,X, ,X,보통
6/1/2023,의정부(532),X,26.7,25.3,21.6,17.9,83,X, ,X,보통
6/1/2023,횡성(536),X,26.1,26.4,21.1,16,70,X, ,X,보통
6/1/2023,고양(540),X,28,28,22,17.3,72,X, ,X,보통
6/1/2023,남양주(541),X,26.5,26.6,22.3,18.3,70,X, ,X,보통
6/1/2023,안산(545),X,26.5,25.7,20.5,16,78,X, ,X,높음
6/1/2023,경기광주(546),X,25.6,25.8,21.6,17.6,68,X, ,X,높음
6/1/2023,여주(548),X,25.4,25.2,21.4,16.7,70,X, ,X,높음
6/1/2023,용인(549),X,25.4,25.2,21.3,17,70,X, ,X,높음
6/1/2023,오산(550),X,27.2,27.1,22,16.9,73,X, ,X,높음
6/1/2023,평택(551),X,27.8,27.6,22.3,18.3,74,X, ,X,높음
6/1/2023,화천(555),X,26.5,25.9,19.7,16.1,90,X, ,X,보통
6/1/2023,양구(556),X,25.5,25.9,20.1,16.3,73,X, ,X,보통
6/1/2023,시흥(565),X,27,26.6,21.7,17.3,75,X, ,X,보통
6/1/2023,구리(569),X,26.3,26.3,22.4,18.9,65,X, ,X,보통
6/1/2023,화성(571),X,26.2,25.8,21.5,17.8,75,X, ,X,높음
6/1/2023,성남(572),X,25.7,26.2,22.7,19.1,58,X, ,X,높음
6/1/2023,과천(590),X,27,26.8,22.1,17.7,71,X, ,X,높음
6/1/2023,양주(598),X,26.3,26.7,21.6,17.9,69,X, ,X,보통
6/1/2023,단양(601),X,27.6,29.5,21.6,15.2,64,X, ,X,높음
6/1/2023,진천(602),X,27.3,27.8,22.6,17.8,67,X, ,X,높음
6/1/2023,괴산(603),X,27.5,28.2,20.8,14.4,75,X, ,X,높음
6/1/2023,옥천(604),X,27,27.3,21.6,15.9,73,X, ,X,높음
6/1/2023,홍북(608),X,27.1,27.3,20.5,16.6,80,X, ,X,보통
6/1/2023,공주(612),X,27.4,27.5,21.6,16.7,75,X, ,X,보통
6/1/2023,서천(614),X,26.3,25.4,20.5,18.2,84,X, ,X,보통
6/1/2023,논산(615),X,27.7,27.7,22.6,18.3,72,X, ,X,높음
6/1/2023,당진(616),X,27.1,26.1,20.9,17,82,X, ,X,높음
6/1/2023,청양(618),X,27.5,27,20.7,16.5,84,X, ,X,보통
6/1/2023,음성(619),X,26.8,27.2,20.6,14.5,70,X, ,X,보통
6/1/2023,증평(623),X,26.8,26.6,22,16.7,73,X, ,X,높음
6/1/2023,태안(627),X,27.4,26.4,20.8,17,84,X, ,X,보통
6/1/2023,예산(628),X,27.6,27.2,22.1,18.1,78,X, ,X,보통
6/1/2023,아산(634),X,27.9,27.7,21.7,17.8,75,X, ,X,높음
6/1/2023,계룡(636),X,26.7,26.6,20.5,14.6,80,X, ,X,보통
6/1/2023,연천청산(652),X,26.1,26.3,21,17.2,73,X, ,X,높음
6/1/2023,양양(670),X,26.6,27.1,22.3,18.3,64,X, ,X,보통
6/1/2023,무안(699),X,23.1,21.1,18.9,16,89,X, ,X,보통
6/1/2023,무주(701),X,24.8,24.6,20,13.8,74,X, ,X,높음
6/1/2023,익산(702),X,25.3,25.6,21.7,18.8,71,X, ,X,보통
6/1/2023,진안(703),X,23.7,22.2,18.1,12.9,84,X, ,X,보통
6/1/2023,담양(706),X,23.8,20.9,18.8,16.5,96,X, ,X,보통
6/1/2023,구례(709),X,22,18.9,17.5,15.2,94,X, ,X,높음
6/1/2023,나주(710),X,23.2,20.8,18.6,16,96,X, ,X,보통
6/1/2023,순천시(712),X,22.3,20,18.4,15.7,87,X, ,X,보통
6/1/2023,광양읍(713),X,22.2,19.3,17.8,15,91,X, ,X,보통
6/1/2023,장성(730),X,22.9,20.8,18.7,15.2,88,X, ,X,보통
6/1/2023,영암(731),X,24.1,21.5,19.7,17.2,88,X, ,X,보통
6/1/2023,보성(732),X,21.7,19,17.3,14.3,91,X, ,X,보통
6/1/2023,완주(734),X,26.2,25.4,21,16.7,81,X, ,X,보통
6/1/2023,김제(737),X,25.3,25.4,20.9,18.1,79,X, ,X,보통
6/1/2023,화순(741),X,22.9,20.3,18.6,15.3,86,X, ,X,높음
6/1/2023,함평(754),X,23.3,21,18.9,16.5,90,X, ,X,보통
6/1/2023,곡성(768),X,22.1,20.9,17.5,14.7,92,X, ,X,보통
6/1/2023,압해도(789),X,23.7,21,19.3,16.5,91,X, ,X,보통
6/1/2023,영양(801),X,24.6,24.7,17.6,10.2,76,X, ,X,높음
6/1/2023,성주(810),X,23.1,22.6,18.6,13.5,76,X, ,X,보통
6/1/2023,고령(812),X,21.7,20.6,17,12.7,90,X, ,X,보통
6/1/2023,청도(813),X,20.8,18.4,16.1,12.1,90,X, ,X,보통
6/1/2023,예천(815),X,25.1,25.5,19.5,13.1,66,X, ,X,높음
6/1/2023,김천(822),X,25.7,25.1,19.2,12.7,80,X, ,X,높음
6/1/2023,군위(823),X,25.2,25.2,18.8,12.3,76,X, ,X,높음
6/1/2023,칠곡(825),X,23.6,22.8,19.5,14.7,77,X, ,X,보통
6/1/2023,경산(827),X,22.8,21.6,17.8,13.4,85,X, ,X,보통
6/1/2023,삼척(876),X,27.7,28.7,21.9,15.8,58,X, ,X,높음
6/1/2023,속초(90),X,27.5,28.2,20.8,16,71,X, ,X,보통
6/1/2023,삼천포(907),X,21.4,19.1,17.3,14.3,85,X, ,X,보통
6/1/2023,고성(918),X,21.6,19.5,17.5,13.9,88,X, ,X,보통
6/1/2023,창녕(919),X,21,19,16.9,14.1,93,X, ,X,보통
6/1/2023,함안(920),X,20.4,17.3,15.7,13,94,X, ,X,보통
6/1/2023,북춘천(93),X,26.4,26.3,21.2,17.5,77.5,X, ,X,보통
6/1/2023,하동(932),X,21.5,18.6,17.1,14.4,93,X, ,X,보통
6/1/2023,철원(95),X,25.5,25.8,21.1,18,74.4,X, ,X,높음
6/1/2023,동두천(98),X,26.4,26.3,21.4,17.7,73.1,X, ,X,높음
6/1/2023,파주(99),X,26.4,25.7,20.6,17.1,81,X, ,X,높음
6/2/2023,북강릉(104),X,25.1,25,19.9,16.9,74.9,X, ,X,매우높음
6/2/2023,동해(106),X,25.4,25.2,19.6,17,76.8,X, ,X,매우높음
6/2/2023,서울(108),X,25.6,25,20.4,17.9,77.4,X, ,X,높음
6/2/2023,인천(112),X,24,22.6,18.6,16.9,82.6,X, ,X,높음
6/2/2023,원주(114),X,26.1,26.6,22.2,19.2,63.8,X, ,X,매우높음
6/2/2023,울릉도(115),X,25,24.5,20.8,17,60.8,X, ,X,매우높음
6/2/2023,수원(119),X,24.8,23.9,18.8,15.6,82.8,X, ,X,매우높음
6/2/2023,영월(121),X,26.1,26.9,21.8,17.7,66.3,X, ,X,매우높음
6/2/2023,충주(127),X,26.9,27.2,22.3,18.3,66.6,X, ,X,매우높음
6/2/2023,서산(129),X,24.7,24,18.7,15.5,83.3,X, ,X,높음
6/2/2023,울진(130),X,26.1,26,20.1,15.8,73.9,X, ,X,매우높음
6/2/2023,청주(131),X,25.9,25.8,21.9,19.7,68.3,X, ,X,매우높음
6/2/2023,대전(133),X,27,27.2,21.9,18.1,67.8,X, ,X,매우높음
6/2/2023,추풍령(135),X,25.6,26.1,21.1,17.7,71.3,X, ,X,높음
6/2/2023,안동(136),X,28,28.7,22.8,17.8,65.9,X, ,X,매우높음
6/2/2023,상주(137),X,28.7,29.2,23,19.2,67.1,X, ,X,매우높음
6/2/2023,포항(138),X,27,26.9,21.9,19,71.9,X, ,X,매우높음
6/2/2023,군산(140),X,24.7,23.3,19.6,16.4,82,X, ,X,매우높음
6/2/2023,대구(143),X,28.3,30.3,23.7,18.5,60.9,X, ,X,매우높음
6/2/2023,전주(146),X,26.8,26,21,18.1,79,X, ,X,매우높음
6/2/2023,울산(152),X,27.4,27.8,21.7,17.6,70.9,X, ,X,매우높음
6/2/2023,창원(155),X,29.1,31.2,22.7,17.6,70.3,X, ,X,매우높음
6/2/2023,광주(156),X,28.6,27.9,22.2,18.1,84.1,X, ,X,매우높음
6/2/2023,부산(159),X,27.9,27.8,23,19.3,67.3,X, ,X,매우높음
6/2/2023,통영(162),X,28.5,27.5,22.4,17.7,80.6,X, ,X,매우높음
6/2/2023,목포(165),X,25,23.2,20.3,18.1,85.8,X, ,X,매우높음
6/2/2023,여수(168),X,28,29,23.2,18.3,70.4,X, ,X,매우높음
6/2/2023,흑산도(169),X,23,20.6,17.8,16.2,95.6,X, ,X,매우높음
6/2/2023,완도(170),X,29.2,29.3,22.5,18.2,79.5,X, ,X,매우높음
6/2/2023,고창(172),X,25.5,24.8,20.6,17.7,75.3,X, ,X,매우높음
6/2/2023,제주(184),X,27.1,25.4,,19.1,,X, ,X,매우높음
6/2/2023,진주(192),X,30.2,32.2,22.7,16.7,73.5,X, ,X,매우높음
6/2/2023,양평(202),X,25.7,25.4,21.7,17.8,68.5,X, ,X,높음
6/2/2023,이천(203),X,26.6,25.6,21.2,17.7,76.9,X, ,X,매우높음
6/2/2023,인제(211),X,25.7,26.7,20.6,15.9,70.1,X, ,X,높음
6/2/2023,홍천(212),X,26,26.6,21.2,16.8,68.9,X, ,X,보통
6/2/2023,태백(216),X,24,25.7,19.8,13.5,60.5,X, ,X,매우높음
6/2/2023,정선군(217),X,26.2,26.8,20.8,15.1,63.9,X, ,X,매우높음
6/2/2023,제천(221),X,25.9,26.8,21.2,16.9,73.6,X, ,X,매우높음
6/2/2023,보은(226),X,26,25.9,21.2,16.6,74.5,X, ,X,매우높음
6/2/2023,천안(232),X,24.6,23.9,20.2,16.6,82,X, ,X,매우높음
6/2/2023,보령(235),X,25.6,24.7,19.4,15.6,83,X, ,X,높음
6/2/2023,부여(236),X,27.1,27.3,21.5,16.5,75.5,X, ,X,매우높음
6/2/2023,금산(238),X,26.7,27,21.5,17.7,75.6,X, ,X,매우높음
6/2/2023,세종(239),X,26.2,25.9,20.9,17,75.4,X, ,X,매우높음
6/2/2023,부안(243),X,24.5,23.5,20,17.6,83.3,X, ,X,매우높음
6/2/2023,임실(244),X,27,26.7,21.1,17.7,79,X, ,X,매우높음
6/2/2023,정읍(245),X,26.3,25.6,20.6,17.4,79.4,X, ,X,매우높음
6/2/2023,남원(247),X,27.7,28.1,22.2,18.5,75.5,X, ,X,매우높음
6/2/2023,장수(248),X,26.3,26.3,20.7,15.5,74.9,X, ,X,매우높음
6/2/2023,영광군(252),X,25.5,24.1,20.1,17.5,83.8,X, ,X,매우높음
6/2/2023,김해시(253),X,31,32.8,23,17.7,74.1,X, ,X,매우높음
6/2/2023,순창군(254),X,27.5,27.3,21.9,17.2,74.8,X, ,X,매우높음
6/2/2023,양산시(257),X,31.1,33.5,24.5,18.6,70.1,X, ,X,매우높음
6/2/2023,강진군(259),X,29.6,29.8,22.7,18.2,75.4,X, ,X,매우높음
6/2/2023,장흥(260),X,29.1,29.5,22.8,18,71.9,X, ,X,매우높음
6/2/2023,해남(261),X,28.1,26.9,21.7,18,83.6,X, ,X,매우높음
6/2/2023,고흥(262),X,28.3,29.3,22.5,17.6,72.4,X, ,X,매우높음
6/2/2023,의령군(263),X,30.7,31.7,23.1,17.3,71.8,X, ,X,매우높음
6/2/2023,함양군(264),X,28.2,30.2,23.7,17.5,62.1,X, ,X,매우높음
6/2/2023,진도군ASOS(268),X,25.3,23.6,20,17.4,88.1,X, ,X,매우높음
6/2/2023,봉화(271),X,25.5,26.6,20.3,14.2,69.8,X, ,X,매우높음
6/2/2023,영주(272),X,26.6,27.2,21.9,17.1,67.4,X, ,X,매우높음
6/2/2023,문경(273),X,26.7,27.4,22.1,17.7,69.1,X, ,X,매우높음
6/2/2023,청송군(276),X,27.5,29,21.3,14.8,66.1,X, ,X,매우높음
6/2/2023,영덕(277),X,27,26.7,20.8,16.8,72.3,X, ,X,매우높음
6/2/2023,의성(278),X,28.4,29.6,22.4,16.5,72.9,X, ,X,매우높음
6/2/2023,구미(279),X,28.2,29.6,23.1,18.3,61.3,X, ,X,높음
6/2/2023,영천(281),X,28.2,30,22.6,18.1,68.4,X, ,X,매우높음
6/2/2023,경주시(283),X,30.3,30.8,23.1,18.5,69.5,X, ,X,매우높음
6/2/2023,거창(284),X,28.1,29.7,22.2,16.7,67.3,X, ,X,매우높음
6/2/2023,합천(285),X,29.6,31.8,22.8,17.4,66.6,X, ,X,매우높음
6/2/2023,밀양(288),X,29,31.7,23.9,17.2,57.9,X, ,X,매우높음
6/2/2023,산청(289),X,28.8,30.9,23.6,17.2,67.4,X, ,X,매우높음
6/2/2023,거제(294),X,28.5,30.3,22.8,17.5,74.6,X, ,X,매우높음
6/2/2023,남해(295),X,30,30.6,23.3,17.7,71.4,X, ,X,매우높음
6/2/2023,부천(433),X,23.8,23.8,18.5,15.9,74,X, ,X,보통
6/2/2023,안양(434),X,20.7,24.5,19.8,17.8,,X, ,X,매우높음
6/2/2023,광명(437),X,25.6,26.1,20,17.8,76,X, ,X,보통
6/2/2023,군포(438),X,24.9,24.4,19.5,16.8,75,X, ,X,보통
6/2/2023,김포(441),X,,24.1,19.2,16.6,,X, ,X,보통
6/2/2023,하남(444),X,25.3,25,20.2,16.5,72,X, ,X,높음
6/2/2023,의왕(445),X,24.7,24.1,18.1,14.8,84,X, ,X,매우높음
6/2/2023,포천(504),X,26.2,26.5,20.2,15.8,77,X, ,X,높음
6/2/2023,가평조종(505),X,25.8,25.6,20.2,15.3,76,X, ,X,보통
6/2/2023,안성(516),X,24.8,24.2,19.7,16.4,82,X, ,X,매우높음
6/2/2023,간성(517),X,23.4,22.5,18.4,15.4,81,X, ,X,매우높음
6/2/2023,평창(526),X,25.9,27.7,21,15.4,63,X, ,X,매우높음
6/2/2023,의정부(532),X,26.5,25.3,19.9,16.2,88,X, ,X,높음
6/2/2023,횡성(536),X,26.6,27.7,21.9,17.9,69,X, ,X,높음
6/2/2023,고양(540),X,27.2,26.8,19.1,15.4,83,X, ,X,보통
6/2/2023,남양주(541),X,26.5,26.2,20.4,15.9,75,X, ,X,높음
6/2/2023,안산(545),X,25.2,24,17.7,0,87,X, ,X,보통
6/2/2023,경기광주(546),X,24.9,25.2,20,16.4,70,X, ,X,높음
6/2/2023,여주(548),X,25.6,25.2,20.8,17.5,74,X, ,X,높음
6/2/2023,용인(549),X,24.2,24,19.5,15.5,75,X, ,X,매우높음
6/2/2023,오산(550),X,25.6,25,19.1,14.7,83,X, ,X,매우높음
6/2/2023,평택(551),X,25.2,24.5,20.1,17.6,80,X, ,X,매우높음
6/2/2023,화천(555),X,26.3,27.1,20,14.9,79,X, ,X,보통
6/2/2023,양구(556),X,25.4,27,21.1,15.1,65,X, ,X,매우높음
6/2/2023,시흥(565),X,25.1,23.9,18.7,14.7,85,X, ,X,보통
6/2/2023,구리(569),X,25.8,26.2,20.9,17.1,69,X, ,X,높음
6/2/2023,화성(571),X,25,24.1,18.4,15.2,85,X, ,X,높음
6/2/2023,성남(572),X,24.3,25.2,20.5,17.1,65,X, ,X,매우높음
6/2/2023,과천(590),X,25.9,25.4,19.4,15.6,83,X, ,X,매우높음
6/2/2023,양주(598),X,26.1,26.1,19.7,15.8,80,X, ,X,높음
6/2/2023,단양(601),X,27,28.5,22.9,19.5,65,X, ,X,높음
6/2/2023,진천(602),X,25,24.9,21.2,18.4,69,X, ,X,매우높음
6/2/2023,괴산(603),X,26.4,26.5,21.5,16.6,72,X, ,X,매우높음
6/2/2023,옥천(604),X,27.5,27.8,22.5,18.1,73,X, ,X,매우높음
6/2/2023,홍북(608),X,27.3,27.2,19.3,14.8,81,X, ,X,높음
6/2/2023,공주(612),X,26.7,27,21.1,16.9,74,X, ,X,매우높음
6/2/2023,서천(614),X,25.4,23.8,19.8,15.8,81,X, ,X,매우높음
6/2/2023,논산(615),X,27.3,27.4,22.2,18.1,76,X, ,X,매우높음
6/2/2023,당진(616),X,24.7,23.7,18.5,15.9,87,X, ,X,높음
6/2/2023,청양(618),X,26.3,25.9,19.7,14.3,80,X, ,X,높음
6/2/2023,음성(619),X,25.8,25.3,20.8,17.1,71,X, ,X,매우높음
6/2/2023,증평(623),X,26.3,25.7,21.6,18.1,75,X, ,X,매우높음
6/2/2023,태안(627),X,25.4,23.9,18.3,15.6,90,X, ,X,높음
6/2/2023,예산(628),X,25,23.9,19.9,16.8,82,X, ,X,매우높음
6/2/2023,아산(634),X,24.5,23.8,19.6,17.4,79,X, ,X,매우높음
6/2/2023,계룡(636),X,26.7,26.7,20.5,14.6,77,X, ,X,매우높음
6/2/2023,연천청산(652),X,25.9,26.1,19.7,15.3,76,X, ,X,높음
6/2/2023,양양(670),X,23.7,23.4,19.9,16.8,73,X, ,X,매우높음
6/2/2023,무안(699),X,26.4,24.7,20.4,16.4,86,X, ,X,매우높음
6/2/2023,무주(701),X,27,27.3,22,18.4,71,X, ,X,매우높음
6/2/2023,익산(702),X,26.8,26.1,21.2,17.7,75,X, ,X,매우높음
6/2/2023,진안(703),X,26,26.4,20.8,16.9,79,X, ,X,매우높음
6/2/2023,담양(706),X,29.5,29.3,22.9,17.8,79,X, ,X,매우높음
6/2/2023,구례(709),X,29.1,29.5,23.4,18.4,74,X, ,X,매우높음
6/2/2023,나주(710),X,28.2,27.2,21.5,16.8,83,X, ,X,매우높음
6/2/2023,순천시(712),X,29.8,31.5,24.7,19,64,X, ,X,매우높음
6/2/2023,광양읍(713),X,30.4,32,24.4,18.2,66,X, ,X,매우높음
6/2/2023,장성(730),X,27.2,26.6,21.2,16.7,80,X, ,X,매우높음
6/2/2023,영암(731),X,28.5,27.6,21.9,17.5,84,X, ,X,매우높음
6/2/2023,보성(732),X,28,28.5,22.1,17.3,73,X, ,X,매우높음
6/2/2023,완주(734),X,28.2,28.4,21.4,17.9,81,X, ,X,매우높음
6/2/2023,김제(737),X,26.1,25.2,20.1,16.5,83,X, ,X,높음
6/2/2023,화순(741),X,28.3,28.5,22.4,17.5,73,X, ,X,매우높음
6/2/2023,함평(754),X,27.5,26.5,21.3,17.5,81,X, ,X,매우높음
6/2/2023,곡성(768),X,28.7,28.8,22.5,18.2,73,X, ,X,매우높음
6/2/2023,압해도(789),X,26,23.9,20.5,17.8,88,X, ,X,매우높음
6/2/2023,영양(801),X,27.6,29.3,20.5,13.9,76,X, ,X,매우높음
6/2/2023,성주(810),X,27.7,29.5,23.5,17.4,59,X, ,X,매우높음
6/2/2023,고령(812),X,28.5,30,22.5,16.4,71,X, ,X,매우높음
6/2/2023,청도(813),X,28.2,29.8,22.6,17.2,67,X, ,X,매우높음
6/2/2023,예천(815),X,27.7,29,22.7,17.6,65,X, ,X,매우높음
6/2/2023,김천(822),X,27.8,28.2,22.4,18,70,X, ,X,높음
6/2/2023,군위(823),X,28.1,29.1,22.4,16.9,73,X, ,X,매우높음
6/2/2023,칠곡(825),X,29.1,29.9,23.7,18.2,66,X, ,X,높음
6/2/2023,경산(827),X,28.8,30.8,23.7,18.6,61,X, ,X,매우높음
6/2/2023,삼척(876),X,25.6,25.5,19.8,16.6,72,X, ,X,매우높음
6/2/2023,속초(90),X,24.2,24.1,19.4,16.6,75.5,X, ,X,매우높음
6/2/2023,삼천포(907),X,29.2,28.7,22.3,17.7,78,X, ,X,매우높음
6/2/2023,고성(918),X,30.2,31.1,23.5,18.1,76,X, ,X,매우높음
6/2/2023,창녕(919),X,29,30.6,23,17.6,69,X, ,X,매우높음
6/2/2023,함안(920),X,30,30.8,22.4,17.1,75,X, ,X,매우높음
6/2/2023,북춘천(93),X,26.7,27.7,21.6,15.9,70.6,X, ,X,높음
6/2/2023,하동(932),X,30.3,30.7,23.8,18.1,71,X, ,X,매우높음
6/2/2023,철원(95),X,25.3,25.4,20.2,16.6,73,X, ,X,높음
6/2/2023,동두천(98),X,26.7,26.3,19.6,16.1,82.4,X, ,X,높음
6/2/2023,파주(99),X,26.4,25.7,19.2,15,88.5,X, ,X,보통
6/3/2023,북강릉(104),X,25.9,29.3,22.8,14.5,47.3,X, ,X,매우높음
6/3/2023,동해(106),X,23.8,26.4,22.1,14.9,50.6,X, ,X,매우높음
6/3/2023,서울(108),X,26.4,27.8,22,16.6,60.1,X, ,X,매우높음
6/3/2023,인천(112),X,25.1,25.9,20.6,16.5,61.6,X, ,X,매우높음
6/3/2023,원주(114),X,24.8,27.7,22.1,16.8,51,X, ,X,매우높음
6/3/2023,울릉도(115),X,24.9,24.4,20.7,16.6,56,X, ,X,매우높음
6/3/2023,수원(119),X,25.1,26.9,20.3,13.9,62.9,X, ,X,매우높음
6/3/2023,영월(121),X,25,27.2,21.1,16.1,54.1,X, ,X,매우높음
6/3/2023,충주(127),X,25.9,28.3,21.3,14.8,56.5,X, ,X,매우높음
6/3/2023,서산(129),X,24.5,26.9,20.7,13.9,57.5,X, ,X,매우높음
6/3/2023,울진(130),X,22.6,22.7,19.6,13.9,64.3,X, ,X,매우높음
6/3/2023,청주(131),X,25.9,28.7,22.6,17.2,50.3,X, ,X,매우높음
6/3/2023,대전(133),X,25.4,28.1,21.9,15.6,51.6,X, ,X,매우높음
6/3/2023,추풍령(135),X,24.7,26.1,21,15.6,56.1,X, ,X,매우높음
6/3/2023,안동(136),X,26.3,28,21.5,14.8,58.3,X, ,X,매우높음
6/3/2023,상주(137),X,27.4,29.2,22.8,16.9,53.3,X, ,X,매우높음
6/3/2023,포항(138),X,25.8,26.5,21.4,16.2,60.1,X, ,X,매우높음
6/3/2023,군산(140),X,25.5,26.8,20.5,14.6,70.8,X, ,X,매우높음
6/3/2023,대구(143),X,26.8,29.4,23.1,16.4,50.1,X, ,X,매우높음
6/3/2023,전주(146),X,26.6,28,21.7,16.5,59.6,X, ,X,매우높음
6/3/2023,울산(152),X,24.8,25.4,20.3,15.8,65.1,X, ,X,매우높음
6/3/2023,창원(155),X,27.2,27.3,21.4,17,69.4,X, ,X,매우높음
6/3/2023,광주(156),X,27.4,28.2,22,16,63.6,X, ,X,매우높음
6/3/2023,부산(159),X,24.7,24.7,21.4,17.9,59.3,X, ,X,매우높음
6/3/2023,통영(162),X,24.9,24.7,20.5,16.6,75.1,X, ,X,매우높음
6/3/2023,목포(165),X,24.5,24.3,20.3,17.2,71.9,X, ,X,매우높음
6/3/2023,여수(168),X,26.2,26,22.1,18.5,62.9,X, ,X,매우높음
6/3/2023,흑산도(169),X,23.3,21.5,18.4,15.7,82,X, ,X,매우높음
6/3/2023,완도(170),X,27.9,27.8,22.3,16.4,59,X, ,X,매우높음
6/3/2023,고창(172),X,25.6,25.9,20,14.5,63.6,X, ,X,매우높음
6/3/2023,제주(184),X,25.6,24.6,21.3,17.7,71,X, ,X,매우높음
6/3/2023,진주(192),X,28.1,29.3,21,14.3,75.8,X, ,X,매우높음
6/3/2023,양평(202),X,25.7,28.2,22,16.2,58.3,X, ,X,매우높음
6/3/2023,이천(203),X,26.6,28.7,22.1,15.4,59,X, ,X,매우높음
6/3/2023,인제(211),X,25.2,28.1,20.5,13.8,55.8,X, ,X,매우높음
6/3/2023,홍천(212),X,25.3,28,21.5,14.8,55.3,X, ,X,매우높음
6/3/2023,태백(216),X,22.6,24.9,18,11.2,53.3,X, ,X,매우높음
6/3/2023,정선군(217),X,25.1,27,20,12.9,55.4,X, ,X,매우높음
6/3/2023,제천(221),X,24.7,27.1,20.5,14.5,60.8,X, ,X,매우높음
6/3/2023,보은(226),X,25.4,26.9,19.8,13.9,65,X, ,X,매우높음
6/3/2023,천안(232),X,25.6,27.2,20.8,14.3,60.9,X, ,X,매우높음
6/3/2023,보령(235),X,25.9,27.4,20.1,14.1,67.4,X, ,X,매우높음
6/3/2023,부여(236),X,26.6,28.9,21.4,14.9,59.5,X, ,X,매우높음
6/3/2023,금산(238),X,25.3,27.5,20.1,14,64.6,X, ,X,매우높음
6/3/2023,세종(239),X,24.9,26.9,21.1,14.9,57.1,X, ,X,매우높음
6/3/2023,부안(243),X,25.6,26.8,20.2,15.3,71.1,X, ,X,매우높음
6/3/2023,임실(244),X,25.4,26.8,19.9,14.4,67.8,X, ,X,매우높음
6/3/2023,정읍(245),X,26.4,26.6,20.5,14.1,62.6,X, ,X,매우높음
6/3/2023,남원(247),X,26.3,27.9,20.9,15.8,67.3,X, ,X,매우높음
6/3/2023,장수(248),X,24.4,25.8,19.2,13.9,67,X, ,X,매우높음
6/3/2023,영광군(252),X,25.6,26,20.2,15,68.5,X, ,X,매우높음
6/3/2023,김해시(253),X,27.7,27.3,21.5,16.6,69.9,X, ,X,매우높음
6/3/2023,순창군(254),X,25.9,27.3,20.5,14.2,65.4,X, ,X,매우높음
6/3/2023,양산시(257),X,28.3,28.9,22.1,15.7,67.3,X, ,X,매우높음
6/3/2023,강진군(259),X,28,28.6,22.2,16,61.9,X, ,X,매우높음
6/3/2023,장흥(260),X,27.3,28.6,21.4,14.9,65.5,X, ,X,매우높음
6/3/2023,해남(261),X,26.7,26.1,21.2,15.4,68.6,X, ,X,매우높음
6/3/2023,고흥(262),X,27,27.4,20.4,13.5,67.9,X, ,X,매우높음
6/3/2023,의령군(263),X,28.8,30.3,21.9,15.1,65.3,X, ,X,매우높음
6/3/2023,함양군(264),X,26.2,29,21.1,13.8,59,X, ,X,매우높음
6/3/2023,진도군ASOS(268),X,24.9,24.2,19.5,15,73.5,X, ,X,매우높음
6/3/2023,봉화(271),X,24.2,26.5,19,12.8,63.9,X, ,X,매우높음
6/3/2023,영주(272),X,25.3,27,21.1,14.2,57.6,X, ,X,매우높음
6/3/2023,문경(273),X,25.7,27.2,22,15.6,52.5,X, ,X,매우높음
6/3/2023,청송군(276),X,25.8,28.4,19.8,11.8,58.9,X, ,X,매우높음
6/3/2023,영덕(277),X,25,25.3,19.8,13.7,65.4,X, ,X,매우높음
6/3/2023,의성(278),X,27,29.1,21,13.9,64,X, ,X,매우높음
6/3/2023,구미(279),X,27.1,28.9,23,18,50.1,X, ,X,매우높음
6/3/2023,영천(281),X,26.8,29.1,22.1,14.8,55.9,X, ,X,매우높음
6/3/2023,경주시(283),X,28,29.5,21.9,14.7,62,X, ,X,매우높음
6/3/2023,거창(284),X,26.2,27.9,20.5,13.4,61.6,X, ,X,매우높음
6/3/2023,합천(285),X,27.3,30.1,21.6,14.5,60.1,X, ,X,매우높음
6/3/2023,밀양(288),X,27.7,29.9,22.5,16,53.3,X, ,X,매우높음
6/3/2023,산청(289),X,27.5,29.3,21.7,14.3,61.4,X, ,X,매우높음
6/3/2023,거제(294),X,25.7,25.4,20.5,15.9,71.8,X, ,X,매우높음
6/3/2023,남해(295),X,27,27.3,22.2,17.1,64.3,X, ,X,매우높음
6/3/2023,부천(433),X,24.3,26.3,20.1,14.7,55,X, ,X,매우높음
6/3/2023,안양(434),X,20.4,26.9,21.7,17,,X, ,X,매우높음
6/3/2023,광명(437),X,25.8,28.4,22.4,17.2,53,X, ,X,매우높음
6/3/2023,군포(438),X,25.4,27.6,21.7,16,56,X, ,X,매우높음
6/3/2023,김포(441),X,,27.5,20.9,14.9,,X, ,X,매우높음
6/3/2023,하남(444),X,26.9,29.6,21.4,14.5,55,X, ,X,매우높음
6/3/2023,의왕(445),X,25.5,27,20,13.5,65,X, ,X,매우높음
6/3/2023,포천(504),X,26.3,28.6,21.1,13.9,62,X, ,X,매우높음
6/3/2023,가평조종(505),X,25.5,27.5,20.7,13.2,61,X, ,X,매우높음
6/3/2023,안성(516),X,25.8,28,20.5,14.1,64,X, ,X,매우높음
6/3/2023,간성(517),X,26.1,28.9,22.5,12.5,46,X, ,X,매우높음
6/3/2023,평창(526),X,24.3,27.7,20.5,14.4,55,X, ,X,매우높음
6/3/2023,의정부(532),X,26.9,27.9,21.1,14.7,68,X, ,X,매우높음
6/3/2023,횡성(536),X,25.4,28.2,21.2,15.1,56,X, ,X,매우높음
6/3/2023,고양(540),X,28.4,30.4,21.2,13.3,65,X, ,X,매우높음
6/3/2023,남양주(541),X,27.6,29.5,21.7,15.2,60,X, ,X,매우높음
6/3/2023,안산(545),X,26,26.7,18.4,11.1,72,X, ,X,매우높음
6/3/2023,경기광주(546),X,25.1,27.8,21.1,14.6,54,X, ,X,매우높음
6/3/2023,여주(548),X,25.2,27.3,21.1,15.4,58,X, ,X,매우높음
6/3/2023,용인(549),X,24.8,27.3,20.4,13.8,58,X, ,X,매우높음
6/3/2023,오산(550),X,26.3,28.4,20.6,13.1,65,X, ,X,매우높음
6/3/2023,평택(551),X,26.1,28.6,21.3,15.4,64,X, ,X,매우높음
6/3/2023,화천(555),X,25.7,27.9,20.1,12.5,64,X, ,X,매우높음
6/3/2023,양구(556),X,25.1,28,20.8,13.1,53,X, ,X,매우높음
6/3/2023,시흥(565),X,26,27.5,20.3,12.8,66,X, ,X,매우높음
6/3/2023,구리(569),X,26,28.8,21.9,15.9,54,X, ,X,매우높음
6/3/2023,화성(571),X,26.2,28.1,20.3,14.3,66,X, ,X,매우높음
6/3/2023,성남(572),X,25,28.5,21.8,15,48,X, ,X,매우높음
6/3/2023,과천(590),X,26.7,28.5,21.4,13.7,62,X, ,X,매우높음
6/3/2023,양주(598),X,26.6,29.2,21,13.3,61,X, ,X,매우높음
6/3/2023,단양(601),X,25.5,28.5,22.2,17.4,54,X, ,X,매우높음
6/3/2023,진천(602),X,25.6,27.8,21.8,15.9,52,X, ,X,매우높음
6/3/2023,괴산(603),X,25.7,27.8,20.5,13.7,59,X, ,X,매우높음
6/3/2023,옥천(604),X,26.6,28.2,21.3,16,62,X, ,X,매우높음
6/3/2023,홍북(608),X,26.2,29.5,20.5,12.3,60,X, ,X,매우높음
6/3/2023,공주(612),X,26,28.2,21.4,15,58,X, ,X,매우높음
6/3/2023,서천(614),X,26,26.5,19.9,14.2,72,X, ,X,매우높음
6/3/2023,논산(615),X,26.5,28.7,21.9,15.9,60,X, ,X,매우높음
6/3/2023,당진(616),X,24.6,26.8,20.6,14.1,61,X, ,X,매우높음
6/3/2023,청양(618),X,26.3,28.5,20.5,12.5,59,X, ,X,매우높음
6/3/2023,음성(619),X,25.7,27.1,20.2,13.8,60,X, ,X,매우높음
6/3/2023,증평(623),X,25.6,27.6,21,15,61,X, ,X,매우높음
6/3/2023,태안(627),X,25.9,28.2,20.9,15.2,61,X, ,X,매우높음
6/3/2023,예산(628),X,25.3,28.2,21.5,15.3,58,X, ,X,매우높음
6/3/2023,아산(634),X,25.2,28,21.3,15.2,58,X, ,X,매우높음
6/3/2023,계룡(636),X,25.2,27.5,19.8,13.2,64,X, ,X,매우높음
6/3/2023,연천청산(652),X,25.9,28.6,20.7,12.9,60,X, ,X,매우높음
6/3/2023,양양(670),X,26.1,29.9,23.5,14.3,43,X, ,X,매우높음
6/3/2023,무안(699),X,25.8,25.2,19.9,14.3,73,X, ,X,매우높음
6/3/2023,무주(701),X,24.9,27.2,20.2,14,63,X, ,X,매우높음
6/3/2023,익산(702),X,25.8,28.1,21.4,16,60,X, ,X,매우높음
6/3/2023,진안(703),X,24.8,26.2,18.9,13.2,69,X, ,X,매우높음
6/3/2023,담양(706),X,27.9,29.3,21.4,14.7,67,X, ,X,매우높음
6/3/2023,구례(709),X,28.1,28.9,21.7,15.2,70,X, ,X,매우높음
6/3/2023,나주(710),X,27.2,27.9,20.3,14.2,72,X, ,X,매우높음
6/3/2023,순천시(712),X,28.6,29.2,22.9,17.6,61,X, ,X,매우높음
6/3/2023,광양읍(713),X,28.8,30.4,22.5,15,61,X, ,X,매우높음
6/3/2023,장성(730),X,26.6,27.5,20.1,13.6,67,X, ,X,매우높음
6/3/2023,영암(731),X,27.3,27.4,20.5,14.8,75,X, ,X,매우높음
6/3/2023,보성(732),X,26.1,27.7,20.2,13.9,69,X, ,X,매우높음
6/3/2023,완주(734),X,27.3,28,20.5,14.3,70,X, ,X,매우높음
6/3/2023,김제(737),X,26.2,27.3,20.7,15.6,68,X, ,X,매우높음
6/3/2023,화순(741),X,27,28.3,20.2,14.7,68,X, ,X,매우높음
6/3/2023,함평(754),X,26.7,26.9,20.2,13.4,68,X, ,X,매우높음
6/3/2023,곡성(768),X,27,28.3,21,14.4,63,X, ,X,매우높음
6/3/2023,압해도(789),X,25.7,25.1,20.3,16.7,77,X, ,X,매우높음
6/3/2023,영양(801),X,26.7,27.8,20.7,13.1,63,X, ,X,매우높음
6/3/2023,성주(810),X,26.2,28.7,22,16,57,X, ,X,매우높음
6/3/2023,고령(812),X,27.5,29.1,21.1,14.3,63,X, ,X,매우높음
6/3/2023,청도(813),X,26.7,28.6,20.7,13.9,64,X, ,X,매우높음
6/3/2023,예천(815),X,26,28.4,21.6,14.9,55,X, ,X,매우높음
6/3/2023,김천(822),X,26.8,28,20.7,14.6,64,X, ,X,매우높음
6/3/2023,군위(823),X,27.6,28.3,21.4,14.7,63,X, ,X,매우높음
6/3/2023,칠곡(825),X,27.3,29,23.1,17.2,59,X, ,X,매우높음
6/3/2023,경산(827),X,27.1,29.3,22.5,15.6,53,X, ,X,매우높음
6/3/2023,삼척(876),X,25.7,29,22.8,15.2,46,X, ,X,매우높음
6/3/2023,속초(90),X,26.7,30.1,23.5,13.3,44.4,X, ,X,매우높음
6/3/2023,삼천포(907),X,26.2,25.3,20.3,16.2,76,X, ,X,매우높음
6/3/2023,고성(918),X,26.6,26,20.4,15.7,79,X, ,X,매우높음
6/3/2023,창녕(919),X,27.4,29.4,22,15.6,64,X, ,X,매우높음
6/3/2023,함안(920),X,28.2,28.8,21.6,15.2,72,X, ,X,매우높음
6/3/2023,북춘천(93),X,26.1,28.7,21.5,14.1,57.1,X, ,X,매우높음
6/3/2023,하동(932),X,27.9,28.8,21.9,15.1,69,X, ,X,매우높음
6/3/2023,철원(95),X,25.1,27.5,20.6,13,59.8,X, ,X,매우높음
6/3/2023,동두천(98),X,26.5,28.3,21.1,13.8,61.9,X, ,X,매우높음
6/3/2023,파주(99),X,27,27.8,20.1,12.8,70.5,X, ,X,매우높음
6/4/2023,북강릉(104),X,26.8,30.4,24.7,17.4,33.4,X, ,X,매우높음
6/4/2023,동해(106),X,26,28.7,24.4,18.8,34.3,X, ,X,매우높음
6/4/2023,서울(108),X,26.4,28,22.1,16.9,61,X, ,X,매우높음
6/4/2023,인천(112),X,23.8,23.8,19.5,15.9,72.9,X, ,X,매우높음
6/4/2023,원주(114),X,25.6,27.7,21.3,14.6,48.8,X, ,X,매우높음
6/4/2023,울릉도(115),X,26.5,27.1,23.8,19.5,37.8,X, ,X,매우높음
6/4/2023,수원(119),X,25.2,26.9,20.6,14.2,65.9,X, ,X,매우높음
6/4/2023,영월(121),X,25.5,27.4,19.6,11.2,53.5,X, ,X,매우높음
6/4/2023,충주(127),X,26,28.5,20.6,12.1,54.4,X, ,X,매우높음
6/4/2023,서산(129),X,26.1,27.3,20.4,14.6,74.5,X, ,X,매우높음
6/4/2023,울진(130),X,26.2,28.4,23.3,18.5,39,X, ,X,매우높음
6/4/2023,청주(131),X,26.7,29.4,23.2,17.2,46.5,X, ,X,매우높음
6/4/2023,대전(133),X,26.6,28.7,22.6,17.1,50.1,X, ,X,매우높음
6/4/2023,추풍령(135),X,25.1,26.8,21,13.6,48.5,X, ,X,매우높음
6/4/2023,안동(136),X,26.2,28.8,21.9,15.3,48.5,X, ,X,매우높음
6/4/2023,상주(137),X,27.4,29.3,23.6,18.1,43.6,X, ,X,매우높음
6/4/2023,포항(138),X,26.7,30,24.9,20.1,34.9,X, ,X,매우높음
6/4/2023,군산(140),X,25.3,24.9,20.6,15.7,71.8,X, ,X,매우높음
6/4/2023,대구(143),X,26.7,29.9,23.9,17.5,40.5,X, ,X,매우높음
6/4/2023,전주(146),X,26,27,21.4,15.6,59.1,X, ,X,매우높음
6/4/2023,울산(152),X,26,28.9,22.4,15.1,47.9,X, ,X,매우높음
6/4/2023,창원(155),X,26.9,30,22.2,16.1,55,X, ,X,매우높음
6/4/2023,광주(156),X,27,28,22.4,17.1,57.8,X, ,X,매우높음
6/4/2023,부산(159),X,25.8,27.8,23.1,18.8,43,X, ,X,매우높음
6/4/2023,통영(162),X,25.4,26.8,21.2,16.2,65.4,X, ,X,매우높음
6/4/2023,목포(165),X,24,24.2,20.5,17.1,67.9,X, ,X,매우높음
6/4/2023,여수(168),X,25.8,27.6,23.5,19.7,43.1,X, ,X,매우높음
6/4/2023,흑산도(169),X,24,24.4,20.9,16.7,56,X, ,X,매우높음
6/4/2023,완도(170),X,26.6,27.6,23.3,18.2,44.1,X, ,X,높음
6/4/2023,고창(172),X,25.1,25.8,20.5,14.6,60.8,X, ,X,매우높음
6/4/2023,제주(184),X,27.2,28,23.1,18.7,49.4,X, ,X,높음
6/4/2023,진주(192),X,27.2,28.8,21.4,14,63.8,X, ,X,매우높음
6/4/2023,양평(202),X,26,28.1,21.3,13.8,53.5,X, ,X,매우높음
6/4/2023,이천(203),X,27.1,28.5,21.8,14,58.9,X, ,X,매우높음
6/4/2023,인제(211),X,25.6,27.4,19.4,11.3,61.9,X, ,X,매우높음
6/4/2023,홍천(212),X,25.7,28.2,20.4,12.1,55.3,X, ,X,매우높음
6/4/2023,태백(216),X,22.8,24.9,18.5,10.1,47.1,X, ,X,매우높음
6/4/2023,정선군(217),X,25.8,27.5,19.2,10,56.3,X, ,X,매우높음
6/4/2023,제천(221),X,25.4,27.3,19.3,10.8,59.3,X, ,X,매우높음
6/4/2023,보은(226),X,26.5,27.8,20.6,12.5,59.6,X, ,X,매우높음
6/4/2023,천안(232),X,26,27.5,20.7,12.3,59.3,X, ,X,매우높음
6/4/2023,보령(235),X,24.5,23.9,19.6,15.2,81.8,X, ,X,매우높음
6/4/2023,부여(236),X,26.6,29.5,21.4,15,65.5,X, ,X,매우높음
6/4/2023,금산(238),X,25.9,27.2,20.5,12.8,57.6,X, ,X,매우높음
6/4/2023,세종(239),X,26.3,28.2,21.9,15.3,54.1,X, ,X,매우높음
6/4/2023,부안(243),X,25.9,26.8,20.9,15.4,68.3,X, ,X,매우높음
6/4/2023,임실(244),X,25.4,27.4,19.6,12.3,62.3,X, ,X,매우높음
6/4/2023,정읍(245),X,26.3,27.2,21.1,14,59.8,X, ,X,매우높음
6/4/2023,남원(247),X,26.4,28.3,20.6,13.4,58,X, ,X,매우높음
6/4/2023,장수(248),X,24.6,26,18.7,12,59.8,X, ,X,매우높음
6/4/2023,영광군(252),X,25.2,25,20.3,14.3,70.9,X, ,X,매우높음
6/4/2023,김해시(253),X,27.5,29.4,22.6,16.1,56,X, ,X,매우높음
6/4/2023,순창군(254),X,25.6,27.7,20.4,12.7,60.9,X, ,X,매우높음
6/4/2023,양산시(257),X,28.2,30.5,22.3,15.2,61.4,X, ,X,매우높음
6/4/2023,강진군(259),X,26.6,27.7,21.5,15,59.1,X, ,X,높음
6/4/2023,장흥(260),X,26.7,27.4,20.5,13.9,65.5,X, ,X,높음
6/4/2023,해남(261),X,25.5,26,20.4,14.3,66.5,X, ,X,높음
6/4/2023,고흥(262),X,25.6,27.2,20.3,12.9,58.9,X, ,X,높음
6/4/2023,의령군(263),X,27.9,30.3,22.6,15.8,53.6,X, ,X,매우높음
6/4/2023,함양군(264),X,26.4,28.9,21.6,14.5,49.1,X, ,X,매우높음
6/4/2023,진도군ASOS(268),X,24.7,24.9,19.9,13.6,66.1,X, ,X,높음
6/4/2023,봉화(271),X,24.5,26.8,18.5,9.5,59.5,X, ,X,매우높음
6/4/2023,영주(272),X,25.3,27.2,20.8,12.9,50.5,X, ,X,매우높음
6/4/2023,문경(273),X,26.1,28,21.4,14,50.8,X, ,X,매우높음
6/4/2023,청송군(276),X,25.3,28.7,20.1,10.7,48.9,X, ,X,매우높음
6/4/2023,영덕(277),X,26.8,29.2,24.1,18.8,37.1,X, ,X,매우높음
6/4/2023,의성(278),X,26.9,29.5,21.1,11.5,55.4,X, ,X,매우높음
6/4/2023,구미(279),X,26.8,29.5,23.7,17.9,40.5,X, ,X,매우높음
6/4/2023,영천(281),X,26.7,29.3,22.6,15.4,50.1,X, ,X,높음
6/4/2023,경주시(283),X,27.3,30.1,22.4,14.2,52,X, ,X,매우높음
6/4/2023,거창(284),X,26.2,28.5,20.6,13.4,53.4,X, ,X,매우높음
6/4/2023,합천(285),X,27.4,31.1,22.6,14.9,48.1,X, ,X,매우높음
6/4/2023,밀양(288),X,26.9,30.7,22.4,15,49.5,X, ,X,매우높음
6/4/2023,산청(289),X,26.8,28.9,22.6,16.9,45,X, ,X,매우높음
6/4/2023,거제(294),X,25.9,27.2,21.4,16.2,57.6,X, ,X,매우높음
6/4/2023,남해(295),X,26.8,28.2,23.1,16.4,47.9,X, ,X,매우높음
6/4/2023,부천(433),X,24.1,26.8,19.7,14.5,60,X, ,X,매우높음
6/4/2023,안양(434),X,21.5,27.1,21.3,16.7,,X, ,X,매우높음
6/4/2023,광명(437),X,25.8,28.2,21.9,16.5,59,X, ,X,매우높음
6/4/2023,군포(438),X,25.3,27.5,21.4,15.6,58,X, ,X,매우높음
6/4/2023,김포(441),X,,28.2,21.1,15.7,,X, ,X,매우높음
6/4/2023,하남(444),X,26.6,28.6,21,13.2,52,X, ,X,매우높음
6/4/2023,의왕(445),X,25,26.4,19.8,13.6,67,X, ,X,매우높음
6/4/2023,포천(504),X,26.4,27.8,20.7,13.1,58,X, ,X,높음
6/4/2023,가평조종(505),X,25.9,27.6,19.8,11.1,62,X, ,X,매우높음
6/4/2023,안성(516),X,26.3,27.5,20.9,13.1,62,X, ,X,매우높음
6/4/2023,간성(517),X,26.3,29.3,24.2,19.6,37,X, ,X,매우높음
6/4/2023,평창(526),X,25.1,28.2,19.3,10.5,52,X, ,X,매우높음
6/4/2023,의정부(532),X,26.7,27.7,20.9,13.8,67,X, ,X,매우높음
6/4/2023,횡성(536),X,26.4,28.8,20,11.5,58,X, ,X,매우높음
6/4/2023,고양(540),X,28.8,30.4,21.6,14.3,66,X, ,X,매우높음
6/4/2023,남양주(541),X,27.5,29.7,21.2,13,56,X, ,X,매우높음
6/4/2023,안산(545),X,26.1,27.4,18.7,10.3,76,X, ,X,매우높음
6/4/2023,경기광주(546),X,25.5,27.4,20.7,13.5,52,X, ,X,매우높음
6/4/2023,여주(548),X,25.4,27,20.8,12.8,56,X, ,X,매우높음
6/4/2023,용인(549),X,25.2,26.6,20.1,13.1,59,X, ,X,매우높음
6/4/2023,오산(550),X,27.2,27.9,20.6,12.5,67,X, ,X,매우높음
6/4/2023,평택(551),X,26.1,28.4,21.3,14.7,64,X, ,X,매우높음
6/4/2023,화천(555),X,26.2,28.5,19.6,10.7,69,X, ,X,매우높음
6/4/2023,양구(556),X,25.4,28.2,19.6,10.7,59,X, ,X,매우높음
6/4/2023,시흥(565),X,25.2,26.8,20.1,14.1,70,X, ,X,매우높음
6/4/2023,구리(569),X,27.1,29.1,21.7,14.4,52,X, ,X,매우높음
6/4/2023,화성(571),X,25.7,27,20.8,14.4,70,X, ,X,매우높음
6/4/2023,성남(572),X,25.2,27.3,21.9,15.1,47,X, ,X,매우높음
6/4/2023,과천(590),X,27,27.9,21.7,14,64,X, ,X,매우높음
6/4/2023,양주(598),X,26.8,28.9,20.8,12.7,61,X, ,X,매우높음
6/4/2023,단양(601),X,25.6,28.3,20.8,13.2,50,X, ,X,매우높음
6/4/2023,진천(602),X,25.8,28.4,21.7,13.9,54,X, ,X,매우높음
6/4/2023,괴산(603),X,25.9,28.6,20,10.8,61,X, ,X,매우높음
6/4/2023,옥천(604),X,27.3,29.2,22.3,14.6,54,X, ,X,매우높음
6/4/2023,홍북(608),X,26.9,29.3,20.5,14.1,68,X, ,X,매우높음
6/4/2023,공주(612),X,26.5,28.8,21.7,15.4,58,X, ,X,매우높음
6/4/2023,서천(614),X,24.6,24,19.9,15.5,80,X, ,X,매우높음
6/4/2023,논산(615),X,27.2,28.8,21.9,15.6,64,X, ,X,매우높음
6/4/2023,당진(616),X,26.8,27.5,21.3,15.2,70,X, ,X,매우높음
6/4/2023,청양(618),X,26.9,28.7,20.2,12.8,69,X, ,X,매우높음
6/4/2023,음성(619),X,25.4,27.2,20,10.9,58,X, ,X,매우높음
6/4/2023,증평(623),X,26,28,21.5,13.4,57,X, ,X,매우높음
6/4/2023,태안(627),X,26.2,25.3,19.4,14.5,83,X, ,X,매우높음
6/4/2023,예산(628),X,26.3,28.3,22,15.9,61,X, ,X,매우높음
6/4/2023,아산(634),X,27.5,29.6,21.8,15.1,62,X, ,X,매우높음
6/4/2023,계룡(636),X,26.6,28.3,19.9,11.9,66,X, ,X,매우높음
6/4/2023,연천청산(652),X,26.4,28.2,20.7,12,60,X, ,X,높음
6/4/2023,양양(670),X,26.4,30.1,25.5,20.3,32,X, ,X,매우높음
6/4/2023,무안(699),X,25.4,25.6,20.6,14.9,68,X, ,X,매우높음
6/4/2023,무주(701),X,25.1,27.4,19.6,11.7,58,X, ,X,매우높음
6/4/2023,익산(702),X,26.1,26.8,21.2,15.6,63,X, ,X,매우높음
6/4/2023,진안(703),X,24.5,25.7,19,12.6,60,X, ,X,매우높음
6/4/2023,담양(706),X,27.9,29,21.2,13.3,68,X, ,X,매우높음
6/4/2023,구례(709),X,27.1,28.5,21.3,14.1,64,X, ,X,매우높음
6/4/2023,나주(710),X,27.3,27.5,20.9,13.3,68,X, ,X,매우높음
6/4/2023,순천시(712),X,27.7,30,22.7,14.8,50,X, ,X,매우높음
6/4/2023,광양읍(713),X,27.8,30,22.3,13.9,54,X, ,X,매우높음
6/4/2023,장성(730),X,26,27,20,12.4,64,X, ,X,매우높음
6/4/2023,영암(731),X,26.2,26.3,21.2,14.5,70,X, ,X,높음
6/4/2023,보성(732),X,25.6,27.2,20.3,12.1,58,X, ,X,매우높음
6/4/2023,완주(734),X,26.7,28.1,20.2,13.4,67,X, ,X,매우높음
6/4/2023,김제(737),X,25.4,25.9,21.1,16.2,63,X, ,X,매우높음
6/4/2023,화순(741),X,26.8,28.2,20,12.2,64,X, ,X,매우높음
6/4/2023,함평(754),X,25.6,25.6,20.4,13.8,71,X, ,X,매우높음
6/4/2023,곡성(768),X,26.7,28.6,19.9,12.3,63,X, ,X,매우높음
6/4/2023,압해도(789),X,24.2,23.4,20.3,16.4,77,X, ,X,매우높음
6/4/2023,영양(801),X,25.4,27.9,19.7,10.3,61,X, ,X,매우높음
6/4/2023,성주(810),X,26.4,29.8,22,14.4,50,X, ,X,매우높음
6/4/2023,고령(812),X,27.2,30.3,21.1,13.1,59,X, ,X,매우높음
6/4/2023,청도(813),X,26.2,29,20.9,12.9,59,X, ,X,매우높음
6/4/2023,예천(815),X,26,29.1,21.3,12.9,51,X, ,X,매우높음
6/4/2023,김천(822),X,26.8,28.7,20.6,12.3,60,X, ,X,매우높음
6/4/2023,군위(823),X,27.3,29,21.3,13,60,X, ,X,높음
6/4/2023,칠곡(825),X,27.1,29.6,23,16.2,53,X, ,X,높음
6/4/2023,경산(827),X,26.5,30.3,23,16.3,43,X, ,X,매우높음
6/4/2023,삼척(876),X,27,30.6,25,20.1,31,X, ,X,매우높음
6/4/2023,속초(90),X,26.7,29.7,25,19.4,37.5,X, ,X,매우높음
6/4/2023,삼천포(907),X,26.3,27.3,21.8,15.6,52,X, ,X,매우높음
6/4/2023,고성(918),X,26.1,27.5,21.1,14.1,69,X, ,X,매우높음
6/4/2023,창녕(919),X,28.2,31.1,22.3,14.6,58,X, ,X,매우높음
6/4/2023,함안(920),X,27,29.1,21.7,14.3,62,X, ,X,매우높음
6/4/2023,북춘천(93),X,26.3,28.9,20.6,12.3,60.8,X, ,X,매우높음
6/4/2023,하동(932),X,27.3,29,21.9,14.2,59,X, ,X,매우높음
6/4/2023,철원(95),X,25.9,26.7,20.2,12,60.9,X, ,X,높음
6/4/2023,동두천(98),X,26.5,27.7,20.9,13.8,59.3,X, ,X,매우높음
6/4/2023,파주(99),X,26.6,27.3,20.2,13.6,72,X, ,X,높음
6/5/2023,북강릉(104),X,27.8,30,24.7,18.9,41.8,X, ,X,매우높음
6/5/2023,동해(106),X,28.3,30.4,25,19.5,40.8,X, ,X,매우높음
6/5/2023,서울(108),X,25.8,26.3,21.5,17.6,66.9,X, ,X,매우높음
6/5/2023,인천(112),X,23.5,22.8,19.4,17.5,76.1,X, ,X,매우높음
6/5/2023,원주(114),X,25.6,26.4,20.9,14.9,54.9,X, ,X,매우높음
6/5/2023,울릉도(115),X,26.4,27.9,24.2,21,46.6,X, ,X,매우높음
6/5/2023,수원(119),X,24.8,24.8,20,15.8,71,X, ,X,매우높음
6/5/2023,영월(121),X,25.5,26.6,20.1,11.7,59.8,X, ,X,매우높음
6/5/2023,충주(127),X,26.3,26.5,20.5,13.5,62,X, ,X,높음
6/5/2023,서산(129),X,24.9,25,20.6,17.5,74.6,X, ,X,매우높음
6/5/2023,울진(130),X,27.5,29.3,23.7,18.3,46.8,X, ,X,매우높음
6/5/2023,청주(131),X,26.4,27.9,22.7,18.6,54.4,X, ,X,매우높음
6/5/2023,대전(133),X,25.7,26.7,21.5,17.5,59.3,X, ,X,매우높음
6/5/2023,추풍령(135),X,24.8,25.3,20.9,15.4,56.9,X, ,X,매우높음
6/5/2023,안동(136),X,27.1,27.9,21.8,14.4,60,X, ,X,매우높음
6/5/2023,상주(137),X,27,27.8,22.9,18.5,53.8,X, ,X,매우높음
6/5/2023,포항(138),X,27.2,29,25.1,21.2,41.8,X, ,X,매우높음
6/5/2023,군산(140),X,23.9,23.6,20.2,17.4,73.6,X, ,X,높음
6/5/2023,대구(143),X,27.1,28.7,23.8,17.7,48.1,X, ,X,높음
6/5/2023,전주(146),X,25.4,25.6,20.9,17.7,65.3,X, ,X,매우높음
6/5/2023,울산(152),X,25.8,26.5,22.7,19.2,50.6,X, ,X,매우높음
6/5/2023,창원(155),X,26.3,27.6,22.5,18.5,53.5,X, ,X,높음
6/5/2023,광주(156),X,25.3,25.2,21.2,18.9,75.3,X, ,X,높음
6/5/2023,부산(159),X,26.2,27.2,23.4,21.2,43.9,X, ,X,높음
6/5/2023,통영(162),X,26.7,27.8,22.2,18.4,62.1,X, ,X,높음
6/5/2023,목포(165),X,23.7,23.2,20.3,18.4,69.9,X, ,X,높음
6/5/2023,여수(168),X,25.3,25.9,22.2,19.8,57,X, ,X,높음
6/5/2023,흑산도(169),X,22.8,21.4,18.2,15.2,76.4,X, ,X,높음
6/5/2023,완도(170),X,25.1,24.6,21.3,18.9,59.1,X, ,X,높음
6/5/2023,고창(172),X,24,24.6,20.2,16.7,66.5,X, ,X,높음
6/5/2023,제주(184),X,22.9,22.5,20.1,17.2,66,X, ,X,높음
6/5/2023,진주(192),X,26.8,27.1,20.9,15.3,69.5,X, ,X,높음
6/5/2023,양평(202),X,26,26.4,20.6,14.4,62,X, ,X,매우높음
6/5/2023,이천(203),X,26.1,26.6,20.9,14.4,67.1,X, ,X,매우높음
6/5/2023,인제(211),X,26,26.5,20.3,11,61.4,X, ,X,매우높음
6/5/2023,홍천(212),X,26.5,27.3,20.2,12.3,61.8,X, ,X,매우높음
6/5/2023,태백(216),X,24.1,25.2,18.6,10.9,54.6,X, ,X,매우높음
6/5/2023,정선군(217),X,26.7,27.5,19.6,10.2,59.9,X, ,X,매우높음
6/5/2023,제천(221),X,25.2,25.6,19.3,11.6,66,X, ,X,매우높음
6/5/2023,보은(226),X,25.4,26,20,13.8,68.1,X, ,X,매우높음
6/5/2023,천안(232),X,25.7,26.5,20.2,13.1,70.6,X, ,X,매우높음
6/5/2023,보령(235),X,24.5,24,20.1,17.1,81.1,X, ,X,매우높음
6/5/2023,부여(236),X,25.9,26.9,21.1,17,71.3,X, ,X,높음
6/5/2023,금산(238),X,25,25.3,19.9,14.6,67.1,X, ,X,높음
6/5/2023,세종(239),X,25.6,26.4,20.9,16.3,66.3,X, ,X,매우높음
6/5/2023,부안(243),X,24.6,24.7,20.3,17.3,70.6,X, ,X,매우높음
6/5/2023,임실(244),X,24.2,24.5,19.1,15.2,73.4,X, ,X,높음
6/5/2023,정읍(245),X,24.4,25,20.3,16.7,68,X, ,X,높음
6/5/2023,남원(247),X,24.4,24.8,19.9,16.1,68.9,X, ,X,높음
6/5/2023,장수(248),X,23.3,23.3,17.5,13,74,X, ,X,높음
6/5/2023,영광군(252),X,23.8,24.5,20,16.4,72.4,X, ,X,높음
6/5/2023,김해시(253),X,26.6,27.1,22.6,18.5,57.4,X, ,X,높음
6/5/2023,순창군(254),X,24.6,24.7,20,16.4,70.4,X, ,X,높음
6/5/2023,양산시(257),X,27.7,28.4,22.4,18.4,62.4,X, ,X,높음
6/5/2023,강진군(259),X,25.3,25.5,21.5,18,64.1,X, ,X,높음
6/5/2023,장흥(260),X,25.2,25.1,20.5,17.4,69.5,X, ,X,높음
6/5/2023,해남(261),X,24.6,24.1,20.2,17.6,73.6,X, ,X,높음
6/5/2023,고흥(262),X,24.2,24.1,20.6,16.9,62,X, ,X,높음
6/5/2023,의령군(263),X,26.9,27.7,20.9,15.7,68.6,X, ,X,높음
6/5/2023,함양군(264),X,24.1,25,20.4,16.1,61.4,X, ,X,높음
6/5/2023,진도군ASOS(268),X,23.7,23.1,19.8,17.2,68.9,X, ,X,높음
6/5/2023,봉화(271),X,25,26,18.9,10.5,64.5,X, ,X,매우높음
6/5/2023,영주(272),X,25.7,26.5,21.1,13.1,56.5,X, ,X,매우높음
6/5/2023,문경(273),X,26.2,26.8,21.9,15.9,57.9,X, ,X,매우높음
6/5/2023,청송군(276),X,26.5,28.4,20,11.2,60.6,X, ,X,매우높음
6/5/2023,영덕(277),X,27.9,29.3,24,19,46.6,X, ,X,매우높음
6/5/2023,의성(278),X,27.4,28.6,21.2,12.7,65.3,X, ,X,매우높음
6/5/2023,구미(279),X,26.9,28.5,23.2,16.8,50.5,X, ,X,높음
6/5/2023,영천(281),X,26.6,28.2,22.8,15.5,54.5,X, ,X,매우높음
6/5/2023,경주시(283),X,27.3,28.7,22.6,16,58.5,X, ,X,높음
6/5/2023,거창(284),X,24.7,25.3,19.6,13.6,67.3,X, ,X,높음
6/5/2023,합천(285),X,25.3,26.4,20.7,15.3,63,X, ,X,높음
6/5/2023,밀양(288),X,25.7,27.5,21.9,16.7,57.1,X, ,X,높음
6/5/2023,산청(289),X,25,26,20.4,16.1,64.5,X, ,X,높음
6/5/2023,거제(294),X,26.2,26.8,22.2,18.2,57.1,X, ,X,높음
6/5/2023,남해(295),X,25.6,26.6,22.3,18.4,56.8,X, ,X,높음
6/5/2023,부천(433),X,23.5,24.1,19.2,15.9,66,X, ,X,매우높음
6/5/2023,안양(434),X,21,24.3,20.7,18,,X, ,X,매우높음
6/5/2023,광명(437),X,25.3,26.2,21.4,18.4,63,X, ,X,매우높음
6/5/2023,군포(438),X,24.6,25.5,20.5,17,65,X, ,X,매우높음
6/5/2023,김포(441),X,,24.9,20.5,16.4,,X, ,X,높음
6/5/2023,하남(444),X,26.4,26.8,20.5,14.4,61,X, ,X,매우높음
6/5/2023,의왕(445),X,24.9,24.8,19.4,14.5,73,X, ,X,매우높음
6/5/2023,포천(504),X,26.4,27,20.5,13.3,65,X, ,X,높음
6/5/2023,가평조종(505),X,27,26.9,19.7,11.1,68,X, ,X,매우높음
6/5/2023,안성(516),X,25.5,26.6,20.4,14.6,69,X, ,X,매우높음
6/5/2023,간성(517),X,27.7,29.6,24.8,18.9,42,X, ,X,매우높음
6/5/2023,평창(526),X,25.7,27.1,19.1,10.6,59,X, ,X,매우높음
6/5/2023,의정부(532),X,27,26.2,20.5,14.2,75,X, ,X,매우높음
6/5/2023,횡성(536),X,25.7,26.8,20,12,61,X, ,X,매우높음
6/5/2023,고양(540),X,27.8,28.2,21,14.5,71,X, ,X,높음
6/5/2023,남양주(541),X,27.1,27.3,20.7,13.6,64,X, ,X,매우높음
6/5/2023,안산(545),X,25.2,25,18.7,12.3,79,X, ,X,매우높음
6/5/2023,경기광주(546),X,25.4,26,20.1,14.2,60,X, ,X,매우높음
6/5/2023,여주(548),X,25.9,26.2,20.4,13.7,64,X, ,X,매우높음
6/5/2023,용인(549),X,24.6,25.1,19.5,13.8,65,X, ,X,매우높음
6/5/2023,오산(550),X,26,26.5,20.3,14.2,72,X, ,X,매우높음
6/5/2023,평택(551),X,26.2,27.1,21.4,16.1,65,X, ,X,매우높음
6/5/2023,화천(555),X,27.6,27.7,20,11.2,73,X, ,X,매우높음
6/5/2023,양구(556),X,26.6,27.5,20.4,11.1,60,X, ,X,매우높음
6/5/2023,시흥(565),X,24.8,24.5,19.6,14.2,78,X, ,X,매우높음
6/5/2023,구리(569),X,26.7,27.7,21.3,15.3,60,X, ,X,매우높음
6/5/2023,화성(571),X,25.1,25,19.8,16.3,74,X, ,X,매우높음
6/5/2023,성남(572),X,24.2,25.6,20.8,15.4,57,X, ,X,매우높음
6/5/2023,과천(590),X,25.9,25.9,20.1,14.2,72,X, ,X,매우높음
6/5/2023,양주(598),X,26.6,27.2,20.6,13.4,67,X, ,X,매우높음
6/5/2023,단양(601),X,26.1,27.4,20.8,13.9,57,X, ,X,매우높음
6/5/2023,진천(602),X,26,27,21.2,15.1,62,X, ,X,매우높음
6/5/2023,괴산(603),X,26.5,27,19.9,12.1,69,X, ,X,매우높음
6/5/2023,옥천(604),X,26.5,27.6,21.7,15.7,64,X, ,X,매우높음
6/5/2023,홍북(608),X,26.4,27.2,20.2,15.7,74,X, ,X,매우높음
6/5/2023,공주(612),X,25.6,26.8,21.1,16.5,68,X, ,X,매우높음
6/5/2023,서천(614),X,24.2,23.4,19.8,17.1,81,X, ,X,높음
6/5/2023,논산(615),X,25.7,26.5,21.5,17.1,69,X, ,X,높음
6/5/2023,당진(616),X,25.9,26.8,20.7,16.7,72,X, ,X,매우높음
6/5/2023,청양(618),X,26.2,26.5,19.5,13.8,74,X, ,X,매우높음
6/5/2023,음성(619),X,25.3,25.8,19.7,12,65,X, ,X,매우높음
6/5/2023,증평(623),X,26,26.4,20.9,15,69,X, ,X,매우높음
6/5/2023,태안(627),X,25.8,25.6,20.2,16,83,X, ,X,매우높음
6/5/2023,예산(628),X,25.7,26.5,21.1,17.4,68,X, ,X,매우높음
6/5/2023,아산(634),X,27.7,28.7,21.4,15.9,68,X, ,X,매우높음
6/5/2023,계룡(636),X,25.5,26.5,19,13.7,74,X, ,X,매우높음
6/5/2023,연천청산(652),X,26.4,26.6,20.2,12.5,68,X, ,X,높음
6/5/2023,양양(670),X,28,30.1,25.5,21.7,38,X, ,X,매우높음
6/5/2023,무안(699),X,24.3,24.3,20.2,16.6,72,X, ,X,높음
6/5/2023,무주(701),X,24.7,25.1,19.4,13.5,67,X, ,X,높음
6/5/2023,익산(702),X,24.7,25,21,17.8,67,X, ,X,높음
6/5/2023,진안(703),X,23.5,23.3,17.9,13.1,74,X, ,X,높음
6/5/2023,담양(706),X,25.9,26.3,20.8,17.1,78,X, ,X,높음
6/5/2023,구례(709),X,25.2,25.5,20.4,16.6,75,X, ,X,높음
6/5/2023,나주(710),X,25.8,25.4,20.5,16.9,77,X, ,X,높음
6/5/2023,순천시(712),X,25.7,26.6,22.4,18.7,59,X, ,X,높음
6/5/2023,광양읍(713),X,26.4,27,21.9,17.7,60,X, ,X,높음
6/5/2023,장성(730),X,24.6,24.8,19.5,16,74,X, ,X,높음
6/5/2023,영암(731),X,25,24.9,20.8,17.5,73,X, ,X,높음
6/5/2023,보성(732),X,23.9,24.5,19.9,16.3,68,X, ,X,높음
6/5/2023,완주(734),X,25.8,25.6,19.7,14.5,75,X, ,X,매우높음
6/5/2023,김제(737),X,25.1,25.2,20.7,17.7,69,X, ,X,높음
6/5/2023,화순(741),X,25.5,26,20.2,16.6,71,X, ,X,높음
6/5/2023,함평(754),X,24.6,24.8,20.3,16.3,75,X, ,X,높음
6/5/2023,곡성(768),X,24.7,25,19.6,15.7,74,X, ,X,높음
6/5/2023,압해도(789),X,24.4,23.2,20.2,17.7,76,X, ,X,높음
6/5/2023,영양(801),X,26.7,27.3,19.8,11,70,X, ,X,매우높음
6/5/2023,성주(810),X,26.8,28.4,21.6,14.5,60,X, ,X,높음
6/5/2023,고령(812),X,26.3,27.2,20.2,14.2,71,X, ,X,높음
6/5/2023,청도(813),X,25.4,25.9,20.4,14.9,69,X, ,X,높음
6/5/2023,예천(815),X,27.1,28.4,21.2,13.4,60,X, ,X,높음
6/5/2023,김천(822),X,27,28,20.5,12.2,66,X, ,X,높음
6/5/2023,군위(823),X,27.3,28,21.4,13.9,67,X, ,X,매우높음
6/5/2023,칠곡(825),X,27.2,28.6,23.2,16.2,57,X, ,X,높음
6/5/2023,경산(827),X,26.7,28.2,22.9,16.9,51,X, ,X,높음
6/5/2023,삼척(876),X,28.5,30.9,25.5,21.3,38,X, ,X,매우높음
6/5/2023,속초(90),X,28.9,30.9,25.5,17.7,41.9,X, ,X,매우높음
6/5/2023,삼천포(907),X,25.7,26.4,21.9,18.8,57,X, ,X,높음
6/5/2023,고성(918),X,26.8,27.4,21.6,17.1,70,X, ,X,높음
6/5/2023,창녕(919),X,26.6,27.3,21.5,16.4,67,X, ,X,높음
6/5/2023,함안(920),X,26,26.5,20.5,15.9,70,X, ,X,높음
6/5/2023,북춘천(93),X,27.2,27.7,20.6,12.3,64.5,X, ,X,매우높음
6/5/2023,하동(932),X,25.8,26.3,21.2,17.1,67,X, ,X,높음
6/5/2023,철원(95),X,26.4,27.1,20.1,12.3,66.6,X, ,X,높음
6/5/2023,동두천(98),X,27,27.2,20.4,13.8,69.8,X, ,X,매우높음
6/5/2023,파주(99),X,26.6,25.7,19.8,13.3,77.1,X, ,X,높음
6/6/2023,북강릉(104),X,26.6,28.6,22.9,18.4,53.3,X, ,X,매우높음
6/6/2023,동해(106),X,26.3,27.6,22.2,18,54.6,X, ,X,매우높음
6/6/2023,서울(108),X,25.1,25.2,20.3,17.3,72.9,X, ,X,높음
6/6/2023,인천(112),X,23.1,22.2,19.2,16.9,77.1,X, ,X,매우높음
6/6/2023,원주(114),X,24.9,25.5,20.3,15.7,62.1,X, ,X,매우높음
6/6/2023,울릉도(115),X,27,26.8,22.3,18.8,62,X, ,X,매우높음
6/6/2023,수원(119),X,24.6,24.7,19.5,14.6,73,X, ,X,매우높음
6/6/2023,영월(121),X,26.9,28.2,20.2,13.5,64.5,X, ,X,매우높음
6/6/2023,충주(127),X,26.3,27,20.9,14.2,65.4,X, ,X,매우높음
6/6/2023,서산(129),X,25.1,25,20,15.2,73.1,X, ,X,매우높음
6/6/2023,울진(130),X,26.3,27.4,21.4,18.8,63.3,X, ,X,매우높음
6/6/2023,청주(131),X,27.1,28.1,21.8,17.6,59.5,X, ,X,매우높음
6/6/2023,대전(133),X,27.5,28.4,21.4,15.6,62.1,X, ,X,매우높음
6/6/2023,추풍령(135),X,25.7,26.8,20.9,15.1,61.5,X, ,X,매우높음
6/6/2023,안동(136),X,27.5,28.5,21.9,15.1,63.1,X, ,X,매우높음
6/6/2023,상주(137),X,28.3,28.8,22.6,16.3,60.1,X, ,X,매우높음
6/6/2023,포항(138),X,27.4,28.7,23.8,20.4,53.4,X, ,X,매우높음
6/6/2023,군산(140),X,24.9,24.5,19.5,16.1,76.4,X, ,X,매우높음
6/6/2023,대구(143),X,27.8,30.1,24.3,19.4,50.4,X, ,X,높음
6/6/2023,전주(146),X,26.6,27.3,20.7,16.1,65.9,X, ,X,높음
6/6/2023,울산(152),X,24.7,24.8,20.6,16.8,67.5,X, ,X,매우높음
6/6/2023,창원(155),X,24.7,24.3,20.5,17.3,70.1,X, ,X,높음
6/6/2023,광주(156),X,28.2,28.4,21.6,17.6,75.8,X, ,X,높음
6/6/2023,부산(159),X,23.9,23.5,20.4,18.5,66.4,X, ,X,높음
6/6/2023,통영(162),X,24.1,23.2,20,17.2,74.1,X, ,X,보통
6/6/2023,목포(165),X,24.8,23.9,19.6,17.1,76.1,X, ,X,높음
6/6/2023,여수(168),X,24.2,23.4,20,17.6,75,X, ,X,높음
6/6/2023,흑산도(169),X,23,21.2,17.9,14.9,88.1,X, ,X,높음
6/6/2023,완도(170),X,26,25.4,20.3,16.4,76.4,X, ,X,높음
6/6/2023,고창(172),X,25.7,25.9,19.7,15.7,68.8,X, ,X,높음
6/6/2023,제주(184),X,24.1,22.3,18.5,16.7,91.5,X, ,X,높음
6/6/2023,진주(192),X,27.1,27.1,20.6,16.1,76.5,X, ,X,보통
6/6/2023,양평(202),X,25.9,26.3,20.4,15.1,66.5,X, ,X,높음
6/6/2023,이천(203),X,27.2,27.3,20.4,14.4,70.9,X, ,X,높음
6/6/2023,인제(211),X,24.8,24.9,19.7,13.8,66.4,X, ,X,보통
6/6/2023,홍천(212),X,25.7,26.1,20,13.6,66.8,X, ,X,높음
6/6/2023,태백(216),X,24.4,26.5,19.1,13.3,57.8,X, ,X,매우높음
6/6/2023,정선군(217),X,26.6,27.7,20.1,12.4,62.6,X, ,X,매우높음
6/6/2023,제천(221),X,25.4,26.1,19.5,13,70.8,X, ,X,매우높음
6/6/2023,보은(226),X,25.9,26.5,20.3,14,70.9,X, ,X,매우높음
6/6/2023,천안(232),X,26.5,27.1,19.8,13.9,74.5,X, ,X,매우높음
6/6/2023,보령(235),X,25.1,24.8,19.5,15.6,76,X, ,X,매우높음
6/6/2023,부여(236),X,27.4,27.5,20.5,14.6,72.6,X, ,X,높음
6/6/2023,금산(238),X,26.9,27.5,20.2,13.4,67.1,X, ,X,매우높음
6/6/2023,세종(239),X,26.8,27.3,20.3,14.6,68.1,X, ,X,매우높음
6/6/2023,부안(243),X,25.7,25.8,19.8,16.5,76.1,X, ,X,높음
6/6/2023,임실(244),X,26.4,26.8,19.5,14.2,72.4,X, ,X,높음
6/6/2023,정읍(245),X,26.8,27,20.1,15.6,70.4,X, ,X,높음
6/6/2023,남원(247),X,27.7,28.4,20.9,15.3,68.9,X, ,X,높음
6/6/2023,장수(248),X,25.9,26.6,18.8,12.8,72.3,X, ,X,높음
6/6/2023,영광군(252),X,25.6,25.3,19.4,15.6,77.1,X, ,X,높음
6/6/2023,김해시(253),X,26.1,25.4,20.8,17.4,73,X, ,X,보통
6/6/2023,순창군(254),X,27.5,28.3,20.7,15.2,71.3,X, ,X,높음
6/6/2023,양산시(257),X,26.9,26.8,21.8,18,71.4,X, ,X,높음
6/6/2023,강진군(259),X,27.1,27.3,21.1,17.1,73.3,X, ,X,보통
6/6/2023,장흥(260),X,26.7,26.6,20.5,16.9,73.8,X, ,X,보통
6/6/2023,해남(261),X,26.6,26.2,19.9,16.1,79.9,X, ,X,높음
6/6/2023,고흥(262),X,25.5,24.9,19.2,15.8,77.4,X, ,X,높음
6/6/2023,의령군(263),X,27.9,28.8,22.1,16.3,71.6,X, ,X,보통
6/6/2023,함양군(264),X,28.9,29.5,21.6,14.6,67.1,X, ,X,매우높음
6/6/2023,진도군ASOS(268),X,24.8,23.5,18.5,15.1,81.4,X, ,X,높음
6/6/2023,봉화(271),X,25.7,26.9,19.5,13.4,67.9,X, ,X,매우높음
6/6/2023,영주(272),X,26.5,27.7,21.4,16.1,60.3,X, ,X,매우높음
6/6/2023,문경(273),X,27.1,27.7,21.3,15.4,64.1,X, ,X,매우높음
6/6/2023,청송군(276),X,26.8,28.9,20.6,13,62,X, ,X,매우높음
6/6/2023,영덕(277),X,26.5,27.2,22,17.9,59.4,X, ,X,매우높음
6/6/2023,의성(278),X,27.9,29.2,21.2,14,68.4,X, ,X,매우높음
6/6/2023,구미(279),X,27.8,29.4,22.9,17.2,56.3,X, ,X,매우높음
6/6/2023,영천(281),X,27.4,28.9,22.8,17.7,58.1,X, ,X,높음
6/6/2023,경주시(283),X,28,28.5,21.9,16.6,67.1,X, ,X,높음
6/6/2023,거창(284),X,27.9,28.7,20.6,14.2,69.6,X, ,X,매우높음
6/6/2023,합천(285),X,27.6,28.7,21.6,15.6,67.6,X, ,X,높음
6/6/2023,밀양(288),X,27.3,28.7,22,17,62.8,X, ,X,보통
6/6/2023,산청(289),X,28.1,28.8,21,15,75,X, ,X,높음
6/6/2023,거제(294),X,25.3,24.6,19.9,17.3,74,X, ,X,보통
6/6/2023,남해(295),X,25.6,25.1,20.5,17.4,71.9,X, ,X,보통
6/6/2023,부천(433),X,22.6,23.1,18.7,15.3,68,X, ,X,매우높음
6/6/2023,안양(434),X,21.1,24.5,20.1,17.2,,X, ,X,매우높음
6/6/2023,광명(437),X,24.8,25.6,20.7,17.9,67,X, ,X,매우높음
6/6/2023,군포(438),X,24.6,25.1,20,16.2,66,X, ,X,매우높음
6/6/2023,김포(441),X,,24.4,19.5,15.8,,X, ,X,매우높음
6/6/2023,하남(444),X,25.2,25.8,19.6,14.2,65,X, ,X,높음
6/6/2023,의왕(445),X,24.7,24.3,18.9,13.7,74,X, ,X,매우높음
6/6/2023,포천(504),X,25.1,25.3,19.8,15.4,72,X, ,X,높음
6/6/2023,가평조종(505),X,24.8,24.5,19.3,13.6,74,X, ,X,높음
6/6/2023,안성(516),X,25.8,26.5,20,14.3,72,X, ,X,매우높음
6/6/2023,간성(517),X,25.3,26.1,21.8,18.2,56,X, ,X,높음
6/6/2023,평창(526),X,26.3,28.1,19.3,12.2,63,X, ,X,매우높음
6/6/2023,의정부(532),X,25.8,25.1,19.3,14.8,84,X, ,X,높음
6/6/2023,횡성(536),X,25.6,26.4,19.6,12.8,67,X, ,X,높음
6/6/2023,고양(540),X,28.1,28.6,19.5,14.5,77,X, ,X,높음
6/6/2023,남양주(541),X,27.2,27.5,19.9,14.9,70,X, ,X,높음
6/6/2023,안산(545),X,25.1,25,18.5,11.6,77,X, ,X,매우높음
6/6/2023,경기광주(546),X,25.1,26.1,19.5,13.7,64,X, ,X,높음
6/6/2023,여주(548),X,25.9,25.9,19.6,13.8,71,X, ,X,높음
6/6/2023,용인(549),X,24.7,25.4,19.3,13.3,67,X, ,X,매우높음
6/6/2023,오산(550),X,26.1,26.5,20.3,13.6,72,X, ,X,매우높음
6/6/2023,평택(551),X,26,26.4,20.7,15.6,71,X, ,X,매우높음
6/6/2023,화천(555),X,26.2,26.3,20,13.3,77,X, ,X,보통
6/6/2023,양구(556),X,25.6,26.1,20,13.2,63,X, ,X,보통
6/6/2023,시흥(565),X,24.5,24.3,19.4,14.2,75,X, ,X,매우높음
6/6/2023,구리(569),X,25.8,27,20.2,15.5,65,X, ,X,높음
6/6/2023,화성(571),X,25.1,25.1,19.4,15.1,75,X, ,X,매우높음
6/6/2023,성남(572),X,24.4,25.7,20.1,15,59,X, ,X,매우높음
6/6/2023,과천(590),X,26,26.2,19.6,13.7,75,X, ,X,높음
6/6/2023,양주(598),X,24.8,25.2,19.5,14.9,74,X, ,X,높음
6/6/2023,단양(601),X,26.1,28.4,21.3,15,60,X, ,X,매우높음
6/6/2023,진천(602),X,26.7,27.4,20.8,15.2,66,X, ,X,매우높음
6/6/2023,괴산(603),X,26.1,26.7,19.9,13.3,71,X, ,X,매우높음
6/6/2023,옥천(604),X,27.4,28.3,21.5,15.1,67,X, ,X,매우높음
6/6/2023,홍북(608),X,27.3,28,19.9,13.8,74,X, ,X,매우높음
6/6/2023,공주(612),X,27,27.9,20.2,14.1,69,X, ,X,매우높음
6/6/2023,서천(614),X,24.5,23.7,19.3,15.8,81,X, ,X,매우높음
6/6/2023,논산(615),X,27,27.6,21.3,15.6,68,X, ,X,매우높음
6/6/2023,당진(616),X,26,26.2,19.9,14.6,76,X, ,X,매우높음
6/6/2023,청양(618),X,27.5,27.6,18.9,12.8,77,X, ,X,매우높음
6/6/2023,음성(619),X,25.9,26.2,19.6,12.6,68,X, ,X,매우높음
6/6/2023,증평(623),X,26.5,26.7,20.5,14.8,72,X, ,X,매우높음
6/6/2023,태안(627),X,25.4,25.2,19.8,15.7,81,X, ,X,매우높음
6/6/2023,예산(628),X,26.1,26.4,20.4,15.3,75,X, ,X,매우높음
6/6/2023,아산(634),X,27.3,27.5,20,15.3,75,X, ,X,매우높음
6/6/2023,계룡(636),X,26.5,27.1,19.2,11.7,74,X, ,X,높음
6/6/2023,연천청산(652),X,24.7,24.6,19.7,15.1,73,X, ,X,높음
6/6/2023,양양(670),X,26.6,28.6,23.4,20.6,47,X, ,X,높음
6/6/2023,무안(699),X,25.6,25,19.6,16,77,X, ,X,높음
6/6/2023,무주(701),X,26.4,27.7,20,13.1,68,X, ,X,매우높음
6/6/2023,익산(702),X,26,26.4,20.5,16.3,70,X, ,X,높음
6/6/2023,진안(703),X,26.3,26.5,18.4,12.6,75,X, ,X,높음
6/6/2023,담양(706),X,28.9,28.7,21.4,16,76,X, ,X,높음
6/6/2023,구례(709),X,28.9,29.2,21.9,15.8,74,X, ,X,높음
6/6/2023,나주(710),X,27.8,27.4,20.4,16,78,X, ,X,높음
6/6/2023,순천시(712),X,26.5,25.5,21.2,17.5,77,X, ,X,보통
6/6/2023,광양읍(713),X,27.5,27.4,21.3,16.9,74,X, ,X,보통
6/6/2023,장성(730),X,27.5,27.7,19.9,14.9,74,X, ,X,높음
6/6/2023,영암(731),X,27.1,26.9,20.8,17,75,X, ,X,보통
6/6/2023,보성(732),X,25.7,25.7,19.4,15.7,76,X, ,X,높음
6/6/2023,완주(734),X,27.2,27.6,20,13.9,74,X, ,X,높음
6/6/2023,김제(737),X,26.5,26.4,20.2,16.2,74,X, ,X,높음
6/6/2023,화순(741),X,27.6,28.3,20.5,15.6,73,X, ,X,높음
6/6/2023,함평(754),X,26.5,26,20,15.6,76,X, ,X,높음
6/6/2023,곡성(768),X,28.1,28.6,20.9,14.8,73,X, ,X,높음
6/6/2023,압해도(789),X,25.9,24.7,19.7,16.3,83,X, ,X,높음
6/6/2023,영양(801),X,27.5,28.4,19.9,12.3,73,X, ,X,매우높음
6/6/2023,성주(810),X,27.8,30.1,22.6,15.6,60,X, ,X,매우높음
6/6/2023,고령(812),X,28,28.6,21.5,14.9,73,X, ,X,높음
6/6/2023,청도(813),X,27.5,28.6,21.2,15.2,69,X, ,X,높음
6/6/2023,예천(815),X,27.4,28.8,21.5,15,63,X, ,X,매우높음
6/6/2023,김천(822),X,28.2,29.3,20.8,13.6,70,X, ,X,매우높음
6/6/2023,군위(823),X,28.2,29,21.4,14.6,71,X, ,X,매우높음
6/6/2023,칠곡(825),X,27.9,29.3,23,17.3,63,X, ,X,매우높음
6/6/2023,경산(827),X,27.8,29.5,23.6,17.8,56,X, ,X,높음
6/6/2023,삼척(876),X,27.2,29,23.1,19.5,52,X, ,X,매우높음
6/6/2023,속초(90),X,25.3,26,22.5,19,55.1,X, ,X,높음
6/6/2023,삼천포(907),X,24.3,23.4,19.5,17.1,78,X, ,X,보통
6/6/2023,고성(918),X,25,23.8,19.9,17,80,X, ,X,보통
6/6/2023,창녕(919),X,28.2,29.1,22.4,16.5,69,X, ,X,높음
6/6/2023,함안(920),X,27.1,27.7,20.9,16.4,74,X, ,X,보통
6/6/2023,북춘천(93),X,26.2,26.5,20.5,14,70.5,X, ,X,보통
6/6/2023,하동(932),X,27.2,27,21,16.3,75,X, ,X,보통
6/6/2023,철원(95),X,23.9,23.8,19.6,17,71.5,X, ,X,높음
6/6/2023,동두천(98),X,25.5,25.1,19.6,16.1,76.4,X, ,X,높음
6/6/2023,파주(99),X,25.7,24.7,19,14.8,82.5,X, ,X,높음
6/7/2023,북강릉(104),X,27.4,28.5,24.1,18.2,51,X, ,X,매우높음
6/7/2023,동해(106),X,26,26.7,22.6,18.2,59.9,X, ,X,매우높음
6/7/2023,서울(108),X,26.6,25.7,21.4,18.9,75.3,X, ,X,보통
6/7/2023,인천(112),X,24.1,22.7,19.6,18.1,80.5,X, ,X,높음
6/7/2023,원주(114),X,24.6,24.2,20.9,18.2,68.1,X, ,X,보통
6/7/2023,울릉도(115),X,26.2,25.5,22,19,69.1,X, ,X,매우높음
6/7/2023,수원(119),X,26.2,25.6,21,18.3,73.8,X, ,X,높음
6/7/2023,영월(121),X,25.3,25.2,20.1,15.4,73.6,X, ,X,보통
6/7/2023,충주(127),X,25.6,24.9,20.9,18,72,X, ,X,높음
6/7/2023,서산(129),X,23.7,22.4,19.8,18,81,X, ,X,높음
6/7/2023,울진(130),X,26.7,26.7,22.6,18.8,62.1,X, ,X,매우높음
6/7/2023,청주(131),X,26.8,26.8,22.5,17.8,64.3,X, ,X,높음
6/7/2023,대전(133),X,26.3,26.4,21.7,16.6,68,X, ,X,높음
6/7/2023,추풍령(135),X,26.7,26.5,20.4,14.3,71.5,X, ,X,매우높음
6/7/2023,안동(136),X,27.3,27,22.1,16.6,70.4,X, ,X,매우높음
6/7/2023,상주(137),X,27.7,27.3,22.4,17.5,68.5,X, ,X,매우높음
6/7/2023,포항(138),X,27.9,29.4,24.7,20.1,52.9,X, ,X,매우높음
6/7/2023,군산(140),X,25.5,25,20.5,16.9,79.1,X, ,X,높음
6/7/2023,대구(143),X,28.1,29.4,24.1,18.4,58.1,X, ,X,매우높음
6/7/2023,전주(146),X,28.1,28.3,21.3,15.8,72.8,X, ,X,높음
6/7/2023,울산(152),X,27.5,28.9,22.8,16.4,64.3,X, ,X,매우높음
6/7/2023,창원(155),X,27.4,27.8,21.6,16.1,70.6,X, ,X,매우높음
6/7/2023,광주(156),X,28.3,28.6,21.7,16.4,79.4,X, ,X,매우높음
6/7/2023,부산(159),X,25.8,25.3,21.6,18.5,64.8,X, ,X,매우높음
6/7/2023,통영(162),X,25,24.4,20.3,16.4,78.9,X, ,X,매우높음
6/7/2023,목포(165),X,24.7,23.3,19.5,16.6,83.3,X, ,X,매우높음
6/7/2023,여수(168),X,24.3,23.6,20.5,18.5,76.4,X, ,X,매우높음
6/7/2023,흑산도(169),X,24,22.2,17.5,15.1,92.1,X, ,X,매우높음
6/7/2023,완도(170),X,26.6,25.7,20.2,16.5,78.5,X, ,X,매우높음
6/7/2023,고창(172),X,26.6,27.2,20.9,15.4,68.3,X, ,X,높음
6/7/2023,제주(184),X,25,23.4,,15.8,,X, ,X,매우높음
6/7/2023,진주(192),X,28.3,28.3,21.9,15,74.8,X, ,X,매우높음
6/7/2023,양평(202),X,24.6,23.8,20.4,18.2,76.1,X, ,X,높음
6/7/2023,이천(203),X,25.9,24.9,21,18.5,78,X, ,X,보통
6/7/2023,인제(211),X,26.8,27.5,21.8,16.4,66.9,X, ,X,보통
6/7/2023,홍천(212),X,26.1,26.6,21.1,17.7,70.5,X, ,X,보통
6/7/2023,태백(216),X,24.1,25.1,19.4,13.2,63.8,X, ,X,매우높음
6/7/2023,정선군(217),X,26,26,20.2,14.2,71.9,X, ,X,높음
6/7/2023,제천(221),X,24.3,23.5,19.3,16.5,78.8,X, ,X,보통
6/7/2023,보은(226),X,26.2,25.8,20.5,15.5,76.9,X, ,X,높음
6/7/2023,천안(232),X,26.5,25.6,21,16.3,80.1,X, ,X,높음
6/7/2023,보령(235),X,23.5,22,19.7,17.5,82,X, ,X,높음
6/7/2023,부여(236),X,26.5,25.9,21.1,16,76.9,X, ,X,높음
6/7/2023,금산(238),X,26.8,26.7,20.7,13.9,73.9,X, ,X,매우높음
6/7/2023,세종(239),X,26.6,26.1,21.3,16,73.9,X, ,X,높음
6/7/2023,부안(243),X,27.4,26.6,21.4,16.2,77.5,X, ,X,높음
6/7/2023,임실(244),X,27.5,27.3,20.3,12.4,74.1,X, ,X,높음
6/7/2023,정읍(245),X,27.6,27.5,20.6,14.5,76.3,X, ,X,높음
6/7/2023,남원(247),X,27.5,28.1,21.5,14,68,X, ,X,높음
6/7/2023,장수(248),X,26.2,26.2,19.5,11.4,74.5,X, ,X,높음
6/7/2023,영광군(252),X,26.7,26.3,20.6,15.1,76.9,X, ,X,높음
6/7/2023,김해시(253),X,28.2,28,22.3,16.1,71.3,X, ,X,매우높음
6/7/2023,순창군(254),X,26.9,28.1,21.2,13.7,69.5,X, ,X,높음
6/7/2023,양산시(257),X,28.5,28.9,22.8,16.6,71.9,X, ,X,높음
6/7/2023,강진군(259),X,27.9,27.4,20.8,14.4,77.4,X, ,X,매우높음
6/7/2023,장흥(260),X,27.4,28.1,20.9,14.3,75.3,X, ,X,매우높음
6/7/2023,해남(261),X,26.3,25.7,19.7,14.2,83.1,X, ,X,매우높음
6/7/2023,고흥(262),X,26.4,26.5,19.7,13.4,76.3,X, ,X,매우높음
6/7/2023,의령군(263),X,29.4,29.7,22.9,15.1,71.4,X, ,X,높음
6/7/2023,함양군(264),X,28.2,29.2,22.1,14.1,65.4,X, ,X,매우높음
6/7/2023,진도군ASOS(268),X,25.8,24.6,19.1,13.2,83.8,X, ,X,매우높음
6/7/2023,봉화(271),X,25.1,24.7,18.8,11.9,77.9,X, ,X,높음
6/7/2023,영주(272),X,26.3,26,21.2,17.7,70,X, ,X,높음
6/7/2023,문경(273),X,26.9,26.4,21.5,16.3,71.6,X, ,X,높음
6/7/2023,청송군(276),X,26.3,26.9,20.4,12.8,69.4,X, ,X,매우높음
6/7/2023,영덕(277),X,27.3,27.7,23.1,17.1,62.6,X, ,X,매우높음
6/7/2023,의성(278),X,27.8,27.8,21.1,14,75.8,X, ,X,매우높음
6/7/2023,구미(279),X,27.9,28.6,23,16.6,62.1,X, ,X,매우높음
6/7/2023,영천(281),X,27.3,28.3,22.7,15.9,65.6,X, ,X,매우높음
6/7/2023,경주시(283),X,28.6,29.9,23.3,15.5,63.9,X, ,X,높음
6/7/2023,거창(284),X,28.2,28.5,21.2,12.9,69.9,X, ,X,매우높음
6/7/2023,합천(285),X,27.6,28.4,22.7,15.6,64.9,X, ,X,높음
6/7/2023,밀양(288),X,27.9,30,23,16.1,61.3,X, ,X,높음
6/7/2023,산청(289),X,28.2,28.4,21.7,14.3,71.9,X, ,X,높음
6/7/2023,거제(294),X,25.8,25.5,20.7,15.9,73.9,X, ,X,매우높음
6/7/2023,남해(295),X,27.4,28.3,21.7,16.5,69.5,X, ,X,매우높음
6/7/2023,부천(433),X,23.9,23.3,19.1,17.3,73,X, ,X,높음
6/7/2023,안양(434),X,22.7,25.4,21.3,18.7,,X, ,X,높음
6/7/2023,광명(437),X,25.7,25.2,21.1,18.9,73,X, ,X,높음
6/7/2023,군포(438),X,25.9,25.6,20.7,18.2,72,X, ,X,높음
6/7/2023,김포(441),X,,24.9,20.5,18.4,,X, ,X,보통
6/7/2023,하남(444),X,24.7,24,20.5,17.9,71,X, ,X,보통
6/7/2023,의왕(445),X,25.5,24.6,20.2,17.8,77,X, ,X,높음
6/7/2023,포천(504),X,25,24.3,21.1,17,74,X, ,X,보통
6/7/2023,가평조종(505),X,25.9,25.2,20.5,17.3,79,X, ,X,보통
6/7/2023,안성(516),X,26.4,26,21.5,18.2,73,X, ,X,높음
6/7/2023,간성(517),X,26.9,28.3,23.7,18.7,52,X, ,X,매우높음
6/7/2023,평창(526),X,25.6,26.1,19.8,14,70,X, ,X,보통
6/7/2023,의정부(532),X,26.2,24.5,20.8,18.3,86,X, ,X,보통
6/7/2023,횡성(536),X,24.7,24.3,20.5,17.7,72,X, ,X,보통
6/7/2023,고양(540),X,27,26.3,20.8,17.9,78,X, ,X,보통
6/7/2023,남양주(541),X,25.9,25.6,21.3,18.4,72,X, ,X,보통
6/7/2023,안산(545),X,27.8,27.8,20.4,17.4,77,X, ,X,높음
6/7/2023,경기광주(546),X,24.5,24,20,17.7,70,X, ,X,보통
6/7/2023,여주(548),X,24.5,23.5,20.2,17.6,78,X, ,X,보통
6/7/2023,용인(549),X,25,24.5,19.9,17.7,74,X, ,X,높음
6/7/2023,오산(550),X,26.8,26,21.1,17.9,76,X, ,X,높음
6/7/2023,평택(551),X,27.2,26.7,21.9,18.4,72,X, ,X,보통
6/7/2023,화천(555),X,28,27.7,21.3,16.8,82,X, ,X,보통
6/7/2023,양구(556),X,26.7,27.9,21.4,15.8,67,X, ,X,보통
6/7/2023,시흥(565),X,26.3,25.6,20.8,18.6,77,X, ,X,높음
6/7/2023,구리(569),X,25.6,25.3,21.3,18.7,67,X, ,X,보통
6/7/2023,화성(571),X,25.9,25,20.7,18.3,77,X, ,X,높음
6/7/2023,성남(572),X,25.2,25.3,21.1,18.9,64,X, ,X,높음
6/7/2023,과천(590),X,26.7,25.8,21,18.5,77,X, ,X,높음
6/7/2023,양주(598),X,25.9,25.2,21.1,17.2,76,X, ,X,보통
6/7/2023,단양(601),X,25.8,25.8,20.7,16.5,72,X, ,X,보통
6/7/2023,진천(602),X,26.4,26.2,21.8,18,70,X, ,X,보통
6/7/2023,괴산(603),X,26.4,25.9,20.5,15.6,77,X, ,X,보통
6/7/2023,옥천(604),X,28.3,28.3,22.4,17,72,X, ,X,높음
6/7/2023,홍북(608),X,25.9,25.5,20.4,17,74,X, ,X,높음
6/7/2023,공주(612),X,26.9,26.6,21.3,16.2,73,X, ,X,높음
6/7/2023,서천(614),X,25.2,24.1,20.2,17,81,X, ,X,높음
6/7/2023,논산(615),X,27.2,27.1,21.6,17.8,74,X, ,X,높음
6/7/2023,당진(616),X,26.6,25.5,20.7,17.7,81,X, ,X,높음
6/7/2023,청양(618),X,27.1,26.6,20.6,14.7,78,X, ,X,높음
6/7/2023,음성(619),X,25.3,24.8,19.5,15.3,77,X, ,X,보통
6/7/2023,증평(623),X,26.3,25.5,21.1,17,78,X, ,X,보통
6/7/2023,태안(627),X,23.2,21.2,18.5,17.1,91,X, ,X,높음
6/7/2023,예산(628),X,27,26.5,21.3,17.6,76,X, ,X,높음
6/7/2023,아산(634),X,28.5,28.3,21.7,18.2,74,X, ,X,높음
6/7/2023,계룡(636),X,26.1,25.7,20.5,13.7,78,X, ,X,높음
6/7/2023,연천청산(652),X,25.6,25.2,20.9,17.3,75,X, ,X,보통
6/7/2023,양양(670),X,27.9,29.6,24.8,20.5,48,X, ,X,매우높음
6/7/2023,무안(699),X,26.4,25.8,19.5,14.4,83,X, ,X,높음
6/7/2023,무주(701),X,27.1,27.2,20.4,12.6,73,X, ,X,매우높음
6/7/2023,익산(702),X,26.7,26.7,21.2,17,74,X, ,X,높음
6/7/2023,진안(703),X,26.3,26.1,19.4,11.4,74,X, ,X,높음
6/7/2023,담양(706),X,28.5,28.8,21.4,14.1,79,X, ,X,높음
6/7/2023,구례(709),X,29.5,30,22.6,14.8,75,X, ,X,높음
6/7/2023,나주(710),X,27.5,27.9,20.4,14.1,81,X, ,X,매우높음
6/7/2023,순천시(712),X,27.8,27.4,22,16.4,75,X, ,X,매우높음
6/7/2023,광양읍(713),X,28.9,29.3,22.1,14.8,74,X, ,X,매우높음
6/7/2023,장성(730),X,27.9,27.9,20.3,13,78,X, ,X,높음
6/7/2023,영암(731),X,27.9,27.4,20.3,14.9,83,X, ,X,매우높음
6/7/2023,보성(732),X,26.4,26.8,19.5,12.9,79,X, ,X,매우높음
6/7/2023,완주(734),X,27.5,27.3,21,14.4,78,X, ,X,높음
6/7/2023,김제(737),X,27.9,27.4,20.6,16.3,79,X, ,X,높음
6/7/2023,화순(741),X,28.6,29,21,13.5,74,X, ,X,높음
6/7/2023,함평(754),X,27.9,27.3,19.9,14.3,82,X, ,X,높음
6/7/2023,곡성(768),X,28.2,28.9,21.1,13.1,75,X, ,X,높음
6/7/2023,압해도(789),X,24.9,23.5,19.2,15.6,87,X, ,X,매우높음
6/7/2023,영양(801),X,26.6,26.3,20.4,12.7,79,X, ,X,매우높음
6/7/2023,성주(810),X,28.1,29.3,22.9,15,63,X, ,X,매우높음
6/7/2023,고령(812),X,27.5,28.2,22.7,14.7,69,X, ,X,매우높음
6/7/2023,청도(813),X,28.1,28.7,22.2,14.7,68,X, ,X,높음
6/7/2023,예천(815),X,27.2,27.2,21.4,14.5,73,X, ,X,높음
6/7/2023,김천(822),X,28.9,28.9,21.5,13.2,75,X, ,X,매우높음
6/7/2023,군위(823),X,27.9,27.6,21.4,14.5,79,X, ,X,매우높음
6/7/2023,칠곡(825),X,28.2,28.3,23.3,16.6,70,X, ,X,매우높음
6/7/2023,경산(827),X,27.9,28.9,23.7,17.2,62,X, ,X,높음
6/7/2023,삼척(876),X,26.8,28,23.5,17.9,55,X, ,X,매우높음
6/7/2023,속초(90),X,26.5,26.6,24,19.3,54.1,X, ,X,매우높음
6/7/2023,삼천포(907),X,25.8,25,20.3,16,81,X, ,X,매우높음
6/7/2023,고성(918),X,26.3,25.7,20.5,15.5,81,X, ,X,매우높음
6/7/2023,창녕(919),X,28.5,29.2,23.2,16.1,68,X, ,X,높음
6/7/2023,함안(920),X,28.2,29.1,22.1,16.2,72,X, ,X,높음
6/7/2023,북춘천(93),X,27.2,27.2,21.8,18,74.1,X, ,X,보통
6/7/2023,하동(932),X,28.9,29.4,21.9,15.2,73,X, ,X,높음
6/7/2023,철원(95),X,25.8,25.6,20.9,17.1,76.4,X, ,X,보통
6/7/2023,동두천(98),X,25.5,24.5,20.8,16.7,79.8,X, ,X,보통
6/7/2023,파주(99),X,25.2,23.6,20.2,17.5,84.5,X, ,X,보통
6/8/2023,북강릉(104),X,28,30.6,24.4,19.2,49.4,X, ,X,높음
6/8/2023,동해(106),X,27.8,30.5,22.9,19.2,61,X, ,X,높음
6/8/2023,서울(108),X,24.9,23.9,20.4,18.3,80.5,X, ,X,보통
6/8/2023,인천(112),X,24.1,22.9,19.2,17.4,84.4,X, ,X,보통
6/8/2023,원주(114),X,25.5,25.5,22,18,70.4,X, ,X,보통
6/8/2023,울릉도(115),X,26.4,26.1,21.8,18,74.6,X, ,X,높음
6/8/2023,수원(119),X,24.9,24,20.2,16.8,79,X, ,X,높음
6/8/2023,영월(121),X,27.5,30.1,22.2,16.3,69.3,X, ,X,높음
6/8/2023,충주(127),X,27.6,27.9,22.7,17,71.5,X, ,X,높음
6/8/2023,서산(129),X,24.8,23.7,20.1,17.8,81.4,X, ,X,높음
6/8/2023,울진(130),X,25.5,24.8,20.1,14.8,72.9,X, ,X,높음
6/8/2023,청주(131),X,26.9,27.3,23.1,19.2,65.6,X, ,X,높음
6/8/2023,대전(133),X,27.5,28.4,22.3,18.5,69.6,X, ,X,높음
6/8/2023,추풍령(135),X,27.6,28.1,21.1,16.6,74.3,X, ,X,높음
6/8/2023,안동(136),X,28.4,30.6,23.5,18.5,65.1,X, ,X,높음
6/8/2023,상주(137),X,29.3,30.2,22.9,18.3,73,X, ,X,높음
6/8/2023,포항(138),X,27.6,29,24.3,20,51.3,X, ,X,높음
6/8/2023,군산(140),X,27.3,27.2,20.9,18.2,78.9,X, ,X,높음
6/8/2023,대구(143),X,28,29.3,24.1,20.1,57.8,X, ,X,높음
6/8/2023,전주(146),X,28.4,29.2,22.5,18.6,71.9,X, ,X,높음
6/8/2023,울산(152),X,26.1,26.3,21.3,18,68.3,X, ,X,높음
6/8/2023,창원(155),X,26.8,26.4,21.3,18.2,75.6,X, ,X,높음
6/8/2023,광주(156),X,29.4,29,22.5,18.1,79.6,X, ,X,매우높음
6/8/2023,부산(159),X,26,25.4,20.8,18.5,74.6,X, ,X,높음
6/8/2023,통영(162),X,26,24.9,20.7,18,80.1,X, ,X,높음
6/8/2023,목포(165),X,27.1,26.7,22.1,18.5,74.3,X, ,X,매우높음
6/8/2023,여수(168),X,25.8,24.6,20.8,18.1,79.8,X, ,X,높음
6/8/2023,흑산도(169),X,24.3,22.6,18.3,15.3,92,X, ,X,매우높음
6/8/2023,완도(170),X,26.6,25.2,20.9,18.2,82.8,X, ,X,높음
6/8/2023,고창(172),X,27.4,28.5,21.9,17.6,64.5,X, ,X,높음
6/8/2023,제주(184),X,27.5,26.2,21.2,19.1,84.6,X, ,X,매우높음
6/8/2023,진주(192),X,26.9,26.9,21.9,18,75.8,X, ,X,높음
6/8/2023,양평(202),X,24.2,23.5,20.8,17.2,77.4,X, ,X,보통
6/8/2023,이천(203),X,25.7,24.9,21.4,17.1,78.1,X, ,X,보통
6/8/2023,인제(211),X,26.3,26.8,20.6,15.9,75.5,X, ,X,보통
6/8/2023,홍천(212),X,26.4,26.7,20.5,16.5,78.6,X, ,X,보통
6/8/2023,태백(216),X,24.6,26.9,20.1,14.1,56.5,X, ,X,높음
6/8/2023,정선군(217),X,27.3,28.9,22,16.1,64.5,X, ,X,높음
6/8/2023,제천(221),X,26.9,27.7,21.6,16,74.8,X, ,X,보통
6/8/2023,보은(226),X,27.6,28.2,21.9,16.9,75.1,X, ,X,높음
6/8/2023,천안(232),X,26.1,25,21.4,17.6,83.3,X, ,X,높음
6/8/2023,보령(235),X,25.1,24.3,20.6,18.3,78,X, ,X,높음
6/8/2023,부여(236),X,27,27.1,21.5,18.5,77.9,X, ,X,높음
6/8/2023,금산(238),X,27.9,29.4,22,17.2,72.9,X, ,X,높음
6/8/2023,세종(239),X,27.2,27.1,21.6,18.1,75.1,X, ,X,높음
6/8/2023,부안(243),X,27.9,28.4,21.5,18.1,75.4,X, ,X,높음
6/8/2023,임실(244),X,27.1,27.4,21.1,17.4,74.6,X, ,X,높음
6/8/2023,정읍(245),X,28.1,29.2,21.7,17.8,71.9,X, ,X,높음
6/8/2023,남원(247),X,27.7,28.9,22.4,17.8,67.3,X, ,X,매우높음
6/8/2023,장수(248),X,26.3,27,21.1,15.7,65.6,X, ,X,매우높음
6/8/2023,영광군(252),X,28.4,29.1,22.2,18.1,71.9,X, ,X,높음
6/8/2023,김해시(253),X,27.9,27.1,21.5,18,74.9,X, ,X,보통
6/8/2023,순창군(254),X,28.2,28.6,22,17.5,73,X, ,X,높음
6/8/2023,양산시(257),X,28.3,28.3,22.7,18.5,71.5,X, ,X,보통
6/8/2023,강진군(259),X,27.7,27.1,21.9,18.5,77.9,X, ,X,높음
6/8/2023,장흥(260),X,26.5,25.5,20.9,17.9,83.4,X, ,X,높음
6/8/2023,해남(261),X,27.7,26.5,21.8,18.2,82.3,X, ,X,높음
6/8/2023,고흥(262),X,25.6,24.7,19.8,16.1,81.9,X, ,X,높음
6/8/2023,의령군(263),X,28.1,28.2,22.8,17.7,69.3,X, ,X,높음
6/8/2023,함양군(264),X,27.4,28.5,21.7,16.7,69.6,X, ,X,매우높음
6/8/2023,진도군ASOS(268),X,26.4,25.2,21,18.2,80.8,X, ,X,매우높음
6/8/2023,봉화(271),X,26.2,27.9,20.6,15.4,71.1,X, ,X,높음
6/8/2023,영주(272),X,27.8,28.6,20.7,15.8,77.6,X, ,X,높음
6/8/2023,문경(273),X,28.5,28.8,22.1,17,75.8,X, ,X,높음
6/8/2023,청송군(276),X,27.5,30.6,21.8,16.3,63.6,X, ,X,높음
6/8/2023,영덕(277),X,27.6,28.8,22.5,17.9,67.8,X, ,X,높음
6/8/2023,의성(278),X,28.7,30.8,22.5,16.8,72,X, ,X,높음
6/8/2023,구미(279),X,28.6,29.5,22.2,18.1,73,X, ,X,매우높음
6/8/2023,영천(281),X,27.2,28.2,22.8,17.9,63.9,X, ,X,높음
6/8/2023,경주시(283),X,28.1,29,22.7,18.1,63.5,X, ,X,높음
6/8/2023,거창(284),X,27.4,27.9,21.4,16.4,73.9,X, ,X,매우높음
6/8/2023,합천(285),X,27.6,28.5,22.6,18,66.4,X, ,X,매우높음
6/8/2023,밀양(288),X,27.8,29,22.6,18.4,62.9,X, ,X,높음
6/8/2023,산청(289),X,27,27.3,21.7,17.6,74.8,X, ,X,매우높음
6/8/2023,거제(294),X,26.1,25.4,21.2,18.4,77.3,X, ,X,높음
6/8/2023,남해(295),X,26.7,26.4,21,17.7,76,X, ,X,높음
6/8/2023,부천(433),X,23.2,22.8,18.4,16.3,79,X, ,X,높음
6/8/2023,안양(434),X,22.3,24.2,20.3,18.3,,X, ,X,보통
6/8/2023,광명(437),X,24.8,24.2,20.4,18.1,78,X, ,X,보통
6/8/2023,군포(438),X,24.8,24.1,20.1,17.5,77,X, ,X,보통
6/8/2023,김포(441),X,,23.8,19.8,17,,X, ,X,보통
6/8/2023,하남(444),X,24.6,24.3,20,16.4,74,X, ,X,보통
6/8/2023,의왕(445),X,25.1,24.1,19.6,16.4,82,X, ,X,보통
6/8/2023,포천(504),X,24.2,23.5,20,16.6,79,X, ,X,보통
6/8/2023,가평조종(505),X,24,22.8,19.1,15.7,85,X, ,X,높음
6/8/2023,안성(516),X,24.8,23.5,20.7,17.9,81,X, ,X,높음
6/8/2023,간성(517),X,26.9,28.3,22.9,18.7,60,X, ,X,높음
6/8/2023,평창(526),X,26.9,29.5,22.1,16,61,X, ,X,보통
6/8/2023,의정부(532),X,25.1,23.2,19.5,15.8,90,X, ,X,보통
6/8/2023,횡성(536),X,26.1,26.4,21.1,16.7,75,X, ,X,보통
6/8/2023,고양(540),X,27.2,26.9,19.7,16.4,83,X, ,X,보통
6/8/2023,남양주(541),X,25.2,24.5,20,16.3,81,X, ,X,보통
6/8/2023,안산(545),X,26,25.5,20.2,15.3,82,X, ,X,보통
6/8/2023,경기광주(546),X,24,23.9,19.8,16.6,73,X, ,X,보통
6/8/2023,여주(548),X,24.9,24,20.3,17.3,82,X, ,X,높음
6/8/2023,용인(549),X,24.2,23.6,20.2,17,74,X, ,X,보통
6/8/2023,오산(550),X,25.5,24.6,20.6,16.3,80,X, ,X,높음
6/8/2023,평택(551),X,25.2,24.2,21.1,18.4,78,X, ,X,높음
6/8/2023,화천(555),X,25.3,24,19.8,15.7,87,X, ,X,높음
6/8/2023,양구(556),X,25.7,26.3,20.5,15.9,73,X, ,X,보통
6/8/2023,시흥(565),X,25.3,24.4,20.1,17,83,X, ,X,보통
6/8/2023,구리(569),X,25.2,25.5,20.3,17.2,73,X, ,X,높음
6/8/2023,화성(571),X,25.2,24.1,19.9,17.4,82,X, ,X,높음
6/8/2023,성남(572),X,24.4,24.2,21,18.1,65,X, ,X,보통
6/8/2023,과천(590),X,25.8,25,20.3,17,82,X, ,X,높음
6/8/2023,양주(598),X,24.7,23.9,20,16.4,79,X, ,X,보통
6/8/2023,단양(601),X,27.9,31.3,23.2,17.4,68,X, ,X,높음
6/8/2023,진천(602),X,26.1,25.6,22.4,19,71,X, ,X,보통
6/8/2023,괴산(603),X,27.6,27.9,22.4,16.4,74,X, ,X,보통
6/8/2023,옥천(604),X,29.4,30.6,23.1,18.4,74,X, ,X,높음
6/8/2023,홍북(608),X,25.7,25.6,20.1,17,78,X, ,X,높음
6/8/2023,공주(612),X,26.7,26.8,21.7,18.6,74,X, ,X,높음
6/8/2023,서천(614),X,26.2,25.5,20.7,18.2,81,X, ,X,높음
6/8/2023,논산(615),X,27.8,27.9,21.9,19,77,X, ,X,높음
6/8/2023,당진(616),X,26,24.8,20.6,17.7,83,X, ,X,높음
6/8/2023,청양(618),X,27.2,26.6,20.6,16.4,79,X, ,X,높음
6/8/2023,음성(619),X,26,25.6,21.3,16.1,75,X, ,X,보통
6/8/2023,증평(623),X,27.2,26.8,22.5,17.9,77,X, ,X,보통
6/8/2023,태안(627),X,24.1,22.4,19.3,17.2,91,X, ,X,높음
6/8/2023,예산(628),X,25.7,24.7,21.3,17.9,78,X, ,X,높음
6/8/2023,아산(634),X,25.7,25.1,20.9,17.4,78,X, ,X,높음
6/8/2023,계룡(636),X,26.8,27,20.6,15.9,81,X, ,X,높음
6/8/2023,연천청산(652),X,23.9,22.7,19.6,16.7,83,X, ,X,보통
6/8/2023,양양(670),X,27,28.1,23.8,19.5,55,X, ,X,높음
6/8/2023,무안(699),X,28.4,28.6,22.3,18.1,73,X, ,X,매우높음
6/8/2023,무주(701),X,28.2,29.5,22,16.4,67,X, ,X,높음
6/8/2023,익산(702),X,27.8,28.8,22.1,18.6,71,X, ,X,높음
6/8/2023,진안(703),X,26.1,26.6,20.4,15.5,73,X, ,X,높음
6/8/2023,담양(706),X,29.7,29.1,22.6,17.6,82,X, ,X,높음
6/8/2023,구례(709),X,28.8,29,22.6,18.2,74,X, ,X,높음
6/8/2023,나주(710),X,28.5,28.2,22.4,17.2,76,X, ,X,매우높음
6/8/2023,순천시(712),X,26.8,26.2,22.1,18.7,76,X, ,X,높음
6/8/2023,광양읍(713),X,27.9,27.8,22.3,18.3,74,X, ,X,높음
6/8/2023,장성(730),X,27.8,28.5,21.4,16.8,76,X, ,X,높음
6/8/2023,영암(731),X,28.4,28,22.3,17.8,76,X, ,X,높음
6/8/2023,보성(732),X,25.5,24.6,20,17.3,81,X, ,X,높음
6/8/2023,완주(734),X,28.6,29.2,21.6,17,81,X, ,X,높음
6/8/2023,김제(737),X,28.2,28.9,21.7,17.8,74,X, ,X,높음
6/8/2023,화순(741),X,28.2,28.2,22,17.3,72,X, ,X,높음
6/8/2023,함평(754),X,28.3,28,22.1,17.8,74,X, ,X,매우높음
6/8/2023,곡성(768),X,28.3,28.6,22,17.2,71,X, ,X,매우높음
6/8/2023,압해도(789),X,27.1,26.1,21.7,18.4,80,X, ,X,매우높음
6/8/2023,영양(801),X,28.2,30.1,22.3,16.3,72,X, ,X,높음
6/8/2023,성주(810),X,28.2,30,23.7,18.7,59,X, ,X,매우높음
6/8/2023,고령(812),X,27.9,28.5,22.7,17.9,66,X, ,X,매우높음
6/8/2023,청도(813),X,26.9,27.4,21.9,17.2,68,X, ,X,높음
6/8/2023,예천(815),X,28.3,30.1,22.4,18,72,X, ,X,높음
6/8/2023,김천(822),X,29.4,29.5,21.2,16.7,82,X, ,X,매우높음
6/8/2023,군위(823),X,28.2,29.9,22.5,17.9,74,X, ,X,높음
6/8/2023,칠곡(825),X,28.4,28.4,23.9,20.4,64,X, ,X,매우높음
6/8/2023,경산(827),X,28.1,29.2,24,20.1,55,X, ,X,높음
6/8/2023,삼척(876),X,28.9,30.8,24.1,18.7,55,X, ,X,높음
6/8/2023,속초(90),X,27,27.7,23.1,19.1,57.9,X, ,X,높음
6/8/2023,삼천포(907),X,26.2,24.9,20.5,17.8,82,X, ,X,높음
6/8/2023,고성(918),X,26.4,25.7,21.4,17.6,80,X, ,X,높음
6/8/2023,창녕(919),X,28.4,29.3,23.2,18.9,68,X, ,X,높음
6/8/2023,함안(920),X,27.3,27.3,21.6,17.5,75,X, ,X,높음
6/8/2023,북춘천(93),X,25.5,24.6,20.6,16.4,81.1,X, ,X,높음
6/8/2023,하동(932),X,28,27.8,22.4,18.1,74,X, ,X,높음
6/8/2023,철원(95),X,24.4,23.5,19.4,16.2,83.6,X, ,X,보통
6/8/2023,동두천(98),X,24.4,23,19.5,16.8,85.5,X, ,X,보통
6/8/2023,파주(99),X,24.1,22.1,19.1,16.3,90.8,X, ,X,보통
6/9/2023,북강릉(104),X,24.1,24.5,19.5,14.2,70.6,X, ,X,매우높음
6/9/2023,동해(106),X,23.4,23.9,19.3,15.2,71.8,X, ,X,매우높음
6/9/2023,서울(108),X,27.4,28.4,23.3,18.3,64,X, ,X,매우높음
6/9/2023,인천(112),X,24.8,24.9,21,17.8,77.4,X, ,X,매우높음
6/9/2023,원주(114),X,25.2,27.5,21.8,16.8,61,X, ,X,매우높음
6/9/2023,울릉도(115),X,25.4,24.1,19.9,16.8,79.5,X, ,X,매우높음
6/9/2023,수원(119),X,26.6,28.1,22.7,18.1,65.4,X, ,X,매우높음
6/9/2023,영월(121),X,25.3,27.7,21.2,15.7,60,X, ,X,매우높음
6/9/2023,충주(127),X,26.6,28.7,22.9,17.5,57.5,X, ,X,매우높음
6/9/2023,서산(129),X,26.8,26.5,22,18.3,75.6,X, ,X,매우높음
6/9/2023,울진(130),X,22.5,21.2,18.7,15.4,75,X, ,X,매우높음
6/9/2023,청주(131),X,27.2,29.9,24.8,20,49.1,X, ,X,매우높음
6/9/2023,대전(133),X,26.8,29.2,23.2,18.4,56.8,X, ,X,매우높음
6/9/2023,추풍령(135),X,25.6,27.7,21.3,15.6,61.6,X, ,X,매우높음
6/9/2023,안동(136),X,27.4,29.6,23.3,17.7,60.5,X, ,X,매우높음
6/9/2023,상주(137),X,28.1,30.1,23.3,17.5,61.5,X, ,X,매우높음
6/9/2023,포항(138),X,27.4,27.7,21.7,19.5,71.5,X, ,X,매우높음
6/9/2023,군산(140),X,28.5,28.7,23,19.3,70.1,X, ,X,매우높음
6/9/2023,대구(143),X,27.5,31,24.6,18.6,50.4,X, ,X,매우높음
6/9/2023,전주(146),X,27.9,30.2,24.5,19.2,58,X, ,X,매우높음
6/9/2023,울산(152),X,27.8,27.8,21.8,15.7,71.6,X, ,X,매우높음
6/9/2023,창원(155),X,28.6,28.4,22.2,17.1,73.8,X, ,X,매우높음
6/9/2023,광주(156),X,29.5,30.5,24.2,19.2,71.4,X, ,X,매우높음
6/9/2023,부산(159),X,25.8,25,21.4,18.5,74,X, ,X,매우높음
6/9/2023,통영(162),X,26.2,24.8,21.2,18.4,82.4,X, ,X,매우높음
6/9/2023,목포(165),X,27.7,27.7,22.4,19.2,77.5,X, ,X,매우높음
6/9/2023,여수(168),X,25.7,24.5,21.3,18.6,82.6,X, ,X,높음
6/9/2023,흑산도(169),X,25.9,24.5,19.7,16.5,87.4,X, ,X,매우높음
6/9/2023,완도(170),X,28.5,27.7,22.2,18.6,81.5,X, ,X,매우높음
6/9/2023,고창(172),X,27.4,30.4,24.1,18.7,56,X, ,X,매우높음
6/9/2023,제주(184),X,27.7,26.5,22.3,18.6,80.5,X, ,X,매우높음
6/9/2023,진주(192),X,28.9,28.9,22.5,17.2,77,X, ,X,매우높음
6/9/2023,양평(202),X,26.6,27.8,22,17.4,67.8,X, ,X,매우높음
6/9/2023,이천(203),X,27.5,28.2,22.5,18.4,69.8,X, ,X,매우높음
6/9/2023,인제(211),X,25.4,27,20,14.9,68.9,X, ,X,매우높음
6/9/2023,홍천(212),X,26.2,27.6,20.7,15.1,69.4,X, ,X,매우높음
6/9/2023,태백(216),X,22.6,24.7,17.8,11.9,63.5,X, ,X,매우높음
6/9/2023,정선군(217),X,26.4,28.3,20.3,14.3,62.3,X, ,X,매우높음
6/9/2023,제천(221),X,25.4,27.3,21.4,16.1,63.8,X, ,X,매우높음
6/9/2023,보은(226),X,25.9,28.1,22.1,16.3,64.6,X, ,X,매우높음
6/9/2023,천안(232),X,25.9,28.6,22.4,17.6,63.4,X, ,X,매우높음
6/9/2023,보령(235),X,26.2,25.5,21,18.5,83.3,X, ,X,매우높음
6/9/2023,부여(236),X,27.8,29.3,22.8,18.7,69,X, ,X,매우높음
6/9/2023,금산(238),X,26.4,28.5,22.1,16.4,63.8,X, ,X,매우높음
6/9/2023,세종(239),X,27.5,29.5,23.1,18.6,60.5,X, ,X,매우높음
6/9/2023,부안(243),X,27.8,30,24.2,19.5,60.3,X, ,X,매우높음
6/9/2023,임실(244),X,26.2,28.7,22.6,17.1,63.4,X, ,X,매우높음
6/9/2023,정읍(245),X,27.8,29.8,24.3,19.2,56.5,X, ,X,매우높음
6/9/2023,남원(247),X,27.4,30.2,23.6,17.3,60.6,X, ,X,매우높음
6/9/2023,장수(248),X,26,27.7,21.4,16.7,62.1,X, ,X,매우높음
6/9/2023,영광군(252),X,29.2,30.2,23.5,18.7,68.8,X, ,X,매우높음
6/9/2023,김해시(253),X,28.7,27.7,22.3,17,78.4,X, ,X,매우높음
6/9/2023,순창군(254),X,28.7,31.3,24.2,18.4,63.5,X, ,X,매우높음
6/9/2023,양산시(257),X,29.3,29.1,22.8,17.2,78,X, ,X,매우높음
6/9/2023,강진군(259),X,29.1,29.5,22.6,18.3,80.3,X, ,X,매우높음
6/9/2023,장흥(260),X,28.1,28,22.3,17.6,82.3,X, ,X,매우높음
6/9/2023,해남(261),X,29.6,28.8,22.5,19.5,82,X, ,X,매우높음
6/9/2023,고흥(262),X,27.5,27.2,21,15.7,80.8,X, ,X,높음
6/9/2023,의령군(263),X,29.7,30.3,23.8,17.2,70.6,X, ,X,매우높음
6/9/2023,함양군(264),X,28.4,31.5,23.3,15.4,60.9,X, ,X,매우높음
6/9/2023,진도군ASOS(268),X,28.2,27.8,21.7,18.7,82.6,X, ,X,매우높음
6/9/2023,봉화(271),X,24.4,26.7,19.9,13.7,65.3,X, ,X,매우높음
6/9/2023,영주(272),X,25.7,27.4,21.3,15.7,65.5,X, ,X,매우높음
6/9/2023,문경(273),X,26.4,28.4,22.1,16.4,63.8,X, ,X,매우높음
6/9/2023,청송군(276),X,26.5,29.3,21.4,13.9,61,X, ,X,매우높음
6/9/2023,영덕(277),X,27.7,27.6,20.2,15.6,75,X, ,X,매우높음
6/9/2023,의성(278),X,27.3,29.7,22.1,15.6,63.5,X, ,X,매우높음
6/9/2023,구미(279),X,27.6,30,23.4,17.2,59,X, ,X,매우높음
6/9/2023,영천(281),X,27.6,30.1,23,16.2,62.5,X, ,X,매우높음
6/9/2023,경주시(283),X,28.6,31.3,23.5,15.9,61,X, ,X,매우높음
6/9/2023,거창(284),X,27.6,30.4,22.1,15.1,67.1,X, ,X,매우높음
6/9/2023,합천(285),X,28.6,31.3,23.8,16.7,64.1,X, ,X,매우높음
6/9/2023,밀양(288),X,28.8,31.1,23.4,16.7,63,X, ,X,매우높음
6/9/2023,산청(289),X,28.9,30.9,22.8,16.1,71.3,X, ,X,매우높음
6/9/2023,거제(294),X,26.9,25.8,21.5,18.5,79.4,X, ,X,매우높음
6/9/2023,남해(295),X,27.9,27,21.5,17,79.8,X, ,X,높음
6/9/2023,부천(433),X,25.3,26.6,21.3,16.3,64,X, ,X,매우높음
6/9/2023,안양(434),X,23.3,27.8,22.9,18.5,,X, ,X,매우높음
6/9/2023,광명(437),X,26.7,28.7,23.7,19,60,X, ,X,매우높음
6/9/2023,군포(438),X,26.9,28.6,22.9,18,60,X, ,X,매우높음
6/9/2023,김포(441),X,,27.6,22.2,17.7,,X, ,X,매우높음
6/9/2023,하남(444),X,27.1,28.8,21.3,16,65,X, ,X,매우높음
6/9/2023,의왕(445),X,26.4,27.4,21.4,17.5,70,X, ,X,매우높음
6/9/2023,포천(504),X,26.7,27.6,21,15.2,71,X, ,X,매우높음
6/9/2023,가평조종(505),X,26.3,27.2,19.9,14.5,75,X, ,X,매우높음
6/9/2023,안성(516),X,26.5,28.4,22.3,18.6,66,X, ,X,매우높음
6/9/2023,간성(517),X,23.2,22.9,18.8,13.5,78,X, ,X,매우높음
6/9/2023,평창(526),X,25.2,27.9,21.1,15.2,57,X, ,X,매우높음
6/9/2023,의정부(532),X,27.1,27.6,20.9,15.3,79,X, ,X,매우높음
6/9/2023,횡성(536),X,26.3,27.9,20.9,15.2,69,X, ,X,매우높음
6/9/2023,고양(540),X,29,29.5,22.1,17,73,X, ,X,매우높음
6/9/2023,남양주(541),X,28.2,29.2,21.7,15.4,67,X, ,X,매우높음
6/9/2023,안산(545),X,26.9,27.9,21.2,16.5,76,X, ,X,매우높음
6/9/2023,경기광주(546),X,25.9,27.7,21.7,16.7,63,X, ,X,매우높음
6/9/2023,여주(548),X,26.4,27.3,21.8,17.3,68,X, ,X,매우높음
6/9/2023,용인(549),X,26,27.2,21.5,17.9,66,X, ,X,매우높음
6/9/2023,오산(550),X,27.4,28.3,22.4,18.3,66,X, ,X,매우높음
6/9/2023,평택(551),X,27.7,29.3,23,18.9,66,X, ,X,매우높음
6/9/2023,화천(555),X,26.5,27.1,19.6,14.5,81,X, ,X,매우높음
6/9/2023,양구(556),X,25.6,26.9,20.1,14,68,X, ,X,매우높음
6/9/2023,시흥(565),X,26.9,27.5,22,18,72,X, ,X,매우높음
6/9/2023,구리(569),X,27.4,28.8,22.2,16.5,63,X, ,X,매우높음
6/9/2023,화성(571),X,26.4,28.3,22.8,17.7,64,X, ,X,매우높음
6/9/2023,성남(572),X,26,28.5,22.5,17.4,55,X, ,X,매우높음
6/9/2023,과천(590),X,27.6,28.8,22.1,17.5,71,X, ,X,매우높음
6/9/2023,양주(598),X,26.8,28.2,21.1,15.9,72,X, ,X,매우높음
6/9/2023,단양(601),X,26.1,29.1,22.8,17.4,56,X, ,X,매우높음
6/9/2023,진천(602),X,26.4,29.3,23.3,18.8,56,X, ,X,매우높음
6/9/2023,괴산(603),X,26.5,28.9,22.3,14.8,62,X, ,X,매우높음
6/9/2023,옥천(604),X,27.6,29.5,22.7,17,68,X, ,X,매우높음
6/9/2023,홍북(608),X,28.5,29.2,22.3,17.5,72,X, ,X,매우높음
6/9/2023,공주(612),X,27.1,29.4,23,17.9,62,X, ,X,매우높음
6/9/2023,서천(614),X,27.7,27.5,22.6,18.8,77,X, ,X,매우높음
6/9/2023,논산(615),X,27.5,29.6,23.2,19.4,67,X, ,X,매우높음
6/9/2023,당진(616),X,27.8,28,22.8,18.1,75,X, ,X,매우높음
6/9/2023,청양(618),X,26.9,29.1,22.2,16.4,67,X, ,X,매우높음
6/9/2023,음성(619),X,25.8,28,22,15.5,60,X, ,X,매우높음
6/9/2023,증평(623),X,26.7,28.9,23.2,19.5,59,X, ,X,매우높음
6/9/2023,태안(627),X,26.3,24.8,20.8,17.5,85,X, ,X,매우높음
6/9/2023,예산(628),X,27.2,29.2,23.6,18.7,64,X, ,X,매우높음
6/9/2023,아산(634),X,27.7,28.9,23.5,18.7,65,X, ,X,매우높음
6/9/2023,계룡(636),X,26.9,28.3,21,13.5,72,X, ,X,매우높음
6/9/2023,연천청산(652),X,26.4,27.4,20.2,15.7,74,X, ,X,매우높음
6/9/2023,양양(670),X,23.8,23.7,19.9,14.5,69,X, ,X,매우높음
6/9/2023,무안(699),X,29.1,30.2,23.3,18.8,71,X, ,X,매우높음
6/9/2023,무주(701),X,26.2,28.9,22.1,16.4,57,X, ,X,매우높음
6/9/2023,익산(702),X,26.3,30.3,24.1,19.6,57,X, ,X,매우높음
6/9/2023,진안(703),X,26.1,27.7,21.3,16.5,66,X, ,X,매우높음
6/9/2023,담양(706),X,29.4,31.5,24.6,19.3,72,X, ,X,매우높음
6/9/2023,구례(709),X,29.4,31.1,23.5,16.7,73,X, ,X,매우높음
6/9/2023,나주(710),X,29,30.2,23.6,18.9,73,X, ,X,매우높음
6/9/2023,순천시(712),X,28,27.3,22.3,17.1,79,X, ,X,매우높음
6/9/2023,광양읍(713),X,29.6,29.9,22.5,16.3,78,X, ,X,매우높음
6/9/2023,장성(730),X,28,30.4,23.7,17.9,64,X, ,X,매우높음
6/9/2023,영암(731),X,29.7,30.8,23.7,18.6,74,X, ,X,매우높음
6/9/2023,보성(732),X,26.8,27,20.7,15.7,81,X, ,X,매우높음
6/9/2023,완주(734),X,27.3,29.5,22.5,16.8,66,X, ,X,매우높음
6/9/2023,김제(737),X,27.7,29.9,24.2,19.1,64,X, ,X,매우높음
6/9/2023,화순(741),X,29,31,23.2,16.8,69,X, ,X,매우높음
6/9/2023,함평(754),X,29.9,30.4,23.4,19,74,X, ,X,매우높음
6/9/2023,곡성(768),X,28.8,30.8,23.2,16.4,70,X, ,X,매우높음
6/9/2023,압해도(789),X,28.8,28,22.2,18.9,84,X, ,X,매우높음
6/9/2023,영양(801),X,27.4,29.2,20.9,14.8,73,X, ,X,매우높음
6/9/2023,성주(810),X,27.7,30.7,22.9,16.2,58,X, ,X,매우높음
6/9/2023,고령(812),X,28.7,31.1,24.2,16.5,62,X, ,X,매우높음
6/9/2023,청도(813),X,28.3,31,23.2,15.7,63,X, ,X,매우높음
6/9/2023,예천(815),X,26.5,29.5,22.6,17,59,X, ,X,매우높음
6/9/2023,김천(822),X,27.8,29.7,21.7,15.2,67,X, ,X,매우높음
6/9/2023,군위(823),X,27.8,29.5,22.4,16.4,67,X, ,X,매우높음
6/9/2023,칠곡(825),X,28.3,30.2,24.3,18.6,61,X, ,X,매우높음
6/9/2023,경산(827),X,27.7,30.8,24.7,19.2,54,X, ,X,매우높음
6/9/2023,삼척(876),X,26.1,26.1,20.7,15.1,66,X, ,X,매우높음
6/9/2023,속초(90),X,23.9,23.5,19.5,14.3,73.9,X, ,X,매우높음
6/9/2023,삼천포(907),X,26.7,25.4,21,16.6,84,X, ,X,높음
6/9/2023,고성(918),X,26.5,25,21.2,16.8,86,X, ,X,높음
6/9/2023,창녕(919),X,29.8,31.5,24.5,18.6,66,X, ,X,매우높음
6/9/2023,함안(920),X,29,29.5,22.7,16.3,72,X, ,X,매우높음
6/9/2023,북춘천(93),X,26.5,27.4,20.7,16.1,73.3,X, ,X,매우높음
6/9/2023,하동(932),X,29,29.2,22.4,16.6,76,X, ,X,매우높음
6/9/2023,철원(95),X,25.5,26.8,19.8,13.5,68.9,X, ,X,매우높음
6/9/2023,동두천(98),X,26.5,26.9,20.5,15.6,73.8,X, ,X,매우높음
6/9/2023,파주(99),X,26.7,26.2,20.4,14.6,83.8,X, ,X,매우높음
6/10/2023,북강릉(104),X,23.7,22.5,19.2,16.6,80.4,X, ,X,높음
6/10/2023,동해(106),X,23.2,21.6,18.6,16,84.8,X, ,X,높음
6/10/2023,서울(108),X,28.1,28.5,23.2,19.6,70,X, ,X,보통
6/10/2023,인천(112),X,26,26,21.8,19,74.1,X, ,X,높음
6/10/2023,원주(114),X,27.6,29.2,22.1,17.4,62.8,X, ,X,높음
6/10/2023,울릉도(115),X,24.9,22.3,20.5,18.5,89.3,X, ,X,매우높음
6/10/2023,수원(119),X,27.4,28.1,23.1,19.5,65.9,X, ,X,높음
6/10/2023,영월(121),X,27.8,29.3,20.1,14,71.4,X, ,X,높음
6/10/2023,충주(127),X,29.1,30.3,21.2,16.6,69.6,X, ,X,보통
6/10/2023,서산(129),X,27.4,28.4,22.9,19.6,66.9,X, ,X,높음
6/10/2023,울진(130),X,23,21.7,17.7,15.8,86.3,X, ,X,매우높음
6/10/2023,청주(131),X,29.2,31.4,24.6,20.7,56.8,X, ,X,보통
6/10/2023,대전(133),X,29.3,31.7,23.3,18.8,63.1,X, ,X,보통
6/10/2023,추풍령(135),X,27.9,28.4,19.3,15.1,80.8,X, ,X,높음
6/10/2023,안동(136),X,29.8,31.3,21.3,16.2,75.5,X, ,X,높음
6/10/2023,상주(137),X,30.5,31.3,21.2,16.2,77.4,X, ,X,보통
6/10/2023,포항(138),X,29,28.9,23.9,18.6,65.6,X, ,X,매우높음
6/10/2023,군산(140),X,28.9,30.3,23.1,19.1,67.8,X, ,X,높음
6/10/2023,대구(143),X,30.3,31.5,24.5,18.6,61,X, ,X,매우높음
6/10/2023,전주(146),X,29.9,31.8,23.6,18.6,65.5,X, ,X,높음
6/10/2023,울산(152),X,27.1,26.3,22.2,17.4,75.4,X, ,X,매우높음
6/10/2023,창원(155),X,27.1,26.5,22.5,18.8,75,X, ,X,매우높음
6/10/2023,광주(156),X,30.7,30.9,24.1,20.8,78.8,X, ,X,매우높음
6/10/2023,부산(159),X,27.2,26.5,22.6,19.4,73.1,X, ,X,매우높음
6/10/2023,통영(162),X,27.1,26.5,22.3,19.3,80,X, ,X,매우높음
6/10/2023,목포(165),X,28.4,28.5,23.4,20.2,72.6,X, ,X,매우높음
6/10/2023,여수(168),X,25.5,24,21.4,19.7,85.1,X, ,X,매우높음
6/10/2023,흑산도(169),X,25.5,24.9,19.3,16.4,83.5,X, ,X,매우높음
6/10/2023,완도(170),X,27.6,26.3,22.4,18.4,85,X, ,X,매우높음
6/10/2023,고창(172),X,29.2,31.5,23.3,18.7,62,X, ,X,매우높음
6/10/2023,제주(184),X,30.3,30,23.8,19.8,80.5,X, ,X,매우높음
6/10/2023,진주(192),X,28.1,27.4,22.8,18.8,79.5,X, ,X,매우높음
6/10/2023,양평(202),X,27.4,28,22.1,17,66.8,X, ,X,높음
6/10/2023,이천(203),X,28.7,29,22.5,17,73,X, ,X,높음
6/10/2023,인제(211),X,27.7,28.5,19.7,15.2,75.8,X, ,X,높음
6/10/2023,홍천(212),X,28,29.1,20.7,15.5,72.4,X, ,X,높음
6/10/2023,태백(216),X,25.2,26.1,18.2,11.2,69.4,X, ,X,높음
6/10/2023,정선군(217),X,28.5,29.7,19.8,12.8,70,X, ,X,높음
6/10/2023,제천(221),X,28.1,29.3,20.1,15,74.5,X, ,X,높음
6/10/2023,보은(226),X,28.1,29.4,20.8,15.5,76.8,X, ,X,높음
6/10/2023,천안(232),X,28.5,29.6,22.7,16.6,69.1,X, ,X,높음
6/10/2023,보령(235),X,28.2,29.8,23.5,18.7,65.9,X, ,X,높음
6/10/2023,부여(236),X,29.3,30.2,23.1,18.5,71.1,X, ,X,보통
6/10/2023,금산(238),X,29.2,31.1,21.3,16,72.4,X, ,X,높음
6/10/2023,세종(239),X,29.3,30.6,23.4,19,63,X, ,X,보통
6/10/2023,부안(243),X,29.6,31,23.4,19.1,67.9,X, ,X,매우높음
6/10/2023,임실(244),X,29.7,30.6,21.6,16.9,74.9,X, ,X,매우높음
6/10/2023,정읍(245),X,30.8,32.6,23.6,18.3,64.9,X, ,X,매우높음
6/10/2023,남원(247),X,29.9,31.1,22.9,18.4,68.9,X, ,X,매우높음
6/10/2023,장수(248),X,28.9,29.9,21.7,15.5,69,X, ,X,매우높음
6/10/2023,영광군(252),X,30.4,31.9,23,18.7,68.1,X, ,X,매우높음
6/10/2023,김해시(253),X,28.7,27.7,23,18.5,77.3,X, ,X,매우높음
6/10/2023,순창군(254),X,29.7,30.6,22.9,18.9,73,X, ,X,매우높음
6/10/2023,양산시(257),X,29.8,29.6,24,18.9,74.3,X, ,X,매우높음
6/10/2023,강진군(259),X,28.3,27.8,23.7,19.1,76.9,X, ,X,매우높음
6/10/2023,장흥(260),X,27.4,26.5,22.8,19.7,82.1,X, ,X,매우높음
6/10/2023,해남(261),X,27.9,27.3,23.3,19.5,79.5,X, ,X,매우높음
6/10/2023,고흥(262),X,26.3,25.3,21.2,16.8,84.3,X, ,X,매우높음
6/10/2023,의령군(263),X,29.9,29.9,24.3,19.5,74.1,X, ,X,매우높음
6/10/2023,함양군(264),X,29.4,29.8,21.8,16.3,71.8,X, ,X,매우높음
6/10/2023,진도군ASOS(268),X,27.7,26.9,22.2,19,79.3,X, ,X,매우높음
6/10/2023,봉화(271),X,26.5,27.5,19.6,12.6,72.5,X, ,X,보통
6/10/2023,영주(272),X,27.5,28.3,20.7,15.1,75.1,X, ,X,보통
6/10/2023,문경(273),X,28.6,30,20.6,15,77.3,X, ,X,보통
6/10/2023,청송군(276),X,29.1,31.3,20.3,12.5,69.9,X, ,X,매우높음
6/10/2023,영덕(277),X,27.4,27.6,20.6,14.4,77.5,X, ,X,매우높음
6/10/2023,의성(278),X,29.9,32.5,20.9,14,75.5,X, ,X,매우높음
6/10/2023,구미(279),X,29.5,30.8,22.6,17.9,68.1,X, ,X,매우높음
6/10/2023,영천(281),X,29.6,30.4,23,15.9,70.5,X, ,X,매우높음
6/10/2023,경주시(283),X,30.8,30.9,23.5,16.5,68.9,X, ,X,매우높음
6/10/2023,거창(284),X,28.5,28.9,21.5,15.7,75.3,X, ,X,매우높음
6/10/2023,합천(285),X,29.6,30.2,23.4,18.4,70.9,X, ,X,매우높음
6/10/2023,밀양(288),X,29,29.9,24.5,18.5,61.9,X, ,X,매우높음
6/10/2023,산청(289),X,29.1,28.5,22.8,17.3,75.3,X, ,X,매우높음
6/10/2023,거제(294),X,27.5,26.9,22.5,19.4,77.6,X, ,X,매우높음
6/10/2023,남해(295),X,27,26,22.1,18.4,81.1,X, ,X,매우높음
6/10/2023,부천(433),X,26.2,27.2,21.2,17.2,67,X, ,X,보통
6/10/2023,안양(434),X,23.1,28.1,23.5,20.3,,X, ,X,높음
6/10/2023,광명(437),X,28.9,30.3,23.7,19.6,64,X, ,X,보통
6/10/2023,군포(438),X,27.6,28.5,23.3,19.4,63,X, ,X,높음
6/10/2023,김포(441),X,,28.4,22.4,18.4,,X, ,X,높음
6/10/2023,하남(444),X,27.5,28,21.9,16.9,65,X, ,X,높음
6/10/2023,의왕(445),X,27.4,27.7,22.5,17.9,68,X, ,X,높음
6/10/2023,포천(504),X,27.4,27.1,20.6,16.5,80,X, ,X,높음
6/10/2023,가평조종(505),X,27.9,27.4,19.2,14.3,85,X, ,X,높음
6/10/2023,안성(516),X,28,29.3,23,17.9,66,X, ,X,높음
6/10/2023,간성(517),X,23.6,22.2,18,16,85,X, ,X,매우높음
6/10/2023,평창(526),X,27.6,29.7,21,14.7,64,X, ,X,높음
6/10/2023,의정부(532),X,28.8,27.8,21.1,16.7,86,X, ,X,보통
6/10/2023,횡성(536),X,28,29.1,21.7,15.6,69,X, ,X,높음
6/10/2023,고양(540),X,29.2,29.4,21.9,16.9,79,X, ,X,보통
6/10/2023,남양주(541),X,28.4,29.2,21.7,16.2,74,X, ,X,보통
6/10/2023,안산(545),X,27.7,27.8,21.6,15.4,76,X, ,X,높음
6/10/2023,경기광주(546),X,27.6,28.6,21.7,16.1,64,X, ,X,높음
6/10/2023,여주(548),X,28.5,29,21.8,16.7,71,X, ,X,높음
6/10/2023,용인(549),X,27.1,27.7,21.7,16.7,65,X, ,X,높음
6/10/2023,오산(550),X,28.5,29,22.8,17.4,70,X, ,X,높음
6/10/2023,평택(551),X,28.5,29.4,23.6,20.2,67,X, ,X,높음
6/10/2023,화천(555),X,28.5,27.8,18.3,14,88,X, ,X,보통
6/10/2023,양구(556),X,27.9,28.9,19.3,14.4,78,X, ,X,높음
6/10/2023,시흥(565),X,28.2,28.6,22.7,17.8,72,X, ,X,높음
6/10/2023,구리(569),X,27.9,28.7,22.3,17.3,66,X, ,X,보통
6/10/2023,화성(571),X,27.9,28.9,23.2,19.5,68,X, ,X,높음
6/10/2023,성남(572),X,26.9,28.4,23.2,18.8,56,X, ,X,높음
6/10/2023,과천(590),X,28.6,28.8,22.6,17.1,71,X, ,X,높음
6/10/2023,양주(598),X,28.2,28.3,20.9,17.1,79,X, ,X,보통
6/10/2023,단양(601),X,28.3,30.6,21.5,16.1,66,X, ,X,보통
6/10/2023,진천(602),X,29.2,31.3,23.6,18.3,62,X, ,X,보통
6/10/2023,괴산(603),X,29.2,30.6,20.6,14.3,75,X, ,X,보통
6/10/2023,옥천(604),X,30,30.9,21.9,16.8,77,X, ,X,높음
6/10/2023,홍북(608),X,27.7,28.4,22.5,17.6,66,X, ,X,높음
6/10/2023,공주(612),X,29.3,31.1,22.9,17.9,66,X, ,X,높음
6/10/2023,서천(614),X,28.6,30,22.8,19.1,73,X, ,X,보통
6/10/2023,논산(615),X,29.1,30.7,23.4,18.7,70,X, ,X,높음
6/10/2023,당진(616),X,28.1,28.5,23.2,18.7,73,X, ,X,높음
6/10/2023,청양(618),X,29.3,30.2,22.2,16.9,74,X, ,X,보통
6/10/2023,음성(619),X,28.2,29.6,20.9,14.5,69,X, ,X,높음
6/10/2023,증평(623),X,29,30.2,23,17.9,69,X, ,X,보통
6/10/2023,태안(627),X,26.6,26.6,22,18.9,77,X, ,X,높음
6/10/2023,예산(628),X,28.4,29.1,23.7,20,69,X, ,X,높음
6/10/2023,아산(634),X,29.1,30.2,24,20.2,66,X, ,X,높음
6/10/2023,계룡(636),X,28.7,30.3,21.5,13.7,74,X, ,X,높음
6/10/2023,연천청산(652),X,27.9,28.1,19.9,16.2,82,X, ,X,보통
6/10/2023,양양(670),X,23.6,22.4,19.1,16.9,82,X, ,X,매우높음
6/10/2023,무안(699),X,29.7,30.5,23.4,19.7,69,X, ,X,매우높음
6/10/2023,무주(701),X,29.4,31.7,20.9,15.4,73,X, ,X,높음
6/10/2023,익산(702),X,29,31.2,23.7,19.7,63,X, ,X,높음
6/10/2023,진안(703),X,28.7,30.3,21.6,16.2,72,X, ,X,매우높음
6/10/2023,담양(706),X,31.6,31.7,23.7,19.8,81,X, ,X,매우높음
6/10/2023,구례(709),X,30.5,30.8,24.3,18.8,72,X, ,X,매우높음
6/10/2023,나주(710),X,30.5,30.2,23.6,18.9,76,X, ,X,매우높음
6/10/2023,순천시(712),X,28.3,27.9,23.5,19.4,78,X, ,X,높음
6/10/2023,광양읍(713),X,28.4,28.1,23.5,18.6,76,X, ,X,높음
6/10/2023,장성(730),X,29.9,31,22.5,18.1,74,X, ,X,매우높음
6/10/2023,영암(731),X,28.8,28.3,23.9,20,76,X, ,X,매우높음
6/10/2023,보성(732),X,26.5,25.5,22,18.6,80,X, ,X,매우높음
6/10/2023,완주(734),X,30.2,32.4,21.9,16.4,77,X, ,X,높음
6/10/2023,김제(737),X,30.3,31.6,23.3,19.2,71,X, ,X,높음
6/10/2023,화순(741),X,30.1,30.5,23.6,18.2,72,X, ,X,매우높음
6/10/2023,함평(754),X,29.7,30.4,23.2,19.6,72,X, ,X,매우높음
6/10/2023,곡성(768),X,29.7,30.2,23.4,17.9,71,X, ,X,매우높음
6/10/2023,압해도(789),X,29,28.7,22.7,19.3,78,X, ,X,매우높음
6/10/2023,영양(801),X,29.4,31.3,21.3,13.6,74,X, ,X,매우높음
6/10/2023,성주(810),X,30.3,31.9,24.3,18.2,65,X, ,X,매우높음
6/10/2023,고령(812),X,28.9,29.7,23.2,17.8,73,X, ,X,매우높음
6/10/2023,청도(813),X,29.1,29.7,23.1,17.1,70,X, ,X,매우높음
6/10/2023,예천(815),X,28.5,30.1,21.2,15.5,71,X, ,X,보통
6/10/2023,김천(822),X,30.4,31,21.3,13.9,75,X, ,X,높음
6/10/2023,군위(823),X,30.2,32.2,21.1,15,79,X, ,X,매우높음
6/10/2023,칠곡(825),X,30.6,31.4,24.3,20.2,73,X, ,X,매우높음
6/10/2023,경산(827),X,30.7,31.9,25,19.1,61,X, ,X,매우높음
6/10/2023,삼척(876),X,24.3,23.5,19.3,16.5,78,X, ,X,높음
6/10/2023,속초(90),X,24.8,23.4,18.7,16.2,84.9,X, ,X,높음
6/10/2023,삼천포(907),X,27,25.6,21.7,17.9,84,X, ,X,매우높음
6/10/2023,고성(918),X,27.5,26.4,22.3,18.5,82,X, ,X,매우높음
6/10/2023,창녕(919),X,30.3,30.6,24.6,19,70,X, ,X,매우높음
6/10/2023,함안(920),X,28.5,27.7,23.1,18.2,77,X, ,X,매우높음
6/10/2023,북춘천(93),X,28.3,28.4,20,15.8,82,X, ,X,높음
6/10/2023,하동(932),X,28.3,27.7,23.4,18.8,78,X, ,X,높음
6/10/2023,철원(95),X,27.4,27.1,18.9,15.3,86.8,X, ,X,보통
6/10/2023,동두천(98),X,28,27.5,20.1,16.7,83.3,X, ,X,보통
6/10/2023,파주(99),X,27.4,26.6,20.5,17.2,87.1,X, ,X,높음
6/11/2023,북강릉(104),X,24.5,23.1,18.5,15.5,90.8,X, ,X,보통
6/11/2023,동해(106),X,23.4,21.6,18.1,15.9,94.3,X, ,X,높음
6/11/2023,서울(108),X,27.4,27.3,22.1,17.9,76.1,X, ,X,높음
6/11/2023,인천(112),X,26.9,26.5,21.6,18.5,78.1,X, ,X,높음
6/11/2023,원주(114),X,26.2,25.9,20.5,17.3,78,X, ,X,높음
6/11/2023,울릉도(115),X,24.3,21.4,20,18.5,96.6,X, ,X,높음
6/11/2023,수원(119),X,27.5,27.9,22.2,18.3,71.8,X, ,X,보통
6/11/2023,영월(121),X,29.2,29.7,20.1,15.8,82.4,X, ,X,높음
6/11/2023,충주(127),X,28.7,28.5,20.6,16.5,80.3,X, ,X,높음
6/11/2023,서산(129),X,27.2,27.2,22.2,17.7,72.9,X, ,X,보통
6/11/2023,울진(130),X,23.5,22.1,18.5,16.5,89.4,X, ,X,높음
6/11/2023,청주(131),X,29,29.8,23.9,18.7,67.1,X, ,X,보통
6/11/2023,대전(133),X,29.2,30,23.5,17.5,67.5,X, ,X,보통
6/11/2023,추풍령(135),X,27.7,27.2,20.9,15.8,79.8,X, ,X,매우높음
6/11/2023,안동(136),X,29.1,29.4,20.8,16.7,82.6,X, ,X,높음
6/11/2023,상주(137),X,30.2,30,22.1,17.7,83.3,X, ,X,높음
6/11/2023,포항(138),X,27.9,27.2,22,19.2,76.1,X, ,X,높음
6/11/2023,군산(140),X,26.8,25.9,22.2,18.3,75.9,X, ,X,보통
6/11/2023,대구(143),X,29.5,30.6,24.6,20.3,66.5,X, ,X,높음
6/11/2023,전주(146),X,28.6,28.4,23.4,18.4,73.1,X, ,X,보통
6/11/2023,울산(152),X,27.4,26.4,21.8,19.2,81.9,X, ,X,보통
6/11/2023,창원(155),X,27.7,26.3,21.8,19.8,84.5,X, ,X,보통
6/11/2023,광주(156),X,31.1,30.7,24.5,21.4,82,X, ,X,매우높음
6/11/2023,부산(159),X,26.5,24.7,21.6,20.1,84.6,X, ,X,보통
6/11/2023,통영(162),X,27.5,25.8,22.2,19.8,89.1,X, ,X,보통
6/11/2023,목포(165),X,27.4,26,22.6,20.3,83.3,X, ,X,매우높음
6/11/2023,여수(168),X,27.2,25.7,22.8,20.5,84.1,X, ,X,보통
6/11/2023,흑산도(169),X,24.9,22.9,19.2,16.8,94.6,X, ,X,보통
6/11/2023,완도(170),X,28.4,26.9,22.4,20.4,89.4,X, ,X,보통
6/11/2023,고창(172),X,28,27.8,22.6,19.3,71,X, ,X,매우높음
6/11/2023,제주(184),X,26.9,25.3,21.9,19.5,89.9,X, ,X,매우높음
6/11/2023,진주(192),X,29.4,29.2,23.5,20.1,80.4,X, ,X,보통
6/11/2023,양평(202),X,27.1,26.7,20.9,17.4,80.1,X, ,X,보통
6/11/2023,이천(203),X,27.1,26.2,20.9,17.8,85.4,X, ,X,높음
6/11/2023,인제(211),X,27.5,27.6,20.5,15.7,79,X, ,X,낮음
6/11/2023,홍천(212),X,26.9,26.7,20.6,16.6,81,X, ,X,보통
6/11/2023,태백(216),X,26.2,26.4,18.2,13.3,81.3,X, ,X,높음
6/11/2023,정선군(217),X,28.6,29.5,19.7,15.5,80.1,X, ,X,높음
6/11/2023,제천(221),X,27.4,27.3,19.8,15.2,87.8,X, ,X,높음
6/11/2023,보은(226),X,27.4,27.5,21,16.3,83.8,X, ,X,높음
6/11/2023,천안(232),X,27.8,27.7,22.2,17.2,77.4,X, ,X,보통
6/11/2023,보령(235),X,27.2,26.4,21.9,17.7,76.9,X, ,X,보통
6/11/2023,부여(236),X,28.8,28.7,23,17.8,74.3,X, ,X,보통
6/11/2023,금산(238),X,28.8,29,21.8,15.7,78.4,X, ,X,매우높음
6/11/2023,세종(239),X,29.1,29.4,22.8,17.9,72.6,X, ,X,보통
6/11/2023,부안(243),X,27.9,27,22.3,18.6,79.3,X, ,X,높음
6/11/2023,임실(244),X,28.5,28.7,21.7,16.5,78.5,X, ,X,매우높음
6/11/2023,정읍(245),X,28.8,28.5,22.8,18.2,75.4,X, ,X,매우높음
6/11/2023,남원(247),X,29.4,30,23.3,19,75.8,X, ,X,매우높음
6/11/2023,장수(248),X,27.4,27.5,20.2,14.7,83.9,X, ,X,매우높음
6/11/2023,영광군(252),X,27.8,26.7,22.2,18.9,80.3,X, ,X,매우높음
6/11/2023,김해시(253),X,29.2,27.6,22.2,19.5,89.4,X, ,X,보통
6/11/2023,순창군(254),X,29.4,29.5,23,19.1,79.4,X, ,X,보통
6/11/2023,양산시(257),X,29.7,29,23.4,19.7,82.9,X, ,X,보통
6/11/2023,강진군(259),X,29.5,28.7,23.8,20.9,81.8,X, ,X,보통
6/11/2023,장흥(260),X,28.7,27.7,23.2,20.2,83.8,X, ,X,보통
6/11/2023,해남(261),X,29,27.9,23.3,20.7,85.6,X, ,X,보통
6/11/2023,고흥(262),X,27.8,27,22.2,18.4,82.8,X, ,X,보통
6/11/2023,의령군(263),X,29.9,29.6,24.5,21,75.9,X, ,X,보통
6/11/2023,함양군(264),X,28.4,28.7,22.6,17.2,77.9,X, ,X,높음
6/11/2023,진도군ASOS(268),X,28.5,27.4,22.5,18.8,84.5,X, ,X,매우높음
6/11/2023,봉화(271),X,26.2,26.8,20.2,14.9,78.4,X, ,X,높음
6/11/2023,영주(272),X,27.6,28,20.9,16.6,85.3,X, ,X,높음
6/11/2023,문경(273),X,28.6,28.9,21.1,16.9,87.1,X, ,X,높음
6/11/2023,청송군(276),X,28.1,28.3,21,14.8,77.3,X, ,X,높음
6/11/2023,영덕(277),X,26.3,25.4,20.2,17.7,86,X, ,X,보통
6/11/2023,의성(278),X,29.4,29.7,22.1,17,82.3,X, ,X,높음
6/11/2023,구미(279),X,28.8,29.2,22.5,19,74.5,X, ,X,보통
6/11/2023,영천(281),X,28.7,28.8,23.4,18.5,71.3,X, ,X,높음
6/11/2023,경주시(283),X,29.9,29.9,24,19.1,71.6,X, ,X,높음
6/11/2023,거창(284),X,28.4,28.1,22.6,18.1,75.3,X, ,X,매우높음
6/11/2023,합천(285),X,29.1,29.4,24.4,20.7,70.5,X, ,X,높음
6/11/2023,밀양(288),X,29.2,29.8,23.9,20,68.8,X, ,X,높음
6/11/2023,산청(289),X,28.8,28.4,23.5,20.3,77.5,X, ,X,매우높음
6/11/2023,거제(294),X,27.2,25.6,22,19.5,89.3,X, ,X,높음
6/11/2023,남해(295),X,28.5,27.4,22.5,20.1,86.6,X, ,X,보통
6/11/2023,부천(433),X,26.1,26.4,20.5,16.5,73,X, ,X,높음
6/11/2023,안양(434),X,22.7,26.8,22.2,18.2,,X, ,X,보통
6/11/2023,광명(437),X,27.6,28,22.9,19,69,X, ,X,높음
6/11/2023,군포(438),X,27.2,27.2,22.1,18,69,X, ,X,보통
6/11/2023,김포(441),X,,26.9,21.6,17.6,,X, ,X,높음
6/11/2023,하남(444),X,27.7,27.8,20.5,16.6,79,X, ,X,보통
6/11/2023,의왕(445),X,27.2,26.9,20.9,16.6,79,X, ,X,보통
6/11/2023,포천(504),X,28.4,28.4,21,16.5,79,X, ,X,보통
6/11/2023,가평조종(505),X,27.6,27.4,20.3,16.2,87,X, ,X,보통
6/11/2023,안성(516),X,27.3,26.6,22.1,17,77,X, ,X,높음
6/11/2023,간성(517),X,23.2,21.3,18.3,15.9,91,X, ,X,보통
6/11/2023,평창(526),X,27.9,29.3,19.9,15.5,76,X, ,X,높음
6/11/2023,의정부(532),X,27.9,26.9,20.2,16.9,91,X, ,X,높음
6/11/2023,횡성(536),X,27.4,27.5,20.1,16.6,83,X, ,X,높음
6/11/2023,고양(540),X,25.6,,,,,X, ,X,높음
6/11/2023,남양주(541),X,28.3,27.9,21.2,16.9,82,X, ,X,보통
6/11/2023,안산(545),X,28,27.9,20.9,15.2,81,X, ,X,보통
6/11/2023,경기광주(546),X,26.2,25.6,20.6,15.4,76,X, ,X,높음
6/11/2023,여주(548),X,26.6,25.7,19.8,16.5,88,X, ,X,보통
6/11/2023,용인(549),X,26.7,26.8,21.1,17.1,74,X, ,X,높음
6/11/2023,오산(550),X,28.6,28.9,22.4,16.9,72,X, ,X,높음
6/11/2023,평택(551),X,28.2,28.4,22.9,18.8,77,X, ,X,높음
6/11/2023,화천(555),X,27.8,26.7,19.8,15.3,90,X, ,X,보통
6/11/2023,양구(556),X,27.3,27.4,19.8,15.8,79,X, ,X,보통
6/11/2023,시흥(565),X,28,27.9,21.7,16.7,80,X, ,X,보통
6/11/2023,구리(569),X,27.3,27.7,21.6,17.1,76,X, ,X,보통
6/11/2023,화성(571),X,27.3,27.3,21.9,17.7,77,X, ,X,보통
6/11/2023,성남(572),X,26.7,27.4,22.1,16.9,65,X, ,X,높음
6/11/2023,과천(590),X,28,27.9,21.4,17.5,81,X, ,X,보통
6/11/2023,양주(598),X,28,27.7,21.1,17.1,79,X, ,X,높음
6/11/2023,단양(601),X,28.4,29.7,21,16.7,79,X, ,X,높음
6/11/2023,진천(602),X,28.5,29.2,22.3,18.1,73,X, ,X,높음
6/11/2023,괴산(603),X,28.8,28.8,20.9,16.9,83,X, ,X,높음
6/11/2023,옥천(604),X,29.5,29.7,22.9,17.6,79,X, ,X,높음
6/11/2023,홍북(608),X,29,29.4,21.6,16.7,75,X, ,X,보통
6/11/2023,공주(612),X,29,29.2,23,17.5,72,X, ,X,보통
6/11/2023,서천(614),X,27,25.9,21.7,18.2,80,X, ,X,보통
6/11/2023,논산(615),X,29.2,29.1,23.9,18,70,X, ,X,보통
6/11/2023,당진(616),X,27.7,27.8,22.2,17.3,76,X, ,X,보통
6/11/2023,청양(618),X,28.5,27.8,21.3,16.2,80,X, ,X,보통
6/11/2023,음성(619),X,27.7,27.5,20.2,16.1,80,X, ,X,높음
6/11/2023,증평(623),X,28.4,28.2,22,16.9,80,X, ,X,보통
6/11/2023,태안(627),X,28.2,28,21.9,16.7,78,X, ,X,보통
6/11/2023,예산(628),X,27.6,27.3,22.2,18,76,X, ,X,높음
6/11/2023,아산(634),X,27.9,27.7,22.5,18.7,72,X, ,X,높음
6/11/2023,계룡(636),X,28.8,28.9,21.9,14.1,75,X, ,X,보통
6/11/2023,연천청산(652),X,26.9,26.9,20.7,16.1,81,X, ,X,높음
6/11/2023,양양(670),X,23,21.2,18.3,16.4,90,X, ,X,보통
6/11/2023,무안(699),X,28.7,28,22.5,19,81,X, ,X,보통
6/11/2023,무주(701),X,29.3,29.5,21.8,15.9,79,X, ,X,매우높음
6/11/2023,익산(702),X,27.8,28.1,23.1,18.5,70,X, ,X,높음
6/11/2023,진안(703),X,27.5,27.8,21.1,15.7,81,X, ,X,매우높음
6/11/2023,담양(706),X,30.7,30.1,24.5,20.1,82,X, ,X,보통
6/11/2023,구례(709),X,30.4,30.3,24.7,21.2,75,X, ,X,높음
6/11/2023,나주(710),X,29.9,29.3,23.7,19.9,79,X, ,X,높음
6/11/2023,순천시(712),X,29.2,28.2,24,21,79,X, ,X,보통
6/11/2023,광양읍(713),X,29.5,29.4,24.6,21.3,73,X, ,X,보통
6/11/2023,장성(730),X,29.2,29.1,22.6,18.5,79,X, ,X,매우높음
6/11/2023,영암(731),X,29.8,29,23.9,20.4,81,X, ,X,보통
6/11/2023,보성(732),X,27.7,26.7,21.9,18.4,85,X, ,X,보통
6/11/2023,완주(734),X,29.3,29,22.5,16.2,78,X, ,X,보통
6/11/2023,김제(737),X,29.1,28.1,22.7,18.6,80,X, ,X,높음
6/11/2023,화순(741),X,29.8,29.9,24.3,20.8,73,X, ,X,보통
6/11/2023,함평(754),X,29.2,28.8,23,19.4,81,X, ,X,보통
6/11/2023,곡성(768),X,29.5,29.9,24.6,19.8,72,X, ,X,매우높음
6/11/2023,압해도(789),X,28.1,26.2,21.9,19.2,90,X, ,X,매우높음
6/11/2023,영양(801),X,28.6,28.3,21,15.4,84,X, ,X,높음
6/11/2023,성주(810),X,29.7,30.5,24.3,19.9,67,X, ,X,높음
6/11/2023,고령(812),X,28.7,28.7,24.3,20.3,73,X, ,X,높음
6/11/2023,청도(813),X,28.7,28.6,23.3,18.2,74,X, ,X,높음
6/11/2023,예천(815),X,28.4,28.9,20.9,17.1,82,X, ,X,높음
6/11/2023,김천(822),X,29.7,29.7,22,16.3,82,X, ,X,매우높음
6/11/2023,군위(823),X,29.9,30,22.3,17.3,82,X, ,X,높음
6/11/2023,칠곡(825),X,29.7,30.1,24.2,20.3,77,X, ,X,높음
6/11/2023,경산(827),X,29.7,30.4,24.4,19.5,69,X, ,X,높음
6/11/2023,삼척(876),X,25.2,24.3,19.1,16.1,86,X, ,X,높음
6/11/2023,속초(90),X,24.1,22.4,18.7,16.1,89.1,X, ,X,보통
6/11/2023,삼천포(907),X,27.9,26.3,22.4,20,87,X, ,X,보통
6/11/2023,고성(918),X,28.4,26.9,22.8,20,87,X, ,X,보통
6/11/2023,창녕(919),X,30.1,30.4,25,21.5,72,X, ,X,높음
6/11/2023,함안(920),X,29,28.5,23.4,20.1,81,X, ,X,보통
6/11/2023,북춘천(93),X,27.7,27.8,20.7,16.4,83,X, ,X,보통
6/11/2023,하동(932),X,29.3,29.2,24.1,20.9,77,X, ,X,보통
6/11/2023,철원(95),X,26.8,26.7,20.6,16,80.8,X, ,X,보통
6/11/2023,동두천(98),X,27.6,27,20.8,16.1,83.8,X, ,X,높음
6/11/2023,파주(99),X,27.3,26.8,20.9,16.1,83,X, ,X,높음
6/12/2023,북강릉(104),X,24.5,23.1,19.3,15.6,88.6,X, ,X,낮음
6/12/2023,동해(106),X,23.9,21.9,19,16.1,93.5,X, ,X,낮음
6/12/2023,서울(108),X,27.1,27.5,22.2,18.4,70.5,X, ,X,매우높음
6/12/2023,인천(112),X,23.8,22.8,20.2,17.8,78,X, ,X,매우높음
6/12/2023,원주(114),X,26.5,27.6,22.5,17.2,67.3,X, ,X,낮음
6/12/2023,울릉도(115),X,25.9,24.1,20.9,18.1,88.6,X, ,X,매우높음
6/12/2023,수원(119),X,26.9,27.2,21.1,16.2,74.5,X, ,X,매우높음
6/12/2023,영월(121),X,27.6,28.4,21.8,17.2,69.6,X, ,X,낮음
6/12/2023,충주(127),X,27.5,28.3,22.2,17.7,74,X, ,X,매우높음
6/12/2023,서산(129),X,26.8,26.6,20.6,15.7,74.6,X, ,X,매우높음
6/12/2023,울진(130),X,25,24,19.7,16.5,85.1,X, ,X,매우높음
6/12/2023,청주(131),X,28.1,29.9,23.9,19.5,61.3,X, ,X,매우높음
6/12/2023,대전(133),X,27.9,29.9,23.3,17.6,65,X, ,X,매우높음
6/12/2023,추풍령(135),X,27,28.4,21.6,15.8,71.5,X, ,X,매우높음
6/12/2023,안동(136),X,28.1,28.8,21.7,16.8,78,X, ,X,매우높음
6/12/2023,상주(137),X,29.2,30.2,23.5,19,70.1,X, ,X,매우높음
6/12/2023,포항(138),X,24.8,23.3,20.3,19.1,82.8,X, ,X,보통
6/12/2023,군산(140),X,26.4,25.5,21.4,17.2,76.3,X, ,X,매우높음
6/12/2023,대구(143),X,28.6,29.1,23.3,19.2,73.4,X, ,X,매우높음
6/12/2023,전주(146),X,28.2,29.4,23.2,20,68.6,X, ,X,매우높음
6/12/2023,울산(152),X,27.4,26.8,21.6,18.5,80.6,X, ,X,높음
6/12/2023,창원(155),X,28.9,28.3,23.1,20.2,79.8,X, ,X,높음
6/12/2023,광주(156),X,29.5,30.8,23.8,19.9,78.8,X, ,X,높음
6/12/2023,부산(159),X,27.9,26.6,22.4,20.4,79.6,X, ,X,높음
6/12/2023,통영(162),X,27.2,25.2,22.3,20.3,90.4,X, ,X,높음
6/12/2023,목포(165),X,27.1,26,21.9,19.6,82.1,X, ,X,매우높음
6/12/2023,여수(168),X,27.8,26.3,23.1,21,82.4,X, ,X,매우높음
6/12/2023,흑산도(169),X,24.3,22.6,18.9,16.7,91.5,X, ,X,매우높음
6/12/2023,완도(170),X,29.3,28.3,23.2,19.7,81.9,X, ,X,높음
6/12/2023,고창(172),X,27.5,27.6,21.9,18.3,70.5,X, ,X,매우높음
6/12/2023,제주(184),X,27.1,25.2,22.2,20,90.4,X, ,X,높음
6/12/2023,진주(192),X,29.7,29.5,23.9,19.5,77.6,X, ,X,매우높음
6/12/2023,양평(202),X,26.7,27.3,22.1,17.9,74,X, ,X,매우높음
6/12/2023,이천(203),X,28.4,28.2,22.3,17,76.8,X, ,X,매우높음
6/12/2023,인제(211),X,26.5,27,20.8,16.9,77,X, ,X,낮음
6/12/2023,홍천(212),X,26.7,27.2,21.6,17.4,74.6,X, ,X,낮음
6/12/2023,태백(216),X,23.7,22.9,17.3,12.9,85.5,X, ,X,낮음
6/12/2023,정선군(217),X,27.4,29,20.7,16,71.9,X, ,X,낮음
6/12/2023,제천(221),X,26.5,27.3,21.1,17,75.5,X, ,X,매우높음
6/12/2023,보은(226),X,27.2,27.9,22.3,18.4,74.3,X, ,X,매우높음
6/12/2023,천안(232),X,27.7,29.2,21.9,16,71.4,X, ,X,매우높음
6/12/2023,보령(235),X,26.3,25.6,20.7,16.9,78.4,X, ,X,매우높음
6/12/2023,부여(236),X,28.8,29.4,22.3,16.2,73.9,X, ,X,매우높음
6/12/2023,금산(238),X,27.8,29.2,23,17.1,68.3,X, ,X,매우높음
6/12/2023,세종(239),X,28,29,22.6,16.7,69.3,X, ,X,매우높음
6/12/2023,부안(243),X,27.5,27.2,21.8,17.9,78.9,X, ,X,매우높음
6/12/2023,임실(244),X,27.8,29,22.8,18.3,73.1,X, ,X,매우높음
6/12/2023,정읍(245),X,29,29.3,22.3,17.7,74.4,X, ,X,매우높음
6/12/2023,남원(247),X,28.5,30.7,23.9,18.9,71.6,X, ,X,매우높음
6/12/2023,장수(248),X,26.9,27.5,21.8,17.4,75.8,X, ,X,매우높음
6/12/2023,영광군(252),X,27.6,27.2,22,18.5,77.5,X, ,X,매우높음
6/12/2023,김해시(253),X,29.6,28.4,23.9,20.5,81.1,X, ,X,높음
6/12/2023,순창군(254),X,29.1,30.5,23.2,18.5,75.5,X, ,X,매우높음
6/12/2023,양산시(257),X,30.7,30.1,23.8,20,82.8,X, ,X,높음
6/12/2023,강진군(259),X,29.1,29.5,23.2,19.1,79.4,X, ,X,매우높음
6/12/2023,장흥(260),X,28.7,28.9,23,18.5,80.8,X, ,X,매우높음
6/12/2023,해남(261),X,29.4,29.1,,18.6,,X, ,X,높음
6/12/2023,고흥(262),X,27.7,27.2,22.2,17.7,79.3,X, ,X,매우높음
6/12/2023,의령군(263),X,30.8,30.7,24.7,19.3,73.3,X, ,X,매우높음
6/12/2023,함양군(264),X,29.4,31.3,24.3,18.7,65.9,X, ,X,매우높음
6/12/2023,진도군ASOS(268),X,27.8,26.6,20.8,17.5,87.9,X, ,X,매우높음
6/12/2023,봉화(271),X,25.5,27.2,20.8,15.8,73.5,X, ,X,매우높음
6/12/2023,영주(272),X,27.3,27,20.4,17.3,87.3,X, ,X,매우높음
6/12/2023,문경(273),X,28.4,28.6,22.6,16.6,75.1,X, ,X,매우높음
6/12/2023,청송군(276),X,27.9,27.9,21.1,17.1,84.1,X, ,X,높음
6/12/2023,영덕(277),X,25.4,24.2,19.2,16.5,87.4,X, ,X,보통
6/12/2023,의성(278),X,28.7,29.5,22.5,18,78.9,X, ,X,매우높음
6/12/2023,구미(279),X,28.7,30.1,23.3,18.2,67.9,X, ,X,매우높음
6/12/2023,영천(281),X,27.2,26.9,21.8,17.8,81,X, ,X,높음
6/12/2023,경주시(283),X,28.2,27.3,21.8,18,80.3,X, ,X,보통
6/12/2023,거창(284),X,29.1,30,23.1,17.5,71.9,X, ,X,매우높음
6/12/2023,합천(285),X,29.5,30.9,23.6,18.6,72.1,X, ,X,매우높음
6/12/2023,밀양(288),X,30.1,31.2,23.6,19,72,X, ,X,매우높음
6/12/2023,산청(289),X,28.9,29.3,23.5,18.4,76.8,X, ,X,매우높음
6/12/2023,거제(294),X,27.8,26.5,23,20.6,84.3,X, ,X,높음
6/12/2023,남해(295),X,28.4,27.6,23.3,20.2,80.5,X, ,X,매우높음
6/12/2023,부천(433),X,25.2,25.7,20,16.2,69,X, ,X,매우높음
6/12/2023,안양(434),X,23,27.2,22,18.5,,X, ,X,매우높음
6/12/2023,광명(437),X,27.5,28.3,22.5,18.7,66,X, ,X,매우높음
6/12/2023,군포(438),X,27.1,27.9,21.9,17.4,64,X, ,X,매우높음
6/12/2023,김포(441),X,,26.3,20.8,16.9,,X, ,X,매우높음
6/12/2023,하남(444),X,26.9,27.1,20.8,15.6,72,X, ,X,매우높음
6/12/2023,의왕(445),X,27.1,27.2,20.3,15.1,78,X, ,X,매우높음
6/12/2023,포천(504),X,26.5,26.2,20.2,16.5,82,X, ,X,매우높음
6/12/2023,가평조종(505),X,26.6,26.1,20.1,16.1,86,X, ,X,높음
6/12/2023,안성(516),X,27.6,28.4,21.8,16.2,72,X, ,X,매우높음
6/12/2023,간성(517),X,23.9,21.9,18.8,16.2,91,X, ,X,낮음
6/12/2023,평창(526),X,26.5,27.8,21.3,16.7,66,X, ,X,낮음
6/12/2023,의정부(532),X,27.6,26.9,20.7,16.6,89,X, ,X,매우높음
6/12/2023,횡성(536),X,27,28,21.9,16.6,71,X, ,X,낮음
6/12/2023,고양(540),X,,,,,,X, ,X,매우높음
6/12/2023,남양주(541),X,27,27.7,21.6,16.3,75,X, ,X,높음
6/12/2023,안산(545),X,26.9,26.8,19.5,13.5,81,X, ,X,매우높음
6/12/2023,경기광주(546),X,26.6,27.2,20.9,16,70,X, ,X,매우높음
6/12/2023,여주(548),X,27,27.2,21.6,16.7,76,X, ,X,매우높음
6/12/2023,용인(549),X,26.2,27.5,20.7,15.2,71,X, ,X,매우높음
6/12/2023,오산(550),X,28.7,29.4,21.7,15.2,73,X, ,X,매우높음
6/12/2023,평택(551),X,28.4,29,22.1,17.6,74,X, ,X,매우높음
6/12/2023,화천(555),X,26.9,25.7,18.8,16.2,93,X, ,X,낮음
6/12/2023,양구(556),X,26.1,26.8,20.1,15.9,77,X, ,X,낮음
6/12/2023,시흥(565),X,26.6,26.5,20.8,15.2,78,X, ,X,매우높음
6/12/2023,구리(569),X,27.5,28.1,21.9,17.1,72,X, ,X,매우높음
6/12/2023,화성(571),X,27.2,27.5,21,16.5,75,X, ,X,매우높음
6/12/2023,성남(572),X,26.2,27.3,22,16.6,61,X, ,X,매우높음
6/12/2023,과천(590),X,27.2,27.5,21.1,15.1,77,X, ,X,매우높음
6/12/2023,양주(598),X,27.6,27.7,20.9,16.1,80,X, ,X,매우높음
6/12/2023,단양(601),X,27.4,29.4,22.6,17.9,65,X, ,X,매우높음
6/12/2023,진천(602),X,28,29.3,22.7,17.2,66,X, ,X,매우높음
6/12/2023,괴산(603),X,27.6,28.4,21.8,17.2,76,X, ,X,매우높음
6/12/2023,옥천(604),X,29,29.8,23.9,18.8,69,X, ,X,매우높음
6/12/2023,홍북(608),X,28.7,29.5,21.3,14.8,73,X, ,X,매우높음
6/12/2023,공주(612),X,28.4,29.8,22.4,16,69,X, ,X,매우높음
6/12/2023,서천(614),X,26.3,25.4,21.2,16.7,79,X, ,X,매우높음
6/12/2023,논산(615),X,28.1,30,23.3,17.7,71,X, ,X,매우높음
6/12/2023,당진(616),X,27.2,27.1,20.9,15.8,76,X, ,X,매우높음
6/12/2023,청양(618),X,28.7,28.8,21.1,15,77,X, ,X,매우높음
6/12/2023,음성(619),X,27.2,28.1,20.6,16.4,79,X, ,X,매우높음
6/12/2023,증평(623),X,28,28.4,22.5,16.8,73,X, ,X,매우높음
6/12/2023,태안(627),X,27,26.7,20.2,15.5,80,X, ,X,매우높음
6/12/2023,예산(628),X,27.8,28.6,22,17,73,X, ,X,매우높음
6/12/2023,아산(634),X,28.1,28.7,21.5,16.9,73,X, ,X,매우높음
6/12/2023,계룡(636),X,27.8,28.8,21.6,13.7,74,X, ,X,매우높음
6/12/2023,연천청산(652),X,26.6,26.8,20.5,15.8,82,X, ,X,매우높음
6/12/2023,양양(670),X,23.3,21.7,19.1,16.5,90,X, ,X,낮음
6/12/2023,무안(699),X,28.1,27.7,21.9,18.3,81,X, ,X,매우높음
6/12/2023,무주(701),X,27.4,29.8,22.3,18.6,71,X, ,X,매우높음
6/12/2023,익산(702),X,28,28.8,22.9,19,66,X, ,X,매우높음
6/12/2023,진안(703),X,27,27.9,21.8,16.8,74,X, ,X,매우높음
6/12/2023,담양(706),X,30.5,31.2,23.8,19.1,79,X, ,X,매우높음
6/12/2023,구례(709),X,30.3,31.1,24.3,18.6,76,X, ,X,높음
6/12/2023,나주(710),X,29.7,29.2,22.9,17.4,80,X, ,X,높음
6/12/2023,순천시(712),X,29.3,28.6,24.1,19.2,76,X, ,X,매우높음
6/12/2023,광양읍(713),X,30.2,30.3,24.4,18.7,75,X, ,X,매우높음
6/12/2023,장성(730),X,29,29.7,22.5,16.6,75,X, ,X,높음
6/12/2023,영암(731),X,29.4,29.3,23.1,18.5,81,X, ,X,높음
6/12/2023,보성(732),X,27.8,27.6,21.8,17.1,82,X, ,X,매우높음
6/12/2023,완주(734),X,28.8,29.1,22.8,17.2,77,X, ,X,매우높음
6/12/2023,김제(737),X,29,28.5,22.2,18.8,79,X, ,X,매우높음
6/12/2023,화순(741),X,29.5,31,22.6,17.8,75,X, ,X,매우높음
6/12/2023,함평(754),X,28.7,28.4,22.3,18.4,80,X, ,X,매우높음
6/12/2023,곡성(768),X,30.1,31.4,24,18.6,70,X, ,X,매우높음
6/12/2023,압해도(789),X,27.2,25.4,21.5,18.7,88,X, ,X,매우높음
6/12/2023,영양(801),X,27.7,27.4,20.7,16.4,85,X, ,X,높음
6/12/2023,성주(810),X,29.1,30.5,23.8,18.8,69,X, ,X,매우높음
6/12/2023,고령(812),X,29.5,30.7,23,17.5,79,X, ,X,매우높음
6/12/2023,청도(813),X,29.9,30.4,22.1,18.1,81,X, ,X,매우높음
6/12/2023,예천(815),X,27.8,28.9,22.2,17.5,74,X, ,X,매우높음
6/12/2023,김천(822),X,29.2,29.9,22.7,17.5,78,X, ,X,매우높음
6/12/2023,군위(823),X,29.4,29.4,22.5,18.3,81,X, ,X,매우높음
6/12/2023,칠곡(825),X,29.1,30.2,23.3,19.5,82,X, ,X,매우높음
6/12/2023,경산(827),X,28.9,29.2,23,18.3,76,X, ,X,매우높음
6/12/2023,삼척(876),X,24.9,23.7,19.7,16.4,85,X, ,X,낮음
6/12/2023,속초(90),X,23.9,22.1,18.9,16.7,91.6,X, ,X,낮음
6/12/2023,삼천포(907),X,28,26.6,22.7,20.2,85,X, ,X,매우높음
6/12/2023,고성(918),X,28.1,27,23.4,20.5,84,X, ,X,높음
6/12/2023,창녕(919),X,30.6,31.6,23.9,19.4,77,X, ,X,매우높음
6/12/2023,함안(920),X,29.5,29.5,23.7,19.3,79,X, ,X,매우높음
6/12/2023,북춘천(93),X,26.9,26.7,20.8,17.5,79.6,X, ,X,낮음
6/12/2023,하동(932),X,29.4,29.6,24.2,19.5,75,X, ,X,매우높음
6/12/2023,철원(95),X,26.1,25.9,20.5,16.1,78.9,X, ,X,낮음
6/12/2023,동두천(98),X,27.1,26.3,20.8,16.1,83.1,X, ,X,매우높음
6/12/2023,파주(99),X,27.4,26.8,20,15.8,87.4,X, ,X,매우높음
6/13/2023,북강릉(104),X,24.4,22.9,19.3,15.9,88.5,X, ,X,낮음
6/13/2023,동해(106),X,24.9,23.2,19.7,17.3,93.1,X, ,X,낮음
6/13/2023,서울(108),X,26.3,26,22,19.2,70,X, ,X,높음
6/13/2023,인천(112),X,24.5,23.3,20.4,17.7,76.6,X, ,X,매우높음
6/13/2023,원주(114),X,26,27.4,22.5,18.4,58.5,X, ,X,낮음
6/13/2023,울릉도(115),X,26.4,24.5,21.1,18.7,87.9,X, ,X,높음
6/13/2023,수원(119),X,25.9,26,21.1,17.8,71.8,X, ,X,매우높음
6/13/2023,영월(121),X,28.3,28.3,21.2,16.3,68,X, ,X,낮음
6/13/2023,충주(127),X,27.5,28.7,22.1,17,67.8,X, ,X,매우높음
6/13/2023,서산(129),X,25.7,25.7,20.9,17.1,73.3,X, ,X,매우높음
6/13/2023,울진(130),X,23.7,21.6,19.4,17,89.8,X, ,X,매우높음
6/13/2023,청주(131),X,27.9,29.2,23.3,19.7,60.5,X, ,X,매우높음
6/13/2023,대전(133),X,27.4,28.7,22.8,18.7,64,X, ,X,매우높음
6/13/2023,추풍령(135),X,26.6,27.5,21.3,15.3,67.6,X, ,X,매우높음
6/13/2023,안동(136),X,28.4,28.9,21.6,17.5,78.1,X, ,X,매우높음
6/13/2023,상주(137),X,28.7,29.8,23.2,17.2,67.9,X, ,X,매우높음
6/13/2023,포항(138),X,27.1,26.3,22.2,19.1,76.6,X, ,X,보통
6/13/2023,군산(140),X,25.8,24.7,20.8,16.8,76.3,X, ,X,매우높음
6/13/2023,대구(143),X,28.5,30.4,23.8,18.1,68.1,X, ,X,높음
6/13/2023,전주(146),X,27.6,28.5,22.4,18.6,69,X, ,X,매우높음
6/13/2023,울산(152),X,26.9,26.3,22.5,19.1,77.5,X, ,X,매우높음
6/13/2023,창원(155),X,28,27.1,23,20,77.4,X, ,X,매우높음
6/13/2023,광주(156),X,28.6,29.3,23.4,18.7,72.4,X, ,X,높음
6/13/2023,부산(159),X,26.7,25.6,23.1,20.2,72.6,X, ,X,매우높음
6/13/2023,통영(162),X,26.5,24.7,21.8,19.7,85.9,X, ,X,매우높음
6/13/2023,목포(165),X,26.9,26.4,21.9,18.7,79.9,X, ,X,높음
6/13/2023,여수(168),X,27.6,26.1,22.4,20.5,81.9,X, ,X,매우높음
6/13/2023,흑산도(169),X,24.8,23.1,19.5,16.6,90.8,X, ,X,높음
6/13/2023,완도(170),X,28.3,28.2,23.2,19.4,74.5,X, ,X,높음
6/13/2023,고창(172),X,26.4,27.3,21.8,17.5,65,X, ,X,높음
6/13/2023,제주(184),X,26.2,25,21.5,19.9,85.5,X, ,X,매우높음
6/13/2023,진주(192),X,29,28.7,23.5,19.2,77.6,X, ,X,높음
6/13/2023,양평(202),X,26.8,28.2,22.1,18.1,66.6,X, ,X,매우높음
6/13/2023,이천(203),X,27.4,28,22.4,18,69.6,X, ,X,매우높음
6/13/2023,인제(211),X,26.6,27.6,20.9,15.4,71.3,X, ,X,낮음
6/13/2023,홍천(212),X,26.6,28,21.8,17.4,68,X, ,X,낮음
6/13/2023,태백(216),X,24.1,25.1,18.1,13.5,75.4,X, ,X,낮음
6/13/2023,정선군(217),X,26.5,27.3,20.5,15.5,70.4,X, ,X,낮음
6/13/2023,제천(221),X,26.4,27.5,20.8,15.8,73.5,X, ,X,매우높음
6/13/2023,보은(226),X,26.5,27.8,21.5,16.2,73.5,X, ,X,매우높음
6/13/2023,천안(232),X,27.1,28,21.6,17,72.4,X, ,X,매우높음
6/13/2023,보령(235),X,25.2,24.7,20.4,16.1,79.4,X, ,X,매우높음
6/13/2023,부여(236),X,28.2,28.9,21.9,17.2,73.3,X, ,X,매우높음
6/13/2023,금산(238),X,27.4,28.6,22.2,17,66.8,X, ,X,매우높음
6/13/2023,세종(239),X,27.2,28.1,22.2,17.8,68.6,X, ,X,매우높음
6/13/2023,부안(243),X,26.7,26.6,21.3,17.7,75.9,X, ,X,매우높음
6/13/2023,임실(244),X,26.5,27.6,21.3,16.8,71.6,X, ,X,매우높음
6/13/2023,정읍(245),X,27.7,28.7,22.1,17.5,70.6,X, ,X,매우높음
6/13/2023,남원(247),X,27.7,29.1,23.3,18.3,64,X, ,X,높음
6/13/2023,장수(248),X,25.4,26.3,20.5,15.6,73.8,X, ,X,매우높음
6/13/2023,영광군(252),X,27.5,28.2,21.8,17.5,74.6,X, ,X,높음
6/13/2023,김해시(253),X,28.7,27.4,23.3,20.2,80.8,X, ,X,매우높음
6/13/2023,순창군(254),X,27.7,28.6,22.4,17.3,71.9,X, ,X,높음
6/13/2023,양산시(257),X,29.5,29.4,24.2,20.9,77.5,X, ,X,매우높음
6/13/2023,강진군(259),X,28.7,30.2,23.7,18.8,69.5,X, ,X,높음
6/13/2023,장흥(260),X,28.4,29.5,23.1,18.8,74.6,X, ,X,높음
6/13/2023,해남(261),X,,,,,,X, ,X,높음
6/13/2023,고흥(262),X,27.8,28.3,21.3,17.5,81.3,X, ,X,높음
6/13/2023,의령군(263),X,29.6,29.6,23.3,19.5,79.8,X, ,X,높음
6/13/2023,함양군(264),X,27.6,30.3,23.3,17.5,60.8,X, ,X,매우높음
6/13/2023,진도군ASOS(268),X,27,26.7,21.2,16.1,80,X, ,X,매우높음
6/13/2023,봉화(271),X,25.5,26.1,18.4,15.1,85.6,X, ,X,매우높음
6/13/2023,영주(272),X,26.1,25.2,19.1,15.3,87.6,X, ,X,매우높음
6/13/2023,문경(273),X,27.9,28.8,21.8,16.4,72.4,X, ,X,매우높음
6/13/2023,청송군(276),X,28.2,29.7,21.5,15.5,79.6,X, ,X,매우높음
6/13/2023,영덕(277),X,26,24.6,20.3,15.9,84.9,X, ,X,높음
6/13/2023,의성(278),X,28.1,29.8,22.6,16.7,72.4,X, ,X,매우높음
6/13/2023,구미(279),X,28.5,29.8,23.6,17.8,63.4,X, ,X,매우높음
6/13/2023,영천(281),X,27.9,28.8,22.5,18.4,79.1,X, ,X,보통
6/13/2023,경주시(283),X,29.2,29.3,23.4,19.4,74.3,X, ,X,보통
6/13/2023,거창(284),X,27.5,,22.5,,69.5,X, ,X,매우높음
6/13/2023,합천(285),X,28.4,29.2,22.7,18.2,76.5,X, ,X,높음
6/13/2023,밀양(288),X,28.7,29.6,22.6,19.1,73,X, ,X,매우높음
6/13/2023,산청(289),X,28.8,28.5,23,18.6,77.9,X, ,X,매우높음
6/13/2023,거제(294),X,28.5,27.7,22.4,19.5,78.6,X, ,X,매우높음
6/13/2023,남해(295),X,27.9,27.3,22.6,19.2,78.5,X, ,X,매우높음
6/13/2023,부천(433),X,23.9,23.8,20.2,17.3,64,X, ,X,매우높음
6/13/2023,안양(434),X,,25.4,21.9,19.3,,X, ,X,매우높음
6/13/2023,광명(437),X,26.3,26.5,22.5,18.9,63,X, ,X,매우높음
6/13/2023,군포(438),X,26,26.8,22.1,18.4,64,X, ,X,매우높음
6/13/2023,김포(441),X,,24.7,20.9,17.7,,X, ,X,매우높음
6/13/2023,하남(444),X,26.8,27.8,21.2,16.4,65,X, ,X,높음
6/13/2023,의왕(445),X,25.6,25.7,20.4,16.2,74,X, ,X,매우높음
6/13/2023,포천(504),X,26.9,26.8,20.7,16.4,76,X, ,X,높음
6/13/2023,가평조종(505),X,26.4,26.4,20.3,15.2,78,X, ,X,높음
6/13/2023,안성(516),X,26.9,27.6,21.6,17.4,70,X, ,X,매우높음
6/13/2023,간성(517),X,24.7,22.2,18.1,14.8,93,X, ,X,낮음
6/13/2023,평창(526),X,26.6,28.3,21.5,15.2,60,X, ,X,낮음
6/13/2023,의정부(532),X,27.5,26.5,20.8,16.7,84,X, ,X,높음
6/13/2023,횡성(536),X,26.6,27.8,21.7,16.7,67,X, ,X,낮음
6/13/2023,고양(540),X,,,,,,X, ,X,높음
6/13/2023,남양주(541),X,27.9,28.1,22,17.4,70,X, ,X,높음
6/13/2023,안산(545),X,26,25.3,20,14.4,80,X, ,X,매우높음
6/13/2023,경기광주(546),X,25.8,27.3,21.2,16.4,62,X, ,X,매우높음
6/13/2023,여주(548),X,26.6,27.5,21.8,17.7,67,X, ,X,매우높음
6/13/2023,용인(549),X,25.6,26.7,20.8,16.3,66,X, ,X,매우높음
6/13/2023,오산(550),X,27.8,28.6,21.5,16.6,72,X, ,X,매우높음
6/13/2023,평택(551),X,27.5,27.8,21.9,18,72,X, ,X,매우높음
6/13/2023,화천(555),X,27.1,26.2,18.6,15.7,90,X, ,X,낮음
6/13/2023,양구(556),X,26.3,27.1,19.3,14.8,77,X, ,X,낮음
6/13/2023,시흥(565),X,25.5,25.1,20.6,16.3,77,X, ,X,매우높음
6/13/2023,구리(569),X,27.1,28.1,22,18,65,X, ,X,높음
6/13/2023,화성(571),X,26.1,26.2,20.8,16.9,76,X, ,X,매우높음
6/13/2023,성남(572),X,25.5,26.6,22.4,18.4,56,X, ,X,매우높음
6/13/2023,과천(590),X,27.1,27.1,21.7,16.7,72,X, ,X,높음
6/13/2023,양주(598),X,26.4,26.7,20.7,16,76,X, ,X,높음
6/13/2023,단양(601),X,27.6,30,22.3,16.3,67,X, ,X,매우높음
6/13/2023,진천(602),X,26.9,28.3,22.8,18.5,64,X, ,X,매우높음
6/13/2023,괴산(603),X,27.3,28.3,20.4,15.6,79,X, ,X,매우높음
6/13/2023,옥천(604),X,28.1,29.9,23.4,17.9,67,X, ,X,매우높음
6/13/2023,홍북(608),X,27.7,28.3,21.1,15.9,72,X, ,X,매우높음
6/13/2023,공주(612),X,27.2,28.2,21.9,17.2,69,X, ,X,매우높음
6/13/2023,서천(614),X,25.9,24.9,20.7,15.9,77,X, ,X,매우높음
6/13/2023,논산(615),X,28,29,22.8,19.2,67,X, ,X,매우높음
6/13/2023,당진(616),X,26.8,26.4,21.1,16.7,77,X, ,X,매우높음
6/13/2023,청양(618),X,27.5,28.2,20.5,14.2,76,X, ,X,매우높음
6/13/2023,음성(619),X,26.4,27.3,21,16,71,X, ,X,매우높음
6/13/2023,증평(623),X,27.3,28.4,22.1,17.1,73,X, ,X,매우높음
6/13/2023,태안(627),X,26.3,25,20.3,15.2,81,X, ,X,매우높음
6/13/2023,예산(628),X,27.2,27.3,21.5,17.4,74,X, ,X,매우높음
6/13/2023,아산(634),X,26.5,26.5,21,17.3,76,X, ,X,매우높음
6/13/2023,계룡(636),X,26.7,27.9,20.8,14.7,73,X, ,X,매우높음
6/13/2023,연천청산(652),X,26.3,26.4,20.2,15.6,78,X, ,X,높음
6/13/2023,양양(670),X,24.1,22.4,19.4,16.7,87,X, ,X,낮음
6/13/2023,무안(699),X,27.3,27.8,21.7,16.7,77,X, ,X,높음
6/13/2023,무주(701),X,26.9,28.4,21.7,16.3,67,X, ,X,매우높음
6/13/2023,익산(702),X,27.2,27.6,22.1,18,69,X, ,X,매우높음
6/13/2023,진안(703),X,25.9,26.5,20.6,15.2,71,X, ,X,높음
6/13/2023,담양(706),X,29,30.2,23.2,17.7,75,X, ,X,높음
6/13/2023,구례(709),X,28.3,29.8,23.8,18.6,69,X, ,X,매우높음
6/13/2023,나주(710),X,28.8,28.5,22.4,17.3,74,X, ,X,높음
6/13/2023,순천시(712),X,29.2,28.6,23.6,19.6,77,X, ,X,높음
6/13/2023,광양읍(713),X,29.2,29.7,24.1,19.1,75,X, ,X,높음
6/13/2023,장성(730),X,27.8,28.6,21.8,16,73,X, ,X,높음
6/13/2023,영암(731),X,28.3,28.9,23.3,19.1,72,X, ,X,매우높음
6/13/2023,보성(732),X,27.5,28,21.5,16.9,77,X, ,X,높음
6/13/2023,완주(734),X,28.2,28.6,21.5,15.4,73,X, ,X,매우높음
6/13/2023,김제(737),X,27.8,27.6,21.7,17.8,77,X, ,X,매우높음
6/13/2023,화순(741),X,28.2,29.8,22.8,17.4,67,X, ,X,높음
6/13/2023,함평(754),X,27.5,27.8,21.7,16.1,76,X, ,X,높음
6/13/2023,곡성(768),X,28.4,30.1,22.9,16.7,68,X, ,X,높음
6/13/2023,압해도(789),X,26.8,25.4,21.4,18.1,86,X, ,X,높음
6/13/2023,영양(801),X,27.8,28.1,21,16.8,85,X, ,X,매우높음
6/13/2023,성주(810),X,28.9,30.5,23.2,17.5,71,X, ,X,매우높음
6/13/2023,고령(812),X,27.7,28.6,21.6,17.3,86,X, ,X,높음
6/13/2023,청도(813),X,28.4,28.7,21.8,17.8,79,X, ,X,매우높음
6/13/2023,예천(815),X,27.6,28.8,21.1,16.9,76,X, ,X,매우높음
6/13/2023,김천(822),X,28.7,29.8,22.1,15.7,73,X, ,X,매우높음
6/13/2023,군위(823),X,28.6,29.5,22.7,17,75,X, ,X,매우높음
6/13/2023,칠곡(825),X,28.8,29.4,23.3,18.3,80,X, ,X,매우높음
6/13/2023,경산(827),X,28.5,29.3,23,17.8,73,X, ,X,매우높음
6/13/2023,삼척(876),X,26.9,26.2,20.2,17.2,84,X, ,X,낮음
6/13/2023,속초(90),X,26.1,24.3,18.9,15.6,90.8,X, ,X,낮음
6/13/2023,삼천포(907),X,27.2,25.7,22.3,18.8,85,X, ,X,높음
6/13/2023,고성(918),X,27.3,25.9,22.6,19.6,84,X, ,X,높음
6/13/2023,창녕(919),X,29.3,30,23,18.9,80,X, ,X,매우높음
6/13/2023,함안(920),X,28.9,28.6,22.8,19.5,83,X, ,X,매우높음
6/13/2023,북춘천(93),X,26.7,27.5,20.6,16.4,76.8,X, ,X,낮음
6/13/2023,하동(932),X,29.2,29,23.6,19.9,77,X, ,X,높음
6/13/2023,철원(95),X,25.7,25.9,19.6,15.3,80.4,X, ,X,낮음
6/13/2023,동두천(98),X,26.6,26,20.5,16,78.6,X, ,X,높음
6/13/2023,파주(99),X,26,25.1,19.9,16.5,84.3,X, ,X,높음
6/14/2023,북강릉(104),X,23.3,21.8,18.2,14.7,84.4,X, ,X,낮음
6/14/2023,동해(106),X,23.8,21.8,18.6,16.2,93.5,X, ,X,낮음
6/14/2023,서울(108),X,25.2,25,20.6,17.5,80.3,X, ,X,높음
6/14/2023,인천(112),X,24.7,24,20.5,17.5,76,X, ,X,매우높음
6/14/2023,원주(114),X,25.7,27.2,21.6,16,61.6,X, ,X,낮음
6/14/2023,울릉도(115),X,26,24.5,20.9,17.7,84.9,X, ,X,보통
6/14/2023,수원(119),X,26,26.5,20.8,17.2,74.3,X, ,X,매우높음
6/14/2023,영월(121),X,27.4,28.4,19,13.9,80.5,X, ,X,낮음
6/14/2023,충주(127),X,26.9,27.8,20.4,15,73.1,X, ,X,매우높음
6/14/2023,서산(129),X,26.1,26.3,20.2,16.1,75.1,X, ,X,매우높음
6/14/2023,울진(130),X,23.8,22.6,18.9,16.7,86.6,X, ,X,매우높음
6/14/2023,청주(131),X,27.4,28.7,23.2,18.5,60,X, ,X,매우높음
6/14/2023,대전(133),X,26.8,28.6,22.6,17.2,60.8,X, ,X,매우높음
6/14/2023,추풍령(135),X,26.2,26.3,19.6,13.8,75.8,X, ,X,매우높음
6/14/2023,안동(136),X,27.7,28.5,20.7,15.6,77.5,X, ,X,매우높음
6/14/2023,상주(137),X,28.2,28.7,20.3,16.1,79.8,X, ,X,매우높음
6/14/2023,포항(138),X,24.6,22.9,20.4,18.1,82,X, ,X,매우높음
6/14/2023,군산(140),X,25,24.9,20.4,17,77.8,X, ,X,매우높음
6/14/2023,대구(143),X,27.1,28.7,21.2,16.7,73.8,X, ,X,매우높음
6/14/2023,전주(146),X,27,27.6,22,17.6,66,X, ,X,매우높음
6/14/2023,울산(152),X,26.5,25.7,20.4,16.9,84.8,X, ,X,매우높음
6/14/2023,창원(155),X,28.1,28.3,21.8,15.7,77.3,X, ,X,매우높음
6/14/2023,광주(156),X,28.4,29.1,22.8,18.2,69.8,X, ,X,매우높음
6/14/2023,부산(159),X,26.8,25.8,22.5,20.2,71.5,X, ,X,매우높음
6/14/2023,통영(162),X,27,26,21.7,18.9,83.5,X, ,X,매우높음
6/14/2023,목포(165),X,26.8,26.5,21.8,18.2,76.5,X, ,X,매우높음
6/14/2023,여수(168),X,27.4,26.3,22.7,19.8,74.9,X, ,X,매우높음
6/14/2023,흑산도(169),X,25.6,24.1,20.2,17.1,87.9,X, ,X,높음
6/14/2023,완도(170),X,28.7,28.8,,18.7,,X, ,X,매우높음
6/14/2023,고창(172),X,25.9,27.2,21,16.7,66.4,X, ,X,매우높음
6/14/2023,제주(184),X,26.9,26.5,22.7,19.9,70.5,X, ,X,매우높음
6/14/2023,진주(192),X,28.2,28.4,21.1,16.5,80.8,X, ,X,매우높음
6/14/2023,양평(202),X,26.2,26.4,21.1,15.5,69.6,X, ,X,매우높음
6/14/2023,이천(203),X,27.5,28.3,21.4,15,72.9,X, ,X,매우높음
6/14/2023,인제(211),X,26.6,27.4,19.3,14.7,77.1,X, ,X,낮음
6/14/2023,홍천(212),X,26.8,28.1,20.1,15.5,73.6,X, ,X,낮음
6/14/2023,태백(216),X,23.8,23.7,15.6,11.5,86.5,X, ,X,낮음
6/14/2023,정선군(217),X,27.6,28.3,19.1,13.7,73.8,X, ,X,낮음
6/14/2023,제천(221),X,26.1,27.1,19.8,13.5,76.6,X, ,X,매우높음
6/14/2023,보은(226),X,26.5,27,19.9,15.3,79,X, ,X,매우높음
6/14/2023,천안(232),X,26.3,27.2,20.8,14.8,72.5,X, ,X,매우높음
6/14/2023,보령(235),X,26.1,26,20.2,16.6,79.8,X, ,X,매우높음
6/14/2023,부여(236),X,27.2,28.2,21.3,16.1,72.1,X, ,X,매우높음
6/14/2023,금산(238),X,27,27.9,21.1,15,66.4,X, ,X,매우높음
6/14/2023,세종(239),X,27.1,27.7,21.7,16.2,69.4,X, ,X,높음
6/14/2023,부안(243),X,26.1,26.2,21.1,17.4,77,X, ,X,매우높음
6/14/2023,임실(244),X,26.7,27.5,20.2,15.2,72.5,X, ,X,매우높음
6/14/2023,정읍(245),X,27.5,27.8,21.3,16,69.3,X, ,X,매우높음
6/14/2023,남원(247),X,27.6,28.8,20.8,15.9,74.9,X, ,X,매우높음
6/14/2023,장수(248),X,25.6,26.4,18.6,13.2,79,X, ,X,매우높음
6/14/2023,영광군(252),X,26.4,26.9,21,16.7,75.3,X, ,X,매우높음
6/14/2023,김해시(253),X,28.9,27.8,22.1,17.2,81.5,X, ,X,매우높음
6/14/2023,순창군(254),X,27.5,28.6,20.9,15.5,74.6,X, ,X,매우높음
6/14/2023,양산시(257),X,29.8,30,23,19,78,X, ,X,매우높음
6/14/2023,강진군(259),X,28.7,29.5,23.3,17.2,67.5,X, ,X,매우높음
6/14/2023,장흥(260),X,28,29.1,22.2,16.8,72.6,X, ,X,매우높음
6/14/2023,해남(261),X,,,,,,X, ,X,매우높음
6/14/2023,고흥(262),X,27.1,27.8,21.4,15.8,72.6,X, ,X,매우높음
6/14/2023,의령군(263),X,28.4,29.7,21,17.7,84,X, ,X,매우높음
6/14/2023,함양군(264),X,27.6,29.7,20.3,14.9,75,X, ,X,매우높음
6/14/2023,진도군ASOS(268),X,27.1,27.6,21.5,16.3,77.3,X, ,X,매우높음
6/14/2023,봉화(271),X,25.2,25.8,17.6,12.3,85.4,X, ,X,매우높음
6/14/2023,영주(272),X,25.7,26,19.2,13.6,81,X, ,X,매우높음
6/14/2023,문경(273),X,26.8,26.9,19.6,14.8,83.9,X, ,X,매우높음
6/14/2023,청송군(276),X,27.5,27.7,19.2,15.2,87.6,X, ,X,매우높음
6/14/2023,영덕(277),X,25,23.6,19,16.5,89,X, ,X,매우높음
6/14/2023,의성(278),X,27.8,29.1,20.3,14.7,79.4,X, ,X,매우높음
6/14/2023,구미(279),X,26.5,27,20.6,16.9,77.5,X, ,X,매우높음
6/14/2023,영천(281),X,27.8,28.7,20,16,84,X, ,X,매우높음
6/14/2023,경주시(283),X,28.4,28.9,20.8,16.9,79.9,X, ,X,매우높음
6/14/2023,거창(284),X,27.2,27.7,18.9,14.3,82.1,X, ,X,매우높음
6/14/2023,합천(285),X,27.1,28.4,20.5,16.4,81,X, ,X,매우높음
6/14/2023,밀양(288),X,28.2,30.1,21.5,17.6,72.6,X, ,X,매우높음
6/14/2023,산청(289),X,27,27.2,19.4,15.9,85.5,X, ,X,매우높음
6/14/2023,거제(294),X,28.1,27.8,22.1,18.3,80,X, ,X,매우높음
6/14/2023,남해(295),X,27.9,27.9,22.3,19.1,75.4,X, ,X,매우높음
6/14/2023,부천(433),X,24.7,25.2,20.4,16.5,67,X, ,X,매우높음
6/14/2023,안양(434),X,22.4,25.4,21.1,18.4,,X, ,X,높음
6/14/2023,광명(437),X,26.5,26.2,22.1,18.6,69,X, ,X,높음
6/14/2023,군포(438),X,26.5,27.3,21.8,17.9,65,X, ,X,매우높음
6/14/2023,김포(441),X,,26.3,21.5,17.1,,X, ,X,높음
6/14/2023,하남(444),X,25.8,26,19.7,14.3,70,X, ,X,매우높음
6/14/2023,의왕(445),X,26.1,26,20.3,15.3,75,X, ,X,매우높음
6/14/2023,포천(504),X,26.2,26.6,19.8,14.2,77,X, ,X,매우높음
6/14/2023,가평조종(505),X,26.3,26.4,19.1,13,81,X, ,X,매우높음
6/14/2023,안성(516),X,26.5,27.5,21.3,16.3,72,X, ,X,매우높음
6/14/2023,간성(517),X,24,22.2,18.4,13.4,86,X, ,X,낮음
6/14/2023,평창(526),X,26,28.5,19.3,13.3,69,X, ,X,낮음
6/14/2023,의정부(532),X,26.9,26.2,20.2,15,86,X, ,X,높음
6/14/2023,횡성(536),X,26.5,27.9,21,14.3,66,X, ,X,낮음
6/14/2023,고양(540),X,27.1,,,,,X, ,X,높음
6/14/2023,남양주(541),X,26.1,26.4,20.4,14.9,75,X, ,X,매우높음
6/14/2023,안산(545),X,26.5,26,20,14.4,79,X, ,X,매우높음
6/14/2023,경기광주(546),X,25.2,26.3,20,14.2,67,X, ,X,매우높음
6/14/2023,여주(548),X,26.3,27.2,20.8,14.7,73,X, ,X,매우높음
6/14/2023,용인(549),X,25.8,26.7,20.6,14.7,67,X, ,X,매우높음
6/14/2023,오산(550),X,27.3,28.2,21,15.7,74,X, ,X,매우높음
6/14/2023,평택(551),X,26.7,28.3,21.7,17.4,73,X, ,X,매우높음
6/14/2023,화천(555),X,27.1,27,19.1,14.2,85,X, ,X,낮음
6/14/2023,양구(556),X,26.3,27.1,19.6,14,72,X, ,X,낮음
6/14/2023,시흥(565),X,25.8,25.5,20.9,15.8,76,X, ,X,매우높음
6/14/2023,구리(569),X,25.5,26.4,21.2,15.8,67,X, ,X,높음
6/14/2023,화성(571),X,26.4,27.1,20.8,15.8,74,X, ,X,매우높음
6/14/2023,성남(572),X,25.4,26.3,21.1,16.2,63,X, ,X,매우높음
6/14/2023,과천(590),X,26.1,25.5,20.1,15.1,81,X, ,X,높음
6/14/2023,양주(598),X,26.8,26.6,19.7,14.5,84,X, ,X,높음
6/14/2023,단양(601),X,26.4,27.5,20.1,15.2,76,X, ,X,매우높음
6/14/2023,진천(602),X,27.2,28.3,21.8,16.1,64,X, ,X,매우높음
6/14/2023,괴산(603),X,26.8,27.5,19.8,15,80,X, ,X,매우높음
6/14/2023,옥천(604),X,27.9,29.5,22.6,17,69,X, ,X,매우높음
6/14/2023,홍북(608),X,27.8,28.8,20.3,14.5,75,X, ,X,매우높음
6/14/2023,공주(612),X,27.4,28.4,21.8,15.9,69,X, ,X,높음
6/14/2023,서천(614),X,25.5,25.2,19.9,16.1,80,X, ,X,매우높음
6/14/2023,논산(615),X,27.2,28.2,21.8,16.7,68,X, ,X,매우높음
6/14/2023,당진(616),X,26.8,27,20.3,15.8,78,X, ,X,매우높음
6/14/2023,청양(618),X,26.8,27.6,19.7,14.4,77,X, ,X,매우높음
6/14/2023,음성(619),X,26.6,27,19.2,14.6,82,X, ,X,매우높음
6/14/2023,증평(623),X,26.9,27.6,21.4,15.7,74,X, ,X,매우높음
6/14/2023,태안(627),X,27.2,27.2,20.1,15.9,81,X, ,X,매우높음
6/14/2023,예산(628),X,27.3,27.9,20.6,16.4,78,X, ,X,매우높음
6/14/2023,아산(634),X,26.3,26.6,20.7,16.7,77,X, ,X,매우높음
6/14/2023,계룡(636),X,26.6,27.6,20,13.6,73,X, ,X,높음
6/14/2023,연천청산(652),X,26.3,27,19.6,14.1,77,X, ,X,매우높음
6/14/2023,양양(670),X,23.2,21.9,19.1,14.9,82,X, ,X,낮음
6/14/2023,무안(699),X,27,27.3,21.1,16,76,X, ,X,매우높음
6/14/2023,무주(701),X,26.4,27.1,20.4,13.8,71,X, ,X,매우높음
6/14/2023,익산(702),X,26.3,26.8,21.6,17.8,68,X, ,X,매우높음
6/14/2023,진안(703),X,25.6,26.1,19.2,12.9,74,X, ,X,매우높음
6/14/2023,담양(706),X,29.2,29.8,22.3,16.3,75,X, ,X,매우높음
6/14/2023,구례(709),X,28.3,28.9,21.6,16.8,80,X, ,X,매우높음
6/14/2023,나주(710),X,28.1,28.8,21.9,16.2,75,X, ,X,매우높음
6/14/2023,순천시(712),X,28.5,29,23.2,18.4,71,X, ,X,매우높음
6/14/2023,광양읍(713),X,28.8,30.5,23.2,17,70,X, ,X,매우높음
6/14/2023,장성(730),X,27.4,28.4,21.6,15.7,67,X, ,X,매우높음
6/14/2023,영암(731),X,28.2,28.4,22.5,17,74,X, ,X,매우높음
6/14/2023,보성(732),X,26.5,27,20.3,15.3,76,X, ,X,매우높음
6/14/2023,완주(734),X,27.9,28.1,20.9,14.9,74,X, ,X,매우높음
6/14/2023,김제(737),X,27.2,27.1,21.6,17.8,76,X, ,X,매우높음
6/14/2023,화순(741),X,28.3,29.5,21.6,15.6,69,X, ,X,매우높음
6/14/2023,함평(754),X,27.4,27.9,21.4,15.8,75,X, ,X,매우높음
6/14/2023,곡성(768),X,28.8,29.5,20.3,14.8,77,X, ,X,매우높음
6/14/2023,압해도(789),X,27.8,26.9,21.5,17.5,85,X, ,X,매우높음
6/14/2023,영양(801),X,28.5,27.4,19,15.3,87,X, ,X,매우높음
6/14/2023,성주(810),X,27.9,29.7,20.2,15.9,82,X, ,X,매우높음
6/14/2023,고령(812),X,27.4,28.9,20.8,16.7,80,X, ,X,매우높음
6/14/2023,청도(813),X,27.1,28,20.7,16.3,80,X, ,X,매우높음
6/14/2023,예천(815),X,27.4,28.5,20.5,14.8,73,X, ,X,매우높음
6/14/2023,김천(822),X,27.7,27.9,19,13.3,87,X, ,X,매우높음
6/14/2023,군위(823),X,27.8,28.7,20.8,15.8,81,X, ,X,매우높음
6/14/2023,칠곡(825),X,27.5,27.6,21.2,17.7,84,X, ,X,매우높음
6/14/2023,경산(827),X,28.5,29.8,21.2,16.4,76,X, ,X,매우높음
6/14/2023,삼척(876),X,24.8,23.5,19,16.5,83,X, ,X,낮음
6/14/2023,속초(90),X,24.1,22.5,18.6,13.9,86.1,X, ,X,낮음
6/14/2023,삼천포(907),X,27.5,26.7,22,18.6,82,X, ,X,매우높음
6/14/2023,고성(918),X,28,27.2,22.1,17.7,83,X, ,X,매우높음
6/14/2023,창녕(919),X,27.9,28.2,21.4,17.7,84,X, ,X,매우높음
6/14/2023,함안(920),X,28.5,28.6,20.3,17,89,X, ,X,매우높음
6/14/2023,북춘천(93),X,26.9,28,20,13.9,77.8,X, ,X,낮음
6/14/2023,하동(932),X,28.1,29.2,21.8,17.6,77,X, ,X,매우높음
6/14/2023,철원(95),X,26.2,26.3,19.7,13.2,75.8,X, ,X,낮음
6/14/2023,동두천(98),X,27,26.8,19.5,14,80.5,X, ,X,매우높음
6/14/2023,파주(99),X,27.4,27,19.9,14.7,83.9,X, ,X,높음
6/15/2023,북강릉(104),X,24,22.5,19.2,16.4,86.3,X, ,X,낮음
6/15/2023,동해(106),X,25.4,23.5,19.5,16,92,X, ,X,낮음
6/15/2023,서울(108),X,28.2,28.3,22.7,17.7,70.8,X, ,X,높음
6/15/2023,인천(112),X,25.5,24.3,20.8,17.7,78,X, ,X,높음
6/15/2023,원주(114),X,26,26.7,21.6,16.8,66.4,X, ,X,낮음
6/15/2023,울릉도(115),X,25.2,23,20.4,17.9,88.6,X, ,X,높음
6/15/2023,수원(119),X,27.1,26.7,21.1,16.1,75,X, ,X,높음
6/15/2023,영월(121),X,25.9,26.2,18.4,16.2,86.8,X, ,X,낮음
6/15/2023,충주(127),X,26,26,20,14.8,79.3,X, ,X,보통
6/15/2023,서산(129),X,27.4,27.5,20.7,14.4,75.8,X, ,X,높음
6/15/2023,울진(130),X,24.7,23.2,19.2,14.9,87.8,X, ,X,높음
6/15/2023,청주(131),X,27.6,28.8,23.4,18.6,59.3,X, ,X,매우높음
6/15/2023,대전(133),X,27.2,28.5,22.3,16.6,63.9,X, ,X,매우높음
6/15/2023,추풍령(135),X,25.6,26.4,19.7,14.6,74,X, ,X,매우높음
6/15/2023,안동(136),X,26.1,25.8,19.1,15.6,83.6,X, ,X,높음
6/15/2023,상주(137),X,28.3,28.2,21.2,17.1,79,X, ,X,매우높음
6/15/2023,포항(138),X,24.4,23.2,20,15.8,80.1,X, ,X,보통
6/15/2023,군산(140),X,25,24.6,20.8,16.3,75.6,X, ,X,매우높음
6/15/2023,대구(143),X,27,28.7,20.9,16.2,74,X, ,X,매우높음
6/15/2023,전주(146),X,27.1,28,21.8,16.8,67,X, ,X,매우높음
6/15/2023,울산(152),X,25.3,24.7,19.5,14.9,82.4,X, ,X,매우높음
6/15/2023,창원(155),X,26.5,26.1,20.4,16,80.1,X, ,X,높음
6/15/2023,광주(156),X,28.3,29.3,22.8,17.6,66.9,X, ,X,매우높음
6/15/2023,부산(159),X,26.6,26,21.8,18.2,70.9,X, ,X,높음
6/15/2023,통영(162),X,26,24.8,21.4,17.7,81.4,X, ,X,매우높음
6/15/2023,목포(165),X,25.9,26.1,21.5,18.1,74.9,X, ,X,매우높음
6/15/2023,여수(168),X,27,26,21.5,19.3,80.9,X, ,X,매우높음
6/15/2023,흑산도(169),X,25.2,23.7,19.9,17,85.8,X, ,X,매우높음
6/15/2023,완도(170),X,28.4,29.1,,18.6,,X, ,X,매우높음
6/15/2023,고창(172),X,25.8,26.9,21.1,15.6,65,X, ,X,매우높음
6/15/2023,제주(184),X,26.5,26.1,22.3,19.2,68.8,X, ,X,매우높음
6/15/2023,진주(192),X,27.2,26.8,20.6,15.3,83.9,X, ,X,보통
6/15/2023,양평(202),X,27.4,28.2,22.2,16.2,68.4,X, ,X,높음
6/15/2023,이천(203),X,27.9,27.7,21.6,15.8,75.1,X, ,X,높음
6/15/2023,인제(211),X,26.4,26.8,19.8,15.6,76.3,X, ,X,낮음
6/15/2023,홍천(212),X,26.6,27.8,21.1,15.8,71.5,X, ,X,낮음
6/15/2023,태백(216),X,22.7,22,15.2,10.9,88,X, ,X,낮음
6/15/2023,정선군(217),X,26.2,26.4,18.5,15.6,81.8,X, ,X,낮음
6/15/2023,제천(221),X,25.1,24.3,18.8,15.2,86.3,X, ,X,보통
6/15/2023,보은(226),X,26.4,26.3,19.7,14.5,83,X, ,X,매우높음
6/15/2023,천안(232),X,26.6,26.9,21.3,14.7,71.3,X, ,X,높음
6/15/2023,보령(235),X,25.9,25.6,20.1,15.6,78.5,X, ,X,매우높음
6/15/2023,부여(236),X,28,28.6,21.3,15.5,74.1,X, ,X,매우높음
6/15/2023,금산(238),X,26.7,27.6,20.6,13.1,69.6,X, ,X,매우높음
6/15/2023,세종(239),X,27,27.9,21.8,15.5,69.4,X, ,X,매우높음
6/15/2023,부안(243),X,26.2,26.6,21.1,16,75.8,X, ,X,매우높음
6/15/2023,임실(244),X,26,26.9,20.3,13.7,71,X, ,X,매우높음
6/15/2023,정읍(245),X,27,27.9,21.4,15.1,70,X, ,X,매우높음
6/15/2023,남원(247),X,26.9,28,21.5,14.9,67.6,X, ,X,매우높음
6/15/2023,장수(248),X,24.8,25.3,18.8,12,75.5,X, ,X,매우높음
6/15/2023,영광군(252),X,25.8,26.2,20.9,16.1,72.9,X, ,X,매우높음
6/15/2023,김해시(253),X,28.6,27.5,20.9,16.1,82.9,X, ,X,높음
6/15/2023,순창군(254),X,26.7,28.1,21.1,14.6,71.1,X, ,X,매우높음
6/15/2023,양산시(257),X,28.3,28.2,21.8,16.5,78.3,X, ,X,높음
6/15/2023,강진군(259),X,27.9,29.5,22.8,16.5,67,X, ,X,높음
6/15/2023,장흥(260),X,27.8,29.3,22.6,16,64.4,X, ,X,높음
6/15/2023,해남(261),X,,,,,,X, ,X,매우높음
6/15/2023,고흥(262),X,26.8,27.7,20.6,15.3,76.1,X, ,X,높음
6/15/2023,의령군(263),X,27.6,27.7,21.5,17.1,79.3,X, ,X,보통
6/15/2023,함양군(264),X,27.1,28.9,21.5,16.4,70.3,X, ,X,보통
6/15/2023,진도군ASOS(268),X,26.6,26.3,20.9,15.9,77.1,X, ,X,매우높음
6/15/2023,봉화(271),X,24.1,23.5,17,13.8,87.5,X, ,X,높음
6/15/2023,영주(272),X,24.3,23,17.1,13.3,92.8,X, ,X,높음
6/15/2023,문경(273),X,26.1,24.8,19.4,15.5,88,X, ,X,높음
6/15/2023,청송군(276),X,27,26.9,18,14.4,85.5,X, ,X,보통
6/15/2023,영덕(277),X,25.2,24.2,18.9,14.3,88.3,X, ,X,높음
6/15/2023,의성(278),X,26.7,26.9,19.1,14.9,84.8,X, ,X,매우높음
6/15/2023,구미(279),X,27.1,28.1,20.8,16.2,80.4,X, ,X,매우높음
6/15/2023,영천(281),X,26.3,27.1,19.1,15.2,85.5,X, ,X,보통
6/15/2023,경주시(283),X,27.6,28.3,20.5,16.2,77.8,X, ,X,높음
6/15/2023,거창(284),X,26.6,27.3,19.2,14.9,84.1,X, ,X,매우높음
6/15/2023,합천(285),X,27,27.3,21.1,16.4,77.1,X, ,X,보통
6/15/2023,밀양(288),X,26.6,27.1,21.3,16.5,71,X, ,X,보통
6/15/2023,산청(289),X,27.8,26.9,20.9,16.6,80.9,X, ,X,높음
6/15/2023,거제(294),X,26.5,25.5,20.9,17.1,81,X, ,X,매우높음
6/15/2023,남해(295),X,26.3,24.9,21,18.6,83.3,X, ,X,매우높음
6/15/2023,부천(433),X,25.8,25.9,20.8,16.7,68,X, ,X,높음
6/15/2023,안양(434),X,22.6,27.5,22.1,18.2,,X, ,X,높음
6/15/2023,광명(437),X,27.7,27.9,22.6,18.7,68,X, ,X,높음
6/15/2023,군포(438),X,27.3,27.8,22.1,17.7,67,X, ,X,높음
6/15/2023,김포(441),X,,27.5,21.7,17.5,,X, ,X,높음
6/15/2023,하남(444),X,27.9,28.7,21.3,15.1,70,X, ,X,높음
6/15/2023,의왕(445),X,27,26.7,20.5,14.8,77,X, ,X,높음
6/15/2023,포천(504),X,28.3,29.1,22,15.4,71,X, ,X,높음
6/15/2023,가평조종(505),X,27.8,28.5,21.3,14.4,75,X, ,X,높음
6/15/2023,안성(516),X,27.1,27.2,21,15.8,80,X, ,X,높음
6/15/2023,간성(517),X,24.5,22.4,19.1,16.3,87,X, ,X,낮음
6/15/2023,평창(526),X,25.7,26.4,18.9,14.7,77,X, ,X,낮음
6/15/2023,의정부(532),X,28.5,28.3,21.8,16,82,X, ,X,높음
6/15/2023,횡성(536),X,26.9,27.8,21.1,14.8,71,X, ,X,낮음
6/15/2023,고양(540),X,29.6,30.1,22.1,15.9,76,X, ,X,높음
6/15/2023,남양주(541),X,29.1,29.7,22.2,15.9,71,X, ,X,높음
6/15/2023,안산(545),X,27.2,26.9,19.9,13.3,81,X, ,X,높음
6/15/2023,경기광주(546),X,27,27.7,20.6,15,72,X, ,X,높음
6/15/2023,여주(548),X,27,26.6,21.1,15.6,73,X, ,X,높음
6/15/2023,용인(549),X,26.1,26.5,20.8,14.9,70,X, ,X,높음
6/15/2023,오산(550),X,27.8,27.4,21,14.4,77,X, ,X,높음
6/15/2023,평택(551),X,27.6,28.2,21.7,16.7,73,X, ,X,높음
6/15/2023,화천(555),X,28.1,27.9,20.4,15.4,85,X, ,X,낮음
6/15/2023,양구(556),X,26.8,28,20.1,14.7,73,X, ,X,낮음
6/15/2023,시흥(565),X,27.1,26.9,21.2,15.8,78,X, ,X,높음
6/15/2023,구리(569),X,28.8,30,22.5,16.9,63,X, ,X,높음
6/15/2023,화성(571),X,27.4,27.3,21.3,16.1,77,X, ,X,높음
6/15/2023,성남(572),X,26.5,27.3,22.2,16.7,61,X, ,X,높음
6/15/2023,과천(590),X,28.3,28.2,21.5,15.5,77,X, ,X,높음
6/15/2023,양주(598),X,28.1,28.4,21.6,16.2,77,X, ,X,높음
6/15/2023,단양(601),X,26.5,27.5,19.5,14.9,81,X, ,X,높음
6/15/2023,진천(602),X,26.8,27.5,22.3,16.3,64,X, ,X,높음
6/15/2023,괴산(603),X,26.4,26.6,19.6,15.5,82,X, ,X,높음
6/15/2023,옥천(604),X,27.6,28.6,21.7,15.7,74,X, ,X,매우높음
6/15/2023,홍북(608),X,28.5,28.9,20.3,13.6,75,X, ,X,높음
6/15/2023,공주(612),X,27.4,28.4,21.8,15.4,70,X, ,X,매우높음
6/15/2023,서천(614),X,25.5,24.4,20,15.7,81,X, ,X,매우높음
6/15/2023,논산(615),X,27.5,28.6,22.3,16.9,69,X, ,X,매우높음
6/15/2023,당진(616),X,27.7,27.9,20.9,14.5,76,X, ,X,높음
6/15/2023,청양(618),X,27.7,27.4,20.1,13.2,77,X, ,X,매우높음
6/15/2023,음성(619),X,25.6,25.6,19.4,15,79,X, ,X,높음
6/15/2023,증평(623),X,26.9,27.2,21.9,15.7,71,X, ,X,매우높음
6/15/2023,태안(627),X,27.4,27.3,20.6,15.2,82,X, ,X,높음
6/15/2023,예산(628),X,27.2,27.4,21.6,15.7,74,X, ,X,높음
6/15/2023,아산(634),X,27,27.1,21.4,16.1,74,X, ,X,높음
6/15/2023,계룡(636),X,26.9,27.4,20.1,12.1,76,X, ,X,매우높음
6/15/2023,연천청산(652),X,27.6,28.5,21.6,15,73,X, ,X,매우높음
6/15/2023,양양(670),X,23.5,21.7,19.2,17.1,83,X, ,X,낮음
6/15/2023,무안(699),X,26.5,26.9,21,15.9,74,X, ,X,매우높음
6/15/2023,무주(701),X,26.3,27.9,19,12.8,77,X, ,X,매우높음
6/15/2023,익산(702),X,26.1,26.7,21.6,17,69,X, ,X,매우높음
6/15/2023,진안(703),X,25.3,25.8,19,11.9,74,X, ,X,매우높음
6/15/2023,담양(706),X,28.7,29.6,22.3,15.6,73,X, ,X,매우높음
6/15/2023,구례(709),X,27.9,28.9,22.6,17.4,74,X, ,X,보통
6/15/2023,나주(710),X,27.7,28.1,21.4,15.1,74,X, ,X,매우높음
6/15/2023,순천시(712),X,28.8,28.2,22.3,17.1,79,X, ,X,높음
6/15/2023,광양읍(713),X,29.3,29.7,21.9,16.8,80,X, ,X,높음
6/15/2023,장성(730),X,27.8,28.7,21,14.5,69,X, ,X,매우높음
6/15/2023,영암(731),X,27.8,28.3,22.1,16.3,73,X, ,X,매우높음
6/15/2023,보성(732),X,27,28,20.2,14.1,74,X, ,X,높음
6/15/2023,완주(734),X,27.4,27.9,20.7,14,75,X, ,X,매우높음
6/15/2023,김제(737),X,27.3,27,21.3,16.9,77,X, ,X,매우높음
6/15/2023,화순(741),X,27.3,29,21.8,14.6,65,X, ,X,매우높음
6/15/2023,함평(754),X,27.3,27.8,21.3,15.8,75,X, ,X,매우높음
6/15/2023,곡성(768),X,28.3,29.3,21.3,14.4,68,X, ,X,매우높음
6/15/2023,압해도(789),X,27.6,27.2,21.4,17.4,81,X, ,X,매우높음
6/15/2023,영양(801),X,26.6,26,17.9,15.2,93,X, ,X,보통
6/15/2023,성주(810),X,27.7,29.1,21.5,15.7,71,X, ,X,보통
6/15/2023,고령(812),X,27.1,27.6,20,16.5,89,X, ,X,보통
6/15/2023,청도(813),X,27.1,27.5,20.4,15.7,77,X, ,X,매우높음
6/15/2023,예천(815),X,26.1,25.9,19.3,15.1,81,X, ,X,보통
6/15/2023,김천(822),X,27.5,28.2,20.2,14.3,80,X, ,X,매우높음
6/15/2023,군위(823),X,27.2,27.1,19.9,15.7,82,X, ,X,매우높음
6/15/2023,칠곡(825),X,27.4,27.5,21.3,16.8,83,X, ,X,보통
6/15/2023,경산(827),X,27.7,29.1,20.5,15.5,76,X, ,X,보통
6/15/2023,삼척(876),X,25.2,24.2,20.3,16.9,81,X, ,X,낮음
6/15/2023,속초(90),X,25.3,23.3,19.5,17.1,86.9,X, ,X,낮음
6/15/2023,삼천포(907),X,26.8,25.9,21.2,18.5,83,X, ,X,높음
6/15/2023,고성(918),X,26.6,25.6,21.3,18.5,84,X, ,X,높음
6/15/2023,창녕(919),X,27.7,28.2,21.6,16.7,80,X, ,X,보통
6/15/2023,함안(920),X,27.4,27.1,20.8,16.9,82,X, ,X,보통
6/15/2023,북춘천(93),X,27.9,28.1,21.2,15.9,77,X, ,X,낮음
6/15/2023,하동(932),X,27.5,27,21.4,15.9,82,X, ,X,높음
6/15/2023,철원(95),X,27,27.7,21.6,14.9,71.9,X, ,X,낮음
6/15/2023,동두천(98),X,28.1,28.5,21.7,15.5,76.1,X, ,X,매우높음
6/15/2023,파주(99),X,28.4,27.6,21.4,16.1,81.5,X, ,X,높음
6/16/2023,북강릉(104),X,28.4,29.1,23.8,15.9,68.3,X, ,X,낮음
6/16/2023,동해(106),X,27.6,27.8,22.8,17,73.1,X, ,X,낮음
6/16/2023,서울(108),X,28.4,28.9,23.7,19.1,64.4,X, ,X,매우높음
6/16/2023,인천(112),X,26.2,25.7,21.7,18.4,69,X, ,X,매우높음
6/16/2023,원주(114),X,28.4,29.7,23.7,17.5,61.1,X, ,X,낮음
6/16/2023,울릉도(115),X,27.3,25.5,21.8,18,78.9,X, ,X,매우높음
6/16/2023,수원(119),X,27.2,28.4,22.1,16.9,69.4,X, ,X,매우높음
6/16/2023,영월(121),X,29.4,29.7,22.1,16.6,74.1,X, ,X,낮음
6/16/2023,충주(127),X,29.3,29.9,22.5,15,71.1,X, ,X,매우높음
6/16/2023,서산(129),X,28.8,29,21.8,15.5,70.1,X, ,X,매우높음
6/16/2023,울진(130),X,27.2,27,21.5,15.9,82.1,X, ,X,매우높음
6/16/2023,청주(131),X,29.6,31.6,25,18.7,54.6,X, ,X,매우높음
6/16/2023,대전(133),X,29.9,31.9,24.4,17,57.3,X, ,X,매우높음
6/16/2023,추풍령(135),X,28.4,29.6,22.3,15.2,67.1,X, ,X,매우높음
6/16/2023,안동(136),X,30.3,30.8,22.7,15.4,76,X,관심,X,매우높음
6/16/2023,상주(137),X,31.2,32.1,24.6,16.8,66.6,X, ,X,매우높음
6/16/2023,포항(138),X,29.7,30.6,24.9,18.4,63.6,X, ,X,매우높음
6/16/2023,군산(140),X,27.1,26.8,22.4,17.1,72.5,X, ,X,매우높음
6/16/2023,대구(143),X,30.3,32.5,25.3,17.2,60.9,X,관심,X,매우높음
6/16/2023,전주(146),X,29.8,30.7,23.4,17.4,65,X, ,X,매우높음
6/16/2023,울산(152),X,29.4,29.9,23.4,17.1,68.6,X, ,X,매우높음
6/16/2023,창원(155),X,30,30.5,23.9,18.6,66.1,X,관심,X,매우높음
6/16/2023,광주(156),X,30.3,32.4,24.3,17.5,69.9,X,관심,X,매우높음
6/16/2023,부산(159),X,28.3,28.2,23.6,19.7,63.1,X, ,X,매우높음
6/16/2023,통영(162),X,28,27.7,22.7,18.9,72.9,X, ,X,매우높음
6/16/2023,목포(165),X,27.6,27.6,22.3,18.4,76.4,X, ,X,매우높음
6/16/2023,여수(168),X,26.9,26.8,22.5,19.1,72,X, ,X,매우높음
6/16/2023,흑산도(169),X,25.5,25.7,20.3,17,79.8,X, ,X,매우높음
6/16/2023,완도(170),X,29,29.4,22.5,16.7,64.8,X, ,X,매우높음
6/16/2023,고창(172),X,28.1,28.7,22.1,15.5,65.5,X, ,X,매우높음
6/16/2023,제주(184),X,25.7,26,22.3,18.7,60.1,X, ,X,매우높음
6/16/2023,진주(192),X,30.3,31.4,23.9,18.2,69,X, ,X,매우높음
6/16/2023,양평(202),X,29,30.6,23.6,17.2,64.8,X,관심,X,매우높음
6/16/2023,이천(203),X,29.8,30.6,23.7,16.9,68.8,X, ,X,매우높음
6/16/2023,인제(211),X,29.6,30.6,23.3,16.2,71.3,X,관심,X,낮음
6/16/2023,홍천(212),X,29.5,30.6,23.3,16.6,67.9,X,관심,X,낮음
6/16/2023,태백(216),X,28.2,29,20.9,12.2,72.1,X, ,X,낮음
6/16/2023,정선군(217),X,30.9,31.7,22.4,16.3,74.3,X, ,X,낮음
6/16/2023,제천(221),X,29.1,29.4,22.1,15.7,77.1,X, ,X,매우높음
6/16/2023,보은(226),X,28.7,29.6,22.2,14.8,72.9,X, ,X,매우높음
6/16/2023,천안(232),X,28.6,29.8,22.4,14.6,70.5,X, ,X,매우높음
6/16/2023,보령(235),X,27.4,27.6,21.4,15.6,75.1,X, ,X,매우높음
6/16/2023,부여(236),X,29.8,31.2,23,15.6,71.4,X, ,X,매우높음
6/16/2023,금산(238),X,29.2,31,22.9,14.8,68.4,X, ,X,매우높음
6/16/2023,세종(239),X,29.9,31.3,23.6,16.3,63.8,X, ,X,매우높음
6/16/2023,부안(243),X,28.3,28,22.4,17.1,74,X, ,X,매우높음
6/16/2023,임실(244),X,29.2,30.2,22.6,14.3,70.4,X, ,X,매우높음
6/16/2023,정읍(245),X,29.7,31.1,22.9,15.6,69.1,X, ,X,매우높음
6/16/2023,남원(247),X,30.1,31.7,24.1,15.3,64.9,X, ,X,매우높음
6/16/2023,장수(248),X,28.6,29.6,21.4,13.1,71.9,X, ,X,매우높음
6/16/2023,영광군(252),X,28.6,28.2,21.9,15.6,77.3,X, ,X,매우높음
6/16/2023,김해시(253),X,30.7,31.1,24.4,18.5,71.1,X,관심,X,매우높음
6/16/2023,순창군(254),X,30.1,32.1,23.4,14.8,67.3,X, ,X,매우높음
6/16/2023,양산시(257),X,31.3,32.2,24.8,18.2,70.1,X, ,X,매우높음
6/16/2023,강진군(259),X,29.5,30.9,22.6,15.3,70.3,X, ,X,매우높음
6/16/2023,장흥(260),X,28.9,29.8,22.4,15,70.8,X, ,X,매우높음
6/16/2023,해남(261),X,,,,,,X, ,X,매우높음
6/16/2023,고흥(262),X,27.6,28.5,21.2,14.1,68.4,X, ,X,매우높음
6/16/2023,의령군(263),X,30.6,32.2,24.6,17.9,66,X, ,X,매우높음
6/16/2023,함양군(264),X,31.1,33,23.6,14.3,65.6,X,관심,X,매우높음
6/16/2023,진도군ASOS(268),X,28.7,28.8,21,14.3,77.6,X, ,X,매우높음
6/16/2023,봉화(271),X,28.5,28.8,20.8,14,78.3,X, ,X,매우높음
6/16/2023,영주(272),X,29.1,29.2,21.9,14.4,75.3,X,관심,X,매우높음
6/16/2023,문경(273),X,29.6,30.4,22.8,14.6,71.8,X, ,X,매우높음
6/16/2023,청송군(276),X,30.4,30.9,21.9,14.2,78.4,X, ,X,매우높음
6/16/2023,영덕(277),X,29.2,29.5,23.4,16.4,69,X, ,X,매우높음
6/16/2023,의성(278),X,30.3,31.3,22.2,14.3,77.6,X,관심,X,매우높음
6/16/2023,구미(279),X,30.1,31.4,24.2,16.7,65.5,X,관심,X,매우높음
6/16/2023,영천(281),X,29.7,30.9,23.2,14.6,73.4,X, ,X,매우높음
6/16/2023,경주시(283),X,31.1,32.7,24.7,16.5,67.8,X,관심,X,매우높음
6/16/2023,거창(284),X,30,31.4,22.5,15.2,72.4,X, ,X,매우높음
6/16/2023,합천(285),X,30.1,32.3,24.4,17,62.3,X,관심,X,매우높음
6/16/2023,밀양(288),X,30,31.8,24.5,17.6,63.6,X, ,X,매우높음
6/16/2023,산청(289),X,30.5,31.6,23.5,15.5,70.9,X,관심,X,매우높음
6/16/2023,거제(294),X,28.8,28.5,22.9,17.8,69.3,X, ,X,매우높음
6/16/2023,남해(295),X,28.6,29.5,22.8,18.3,71.3,X, ,X,매우높음
6/16/2023,부천(433),X,25.9,27.2,21.8,17.3,60,X, ,X,매우높음
6/16/2023,안양(434),X,23,27.9,23.4,18.8,,X, ,X,매우높음
6/16/2023,광명(437),X,28.6,29.9,24.1,18.9,58,X, ,X,매우높음
6/16/2023,군포(438),X,27.9,29.3,23.3,17.9,59,X, ,X,매우높음
6/16/2023,김포(441),X,,27.7,22.4,18.4,,X, ,X,매우높음
6/16/2023,하남(444),X,29.1,30.7,22.4,15.6,61,X, ,X,매우높음
6/16/2023,의왕(445),X,27.6,28.1,21.5,15.8,69,X, ,X,매우높음
6/16/2023,포천(504),X,29.3,30,23.1,16.5,68,X, ,X,매우높음
6/16/2023,가평조종(505),X,28.9,29.2,22.3,15.3,71,X, ,X,매우높음
6/16/2023,안성(516),X,28.6,29.8,22.3,15.6,72,X, ,X,매우높음
6/16/2023,간성(517),X,28.2,27.8,22.8,15.2,73,X, ,X,낮음
6/16/2023,평창(526),X,29.1,30.7,22.5,17.1,69,X, ,X,낮음
6/16/2023,의정부(532),X,29.6,29,22.9,16.8,78,X, ,X,매우높음
6/16/2023,횡성(536),X,29.4,30.3,22.8,16.1,69,X, ,X,낮음
6/16/2023,고양(540),X,30.6,31.1,22.7,16.5,72,X, ,X,매우높음
6/16/2023,남양주(541),X,30.3,31,23.4,16.6,66,X, ,X,매우높음
6/16/2023,안산(545),X,27.1,27.4,20.3,14,77,X, ,X,매우높음
6/16/2023,경기광주(546),X,28.1,29.8,22.1,16.1,62,X, ,X,매우높음
6/16/2023,여주(548),X,29.5,30.3,23.2,16.2,67,X,관심,X,매우높음
6/16/2023,용인(549),X,27.6,29.1,22,15.8,65,X, ,X,매우높음
6/16/2023,오산(550),X,29.5,29.9,22.3,15.2,71,X, ,X,매우높음
6/16/2023,평택(551),X,28.8,30.1,22.7,16.8,73,X, ,X,매우높음
6/16/2023,화천(555),X,30.1,30.9,22.3,16,82,X, ,X,낮음
6/16/2023,양구(556),X,29.9,31.3,23.2,16.6,69,X, ,X,낮음
6/16/2023,시흥(565),X,27.3,27.7,21.8,16.7,73,X, ,X,매우높음
6/16/2023,구리(569),X,29,30.7,23.7,17.5,60,X, ,X,매우높음
6/16/2023,화성(571),X,27.8,28.1,22.2,17.1,71,X, ,X,매우높음
6/16/2023,성남(572),X,28.1,30.2,23.2,17.1,55,X, ,X,매우높음
6/16/2023,과천(590),X,29.2,29.9,22.5,16.3,71,X, ,X,매우높음
6/16/2023,양주(598),X,28.8,29.1,22.7,16.4,71,X, ,X,매우높음
6/16/2023,단양(601),X,29.5,30.8,22.8,16.6,71,X, ,X,매우높음
6/16/2023,진천(602),X,29.3,31,23.5,16.2,62,X, ,X,매우높음
6/16/2023,괴산(603),X,29.1,30.3,22.1,14.9,73,X, ,X,매우높음
6/16/2023,옥천(604),X,28.5,,,,,X, ,X,매우높음
6/16/2023,홍북(608),X,30.5,31.4,22.1,14.2,72,X, ,X,매우높음
6/16/2023,공주(612),X,30.1,31.8,23.5,15.3,66,X, ,X,매우높음
6/16/2023,서천(614),X,27.1,26.8,21.9,16.3,78,X, ,X,매우높음
6/16/2023,논산(615),X,29.9,31.6,23.9,16.7,69,X, ,X,매우높음
6/16/2023,당진(616),X,28.7,29.2,22,15.7,72,X, ,X,매우높음
6/16/2023,청양(618),X,30.1,30.7,21.7,13,73,X, ,X,매우높음
6/16/2023,음성(619),X,28.6,29.2,21.5,13.5,71,X, ,X,매우높음
6/16/2023,증평(623),X,29.8,30.9,23,15.4,68,X, ,X,매우높음
6/16/2023,태안(627),X,28.7,28.5,21.5,16.6,79,X, ,X,매우높음
6/16/2023,예산(628),X,28.7,28.8,22.5,16.5,71,X, ,X,매우높음
6/16/2023,아산(634),X,27.5,27.9,22.2,16.2,68,X, ,X,매우높음
6/16/2023,계룡(636),X,29.6,30.6,21.9,13,74,X, ,X,매우높음
6/16/2023,연천청산(652),X,28.3,29.3,22.3,16,69,X, ,X,매우높음
6/16/2023,양양(670),X,29,30.2,24.4,15.4,64,X, ,O,낮음
6/16/2023,무안(699),X,28.7,29.1,22,15.2,74,X, ,X,매우높음
6/16/2023,무주(701),X,29.6,31.1,22.2,15.1,70,X, ,X,매우높음
6/16/2023,익산(702),X,29.2,30.2,23.3,17.6,68,X, ,X,매우높음
6/16/2023,진안(703),X,29.3,30.2,21.3,12.2,72,X, ,X,매우높음
6/16/2023,담양(706),X,31.2,32.2,23.9,15.4,74,X,관심,X,매우높음
6/16/2023,구례(709),X,31.2,32.6,24,15.9,69,X,관심,X,매우높음
6/16/2023,나주(710),X,30,30.7,22.7,14.6,74,X, ,X,매우높음
6/16/2023,순천시(712),X,28.5,29.6,23.6,17,64,X, ,X,매우높음
6/16/2023,광양읍(713),X,30.1,32.2,24.1,16,63,X, ,X,매우높음
6/16/2023,장성(730),X,30.3,31.3,22.4,14,69,X, ,X,매우높음
6/16/2023,영암(731),X,29.6,30.5,22.8,15.6,77,X, ,X,매우높음
6/16/2023,보성(732),X,27.4,28.8,21,12.8,70,X, ,X,매우높음
6/16/2023,완주(734),X,30.1,30.7,22.6,14.8,72,X, ,X,매우높음
6/16/2023,김제(737),X,29.8,29.9,22.8,17.4,77,X, ,X,매우높음
6/16/2023,화순(741),X,30.8,32.8,23.2,13.8,66,X, ,X,매우높음
6/16/2023,함평(754),X,28.9,29.2,22,15.2,74,X, ,X,매우높음
6/16/2023,곡성(768),X,30.1,31.9,23.5,13.9,67,X,관심,X,매우높음
6/16/2023,압해도(789),X,28.4,27.1,21.5,17.3,87,X, ,X,매우높음
6/16/2023,영양(801),X,29.4,29.5,21.5,15,83,X, ,X,매우높음
6/16/2023,성주(810),X,30,32.5,24.1,15.7,64,X, ,X,매우높음
6/16/2023,고령(812),X,30.6,31.8,23.4,16.6,73,X, ,X,매우높음
6/16/2023,청도(813),X,30,31,23.2,16.5,74,X, ,X,매우높음
6/16/2023,예천(815),X,30.1,31.6,22.7,15.2,72,X, ,X,매우높음
6/16/2023,김천(822),X,30.4,31.6,22.7,14,72,X,관심,X,매우높음
6/16/2023,군위(823),X,30.7,31.6,22.9,14.7,76,X, ,X,매우높음
6/16/2023,칠곡(825),X,30.4,31.8,24.6,16.9,72,X,관심,X,매우높음
6/16/2023,경산(827),X,30.3,32.5,25.1,17.2,61,X,관심,X,매우높음
6/16/2023,삼척(876),X,29.1,29.9,24.7,16.7,63,X, ,X,낮음
6/16/2023,속초(90),X,28.8,28.8,22.8,16.1,75.9,X, ,X,낮음
6/16/2023,삼천포(907),X,28.5,27.9,22.3,18.3,77,X, ,X,매우높음
6/16/2023,고성(918),X,28.6,27.9,22.8,18.1,77,X, ,X,매우높음
6/16/2023,창녕(919),X,30.7,32,24.9,18.3,68,X,관심,X,매우높음
6/16/2023,함안(920),X,30.3,31.8,23.8,18.5,74,X, ,X,매우높음
6/16/2023,북춘천(93),X,30.2,30.7,23.4,16.5,73,X,관심,X,낮음
6/16/2023,하동(932),X,29.7,31.1,23.7,17.4,68,X,관심,X,매우높음
6/16/2023,철원(95),X,28.5,28.8,22.6,16.2,69.9,X, ,X,낮음
6/16/2023,동두천(98),X,29,29,22.7,16.7,72.4,X, ,X,매우높음
6/16/2023,파주(99),X,28.2,28.1,21.6,16.7,77.8,X, ,X,매우높음
6/17/2023,북강릉(104),X,30.7,32.6,27.2,22.2,48.1,X,관심,X,낮음
6/17/2023,동해(106),X,30,31.7,26.1,21.7,51.4,X, ,X,낮음
6/17/2023,서울(108),X,29.4,30.2,24.2,18.9,57.1,X,관심,X,매우높음
6/17/2023,인천(112),X,26.7,26.3,22.2,18.9,71.1,X, ,X,매우높음
6/17/2023,원주(114),X,29,31.1,24.7,17.7,53,X,관심,X,낮음
6/17/2023,울릉도(115),X,29.8,29.1,25.2,21.7,64.3,X, ,X,매우높음
6/17/2023,수원(119),X,28.5,29.7,22.6,16.2,63.5,X, ,X,매우높음
6/17/2023,영월(121),X,30,32,23.4,16.4,67.8,X,관심,X,낮음
6/17/2023,충주(127),X,29.9,31.4,23.7,15.6,63.4,X,관심,X,매우높음
6/17/2023,서산(129),X,29.3,29.8,22.5,16.1,65.3,X, ,X,매우높음
6/17/2023,울진(130),X,29.9,31,25,19.6,64.1,X, ,X,매우높음
6/17/2023,청주(131),X,30.2,33,25.7,20.2,46.3,X,관심,X,매우높음
6/17/2023,대전(133),X,30.6,32.5,25,18.8,54.3,X,관심,X,매우높음
6/17/2023,추풍령(135),X,29.1,30.6,24.6,17.8,58.1,X,관심,X,매우높음
6/17/2023,안동(136),X,31.3,32.8,25.3,17.3,64,X,관심,X,매우높음
6/17/2023,상주(137),X,31.7,33.4,26.9,20.8,53.3,O,관심,X,매우높음
6/17/2023,포항(138),X,31.6,34.4,28.6,23,48.4,X, ,X,매우높음
6/17/2023,군산(140),X,28,27.9,22.5,18.2,72.8,X, ,X,매우높음
6/17/2023,대구(143),X,31.7,34.2,27.6,20.4,53.5,O,관심,X,매우높음
6/17/2023,전주(146),X,29.9,30.9,24.2,19.1,62.5,X,관심,X,매우높음
6/17/2023,울산(152),X,29.7,30.5,25.2,20,59.9,X, ,X,매우높음
6/17/2023,창원(155),X,30.2,30.4,24.1,18,63.8,X,관심,X,매우높음
6/17/2023,광주(156),X,31.1,31.3,24.8,19.7,68.9,O,관심,X,매우높음
6/17/2023,부산(159),X,27.5,27.9,24,20.7,55.1,X,관심,X,매우높음
6/17/2023,통영(162),X,27.6,27.1,21.6,18.1,76.4,X, ,X,매우높음
6/17/2023,목포(165),X,27.5,27.9,22.7,18.9,71.6,X, ,X,매우높음
6/17/2023,여수(168),X,26.5,26.7,23,20.4,68.8,X, ,X,매우높음
6/17/2023,흑산도(169),X,26,25.7,20.3,16.8,77.1,X, ,X,매우높음
6/17/2023,완도(170),X,28.9,29.4,23.5,18.2,61.4,X, ,X,매우높음
6/17/2023,고창(172),X,28.5,30,22.2,17.2,62.8,X, ,X,매우높음
6/17/2023,제주(184),X,27.9,27.1,23,19.3,69.8,X, ,X,매우높음
6/17/2023,진주(192),X,31.1,31.1,23.8,16.5,71.3,X, ,X,매우높음
6/17/2023,양평(202),X,29,31.2,24.4,16.7,55.9,X,관심,X,매우높음
6/17/2023,이천(203),X,30.7,32.1,24.2,15.7,62,X,관심,X,매우높음
6/17/2023,인제(211),X,30.2,32,24.1,16.4,66.5,X,관심,X,낮음
6/17/2023,홍천(212),X,29.6,31.8,23.8,16.3,63.1,O,관심,X,낮음
6/17/2023,태백(216),X,31.1,32.8,23.8,15,59.4,X, ,X,낮음
6/17/2023,정선군(217),X,32.7,34.2,24.1,16.4,67.4,X,관심,X,낮음
6/17/2023,제천(221),X,29.7,31.5,23.1,14.9,68.9,X,관심,X,매우높음
6/17/2023,보은(226),X,29.2,30.5,23.2,15.6,69.4,X, ,X,매우높음
6/17/2023,천안(232),X,29,30.9,23,14.5,59.4,X, ,X,매우높음
6/17/2023,보령(235),X,28,28.1,22.4,17.7,72.6,X, ,X,매우높음
6/17/2023,부여(236),X,31,31.8,24.4,18.1,72.3,X,관심,X,매우높음
6/17/2023,금산(238),X,30.4,32.5,24.4,16.8,65.5,X,관심,X,매우높음
6/17/2023,세종(239),X,30.5,31.6,24.1,17.3,62.3,X,관심,X,매우높음
6/17/2023,부안(243),X,28.9,29.5,22.7,17.7,72.4,X, ,X,매우높음
6/17/2023,임실(244),X,30.3,31.3,22.9,16.1,70.4,X,관심,X,매우높음
6/17/2023,정읍(245),X,29.7,30.8,23,17.3,67.4,X,관심,X,매우높음
6/17/2023,남원(247),X,31.2,32.4,24.8,18.4,66.6,X,관심,X,매우높음
6/17/2023,장수(248),X,29.9,30.9,22.8,15.2,72.3,X,관심,X,매우높음
6/17/2023,영광군(252),X,28.7,29.2,22.3,17.1,74.4,X, ,X,매우높음
6/17/2023,김해시(253),X,31,30.7,24.7,19,66.1,X,관심,X,매우높음
6/17/2023,순창군(254),X,31.2,32.6,24.2,17.9,71.5,X,관심,X,매우높음
6/17/2023,양산시(257),X,31.1,31.6,25.4,19.9,65.6,X,관심,X,매우높음
6/17/2023,강진군(259),X,29.4,31,23.6,16.3,67,X, ,X,매우높음
6/17/2023,장흥(260),X,29.6,30.3,23.1,16.9,70.5,X, ,X,매우높음
6/17/2023,해남(261),X,28.9,30.2,,20.2,,X, ,X,매우높음
6/17/2023,고흥(262),X,27.5,28.7,22.1,15.9,66.4,X, ,X,매우높음
6/17/2023,의령군(263),X,31.8,33.1,25.4,17.5,65.3,X,관심,X,매우높음
6/17/2023,함양군(264),X,31.6,34,25.6,17.9,63.1,X,관심,X,매우높음
6/17/2023,진도군ASOS(268),X,28.5,29.9,21.6,14.1,68.6,X, ,X,매우높음
6/17/2023,봉화(271),X,30.1,31.9,23.3,15.4,68.8,X,관심,X,매우높음
6/17/2023,영주(272),X,30.2,31.5,24.5,15.8,64.9,X,관심,X,매우높음
6/17/2023,문경(273),X,30.2,32.3,25.8,16.9,51.8,X,관심,X,매우높음
6/17/2023,청송군(276),X,31.6,33.1,23.8,15.9,71.4,X, ,X,매우높음
6/17/2023,영덕(277),X,32.3,33.5,27.1,20.2,53.8,X,관심,X,매우높음
6/17/2023,의성(278),X,31.3,33.4,24.5,15.7,70,O,관심,X,매우높음
6/17/2023,구미(279),X,31.4,33.3,26.5,19,54.9,O,관심,X,매우높음
6/17/2023,영천(281),X,31.2,33,25.7,17.5,65.4,O,관심,X,매우높음
6/17/2023,경주시(283),X,32.5,35,26.8,18.2,60.4,X,관심,X,매우높음
6/17/2023,거창(284),X,31.6,33.1,24.6,16.4,70.5,X,관심,X,매우높음
6/17/2023,합천(285),X,31.2,33.5,25.3,17.3,63.4,X,관심,X,매우높음
6/17/2023,밀양(288),X,31.7,33.9,25.5,18.8,59.6,X,관심,X,매우높음
6/17/2023,산청(289),X,31.7,32.1,24.5,17.8,72.9,X,관심,X,매우높음
6/17/2023,거제(294),X,28,27.7,23.4,17.8,59.1,X, ,X,매우높음
6/17/2023,남해(295),X,29.6,29.7,23.6,18.7,67.3,X, ,X,매우높음
6/17/2023,부천(433),X,26.7,28.9,22.3,16.7,54,X, ,X,매우높음
6/17/2023,안양(434),X,23.3,29.5,23.9,19.2,,X, ,X,매우높음
6/17/2023,광명(437),X,28.8,31.2,24.8,19.3,51,X, ,X,매우높음
6/17/2023,군포(438),X,29,30.6,24.2,18.3,49,X, ,X,매우높음
6/17/2023,김포(441),X,,29.6,22.9,17,,X, ,X,매우높음
6/17/2023,하남(444),X,29.7,32,23.6,15.3,55,X,관심,X,매우높음
6/17/2023,의왕(445),X,29.4,29.8,22.1,14.9,62,X, ,X,매우높음
6/17/2023,포천(504),X,30.2,31.3,23.5,15.6,65,X,관심,X,매우높음
6/17/2023,가평조종(505),X,29.6,31,22.8,13.9,68,X, ,X,매우높음
6/17/2023,안성(516),X,29.8,31.6,23.2,15.5,62,X, ,X,매우높음
6/17/2023,간성(517),X,31,33.4,27.5,22.9,47,X, ,X,낮음
6/17/2023,평창(526),X,30,32.8,23.5,15.2,62,X, ,X,낮음
6/17/2023,의정부(532),X,29.5,30.1,23.4,16,71,X,관심,X,매우높음
6/17/2023,횡성(536),X,30.4,32,23.7,15.9,65,X,관심,X,낮음
6/17/2023,고양(540),X,31.5,32.4,23,15,67,X, ,X,매우높음
6/17/2023,남양주(541),X,30.5,32.5,24,15.9,59,X, ,X,매우높음
6/17/2023,안산(545),X,28.3,28.9,20.7,12.9,73,X, ,X,매우높음
6/17/2023,경기광주(546),X,28.2,30.7,23.3,15.1,52,X, ,X,매우높음
6/17/2023,여주(548),X,29.5,31.3,23.7,15.6,60,X,관심,X,매우높음
6/17/2023,용인(549),X,28.4,30.6,22.4,15.1,57,X,관심,X,매우높음
6/17/2023,오산(550),X,29.5,31.7,23.2,14.2,62,X, ,X,매우높음
6/17/2023,평택(551),X,29.8,30.9,23.2,17.1,67,X, ,X,매우높음
6/17/2023,화천(555),X,30.4,31.9,22.9,16.4,80,X,관심,X,낮음
6/17/2023,양구(556),X,30.2,32.6,23.7,16.6,66,X,관심,X,낮음
6/17/2023,시흥(565),X,28.7,29.5,22.2,15.2,69,X, ,X,매우높음
6/17/2023,구리(569),X,29.5,32.2,24.2,16.6,53,X, ,X,매우높음
6/17/2023,화성(571),X,28.7,29.7,22.7,16.4,65,X, ,X,매우높음
6/17/2023,성남(572),X,28.4,31.3,24,16.5,45,X, ,X,매우높음
6/17/2023,과천(590),X,30.2,31.2,22.9,14.4,62,X, ,X,매우높음
6/17/2023,양주(598),X,29.1,30.5,22.9,14.9,65,X,관심,X,매우높음
6/17/2023,단양(601),X,29.8,32.5,24.4,17,62,X,관심,X,매우높음
6/17/2023,진천(602),X,29.5,32.3,24.2,16.5,51,X, ,X,매우높음
6/17/2023,괴산(603),X,29.8,31.5,23,14,67,X, ,X,매우높음
6/17/2023,옥천(604),X,30.5,32.3,25.4,18,61,X,관심,X,매우높음
6/17/2023,홍북(608),X,30.4,32.6,22.7,15,68,X, ,X,매우높음
6/17/2023,공주(612),X,30.2,32.1,24.1,16.5,64,X,관심,X,매우높음
6/17/2023,서천(614),X,28.2,28.1,22.2,17.7,77,X, ,X,매우높음
6/17/2023,논산(615),X,31.1,32,24.7,18.7,67,X,관심,X,매우높음
6/17/2023,당진(616),X,28.2,29.3,22.4,15.5,65,X, ,X,매우높음
6/17/2023,청양(618),X,30.6,31.8,22.6,15.1,71,X,관심,X,매우높음
6/17/2023,음성(619),X,29.2,30.4,22.6,13.6,63,X, ,X,매우높음
6/17/2023,증평(623),X,29.8,31.7,23.7,15.9,63,X, ,X,매우높음
6/17/2023,태안(627),X,29.7,29.6,22.3,16.5,68,X, ,X,매우높음
6/17/2023,예산(628),X,28.7,30.3,23.4,16.8,62,X, ,X,매우높음
6/17/2023,아산(634),X,27.9,29.7,23.2,16.4,62,X, ,X,매우높음
6/17/2023,계룡(636),X,30.5,31.4,22.9,14.9,73,X,관심,X,매우높음
6/17/2023,연천청산(652),X,28.8,30,22.7,14.8,66,X,관심,X,매우높음
6/17/2023,양양(670),X,31.8,34.9,29,25.8,39,X, ,O,낮음
6/17/2023,무안(699),X,28.2,28.9,22.9,17,71,X, ,X,매우높음
6/17/2023,무주(701),X,30.4,32.5,24.1,15.8,67,X,관심,X,매우높음
6/17/2023,익산(702),X,29.7,30.2,23.5,19,68,X, ,X,매우높음
6/17/2023,진안(703),X,29.9,31.4,22.5,14.9,70,X,관심,X,매우높음
6/17/2023,담양(706),X,31.7,31.6,24.3,18.2,75,O,관심,X,매우높음
6/17/2023,구례(709),X,31.9,32.7,25.1,18,74,X,관심,X,매우높음
6/17/2023,나주(710),X,29.8,30,23,16.6,76,X,관심,X,매우높음
6/17/2023,순천시(712),X,29.6,29.2,24.2,18.7,70,X,관심,X,매우높음
6/17/2023,광양읍(713),X,31.2,32.1,24.8,17.7,68,X, ,X,매우높음
6/17/2023,장성(730),X,30.2,31,22.4,16,68,X,관심,X,매우높음
6/17/2023,영암(731),X,29.6,29.8,23.2,17.4,75,X,관심,X,매우높음
6/17/2023,보성(732),X,27.6,28.3,21.9,15.9,71,X,관심,X,매우높음
6/17/2023,완주(734),X,31.3,32,23.2,16.1,71,O,관심,X,매우높음
6/17/2023,김제(737),X,30.1,30.4,23.1,18.9,74,X, ,X,매우높음
6/17/2023,화순(741),X,30.8,31.8,23.6,16.7,70,X,관심,X,매우높음
6/17/2023,함평(754),X,29.2,30,22.8,16.7,72,X, ,X,매우높음
6/17/2023,곡성(768),X,31.8,33,24.3,16.9,71,X,관심,X,매우높음
6/17/2023,압해도(789),X,29,28.5,22.1,17.5,79,X, ,X,매우높음
6/17/2023,영양(801),X,31,32,23.5,16.5,74,X,관심,X,매우높음
6/17/2023,성주(810),X,31.4,34.6,25.6,17.1,63,X,관심,X,매우높음
6/17/2023,고령(812),X,30.9,32.5,24.8,17,70,X,관심,X,매우높음
6/17/2023,청도(813),X,31,32.6,24.7,17.3,69,X,관심,X,매우높음
6/17/2023,예천(815),X,31,33.8,24.6,16.2,62,X,관심,X,매우높음
6/17/2023,김천(822),X,31.8,33,24.1,15.1,69,O,관심,X,매우높음
6/17/2023,군위(823),X,32,33.3,25.1,16.8,69,O,관심,X,매우높음
6/17/2023,칠곡(825),X,32.1,33.5,26.3,18.8,67,O,관심,X,매우높음
6/17/2023,경산(827),X,31.5,34,27,19.4,57,X,관심,X,매우높음
6/17/2023,삼척(876),X,32,33.8,27.7,23.1,46,X, ,X,낮음
6/17/2023,속초(90),X,30.7,32.2,27,20.5,54.1,X, ,X,낮음
6/17/2023,삼천포(907),X,27.8,27.2,22,17.6,75,X, ,X,매우높음
6/17/2023,고성(918),X,28,27.1,22.4,17.2,77,X, ,X,매우높음
6/17/2023,창녕(919),X,32.5,33.8,26,18.4,65,X,관심,X,매우높음
6/17/2023,함안(920),X,31.4,32.3,24.3,17.3,71,X,관심,X,매우높음
6/17/2023,북춘천(93),X,30.2,32.2,24,16.1,67.3,O,관심,X,낮음
6/17/2023,하동(932),X,30.8,31.2,24.1,17.6,70,X,관심,X,매우높음
6/17/2023,철원(95),X,29.1,30.3,23,15.1,69.9,X,관심,X,낮음
6/17/2023,동두천(98),X,29.2,29.6,22.9,15.6,66.8,X, ,X,매우높음
6/17/2023,파주(99),X,28.5,28.9,21.6,14.6,76.4,X, ,X,매우높음
6/18/2023,북강릉(104),X,28.7,28.8,24.6,21,68.5,X, ,X,낮음
6/18/2023,동해(106),X,28.4,28.4,24.2,20.7,69.3,X, ,X,낮음
6/18/2023,서울(108),X,31.6,32.6,25.9,20.8,60.5,O,관심,X,높음
6/18/2023,인천(112),X,27.4,27.3,23.1,20.1,71.4,X, ,X,높음
6/18/2023,원주(114),X,31,32.6,25.8,19.6,56.9,X,관심,X,낮음
6/18/2023,울릉도(115),X,29,28.5,24.7,21.7,74.5,X, ,X,매우높음
6/18/2023,수원(119),X,30.2,31,23.7,18.8,68.1,X,관심,X,높음
6/18/2023,영월(121),X,32.3,33.7,25.3,17.7,63.5,X,관심,X,낮음
6/18/2023,충주(127),X,31.7,32.9,25.4,18,62.1,X,관심,X,높음
6/18/2023,서산(129),X,29.1,29.5,23.3,18.3,66.5,X, ,X,높음
6/18/2023,울진(130),X,28.5,28.5,24.3,21,69.8,X, ,X,높음
6/18/2023,청주(131),X,31.7,34,26.6,21,49.1,X,관심,X,높음
6/18/2023,대전(133),X,31.2,33.1,26.1,19.6,50.4,X,관심,X,매우높음
6/18/2023,추풍령(135),X,29.9,31.2,24.6,20,58.4,X,관심,X,매우높음
6/18/2023,안동(136),X,32.4,33.7,25.6,19.2,63.6,X,관심,X,높음
6/18/2023,상주(137),X,32.6,34.2,27,22.2,51.5,O,주의,X,높음
6/18/2023,포항(138),X,28.9,29.8,25.5,22.1,62.3,X, ,X,매우높음
6/18/2023,군산(140),X,26.5,26.3,22.6,19.4,71.8,X, ,X,매우높음
6/18/2023,대구(143),X,31.1,33.1,26.9,23.2,52.6,O,주의,X,매우높음
6/18/2023,전주(146),X,29.9,31.1,24.4,19.8,59.8,X,관심,X,매우높음
6/18/2023,울산(152),X,29.9,31.3,25.5,21.5,56.9,X, ,X,매우높음
6/18/2023,창원(155),X,30.9,32.1,24.7,19.3,63.4,X, ,X,매우높음
6/18/2023,광주(156),X,31.4,33.5,25.8,21,60.1,O,주의,X,높음
6/18/2023,부산(159),X,28.5,28.8,24,21.6,66.1,X, ,X,매우높음
6/18/2023,통영(162),X,27.8,27.3,22.7,19.7,76.8,X, ,X,높음
6/18/2023,목포(165),X,27.4,28.1,23.2,20.5,74.3,X, ,X,높음
6/18/2023,여수(168),X,28,27.9,23.9,21.4,70.1,X, ,X,높음
6/18/2023,흑산도(169),X,26.2,24.6,21,18.7,88.9,X, ,X,높음
6/18/2023,완도(170),X,28.8,28.4,23.8,20,65.6,X, ,X,높음
6/18/2023,고창(172),X,28.4,29.5,23.1,18.8,60.1,X, ,X,매우높음
6/18/2023,제주(184),X,26.2,26.4,23.4,21.9,65.4,X, ,X,높음
6/18/2023,진주(192),X,32,32.7,25.1,19.5,69.4,X, ,X,매우높음
6/18/2023,양평(202),X,31.3,32.5,25.4,18.8,63.1,O,관심,X,높음
6/18/2023,이천(203),X,31.4,32.6,25.7,18.3,59.3,O,관심,X,높음
6/18/2023,인제(211),X,32.4,33.5,24.8,17.5,67.5,X,관심,X,낮음
6/18/2023,홍천(212),X,32.3,33.6,25.4,18.2,62.8,O,주의,X,낮음
6/18/2023,태백(216),X,28.4,29.4,22.1,16,65.6,X, ,X,낮음
6/18/2023,정선군(217),X,31.6,32.9,24.1,17,67.5,X,관심,X,낮음
6/18/2023,제천(221),X,31.9,32.8,25,17.5,64.1,X,관심,X,높음
6/18/2023,보은(226),X,30.9,32.1,24.2,16.9,66.3,X, ,X,높음
6/18/2023,천안(232),X,30.9,32.2,24.2,16.9,63.8,X,관심,X,높음
6/18/2023,보령(235),X,27.6,28.1,22.5,18.7,71,X, ,X,높음
6/18/2023,부여(236),X,31.1,32.4,24.8,19.1,66,X,관심,X,높음
6/18/2023,금산(238),X,30.6,32.8,24.7,18.2,62.3,X,관심,X,매우높음
6/18/2023,세종(239),X,31.4,32.9,25.1,18.4,56.8,X,관심,X,높음
6/18/2023,부안(243),X,27.7,27.9,22.8,19.3,70.4,X, ,X,매우높음
6/18/2023,임실(244),X,30,31.3,23.6,17.2,64.6,O,관심,X,매우높음
6/18/2023,정읍(245),X,29.9,31.1,23.9,18.2,57.8,X,관심,X,매우높음
6/18/2023,남원(247),X,31.4,33.5,25.4,19,61.3,X,관심,X,매우높음
6/18/2023,장수(248),X,30.1,31.3,23.3,16.8,69.5,X, ,X,매우높음
6/18/2023,영광군(252),X,29.1,29.1,23.1,18.8,69,X, ,X,높음
6/18/2023,김해시(253),X,32.1,32.1,24.9,20.4,69,X,관심,X,매우높음
6/18/2023,순창군(254),X,31.1,33,24.7,18.6,63.8,O,관심,X,매우높음
6/18/2023,양산시(257),X,32.9,34,26.4,21.5,63.5,X, ,X,매우높음
6/18/2023,강진군(259),X,30,31.5,24.4,19.1,64.5,X, ,X,높음
6/18/2023,장흥(260),X,30.2,31.1,24.2,19.2,62.4,X, ,X,높음
6/18/2023,해남(261),X,28.5,28.9,23.2,18.7,73.9,X, ,X,높음
6/18/2023,고흥(262),X,28.6,29.1,23.4,18.7,68.3,X, ,X,높음
6/18/2023,의령군(263),X,32.3,33.8,26.7,20,64.6,X, ,X,매우높음
6/18/2023,함양군(264),X,32.2,34.5,25.9,19.1,58.6,X,관심,X,매우높음
6/18/2023,진도군ASOS(268),X,26.9,26.9,21.8,17.8,74.8,X, ,X,높음
6/18/2023,봉화(271),X,30,31.7,23.7,16.9,68.1,X,관심,X,높음
6/18/2023,영주(272),X,31.4,32.2,25.1,18.3,67.1,X,관심,X,높음
6/18/2023,문경(273),X,31.6,32.7,26.5,21.6,55,X, ,X,높음
6/18/2023,청송군(276),X,32.1,33.2,23.7,17.2,71.1,X, ,X,높음
6/18/2023,영덕(277),X,29.4,30,25,20.7,62.6,X, ,X,높음
6/18/2023,의성(278),X,32.6,34,24.8,18.4,69.3,O,주의,X,높음
6/18/2023,구미(279),X,31.4,33.4,26.9,22.2,51.4,O,주의,X,매우높음
6/18/2023,영천(281),X,30.5,31.8,25.2,20.3,60.8,O,주의,X,매우높음
6/18/2023,경주시(283),X,31.2,32.5,25.7,20.9,62.6,X,관심,X,매우높음
6/18/2023,거창(284),X,31.4,32.9,25.2,19.2,65.3,X, ,X,매우높음
6/18/2023,합천(285),X,31.4,33.3,26.1,20.2,62.9,X,관심,X,매우높음
6/18/2023,밀양(288),X,31.9,33.7,26.1,20.8,58.4,X,관심,X,매우높음
6/18/2023,산청(289),X,32.5,33.7,26.2,19.7,66.6,X,관심,X,매우높음
6/18/2023,거제(294),X,29.8,30.3,25.3,20.8,62.4,X, ,X,높음
6/18/2023,남해(295),X,30.1,30.6,24.5,20.3,68.5,X, ,X,높음
6/18/2023,부천(433),X,28.4,30.1,23.8,19.1,57,X, ,X,높음
6/18/2023,안양(434),X,24.9,31.6,25.2,20.8,,X, ,X,높음
6/18/2023,광명(437),X,30.4,32.5,26.1,21.1,55,O,관심,X,높음
6/18/2023,군포(438),X,30.5,32.5,25.3,20,57,X, ,X,높음
6/18/2023,김포(441),X,,31.3,24.2,19.4,,X,관심,X,높음
6/18/2023,하남(444),X,31.3,33,24.8,17.8,58,O,관심,X,높음
6/18/2023,의왕(445),X,29.7,30.8,23.3,17.3,68,X, ,X,높음
6/18/2023,포천(504),X,32.6,33.5,25.5,18.2,69,O,관심,X,높음
6/18/2023,가평조종(505),X,32.1,32.8,24.5,17.4,75,O,관심,X,높음
6/18/2023,안성(516),X,30.6,31.5,24.3,18.1,65,O,관심,X,높음
6/18/2023,간성(517),X,27.7,27.6,23.3,20,72,X, ,X,낮음
6/18/2023,평창(526),X,32.1,34.5,24.4,16.9,63,X, ,X,낮음
6/18/2023,의정부(532),X,32.5,32.4,24.9,18.7,77,O,관심,X,높음
6/18/2023,횡성(536),X,32.5,34,25.1,17.6,65,X,관심,X,낮음
6/18/2023,고양(540),X,32.9,33.9,24.6,17.7,70,O,관심,X,높음
6/18/2023,남양주(541),X,32.5,33.5,25.7,19,63,O,관심,X,높음
6/18/2023,안산(545),X,29.1,28.8,21.9,16.9,80,X, ,X,높음
6/18/2023,경기광주(546),X,29.6,31.4,24.7,17.9,54,O,관심,X,높음
6/18/2023,여주(548),X,30.8,32.5,25.2,18.3,61,O,관심,X,높음
6/18/2023,용인(549),X,26.7,,,,,O,관심,X,높음
6/18/2023,오산(550),X,31.3,31.9,24.1,17.6,68,X,관심,X,높음
6/18/2023,평택(551),X,30.2,30.7,24.4,19,70,X, ,X,높음
6/18/2023,화천(555),O,33,32.1,24.4,17.6,82,X,관심,X,낮음
6/18/2023,양구(556),X,32.3,33.8,24.6,17.6,67,X,관심,X,낮음
6/18/2023,시흥(565),X,29.6,29.3,23.4,18.4,74,X, ,X,높음
6/18/2023,구리(569),X,31.4,33.3,25.6,19.2,56,O,관심,X,높음
6/18/2023,화성(571),X,30.6,30.3,23.7,18.8,69,X,관심,X,높음
6/18/2023,성남(572),X,30.4,32.9,25.4,19,49,O,관심,X,높음
6/18/2023,과천(590),X,31.4,32.4,24.7,17.5,64,O,관심,X,높음
6/18/2023,양주(598),X,32,33,24.7,18.1,69,O,관심,X,높음
6/18/2023,단양(601),X,32.5,34.5,26.2,19,61,X,관심,X,높음
6/18/2023,진천(602),X,31.5,33.8,25.3,18.5,57,X, ,X,높음
6/18/2023,괴산(603),X,31.5,33.2,24.4,16.3,67,X,관심,X,높음
6/18/2023,옥천(604),X,31.9,33.4,25.9,19.3,61,X,관심,X,높음
6/18/2023,홍북(608),X,31.2,32.2,23.3,16.3,63,X, ,X,높음
6/18/2023,공주(612),X,31.1,33.2,24.9,18,58,X,관심,X,높음
6/18/2023,서천(614),X,27,26.5,22.4,19.1,74,X, ,X,매우높음
6/18/2023,논산(615),X,30.9,32.5,25,19.6,65,X,관심,X,높음
6/18/2023,당진(616),X,29.6,31,23.2,17.4,69,X, ,X,매우높음
6/18/2023,청양(618),X,30.7,32,23,16.4,70,X,관심,X,높음
6/18/2023,음성(619),X,30.9,31.9,24.3,16.1,62,X,관심,X,높음
6/18/2023,증평(623),X,31.6,33.5,25,17.9,63,X,관심,X,높음
6/18/2023,태안(627),X,29.6,30.1,22.4,18.2,76,X, ,X,높음
6/18/2023,예산(628),X,30.3,30.6,24,18,65,X, ,X,보통
6/18/2023,아산(634),X,29.5,29.9,23.4,18.2,68,X, ,X,높음
6/18/2023,계룡(636),X,30.5,32,23.5,16.4,71,X,관심,X,높음
6/18/2023,연천청산(652),X,32.1,33.2,24.4,17.5,71,O,관심,X,매우높음
6/18/2023,양양(670),X,28.8,29.8,24.7,21.1,67,X, ,X,낮음
6/18/2023,무안(699),X,28.5,29.3,23,18.6,68,X, ,X,높음
6/18/2023,무주(701),X,31.1,33.3,24.6,18.5,64,X,관심,X,매우높음
6/18/2023,익산(702),X,29.4,29.9,23.9,19.9,65,X,관심,X,매우높음
6/18/2023,진안(703),X,29.9,31.2,22.7,16.2,67,X, ,X,매우높음
6/18/2023,담양(706),X,32.1,33.4,25.4,19.2,65,O,주의,X,매우높음
6/18/2023,구례(709),X,32.5,33.4,26.2,20.1,69,O,관심,X,매우높음
6/18/2023,나주(710),X,31,31.2,23.9,19.4,72,X,관심,X,높음
6/18/2023,순천시(712),X,30.5,30.9,25.4,20.6,70,X,관심,X,높음
6/18/2023,광양읍(713),X,32.3,33.3,25.9,20.6,66,X, ,X,높음
6/18/2023,장성(730),X,30.2,31.9,23.6,17.6,61,X, ,X,매우높음
6/18/2023,영암(731),X,29.7,30.5,23.9,19.4,71,X, ,X,높음
6/18/2023,보성(732),X,29.5,30.5,23.5,18.1,66,X, ,X,높음
6/18/2023,완주(734),X,31,31.7,23,16.7,69,O,주의,X,매우높음
6/18/2023,김제(737),X,28.9,29.4,23.3,19.4,72,X, ,X,매우높음
6/18/2023,화순(741),X,31.3,33.3,25,19,62,X,관심,X,높음
6/18/2023,함평(754),X,28.7,29.2,23.6,19.2,63,X, ,X,높음
6/18/2023,곡성(768),X,32.2,33.9,25.2,18.3,63,O,관심,X,매우높음
6/18/2023,압해도(789),X,28.8,28.6,23,19.9,81,X, ,X,높음
6/18/2023,영양(801),X,31.5,32.6,23.7,17.5,75,X, ,X,높음
6/18/2023,성주(810),X,31.9,34.4,26.4,20,58,X,관심,X,매우높음
6/18/2023,고령(812),X,31.6,32.9,25.1,19.6,73,X,관심,X,매우높음
6/18/2023,청도(813),X,31.5,33,25.2,19.9,65,X, ,X,매우높음
6/18/2023,예천(815),X,32.4,34,25.9,18.6,61,X,관심,X,높음
6/18/2023,김천(822),X,32.1,33.3,24.7,17.6,70,O,주의,X,높음
6/18/2023,군위(823),X,32.7,33.7,25.5,18.8,65,O,주의,X,높음
6/18/2023,칠곡(825),X,32,33.4,26.5,20.6,65,O,주의,X,매우높음
6/18/2023,경산(827),X,31.9,33.5,26.6,21.8,56,X,관심,X,매우높음
6/18/2023,삼척(876),X,29.3,30.2,25.1,20.5,63,X, ,X,낮음
6/18/2023,속초(90),X,28.1,27.4,23.4,20.9,73.6,X, ,X,낮음
6/18/2023,삼천포(907),X,28.1,27.9,23,19.3,74,X, ,X,높음
6/18/2023,고성(918),X,29.2,28.6,23.6,19.4,77,X, ,X,높음
6/18/2023,창녕(919),X,32.4,33.4,26.4,21.1,64,X,관심,X,매우높음
6/18/2023,함안(920),X,32,32.9,25.2,19.4,70,X, ,X,매우높음
6/18/2023,북춘천(93),X,32.9,33.7,26,18.6,68.9,O,주의,X,낮음
6/18/2023,하동(932),X,31.5,32.3,25.2,19.9,69,X,관심,X,높음
6/18/2023,철원(95),X,32.5,33.3,24.7,17.8,73.9,X,관심,X,낮음
6/18/2023,동두천(98),X,32.1,32,24.6,17.7,74.3,O,관심,X,높음
6/18/2023,파주(99),X,31.2,31,23,17.2,77.3,O,관심,X,높음
6/19/2023,북강릉(104),X,26.3,25,21.6,19.1,83.1,X, ,X,낮음
6/19/2023,동해(106),X,26.2,24.3,21.8,19.5,88.5,X, ,X,낮음
6/19/2023,서울(108),X,32.9,34,28.5,23.3,57.8,O,주의,X,매우높음
6/19/2023,인천(112),X,31.4,31.8,25.5,21.3,64.6,X, ,X,매우높음
6/19/2023,원주(114),X,31.8,33.6,27.3,20.9,55.1,X,관심,X,낮음
6/19/2023,울릉도(115),X,26.1,24.4,21.3,18.8,84.9,X, ,X,매우높음
6/19/2023,수원(119),X,32.3,33.6,26.3,19.3,61.5,X, ,X,매우높음
6/19/2023,영월(121),X,32.7,34.2,25.8,19.2,59.6,X,관심,X,낮음
6/19/2023,충주(127),X,32.8,33.4,26.9,19.8,60.5,X,관심,X,매우높음
6/19/2023,서산(129),X,31.7,33.3,25,17.8,64.5,X, ,X,매우높음
6/19/2023,울진(130),X,26.7,25.7,22.3,20,82.4,X, ,X,매우높음
6/19/2023,청주(131),X,32.3,34.3,28.4,21.7,49.6,X,관심,X,매우높음
6/19/2023,대전(133),X,31.8,33.5,27,19.8,51.6,X,관심,X,매우높음
6/19/2023,추풍령(135),X,29.9,30.2,24,16.7,63,X,관심,X,매우높음
6/19/2023,안동(136),X,30.3,31.8,24.7,18.6,64.3,X, ,X,매우높음
6/19/2023,상주(137),X,32.2,33.5,25.9,18.7,61.5,X,주의,X,매우높음
6/19/2023,포항(138),X,26.3,25.4,22.4,20.9,80.6,X, ,X,매우높음
6/19/2023,군산(140),X,31.1,32.2,24.1,18.5,71,X, ,X,매우높음
6/19/2023,대구(143),X,29.1,30.2,24.4,20.3,62.1,X,주의,X,매우높음
6/19/2023,전주(146),O,33.3,35.4,25.7,18.3,60.9,X,관심,X,매우높음
6/19/2023,울산(152),X,27.9,27.4,23.1,20.3,71.4,X, ,X,매우높음
6/19/2023,창원(155),X,30,30.5,24.4,19.4,67.8,X,관심,X,매우높음
6/19/2023,광주(156),X,32.8,34,26.6,20.2,70.1,O,주의,X,매우높음
6/19/2023,부산(159),X,29,28.9,24.3,20.8,63.9,X, ,X,매우높음
6/19/2023,통영(162),X,30.1,29.9,24,19.2,71,X, ,X,매우높음
6/19/2023,목포(165),X,30.7,31.6,24.7,19.4,68.4,X, ,X,매우높음
6/19/2023,여수(168),X,28.1,27.2,23.4,21,74.4,X, ,X,매우높음
6/19/2023,흑산도(169),X,27,25.9,20.8,17.8,87.6,X, ,X,매우높음
6/19/2023,완도(170),X,28.6,27.8,23,18.7,76.3,X, ,X,매우높음
6/19/2023,고창(172),X,30.5,32.6,24,17.6,64.1,X, ,X,매우높음
6/19/2023,제주(184),X,29.3,29.9,24.4,19.4,65.8,X, ,X,위험
6/19/2023,진주(192),X,31.9,32.5,24.9,17.7,70.8,X,관심,X,매우높음
6/19/2023,양평(202),X,32,33.3,26.9,20.4,64.6,O,주의,X,매우높음
6/19/2023,이천(203),X,32.8,33.7,27.2,19.8,65.5,O,주의,X,매우높음
6/19/2023,인제(211),X,31.6,32.6,24.6,18.9,66.9,X, ,X,낮음
6/19/2023,홍천(212),X,32.5,34.1,26.5,18.6,61.3,O,주의,X,낮음
6/19/2023,태백(216),X,27.2,27.5,20,14.7,75.9,X, ,X,낮음
6/19/2023,정선군(217),X,31.3,32.4,24.2,16.8,64.8,X, ,X,낮음
6/19/2023,제천(221),X,31.5,32.5,25.8,18.9,61.6,X,관심,X,매우높음
6/19/2023,보은(226),X,30.1,30.6,25,17.9,64.5,X, ,X,매우높음
6/19/2023,천안(232),X,31.7,33,26.1,17.9,68.6,X,관심,X,매우높음
6/19/2023,보령(235),X,31.1,32.4,23.8,17.9,66.4,X, ,X,매우높음
6/19/2023,부여(236),X,32.9,34.6,25.6,18.1,66.4,X,관심,X,매우높음
6/19/2023,금산(238),X,31.6,33.1,25.6,17.6,64.6,X,관심,X,매우높음
6/19/2023,세종(239),X,31.7,33.3,26.2,19.1,60.3,X,관심,X,매우높음
6/19/2023,부안(243),X,31.5,32.9,24.2,18.2,69.4,X, ,X,매우높음
6/19/2023,임실(244),X,31.2,32.5,24.5,16.4,67,O,주의,X,매우높음
6/19/2023,정읍(245),X,32.8,34.9,24.5,17.3,63.3,X, ,X,매우높음
6/19/2023,남원(247),X,31.8,33.5,26.6,18.9,63,X,관심,X,매우높음
6/19/2023,장수(248),X,29.7,30.6,23.9,16.2,70,X, ,X,매우높음
6/19/2023,영광군(252),X,31.5,32.2,24.3,17.8,72.5,X, ,X,매우높음
6/19/2023,김해시(253),X,31.6,32,25.3,20,66.5,X,관심,X,매우높음
6/19/2023,순창군(254),X,32.4,34,25.6,17.4,64.6,O,주의,X,매우높음
6/19/2023,양산시(257),X,31.6,32.4,26.1,20.8,62.8,X, ,X,매우높음
6/19/2023,강진군(259),X,30.7,30.9,24.2,17.7,72.4,X, ,X,매우높음
6/19/2023,장흥(260),X,29.6,29.7,23.7,17.6,75.9,X, ,X,매우높음
6/19/2023,해남(261),X,29.7,29.5,23.6,17,76.8,X, ,X,매우높음
6/19/2023,고흥(262),X,28.8,28.6,22.6,18.1,77,X, ,X,매우높음
6/19/2023,의령군(263),X,32.2,33,26,18.5,66,X,관심,X,매우높음
6/19/2023,함양군(264),X,31.1,32.5,25.5,17.7,62.5,X,관심,X,매우높음
6/19/2023,진도군ASOS(268),X,28.3,27.7,23.2,17.6,75.5,X, ,X,위험
6/19/2023,봉화(271),X,28.3,29.5,22.2,15.7,68.9,X, ,X,매우높음
6/19/2023,영주(272),X,30.4,31.2,24.2,18.2,67.1,X, ,X,매우높음
6/19/2023,문경(273),X,31.1,31.9,24.5,18.4,65.5,X, ,X,매우높음
6/19/2023,청송군(276),X,28.7,30,22.1,14.8,70.1,X, ,X,매우높음
6/19/2023,영덕(277),X,26.1,24.9,21.3,17.9,84.5,X, ,X,매우높음
6/19/2023,의성(278),X,31.1,32.7,23.8,16.5,67.8,X,주의,X,매우높음
6/19/2023,구미(279),X,31.4,32.7,25.6,19.3,57.4,X,주의,X,매우높음
6/19/2023,영천(281),X,28.5,28.6,22.6,17.3,72.6,X,주의,X,매우높음
6/19/2023,경주시(283),X,28,27.6,23.3,20.4,72.8,X, ,X,매우높음
6/19/2023,거창(284),X,30.3,30.6,24.3,16.5,66.9,X, ,X,매우높음
6/19/2023,합천(285),X,31.1,32.3,25.4,18.2,61.9,X,관심,X,매우높음
6/19/2023,밀양(288),X,30.9,32.1,25.4,19.4,57,X, ,X,매우높음
6/19/2023,산청(289),X,31.2,31.6,25.5,18.4,67.8,X,관심,X,매우높음
6/19/2023,거제(294),X,28.6,28.4,23.1,18.6,72.9,X, ,X,매우높음
6/19/2023,남해(295),X,29.7,30.1,24.1,19.6,71.4,X, ,X,매우높음
6/19/2023,부천(433),X,31.1,33,26,20.1,53,X, ,X,매우높음
6/19/2023,안양(434),X,26.6,33.3,27.5,22.5,,X, ,X,매우높음
6/19/2023,광명(437),X,32.8,35.1,28.4,23.1,51,O,주의,X,매우높음
6/19/2023,군포(438),X,32.3,34.2,27.3,21.4,55,X, ,X,매우높음
6/19/2023,김포(441),X,,33.3,26.5,19.9,,X, ,X,매우높음
6/19/2023,하남(444),X,31.8,33.3,26.9,19.7,58,O,주의,X,매우높음
6/19/2023,의왕(445),X,32.2,33.4,25.6,18.1,65,X, ,X,매우높음
6/19/2023,포천(504),X,32.5,33.7,27.3,19.9,63,O,주의,X,매우높음
6/19/2023,가평조종(505),X,32.3,32.4,25.8,18.1,72,O,주의,X,매우높음
6/19/2023,안성(516),X,32.1,34,26.5,19,67,O,주의,X,매우높음
6/19/2023,간성(517),X,26.4,24.7,21.4,17.7,85,X, ,X,낮음
6/19/2023,평창(526),X,31.5,34.3,25.4,17.6,58,X, ,X,낮음
6/19/2023,의정부(532),X,32.8,32.7,26.8,20.3,77,O,주의,X,매우높음
6/19/2023,횡성(536),X,32.6,34.5,27,18.9,60,X,관심,X,낮음
6/19/2023,고양(540),X,25.1,,,,,O,주의,X,매우높음
6/19/2023,남양주(541),O,33,34.3,27.7,20.3,62,O,주의,X,매우높음
6/19/2023,안산(545),X,32.6,33.3,23.7,16,74,X, ,X,매우높음
6/19/2023,경기광주(546),X,31.2,32.7,26.6,19.5,56,O,주의,X,매우높음
6/19/2023,여주(548),X,32.1,32.9,26.9,19.5,64,O,주의,X,매우높음
6/19/2023,용인(549),X,,,,,,O,주의,X,매우높음
6/19/2023,오산(550),X,32.8,33.9,26.1,17.6,64,X, ,X,매우높음
6/19/2023,평택(551),X,32.9,34.3,26.4,19.2,64,X, ,X,매우높음
6/19/2023,화천(555),X,32.5,32,25.3,17.9,82,X,관심,X,낮음
6/19/2023,양구(556),X,32.2,34.1,25.4,17.4,62,X,관심,X,낮음
6/19/2023,시흥(565),X,32.5,33.8,25.7,17.9,66,X, ,X,매우높음
6/19/2023,구리(569),X,32.3,34.1,28,20.8,55,O,주의,X,매우높음
6/19/2023,화성(571),O,33,,,,64,X, ,X,매우높음
6/19/2023,성남(572),X,31.6,33.6,27.6,20.6,49,O,주의,X,매우높음
6/19/2023,과천(590),X,32.7,33.3,26.5,18.7,65,O,주의,X,매우높음
6/19/2023,양주(598),O,33.1,34.3,27.1,19.3,66,O,주의,X,매우높음
6/19/2023,단양(601),X,31.9,34.2,26.3,19.6,59,X,관심,X,매우높음
6/19/2023,진천(602),X,32.3,34.5,27.2,19.7,61,X, ,X,매우높음
6/19/2023,괴산(603),X,31.6,33.1,25.9,18.1,63,X,관심,X,매우높음
6/19/2023,옥천(604),X,32.3,33.5,27.1,19.5,60,X,관심,X,매우높음
6/19/2023,홍북(608),X,31.3,33.4,23.9,16,62,X, ,X,매우높음
6/19/2023,공주(612),X,31.9,33.5,26,17.4,61,X,관심,X,매우높음
6/19/2023,서천(614),X,30.7,31.5,23.8,18.7,73,X, ,X,매우높음
6/19/2023,논산(615),O,33.1,34.9,26.4,18.4,64,X,관심,X,매우높음
6/19/2023,당진(616),X,32.6,34.3,25.1,17.5,64,X, ,X,매우높음
6/19/2023,청양(618),X,31.9,33.3,24.3,15.6,71,X,관심,X,매우높음
6/19/2023,음성(619),X,31,32.4,25.1,17.8,64,X,관심,X,매우높음
6/19/2023,증평(623),X,32.2,33.3,27,19.9,63,X,관심,X,매우높음
6/19/2023,태안(627),X,31.8,32.3,24.6,17.5,65,X, ,X,매우높음
6/19/2023,예산(628),X,32.4,34.1,26.3,18.4,62,X, ,X,매우높음
6/19/2023,아산(634),O,33,34.8,26,18.7,62,X, ,X,매우높음
6/19/2023,계룡(636),X,31.5,32.8,24.2,15.2,68,X,관심,X,매우높음
6/19/2023,연천청산(652),X,32.4,33.6,26.4,19.4,68,O,주의,X,매우높음
6/19/2023,양양(670),X,25.9,24.3,21.9,19.7,83,X, ,X,낮음
6/19/2023,무안(699),X,31.7,33.3,24.6,17.5,69,X, ,X,매우높음
6/19/2023,무주(701),X,31.2,32.2,25.1,17.1,63,X, ,X,매우높음
6/19/2023,익산(702),X,31.9,33.7,25.1,18.8,67,X,관심,X,매우높음
6/19/2023,진안(703),X,30.3,31.8,24,15.8,68,X, ,X,매우높음
6/19/2023,담양(706),O,33.8,34.5,26.3,17.9,72,O,주의,X,매우높음
6/19/2023,구례(709),X,32.5,33.5,26.4,19.3,71,O,주의,X,매우높음
6/19/2023,나주(710),X,32.4,33.1,24.8,17.3,73,X,관심,X,매우높음
6/19/2023,순천시(712),X,31.4,31.6,25,20.1,72,X,관심,X,매우높음
6/19/2023,광양읍(713),X,32.1,33.8,25.6,19.1,69,X, ,X,매우높음
6/19/2023,장성(730),X,31.7,33.7,24.5,16.9,67,X, ,X,매우높음
6/19/2023,영암(731),X,31.5,32.2,25.1,17.9,71,X, ,X,매우높음
6/19/2023,보성(732),X,29.2,29.4,22.8,16.3,75,X,관심,X,매우높음
6/19/2023,완주(734),O,33.4,35.4,25.1,15.8,69,O,주의,X,매우높음
6/19/2023,김제(737),X,32.7,33.9,24.4,18.1,72,X, ,X,매우높음
6/19/2023,화순(741),X,32.4,33.7,25.8,17.1,65,X,관심,X,매우높음
6/19/2023,함평(754),X,32.3,33.4,24.5,17.4,71,X, ,X,매우높음
6/19/2023,곡성(768),X,32.8,35,25.8,17.6,69,O,주의,X,매우높음
6/19/2023,압해도(789),X,30.5,30.6,24,18.2,77,X, ,X,매우높음
6/19/2023,영양(801),X,28.9,30.1,22.1,15.7,73,X, ,X,매우높음
6/19/2023,성주(810),X,31,32.6,25,17.9,59,X, ,X,매우높음
6/19/2023,고령(812),X,30.7,31.9,24.5,17.4,68,X, ,X,매우높음
6/19/2023,청도(813),X,29.4,30.3,23.5,17.5,69,X, ,X,매우높음
6/19/2023,예천(815),X,30.9,32.3,24.8,18.4,63,X,관심,X,매우높음
6/19/2023,김천(822),X,32,32.3,24.2,16.6,68,X,주의,X,매우높음
6/19/2023,군위(823),X,31.5,32.3,24.5,16.9,69,X,주의,X,매우높음
6/19/2023,칠곡(825),X,31.7,32.2,25.3,19.3,67,X,주의,X,매우높음
6/19/2023,경산(827),X,29.6,30.5,24.2,19.2,66,X, ,X,매우높음
6/19/2023,삼척(876),X,27.5,26.7,22.2,19,80,X, ,X,낮음
6/19/2023,속초(90),X,27.2,25.5,22.1,19.1,84,X, ,X,낮음
6/19/2023,삼천포(907),X,29,28.6,22.6,18.5,77,X, ,X,매우높음
6/19/2023,고성(918),X,30,29.8,23.8,18.1,75,X, ,X,매우높음
6/19/2023,창녕(919),X,30.9,31.7,25.7,20.1,62,X,관심,X,매우높음
6/19/2023,함안(920),X,31.3,31.7,24.5,18.7,73,X, ,X,매우높음
6/19/2023,북춘천(93),X,32.5,33.4,27,19.4,65.1,O,주의,X,낮음
6/19/2023,하동(932),X,31.9,33,25.4,18.9,69,X,관심,X,매우높음
6/19/2023,철원(95),X,31.9,32.4,26.1,18.5,67.6,X,관심,X,낮음
6/19/2023,동두천(98),X,32.5,33,26.6,19.8,68.5,O,주의,X,매우높음
6/19/2023,파주(99),X,32.7,32.3,25.4,18.5,77.6,O,주의,X,매우높음
6/20/2023,북강릉(104),X,24.6,23.3,20.6,18.1,81.6,X, ,X,낮음
6/20/2023,동해(106),X,24.4,23,20.4,17.7,85.5,X, ,X,낮음
6/20/2023,서울(108),X,27.2,26.4,24.7,21.4,64.5,X, ,X,보통
6/20/2023,인천(112),X,24.9,24.9,22.9,19.8,63,X, ,X,보통
6/20/2023,원주(114),X,26.8,28.1,24.8,20.2,49.9,X, ,X,낮음
6/20/2023,울릉도(115),X,26,24.9,21.1,18.4,81.3,X, ,X,매우높음
6/20/2023,수원(119),X,25.3,25.7,23.4,19.3,62.8,X, ,X,보통
6/20/2023,영월(121),X,27.5,29,22.8,17.5,63.3,X, ,X,낮음
6/20/2023,충주(127),X,26.4,27.2,23.6,19.3,57.8,X, ,X,보통
6/20/2023,서산(129),X,26.4,26.2,22.7,19.9,74.8,X, ,X,보통
6/20/2023,울진(130),X,24.8,23.5,20.6,17.6,83.6,X, ,X,높음
6/20/2023,청주(131),X,26.6,27.8,24.6,20.6,54.1,X, ,X,보통
6/20/2023,대전(133),X,26.7,27.7,23.7,20.2,61,X, ,X,높음
6/20/2023,추풍령(135),X,25.4,25,21.5,16.2,70.6,X, ,X,높음
6/20/2023,안동(136),X,26.7,26.9,22,18,70.1,X, ,X,높음
6/20/2023,상주(137),X,27.5,27.6,23,19,69.6,X, ,X,보통
6/20/2023,포항(138),X,24.9,23.9,21.7,20.3,77.4,X, ,X,매우높음
6/20/2023,군산(140),X,27.5,27.4,23.6,20.1,73,X, ,X,높음
6/20/2023,대구(143),X,27.6,28.3,23,20.1,66.4,X, ,X,매우높음
6/20/2023,전주(146),X,28.6,30.5,25,21.3,59.8,X, ,X,높음
6/20/2023,울산(152),X,25.3,24.8,21.4,19.2,73.6,X, ,X,매우높음
6/20/2023,창원(155),X,27.6,27.9,22.9,19.5,65,X, ,X,매우높음
6/20/2023,광주(156),X,28.9,30.2,24.3,20.9,73.9,X, ,X,높음
6/20/2023,부산(159),X,27.2,27.4,22.5,20.2,65.6,X, ,X,매우높음
6/20/2023,통영(162),X,27.4,27.3,22.8,19.9,70.5,X, ,X,매우높음
6/20/2023,목포(165),X,26.2,26.2,22.1,20,79.5,X, ,X,높음
6/20/2023,여수(168),X,26.1,25.7,22.5,20.8,73,X, ,X,매우높음
6/20/2023,흑산도(169),X,22.3,20,18.3,17.2,96.9,X, ,X,보통
6/20/2023,완도(170),X,25.5,24.1,21.2,19.8,89,X, ,X,높음
6/20/2023,고창(172),X,26.7,28.3,23.2,19.6,63.6,X, ,X,높음
6/20/2023,제주(184),X,28.9,27.4,24.8,22.3,77.3,X, ,X,보통
6/20/2023,진주(192),X,28.6,29.7,23,17.6,71.4,X, ,X,매우높음
6/20/2023,양평(202),X,26.8,25.6,23.5,20.4,69.9,X, ,X,보통
6/20/2023,이천(203),X,26.8,26.9,23.3,19.6,67.5,X, ,X,보통
6/20/2023,인제(211),X,25.6,24.9,21.4,18.5,76.6,X, ,X,낮음
6/20/2023,홍천(212),X,26.9,25.9,22.9,20.3,72.9,X, ,X,낮음
6/20/2023,태백(216),X,23.8,23.8,17.8,12.2,73.3,X, ,X,낮음
6/20/2023,정선군(217),X,27.2,28.2,21.5,16.1,68.9,X, ,X,낮음
6/20/2023,제천(221),X,25.7,27.1,21.8,17.3,69.1,X, ,X,보통
6/20/2023,보은(226),X,25.1,24.8,22.2,18.6,67.3,X, ,X,보통
6/20/2023,천안(232),X,25.9,26.5,23.1,19.3,66.4,X, ,X,보통
6/20/2023,보령(235),X,27.6,28,22.9,19.6,75.1,X, ,X,보통
6/20/2023,부여(236),X,27.4,27.3,23.5,19.6,71.3,X, ,X,보통
6/20/2023,금산(238),X,26.7,27.7,23.8,19.9,59,X, ,X,높음
6/20/2023,세종(239),X,26.8,27.5,23.5,19.8,64.4,X, ,X,보통
6/20/2023,부안(243),X,28,28.5,23.6,20,75.5,X, ,X,높음
6/20/2023,임실(244),X,26.6,27.8,23,18.3,67.5,X, ,X,매우높음
6/20/2023,정읍(245),X,27.4,28.5,24.3,19.5,63,X, ,X,높음
6/20/2023,남원(247),X,27.8,29.5,24.6,20.1,60,X, ,X,매우높음
6/20/2023,장수(248),X,25.9,28,22.5,16.3,61.5,X, ,X,매우높음
6/20/2023,영광군(252),X,27.5,28.2,23,19.4,73.8,X, ,X,높음
6/20/2023,김해시(253),X,29.3,30.1,23.4,19.6,66.9,X, ,X,매우높음
6/20/2023,순창군(254),X,27.3,29.3,23.8,19.5,69.5,X, ,X,높음
6/20/2023,양산시(257),X,30.5,31.7,24.4,20.4,64.9,X, ,X,매우높음
6/20/2023,강진군(259),X,26.8,26.9,22.3,19.5,81.5,X, ,X,높음
6/20/2023,장흥(260),X,26.8,26.9,22.1,20,81.1,X, ,X,높음
6/20/2023,해남(261),X,26.3,25.6,21.8,20,84.6,X, ,X,높음
6/20/2023,고흥(262),X,24.5,24,21.1,18.3,80.9,X, ,X,매우높음
6/20/2023,의령군(263),X,29.2,29.9,23.8,18.2,66.6,X, ,X,매우높음
6/20/2023,함양군(264),X,27.2,28.6,23,17.1,62.3,X, ,X,매우높음
6/20/2023,진도군ASOS(268),X,25.8,24.3,21.5,18.5,87,X, ,X,보통
6/20/2023,봉화(271),X,24.8,25.2,20.2,14.3,71.3,X, ,X,보통
6/20/2023,영주(272),X,25.5,25.2,20.9,16.1,75.1,X, ,X,보통
6/20/2023,문경(273),X,26.2,25.7,21.5,17.1,74.8,X, ,X,보통
6/20/2023,청송군(276),X,25.9,26.2,20.5,14.5,74.3,X, ,X,매우높음
6/20/2023,영덕(277),X,25.3,24.5,20.2,17.2,83.6,X, ,X,매우높음
6/20/2023,의성(278),X,27.8,28.7,22.4,16,68.1,X, ,X,높음
6/20/2023,구미(279),X,27.3,28.1,23.3,18.1,62.8,X, ,X,매우높음
6/20/2023,영천(281),X,26.2,26.1,21.7,17.9,73.5,X, ,X,매우높음
6/20/2023,경주시(283),X,27.1,27.9,21.8,17.1,72.9,X, ,X,매우높음
6/20/2023,거창(284),X,26.4,26.9,21.9,16,68.1,X, ,X,매우높음
6/20/2023,합천(285),X,27.4,28.8,23.4,18,63.6,X, ,X,매우높음
6/20/2023,밀양(288),X,28,30.5,24,18.2,56.9,X, ,X,매우높음
6/20/2023,산청(289),X,27.2,27.7,22.7,17.8,69.3,X, ,X,매우높음
6/20/2023,거제(294),X,26.8,26.8,22.2,20.3,73.8,X, ,X,매우높음
6/20/2023,남해(295),X,26.7,26.9,22.7,18.8,71.8,X, ,X,매우높음
6/20/2023,부천(433),X,24.1,24.8,22.3,18,61,X, ,X,보통
6/20/2023,안양(434),X,22.6,26.1,24.3,19.5,,X, ,X,보통
6/20/2023,광명(437),X,26.1,26.8,24.9,19.8,55,X, ,X,보통
6/20/2023,군포(438),X,25.5,26,23.9,19.3,57,X, ,X,보통
6/20/2023,김포(441),X,,25.8,22.8,19.4,,X, ,X,보통
6/20/2023,하남(444),X,25.9,25.4,23,18.6,65,X, ,X,보통
6/20/2023,의왕(445),X,24.9,24.7,22,18.7,68,X, ,X,보통
6/20/2023,포천(504),X,27.7,26.1,23.3,19.9,77,X, ,X,보통
6/20/2023,가평조종(505),X,26.5,24.7,22.3,19.5,88,X, ,X,보통
6/20/2023,안성(516),X,26.1,26.7,23.2,18.6,61,X, ,X,보통
6/20/2023,간성(517),X,24.1,22.5,20.5,19.5,84,X, ,X,낮음
6/20/2023,평창(526),X,26.7,28.5,22.4,17.4,61,X, ,X,낮음
6/20/2023,의정부(532),X,27.8,25.5,22.9,19.4,91,X, ,X,보통
6/20/2023,횡성(536),X,27.1,27.4,23.7,19.5,65,X, ,X,낮음
6/20/2023,고양(540),X,,,,,,X, ,X,보통
6/20/2023,남양주(541),X,26.9,26.3,23.6,20.3,74,X, ,X,보통
6/20/2023,안산(545),X,25.5,24.5,20.7,16.7,83,X, ,X,보통
6/20/2023,경기광주(546),X,25.2,25.5,23,19,61,X, ,X,보통
6/20/2023,여주(548),X,26.8,27.9,23.4,18.8,62,X, ,X,보통
6/20/2023,용인(549),X,24.5,,,,,X, ,X,보통
6/20/2023,오산(550),X,25.8,26,22.2,18.6,71,X, ,X,보통
6/20/2023,평택(551),X,26.1,26.2,23.4,19.3,66,X, ,X,보통
6/20/2023,화천(555),X,26.6,24.3,21.6,19.4,95,X, ,X,낮음
6/20/2023,양구(556),X,25.9,25.4,21.3,17.9,77,X, ,X,낮음
6/20/2023,시흥(565),X,26.1,25.8,22.7,18.9,72,X, ,X,보통
6/20/2023,구리(569),X,27,26.4,23.8,19.7,68,X, ,X,보통
6/20/2023,화성(571),X,25.8,25.8,23.2,19.6,66,X, ,X,보통
6/20/2023,성남(572),X,24.9,26,23.6,19.2,54,X, ,X,보통
6/20/2023,과천(590),X,26.1,25.5,22.4,19.3,74,X, ,X,보통
6/20/2023,양주(598),X,27.2,25.7,23.1,19.7,80,X, ,X,보통
6/20/2023,단양(601),X,26.6,28.9,23.2,18.8,62,X, ,X,보통
6/20/2023,진천(602),X,26.4,27.7,23.4,19.6,64,X, ,X,보통
6/20/2023,괴산(603),X,26.3,26.7,22,16.5,69,X, ,X,보통
6/20/2023,옥천(604),X,27.7,28.2,24.6,20.9,60,X, ,X,높음
6/20/2023,홍북(608),X,25.8,26.1,21.5,18.8,76,X, ,X,보통
6/20/2023,공주(612),X,26.6,27.1,23.4,19.2,65,X, ,X,높음
6/20/2023,서천(614),X,27.6,27.3,22.9,19.8,78,X, ,X,높음
6/20/2023,논산(615),X,28.1,28.4,24.7,20.9,62,X, ,X,높음
6/20/2023,당진(616),X,26,25.9,22.2,19.5,79,X, ,X,보통
6/20/2023,청양(618),X,26.7,26.5,21.8,17.2,80,X, ,X,보통
6/20/2023,음성(619),X,25.6,26.3,21.4,17.3,65,X, ,X,보통
6/20/2023,증평(623),X,26.5,26.7,23.3,19.3,64,X, ,X,보통
6/20/2023,태안(627),X,26.6,25.8,22.2,19.2,81,X, ,X,보통
6/20/2023,예산(628),X,26.5,26.6,22.7,19.7,78,X, ,X,보통
6/20/2023,아산(634),X,26.3,26.8,23.7,19.6,64,X, ,X,보통
6/20/2023,계룡(636),X,26.8,26.8,22.3,18.3,70,X, ,X,보통
6/20/2023,연천청산(652),X,26.5,25.5,23,20.3,80,X, ,X,보통
6/20/2023,양양(670),X,24,22.6,20.7,18.5,83,X, ,X,낮음
6/20/2023,무안(699),X,26.8,27.5,22.2,19.4,77,X, ,X,높음
6/20/2023,무주(701),X,27.1,28.1,23.2,18.4,59,X, ,X,높음
6/20/2023,익산(702),X,27.5,28.7,24.1,20.6,68,X, ,X,높음
6/20/2023,진안(703),X,26.7,29,23.3,19.1,60,X, ,X,매우높음
6/20/2023,담양(706),X,28.8,29.6,23.9,20.2,77,X, ,X,높음
6/20/2023,구례(709),X,28.1,29.7,24.7,20.1,66,X, ,X,매우높음
6/20/2023,나주(710),X,27.5,28,22.6,19.3,79,X, ,X,높음
6/20/2023,순천시(712),X,28.2,29.2,24.3,20.8,66,X, ,X,매우높음
6/20/2023,광양읍(713),X,28.8,30.3,24.4,20.9,66,X, ,X,매우높음
6/20/2023,장성(730),X,27.3,28.7,22.8,18.7,73,X, ,X,높음
6/20/2023,영암(731),X,27,27.6,22.8,20.1,79,X, ,X,높음
6/20/2023,보성(732),X,26.2,26.1,21.2,18.8,79,X, ,X,높음
6/20/2023,완주(734),X,28.5,29.2,23.4,17.4,72,X, ,X,높음
6/20/2023,김제(737),X,27.8,28.4,24,20.3,72,X, ,X,높음
6/20/2023,화순(741),X,28,29.1,23.9,20.5,66,X, ,X,높음
6/20/2023,함평(754),X,27.4,28,22.5,19.5,77,X, ,X,높음
6/20/2023,곡성(768),X,27.9,29.7,23.8,18.5,68,X, ,X,높음
6/20/2023,압해도(789),X,26.3,26.7,21.9,19.5,83,X, ,X,높음
6/20/2023,영양(801),X,25.8,25.1,19.9,16,81,X, ,X,매우높음
6/20/2023,성주(810),X,27.4,28.4,23.5,16.9,63,X, ,X,매우높음
6/20/2023,고령(812),X,27.2,27.7,23,17.3,73,X, ,X,매우높음
6/20/2023,청도(813),X,29.3,29.7,22.8,16.9,67,X, ,X,매우높음
6/20/2023,예천(815),X,27.2,27.6,22.2,16.9,68,X, ,X,보통
6/20/2023,김천(822),X,27.8,27.8,22.4,14.9,72,X, ,X,높음
6/20/2023,군위(823),X,27.2,27.6,22.5,16.4,72,X, ,X,매우높음
6/20/2023,칠곡(825),X,27.8,28.3,23.5,18.4,71,X, ,X,매우높음
6/20/2023,경산(827),X,28.1,29,22.6,18.7,71,X, ,X,매우높음
6/20/2023,삼척(876),X,25.3,24.3,20.7,17.6,78,X, ,X,낮음
6/20/2023,속초(90),X,24.6,23.1,21.1,20.3,84.3,X, ,X,낮음
6/20/2023,삼천포(907),X,28.4,28.3,22.7,18.1,72,X, ,X,매우높음
6/20/2023,고성(918),X,28,27.8,22.7,18.9,72,X, ,X,매우높음
6/20/2023,창녕(919),X,28.8,30.3,24.2,20.2,63,X, ,X,매우높음
6/20/2023,함안(920),X,29,29.6,23,18.4,73,X, ,X,매우높음
6/20/2023,북춘천(93),X,26.7,25.6,22.8,20.4,83,X, ,X,낮음
6/20/2023,하동(932),X,28.5,29,23.9,19.9,70,X, ,X,매우높음
6/20/2023,철원(95),X,26.5,25,22.3,20.1,82.6,X, ,X,낮음
6/20/2023,동두천(98),X,27.1,25.3,22.9,19.8,82.4,X, ,X,보통
6/20/2023,파주(99),X,26.5,24.7,22.4,19.5,88.3,X, ,X,보통
6/21/2023,북강릉(104),X,22.8,20,18.5,17.1,92.6,X, ,X,낮음
6/21/2023,동해(106),X,23.8,20.8,18.9,17.3,93.4,X, ,X,낮음
6/21/2023,서울(108),X,24.7,22.1,20.5,19.2,92.6,X, ,X,보통
6/21/2023,인천(112),X,24.8,22.7,20.4,18.7,87.1,X, ,X,보통
6/21/2023,원주(114),X,24.2,21.9,20.4,18.5,88.4,X, ,X,낮음
6/21/2023,울릉도(115),X,24.9,21.7,20.6,19.4,97.8,X, ,X,보통
6/21/2023,수원(119),X,25.5,23.5,20.2,18.3,92.8,X, ,X,보통
6/21/2023,영월(121),X,24.4,21.7,19.7,17.4,94.3,X, ,X,낮음
6/21/2023,충주(127),X,24.6,22.5,20.4,18.3,91.3,X, ,X,보통
6/21/2023,서산(129),X,25.4,23.8,20.7,18.8,90.8,X, ,X,보통
6/21/2023,울진(130),X,24.8,22.3,19.3,17.4,90.6,X, ,X,보통
6/21/2023,청주(131),X,25.5,23.2,21.6,20.1,84.6,X, ,X,보통
6/21/2023,대전(133),X,26.5,24.4,21.3,19.5,87.1,X, ,X,높음
6/21/2023,추풍령(135),X,25,23,20.6,18.3,86.9,X, ,X,높음
6/21/2023,안동(136),X,24.2,21.4,19.7,17.6,94.8,X, ,X,보통
6/21/2023,상주(137),X,24.5,21.6,19.8,18.1,96.9,X, ,X,보통
6/21/2023,포항(138),X,26.2,24.2,21.7,19.9,86.3,X, ,X,높음
6/21/2023,군산(140),X,26,23.4,21.1,18.7,90,X, ,X,높음
6/21/2023,대구(143),X,25.9,23.9,21.4,18.5,89.9,X, ,X,높음
6/21/2023,전주(146),X,25.9,24.2,21.7,20,85.3,X, ,X,높음
6/21/2023,울산(152),X,25.9,23.7,20.8,18.8,91.6,X, ,X,보통
6/21/2023,창원(155),X,26,23.5,21.2,18.6,89.3,X, ,X,높음
6/21/2023,광주(156),X,26.6,23.4,22.2,20.7,98.4,X, ,X,높음
6/21/2023,부산(159),X,25.3,23,20.9,18.6,88.1,X, ,X,높음
6/21/2023,통영(162),X,26.3,24,20.9,19.4,93.8,X, ,X,매우높음
6/21/2023,목포(165),X,25.1,22.3,21.3,20.6,92.9,X, ,X,높음
6/21/2023,여수(168),X,25,22.5,21.3,19.7,92.8,X, ,X,높음
6/21/2023,흑산도(169),X,25,22.6,20,17.7,96.9,X, ,X,높음
6/21/2023,완도(170),X,27.5,25.1,22.2,21.1,91.4,X, ,X,높음
6/21/2023,고창(172),X,25.5,23.8,21.6,20,78.4,X, ,X,높음
6/21/2023,제주(184),X,26,23.8,22.3,21.5,86.6,X, ,X,매우높음
6/21/2023,진주(192),X,26.2,23.6,21.3,19.6,94.4,X, ,X,높음
6/21/2023,양평(202),X,25.2,23.1,20.4,18.5,91.1,X, ,X,보통
6/21/2023,이천(203),X,25.8,22.7,20.2,18,99.1,X, ,X,보통
6/21/2023,인제(211),X,24.2,22.3,19.3,17.3,87.6,X, ,X,낮음
6/21/2023,홍천(212),X,24.6,22,19.6,17.7,92.5,X, ,X,낮음
6/21/2023,태백(216),X,23.9,22.4,17.4,14.2,91.8,X, ,X,낮음
6/21/2023,정선군(217),X,23.9,21.5,19.3,17.1,90.9,X, ,X,낮음
6/21/2023,제천(221),X,24.1,21.1,19.2,17.1,98.5,X, ,X,보통
6/21/2023,보은(226),X,25.4,23,20.4,19,90.8,X, ,X,보통
6/21/2023,천안(232),X,26,22.8,20.5,19.1,99,X, ,X,보통
6/21/2023,보령(235),X,26.8,24.8,20.8,19.1,93.8,X, ,X,보통
6/21/2023,부여(236),X,27.1,25.2,21.7,19.7,91,X, ,X,보통
6/21/2023,금산(238),X,26.2,24,21.4,19.6,88.8,X, ,X,높음
6/21/2023,세종(239),X,26.2,23.3,20.8,19.8,92.6,X, ,X,보통
6/21/2023,부안(243),X,26,23.4,21.8,20.2,89.6,X, ,X,높음
6/21/2023,임실(244),X,25.4,22.5,20.7,19.4,90.4,X, ,X,높음
6/21/2023,정읍(245),X,25.6,23.9,21.9,19.9,81.9,X, ,X,높음
6/21/2023,남원(247),X,27.2,25,21.9,19.8,85.8,X, ,X,높음
6/21/2023,장수(248),X,25.5,23.3,21,19.2,84.1,X, ,X,높음
6/21/2023,영광군(252),X,25.7,23.2,21.4,19.5,89.8,X, ,X,높음
6/21/2023,김해시(253),X,27,23.7,21.2,18.8,98.3,X, ,X,높음
6/21/2023,순창군(254),X,26.4,24,21.8,20.4,90.3,X, ,X,높음
6/21/2023,양산시(257),X,27.6,24.9,22,19.5,96,X, ,X,보통
6/21/2023,강진군(259),X,26.5,23.9,22.2,21.2,91.6,X, ,X,높음
6/21/2023,장흥(260),X,26.7,23.8,22,20.6,94.3,X, ,X,높음
6/21/2023,해남(261),X,26.5,23.6,21.8,20.7,96.1,X, ,X,높음
6/21/2023,고흥(262),X,26.1,24,21.7,19.8,91,X, ,X,높음
6/21/2023,의령군(263),X,26.5,24.2,21.9,19.9,90.8,X, ,X,높음
6/21/2023,함양군(264),X,27.5,26.3,22.3,19.5,78.8,X, ,X,높음
6/21/2023,진도군ASOS(268),X,25.8,23,21.2,19.8,94.5,X, ,X,높음
6/21/2023,봉화(271),X,23.6,20.9,19,16.4,95,X, ,X,보통
6/21/2023,영주(272),X,23.9,20.8,18.8,16.3,99.8,X, ,X,보통
6/21/2023,문경(273),X,24.4,21.6,19.4,17.2,96.9,X, ,X,보통
6/21/2023,청송군(276),X,25.2,22.7,20.3,17.1,93.9,X, ,X,보통
6/21/2023,영덕(277),X,26.4,24,20,18,93.5,X, ,X,보통
6/21/2023,의성(278),X,25.8,23.1,20.6,18,96.8,X, ,X,보통
6/21/2023,구미(279),X,26.4,24.9,21.3,19,88,X, ,X,보통
6/21/2023,영천(281),X,25.6,23.3,21.1,18.4,93.5,X, ,X,높음
6/21/2023,경주시(283),X,26.3,24.2,21.7,19.2,88.4,X, ,X,높음
6/21/2023,거창(284),X,27.4,25.6,21.1,19,88.3,X, ,X,높음
6/21/2023,합천(285),X,25.7,23.4,21.1,19.3,91.1,X, ,X,보통
6/21/2023,밀양(288),X,25.8,23.7,21.6,19.8,88,X, ,X,높음
6/21/2023,산청(289),X,26.2,23.9,21.2,19,91.4,X, ,X,높음
6/21/2023,거제(294),X,26.4,24.2,21.2,19.1,92.9,X, ,X,높음
6/21/2023,남해(295),X,26,23.4,21.4,19.7,94.3,X, ,X,높음
6/21/2023,부천(433),X,23.6,22,19.3,17.1,85,X, ,X,보통
6/21/2023,안양(434),X,23,22.6,20.6,18.5,,X, ,X,보통
6/21/2023,광명(437),X,25.4,23.7,21.1,19.1,84,X, ,X,보통
6/21/2023,군포(438),X,25.3,23.7,20.4,18.2,86,X, ,X,보통
6/21/2023,김포(441),X,,22.4,20.2,18.8,,X, ,X,보통
6/21/2023,하남(444),X,23.7,21.4,19.2,17.6,90,X, ,X,보통
6/21/2023,의왕(445),X,24.5,22.3,19.8,17.8,92,X, ,X,보통
6/21/2023,포천(504),X,24,22,19.7,17.9,87,X, ,X,낮음
6/21/2023,가평조종(505),X,24.8,22.4,19.5,17.9,96,X, ,X,낮음
6/21/2023,안성(516),X,25.7,22.5,20.4,18.5,98,X, ,X,보통
6/21/2023,간성(517),X,22.7,20.1,18.5,16.8,92,X, ,X,낮음
6/21/2023,평창(526),X,24.3,22.2,19.8,17.6,89,X, ,X,낮음
6/21/2023,의정부(532),X,24.5,21.4,19.5,17.7,98,X, ,X,보통
6/21/2023,횡성(536),X,24.5,21.7,20.1,18.4,93,X, ,X,낮음
6/21/2023,고양(540),X,,,,,,X, ,X,보통
6/21/2023,남양주(541),X,25.2,22.6,20.1,18.1,91,X, ,X,보통
6/21/2023,안산(545),X,25.9,23.9,19.8,18,96,X, ,X,보통
6/21/2023,경기광주(546),X,24.1,21.6,19.4,17.9,90,X, ,X,보통
6/21/2023,여주(548),X,24.9,21.7,19.8,17.7,99,X, ,X,보통
6/21/2023,용인(549),X,24.1,,,,,X, ,X,보통
6/21/2023,오산(550),X,25.7,23.3,20.5,18.6,94,X, ,X,보통
6/21/2023,평택(551),X,26.5,23.3,20.6,19.1,100,X, ,X,보통
6/21/2023,화천(555),X,24.6,22,19.1,17.5,95,X, ,X,낮음
6/21/2023,양구(556),X,24,22,19,16.9,87,X, ,X,낮음
6/21/2023,시흥(565),X,26.1,24.2,20.7,18.7,92,X, ,X,보통
6/21/2023,구리(569),X,24.7,22.3,19.9,18.2,88,X, ,X,보통
6/21/2023,화성(571),X,25.5,23.1,20.2,18.7,94,X, ,X,보통
6/21/2023,성남(572),X,24.3,22.8,20.4,18.3,81,X, ,X,보통
6/21/2023,과천(590),X,25,22.3,20,18.2,97,X, ,X,보통
6/21/2023,양주(598),X,24.2,21.8,19.5,17.3,94,X, ,X,보통
6/21/2023,단양(601),X,24.8,22.4,20.1,17.6,96,X, ,X,낮음
6/21/2023,진천(602),X,26.2,23.8,21.1,19.4,88,X, ,X,보통
6/21/2023,괴산(603),X,25.2,22.6,20.5,18.5,92,X, ,X,보통
6/21/2023,옥천(604),X,28.1,26.1,22.3,20.5,91,X, ,X,보통
6/21/2023,홍북(608),X,26.7,24.8,20,18.4,97,X, ,X,보통
6/21/2023,공주(612),X,26,23.6,21,19.5,92,X, ,X,보통
6/21/2023,서천(614),X,25.5,22.7,20.7,18.8,93,X, ,X,보통
6/21/2023,논산(615),X,27.3,25.4,22.3,20.5,88,X, ,X,보통
6/21/2023,당진(616),X,25.9,23.9,20.5,19.1,96,X, ,X,보통
6/21/2023,청양(618),X,26.3,24,20.6,18.5,94,X, ,X,보통
6/21/2023,음성(619),X,24.1,21.6,19.5,17.6,92,X, ,X,보통
6/21/2023,증평(623),X,26,23.2,20.7,19,95,X, ,X,보통
6/21/2023,태안(627),X,26.7,24.2,20.4,17.7,95,X, ,X,보통
6/21/2023,예산(628),X,25.8,23.5,21,19.5,94,X, ,X,보통
6/21/2023,아산(634),X,25.3,23.4,20.9,19.4,92,X, ,X,보통
6/21/2023,계룡(636),X,26.4,23.9,20.7,19.6,93,X, ,X,보통
6/21/2023,연천청산(652),X,24.2,22.6,19.4,16.8,90,X, ,X,낮음
6/21/2023,양양(670),X,23.7,21.7,19.3,17.9,88,X, ,X,낮음
6/21/2023,무안(699),X,25.3,22.6,21.5,20.4,91,X, ,X,높음
6/21/2023,무주(701),X,26.6,25,21.7,19.5,87,X, ,X,높음
6/21/2023,익산(702),X,26,23.8,21.9,19.8,87,X, ,X,높음
6/21/2023,진안(703),X,24.7,22.4,20.1,18.7,92,X, ,X,높음
6/21/2023,담양(706),X,28,25.4,22.3,20.9,95,X, ,X,높음
6/21/2023,구례(709),X,27.1,24.7,22.9,21.1,87,X, ,X,높음
6/21/2023,나주(710),X,26.3,23.6,22,20,92,X, ,X,높음
6/21/2023,순천시(712),X,27.5,25.3,22.8,21.1,87,X, ,X,높음
6/21/2023,광양읍(713),X,27.6,25.1,22.4,20.2,92,X, ,X,높음
6/21/2023,장성(730),X,25.5,22.9,21.2,19.7,91,X, ,X,높음
6/21/2023,영암(731),X,27,24.4,22.5,21.2,93,X, ,X,높음
6/21/2023,보성(732),X,26.6,24.2,21,18.9,92,X, ,X,높음
6/21/2023,완주(734),X,27.1,24.8,21.2,19.6,94,X, ,X,높음
6/21/2023,김제(737),X,26,23.3,21.7,19.4,91,X, ,X,높음
6/21/2023,화순(741),X,26,,,,,X, ,X,높음
6/21/2023,함평(754),X,25.9,23.3,21.7,20.4,90,X, ,X,높음
6/21/2023,곡성(768),X,27.6,25.4,22.4,20.4,84,X, ,X,높음
6/21/2023,압해도(789),X,26.6,24.3,21.3,19.9,96,X, ,X,높음
6/21/2023,영양(801),X,24.8,21.6,19.8,17.1,99,X, ,X,보통
6/21/2023,성주(810),X,26.5,24.7,21.8,19.3,90,X, ,X,보통
6/21/2023,고령(812),X,26.7,23.6,21.3,19.5,98,X, ,X,보통
6/21/2023,청도(813),X,25.4,22.5,21,19.2,94,X, ,X,높음
6/21/2023,예천(815),X,24.5,22.1,19.6,17,94,X, ,X,보통
6/21/2023,김천(822),X,27.5,25.6,21.3,19,92,X, ,X,보통
6/21/2023,군위(823),X,26.9,24.6,21.1,18.3,94,X, ,X,보통
6/21/2023,칠곡(825),X,26.8,23.9,21.7,19.5,98,X, ,X,보통
6/21/2023,경산(827),X,26,23.7,21.3,18.6,92,X, ,X,보통
6/21/2023,삼척(876),X,24.1,21.8,18.9,17.3,88,X, ,X,낮음
6/21/2023,속초(90),X,23.7,21.3,18.8,17.8,89.1,X, ,X,낮음
6/21/2023,삼천포(907),X,25.7,23,20.8,19,95,X, ,X,높음
6/21/2023,고성(918),X,25.9,23.2,21.4,19.5,94,X, ,X,높음
6/21/2023,창녕(919),X,26.7,23.7,21.7,19.9,98,X, ,X,높음
6/21/2023,함안(920),X,26.2,23.6,21.5,19.5,93,X, ,X,높음
6/21/2023,북춘천(93),X,24.7,22.2,19.6,17.7,92,X, ,X,낮음
6/21/2023,하동(932),X,26.7,24.3,21.8,19.9,93,X, ,X,높음
6/21/2023,철원(95),X,24.1,22.7,19,16.4,87.9,X, ,X,낮음
6/21/2023,동두천(98),X,24.2,21.6,19,17.1,96.4,X, ,X,낮음
6/21/2023,파주(99),X,24.7,22.3,19.1,17,96.4,X, ,X,보통
6/22/2023,북강릉(104),X,25.4,24.4,19.7,15.9,85.1,X, ,X,낮음
6/22/2023,동해(106),X,23.9,21.8,19.3,16.7,90.3,X, ,X,낮음
6/22/2023,서울(108),X,27.2,26.4,22.5,18.9,77.1,X, ,X,높음
6/22/2023,인천(112),X,26.3,25.1,21.5,19,78.5,X, ,X,매우높음
6/22/2023,원주(114),X,26.3,26.5,21.9,19.6,73,X, ,X,낮음
6/22/2023,울릉도(115),X,24.7,23,20.3,18,86,X, ,X,높음
6/22/2023,수원(119),X,26.6,25.8,21.9,18.6,80.1,X, ,X,높음
6/22/2023,영월(121),X,26.3,25.6,21,19,82.1,X, ,X,낮음
6/22/2023,충주(127),X,26.9,26.4,21.2,18.7,84,X, ,X,보통
6/22/2023,서산(129),X,27,26.5,22.1,18.2,78.9,X, ,X,매우높음
6/22/2023,울진(130),X,24.2,22.4,19.6,18,87.5,X, ,X,높음
6/22/2023,청주(131),X,28,28.7,23.7,19.7,69.3,X, ,X,보통
6/22/2023,대전(133),X,28,28.4,22.9,19.1,69.3,X, ,X,보통
6/22/2023,추풍령(135),X,26.4,26.2,21.7,19,75.1,X, ,X,높음
6/22/2023,안동(136),X,27.5,26.9,22.1,18.2,80.6,X, ,X,높음
6/22/2023,상주(137),X,28.6,28.4,23.1,19.9,75.3,X, ,X,높음
6/22/2023,포항(138),X,27.8,28.2,23.3,19.3,70.6,X, ,X,높음
6/22/2023,군산(140),X,25.5,24.3,21.7,19.1,79.8,X, ,X,높음
6/22/2023,대구(143),X,28.2,29.1,24.6,20.6,65.8,X, ,X,높음
6/22/2023,전주(146),X,27.4,26.9,22.2,19.7,75.6,X, ,X,보통
6/22/2023,울산(152),X,26.9,25.6,22.7,19.3,79.5,X, ,X,매우높음
6/22/2023,창원(155),X,29.1,29.7,24.3,19.5,68,X, ,X,매우높음
6/22/2023,광주(156),X,28.3,27.5,22.8,20.2,85.6,X, ,X,높음
6/22/2023,부산(159),X,26.8,26.2,23.1,20.8,73.9,X, ,X,매우높음
6/22/2023,통영(162),X,27.8,27.6,23.5,20.2,75.5,X, ,X,매우높음
6/22/2023,목포(165),X,26.4,25.5,22,20,84,X, ,X,매우높음
6/22/2023,여수(168),X,28.2,28,24,20.3,67.3,X, ,X,높음
6/22/2023,흑산도(169),X,26.5,25.2,21.4,18.1,86.1,X, ,X,매우높음
6/22/2023,완도(170),X,27.8,27.1,23.2,20.2,76.8,X, ,X,매우높음
6/22/2023,고창(172),X,26.4,26,21.9,19,73.1,X, ,X,높음
6/22/2023,제주(184),X,27.2,27.3,23.3,20.7,71,X, ,X,매우높음
6/22/2023,진주(192),X,29.3,29.7,23.6,18.2,73.4,X, ,X,높음
6/22/2023,양평(202),X,27.4,27.4,22.1,19,77.5,X, ,X,보통
6/22/2023,이천(203),X,28,27.3,22.3,19.3,82.3,X, ,X,높음
6/22/2023,인제(211),X,26,25.6,20.2,16.4,80,X, ,X,낮음
6/22/2023,홍천(212),X,26.3,26.1,20.8,17.7,82.1,X, ,X,낮음
6/22/2023,태백(216),X,24.6,24.5,18.3,14.5,79.4,X, ,X,낮음
6/22/2023,정선군(217),X,25.8,25.8,20.8,17.7,78.8,X, ,X,낮음
6/22/2023,제천(221),X,26.4,25.7,20.6,17.6,85.6,X, ,X,높음
6/22/2023,보은(226),X,27.1,26.8,22.1,18.9,77.5,X, ,X,보통
6/22/2023,천안(232),X,27,26.9,22.4,19.4,82.5,X, ,X,보통
6/22/2023,보령(235),X,26.6,25.7,21.2,18.3,85.8,X, ,X,높음
6/22/2023,부여(236),X,27.9,27.8,22.3,18.6,77.8,X, ,X,보통
6/22/2023,금산(238),X,27.4,27.3,22.2,19.3,73.8,X, ,X,보통
6/22/2023,세종(239),X,27.9,27.7,22.5,19,76.3,X, ,X,보통
6/22/2023,부안(243),X,26.6,25.9,22.4,19.5,78.8,X, ,X,높음
6/22/2023,임실(244),X,26.5,26.1,20.9,18.3,80.4,X, ,X,보통
6/22/2023,정읍(245),X,27.1,26.8,21.8,19.2,76.1,X, ,X,높음
6/22/2023,남원(247),X,27.5,27.7,22,18.9,74.9,X, ,X,보통
6/22/2023,장수(248),X,25.6,25.2,20.1,16.9,80.3,X, ,X,보통
6/22/2023,영광군(252),X,26.9,26.1,21.7,18.7,82.3,X, ,X,높음
6/22/2023,김해시(253),X,29.4,28.1,24,20.8,79,X, ,X,높음
6/22/2023,순창군(254),X,27.2,26.9,21.9,18.8,77.6,X, ,X,보통
6/22/2023,양산시(257),X,29.7,29.8,24.6,21.8,78.3,X, ,X,높음
6/22/2023,강진군(259),X,28.1,27.6,23.3,19.8,76.5,X, ,X,매우높음
6/22/2023,장흥(260),X,28.1,27.9,23,19.7,77.8,X, ,X,매우높음
6/22/2023,해남(261),X,27.8,27.2,22.6,19.8,83.8,X, ,X,매우높음
6/22/2023,고흥(262),X,27.4,27.1,22.4,17.9,74.9,X, ,X,높음
6/22/2023,의령군(263),X,29.9,30.2,24.7,19.3,69.1,X, ,X,보통
6/22/2023,함양군(264),X,27.8,28.4,23.2,19.6,65.4,X, ,X,보통
6/22/2023,진도군ASOS(268),X,26.6,25.5,21.6,17.8,85,X, ,X,매우높음
6/22/2023,봉화(271),X,25.4,24.9,20.2,17.2,84.4,X, ,X,높음
6/22/2023,영주(272),X,26.6,26.4,21.2,17.9,81.6,X, ,X,높음
6/22/2023,문경(273),X,27.1,26.7,22.2,19.5,76.3,X, ,X,높음
6/22/2023,청송군(276),X,28.1,27.8,21.9,17.6,81.4,X, ,X,보통
6/22/2023,영덕(277),X,25.9,24.3,20.3,17.2,87.3,X, ,X,보통
6/22/2023,의성(278),X,28.1,28,22.4,18.6,82.8,X, ,X,높음
6/22/2023,구미(279),X,28.3,29,23.5,18.7,70.1,X, ,X,높음
6/22/2023,영천(281),X,27.9,28,22.9,18.3,75.8,X, ,X,매우높음
6/22/2023,경주시(283),X,29.1,29.8,24.2,19.3,69.8,X, ,X,높음
6/22/2023,거창(284),X,28.1,28,21.9,16.5,73.1,X, ,X,높음
6/22/2023,합천(285),X,28.8,29.9,24.1,17.9,65.1,X, ,X,높음
6/22/2023,밀양(288),X,28.4,29.3,24.7,20.8,67.4,X, ,X,높음
6/22/2023,산청(289),X,28.3,28.6,23.4,18,68.5,X, ,X,높음
6/22/2023,거제(294),X,28.3,28.4,23.4,19.4,74.5,X, ,X,매우높음
6/22/2023,남해(295),X,28.4,28.9,24.3,19,66.4,X, ,X,높음
6/22/2023,부천(433),X,25.5,25.2,20.7,17.5,72,X, ,X,높음
6/22/2023,안양(434),X,24.2,26,22,19.6,,X, ,X,높음
6/22/2023,광명(437),X,27.5,27.4,22.8,19.8,71,X, ,X,높음
6/22/2023,군포(438),X,26.7,26.4,22.2,19.1,72,X, ,X,높음
6/22/2023,김포(441),X,,25.9,21.9,17.8,,X, ,X,높음
6/22/2023,하남(444),X,26.9,26.3,21,17,76,X, ,X,높음
6/22/2023,의왕(445),X,26.9,26.3,21.1,17.8,80,X, ,X,높음
6/22/2023,포천(504),X,27.6,27.1,21.2,17.3,80,X, ,X,높음
6/22/2023,가평조종(505),X,27.3,26.6,20.2,17,87,X, ,X,보통
6/22/2023,안성(516),X,26.7,26.1,22.1,19.1,83,X, ,X,높음
6/22/2023,간성(517),X,25.8,24.2,20,15.6,86,X, ,X,낮음
6/22/2023,평창(526),X,25.5,25.9,20.9,17.5,76,X, ,X,낮음
6/22/2023,의정부(532),X,28.1,26.4,21.2,17.3,88,X, ,X,높음
6/22/2023,횡성(536),X,27.1,27,21.3,18.4,81,X, ,X,낮음
6/22/2023,고양(540),X,,,,,,X, ,X,높음
6/22/2023,남양주(541),X,28.7,28.2,21.7,18.2,78,X, ,X,보통
6/22/2023,안산(545),X,27.2,26,21.2,18.1,84,X, ,X,매우높음
6/22/2023,경기광주(546),X,26.4,26.5,21.4,17.4,74,X, ,X,높음
6/22/2023,여주(548),X,26.9,26.8,21.1,18.7,87,X, ,X,높음
6/22/2023,용인(549),X,26.3,26.2,21.9,18.6,75,X, ,X,높음
6/22/2023,오산(550),X,28.3,27.7,22.6,19.2,80,X, ,X,높음
6/22/2023,평택(551),X,27.1,26.8,22.4,19.3,82,X, ,X,높음
6/22/2023,화천(555),X,26.7,25.2,20.3,15.6,90,X, ,X,낮음
6/22/2023,양구(556),X,25.5,25.4,20.3,15.5,78,X, ,X,낮음
6/22/2023,시흥(565),X,26.8,25.7,21.8,18.3,83,X, ,X,높음
6/22/2023,구리(569),X,27.4,27.1,21.6,17.8,76,X, ,X,보통
6/22/2023,화성(571),X,27.5,26.7,21.9,19,82,X, ,X,매우높음
6/22/2023,성남(572),X,26.3,26.6,22.1,18.8,67,X, ,X,높음
6/22/2023,과천(590),X,27.9,27.3,22,17.9,81,X, ,X,높음
6/22/2023,양주(598),X,27.7,26.9,21.1,17.3,82,X, ,X,높음
6/22/2023,단양(601),X,26.5,26.5,21.9,19.5,82,X, ,X,보통
6/22/2023,진천(602),X,27,27.2,22.9,19.6,73,X, ,X,높음
6/22/2023,괴산(603),X,27.4,27.2,21.9,18.9,80,X, ,X,보통
6/22/2023,옥천(604),X,28.3,28.5,23.3,20.6,74,X, ,X,보통
6/22/2023,홍북(608),X,28.4,27.9,21.9,17.5,82,X, ,X,높음
6/22/2023,공주(612),X,28.2,28.1,22.7,19.3,75,X, ,X,보통
6/22/2023,서천(614),X,25.7,24.3,21.3,18.8,85,X, ,X,높음
6/22/2023,논산(615),X,28.1,27.8,22.8,19.7,75,X, ,X,보통
6/22/2023,당진(616),X,27.2,26.5,22,18.3,84,X, ,X,매우높음
6/22/2023,청양(618),X,27.8,27,21.4,17.8,83,X, ,X,높음
6/22/2023,음성(619),X,26.7,26.2,21.2,18.1,78,X, ,X,보통
6/22/2023,증평(623),X,27.4,26.9,22.5,19.4,81,X, ,X,보통
6/22/2023,태안(627),X,28.1,27,21.8,17,86,X, ,X,매우높음
6/22/2023,예산(628),X,27.8,27.8,22.6,19.2,80,X, ,X,높음
6/22/2023,아산(634),X,27.6,27,22.2,19,81,X, ,X,높음
6/22/2023,계룡(636),X,27.7,27.4,21.7,18.5,79,X, ,X,보통
6/22/2023,연천청산(652),X,27.2,26.8,20.8,16.9,80,X, ,X,높음
6/22/2023,양양(670),X,26.9,27.3,20.7,16.8,78,X, ,X,낮음
6/22/2023,무안(699),X,27,26.2,22.2,19.1,82,X, ,X,매우높음
6/22/2023,무주(701),X,27.2,27.3,22.1,19.5,73,X, ,X,보통
6/22/2023,익산(702),X,26.7,25.8,22.3,19.8,77,X, ,X,보통
6/22/2023,진안(703),X,25.7,24.8,20.2,17.5,83,X, ,X,보통
6/22/2023,담양(706),X,29.3,28.8,23.5,19.6,81,X, ,X,보통
6/22/2023,구례(709),X,28.4,28.1,23.4,20.5,74,X, ,X,높음
6/22/2023,나주(710),X,28.2,27.3,22.2,18.2,83,X, ,X,매우높음
6/22/2023,순천시(712),X,29.4,30,24.4,20,67,X, ,X,매우높음
6/22/2023,광양읍(713),X,29.7,30.4,24.4,20.1,67,X, ,X,매우높음
6/22/2023,장성(730),X,27.6,27.1,22,18.3,78,X, ,X,높음
6/22/2023,영암(731),X,28,26.9,22.8,19.8,84,X, ,X,매우높음
6/22/2023,보성(732),X,27.4,27.2,22.1,18.3,76,X, ,X,높음
6/22/2023,완주(734),X,28,27.5,21.7,19.1,81,X, ,X,보통
6/22/2023,김제(737),X,27,26,21.8,19.2,83,X, ,X,높음
6/22/2023,화순(741),X,28,28,22.6,18.6,74,X, ,X,높음
6/22/2023,함평(754),X,27.6,26.7,22.3,19.1,81,X, ,X,매우높음
6/22/2023,곡성(768),X,28.1,28.1,22.7,19,74,X, ,X,보통
6/22/2023,압해도(789),X,27.5,25.7,22.2,19.6,90,X, ,X,매우높음
6/22/2023,영양(801),X,27.5,26.6,21.9,19.4,85,X, ,X,높음
6/22/2023,성주(810),X,28.6,29.9,23.7,18.2,68,X, ,X,높음
6/22/2023,고령(812),X,28.3,28.8,23,18.8,76,X, ,X,높음
6/22/2023,청도(813),X,28.5,28.9,23.8,19.9,74,X, ,X,높음
6/22/2023,예천(815),X,26.9,26.8,22,18.6,79,X, ,X,높음
6/22/2023,김천(822),X,28.9,28.7,22.4,17.5,79,X, ,X,높음
6/22/2023,군위(823),X,28.7,28.2,22.1,18.3,86,X, ,X,높음
6/22/2023,칠곡(825),X,28.8,29.3,24,18.8,74,X, ,X,높음
6/22/2023,경산(827),X,28.4,29.1,24.1,20.3,71,X, ,X,매우높음
6/22/2023,삼척(876),X,25.2,24.1,20.3,16.8,82,X, ,X,낮음
6/22/2023,속초(90),X,25.2,23.6,20.4,16.3,82.3,X, ,X,낮음
6/22/2023,삼천포(907),X,28.4,28.6,23.9,19.7,69,X, ,X,높음
6/22/2023,고성(918),X,29.2,29.4,23.8,19.4,77,X, ,X,높음
6/22/2023,창녕(919),X,29.5,29.8,24.4,20.1,78,X, ,X,높음
6/22/2023,함안(920),X,28.4,28.5,24.3,20.7,73,X, ,X,보통
6/22/2023,북춘천(93),X,26.6,26.2,20.9,17.2,82.8,X, ,X,낮음
6/22/2023,하동(932),X,28.8,28.9,23.8,18.5,70,X, ,X,높음
6/22/2023,철원(95),X,27,26.1,19.7,15.8,86,X, ,X,낮음
6/22/2023,동두천(98),X,27.4,25.5,20.6,16.9,86.1,X, ,X,높음
6/22/2023,파주(99),X,28.3,26.8,21.5,16.7,86.1,X, ,X,높음
6/23/2023,북강릉(104),X,24.9,23.4,20.5,17.5,82.6,X, ,X,낮음
6/23/2023,동해(106),X,25.2,24.1,20.6,18.2,85.6,X, ,X,낮음
6/23/2023,서울(108),X,29.8,29.9,24.4,20,76.6,X,관심,X,높음
6/23/2023,인천(112),X,28.2,26.7,23.2,19.6,80.8,X, ,X,매우높음
6/23/2023,원주(114),X,28.9,29.8,24.2,19.8,67.3,X, ,X,낮음
6/23/2023,울릉도(115),X,24,21.9,19.3,17.6,89.3,X, ,X,보통
6/23/2023,수원(119),X,29.1,28.7,23.7,19,78.3,X, ,X,매우높음
6/23/2023,영월(121),X,28.1,28.9,22.8,18.2,71.4,X, ,X,낮음
6/23/2023,충주(127),X,29.3,29.7,23.6,18.2,74.8,X,관심,X,높음
6/23/2023,서산(129),X,29.5,29.8,23.9,19.6,76.3,X, ,X,매우높음
6/23/2023,울진(130),X,25.3,24.2,20.8,17.4,81.6,X, ,X,높음
6/23/2023,청주(131),X,30.4,31.6,26,21.2,62.3,X,관심,X,매우높음
6/23/2023,대전(133),X,30.2,31.8,25.7,20.2,61.3,X,관심,X,매우높음
6/23/2023,추풍령(135),X,29.1,29.5,23.2,16.8,71.5,X, ,X,매우높음
6/23/2023,안동(136),X,29.6,30.3,23.8,17.1,72.4,X,관심,X,높음
6/23/2023,상주(137),X,31.2,31.6,25.2,19.3,67.4,X,관심,X,매우높음
6/23/2023,포항(138),X,25.6,24.4,22.3,20.7,74.5,X, ,X,매우높음
6/23/2023,군산(140),X,29.5,29.3,23.9,20.3,78.8,X, ,X,매우높음
6/23/2023,대구(143),X,29.5,31,24.8,19.6,64.9,X, ,X,매우높음
6/23/2023,전주(146),X,30.3,31.4,25.3,20.4,66,X,관심,X,매우높음
6/23/2023,울산(152),X,26.9,26.2,22.2,19.7,72.8,X, ,X,매우높음
6/23/2023,창원(155),X,28.5,28.3,22.8,19.7,71.3,X, ,X,매우높음
6/23/2023,광주(156),X,31.7,32.1,25,19,78,X,관심,X,매우높음
6/23/2023,부산(159),X,27.3,26.7,23.1,20.8,69.4,X, ,X,매우높음
6/23/2023,통영(162),X,28.4,28,23.1,19.2,74.3,X, ,X,매우높음
6/23/2023,목포(165),X,29.2,28.2,23.7,20,78.5,X, ,X,매우높음
6/23/2023,여수(168),X,27.3,26.6,23.2,20.6,72.1,X, ,X,매우높음
6/23/2023,흑산도(169),X,26.8,25.7,21.2,17,86.4,X, ,X,매우높음
6/23/2023,완도(170),X,29.2,28.7,23.3,18.3,77.6,X, ,X,매우높음
6/23/2023,고창(172),X,29.6,29.8,24.1,17.6,66.5,X, ,X,매우높음
6/23/2023,제주(184),X,26.9,26,23.5,20.8,72.1,X, ,X,매우높음
6/23/2023,진주(192),X,30.1,30.5,23.1,16.9,76.1,X, ,X,매우높음
6/23/2023,양평(202),X,28.7,28.9,23.3,19.7,76.8,X, ,X,높음
6/23/2023,이천(203),X,29.8,29.7,23.7,18.6,80.4,X, ,X,높음
6/23/2023,인제(211),X,29.5,30.1,22.8,18.6,70.6,X, ,X,낮음
6/23/2023,홍천(212),X,28.6,29.1,23,18.7,74.1,X, ,X,낮음
6/23/2023,태백(216),X,24.4,23.5,17.6,12.8,83,X, ,X,낮음
6/23/2023,정선군(217),X,29.2,29.4,22.3,17.2,69,X, ,X,낮음
6/23/2023,제천(221),X,28.6,28.4,22.4,16.8,76.8,X,관심,X,높음
6/23/2023,보은(226),X,29.4,29.8,23.5,18,73.3,X, ,X,매우높음
6/23/2023,천안(232),X,29.5,29.6,23.8,18.9,78.6,X,관심,X,매우높음
6/23/2023,보령(235),X,28.9,28.3,23.3,19.9,82.6,X, ,X,매우높음
6/23/2023,부여(236),X,30.5,31.4,24.6,18.7,74.5,X,관심,X,매우높음
6/23/2023,금산(238),X,30.1,31.5,24.4,18.1,66.9,X,관심,X,매우높음
6/23/2023,세종(239),X,30.3,31.1,24.9,18.7,69.5,X,관심,X,매우높음
6/23/2023,부안(243),X,29.5,29.4,23.6,18.8,79.4,X, ,X,매우높음
6/23/2023,임실(244),X,29.4,30.5,23.6,17,71.1,X,관심,X,매우높음
6/23/2023,정읍(245),X,30.8,31.5,24.5,17.9,70.1,X,관심,X,매우높음
6/23/2023,남원(247),X,30.3,31.9,24.3,16.8,70,X, ,X,매우높음
6/23/2023,장수(248),X,29,30.1,23.2,15.4,70.3,X, ,X,매우높음
6/23/2023,영광군(252),X,29.9,29.3,23.7,18.1,78.6,X, ,X,매우높음
6/23/2023,김해시(253),X,30.4,29.5,23.7,20.1,75.5,X,관심,X,매우높음
6/23/2023,순창군(254),X,31,32.7,24.2,16.8,72,X, ,X,매우높음
6/23/2023,양산시(257),X,30.4,30.2,24.3,19.9,73.4,X, ,X,매우높음
6/23/2023,강진군(259),X,30.3,30.5,24,18.1,76.1,X, ,X,매우높음
6/23/2023,장흥(260),X,29.2,29.3,23.2,17.7,78.1,X, ,X,매우높음
6/23/2023,해남(261),X,30.8,30.4,23.7,19,80.8,X, ,X,매우높음
6/23/2023,고흥(262),X,28.4,28.1,22.4,17.7,78,X, ,X,매우높음
6/23/2023,의령군(263),X,30.9,31.7,24.6,17.9,69.6,X, ,X,매우높음
6/23/2023,함양군(264),X,30.3,32.5,24.2,16.1,65.1,X, ,X,매우높음
6/23/2023,진도군ASOS(268),X,29.7,28.9,22.8,17.8,81.4,X, ,X,매우높음
6/23/2023,봉화(271),X,27.8,27.8,21.1,15.1,75.5,X, ,X,높음
6/23/2023,영주(272),X,28.8,29,22.4,15.4,79.1,X, ,X,높음
6/23/2023,문경(273),X,30.1,30,23.6,17.6,75.6,X, ,X,매우높음
6/23/2023,청송군(276),X,29.2,30.1,22.2,16.2,77.1,X, ,X,높음
6/23/2023,영덕(277),X,25.2,24.2,20.3,17.4,83.3,X, ,X,높음
6/23/2023,의성(278),X,29.9,31,24,16.2,70.5,X,관심,X,매우높음
6/23/2023,구미(279),X,30,31.7,25.6,19,59.4,X,관심,X,매우높음
6/23/2023,영천(281),X,28.8,28.7,22.9,18.4,73.1,X, ,X,매우높음
6/23/2023,경주시(283),X,30,30.3,24,19.8,68.9,X, ,X,매우높음
6/23/2023,거창(284),X,30.2,31.3,23.4,15.5,70.9,X, ,X,매우높음
6/23/2023,합천(285),X,30.1,31.6,24.1,17.3,67.6,X,관심,X,매우높음
6/23/2023,밀양(288),X,29.3,30.5,24.4,19.6,66.4,X, ,X,매우높음
6/23/2023,산청(289),X,30.7,31.6,23.8,16.8,70.4,X, ,X,매우높음
6/23/2023,거제(294),X,28.1,27.7,22.9,18.9,74.3,X, ,X,매우높음
6/23/2023,남해(295),X,28.5,28.1,23.1,19.1,72.5,X, ,X,매우높음
6/23/2023,부천(433),X,27.4,27.4,22.9,18.3,73,X, ,X,매우높음
6/23/2023,안양(434),X,26.2,29,24.4,20.3,,X, ,X,매우높음
6/23/2023,광명(437),X,29.8,30.5,25.2,20,70,X, ,X,매우높음
6/23/2023,군포(438),X,29.6,30.1,24,19.8,73,X, ,X,매우높음
6/23/2023,김포(441),X,,29.3,23.8,19.4,,X, ,X,매우높음
6/23/2023,하남(444),X,28.6,28.7,22.3,17.2,73,X,관심,X,높음
6/23/2023,의왕(445),X,28.7,28.4,22.8,17.8,81,X, ,X,높음
6/23/2023,포천(504),X,29.8,29.9,22.6,17.2,82,X, ,X,매우높음
6/23/2023,가평조종(505),X,29.1,28.8,22,17.7,87,X, ,X,높음
6/23/2023,안성(516),X,29.7,29.7,24.2,19.6,76,X,관심,X,매우높음
6/23/2023,간성(517),X,25.5,23.9,20.6,17.6,86,X, ,X,낮음
6/23/2023,평창(526),X,28.7,29.9,22.2,16.6,68,X, ,X,낮음
6/23/2023,의정부(532),X,29.6,28.8,22.5,17.4,89,X,관심,X,높음
6/23/2023,횡성(536),X,29.6,30.3,23.7,19.1,72,X, ,X,낮음
6/23/2023,고양(540),X,,,,,,X,관심,X,높음
6/23/2023,남양주(541),X,29.8,30,22.9,18.1,79,X,관심,X,높음
6/23/2023,안산(545),X,30,28.9,22.5,16.9,84,X, ,X,매우높음
6/23/2023,경기광주(546),X,28.2,28.2,22.4,18.6,74,X, ,X,높음
6/23/2023,여주(548),X,28.9,28.8,23,18,79,X,관심,X,높음
6/23/2023,용인(549),X,28.4,29,22.8,18,75,X,관심,X,매우높음
6/23/2023,오산(550),X,30.3,29.7,23.4,18.7,83,X,관심,X,매우높음
6/23/2023,평택(551),X,30.5,30.9,24.7,19.8,78,X,관심,X,매우높음
6/23/2023,화천(555),X,29.5,28.5,22.1,18.6,89,X, ,X,낮음
6/23/2023,양구(556),X,29.2,29.9,22.6,18.6,74,X, ,X,낮음
6/23/2023,시흥(565),X,29.2,28.6,23.4,18.4,82,X, ,X,매우높음
6/23/2023,구리(569),X,29.1,29.9,23.5,18.9,72,X,관심,X,높음
6/23/2023,화성(571),X,29.2,28.6,23.9,19.3,77,X, ,X,매우높음
6/23/2023,성남(572),X,28.4,29.6,23.7,18.6,66,X, ,X,매우높음
6/23/2023,과천(590),X,29.9,29.8,23.1,17.4,83,X,관심,X,높음
6/23/2023,양주(598),X,30.1,29.7,23.1,17.9,83,X,관심,X,높음
6/23/2023,단양(601),X,29.5,30.9,24.2,19,70,X, ,X,높음
6/23/2023,진천(602),X,30.1,30.6,24.7,19.6,71,X, ,X,매우높음
6/23/2023,괴산(603),X,29.8,30.4,23.6,18.6,76,X, ,X,높음
6/23/2023,옥천(604),X,30.7,32.1,25.3,18.3,67,X,관심,X,매우높음
6/23/2023,홍북(608),X,30.3,30.5,23.7,19.1,80,X, ,X,매우높음
6/23/2023,공주(612),X,30.3,30.7,24.4,18.2,73,X,관심,X,매우높음
6/23/2023,서천(614),X,29.2,28.5,23.5,19.8,83,X, ,X,매우높음
6/23/2023,논산(615),X,30.7,32,25.2,19.5,71,X,관심,X,매우높음
6/23/2023,당진(616),X,30.1,29.4,23.6,19.2,84,X, ,X,매우높음
6/23/2023,청양(618),X,30.7,30.6,23.6,18.6,80,X,관심,X,매우높음
6/23/2023,음성(619),X,28.8,29.5,22.5,17.3,75,X, ,X,높음
6/23/2023,증평(623),X,30.1,30.1,24.3,19.5,76,X,관심,X,매우높음
6/23/2023,태안(627),X,30.6,29.6,22.8,19.2,86,X, ,X,매우높음
6/23/2023,예산(628),X,30.2,29.5,24.2,19.5,79,X,관심,X,매우높음
6/23/2023,아산(634),X,30.3,30.1,24.4,20,76,X,관심,X,매우높음
6/23/2023,계룡(636),X,29.6,30.6,23.5,17.2,76,X,관심,X,매우높음
6/23/2023,연천청산(652),X,29.2,29.2,22.4,17,81,X,관심,X,높음
6/23/2023,양양(670),X,25,23.8,20.7,17.8,81,X, ,X,낮음
6/23/2023,무안(699),X,30.1,30.3,23.9,18.8,77,X, ,X,매우높음
6/23/2023,무주(701),X,30.1,31.7,24.1,16.8,67,X, ,X,매우높음
6/23/2023,익산(702),X,29.7,30.9,24.7,20.2,68,X,관심,X,매우높음
6/23/2023,진안(703),X,29.4,30.3,23.4,16.9,72,X, ,X,매우높음
6/23/2023,담양(706),X,31.9,32.1,24.9,17.6,79,X,관심,X,매우높음
6/23/2023,구례(709),X,31.5,31.7,24.4,17.4,73,X, ,X,매우높음
6/23/2023,나주(710),X,31.1,30.8,23.7,16.7,80,X, ,X,매우높음
6/23/2023,순천시(712),X,30.2,29.8,24.2,19.1,74,X, ,X,매우높음
6/23/2023,광양읍(713),X,30.1,30.9,24.3,18.3,69,X, ,X,매우높음
6/23/2023,장성(730),X,30.7,31.6,24,16.9,75,X, ,X,매우높음
6/23/2023,영암(731),X,31.2,30.7,24.2,19,80,X, ,X,매우높음
6/23/2023,보성(732),X,29,28.8,22.3,17.4,79,X, ,X,매우높음
6/23/2023,완주(734),X,30.9,31.5,24.4,18.3,74,X,관심,X,매우높음
6/23/2023,김제(737),X,30.7,30.7,24,19.5,79,X, ,X,매우높음
6/23/2023,화순(741),X,30.8,31.6,23.8,17.3,73,X, ,X,매우높음
6/23/2023,함평(754),X,30.3,30.2,23.8,17.7,78,X, ,X,매우높음
6/23/2023,곡성(768),X,31.4,32.7,24.2,16.4,72,X,관심,X,매우높음
6/23/2023,압해도(789),X,29.7,28.3,23.5,19.6,85,X, ,X,매우높음
6/23/2023,영양(801),X,29.8,30,21.7,17.2,82,X, ,X,매우높음
6/23/2023,성주(810),X,30.5,32.6,25.3,17.4,60,X, ,X,매우높음
6/23/2023,고령(812),X,29.8,31,23.8,16.9,73,X, ,X,매우높음
6/23/2023,청도(813),X,30,31.3,23.8,18.2,71,X, ,X,매우높음
6/23/2023,예천(815),X,30,30.6,23.7,16.4,72,X,관심,X,매우높음
6/23/2023,김천(822),X,31.1,32.1,24.2,15.7,70,X,관심,X,매우높음
6/23/2023,군위(823),X,30.6,31.4,24,17.2,73,X,관심,X,매우높음
6/23/2023,칠곡(825),X,30.4,31.8,25.4,19.1,67,X, ,X,매우높음
6/23/2023,경산(827),X,29.9,31.4,24,19,69,X, ,X,매우높음
6/23/2023,삼척(876),X,25.6,24.9,21.3,19,77,X, ,X,낮음
6/23/2023,속초(90),X,26.6,25.3,21.4,17.7,83,X, ,X,낮음
6/23/2023,삼천포(907),X,28.4,27.9,22.5,18.8,77,X, ,X,매우높음
6/23/2023,고성(918),X,29.1,28.5,23.3,18.1,77,X, ,X,매우높음
6/23/2023,창녕(919),X,31.1,31.5,24.3,19.2,72,X,관심,X,매우높음
6/23/2023,함안(920),X,29.9,30,22.8,18,78,X, ,X,매우높음
6/23/2023,북춘천(93),X,29,29.5,23,19,79,X, ,X,낮음
6/23/2023,하동(932),X,29.9,30.5,23.8,17.8,72,X,관심,X,매우높음
6/23/2023,철원(95),X,28.7,28.5,22,16.8,82.9,X, ,X,낮음
6/23/2023,동두천(98),X,29.5,28.8,22.5,17,83.9,X,관심,X,높음
6/23/2023,파주(99),X,29.5,28.6,22.8,17.6,87.3,X,관심,X,높음
6/24/2023,북강릉(104),X,25.5,24.2,20.6,16.2,82.1,X, ,X,낮음
6/24/2023,동해(106),X,25.5,24,20.6,16.4,86.8,X, ,X,낮음
6/24/2023,서울(108),X,31.4,31.1,26.4,21.9,70.5,X,관심,X,매우높음
6/24/2023,인천(112),X,29.2,28.8,24.6,21.4,73,X, ,X,매우높음
6/24/2023,원주(114),X,30.3,31,25.4,19.8,62.5,X,관심,X,낮음
6/24/2023,울릉도(115),X,25.7,23.9,20.6,17.3,87.5,X, ,X,높음
6/24/2023,수원(119),X,30.8,30.7,24.9,20.2,73.9,X,관심,X,매우높음
6/24/2023,영월(121),X,30.5,32.1,24.2,16.2,65.5,X,관심,X,낮음
6/24/2023,충주(127),X,31.7,31.6,25.4,18.8,69.4,X,관심,X,매우높음
6/24/2023,서산(129),X,30.9,31,24.8,20,74.5,X,관심,X,매우높음
6/24/2023,울진(130),X,24.6,23,20.4,15.9,84.1,X, ,X,매우높음
6/24/2023,청주(131),X,31.2,32.4,27.4,23.1,60.3,X,관심,X,매우높음
6/24/2023,대전(133),X,31.6,33.5,27.1,22.1,59.9,X,관심,X,매우높음
6/24/2023,추풍령(135),X,29.3,29.6,23.7,18.2,71,X, ,X,매우높음
6/24/2023,안동(136),X,30.8,31.4,24.7,18.3,67.9,X,관심,X,매우높음
6/24/2023,상주(137),X,31.5,32,25.5,18.7,70.1,X,관심,X,매우높음
6/24/2023,포항(138),X,24.9,23.9,21.8,19.5,78.4,X, ,X,매우높음
6/24/2023,군산(140),X,31.1,31.1,24.7,20.7,74.9,X, ,X,매우높음
6/24/2023,대구(143),X,29.7,30.8,24.5,19.4,66,X,관심,X,매우높음
6/24/2023,전주(146),X,31.3,32.1,26.2,21.8,65.8,X,관심,X,매우높음
6/24/2023,울산(152),X,26.6,26,21.4,18.2,77.6,X, ,X,매우높음
6/24/2023,창원(155),X,27.8,27.2,22,18.7,77.8,X, ,X,매우높음
6/24/2023,광주(156),X,31.5,31.9,25.6,21.4,75.8,X,관심,X,매우높음
6/24/2023,부산(159),X,27,26.5,22.4,20.2,70.5,X, ,X,매우높음
6/24/2023,통영(162),X,28,27.4,22.4,19.4,78.5,X, ,X,매우높음
6/24/2023,목포(165),X,28.8,28.4,24.1,21.3,71.6,X, ,X,매우높음
6/24/2023,여수(168),X,26.7,25.5,22.3,20.8,79.8,X, ,X,매우높음
6/24/2023,흑산도(169),X,24.9,23.4,20.2,18.4,88,X, ,X,매우높음
6/24/2023,완도(170),X,27.1,25.7,22.5,20.7,82.8,X, ,X,매우높음
6/24/2023,고창(172),X,30,31.4,25.2,21.1,61.8,X, ,X,매우높음
6/24/2023,제주(184),X,29.2,29.8,25.3,22.3,65.9,X, ,X,높음
6/24/2023,진주(192),X,30,29.5,23.2,18.5,79.5,X, ,X,매우높음
6/24/2023,양평(202),X,30.6,31.4,25.2,19,69.5,X,관심,X,매우높음
6/24/2023,이천(203),X,31.5,31.4,25.3,18.9,77.8,X,관심,X,매우높음
6/24/2023,인제(211),X,30.7,31.9,23.9,16.2,70,X,관심,X,낮음
6/24/2023,홍천(212),X,30.6,31.2,24.5,17.2,68.4,O,주의,X,낮음
6/24/2023,태백(216),X,27.7,28.2,20,11.5,75.8,X, ,X,낮음
6/24/2023,정선군(217),X,31.7,32.9,23.1,15.3,68.8,X,관심,X,낮음
6/24/2023,제천(221),X,29.9,31.5,24.1,16.4,69.9,X,관심,X,매우높음
6/24/2023,보은(226),X,29.9,30.6,24.4,18.3,74,X, ,X,매우높음
6/24/2023,천안(232),X,31.1,31.5,25.3,19.1,74.4,X,관심,X,매우높음
6/24/2023,보령(235),X,31.2,31,24.6,19.6,76.9,X, ,X,매우높음
6/24/2023,부여(236),X,31.9,32.5,26,20.2,74.4,X,관심,X,매우높음
6/24/2023,금산(238),X,31.3,32.7,25.7,18.9,66.9,X,관심,X,매우높음
6/24/2023,세종(239),X,31.3,32.2,26.2,20.7,68.4,X,관심,X,매우높음
6/24/2023,부안(243),X,30.8,31.1,24.9,20.8,74.3,X, ,X,매우높음
6/24/2023,임실(244),X,30.4,31.3,24.2,18.6,72.9,X,관심,X,매우높음
6/24/2023,정읍(245),X,31.5,32.3,25.4,20.2,67.1,X,관심,X,매우높음
6/24/2023,남원(247),X,30.4,31.3,25.3,20.6,68.9,X, ,X,매우높음
6/24/2023,장수(248),X,29.3,30.2,23.4,18.2,73.6,X, ,X,매우높음
6/24/2023,영광군(252),X,30.3,31.1,24.9,21.5,72,X, ,X,매우높음
6/24/2023,김해시(253),X,30,29.4,23.1,18.8,79.6,X, ,X,매우높음
6/24/2023,순창군(254),X,30.2,30.8,24.8,19.6,71.3,X, ,X,매우높음
6/24/2023,양산시(257),X,31.2,31.3,24.2,19.1,74.4,X, ,X,매우높음
6/24/2023,강진군(259),X,28.9,28.6,24,21.6,74.6,X, ,X,매우높음
6/24/2023,장흥(260),X,28.3,27.4,23.2,20,78.4,X, ,X,매우높음
6/24/2023,해남(261),X,27.6,27,23.4,21.3,76.1,X, ,X,매우높음
6/24/2023,고흥(262),X,26.5,25.5,21.6,18.6,81.3,X, ,X,매우높음
6/24/2023,의령군(263),X,30.7,31.1,24.3,19,74.4,X, ,X,높음
6/24/2023,함양군(264),X,29.9,30.9,24.5,18.7,67.6,X, ,X,매우높음
6/24/2023,진도군ASOS(268),X,27.4,26.7,22.8,19.2,76.4,X, ,X,매우높음
6/24/2023,봉화(271),X,28.4,29,21.8,15.1,75,X, ,X,매우높음
6/24/2023,영주(272),X,29.5,29.8,23.8,17.7,75.9,X, ,X,매우높음
6/24/2023,문경(273),X,30.3,30.5,24.4,18,74.3,X, ,X,매우높음
6/24/2023,청송군(276),X,30.6,31.4,22.8,15.9,72.6,X, ,X,매우높음
6/24/2023,영덕(277),X,25.7,24.7,20.2,15.9,83.5,X, ,X,매우높음
6/24/2023,의성(278),X,31,32.1,24.8,17.7,70.8,X,관심,X,높음
6/24/2023,구미(279),X,31.2,32.7,25.7,19.4,61.6,X,관심,X,매우높음
6/24/2023,영천(281),X,28.5,28.9,22.6,17.5,75.6,X, ,X,높음
6/24/2023,경주시(283),X,29.2,29.5,23.2,18,74.3,X, ,X,높음
6/24/2023,거창(284),X,29.7,30.3,23.9,18.2,73.8,X, ,X,매우높음
6/24/2023,합천(285),X,29.8,30.8,24.8,19.3,68.6,X,관심,X,매우높음
6/24/2023,밀양(288),X,30.1,31.5,24.2,19.4,67.1,X, ,X,높음
6/24/2023,산청(289),X,29.9,30,24,18.9,75.6,X, ,X,매우높음
6/24/2023,거제(294),X,27.1,26.2,22.1,18.9,79.3,X, ,X,매우높음
6/24/2023,남해(295),X,28.2,27.3,22.4,19.5,81.8,X, ,X,매우높음
6/24/2023,부천(433),X,28.6,29.3,24.3,20,68,X, ,X,매우높음
6/24/2023,안양(434),X,27.2,30.5,26.3,22.6,,X,관심,X,매우높음
6/24/2023,광명(437),X,31.4,32.4,27.3,23.3,63,X,관심,X,매우높음
6/24/2023,군포(438),X,31.3,31.8,26.2,21.5,66,X,관심,X,매우높음
6/24/2023,김포(441),X,,30.5,25.4,21,,X,관심,X,높음
6/24/2023,하남(444),X,30.7,30.7,24.6,18.2,70,X,관심,X,높음
6/24/2023,의왕(445),X,30.4,30.4,24.9,19.6,72,X,관심,X,매우높음
6/24/2023,포천(504),X,32.2,32.5,25.4,18.4,75,X,관심,X,높음
6/24/2023,가평조종(505),X,30.9,30.7,23.9,17.2,82,O,주의,X,매우높음
6/24/2023,안성(516),X,31.3,31.6,25.3,19.9,74,X,관심,X,매우높음
6/24/2023,간성(517),X,25.3,23.6,19.9,15.9,85,X, ,X,낮음
6/24/2023,평창(526),X,30.4,32.6,23.5,15.8,65,X, ,X,낮음
6/24/2023,의정부(532),X,32.6,31.2,24.9,19.1,86,X,관심,X,매우높음
6/24/2023,횡성(536),X,31.3,32.4,24.9,17.7,68,X, ,X,낮음
6/24/2023,고양(540),X,,,,,,X,관심,X,매우높음
6/24/2023,남양주(541),X,32,32.4,25.8,18.7,72,X,관심,X,높음
6/24/2023,안산(545),X,30.7,30.1,23.3,17.2,81,X,관심,X,매우높음
6/24/2023,경기광주(546),X,30.1,30.7,24.6,18.9,70,X,관심,X,매우높음
6/24/2023,여주(548),X,30.2,30.7,24.8,18.5,71,X,관심,X,매우높음
6/24/2023,용인(549),X,30.3,30.2,24.3,18.5,73,X,관심,X,매우높음
6/24/2023,오산(550),X,31.6,31.4,25.2,18.9,76,X,관심,X,매우높음
6/24/2023,평택(551),X,31.9,32.6,25.8,20.9,76,X,관심,X,매우높음
6/24/2023,화천(555),X,31.8,30.8,23.6,17.3,86,X,관심,X,낮음
6/24/2023,양구(556),X,31,32,24,15.7,69,X, ,X,낮음
6/24/2023,시흥(565),X,30.8,30.6,25,18.9,75,X, ,X,매우높음
6/24/2023,구리(569),X,30.5,31.4,25.8,20,66,X,관심,X,매우높음
6/24/2023,화성(571),X,30.9,30.8,24.8,20.3,74,X,관심,X,매우높음
6/24/2023,성남(572),X,30.5,31.6,25.8,20.4,62,X,관심,X,매우높음
6/24/2023,과천(590),X,31.3,31.3,25.1,18.9,78,X,관심,X,매우높음
6/24/2023,양주(598),X,31.3,31,25,18.7,78,X,관심,X,높음
6/24/2023,단양(601),X,31.2,32.4,25.1,18.2,66,X, ,X,매우높음
6/24/2023,진천(602),X,32.1,33.3,26.3,20,68,X, ,X,매우높음
6/24/2023,괴산(603),X,31.3,31.8,24.3,17.7,75,X, ,X,매우높음
6/24/2023,옥천(604),X,32,33.7,26.6,19.8,67,X, ,X,매우높음
6/24/2023,홍북(608),X,31.8,32.2,24.7,18.7,74,X,관심,X,매우높음
6/24/2023,공주(612),X,31.5,32.2,26.1,19.7,70,X,관심,X,매우높음
6/24/2023,서천(614),X,30.8,30.9,24.4,20.4,79,X, ,X,매우높음
6/24/2023,논산(615),X,32.3,33.2,26.5,21.4,71,X,관심,X,매우높음
6/24/2023,당진(616),X,30.6,30.1,24.6,19.4,78,X,관심,X,매우높음
6/24/2023,청양(618),X,31.9,32.1,24.6,18.5,78,X,관심,X,매우높음
6/24/2023,음성(619),X,30.2,30.8,23.7,17.5,73,X,관심,X,매우높음
6/24/2023,증평(623),X,32.1,32.3,25.6,20.2,75,X,관심,X,매우높음
6/24/2023,태안(627),X,31.5,30.8,24.1,19.5,81,X,관심,X,매우높음
6/24/2023,예산(628),X,31.2,31.1,25.3,20.2,75,X,관심,X,매우높음
6/24/2023,아산(634),X,31,31.1,25.2,20.1,72,X,관심,X,매우높음
6/24/2023,계룡(636),X,31.4,32.4,24.9,18,74,X,관심,X,매우높음
6/24/2023,연천청산(652),X,30.8,30.8,24.8,18.5,74,O,주의,X,높음
6/24/2023,양양(670),X,25.1,23.7,20.5,16.9,81,X, ,X,낮음
6/24/2023,무안(699),X,29.4,29.7,24.4,20.6,70,X, ,X,매우높음
6/24/2023,무주(701),X,30.7,32,24.8,19.1,69,X, ,X,매우높음
6/24/2023,익산(702),X,31.1,32.4,25.8,21.4,70,X,관심,X,매우높음
6/24/2023,진안(703),X,29.7,30.8,24,18.2,71,X, ,X,매우높음
6/24/2023,담양(706),X,31.4,31.5,25.4,20.3,78,X,관심,X,매우높음
6/24/2023,구례(709),X,31.1,31.7,25.1,19.8,75,X, ,X,매우높음
6/24/2023,나주(710),X,30.2,30.1,24.3,19.9,74,X, ,X,매우높음
6/24/2023,순천시(712),X,28.6,27.5,23.5,20.2,81,X, ,X,매우높음
6/24/2023,광양읍(713),X,30.4,30.8,23.9,19.6,77,X, ,X,매우높음
6/24/2023,장성(730),X,29.9,30.9,24.4,19.4,71,X, ,X,매우높음
6/24/2023,영암(731),X,29.6,29.1,24.2,20.6,75,X, ,X,매우높음
6/24/2023,보성(732),X,27.9,27.2,22.2,19.3,79,X, ,X,매우높음
6/24/2023,완주(734),X,32,32.3,25,18.6,75,X,관심,X,매우높음
6/24/2023,김제(737),X,32.2,32.9,25.3,21.2,78,X, ,X,매우높음
6/24/2023,화순(741),X,30.7,31,24.8,20,69,X, ,X,매우높음
6/24/2023,함평(754),X,29.9,30.2,24.6,20.6,73,X, ,X,매우높음
6/24/2023,곡성(768),X,30.8,31.5,24.6,18.7,71,X, ,X,매우높음
6/24/2023,압해도(789),X,29,28.7,23.6,20,77,X, ,X,매우높음
6/24/2023,영양(801),X,30.4,30.5,22.4,15.7,80,X, ,X,매우높음
6/24/2023,성주(810),X,30.8,33.1,25.5,19.1,64,X, ,X,매우높음
6/24/2023,고령(812),X,30.2,30.5,23.9,18,76,X, ,X,매우높음
6/24/2023,청도(813),X,30.6,31.5,23.7,18.4,74,X, ,X,높음
6/24/2023,예천(815),X,30.6,31.5,24.9,18.7,69,X,관심,X,매우높음
6/24/2023,김천(822),X,31.8,32.5,24.7,18.2,73,X,관심,X,매우높음
6/24/2023,군위(823),X,32.5,33.5,25.1,17.7,69,X, ,X,높음
6/24/2023,칠곡(825),X,31.1,32.5,25.7,19.7,68,X,관심,X,높음
6/24/2023,경산(827),X,30.6,31.2,24.4,19,69,X, ,X,높음
6/24/2023,삼척(876),X,26.5,25.7,21.5,17,76,X, ,X,낮음
6/24/2023,속초(90),X,26.3,24.8,21,16.6,83,X, ,X,낮음
6/24/2023,삼천포(907),X,27.7,26.6,21.6,18.5,84,X, ,X,매우높음
6/24/2023,고성(918),X,28.2,27,22.2,18.6,84,X, ,X,매우높음
6/24/2023,창녕(919),X,30.9,31.2,24.7,19.4,74,X, ,X,높음
6/24/2023,함안(920),X,29.7,29.2,22.6,18.3,81,X, ,X,매우높음
6/24/2023,북춘천(93),X,31.2,31.6,24.9,17.5,73.9,O,주의,X,낮음
6/24/2023,하동(932),X,29.5,29.3,23.5,19.3,79,X,관심,X,매우높음
6/24/2023,철원(95),X,30.5,30,24.3,17.9,77.6,X, ,X,낮음
6/24/2023,동두천(98),X,31.6,30.7,24.9,19.1,79,X,관심,X,매우높음
6/24/2023,파주(99),X,31,30.2,24.5,19,83.8,X,관심,X,높음
6/25/2023,북강릉(104),X,29,28.1,22.1,18.3,83.5,X, ,X,낮음
6/25/2023,동해(106),X,26.2,24.5,21,18.8,92.5,X, ,X,낮음
6/25/2023,서울(108),X,32.8,33.1,28.2,22.8,64.9,X,관심,X,매우높음
6/25/2023,인천(112),X,31.3,30.8,26.7,22.1,65.8,X,관심,X,매우높음
6/25/2023,원주(114),X,30.8,31.2,26.6,21,62,X,관심,X,낮음
6/25/2023,울릉도(115),X,26.8,25,21.6,18.7,89.6,X, ,X,매우높음
6/25/2023,수원(119),X,31.3,31.9,26.9,20.6,63,X,관심,X,매우높음
6/25/2023,영월(121),X,32.3,32.8,25.5,18.9,67.6,X,관심,X,낮음
6/25/2023,충주(127),X,31.7,32,26,19.1,65.6,X,관심,X,매우높음
6/25/2023,서산(129),X,31.6,33,26.2,20.3,67.6,X, ,X,매우높음
6/25/2023,울진(130),X,26.1,24.3,21.3,18.2,87.8,X, ,X,매우높음
6/25/2023,청주(131),X,30.9,32.5,27.6,22.7,54.9,X,관심,X,매우높음
6/25/2023,대전(133),X,30.7,32.8,26.7,21.3,58,X, ,X,매우높음
6/25/2023,추풍령(135),X,28.4,28.7,23,17.6,73.4,X, ,X,매우높음
6/25/2023,안동(136),X,31,30.9,24.7,19.1,71.6,X, ,X,매우높음
6/25/2023,상주(137),X,31,30.9,25.2,19.2,71.6,X, ,X,매우높음
6/25/2023,포항(138),X,28,27,23.4,20,76.4,X, ,X,매우높음
6/25/2023,군산(140),X,29.9,31,24.9,20.6,73.8,X, ,X,매우높음
6/25/2023,대구(143),X,30.1,30.6,24.2,19.8,73.9,X, ,X,매우높음
6/25/2023,전주(146),X,30.3,31.9,25.4,21.2,67.6,X, ,X,매우높음
6/25/2023,울산(152),X,26.9,26.1,22.2,19.4,81,X, ,X,매우높음
6/25/2023,창원(155),X,27,26.3,21.8,19.5,84.3,X, ,X,매우높음
6/25/2023,광주(156),X,28.8,28,22.7,20.5,91.1,X, ,X,높음
6/25/2023,부산(159),X,27.3,26.4,22.2,20.3,78.8,X, ,X,매우높음
6/25/2023,통영(162),X,25.9,24.2,21.3,19.2,90.1,X, ,X,높음
6/25/2023,목포(165),X,26.1,24.4,22.1,21,86.5,X, ,X,높음
6/25/2023,여수(168),X,24.4,21.9,21.1,20.3,89.4,X, ,X,보통
6/25/2023,흑산도(169),X,24,21.8,19.5,18.3,95.6,X, ,X,낮음
6/25/2023,완도(170),X,24.7,21.7,21.3,20.6,96.6,X, ,X,낮음
6/25/2023,고창(172),X,28,28.8,23.4,19.8,68.1,X, ,X,높음
6/25/2023,제주(184),X,27.8,25.4,23,21.4,87.1,X, ,X,낮음
6/25/2023,진주(192),X,28.3,27.5,21.9,18.7,87,X, ,X,높음
6/25/2023,양평(202),X,30.9,31,26.4,21.2,69,X,관심,X,매우높음
6/25/2023,이천(203),X,32.3,32.2,26.5,20.4,70.9,X,관심,X,매우높음
6/25/2023,인제(211),X,32.8,34,25.7,19.5,68.3,X,관심,X,낮음
6/25/2023,홍천(212),X,32.3,33.2,26,19.5,71.4,O,주의,X,낮음
6/25/2023,태백(216),X,28.2,28.5,21.8,15.7,74.5,X, ,X,낮음
6/25/2023,정선군(217),X,32.4,33.3,24.7,17.2,71.6,X, ,X,낮음
6/25/2023,제천(221),X,30.2,30.3,24.5,18.4,75,X,관심,X,매우높음
6/25/2023,보은(226),X,29.3,29.4,24.3,18.3,71.8,X, ,X,매우높음
6/25/2023,천안(232),X,30.7,31.5,26,19.3,68.1,X,관심,X,매우높음
6/25/2023,보령(235),X,30,29.7,25.3,21,74.1,X, ,X,매우높음
6/25/2023,부여(236),X,31.7,33.4,26.1,20.5,71.1,X, ,X,매우높음
6/25/2023,금산(238),X,30,31.5,24.8,18.9,67.6,X, ,X,매우높음
6/25/2023,세종(239),X,30.9,31.6,26.3,20.1,61.9,X,관심,X,매우높음
6/25/2023,부안(243),X,29.7,31,24.4,20.5,75.1,X, ,X,매우높음
6/25/2023,임실(244),X,28.4,28.3,22.4,18.2,80.5,X, ,X,매우높음
6/25/2023,정읍(245),X,28.7,29.6,23.6,19.6,72.4,X, ,X,매우높음
6/25/2023,남원(247),X,28.1,28.5,22.6,19.4,83.1,X, ,X,매우높음
6/25/2023,장수(248),X,27,28.3,21.7,16.2,78.3,X, ,X,매우높음
6/25/2023,영광군(252),X,28.3,28,22.9,19.7,79.6,X, ,X,높음
6/25/2023,김해시(253),X,28.1,26.9,22.1,19.3,87.8,X, ,X,매우높음
6/25/2023,순창군(254),X,28.2,28.2,22.4,19,84.4,X, ,X,높음
6/25/2023,양산시(257),X,29.1,28.6,23.5,19.6,81.5,X, ,X,매우높음
6/25/2023,강진군(259),X,25.4,22.7,21.7,20.9,94,X, ,X,낮음
6/25/2023,장흥(260),X,26.3,23.9,21.6,19.6,94.1,X, ,X,낮음
6/25/2023,해남(261),X,25.5,23.1,21.9,21.3,93.1,X, ,X,낮음
6/25/2023,고흥(262),X,24.6,22.2,20.5,18.7,92.8,X, ,X,낮음
6/25/2023,의령군(263),X,28.7,28,22.6,18.8,83.9,X, ,X,매우높음
6/25/2023,함양군(264),X,27.1,27.1,22.5,18.8,78,X, ,X,매우높음
6/25/2023,진도군ASOS(268),X,25.3,22.6,22,20.4,89,X, ,X,낮음
6/25/2023,봉화(271),X,28.6,28.8,22.4,16.4,75,X, ,X,매우높음
6/25/2023,영주(272),X,30.1,30,24.1,18.1,76.4,X, ,X,매우높음
6/25/2023,문경(273),X,30.1,29.6,23.9,18.3,76.3,X, ,X,매우높음
6/25/2023,청송군(276),X,30.3,30.2,22.9,15.3,75.8,X, ,X,매우높음
6/25/2023,영덕(277),X,27,25.7,21.1,16.8,86.5,X, ,X,매우높음
6/25/2023,의성(278),X,30.8,31.2,24.4,17.6,73.4,X, ,X,매우높음
6/25/2023,구미(279),X,30,30.5,24.7,20.1,69.4,X, ,X,매우높음
6/25/2023,영천(281),X,29,29.4,23.1,18.1,77.6,X, ,X,매우높음
6/25/2023,경주시(283),X,29.8,29.8,23.4,18.2,76.1,X, ,X,매우높음
6/25/2023,거창(284),X,27.5,27.1,22.2,18.3,82.9,X, ,X,매우높음
6/25/2023,합천(285),X,28,27.7,22.7,19.6,80.1,X, ,X,매우높음
6/25/2023,밀양(288),X,28.7,29.1,23.2,20.4,75.3,X, ,X,매우높음
6/25/2023,산청(289),X,26.9,25.8,21.8,19.9,87.3,X, ,X,매우높음
6/25/2023,거제(294),X,25.6,23.8,21.4,19.9,89.4,X, ,X,높음
6/25/2023,남해(295),X,24.7,22.2,21,19.2,93,X, ,X,높음
6/25/2023,부천(433),X,30.8,32.2,26.2,20.5,59,X,관심,X,매우높음
6/25/2023,안양(434),X,28,32.1,27.8,22.8,,X,관심,X,매우높음
6/25/2023,광명(437),X,32.6,33.8,28.7,23.5,57,X,관심,X,매우높음
6/25/2023,군포(438),X,31.7,33.2,27.6,22.1,59,X,관심,X,매우높음
6/25/2023,김포(441),X,,33,27.1,21,,X,관심,X,매우높음
6/25/2023,하남(444),X,31.5,32.2,26.5,20.5,64,X,관심,X,매우높음
6/25/2023,의왕(445),X,31.3,31.6,26.1,19.7,68,X,관심,X,매우높음
6/25/2023,포천(504),X,32.4,33.2,26.8,20.4,71,X,관심,X,매우높음
6/25/2023,가평조종(505),X,32,32.1,25.5,19.2,79,O,주의,X,매우높음
6/25/2023,안성(516),X,31.6,32.8,26.4,19.8,66,X,관심,X,매우높음
6/25/2023,간성(517),X,27.5,26,21.6,17.8,87,X, ,X,낮음
6/25/2023,평창(526),X,31.4,32.7,24.9,18.6,68,X, ,X,낮음
6/25/2023,의정부(532),O,33,32,26.5,20.7,81,X,관심,X,매우높음
6/25/2023,횡성(536),X,32,33.1,26.1,19.8,69,X,관심,X,낮음
6/25/2023,고양(540),X,,,,,,X,관심,X,매우높음
6/25/2023,남양주(541),X,32.7,33.8,27.4,21,67,X,관심,X,매우높음
6/25/2023,안산(545),X,32,32.2,24.7,17.7,76,X,관심,X,매우높음
6/25/2023,경기광주(546),X,30.9,31.3,26.2,20.9,64,X,관심,X,매우높음
6/25/2023,여주(548),X,31.5,31.8,25.8,19.5,70,X,관심,X,매우높음
6/25/2023,용인(549),X,30.7,30.9,25.5,19.5,69,X,관심,X,매우높음
6/25/2023,오산(550),X,31.9,32.2,25.8,19.1,72,X,관심,X,매우높음
6/25/2023,평택(551),X,32,32.3,26.6,20.4,70,X,관심,X,매우높음
6/25/2023,화천(555),X,32.9,32.2,25.2,19.4,88,X,관심,X,낮음
6/25/2023,양구(556),X,32.4,34,25.8,19.8,69,X,관심,X,낮음
6/25/2023,시흥(565),X,32.3,32.8,26.9,19.6,70,X,관심,X,매우높음
6/25/2023,구리(569),X,32.4,33.2,27.2,21.8,65,X,관심,X,매우높음
6/25/2023,화성(571),X,32.4,33.1,27,20.2,64,X,관심,X,매우높음
6/25/2023,성남(572),X,31.1,32.1,27.3,21.6,56,X,관심,X,매우높음
6/25/2023,과천(590),X,32.1,32.2,26.4,20.4,75,X,관심,X,매우높음
6/25/2023,양주(598),O,33.6,33.5,26.9,19.9,70,X,관심,X,매우높음
6/25/2023,단양(601),X,31.4,32.6,26.2,19.6,64,X, ,X,매우높음
6/25/2023,진천(602),X,31.7,33.3,26.7,20.6,63,X,관심,X,매우높음
6/25/2023,괴산(603),X,31,31.8,25.3,17.9,68,X, ,X,매우높음
6/25/2023,옥천(604),X,31.3,33.1,26.1,20.1,66,X, ,X,매우높음
6/25/2023,홍북(608),X,31.1,32.7,25.1,19.5,72,X,관심,X,매우높음
6/25/2023,공주(612),X,30.5,31.8,25.9,19.4,64,X, ,X,매우높음
6/25/2023,서천(614),X,29.6,29.8,24.6,20.3,79,X, ,X,매우높음
6/25/2023,논산(615),X,31.5,33.6,26.6,20.5,64,X, ,X,매우높음
6/25/2023,당진(616),X,31.7,33.3,26.2,19.7,70,X,관심,X,매우높음
6/25/2023,청양(618),X,31.5,32.4,25.2,18.9,74,X, ,X,매우높음
6/25/2023,음성(619),X,30.5,31.5,25,18.2,66,X, ,X,매우높음
6/25/2023,증평(623),X,31.2,31.7,26.2,19.9,70,X, ,X,매우높음
6/25/2023,태안(627),X,31.4,31.8,25.6,20.3,74,X, ,X,매우높음
6/25/2023,예산(628),X,31.6,33,26.6,20.1,67,X,관심,X,매우높음
6/25/2023,아산(634),X,31.6,33.1,26.9,20.1,63,X,관심,X,매우높음
6/25/2023,계룡(636),X,30.9,32.3,24.9,17.5,69,X, ,X,매우높음
6/25/2023,연천청산(652),X,32.2,32.9,26.1,19.4,74,O,주의,X,매우높음
6/25/2023,양양(670),X,26.9,25.6,22,18.2,84,X, ,X,낮음
6/25/2023,무안(699),X,27.1,26,22.3,20.7,84,X, ,X,높음
6/25/2023,무주(701),X,29.4,30.7,24.1,18.2,70,X, ,X,매우높음
6/25/2023,익산(702),X,29.6,30.9,25.3,20.9,71,X, ,X,매우높음
6/25/2023,진안(703),X,28.5,29.6,22.5,16.7,76,X, ,X,매우높음
6/25/2023,담양(706),X,29.3,28.8,23,19.6,87,X, ,X,높음
6/25/2023,구례(709),X,28,27.7,22.6,19.5,87,X, ,X,높음
6/25/2023,나주(710),X,27.3,25.8,21.9,18.6,89,X, ,X,높음
6/25/2023,순천시(712),X,26.1,24.5,22.3,19.9,88,X, ,X,높음
6/25/2023,광양읍(713),X,26.9,26.2,22.2,19.6,90,X, ,X,높음
6/25/2023,장성(730),X,28,27.9,22.4,18.6,81,X, ,X,높음
6/25/2023,영암(731),X,27.6,25.5,22.7,21,87,X, ,X,낮음
6/25/2023,보성(732),X,23.7,21.2,20.3,19,94,X, ,X,보통
6/25/2023,완주(734),X,30.6,33,25.5,18.8,68,X, ,X,매우높음
6/25/2023,김제(737),X,30.2,31,24.8,21.1,76,X, ,X,매우높음
6/25/2023,화순(741),X,28.8,28.2,22.2,19.9,82,X, ,X,높음
6/25/2023,함평(754),X,27.5,26.5,22.1,19.9,86,X, ,X,높음
6/25/2023,곡성(768),X,29.3,29.7,22.3,18,84,X, ,X,높음
6/25/2023,압해도(789),X,26.9,24.9,22.1,19.5,89,X, ,X,낮음
6/25/2023,영양(801),X,30.5,29.7,22.6,16.1,80,X, ,X,매우높음
6/25/2023,성주(810),X,30.2,30.9,24.1,19.7,74,X, ,X,매우높음
6/25/2023,고령(812),X,27.9,27.6,22.6,18.8,86,X, ,X,매우높음
6/25/2023,청도(813),X,28.9,28.7,22.7,19.6,82,X, ,X,매우높음
6/25/2023,예천(815),X,30.7,30.7,24.6,18.8,72,X, ,X,매우높음
6/25/2023,김천(822),X,30.1,30.5,23.6,17.5,76,X, ,X,매우높음
6/25/2023,군위(823),X,30.8,31.5,24.7,18.1,74,X, ,X,매우높음
6/25/2023,칠곡(825),X,30.7,30.5,24.5,20.9,82,X, ,X,매우높음
6/25/2023,경산(827),X,30.8,31.2,23.9,19.5,77,X, ,X,매우높음
6/25/2023,삼척(876),X,28.2,27.3,22.2,18.7,82,X, ,X,낮음
6/25/2023,속초(90),X,27.2,25.8,21.7,18.6,86.1,X, ,X,낮음
6/25/2023,삼천포(907),X,25.9,23.9,20.9,18.7,92,X, ,X,높음
6/25/2023,고성(918),X,26.7,25.1,21.6,19.1,91,X, ,X,높음
6/25/2023,창녕(919),X,29.1,28.7,23.1,20.1,85,X, ,X,매우높음
6/25/2023,함안(920),X,27.7,26.6,22,18.9,89,X, ,X,매우높음
6/25/2023,북춘천(93),X,32.7,33.2,26.7,20.1,75.1,O,주의,X,낮음
6/25/2023,하동(932),X,27.4,26.9,22.2,19.9,88,X, ,X,높음
6/25/2023,철원(95),X,31.9,32.1,26,19.1,75.4,X,관심,X,낮음
6/25/2023,동두천(98),X,32.2,32,26.4,20,74.4,X,관심,X,매우높음
6/25/2023,파주(99),X,32.5,31.5,25.5,19.3,83,X,관심,X,매우높음
6/26/2023,북강릉(104),X,25.7,22.7,21,19.2,96.8,X, ,X,낮음
6/26/2023,동해(106),X,25.8,22.6,20.5,19,99,X, ,X,낮음
6/26/2023,서울(108),X,28.1,27.5,24.2,22.3,88.6,X, ,X,낮음
6/26/2023,인천(112),X,26.7,25.4,23.2,21.7,88.4,X, ,X,낮음
6/26/2023,원주(114),X,28.1,26.2,23.8,20.3,79.8,X, ,X,낮음
6/26/2023,울릉도(115),X,26.6,23.3,21.9,20.3,99.5,X, ,X,보통
6/26/2023,수원(119),X,28.1,26.4,24,21.2,86,X, ,X,낮음
6/26/2023,영월(121),X,25.8,23.7,21.7,19.8,92.3,X, ,X,낮음
6/26/2023,충주(127),X,27.7,25.4,23.5,20.8,85.5,X, ,X,낮음
6/26/2023,서산(129),X,27.1,24.4,23.2,21.9,92.6,X, ,X,높음
6/26/2023,울진(130),X,27,23.8,21.9,20.3,96,X, ,X,낮음
6/26/2023,청주(131),X,29.4,27.5,24.6,21.8,84.3,X, ,X,낮음
6/26/2023,대전(133),X,28.5,26.1,23.8,20.8,89.8,X, ,X,높음
6/26/2023,추풍령(135),X,28,25.5,22.3,19.7,92,X, ,X,높음
6/26/2023,안동(136),X,28.1,25.2,22.5,20.2,94.6,X, ,X,낮음
6/26/2023,상주(137),X,27.5,24.7,22.4,20.7,97.9,X, ,X,높음
6/26/2023,포항(138),X,29.6,27.9,24.9,21.4,83.4,X, ,X,보통
6/26/2023,군산(140),X,29,26.7,24.3,21.5,90.9,X, ,X,높음
6/26/2023,대구(143),X,29.4,27.3,24.1,20.9,89.5,X, ,X,높음
6/26/2023,전주(146),X,29.6,27.4,24.4,21.4,89.3,X, ,X,보통
6/26/2023,울산(152),X,28.5,26.4,24.1,20.6,87.6,X, ,X,보통
6/26/2023,창원(155),X,27.4,24.9,23.8,20.9,89.8,X, ,X,높음
6/26/2023,광주(156),X,29.3,26,24,21.2,99,X, ,X,높음
6/26/2023,부산(159),X,26.5,24,23.3,21.5,89.8,X, ,X,높음
6/26/2023,통영(162),X,27.5,24.8,23.9,21,93.4,X, ,X,높음
6/26/2023,목포(165),X,27.9,25,24.1,21.7,95.9,X, ,X,높음
6/26/2023,여수(168),X,26.8,23.8,23.1,21.1,96.3,X, ,X,높음
6/26/2023,흑산도(169),X,25.4,22.2,20.3,18.4,99,X, ,X,높음
6/26/2023,완도(170),X,30,27.9,25.5,21.4,91.6,X, ,X,높음
6/26/2023,고창(172),X,28.5,26.5,24.6,21.7,82.6,X, ,X,높음
6/26/2023,제주(184),X,31.7,31,28.5,21.9,68.6,X, ,O,높음
6/26/2023,진주(192),X,29.1,26.3,23.8,20.6,93.6,X, ,X,보통
6/26/2023,양평(202),X,27.8,26,23.4,20.7,88.6,X, ,X,낮음
6/26/2023,이천(203),X,29,25.8,23.9,20.8,94,X, ,X,낮음
6/26/2023,인제(211),X,26.6,23.6,21.5,19.5,94,X, ,X,낮음
6/26/2023,홍천(212),X,27.8,26,23,19.8,90.1,X, ,X,낮음
6/26/2023,태백(216),X,25.6,23.4,20.2,16.9,90.9,X, ,X,낮음
6/26/2023,정선군(217),X,25.7,22.9,20.8,18.4,91.8,X, ,X,낮음
6/26/2023,제천(221),X,26.1,23.1,21.4,19,95.9,X, ,X,낮음
6/26/2023,보은(226),X,27.9,25.1,23,20.6,92.8,X, ,X,높음
6/26/2023,천안(232),X,29.2,26.3,23.8,21.1,94.9,X, ,X,매우높음
6/26/2023,보령(235),X,27.9,24.9,23.7,22.4,94.3,X, ,X,매우높음
6/26/2023,부여(236),X,29,26.7,24.1,21.5,93.5,X, ,X,높음
6/26/2023,금산(238),X,29,26.3,23.2,20.5,95.4,X, ,X,높음
6/26/2023,세종(239),X,28.7,26.2,23.8,21.3,91,X, ,X,높음
6/26/2023,부안(243),X,29.1,26.9,24.7,21.6,89.6,X, ,X,높음
6/26/2023,임실(244),X,28.3,25.7,23.1,20.3,95.3,X, ,X,높음
6/26/2023,정읍(245),X,29.4,27.4,25.1,21.9,83.3,X, ,X,높음
6/26/2023,남원(247),X,29.3,27.3,24,20.8,93.5,X, ,X,보통
6/26/2023,장수(248),X,27.7,25.5,22.8,19.9,92.9,X, ,X,높음
6/26/2023,영광군(252),X,28.5,25.7,24.1,21.5,92.9,X, ,X,높음
6/26/2023,김해시(253),X,28.1,25,23.5,21.2,99.6,X, ,X,높음
6/26/2023,순창군(254),X,29,26.7,24,20.8,94.1,X, ,X,높음
6/26/2023,양산시(257),X,28.8,25.7,24.4,21.7,98.4,X, ,X,보통
6/26/2023,강진군(259),X,29.1,26.5,24.5,21.4,94.1,X, ,X,높음
6/26/2023,장흥(260),X,29.7,27.2,24.8,21.3,97.5,X, ,X,높음
6/26/2023,해남(261),X,29,26.1,24.7,21.9,97.4,X, ,X,높음
6/26/2023,고흥(262),X,27.4,24.7,23.5,20.7,94,X, ,X,높음
6/26/2023,의령군(263),X,29.9,28,24.8,21.2,87.9,X, ,O,보통
6/26/2023,함양군(264),X,29.7,27.5,23.6,20.5,89.6,X, ,X,높음
6/26/2023,진도군ASOS(268),X,27.5,24.4,23.9,21.7,97.9,X, ,X,높음
6/26/2023,봉화(271),X,26.5,23.4,20.8,18.2,96.1,X, ,X,낮음
6/26/2023,영주(272),X,25.9,22.6,21,18.9,99.4,X, ,X,낮음
6/26/2023,문경(273),X,26.4,23.1,21.6,19.9,98.9,X, ,X,낮음
6/26/2023,청송군(276),X,29.9,27.9,23.6,19.9,90.4,X, ,X,보통
6/26/2023,영덕(277),X,28.9,26.4,23.1,19.9,92.8,X, ,X,보통
6/26/2023,의성(278),X,29.9,27.5,23.9,20.7,94.4,X, ,X,보통
6/26/2023,구미(279),X,28.8,26.9,24,21.1,87.8,X, ,X,낮음
6/26/2023,영천(281),X,28.8,26.5,23.5,20.4,92.9,X, ,X,낮음
6/26/2023,경주시(283),X,29.8,27.6,24.5,20.9,87.1,X, ,X,낮음
6/26/2023,거창(284),X,29.2,26.9,22.4,19.7,96.3,X, ,X,높음
6/26/2023,합천(285),X,29.7,27.4,23.7,20.4,90.1,X, ,X,보통
6/26/2023,밀양(288),X,29.9,28.7,24.8,21,83.4,X, ,O,낮음
6/26/2023,산청(289),X,29.5,27.2,23.2,20.2,95.5,X, ,X,높음
6/26/2023,거제(294),X,27.2,24.3,23.6,21,95.8,X, ,X,높음
6/26/2023,남해(295),X,29.1,26.9,24,20.9,94.5,X, ,X,높음
6/26/2023,부천(433),X,26.1,25.3,22.3,19.7,86,X, ,X,낮음
6/26/2023,안양(434),X,26.7,27.3,24,21.6,,X, ,X,낮음
6/26/2023,광명(437),X,28.3,27.6,24.4,21.8,83,X, ,X,낮음
6/26/2023,군포(438),X,27.7,27.2,23.5,21.1,85,X, ,X,낮음
6/26/2023,김포(441),X,,26.6,23.7,21.4,,X, ,X,낮음
6/26/2023,하남(444),X,27.3,26.8,23.1,20.3,84,X, ,X,낮음
6/26/2023,의왕(445),X,27.7,25.8,23.2,20.6,88,X, ,X,낮음
6/26/2023,포천(504),X,27.5,26.8,23.2,20.7,90,X, ,X,낮음
6/26/2023,가평조종(505),X,27.4,24.5,22.5,20.4,98,X, ,X,낮음
6/26/2023,안성(516),X,30.4,27.7,24.4,21,90,X, ,X,낮음
6/26/2023,간성(517),X,25.1,22,20.4,19.6,97,X, ,X,낮음
6/26/2023,평창(526),X,25.3,22.7,21.1,19.2,90,X, ,X,낮음
6/26/2023,의정부(532),X,28.1,26.4,23.4,20.7,95,X, ,X,낮음
6/26/2023,횡성(536),X,27.8,25.5,22.8,19.7,89,X, ,X,낮음
6/26/2023,고양(540),X,,,,,,X, ,X,낮음
6/26/2023,남양주(541),X,28.6,26.3,23.5,20.6,89,X, ,X,낮음
6/26/2023,안산(545),X,27.9,25.5,23.2,20.7,89,X, ,X,낮음
6/26/2023,경기광주(546),X,27.1,26.1,23.2,20.7,83,X, ,X,낮음
6/26/2023,여주(548),X,28.7,25.7,23.3,20.3,92,X, ,X,낮음
6/26/2023,용인(549),X,28.1,25.7,22.9,20.2,89,X, ,X,낮음
6/26/2023,오산(550),X,28.8,26.4,24,21.2,88,X, ,X,낮음
6/26/2023,평택(551),X,30.2,27.3,24.5,21.4,93,X, ,X,매우높음
6/26/2023,화천(555),X,26.7,23.6,21.5,19.4,97,X, ,X,낮음
6/26/2023,양구(556),X,25.9,23.1,21.3,19,92,X, ,X,낮음
6/26/2023,시흥(565),X,28.6,26.3,23.9,21.4,88,X, ,X,낮음
6/26/2023,구리(569),X,27.9,26.1,23.5,21.1,86,X, ,X,낮음
6/26/2023,화성(571),X,28.4,26.1,23.9,21.2,88,X, ,X,낮음
6/26/2023,성남(572),X,28,26.7,24.1,20.9,76,X, ,X,낮음
6/26/2023,과천(590),X,28.8,26.5,23.7,21.2,90,X, ,X,낮음
6/26/2023,양주(598),X,27.5,26.4,23.6,21,88,X, ,X,낮음
6/26/2023,단양(601),X,27.4,24.5,22.5,19.8,94,X, ,X,낮음
6/26/2023,진천(602),X,28.7,26.6,24.2,21.4,87,X, ,X,낮음
6/26/2023,괴산(603),X,28.5,26.1,23.1,20.5,93,X, ,X,낮음
6/26/2023,옥천(604),X,29.8,26.8,24.1,21.7,94,X, ,X,높음
6/26/2023,홍북(608),X,28.4,26.4,22.7,20.7,95,X, ,X,매우높음
6/26/2023,공주(612),X,28.7,25.9,24,21.1,91,X, ,X,높음
6/26/2023,서천(614),X,28.9,26.5,23.9,21.5,93,X, ,X,높음
6/26/2023,논산(615),X,29.8,27.4,24.8,21.8,90,X, ,X,높음
6/26/2023,당진(616),X,29.1,26.8,23.8,21.5,93,X, ,X,매우높음
6/26/2023,청양(618),X,28,25.5,23.5,21.4,93,X, ,X,낮음
6/26/2023,음성(619),X,27.2,24.9,22.3,19.8,90,X, ,X,낮음
6/26/2023,증평(623),X,28.4,25.4,23.7,20.9,94,X, ,X,낮음
6/26/2023,태안(627),X,27.1,24.2,22.5,21.5,97,X, ,X,높음
6/26/2023,예산(628),X,29.4,27.2,24.5,21.8,90,X, ,X,낮음
6/26/2023,아산(634),X,30.1,27.9,24.3,21.3,89,X, ,X,높음
6/26/2023,계룡(636),X,28.4,25.9,23.4,20.7,94,X, ,X,높음
6/26/2023,연천청산(652),X,26.8,24.4,22.9,21.1,92,X, ,X,낮음
6/26/2023,양양(670),X,25.2,22.2,21,20.1,93,X, ,X,낮음
6/26/2023,무안(699),X,28.6,25.9,24.2,21.6,94,X, ,X,높음
6/26/2023,무주(701),X,29.1,27.5,23.3,20.4,91,X, ,X,높음
6/26/2023,익산(702),X,29.5,27.6,24.8,21.9,89,X, ,X,높음
6/26/2023,진안(703),X,27.3,24.5,22.6,19.9,94,X, ,X,높음
6/26/2023,담양(706),X,29.7,26.6,24.4,21.5,96,X, ,X,높음
6/26/2023,구례(709),X,30.2,27.8,24.5,21.4,93,X, ,X,보통
6/26/2023,나주(710),X,28.8,26,24.1,21.4,97,X, ,X,높음
6/26/2023,순천시(712),X,29.3,26.7,24.8,21.7,91,X, ,X,보통
6/26/2023,광양읍(713),X,29.4,26,24.1,21.1,98,X, ,X,보통
6/26/2023,장성(730),X,28.6,26,23.8,21.1,93,X, ,X,높음
6/26/2023,영암(731),X,30.2,27.7,25.5,21.9,93,X, ,X,보통
6/26/2023,보성(732),X,28,25.2,23.3,20.5,96,X, ,X,보통
6/26/2023,완주(734),X,29.9,27.8,24.2,21.2,93,X, ,X,보통
6/26/2023,김제(737),X,29.5,27.2,24.4,21.6,93,X, ,X,높음
6/26/2023,화순(741),X,29.4,27.3,24.5,21.2,89,X, ,X,보통
6/26/2023,함평(754),X,28.4,25.4,24,21.4,97,X, ,X,높음
6/26/2023,곡성(768),X,30.1,27.8,24.5,20.8,92,X, ,X,높음
6/26/2023,압해도(789),X,28,25,23.2,21.7,98,X, ,X,높음
6/26/2023,영양(801),X,30.2,27.4,22.4,18.9,97,X, ,X,보통
6/26/2023,성주(810),X,29,26.8,23.7,20.7,91,X, ,X,보통
6/26/2023,고령(812),X,30.5,27.4,23.6,20.3,99,X, ,X,보통
6/26/2023,청도(813),X,28.9,27.1,23.7,20.4,91,X, ,X,높음
6/26/2023,예천(815),X,26.3,23.4,21.5,19.5,96,X, ,X,낮음
6/26/2023,김천(822),X,29.3,26.4,23,20.2,95,X, ,X,보통
6/26/2023,군위(823),X,29.8,27.4,24,21,93,X, ,X,보통
6/26/2023,칠곡(825),X,29.9,26.9,24.2,21.2,98,X, ,X,보통
6/26/2023,경산(827),X,29.9,28.3,24.1,20.8,90,X, ,X,높음
6/26/2023,삼척(876),X,26.4,23.5,21.3,18.9,94,X, ,X,낮음
6/26/2023,속초(90),X,25.2,22.1,20.4,19.4,95.9,X, ,X,낮음
6/26/2023,삼천포(907),X,28.1,25.3,23.2,20.7,96,X, ,X,높음
6/26/2023,고성(918),X,28.1,25.4,24,21.3,95,X, ,X,높음
6/26/2023,창녕(919),X,29.7,27.3,24.7,21.1,92,X, ,X,낮음
6/26/2023,함안(920),X,30,28.3,25,21.1,89,X, ,X,낮음
6/26/2023,북춘천(93),X,27.6,25.2,22.5,19.9,95.1,X, ,X,낮음
6/26/2023,하동(932),X,29.1,26.4,23.8,20.9,95,X, ,X,보통
6/26/2023,철원(95),X,27,24.6,22.3,20.1,94.8,X, ,X,낮음
6/26/2023,동두천(98),X,27.3,26.5,22.9,20.8,93.5,X, ,X,낮음
6/26/2023,파주(99),X,27,24.7,22.7,20.7,95.4,X, ,X,낮음
6/27/2023,북강릉(104),X,30.8,31.2,26.8,21.4,64,X, ,X,낮음
6/27/2023,동해(106),X,30.1,30.6,26,20.2,68.1,X, ,X,낮음
6/27/2023,서울(108),X,29.2,29.1,25.3,21.4,73.1,X, ,X,매우높음
6/27/2023,인천(112),X,28.3,27.6,23.6,20.3,81.1,X, ,X,매우높음
6/27/2023,원주(114),X,28.7,28.9,24.8,22.1,69.6,X, ,X,낮음
6/27/2023,울릉도(115),X,28.4,27.6,24.4,22,82.5,X, ,X,매우높음
6/27/2023,수원(119),X,29.8,29.8,25,21.2,75.4,X, ,X,매우높음
6/27/2023,영월(121),X,28,28,24.1,21,76,X, ,X,낮음
6/27/2023,충주(127),X,30,30,25.9,23.1,73.1,X, ,X,높음
6/27/2023,서산(129),X,28.6,28.1,24.2,21.3,82,X, ,X,매우높음
6/27/2023,울진(130),X,31.3,32.1,26.4,19.7,68.9,X, ,X,매우높음
6/27/2023,청주(131),X,31,31.8,26.9,23.5,67.4,X, ,X,높음
6/27/2023,대전(133),X,31,31.4,26.1,22,70.8,X, ,X,매우높음
6/27/2023,추풍령(135),X,29.9,30,25.1,21.9,76.6,X, ,X,매우높음
6/27/2023,안동(136),X,30.4,30.3,26,22.8,77.4,O, ,X,높음
6/27/2023,상주(137),X,31.6,31.5,26.6,23.2,75.4,X, ,X,매우높음
6/27/2023,포항(138),X,32.5,33.5,28.3,24.3,68.4,O, ,X,매우높음
6/27/2023,군산(140),X,30,28.8,25.1,22.1,81.1,X, ,X,매우높음
6/27/2023,대구(143),X,32.5,33.8,27.8,23.4,71.3,O, ,X,매우높음
6/27/2023,전주(146),X,31.3,31,26.1,22.2,75.3,X, ,X,매우높음
6/27/2023,울산(152),X,30.8,30.3,26.6,22.8,74.9,X, ,X,매우높음
6/27/2023,창원(155),X,30.9,29.4,24.8,20.4,84.9,X, ,X,높음
6/27/2023,광주(156),X,32.6,30.2,25,20.7,94.6,X, ,X,매우높음
6/27/2023,부산(159),X,28.2,26.6,23.4,20.6,86.5,X, ,X,매우높음
6/27/2023,통영(162),X,27.7,25,23.2,20.2,92.6,X, ,X,매우높음
6/27/2023,목포(165),X,30.1,28.1,24.2,20.8,92.4,X, ,X,매우높음
6/27/2023,여수(168),X,27.9,25.2,23.4,22.2,94.5,X, ,X,높음
6/27/2023,흑산도(169),X,26.4,23.5,21.5,19.3,94.3,X, ,X,매우높음
6/27/2023,완도(170),X,29.7,27.2,25.1,23.7,92.9,X, ,X,매우높음
6/27/2023,고창(172),X,30.3,30.3,26.2,22.7,74.8,X, ,X,매우높음
6/27/2023,제주(184),X,30.8,29.3,27.3,25.8,79,X, ,O,높음
6/27/2023,진주(192),X,31.5,29.8,25.3,19.7,87.4,X, ,X,높음
6/27/2023,양평(202),X,29,29.1,24.9,22.2,75,X, ,X,높음
6/27/2023,이천(203),X,30.4,29.7,25.7,21.6,78,X, ,X,높음
6/27/2023,인제(211),X,28.4,27.9,24.1,20.6,75.8,X, ,X,낮음
6/27/2023,홍천(212),X,29.3,29.3,24.3,21.3,77.4,X, ,X,낮음
6/27/2023,태백(216),X,26.9,26.9,22.8,19.4,70.4,X, ,X,낮음
6/27/2023,정선군(217),X,29.2,29.1,24.5,20.2,72.9,X, ,X,낮음
6/27/2023,제천(221),X,28.6,28.2,24.2,21.1,80.4,X, ,X,보통
6/27/2023,보은(226),X,29.7,29.9,25.3,22.7,76.5,X, ,X,매우높음
6/27/2023,천안(232),X,30.1,29.6,25.5,21.6,79.4,X, ,X,매우높음
6/27/2023,보령(235),X,28.4,27,23.7,21.6,89.5,X, ,X,매우높음
6/27/2023,부여(236),X,31.1,30.5,25.8,22,79.3,X, ,X,매우높음
6/27/2023,금산(238),X,30.9,30.9,25.9,22.4,75.8,X, ,X,매우높음
6/27/2023,세종(239),X,30.4,30.5,25.5,22.1,75.8,X, ,X,매우높음
6/27/2023,부안(243),X,31.1,30.2,25.8,21.4,79.3,X, ,X,매우높음
6/27/2023,임실(244),X,30.6,29.4,24.9,20.4,81.6,X, ,X,매우높음
6/27/2023,정읍(245),X,31.2,30.7,26.1,21.2,75.5,X, ,X,매우높음
6/27/2023,남원(247),X,31.1,30.5,25.6,20.1,81.6,X, ,X,매우높음
6/27/2023,장수(248),X,29.3,28.5,24.1,19.4,79.8,X, ,X,매우높음
6/27/2023,영광군(252),X,31.5,30.2,24.9,20,84.8,X, ,X,매우높음
6/27/2023,김해시(253),X,31.2,29.5,24.9,20.5,91.1,X, ,X,높음
6/27/2023,순창군(254),X,30.8,30,25.7,19.9,82,X, ,X,매우높음
6/27/2023,양산시(257),X,32,30.5,25.7,21.6,88.6,X, ,X,높음
6/27/2023,강진군(259),X,30,27.5,24.9,23.5,91,X, ,X,매우높음
6/27/2023,장흥(260),X,30.9,29.5,25.3,21.3,91.5,X, ,X,매우높음
6/27/2023,해남(261),X,29,26.3,24.4,22.7,97.6,X, ,X,매우높음
6/27/2023,고흥(262),X,28.6,26.4,23.8,22.8,93,X, ,X,높음
6/27/2023,의령군(263),X,32.8,32.1,27.1,21.5,77.1,X, ,X,매우높음
6/27/2023,함양군(264),X,31.7,31.5,26.1,20.9,76.6,X, ,X,매우높음
6/27/2023,진도군ASOS(268),X,30.1,27.9,24.7,23.1,93,X, ,X,매우높음
6/27/2023,봉화(271),X,27.8,27.9,23.7,19.7,76.8,X, ,X,높음
6/27/2023,영주(272),X,29.1,28.7,24.7,21.5,78.6,X, ,X,높음
6/27/2023,문경(273),X,30.5,30.3,25.6,22.4,77.3,X, ,X,높음
6/27/2023,청송군(276),X,30.7,30.7,25.7,21.8,76.4,X, ,X,매우높음
6/27/2023,영덕(277),X,31.1,31.4,26.1,22.5,75.9,O, ,X,매우높음
6/27/2023,의성(278),X,31.5,31.9,26.7,23.4,78.8,O, ,X,매우높음
6/27/2023,구미(279),X,32.1,32.9,27.4,23.2,72.3,O, ,X,매우높음
6/27/2023,영천(281),X,31.8,32.7,26.9,22.8,76.5,O, ,X,매우높음
6/27/2023,경주시(283),X,32.7,32.7,27.6,23.8,74.9,O, ,X,매우높음
6/27/2023,거창(284),X,31.3,31.2,25.8,20.7,76.4,X, ,X,매우높음
6/27/2023,합천(285),X,32.2,32.2,26.4,21.7,77.1,O, ,X,매우높음
6/27/2023,밀양(288),X,31.4,31,26.8,21.9,73.6,X, ,X,매우높음
6/27/2023,산청(289),X,31.5,30.6,25.5,18.9,85.6,X, ,X,매우높음
6/27/2023,거제(294),X,27.4,24.5,23.1,20,93.6,X, ,X,매우높음
6/27/2023,남해(295),X,30.1,28.2,24.4,20,90.8,X, ,X,높음
6/27/2023,부천(433),X,27.2,27.5,23.5,19.7,69,X, ,X,매우높음
6/27/2023,안양(434),X,27.7,29.3,25.2,21.8,,X, ,X,매우높음
6/27/2023,광명(437),X,29.5,29.9,25.4,21.3,70,X, ,X,매우높음
6/27/2023,군포(438),X,29.4,30.1,25.2,21.1,69,X, ,X,매우높음
6/27/2023,김포(441),X,,28.9,24.5,20.9,,X, ,X,높음
6/27/2023,하남(444),X,28.6,28.7,24,20.4,74,X, ,X,매우높음
6/27/2023,의왕(445),X,29.1,29,24.4,20.9,76,X, ,X,매우높음
6/27/2023,포천(504),X,28.6,27.8,23.8,21.1,78,X, ,X,높음
6/27/2023,가평조종(505),X,29.3,28.6,23.7,19.9,81,X, ,X,높음
6/27/2023,안성(516),X,30,30.4,25.6,21.7,77,X, ,X,높음
6/27/2023,간성(517),X,29.9,30.9,26,20.7,66,X, ,X,낮음
6/27/2023,평창(526),X,28.2,28.5,23.8,19.8,73,X, ,X,낮음
6/27/2023,의정부(532),X,29.7,28.3,24,21.5,87,X, ,X,높음
6/27/2023,횡성(536),X,28.8,28.5,24.1,21,77,X, ,X,낮음
6/27/2023,고양(540),X,,,,,,X, ,X,매우높음
6/27/2023,남양주(541),X,30,29.8,24.4,21.2,77,X, ,X,매우높음
6/27/2023,안산(545),X,30.7,30.7,24.8,20.7,76,X, ,X,매우높음
6/27/2023,경기광주(546),X,29,29.5,24.3,20.9,71,X, ,X,높음
6/27/2023,여주(548),X,29.3,29,24.3,20.8,81,X, ,X,매우높음
6/27/2023,용인(549),X,28.5,28.6,24.2,20.7,74,X, ,X,높음
6/27/2023,오산(550),X,30.4,30,25.1,21.1,78,X, ,X,높음
6/27/2023,평택(551),X,31.2,31.5,26,22.1,79,X, ,X,높음
6/27/2023,화천(555),X,29.3,28,23.2,19.5,90,X, ,X,낮음
6/27/2023,양구(556),X,28.7,28.5,23.9,20.1,72,X, ,X,낮음
6/27/2023,시흥(565),X,30.3,30.6,25.2,21,77,X, ,X,매우높음
6/27/2023,구리(569),X,29.5,29.9,25.1,21.5,69,X, ,X,매우높음
6/27/2023,화성(571),X,29.9,30.2,25.4,21.3,77,X, ,X,매우높음
6/27/2023,성남(572),X,28.5,29.1,25.3,21.6,62,X, ,X,매우높음
6/27/2023,과천(590),X,30,30.1,25,21.4,75,X, ,X,매우높음
6/27/2023,양주(598),X,29.2,28.7,23.9,21.4,78,X, ,X,높음
6/27/2023,단양(601),X,26.7,,,,,X, ,X,보통
6/27/2023,진천(602),X,30.6,31.1,27,23.7,65,X, ,X,높음
6/27/2023,괴산(603),X,30.4,30.4,25.6,22.8,75,X, ,X,높음
6/27/2023,옥천(604),X,32.2,32.7,27.3,23.9,73,X, ,X,매우높음
6/27/2023,홍북(608),X,30.2,30.1,24.3,20.2,82,X, ,X,매우높음
6/27/2023,공주(612),X,30.6,30.6,25.8,22.2,75,X, ,X,매우높음
6/27/2023,서천(614),X,29.4,28,24.3,21.8,85,X, ,X,매우높음
6/27/2023,논산(615),X,31.3,30.6,26.2,22.6,78,X, ,X,매우높음
6/27/2023,당진(616),X,30.4,30.3,25.1,21,81,X, ,X,매우높음
6/27/2023,청양(618),X,31.3,30.9,25.1,20.3,79,X, ,X,매우높음
6/27/2023,음성(619),X,29.5,29.2,24.7,22,77,X, ,X,매우높음
6/27/2023,증평(623),X,30.4,29.9,25.7,22.9,80,X, ,X,높음
6/27/2023,태안(627),X,29.6,28.1,23.2,20.8,90,X, ,X,매우높음
6/27/2023,예산(628),X,30.9,30.8,25.5,21.6,79,X, ,X,매우높음
6/27/2023,아산(634),X,32.3,32.3,25.9,21.2,79,X, ,X,매우높음
6/27/2023,계룡(636),X,30.2,29.8,25,21.7,79,X, ,X,매우높음
6/27/2023,연천청산(652),X,28.5,27.7,23.5,20.2,80,X, ,X,보통
6/27/2023,양양(670),X,30.1,30.9,26.3,20.9,65,X, ,X,낮음
6/27/2023,무안(699),X,31.1,,,,,X, ,X,매우높음
6/27/2023,무주(701),X,30.8,31.1,25.7,19.9,73,X, ,X,매우높음
6/27/2023,익산(702),X,31.3,30.5,26.1,22.6,76,X, ,X,매우높음
6/27/2023,진안(703),X,29.6,28.6,24.1,20.2,83,X, ,X,매우높음
6/27/2023,담양(706),X,32.3,30.4,25.8,22.5,93,X, ,X,매우높음
6/27/2023,구례(709),X,32.2,31.3,26.2,21.1,85,X, ,X,높음
6/27/2023,나주(710),X,31.6,29.9,24.8,20,91,X, ,X,높음
6/27/2023,순천시(712),X,32,29.9,25.9,22.5,87,X, ,X,매우높음
6/27/2023,광양읍(713),X,32,30.8,25.8,21.8,89,X, ,X,매우높음
6/27/2023,장성(730),X,30.8,29.9,24.7,20.3,85,X, ,X,매우높음
6/27/2023,영암(731),X,31.9,30.2,25.8,20.7,89,X, ,X,매우높음
6/27/2023,보성(732),X,29.5,27.6,24,20,91,X, ,X,매우높음
6/27/2023,완주(734),X,31.8,31.3,26.2,22.4,80,X, ,X,매우높음
6/27/2023,김제(737),X,31.7,30.4,25.8,21.8,83,X, ,X,매우높음
6/27/2023,화순(741),X,32,31.5,25.5,21,82,X, ,X,높음
6/27/2023,함평(754),X,31.6,30.3,24.5,20,90,X, ,X,매우높음
6/27/2023,곡성(768),X,31.8,30.8,25.6,20.6,84,X, ,X,보통
6/27/2023,압해도(789),X,29.5,27,23.4,20.6,96,X, ,X,매우높음
6/27/2023,영양(801),X,30.1,29.9,24.9,21,82,X, ,X,매우높음
6/27/2023,성주(810),X,32.5,33.3,27.8,23.5,70,X, ,X,매우높음
6/27/2023,고령(812),X,32,32.5,27,22.8,81,X, ,X,매우높음
6/27/2023,청도(813),X,31.7,31.3,26.5,22.7,77,X, ,X,보통
6/27/2023,예천(815),X,30.6,31,26.1,22.9,75,X, ,X,높음
6/27/2023,김천(822),X,32.6,33.1,26.9,22.5,77,O, ,X,매우높음
6/27/2023,군위(823),X,32.6,32.7,27.1,23.6,79,X, ,X,매우높음
6/27/2023,칠곡(825),X,32.2,32.8,27.9,23.9,78,O, ,X,매우높음
6/27/2023,경산(827),X,32.8,33.7,27.7,23.4,74,O, ,X,매우높음
6/27/2023,삼척(876),X,31.4,32.4,27.2,21.9,63,O, ,X,낮음
6/27/2023,속초(90),X,31.1,32.4,26.8,20,64.4,X, ,X,낮음
6/27/2023,삼천포(907),X,30.7,28.8,23.8,19.5,90,X, ,X,높음
6/27/2023,고성(918),X,28.3,25.6,23.4,19.7,94,X, ,X,매우높음
6/27/2023,창녕(919),O,33.2,32.4,27,22.5,82,O, ,X,보통
6/27/2023,함안(920),X,32.1,31.4,26.6,20.6,79,X, ,X,높음
6/27/2023,북춘천(93),X,29.4,29.1,24.5,20.6,78.3,X, ,X,낮음
6/27/2023,하동(932),X,32.4,31.2,25.6,20.5,85,X, ,X,높음
6/27/2023,철원(95),X,28.4,27.4,23.1,19.8,82,X, ,X,낮음
6/27/2023,동두천(98),X,28.7,27.3,23.1,20.6,85.3,X, ,X,높음
6/27/2023,파주(99),X,28.6,26.7,23.1,20.5,87.1,X, ,X,높음
6/28/2023,북강릉(104),X,32,33.1,29,23.4,54.6,X,관심,X,낮음
6/28/2023,동해(106),X,31.4,32.1,27.5,22.9,59.1,X,관심,X,낮음
6/28/2023,서울(108),X,30.8,30.1,26.5,24.2,77.4,X, ,O,높음
6/28/2023,인천(112),X,28.8,27.3,24.2,21.9,85.6,X, ,X,높음
6/28/2023,원주(114),X,29.4,29.1,25.6,22.2,69.3,X,관심,X,낮음
6/28/2023,울릉도(115),X,27.9,27.2,24.7,22.7,75.8,X, ,X,매우높음
6/28/2023,수원(119),X,30.2,29.3,25.4,22.6,78.3,X, ,X,높음
6/28/2023,영월(121),X,29.5,29.4,24,19.7,77.9,X, ,X,낮음
6/28/2023,충주(127),X,30.2,29.4,25.6,20.7,71.1,X, ,X,높음
6/28/2023,서산(129),X,27.6,25.6,23.4,22,91.1,X, ,X,높음
6/28/2023,울진(130),X,32,32.6,27.9,23.7,61,X,관심,X,매우높음
6/28/2023,청주(131),X,29.3,28.7,25.1,21.3,72.4,X,관심,O,매우높음
6/28/2023,대전(133),X,28.1,27.1,24.1,19.5,78.8,X, ,X,높음
6/28/2023,추풍령(135),X,29,27.7,22.5,17.7,83.5,X,관심,X,매우높음
6/28/2023,안동(136),X,30.1,29,24.5,19.7,80.5,O,주의,X,매우높음
6/28/2023,상주(137),X,31,30,24.5,18.7,80.9,X,관심,X,매우높음
6/28/2023,포항(138),X,30.7,30.6,25.9,21.2,69.8,O,주의,X,매우높음
6/28/2023,군산(140),X,29.1,26.9,23.5,20.1,89.4,X, ,X,높음
6/28/2023,대구(143),X,30.7,30.2,24.5,19.7,78.4,O,주의,X,매우높음
6/28/2023,전주(146),X,29.7,28.4,23.9,19.7,83.9,X,관심,X,높음
6/28/2023,울산(152),X,29.2,28.3,23.4,19.4,82.6,X,관심,X,매우높음
6/28/2023,창원(155),X,29.2,28,23.2,19.1,83.8,X,관심,X,높음
6/28/2023,광주(156),X,28.6,25.3,22.7,19.6,99,X,관심,X,보통
6/28/2023,부산(159),X,26.8,25.3,22.8,20,82.5,X,관심,X,매우높음
6/28/2023,통영(162),X,27.2,25.7,21.8,19.1,90.8,X, ,X,높음
6/28/2023,목포(165),X,27.6,24.5,23.3,21,97,X, ,X,높음
6/28/2023,여수(168),X,26,23.8,21.7,18.9,91.5,X, ,X,높음
6/28/2023,흑산도(169),X,28.5,26.4,22.5,19.2,95.1,X, ,X,매우높음
6/28/2023,완도(170),X,29,26.3,23.4,20.8,97.6,X, ,X,높음
6/28/2023,고창(172),X,,,,,,X,관심,X,높음
6/28/2023,제주(184),X,32.1,31.2,28.6,27,72.6,X, ,O,매우높음
6/28/2023,진주(192),X,29.2,27.7,22.8,19.2,88.1,X,관심,X,높음
6/28/2023,양평(202),X,29.9,29.2,25.6,22.2,74.5,X,관심,X,매우높음
6/28/2023,이천(203),X,31.2,30.1,25.7,21.2,79.3,X,관심,X,매우높음
6/28/2023,인제(211),X,30.4,30.4,25.1,20.4,76.3,X,관심,X,낮음
6/28/2023,홍천(212),X,30.3,30.5,25.4,20.6,74.8,X,관심,X,낮음
6/28/2023,태백(216),X,27.9,28.2,23.5,18.8,64.5,X, ,X,낮음
6/28/2023,정선군(217),X,27.8,,,,,X, ,X,낮음
6/28/2023,제천(221),X,29.4,28.5,24.3,20,80.5,X,관심,X,높음
6/28/2023,보은(226),X,28.6,27.3,23.1,18.6,85.1,X, ,X,매우높음
6/28/2023,천안(232),X,29.5,27.9,24.3,20.4,85.6,X, ,X,높음
6/28/2023,보령(235),X,27.7,25.9,23.9,21.5,88.5,X, ,X,높음
6/28/2023,부여(236),X,28.3,26,23.9,20.3,87.4,X, ,X,높음
6/28/2023,금산(238),X,29.5,28.4,23.5,18.6,85.6,X,관심,X,높음
6/28/2023,세종(239),X,28,26.7,23.6,19,83.8,X, ,X,보통
6/28/2023,부안(243),X,28.9,27.1,23.6,20.1,88.5,X,관심,X,높음
6/28/2023,임실(244),X,27.4,25.3,22.3,18.8,90,X, ,X,높음
6/28/2023,정읍(245),X,28.2,26.4,23.2,19.5,84.6,X,관심,X,높음
6/28/2023,남원(247),X,28.7,27.4,23,18.7,88.8,X,관심,X,높음
6/28/2023,장수(248),X,27.3,25.3,22.1,18,88.3,X, ,X,높음
6/28/2023,영광군(252),X,27.7,25.3,23,19.6,90.9,X, ,X,높음
6/28/2023,김해시(253),X,29.6,27.6,23.1,19.2,91.9,X,관심,X,매우높음
6/28/2023,순창군(254),X,27.2,24.8,22.2,18.7,92.9,X, ,X,높음
6/28/2023,양산시(257),X,29.7,28.5,24.2,20.9,88.6,X,관심,X,매우높음
6/28/2023,강진군(259),X,27.5,24.9,22.4,20.2,87.5,X, ,X,높음
6/28/2023,장흥(260),X,27.2,24.3,22,20,97.6,X, ,X,높음
6/28/2023,해남(261),X,27.8,24.5,23.5,21.3,99,X, ,X,높음
6/28/2023,고흥(262),X,26.7,24,21.4,18.9,94.1,X, ,X,높음
6/28/2023,의령군(263),X,31.1,28.5,23.9,19.9,91.3,X, ,X,매우높음
6/28/2023,함양군(264),X,30.9,28.7,23.2,18.6,94.8,X,관심,X,높음
6/28/2023,진도군ASOS(268),X,27.8,24.9,24,22.9,95.1,X, ,X,매우높음
6/28/2023,봉화(271),X,28.6,27.7,22.7,18.8,82.6,X, ,X,높음
6/28/2023,영주(272),X,29.6,28.8,24.1,19.4,80.6,X,관심,X,매우높음
6/28/2023,문경(273),X,30.1,29.2,24.1,18.5,83.1,X, ,X,매우높음
6/28/2023,청송군(276),X,30.2,29.5,24.3,19.1,78.5,X,관심,X,높음
6/28/2023,영덕(277),X,30.7,30.6,25.6,19.9,72,O,주의,X,매우높음
6/28/2023,의성(278),X,30.5,29.7,24.6,20.5,84.5,O,주의,X,매우높음
6/28/2023,구미(279),X,30.1,29.2,24.3,19.7,80,O,주의,X,매우높음
6/28/2023,영천(281),X,30,29.3,24.1,19.5,80.5,O,주의,X,매우높음
6/28/2023,경주시(283),X,31.4,30.9,25.1,20.1,78.4,O,주의,X,매우높음
6/28/2023,거창(284),X,29.9,28.5,22.7,18.5,88.4,X, ,X,높음
6/28/2023,합천(285),X,29.4,27.9,23.3,19.3,85.1,O,주의,X,높음
6/28/2023,밀양(288),X,29.8,29.1,24.1,20.5,78.6,X,관심,X,매우높음
6/28/2023,산청(289),X,30.1,28.6,22.6,18.4,90.8,X,관심,X,높음
6/28/2023,거제(294),X,28.1,26.5,22.4,19.1,89.3,X, ,X,높음
6/28/2023,남해(295),X,27.5,25.5,22.5,18.5,90.1,X, ,X,높음
6/28/2023,부천(433),X,28.6,28,23.7,21.5,78,X, ,X,높음
6/28/2023,안양(434),X,28.4,28.9,25.7,23.7,,X, ,X,높음
6/28/2023,광명(437),X,30.4,29.9,25.9,23.7,77,X, ,X,매우높음
6/28/2023,군포(438),X,30.9,30.7,25.5,23.1,75,X, ,X,높음
6/28/2023,김포(441),X,,28.8,25.3,22.5,,X, ,X,높음
6/28/2023,하남(444),X,30.8,30.6,25.5,22.3,71,X,관심,X,높음
6/28/2023,의왕(445),X,29.6,28.6,24.8,21.9,79,X, ,X,높음
6/28/2023,포천(504),X,31.7,30.5,25.4,20.9,79,X, ,X,보통
6/28/2023,가평조종(505),X,30.7,29.8,24.9,19.6,84,X,관심,X,높음
6/28/2023,안성(516),X,30.3,29.6,25.2,20.7,82,X,관심,X,높음
6/28/2023,간성(517),X,31.9,33,28.6,22.1,55,X,관심,X,낮음
6/28/2023,평창(526),X,29.4,30,24,19.4,73,X, ,X,낮음
6/28/2023,의정부(532),X,31.4,29.4,25.6,21.9,90,X, ,X,높음
6/28/2023,횡성(536),X,30,30.1,25.1,20.9,75,X,관심,X,낮음
6/28/2023,고양(540),X,,,,,,X, ,X,높음
6/28/2023,남양주(541),X,31.9,31.3,26.4,22.2,75,X, ,X,높음
6/28/2023,안산(545),X,29.9,28.6,24.4,21.3,85,X, ,X,높음
6/28/2023,경기광주(546),X,29.9,29.8,25.6,22.2,68,X,관심,X,매우높음
6/28/2023,여주(548),X,30,29.1,25.4,21,77,X,관심,X,매우높음
6/28/2023,용인(549),X,29.1,28.5,24.5,20.5,76,X,관심,X,매우높음
6/28/2023,오산(550),X,30.8,29.6,25,19.9,83,X, ,X,매우높음
6/28/2023,평택(551),X,30.6,29.5,25.2,21.4,83,X,관심,X,높음
6/28/2023,화천(555),X,31.4,30.1,24.3,19,89,X,관심,X,낮음
6/28/2023,양구(556),X,30,30.1,25,19.8,75,X, ,X,낮음
6/28/2023,시흥(565),X,30.2,29,25.2,23.1,82,X, ,X,매우높음
6/28/2023,구리(569),X,30.9,31,26.3,23.3,70,X, ,X,높음
6/28/2023,화성(571),X,30.6,29.4,25,22.7,83,X, ,X,보통
6/28/2023,성남(572),X,29.6,29.5,26.2,23.2,64,X, ,X,높음
6/28/2023,과천(590),X,31,30,26.2,23.3,79,X, ,X,높음
6/28/2023,양주(598),X,31.2,30.1,25.6,21.2,81,X, ,X,높음
6/28/2023,단양(601),X,30.1,,,,,X, ,X,높음
6/28/2023,진천(602),X,29.8,29.2,25.4,21.3,73,X, ,X,보통
6/28/2023,괴산(603),X,29.8,29.1,24.8,20.4,76,X, ,X,높음
6/28/2023,옥천(604),X,29.7,29.1,24.7,20,84,X,관심,X,높음
6/28/2023,홍북(608),X,28.2,27.1,23.1,20.6,88,X, ,X,높음
6/28/2023,공주(612),X,27.9,26.7,24.1,20.5,81,X, ,X,높음
6/28/2023,서천(614),X,28.3,25.8,23.3,20.4,91,X, ,X,높음
6/28/2023,논산(615),X,29.2,27.1,24.6,20.6,84,X, ,X,높음
6/28/2023,당진(616),X,30.5,29,24.1,21.9,92,X, ,X,보통
6/28/2023,청양(618),X,27.9,25.9,23.9,20.5,86,X, ,X,높음
6/28/2023,음성(619),X,28.8,27.7,23.9,19.6,78,X, ,X,보통
6/28/2023,증평(623),X,29.4,27.6,24.6,20.9,82,X, ,X,매우높음
6/28/2023,태안(627),X,27,24.4,22.5,21,96,X, ,X,높음
6/28/2023,예산(628),X,29.4,27.9,24.6,22,86,X, ,X,높음
6/28/2023,아산(634),X,32,30.7,24.9,21.4,85,X, ,X,보통
6/28/2023,계룡(636),X,27.9,25.8,23.1,18.3,88,X, ,X,보통
6/28/2023,연천청산(652),X,30.2,29.5,24.6,20.1,82,X, ,X,보통
6/28/2023,양양(670),X,31.7,33,29.1,23.4,54,X,관심,O,낮음
6/28/2023,무안(699),X,27.8,,,,,X, ,X,높음
6/28/2023,무주(701),X,30,29,23.8,18.4,81,X, ,X,높음
6/28/2023,익산(702),X,29.1,27.3,24,20.4,86,X, ,X,높음
6/28/2023,진안(703),X,27.5,25.4,21.9,18.2,91,X, ,X,높음
6/28/2023,담양(706),X,,,,,,X,관심,X,높음
6/28/2023,구례(709),X,28.5,26.5,22.9,19.2,92,X, ,X,낮음
6/28/2023,나주(710),X,27.9,25.2,22.8,19.6,95,X, ,X,높음
6/28/2023,순천시(712),X,27.5,25.5,23,19.9,88,X, ,X,높음
6/28/2023,광양읍(713),X,27.5,25.8,22.9,19.3,90,X, ,X,높음
6/28/2023,장성(730),X,27,24.6,22.3,19.4,91,X, ,X,높음
6/28/2023,영암(731),X,28.9,25.9,23.7,20.9,94,X, ,X,높음
6/28/2023,보성(732),X,26.6,24.2,21.1,18.7,94,X, ,X,높음
6/28/2023,완주(734),X,29.8,27.8,23.4,19.7,90,X,관심,X,높음
6/28/2023,김제(737),X,29.7,27.7,23.5,19.9,90,X,관심,X,높음
6/28/2023,화순(741),X,27.5,25.3,22.6,19.3,89,X, ,X,낮음
6/28/2023,함평(754),X,27.4,24.5,22.4,19.8,96,X,관심,X,높음
6/28/2023,곡성(768),X,28.3,26.3,22.7,18.9,92,X,관심,X,높음
6/28/2023,압해도(789),X,27.5,24.3,23.1,21,98,X, ,X,높음
6/28/2023,영양(801),X,30.3,29.7,24.2,19.1,84,X,관심,X,매우높음
6/28/2023,성주(810),X,30.6,29.9,24.1,19.6,83,X,관심,X,매우높음
6/28/2023,고령(812),X,30,28.9,23.4,19.5,92,X,관심,X,높음
6/28/2023,청도(813),X,30,29,23,19.2,88,X,관심,X,매우높음
6/28/2023,예천(815),X,30.2,29.3,24.7,19.9,78,X,관심,X,높음
6/28/2023,김천(822),X,31.3,30.3,24,18.2,86,O,주의,X,매우높음
6/28/2023,군위(823),X,30.6,29.2,24.5,20.5,85,X,관심,X,매우높음
6/28/2023,칠곡(825),X,30.7,28.8,24.4,20.4,92,O,주의,X,매우높음
6/28/2023,경산(827),X,30.3,29.6,24.4,19.7,80,O,주의,X,낮음
6/28/2023,삼척(876),X,32,33.2,28.6,23.4,54,O,주의,O,낮음
6/28/2023,속초(90),X,32.9,34.3,28.8,23.2,58,X,관심,O,낮음
6/28/2023,삼천포(907),X,27,24.9,21.8,18.9,91,X, ,X,높음
6/28/2023,고성(918),X,27.4,25.5,22.4,19.1,90,X, ,X,높음
6/28/2023,창녕(919),X,30.6,29.2,24,19.9,88,O,주의,X,매우높음
6/28/2023,함안(920),X,29.9,28.4,23.4,19.7,86,X, ,X,매우높음
6/28/2023,북춘천(93),X,31.1,30.9,25.8,20.3,78.6,X,관심,X,낮음
6/28/2023,하동(932),X,27.7,25.8,22.5,19.3,89,X,관심,X,높음
6/28/2023,철원(95),X,30.1,29.7,24.6,19.3,83,X, ,X,낮음
6/28/2023,동두천(98),X,31,29.4,25,20.4,84.5,X, ,X,높음
6/28/2023,파주(99),X,30.4,28.7,24.2,21.1,90.5,X, ,X,높음
6/29/2023,북강릉(104),X,30.1,29.1,23.7,20.1,82.9,X, ,X,낮음
6/29/2023,동해(106),X,29.8,28.7,24,20.6,85.8,X, ,X,낮음
6/29/2023,서울(108),X,28.4,25.9,24.2,23.2,95.4,X, ,X,낮음
6/29/2023,인천(112),X,27.4,24.5,23.2,21.9,95.4,X, ,X,낮음
6/29/2023,원주(114),X,27.8,25.8,24,22.8,86.9,X, ,X,낮음
6/29/2023,울릉도(115),X,30,28.4,24.9,22.1,81.9,X, ,X,보통
6/29/2023,수원(119),X,27.7,25.1,23.9,22.7,94.4,X, ,X,낮음
6/29/2023,영월(121),X,28.1,25.8,23.2,21.4,94,X, ,X,낮음
6/29/2023,충주(127),X,28.6,26.2,24.3,23.1,89.5,X, ,X,보통
6/29/2023,서산(129),X,27.7,24.8,23.7,22.6,94.9,X, ,X,낮음
6/29/2023,울진(130),X,28.8,27.3,23.3,19.7,85.6,X, ,X,보통
6/29/2023,청주(131),X,28.6,26.8,25.4,24,85,X, ,X,보통
6/29/2023,대전(133),X,28.1,25.8,24.6,23.2,88.1,X, ,X,보통
6/29/2023,추풍령(135),X,27.3,24.7,23.2,20.7,92.4,X, ,X,보통
6/29/2023,안동(136),X,28.9,26.4,24.5,22.5,91.4,X,주의,X,보통
6/29/2023,상주(137),X,29,26.7,24.7,22.7,92.8,X, ,X,보통
6/29/2023,포항(138),X,31.1,30.6,26.9,24.6,75.4,X,주의,X,높음
6/29/2023,군산(140),X,28.4,25.8,24.8,23.3,90.3,X, ,X,보통
6/29/2023,대구(143),X,29.9,28.7,25.4,23.6,86.1,X,주의,X,보통
6/29/2023,전주(146),X,28.7,26.9,25.1,23.9,87.6,X, ,X,낮음
6/29/2023,울산(152),X,30.6,29.5,25.5,21.9,82.1,X,관심,X,보통
6/29/2023,창원(155),X,28,25.6,24.5,23.3,88.5,X, ,X,높음
6/29/2023,광주(156),X,29.7,26.3,24.6,23.3,99,X, ,X,보통
6/29/2023,부산(159),X,28.6,26.9,24.1,23,87.4,X, ,X,높음
6/29/2023,통영(162),X,27.7,24.9,23.9,22.1,94.6,X, ,X,보통
6/29/2023,목포(165),X,28.6,25.7,24.3,23.4,95.4,X, ,X,보통
6/29/2023,여수(168),X,27.1,24.1,23.5,22.7,96.6,X, ,X,보통
6/29/2023,흑산도(169),X,30.1,28.8,23.2,19.5,93,X, ,X,보통
6/29/2023,완도(170),X,31.1,29.3,25.7,24,90.1,X, ,X,높음
6/29/2023,고창(172),X,,,,,,X, ,X,낮음
6/29/2023,제주(184),X,32.2,31.4,28.1,25.2,74.6,X, ,X,높음
6/29/2023,진주(192),X,29,26.5,24.9,23.3,91.6,X, ,X,높음
6/29/2023,양평(202),X,27.6,25.2,24,22.7,93,X, ,X,낮음
6/29/2023,이천(203),X,28.7,25.3,24.3,23.4,99,X, ,X,보통
6/29/2023,인제(211),X,27.4,25,21.6,19.4,94.6,X, ,X,낮음
6/29/2023,홍천(212),X,27.8,25.2,23.3,21.4,94.3,X, ,X,낮음
6/29/2023,태백(216),X,25.9,24.5,22.3,20.2,83.3,X, ,X,낮음
6/29/2023,정선군(217),X,28.3,,,,,X, ,X,낮음
6/29/2023,제천(221),X,27.6,25,23.3,22.4,97.3,X, ,X,보통
6/29/2023,보은(226),X,28,25.5,23.9,22,94.4,X, ,X,보통
6/29/2023,천안(232),X,28.6,25.5,24.2,23.2,98.6,X, ,X,보통
6/29/2023,보령(235),X,28.2,25.8,24.2,22.4,93.9,X, ,X,보통
6/29/2023,부여(236),X,28.4,25.6,24.5,22.8,94,X, ,X,보통
6/29/2023,금산(238),X,28.6,27,24.1,21.3,93.4,X, ,X,보통
6/29/2023,세종(239),X,27.9,25.1,24.3,23.2,91.9,X, ,X,보통
6/29/2023,부안(243),X,29,26.4,25,23.8,91.1,X, ,X,보통
6/29/2023,임실(244),X,27.6,25.1,23.9,22.9,93,X, ,X,보통
6/29/2023,정읍(245),X,28.7,27.1,25.4,24,83.5,X, ,X,보통
6/29/2023,남원(247),X,28.5,26.6,,22.8,,X, ,X,보통
6/29/2023,장수(248),X,27.1,25.1,23.9,22.8,87.9,X, ,X,보통
6/29/2023,영광군(252),X,28.8,26.4,25,23.6,90.5,X, ,X,보통
6/29/2023,김해시(253),X,30.5,27.9,24.9,22.7,96.3,X,관심,X,높음
6/29/2023,순창군(254),X,28.5,26.3,24.6,23,92.5,X, ,X,낮음
6/29/2023,양산시(257),X,30.7,28.6,25.6,23.9,94.9,X, ,X,높음
6/29/2023,강진군(259),X,28,25.8,24.7,22.9,86,X, ,X,보통
6/29/2023,장흥(260),X,29.3,26.1,24.5,22.6,99,X, ,X,낮음
6/29/2023,해남(261),X,28.6,25.6,24.5,23.6,98.6,X, ,X,보통
6/29/2023,고흥(262),X,28.2,25.8,24.2,22.4,92.8,X, ,X,높음
6/29/2023,의령군(263),X,30.2,28.5,25.9,24,86.5,X, ,X,높음
6/29/2023,함양군(264),X,29.7,26.8,24.4,22.4,98.5,X,관심,X,높음
6/29/2023,진도군ASOS(268),X,28.9,26.4,24.4,23.4,94.1,X, ,X,보통
6/29/2023,봉화(271),X,26.8,24.6,22.5,19.4,92.9,X, ,X,보통
6/29/2023,영주(272),X,27,23.7,22.7,20.3,99.8,X, ,X,보통
6/29/2023,문경(273),X,28.1,25.1,23.6,21.2,98.1,X, ,X,보통
6/29/2023,청송군(276),X,30.2,29.3,24.4,20.8,87.9,X, ,X,높음
6/29/2023,영덕(277),X,30,28.5,25.3,23.6,85,X,주의,X,높음
6/29/2023,의성(278),X,29.9,28.3,24.9,22.3,93.3,X,주의,X,보통
6/29/2023,구미(279),X,29.2,27.5,24.9,22.2,86.5,X,주의,X,보통
6/29/2023,영천(281),X,29.9,28.6,25.4,23.5,86,X,주의,X,보통
6/29/2023,경주시(283),X,32,30.9,25.8,22.1,83.8,X,주의,X,높음
6/29/2023,거창(284),X,28.8,26.8,24.2,21.5,93,X, ,X,보통
6/29/2023,합천(285),X,29.5,27.8,25.1,22.9,87.3,X,주의,X,보통
6/29/2023,밀양(288),X,29.9,28.7,25.7,24,81.1,X,관심,X,보통
6/29/2023,산청(289),X,29.6,27.3,24.2,22.2,94.9,X, ,X,높음
6/29/2023,거제(294),X,27.6,24.6,23.9,22.7,96.5,X, ,X,높음
6/29/2023,남해(295),X,29,26.6,24.6,22.7,93.5,X, ,X,보통
6/29/2023,부천(433),X,26.3,23.6,22.2,21.1,95,X, ,X,낮음
6/29/2023,안양(434),X,26.3,26,24.1,22.5,,X, ,X,낮음
6/29/2023,광명(437),X,28.3,25.9,24.1,22.8,93,X, ,X,낮음
6/29/2023,군포(438),X,27.6,25.3,23.7,22,92,X, ,X,낮음
6/29/2023,김포(441),X,,24.9,23.6,22.5,,X, ,X,낮음
6/29/2023,하남(444),X,27.2,25.2,23.5,21.6,90,X, ,X,낮음
6/29/2023,의왕(445),X,27.4,25,23.5,21.8,94,X, ,X,낮음
6/29/2023,포천(504),X,27.8,25.3,23.4,21.4,95,X, ,X,낮음
6/29/2023,가평조종(505),X,27.4,24.1,23.3,22.1,100,X, ,X,낮음
6/29/2023,안성(516),X,28.8,25.7,24.3,23.1,98,X, ,X,보통
6/29/2023,간성(517),X,29.3,28.5,23.3,19.6,80,X, ,X,낮음
6/29/2023,평창(526),X,27.4,25,22.5,20,90,X, ,X,낮음
6/29/2023,의정부(532),X,28.4,25.1,23.7,22.9,98,X, ,X,낮음
6/29/2023,횡성(536),X,27.9,25.1,23.6,22.3,93,X, ,X,낮음
6/29/2023,고양(540),X,,,,,,X, ,X,낮음
6/29/2023,남양주(541),X,28.3,26,23.7,22.5,95,X, ,X,낮음
6/29/2023,안산(545),X,27.5,24.5,23.3,21.8,98,X, ,X,낮음
6/29/2023,경기광주(546),X,27.2,25.1,23.7,22.2,89,X, ,X,낮음
6/29/2023,여주(548),X,28.2,25.1,23.7,22.7,97,X, ,X,보통
6/29/2023,용인(549),X,27.2,24.3,23.4,22,95,X, ,X,보통
6/29/2023,오산(550),X,28,25,24.1,23.1,95,X, ,X,낮음
6/29/2023,평택(551),X,28.9,25.6,24.4,23.3,100,X, ,X,낮음
6/29/2023,화천(555),X,26.6,23.5,21.3,19.8,97,X, ,X,낮음
6/29/2023,양구(556),X,27.4,24.8,21.8,20.1,93,X, ,X,낮음
6/29/2023,시흥(565),X,28.1,25.4,23.9,22.6,96,X, ,X,낮음
6/29/2023,구리(569),X,27.6,25.3,23.7,22.4,92,X, ,X,낮음
6/29/2023,화성(571),X,28.1,25.4,23.9,22.4,96,X, ,X,낮음
6/29/2023,성남(572),X,27.3,25.6,24.4,22.6,82,X, ,X,낮음
6/29/2023,과천(590),X,27.9,25.1,23.8,22.6,97,X, ,X,낮음
6/29/2023,양주(598),X,27.9,25.4,23.7,22.8,95,X, ,X,낮음
6/29/2023,단양(601),X,28.7,26.6,23.7,21.8,93,X, ,X,보통
6/29/2023,진천(602),X,28.7,26.6,25,23.8,89,X, ,X,보통
6/29/2023,괴산(603),X,28.7,26,24.1,21.9,93,X, ,X,보통
6/29/2023,옥천(604),X,29.6,27.4,25.6,23.7,93,X, ,X,보통
6/29/2023,홍북(608),X,27,23.7,22.9,22.1,98,X, ,X,낮음
6/29/2023,공주(612),X,28.2,25.9,24.3,22.9,92,X, ,X,보통
6/29/2023,서천(614),X,28,25.6,24.6,23.6,92,X, ,X,보통
6/29/2023,논산(615),X,29.1,27.1,25,23.5,92,X, ,X,보통
6/29/2023,당진(616),X,28.2,24.9,23.7,22.7,98,X, ,X,낮음
6/29/2023,청양(618),X,28,25.3,24.2,23.3,93,X, ,X,낮음
6/29/2023,음성(619),X,27.4,24.7,23.1,21.7,93,X, ,X,보통
6/29/2023,증평(623),X,28.6,25.8,24.3,23.2,97,X, ,X,보통
6/29/2023,태안(627),X,27.5,24.3,22.9,21.9,99,X, ,X,낮음
6/29/2023,예산(628),X,28.1,25.4,24.3,23.2,95,X, ,X,낮음
6/29/2023,아산(634),X,28,25.2,24.1,22.9,94,X, ,X,낮음
6/29/2023,계룡(636),X,27.7,24.9,23.7,22.6,95,X, ,X,보통
6/29/2023,연천청산(652),X,27.1,24.2,22.9,21.3,96,X, ,X,낮음
6/29/2023,양양(670),X,29.1,28.6,24.2,20.4,79,X, ,X,낮음
6/29/2023,무안(699),X,29.1,26.5,25.1,23.5,91,X, ,X,보통
6/29/2023,무주(701),X,29.4,28.1,24.7,21.9,86,X, ,X,보통
6/29/2023,익산(702),X,29,26.5,25.1,23.2,92,X, ,X,보통
6/29/2023,진안(703),X,27.6,25.5,23.8,22.4,90,X, ,X,보통
6/29/2023,담양(706),X,,,,,,X, ,X,보통
6/29/2023,구례(709),X,28.9,26.4,24.6,22.7,96,X, ,X,보통
6/29/2023,나주(710),X,28.7,25.7,24.4,23.3,97,X, ,X,보통
6/29/2023,순천시(712),X,29.2,26.5,25.1,23.2,94,X, ,X,보통
6/29/2023,광양읍(713),X,28.9,25.5,24.3,22.9,99,X, ,X,낮음
6/29/2023,장성(730),X,28.6,25.8,24.1,23.2,96,X, ,X,보통
6/29/2023,영암(731),X,30.2,27.8,25.5,23.8,94,X, ,X,보통
6/29/2023,보성(732),X,28.5,26,23.6,21.9,96,X, ,X,보통
6/29/2023,완주(734),X,29,27.3,24.8,21.8,92,X, ,X,낮음
6/29/2023,김제(737),X,28.9,26.3,24.7,23.7,95,X, ,X,보통
6/29/2023,화순(741),X,28.6,26,24.6,23.2,90,X, ,X,낮음
6/29/2023,함평(754),X,28.9,26.3,24.7,23.5,95,X, ,X,보통
6/29/2023,곡성(768),X,28.9,26.8,24.6,22.2,93,X, ,X,보통
6/29/2023,압해도(789),X,28.2,25.3,24,22.7,96,X, ,X,보통
6/29/2023,영양(801),X,30,27.7,24.6,21.7,95,X, ,X,높음
6/29/2023,성주(810),X,29.8,28.3,25.2,23.3,86,X,관심,X,보통
6/29/2023,고령(812),X,30.4,27.6,25,22.4,98,X,관심,X,보통
6/29/2023,청도(813),X,28.9,26.8,24.6,22.6,90,X,관심,X,높음
6/29/2023,예천(815),X,28.5,26.4,23.9,21.6,93,X,관심,X,보통
6/29/2023,김천(822),X,29.2,26.9,24.1,21.2,95,X,주의,X,보통
6/29/2023,군위(823),X,30,28.2,25.4,22.3,90,X,관심,X,보통
6/29/2023,칠곡(825),X,30.2,27.7,25.3,23.9,97,X,주의,X,보통
6/29/2023,경산(827),X,30.3,29.1,25.8,23.7,84,X,주의,X,보통
6/29/2023,삼척(876),X,30.5,29.6,24.8,20.4,77,X, ,X,낮음
6/29/2023,속초(90),X,29.7,29.1,23.7,19.9,80.3,X, ,X,낮음
6/29/2023,삼천포(907),X,28.3,25.4,23.9,22.2,96,X, ,X,보통
6/29/2023,고성(918),X,28.2,25.1,24.4,22.8,95,X, ,X,높음
6/29/2023,창녕(919),X,30.3,28.3,25.8,24.1,90,X,주의,X,높음
6/29/2023,함안(920),X,29.8,28.1,25.5,23.4,87,X, ,X,높음
6/29/2023,북춘천(93),X,28.2,25.3,23.4,21.3,95.4,X, ,X,낮음
6/29/2023,하동(932),X,28.5,25.8,24.6,22.6,95,X, ,X,보통
6/29/2023,철원(95),X,27.3,24.4,22.4,20.4,97,X, ,X,낮음
6/29/2023,동두천(98),X,27.6,25,23.5,21.6,97.1,X, ,X,낮음
6/29/2023,파주(99),X,27.4,24.1,23.1,22,99.4,X, ,X,낮음
6/30/2023,북강릉(104),X,25.2,22.7,20.7,19.6,94.6,X, ,X,낮음
6/30/2023,동해(106),X,26.4,23.3,21,20.1,98.3,X, ,X,낮음
6/30/2023,서울(108),X,30.9,29.1,25.3,23.2,89.8,O, ,X,보통
6/30/2023,인천(112),X,28.9,26.8,23.9,22.1,90.4,O, ,X,보통
6/30/2023,원주(114),X,29.7,28.3,25,23.4,85.8,O, ,X,낮음
6/30/2023,울릉도(115),X,26.8,23.5,21.8,20.3,98.8,X, ,X,낮음
6/30/2023,수원(119),X,30.7,29.2,25.1,22.7,86.6,X, ,X,보통
6/30/2023,영월(121),X,29.4,27.2,23.7,21.8,94.1,O, ,X,낮음
6/30/2023,충주(127),X,30.6,28.7,25.1,23.2,88.4,X, ,X,보통
6/30/2023,서산(129),X,29.8,28.3,24.2,22.3,89.5,X, ,X,매우높음
6/30/2023,울진(130),X,25.2,22.6,20.7,19.3,94.3,X, ,X,높음
6/30/2023,청주(131),X,30,28.7,25.9,23.8,82,X, ,X,보통
6/30/2023,대전(133),X,28.6,26.1,24.2,22.9,90.5,X, ,X,높음
6/30/2023,추풍령(135),X,28.3,25.9,23.4,22.2,92.4,X, ,X,낮음
6/30/2023,안동(136),X,28.6,26.2,23.9,21.7,93.5,X, ,X,보통
6/30/2023,상주(137),X,28.9,26.1,24.4,23.3,97.8,X, ,X,낮음
6/30/2023,포항(138),X,28.6,26.6,21.2,19.9,91.6,X, ,X,낮음
6/30/2023,군산(140),X,27.9,25.3,23.7,23.2,93.9,X, ,X,매우높음
6/30/2023,대구(143),X,28.1,25.7,24,22.3,92.4,X, ,X,낮음
6/30/2023,전주(146),X,28.9,26.8,24.6,23.1,89.9,X, ,X,보통
6/30/2023,울산(152),X,28.7,26.7,23.1,20.8,90.1,X, ,X,낮음
6/30/2023,창원(155),X,28.4,26,23.8,22,88.5,X, ,X,낮음
6/30/2023,광주(156),X,29.2,25.9,24.1,22.8,99,X, ,X,높음
6/30/2023,부산(159),X,27.3,25.2,22.9,21.3,87,X, ,X,낮음
6/30/2023,통영(162),X,27.4,24.4,23,21.7,94.3,X, ,X,낮음
6/30/2023,목포(165),X,28.1,25.6,23.7,22.3,94.9,X, ,X,높음
6/30/2023,여수(168),X,26.7,23.8,22.9,22.2,96.4,X, ,X,보통
6/30/2023,흑산도(169),X,27.4,24.6,22.1,20.5,98.5,X, ,X,높음
6/30/2023,완도(170),X,28.4,26.2,24.1,22.5,92.6,X, ,X,보통
6/30/2023,고창(172),X,,,,,,X, ,X,보통
6/30/2023,제주(184),X,29.5,28,25.8,24.2,86.5,X, ,X,보통
6/30/2023,진주(192),X,29.3,26.6,24.5,22.7,92.1,X, ,X,보통
6/30/2023,양평(202),X,30.6,29.7,25.5,23,85.3,O, ,X,보통
6/30/2023,이천(203),X,31.3,29.9,26.1,23.5,88.5,O, ,X,높음
6/30/2023,인제(211),X,30.5,29.8,23.3,19.7,84,O, ,X,낮음
6/30/2023,홍천(212),X,30.8,29.8,24.8,21.1,83.5,O, ,X,낮음
6/30/2023,태백(216),X,25.2,23.2,19.6,17.8,94.1,X, ,X,낮음
6/30/2023,정선군(217),X,23.3,,,,,O, ,X,낮음
6/30/2023,제천(221),X,28.9,26.1,24.1,22.1,94.4,X, ,X,낮음
6/30/2023,보은(226),X,28.8,26.5,23.7,22.6,95.9,X, ,X,보통
6/30/2023,천안(232),X,30.4,28,24.9,23.3,95,X, ,X,보통
6/30/2023,보령(235),X,28.8,26.2,23.2,22.1,97,X, ,X,매우높음
6/30/2023,부여(236),X,29,26.7,24.1,22.8,95.4,X, ,X,높음
6/30/2023,금산(238),X,28.7,26.6,24.1,22.3,94.8,X, ,X,낮음
6/30/2023,세종(239),X,29.3,27.2,24.3,23.1,91.6,X, ,X,매우높음
6/30/2023,부안(243),X,28.6,26.3,24.5,23.2,92,X, ,X,매우높음
6/30/2023,임실(244),X,27.9,25.4,23.3,22.1,94.6,X, ,X,보통
6/30/2023,정읍(245),X,28,25.7,24.2,23.1,89.5,X, ,X,높음
6/30/2023,남원(247),X,28.6,26,24,22.7,95.9,X, ,X,낮음
6/30/2023,장수(248),X,26.4,23.9,22.4,21.1,95.8,X, ,X,보통
6/30/2023,영광군(252),X,27.9,25.5,23.9,22.6,92.1,X, ,X,보통
6/30/2023,김해시(253),X,30.1,27,24,22.7,96.4,X, ,X,낮음
6/30/2023,순창군(254),X,27.9,25.3,23.7,22.7,95.4,X, ,X,높음
6/30/2023,양산시(257),X,29.9,27.6,24.9,23.5,92.4,X, ,X,낮음
6/30/2023,강진군(259),X,28.7,26.8,23.6,22.4,89.4,X, ,X,낮음
6/30/2023,장흥(260),X,29.9,26.8,23.7,22.5,97.8,X, ,X,낮음
6/30/2023,해남(261),X,28.8,26.4,23.5,22.2,98,X, ,X,보통
6/30/2023,고흥(262),X,26.7,24.3,22.9,22,95,X, ,X,낮음
6/30/2023,의령군(263),X,29.7,27.7,25.4,24,87,X, ,X,보통
6/30/2023,함양군(264),X,30.2,27.3,24.1,22.5,98.4,X, ,X,낮음
6/30/2023,진도군ASOS(268),X,27.8,25.4,23.4,21.9,95.5,X, ,X,높음
6/30/2023,봉화(271),X,26.8,24.5,22,19.6,94.9,X, ,X,보통
6/30/2023,영주(272),X,27.5,24.2,22.7,21.8,100,X, ,X,낮음
6/30/2023,문경(273),X,29.1,26.3,24.4,23.1,96.6,X, ,X,낮음
6/30/2023,청송군(276),X,27.1,24.3,22.6,21,92.5,X, ,X,보통
6/30/2023,영덕(277),X,27.2,24.3,20.3,19.2,97.6,X, ,X,낮음
6/30/2023,의성(278),X,28.3,25,23.9,22.8,98.5,X, ,X,낮음
6/30/2023,구미(279),X,28.2,25.5,24.3,23.6,93.3,X, ,X,낮음
6/30/2023,영천(281),X,28,25.5,22.8,20.8,97.5,X, ,X,낮음
6/30/2023,경주시(283),X,28.3,26.1,22.9,21.2,92.5,X, ,X,낮음
6/30/2023,거창(284),X,29.4,27.6,23.9,22.2,91.6,X, ,X,낮음
6/30/2023,합천(285),X,29.4,27.2,24.3,22.8,92.1,X, ,X,낮음
6/30/2023,밀양(288),X,29.2,27.7,25.4,23.4,82.8,X, ,X,낮음
6/30/2023,산청(289),X,29.3,26.9,24,22.9,94.9,X, ,X,낮음
6/30/2023,거제(294),X,27.3,24.9,23.2,21.4,93.3,X, ,X,낮음
6/30/2023,남해(295),X,28.1,26.1,24.2,22.7,91.8,X, ,X,낮음
6/30/2023,부천(433),X,28.1,26.9,23.7,21.2,83,O, ,X,보통
6/30/2023,안양(434),X,27.5,29.3,25.4,22.9,,X, ,X,보통
6/30/2023,광명(437),X,31.3,30.5,26,23.2,81,X, ,X,보통
6/30/2023,군포(438),X,30.1,28.9,25.2,22.6,82,X, ,X,보통
6/30/2023,김포(441),X,,28.2,24.8,22.4,,O, ,X,보통
6/30/2023,하남(444),X,30.4,29.1,24.5,22.5,87,O, ,X,보통
6/30/2023,의왕(445),X,29.5,27.9,24.3,21.8,89,X, ,X,보통
6/30/2023,포천(504),X,32.2,31.4,24.7,20.4,87,O, ,X,보통
6/30/2023,가평조종(505),X,31.6,29.9,24.4,21.3,93,O, ,X,보통
6/30/2023,안성(516),X,30.6,29.1,25.1,22.8,92,O, ,X,높음
6/30/2023,간성(517),X,27,24.9,21.9,19.5,88,X, ,X,낮음
6/30/2023,평창(526),X,27.9,25.8,23.4,21.4,89,X, ,X,낮음
6/30/2023,의정부(532),X,32.1,29.7,24.8,21.4,95,O, ,X,보통
6/30/2023,횡성(536),X,30.5,29.3,25,23,89,O, ,X,낮음
6/30/2023,고양(540),X,,,,,,O, ,X,보통
6/30/2023,남양주(541),X,32.1,30.7,25.4,22,89,O, ,X,보통
6/30/2023,안산(545),X,30.2,28.5,24,20.5,90,X, ,X,보통
6/30/2023,경기광주(546),X,30.7,29.5,24.8,22.9,85,O, ,X,보통
6/30/2023,여주(548),X,30.2,28.1,25,22.9,92,O, ,X,보통
6/30/2023,용인(549),X,29.4,28.5,24.5,22.4,88,O, ,X,높음
6/30/2023,오산(550),X,31.2,29.2,25.2,22.5,90,X, ,X,보통
6/30/2023,평택(551),X,31.3,30.2,25.8,23.3,89,X, ,X,높음
6/30/2023,화천(555),X,32.6,30.6,23.9,19.5,92,O, ,X,낮음
6/30/2023,양구(556),X,31.6,31.6,24.5,20.1,80,O, ,X,낮음
6/30/2023,시흥(565),X,30.8,29.2,25,22.3,88,X, ,X,보통
6/30/2023,구리(569),X,31.2,29.9,25.2,23,85,O, ,X,보통
6/30/2023,화성(571),X,30.3,,,,87,X, ,X,보통
6/30/2023,성남(572),X,29.9,29.2,25.3,23.2,79,O, ,X,보통
6/30/2023,과천(590),X,31,29.5,25.2,22.3,90,X, ,X,보통
6/30/2023,양주(598),X,32.1,30.8,25.2,21.1,88,O, ,X,보통
6/30/2023,단양(601),X,29.7,28.1,24.4,22.2,94,X, ,X,낮음
6/30/2023,진천(602),X,30.5,29.3,25.9,23.9,84,X, ,X,보통
6/30/2023,괴산(603),X,30.2,28.6,25,23.1,89,X, ,X,낮음
6/30/2023,옥천(604),X,30.1,28,25.1,23.9,94,X, ,X,낮음
6/30/2023,홍북(608),X,29.9,28.2,23.3,21.8,94,X, ,X,매우높음
6/30/2023,공주(612),X,29.6,27.7,24.5,22.9,91,X, ,X,매우높음
6/30/2023,서천(614),X,27.3,24.4,23.3,22.8,97,X, ,X,매우높음
6/30/2023,논산(615),X,29.1,26.8,24.5,23.1,93,X, ,X,매우높음
6/30/2023,당진(616),X,31.2,29.5,24.4,22,93,X, ,X,높음
6/30/2023,청양(618),X,29.4,27.5,24.3,22,91,X, ,X,매우높음
6/30/2023,음성(619),X,29.4,27.5,24.1,22.6,89,X, ,X,보통
6/30/2023,증평(623),X,29.9,27.5,24.8,23.2,94,X, ,X,보통
6/30/2023,태안(627),X,30.1,27.8,23.6,21.7,94,X, ,X,매우높음
6/30/2023,예산(628),X,30.1,28.4,24.9,23,90,X, ,X,매우높음
6/30/2023,아산(634),X,31.3,29.3,25.1,22.9,88,X, ,X,높음
6/30/2023,계룡(636),X,27.8,25.1,23.2,21.2,96,X, ,X,높음
6/30/2023,연천청산(652),X,31.6,30.8,24.5,20.3,87,O, ,X,보통
6/30/2023,양양(670),X,25.9,24,21.6,19.8,88,X, ,X,낮음
6/30/2023,무안(699),X,29.2,27.1,24.1,23,92,X, ,X,높음
6/30/2023,무주(701),X,29.4,27.8,24.4,22.3,90,X, ,X,낮음
6/30/2023,익산(702),X,28.5,26.1,24.4,23.3,93,X, ,X,매우높음
6/30/2023,진안(703),X,27.3,24.8,22.7,21.2,94,X, ,X,보통
6/30/2023,담양(706),X,,,,,,X, ,X,높음
6/30/2023,구례(709),X,29.5,27,24.3,23,98,X, ,X,낮음
6/30/2023,나주(710),X,28.8,26.4,24.2,22.7,94,X, ,X,낮음
6/30/2023,순천시(712),X,29.5,26.9,24.9,23.6,94,X, ,X,낮음
6/30/2023,광양읍(713),X,29,26.4,24.4,23.1,96,X, ,X,낮음
6/30/2023,장성(730),X,28.3,25.7,23.7,22.5,95,X, ,X,높음
6/30/2023,영암(731),X,30,27.6,24.8,23.2,94,X, ,X,낮음
6/30/2023,보성(732),X,28.3,25.9,22.9,21.7,96,X, ,X,낮음
6/30/2023,완주(734),X,28.9,26.1,23.9,22.4,97,X, ,X,보통
6/30/2023,김제(737),X,28.8,25.8,24.1,23,97,X, ,X,높음
6/30/2023,화순(741),X,29.1,27.1,24.4,22.7,89,X, ,X,낮음
6/30/2023,함평(754),X,28.8,26.5,24.2,22.5,93,X, ,X,높음
6/30/2023,곡성(768),X,29.2,26.5,23.9,22.4,96,X, ,X,보통
6/30/2023,압해도(789),X,28.5,25.9,23.4,21.9,96,X, ,X,높음
6/30/2023,영양(801),X,28,25,22.5,20.5,99,X, ,X,보통
6/30/2023,성주(810),X,28.8,26.5,24.7,23.6,91,X, ,X,낮음
6/30/2023,고령(812),X,29.8,26.4,24.5,23.3,99,X, ,X,낮음
6/30/2023,청도(813),X,28.4,25.9,24.2,23,92,X, ,X,낮음
6/30/2023,예천(815),X,28.9,26.4,23.9,22.2,95,X, ,X,낮음
6/30/2023,김천(822),X,28.7,25.7,24.1,22.9,97,X, ,X,낮음
6/30/2023,군위(823),X,28.4,25.6,23.9,23,98,X, ,X,낮음
6/30/2023,칠곡(825),X,29.3,26.1,24.7,23.6,99,X, ,X,낮음
6/30/2023,경산(827),X,28.5,25.8,24,22,93,X, ,X,낮음
6/30/2023,삼척(876),X,27.3,25,21,20,91,X, ,X,낮음
6/30/2023,속초(90),X,26.8,24.8,21.9,19.7,89.4,X, ,X,낮음
6/30/2023,삼천포(907),X,27.9,25.5,23.3,21.9,96,X, ,X,낮음
6/30/2023,고성(918),X,27.9,25.3,23.8,22.5,94,X, ,X,낮음
6/30/2023,창녕(919),X,30,27.5,25.2,23.8,94,X, ,X,낮음
6/30/2023,함안(920),X,28.9,26.8,24.8,23.6,89,X, ,X,낮음
6/30/2023,북춘천(93),X,31.6,30.8,25,20.7,86.9,O, ,X,낮음
6/30/2023,하동(932),X,29,26.8,24.7,23.2,91,X, ,X,낮음
6/30/2023,철원(95),X,31.8,30.7,25,19.7,85.4,O, ,X,낮음
6/30/2023,동두천(98),X,32,30.1,24.5,20.3,91.1,O, ,X,보통
6/30/2023,파주(99),X,31.7,29.8,24,20.2,92.8,O, ,X,보통
