일시,지점,폭염여부(O/X),최고체감온도(°C),최고기온(°C),평균기온(°C),최저기온(°C),평균상대습도(%),폭염특보(O/X),폭염영향예보(단계),열대야(O/X),자외선지수(단계)
9/1/2025,북강릉(104),O,34.5,35,28.7,24,72.5,O,경고,X,낮음
9/1/2025,동해(106),O,34.1,35.2,28,25.2,74,O,경고,X,낮음
9/1/2025,서울(108),X,30.4,28.2,26.1,24.4,87.3,X,주의,X,낮음
9/1/2025,인천(112),X,31.7,29.4,26.2,24.2,88.8,X,주의,X,낮음
9/1/2025,원주(114),O,33.2,32.7,27.4,24.5,77.8,X,주의,X,낮음
9/1/2025,울릉도(115),X,31.7,30.2,26.9,25.6,85.4,O,주의,O,낮음
9/1/2025,수원(119),X,30,28.4,25.2,23.3,89.9,X,주의,X,낮음
9/1/2025,영월(121),X,32.9,32.4,25.8,22.8,87.8,X,주의,X,낮음
9/1/2025,충주(127),O,33.2,32.7,26.7,23.6,81.3,X,경고,X,낮음
9/1/2025,서산(129),X,30.8,28,25.7,24,95,X,주의,X,낮음
9/1/2025,울진(130),O,33.6,34.7,27.6,23.9,71.9,O,경고,X,낮음
9/1/2025,청주(131),O,33.1,33,27.6,25.3,76,X,경고,X,낮음
9/1/2025,대전(133),O,33.3,33.4,26.8,24.4,82.4,X,주의,X,낮음
9/1/2025,추풍령(135),X,32.8,32.3,25.3,22.1,86.9,X,주의,X,낮음
9/1/2025,안동(136),O,34.4,34.7,27.3,23.2,80,O,경고,X,낮음
9/1/2025,상주(137),O,34.2,33.9,26.5,23.6,85.5,O,경고,X,낮음
9/1/2025,포항(138),X,32.8,33.2,29,26.4,68.6,O,경고,O,낮음
9/1/2025,군산(140),O,33.6,32.6,27.2,24.5,84.6,O,주의,X,낮음
9/1/2025,대구(143),X,32.6,32.5,27.9,24.6,76.4,O,경고,X,낮음
9/1/2025,전주(146),O,33.6,33,27.4,23.4,80.8,O,주의,X,낮음
9/1/2025,울산(152),X,31.2,30.4,27.1,25.4,79.5,X, ,X,낮음
9/1/2025,창원(155),X,31.2,28.5,26.5,25.3,92.1,O,경고,O,낮음
9/1/2025,광주(156),O,33.4,32.4,27.5,24.4,83,O,경고,X,낮음
9/1/2025,부산(159),X,31.9,30.3,26.5,24.9,86.8,X, ,O,낮음
9/1/2025,통영(162),X,30,27.3,25.6,24.7,92.6,O,주의,X,낮음
9/1/2025,목포(165),O,33.6,32.9,28.8,26,83.5,O,주의,O,낮음
9/1/2025,여수(168),X,31.1,28.8,26.5,25.1,91.9,O,경고,O,낮음
9/1/2025,흑산도(169),O,34.9,33.6,28.5,26.2,84.5,O,경고,X,낮음
9/1/2025,완도(170),O,34.5,33.5,28.4,24.6,84.3,O,경고,O,낮음
9/1/2025,고창(172),O,33.9,33,28.1,24.7,83.5,O,경고,X,낮음
9/1/2025,제주(184),O,34.6,33.9,29.5,25.8,71,O,경고,O,낮음
9/1/2025,진주(192),X,32.2,30,26.5,24.7,90.6,O,경고,X,낮음
9/1/2025,양평(202),X,30.9,29.6,25.9,24.3,85.5,X,주의,X,낮음
9/1/2025,이천(203),X,32.7,31.2,26.3,24.8,89,X,주의,X,낮음
9/1/2025,인제(211),X,29.5,27.8,25,22.3,85.1,X,관심,X,낮음
9/1/2025,홍천(212),X,31.4,30.2,25.7,23,85.8,X,주의,X,낮음
9/1/2025,태백(216),X,29.6,29.3,25.4,22.4,70.9,X, ,X,낮음
9/1/2025,정선군(217),X,32.9,32.9,26.1,22.5,82.3,X,경고,X,낮음
9/1/2025,제천(221),X,31.6,30.5,25.2,22.6,90.6,X,주의,X,낮음
9/1/2025,보은(226),X,32.1,31.9,25.6,22.3,87,X,주의,X,낮음
9/1/2025,천안(232),X,32.4,31.2,26.2,24.2,91.3,X,주의,X,낮음
9/1/2025,보령(235),O,33.7,31.9,26.7,24.8,88.8,X,주의,X,낮음
9/1/2025,부여(236),O,33.5,32.2,26.6,24.1,87.3,X,주의,X,낮음
9/1/2025,금산(238),O,33.1,32.8,26.4,22.6,86.4,X,주의,X,낮음
9/1/2025,세종(239),X,32.3,31.2,26.3,24.2,85.1,X,주의,X,낮음
9/1/2025,부안(243),O,33.1,31.9,27.6,24.5,81.5,O,주의,X,낮음
9/1/2025,임실(244),X,32.3,30.9,25.8,23.1,87.8,O,주의,X,낮음
9/1/2025,정읍(245),O,33.8,33.2,27.7,24.8,81.4,O,경고,X,낮음
9/1/2025,남원(247),O,33,31.8,26.9,22.7,83.8,O,주의,X,낮음
9/1/2025,장수(248),X,30.5,29.6,24.8,21,86.9,X,주의,X,낮음
9/1/2025,영광군(252),O,34,33.6,27.8,24.7,80.1,O,주의,X,낮음
9/1/2025,김해시(253),X,32.6,30.2,26.8,25.1,94.1,O,경고,O,낮음
9/1/2025,순창군(254),X,32.9,32.2,27,23,83.1,O,주의,X,낮음
9/1/2025,양산시(257),X,32,29.6,27,25.6,93.9,O,경고,O,낮음
9/1/2025,강진군(259),O,33.9,32.7,27.9,24.4,87.5,O,경고,X,낮음
9/1/2025,장흥(260),O,33.1,31.3,27.3,23.7,88.8,O,경고,X,낮음
9/1/2025,해남(261),O,34.6,33.4,28.3,24.9,84.4,O,경고,X,낮음
9/1/2025,고흥(262),O,33.5,32.5,27.6,23.8,85.1,O,경고,X,낮음
9/1/2025,의령군(263),X,31.3,29.4,26.1,24,86.9,O,경고,X,낮음
9/1/2025,함양군(264),O,33,31.6,26.7,22.6,85.5,O,주의,X,낮음
9/1/2025,진도군ASOS(268),O,33.4,32.3,28,25.4,85.4,O,주의,X,낮음
9/1/2025,봉화(271),X,32,32.4,25.9,22.8,81.4,O,경고,X,낮음
9/1/2025,영주(272),X,32.2,31.9,25.7,22.5,89,O,주의,X,낮음
9/1/2025,문경(273),O,33.7,33.1,26.1,23.4,88.8,O,주의,X,낮음
9/1/2025,청송군(276),O,34.6,34.5,27.7,23.3,82.3,O,경고,X,낮음
9/1/2025,영덕(277),O,33.3,34.1,28.8,23.8,67.6,O,경고,X,낮음
9/1/2025,의성(278),O,33.4,33.8,27.8,24.2,79.9,O,경고,X,낮음
9/1/2025,구미(279),O,33.7,33.3,27.6,23.7,79.4,O,경고,X,낮음
9/1/2025,영천(281),X,32,31.6,27.4,23.9,78.3,O,경고,X,낮음
9/1/2025,경주시(283),X,32.9,32.7,27.4,24.7,79.8,O,경고,X,낮음
9/1/2025,거창(284),X,32.2,31,26.5,22.9,82.4,O,주의,X,낮음
9/1/2025,합천(285),O,33.2,32,27.4,24.6,87.4,O,경고,X,낮음
9/1/2025,밀양(288),X,32.9,31.1,27.7,25.6,85.3,O,경고,X,낮음
9/1/2025,산청(289),X,32,30,26.1,23.4,91.6,O,경고,X,낮음
9/1/2025,거제(294),X,29.8,27.1,25.8,24.6,92,O,주의,O,낮음
9/1/2025,남해(295),X,31.9,29.8,26.6,24.9,88.9,O,주의,X,낮음
9/1/2025,부천(433),X,31.7,29.9,26.8,24.3,80,X,주의,X,낮음
9/1/2025,안양(434),X,,28,25.9,23.7,,X,주의,X,낮음
9/1/2025,광명(437),X,31.4,29.7,26.7,24.1,83,X,주의,X,낮음
9/1/2025,군포(438),X,30.5,28.9,25.6,23.5,84,X,주의,X,낮음
9/1/2025,김포(441),X,32.7,30.7,26.1,23.3,90,X,주의,X,낮음
9/1/2025,하남(444),X,32.1,29.6,25.8,23.7,,X,주의,X,낮음
9/1/2025,의왕(445),X,31.6,,,,,X,주의,X,낮음
9/1/2025,포천(504),X,31.1,28.9,25,21.9,94,X,주의,X,낮음
9/1/2025,가평조종(505),X,31.2,28.7,24.3,22.4,99,X,주의,X,낮음
9/1/2025,안성(516),X,32.4,31.2,26.4,24.2,87,X,경고,X,낮음
9/1/2025,간성(517),X,32.2,31.8,26.7,23.2,77,O,주의,X,낮음
9/1/2025,평창(526),X,31.8,31.2,25.3,22.4,85,X,관심,X,낮음
9/1/2025,의정부(532),X,31.8,29.6,25.2,22.7,91,X,주의,X,낮음
9/1/2025,횡성(536),X,32.1,31.4,26,23.6,87,X,경고,X,낮음
9/1/2025,고양(540),O,33.2,31.2,25,22.5,93,X,주의,X,낮음
9/1/2025,남양주(541),X,31.1,29.2,25.9,23.6,89,X,주의,X,낮음
9/1/2025,안산(545),X,32.8,30.9,25.7,23.8,92,X,주의,X,낮음
9/1/2025,경기광주(546),X,30.5,28.1,25,23.2,91,X,주의,X,낮음
9/1/2025,여주(548),O,33.1,32.1,25.9,23.5,88,X,경고,X,낮음
9/1/2025,용인(549),X,,,,,,X,경고,X,낮음
9/1/2025,오산(550),X,31,29.3,25.1,23.8,92,X,경고,X,낮음
9/1/2025,평택(551),X,31.3,29.9,25.8,24.5,96,X,주의,X,낮음
9/1/2025,화천(555),X,29.6,27.1,24.4,23.3,96,X,주의,X,낮음
9/1/2025,양구(556),X,29.6,27.6,24.6,22.1,88,X,관심,X,낮음
9/1/2025,시흥(565),X,32,30.1,26.1,23.4,89,X,주의,X,낮음
9/1/2025,구리(569),X,30.9,29.7,25.6,23.4,86,X,주의,X,낮음
9/1/2025,화성(571),X,31.2,29.3,25.4,23.8,92,X,주의,X,낮음
9/1/2025,성남(572),X,30.1,28.4,25.7,23.5,83,X,주의,X,낮음
9/1/2025,과천(590),X,30.3,28.1,25.4,23.4,92,X,주의,X,낮음
9/1/2025,양주(598),X,32.4,30.4,25.7,22,90,X,주의,X,낮음
9/1/2025,단양(601),X,32.3,32.4,26.1,22.3,82,X,주의,X,낮음
9/1/2025,진천(602),X,32.7,32,26.4,23.2,83,X,주의,X,낮음
9/1/2025,괴산(603),O,33.5,33.4,26.5,22.7,84,X,경고,X,낮음
9/1/2025,옥천(604),O,33.9,33.9,26.9,22.9,84,X,경고,X,낮음
9/1/2025,홍북(608),X,,,,,,X,주의,X,낮음
9/1/2025,공주(612),X,32.6,31.3,25.7,23.8,90,X,경고,X,낮음
9/1/2025,서천(614),X,32.8,31.3,25.9,24,91,X,주의,X,낮음
9/1/2025,논산(615),X,,,,,,X,주의,X,낮음
9/1/2025,당진(616),X,31.7,29.6,25.6,23.9,93,X,주의,X,낮음
9/1/2025,청양(618),X,31.9,29.9,24.9,24,98,X,주의,X,낮음
9/1/2025,음성(619),O,33.2,32.2,26.3,22.8,86,X,주의,X,낮음
9/1/2025,증평(623),X,32.6,32.3,26.5,23.8,82,X,주의,X,낮음
9/1/2025,태안(627),X,31.7,28.7,25.8,23.4,93,X,주의,X,낮음
9/1/2025,예산(628),X,29.7,27.3,25.3,23.2,91,X,주의,X,낮음
9/1/2025,아산(634),X,30.8,28.1,25.3,24.1,94,X,경고,X,낮음
9/1/2025,계룡(636),X,32.6,31.7,25.3,21.7,93,X,주의,X,낮음
9/1/2025,연천청산(652),X,30.2,27.8,24.3,21.2,90,X,주의,X,낮음
9/1/2025,양양(670),O,33.2,33.4,27.6,23.5,77,O,주의,X,낮음
9/1/2025,무안(699),O,34.4,34,27.9,24.4,85,O,경고,X,낮음
9/1/2025,무주(701),X,32.4,32.4,25.2,21.5,82,X,주의,X,낮음
9/1/2025,익산(702),O,33.4,31.9,26.7,23.4,87,O,주의,X,낮음
9/1/2025,진안(703),X,31.2,30.2,24.9,21.3,87,X,주의,X,낮음
9/1/2025,담양(706),O,33.4,31.6,27.1,23.3,88,O,경고,X,낮음
9/1/2025,구례(709),O,34.3,33.2,27.9,24,85,O,경고,X,낮음
9/1/2025,나주(710),O,33.6,32.7,27.3,23.3,86,O,경고,X,낮음
9/1/2025,순천시(712),O,33.2,31.8,27.8,24.8,82,O,경고,X,낮음
9/1/2025,광양읍(713),O,33.1,31.5,27.3,24.3,91,O,경고,X,낮음
9/1/2025,장성(730),O,33.8,32.8,27.4,24.2,86,O,경고,X,낮음
9/1/2025,영암(731),O,34.2,33.2,28.2,24.9,84,O,경고,X,낮음
9/1/2025,보성(732),X,31.7,30.3,26.2,23.1,88,O,경고,X,낮음
9/1/2025,완주(734),O,33.7,32.7,26.4,22.5,85,O,주의,X,낮음
9/1/2025,김제(737),O,33.1,31.6,27.2,23.9,88,O,주의,X,낮음
9/1/2025,화순(741),O,34.4,33.1,27.4,23.3,84,O,경고,X,낮음
9/1/2025,함평(754),O,33.8,32.5,27.3,23.5,86,O,경고,X,낮음
9/1/2025,곡성(768),O,33.4,31.7,26.9,23,91,O,경고,X,낮음
9/1/2025,압해도(789),O,33.4,31.8,27.9,25.5,87,O,주의,X,낮음
9/1/2025,영양(801),X,32.7,33.1,27.1,22.6,77,O,주의,X,낮음
9/1/2025,성주(810),X,32.8,31.5,27.1,24.2,86,O,경고,X,낮음
9/1/2025,고령(812),X,32.1,29.8,26.8,24.1,95,O,경고,X,낮음
9/1/2025,청도(813),X,31.4,29.1,26.3,23.4,92,O,경고,X,낮음
9/1/2025,예천(815),O,33.6,33.8,26.5,23.4,85,O,경고,X,낮음
9/1/2025,김천(822),X,32.8,32.5,25.9,22.5,81,O,경고,X,낮음
9/1/2025,군위(823),O,33.8,33.8,27.6,23.9,82,O,경고,X,낮음
9/1/2025,군위(823),O,33.8,33.8,27.6,23.9,82,O,경고,X,낮음
9/1/2025,군위(823),O,33.8,33.8,27.6,23.9,82,O,경고,X,낮음
9/1/2025,군위(823),O,33.8,33.8,27.6,23.9,82,O,경고,X,낮음
9/1/2025,군위(823),O,33.8,33.8,27.6,23.9,82,O,경고,X,낮음
9/1/2025,군위(823),O,33.8,33.8,27.6,23.9,82,O,경고,X,낮음
9/1/2025,군위(823),O,33.8,33.8,27.6,23.9,82,O,경고,X,낮음
9/1/2025,군위(823),O,33.8,33.8,27.6,23.9,82,O,경고,X,낮음
9/1/2025,군위(823),O,33.8,33.8,27.6,23.9,82,O,경고,X,낮음
9/1/2025,군위(823),O,33.8,33.8,27.6,23.9,82,O,경고,X,낮음
9/1/2025,군위(823),O,33.8,33.8,27.6,23.9,82,O,경고,X,낮음
9/1/2025,군위(823),O,33.8,33.8,27.6,23.9,82,O,경고,X,낮음
9/1/2025,군위(823),O,33.8,33.8,27.6,23.9,82,O,경고,X,낮음
9/1/2025,군위(823),O,33.8,33.8,27.6,23.9,82,O,경고,X,낮음
9/1/2025,군위(823),O,33.8,33.8,27.6,23.9,82,O,경고,X,낮음
9/1/2025,군위(823),O,33.8,33.8,27.6,23.9,82,O,경고,X,낮음
9/1/2025,군위(823),O,33.8,33.8,27.6,23.9,82,O,경고,X,낮음
9/1/2025,군위(823),O,33.8,33.8,27.6,23.9,82,O,경고,X,낮음
9/1/2025,군위(823),O,33.8,33.8,27.6,23.9,82,O,경고,X,낮음
9/1/2025,군위(823),O,33.8,33.8,27.6,23.9,82,O,경고,X,낮음
9/1/2025,군위(823),O,33.8,33.8,27.6,23.9,82,O,경고,X,낮음
9/1/2025,군위(823),O,33.8,33.8,27.6,23.9,82,O,경고,X,낮음
9/1/2025,군위(823),O,33.8,33.8,27.6,23.9,82,O,경고,X,낮음
9/1/2025,군위(823),O,33.8,33.8,27.6,23.9,82,O,경고,X,낮음
9/1/2025,군위(823),O,33.8,33.8,27.6,23.9,82,O,경고,X,낮음
9/1/2025,군위(823),O,33.8,33.8,27.6,23.9,82,O,경고,X,낮음
9/1/2025,군위(823),O,33.8,33.8,27.6,23.9,82,O,경고,X,낮음
9/1/2025,군위(823),O,33.8,33.8,27.6,23.9,82,O,경고,X,낮음
9/1/2025,군위(823),O,33.8,33.8,27.6,23.9,82,O,경고,X,낮음
9/1/2025,군위(823),O,33.8,33.8,27.6,23.9,82,O,경고,X,낮음
9/1/2025,군위(823),O,33.8,33.8,27.6,23.9,82,O,경고,X,낮음
9/1/2025,군위(823),O,33.8,33.8,27.6,23.9,82,O,경고,X,낮음
9/1/2025,칠곡(825),O,33.6,32,27.9,24.7,90,O,경고,O,낮음
9/1/2025,경산(827),X,32.3,31.4,27.9,24.7,79,O,경고,X,낮음
9/1/2025,삼척(876),O,34.2,35.9,29.6,25.7,66,O,경고,X,낮음
9/1/2025,속초(90),X,32.2,31.9,27.5,24.5,79,O,주의,X,낮음
9/1/2025,삼천포(907),X,31.5,28.8,25.7,24.4,95,O,주의,X,낮음
9/1/2025,고성(918),X,31.7,29.1,26.3,24.8,94,O,주의,X,낮음
9/1/2025,창녕(919),X,32.3,30.7,27.2,24,85,O,경고,X,낮음
9/1/2025,함안(920),X,31.9,29.6,26.3,23.6,90,O,경고,X,낮음
9/1/2025,북춘천(93),X,30.3,28,25.2,23.1,93.3,X,주의,X,낮음
9/1/2025,하동(932),X,32.2,30.2,26.4,23.8,90,O,경고,X,낮음
9/1/2025,철원(95),X,29.9,27.3,24.8,22.5,94.1,X,관심,X,낮음
9/1/2025,동두천(98),X,31.4,28.3,24.6,21.6,99.4,X,주의,X,낮음
9/1/2025,파주(99),X,32.3,30.2,25.1,21.5,94.3,X,주의,X,낮음
9/2/2025,북강릉(104),X,30.5,28.7,25.2,22.6,89.9,X,경고,X,낮음
9/2/2025,동해(106),X,31.1,29.3,25.5,23.3,87.4,X,경고,X,낮음
9/2/2025,서울(108),X,30.7,30.6,26,22,74.6,X,관심,X,낮음
9/2/2025,인천(112),X,30.5,29.5,25.7,21.5,80.4,X,관심,X,낮음
9/2/2025,원주(114),X,29.4,29.6,25.1,21.7,76.4,X,관심,X,낮음
9/2/2025,울릉도(115),X,30.1,28.5,26.1,22.8,80,O,주의,X,낮음
9/2/2025,수원(119),X,30.8,30.8,25.4,21.5,75.1,X,관심,X,낮음
9/2/2025,영월(121),X,30.4,29.7,23.9,19.9,87.8,X,관심,X,낮음
9/2/2025,충주(127),X,30.2,29.6,24.7,19.7,80.4,X,관심,X,낮음
9/2/2025,서산(129),X,30.2,30.4,24.8,21.6,83.3,X,관심,X,낮음
9/2/2025,울진(130),X,29.9,28.1,25.4,23.5,85.9,O,주의,X,낮음
9/2/2025,청주(131),X,30.1,30.3,26.5,23.7,70.3,X,관심,X,낮음
9/2/2025,대전(133),X,30.2,30.8,25.4,21.6,79.5,X,관심,X,낮음
9/2/2025,추풍령(135),X,29.3,28.6,23.8,18.3,83.1,X,관심,X,낮음
9/2/2025,안동(136),X,31,30.2,25.3,20.1,78.8,O,주의,X,낮음
9/2/2025,상주(137),X,31.4,30.7,25.3,20.2,79.9,O,주의,X,낮음
9/2/2025,포항(138),X,31.1,30.2,25.9,23.6,81.5,O,주의,X,낮음
9/2/2025,군산(140),X,29.3,29.9,25.4,21.4,78.9,O,주의,X,낮음
9/2/2025,대구(143),X,31.4,31.4,27.4,24.8,72.8,O,주의,X,낮음
9/2/2025,전주(146),X,30.9,30.3,25.8,22.7,80,O,주의,X,낮음
9/2/2025,울산(152),X,31.4,30.5,25.7,23.3,84.6,X, ,X,낮음
9/2/2025,창원(155),X,32.3,30.2,25.7,22.7,92.3,O,주의,X,낮음
9/2/2025,광주(156),X,30.7,29.7,26,24,80.1,O,주의,X,낮음
9/2/2025,부산(159),X,32.4,30.9,26.5,25.1,85.1,X, ,X,낮음
9/2/2025,통영(162),X,31.9,30.6,26.5,24.5,86.4,O,주의,X,낮음
9/2/2025,목포(165),X,30.3,29.6,26.6,24.9,82,O,주의,X,낮음
9/2/2025,여수(168),X,31.9,30.4,27.4,25.7,85.3,O,주의,O,낮음
9/2/2025,흑산도(169),X,31.2,29.6,26.1,24.2,84.9,O,주의,X,낮음
9/2/2025,완도(170),O,34.3,33.4,28.3,24.1,77.9,O,주의,X,낮음
9/2/2025,고창(172),X,29.9,29.7,25.1,21.4,88.9,O,주의,X,낮음
9/2/2025,제주(184),O,33.2,32.1,28.8,26.4,69.5,O,주의,O,낮음
9/2/2025,진주(192),X,32.6,31.1,27.3,24.7,87.3,O,주의,X,낮음
9/2/2025,양평(202),X,29.6,29.4,25,22,79.1,X,관심,X,낮음
9/2/2025,이천(203),X,31.3,30.5,24.9,21.3,86,X,관심,X,낮음
9/2/2025,인제(211),X,29.5,29.6,23.9,19.9,80.4,X, ,X,낮음
9/2/2025,홍천(212),X,29.9,29.9,24.7,21,80.5,X,관심,X,낮음
9/2/2025,태백(216),X,28.7,28.7,23.1,19.7,78.8,X, ,X,낮음
9/2/2025,정선군(217),X,31,31,24,19.7,83.9,X,관심,X,낮음
9/2/2025,제천(221),X,28.7,27.9,23.2,18.6,87.3,X,관심,X,낮음
9/2/2025,보은(226),X,28.4,28.3,23.9,18.7,84.5,X,관심,X,낮음
9/2/2025,천안(232),X,29.3,28.9,24.3,19.9,85.4,X,관심,X,낮음
9/2/2025,보령(235),X,31.3,31,25.2,22.1,83,X,관심,X,낮음
9/2/2025,부여(236),X,30.1,30.4,25,20.3,83.4,X,관심,X,낮음
9/2/2025,금산(238),X,30.3,29.9,25.1,20.3,84.9,X,관심,X,낮음
9/2/2025,세종(239),X,29.6,29.7,24.4,20.7,83.6,X,관심,X,낮음
9/2/2025,부안(243),X,29.4,29,25.3,21.6,81.6,O,주의,X,낮음
9/2/2025,임실(244),X,29.3,27.9,24.1,19.9,86.1,O,주의,X,낮음
9/2/2025,정읍(245),X,30.6,30.6,25.2,20.8,81.8,O,주의,X,낮음
9/2/2025,남원(247),X,30.6,29.1,25.2,22,87.3,O,주의,X,낮음
9/2/2025,장수(248),X,29,28,23.9,19.4,88.4,X, ,X,낮음
9/2/2025,영광군(252),X,29.7,29,25,21.8,82.6,O,주의,X,낮음
9/2/2025,김해시(253),O,33.3,31.3,26.5,23.6,93.4,O,주의,X,낮음
9/2/2025,순창군(254),X,30.9,30.1,25.1,20.2,82.8,O,주의,X,낮음
9/2/2025,양산시(257),X,32.7,30.4,26.9,24.6,93.6,O,주의,X,낮음
9/2/2025,강진군(259),O,33.4,33.1,27.2,22.9,82.5,O,주의,X,낮음
9/2/2025,장흥(260),X,32.9,32.3,26.8,22.7,85.3,O,주의,X,낮음
9/2/2025,해남(261),X,32.5,31.4,26.5,22.3,84.3,O,주의,X,낮음
9/2/2025,고흥(262),O,34.1,33.8,28.1,24.2,80.6,O,주의,X,낮음
9/2/2025,의령군(263),O,33.1,32,26.7,23.3,85.5,O,주의,X,낮음
9/2/2025,함양군(264),X,31.9,31,26.2,22.5,82.1,O,주의,X,낮음
9/2/2025,진도군ASOS(268),X,31.5,30.1,25.8,21.7,85.5,O,주의,X,낮음
9/2/2025,봉화(271),X,28.9,29.2,23.8,18.5,80.9,O,주의,X,낮음
9/2/2025,영주(272),X,28.7,29.3,23.9,18.7,81.1,O,주의,X,낮음
9/2/2025,문경(273),X,29.6,29.3,24.4,19,86,O,주의,X,낮음
9/2/2025,청송군(276),X,31.4,31.6,25.2,20.6,89,O,주의,X,낮음
9/2/2025,영덕(277),X,30.8,29.5,25,21.5,84.9,O,주의,X,낮음
9/2/2025,의성(278),X,31.5,31,25.5,19.6,81.9,O,주의,X,낮음
9/2/2025,구미(279),X,32,32,26,21.4,81.3,O,주의,X,낮음
9/2/2025,영천(281),X,30.8,30.4,26,23,81.4,O,주의,X,낮음
9/2/2025,경주시(283),X,32.8,31.8,25.2,23.3,88,O,주의,X,낮음
9/2/2025,거창(284),X,31.5,30.9,25.4,22,83.4,O,주의,X,낮음
9/2/2025,합천(285),O,33.7,33.8,26.9,23.8,85,O,주의,X,낮음
9/2/2025,밀양(288),X,32.9,31.5,26.5,24.6,87.4,O,주의,X,낮음
9/2/2025,산청(289),X,32.9,32.1,26.5,23.6,85.5,O,주의,X,낮음
9/2/2025,거제(294),X,31.7,30.3,27.1,24,82,O,주의,X,낮음
9/2/2025,남해(295),X,32.4,31.5,27,23,86.3,O,주의,X,낮음
9/2/2025,부천(433),X,31.1,31.3,26.2,22,73,X,관심,X,낮음
9/2/2025,안양(434),X,,30.4,26.1,22.6,,X,관심,X,낮음
9/2/2025,광명(437),X,31,31.9,26.8,22.9,70,X,관심,X,낮음
9/2/2025,군포(438),X,31.1,31.9,26.2,22.7,70,X, ,X,낮음
9/2/2025,김포(441),X,31.2,30.9,25.4,20.6,82,X,관심,X,낮음
9/2/2025,하남(444),X,30.7,29.8,25.1,22,,X,관심,X,낮음
9/2/2025,의왕(445),X,31.7,30.7,24.6,20.9,87,X, ,X,낮음
9/2/2025,포천(504),X,32.8,32.1,25.1,21.2,84,X,관심,X,낮음
9/2/2025,가평조종(505),X,31,30.4,24.4,20.6,87,X,관심,X,낮음
9/2/2025,안성(516),X,31.3,30.7,25.3,21.7,81,X,관심,X,낮음
9/2/2025,간성(517),X,30.2,28.5,24.3,20.6,86,X,주의,X,낮음
9/2/2025,평창(526),X,29.5,28.8,23.4,18.7,84,X, ,X,낮음
9/2/2025,의정부(532),X,31.8,31.4,24.7,21.5,83,X,관심,X,낮음
9/2/2025,횡성(536),X,30.2,30,24.6,20.6,82,X,관심,X,낮음
9/2/2025,고양(540),X,32.5,32.4,24.5,20.7,82,X,관심,X,낮음
9/2/2025,남양주(541),X,32.1,31.4,25.7,21.6,80,X,관심,X,낮음
9/2/2025,안산(545),X,31.8,31,24.3,20.2,85,X,관심,X,낮음
9/2/2025,경기광주(546),X,30.3,29.9,24.1,20.8,83,X,관심,X,낮음
9/2/2025,여주(548),X,30.5,30,24.5,21.3,84,X,관심,X,낮음
9/2/2025,용인(549),X,31.9,,,,,X,관심,X,낮음
9/2/2025,오산(550),X,30.9,30.1,24.6,21,83,X,관심,X,낮음
9/2/2025,평택(551),X,30.2,29.9,25.3,22.3,85,X,관심,X,낮음
9/2/2025,화천(555),X,30.7,30.2,24.3,20.5,82,X,관심,X,낮음
9/2/2025,양구(556),X,29.8,30,23.8,19.5,80,X,관심,X,낮음
9/2/2025,시흥(565),X,31.1,30.5,25,20.4,82,X,관심,X,낮음
9/2/2025,구리(569),X,30.7,30.9,25.3,21.6,76,X,관심,X,낮음
9/2/2025,화성(571),X,31.3,30.6,25.4,22.2,78,X,관심,X,낮음
9/2/2025,성남(572),X,30.3,30.4,25.7,21.6,73,X,관심,X,낮음
9/2/2025,과천(590),X,30.8,30.6,24.7,20.8,83,X,관심,X,낮음
9/2/2025,양주(598),X,30.7,30.7,24.6,21,83,X,관심,X,낮음
9/2/2025,단양(601),X,29.3,29.3,24.1,18.7,83,X,관심,X,낮음
9/2/2025,진천(602),X,29.6,29.3,24.4,20,81,X,관심,X,낮음
9/2/2025,괴산(603),X,29.8,29.7,24,18.6,85,X,관심,X,낮음
9/2/2025,옥천(604),X,31,30.3,25,20.2,84,X,관심,X,낮음
9/2/2025,홍북(608),X,,,,,,X,관심,X,낮음
9/2/2025,공주(612),X,29.6,29.8,24.5,19.9,86,X,관심,X,낮음
9/2/2025,서천(614),X,29.8,29.7,24.5,20.1,85,X,관심,X,낮음
9/2/2025,논산(615),X,,,,,,X,관심,X,낮음
9/2/2025,당진(616),X,30.7,30.1,24.6,21.3,85,X,관심,X,낮음
9/2/2025,청양(618),X,29.9,29.8,23.6,18.9,87,X,관심,X,낮음
9/2/2025,음성(619),X,29.7,29.7,24.2,19.1,84,X,관심,X,낮음
9/2/2025,증평(623),X,29.4,29.5,24.6,20.1,79,X,관심,X,낮음
9/2/2025,태안(627),X,30,29.1,24.4,20.8,84,X,관심,X,낮음
9/2/2025,예산(628),X,29.7,29.4,24.9,21.4,80,X,관심,X,낮음
9/2/2025,아산(634),X,30.7,30.5,25,21.5,81,X,관심,X,낮음
9/2/2025,계룡(636),X,30,29.4,23.6,17.5,89,X,관심,X,낮음
9/2/2025,연천청산(652),X,30.5,29.9,23.7,20.2,83,X,관심,X,낮음
9/2/2025,양양(670),X,29.9,28,24.8,22.5,87,X,주의,X,낮음
9/2/2025,무안(699),X,30.6,30.1,25.4,21.9,86,O,주의,X,낮음
9/2/2025,무주(701),X,29.8,28.4,23.8,19.7,88,X, ,X,낮음
9/2/2025,익산(702),X,30.8,29.7,25.2,21.5,84,O,주의,X,낮음
9/2/2025,진안(703),X,28.6,27.6,23.6,19.7,88,X, ,X,낮음
9/2/2025,담양(706),X,31.3,30.1,25.6,21,85,O,주의,X,낮음
9/2/2025,구례(709),X,32.5,31.1,26.8,23.1,86,O,주의,X,낮음
9/2/2025,나주(710),X,30.5,29.4,25.6,21.5,83,O,주의,X,낮음
9/2/2025,순천시(712),O,33.2,32.1,27.7,24.8,80,O,주의,X,낮음
9/2/2025,광양읍(713),O,34.1,33.5,27.5,24.2,86,O,주의,X,낮음
9/2/2025,장성(730),X,31.1,30.1,25.2,20.8,85,O,주의,X,낮음
9/2/2025,영암(731),X,31.4,30,26.1,21.8,86,O,주의,X,낮음
9/2/2025,보성(732),X,32,31.5,25.8,22.1,84,O,주의,X,낮음
9/2/2025,완주(734),X,30.8,29.7,24.6,19.8,87,O,주의,X,낮음
9/2/2025,김제(737),X,30.1,29.7,25.5,22.2,82,O,주의,X,낮음
9/2/2025,화순(741),X,31.1,29.8,26,22.5,83,O,주의,X,낮음
9/2/2025,함평(754),X,30.7,30.3,25.5,21.4,83,O,주의,X,낮음
9/2/2025,곡성(768),X,31.8,30.2,25.2,21.2,92,O,주의,X,낮음
9/2/2025,압해도(789),X,31.6,30.3,26.1,22.6,86,O,주의,X,낮음
9/2/2025,영양(801),X,30.6,30.6,25.6,20.3,84,O,주의,X,낮음
9/2/2025,성주(810),X,31.6,30.7,26.1,22.6,83,O,주의,X,낮음
9/2/2025,고령(812),X,32.3,31.1,26.3,23.1,88,O,주의,X,낮음
9/2/2025,청도(813),X,32.2,30.5,25.8,22.8,92,O,주의,X,낮음
9/2/2025,예천(815),X,30.9,30.3,25.3,19.9,82,O,주의,X,낮음
9/2/2025,김천(822),X,31.4,31.3,25,20.3,82,O,주의,X,낮음
9/2/2025,군위(823),X,31.2,30.3,25.4,20.3,87,O,주의,X,낮음
9/2/2025,군위(823),X,31.2,30.3,25.4,20.3,87,O,주의,X,낮음
9/2/2025,군위(823),X,31.2,30.3,25.4,20.3,87,O,주의,X,낮음
9/2/2025,군위(823),X,31.2,30.3,25.4,20.3,87,O,주의,X,낮음
9/2/2025,군위(823),X,31.2,30.3,25.4,20.3,87,O,주의,X,낮음
9/2/2025,군위(823),X,31.2,30.3,25.4,20.3,87,O,주의,X,낮음
9/2/2025,군위(823),X,31.2,30.3,25.4,20.3,87,O,주의,X,낮음
9/2/2025,군위(823),X,31.2,30.3,25.4,20.3,87,O,주의,X,낮음
9/2/2025,군위(823),X,31.2,30.3,25.4,20.3,87,O,주의,X,낮음
9/2/2025,군위(823),X,31.2,30.3,25.4,20.3,87,O,주의,X,낮음
9/2/2025,군위(823),X,31.2,30.3,25.4,20.3,87,O,주의,X,낮음
9/2/2025,군위(823),X,31.2,30.3,25.4,20.3,87,O,주의,X,낮음
9/2/2025,군위(823),X,31.2,30.3,25.4,20.3,87,O,주의,X,낮음
9/2/2025,군위(823),X,31.2,30.3,25.4,20.3,87,O,주의,X,낮음
9/2/2025,군위(823),X,31.2,30.3,25.4,20.3,87,O,주의,X,낮음
9/2/2025,군위(823),X,31.2,30.3,25.4,20.3,87,O,주의,X,낮음
9/2/2025,군위(823),X,31.2,30.3,25.4,20.3,87,O,주의,X,낮음
9/2/2025,군위(823),X,31.2,30.3,25.4,20.3,87,O,주의,X,낮음
9/2/2025,군위(823),X,31.2,30.3,25.4,20.3,87,O,주의,X,낮음
9/2/2025,군위(823),X,31.2,30.3,25.4,20.3,87,O,주의,X,낮음
9/2/2025,군위(823),X,31.2,30.3,25.4,20.3,87,O,주의,X,낮음
9/2/2025,군위(823),X,31.2,30.3,25.4,20.3,87,O,주의,X,낮음
9/2/2025,군위(823),X,31.2,30.3,25.4,20.3,87,O,주의,X,낮음
9/2/2025,군위(823),X,31.2,30.3,25.4,20.3,87,O,주의,X,낮음
9/2/2025,군위(823),X,31.2,30.3,25.4,20.3,87,O,주의,X,낮음
9/2/2025,군위(823),X,31.2,30.3,25.4,20.3,87,O,주의,X,낮음
9/2/2025,군위(823),X,31.2,30.3,25.4,20.3,87,O,주의,X,낮음
9/2/2025,군위(823),X,31.2,30.3,25.4,20.3,87,O,주의,X,낮음
9/2/2025,군위(823),X,31.2,30.3,25.4,20.3,87,O,주의,X,낮음
9/2/2025,군위(823),X,31.2,30.3,25.4,20.3,87,O,주의,X,낮음
9/2/2025,군위(823),X,31.2,30.3,25.4,20.3,87,O,주의,X,낮음
9/2/2025,군위(823),X,31.2,30.3,25.4,20.3,87,O,주의,X,낮음
9/2/2025,칠곡(825),X,32.3,31.2,26.5,22.3,88,O,주의,X,낮음
9/2/2025,경산(827),X,32,31.8,27.3,24.1,78,O,주의,X,낮음
9/2/2025,삼척(876),X,30.8,29.2,25.9,23.4,86,X,경고,X,낮음
9/2/2025,속초(90),X,30.6,28.7,25.6,22.9,81.3,X,주의,X,낮음
9/2/2025,삼천포(907),O,33.4,31.4,26,21.5,93,O,주의,X,낮음
9/2/2025,고성(918),X,32.5,30.5,26.4,23.9,91,O,주의,X,낮음
9/2/2025,창녕(919),X,32.9,31.8,27.2,24.1,84,O,주의,X,낮음
9/2/2025,함안(920),X,32.9,31.5,26.1,22.8,90,O,주의,X,낮음
9/2/2025,북춘천(93),X,30.6,30.4,25.1,21.2,81.6,X,관심,X,낮음
9/2/2025,하동(932),X,32.7,32,27.1,24.1,84,O,주의,X,낮음
9/2/2025,철원(95),X,30.4,29.7,24.4,21,85.8,X,관심,X,낮음
9/2/2025,동두천(98),X,31.3,30.2,24,20.2,89.5,X,관심,X,낮음
9/2/2025,파주(99),X,30.7,29.6,24.1,20,88.5,X,관심,X,낮음
9/3/2025,북강릉(104),X,30.7,29,24.6,20.3,85.8,X, ,X,낮음
9/3/2025,동해(106),X,30.7,29.2,25.1,20.7,82.8,X, ,X,낮음
9/3/2025,서울(108),X,31.5,32.1,27.6,22.6,67.5,X,관심,X,낮음
9/3/2025,인천(112),X,31.1,30.9,27.7,24.1,72.6,X,관심,X,낮음
9/3/2025,원주(114),X,32.3,33.4,26.1,19.3,69.6,X,관심,X,낮음
9/3/2025,울릉도(115),X,30.6,29.2,25.7,22.3,78.9,X, ,X,낮음
9/3/2025,수원(119),X,31.7,31.5,26.8,21.2,72.8,X,관심,X,낮음
9/3/2025,영월(121),X,32.7,33.5,25.7,19.9,75.4,X,관심,X,낮음
9/3/2025,충주(127),X,32.7,32.6,25.3,18.4,76.4,X,관심,X,낮음
9/3/2025,서산(129),X,32.2,32.1,26,20.1,79.8,X,관심,X,낮음
9/3/2025,울진(130),X,29.5,27.6,24.2,20.3,85.6,X,주의,X,낮음
9/3/2025,청주(131),X,32.7,33.4,27.4,21.2,67.3,X,관심,O,낮음
9/3/2025,대전(133),X,32.8,32.6,26,20.5,79.4,X,관심,X,낮음
9/3/2025,추풍령(135),X,31.3,30.6,24.5,18.1,80.8,X,관심,X,낮음
9/3/2025,안동(136),X,32.6,32.9,26.2,19.1,71.6,O,관심,X,낮음
9/3/2025,상주(137),O,33.3,33.1,25.9,19.1,76.4,O,주의,X,낮음
9/3/2025,포항(138),X,29.5,27.8,25,22.5,83.8,X,주의,X,낮음
9/3/2025,군산(140),X,32.8,33.1,26.5,20.9,77.5,O,주의,X,낮음
9/3/2025,대구(143),X,31.9,32.2,27,23.2,71.4,O,주의,X,낮음
9/3/2025,전주(146),O,34.1,34.1,27.4,21.2,75,O,주의,X,낮음
9/3/2025,울산(152),X,30.9,29.8,25.4,21.9,79.6,X, ,X,낮음
9/3/2025,창원(155),X,32.9,31.4,27.1,23.7,82.8,O,주의,X,낮음
9/3/2025,광주(156),X,32.5,31.6,26,22,80.6,O,주의,X,낮음
9/3/2025,부산(159),X,32.7,31.6,27.6,24.1,73.1,X, ,O,낮음
9/3/2025,통영(162),O,33,32.3,27.4,23.6,77,O,주의,X,낮음
9/3/2025,목포(165),O,33.5,33.3,27.8,22.8,75.9,O,주의,X,낮음
9/3/2025,여수(168),X,31.6,30.3,27.4,25.3,80.9,O,주의,O,낮음
9/3/2025,흑산도(169),O,33.6,33.1,28.1,25,76.4,O,주의,O,낮음
9/3/2025,완도(170),O,34.9,34.2,27.9,22.6,78.4,O,주의,X,낮음
9/3/2025,고창(172),O,33.4,32.9,25.8,20,85.9,O,주의,X,낮음
9/3/2025,제주(184),X,32.3,31,28.3,25.4,73.3,O,주의,O,낮음
9/3/2025,진주(192),X,32.9,32.2,26.9,23.7,83,O,주의,X,낮음
9/3/2025,양평(202),X,31.2,31.2,25.4,20.6,78.3,X,관심,X,낮음
9/3/2025,이천(203),O,33.1,32.6,25.1,18.9,85.5,X,관심,X,낮음
9/3/2025,인제(211),X,30.7,31.2,24.2,19.4,77.1,X,관심,X,낮음
9/3/2025,홍천(212),X,31.2,32.5,24.7,19.7,76.4,X,관심,X,낮음
9/3/2025,태백(216),X,29,29.4,21.5,14,75.9,X, ,X,낮음
9/3/2025,정선군(217),O,33.1,34.3,24.4,19.3,77.8,X,관심,X,낮음
9/3/2025,제천(221),X,31.4,31.7,24,17.5,80.9,X,관심,X,낮음
9/3/2025,보은(226),X,31.3,31,24.5,17.4,80.9,X,관심,X,낮음
9/3/2025,천안(232),X,32.3,32.1,24.8,18.2,82.9,X,관심,X,낮음
9/3/2025,보령(235),O,33.3,32.8,26.7,20.7,76.3,X,관심,X,낮음
9/3/2025,부여(236),X,32.7,32.6,25.9,19.5,79.4,X,관심,X,낮음
9/3/2025,금산(238),X,32.5,32.3,25.1,19.6,83.8,X,관심,X,낮음
9/3/2025,세종(239),O,33.3,33.1,25.6,19.8,79.9,X,관심,X,낮음
9/3/2025,부안(243),X,32.6,32.4,26,20.4,78.8,O,주의,X,낮음
9/3/2025,임실(244),X,32.1,32,25.2,19.5,83,O,주의,X,낮음
9/3/2025,정읍(245),O,34.2,34.5,26.5,20.1,79.6,O,주의,X,낮음
9/3/2025,남원(247),X,32.9,32.2,25.5,20.6,87.9,O,주의,X,낮음
9/3/2025,장수(248),X,31.4,31.1,23.7,18.4,86.8,X, ,X,낮음
9/3/2025,영광군(252),O,33.3,33.2,26.4,20.5,77.6,O,주의,X,낮음
9/3/2025,김해시(253),O,33.6,32.4,27.3,22.9,80.3,O,주의,X,낮음
9/3/2025,순창군(254),O,33.3,33.4,25.5,19.4,80.1,O,주의,X,낮음
9/3/2025,양산시(257),O,33.7,33,28,23.2,78.4,O,주의,O,낮음
9/3/2025,강진군(259),O,33.9,33.7,27.3,22,79.9,O,주의,X,낮음
9/3/2025,장흥(260),O,33.3,32.2,26.6,21.6,84.9,O,주의,X,낮음
9/3/2025,해남(261),O,33.2,32.8,26.9,21,80.8,O,주의,X,낮음
9/3/2025,고흥(262),O,33.3,32.7,27.3,22.9,80.3,O,주의,X,낮음
9/3/2025,의령군(263),X,32.6,32,26.1,22.7,84.3,O,주의,X,낮음
9/3/2025,함양군(264),X,32.7,32.4,26.1,20.9,81.6,O,주의,X,낮음
9/3/2025,진도군ASOS(268),X,32.5,31.5,26.3,20.6,81,O,주의,X,낮음
9/3/2025,봉화(271),X,31.2,32.1,23.3,16.5,78.3,O, ,X,낮음
9/3/2025,영주(272),X,31.3,31.8,24.4,17.6,79.6,X, ,X,낮음
9/3/2025,문경(273),X,32.1,31.6,24.5,18,81.4,X,주의,X,낮음
9/3/2025,청송군(276),O,33.2,32.9,24.7,19,84,O,주의,X,낮음
9/3/2025,영덕(277),X,31.6,31.4,24.3,19.9,82.3,X,주의,X,낮음
9/3/2025,의성(278),X,32.9,33.2,25.5,18.6,75.5,O,주의,X,낮음
9/3/2025,구미(279),O,33.3,33.9,27,20.5,69.5,O,주의,X,낮음
9/3/2025,영천(281),X,31.3,31.1,25.4,20.9,79.1,O,주의,X,낮음
9/3/2025,경주시(283),X,31.5,31.2,25.7,23.1,81,X,주의,X,낮음
9/3/2025,거창(284),X,32.8,32.1,26.1,20.6,77.4,O,주의,X,낮음
9/3/2025,합천(285),O,33.4,33.4,27.5,23.3,79.8,O,주의,X,낮음
9/3/2025,밀양(288),O,34.4,34.1,27.8,23.8,76.9,O,주의,X,낮음
9/3/2025,산청(289),O,33.2,32.5,26.2,22.1,82.8,O,주의,X,낮음
9/3/2025,거제(294),X,31.7,30.5,26.1,22.6,81,O,주의,X,낮음
9/3/2025,남해(295),X,32.5,31.7,27,24.3,81.9,O,주의,X,낮음
9/3/2025,부천(433),X,30.7,,,,,X,관심,X,낮음
9/3/2025,안양(434),X,,,,,,X,관심,X,낮음
9/3/2025,광명(437),X,31.2,,,,,X,관심,X,낮음
9/3/2025,군포(438),X,30.6,,,,,X,관심,X,낮음
9/3/2025,김포(441),X,32.8,,,,,X,관심,X,낮음
9/3/2025,하남(444),X,31.2,,,,,X,관심,X,낮음
9/3/2025,의왕(445),X,30.8,,,,,X, ,X,낮음
9/3/2025,포천(504),X,31.6,32.5,25.5,20.2,79,X,관심,X,낮음
9/3/2025,가평조종(505),X,31.6,31.5,24.9,20.7,84,X,관심,X,낮음
9/3/2025,안성(516),X,32.8,32.5,26.5,19.8,78,X,관심,X,낮음
9/3/2025,간성(517),X,30.2,28.5,24.2,20,84,X, ,X,낮음
9/3/2025,평창(526),X,30.7,31.7,24.3,18.5,73,X, ,X,낮음
9/3/2025,의정부(532),X,31.6,32,25.8,20.6,76,X,관심,X,낮음
9/3/2025,횡성(536),X,31.6,33.3,25.2,18.9,74,X,관심,X,낮음
9/3/2025,고양(540),X,31.3,32.3,25.5,20.2,77,X,관심,X,낮음
9/3/2025,남양주(541),X,31.7,32.5,26.8,20.8,73,X,관심,X,낮음
9/3/2025,안산(545),O,33.1,32.7,25.8,19.5,84,X,관심,X,낮음
9/3/2025,경기광주(546),X,31,30.7,25.3,20.5,79,X,관심,X,낮음
9/3/2025,여주(548),X,32.4,32.7,25.7,19.2,80,X,관심,X,낮음
9/3/2025,용인(549),X,32.8,32.6,25.9,20.4,79,X,관심,X,낮음
9/3/2025,오산(550),X,31.9,31.1,25.2,19.3,81,X,관심,X,낮음
9/3/2025,평택(551),O,33.3,33.2,26.3,19.9,80,X,관심,X,낮음
9/3/2025,화천(555),X,32,31.4,24.9,21.5,85,X,관심,X,낮음
9/3/2025,양구(556),X,30.8,31.8,24,18.9,78,X,관심,X,낮음
9/3/2025,시흥(565),X,31.9,32.5,26.5,20.8,76,X,관심,X,낮음
9/3/2025,구리(569),X,31.4,32.1,26.4,21,71,X,관심,X,낮음
9/3/2025,화성(571),X,32,31.9,27.3,21.8,73,X,관심,X,낮음
9/3/2025,성남(572),X,30.9,30.9,26.4,21.2,72,X,관심,X,낮음
9/3/2025,과천(590),X,31.7,31.4,25.8,20.3,80,X, ,X,낮음
9/3/2025,양주(598),X,31.9,33.3,25.9,20,77,X,관심,X,낮음
9/3/2025,단양(601),X,31.7,32.8,24.5,18.4,77,X,관심,X,낮음
9/3/2025,진천(602),X,32.6,32.7,24.4,17.9,82,X,관심,X,낮음
9/3/2025,괴산(603),X,32.6,32.8,24.7,18.5,83,X,관심,X,낮음
9/3/2025,옥천(604),O,33.2,33.2,25.8,19.8,83,X,관심,X,낮음
9/3/2025,홍북(608),X,,,,,,X,관심,X,낮음
9/3/2025,공주(612),X,32.5,32.7,25.5,18.6,79,X,관심,X,낮음
9/3/2025,서천(614),X,32.1,32.2,25.7,19.7,80,X, ,X,낮음
9/3/2025,논산(615),X,,,,,,X,관심,X,낮음
9/3/2025,당진(616),O,33.3,33,25.7,19.6,81,X,관심,X,낮음
9/3/2025,청양(618),X,32.5,32.5,24.7,17.9,86,X,관심,X,낮음
9/3/2025,음성(619),X,32.4,32.4,24.5,18.8,85,X,관심,X,낮음
9/3/2025,증평(623),X,32.4,32.9,25.7,18.6,75,X,관심,X,낮음
9/3/2025,태안(627),X,31.7,31.2,25.6,19.4,81,X,관심,X,낮음
9/3/2025,예산(628),X,32.4,32.7,26.1,19.1,77,X,관심,X,낮음
9/3/2025,아산(634),O,33.5,33.6,26.1,19.6,77,X,관심,X,낮음
9/3/2025,계룡(636),X,32.4,32.3,24.5,16.9,85,X, ,X,낮음
9/3/2025,연천청산(652),X,31.6,33.1,25.4,20,74,X,관심,X,낮음
9/3/2025,양양(670),X,30.1,28.2,24.2,20.4,85,X, ,X,낮음
9/3/2025,무안(699),O,33.4,33.4,26.6,20.9,79,O,주의,X,낮음
9/3/2025,무주(701),X,32.6,32,23.7,19,87,X,관심,X,낮음
9/3/2025,익산(702),O,33.6,33.6,26.5,20.7,78,O,주의,X,낮음
9/3/2025,진안(703),X,31.7,31.3,24.1,19.2,85,X, ,X,낮음
9/3/2025,담양(706),O,34.3,33.8,25.7,19.8,85,O,주의,X,낮음
9/3/2025,구례(709),O,33.4,,,,,O,주의,X,낮음
9/3/2025,나주(710),O,33.2,32.8,25.4,20.2,85,O,주의,X,낮음
9/3/2025,순천시(712),O,34.1,34,27.6,23.7,78,O,주의,X,낮음
9/3/2025,광양읍(713),O,33.7,33.8,27.7,22.9,81,O,주의,X,낮음
9/3/2025,장성(730),O,33.9,33.4,25.4,19.6,85,O,주의,X,낮음
9/3/2025,영암(731),O,34.3,33.8,26.5,20.8,82,O,주의,X,낮음
9/3/2025,보성(732),X,31.7,31.4,25.3,21.5,84,O,주의,X,낮음
9/3/2025,완주(734),O,33.3,32.8,25.7,19.7,85,O,주의,X,낮음
9/3/2025,김제(737),O,34,33.3,26.1,20.6,85,O,주의,X,낮음
9/3/2025,화순(741),O,33.9,33.3,26.8,21.9,81,O,주의,X,낮음
9/3/2025,함평(754),O,33.6,33.6,26.2,20.5,79,O,주의,X,낮음
9/3/2025,곡성(768),O,34.2,33.6,25.4,20.5,90,O,주의,X,낮음
9/3/2025,압해도(789),O,34,33.2,26.9,21.8,82,O,주의,X,낮음
9/3/2025,영양(801),X,31.5,31.9,24,19.1,79,X, ,X,낮음
9/3/2025,성주(810),X,32.9,33.6,26.9,21.5,75,O,주의,X,낮음
9/3/2025,고령(812),O,33.1,33.2,26.2,21.8,87,O,주의,X,낮음
9/3/2025,청도(813),X,32.8,32,26.1,22.1,85,O,주의,X,낮음
9/3/2025,예천(815),O,33.8,34.2,25.5,18.7,75,O,관심,X,낮음
9/3/2025,김천(822),O,33.3,33.4,25.4,19.4,77,O,주의,X,낮음
9/3/2025,군위(823),O,33.3,34.1,26.2,19.5,75,O,주의,X,낮음
9/3/2025,군위(823),O,33.3,34.1,26.2,19.5,75,O,주의,X,낮음
9/3/2025,군위(823),O,33.3,34.1,26.2,19.5,75,O,주의,X,낮음
9/3/2025,군위(823),O,33.3,34.1,26.2,19.5,75,O,주의,X,낮음
9/3/2025,군위(823),O,33.3,34.1,26.2,19.5,75,O,주의,X,낮음
9/3/2025,군위(823),O,33.3,34.1,26.2,19.5,75,O,주의,X,낮음
9/3/2025,군위(823),O,33.3,34.1,26.2,19.5,75,O,주의,X,낮음
9/3/2025,군위(823),O,33.3,34.1,26.2,19.5,75,O,주의,X,낮음
9/3/2025,군위(823),O,33.3,34.1,26.2,19.5,75,O,주의,X,낮음
9/3/2025,군위(823),O,33.3,34.1,26.2,19.5,75,O,주의,X,낮음
9/3/2025,군위(823),O,33.3,34.1,26.2,19.5,75,O,주의,X,낮음
9/3/2025,군위(823),O,33.3,34.1,26.2,19.5,75,O,주의,X,낮음
9/3/2025,군위(823),O,33.3,34.1,26.2,19.5,75,O,주의,X,낮음
9/3/2025,군위(823),O,33.3,34.1,26.2,19.5,75,O,주의,X,낮음
9/3/2025,군위(823),O,33.3,34.1,26.2,19.5,75,O,주의,X,낮음
9/3/2025,군위(823),O,33.3,34.1,26.2,19.5,75,O,주의,X,낮음
9/3/2025,군위(823),O,33.3,34.1,26.2,19.5,75,O,주의,X,낮음
9/3/2025,군위(823),O,33.3,34.1,26.2,19.5,75,O,주의,X,낮음
9/3/2025,군위(823),O,33.3,34.1,26.2,19.5,75,O,주의,X,낮음
9/3/2025,군위(823),O,33.3,34.1,26.2,19.5,75,O,주의,X,낮음
9/3/2025,군위(823),O,33.3,34.1,26.2,19.5,75,O,주의,X,낮음
9/3/2025,군위(823),O,33.3,34.1,26.2,19.5,75,O,주의,X,낮음
9/3/2025,군위(823),O,33.3,34.1,26.2,19.5,75,O,주의,X,낮음
9/3/2025,군위(823),O,33.3,34.1,26.2,19.5,75,O,주의,X,낮음
9/3/2025,군위(823),O,33.3,34.1,26.2,19.5,75,O,주의,X,낮음
9/3/2025,군위(823),O,33.3,34.1,26.2,19.5,75,O,주의,X,낮음
9/3/2025,군위(823),O,33.3,34.1,26.2,19.5,75,O,주의,X,낮음
9/3/2025,군위(823),O,33.3,34.1,26.2,19.5,75,O,주의,X,낮음
9/3/2025,군위(823),O,33.3,34.1,26.2,19.5,75,O,주의,X,낮음
9/3/2025,군위(823),O,33.3,34.1,26.2,19.5,75,O,주의,X,낮음
9/3/2025,군위(823),O,33.3,34.1,26.2,19.5,75,O,주의,X,낮음
9/3/2025,군위(823),O,33.3,34.1,26.2,19.5,75,O,주의,X,낮음
9/3/2025,칠곡(825),O,33.2,33.7,27.3,21.6,74,O,주의,X,낮음
9/3/2025,경산(827),X,32.9,32.9,26.5,22.8,78,O,주의,X,낮음
9/3/2025,삼척(876),X,32.1,30.9,25.4,21.8,80,X, ,X,낮음
9/3/2025,속초(90),X,30.8,29.3,25.2,21.6,81.8,X, ,X,낮음
9/3/2025,삼천포(907),X,32.7,31.1,26.6,23.4,86,O,주의,X,낮음
9/3/2025,고성(918),X,32.7,31.7,26.5,22.7,86,O,주의,X,낮음
9/3/2025,창녕(919),O,33.5,32.8,26.5,23.2,84,O,주의,X,낮음
9/3/2025,함안(920),O,33.5,33,26.4,23,86,O,주의,X,낮음
9/3/2025,북춘천(93),X,32.4,32.3,25.6,20.6,81.4,X,관심,X,낮음
9/3/2025,하동(932),O,33.2,33.5,27.4,23.3,81,O,주의,X,낮음
9/3/2025,철원(95),X,31.5,31.7,25.2,19.6,80.5,X,관심,X,낮음
9/3/2025,동두천(98),X,31.1,31.5,25.4,20.1,79.8,X,관심,X,낮음
9/3/2025,파주(99),X,31.7,31.7,24.7,20.2,83.6,O,관심,X,낮음
9/4/2025,북강릉(104),X,27.1,24.8,22.6,21,93.1,X, ,X,낮음
9/4/2025,동해(106),X,28,25.4,23.9,21.5,86.9,X, ,X,낮음
9/4/2025,서울(108),X,30.9,29.8,25.8,22.8,82.1,X,관심,X,낮음
9/4/2025,인천(112),X,30.5,28.7,25.7,23,85.5,X,관심,X,낮음
9/4/2025,원주(114),X,30.8,29.8,25.1,23,79.6,X,관심,X,낮음
9/4/2025,울릉도(115),X,30.5,28.8,25.4,24.3,84.8,X, ,X,낮음
9/4/2025,수원(119),X,30.5,29.4,25.8,23.3,80.6,X, ,X,낮음
9/4/2025,영월(121),X,31.6,30.3,24.5,21.6,80.6,X, ,X,낮음
9/4/2025,충주(127),X,32.2,31.7,26.1,22.6,73.3,X,관심,X,낮음
9/4/2025,서산(129),X,31.8,30.1,25.8,23.6,90.3,X,관심,X,낮음
9/4/2025,울진(130),X,28.3,25.2,23.4,21.9,92.6,X, ,X,낮음
9/4/2025,청주(131),X,31.6,30.9,27.4,25.5,70.5,X,관심,X,낮음
9/4/2025,대전(133),X,32.3,31.1,26.1,23.1,82.1,X,관심,X,낮음
9/4/2025,추풍령(135),X,31.4,30.6,25.1,20.5,80.5,X,관심,X,낮음
9/4/2025,안동(136),X,32.5,32.7,25.9,21.2,75.5,O,관심,X,낮음
9/4/2025,상주(137),X,32.6,31.7,26.6,22.7,77.1,O,주의,X,낮음
9/4/2025,포항(138),X,30.8,29.4,26.1,24.1,82.4,X,관심,X,낮음
9/4/2025,군산(140),X,31.2,30.3,26,23.9,84.9,O,주의,X,낮음
9/4/2025,대구(143),X,32.6,33,27.5,23.9,73.3,O,주의,X,낮음
9/4/2025,전주(146),X,32.8,31.4,27.1,23.8,82.9,O,주의,X,낮음
9/4/2025,울산(152),X,32.2,31.1,26.4,23.4,82.3,X, ,X,낮음
9/4/2025,창원(155),O,33.7,33.2,27.7,24,78.5,O,주의,X,낮음
9/4/2025,광주(156),O,33,31.6,25.9,23.1,84.1,O,주의,X,낮음
9/4/2025,부산(159),O,34.1,33.6,28.7,25.9,73.8,X, ,O,낮음
9/4/2025,통영(162),O,33.3,33.3,28.3,24.6,73,O,주의,X,낮음
9/4/2025,목포(165),O,33.2,32.1,27.9,24.4,81,O,주의,X,낮음
9/4/2025,여수(168),X,32.8,32.2,28.1,25.4,74.9,O,주의,O,낮음
9/4/2025,흑산도(169),O,34.7,33.1,28.2,25.8,83,O,주의,O,낮음
9/4/2025,완도(170),O,35.6,35.2,29,24.1,75.8,O,주의,X,낮음
9/4/2025,고창(172),O,33.1,31.8,25.9,23,90.8,O,주의,X,낮음
9/4/2025,제주(184),X,32.7,31.7,28.7,26.8,75.6,O,주의,O,낮음
9/4/2025,진주(192),O,34,33.3,26.2,22.2,84.6,O,주의,X,낮음
9/4/2025,양평(202),X,30.3,29.1,24.5,21.9,87.8,X, ,X,낮음
9/4/2025,이천(203),X,31.1,29.8,24.3,21.5,93.3,X, ,X,낮음
9/4/2025,인제(211),X,27.6,26.2,21.4,19.2,88.3,X, ,X,낮음
9/4/2025,홍천(212),X,30.4,29.5,23.6,20.7,84.9,X, ,X,낮음
9/4/2025,태백(216),X,25.4,23.6,20.3,17.1,87.6,X, ,X,낮음
9/4/2025,정선군(217),X,28.9,27.4,23,20.2,81.5,X, ,X,낮음
9/4/2025,제천(221),X,29.7,28.5,24,21.8,81.1,X,관심,X,낮음
9/4/2025,보은(226),X,31,30.2,25.1,21.1,81.3,X,관심,X,낮음
9/4/2025,천안(232),X,31.2,29.8,24.9,22.6,91.9,X, ,X,낮음
9/4/2025,보령(235),X,32.9,31.7,26.3,24.3,84,X,관심,X,낮음
9/4/2025,부여(236),X,31.4,30.8,25.5,23.5,87.6,X,관심,X,낮음
9/4/2025,금산(238),X,31.8,30.4,26.2,22.6,84.3,X,관심,X,낮음
9/4/2025,세종(239),X,32,31.3,26,23.8,79.9,X,관심,X,낮음
9/4/2025,부안(243),X,31.3,30.4,26.4,23.4,84.1,O,주의,X,낮음
9/4/2025,임실(244),X,32.2,31.4,26,22.2,83.9,O,주의,X,낮음
9/4/2025,정읍(245),X,32.7,31.5,26.7,23.2,85,O,주의,X,낮음
9/4/2025,남원(247),O,33,32,26.8,22.2,85,O,주의,X,낮음
9/4/2025,장수(248),X,31.3,30.8,25,21,85.8,X,관심,X,낮음
9/4/2025,영광군(252),X,32.8,31.6,26.8,23.5,81,O,주의,X,낮음
9/4/2025,김해시(253),O,34.4,33.5,28.2,23.9,76,O,주의,X,낮음
9/4/2025,순창군(254),O,33.2,32.9,26.3,22.5,82.4,O,주의,X,낮음
9/4/2025,양산시(257),O,34.7,33.8,28.7,25.6,78.6,O,주의,O,낮음
9/4/2025,강진군(259),O,33.9,33.4,27.9,23.3,80,O,주의,X,낮음
9/4/2025,장흥(260),O,33.9,33.5,27.3,22.1,81.5,O,주의,X,낮음
9/4/2025,해남(261),O,34.2,33.7,27.7,23.5,84.3,O,주의,X,낮음
9/4/2025,고흥(262),O,34.5,34.3,28,22.9,77.3,O,주의,X,낮음
9/4/2025,의령군(263),O,33.5,32.6,25.7,21.1,85.8,O,주의,X,낮음
9/4/2025,함양군(264),O,33.1,32.5,27.2,22.1,79.6,O,주의,X,낮음
9/4/2025,진도군ASOS(268),O,33.8,33.1,27.7,24.2,81.1,O,주의,X,낮음
9/4/2025,봉화(271),X,29.9,29,23.7,18.4,77.9,O,관심,X,낮음
9/4/2025,영주(272),X,31.4,31.2,24.6,20.3,82.3,X,관심,X,낮음
9/4/2025,문경(273),X,32,31.1,25,21.6,82.6,X,관심,X,낮음
9/4/2025,청송군(276),O,33.2,32.6,25.5,19.5,85.4,O,관심,X,낮음
9/4/2025,영덕(277),O,33.2,32.7,24.8,22.4,85.5,X, ,X,낮음
9/4/2025,의성(278),X,32.7,33.1,26.3,21.1,76.8,O,주의,X,낮음
9/4/2025,구미(279),O,33.8,34.1,26.4,21.9,78.1,O,주의,X,낮음
9/4/2025,영천(281),O,33.1,33.1,26.3,21.7,77.8,O,주의,X,낮음
9/4/2025,경주시(283),X,32.6,31.7,26.7,23.3,79.5,X,관심,X,낮음
9/4/2025,거창(284),O,33.2,32.6,27,22.8,75.1,O,주의,X,낮음
9/4/2025,합천(285),O,33.8,33.7,27.2,22.7,82,O,주의,X,낮음
9/4/2025,밀양(288),O,34.2,34.5,28.1,22.3,74.6,O,주의,O,낮음
9/4/2025,산청(289),O,33.6,32.7,26.5,22.1,87.4,O,주의,X,낮음
9/4/2025,거제(294),X,32.4,31.4,27.1,24.1,79.1,O,주의,X,낮음
9/4/2025,남해(295),O,33.1,32.6,27.3,23.7,80.3,O,주의,X,낮음
9/4/2025,부천(433),X,31.6,31,26,22.9,79,X, ,X,낮음
9/4/2025,안양(434),X,,29.3,25.9,23.2,,X, ,X,낮음
9/4/2025,광명(437),X,31.5,31.2,26.6,23.7,77,X, ,O,낮음
9/4/2025,군포(438),X,30.5,29.7,26.2,23.3,76,X, ,X,낮음
9/4/2025,김포(441),X,32.2,30.7,25.5,22,88,X, ,X,낮음
9/4/2025,하남(444),X,30.7,28.9,25.5,22.6,87,X, ,X,낮음
9/4/2025,의왕(445),X,31.3,29.2,24.7,22.2,93,X, ,X,낮음
9/4/2025,포천(504),X,31.6,30.6,24.7,21.4,89,X, ,X,낮음
9/4/2025,가평조종(505),X,30.4,29,23.9,21.6,93,X, ,X,낮음
9/4/2025,안성(516),X,32,30.7,25.7,23,87,X,관심,X,낮음
9/4/2025,간성(517),X,27,24.8,21.7,19.7,92,X, ,X,낮음
9/4/2025,평창(526),X,29.8,28.6,23.3,20.3,81,X, ,X,낮음
9/4/2025,의정부(532),X,31.1,29.8,24.2,21.7,91,X, ,X,낮음
9/4/2025,횡성(536),X,30.7,29.9,24.1,22.1,83,X, ,X,낮음
9/4/2025,고양(540),X,31.1,29.5,24.1,21.4,90,X, ,X,낮음
9/4/2025,남양주(541),X,30.9,30.1,25.5,22.8,82,X, ,X,낮음
9/4/2025,안산(545),X,31.9,30.7,25.3,22.6,90,X,관심,X,낮음
9/4/2025,경기광주(546),X,30.1,28.4,24,21.8,89,X, ,X,낮음
9/4/2025,여주(548),X,30.3,28.7,24.4,22.1,89,X, ,X,낮음
9/4/2025,용인(549),X,31.6,30.5,25,22.6,88,X, ,X,낮음
9/4/2025,오산(550),X,31.1,29.8,24.9,22.5,86,X, ,X,낮음
9/4/2025,평택(551),X,31.9,30.6,25.8,23.1,90,X,관심,X,낮음
9/4/2025,화천(555),X,28.8,27.4,23.2,21.3,90,X, ,X,낮음
9/4/2025,양구(556),X,28.7,27.4,21.7,18.7,90,X, ,X,낮음
9/4/2025,시흥(565),X,32.1,30.9,25.4,22.9,88,X, ,X,낮음
9/4/2025,구리(569),X,30.6,29.7,24.9,22.4,82,X, ,X,낮음
9/4/2025,화성(571),X,31.5,30.4,26,23,84,X, ,X,낮음
9/4/2025,성남(572),X,29.9,28.9,24.9,22.5,83,X, ,X,낮음
9/4/2025,과천(590),X,30.7,29.4,25,22.8,89,X, ,X,낮음
9/4/2025,양주(598),X,32.3,31.4,24.8,21.7,89,X, ,X,낮음
9/4/2025,단양(601),X,30.9,30.2,24.3,20.7,81,X, ,X,낮음
9/4/2025,진천(602),X,30.8,29.1,24.5,22.4,90,X, ,X,낮음
9/4/2025,괴산(603),X,32.1,31.2,25.1,21.8,84,X,관심,X,낮음
9/4/2025,옥천(604),X,32.1,30.9,26.1,22,82,X,관심,X,낮음
9/4/2025,홍북(608),X,,,,,,X,관심,X,낮음
9/4/2025,공주(612),X,31.1,30.5,25.4,23.4,86,X,관심,X,낮음
9/4/2025,서천(614),X,31.2,30.2,25.4,23,89,X,관심,X,낮음
9/4/2025,논산(615),X,,,,,,X,관심,X,낮음
9/4/2025,당진(616),X,31.3,29.9,25.4,23.3,88,X,관심,X,낮음
9/4/2025,청양(618),X,31.2,30.2,24.5,22.6,95,X,관심,X,낮음
9/4/2025,음성(619),X,31.6,30.8,25.5,22.3,82,X, ,X,낮음
9/4/2025,증평(623),X,31.3,30.8,25.7,22.7,78,X, ,X,낮음
9/4/2025,태안(627),X,31.8,30.3,25.6,23.8,89,X,관심,X,낮음
9/4/2025,예산(628),X,31.3,30.2,25.8,23.4,86,X, ,X,낮음
9/4/2025,아산(634),X,32,30.9,26.2,23.5,83,X,관심,X,낮음
9/4/2025,계룡(636),X,31.3,29.9,25,21.6,89,X,관심,X,낮음
9/4/2025,연천청산(652),X,31,30,24.2,21.8,86,X,관심,X,낮음
9/4/2025,양양(670),X,26.8,24.8,22.3,20.9,89,X, ,X,낮음
9/4/2025,무안(699),O,33.2,32,27.1,23.4,83,O,주의,X,낮음
9/4/2025,무주(701),X,31.6,30.4,24.9,21.5,86,X,관심,X,낮음
9/4/2025,익산(702),X,32.6,31.1,26.5,23.7,86,O,주의,X,낮음
9/4/2025,진안(703),X,31.4,30.8,24.9,21.6,87,X,관심,X,낮음
9/4/2025,담양(706),O,34.2,33,26.7,23.2,86,O,주의,X,낮음
9/4/2025,구례(709),O,34.1,33.8,27.1,22.7,86,O,주의,X,낮음
9/4/2025,나주(710),O,33.1,31.6,25.7,22.6,88,O,주의,X,낮음
9/4/2025,순천시(712),O,34,33.8,27.9,23.6,75,O,주의,X,낮음
9/4/2025,광양읍(713),O,34.4,34.4,28.1,23,81,O,주의,X,낮음
9/4/2025,장성(730),O,34.1,33.1,26.3,23.3,87,O,주의,X,낮음
9/4/2025,영암(731),O,34.2,33.3,27.2,22.8,82,O,주의,X,낮음
9/4/2025,보성(732),X,32.5,32.4,26,21.1,82,O,주의,X,낮음
9/4/2025,완주(734),X,32.8,31.4,26.2,22.9,87,O,주의,X,낮음
9/4/2025,김제(737),X,31.8,30.1,26.1,23.5,90,O,주의,X,낮음
9/4/2025,화순(741),O,34.7,34.2,26.1,22.5,82,O,주의,X,낮음
9/4/2025,함평(754),O,33.6,32.9,27.1,23.6,82,O,주의,X,낮음
9/4/2025,곡성(768),O,33.6,32.4,25.9,22.1,91,O,주의,X,낮음
9/4/2025,압해도(789),O,33.8,32.7,27.5,23.5,84,O,주의,X,낮음
9/4/2025,영양(801),X,32.7,33,25.4,20.5,78,X, ,X,낮음
9/4/2025,성주(810),O,33.2,33,26.8,23.2,80,O,주의,X,낮음
9/4/2025,고령(812),O,33.2,32.9,26.3,21.7,88,O,주의,X,낮음
9/4/2025,청도(813),O,33.9,33.7,26.3,20.8,85,O,주의,X,낮음
9/4/2025,예천(815),O,33.4,33.3,26.2,22.1,77,O,관심,X,낮음
9/4/2025,김천(822),X,32.6,31.9,25.7,20.2,78,O,주의,X,낮음
9/4/2025,군위(823),O,33.9,33.9,25.8,20.9,87,O,주의,X,낮음
9/4/2025,군위(823),O,33.9,33.9,25.8,20.9,87,O,주의,X,낮음
9/4/2025,군위(823),O,33.9,33.9,25.8,20.9,87,O,주의,X,낮음
9/4/2025,군위(823),O,33.9,33.9,25.8,20.9,87,O,주의,X,낮음
9/4/2025,군위(823),O,33.9,33.9,25.8,20.9,87,O,주의,X,낮음
9/4/2025,군위(823),O,33.9,33.9,25.8,20.9,87,O,주의,X,낮음
9/4/2025,군위(823),O,33.9,33.9,25.8,20.9,87,O,주의,X,낮음
9/4/2025,군위(823),O,33.9,33.9,25.8,20.9,87,O,주의,X,낮음
9/4/2025,군위(823),O,33.9,33.9,25.8,20.9,87,O,주의,X,낮음
9/4/2025,군위(823),O,33.9,33.9,25.8,20.9,87,O,주의,X,낮음
9/4/2025,군위(823),O,33.9,33.9,25.8,20.9,87,O,주의,X,낮음
9/4/2025,군위(823),O,33.9,33.9,25.8,20.9,87,O,주의,X,낮음
9/4/2025,군위(823),O,33.9,33.9,25.8,20.9,87,O,주의,X,낮음
9/4/2025,군위(823),O,33.9,33.9,25.8,20.9,87,O,주의,X,낮음
9/4/2025,군위(823),O,33.9,33.9,25.8,20.9,87,O,주의,X,낮음
9/4/2025,군위(823),O,33.9,33.9,25.8,20.9,87,O,주의,X,낮음
9/4/2025,군위(823),O,33.9,33.9,25.8,20.9,87,O,주의,X,낮음
9/4/2025,군위(823),O,33.9,33.9,25.8,20.9,87,O,주의,X,낮음
9/4/2025,군위(823),O,33.9,33.9,25.8,20.9,87,O,주의,X,낮음
9/4/2025,군위(823),O,33.9,33.9,25.8,20.9,87,O,주의,X,낮음
9/4/2025,군위(823),O,33.9,33.9,25.8,20.9,87,O,주의,X,낮음
9/4/2025,군위(823),O,33.9,33.9,25.8,20.9,87,O,주의,X,낮음
9/4/2025,군위(823),O,33.9,33.9,25.8,20.9,87,O,주의,X,낮음
9/4/2025,군위(823),O,33.9,33.9,25.8,20.9,87,O,주의,X,낮음
9/4/2025,군위(823),O,33.9,33.9,25.8,20.9,87,O,주의,X,낮음
9/4/2025,군위(823),O,33.9,33.9,25.8,20.9,87,O,주의,X,낮음
9/4/2025,군위(823),O,33.9,33.9,25.8,20.9,87,O,주의,X,낮음
9/4/2025,군위(823),O,33.9,33.9,25.8,20.9,87,O,주의,X,낮음
9/4/2025,군위(823),O,33.9,33.9,25.8,20.9,87,O,주의,X,낮음
9/4/2025,군위(823),O,33.9,33.9,25.8,20.9,87,O,주의,X,낮음
9/4/2025,군위(823),O,33.9,33.9,25.8,20.9,87,O,주의,X,낮음
9/4/2025,군위(823),O,33.9,33.9,25.8,20.9,87,O,주의,X,낮음
9/4/2025,칠곡(825),O,33.7,33.7,27.2,22.8,83,O,주의,X,낮음
9/4/2025,경산(827),O,34.1,34.2,27.3,23.3,76,O,주의,X,낮음
9/4/2025,삼척(876),X,27.6,25.3,23.8,22.2,85,X, ,X,낮음
9/4/2025,속초(90),X,27,25.5,22.9,21.1,86,X, ,X,낮음
9/4/2025,삼천포(907),O,33.5,32.5,27,22.7,80,O,주의,X,낮음
9/4/2025,고성(918),O,33.9,33,27.1,22.6,83,O,주의,X,낮음
9/4/2025,창녕(919),O,33.9,33.5,26.5,22.6,85,O,주의,X,낮음
9/4/2025,함안(920),O,34.4,33.5,25.8,21.1,86,O,주의,X,낮음
9/4/2025,북춘천(93),X,30.1,28.8,23.9,21.5,86.4,X, ,X,낮음
9/4/2025,하동(932),O,34,34.2,27.6,22.8,78,O,주의,X,낮음
9/4/2025,철원(95),X,29.8,28.4,24.1,21.8,89.1,X, ,X,낮음
9/4/2025,동두천(98),X,30.9,29.2,24.2,22,94.6,X, ,X,낮음
9/4/2025,파주(99),X,31.4,29.6,24.4,22.1,91.6,X,주의,X,낮음
9/5/2025,북강릉(104),X,30.5,28.7,24.4,21,87.6,X,관심,X,낮음
9/5/2025,동해(106),X,30.6,29.3,25.3,22.1,81.5,X,관심,X,낮음
9/5/2025,서울(108),O,33,33,27.9,23.5,68.5,O,관심,O,낮음
9/5/2025,인천(112),X,32.7,31.7,27.8,24.2,74,X,관심,X,낮음
9/5/2025,원주(114),X,32.8,33.4,27.1,20.7,68.9,O,관심,X,낮음
9/5/2025,울릉도(115),X,30.6,29.3,25.6,23,77.4,X, ,X,낮음
9/5/2025,수원(119),X,32.3,32.1,27.2,22.9,72.3,X,관심,X,낮음
9/5/2025,영월(121),X,32.5,33.2,26,18.8,71.8,X,관심,X,낮음
9/5/2025,충주(127),O,33.7,33.8,27.3,21.2,71,X,관심,X,낮음
9/5/2025,서산(129),O,33.2,32.2,27.7,23.2,83.1,X,관심,X,낮음
9/5/2025,울진(130),X,30.7,29.5,25.5,22.5,81.1,X, ,X,낮음
9/5/2025,청주(131),O,33.6,34.3,29,23.7,64.9,O,관심,O,낮음
9/5/2025,대전(133),O,33.6,33.6,28.1,23.1,72.3,O,관심,O,낮음
9/5/2025,추풍령(135),X,32,31.3,25.5,21.7,81.5,O,관심,X,낮음
9/5/2025,안동(136),O,33.7,34.7,27.1,20.8,70.5,O,주의,X,낮음
9/5/2025,상주(137),O,33.5,33,27.2,22,77.8,O,주의,X,낮음
9/5/2025,포항(138),X,29.3,28.3,25.9,24.2,76.4,X,관심,X,낮음
9/5/2025,군산(140),X,32.8,31.6,27.6,23.9,79.6,O,주의,X,낮음
9/5/2025,대구(143),X,32.5,33.6,27.4,23.3,71.6,O,주의,X,낮음
9/5/2025,전주(146),O,34.3,33.8,28.1,24.4,78.9,O,주의,O,낮음
9/5/2025,울산(152),X,30.5,30.3,26.1,23.7,73.3,X, ,X,낮음
9/5/2025,창원(155),O,33.6,32.6,27.4,24.7,77.4,O,주의,X,낮음
9/5/2025,광주(156),O,33.8,33.2,26.9,23.1,82.9,O,주의,X,낮음
9/5/2025,부산(159),O,33,32.8,28.2,25.8,68.8,X, ,O,낮음
9/5/2025,통영(162),X,32.3,31.7,27.3,24,75,O,관심,X,낮음
9/5/2025,목포(165),O,33.3,33,28.6,24.3,79.1,O,주의,O,낮음
9/5/2025,여수(168),X,32.3,31.5,27.8,25.5,74.5,O,주의,O,낮음
9/5/2025,흑산도(169),O,36.1,34.8,29.2,25.5,82.5,O,주의,O,낮음
9/5/2025,완도(170),O,35.6,35,28.6,24.6,80,O,주의,O,낮음
9/5/2025,고창(172),O,33.7,32.9,27.4,22.7,85.4,O,주의,O,낮음
9/5/2025,제주(184),O,33,32.2,29,26.7,69.5,O,주의,O,낮음
9/5/2025,진주(192),O,33.6,32.7,26.7,22.6,83,O,주의,X,낮음
9/5/2025,양평(202),X,31.6,31.6,25.7,20.8,77.3,X,관심,X,낮음
9/5/2025,이천(203),O,33.5,33,26.1,20.3,80.8,O,관심,X,낮음
9/5/2025,인제(211),X,31.3,31.4,23.8,17.9,80.1,X, ,X,낮음
9/5/2025,홍천(212),X,31.9,32.2,25.5,19.1,75.6,O,관심,X,낮음
9/5/2025,태백(216),X,29.2,30.1,22.6,18.9,77.8,X, ,X,낮음
9/5/2025,정선군(217),O,33.6,34.6,25.5,18.3,73.5,O, ,X,낮음
9/5/2025,제천(221),X,31.9,32,25.2,18.3,77.5,X,관심,X,낮음
9/5/2025,보은(226),X,32.2,32.1,26.1,20.5,79.9,X,관심,X,낮음
9/5/2025,천안(232),X,32.7,32,26.4,21.7,81.5,X,관심,X,낮음
9/5/2025,보령(235),O,33.4,32.5,27.7,23.3,80.9,X,관심,O,낮음
9/5/2025,부여(236),O,33.7,33,27.3,22.4,81.3,X,관심,X,낮음
9/5/2025,금산(238),X,32.9,32.1,26.6,22.1,83.1,X,관심,X,낮음
9/5/2025,세종(239),O,33.3,33.1,27.4,22.7,77,O,관심,X,낮음
9/5/2025,부안(243),O,33.1,33.1,27.5,23.4,79.9,O,주의,X,낮음
9/5/2025,임실(244),X,32.2,31.4,26.1,22.8,84.8,O,주의,X,낮음
9/5/2025,정읍(245),O,34,33.5,27.8,23.4,81.3,O,주의,X,낮음
9/5/2025,남원(247),O,33.7,33.3,26.9,22.9,86,O,주의,X,낮음
9/5/2025,장수(248),X,32.1,31.7,25.5,21.2,84,X,관심,X,낮음
9/5/2025,영광군(252),O,33.5,33.1,27.6,22.8,76.3,O,주의,O,낮음
9/5/2025,김해시(253),O,33.4,32.3,27.4,24.1,76.8,O,주의,X,낮음
9/5/2025,순창군(254),X,32.9,33.2,26.8,22.8,83.9,O,주의,X,낮음
9/5/2025,양산시(257),O,34.2,34.2,28.4,25.4,73.1,O,주의,X,낮음
9/5/2025,강진군(259),O,34.2,34.1,28,23.4,81.4,O,주의,O,낮음
9/5/2025,장흥(260),O,33.7,33.1,27.1,22.6,83.8,O,주의,X,낮음
9/5/2025,해남(261),O,34.3,34.1,28,22.9,81.8,O,주의,X,낮음
9/5/2025,고흥(262),O,34.2,33.7,27.7,23.7,78.8,O,주의,X,낮음
9/5/2025,의령군(263),O,33.2,32.8,26.4,21.7,83.1,O,주의,X,낮음
9/5/2025,함양군(264),O,33.7,33.8,27.6,22.4,78.9,O,관심,X,낮음
9/5/2025,진도군ASOS(268),O,33.3,32.9,27.6,23,82.6,O,주의,O,낮음
9/5/2025,봉화(271),X,31.5,32.9,25,18.3,73.1,O,주의,X,낮음
9/5/2025,영주(272),X,32.1,32.2,25.5,19.6,77.5,O,관심,X,낮음
9/5/2025,문경(273),X,32.8,32.5,26.1,20.3,79.6,X,관심,X,낮음
9/5/2025,청송군(276),O,33.5,34,26.5,20.7,74.9,O,주의,X,낮음
9/5/2025,영덕(277),X,31.6,31.4,25.5,21.8,75.8,O, ,X,낮음
9/5/2025,의성(278),O,34.1,34.9,28.2,22.2,65.9,O,주의,X,낮음
9/5/2025,구미(279),O,33.8,34.4,27.9,23.7,74.6,O,주의,X,낮음
9/5/2025,영천(281),X,32,32.4,26.6,23.5,70.4,O,주의,X,낮음
9/5/2025,경주시(283),X,30.8,30.7,26.7,24.1,71.4,O,관심,X,낮음
9/5/2025,거창(284),O,33.9,33.3,26.9,21.9,78.9,O,관심,X,낮음
9/5/2025,합천(285),O,33.6,33.4,27.7,23.3,80.3,O,주의,X,낮음
9/5/2025,밀양(288),O,34.1,35.4,28.6,25.1,70.3,O,주의,X,낮음
9/5/2025,산청(289),O,33.6,32.3,26.7,23,86.1,O,주의,X,낮음
9/5/2025,거제(294),X,32.1,31.4,26.7,23.8,77.5,O,관심,X,낮음
9/5/2025,남해(295),X,32.2,31.3,26.9,24.2,78.9,O,관심,X,낮음
9/5/2025,부천(433),O,33,33.4,28.3,24.2,64,X,관심,X,낮음
9/5/2025,안양(434),X,,32.5,27.6,23.7,,X,관심,O,낮음
9/5/2025,광명(437),O,33.4,34.1,28.8,25.1,62,X,관심,O,낮음
9/5/2025,군포(438),X,32.9,33.6,27.8,23.8,66,X,관심,X,낮음
9/5/2025,김포(441),O,34.2,34.1,27.3,22.2,78,O,관심,O,낮음
9/5/2025,하남(444),O,33.2,32.8,26.9,21.5,79,O,관심,X,낮음
9/5/2025,의왕(445),O,33,32.2,26.2,21.3,84,X,관심,X,낮음
9/5/2025,포천(504),X,32.8,32.4,26.1,20.8,80,X,관심,X,낮음
9/5/2025,가평조종(505),X,32.6,32,25.3,19.5,84,X,관심,X,낮음
9/5/2025,안성(516),O,33.7,33.5,27.4,22.5,77,O,관심,X,낮음
9/5/2025,간성(517),X,29.5,27.8,24.4,20.3,82,X,관심,X,낮음
9/5/2025,평창(526),X,30.9,32.2,24.8,18.1,73,X, ,X,낮음
9/5/2025,의정부(532),O,33.1,32.8,26.5,20.9,77,X,관심,X,낮음
9/5/2025,횡성(536),O,33.1,33.5,25.9,19.5,73,O,관심,X,낮음
9/5/2025,고양(540),O,33.6,34,26.1,20.6,79,O,관심,X,낮음
9/5/2025,남양주(541),O,33.4,33.5,27.1,21.4,75,X,관심,X,낮음
9/5/2025,안산(545),O,34,33.6,26.4,21.2,82,X,관심,X,낮음
9/5/2025,경기광주(546),X,31.9,31.3,25.6,20.8,79,X,관심,X,낮음
9/5/2025,여주(548),O,33.3,33.5,26.4,20.2,77,O,관심,X,낮음
9/5/2025,용인(549),O,33.3,32.9,26.5,20.9,79,O,관심,X,낮음
9/5/2025,오산(550),O,33.2,33.1,26.7,21,75,O,관심,X,낮음
9/5/2025,평택(551),O,33.2,33,27.3,23.3,79,O,관심,X,낮음
9/5/2025,화천(555),X,32.5,32.1,24.8,19.5,84,X,관심,X,낮음
9/5/2025,양구(556),X,31.3,31.8,24.1,17.8,81,X, ,X,낮음
9/5/2025,시흥(565),O,33.2,32.9,27,22.2,77,O,관심,X,낮음
9/5/2025,구리(569),X,32.7,32.7,26.7,22.2,71,X,관심,X,낮음
9/5/2025,화성(571),O,33.2,33.2,27.5,23.6,73,O,관심,X,낮음
9/5/2025,성남(572),X,31.7,31.5,26.6,21.7,73,X,관심,X,낮음
9/5/2025,과천(590),X,32.6,32.2,26.2,21,80,X,관심,X,낮음
9/5/2025,양주(598),O,33.5,33.6,26.4,20.7,80,X,관심,X,낮음
9/5/2025,단양(601),X,32.5,33,25.8,19.6,74,X,관심,X,낮음
9/5/2025,진천(602),X,32.7,32.7,25.9,20.2,80,X,관심,X,낮음
9/5/2025,괴산(603),O,33.6,33.2,26.1,19.9,82,X,관심,X,낮음
9/5/2025,옥천(604),O,33.9,33.6,27.7,21.9,76,O,관심,X,낮음
9/5/2025,홍북(608),X,,,,,,X,관심,X,낮음
9/5/2025,공주(612),O,33.1,33,27.1,22.1,79,O,관심,X,낮음
9/5/2025,서천(614),X,32.6,31.2,26.6,22.5,85,X,관심,X,낮음
9/5/2025,논산(615),O,33,32.8,27.2,22.2,76,O,관심,X,낮음
9/5/2025,당진(616),O,33.8,33,27.2,22.9,80,X,관심,X,낮음
9/5/2025,청양(618),O,33.5,32.9,25.9,21.2,86,X,관심,X,낮음
9/5/2025,음성(619),O,33.1,32.7,26,19.7,80,X,관심,X,낮음
9/5/2025,증평(623),X,32.6,33,27.3,21.9,71,X,관심,X,낮음
9/5/2025,태안(627),X,32.9,31.3,27.1,22.7,86,X,관심,X,낮음
9/5/2025,예산(628),O,33.7,33,27.4,22.8,80,X,관심,O,낮음
9/5/2025,아산(634),O,34.2,33.8,27.9,23.2,76,X,관심,X,낮음
9/5/2025,계룡(636),O,33,32.1,25.7,20.4,85,X,관심,X,낮음
9/5/2025,연천청산(652),X,32.7,32.6,25.6,20.6,78,X,관심,X,낮음
9/5/2025,양양(670),X,29.5,27.8,24.1,20.9,87,X, ,X,낮음
9/5/2025,무안(699),O,33.6,33.3,27.6,22.9,81,O,주의,X,낮음
9/5/2025,무주(701),X,32.3,31.9,25.7,21.2,84,X,관심,X,낮음
9/5/2025,익산(702),O,33.8,32.8,27.4,22.9,82,O,주의,X,낮음
9/5/2025,진안(703),X,31.8,31.2,25.5,21.8,85,X,관심,X,낮음
9/5/2025,담양(706),O,33.8,32.7,27,22.8,87,O,주의,X,낮음
9/5/2025,구례(709),O,34.6,33.6,27.4,23.7,87,O,주의,X,낮음
9/5/2025,나주(710),O,33.3,32.9,26.8,22.2,85,O,주의,X,낮음
9/5/2025,순천시(712),O,33.1,32.3,27.6,24.4,78,O,주의,X,낮음
9/5/2025,광양읍(713),O,35.2,34.7,28.2,23.7,81,O,주의,X,낮음
9/5/2025,장성(730),O,34.1,33.8,27.6,23,83,O,주의,X,낮음
9/5/2025,영암(731),O,34.2,33.4,27,23.1,86,O,주의,O,낮음
9/5/2025,보성(732),X,32.1,31.7,26.1,21.9,83,O,주의,X,낮음
9/5/2025,완주(734),O,33.9,32.9,26.9,22.3,83,O,주의,X,낮음
9/5/2025,김제(737),O,33.8,33,27.6,23.4,85,O,주의,X,낮음
9/5/2025,화순(741),O,34.1,33.4,27,22.5,83,O,주의,X,낮음
9/5/2025,함평(754),O,33.5,33.4,27.7,22.6,79,O,주의,X,낮음
9/5/2025,곡성(768),O,34.7,33.8,26.8,22.8,90,O,주의,X,낮음
9/5/2025,압해도(789),O,34.2,33.6,28.2,24.1,80,O,주의,O,낮음
9/5/2025,영양(801),X,32.7,34.5,25.7,20.5,70,X, ,X,낮음
9/5/2025,성주(810),O,33.5,33.8,27.4,24.1,78,O,주의,X,낮음
9/5/2025,고령(812),O,33,32.9,27,22.9,88,O,주의,X,낮음
9/5/2025,청도(813),O,33.4,33.3,27.3,23.8,83,O,주의,X,낮음
9/5/2025,예천(815),O,33.2,33.8,27.2,21,70,O,주의,X,낮음
9/5/2025,김천(822),O,33.5,33.6,26.6,23.2,78,O,주의,X,낮음
9/5/2025,군위(823),O,34,34.4,27.5,23.2,76,O,주의,X,낮음
9/5/2025,군위(823),O,34,34.4,27.5,23.2,76,O,주의,X,낮음
9/5/2025,군위(823),O,34,34.4,27.5,23.2,76,O,주의,X,낮음
9/5/2025,군위(823),O,34,34.4,27.5,23.2,76,O,주의,X,낮음
9/5/2025,군위(823),O,34,34.4,27.5,23.2,76,O,주의,X,낮음
9/5/2025,군위(823),O,34,34.4,27.5,23.2,76,O,주의,X,낮음
9/5/2025,군위(823),O,34,34.4,27.5,23.2,76,O,주의,X,낮음
9/5/2025,군위(823),O,34,34.4,27.5,23.2,76,O,주의,X,낮음
9/5/2025,군위(823),O,34,34.4,27.5,23.2,76,O,주의,X,낮음
9/5/2025,군위(823),O,34,34.4,27.5,23.2,76,O,주의,X,낮음
9/5/2025,군위(823),O,34,34.4,27.5,23.2,76,O,주의,X,낮음
9/5/2025,군위(823),O,34,34.4,27.5,23.2,76,O,주의,X,낮음
9/5/2025,군위(823),O,34,34.4,27.5,23.2,76,O,주의,X,낮음
9/5/2025,군위(823),O,34,34.4,27.5,23.2,76,O,주의,X,낮음
9/5/2025,군위(823),O,34,34.4,27.5,23.2,76,O,주의,X,낮음
9/5/2025,군위(823),O,34,34.4,27.5,23.2,76,O,주의,X,낮음
9/5/2025,군위(823),O,34,34.4,27.5,23.2,76,O,주의,X,낮음
9/5/2025,군위(823),O,34,34.4,27.5,23.2,76,O,주의,X,낮음
9/5/2025,군위(823),O,34,34.4,27.5,23.2,76,O,주의,X,낮음
9/5/2025,군위(823),O,34,34.4,27.5,23.2,76,O,주의,X,낮음
9/5/2025,군위(823),O,34,34.4,27.5,23.2,76,O,주의,X,낮음
9/5/2025,군위(823),O,34,34.4,27.5,23.2,76,O,주의,X,낮음
9/5/2025,군위(823),O,34,34.4,27.5,23.2,76,O,주의,X,낮음
9/5/2025,군위(823),O,34,34.4,27.5,23.2,76,O,주의,X,낮음
9/5/2025,군위(823),O,34,34.4,27.5,23.2,76,O,주의,X,낮음
9/5/2025,군위(823),O,34,34.4,27.5,23.2,76,O,주의,X,낮음
9/5/2025,군위(823),O,34,34.4,27.5,23.2,76,O,주의,X,낮음
9/5/2025,군위(823),O,34,34.4,27.5,23.2,76,O,주의,X,낮음
9/5/2025,군위(823),O,34,34.4,27.5,23.2,76,O,주의,X,낮음
9/5/2025,군위(823),O,34,34.4,27.5,23.2,76,O,주의,X,낮음
9/5/2025,군위(823),O,34,34.4,27.5,23.2,76,O,주의,X,낮음
9/5/2025,군위(823),O,34,34.4,27.5,23.2,76,O,주의,X,낮음
9/5/2025,칠곡(825),O,33.4,33.8,27.8,24.6,80,O,주의,X,낮음
9/5/2025,경산(827),O,33.9,34.8,27.7,23,71,O,주의,X,낮음
9/5/2025,삼척(876),X,31,29.8,25.7,22.6,79,X,관심,X,낮음
9/5/2025,속초(90),X,29.7,28.3,25.1,21.9,80.1,X, ,X,낮음
9/5/2025,삼천포(907),O,33.1,31.9,26.5,23,81,O,주의,X,낮음
9/5/2025,고성(918),O,33,31.7,26.7,23,84,O,관심,X,낮음
9/5/2025,창녕(919),O,33.7,33.4,28,24.2,76,O,주의,X,낮음
9/5/2025,함안(920),O,33.6,33.9,26.6,22.2,82,O,주의,X,낮음
9/5/2025,북춘천(93),X,32.6,32.5,25.6,19.2,80.5,X,관심,X,낮음
9/5/2025,하동(932),O,33.3,33,27.8,23.4,77,O,주의,X,낮음
9/5/2025,철원(95),X,32.3,32,25.7,19.7,81.3,X,관심,X,낮음
9/5/2025,동두천(98),X,32.5,31.7,26.1,20.7,82.3,X,관심,X,낮음
9/5/2025,파주(99),X,32.6,31.7,25.8,21.2,85.4,O,관심,X,낮음
9/6/2025,북강릉(104),O,33.6,33.4,28.9,22.6,70.9,O,관심,X,낮음
9/6/2025,동해(106),O,34.4,34.8,28.1,22.3,72.5,O,관심,O,낮음
9/6/2025,서울(108),X,31.8,30.4,26.8,25.4,86.6,O,주의,X,낮음
9/6/2025,인천(112),X,32.4,30,26.5,24.7,92.4,X,관심,X,낮음
9/6/2025,원주(114),X,32.6,32.1,26.5,24.1,84.3,O,주의,X,낮음
9/6/2025,울릉도(115),X,31.9,30.3,27,22.8,80.5,X, ,O,낮음
9/6/2025,수원(119),X,31.9,29.9,25.8,24,89.5,X,관심,X,낮음
9/6/2025,영월(121),X,32,31.3,25.6,22.1,87,X,관심,X,낮음
9/6/2025,충주(127),O,33.5,33.3,27.4,23.6,78,O,관심,X,낮음
9/6/2025,서산(129),X,32.5,30.2,26.2,23.7,94.5,O,관심,X,낮음
9/6/2025,울진(130),O,34.1,34.9,28.5,22.8,69.3,O,관심,O,낮음
9/6/2025,청주(131),O,33.3,33.6,28.6,24.4,71.1,O,주의,X,낮음
9/6/2025,대전(133),O,33,32.4,28,22.6,76.3,O,주의,X,낮음
9/6/2025,추풍령(135),X,31.8,31.3,26.4,22.7,80.9,O,주의,X,낮음
9/6/2025,안동(136),O,33.6,33.3,27.2,21.6,77.8,O,주의,X,낮음
9/6/2025,상주(137),O,33.9,33.1,27.4,22.7,78.9,O,주의,X,낮음
9/6/2025,포항(138),O,33.7,34.9,29.6,24.7,62.4,O,관심,O,낮음
9/6/2025,군산(140),O,33.3,32.5,27.8,23.4,82.5,O,주의,X,낮음
9/6/2025,대구(143),O,33.6,34.1,28.4,23,70.3,O,주의,X,낮음
9/6/2025,전주(146),O,33.4,32.3,27.7,23.5,79.9,O,주의,X,낮음
9/6/2025,울산(152),X,32.8,33,27.9,22.3,69.9,X, ,O,낮음
9/6/2025,창원(155),O,33.2,32,27.6,23.9,83.4,O,주의,O,낮음
9/6/2025,광주(156),O,33.5,32.3,28.3,24.8,79.8,O,주의,X,낮음
9/6/2025,부산(159),O,33.2,31.9,28.6,25.3,73.8,X, ,O,낮음
9/6/2025,통영(162),X,32.8,31.7,27.7,23.6,80.1,O,주의,O,낮음
9/6/2025,목포(165),O,33.3,32.1,28.9,26.1,84,O,주의,O,낮음
9/6/2025,여수(168),X,32.6,31.1,28,25.3,80.6,O,주의,O,낮음
9/6/2025,흑산도(169),O,35.8,33.9,29.4,26,83.1,O,주의,O,낮음
9/6/2025,완도(170),O,34.2,33.4,28.7,25,81.4,O,경고,O,낮음
9/6/2025,고창(172),O,33.6,32.1,28.6,25.4,83.1,O,주의,O,낮음
9/6/2025,제주(184),O,34.4,34.6,30.2,26.5,63.8,O,주의,O,낮음
9/6/2025,진주(192),O,33.2,31.7,27,22.3,85.1,O,주의,O,낮음
9/6/2025,양평(202),X,30.5,28.7,24.9,23.1,92.8,O,관심,X,낮음
9/6/2025,이천(203),X,32.2,30.6,26.2,23.3,90.9,O,주의,X,낮음
9/6/2025,인제(211),X,28.8,26.7,24.2,21.7,90.9,X, ,X,낮음
9/6/2025,홍천(212),X,30.7,29.3,25,22.9,91.8,O,관심,X,낮음
9/6/2025,태백(216),X,29,28.8,25,21,71,X, ,X,낮음
9/6/2025,정선군(217),X,32.8,32.6,26.7,21.9,78.1,O, ,X,낮음
9/6/2025,제천(221),X,31.1,30.3,25.3,22.4,91.3,O,관심,X,낮음
9/6/2025,보은(226),X,32.6,32.2,26.6,22.6,80.4,X,관심,X,낮음
9/6/2025,천안(232),X,32.9,31.8,26.6,23.3,86,O,관심,X,낮음
9/6/2025,보령(235),O,33.2,31.5,27.2,23,85.8,O,관심,X,낮음
9/6/2025,부여(236),O,33.2,32.1,28,22.3,83.3,O,관심,X,낮음
9/6/2025,금산(238),X,32,31.4,26.9,22.8,80.1,X,관심,X,낮음
9/6/2025,세종(239),X,32.6,31.5,26.9,22.7,82.8,O,주의,X,낮음
9/6/2025,부안(243),O,33,32.4,28.3,24.5,78.8,O,주의,X,낮음
9/6/2025,임실(244),X,32.6,31.4,26.4,23.5,85.8,O,주의,X,낮음
9/6/2025,정읍(245),O,33.5,32.7,28.8,24.9,77,O,주의,X,낮음
9/6/2025,남원(247),O,33,31.6,27.1,23.5,85.9,O,주의,X,낮음
9/6/2025,장수(248),X,30.9,30,26.1,22.9,81.1,X,관심,X,낮음
9/6/2025,영광군(252),O,34,32.9,28.6,25,77.3,O,주의,O,낮음
9/6/2025,김해시(253),O,34,32.9,27.7,22.9,80.8,O,주의,O,낮음
9/6/2025,순창군(254),O,33.3,32.8,27.9,23.8,79.1,O,주의,X,낮음
9/6/2025,양산시(257),O,34.3,33.1,28.4,23.4,80.6,O,주의,O,낮음
9/6/2025,강진군(259),O,34.3,33.6,28.6,25.1,81.8,O,주의,O,낮음
9/6/2025,장흥(260),O,33.6,32.9,27.6,23.7,85,O,주의,X,낮음
9/6/2025,해남(261),O,33.8,32.6,28.2,24.3,84.1,O,주의,O,낮음
9/6/2025,고흥(262),O,34,33.4,28.2,23.4,80.8,O,주의,O,낮음
9/6/2025,의령군(263),X,32.8,31.7,26.8,21.6,83.3,O,주의,X,낮음
9/6/2025,함양군(264),O,33,32.4,27.6,24.2,80.8,O,주의,X,낮음
9/6/2025,진도군ASOS(268),O,33.5,32.7,28.7,25,82.3,O,주의,O,낮음
9/6/2025,봉화(271),X,31.4,31.1,25.2,19.3,78.6,O,주의,X,낮음
9/6/2025,영주(272),X,32.3,31.7,25.8,20.6,79,O,관심,X,낮음
9/6/2025,문경(273),O,33.3,32.8,26.4,22.4,80.1,O,관심,X,낮음
9/6/2025,청송군(276),O,34.5,35,27.7,22.4,78.3,O,주의,X,낮음
9/6/2025,영덕(277),O,34.4,36.3,28.6,21.9,65.9,O,주의,X,낮음
9/6/2025,의성(278),O,33.9,34.4,27.3,23.4,75.9,O,주의,X,낮음
9/6/2025,구미(279),O,33.7,33.8,27.9,23.7,77.9,O,주의,X,낮음
9/6/2025,영천(281),O,33.2,33.8,28.2,22.4,71.3,O,주의,X,낮음
9/6/2025,경주시(283),O,34.1,34.7,28.4,22.6,70.6,O,주의,O,낮음
9/6/2025,거창(284),X,32.9,32.5,27.2,23.3,78.6,O,주의,X,낮음
9/6/2025,합천(285),O,33.5,32.5,27.6,23,84.1,O,주의,X,낮음
9/6/2025,밀양(288),O,34.4,34.3,28,23,78.4,O,주의,O,낮음
9/6/2025,산청(289),O,33.9,32.7,26.6,23,88.3,O,주의,X,낮음
9/6/2025,거제(294),X,31.9,30.3,26.9,23.1,82.5,O,주의,O,낮음
9/6/2025,남해(295),X,32.9,31.3,27.3,23.4,81.9,O,주의,O,낮음
9/6/2025,부천(433),X,32.5,31.1,26.6,24.9,88,X,관심,X,낮음
9/6/2025,안양(434),X,,29.9,26.4,24.9,,X,관심,X,낮음
9/6/2025,광명(437),X,32.8,32,27,25.4,85,X,관심,O,낮음
9/6/2025,군포(438),X,31.7,30,26,24.3,86,X,관심,X,낮음
9/6/2025,김포(441),O,33.1,31.1,26.5,23.6,93,O,주의,X,낮음
9/6/2025,하남(444),X,32.8,30.4,26,24.1,94,O,주의,X,낮음
9/6/2025,의왕(445),X,32.5,29.9,25.7,23.6,96,X,관심,X,낮음
9/6/2025,포천(504),X,31,28.8,25.2,23.1,95,X,관심,X,낮음
9/6/2025,가평조종(505),X,32.1,30.3,24.8,22.9,99,O,관심,X,낮음
9/6/2025,안성(516),O,33.8,33.1,27.2,24.1,85,O,주의,X,낮음
9/6/2025,간성(517),X,30.9,30.2,26,21.7,82,X, ,X,낮음
9/6/2025,평창(526),X,31.3,30.6,24.6,21.6,88,X, ,X,낮음
9/6/2025,의정부(532),X,32.2,30.8,25.6,24,93,X,관심,X,낮음
9/6/2025,횡성(536),X,30.7,29.5,24.8,22.7,92,O, ,X,낮음
9/6/2025,고양(540),O,33.5,31.6,25.5,23.2,93,O,주의,X,낮음
9/6/2025,남양주(541),O,33.2,31.8,26.4,24.1,89,X,관심,X,낮음
9/6/2025,안산(545),O,33.2,30.9,26.3,23,93,X,관심,X,낮음
9/6/2025,경기광주(546),X,30.7,28.1,24.4,22.7,94,O,관심,X,낮음
9/6/2025,여주(548),X,32.4,31.1,25.9,23.7,90,O,주의,X,낮음
9/6/2025,용인(549),X,32.8,30.6,25.6,23.5,92,O,주의,X,낮음
9/6/2025,오산(550),O,33.1,31.6,25.6,23.1,91,O,주의,X,낮음
9/6/2025,평택(551),O,33.1,32.2,26.5,23.6,92,O,주의,X,낮음
9/6/2025,화천(555),X,30.9,28.7,24.8,22.9,96,X, ,X,낮음
9/6/2025,양구(556),X,29.6,27.6,24.1,22.3,92,X, ,X,낮음
9/6/2025,시흥(565),X,32.7,31.1,26.5,23.8,90,O,주의,X,낮음
9/6/2025,구리(569),X,32.5,31.1,26,24,88,X,관심,X,낮음
9/6/2025,화성(571),O,33,31,26.3,23.8,91,O,주의,X,낮음
9/6/2025,성남(572),X,31.3,29.8,25.8,24.1,84,O,관심,X,낮음
9/6/2025,과천(590),X,32.3,30.7,26.2,23.2,91,X,관심,X,낮음
9/6/2025,양주(598),X,31.5,29.3,25.6,23.6,95,X,관심,X,낮음
9/6/2025,단양(601),X,32.1,32.5,26.5,21.7,79,X,관심,X,낮음
9/6/2025,진천(602),X,32.7,31.9,26.5,22.8,81,O,관심,X,낮음
9/6/2025,괴산(603),O,33,32.8,27.1,22.4,81,X,관심,X,낮음
9/6/2025,옥천(604),O,33.5,33.1,27,23.1,80,O,주의,X,낮음
9/6/2025,홍북(608),X,,,,,,O,관심,X,낮음
9/6/2025,공주(612),X,32.8,32,27.3,22.9,84,O,주의,X,낮음
9/6/2025,서천(614),X,32.6,30.9,27.1,23,88,X,관심,X,낮음
9/6/2025,논산(615),X,32.8,31.9,27.4,22,80,O,주의,X,낮음
9/6/2025,당진(616),O,33,31,26.2,23.8,92,O,관심,X,낮음
9/6/2025,청양(618),O,33.3,32.5,26.7,22.5,86,O,관심,X,낮음
9/6/2025,음성(619),X,32.9,31.8,26.4,22.7,85,O,관심,X,낮음
9/6/2025,증평(623),X,32.5,32,26.8,23.6,80,X,관심,X,낮음
9/6/2025,태안(627),O,33.3,30.6,26.6,23.9,92,O,관심,X,낮음
9/6/2025,예산(628),X,32.8,31.7,26.9,23.4,84,O,관심,X,낮음
9/6/2025,아산(634),O,34.6,34,27,23.3,84,O,관심,X,낮음
9/6/2025,계룡(636),X,32.3,31.1,26.4,21.5,86,O,관심,X,낮음
9/6/2025,연천청산(652),X,31.3,29.4,25.1,23.3,90,X,관심,X,낮음
9/6/2025,양양(670),X,32.8,32.3,27.3,22.7,77,O, ,X,낮음
9/6/2025,무안(699),O,33.7,32.6,28.3,24.7,84,O,주의,O,낮음
9/6/2025,무주(701),X,31.3,30.6,26.2,22.5,81,X,관심,X,낮음
9/6/2025,익산(702),O,33.4,32,27.3,23.4,83,O,주의,X,낮음
9/6/2025,진안(703),X,31.3,29.9,25.5,22,84,X,관심,X,낮음
9/6/2025,담양(706),O,33.5,31.8,27.3,23.6,88,O,주의,X,낮음
9/6/2025,구례(709),O,33.3,31.9,27.1,23.9,90,O,주의,X,낮음
9/6/2025,나주(710),O,33.2,32.2,27.4,23.4,85,O,주의,O,낮음
9/6/2025,순천시(712),O,33.2,32.1,27.8,24.4,80,O,주의,X,낮음
9/6/2025,광양읍(713),O,33.8,32.7,27.5,23.9,90,O,주의,X,낮음
9/6/2025,장성(730),O,33.6,32.6,28.5,24.4,82,O,주의,X,낮음
9/6/2025,영암(731),O,33.6,32.2,28.4,25.5,82,O,주의,O,낮음
9/6/2025,보성(732),X,32.1,31.2,26.6,23.1,84,O,주의,X,낮음
9/6/2025,완주(734),O,33,31.9,26.9,22.3,81,O,주의,X,낮음
9/6/2025,김제(737),O,33.7,32.5,27.9,24.9,83,O,주의,X,낮음
9/6/2025,화순(741),O,33.1,32,27.6,23.6,81,O,주의,X,낮음
9/6/2025,함평(754),O,33.4,32.2,28.1,24.5,82,O,주의,O,낮음
9/6/2025,곡성(768),O,34.5,32.9,25.9,23,94,O,주의,X,낮음
9/6/2025,압해도(789),O,33.7,32,28.2,25.8,86,O,주의,O,낮음
9/6/2025,영양(801),X,32.7,33.1,27.1,21,75,X,관심,X,낮음
9/6/2025,성주(810),O,34.2,34.3,28.2,23.1,78,O,주의,X,낮음
9/6/2025,고령(812),O,33.5,32.7,27.1,22.3,88,O,주의,X,낮음
9/6/2025,청도(813),O,33.7,33.4,26.4,22.3,90,O,주의,X,낮음
9/6/2025,예천(815),O,33.3,32.9,26.8,22.1,81,O,주의,X,낮음
9/6/2025,김천(822),X,32.7,32.9,27.3,23,76,O,주의,X,낮음
9/6/2025,군위(823),O,33.9,33.4,27.6,23.1,82,O,주의,X,낮음
9/6/2025,군위(823),O,33.9,33.4,27.6,23.1,82,O,주의,X,낮음
9/6/2025,군위(823),O,33.9,33.4,27.6,23.1,82,O,주의,X,낮음
9/6/2025,군위(823),O,33.9,33.4,27.6,23.1,82,O,주의,X,낮음
9/6/2025,군위(823),O,33.9,33.4,27.6,23.1,82,O,주의,X,낮음
9/6/2025,군위(823),O,33.9,33.4,27.6,23.1,82,O,주의,X,낮음
9/6/2025,군위(823),O,33.9,33.4,27.6,23.1,82,O,주의,X,낮음
9/6/2025,군위(823),O,33.9,33.4,27.6,23.1,82,O,주의,X,낮음
9/6/2025,군위(823),O,33.9,33.4,27.6,23.1,82,O,주의,X,낮음
9/6/2025,군위(823),O,33.9,33.4,27.6,23.1,82,O,주의,X,낮음
9/6/2025,군위(823),O,33.9,33.4,27.6,23.1,82,O,주의,X,낮음
9/6/2025,군위(823),O,33.9,33.4,27.6,23.1,82,O,주의,X,낮음
9/6/2025,군위(823),O,33.9,33.4,27.6,23.1,82,O,주의,X,낮음
9/6/2025,군위(823),O,33.9,33.4,27.6,23.1,82,O,주의,X,낮음
9/6/2025,군위(823),O,33.9,33.4,27.6,23.1,82,O,주의,X,낮음
9/6/2025,군위(823),O,33.9,33.4,27.6,23.1,82,O,주의,X,낮음
9/6/2025,군위(823),O,33.9,33.4,27.6,23.1,82,O,주의,X,낮음
9/6/2025,군위(823),O,33.9,33.4,27.6,23.1,82,O,주의,X,낮음
9/6/2025,군위(823),O,33.9,33.4,27.6,23.1,82,O,주의,X,낮음
9/6/2025,군위(823),O,33.9,33.4,27.6,23.1,82,O,주의,X,낮음
9/6/2025,군위(823),O,33.9,33.4,27.6,23.1,82,O,주의,X,낮음
9/6/2025,군위(823),O,33.9,33.4,27.6,23.1,82,O,주의,X,낮음
9/6/2025,군위(823),O,33.9,33.4,27.6,23.1,82,O,주의,X,낮음
9/6/2025,군위(823),O,33.9,33.4,27.6,23.1,82,O,주의,X,낮음
9/6/2025,군위(823),O,33.9,33.4,27.6,23.1,82,O,주의,X,낮음
9/6/2025,군위(823),O,33.9,33.4,27.6,23.1,82,O,주의,X,낮음
9/6/2025,군위(823),O,33.9,33.4,27.6,23.1,82,O,주의,X,낮음
9/6/2025,군위(823),O,33.9,33.4,27.6,23.1,82,O,주의,X,낮음
9/6/2025,군위(823),O,33.9,33.4,27.6,23.1,82,O,주의,X,낮음
9/6/2025,군위(823),O,33.9,33.4,27.6,23.1,82,O,주의,X,낮음
9/6/2025,군위(823),O,33.9,33.4,27.6,23.1,82,O,주의,X,낮음
9/6/2025,군위(823),O,33.9,33.4,27.6,23.1,82,O,주의,X,낮음
9/6/2025,칠곡(825),O,34,33.2,28.2,23.8,85,O,주의,X,낮음
9/6/2025,경산(827),O,34.1,34.6,28.2,23,75,O,주의,X,낮음
9/6/2025,삼척(876),O,34.9,36.5,29.7,22.9,64,O,관심,O,낮음
9/6/2025,속초(90),X,31.2,30.6,26.8,23,78.9,X, ,X,낮음
9/6/2025,삼천포(907),O,33.6,31.6,26.4,22.6,87,O,주의,X,낮음
9/6/2025,고성(918),X,32.6,30.7,26.6,22.5,88,O,주의,X,낮음
9/6/2025,창녕(919),O,33.7,33.2,27.9,23.1,79,O,경고,O,낮음
9/6/2025,함안(920),O,33.4,32.6,27.3,21.8,82,O,주의,X,낮음
9/6/2025,북춘천(93),X,30.7,28.1,25,23.2,95.8,X,관심,X,낮음
9/6/2025,하동(932),O,33.2,32.4,27.2,23.5,86,O,경고,X,낮음
9/6/2025,철원(95),X,30.5,28.3,25.3,23.4,94,X, ,X,낮음
9/6/2025,동두천(98),X,31.8,29,25.1,23.7,98.4,X,관심,X,낮음
9/6/2025,파주(99),X,32.5,30.2,25.5,23.8,96.4,O,주의,X,낮음
9/7/2025,북강릉(104),X,30.3,28.8,24.1,20,92.6,O,주의,X,낮음
9/7/2025,동해(106),X,30.7,30.2,26,22.1,81,O,주의,X,낮음
9/7/2025,서울(108),X,29.4,28.3,25.3,22.3,77.5,X,주의,X,낮음
9/7/2025,인천(112),X,29.1,27.4,25.1,23.2,82.1,X, ,X,낮음
9/7/2025,원주(114),X,30.4,29.4,25.1,22,83.3,X,주의,X,낮음
9/7/2025,울릉도(115),X,30.9,28.9,26.9,24.8,81.3,X,관심,X,낮음
9/7/2025,수원(119),X,29,27.5,24.3,20.2,85.3,X, ,X,낮음
9/7/2025,영월(121),X,30.3,28.9,24,20.2,90.8,X, ,X,낮음
9/7/2025,충주(127),X,30.7,29.8,24.5,19.7,81.9,X,주의,X,낮음
9/7/2025,서산(129),X,29.4,27.2,24,19.1,87.5,X,주의,X,낮음
9/7/2025,울진(130),X,30.7,29.1,26.1,23,83.3,O,주의,X,낮음
9/7/2025,청주(131),X,30.1,29.8,25.7,23,75.6,X,주의,X,낮음
9/7/2025,대전(133),X,30.8,28.6,24.4,20.9,90.5,X,주의,X,낮음
9/7/2025,추풍령(135),X,29.4,27.8,24.3,22.2,85.6,X,주의,X,낮음
9/7/2025,안동(136),X,30.6,28.8,24.9,22.5,88.1,X,주의,X,낮음
9/7/2025,상주(137),X,31.9,30,25.5,23.1,85.8,X,주의,X,낮음
9/7/2025,포항(138),X,30.5,29.3,28,26.1,72.1,O,주의,X,낮음
9/7/2025,군산(140),X,31.1,29.3,24.2,19.5,87.5,X,주의,X,낮음
9/7/2025,대구(143),X,30.3,29.1,26.7,24.7,81.6,O,주의,X,낮음
9/7/2025,전주(146),X,31.6,29.8,25,21.9,86.8,X,주의,X,낮음
9/7/2025,울산(152),X,32.3,32,28.5,25.3,69.6,X, ,X,낮음
9/7/2025,창원(155),O,34.4,33.2,27.6,24.6,85.5,O,주의,X,낮음
9/7/2025,광주(156),X,30.4,27.7,25.9,23.4,89,X,주의,X,낮음
9/7/2025,부산(159),O,33.9,33.2,28.6,26.5,76.5,X, ,O,낮음
9/7/2025,통영(162),O,33,31.7,27.1,24.8,82.8,O,주의,X,낮음
9/7/2025,목포(165),X,31.5,29.2,27.1,24.8,92.5,O,주의,X,낮음
9/7/2025,여수(168),X,32.4,30.5,26.8,25.6,88.8,O,주의,X,낮음
9/7/2025,흑산도(169),X,32.3,29.8,27,25.1,88.5,O,경고,X,낮음
9/7/2025,완도(170),O,34.4,33.3,28.4,25.3,82.3,O,경고,X,낮음
9/7/2025,고창(172),X,32,29.6,25.8,21.7,92.4,X,주의,X,낮음
9/7/2025,제주(184),O,35.2,34.9,29.7,27.4,72.8,O,주의,O,낮음
9/7/2025,진주(192),X,32.9,31.5,26.7,24.2,88.9,O,주의,X,낮음
9/7/2025,양평(202),X,29.8,29.5,24.9,20.5,81.6,X,주의,X,낮음
9/7/2025,이천(203),X,31.3,29.9,25,20.5,87.4,X,주의,X,낮음
9/7/2025,인제(211),X,29.3,29.3,24.2,18.7,78.3,X, ,X,낮음
9/7/2025,홍천(212),X,29.8,29.6,24.6,20.8,83.4,X,주의,X,낮음
9/7/2025,태백(216),X,28.1,27.5,22.8,15.5,76.6,X, ,X,낮음
9/7/2025,정선군(217),X,30.2,29.3,24.8,20.5,84.9,X,주의,X,낮음
9/7/2025,제천(221),X,29.4,27.4,23.2,18.5,92.3,X,주의,X,낮음
9/7/2025,보은(226),X,30.5,28.9,23.9,19.6,91.4,X,관심,X,낮음
9/7/2025,천안(232),X,29.8,27.8,24,19.3,92,X,주의,X,낮음
9/7/2025,보령(235),X,31.2,29.3,24.7,19.7,86.5,X,주의,X,낮음
9/7/2025,부여(236),X,30.8,29.4,24,18.6,90.4,X,주의,X,낮음
9/7/2025,금산(238),X,30.7,29.1,24.3,19.7,90,X, ,X,낮음
9/7/2025,세종(239),X,30.3,28.7,24.2,20.2,91,X,주의,X,낮음
9/7/2025,부안(243),X,31.3,29.5,24.6,20.6,87.9,X,주의,X,낮음
9/7/2025,임실(244),X,29.6,27,23.8,20.5,93,X,주의,X,낮음
9/7/2025,정읍(245),X,31.4,29.5,25.5,21,87.6,X,주의,X,낮음
9/7/2025,남원(247),X,29.5,27.1,25.2,22.5,90.9,X,주의,X,낮음
9/7/2025,장수(248),X,29.2,27.4,22.9,19.5,94.1,X, ,X,낮음
9/7/2025,영광군(252),X,31.8,30.1,,22.9,,X,주의,X,낮음
9/7/2025,김해시(253),O,34.5,33.4,28,25.1,83.8,O,주의,X,낮음
9/7/2025,순창군(254),X,29.9,27.9,25.1,21.5,90.1,X,주의,X,낮음
9/7/2025,양산시(257),O,35.3,34.6,28.6,24.7,85.1,O,주의,O,낮음
9/7/2025,강진군(259),O,34.7,33.7,27.1,24.6,90.1,O,주의,X,낮음
9/7/2025,장흥(260),X,32.8,31.4,26.5,24.7,92.4,O,주의,X,낮음
9/7/2025,해남(261),O,33.9,32.4,26.7,24.1,92.1,O,주의,X,낮음
9/7/2025,고흥(262),O,34.5,33.3,27.3,25,87.1,O,주의,X,낮음
9/7/2025,의령군(263),X,32,30.4,26.2,23.5,87,O,주의,X,낮음
9/7/2025,함양군(264),X,30.3,28.2,25.3,23.4,89.1,O,주의,X,낮음
9/7/2025,진도군ASOS(268),O,33.3,31.7,27,24,91,O,주의,X,낮음
9/7/2025,봉화(271),X,30.1,29.7,23.7,16.7,83.8,X,주의,X,낮음
9/7/2025,영주(272),X,29.7,28.7,24.4,19.3,82.6,X,주의,X,낮음
9/7/2025,문경(273),X,31.3,30.1,25,19.8,83.8,O,관심,X,낮음
9/7/2025,청송군(276),X,31.7,29.9,25.4,21.3,91.6,X,주의,X,낮음
9/7/2025,영덕(277),X,31.3,30.5,26,22.3,79.3,O,주의,X,낮음
9/7/2025,의성(278),X,31.2,29.7,25.7,22.2,90,X,주의,X,낮음
9/7/2025,구미(279),X,31.1,29.3,25.5,22.9,89.3,O,주의,X,낮음
9/7/2025,영천(281),X,30.1,27.8,26.1,24.2,87,O,주의,X,낮음
9/7/2025,경주시(283),X,31.2,30.1,27.5,24.6,77.5,O,주의,X,낮음
9/7/2025,거창(284),X,29.6,27.3,24.8,22.6,88.3,O,주의,X,낮음
9/7/2025,합천(285),X,30.9,28.3,26.1,24.3,94.1,O,주의,X,낮음
9/7/2025,밀양(288),O,33.6,32.6,28.3,25.5,81,O,주의,X,낮음
9/7/2025,산청(289),X,29.5,26.4,24.8,23.4,97.6,O,주의,X,낮음
9/7/2025,거제(294),X,32.2,30.6,27.8,25.7,79,O,주의,X,낮음
9/7/2025,남해(295),O,33.3,32.5,27.1,24.2,85,O,주의,X,낮음
9/7/2025,부천(433),X,29.6,29.3,25.7,22.1,75,X, ,X,낮음
9/7/2025,안양(434),X,,28,25.1,22.5,,X, ,X,낮음
9/7/2025,광명(437),X,30.1,29.6,26,23.4,74,X, ,X,낮음
9/7/2025,군포(438),X,29.3,28.9,24.9,21.7,78,X, ,X,낮음
9/7/2025,김포(441),X,29.9,28.2,24.8,20.7,85,X,주의,X,낮음
9/7/2025,하남(444),X,30.4,29.6,25,20.3,89,X,주의,X,낮음
9/7/2025,의왕(445),X,30.9,29,24,19.6,92,X, ,X,낮음
9/7/2025,포천(504),X,30.2,29.5,24.6,19.1,85,X, ,X,낮음
9/7/2025,가평조종(505),X,29.9,29.4,24.3,18.7,85,X,주의,X,낮음
9/7/2025,안성(516),X,30.3,28.9,24.6,20.4,87,X,주의,X,낮음
9/7/2025,간성(517),X,28.1,26.6,24.1,19.7,81,X,관심,X,낮음
9/7/2025,평창(526),X,29.4,28.2,23.1,18.5,88,X, ,X,낮음
9/7/2025,의정부(532),X,30.3,29.5,24.6,19.5,82,X, ,X,낮음
9/7/2025,횡성(536),X,30.7,30.5,24.6,20.1,86,X,주의,X,낮음
9/7/2025,고양(540),X,30.2,29.5,24.1,18.7,85,X,주의,X,낮음
9/7/2025,남양주(541),X,31.2,30.8,25.3,20.5,81,X, ,X,낮음
9/7/2025,안산(545),X,30.3,28.8,24.2,18.8,92,X, ,X,낮음
9/7/2025,경기광주(546),X,29.9,28.6,24,19.5,87,X,주의,X,낮음
9/7/2025,여주(548),X,30.8,29.6,24.5,20.6,87,X,주의,X,낮음
9/7/2025,용인(549),X,31,30,24.6,20.1,84,X,주의,X,낮음
9/7/2025,오산(550),X,30.5,29.4,24.1,19,86,X,주의,X,낮음
9/7/2025,평택(551),X,30.2,28.3,24.5,20.8,88,X,주의,X,낮음
9/7/2025,화천(555),X,30.3,30.5,24.5,19.7,82,X, ,X,낮음
9/7/2025,양구(556),X,29.7,29.5,23.7,18.3,79,X, ,X,낮음
9/7/2025,시흥(565),X,29.7,28.5,24.6,19.6,84,X,주의,X,낮음
9/7/2025,구리(569),X,30.2,29.7,24.7,20.6,79,X, ,X,낮음
9/7/2025,화성(571),X,29.6,28.1,24.6,20.6,85,X,주의,X,낮음
9/7/2025,성남(572),X,29.5,28.5,24.6,20.6,81,X,주의,X,낮음
9/7/2025,과천(590),X,29.7,28.4,24.4,19.8,87,X, ,X,낮음
9/7/2025,양주(598),X,29.2,29.3,24.3,18.8,83,X, ,X,낮음
9/7/2025,단양(601),X,29.8,28.7,24.4,19.2,85,X,관심,X,낮음
9/7/2025,진천(602),X,29.6,28.2,23.9,19.4,84,X,주의,X,낮음
9/7/2025,괴산(603),X,30.4,29.3,23.8,18.1,88,X,관심,X,낮음
9/7/2025,옥천(604),X,30.5,28.5,24.4,20.8,91,X,주의,X,낮음
9/7/2025,홍북(608),X,,,,,,X,주의,X,낮음
9/7/2025,공주(612),X,30.8,29.4,24.1,18.9,89,X,주의,X,낮음
9/7/2025,서천(614),X,31.2,29.5,23.6,18.1,92,X, ,X,낮음
9/7/2025,논산(615),X,31.1,29.4,23.9,19.8,90,X,주의,X,낮음
9/7/2025,당진(616),X,29.7,28.1,24.1,19.5,89,X,주의,X,낮음
9/7/2025,청양(618),X,30.2,28.9,23.6,17.3,91,X,주의,X,낮음
9/7/2025,음성(619),X,30.1,28.5,23.5,18.3,89,X,주의,X,낮음
9/7/2025,증평(623),X,30,28.8,24.2,19.2,83,X,관심,X,낮음
9/7/2025,태안(627),X,29,26.7,23.8,18.8,88,X,주의,X,낮음
9/7/2025,예산(628),X,30,28.2,24.5,19.6,85,X,주의,X,낮음
9/7/2025,아산(634),X,30.3,28.8,24.2,19.6,86,X,주의,X,낮음
9/7/2025,계룡(636),X,30.4,28.2,22.6,15,94,X,주의,X,낮음
9/7/2025,연천청산(652),X,29.3,29,24,19,81,X, ,X,낮음
9/7/2025,양양(670),X,29.4,27.5,24.6,19.7,84,O,주의,X,낮음
9/7/2025,무안(699),X,31.8,29.3,26.7,24.1,93,X,주의,X,낮음
9/7/2025,무주(701),X,30.5,28.8,23.9,19.5,89,X, ,X,낮음
9/7/2025,익산(702),X,32,30.1,24.4,20.8,89,X,주의,X,낮음
9/7/2025,진안(703),X,29.7,27.6,22.6,18,93,X, ,X,낮음
9/7/2025,담양(706),X,30.8,27.9,25.7,22.7,93,X,주의,X,낮음
9/7/2025,구례(709),X,32.4,29.8,25.6,24.2,97,O,주의,X,낮음
9/7/2025,나주(710),X,31.1,28.9,26,23.8,93,X,주의,X,낮음
9/7/2025,순천시(712),O,33.7,32.1,26.5,24.4,86,O,주의,X,낮음
9/7/2025,광양읍(713),O,34.3,33,26.3,24.2,96,O,경고,X,낮음
9/7/2025,장성(730),X,31.9,29.8,25.9,21.9,92,X,주의,X,낮음
9/7/2025,영암(731),X,32.3,30.4,26.8,24.7,90,O,경고,X,낮음
9/7/2025,보성(732),X,32.3,31.1,25.3,23.1,92,O,주의,X,낮음
9/7/2025,완주(734),X,31.9,29.5,23.7,19.1,93,X,주의,X,낮음
9/7/2025,김제(737),X,31.7,29.4,24.7,21.8,91,X,주의,X,낮음
9/7/2025,화순(741),X,30.9,28.5,25.9,24.2,90,O,주의,X,낮음
9/7/2025,함평(754),X,31.5,29.1,26.4,24.2,90,X,주의,X,낮음
9/7/2025,곡성(768),X,31.1,28.1,25.1,22.8,99,X,주의,X,낮음
9/7/2025,압해도(789),X,32,29.3,26.4,24.2,94,X,주의,X,낮음
9/7/2025,영양(801),X,30.5,29,25.1,20.4,86,X, ,X,낮음
9/7/2025,성주(810),X,31,28.4,25.4,23.7,94,O,주의,X,낮음
9/7/2025,고령(812),X,30.8,27.5,25.6,24.1,98,O,주의,X,낮음
9/7/2025,청도(813),X,32,29.9,26,24,93,O,주의,X,낮음
9/7/2025,예천(815),X,31.6,30.5,25.3,20.3,84,X,주의,X,낮음
9/7/2025,김천(822),X,31.3,29.8,24.5,20.9,87,O,주의,X,낮음
9/7/2025,군위(823),X,31.7,29.8,25.8,22.7,93,O,주의,X,낮음
9/7/2025,군위(823),X,31.7,29.8,25.8,22.7,93,O,주의,X,낮음
9/7/2025,군위(823),X,31.7,29.8,25.8,22.7,93,O,주의,X,낮음
9/7/2025,군위(823),X,31.7,29.8,25.8,22.7,93,O,주의,X,낮음
9/7/2025,군위(823),X,31.7,29.8,25.8,22.7,93,O,주의,X,낮음
9/7/2025,군위(823),X,31.7,29.8,25.8,22.7,93,O,주의,X,낮음
9/7/2025,군위(823),X,31.7,29.8,25.8,22.7,93,O,주의,X,낮음
9/7/2025,군위(823),X,31.7,29.8,25.8,22.7,93,O,주의,X,낮음
9/7/2025,군위(823),X,31.7,29.8,25.8,22.7,93,O,주의,X,낮음
9/7/2025,군위(823),X,31.7,29.8,25.8,22.7,93,O,주의,X,낮음
9/7/2025,군위(823),X,31.7,29.8,25.8,22.7,93,O,주의,X,낮음
9/7/2025,군위(823),X,31.7,29.8,25.8,22.7,93,O,주의,X,낮음
9/7/2025,군위(823),X,31.7,29.8,25.8,22.7,93,O,주의,X,낮음
9/7/2025,군위(823),X,31.7,29.8,25.8,22.7,93,O,주의,X,낮음
9/7/2025,군위(823),X,31.7,29.8,25.8,22.7,93,O,주의,X,낮음
9/7/2025,군위(823),X,31.7,29.8,25.8,22.7,93,O,주의,X,낮음
9/7/2025,군위(823),X,31.7,29.8,25.8,22.7,93,O,주의,X,낮음
9/7/2025,군위(823),X,31.7,29.8,25.8,22.7,93,O,주의,X,낮음
9/7/2025,군위(823),X,31.7,29.8,25.8,22.7,93,O,주의,X,낮음
9/7/2025,군위(823),X,31.7,29.8,25.8,22.7,93,O,주의,X,낮음
9/7/2025,군위(823),X,31.7,29.8,25.8,22.7,93,O,주의,X,낮음
9/7/2025,군위(823),X,31.7,29.8,25.8,22.7,93,O,주의,X,낮음
9/7/2025,군위(823),X,31.7,29.8,25.8,22.7,93,O,주의,X,낮음
9/7/2025,군위(823),X,31.7,29.8,25.8,22.7,93,O,주의,X,낮음
9/7/2025,군위(823),X,31.7,29.8,25.8,22.7,93,O,주의,X,낮음
9/7/2025,군위(823),X,31.7,29.8,25.8,22.7,93,O,주의,X,낮음
9/7/2025,군위(823),X,31.7,29.8,25.8,22.7,93,O,주의,X,낮음
9/7/2025,군위(823),X,31.7,29.8,25.8,22.7,93,O,주의,X,낮음
9/7/2025,군위(823),X,31.7,29.8,25.8,22.7,93,O,주의,X,낮음
9/7/2025,군위(823),X,31.7,29.8,25.8,22.7,93,O,주의,X,낮음
9/7/2025,군위(823),X,31.7,29.8,25.8,22.7,93,O,주의,X,낮음
9/7/2025,군위(823),X,31.7,29.8,25.8,22.7,93,O,주의,X,낮음
9/7/2025,칠곡(825),X,31.5,28.7,26,23.7,98,O,주의,X,낮음
9/7/2025,경산(827),X,30.7,28.5,26.7,24.8,86,O,주의,X,낮음
9/7/2025,삼척(876),X,30.8,30.4,26.7,23.4,79,O,주의,X,낮음
9/7/2025,속초(90),X,29,27.4,24.6,20.5,81.3,X,관심,X,낮음
9/7/2025,삼천포(907),X,32.9,31.5,26,23.8,92,O,주의,X,낮음
9/7/2025,고성(918),O,33.5,31.8,26.3,24,93,O,주의,X,낮음
9/7/2025,창녕(919),X,32.1,30.4,27.4,25.1,83,O,경고,X,낮음
9/7/2025,함안(920),O,33,31.5,26.8,23.7,85,O,주의,X,낮음
9/7/2025,북춘천(93),X,30.3,30.8,24.9,18.7,81.3,X, ,X,낮음
9/7/2025,하동(932),O,33.2,32,26.2,23.9,92,O,경고,X,낮음
9/7/2025,철원(95),X,28,27.4,23.7,18.4,84.6,X, ,X,낮음
9/7/2025,동두천(98),X,29.2,28.4,23.9,19.3,89,X, ,X,낮음
9/7/2025,파주(99),X,29.6,28.6,23.9,18.7,85.6,X,주의,X,낮음
9/8/2025,북강릉(104),X,29.3,31.2,24.6,18.9,68.1,X, ,X,낮음
9/8/2025,동해(106),X,29.9,31.1,25,19.6,66.4,X, ,X,낮음
9/8/2025,서울(108),X,29.2,29.5,24.4,20.6,73,X, ,X,낮음
9/8/2025,인천(112),X,28.7,27.8,24.6,21.9,76.8,X, ,X,낮음
9/8/2025,원주(114),X,28.3,27.8,23.8,20.8,78.5,X, ,X,낮음
9/8/2025,울릉도(115),X,30.8,29.3,26.1,23.5,77.1,X, ,X,낮음
9/8/2025,수원(119),X,28.5,27.9,23.4,19.6,78.8,X, ,X,낮음
9/8/2025,영월(121),X,28.9,28.2,22.7,19.6,84.6,X, ,X,낮음
9/8/2025,충주(127),X,27.7,26.7,22.8,18.2,82.1,X, ,X,낮음
9/8/2025,서산(129),X,27.9,27,22.5,18.1,87,X, ,X,낮음
9/8/2025,울진(130),X,28.3,28.5,23.9,17.5,72.1,X, ,X,낮음
9/8/2025,청주(131),X,27,26,23.4,20.1,78.5,X, ,X,낮음
9/8/2025,대전(133),X,27.1,25.1,22.2,19.2,85.5,X, ,X,낮음
9/8/2025,추풍령(135),X,25.4,24.2,19.7,16.3,83.5,X, ,X,낮음
9/8/2025,안동(136),X,26.7,26.3,22.3,17.1,76.3,X, ,X,낮음
9/8/2025,상주(137),X,26.5,25,22.2,18.3,79.1,X, ,X,낮음
9/8/2025,포항(138),X,29,27.5,25.1,20.6,67.3,X, ,X,낮음
9/8/2025,군산(140),X,26.3,24.5,21.4,18,88.5,X, ,X,낮음
9/8/2025,대구(143),X,28.1,27.9,23.5,19.1,71.6,X,관심,X,낮음
9/8/2025,전주(146),X,27.4,25.7,22.4,19.8,81.6,X, ,X,낮음
9/8/2025,울산(152),X,30.3,30.4,26.1,23.4,69.9,X, ,X,낮음
9/8/2025,창원(155),X,31.4,31.4,26.6,24.1,82.1,O,주의,X,낮음
9/8/2025,광주(156),X,27,25.3,22,18.5,83.9,X,관심,X,낮음
9/8/2025,부산(159),X,32.4,31.4,27.2,25.7,74.1,X, ,X,낮음
9/8/2025,통영(162),X,32.3,31.3,26.8,24.4,80.9,O,주의,X,낮음
9/8/2025,목포(165),X,28,25.3,22.9,20.1,90.9,O,주의,X,낮음
9/8/2025,여수(168),X,29.6,28.6,26.3,24.5,74.5,O,주의,X,낮음
9/8/2025,흑산도(169),X,28.9,26.1,24,22.1,88.5,O,주의,X,낮음
9/8/2025,완도(170),X,30.5,28.8,26,23.8,86,O,주의,X,낮음
9/8/2025,고창(172),X,27.1,25.7,22.4,19.9,86,X, ,X,낮음
9/8/2025,제주(184),X,32.5,31.3,28.7,27.2,76.4,O,경고,O,낮음
9/8/2025,진주(192),X,30.8,29.8,25.5,22,83.3,O,주의,X,낮음
9/8/2025,양평(202),X,28.1,27.7,22.9,19.6,81.3,X, ,X,낮음
9/8/2025,이천(203),X,28.6,27.3,23.2,19.1,86.9,X, ,X,낮음
9/8/2025,인제(211),X,28.1,28.2,22.2,18.8,80,X, ,X,낮음
9/8/2025,홍천(212),X,28.2,28.5,22.8,20.1,79.4,X, ,X,낮음
9/8/2025,태백(216),X,26.7,29.8,20.8,11.2,55.9,X, ,X,낮음
9/8/2025,정선군(217),X,30.2,31.2,23.3,18.2,72.3,X, ,X,낮음
9/8/2025,제천(221),X,27.3,26.7,21.9,17.8,86.4,X, ,X,낮음
9/8/2025,보은(226),X,26.2,24,20.7,17.5,92.5,X, ,X,낮음
9/8/2025,천안(232),X,27.1,25.4,21.9,18.1,91.9,X, ,X,낮음
9/8/2025,보령(235),X,27.8,26,22.5,18.6,85.5,X, ,X,낮음
9/8/2025,부여(236),X,26.7,24.3,21.2,17.7,95.1,X, ,X,낮음
9/8/2025,금산(238),X,26.4,24.5,20.7,18.4,89.9,X, ,X,낮음
9/8/2025,세종(239),X,26.4,24.4,21.2,18,93.1,X, ,X,낮음
9/8/2025,부안(243),X,26.4,24.9,22.1,20,83.4,X, ,X,낮음
9/8/2025,임실(244),X,24.9,23.7,20.1,17,81.6,X, ,X,낮음
9/8/2025,정읍(245),X,26.6,25.2,21.6,18.6,83.6,X, ,X,낮음
9/8/2025,남원(247),X,26.7,25.2,21.3,18.6,86.6,X, ,X,낮음
9/8/2025,장수(248),X,24.2,22.9,18.7,15.1,85,X, ,X,낮음
9/8/2025,영광군(252),X,26.5,25,22.6,19.8,85.3,X,관심,X,낮음
9/8/2025,김해시(253),X,32.3,31.8,26.9,24.3,78.5,O,주의,X,낮음
9/8/2025,순창군(254),X,26.4,25.3,20.8,18.6,82.3,X, ,X,낮음
9/8/2025,양산시(257),O,34.1,33.9,28,25,80.1,O,주의,X,낮음
9/8/2025,강진군(259),X,30,28.3,25,23.6,91,O,주의,X,낮음
9/8/2025,장흥(260),X,29.9,28.4,24.7,22.5,88.1,O,주의,X,낮음
9/8/2025,해남(261),X,30.2,27.7,24.4,21.8,92.5,O,주의,X,낮음
9/8/2025,고흥(262),X,31.6,30.3,25.7,22.7,84.4,O,경고,X,낮음
9/8/2025,의령군(263),X,30.6,29.5,24.6,21.4,84.1,X,주의,X,낮음
9/8/2025,함양군(264),X,28.3,26.9,22.2,18.1,79.6,X, ,X,낮음
9/8/2025,진도군ASOS(268),X,29.5,27.5,24,21.9,93.3,O,주의,X,낮음
9/8/2025,봉화(271),X,26.8,27.6,20.6,12.5,73.3,X, ,X,낮음
9/8/2025,영주(272),X,26.5,26.3,20.4,13.4,73.6,X, ,X,낮음
9/8/2025,문경(273),X,26.4,25.1,21.2,16.4,86.1,O, ,X,낮음
9/8/2025,청송군(276),X,28.5,28.5,23.4,19.3,77.8,X, ,X,낮음
9/8/2025,영덕(277),X,29,29.4,24.7,19.2,64.3,X, ,X,낮음
9/8/2025,의성(278),X,27.5,26.8,22.9,19.7,82.9,X, ,X,낮음
9/8/2025,구미(279),X,27.2,26.3,22.9,19.7,79.3,X, ,X,낮음
9/8/2025,영천(281),X,28.1,28.8,24.1,19.1,69.6,X, ,X,낮음
9/8/2025,경주시(283),X,29.8,30.8,25.3,21.9,67.6,X,관심,X,낮음
9/8/2025,거창(284),X,27.1,26.3,21.6,18.3,81.9,X, ,X,낮음
9/8/2025,합천(285),X,29.2,27.7,24.3,20.6,88.6,X,주의,X,낮음
9/8/2025,밀양(288),X,31.4,32.5,26.6,23.6,76.9,O,주의,X,낮음
9/8/2025,산청(289),X,28.5,27.6,22.8,18.6,82.8,X,주의,X,낮음
9/8/2025,거제(294),X,31.4,30.8,26.7,24.5,79.1,O,주의,X,낮음
9/8/2025,남해(295),X,30.1,28.8,25.4,23.3,82.4,O,주의,X,낮음
9/8/2025,부천(433),X,29.4,30.8,25,21.1,70,X, ,X,낮음
9/8/2025,안양(434),X,,28.9,24.5,21.2,,X, ,X,낮음
9/8/2025,광명(437),X,29.8,30.3,25.5,22.3,67,X, ,X,낮음
9/8/2025,군포(438),X,29.3,29.8,24.1,20.6,72,X, ,X,낮음
9/8/2025,김포(441),X,29.8,29.3,23.9,19.7,82,X, ,X,낮음
9/8/2025,하남(444),X,28.9,28.8,23.3,19.3,84,X, ,X,낮음
9/8/2025,의왕(445),X,29.2,28.6,22.6,18.8,88,X, ,X,낮음
9/8/2025,포천(504),X,29.1,29.8,22.5,17.9,82,X, ,X,낮음
9/8/2025,가평조종(505),X,29.5,29.9,22.1,18.1,85,X, ,X,낮음
9/8/2025,안성(516),X,28.3,27.1,22.8,18.9,86,X, ,X,낮음
9/8/2025,간성(517),X,29.6,30.1,24,19.5,67,X, ,X,낮음
9/8/2025,평창(526),X,28,28.1,21.8,18.5,81,X, ,X,낮음
9/8/2025,의정부(532),X,29.7,30.3,23.5,18.8,76,X, ,X,낮음
9/8/2025,횡성(536),X,28.7,28.3,23.4,20.2,81,X, ,X,낮음
9/8/2025,고양(540),X,29.3,30.5,23.2,18.5,81,X, ,X,낮음
9/8/2025,남양주(541),X,30.2,30.4,23.8,18.9,76,X, ,X,낮음
9/8/2025,안산(545),X,30,29.4,22.7,17.8,87,X, ,X,낮음
9/8/2025,경기광주(546),X,28.1,28,22,19,86,X, ,X,낮음
9/8/2025,여주(548),X,28.2,26.8,22.6,19.3,86,X, ,X,낮음
9/8/2025,용인(549),X,28.6,28.8,23.1,19.2,83,X, ,X,낮음
9/8/2025,오산(550),X,28.9,27.9,22.6,18.1,84,X, ,X,낮음
9/8/2025,평택(551),X,27.9,26.3,23,19.1,88,X, ,X,낮음
9/8/2025,화천(555),X,29.6,29.1,22.1,18.5,84,X, ,X,낮음
9/8/2025,양구(556),X,28.6,29,22.2,18.6,81,X, ,X,낮음
9/8/2025,시흥(565),X,29.6,29.3,23.4,19.1,83,X, ,X,낮음
9/8/2025,구리(569),X,29.3,29.6,23.4,19.4,76,X, ,X,낮음
9/8/2025,화성(571),X,28.8,28.3,23.8,19.7,79,X, ,X,낮음
9/8/2025,성남(572),X,27.8,27.7,23.3,19.7,78,X, ,X,낮음
9/8/2025,과천(590),X,28.9,28.6,23,18.7,84,X, ,X,낮음
9/8/2025,양주(598),X,29,29.6,22.4,18,82,X, ,X,낮음
9/8/2025,단양(601),X,27.6,27.9,22.2,17,76,X, ,X,낮음
9/8/2025,진천(602),X,27,26.1,21.8,17.9,87,X, ,X,낮음
9/8/2025,괴산(603),X,27.3,26.1,22.1,17.9,88,X, ,X,낮음
9/8/2025,옥천(604),X,26.5,24.6,21.3,18.3,85,X, ,X,낮음
9/8/2025,홍북(608),X,,,,,,X, ,X,낮음
9/8/2025,공주(612),X,26.6,24.8,21.1,17.1,93,X, ,X,낮음
9/8/2025,서천(614),X,26.3,24.4,21,16.8,92,X, ,X,낮음
9/8/2025,논산(615),X,26.5,24.7,21.4,17.8,89,X, ,X,낮음
9/8/2025,당진(616),X,28.5,27,22.6,18.7,86,X, ,X,낮음
9/8/2025,청양(618),X,26.8,25.2,20.4,15.4,94,X, ,X,낮음
9/8/2025,음성(619),X,27.9,26.4,22,17.5,89,X, ,X,낮음
9/8/2025,증평(623),X,26.9,25.8,22.5,18.6,84,X, ,X,낮음
9/8/2025,태안(627),X,28.2,26.9,22.4,17.9,85,X, ,X,낮음
9/8/2025,예산(628),X,28,27.2,22.5,18.5,84,X, ,X,낮음
9/8/2025,아산(634),X,28.1,27.1,22.6,18.4,86,X, ,X,낮음
9/8/2025,계룡(636),X,26.5,24.1,19.2,14,97,X, ,X,낮음
9/8/2025,연천청산(652),X,28.1,27.7,21.8,17.8,79,X, ,X,낮음
9/8/2025,양양(670),X,29.2,30.5,25.1,21.8,65,X, ,X,낮음
9/8/2025,무안(699),X,27.5,24.7,21.8,19.6,88,X,관심,X,낮음
9/8/2025,무주(701),X,24.9,23.4,19.5,15.9,85,X, ,X,낮음
9/8/2025,익산(702),X,27.2,25.3,22,19.2,87,X, ,X,낮음
9/8/2025,진안(703),X,24.3,22.9,19,15,82,X, ,X,낮음
9/8/2025,담양(706),X,26.9,25.3,21.8,19,84,X, ,X,낮음
9/8/2025,구례(709),X,28.7,27,23,20.6,88,O,주의,X,낮음
9/8/2025,나주(710),X,26.7,24.6,21.5,18.9,88,X,관심,X,낮음
9/8/2025,순천시(712),X,29.9,30,25.8,23.2,71,O,주의,X,낮음
9/8/2025,광양읍(713),X,30.7,30.2,24.9,22.4,82,O,주의,X,낮음
9/8/2025,장성(730),X,26.8,24.8,21.6,19.5,85,X,관심,X,낮음
9/8/2025,영암(731),X,29,26.6,22.7,19.8,95,O,주의,X,낮음
9/8/2025,보성(732),X,29.5,28,23.6,21.6,88,O,주의,X,낮음
9/8/2025,완주(734),X,26.6,24.7,21.2,17.5,83,X, ,X,낮음
9/8/2025,김제(737),X,27,25.4,21.9,19.6,87,X, ,X,낮음
9/8/2025,화순(741),X,28.8,26.9,23,20.2,87,O,주의,X,낮음
9/8/2025,함평(754),X,27.1,24.6,21.7,19.1,86,X,관심,X,낮음
9/8/2025,곡성(768),X,27.9,25.4,20.8,17.1,96,X,관심,X,낮음
9/8/2025,압해도(789),X,27.9,25.5,22.9,20.1,89,X,관심,X,낮음
9/8/2025,영양(801),X,28.2,28.8,23,17.8,74,X, ,X,낮음
9/8/2025,성주(810),X,27.4,26.2,22.4,19.4,88,X, ,X,낮음
9/8/2025,고령(812),X,29.3,28,23.2,18.5,94,X,관심,X,낮음
9/8/2025,청도(813),X,29.9,29.4,24.3,21.1,88,X,관심,X,낮음
9/8/2025,예천(815),X,26.9,26.7,21.6,15.2,79,X, ,X,낮음
9/8/2025,김천(822),X,26.2,25.1,20.9,16.7,79,X, ,X,낮음
9/8/2025,군위(823),X,27.8,26.6,22.3,19.1,87,X, ,X,낮음
9/8/2025,군위(823),X,27.8,26.6,22.3,19.1,87,X, ,X,낮음
9/8/2025,군위(823),X,27.8,26.6,22.3,19.1,87,X, ,X,낮음
9/8/2025,군위(823),X,27.8,26.6,22.3,19.1,87,X, ,X,낮음
9/8/2025,군위(823),X,27.8,26.6,22.3,19.1,87,X, ,X,낮음
9/8/2025,군위(823),X,27.8,26.6,22.3,19.1,87,X, ,X,낮음
9/8/2025,군위(823),X,27.8,26.6,22.3,19.1,87,X, ,X,낮음
9/8/2025,군위(823),X,27.8,26.6,22.3,19.1,87,X, ,X,낮음
9/8/2025,군위(823),X,27.8,26.6,22.3,19.1,87,X, ,X,낮음
9/8/2025,군위(823),X,27.8,26.6,22.3,19.1,87,X, ,X,낮음
9/8/2025,군위(823),X,27.8,26.6,22.3,19.1,87,X, ,X,낮음
9/8/2025,군위(823),X,27.8,26.6,22.3,19.1,87,X, ,X,낮음
9/8/2025,군위(823),X,27.8,26.6,22.3,19.1,87,X, ,X,낮음
9/8/2025,군위(823),X,27.8,26.6,22.3,19.1,87,X, ,X,낮음
9/8/2025,군위(823),X,27.8,26.6,22.3,19.1,87,X, ,X,낮음
9/8/2025,군위(823),X,27.8,26.6,22.3,19.1,87,X, ,X,낮음
9/8/2025,군위(823),X,27.8,26.6,22.3,19.1,87,X, ,X,낮음
9/8/2025,군위(823),X,27.8,26.6,22.3,19.1,87,X, ,X,낮음
9/8/2025,군위(823),X,27.8,26.6,22.3,19.1,87,X, ,X,낮음
9/8/2025,군위(823),X,27.8,26.6,22.3,19.1,87,X, ,X,낮음
9/8/2025,군위(823),X,27.8,26.6,22.3,19.1,87,X, ,X,낮음
9/8/2025,군위(823),X,27.8,26.6,22.3,19.1,87,X, ,X,낮음
9/8/2025,군위(823),X,27.8,26.6,22.3,19.1,87,X, ,X,낮음
9/8/2025,군위(823),X,27.8,26.6,22.3,19.1,87,X, ,X,낮음
9/8/2025,군위(823),X,27.8,26.6,22.3,19.1,87,X, ,X,낮음
9/8/2025,군위(823),X,27.8,26.6,22.3,19.1,87,X, ,X,낮음
9/8/2025,군위(823),X,27.8,26.6,22.3,19.1,87,X, ,X,낮음
9/8/2025,군위(823),X,27.8,26.6,22.3,19.1,87,X, ,X,낮음
9/8/2025,군위(823),X,27.8,26.6,22.3,19.1,87,X, ,X,낮음
9/8/2025,군위(823),X,27.8,26.6,22.3,19.1,87,X, ,X,낮음
9/8/2025,군위(823),X,27.8,26.6,22.3,19.1,87,X, ,X,낮음
9/8/2025,군위(823),X,27.8,26.6,22.3,19.1,87,X, ,X,낮음
9/8/2025,칠곡(825),X,27.4,26,23,19.9,88,X, ,X,낮음
9/8/2025,경산(827),X,28.5,28.9,24.4,19.3,75,X,관심,X,낮음
9/8/2025,삼척(876),X,30.5,32.3,26.1,21,60,X, ,X,낮음
9/8/2025,속초(90),X,29.5,29.2,25.1,20.5,64.9,X, ,X,낮음
9/8/2025,삼천포(907),X,30.1,28.9,25.1,22.7,88,O,주의,X,낮음
9/8/2025,고성(918),X,32.2,31.4,26.4,23.3,84,O,주의,X,낮음
9/8/2025,창녕(919),X,28.8,27.7,24.1,21.1,85,O,주의,X,낮음
9/8/2025,함안(920),X,30.9,29.8,25.3,22.5,84,O,주의,X,낮음
9/8/2025,북춘천(93),X,29.1,28.8,22.6,18.1,84.9,X, ,X,낮음
9/8/2025,하동(932),X,30.7,29.3,24.7,22.1,82,O,주의,X,낮음
9/8/2025,철원(95),X,27.2,26.8,21.4,16.7,85.8,X, ,X,낮음
9/8/2025,동두천(98),X,28.7,28.1,22.1,18.1,84.1,X, ,X,낮음
9/8/2025,파주(99),X,28.5,27.2,21.8,18.1,91.5,X, ,X,낮음
9/9/2025,북강릉(104),X,27.2,26,22.8,18.7,72.1,X, ,X,낮음
9/9/2025,동해(106),X,28.2,27.7,24.1,20.8,65.5,X, ,X,낮음
9/9/2025,서울(108),X,27.7,26.9,23.7,21.4,71.9,X, ,X,낮음
9/9/2025,인천(112),X,27.8,26.8,24.3,22.7,75.1,X, ,X,낮음
9/9/2025,원주(114),X,27.2,26.2,22.9,20.7,81.4,X, ,X,낮음
9/9/2025,울릉도(115),X,27.6,25.3,24.3,23.2,80.4,X, ,X,낮음
9/9/2025,수원(119),X,27.3,26.9,22.9,19.9,80.1,X, ,X,낮음
9/9/2025,영월(121),X,28,26.8,21.7,18.4,86.4,X, ,X,낮음
9/9/2025,충주(127),X,26.5,25.3,22.4,19,82.4,X, ,X,낮음
9/9/2025,서산(129),X,27.4,26.2,22.7,19.5,86.3,X, ,X,낮음
9/9/2025,울진(130),X,27.3,25.6,22.8,21.3,76,X, ,X,낮음
9/9/2025,청주(131),X,25.4,24.2,22.7,21.7,75.3,X, ,X,낮음
9/9/2025,대전(133),X,23.6,21.5,20.4,19.7,85.6,X, ,X,낮음
9/9/2025,추풍령(135),X,22.7,20.6,18.5,16.7,89.9,X, ,X,낮음
9/9/2025,안동(136),X,23.3,22.6,19.7,19.1,89.1,X, ,X,낮음
9/9/2025,상주(137),X,23.2,20.7,19.4,18,91.1,X, ,X,낮음
9/9/2025,포항(138),X,24.8,22.7,20.6,18.4,89.3,X, ,X,낮음
9/9/2025,군산(140),X,24.2,22.3,20.7,19.5,87.1,X, ,X,낮음
9/9/2025,대구(143),X,23.8,21.6,19.6,18,91.9,X, ,X,낮음
9/9/2025,전주(146),X,25,22.6,21.1,18.6,87.3,X, ,X,낮음
9/9/2025,울산(152),X,24.3,23.4,20.5,18.4,88.1,X, ,X,낮음
9/9/2025,창원(155),X,26.5,24.7,21.8,19.6,87.6,X,주의,X,낮음
9/9/2025,광주(156),X,23.8,21.4,19.8,17.2,91,X, ,X,낮음
9/9/2025,부산(159),X,27.7,26.2,23.8,21.6,79,X, ,X,낮음
9/9/2025,통영(162),X,27.4,25.5,23,21.3,81.6,X,주의,X,낮음
9/9/2025,목포(165),X,24.7,21.7,20.7,18.1,91.3,X, ,X,낮음
9/9/2025,여수(168),X,26.4,24.6,21.9,20.3,83.5,X,주의,X,낮음
9/9/2025,흑산도(169),X,25.8,23.9,21.9,20.1,83.3,X, ,X,낮음
9/9/2025,완도(170),X,27.4,25.5,22.6,21.2,89.5,X,주의,X,낮음
9/9/2025,고창(172),X,25.2,22.4,20.3,17.1,93.9,X, ,X,낮음
9/9/2025,제주(184),X,30,28.1,26.2,24.5,84.5,O,경고,X,낮음
9/9/2025,진주(192),X,24.4,22.4,20.5,19.2,91.4,X,주의,X,낮음
9/9/2025,양평(202),X,27,26.4,22.4,19.7,82.4,X, ,X,낮음
9/9/2025,이천(203),X,27.8,26.6,22.6,19.3,88.5,X, ,X,낮음
9/9/2025,인제(211),X,24.9,24.4,19.9,14.7,83.6,X, ,X,낮음
9/9/2025,홍천(212),X,27,25.8,21.8,18.1,83.4,X, ,X,낮음
9/9/2025,태백(216),X,23.7,22.4,19.5,16.8,69.5,X, ,X,낮음
9/9/2025,정선군(217),X,27.6,27.2,21.2,17.4,80.5,X, ,X,낮음
9/9/2025,제천(221),X,26.4,24.9,21.2,18,91,X, ,X,낮음
9/9/2025,보은(226),X,22.6,19.9,19.1,18.4,93.8,X, ,X,낮음
9/9/2025,천안(232),X,25.8,23.8,21.6,19.1,91.5,X, ,X,낮음
9/9/2025,보령(235),X,26,25.2,21.6,19.5,82.6,X, ,X,낮음
9/9/2025,부여(236),X,24.8,23.1,20.8,18.9,89.9,X, ,X,낮음
9/9/2025,금산(238),X,23.6,21.6,19.9,18.1,91.9,X, ,X,낮음
9/9/2025,세종(239),X,24.5,22.3,20.6,19.7,90.5,X, ,X,낮음
9/9/2025,부안(243),X,24.1,21.7,20.7,18.9,88.5,X, ,X,낮음
9/9/2025,임실(244),X,23.5,20.7,19.4,17.9,93.6,X, ,X,낮음
9/9/2025,정읍(245),X,25,22.5,20.6,18.3,91.6,X, ,X,낮음
9/9/2025,남원(247),X,23.8,22.3,19.6,18.1,93,X, ,X,낮음
9/9/2025,장수(248),X,22.3,19.5,18.1,16.2,96.6,X, ,X,낮음
9/9/2025,영광군(252),X,24.9,22.5,20.1,16.7,89.3,X, ,X,낮음
9/9/2025,김해시(253),X,26.4,24.8,21.8,20,94,X,주의,X,낮음
9/9/2025,순창군(254),X,23.8,21.6,19.3,16.3,92.4,X, ,X,낮음
9/9/2025,양산시(257),X,28.1,26.1,23.2,21.6,88.5,X,주의,X,낮음
9/9/2025,강진군(259),X,26.6,23.8,21.8,19.9,91.8,X,주의,X,낮음
9/9/2025,장흥(260),X,26.1,24.1,21.6,20.1,91,X,주의,X,낮음
9/9/2025,해남(261),X,26.2,23.4,21.5,19.9,92.5,X,주의,X,낮음
9/9/2025,고흥(262),X,26.3,24.7,22.2,20.7,87.9,X,주의,X,낮음
9/9/2025,의령군(263),X,23.9,21.4,19.5,17.5,91.4,X,관심,X,낮음
9/9/2025,함양군(264),X,23.3,20.7,19.2,18.2,92.5,X, ,X,낮음
9/9/2025,진도군ASOS(268),X,25.7,22.6,20.6,18.3,94,X, ,X,낮음
9/9/2025,봉화(271),X,24.1,21.7,19.6,17.9,90.3,X, ,X,낮음
9/9/2025,영주(272),X,23.9,21.1,19.7,18.8,96.9,X, ,X,낮음
9/9/2025,문경(273),X,24.3,21.5,19.3,18.3,95.4,O, ,X,낮음
9/9/2025,청송군(276),X,23.3,20.9,19.3,17.7,97.3,X, ,X,낮음
9/9/2025,영덕(277),X,24.8,24.8,20.9,19,89.1,X, ,X,낮음
9/9/2025,의성(278),X,23.6,21.2,19.9,18.7,95,X, ,X,낮음
9/9/2025,구미(279),X,23.6,21,19.9,18.9,92.1,X, ,X,낮음
9/9/2025,영천(281),X,23.9,21.2,19.1,17.2,97.3,X, ,X,낮음
9/9/2025,경주시(283),X,24.3,22.1,20.3,17.5,90.4,X, ,X,낮음
9/9/2025,거창(284),X,22.2,19.7,18.6,17.4,91.8,X, ,X,낮음
9/9/2025,합천(285),X,24,21.3,19.9,18.4,96.3,X,관심,X,낮음
9/9/2025,밀양(288),X,26.3,24.6,21.6,19.9,88.4,X,주의,X,낮음
9/9/2025,산청(289),X,23.7,20.9,19.3,17.9,98.3,X,관심,X,낮음
9/9/2025,거제(294),X,27.7,25.9,22.9,20.8,83.6,X,주의,X,낮음
9/9/2025,남해(295),X,26.2,23.8,21.1,19.9,89,X,주의,X,낮음
9/9/2025,부천(433),X,28,27.8,24.3,21.5,72,X, ,X,낮음
9/9/2025,안양(434),X,,27.2,23.8,21.4,,X, ,X,낮음
9/9/2025,광명(437),X,27.8,28.5,25,22.9,69,X, ,X,낮음
9/9/2025,군포(438),X,27.7,28.5,23.4,20.5,73,X, ,X,낮음
9/9/2025,김포(441),X,28,26.8,23.2,19.7,83,X, ,X,낮음
9/9/2025,하남(444),X,27.9,26.5,22.6,19.3,87,X, ,X,낮음
9/9/2025,의왕(445),X,28.9,27.6,21.8,18.5,91,X, ,X,낮음
9/9/2025,포천(504),X,27.4,26.2,21.1,16.5,88,X, ,X,낮음
9/9/2025,가평조종(505),X,27.6,26.4,20.7,16.5,90,X, ,X,낮음
9/9/2025,안성(516),X,28.1,27.1,22.8,19.6,86,X, ,X,낮음
9/9/2025,간성(517),X,25.8,25.4,21.3,16,72,X, ,X,낮음
9/9/2025,평창(526),X,26.3,25.4,20.8,17.8,84,X, ,X,낮음
9/9/2025,의정부(532),X,27.8,26.8,21.8,18.6,84,X, ,X,낮음
9/9/2025,횡성(536),X,27.4,26.3,22.1,18.5,86,X, ,X,낮음
9/9/2025,고양(540),X,28.1,27.2,21.5,18,85,X, ,X,낮음
9/9/2025,남양주(541),X,27.9,27.6,22.6,19,82,X, ,X,낮음
9/9/2025,안산(545),X,29.4,28.3,22.3,18.2,90,X, ,X,낮음
9/9/2025,경기광주(546),X,27.9,26.1,21.4,18.6,86,X, ,X,낮음
9/9/2025,여주(548),X,27.5,25.9,22.4,19.7,89,X, ,X,낮음
9/9/2025,용인(549),X,28.6,27.7,22.6,19.2,83,X, ,X,낮음
9/9/2025,오산(550),X,27.7,26.8,22.2,18.7,85,X, ,X,낮음
9/9/2025,평택(551),X,28.2,25.9,22.9,20.7,88,X, ,X,낮음
9/9/2025,화천(555),X,26.5,24.9,20.7,17.5,88,X, ,X,낮음
9/9/2025,양구(556),X,25.7,24.7,20.2,15,85,X, ,X,낮음
9/9/2025,시흥(565),X,28.5,28,22.9,19.1,85,X, ,X,낮음
9/9/2025,구리(569),X,27.8,27.3,22.3,19.2,80,X, ,X,낮음
9/9/2025,화성(571),X,28.1,27.3,23.1,20,82,X, ,X,낮음
9/9/2025,성남(572),X,27.2,26.5,22.6,19.5,79,X, ,X,낮음
9/9/2025,과천(590),X,28,27.1,22,18.4,85,X, ,X,낮음
9/9/2025,양주(598),X,27.2,26.1,21.5,17.2,86,X, ,X,낮음
9/9/2025,단양(601),X,26.2,24.7,21.3,18.8,80,X, ,X,낮음
9/9/2025,진천(602),X,25.9,23.9,21.4,18.4,87,X, ,X,낮음
9/9/2025,괴산(603),X,25.4,22.9,21.1,18.4,90,X, ,X,낮음
9/9/2025,옥천(604),X,23.1,20.6,19.4,17.8,90,X, ,X,낮음
9/9/2025,홍북(608),X,,,,,,X, ,X,낮음
9/9/2025,공주(612),X,25,22.8,21,19.5,91,X, ,X,낮음
9/9/2025,서천(614),X,25,23.4,20.6,19.1,91,X, ,X,낮음
9/9/2025,논산(615),X,24,22.3,20.5,19.4,86,X, ,X,낮음
9/9/2025,당진(616),X,27.6,27.5,,19,,X, ,X,낮음
9/9/2025,청양(618),X,25,23.9,20,18.3,93,X, ,X,낮음
9/9/2025,음성(619),X,26.6,25.3,21.7,18.1,88,X, ,X,낮음
9/9/2025,증평(623),X,25.3,23.9,22,20.1,83,X, ,X,낮음
9/9/2025,태안(627),X,27.3,25.9,22.6,19,86,X, ,X,낮음
9/9/2025,예산(628),X,26.7,26.2,22.4,19.5,83,X, ,X,낮음
9/9/2025,아산(634),X,27.4,26.4,22.8,20.5,81,X, ,X,낮음
9/9/2025,계룡(636),X,23.4,21.4,19.6,18,94,X, ,X,낮음
9/9/2025,연천청산(652),X,27.1,26.3,20.7,17.3,85,X, ,X,낮음
9/9/2025,양양(670),X,26.4,25.7,23,18.7,66,X, ,X,낮음
9/9/2025,무안(699),X,24.2,22.1,20.2,17.1,91,X, ,X,낮음
9/9/2025,무주(701),X,23.2,20.9,18.7,16.6,92,X, ,X,낮음
9/9/2025,익산(702),X,24.7,22.3,20.7,19.3,89,X, ,X,낮음
9/9/2025,진안(703),X,22.3,20,18.3,16.7,95,X, ,X,낮음
9/9/2025,담양(706),X,24.6,22.3,19.9,17.5,93,X, ,X,낮음
9/9/2025,구례(709),X,24.4,21.7,20.6,19.5,96,X,주의,X,낮음
9/9/2025,나주(710),X,24.3,21.3,19.6,17.6,95,X, ,X,낮음
9/9/2025,순천시(712),X,25.9,24.5,22.5,21.4,83,X,주의,X,낮음
9/9/2025,광양읍(713),X,26.4,24.5,21.8,20.7,96,X,주의,X,낮음
9/9/2025,장성(730),X,24.7,22,20.2,17.3,93,X, ,X,낮음
9/9/2025,영암(731),X,24.9,21.9,20.4,18.5,96,X,주의,X,낮음
9/9/2025,보성(732),X,24.7,22.9,20.4,19.3,92,X,주의,X,낮음
9/9/2025,완주(734),X,25.3,23.1,20,18.2,92,X, ,X,낮음
9/9/2025,김제(737),X,24.2,21.6,20.2,18.8,95,X, ,X,낮음
9/9/2025,화순(741),X,23.8,21.1,20.1,17.6,92,X,주의,X,낮음
9/9/2025,함평(754),X,24.2,22.2,20.3,17.5,87,X, ,X,낮음
9/9/2025,곡성(768),X,23.8,20.9,19,16.8,99,X, ,X,낮음
9/9/2025,압해도(789),X,24.9,22.5,20.6,17.5,92,X, ,X,낮음
9/9/2025,영양(801),X,23.8,21.7,19.5,18.2,97,X, ,X,낮음
9/9/2025,성주(810),X,23.3,20.5,19.4,18.1,96,X, ,X,낮음
9/9/2025,고령(812),X,23.8,20.7,19.2,17.3,99,X, ,X,낮음
9/9/2025,청도(813),X,24.5,22,20.1,17.9,98,X, ,X,낮음
9/9/2025,예천(815),X,24.5,22,19.8,18.8,90,X, ,X,낮음
9/9/2025,김천(822),X,22.4,20.3,18.7,17.5,89,X, ,X,낮음
9/9/2025,군위(823),X,23.9,21.2,20,19.1,96,X, ,X,낮음
9/9/2025,군위(823),X,23.9,21.2,20,19.1,96,X, ,X,낮음
9/9/2025,군위(823),X,23.9,21.2,20,19.1,96,X, ,X,낮음
9/9/2025,군위(823),X,23.9,21.2,20,19.1,96,X, ,X,낮음
9/9/2025,군위(823),X,23.9,21.2,20,19.1,96,X, ,X,낮음
9/9/2025,군위(823),X,23.9,21.2,20,19.1,96,X, ,X,낮음
9/9/2025,군위(823),X,23.9,21.2,20,19.1,96,X, ,X,낮음
9/9/2025,군위(823),X,23.9,21.2,20,19.1,96,X, ,X,낮음
9/9/2025,군위(823),X,23.9,21.2,20,19.1,96,X, ,X,낮음
9/9/2025,군위(823),X,23.9,21.2,20,19.1,96,X, ,X,낮음
9/9/2025,군위(823),X,23.9,21.2,20,19.1,96,X, ,X,낮음
9/9/2025,군위(823),X,23.9,21.2,20,19.1,96,X, ,X,낮음
9/9/2025,군위(823),X,23.9,21.2,20,19.1,96,X, ,X,낮음
9/9/2025,군위(823),X,23.9,21.2,20,19.1,96,X, ,X,낮음
9/9/2025,군위(823),X,23.9,21.2,20,19.1,96,X, ,X,낮음
9/9/2025,군위(823),X,23.9,21.2,20,19.1,96,X, ,X,낮음
9/9/2025,군위(823),X,23.9,21.2,20,19.1,96,X, ,X,낮음
9/9/2025,군위(823),X,23.9,21.2,20,19.1,96,X, ,X,낮음
9/9/2025,군위(823),X,23.9,21.2,20,19.1,96,X, ,X,낮음
9/9/2025,군위(823),X,23.9,21.2,20,19.1,96,X, ,X,낮음
9/9/2025,군위(823),X,23.9,21.2,20,19.1,96,X, ,X,낮음
9/9/2025,군위(823),X,23.9,21.2,20,19.1,96,X, ,X,낮음
9/9/2025,군위(823),X,23.9,21.2,20,19.1,96,X, ,X,낮음
9/9/2025,군위(823),X,23.9,21.2,20,19.1,96,X, ,X,낮음
9/9/2025,군위(823),X,23.9,21.2,20,19.1,96,X, ,X,낮음
9/9/2025,군위(823),X,23.9,21.2,20,19.1,96,X, ,X,낮음
9/9/2025,군위(823),X,23.9,21.2,20,19.1,96,X, ,X,낮음
9/9/2025,군위(823),X,23.9,21.2,20,19.1,96,X, ,X,낮음
9/9/2025,군위(823),X,23.9,21.2,20,19.1,96,X, ,X,낮음
9/9/2025,군위(823),X,23.9,21.2,20,19.1,96,X, ,X,낮음
9/9/2025,군위(823),X,23.9,21.2,20,19.1,96,X, ,X,낮음
9/9/2025,군위(823),X,23.9,21.2,20,19.1,96,X, ,X,낮음
9/9/2025,칠곡(825),X,24.6,22,20.1,19.5,100,X, ,X,낮음
9/9/2025,경산(827),X,24.3,22,20,18.1,94,X, ,X,낮음
9/9/2025,삼척(876),X,28.6,27.9,24.5,21.1,63,X, ,X,낮음
9/9/2025,속초(90),X,26.1,25.9,22.9,18.3,62.9,X, ,X,낮음
9/9/2025,삼천포(907),X,26.1,24.1,21.4,19.8,91,X,주의,X,낮음
9/9/2025,고성(918),X,27.2,24.3,21.8,20.2,90,X,주의,X,낮음
9/9/2025,창녕(919),X,24.4,22.4,20.1,18.5,93,X,주의,X,낮음
9/9/2025,함안(920),X,25,22.6,19.9,17.8,92,X,주의,X,낮음
9/9/2025,북춘천(93),X,27.2,25.9,21.5,16.8,86.5,X, ,X,낮음
9/9/2025,하동(932),X,25.2,23.7,21.5,20,92,X,주의,X,낮음
9/9/2025,철원(95),X,26.4,25,20.4,15.9,90,X, ,X,낮음
9/9/2025,동두천(98),X,27.2,25.5,21,17.7,91.1,X, ,X,낮음
9/9/2025,파주(99),X,27.2,25.7,21,18.1,94.4,X, ,X,낮음
9/10/2025,북강릉(104),X,28.6,27.5,22.2,16.7,77.9,X, ,X,낮음
9/10/2025,동해(106),X,28.4,27.3,23,18.8,77.8,X, ,X,낮음
9/10/2025,서울(108),X,29.2,31.5,24.8,18.4,61.1,X, ,X,낮음
9/10/2025,인천(112),X,29.4,30.5,25.2,20,65.3,X, ,X,낮음
9/10/2025,원주(114),X,29.7,31,23,17.6,66,X, ,X,낮음
9/10/2025,울릉도(115),X,27.5,25.1,22.1,19,87.1,X, ,X,낮음
9/10/2025,수원(119),X,28.4,30.6,23.6,18,64.4,X, ,X,낮음
9/10/2025,영월(121),X,29.3,29.6,22.2,16.5,75.8,X, ,X,낮음
9/10/2025,충주(127),X,29.8,30,22.6,17.2,77.3,X, ,X,낮음
9/10/2025,서산(129),X,29.1,30.1,23.5,18.2,76,X, ,X,낮음
9/10/2025,울진(130),X,28.9,27.5,22.5,19.3,86.5,X, ,X,낮음
9/10/2025,청주(131),X,29.5,30.2,24.8,20.2,66.6,X, ,X,낮음
9/10/2025,대전(133),X,29.8,29.2,23.8,20.1,78.4,X, ,X,낮음
9/10/2025,추풍령(135),X,26.6,25.5,20.9,18.2,87.6,X, ,X,낮음
9/10/2025,안동(136),X,29.2,29.3,22.9,18.5,79.1,X,관심,X,낮음
9/10/2025,상주(137),X,29.6,28.9,22.7,18.5,86.8,X,관심,X,낮음
9/10/2025,포항(138),X,26.7,25.4,22.6,20.1,85.5,X, ,X,낮음
9/10/2025,군산(140),X,29.6,29.1,24.1,19.2,76,X, ,X,낮음
9/10/2025,대구(143),X,27.6,26.3,22.2,19.6,85.6,X,관심,X,낮음
9/10/2025,전주(146),X,30.1,29.3,24.2,19.5,79,X,관심,X,낮음
9/10/2025,울산(152),X,27,25.7,22.4,20,81.1,X, ,X,낮음
9/10/2025,창원(155),X,29.7,28,23.5,21.1,83.4,X,관심,X,낮음
9/10/2025,광주(156),X,30.1,29.2,24,19.9,82.3,X,관심,X,낮음
9/10/2025,부산(159),X,30.9,30.3,24.9,22.7,73.6,X, ,X,낮음
9/10/2025,통영(162),X,30.6,29.7,24.3,21.4,78,X,관심,X,낮음
9/10/2025,목포(165),X,29.8,28.4,24.1,20.6,86.4,X, ,X,낮음
9/10/2025,여수(168),X,28.6,27.3,24,21.1,79.1,X,관심,X,낮음
9/10/2025,흑산도(169),X,29.1,28,24.8,21.9,79.5,X, ,X,낮음
9/10/2025,완도(170),X,31.6,30.4,24.9,21.6,84.8,X,관심,X,낮음
9/10/2025,고창(172),X,30.1,29,23.6,20.2,86.3,X, ,X,낮음
9/10/2025,제주(184),X,29.1,27.6,25.7,24.3,81.4,O,주의,X,낮음
9/10/2025,진주(192),X,29.5,28.2,23.1,19.8,85.9,X,관심,X,낮음
9/10/2025,양평(202),X,28.4,30.5,22.8,18.2,70.8,X, ,X,낮음
9/10/2025,이천(203),X,30.3,30.4,22.5,17.1,76.3,X, ,X,낮음
9/10/2025,인제(211),X,27.1,29.5,18.7,11.3,69.9,X, ,X,낮음
9/10/2025,홍천(212),X,28.7,31.3,21.2,15.4,68.4,X, ,X,낮음
9/10/2025,태백(216),X,25.1,25.2,18.4,12.5,78.4,X, ,X,낮음
9/10/2025,정선군(217),X,29.7,30.3,20.5,14.2,74.5,X, ,X,낮음
9/10/2025,제천(221),X,29,29,20.7,15.4,81,X, ,X,낮음
9/10/2025,보은(226),X,28.8,28.3,22.2,18.8,86.9,X, ,X,낮음
9/10/2025,천안(232),X,29,29,22.1,16.7,81.9,X, ,X,낮음
9/10/2025,보령(235),X,30.3,30.7,24.3,18.8,71.1,X, ,X,낮음
9/10/2025,부여(236),X,29.9,29.8,23.8,19,77.4,X,관심,X,낮음
9/10/2025,금산(238),X,28.6,27.9,22.8,19.7,83.9,X, ,X,낮음
9/10/2025,세종(239),X,29.3,29.2,23.1,19.1,80.6,X, ,X,낮음
9/10/2025,부안(243),X,29.8,29.5,23.9,19.1,78.3,X, ,X,낮음
9/10/2025,임실(244),X,29.2,28.5,22.2,19.4,86.4,X, ,X,낮음
9/10/2025,정읍(245),X,30.2,29.3,23.7,19.9,83.6,X,관심,X,낮음
9/10/2025,남원(247),X,30.3,29.1,23.3,19.4,84.8,X,관심,X,낮음
9/10/2025,장수(248),X,27.6,26.3,20.5,17.5,92.4,X, ,X,낮음
9/10/2025,영광군(252),X,29.9,29.2,24,20.3,80.5,X, ,X,낮음
9/10/2025,김해시(253),X,30.7,29.4,23.5,20.6,84.5,X,관심,X,낮음
9/10/2025,순창군(254),X,30,29.5,23.4,19.6,83.3,X, ,X,낮음
9/10/2025,양산시(257),X,30.7,29.4,24.6,22.2,79.4,X,관심,X,낮음
9/10/2025,강진군(259),X,30.8,29.7,24.5,21.3,87,X, ,X,낮음
9/10/2025,장흥(260),X,30.4,29,24.1,21,89.6,X,관심,X,낮음
9/10/2025,해남(261),X,31.2,30,24.1,21.2,89.4,X,관심,X,낮음
9/10/2025,고흥(262),X,31.2,30.2,24.3,21.1,85.3,X,관심,X,낮음
9/10/2025,의령군(263),X,27.5,25.9,21.6,18.9,88.3,X, ,X,낮음
9/10/2025,함양군(264),X,29.8,28.5,22.6,19.3,88.4,X, ,X,낮음
9/10/2025,진도군ASOS(268),X,29.8,28.4,23.8,21,88.3,X, ,X,낮음
9/10/2025,봉화(271),X,27.7,28.4,20.8,14.5,78.8,X, ,X,낮음
9/10/2025,영주(272),X,28.9,29.1,21.9,17.6,82.8,X, ,X,낮음
9/10/2025,문경(273),X,29.3,28.7,22.9,18.6,85.1,O,관심,X,낮음
9/10/2025,청송군(276),X,29,28.2,21.5,16.3,87.8,X, ,X,낮음
9/10/2025,영덕(277),X,27.5,26.4,21.4,18.6,90.5,X, ,X,낮음
9/10/2025,의성(278),X,29.6,29.6,22.7,18.3,83.4,X,관심,X,낮음
9/10/2025,구미(279),X,28.6,27.7,22.4,19.4,86.4,X, ,X,낮음
9/10/2025,영천(281),X,27.7,26.8,21.7,18.7,88.8,X, ,X,낮음
9/10/2025,경주시(283),X,27.7,26.2,22.5,20.3,83.6,X, ,X,낮음
9/10/2025,거창(284),X,27.9,26.5,21.6,18.3,86,X, ,X,낮음
9/10/2025,합천(285),X,28.3,26.9,22.4,19.8,91.1,X,관심,X,낮음
9/10/2025,밀양(288),X,29.1,28,23.9,21,80,X,관심,X,낮음
9/10/2025,산청(289),X,29.7,28.2,22.2,19,90.9,X, ,X,낮음
9/10/2025,거제(294),X,29.3,28.1,23.6,21.3,80.8,X, ,X,낮음
9/10/2025,남해(295),X,29,27.7,23.3,20.6,85.8,X,관심,X,낮음
9/10/2025,부천(433),X,29.8,32.7,25.5,19.7,60,X, ,X,낮음
9/10/2025,안양(434),X,,30.9,24.7,19.7,,X, ,X,낮음
9/10/2025,광명(437),X,29,32.9,26.6,21.1,53,X, ,X,낮음
9/10/2025,군포(438),X,28.1,31.9,24.7,19.7,55,X, ,X,낮음
9/10/2025,김포(441),X,29.7,31.7,23.8,17.9,74,X, ,X,낮음
9/10/2025,하남(444),X,28.3,30.7,22.7,16.5,,X,관심,X,낮음
9/10/2025,의왕(445),X,29.2,30.5,22.6,16.7,72,X, ,X,낮음
9/10/2025,포천(504),X,30.5,32,22,14,75,X, ,X,낮음
9/10/2025,가평조종(505),X,29.3,30.5,20.4,14,81,X, ,X,낮음
9/10/2025,안성(516),X,30.5,31.1,23.4,18,75,X, ,X,낮음
9/10/2025,간성(517),X,27.3,27.6,20.5,13.7,64,X, ,X,낮음
9/10/2025,평창(526),X,28.4,29.3,20.4,14.3,71,X, ,X,낮음
9/10/2025,의정부(532),X,29.5,31,22.8,15.8,71,X, ,X,낮음
9/10/2025,횡성(536),X,29.3,30.8,21.2,15.3,70,X, ,X,낮음
9/10/2025,고양(540),X,21.2,,,,,X, ,X,낮음
9/10/2025,남양주(541),X,29.1,32.3,23.3,15.9,67,X, ,X,낮음
9/10/2025,안산(545),X,29.6,31.3,21.6,15.7,78,X, ,X,낮음
9/10/2025,경기광주(546),X,27.5,29.4,21.6,17.2,70,X, ,X,낮음
9/10/2025,여주(548),X,29.5,30.5,23,17.3,72,X, ,X,낮음
9/10/2025,용인(549),X,29.7,30.9,22.8,17.3,72,X, ,X,낮음
9/10/2025,오산(550),X,29.3,30.9,22.5,17.2,71,X, ,X,낮음
9/10/2025,평택(551),X,30.3,30.9,23.6,18.5,75,X, ,X,낮음
9/10/2025,화천(555),X,28.7,29.4,20.3,15.3,81,X, ,X,낮음
9/10/2025,양구(556),X,28.4,30.4,18.9,13.4,74,X, ,X,낮음
9/10/2025,시흥(565),X,28.7,31.7,23.4,16.7,70,X, ,X,낮음
9/10/2025,구리(569),X,29.2,31.4,23,16.4,65,X, ,X,낮음
9/10/2025,화성(571),X,29.4,31.7,24.8,19.4,61,X, ,X,낮음
9/10/2025,성남(572),X,28.6,30.9,22.9,17.7,66,X, ,X,낮음
9/10/2025,과천(590),X,28.3,31,22.2,16.2,71,X, ,X,낮음
9/10/2025,양주(598),X,30.3,32.2,22.4,15.9,76,X, ,X,낮음
9/10/2025,단양(601),X,29.1,30,22.1,17.4,75,X, ,X,낮음
9/10/2025,진천(602),X,28.9,28.9,21.7,16.9,80,X, ,X,낮음
9/10/2025,괴산(603),X,29.7,29.9,22,17.3,83,X, ,X,낮음
9/10/2025,옥천(604),X,29.3,28.9,23,19.3,84,X, ,X,낮음
9/10/2025,홍북(608),X,,,,,,X, ,X,낮음
9/10/2025,공주(612),X,29.6,29.4,23.1,17.8,79,X, ,X,낮음
9/10/2025,서천(614),X,29.7,29.1,23.4,18.5,78,X, ,X,낮음
9/10/2025,논산(615),X,29.8,29.5,23.3,18.4,78,X, ,X,낮음
9/10/2025,당진(616),X,29.5,30.2,23.3,18,78,X, ,X,낮음
9/10/2025,청양(618),X,29.9,30.1,22.3,16.7,80,X, ,X,낮음
9/10/2025,음성(619),X,29.7,29.9,22,16.7,80,X, ,X,낮음
9/10/2025,증평(623),X,29.3,29.9,23.1,17.5,73,X, ,X,낮음
9/10/2025,태안(627),X,29.1,29.8,23.5,17.6,77,X, ,X,낮음
9/10/2025,예산(628),X,29.1,30.2,23.7,18.4,72,X, ,X,낮음
9/10/2025,아산(634),X,29.3,31.3,23.9,18,71,X, ,X,낮음
9/10/2025,계룡(636),X,28.9,27.9,22.6,18.1,85,X, ,X,낮음
9/10/2025,연천청산(652),X,30,30.9,21.5,15.8,77,X, ,X,낮음
9/10/2025,양양(670),X,27.3,26.6,21.6,16.6,66,X, ,X,낮음
9/10/2025,무안(699),X,30.7,29.7,23.7,20.3,86,X,관심,X,낮음
9/10/2025,무주(701),X,27.8,26.5,21.1,18,88,X, ,X,낮음
9/10/2025,익산(702),X,30.1,29.4,23.9,19.7,78,X, ,X,낮음
9/10/2025,진안(703),X,28,26.7,20.9,17.9,89,X, ,X,낮음
9/10/2025,담양(706),X,30.9,29.9,23.9,20.1,85,X,관심,X,낮음
9/10/2025,구례(709),X,30.5,29,23.5,20.4,91,X,관심,X,낮음
9/10/2025,나주(710),X,29.9,29.1,23.6,20,86,X,관심,X,낮음
9/10/2025,순천시(712),X,31.2,30.4,25.2,21.6,78,X,관심,X,낮음
9/10/2025,광양읍(713),X,24.8,,,,,X,관심,X,낮음
9/10/2025,장성(730),X,30.7,29.9,24.2,20.5,85,X,관심,X,낮음
9/10/2025,영암(731),X,30.7,29.6,23.5,20.4,88,X,관심,X,낮음
9/10/2025,보성(732),X,29.2,27.6,22.8,19.9,90,X,관심,X,낮음
9/10/2025,완주(734),X,29.8,29.1,23.1,18.9,83,X, ,X,낮음
9/10/2025,김제(737),X,30,28.8,23.8,18.7,82,X,관심,X,낮음
9/10/2025,화순(741),X,30.4,29.1,23.5,20.3,85,X,관심,X,낮음
9/10/2025,함평(754),X,30.8,30.4,24,20.3,83,X,관심,X,낮음
9/10/2025,곡성(768),X,30.6,29.1,22.5,19.3,94,X,관심,X,낮음
9/10/2025,압해도(789),X,31.7,30,24.2,20.5,89,X,관심,X,낮음
9/10/2025,영양(801),X,27.6,27.8,21.4,17.2,83,X, ,X,낮음
9/10/2025,성주(810),X,28.7,27.2,22,19.4,90,X, ,X,낮음
9/10/2025,고령(812),X,27.9,26.3,21.6,19,96,X, ,X,낮음
9/10/2025,청도(813),X,27.5,25.4,21.7,18.4,93,X, ,X,낮음
9/10/2025,예천(815),X,30.1,30.2,23.3,19.3,81,X, ,X,낮음
9/10/2025,김천(822),X,27.8,26.7,21.2,18.2,85,X, ,X,낮음
9/10/2025,군위(823),X,29.5,29,22.7,19.4,88,X, ,X,낮음
9/10/2025,군위(823),X,29.5,29,22.7,19.4,88,X, ,X,낮음
9/10/2025,군위(823),X,29.5,29,22.7,19.4,88,X, ,X,낮음
9/10/2025,군위(823),X,29.5,29,22.7,19.4,88,X, ,X,낮음
9/10/2025,군위(823),X,29.5,29,22.7,19.4,88,X, ,X,낮음
9/10/2025,군위(823),X,29.5,29,22.7,19.4,88,X, ,X,낮음
9/10/2025,군위(823),X,29.5,29,22.7,19.4,88,X, ,X,낮음
9/10/2025,군위(823),X,29.5,29,22.7,19.4,88,X, ,X,낮음
9/10/2025,군위(823),X,29.5,29,22.7,19.4,88,X, ,X,낮음
9/10/2025,군위(823),X,29.5,29,22.7,19.4,88,X, ,X,낮음
9/10/2025,군위(823),X,29.5,29,22.7,19.4,88,X, ,X,낮음
9/10/2025,군위(823),X,29.5,29,22.7,19.4,88,X, ,X,낮음
9/10/2025,군위(823),X,29.5,29,22.7,19.4,88,X, ,X,낮음
9/10/2025,군위(823),X,29.5,29,22.7,19.4,88,X, ,X,낮음
9/10/2025,군위(823),X,29.5,29,22.7,19.4,88,X, ,X,낮음
9/10/2025,군위(823),X,29.5,29,22.7,19.4,88,X, ,X,낮음
9/10/2025,군위(823),X,29.5,29,22.7,19.4,88,X, ,X,낮음
9/10/2025,군위(823),X,29.5,29,22.7,19.4,88,X, ,X,낮음
9/10/2025,군위(823),X,29.5,29,22.7,19.4,88,X, ,X,낮음
9/10/2025,군위(823),X,29.5,29,22.7,19.4,88,X, ,X,낮음
9/10/2025,군위(823),X,29.5,29,22.7,19.4,88,X, ,X,낮음
9/10/2025,군위(823),X,29.5,29,22.7,19.4,88,X, ,X,낮음
9/10/2025,군위(823),X,29.5,29,22.7,19.4,88,X, ,X,낮음
9/10/2025,군위(823),X,29.5,29,22.7,19.4,88,X, ,X,낮음
9/10/2025,군위(823),X,29.5,29,22.7,19.4,88,X, ,X,낮음
9/10/2025,군위(823),X,29.5,29,22.7,19.4,88,X, ,X,낮음
9/10/2025,군위(823),X,29.5,29,22.7,19.4,88,X, ,X,낮음
9/10/2025,군위(823),X,29.5,29,22.7,19.4,88,X, ,X,낮음
9/10/2025,군위(823),X,29.5,29,22.7,19.4,88,X, ,X,낮음
9/10/2025,군위(823),X,29.5,29,22.7,19.4,88,X, ,X,낮음
9/10/2025,군위(823),X,29.5,29,22.7,19.4,88,X, ,X,낮음
9/10/2025,군위(823),X,29.5,29,22.7,19.4,88,X, ,X,낮음
9/10/2025,칠곡(825),X,29.4,27.8,22.6,19.7,93,X, ,X,낮음
9/10/2025,경산(827),X,27.5,25.9,21.9,19.6,91,X, ,X,낮음
9/10/2025,삼척(876),X,29.5,28.8,23.5,19.9,74,X, ,X,낮음
9/10/2025,속초(90),X,27.3,27.1,22.1,16.9,60.4,X, ,X,낮음
9/10/2025,삼천포(907),X,30,28.6,23.4,20.1,85,X,관심,X,낮음
9/10/2025,고성(918),X,29.6,28,23.3,20.1,88,X, ,X,낮음
9/10/2025,창녕(919),X,28.3,26.4,22.6,20,86,X, ,X,낮음
9/10/2025,함안(920),X,27.8,25.8,21.8,18.8,90,X,관심,X,낮음
9/10/2025,북춘천(93),X,28.8,30.6,21.2,14.6,74.5,X, ,X,낮음
9/10/2025,하동(932),X,31.2,30.2,24.1,20.4,85,X,관심,X,낮음
9/10/2025,철원(95),X,29.1,31.3,21.5,13.7,76.5,X, ,X,낮음
9/10/2025,동두천(98),X,29.4,30.2,22.2,15.8,77.8,X, ,X,낮음
9/10/2025,파주(99),X,29.8,30,21.6,16,84.3,X,관심,X,낮음
9/11/2025,북강릉(104),X,29,27.8,23.1,16,77.8,X, ,X,낮음
9/11/2025,동해(106),X,29,27.8,23,17.1,73.1,X, ,X,낮음
9/11/2025,서울(108),X,30,31.7,25.8,19.9,57.6,X, ,X,낮음
9/11/2025,인천(112),X,29.2,31.3,26.4,20.8,55.5,X, ,X,낮음
9/11/2025,원주(114),X,30.4,32.2,23.3,14.2,58.4,X,관심,X,낮음
9/11/2025,울릉도(115),X,27.9,26.5,23.9,22.3,76.9,X, ,X,낮음
9/11/2025,수원(119),X,28.8,30.5,24.3,17,57.5,X, ,X,낮음
9/11/2025,영월(121),X,30.3,31.2,22.3,14,69.8,X, ,X,낮음
9/11/2025,충주(127),X,30.4,31.9,23.3,15.8,65.3,X,관심,X,낮음
9/11/2025,서산(129),X,29.5,30.3,24.7,18.9,70.9,X, ,X,낮음
9/11/2025,울진(130),X,29.6,28.8,23.6,18.3,77.6,X, ,X,낮음
9/11/2025,청주(131),X,29.7,31.8,25.9,19.6,55.1,X, ,X,낮음
9/11/2025,대전(133),X,29.9,29.9,24.9,19.3,69.6,X, ,X,낮음
9/11/2025,추풍령(135),X,28.5,28,21.9,14.9,77,X, ,X,낮음
9/11/2025,안동(136),X,29.4,30.5,23.4,16.3,69.5,X, ,X,낮음
9/11/2025,상주(137),X,31,31.3,23.7,18.6,73.4,X,관심,X,낮음
9/11/2025,포항(138),X,27.4,26.2,24.1,20.9,75.5,X, ,X,낮음
9/11/2025,군산(140),X,30,30.1,25.3,20.4,69.6,X,관심,X,낮음
9/11/2025,대구(143),X,28.6,28.2,23.2,18.2,73.9,X, ,X,낮음
9/11/2025,전주(146),X,30.1,30.6,25.2,19.1,67.1,X,관심,X,낮음
9/11/2025,울산(152),X,27.6,26.3,23.6,20.7,79.3,X, ,X,낮음
9/11/2025,창원(155),X,30.6,30.3,25.1,20.3,73,X,관심,X,낮음
9/11/2025,광주(156),X,31.9,31.4,24.9,20.4,75.1,X,관심,X,낮음
9/11/2025,부산(159),X,30.8,30.5,26,22.7,70.1,X, ,X,낮음
9/11/2025,통영(162),X,30.2,30,25.3,21.4,69.3,X,관심,X,낮음
9/11/2025,목포(165),X,31.1,30.5,26,21.8,77.1,X,관심,X,낮음
9/11/2025,여수(168),X,29,28.4,25.1,22.1,70.5,X, ,X,낮음
9/11/2025,흑산도(169),X,31.4,30.5,25.7,22.9,79.5,X,관심,X,낮음
9/11/2025,완도(170),X,32.6,32.3,25.9,20.7,77.4,X,관심,X,낮음
9/11/2025,고창(172),X,31,31,24.8,19,79,X,관심,X,낮음
9/11/2025,제주(184),X,29.8,28.2,26.5,24.9,77.8,O,주의,X,낮음
9/11/2025,진주(192),X,30.4,29.8,23.9,18.1,80.1,X,관심,X,낮음
9/11/2025,양평(202),X,29.7,31.1,23.1,15.1,66.1,X,관심,X,낮음
9/11/2025,이천(203),X,30.5,31.4,22.1,14.5,75,X, ,X,낮음
9/11/2025,인제(211),X,28.6,29.2,20,12.2,73.9,X, ,X,낮음
9/11/2025,홍천(212),X,30.2,31.7,21.7,12.7,68.8,X,관심,X,낮음
9/11/2025,태백(216),X,25.4,25.9,18.1,10.4,76.4,X, ,X,낮음
9/11/2025,정선군(217),X,29,30.6,20.6,12.4,71,X, ,X,낮음
9/11/2025,제천(221),X,28.9,29.8,21.7,12.7,67,X, ,X,낮음
9/11/2025,보은(226),X,28.3,29,22.6,16.9,74,X, ,X,낮음
9/11/2025,천안(232),X,29.1,29.9,23,15.8,71.6,X, ,X,낮음
9/11/2025,보령(235),X,30.7,31.3,25.8,19.2,66.1,X, ,X,낮음
9/11/2025,부여(236),X,30,30.1,24.3,18.1,75,X,관심,X,낮음
9/11/2025,금산(238),X,29.6,29.5,23.5,17.5,77.9,X, ,X,낮음
9/11/2025,세종(239),X,29.6,29.8,24.1,18.6,70.3,X, ,X,낮음
9/11/2025,부안(243),X,30.7,31.2,25.3,19.4,71.5,X,관심,X,낮음
9/11/2025,임실(244),X,29,28.9,23.5,16.9,73,X, ,X,낮음
9/11/2025,정읍(245),X,31.2,31.4,25.2,19,73.4,X,관심,X,낮음
9/11/2025,남원(247),X,30.2,29.7,24.5,19.3,74.1,X,관심,X,낮음
9/11/2025,장수(248),X,27.6,27.1,21.2,15.8,81.6,X, ,X,낮음
9/11/2025,영광군(252),X,30.8,31,24.8,19.4,77.8,X,관심,X,낮음
9/11/2025,김해시(253),X,31.2,30.3,24.8,20.5,77,X,관심,X,낮음
9/11/2025,순창군(254),X,30.2,30.3,24.2,18,72.9,X,관심,X,낮음
9/11/2025,양산시(257),X,31.6,31,26,22.3,76.3,X,관심,X,낮음
9/11/2025,강진군(259),X,31.1,30.7,25.2,19.7,79.3,X,관심,X,낮음
9/11/2025,장흥(260),X,30.4,29.9,24.9,18.9,77.4,X,관심,X,낮음
9/11/2025,해남(261),X,31.3,30.6,25.1,19,79.6,X,관심,X,낮음
9/11/2025,고흥(262),X,31.2,30.8,25.6,19.2,73.6,X,관심,X,낮음
9/11/2025,의령군(263),X,28.9,28.1,22.4,16.8,80.6,X, ,X,낮음
9/11/2025,함양군(264),X,29.7,29,22.7,18.4,81.8,X, ,X,낮음
9/11/2025,진도군ASOS(268),X,30.9,30.3,24.8,19.9,81.5,X,관심,X,낮음
9/11/2025,봉화(271),X,27.3,29.3,20.3,10.7,68.8,X, ,X,낮음
9/11/2025,영주(272),X,29.2,31.3,21.3,13.7,70.8,X, ,X,낮음
9/11/2025,문경(273),X,29.8,30.5,22.2,16.3,77.8,O, ,X,낮음
9/11/2025,청송군(276),X,29.1,28.8,21.3,15.8,83.6,X, ,X,낮음
9/11/2025,영덕(277),X,28.1,27.5,22.5,17.5,81.6,X, ,X,낮음
9/11/2025,의성(278),X,30.1,31,22.7,15.8,75.5,X, ,X,낮음
9/11/2025,구미(279),X,30.1,30.4,23.9,18.8,71.5,X, ,X,낮음
9/11/2025,영천(281),X,28.4,28.1,21.9,16.9,80.5,X, ,X,낮음
9/11/2025,경주시(283),X,27.3,25.7,23.5,20.7,81.4,X, ,X,낮음
9/11/2025,거창(284),X,29.1,28.7,21.9,17.8,80.4,X, ,X,낮음
9/11/2025,합천(285),X,30.3,29.8,23.3,18.9,84.4,X,관심,X,낮음
9/11/2025,밀양(288),X,30.4,30.2,24.8,19.6,74.3,X,관심,X,낮음
9/11/2025,산청(289),X,30.1,29.4,22.5,18.9,87,X,관심,X,낮음
9/11/2025,거제(294),X,29.9,29.3,24.7,20,74,X, ,X,낮음
9/11/2025,남해(295),X,30.1,29.3,24.5,20.4,78.3,X, ,X,낮음
9/11/2025,부천(433),X,29.6,32.7,26.8,21,51,X, ,X,낮음
9/11/2025,안양(434),X,,30.9,25.8,20.5,,X, ,X,낮음
9/11/2025,광명(437),X,29.9,32.8,27.6,22.7,45,X, ,X,낮음
9/11/2025,군포(438),X,29.3,31.8,25.7,19.8,50,X, ,X,낮음
9/11/2025,김포(441),X,30.5,32.8,25.4,17.9,64,X, ,X,낮음
9/11/2025,하남(444),X,29.8,30.8,24.2,15.4,63,X, ,X,낮음
9/11/2025,의왕(445),X,29.8,30.6,23.5,15.4,66,X, ,X,낮음
9/11/2025,포천(504),X,31.1,31.9,23.9,15.8,69,X, ,X,낮음
9/11/2025,가평조종(505),X,29.9,31,22.2,14.7,78,X, ,X,낮음
9/11/2025,안성(516),X,31.1,31.9,24.6,17.3,64,X, ,X,낮음
9/11/2025,간성(517),X,28.4,27.2,22.1,15.2,75,X, ,X,낮음
9/11/2025,평창(526),X,28.1,29.7,20.1,11.7,69,X, ,X,낮음
9/11/2025,의정부(532),X,30.7,31.6,23.9,17.1,68,X, ,X,낮음
9/11/2025,횡성(536),X,29.7,31.7,22,12,64,X,관심,X,낮음
9/11/2025,고양(540),X,,,,,,X,관심,X,낮음
9/11/2025,남양주(541),X,30.4,31.9,24.9,16.8,63,X, ,X,낮음
9/11/2025,안산(545),X,30.1,31.6,22.3,14.4,76,X, ,X,낮음
9/11/2025,경기광주(546),X,28.7,30.1,22.6,16,68,X, ,X,낮음
9/11/2025,여주(548),X,30.1,31.7,23.1,14.8,63,X, ,X,낮음
9/11/2025,용인(549),X,30.3,31.5,23.1,14.6,67,X, ,X,낮음
9/11/2025,오산(550),X,29.3,30.6,22.6,15.2,68,X, ,X,낮음
9/11/2025,평택(551),X,30,30.8,24.7,17.1,62,X, ,X,낮음
9/11/2025,화천(555),X,30.3,31.3,22,14.4,75,X, ,X,낮음
9/11/2025,양구(556),X,28.9,29.7,20.1,12.8,77,X, ,X,낮음
9/11/2025,시흥(565),X,29.4,31.6,24.2,16.6,66,X, ,X,낮음
9/11/2025,구리(569),X,30.2,31.1,24.3,17.1,63,X, ,X,낮음
9/11/2025,화성(571),X,29.8,32.2,25.3,18.6,56,X, ,X,낮음
9/11/2025,성남(572),X,28.7,30.4,23.5,16.3,65,X, ,X,낮음
9/11/2025,과천(590),X,29.3,30.9,22.8,15.5,71,X, ,X,낮음
9/11/2025,양주(598),X,30.8,32.7,23.6,15.5,70,X, ,X,낮음
9/11/2025,단양(601),X,29.7,32.2,21.9,14.3,66,X, ,X,낮음
9/11/2025,진천(602),X,29.3,30.6,21.8,14.9,75,X, ,X,낮음
9/11/2025,괴산(603),X,30.1,31.4,22.2,16.6,76,X, ,X,낮음
9/11/2025,옥천(604),X,29.9,30.1,23.8,18.6,74,X, ,X,낮음
9/11/2025,홍북(608),X,,,,,,X, ,X,낮음
9/11/2025,공주(612),X,29.5,29.8,24,17,70,X,관심,X,낮음
9/11/2025,서천(614),X,30,30,23.9,17.7,76,X, ,X,낮음
9/11/2025,논산(615),X,29.3,29.6,24.4,17.6,69,X, ,X,낮음
9/11/2025,당진(616),X,30.1,31.1,24.2,17.7,72,X, ,X,낮음
9/11/2025,청양(618),X,29.9,30,22.5,15.7,83,X, ,X,낮음
9/11/2025,음성(619),X,30,31,22.5,15.3,74,X, ,X,낮음
9/11/2025,증평(623),X,29.5,30.9,23.8,17.3,64,X, ,X,낮음
9/11/2025,태안(627),X,29.7,30.9,24.9,17.9,69,X, ,X,낮음
9/11/2025,예산(628),X,30,31,24.8,17.6,66,X, ,X,낮음
9/11/2025,아산(634),X,30.3,32.1,25.3,18,63,X, ,X,낮음
9/11/2025,계룡(636),X,29.1,28.6,23,15.1,75,X, ,X,낮음
9/11/2025,연천청산(652),X,30.4,31.8,22.9,16.1,72,X, ,X,낮음
9/11/2025,양양(670),X,28,26.6,22.2,16.2,76,X, ,X,낮음
9/11/2025,무안(699),X,31.1,30.5,25.4,20.2,78,X,관심,X,낮음
9/11/2025,무주(701),X,28.2,28.1,21.7,15.8,79,X, ,X,낮음
9/11/2025,익산(702),X,30.5,30.5,24.2,17.3,76,X,관심,X,낮음
9/11/2025,진안(703),X,28.2,28,22.5,16.5,76,X, ,X,낮음
9/11/2025,담양(706),X,31,31.1,24.9,18.6,76,X,관심,X,낮음
9/11/2025,구례(709),X,31.3,31.2,24.3,19.1,82,X,관심,X,낮음
9/11/2025,나주(710),X,31.4,30.9,24.3,18.9,83,X,관심,X,낮음
9/11/2025,순천시(712),X,31,30.5,25.8,19.9,71,X,관심,X,낮음
9/11/2025,광양읍(713),X,32,,,,,X,관심,X,낮음
9/11/2025,장성(730),X,31.5,31.3,24.3,18.7,81,X,관심,X,낮음
9/11/2025,영암(731),X,31.8,30.8,24.8,18.8,81,X,관심,X,낮음
9/11/2025,보성(732),X,29,28.5,24,19.6,78,X,관심,X,낮음
9/11/2025,완주(734),X,30.5,30.7,24,17.1,74,X, ,X,낮음
9/11/2025,김제(737),X,30.4,30.1,25.2,19.3,74,X,관심,X,낮음
9/11/2025,화순(741),X,32,31.2,24.4,19.6,79,X,관심,X,낮음
9/11/2025,함평(754),X,30.7,30.5,24.8,19.6,79,X,관심,X,낮음
9/11/2025,곡성(768),X,31.1,30.4,23.2,17.1,86,X,관심,X,낮음
9/11/2025,압해도(789),X,32.2,31,25.5,21.1,83,X,관심,X,낮음
9/11/2025,영양(801),X,27.4,27.9,21.2,15.6,78,X, ,X,낮음
9/11/2025,성주(810),X,30.3,30,23.3,17.7,82,X, ,X,낮음
9/11/2025,고령(812),X,29.3,29,22.8,18.6,85,X, ,X,낮음
9/11/2025,청도(813),X,28.8,27.4,22.8,17.4,83,X, ,X,낮음
9/11/2025,예천(815),X,30.2,31.7,23.1,16.7,69,X, ,X,낮음
9/11/2025,김천(822),X,30,29.9,22.2,17.3,80,X, ,X,낮음
9/11/2025,군위(823),X,29.8,29.8,22.7,17.4,80,X, ,X,낮음
9/11/2025,군위(823),X,29.8,29.8,22.7,17.4,80,X, ,X,낮음
9/11/2025,군위(823),X,29.8,29.8,22.7,17.4,80,X, ,X,낮음
9/11/2025,군위(823),X,29.8,29.8,22.7,17.4,80,X, ,X,낮음
9/11/2025,군위(823),X,29.8,29.8,22.7,17.4,80,X, ,X,낮음
9/11/2025,군위(823),X,29.8,29.8,22.7,17.4,80,X, ,X,낮음
9/11/2025,군위(823),X,29.8,29.8,22.7,17.4,80,X, ,X,낮음
9/11/2025,군위(823),X,29.8,29.8,22.7,17.4,80,X, ,X,낮음
9/11/2025,군위(823),X,29.8,29.8,22.7,17.4,80,X, ,X,낮음
9/11/2025,군위(823),X,29.8,29.8,22.7,17.4,80,X, ,X,낮음
9/11/2025,군위(823),X,29.8,29.8,22.7,17.4,80,X, ,X,낮음
9/11/2025,군위(823),X,29.8,29.8,22.7,17.4,80,X, ,X,낮음
9/11/2025,군위(823),X,29.8,29.8,22.7,17.4,80,X, ,X,낮음
9/11/2025,군위(823),X,29.8,29.8,22.7,17.4,80,X, ,X,낮음
9/11/2025,군위(823),X,29.8,29.8,22.7,17.4,80,X, ,X,낮음
9/11/2025,군위(823),X,29.8,29.8,22.7,17.4,80,X, ,X,낮음
9/11/2025,군위(823),X,29.8,29.8,22.7,17.4,80,X, ,X,낮음
9/11/2025,군위(823),X,29.8,29.8,22.7,17.4,80,X, ,X,낮음
9/11/2025,군위(823),X,29.8,29.8,22.7,17.4,80,X, ,X,낮음
9/11/2025,군위(823),X,29.8,29.8,22.7,17.4,80,X, ,X,낮음
9/11/2025,군위(823),X,29.8,29.8,22.7,17.4,80,X, ,X,낮음
9/11/2025,군위(823),X,29.8,29.8,22.7,17.4,80,X, ,X,낮음
9/11/2025,군위(823),X,29.8,29.8,22.7,17.4,80,X, ,X,낮음
9/11/2025,군위(823),X,29.8,29.8,22.7,17.4,80,X, ,X,낮음
9/11/2025,군위(823),X,29.8,29.8,22.7,17.4,80,X, ,X,낮음
9/11/2025,군위(823),X,29.8,29.8,22.7,17.4,80,X, ,X,낮음
9/11/2025,군위(823),X,29.8,29.8,22.7,17.4,80,X, ,X,낮음
9/11/2025,군위(823),X,29.8,29.8,22.7,17.4,80,X, ,X,낮음
9/11/2025,군위(823),X,29.8,29.8,22.7,17.4,80,X, ,X,낮음
9/11/2025,군위(823),X,29.8,29.8,22.7,17.4,80,X, ,X,낮음
9/11/2025,군위(823),X,29.8,29.8,22.7,17.4,80,X, ,X,낮음
9/11/2025,군위(823),X,29.8,29.8,22.7,17.4,80,X, ,X,낮음
9/11/2025,칠곡(825),X,30.4,30.6,23.8,19,84,X, ,X,낮음
9/11/2025,경산(827),X,29.9,29.4,23,18.1,79,X, ,X,낮음
9/11/2025,삼척(876),X,30,29.5,23.7,19,72,X, ,X,낮음
9/11/2025,속초(90),X,28.4,27.1,23.4,18.2,73.9,X, ,X,낮음
9/11/2025,삼천포(907),X,30.9,30.3,24.5,19.9,74,X,관심,X,낮음
9/11/2025,고성(918),X,30.6,29.8,24.1,18.9,80,X, ,X,낮음
9/11/2025,창녕(919),X,30.4,29.8,23.8,19,78,X,관심,X,낮음
9/11/2025,함안(920),X,30.8,30.3,22.8,16.7,84,X,관심,X,낮음
9/11/2025,북춘천(93),X,30.1,31,23,14.4,70.4,X, ,X,낮음
9/11/2025,하동(932),X,30.6,30.2,24.9,18.3,73,X,관심,X,낮음
9/11/2025,철원(95),X,29.8,31,23.1,14.8,70.3,X, ,X,낮음
9/11/2025,동두천(98),X,29.7,30.8,23.4,16.3,74,X, ,X,낮음
9/11/2025,파주(99),X,30.2,30,22.7,16.5,78.9,X,관심,X,낮음
9/12/2025,북강릉(104),X,28.7,27.7,22.5,19.8,86.5,X, ,X,낮음
9/12/2025,동해(106),X,28.6,27.7,22.5,19.6,86.5,X, ,X,낮음
9/12/2025,서울(108),X,26.8,26.3,23.9,21.1,68.8,X, ,X,낮음
9/12/2025,인천(112),X,27.1,26.7,23.9,20.6,69.4,X, ,X,낮음
9/12/2025,원주(114),X,26.9,26,21.9,19.3,80.4,X, ,X,낮음
9/12/2025,울릉도(115),X,27.9,26.3,24,22.6,82.4,X, ,X,낮음
9/12/2025,수원(119),X,25.7,25.3,22.7,20,69.8,X, ,X,낮음
9/12/2025,영월(121),X,26.9,26.2,20.2,16.6,86.3,X, ,X,낮음
9/12/2025,충주(127),X,26.6,26.2,22,19.7,78.3,X, ,X,낮음
9/12/2025,서산(129),X,26.5,25.2,22.4,20.4,84.5,X, ,X,낮음
9/12/2025,울진(130),X,27.7,26.1,22.9,20.6,86.6,X, ,X,낮음
9/12/2025,청주(131),X,27.5,27,23.4,21.3,73,X, ,X,낮음
9/12/2025,대전(133),X,27.4,26.2,22.8,21.4,83.3,X, ,X,낮음
9/12/2025,추풍령(135),X,25.2,23.6,20.9,18.7,86.5,X, ,X,낮음
9/12/2025,안동(136),X,27.6,26.5,22,18.6,84.4,X, ,X,낮음
9/12/2025,상주(137),X,26.9,25.2,21.8,19.8,87.1,X, ,X,낮음
9/12/2025,포항(138),X,26.7,25.3,24.2,23.5,78.8,X, ,X,낮음
9/12/2025,군산(140),X,27.2,25.6,23.2,22,81.5,X, ,X,낮음
9/12/2025,대구(143),X,27.6,26.4,23.3,21.4,82,X, ,X,낮음
9/12/2025,전주(146),X,28.9,27.4,24.1,22,81.8,X, ,X,낮음
9/12/2025,울산(152),X,27.6,25.7,23.9,22.9,82.5,X, ,X,낮음
9/12/2025,창원(155),X,30.1,28.8,25.4,22.2,79.3,X, ,X,낮음
9/12/2025,광주(156),X,28.5,26.7,24.4,22.1,80.9,X, ,X,낮음
9/12/2025,부산(159),X,30.8,30,26.5,24.2,73.9,X, ,O,낮음
9/12/2025,통영(162),X,30.6,29.7,25.8,23.3,75.1,X, ,X,낮음
9/12/2025,목포(165),X,30,28.3,25.7,23.3,82,X, ,O,낮음
9/12/2025,여수(168),X,28.1,26.7,24.9,23.6,77.6,X, ,X,낮음
9/12/2025,흑산도(169),X,28,26.2,24,22.6,87.8,X, ,X,낮음
9/12/2025,완도(170),X,30.2,28.6,25.6,23.1,81.5,X, ,X,낮음
9/12/2025,고창(172),X,29.1,26.8,24.3,21.4,89,X, ,X,낮음
9/12/2025,제주(184),O,33.3,34,28.3,23.4,73.9,O,주의,O,낮음
9/12/2025,진주(192),X,29.5,27.7,23.9,20.2,83.6,X, ,X,낮음
9/12/2025,양평(202),X,26.3,25.8,21.9,19.6,80.4,X, ,X,낮음
9/12/2025,이천(203),X,26.4,24.6,21.3,18.6,88.4,X, ,X,낮음
9/12/2025,인제(211),X,27.2,27.4,20.6,16.3,80.9,X, ,X,낮음
9/12/2025,홍천(212),X,26.8,25.9,21.1,17.3,84.9,X, ,X,낮음
9/12/2025,태백(216),X,23,21.5,18.4,14.8,87.8,X, ,X,낮음
9/12/2025,정선군(217),X,26.7,26.1,19.5,15.6,88.9,X, ,X,낮음
9/12/2025,제천(221),X,25.1,24.2,20.5,17.6,85,X, ,X,낮음
9/12/2025,보은(226),X,26.4,25.2,22,20,86,X, ,X,낮음
9/12/2025,천안(232),X,26.1,24.8,22.1,20.5,83,X, ,X,낮음
9/12/2025,보령(235),X,27.1,26.1,23.8,22.2,79.8,X, ,X,낮음
9/12/2025,부여(236),X,27.3,25.8,22.7,21.1,85.1,X, ,X,낮음
9/12/2025,금산(238),X,27.3,26,22.3,20.1,88,X, ,X,낮음
9/12/2025,세종(239),X,27.1,25.9,22.6,21.1,83,X, ,X,낮음
9/12/2025,부안(243),X,27.2,25.5,23.1,21.1,87.1,X, ,X,낮음
9/12/2025,임실(244),X,27.8,26.3,22.8,19.5,87.9,X, ,X,낮음
9/12/2025,정읍(245),X,28.9,27.3,24,21.3,85.4,X, ,X,낮음
9/12/2025,남원(247),X,27.3,25.8,24.1,23.1,79.4,X, ,X,낮음
9/12/2025,장수(248),X,26.7,25.5,21.1,17.6,93.1,X, ,X,낮음
9/12/2025,영광군(252),X,28.4,26.7,24.4,21.8,83.6,X, ,X,낮음
9/12/2025,김해시(253),X,30.3,28.5,25.5,23.1,80.8,X, ,X,낮음
9/12/2025,순창군(254),X,28,26.2,23.4,20.4,84.4,X, ,X,낮음
9/12/2025,양산시(257),X,30.7,29.4,26.1,24.5,80.8,X, ,X,낮음
9/12/2025,강진군(259),X,30.9,29.9,25.7,22.6,79.8,X, ,X,낮음
9/12/2025,장흥(260),X,30.6,29.3,25.8,22.4,77.3,X, ,X,낮음
9/12/2025,해남(261),X,31.1,29.8,25.9,24.1,80.1,X, ,X,낮음
9/12/2025,고흥(262),X,31.3,30.4,26.1,23.6,77,X, ,X,낮음
9/12/2025,의령군(263),X,27.7,26.2,23,19.9,83.8,X, ,X,낮음
9/12/2025,함양군(264),X,27,24.5,22.2,19.7,89,X, ,X,낮음
9/12/2025,진도군ASOS(268),X,30,28.6,25.6,22.1,83,X, ,O,낮음
9/12/2025,봉화(271),X,26.5,26.1,20.9,16.7,80,X, ,X,낮음
9/12/2025,영주(272),X,26.8,26.3,21.3,17.1,85.1,X, ,X,낮음
9/12/2025,문경(273),X,26.6,25.3,21.2,18.3,90.4,O, ,X,낮음
9/12/2025,청송군(276),X,27.4,25.7,21.8,18,93.8,X, ,X,낮음
9/12/2025,영덕(277),X,26.7,25.1,22.5,20.5,87.3,X, ,X,낮음
9/12/2025,의성(278),X,28.4,27.2,22,18.3,90,X, ,X,낮음
9/12/2025,구미(279),X,27,25.6,22.4,19.8,87,X, ,X,낮음
9/12/2025,영천(281),X,27.5,26.2,22.7,20,88.1,X, ,X,낮음
9/12/2025,경주시(283),X,27.5,25.5,23.4,21.8,88,X, ,X,낮음
9/12/2025,거창(284),X,27.6,26.3,21.9,18.8,87.1,X, ,X,낮음
9/12/2025,합천(285),X,27.8,26.2,23,20.6,91.8,X, ,X,낮음
9/12/2025,밀양(288),X,30.2,29.1,25.6,23.6,77.8,X, ,X,낮음
9/12/2025,산청(289),X,26.5,24.2,22.1,19.9,94.6,X, ,X,낮음
9/12/2025,거제(294),X,29.8,28.4,25.7,23.3,77.5,X, ,X,낮음
9/12/2025,남해(295),X,28.5,26.8,24.1,22.2,83,X, ,X,낮음
9/12/2025,부천(433),X,27,27.1,24.2,21,66,X, ,X,낮음
9/12/2025,안양(434),X,,26,23.7,20.7,,X, ,X,낮음
9/12/2025,광명(437),X,26.8,27.1,24.6,21.4,64,X, ,X,낮음
9/12/2025,군포(438),X,26.5,26.5,23.4,20,64,X, ,X,낮음
9/12/2025,김포(441),X,27.3,27,23.6,20.2,72,X, ,X,낮음
9/12/2025,하남(444),X,26.7,26.1,23.3,20.5,74,X, ,X,낮음
9/12/2025,의왕(445),X,26.8,25.2,21.9,19.5,79,X, ,X,낮음
9/12/2025,포천(504),X,28.1,28.6,22.5,18.8,79,X, ,X,낮음
9/12/2025,가평조종(505),X,27.1,26.9,21.3,17,87,X, ,X,낮음
9/12/2025,안성(516),X,26.2,25.2,22.5,20.9,80,X, ,X,낮음
9/12/2025,간성(517),X,28.4,27.3,22.3,18.1,82,X, ,X,낮음
9/12/2025,평창(526),X,25.5,25,19.4,15.8,86,X, ,X,낮음
9/12/2025,의정부(532),X,27.2,27.2,22.4,19.2,78,X, ,X,낮음
9/12/2025,횡성(536),X,26.7,26.3,21.2,17.6,81,X, ,X,낮음
9/12/2025,고양(540),X,,,,,,X, ,X,낮음
9/12/2025,남양주(541),X,27.3,27.1,23.6,20.6,72,X, ,X,낮음
9/12/2025,안산(545),X,27.5,26.3,22.1,19.2,82,X, ,X,낮음
9/12/2025,경기광주(546),X,25.5,24.6,21.5,19.4,80,X, ,X,낮음
9/12/2025,여주(548),X,26,24.4,21.2,19.3,84,X, ,X,낮음
9/12/2025,용인(549),X,26.4,25.4,22,19.6,78,X, ,X,낮음
9/12/2025,오산(550),X,26.1,24.8,22.1,19.9,76,X, ,X,낮음
9/12/2025,평택(551),X,26,24.6,22.2,20.5,83,X, ,X,낮음
9/12/2025,화천(555),X,28,27.5,21.3,16.9,86,X, ,X,낮음
9/12/2025,양구(556),X,28,28.1,20.5,15.6,83,X, ,X,낮음
9/12/2025,시흥(565),X,26.8,26.3,23.2,20.5,73,X, ,X,낮음
9/12/2025,구리(569),X,27,26.3,22.8,20,74,X, ,X,낮음
9/12/2025,화성(571),X,26.5,25.9,22.9,20.1,73,X, ,X,낮음
9/12/2025,성남(572),X,26.2,25.7,22.4,20,75,X, ,X,낮음
9/12/2025,과천(590),X,26.5,25.7,22.5,20.1,76,X, ,X,낮음
9/12/2025,양주(598),X,27.7,28.3,22.6,18.5,79,X, ,X,낮음
9/12/2025,단양(601),X,26.9,26.7,20.7,16.7,83,X, ,X,낮음
9/12/2025,진천(602),X,26,24.9,21.3,18.6,87,X, ,X,낮음
9/12/2025,괴산(603),X,27,25.9,21.2,17.7,88,X, ,X,낮음
9/12/2025,옥천(604),X,27,25.8,22.4,20,85,X, ,X,낮음
9/12/2025,홍북(608),X,,,,,,X, ,X,낮음
9/12/2025,공주(612),X,27.2,26,22.3,20.1,83,X, ,X,낮음
9/12/2025,서천(614),X,26.9,25.1,22.5,20.6,87,X, ,X,낮음
9/12/2025,논산(615),X,27.1,25.8,23,21.5,79,X, ,X,낮음
9/12/2025,당진(616),X,26.2,24.8,22.3,20.4,82,X, ,X,낮음
9/12/2025,청양(618),X,26.9,25.2,21.9,18.5,90,X, ,X,낮음
9/12/2025,음성(619),X,26.2,25.3,21.3,18.1,85,X, ,X,낮음
9/12/2025,증평(623),X,26.8,25.9,22.3,20.4,77,X, ,X,낮음
9/12/2025,태안(627),X,27.1,25.9,22.6,20.5,82,X, ,X,낮음
9/12/2025,예산(628),X,26.8,25.6,22.5,20.6,83,X, ,X,낮음
9/12/2025,아산(634),X,26.5,25.9,22.8,20.7,77,X, ,X,낮음
9/12/2025,계룡(636),X,26.9,25.3,22.4,20.1,86,X, ,X,낮음
9/12/2025,연천청산(652),X,27.8,28.1,22.1,17.6,78,X, ,X,낮음
9/12/2025,양양(670),X,27.7,26.5,22.4,19.3,84,X, ,X,낮음
9/12/2025,무안(699),X,29.3,27.7,24.9,21.9,82,X, ,O,낮음
9/12/2025,무주(701),X,27.1,25.6,21.6,19.1,88,X, ,X,낮음
9/12/2025,익산(702),X,28,26.4,23.5,21.3,85,X, ,X,낮음
9/12/2025,진안(703),X,26.2,24.5,21.8,20.1,88,X, ,X,낮음
9/12/2025,담양(706),X,28.3,26.4,23.8,20.9,87,X, ,X,낮음
9/12/2025,구례(709),X,29.4,27.8,24.9,20.4,84,X, ,X,낮음
9/12/2025,나주(710),X,29.2,27.6,24.1,21.1,86,X, ,X,낮음
9/12/2025,순천시(712),X,27.1,,,,,X, ,X,낮음
9/12/2025,광양읍(713),X,31.4,30.2,26.2,24.4,77,X, ,X,낮음
9/12/2025,장성(730),X,29.1,27.7,24.1,21.2,87,X, ,X,낮음
9/12/2025,영암(731),X,30.4,28.8,25.3,21.3,82,X, ,X,낮음
9/12/2025,보성(732),X,28.5,27.2,24.4,22,79,X, ,X,낮음
9/12/2025,완주(734),X,28,26.7,22.9,19.7,87,X, ,X,낮음
9/12/2025,김제(737),X,27.7,25.5,23.1,21.1,91,X, ,X,낮음
9/12/2025,화순(741),X,29.5,27.8,24.7,20.7,82,X, ,X,낮음
9/12/2025,함평(754),X,28.8,27.2,24.1,22.1,84,X, ,X,낮음
9/12/2025,곡성(768),X,28.7,26.2,23.6,19.5,91,X, ,X,낮음
9/12/2025,압해도(789),X,30.3,28.9,25,22.3,89,X, ,X,낮음
9/12/2025,영양(801),X,26.5,25.3,21.7,17.4,87,X, ,X,낮음
9/12/2025,성주(810),X,27.4,25.8,22.4,20.2,91,X, ,X,낮음
9/12/2025,고령(812),X,28.8,27.5,22.7,19.4,95,X, ,X,낮음
9/12/2025,청도(813),X,29.4,27.8,23.6,21.6,91,X, ,X,낮음
9/12/2025,예천(815),X,28.2,27.4,22.2,18.5,83,X, ,X,낮음
9/12/2025,김천(822),X,25.6,24.3,20.8,17.8,89,X, ,X,낮음
9/12/2025,군위(823),X,28.3,26.9,22,18.4,92,X, ,X,낮음
9/12/2025,군위(823),X,28.3,26.9,22,18.4,92,X, ,X,낮음
9/12/2025,군위(823),X,28.3,26.9,22,18.4,92,X, ,X,낮음
9/12/2025,군위(823),X,28.3,26.9,22,18.4,92,X, ,X,낮음
9/12/2025,군위(823),X,28.3,26.9,22,18.4,92,X, ,X,낮음
9/12/2025,군위(823),X,28.3,26.9,22,18.4,92,X, ,X,낮음
9/12/2025,군위(823),X,28.3,26.9,22,18.4,92,X, ,X,낮음
9/12/2025,군위(823),X,28.3,26.9,22,18.4,92,X, ,X,낮음
9/12/2025,군위(823),X,28.3,26.9,22,18.4,92,X, ,X,낮음
9/12/2025,군위(823),X,28.3,26.9,22,18.4,92,X, ,X,낮음
9/12/2025,군위(823),X,28.3,26.9,22,18.4,92,X, ,X,낮음
9/12/2025,군위(823),X,28.3,26.9,22,18.4,92,X, ,X,낮음
9/12/2025,군위(823),X,28.3,26.9,22,18.4,92,X, ,X,낮음
9/12/2025,군위(823),X,28.3,26.9,22,18.4,92,X, ,X,낮음
9/12/2025,군위(823),X,28.3,26.9,22,18.4,92,X, ,X,낮음
9/12/2025,군위(823),X,28.3,26.9,22,18.4,92,X, ,X,낮음
9/12/2025,군위(823),X,28.3,26.9,22,18.4,92,X, ,X,낮음
9/12/2025,군위(823),X,28.3,26.9,22,18.4,92,X, ,X,낮음
9/12/2025,군위(823),X,28.3,26.9,22,18.4,92,X, ,X,낮음
9/12/2025,군위(823),X,28.3,26.9,22,18.4,92,X, ,X,낮음
9/12/2025,군위(823),X,28.3,26.9,22,18.4,92,X, ,X,낮음
9/12/2025,군위(823),X,28.3,26.9,22,18.4,92,X, ,X,낮음
9/12/2025,군위(823),X,28.3,26.9,22,18.4,92,X, ,X,낮음
9/12/2025,군위(823),X,28.3,26.9,22,18.4,92,X, ,X,낮음
9/12/2025,군위(823),X,28.3,26.9,22,18.4,92,X, ,X,낮음
9/12/2025,군위(823),X,28.3,26.9,22,18.4,92,X, ,X,낮음
9/12/2025,군위(823),X,28.3,26.9,22,18.4,92,X, ,X,낮음
9/12/2025,군위(823),X,28.3,26.9,22,18.4,92,X, ,X,낮음
9/12/2025,군위(823),X,28.3,26.9,22,18.4,92,X, ,X,낮음
9/12/2025,군위(823),X,28.3,26.9,22,18.4,92,X, ,X,낮음
9/12/2025,군위(823),X,28.3,26.9,22,18.4,92,X, ,X,낮음
9/12/2025,군위(823),X,28.3,26.9,22,18.4,92,X, ,X,낮음
9/12/2025,칠곡(825),X,28,25.6,22.9,20.5,92,X, ,X,낮음
9/12/2025,경산(827),X,28.1,26.8,23.3,21.2,87,X, ,X,낮음
9/12/2025,삼척(876),X,28.9,28.4,22.8,20.6,84,X, ,X,낮음
9/12/2025,속초(90),X,28.6,27.6,23.3,19.4,78,X, ,X,낮음
9/12/2025,삼천포(907),X,30.7,29.4,24.5,21.3,82,X, ,X,낮음
9/12/2025,고성(918),X,30.1,28.7,24.9,21,83,X, ,X,낮음
9/12/2025,창녕(919),X,28.6,27.3,23.8,21.4,83,X, ,X,낮음
9/12/2025,함안(920),X,28.6,26.4,23.1,19.4,89,X, ,X,낮음
9/12/2025,북춘천(93),X,28.1,27.7,22,17.6,83.9,X, ,X,낮음
9/12/2025,하동(932),X,30.9,29.6,25.2,23.5,79,X, ,X,낮음
9/12/2025,철원(95),X,27.6,28,22,16.9,79.8,X, ,X,낮음
9/12/2025,동두천(98),X,27.6,27.8,22,18.2,83.4,X, ,X,낮음
9/12/2025,파주(99),X,28.4,27.8,21.8,18,87.4,X, ,X,낮음
9/13/2025,북강릉(104),X,23.8,20.6,19.7,19,99.3,X, ,X,낮음
9/13/2025,동해(106),X,24.5,21.5,20.5,19.5,95,X, ,X,낮음
9/13/2025,서울(108),X,28.2,27.6,23.3,20.4,81,X, ,X,낮음
9/13/2025,인천(112),X,27.2,25.6,22.8,20.2,86.1,X, ,X,낮음
9/13/2025,원주(114),X,26.6,24.5,22.2,19.5,89,X, ,X,낮음
9/13/2025,울릉도(115),X,29,27.4,22.5,20.9,90.1,X, ,X,낮음
9/13/2025,수원(119),X,27,25.7,22.9,20,82,X, ,X,낮음
9/13/2025,영월(121),X,26.5,24.5,21.1,19.4,91,X, ,X,낮음
9/13/2025,충주(127),X,28.7,26.7,23.7,20.7,86.3,X,관심,X,낮음
9/13/2025,서산(129),X,28.5,26.5,23.7,20.8,92.6,X, ,X,낮음
9/13/2025,울진(130),X,26.5,23.4,21.8,20.8,92,X, ,X,낮음
9/13/2025,청주(131),X,29.1,28.4,25.2,21.6,78.8,X,관심,X,낮음
9/13/2025,대전(133),X,31,30.1,25.1,21.7,83,X, ,X,낮음
9/13/2025,추풍령(135),X,29.5,28.1,23.6,21.1,87.4,X,관심,X,낮음
9/13/2025,안동(136),X,31.9,30.3,23.7,21,89.9,X, ,X,낮음
9/13/2025,상주(137),X,31.9,30.6,24.4,21,91,X, ,X,낮음
9/13/2025,포항(138),X,31,29.5,23.3,21.8,88.3,X, ,X,낮음
9/13/2025,군산(140),X,29,27,24.4,22.4,85.4,X, ,X,낮음
9/13/2025,대구(143),X,32.2,31.6,25,22.1,82.4,X,관심,X,낮음
9/13/2025,전주(146),X,29.5,27.4,25.2,23,84.9,X, ,X,낮음
9/13/2025,울산(152),X,31.4,29.7,23.8,20.6,90,X, ,X,낮음
9/13/2025,창원(155),O,33.4,31.5,26.5,24.1,89.9,X,관심,X,낮음
9/13/2025,광주(156),X,30.8,28.1,25.1,23.1,88.3,X,관심,X,낮음
9/13/2025,부산(159),X,31.2,29.2,25.9,23.2,86,X, ,X,낮음
9/13/2025,통영(162),X,31.7,29.6,26.6,24.6,87.1,X, ,X,낮음
9/13/2025,목포(165),X,31.5,29.2,26,23.7,92.5,X, ,X,낮음
9/13/2025,여수(168),X,30.3,27.8,25.7,24.2,91,X,관심,X,낮음
9/13/2025,흑산도(169),X,32.1,29.9,25.7,23.1,88.4,X,관심,X,낮음
9/13/2025,완도(170),X,31.7,29.8,26.9,24,86.5,X,관심,X,낮음
9/13/2025,고창(172),X,30.5,28.1,25,21.3,91.6,X,관심,X,낮음
9/13/2025,제주(184),X,32.7,31.6,28.7,26.8,73.9,O,주의,O,낮음
9/13/2025,진주(192),X,32.7,30.8,25.9,21.8,89.6,X,관심,X,낮음
9/13/2025,양평(202),X,27.1,26.5,22.5,19.9,84.1,X, ,X,낮음
9/13/2025,이천(203),X,27.7,26.1,22.2,19.8,91,X, ,X,낮음
9/13/2025,인제(211),X,24.2,22.6,19.7,17.8,87.1,X, ,X,낮음
9/13/2025,홍천(212),X,26.6,25.5,21.4,19.7,85.5,X, ,X,낮음
9/13/2025,태백(216),X,24.5,22,18.4,15.9,95.5,X, ,X,낮음
9/13/2025,정선군(217),X,25,23.4,20.2,18.9,89.9,X, ,X,낮음
9/13/2025,제천(221),X,26.7,23.4,21.2,19.4,94.4,X, ,X,낮음
9/13/2025,보은(226),X,29.9,28.7,24.4,21.6,89,X, ,X,낮음
9/13/2025,천안(232),X,28,26.1,23.5,20.8,94.1,X, ,X,낮음
9/13/2025,보령(235),X,29.5,27.8,24.7,22,86.6,X, ,X,낮음
9/13/2025,부여(236),X,30.3,28.9,25,21.6,87.4,X, ,X,낮음
9/13/2025,금산(238),X,30.5,29.1,25.3,21.7,83.9,X, ,X,낮음
9/13/2025,세종(239),X,29.2,27.9,24.4,21.4,87.9,X, ,X,낮음
9/13/2025,부안(243),X,29.3,26.9,25.1,22.1,84.3,X, ,X,낮음
9/13/2025,임실(244),X,30.2,28,24,21.2,91.4,X,관심,X,낮음
9/13/2025,정읍(245),X,30.5,28.6,25.4,21.7,86.3,X, ,X,낮음
9/13/2025,남원(247),X,30.8,29.1,25.7,22.6,86.9,X, ,X,낮음
9/13/2025,장수(248),X,29.1,27.6,24.1,21.8,88.8,X, ,X,낮음
9/13/2025,영광군(252),X,31,28.7,25.3,21.8,85.3,X,관심,X,낮음
9/13/2025,김해시(253),X,32,29.6,26.3,23.7,92.3,X,관심,X,낮음
9/13/2025,순창군(254),X,30.8,29.4,25.2,21.4,87.9,X, ,X,낮음
9/13/2025,양산시(257),O,33.7,32,26.6,23.4,90.1,X,관심,X,낮음
9/13/2025,강진군(259),X,32.4,31,26.6,23.1,87.4,X,관심,X,낮음
9/13/2025,장흥(260),X,32.1,30.8,26.6,22.7,86.5,X,관심,X,낮음
9/13/2025,해남(261),X,31.8,29.9,26.7,22.8,89.1,X,관심,X,낮음
9/13/2025,고흥(262),X,32.2,30.3,26.5,23.8,88,X,관심,X,낮음
9/13/2025,의령군(263),X,32.1,30.7,25.5,21.6,84.4,X, ,X,낮음
9/13/2025,함양군(264),X,31.8,30.5,25.2,21.7,86.4,X, ,X,낮음
9/13/2025,진도군ASOS(268),X,31.1,29.3,26.3,22,90.3,X,관심,X,낮음
9/13/2025,봉화(271),X,27.7,25.2,21.7,20.2,90.5,X, ,X,낮음
9/13/2025,영주(272),X,29.6,27.3,22.7,20.5,91,X, ,X,낮음
9/13/2025,문경(273),X,31.9,30.2,24,20.5,90.8,O, ,X,낮음
9/13/2025,청송군(276),X,30.9,28.5,23,19.7,95,X, ,X,낮음
9/13/2025,영덕(277),X,29.9,27.3,21.3,19.8,95.3,X, ,X,낮음
9/13/2025,의성(278),X,31.2,29.4,23.8,20.7,95.5,X, ,X,낮음
9/13/2025,구미(279),X,31.3,29.9,25,21.9,88.1,X,관심,X,낮음
9/13/2025,영천(281),X,31.3,30.1,23.5,20.9,90,X, ,X,낮음
9/13/2025,경주시(283),X,32.4,30.5,23.7,20.6,93.1,X,관심,X,낮음
9/13/2025,거창(284),X,32,30.5,24.8,21.3,87.3,X, ,X,낮음
9/13/2025,합천(285),X,32,29.6,25.7,22.4,94.1,X, ,X,낮음
9/13/2025,밀양(288),O,33.5,31.6,26.1,22.7,88.5,X, ,X,낮음
9/13/2025,산청(289),X,32.3,30,24.6,22.3,96.9,X, ,X,낮음
9/13/2025,거제(294),X,30.1,27.7,26.2,24.8,88.3,X,관심,X,낮음
9/13/2025,남해(295),X,31.9,30.1,26.8,22.8,84.9,X, ,X,낮음
9/13/2025,부천(433),X,28.3,28,23.6,20.5,79,X, ,X,낮음
9/13/2025,안양(434),X,,26.2,23.2,20.3,,X, ,X,낮음
9/13/2025,광명(437),X,27.9,27.8,24,20.1,75,X, ,X,낮음
9/13/2025,군포(438),X,27,26.2,23.1,19.9,77,X, ,X,낮음
9/13/2025,김포(441),X,28.7,27.3,22.6,19.7,88,X, ,X,낮음
9/13/2025,하남(444),X,27.4,26.1,22.7,20.2,,X, ,X,낮음
9/13/2025,의왕(445),X,27.9,25.8,22,19.5,94,X, ,X,낮음
9/13/2025,포천(504),X,27.4,26.4,21.8,19.4,86,X, ,X,낮음
9/13/2025,가평조종(505),X,27.4,26.4,21.5,18.6,92,X, ,X,낮음
9/13/2025,안성(516),X,27.7,25.8,23.1,20.9,93,X, ,X,낮음
9/13/2025,간성(517),X,24.1,21,19.4,18.6,96,X, ,X,낮음
9/13/2025,평창(526),X,24.9,22.7,20.2,18.8,92,X, ,X,낮음
9/13/2025,의정부(532),X,28.7,27.6,22.2,19.7,85,X, ,X,낮음
9/13/2025,횡성(536),X,26.1,24.7,21.6,19.5,88,X, ,X,낮음
9/13/2025,고양(540),X,,,,,,X, ,X,낮음
9/13/2025,남양주(541),X,28.6,28.1,23,20.1,83,X, ,X,낮음
9/13/2025,안산(545),X,28.6,26.7,22.7,20.3,91,X, ,X,낮음
9/13/2025,경기광주(546),X,26.6,25.2,21.3,19,87,X, ,X,낮음
9/13/2025,여주(548),X,28.3,27.1,21.9,19.5,91,X, ,X,낮음
9/13/2025,용인(549),X,28.4,27.6,22.2,19.9,90,X, ,X,낮음
9/13/2025,오산(550),X,28.2,26.5,22.5,19.9,89,X, ,X,낮음
9/13/2025,평택(551),X,28.4,25,22.8,20.7,99,X, ,X,낮음
9/13/2025,화천(555),X,26.6,25.5,21.2,18.4,87,X, ,X,낮음
9/13/2025,양구(556),X,24.8,23.6,20,17.2,87,X, ,X,낮음
9/13/2025,시흥(565),X,28.1,27.1,22.8,20,86,X, ,X,낮음
9/13/2025,구리(569),X,28.6,27.8,22.5,19.7,80,X, ,X,낮음
9/13/2025,화성(571),X,27.5,25.6,22.9,20.2,88,X, ,X,낮음
9/13/2025,성남(572),X,26.9,25.7,22.3,19.9,84,X, ,X,낮음
9/13/2025,과천(590),X,27.5,26.3,22.4,19.9,88,X, ,X,낮음
9/13/2025,양주(598),X,27.8,26.6,21.8,18.8,88,X, ,X,낮음
9/13/2025,단양(601),X,28.8,26.7,22,19.6,90,X, ,X,낮음
9/13/2025,진천(602),X,27.7,25.4,22.8,20,91,X, ,X,낮음
9/13/2025,괴산(603),X,29.2,27.6,24,20.5,88,X,관심,X,낮음
9/13/2025,옥천(604),X,31.5,30.5,25,21.5,85,X, ,X,낮음
9/13/2025,홍북(608),X,,,,,,X, ,X,낮음
9/13/2025,공주(612),X,30,28.8,24.8,21.1,85,X,관심,X,낮음
9/13/2025,서천(614),X,28.7,26.9,24,21.6,90,X, ,X,낮음
9/13/2025,논산(615),X,30.3,29,24.9,21.7,83,X, ,X,낮음
9/13/2025,당진(616),X,28.3,26.2,22.9,20.6,93,X, ,X,낮음
9/13/2025,청양(618),X,28.8,27.1,24,21.4,92,X, ,X,낮음
9/13/2025,음성(619),X,28.5,26.4,23.2,20.2,91,X,관심,X,낮음
9/13/2025,증평(623),X,28.5,27.3,24,21,86,X, ,X,낮음
9/13/2025,태안(627),X,27.8,25.4,23.4,20.9,91,X, ,X,낮음
9/13/2025,예산(628),X,28.3,26.9,24.1,21,89,X, ,X,낮음
9/13/2025,아산(634),X,28,26.3,23.6,21.2,89,X, ,X,낮음
9/13/2025,계룡(636),X,30.3,28.6,24.1,21.2,90,X, ,X,낮음
9/13/2025,연천청산(652),X,26.6,25.9,21.5,18.6,82,X, ,X,낮음
9/13/2025,양양(670),X,24,21.8,20.1,19,94,X, ,X,낮음
9/13/2025,무안(699),X,30.7,28.7,25.2,21.7,91,X,관심,X,낮음
9/13/2025,무주(701),X,29.4,27.5,24,20.7,89,X, ,X,낮음
9/13/2025,익산(702),X,29.8,27.8,24.8,22.1,88,X, ,X,낮음
9/13/2025,진안(703),X,29.1,27.3,23.8,21.2,89,X, ,X,낮음
9/13/2025,담양(706),X,31.9,29.4,25.2,21.7,92,X,관심,X,낮음
9/13/2025,구례(709),X,31.2,28.3,25.5,23.8,97,X, ,X,낮음
9/13/2025,나주(710),X,31,29.3,25.2,21.7,90,X,관심,X,낮음
9/13/2025,순천시(712),X,32.9,,,,,X, ,X,낮음
9/13/2025,광양읍(713),X,32.8,30.7,26.2,23.9,94,X, ,X,낮음
9/13/2025,장성(730),X,31.7,30.2,25.4,21.4,89,X,관심,X,낮음
9/13/2025,영암(731),X,32.2,30.1,26.3,22,90,X,관심,X,낮음
9/13/2025,보성(732),X,31.1,29.3,25.7,22.2,88,X,관심,X,낮음
9/13/2025,완주(734),X,30.3,28.6,25,21.6,87,X, ,X,낮음
9/13/2025,김제(737),X,28.9,26.9,24.8,22.6,89,X,관심,X,낮음
9/13/2025,화순(741),X,31.3,29.2,25.1,21.8,88,X, ,X,낮음
9/13/2025,함평(754),X,31.2,29.8,25.4,21.3,88,X,관심,X,낮음
9/13/2025,곡성(768),X,32.2,29.6,25.3,22.4,96,X,관심,X,낮음
9/13/2025,압해도(789),X,32.7,29.9,25.6,22.7,96,X,관심,X,낮음
9/13/2025,영양(801),X,30.2,27.9,21.9,19.6,98,X, ,X,낮음
9/13/2025,성주(810),X,32.3,30,25.1,22,90,X,관심,X,낮음
9/13/2025,고령(812),X,32.7,29.5,25,21.9,99,X, ,X,낮음
9/13/2025,청도(813),X,31.5,29.1,24.6,21.1,97,X, ,X,낮음
9/13/2025,예천(815),X,32.1,30.7,24.1,21.1,89,X, ,X,낮음
9/13/2025,김천(822),X,30.7,29.3,23.9,20.8,89,X,관심,X,낮음
9/13/2025,군위(823),X,31.7,29.9,24.2,21.5,93,X, ,X,낮음
9/13/2025,군위(823),X,31.7,29.9,24.2,21.5,93,X, ,X,낮음
9/13/2025,군위(823),X,31.7,29.9,24.2,21.5,93,X, ,X,낮음
9/13/2025,군위(823),X,31.7,29.9,24.2,21.5,93,X, ,X,낮음
9/13/2025,군위(823),X,31.7,29.9,24.2,21.5,93,X, ,X,낮음
9/13/2025,군위(823),X,31.7,29.9,24.2,21.5,93,X, ,X,낮음
9/13/2025,군위(823),X,31.7,29.9,24.2,21.5,93,X, ,X,낮음
9/13/2025,군위(823),X,31.7,29.9,24.2,21.5,93,X, ,X,낮음
9/13/2025,군위(823),X,31.7,29.9,24.2,21.5,93,X, ,X,낮음
9/13/2025,군위(823),X,31.7,29.9,24.2,21.5,93,X, ,X,낮음
9/13/2025,군위(823),X,31.7,29.9,24.2,21.5,93,X, ,X,낮음
9/13/2025,군위(823),X,31.7,29.9,24.2,21.5,93,X, ,X,낮음
9/13/2025,군위(823),X,31.7,29.9,24.2,21.5,93,X, ,X,낮음
9/13/2025,군위(823),X,31.7,29.9,24.2,21.5,93,X, ,X,낮음
9/13/2025,군위(823),X,31.7,29.9,24.2,21.5,93,X, ,X,낮음
9/13/2025,군위(823),X,31.7,29.9,24.2,21.5,93,X, ,X,낮음
9/13/2025,군위(823),X,31.7,29.9,24.2,21.5,93,X, ,X,낮음
9/13/2025,군위(823),X,31.7,29.9,24.2,21.5,93,X, ,X,낮음
9/13/2025,군위(823),X,31.7,29.9,24.2,21.5,93,X, ,X,낮음
9/13/2025,군위(823),X,31.7,29.9,24.2,21.5,93,X, ,X,낮음
9/13/2025,군위(823),X,31.7,29.9,24.2,21.5,93,X, ,X,낮음
9/13/2025,군위(823),X,31.7,29.9,24.2,21.5,93,X, ,X,낮음
9/13/2025,군위(823),X,31.7,29.9,24.2,21.5,93,X, ,X,낮음
9/13/2025,군위(823),X,31.7,29.9,24.2,21.5,93,X, ,X,낮음
9/13/2025,군위(823),X,31.7,29.9,24.2,21.5,93,X, ,X,낮음
9/13/2025,군위(823),X,31.7,29.9,24.2,21.5,93,X, ,X,낮음
9/13/2025,군위(823),X,31.7,29.9,24.2,21.5,93,X, ,X,낮음
9/13/2025,군위(823),X,31.7,29.9,24.2,21.5,93,X, ,X,낮음
9/13/2025,군위(823),X,31.7,29.9,24.2,21.5,93,X, ,X,낮음
9/13/2025,군위(823),X,31.7,29.9,24.2,21.5,93,X, ,X,낮음
9/13/2025,군위(823),X,31.7,29.9,24.2,21.5,93,X, ,X,낮음
9/13/2025,군위(823),X,31.7,29.9,24.2,21.5,93,X, ,X,낮음
9/13/2025,칠곡(825),X,32.5,30.3,25.3,22.4,97,X, ,X,낮음
9/13/2025,경산(827),X,32.9,31.8,24.7,21.2,86,X, ,X,낮음
9/13/2025,삼척(876),X,24.5,21.6,20.4,19.8,96,X, ,X,낮음
9/13/2025,속초(90),X,24.4,21.6,20.1,19,93.9,X, ,X,낮음
9/13/2025,삼천포(907),X,31.1,28.8,25.4,22.8,93,X, ,X,낮음
9/13/2025,고성(918),X,32.5,30.2,25.7,22.8,93,X,관심,X,낮음
9/13/2025,창녕(919),X,32.1,30.3,26,22.7,88,X, ,X,낮음
9/13/2025,함안(920),O,33.2,31.3,25.6,21.5,89,X, ,X,낮음
9/13/2025,북춘천(93),X,26.7,25.6,21.8,19.1,85.4,X, ,X,낮음
9/13/2025,하동(932),X,32.3,30.9,26.2,22.8,90,X, ,X,낮음
9/13/2025,철원(95),X,26,24.9,21,17.9,86.5,X, ,X,낮음
9/13/2025,동두천(98),X,26.8,25.3,21.4,18.8,90.4,X, ,X,낮음
9/13/2025,파주(99),X,28,26.8,21.5,18.8,89.3,X, ,X,낮음
9/14/2025,북강릉(104),X,29.6,27.9,22.6,18.2,87.9,X, ,X,낮음
9/14/2025,동해(106),X,28.7,26.9,22.6,19.2,86,X, ,X,낮음
9/14/2025,서울(108),X,29.2,29.3,24.8,21.5,72,X, ,X,낮음
9/14/2025,인천(112),X,29,27.8,24.3,21.2,78.9,X, ,X,낮음
9/14/2025,원주(114),X,28.3,27,22.4,20,85.8,X, ,X,낮음
9/14/2025,울릉도(115),X,28.2,26.6,23.6,20.6,83.6,X, ,X,낮음
9/14/2025,수원(119),X,28.9,28.5,23.9,20.6,77.5,X, ,X,낮음
9/14/2025,영월(121),X,28.7,27.3,22.1,19.4,90.1,X, ,X,낮음
9/14/2025,충주(127),X,29.2,27.9,23.4,20.7,86,X, ,X,낮음
9/14/2025,서산(129),X,29.5,27.8,23.9,20.7,89.8,X, ,X,낮음
9/14/2025,울진(130),X,27.8,25.9,23.2,20.3,84.3,X, ,X,낮음
9/14/2025,청주(131),X,29.8,29.5,26.1,23.5,71.3,X, ,X,낮음
9/14/2025,대전(133),X,30.3,29.5,25.3,22.7,78.4,X, ,X,낮음
9/14/2025,추풍령(135),X,28.5,27.3,22.7,19.7,86.8,X, ,X,낮음
9/14/2025,안동(136),X,28.4,26.8,22.6,20,87,X, ,X,낮음
9/14/2025,상주(137),X,29.3,27.6,23.1,19.8,89.1,X, ,X,낮음
9/14/2025,포항(138),X,28.4,27.2,23.5,20.6,84.9,X, ,X,낮음
9/14/2025,군산(140),X,29.4,28.1,24.7,22,83.3,X, ,X,낮음
9/14/2025,대구(143),X,29.1,28.7,24,20.6,78.4,X,관심,X,낮음
9/14/2025,전주(146),X,31.8,31.5,25.3,21.5,79.6,X, ,X,낮음
9/14/2025,울산(152),X,29.5,28,23.3,20.5,87.1,X, ,X,낮음
9/14/2025,창원(155),X,30.8,29.2,25.7,23.4,82.8,O,관심,X,낮음
9/14/2025,광주(156),X,30.2,29.2,25.2,21.9,80.3,X,관심,X,낮음
9/14/2025,부산(159),X,30.7,29.5,25.8,22.6,78.8,X, ,X,낮음
9/14/2025,통영(162),X,30.9,29.8,25.8,23.1,81.6,X, ,X,낮음
9/14/2025,목포(165),X,30,28.6,25.5,23.1,86.8,X, ,X,낮음
9/14/2025,여수(168),X,30.6,29.7,25.9,23.2,78.4,O,관심,X,낮음
9/14/2025,흑산도(169),X,32,30.2,24.8,22.4,84.9,X, ,X,낮음
9/14/2025,완도(170),X,32.8,31.7,25.7,22.7,83.1,X,관심,X,낮음
9/14/2025,고창(172),X,30.9,29.9,25.1,21,87.6,X,관심,X,낮음
9/14/2025,제주(184),X,31,30,27.4,25.7,77.5,O,관심,O,낮음
9/14/2025,진주(192),X,31.7,30.6,25.7,23.2,83.3,X,관심,X,낮음
9/14/2025,양평(202),X,28.6,28,22.9,20.3,84,X, ,X,낮음
9/14/2025,이천(203),X,29.5,28.1,23,20.3,90.1,X,관심,X,낮음
9/14/2025,인제(211),X,27.4,26.6,21.1,17.3,83.8,X, ,X,낮음
9/14/2025,홍천(212),X,28.9,28.5,22.5,18.8,82.4,X, ,X,낮음
9/14/2025,태백(216),X,25.6,24.9,19.8,16.2,85.5,X, ,X,낮음
9/14/2025,정선군(217),X,28.9,28,21.8,18.6,86,X, ,X,낮음
9/14/2025,제천(221),X,27.6,26.1,21.5,18.4,91.8,X, ,X,낮음
9/14/2025,보은(226),X,28.8,28,23.2,20.8,88.5,X, ,X,낮음
9/14/2025,천안(232),X,29.3,28.3,23.8,21,88.6,X, ,X,낮음
9/14/2025,보령(235),X,30.5,29.2,24.7,21.9,85.8,X, ,X,낮음
9/14/2025,부여(236),X,30.4,29.3,24.7,22,86.1,X, ,X,낮음
9/14/2025,금산(238),X,29.8,29.3,24.6,20.9,83.3,X, ,X,낮음
9/14/2025,세종(239),X,30.1,29,24.4,21.1,85.8,X, ,X,낮음
9/14/2025,부안(243),X,30,29.3,24.7,21.3,82.9,X, ,X,낮음
9/14/2025,임실(244),X,29.2,28.9,23.8,19.9,84,X, ,X,낮음
9/14/2025,정읍(245),X,31.4,31.3,25.3,21.2,81.1,X,관심,X,낮음
9/14/2025,남원(247),X,30.1,29.1,24.8,21.4,83.4,X, ,X,낮음
9/14/2025,장수(248),X,28.1,27.4,22.8,18.9,84.5,X, ,X,낮음
9/14/2025,영광군(252),X,30.7,29.5,25.1,21.2,84,X, ,X,낮음
9/14/2025,김해시(253),X,32.1,30.7,25.8,21.9,86,O,관심,X,낮음
9/14/2025,순창군(254),X,29.9,29.5,24.6,20.6,82.5,X, ,X,낮음
9/14/2025,양산시(257),X,32.6,31.5,26.2,23.3,83.4,O,관심,X,낮음
9/14/2025,강진군(259),X,31,30.1,25.5,21.9,86.3,X,관심,X,낮음
9/14/2025,장흥(260),X,31.1,30.2,25.2,21.3,88,X,관심,X,낮음
9/14/2025,해남(261),X,31.2,30.4,25.3,21.8,86.4,X,관심,X,낮음
9/14/2025,고흥(262),X,31.7,31.4,25.6,21.2,81,O,관심,X,낮음
9/14/2025,의령군(263),X,30.5,30.3,25.1,21.8,79.3,X,관심,X,낮음
9/14/2025,함양군(264),X,30.5,30.5,25.4,21.1,76.5,X,관심,X,낮음
9/14/2025,진도군ASOS(268),X,30.9,29.8,25.1,21.4,87,X,관심,X,낮음
9/14/2025,봉화(271),X,26.2,24.9,21,18.2,88.8,X, ,X,낮음
9/14/2025,영주(272),X,27.2,25.5,21.6,19.3,93.3,X, ,X,낮음
9/14/2025,문경(273),X,28.7,27,22.4,19.8,92.4,O, ,X,낮음
9/14/2025,청송군(276),X,29.4,27.8,22.4,19.5,91.8,X, ,X,낮음
9/14/2025,영덕(277),X,28.5,26.8,22.2,19.4,91.1,X, ,X,낮음
9/14/2025,의성(278),X,29,28.1,23.2,20.4,88.4,X, ,X,낮음
9/14/2025,구미(279),X,29.8,29,24,20.7,83.8,X, ,X,낮음
9/14/2025,영천(281),X,29.2,28.2,23,20,89.1,X, ,X,낮음
9/14/2025,경주시(283),X,30.2,28.6,23.2,20.5,91.9,X, ,X,낮음
9/14/2025,거창(284),X,30.6,29.5,24.8,21.4,80.1,X, ,X,낮음
9/14/2025,합천(285),X,30.6,29.7,25.1,22,85.6,O,관심,X,낮음
9/14/2025,밀양(288),X,32,31.2,25.1,22.1,83.8,O,관심,X,낮음
9/14/2025,산청(289),X,31.9,30.8,25.3,22,85.8,X,관심,X,낮음
9/14/2025,거제(294),X,30.6,29.7,25.6,22.6,78.5,X,관심,X,낮음
9/14/2025,남해(295),X,31.3,30.4,26,22,79,X, ,X,낮음
9/14/2025,부천(433),X,29.4,29.4,24.6,21.4,73,X, ,X,낮음
9/14/2025,안양(434),X,,28.4,24.6,22.1,,X, ,X,낮음
9/14/2025,광명(437),X,29.6,29.6,25.5,22.8,67,X, ,X,낮음
9/14/2025,군포(438),X,29,28.8,24.4,21.5,71,X, ,X,낮음
9/14/2025,김포(441),X,30.4,30.2,23.6,19.3,82,X, ,X,낮음
9/14/2025,하남(444),X,29.6,28.5,23.2,19.6,87,X,관심,X,낮음
9/14/2025,의왕(445),X,29.3,28,23.1,19.6,86,X, ,X,낮음
9/14/2025,포천(504),X,31,30.4,22.5,18.3,83,X, ,X,낮음
9/14/2025,가평조종(505),X,29.2,28.3,22.5,18.5,87,X, ,X,낮음
9/14/2025,안성(516),X,30.1,28.9,23.9,21.1,85,X, ,X,낮음
9/14/2025,간성(517),X,28.2,26.5,21.9,17.7,88,X, ,X,낮음
9/14/2025,평창(526),X,26.8,25.1,20.5,17.7,90,X, ,X,낮음
9/14/2025,의정부(532),X,30.1,29.3,23.3,19.6,80,X,관심,X,낮음
9/14/2025,횡성(536),X,27.9,26.4,21.7,19.4,90,X, ,X,낮음
9/14/2025,고양(540),X,,,,,,X, ,X,낮음
9/14/2025,남양주(541),X,30.2,29.5,24,20.8,77,X, ,X,낮음
9/14/2025,안산(545),X,30,28.9,23.2,19.3,86,X, ,X,낮음
9/14/2025,경기광주(546),X,29.1,28.2,22.7,18.6,83,X, ,X,낮음
9/14/2025,여주(548),X,28.9,27.2,22.7,20.2,90,X,관심,X,낮음
9/14/2025,용인(549),X,30,28.9,23.4,19.9,83,X, ,X,낮음
9/14/2025,오산(550),X,29.6,28.6,23.1,19.4,86,X, ,X,낮음
9/14/2025,평택(551),X,29.6,28.6,24.2,21.4,87,X, ,X,낮음
9/14/2025,화천(555),X,29.2,28.2,22.1,18.1,85,X, ,X,낮음
9/14/2025,양구(556),X,28,27.1,21.4,17.2,84,X, ,X,낮음
9/14/2025,시흥(565),X,29.2,28.3,23.7,20.1,83,X, ,X,낮음
9/14/2025,구리(569),X,29.2,29.3,23.7,20,77,X, ,X,낮음
9/14/2025,화성(571),X,29.4,28.8,24.1,20.8,80,X, ,X,낮음
9/14/2025,성남(572),X,28.4,27.7,23.4,19.9,78,X, ,X,낮음
9/14/2025,과천(590),X,29.1,28.4,22.9,19.5,84,X, ,X,낮음
9/14/2025,양주(598),X,29.3,29.4,22.6,17.5,82,X, ,X,낮음
9/14/2025,단양(601),X,28.5,27.7,22.6,19.8,86,X, ,X,낮음
9/14/2025,진천(602),X,29.5,28.4,23.5,20.5,87,X, ,X,낮음
9/14/2025,괴산(603),X,29.3,28.6,23.6,20.6,86,X, ,X,낮음
9/14/2025,옥천(604),X,30.8,29.8,24.5,20.8,84,X, ,X,낮음
9/14/2025,홍북(608),X,,,,,,X, ,X,낮음
9/14/2025,공주(612),X,30.4,29.7,24.6,21.4,84,X,관심,X,낮음
9/14/2025,서천(614),X,30,28.8,24.1,21.3,89,X, ,X,낮음
9/14/2025,논산(615),X,30.1,28.9,24.3,21.6,82,X, ,X,낮음
9/14/2025,당진(616),X,29.4,27.9,23.9,21.1,88,X, ,X,낮음
9/14/2025,청양(618),X,29.6,28.3,23.5,20.5,90,X, ,X,낮음
9/14/2025,음성(619),X,29.6,28.4,23.4,20.1,88,X, ,X,낮음
9/14/2025,증평(623),X,29.3,28.8,24.1,21.4,81,X, ,X,낮음
9/14/2025,태안(627),X,29.6,27.4,23.4,20,90,X, ,X,낮음
9/14/2025,예산(628),X,29.2,28,24.6,22,84,X, ,X,낮음
9/14/2025,아산(634),X,30,29.2,24.7,21.8,83,X, ,X,낮음
9/14/2025,계룡(636),X,29.9,28.7,23.5,19.8,89,X, ,X,낮음
9/14/2025,연천청산(652),X,29.6,29.2,22,16.8,81,X, ,X,낮음
9/14/2025,양양(670),X,28.2,26.4,23.5,19,81,X, ,X,낮음
9/14/2025,무안(699),X,30.6,29.5,24.5,21.4,90,X,관심,X,낮음
9/14/2025,무주(701),X,29.4,29.2,23.4,20,83,X, ,X,낮음
9/14/2025,익산(702),X,30.7,29.3,24.6,21.3,86,X, ,X,낮음
9/14/2025,진안(703),X,28.7,28.1,23,19.3,84,X, ,X,낮음
9/14/2025,담양(706),X,30.7,29.6,24.7,21.1,88,X,관심,X,낮음
9/14/2025,구례(709),X,31.1,30,25,21.4,87,X,관심,X,낮음
9/14/2025,나주(710),X,30.1,28.9,24.3,20.9,90,X,관심,X,낮음
9/14/2025,순천시(712),X,31.6,30,25.4,21.5,86,X,관심,X,낮음
9/14/2025,광양읍(713),O,33.2,32.8,26.2,21.8,84,X,관심,X,낮음
9/14/2025,장성(730),X,31.1,30.1,24.8,21,87,X,관심,X,낮음
9/14/2025,영암(731),X,30.8,30,25.3,21.1,86,X,관심,X,낮음
9/14/2025,보성(732),X,30.2,29.8,24.4,20.6,86,O,관심,X,낮음
9/14/2025,완주(734),X,30.6,29.9,24.2,20.5,86,X, ,X,낮음
9/14/2025,김제(737),X,30.6,29.4,24.6,21.7,86,X, ,X,낮음
9/14/2025,화순(741),X,31.2,30.4,24.7,21.2,83,X,관심,X,낮음
9/14/2025,함평(754),X,30.3,29.3,24.7,21.3,86,X,관심,X,낮음
9/14/2025,곡성(768),X,31,29.4,24.4,20.7,90,X,관심,X,낮음
9/14/2025,압해도(789),X,30.5,29.2,25,22.5,92,X, ,X,낮음
9/14/2025,영양(801),X,27.9,26,21.6,19,92,X, ,X,낮음
9/14/2025,성주(810),X,29.6,28,23.9,21.1,87,X, ,X,낮음
9/14/2025,고령(812),X,29.8,28.8,23.7,21.1,93,X,관심,X,낮음
9/14/2025,청도(813),X,30.3,28.9,23.6,20.6,93,X,관심,X,낮음
9/14/2025,예천(815),X,28.9,27.7,23.2,20.3,85,X, ,X,낮음
9/14/2025,김천(822),X,29.6,28.7,23.1,19.8,84,X, ,X,낮음
9/14/2025,군위(823),X,29.7,28.3,23.4,20.6,90,X, ,X,낮음
9/14/2025,군위(823),X,29.7,28.3,23.4,20.6,90,X, ,X,낮음
9/14/2025,군위(823),X,29.7,28.3,23.4,20.6,90,X, ,X,낮음
9/14/2025,군위(823),X,29.7,28.3,23.4,20.6,90,X, ,X,낮음
9/14/2025,군위(823),X,29.7,28.3,23.4,20.6,90,X, ,X,낮음
9/14/2025,군위(823),X,29.7,28.3,23.4,20.6,90,X, ,X,낮음
9/14/2025,군위(823),X,29.7,28.3,23.4,20.6,90,X, ,X,낮음
9/14/2025,군위(823),X,29.7,28.3,23.4,20.6,90,X, ,X,낮음
9/14/2025,군위(823),X,29.7,28.3,23.4,20.6,90,X, ,X,낮음
9/14/2025,군위(823),X,29.7,28.3,23.4,20.6,90,X, ,X,낮음
9/14/2025,군위(823),X,29.7,28.3,23.4,20.6,90,X, ,X,낮음
9/14/2025,군위(823),X,29.7,28.3,23.4,20.6,90,X, ,X,낮음
9/14/2025,군위(823),X,29.7,28.3,23.4,20.6,90,X, ,X,낮음
9/14/2025,군위(823),X,29.7,28.3,23.4,20.6,90,X, ,X,낮음
9/14/2025,군위(823),X,29.7,28.3,23.4,20.6,90,X, ,X,낮음
9/14/2025,군위(823),X,29.7,28.3,23.4,20.6,90,X, ,X,낮음
9/14/2025,군위(823),X,29.7,28.3,23.4,20.6,90,X, ,X,낮음
9/14/2025,군위(823),X,29.7,28.3,23.4,20.6,90,X, ,X,낮음
9/14/2025,군위(823),X,29.7,28.3,23.4,20.6,90,X, ,X,낮음
9/14/2025,군위(823),X,29.7,28.3,23.4,20.6,90,X, ,X,낮음
9/14/2025,군위(823),X,29.7,28.3,23.4,20.6,90,X, ,X,낮음
9/14/2025,군위(823),X,29.7,28.3,23.4,20.6,90,X, ,X,낮음
9/14/2025,군위(823),X,29.7,28.3,23.4,20.6,90,X, ,X,낮음
9/14/2025,군위(823),X,29.7,28.3,23.4,20.6,90,X, ,X,낮음
9/14/2025,군위(823),X,29.7,28.3,23.4,20.6,90,X, ,X,낮음
9/14/2025,군위(823),X,29.7,28.3,23.4,20.6,90,X, ,X,낮음
9/14/2025,군위(823),X,29.7,28.3,23.4,20.6,90,X, ,X,낮음
9/14/2025,군위(823),X,29.7,28.3,23.4,20.6,90,X, ,X,낮음
9/14/2025,군위(823),X,29.7,28.3,23.4,20.6,90,X, ,X,낮음
9/14/2025,군위(823),X,29.7,28.3,23.4,20.6,90,X, ,X,낮음
9/14/2025,군위(823),X,29.7,28.3,23.4,20.6,90,X, ,X,낮음
9/14/2025,군위(823),X,29.7,28.3,23.4,20.6,90,X, ,X,낮음
9/14/2025,칠곡(825),X,30.1,28.4,24.1,20.9,92,X, ,X,낮음
9/14/2025,경산(827),X,30,29.7,23.8,20.5,84,X,관심,X,낮음
9/14/2025,삼척(876),X,28.7,27.1,22.8,19.5,84,X, ,X,낮음
9/14/2025,속초(90),X,28.3,26.7,22.6,18.9,84.1,X, ,X,낮음
9/14/2025,삼천포(907),X,30.8,29,25.1,22.5,85,X,관심,X,낮음
9/14/2025,고성(918),X,30.9,29.6,25.6,23.1,86,X,관심,X,낮음
9/14/2025,창녕(919),X,31,30,24.9,21.5,84,O,관심,X,낮음
9/14/2025,함안(920),X,31.8,30.6,25.2,22.1,86,O,관심,X,낮음
9/14/2025,북춘천(93),X,29.2,28.2,22.6,18.9,84.9,X, ,X,낮음
9/14/2025,하동(932),X,31.4,31.2,26,22.7,82,X,관심,X,낮음
9/14/2025,철원(95),X,28.4,28.2,21.6,16.5,84.3,X, ,X,낮음
9/14/2025,동두천(98),X,29.5,28.5,22.2,17.3,87,X, ,X,낮음
9/14/2025,파주(99),X,29.6,28.7,21.9,16.5,85.9,X, ,X,낮음
9/15/2025,북강릉(104),X,30.5,30.2,24.5,19.8,78,X,관심,X,낮음
9/15/2025,동해(106),X,30.3,30.2,25,20.2,73.5,X,관심,X,낮음
9/15/2025,서울(108),X,30.8,30.7,25.7,20.8,71.6,X,관심,X,낮음
9/15/2025,인천(112),X,30.3,29.1,25.4,22.3,81.3,X,관심,X,낮음
9/15/2025,원주(114),X,29.8,29.7,23.6,19.6,83.3,X,관심,X,낮음
9/15/2025,울릉도(115),X,30.3,29.5,25.5,23,77,X,관심,X,낮음
9/15/2025,수원(119),X,29.8,29.5,24.7,19.6,76,X, ,X,낮음
9/15/2025,영월(121),X,29.5,28.6,22.7,19.5,87.1,X, ,X,낮음
9/15/2025,충주(127),X,30.8,30,23.9,20.8,84.9,X,관심,X,낮음
9/15/2025,서산(129),X,30.1,29.8,24.2,18.9,84.3,X,관심,X,낮음
9/15/2025,울진(130),X,29.9,29.3,24.6,19.9,79.9,X, ,X,낮음
9/15/2025,청주(131),X,30.2,29.7,26.3,22.6,73.3,X,관심,X,낮음
9/15/2025,대전(133),X,30.3,29.6,25.3,21.7,81,X,관심,X,낮음
9/15/2025,추풍령(135),X,30.2,29.4,24,19.9,83.1,X,관심,X,낮음
9/15/2025,안동(136),X,30.9,30.6,24.3,20.7,86.4,X,관심,X,낮음
9/15/2025,상주(137),X,30.8,30.2,24.4,21,87,X,관심,X,낮음
9/15/2025,포항(138),X,29.9,29.2,26,23.5,75.1,X,관심,X,낮음
9/15/2025,군산(140),X,29.9,28.8,25,21.8,83.3,X,관심,X,낮음
9/15/2025,대구(143),X,30.1,29.7,25.9,22.1,76.6,X,관심,X,낮음
9/15/2025,전주(146),X,31.3,30.8,26.3,22.5,78.1,X,관심,X,낮음
9/15/2025,울산(152),X,30.2,29.3,25.8,22.8,78.6,X, ,X,낮음
9/15/2025,창원(155),X,31.4,30,26,23.2,85.1,O,주의,X,낮음
9/15/2025,광주(156),X,29.4,27.2,24.7,23.1,88.4,X,관심,X,낮음
9/15/2025,부산(159),X,32.3,31.3,27.4,24.7,76.4,X, ,O,낮음
9/15/2025,통영(162),X,31.9,30.5,25.7,23,83.9,X, ,X,낮음
9/15/2025,목포(165),X,30.9,28.3,25.6,24.2,93.8,X,관심,X,낮음
9/15/2025,여수(168),X,29.6,27.6,25.3,23.8,87.1,O,주의,X,낮음
9/15/2025,흑산도(169),X,31.4,29,25,22.6,92,X, ,X,낮음
9/15/2025,완도(170),X,31,29,25.6,23.4,90.5,X,관심,X,낮음
9/15/2025,고창(172),X,29.9,27.6,25.3,22.7,90.3,X,관심,X,낮음
9/15/2025,제주(184),X,32.7,31.7,27.6,25.1,78.6,O,주의,O,낮음
9/15/2025,진주(192),X,30.8,29,25.1,22.3,89.5,X,관심,X,낮음
9/15/2025,양평(202),X,28.2,28,22.6,19.7,85,X, ,X,낮음
9/15/2025,이천(203),X,29.4,28,22.9,20.1,91.6,X,관심,X,낮음
9/15/2025,인제(211),X,29.2,28.6,22.1,18.3,84,X, ,X,낮음
9/15/2025,홍천(212),X,29.2,28.5,23.1,19.5,84.8,X,관심,X,낮음
9/15/2025,태백(216),X,28.6,30,21.8,15,73.1,X, ,X,낮음
9/15/2025,정선군(217),X,32,32.5,22.8,17.9,80.8,X,관심,X,낮음
9/15/2025,제천(221),X,29,28.5,21.9,18,89.9,X,관심,X,낮음
9/15/2025,보은(226),X,29.1,28.1,23.3,20,88.5,X, ,X,낮음
9/15/2025,천안(232),X,29.6,28.8,23.6,19.4,87.6,X,관심,X,낮음
9/15/2025,보령(235),X,30.4,29.6,24.9,20.6,82,X,관심,X,낮음
9/15/2025,부여(236),X,30.1,29.2,24.4,20.9,86.1,X,관심,X,낮음
9/15/2025,금산(238),X,30.5,29.9,25,21.5,85.5,X,관심,X,낮음
9/15/2025,세종(239),X,29.6,28.3,24.3,21.4,87.4,X,관심,X,낮음
9/15/2025,부안(243),X,29.7,28.7,25.1,21.8,84.9,X,관심,X,낮음
9/15/2025,임실(244),X,28.4,26.9,23.6,21.1,89.1,X,관심,X,낮음
9/15/2025,정읍(245),X,30.1,28.7,25.3,22.5,86.8,X,관심,X,낮음
9/15/2025,남원(247),X,28.5,26,24,21.7,92,X,관심,X,낮음
9/15/2025,장수(248),X,28.4,27.4,22.9,19.3,90.1,X, ,X,낮음
9/15/2025,영광군(252),X,29.6,27.7,25,22.7,87.8,X,관심,X,낮음
9/15/2025,김해시(253),X,32.6,31.1,26.6,23.7,86.3,O,관심,X,낮음
9/15/2025,순창군(254),X,29.5,27.6,24.2,22,89.8,X,관심,X,낮음
9/15/2025,양산시(257),O,33.2,32.5,27.5,24.1,84.9,O,주의,X,낮음
9/15/2025,강진군(259),X,31.2,29.3,25.6,23.5,92.4,X,관심,X,낮음
9/15/2025,장흥(260),X,30.9,29,25.3,23.3,92.8,X,관심,X,낮음
9/15/2025,해남(261),X,31.8,30,25.5,23.4,93,X,관심,X,낮음
9/15/2025,고흥(262),X,32.4,30.7,25.4,23.1,91.1,O,주의,X,낮음
9/15/2025,의령군(263),X,29.6,28.6,25,21.5,78.9,X,관심,X,낮음
9/15/2025,함양군(264),X,29.9,27.7,24.1,21.1,90.6,X,관심,X,낮음
9/15/2025,진도군ASOS(268),X,31.9,30.3,25.2,23,94.4,X,관심,X,낮음
9/15/2025,봉화(271),X,29,29.2,22.2,17.4,85.8,X,관심,X,낮음
9/15/2025,영주(272),X,29.2,28.5,22.7,18.9,85.1,X, ,X,낮음
9/15/2025,문경(273),X,30.2,29.3,23.4,19.5,88.9,O, ,X,낮음
9/15/2025,청송군(276),X,32.3,32,24.3,19.6,88.3,X,관심,X,낮음
9/15/2025,영덕(277),X,30.6,30.9,24.6,21.1,75.4,X,관심,X,낮음
9/15/2025,의성(278),X,30.7,31.1,24.5,20.4,85.5,X,관심,X,낮음
9/15/2025,구미(279),X,31.2,31,25.8,21.6,79,X,관심,X,낮음
9/15/2025,영천(281),X,30.2,29.7,25.1,20.8,82.9,X,관심,X,낮음
9/15/2025,경주시(283),X,31.7,31.3,25.9,21.9,84,X,관심,X,낮음
9/15/2025,거창(284),X,29.8,28.4,24.1,20.5,85.8,X,관심,X,낮음
9/15/2025,합천(285),X,30.1,28.5,24.9,22.4,90.9,O,주의,X,낮음
9/15/2025,밀양(288),X,32,30.9,26.5,22.7,81.5,O,주의,X,낮음
9/15/2025,산청(289),X,29.5,27.8,24.3,21.5,93.5,X,관심,X,낮음
9/15/2025,거제(294),X,30.7,29.6,25.6,23,86.3,X, ,X,낮음
9/15/2025,남해(295),X,29.4,27.7,24.9,23.2,87.9,X, ,X,낮음
9/15/2025,부천(433),X,30.7,30.8,25.7,21.2,74,X,관심,X,낮음
9/15/2025,안양(434),X,,29.5,25.5,21.4,,X, ,X,낮음
9/15/2025,광명(437),X,30.7,31.5,26.7,22.5,68,X, ,X,낮음
9/15/2025,군포(438),X,29.7,30,25.1,20.7,72,X, ,X,낮음
9/15/2025,김포(441),X,31.9,31.5,24.6,19.6,83,X,관심,X,낮음
9/15/2025,하남(444),X,29.8,29,23.7,19,,X,관심,X,낮음
9/15/2025,의왕(445),X,30.6,29.7,23.8,18.8,86,X, ,X,낮음
9/15/2025,포천(504),X,30.8,30.1,22.9,17.3,86,X, ,X,낮음
9/15/2025,가평조종(505),X,30,29.4,22.3,18.1,89,X, ,X,낮음
9/15/2025,안성(516),X,31.2,30.6,24.3,19.4,82,X,관심,X,낮음
9/15/2025,간성(517),X,29.8,29.5,23.5,18.1,75,X,관심,X,낮음
9/15/2025,평창(526),X,29.6,29.8,21.9,17.7,85,X, ,X,낮음
9/15/2025,의정부(532),X,30.3,29.6,23.6,18.8,81,X,관심,X,낮음
9/15/2025,횡성(536),X,29.9,30.3,23.3,19.2,83,X, ,X,낮음
9/15/2025,고양(540),X,,,,,,X, ,X,낮음
9/15/2025,남양주(541),X,30.3,30.6,24.4,18.9,77,X, ,X,낮음
9/15/2025,안산(545),X,31.1,30.6,23.8,17.9,86,X, ,X,낮음
9/15/2025,경기광주(546),X,29.5,28.5,22.1,18.6,87,X, ,X,낮음
9/15/2025,여주(548),X,29.7,28.4,22.8,20,91,X, ,X,낮음
9/15/2025,용인(549),X,30.4,29.8,23.4,19.6,84,X,관심,X,낮음
9/15/2025,오산(550),X,30.4,29.8,23.5,18.5,83,X, ,X,낮음
9/15/2025,평택(551),X,30.9,30.3,24.7,20.5,85,X,관심,X,낮음
9/15/2025,화천(555),X,29.2,28.5,22.1,18.5,88,X, ,X,낮음
9/15/2025,양구(556),X,28.9,28.7,22.3,19,84,X, ,X,낮음
9/15/2025,시흥(565),X,30.4,30.3,24.4,18.8,82,X, ,X,낮음
9/15/2025,구리(569),X,30.1,30.1,24.1,19.3,78,X, ,X,낮음
9/15/2025,화성(571),X,30.4,30.4,25,20.3,81,X,관심,X,낮음
9/15/2025,성남(572),X,29.1,28.3,23.6,19.5,78,X, ,X,낮음
9/15/2025,과천(590),X,30.2,29.8,23.4,18.5,84,X, ,X,낮음
9/15/2025,양주(598),X,31.2,31.1,23.4,17.6,85,X,관심,X,낮음
9/15/2025,단양(601),X,29.4,29.1,22.8,19.6,86,X, ,X,낮음
9/15/2025,진천(602),X,29.7,29.1,23.1,19.2,87,X, ,X,낮음
9/15/2025,괴산(603),X,29.9,29.5,23.7,20.5,87,X,관심,X,낮음
9/15/2025,옥천(604),X,30.1,29.6,24.8,21,85,X, ,X,낮음
9/15/2025,홍북(608),X,,,,,,X,관심,X,낮음
9/15/2025,공주(612),X,30.2,29.3,24.3,20.7,87,X,관심,X,낮음
9/15/2025,서천(614),X,29.9,28.8,24.3,20.5,87,X,관심,X,낮음
9/15/2025,논산(615),X,30,29.6,24.4,20.3,82,X,관심,X,낮음
9/15/2025,당진(616),X,30.5,30,24.1,19,83,X,관심,X,낮음
9/15/2025,청양(618),X,29.4,28.1,23.1,19.2,91,X,관심,X,낮음
9/15/2025,음성(619),X,30.7,29.8,23.2,19.8,89,X,관심,X,낮음
9/15/2025,증평(623),X,29.1,28.8,24.2,19.8,80,X, ,X,낮음
9/15/2025,태안(627),X,30.6,30.1,24,19,85,X,관심,X,낮음
9/15/2025,예산(628),X,30.3,29.4,24.1,19.9,86,X,관심,X,낮음
9/15/2025,아산(634),X,30.4,30,24.4,19.8,84,X,관심,X,낮음
9/15/2025,계룡(636),X,29.7,28.9,23.2,18.2,89,X,관심,X,낮음
9/15/2025,연천청산(652),X,30.2,29.5,22.6,17.3,82,X, ,X,낮음
9/15/2025,양양(670),X,30.1,29.9,26.3,23.3,67,X,관심,X,낮음
9/15/2025,무안(699),X,29.9,27.6,24.8,23.3,93,X,관심,X,낮음
9/15/2025,무주(701),X,30.1,28.9,23.6,19.9,85,X,관심,X,낮음
9/15/2025,익산(702),X,30.7,30,25.5,21.4,83,X,관심,X,낮음
9/15/2025,진안(703),X,28.7,27.3,23.1,19.7,89,X,관심,X,낮음
9/15/2025,담양(706),X,30,27.7,24.7,22.3,92,X,관심,X,낮음
9/15/2025,구례(709),X,29.8,27.5,24.4,22,93,X,관심,X,낮음
9/15/2025,나주(710),X,30.2,28.1,24.2,22.8,94,X,관심,X,낮음
9/15/2025,순천시(712),X,31.1,29.2,25.3,23.1,90,O,관심,X,낮음
9/15/2025,광양읍(713),X,32.1,30.2,25.7,22.8,89,O,관심,X,낮음
9/15/2025,장성(730),X,30.3,28.3,24.7,22.7,91,X,관심,X,낮음
9/15/2025,영암(731),X,31.4,29.2,25,23.2,94,X,관심,X,낮음
9/15/2025,보성(732),X,29.7,27.9,24.4,22.4,91,O,주의,X,낮음
9/15/2025,완주(734),X,30.8,29.3,24.7,21.1,87,X,관심,X,낮음
9/15/2025,김제(737),X,30.4,29.2,25.3,21.9,86,X,관심,X,낮음
9/15/2025,화순(741),X,30.2,28,24.2,22.2,90,X,관심,X,낮음
9/15/2025,함평(754),X,29,26.6,24.6,23.2,92,X,관심,X,낮음
9/15/2025,곡성(768),X,28.8,25.9,23.7,21.8,98,X,관심,X,낮음
9/15/2025,압해도(789),X,30.5,27.8,25.1,23.6,97,X,관심,X,낮음
9/15/2025,영양(801),X,31.2,31.4,23.4,19.3,87,X, ,X,낮음
9/15/2025,성주(810),X,31,29.7,24.8,21.4,88,X, ,X,낮음
9/15/2025,고령(812),X,30.6,29.3,24.3,21.6,95,X,관심,X,낮음
9/15/2025,청도(813),X,31.4,30.2,25.1,21.3,92,X, ,X,낮음
9/15/2025,예천(815),X,30.1,29.9,23.7,20.6,83,X,관심,X,낮음
9/15/2025,김천(822),X,30.7,30.2,24.6,20,81,X,관심,X,낮음
9/15/2025,군위(823),X,31.9,31.2,24.9,21,87,X,관심,X,낮음
9/15/2025,군위(823),X,31.9,31.2,24.9,21,87,X,관심,X,낮음
9/15/2025,군위(823),X,31.9,31.2,24.9,21,87,X,관심,X,낮음
9/15/2025,군위(823),X,31.9,31.2,24.9,21,87,X,관심,X,낮음
9/15/2025,군위(823),X,31.9,31.2,24.9,21,87,X,관심,X,낮음
9/15/2025,군위(823),X,31.9,31.2,24.9,21,87,X,관심,X,낮음
9/15/2025,군위(823),X,31.9,31.2,24.9,21,87,X,관심,X,낮음
9/15/2025,군위(823),X,31.9,31.2,24.9,21,87,X,관심,X,낮음
9/15/2025,군위(823),X,31.9,31.2,24.9,21,87,X,관심,X,낮음
9/15/2025,군위(823),X,31.9,31.2,24.9,21,87,X,관심,X,낮음
9/15/2025,군위(823),X,31.9,31.2,24.9,21,87,X,관심,X,낮음
9/15/2025,군위(823),X,31.9,31.2,24.9,21,87,X,관심,X,낮음
9/15/2025,군위(823),X,31.9,31.2,24.9,21,87,X,관심,X,낮음
9/15/2025,군위(823),X,31.9,31.2,24.9,21,87,X,관심,X,낮음
9/15/2025,군위(823),X,31.9,31.2,24.9,21,87,X,관심,X,낮음
9/15/2025,군위(823),X,31.9,31.2,24.9,21,87,X,관심,X,낮음
9/15/2025,군위(823),X,31.9,31.2,24.9,21,87,X,관심,X,낮음
9/15/2025,군위(823),X,31.9,31.2,24.9,21,87,X,관심,X,낮음
9/15/2025,군위(823),X,31.9,31.2,24.9,21,87,X,관심,X,낮음
9/15/2025,군위(823),X,31.9,31.2,24.9,21,87,X,관심,X,낮음
9/15/2025,군위(823),X,31.9,31.2,24.9,21,87,X,관심,X,낮음
9/15/2025,군위(823),X,31.9,31.2,24.9,21,87,X,관심,X,낮음
9/15/2025,군위(823),X,31.9,31.2,24.9,21,87,X,관심,X,낮음
9/15/2025,군위(823),X,31.9,31.2,24.9,21,87,X,관심,X,낮음
9/15/2025,군위(823),X,31.9,31.2,24.9,21,87,X,관심,X,낮음
9/15/2025,군위(823),X,31.9,31.2,24.9,21,87,X,관심,X,낮음
9/15/2025,군위(823),X,31.9,31.2,24.9,21,87,X,관심,X,낮음
9/15/2025,군위(823),X,31.9,31.2,24.9,21,87,X,관심,X,낮음
9/15/2025,군위(823),X,31.9,31.2,24.9,21,87,X,관심,X,낮음
9/15/2025,군위(823),X,31.9,31.2,24.9,21,87,X,관심,X,낮음
9/15/2025,군위(823),X,31.9,31.2,24.9,21,87,X,관심,X,낮음
9/15/2025,군위(823),X,31.9,31.2,24.9,21,87,X,관심,X,낮음
9/15/2025,칠곡(825),X,31.2,30,25.5,22.1,90,X,관심,X,낮음
9/15/2025,경산(827),X,30.5,29.7,25.8,22,82,X,관심,X,낮음
9/15/2025,삼척(876),X,31.6,32.6,25.9,20,69,X,관심,X,낮음
9/15/2025,속초(90),X,29.7,29.7,24.8,20.9,71.6,X,관심,X,낮음
9/15/2025,삼천포(907),X,30.1,28.2,24.5,22.8,91,X,관심,X,낮음
9/15/2025,고성(918),X,31.3,30,25.6,22.5,89,X,관심,X,낮음
9/15/2025,창녕(919),X,30.9,29.5,25.6,22.6,86,O,주의,X,낮음
9/15/2025,함안(920),X,31.1,29.4,25.2,21.9,88,O,주의,X,낮음
9/15/2025,북춘천(93),X,29.7,28.9,22.6,18.5,87.3,X,관심,X,낮음
9/15/2025,하동(932),X,30.9,29.5,25.5,22.5,87,X,관심,X,낮음
9/15/2025,철원(95),X,29.9,29.2,22.3,16.7,86,X, ,X,낮음
9/15/2025,동두천(98),X,30.5,29.3,23.3,18.2,87,X, ,X,낮음
9/15/2025,파주(99),X,30.2,28.6,22.4,17.6,91.6,X,관심,X,낮음
9/16/2025,북강릉(104),X,30.4,29.4,25.3,20.2,77.8,X, ,X,낮음
9/16/2025,동해(106),X,30.2,29.3,25,21.4,78.5,X, ,X,낮음
9/16/2025,서울(108),X,29.2,27.1,23.7,22.2,86.8,X,관심,X,낮음
9/16/2025,인천(112),X,29.6,27.2,24,22.1,92.5,X,관심,X,낮음
9/16/2025,원주(114),X,30.2,28.8,23.5,20.6,87.8,X,관심,X,낮음
9/16/2025,울릉도(115),X,30.8,29.9,26.3,23.8,81.8,X, ,O,낮음
9/16/2025,수원(119),X,30.8,29.6,23.3,20.9,90.5,X, ,X,낮음
9/16/2025,영월(121),X,31.1,29.9,22.8,19.3,91,X, ,X,낮음
9/16/2025,충주(127),X,31.5,30.2,24,20.2,88.4,X,관심,X,낮음
9/16/2025,서산(129),X,31.4,29.6,24.2,20.9,93.6,X, ,X,낮음
9/16/2025,울진(130),X,29.9,28.3,25.3,22,78.5,O,관심,X,낮음
9/16/2025,청주(131),X,32.1,31.7,26.4,24,77.3,X,관심,X,낮음
9/16/2025,대전(133),X,32.4,31.5,25.8,23.3,88,X,관심,X,낮음
9/16/2025,추풍령(135),X,31.5,30.9,25.6,21.6,81.3,X,관심,X,낮음
9/16/2025,안동(136),X,32.6,31.8,25.9,21.1,84.1,O,관심,X,낮음
9/16/2025,상주(137),O,33.3,32.5,26.2,22.3,83.3,O,관심,X,낮음
9/16/2025,포항(138),O,33.2,33.9,28.6,24.6,69.6,O,관심,O,낮음
9/16/2025,군산(140),X,32.2,30.9,27.1,23.5,84.1,X,관심,X,낮음
9/16/2025,대구(143),O,33.5,34,27.5,22.9,74.9,O,관심,X,낮음
9/16/2025,전주(146),O,33.3,32.4,27.8,24.3,78,X,관심,O,낮음
9/16/2025,울산(152),X,32.9,32.8,27.5,22.5,77,X, ,X,낮음
9/16/2025,창원(155),O,33.5,32.5,27.1,23.6,85,O,주의,X,낮음
9/16/2025,광주(156),O,33.1,32.4,27.2,23.3,81.3,X,관심,O,낮음
9/16/2025,부산(159),X,32.9,31.8,28.2,25.5,77.8,X, ,O,낮음
9/16/2025,통영(162),X,32.5,31.5,27.2,23.5,81.5,O,관심,O,낮음
9/16/2025,목포(165),X,32.5,31.1,27.5,24.5,88,X,관심,O,낮음
9/16/2025,여수(168),X,31.8,30,26.8,24.2,86.4,O,주의,O,낮음
9/16/2025,흑산도(169),O,33.6,31.5,26.9,24.4,91.8,X,관심,O,낮음
9/16/2025,완도(170),O,33.6,32.3,27.5,23.9,86.5,O,관심,O,낮음
9/16/2025,고창(172),O,33,32.3,27.7,24.1,84.8,X,관심,O,낮음
9/16/2025,제주(184),O,34.4,33.8,29.7,25.7,71.4,O,주의,O,낮음
9/16/2025,진주(192),X,32.9,31.5,26.5,23,87.5,O,관심,X,낮음
9/16/2025,양평(202),X,29.2,27.6,22,19.2,91.1,X, ,X,낮음
9/16/2025,이천(203),X,31,28.7,22.4,19.2,97.3,X,관심,X,낮음
9/16/2025,인제(211),X,27.9,26.8,22.6,19.4,87.3,X, ,X,낮음
9/16/2025,홍천(212),X,29.2,27.7,22.8,19.9,90.9,X, ,X,낮음
9/16/2025,태백(216),X,28.3,27.9,21.6,15.4,81,X, ,X,낮음
9/16/2025,정선군(217),X,31.1,30.3,23,18.3,85.5,X, ,X,낮음
9/16/2025,제천(221),X,30.1,28.6,22.3,18.4,93.6,X,관심,X,낮음
9/16/2025,보은(226),X,31.7,30.6,24.4,21.3,88.9,X, ,X,낮음
9/16/2025,천안(232),X,31.9,30.5,24.2,20.9,93.3,X, ,X,낮음
9/16/2025,보령(235),X,32.2,30.2,25.4,22.3,90.1,X,관심,X,낮음
9/16/2025,부여(236),X,32.6,31.1,25.4,21.9,88.8,X,관심,X,낮음
9/16/2025,금산(238),X,32.1,31.1,26,22.6,86.6,X, ,X,낮음
9/16/2025,세종(239),X,32.2,30.5,24.8,22,89.5,X, ,X,낮음
9/16/2025,부안(243),X,32.5,31.7,27.2,23.6,80.5,X,관심,X,낮음
9/16/2025,임실(244),X,32.4,31.4,25.7,21.8,84.9,X,관심,X,낮음
9/16/2025,정읍(245),O,33.1,32.4,27.6,23.8,80.8,X,관심,O,낮음
9/16/2025,남원(247),O,33,32,26.2,21.9,85.6,X,관심,X,낮음
9/16/2025,장수(248),X,30.8,29.8,24.5,20.4,88.8,X, ,X,낮음
9/16/2025,영광군(252),O,33,32,27.4,23.6,83.3,X,관심,O,낮음
9/16/2025,김해시(253),O,34.3,32.9,27.5,23.5,84.3,O,관심,X,낮음
9/16/2025,순창군(254),X,32.2,31.9,26.2,22.6,84.6,X,관심,X,낮음
9/16/2025,양산시(257),O,34.2,33.2,28.4,24.2,84,O,주의,X,낮음
9/16/2025,강진군(259),O,33.5,32.3,27.4,23.4,85.4,O,관심,X,낮음
9/16/2025,장흥(260),O,33.3,32.2,26.9,22.3,84.9,O,관심,X,낮음
9/16/2025,해남(261),X,32.9,31.4,27,22.5,88.1,O,관심,O,낮음
9/16/2025,고흥(262),O,33.5,32.4,27.1,23.3,85.8,O,주의,X,낮음
9/16/2025,의령군(263),O,33.1,32.1,26,21.3,83,O,관심,X,낮음
9/16/2025,함양군(264),O,34,32.8,26.4,22,90,O,관심,X,낮음
9/16/2025,진도군ASOS(268),X,32.5,31.2,27,23.4,88.8,O,관심,X,낮음
9/16/2025,봉화(271),X,30.1,29.5,22.5,17.8,87.9,X, ,X,낮음
9/16/2025,영주(272),X,30.8,30,23.3,18.9,87.8,X,관심,X,낮음
9/16/2025,문경(273),X,32.6,32,24.3,20.7,89.4,O, ,X,낮음
9/16/2025,청송군(276),O,33.1,32.5,25.8,20.8,87.3,O,관심,X,낮음
9/16/2025,영덕(277),X,32.3,32.2,26.4,21.9,76.8,O,관심,X,낮음
9/16/2025,의성(278),O,33.2,33,26.2,21.9,86.8,O,관심,X,낮음
9/16/2025,구미(279),O,33.5,33.4,27.1,22.8,78.3,O,관심,X,낮음
9/16/2025,영천(281),O,33,33.2,25.8,21.1,85.5,O,관심,X,낮음
9/16/2025,경주시(283),O,34.3,34.1,27.3,22.4,81.6,O,관심,X,낮음
9/16/2025,거창(284),O,33.7,33,26.3,22.5,80.8,O,관심,X,낮음
9/16/2025,합천(285),O,34.3,33.3,27,22.8,85.9,O,주의,X,낮음
9/16/2025,밀양(288),O,34.1,34.1,27.9,22.9,81.1,O,주의,X,낮음
9/16/2025,산청(289),X,32.7,31.3,26.2,22.8,88.5,O,관심,X,낮음
9/16/2025,거제(294),X,31.8,30.6,26.8,23.5,83,O,관심,O,낮음
9/16/2025,남해(295),O,33.2,32.2,26.9,23,83.9,O,관심,X,낮음
9/16/2025,부천(433),X,29.7,28.1,24,22,89,X,관심,X,낮음
9/16/2025,안양(434),X,,28.1,23.9,21.9,,X, ,X,낮음
9/16/2025,광명(437),X,29.9,28.4,24.6,22.1,84,X, ,X,낮음
9/16/2025,군포(438),X,29.8,28.5,23.5,21.6,86,X, ,X,낮음
9/16/2025,김포(441),X,30.1,28,23.4,21.1,94,X,관심,X,낮음
9/16/2025,하남(444),X,30,27.7,23,19.8,96,X,관심,X,낮음
9/16/2025,의왕(445),X,31.3,29.1,22.7,20.2,96,X, ,X,낮음
9/16/2025,포천(504),X,28.3,26.4,21.8,18.3,96,X, ,X,낮음
9/16/2025,가평조종(505),X,27.6,25.1,21.5,18.6,98,X, ,X,낮음
9/16/2025,안성(516),X,32.8,31.9,24,20.8,92,X,관심,X,낮음
9/16/2025,간성(517),X,30,29.5,23.6,18.1,78,X, ,X,낮음
9/16/2025,평창(526),X,30,28.5,22.5,19,87,X, ,X,낮음
9/16/2025,의정부(532),X,28.1,26.2,22.4,19.5,93,X, ,X,낮음
9/16/2025,횡성(536),X,29.8,28.7,23,19.6,89,X, ,X,낮음
9/16/2025,고양(540),X,,,,,,X,관심,X,낮음
9/16/2025,남양주(541),X,29,27.2,22.8,19.8,91,X, ,X,낮음
9/16/2025,안산(545),X,31.6,30,23,19.6,95,X, ,X,낮음
9/16/2025,경기광주(546),X,29.4,27.6,21.6,19.1,95,X, ,X,낮음
9/16/2025,여주(548),X,30.2,28.3,22.8,20.5,95,X,관심,X,낮음
9/16/2025,용인(549),X,31.7,30,22.6,19,93,X,관심,X,낮음
9/16/2025,오산(550),X,31.3,29.7,22.9,19.6,92,X, ,X,낮음
9/16/2025,평택(551),X,32.1,30.7,23.6,21.2,96,X,관심,X,낮음
9/16/2025,화천(555),X,26.6,24,21.9,19.5,95,X, ,X,낮음
9/16/2025,양구(556),X,26.9,25.1,22,19.6,91,X, ,X,낮음
9/16/2025,시흥(565),X,30,28.3,23.2,20.1,93,X, ,X,낮음
9/16/2025,구리(569),X,29.2,27.3,22.5,20,91,X, ,X,낮음
9/16/2025,화성(571),X,31.1,29.7,24,21.7,91,X, ,X,낮음
9/16/2025,성남(572),X,29.5,27.9,22.7,19.9,88,X, ,X,낮음
9/16/2025,과천(590),X,30,28.2,22.7,19.7,94,X, ,X,낮음
9/16/2025,양주(598),X,28.8,27,22.2,19.2,96,X,관심,X,낮음
9/16/2025,단양(601),X,30.7,29.6,22.9,18.9,89,X, ,X,낮음
9/16/2025,진천(602),X,31.7,30.5,23.8,20.3,90,X, ,X,낮음
9/16/2025,괴산(603),X,31.7,30.8,24.1,20.7,90,X, ,X,낮음
9/16/2025,옥천(604),O,33.4,32.6,26.2,22.7,85,X, ,X,낮음
9/16/2025,홍북(608),X,,,,,,X,관심,X,낮음
9/16/2025,공주(612),X,32,30.8,24.9,21.8,90,X,관심,X,낮음
9/16/2025,서천(614),X,32,29.8,26,22.1,90,X, ,X,낮음
9/16/2025,논산(615),X,32,31,25.8,22.4,84,X,관심,X,낮음
9/16/2025,당진(616),X,32.4,31,24,21,92,X,관심,X,낮음
9/16/2025,청양(618),X,31.6,30.3,24.4,20.9,91,X,관심,X,낮음
9/16/2025,음성(619),X,32,30.8,23.6,20,92,X, ,X,낮음
9/16/2025,증평(623),X,31.3,30.5,24.5,21.4,87,X, ,X,낮음
9/16/2025,태안(627),X,31.8,29.5,24.3,20.7,92,X,관심,X,낮음
9/16/2025,예산(628),X,31.9,30.8,24.3,21.8,90,X, ,X,낮음
9/16/2025,아산(634),O,34.1,33.3,24.5,21.6,90,X,관심,X,낮음
9/16/2025,계룡(636),X,31.6,30,24.7,20.7,93,X, ,X,낮음
9/16/2025,연천청산(652),X,27.9,26.3,22,18.6,90,X, ,X,낮음
9/16/2025,양양(670),X,29.5,28.3,25.4,22,76,X, ,X,낮음
9/16/2025,무안(699),X,32.9,31.7,27.1,23.2,86,X,관심,O,낮음
9/16/2025,무주(701),X,31.8,31.2,25.5,21.4,83,X, ,X,낮음
9/16/2025,익산(702),X,32.9,31.4,26.7,23.2,87,X,관심,X,낮음
9/16/2025,진안(703),X,31.1,29.9,25.1,20.8,85,X, ,X,낮음
9/16/2025,담양(706),O,33.2,31.6,26.3,21.9,88,O,관심,X,낮음
9/16/2025,구례(709),O,34,32.7,26.5,22.9,90,X,관심,X,낮음
9/16/2025,나주(710),X,32.7,31.9,26.3,22.1,86,X,관심,X,낮음
9/16/2025,순천시(712),O,33.1,30.9,26.6,23.1,90,O,주의,X,낮음
9/16/2025,광양읍(713),O,34.6,33.1,26.8,23.3,90,O,주의,X,낮음
9/16/2025,장성(730),O,33.5,32.9,27,22.8,84,X,관심,X,낮음
9/16/2025,영암(731),O,33.3,31.6,26.7,21.8,88,O,관심,X,낮음
9/16/2025,보성(732),X,32,30.4,25,22.4,92,O,주의,X,낮음
9/16/2025,완주(734),X,32.6,31.3,26,22.2,88,X,관심,X,낮음
9/16/2025,김제(737),O,33.5,32.7,26.9,23.7,85,X,관심,O,낮음
9/16/2025,화순(741),O,33.3,32.2,26.8,22.2,81,X,관심,X,낮음
9/16/2025,함평(754),X,32.8,31.9,26.8,23,86,X,관심,O,낮음
9/16/2025,곡성(768),O,34.1,33.2,25.5,22.3,92,X,관심,X,낮음
9/16/2025,압해도(789),X,32.7,30.5,27,24.1,93,X,관심,O,낮음
9/16/2025,영양(801),X,31.9,31.4,24.8,20.2,84,X, ,X,낮음
9/16/2025,성주(810),O,34,33,26.6,22.2,86,X,관심,X,낮음
9/16/2025,고령(812),O,33.3,33.1,26.9,21.8,85,O,관심,X,낮음
9/16/2025,청도(813),O,33.8,33.2,27,22.6,86,O,관심,X,낮음
9/16/2025,예천(815),O,33,32.8,25.6,20.9,78,X,관심,X,낮음
9/16/2025,김천(822),O,33.1,33.2,26.1,21.3,80,O,관심,X,낮음
9/16/2025,군위(823),O,33.6,32.8,26.5,22.1,84,O,관심,X,낮음
9/16/2025,군위(823),O,33.6,32.8,26.5,22.1,84,O,관심,X,낮음
9/16/2025,군위(823),O,33.6,32.8,26.5,22.1,84,O,관심,X,낮음
9/16/2025,군위(823),O,33.6,32.8,26.5,22.1,84,O,관심,X,낮음
9/16/2025,군위(823),O,33.6,32.8,26.5,22.1,84,O,관심,X,낮음
9/16/2025,군위(823),O,33.6,32.8,26.5,22.1,84,O,관심,X,낮음
9/16/2025,군위(823),O,33.6,32.8,26.5,22.1,84,O,관심,X,낮음
9/16/2025,군위(823),O,33.6,32.8,26.5,22.1,84,O,관심,X,낮음
9/16/2025,군위(823),O,33.6,32.8,26.5,22.1,84,O,관심,X,낮음
9/16/2025,군위(823),O,33.6,32.8,26.5,22.1,84,O,관심,X,낮음
9/16/2025,군위(823),O,33.6,32.8,26.5,22.1,84,O,관심,X,낮음
9/16/2025,군위(823),O,33.6,32.8,26.5,22.1,84,O,관심,X,낮음
9/16/2025,군위(823),O,33.6,32.8,26.5,22.1,84,O,관심,X,낮음
9/16/2025,군위(823),O,33.6,32.8,26.5,22.1,84,O,관심,X,낮음
9/16/2025,군위(823),O,33.6,32.8,26.5,22.1,84,O,관심,X,낮음
9/16/2025,군위(823),O,33.6,32.8,26.5,22.1,84,O,관심,X,낮음
9/16/2025,군위(823),O,33.6,32.8,26.5,22.1,84,O,관심,X,낮음
9/16/2025,군위(823),O,33.6,32.8,26.5,22.1,84,O,관심,X,낮음
9/16/2025,군위(823),O,33.6,32.8,26.5,22.1,84,O,관심,X,낮음
9/16/2025,군위(823),O,33.6,32.8,26.5,22.1,84,O,관심,X,낮음
9/16/2025,군위(823),O,33.6,32.8,26.5,22.1,84,O,관심,X,낮음
9/16/2025,군위(823),O,33.6,32.8,26.5,22.1,84,O,관심,X,낮음
9/16/2025,군위(823),O,33.6,32.8,26.5,22.1,84,O,관심,X,낮음
9/16/2025,군위(823),O,33.6,32.8,26.5,22.1,84,O,관심,X,낮음
9/16/2025,군위(823),O,33.6,32.8,26.5,22.1,84,O,관심,X,낮음
9/16/2025,군위(823),O,33.6,32.8,26.5,22.1,84,O,관심,X,낮음
9/16/2025,군위(823),O,33.6,32.8,26.5,22.1,84,O,관심,X,낮음
9/16/2025,군위(823),O,33.6,32.8,26.5,22.1,84,O,관심,X,낮음
9/16/2025,군위(823),O,33.6,32.8,26.5,22.1,84,O,관심,X,낮음
9/16/2025,군위(823),O,33.6,32.8,26.5,22.1,84,O,관심,X,낮음
9/16/2025,군위(823),O,33.6,32.8,26.5,22.1,84,O,관심,X,낮음
9/16/2025,군위(823),O,33.6,32.8,26.5,22.1,84,O,관심,X,낮음
9/16/2025,칠곡(825),O,34,33,27.1,22.9,88,O,관심,X,낮음
9/16/2025,경산(827),O,33.8,33.9,27.9,23.1,77,O,관심,X,낮음
9/16/2025,삼척(876),X,31.2,31,26.5,22.5,71,X,관심,X,낮음
9/16/2025,속초(90),X,29.1,28.1,25,19.8,73.1,X, ,X,낮음
9/16/2025,삼천포(907),X,32.6,30.7,26.1,22.7,89,O,관심,X,낮음
9/16/2025,고성(918),X,32.7,31.1,26.5,22.2,88,O,관심,X,낮음
9/16/2025,창녕(919),O,33.9,33.1,27.5,23.3,82,O,주의,X,낮음
9/16/2025,함안(920),O,33.8,32.8,26.5,22,85,O,주의,X,낮음
9/16/2025,북춘천(93),X,27.6,25.2,22.3,18.9,95.1,X,관심,X,낮음
9/16/2025,하동(932),O,33.2,32.7,26.5,22.6,87,O,관심,X,낮음
9/16/2025,철원(95),X,27.7,25.6,21.8,18,95,X, ,X,낮음
9/16/2025,동두천(98),X,28.1,25.7,22,19.2,98.3,X, ,X,낮음
9/16/2025,파주(99),X,28.2,25.6,21.6,19.2,98.9,X,관심,X,낮음
9/17/2025,북강릉(104),X,27.8,26.3,20.9,18.6,97,X, ,X,낮음
9/17/2025,동해(106),X,28.1,26.6,22.1,18.9,90.8,X, ,X,낮음
9/17/2025,서울(108),X,27.1,24,22.7,21.2,92,X, ,X,낮음
9/17/2025,인천(112),X,27.1,23.9,22.1,20.4,95.4,X, ,X,낮음
9/17/2025,원주(114),X,27.3,25,22.5,19.2,92,X, ,X,낮음
9/17/2025,울릉도(115),X,30.6,29,24.3,19.4,82,X, ,X,낮음
9/17/2025,수원(119),X,26.7,23.9,22.5,20.8,93.5,X, ,X,낮음
9/17/2025,영월(121),X,27.7,24.8,21.7,18.5,97.4,X, ,X,낮음
9/17/2025,충주(127),X,29.6,27.2,23.2,20.2,91.8,X, ,X,낮음
9/17/2025,서산(129),X,27.4,24.3,22.8,20.6,96.6,X, ,X,낮음
9/17/2025,울진(130),X,30.6,29.4,24.1,19.5,83.8,O,관심,X,낮음
9/17/2025,청주(131),X,29,26.7,23.9,22.5,85.1,X, ,X,낮음
9/17/2025,대전(133),X,29.7,27,23.5,21.2,93.3,X, ,X,낮음
9/17/2025,추풍령(135),X,29.6,28,23.4,21.3,86.8,X, ,X,낮음
9/17/2025,안동(136),X,30.6,28.8,23.7,21.7,92.9,O,관심,X,낮음
9/17/2025,상주(137),X,30.9,28.8,24.4,22.3,88.8,O,관심,X,낮음
9/17/2025,포항(138),O,33.2,33.8,26.8,22.1,73.3,O,주의,X,낮음
9/17/2025,군산(140),X,29.8,27.3,23.7,21.7,92.4,X, ,X,낮음
9/17/2025,대구(143),O,33.1,33.4,25.8,23.4,80.6,O,주의,X,낮음
9/17/2025,전주(146),X,31.6,30.1,24.8,21.9,86.5,X,관심,X,낮음
9/17/2025,울산(152),X,32.7,33.3,26.9,22.6,75.4,X, ,X,낮음
9/17/2025,창원(155),O,33.8,33,26.7,23.7,86.1,O,주의,X,낮음
9/17/2025,광주(156),X,32.1,30.9,25.6,22.9,84.6,X,관심,X,낮음
9/17/2025,부산(159),X,32.8,31.6,27.5,25.5,78.8,X, ,X,낮음
9/17/2025,통영(162),X,32.7,31.6,26.9,24.4,82.1,O,관심,X,낮음
9/17/2025,목포(165),X,32,29.9,26,23.5,90.5,X,관심,X,낮음
9/17/2025,여수(168),X,32,30.3,26.4,25.2,85.6,O,주의,X,낮음
9/17/2025,흑산도(169),X,31,28.8,25.5,23,88,X,관심,X,낮음
9/17/2025,완도(170),O,33,31.4,26.7,23.5,84.9,O,주의,X,낮음
9/17/2025,고창(172),X,32.1,30.2,24.7,22.4,92.3,X,관심,X,낮음
9/17/2025,제주(184),O,33.7,34.1,29.1,26.1,68.6,O,주의,X,낮음
9/17/2025,진주(192),O,33,32.2,25.1,21.7,88.6,O,주의,X,낮음
9/17/2025,양평(202),X,27,24.1,22,19.9,94.3,X, ,X,낮음
9/17/2025,이천(203),X,27.6,24.8,22.4,20.3,98.9,X, ,X,낮음
9/17/2025,인제(211),X,24.6,21.8,19.8,17.8,94.6,X, ,X,낮음
9/17/2025,홍천(212),X,25.9,22.8,21.1,19,95.8,X, ,X,낮음
9/17/2025,태백(216),X,27,26,20.5,16.3,86.9,X, ,X,낮음
9/17/2025,정선군(217),X,27.5,24.8,21.3,17.7,94.6,X, ,X,낮음
9/17/2025,제천(221),X,27.9,25.2,21.9,19.1,99.5,X, ,X,낮음
9/17/2025,보은(226),X,29,26.4,22.7,21.1,96.9,X, ,X,낮음
9/17/2025,천안(232),X,28.5,25.5,22.7,21,97.8,X, ,X,낮음
9/17/2025,보령(235),X,28.7,25.9,23.3,20.5,92.9,X, ,X,낮음
9/17/2025,부여(236),X,28.4,25.5,23.4,20.9,94.8,X, ,X,낮음
9/17/2025,금산(238),X,30.1,29,24.6,22,86.3,X,관심,X,낮음
9/17/2025,세종(239),X,28.5,25.5,22.8,20.8,95.6,X, ,X,낮음
9/17/2025,부안(243),X,30.3,28.5,24.6,21.9,88.8,X, ,X,낮음
9/17/2025,임실(244),X,31.3,29.8,24.3,21.4,88.8,X, ,X,낮음
9/17/2025,정읍(245),X,31.9,30.7,25,22.4,86.8,X,관심,X,낮음
9/17/2025,남원(247),X,32.6,31.8,24.7,22.3,89.1,X,관심,X,낮음
9/17/2025,장수(248),X,28.8,27.3,23.9,20.5,84,X, ,X,낮음
9/17/2025,영광군(252),X,32.4,30.8,24.8,22.2,87.4,X, ,X,낮음
9/17/2025,김해시(253),O,34.1,33.1,27,24.1,85.8,O,주의,X,낮음
9/17/2025,순창군(254),X,31.2,30,24.2,22.1,90.1,X,관심,X,낮음
9/17/2025,양산시(257),O,34.4,33.7,27.1,24.6,88,O,주의,X,낮음
9/17/2025,강진군(259),O,33.6,32.4,26.6,23.4,87.4,O,주의,X,낮음
9/17/2025,장흥(260),O,33.1,32.5,25.9,23,88.5,O,주의,X,낮음
9/17/2025,해남(261),X,32.9,31.1,26.2,23.3,89.5,O,주의,X,낮음
9/17/2025,고흥(262),O,33.5,32.3,26.2,23.2,87.8,O,주의,X,낮음
9/17/2025,의령군(263),X,32.1,31.7,24.6,21.9,88.1,O,주의,X,낮음
9/17/2025,함양군(264),O,33.3,31.8,25.1,21.9,94.1,O,주의,X,낮음
9/17/2025,진도군ASOS(268),X,31.9,30.2,25.9,23,90.6,O,주의,X,낮음
9/17/2025,봉화(271),X,28.4,26.4,21.4,18.6,94.4,X, ,X,낮음
9/17/2025,영주(272),X,27.5,24.8,22,21,98.3,X, ,X,낮음
9/17/2025,문경(273),X,29,26.2,22.9,21.8,97.4,O,관심,X,낮음
9/17/2025,청송군(276),X,32.9,32.2,24,20.9,93.6,O,관심,X,낮음
9/17/2025,영덕(277),X,31.6,31,23.3,19.3,87.4,O,관심,X,낮음
9/17/2025,의성(278),X,31.9,31.1,24.4,22.2,91.3,O,주의,X,낮음
9/17/2025,구미(279),X,32.7,32,25,22.7,85.8,O,주의,X,낮음
9/17/2025,영천(281),X,32.7,32.6,24.1,22,90.9,O,주의,X,낮음
9/17/2025,경주시(283),O,34.4,34,26.1,22.1,83.9,O,주의,X,낮음
9/17/2025,거창(284),X,31.6,31.2,24.2,21.8,84.3,O,관심,X,낮음
9/17/2025,합천(285),O,33.4,32.6,25.2,22.7,91.1,O,주의,X,낮음
9/17/2025,밀양(288),O,34.2,34,26.5,22.8,82.3,O,주의,X,낮음
9/17/2025,산청(289),O,33.5,32.7,24.8,22.2,88.9,O,주의,X,낮음
9/17/2025,거제(294),X,31.7,30.4,27,24.3,80.3,O,주의,X,낮음
9/17/2025,남해(295),O,33.1,32.2,26.9,24.1,81.1,O,관심,X,낮음
9/17/2025,부천(433),X,27.2,24.3,22.8,21.2,90,X, ,X,낮음
9/17/2025,안양(434),X,,24.4,22.6,21.1,,X, ,X,낮음
9/17/2025,광명(437),X,27.4,25,23.1,21.3,89,X, ,X,낮음
9/17/2025,군포(438),X,26.4,23.7,22.2,20.7,90,X, ,X,낮음
9/17/2025,김포(441),X,27.3,24,22.2,19.4,97,X, ,X,낮음
9/17/2025,하남(444),X,27.2,24,22.1,20.3,,X, ,X,낮음
9/17/2025,의왕(445),X,27,23.7,22.1,20.3,100,X, ,X,낮음
9/17/2025,포천(504),X,26.1,23.3,21.1,19.5,98,X, ,X,낮음
9/17/2025,가평조종(505),X,27,23.9,21.1,19.7,100,X, ,X,낮음
9/17/2025,안성(516),X,28.1,25.2,23.2,21.7,93,X, ,X,낮음
9/17/2025,간성(517),X,26.5,25.9,20.3,18.1,92,X, ,X,낮음
9/17/2025,평창(526),X,26.8,24.2,20.9,17.9,95,X, ,X,낮음
9/17/2025,의정부(532),X,26.3,23.6,21.6,19.8,96,X, ,X,낮음
9/17/2025,횡성(536),X,26.3,23.4,21.4,19.2,96,X, ,X,낮음
9/17/2025,고양(540),X,25.3,,,,,X, ,X,낮음
9/17/2025,남양주(541),X,27.3,24.7,22.2,20.8,95,X, ,X,낮음
9/17/2025,안산(545),X,27.9,24.7,22.3,20.8,97,X, ,X,낮음
9/17/2025,경기광주(546),X,26.2,23.2,21.4,18.8,97,X, ,X,낮음
9/17/2025,여주(548),X,27,24,22,19,97,X, ,X,낮음
9/17/2025,용인(549),X,27.2,24.1,22.4,20.4,96,X, ,X,낮음
9/17/2025,오산(550),X,27.1,24,22.4,20.9,95,X, ,X,낮음
9/17/2025,평택(551),X,27.7,24.4,23.1,22,100,X, ,X,낮음
9/17/2025,화천(555),X,25.6,22.5,20.7,19.3,97,X, ,X,낮음
9/17/2025,양구(556),X,24.5,22,20,17.9,95,X, ,X,낮음
9/17/2025,시흥(565),X,26.9,24.3,22.2,21,94,X, ,X,낮음
9/17/2025,구리(569),X,26.4,23.3,21.8,20.3,95,X, ,X,낮음
9/17/2025,화성(571),X,27.6,24.5,22.5,21.2,95,X, ,X,낮음
9/17/2025,성남(572),X,26.7,24,22.2,20.7,92,X, ,X,낮음
9/17/2025,과천(590),X,26.7,23.9,22.1,20.6,98,X, ,X,낮음
9/17/2025,양주(598),X,26.5,23.4,21.4,19.6,97,X, ,X,낮음
9/17/2025,단양(601),X,27.6,25,22.1,19.5,96,X, ,X,낮음
9/17/2025,진천(602),X,28,25.4,22.8,21.1,92,X, ,X,낮음
9/17/2025,괴산(603),X,29.2,26.7,22.8,21.1,94,X, ,X,낮음
9/17/2025,옥천(604),X,31,29.2,23.8,21.2,91,X, ,X,낮음
9/17/2025,홍북(608),X,,,,,,X, ,X,낮음
9/17/2025,공주(612),X,28.1,24.9,23,21.3,95,X, ,X,낮음
9/17/2025,서천(614),X,29.3,26.4,23.2,20.5,95,X, ,X,낮음
9/17/2025,논산(615),X,29.7,27.6,23.8,21.9,90,X, ,X,낮음
9/17/2025,당진(616),X,27.5,24.4,22.7,20.7,95,X, ,X,낮음
9/17/2025,청양(618),X,28,25.1,22.5,19.2,97,X, ,X,낮음
9/17/2025,음성(619),X,28.6,25.9,22.8,20.2,94,X, ,X,낮음
9/17/2025,증평(623),X,28.1,25.7,23.1,21.4,92,X, ,X,낮음
9/17/2025,태안(627),X,28.3,25.5,22.6,19.5,94,X, ,X,낮음
9/17/2025,예산(628),X,28.2,25.3,23,20.9,93,X, ,X,낮음
9/17/2025,아산(634),X,28.1,25,22.8,20.9,94,X, ,X,낮음
9/17/2025,계룡(636),X,29.2,26.5,23.2,21.1,98,X, ,X,낮음
9/17/2025,연천청산(652),X,24.9,22.1,20.6,18.2,93,X, ,X,낮음
9/17/2025,양양(670),X,27.5,26.2,21.2,18.6,90,X, ,X,낮음
9/17/2025,무안(699),X,32.1,30.2,25.6,22.7,89,X,관심,X,낮음
9/17/2025,무주(701),X,29.8,28.5,24.9,21.1,79,X, ,X,낮음
9/17/2025,익산(702),X,30.7,28.5,24.2,22.1,90,X, ,X,낮음
9/17/2025,진안(703),X,29.5,27.6,23.9,20.4,87,X, ,X,낮음
9/17/2025,담양(706),X,32.2,29.9,25.1,22.7,91,O,주의,X,낮음
9/17/2025,구례(709),O,33.3,32.2,25.2,22.9,92,X,관심,X,낮음
9/17/2025,나주(710),X,32,30.8,25.2,22.5,89,X,관심,X,낮음
9/17/2025,순천시(712),O,33.6,31.6,25.8,23.5,90,O,주의,X,낮음
9/17/2025,광양읍(713),O,34.9,33.5,25.4,23.3,93,O,주의,X,낮음
9/17/2025,장성(730),X,31.9,30.5,24.9,22.7,91,X,관심,X,낮음
9/17/2025,영암(731),X,32.8,31.1,25.6,22.8,91,O,주의,X,낮음
9/17/2025,보성(732),X,32,31.1,24.7,22.1,89,O,주의,X,낮음
9/17/2025,완주(734),X,30.4,29.1,24.1,21.4,90,X,관심,X,낮음
9/17/2025,김제(737),X,30.7,28.7,24.2,21.6,92,X, ,X,낮음
9/17/2025,화순(741),O,33.1,31.8,25.2,22.4,86,X,관심,X,낮음
9/17/2025,함평(754),X,32,30.4,25.4,22.8,90,X, ,X,낮음
9/17/2025,곡성(768),O,33.7,32.5,24.8,22,93,X,관심,X,낮음
9/17/2025,압해도(789),X,31.8,29.1,25.1,23,94,X,관심,X,낮음
9/17/2025,영양(801),X,30.6,29.3,22.8,19.2,95,X, ,X,낮음
9/17/2025,성주(810),O,33.2,33.3,24.7,22.2,90,X,관심,X,낮음
9/17/2025,고령(812),X,32.4,31.7,25.1,22.3,92,O,관심,X,낮음
9/17/2025,청도(813),O,33.2,32.2,24.3,21.5,93,O,주의,X,낮음
9/17/2025,예천(815),X,30.6,28.6,23.6,22.2,94,X, ,X,낮음
9/17/2025,김천(822),X,31.4,29.9,23.7,20.8,87,O,주의,X,낮음
9/17/2025,군위(823),X,32.3,31.5,24.5,22.2,92,O,관심,X,낮음
9/17/2025,군위(823),X,32.3,31.5,24.5,22.2,92,O,관심,X,낮음
9/17/2025,군위(823),X,32.3,31.5,24.5,22.2,92,O,관심,X,낮음
9/17/2025,군위(823),X,32.3,31.5,24.5,22.2,92,O,관심,X,낮음
9/17/2025,군위(823),X,32.3,31.5,24.5,22.2,92,O,관심,X,낮음
9/17/2025,군위(823),X,32.3,31.5,24.5,22.2,92,O,관심,X,낮음
9/17/2025,군위(823),X,32.3,31.5,24.5,22.2,92,O,관심,X,낮음
9/17/2025,군위(823),X,32.3,31.5,24.5,22.2,92,O,관심,X,낮음
9/17/2025,군위(823),X,32.3,31.5,24.5,22.2,92,O,관심,X,낮음
9/17/2025,군위(823),X,32.3,31.5,24.5,22.2,92,O,관심,X,낮음
9/17/2025,군위(823),X,32.3,31.5,24.5,22.2,92,O,관심,X,낮음
9/17/2025,군위(823),X,32.3,31.5,24.5,22.2,92,O,관심,X,낮음
9/17/2025,군위(823),X,32.3,31.5,24.5,22.2,92,O,관심,X,낮음
9/17/2025,군위(823),X,32.3,31.5,24.5,22.2,92,O,관심,X,낮음
9/17/2025,군위(823),X,32.3,31.5,24.5,22.2,92,O,관심,X,낮음
9/17/2025,군위(823),X,32.3,31.5,24.5,22.2,92,O,관심,X,낮음
9/17/2025,군위(823),X,32.3,31.5,24.5,22.2,92,O,관심,X,낮음
9/17/2025,군위(823),X,32.3,31.5,24.5,22.2,92,O,관심,X,낮음
9/17/2025,군위(823),X,32.3,31.5,24.5,22.2,92,O,관심,X,낮음
9/17/2025,군위(823),X,32.3,31.5,24.5,22.2,92,O,관심,X,낮음
9/17/2025,군위(823),X,32.3,31.5,24.5,22.2,92,O,관심,X,낮음
9/17/2025,군위(823),X,32.3,31.5,24.5,22.2,92,O,관심,X,낮음
9/17/2025,군위(823),X,32.3,31.5,24.5,22.2,92,O,관심,X,낮음
9/17/2025,군위(823),X,32.3,31.5,24.5,22.2,92,O,관심,X,낮음
9/17/2025,군위(823),X,32.3,31.5,24.5,22.2,92,O,관심,X,낮음
9/17/2025,군위(823),X,32.3,31.5,24.5,22.2,92,O,관심,X,낮음
9/17/2025,군위(823),X,32.3,31.5,24.5,22.2,92,O,관심,X,낮음
9/17/2025,군위(823),X,32.3,31.5,24.5,22.2,92,O,관심,X,낮음
9/17/2025,군위(823),X,32.3,31.5,24.5,22.2,92,O,관심,X,낮음
9/17/2025,군위(823),X,32.3,31.5,24.5,22.2,92,O,관심,X,낮음
9/17/2025,군위(823),X,32.3,31.5,24.5,22.2,92,O,관심,X,낮음
9/17/2025,군위(823),X,32.3,31.5,24.5,22.2,92,O,관심,X,낮음
9/17/2025,칠곡(825),O,33.1,32.3,25.4,22.7,95,O,관심,X,낮음
9/17/2025,경산(827),O,33.2,33.3,25.5,23.1,84,O,주의,X,낮음
9/17/2025,삼척(876),X,28.7,27.2,22.5,18.9,89,X,관심,X,낮음
9/17/2025,속초(90),X,27.7,27.2,21.9,18.6,87.1,X, ,X,낮음
9/17/2025,삼천포(907),O,33.9,32.6,25.6,23.4,90,O,주의,X,낮음
9/17/2025,고성(918),X,32.9,31.1,26.1,22.6,89,O,주의,X,낮음
9/17/2025,창녕(919),O,33.5,33,25.5,22.8,88,O,주의,X,낮음
9/17/2025,함안(920),O,33,32.5,25,22,88,O,주의,X,낮음
9/17/2025,북춘천(93),X,25.7,23,21.3,19.4,95.8,X, ,X,낮음
9/17/2025,하동(932),X,32.6,31.8,25.2,22.5,90,O,주의,X,낮음
9/17/2025,철원(95),X,25.1,22.1,20.4,17.8,97.9,X, ,X,낮음
9/17/2025,동두천(98),X,25.9,22.6,20.8,19,100,X, ,X,낮음
9/17/2025,파주(99),X,25.8,23.2,20.6,18,98,X, ,X,낮음
9/18/2025,북강릉(104),X,24.6,23.5,19.4,17.1,85.3,X, ,X,낮음
9/18/2025,동해(106),X,24.8,24.1,19.9,17.8,81.5,X, ,X,낮음
9/18/2025,서울(108),X,26.5,26,22.1,19.6,74.4,X, ,X,낮음
9/18/2025,인천(112),X,27.1,26.2,22,19.3,77.5,X, ,X,낮음
9/18/2025,원주(114),X,25.3,25.2,20.5,17.7,78,X, ,X,낮음
9/18/2025,울릉도(115),X,22.6,21.4,19.3,18,76.6,X, ,X,낮음
9/18/2025,수원(119),X,26.2,25.5,21.9,19.6,76.3,X, ,X,낮음
9/18/2025,영월(121),X,23.9,23.1,19.2,15.2,82.4,X, ,X,낮음
9/18/2025,충주(127),X,25.6,25,21.2,18.5,78.1,X, ,X,낮음
9/18/2025,서산(129),X,27.7,26.8,22,19.8,84.8,X, ,X,낮음
9/18/2025,울진(130),X,24.2,22.8,19.7,18,85.3,X, ,X,낮음
9/18/2025,청주(131),X,26.9,27.1,22.9,21.5,68.9,X, ,X,낮음
9/18/2025,대전(133),X,27.5,26.1,21.9,20.4,80.5,X, ,X,낮음
9/18/2025,추풍령(135),X,25.2,23.5,20.1,17.5,83.6,X, ,X,낮음
9/18/2025,안동(136),X,25.2,23.1,20.1,15.7,82,X, ,X,낮음
9/18/2025,상주(137),X,25.3,23.1,21.1,18.7,81.8,X, ,X,낮음
9/18/2025,포항(138),X,24.2,22.5,21.6,20.4,74.9,X, ,X,낮음
9/18/2025,군산(140),X,27.9,26.9,22.5,20.2,80.9,X, ,X,낮음
9/18/2025,대구(143),X,26.2,23.8,21.9,19.9,71.6,X, ,X,낮음
9/18/2025,전주(146),X,28.7,28.1,23.4,21,80.8,X, ,X,낮음
9/18/2025,울산(152),X,25.5,22.6,21.4,20.3,74.8,X, ,X,낮음
9/18/2025,창원(155),X,27.9,26.3,23.6,20.7,74.8,X, ,X,낮음
9/18/2025,광주(156),X,28.3,27.5,23.8,21.1,77.3,X, ,X,낮음
9/18/2025,부산(159),X,27.5,25.8,23,20.9,72.9,X, ,X,낮음
9/18/2025,통영(162),X,27.4,26.1,23.6,21.3,74.4,X, ,X,낮음
9/18/2025,목포(165),X,27.9,27.2,24,22.3,78.3,X, ,X,낮음
9/18/2025,여수(168),X,28.4,26.7,23.9,21.7,75.6,X, ,X,낮음
9/18/2025,흑산도(169),X,28.3,27.3,23.2,20.7,72.4,X, ,X,낮음
9/18/2025,완도(170),X,30.3,29.4,24.5,21.7,78.4,X, ,X,낮음
9/18/2025,고창(172),X,28,27.5,23,20.6,86.9,X, ,X,낮음
9/18/2025,제주(184),X,29.2,28.8,26.2,24.6,67.5,X,주의,X,낮음
9/18/2025,진주(192),X,26.9,25.3,21.9,18.7,84.1,X, ,X,낮음
9/18/2025,양평(202),X,25.1,24.7,20.9,17.9,76.5,X, ,X,낮음
9/18/2025,이천(203),X,26.5,25.6,20.4,17.1,88,X, ,X,낮음
9/18/2025,인제(211),X,22.2,21.7,18,14.2,78.9,X, ,X,낮음
9/18/2025,홍천(212),X,24.7,24.9,19.9,15.9,77.8,X, ,X,낮음
9/18/2025,태백(216),X,19.5,17.9,15.5,13.9,88.3,X, ,X,낮음
9/18/2025,정선군(217),X,23.7,23.2,18.4,14.8,81.9,X, ,X,낮음
9/18/2025,제천(221),X,23.2,22.4,19.1,15.6,82.4,X, ,X,낮음
9/18/2025,보은(226),X,25,23.6,20.8,17.5,81,X, ,X,낮음
9/18/2025,천안(232),X,26.5,25.3,21.6,18.6,85.3,X, ,X,낮음
9/18/2025,보령(235),X,29.4,28.4,22.5,19.4,85,X, ,X,낮음
9/18/2025,부여(236),X,28,27.2,21.8,19.5,85.6,X, ,X,낮음
9/18/2025,금산(238),X,27.7,27,22,19.6,80.6,X, ,X,낮음
9/18/2025,세종(239),X,27.4,26.1,21.4,19.5,83.9,X, ,X,낮음
9/18/2025,부안(243),X,27.8,27.3,22.9,20.3,81.9,X, ,X,낮음
9/18/2025,임실(244),X,27.6,26.4,22.1,18.6,83.3,X, ,X,낮음
9/18/2025,정읍(245),X,28.7,27.8,23.2,20.7,83.6,X, ,X,낮음
9/18/2025,남원(247),X,28.4,27.1,22.4,18.4,83.6,X, ,X,낮음
9/18/2025,장수(248),X,26.5,25.4,20.6,17.3,89.5,X, ,X,낮음
9/18/2025,영광군(252),X,27.5,26.8,22.9,20.6,81.9,X, ,X,낮음
9/18/2025,김해시(253),X,27.4,24.5,22.7,20.3,79.5,X, ,X,낮음
9/18/2025,순창군(254),X,28.4,27.6,22.9,19.7,81.8,X, ,X,낮음
9/18/2025,양산시(257),X,28.1,25.4,23.2,21.8,79.4,X, ,X,낮음
9/18/2025,강진군(259),X,29.5,28.8,24.2,21.6,79.6,X, ,X,낮음
9/18/2025,장흥(260),X,29.5,28.6,23.4,20.7,82.8,X, ,X,낮음
9/18/2025,해남(261),X,29.6,28.6,23.9,21,83,X, ,X,낮음
9/18/2025,고흥(262),X,29.1,27.9,23.9,21,81.3,X, ,X,낮음
9/18/2025,의령군(263),X,26.2,24.9,21.5,19,81.4,X, ,X,낮음
9/18/2025,함양군(264),X,29.4,27.5,22.1,18.4,94.3,X, ,X,낮음
9/18/2025,진도군ASOS(268),X,28.3,27.1,23.3,20.3,81.6,X, ,X,낮음
9/18/2025,봉화(271),X,22.3,21.7,18.1,13.8,82.9,X, ,X,낮음
9/18/2025,영주(272),X,24,22.4,18.8,14.9,89.9,X, ,X,낮음
9/18/2025,문경(273),X,24.6,23.5,19.8,16,90.3,O, ,X,낮음
9/18/2025,청송군(276),X,25.3,22.1,18.8,14.6,90.3,X, ,X,낮음
9/18/2025,영덕(277),X,23.2,22.3,19.2,16.3,86.8,X, ,X,낮음
9/18/2025,의성(278),X,25.8,23.5,20.6,16.4,83.6,X, ,X,낮음
9/18/2025,구미(279),X,25.7,23.9,21.3,19.2,83,X, ,X,낮음
9/18/2025,영천(281),X,25.8,23.4,21,19.1,78.4,X, ,X,낮음
9/18/2025,경주시(283),X,25.4,22.5,20.9,18.9,84.9,X, ,X,낮음
9/18/2025,거창(284),X,27.5,26.5,21.7,19,78.5,X, ,X,낮음
9/18/2025,합천(285),X,27.4,26.2,22.6,19.9,82,X, ,X,낮음
9/18/2025,밀양(288),X,27.2,25.3,23.2,21.4,75.3,X, ,X,낮음
9/18/2025,산청(289),X,29,27.8,22.3,18.1,84.6,X, ,X,낮음
9/18/2025,거제(294),X,27.3,25.3,22.9,20.6,76.9,X, ,X,낮음
9/18/2025,남해(295),X,28.4,27.2,23.5,20.7,79,X, ,X,낮음
9/18/2025,부천(433),X,28,27.6,22.9,20,69,X, ,X,낮음
9/18/2025,안양(434),X,,25.6,22.4,20.4,,X, ,X,낮음
9/18/2025,광명(437),X,27.1,27.2,23,20.6,68,X, ,X,낮음
9/18/2025,군포(438),X,26,25.8,22.1,20,71,X, ,X,낮음
9/18/2025,김포(441),X,27.9,27.4,21.9,18.4,78,X, ,X,낮음
9/18/2025,하남(444),X,26.2,25.5,21.7,19,,X, ,X,낮음
9/18/2025,의왕(445),X,27.5,26.1,21.1,18.4,86,X, ,X,낮음
9/18/2025,포천(504),X,26.2,26.2,21,17.5,76,X, ,X,낮음
9/18/2025,가평조종(505),X,25.9,25,19.8,15.4,85,X, ,X,낮음
9/18/2025,안성(516),X,27.4,26.4,22.1,19.8,80,X, ,X,낮음
9/18/2025,간성(517),X,23.8,23.3,19.4,17.2,82,X, ,X,낮음
9/18/2025,평창(526),X,23.1,22.5,18.1,14.2,83,X, ,X,낮음
9/18/2025,의정부(532),X,26.4,26.1,20.9,17.8,78,X, ,X,낮음
9/18/2025,횡성(536),X,23.8,23.6,19.9,16.2,77,X, ,X,낮음
9/18/2025,고양(540),X,27.2,26.7,21.1,17.9,81,X, ,X,낮음
9/18/2025,남양주(541),X,26.8,26.8,21.8,18.7,72,X, ,X,낮음
9/18/2025,안산(545),X,28.4,27,22.1,18.8,80,X, ,X,낮음
9/18/2025,경기광주(546),X,25.6,24.8,20.3,17.4,82,X, ,X,낮음
9/18/2025,여주(548),X,25.8,25,20.2,17.3,84,X, ,X,낮음
9/18/2025,용인(549),X,26.7,26.2,21.5,19.2,79,X, ,X,낮음
9/18/2025,오산(550),X,26.5,25.4,21.4,19.3,80,X, ,X,낮음
9/18/2025,평택(551),X,25.3,,,,,X, ,X,낮음
9/18/2025,화천(555),X,25.2,25.2,19.5,14.8,80,X, ,X,낮음
9/18/2025,양구(556),X,23.2,23,17.9,13.6,81,X, ,X,낮음
9/18/2025,시흥(565),X,27.1,26.3,22.1,19.1,78,X, ,X,낮음
9/18/2025,구리(569),X,26.7,26.5,21.3,18.4,75,X, ,X,낮음
9/18/2025,화성(571),X,27.6,26.8,22.3,20,77,X, ,X,낮음
9/18/2025,성남(572),X,25.7,24.8,21.3,19.2,78,X, ,X,낮음
9/18/2025,과천(590),X,26.6,25.9,21.4,19.3,80,X, ,X,낮음
9/18/2025,양주(598),X,28,27.7,21.3,17.5,78,X, ,X,낮음
9/18/2025,단양(601),X,24.6,24.1,19.3,15.4,85,X, ,X,낮음
9/18/2025,진천(602),X,25.6,24.1,21,18,84,X, ,X,낮음
9/18/2025,괴산(603),X,26.2,25.1,20.6,16.2,85,X, ,X,낮음
9/18/2025,옥천(604),X,27.5,26.4,21.7,19.2,81,X, ,X,낮음
9/18/2025,홍북(608),X,,,,,,X, ,X,낮음
9/18/2025,공주(612),X,27.8,26.7,21.6,19.2,82,X, ,X,낮음
9/18/2025,서천(614),X,27.7,26.5,21.9,19.7,86,X, ,X,낮음
9/18/2025,논산(615),X,28.5,27.6,22,19.8,80,X, ,X,낮음
9/18/2025,당진(616),X,28.8,27.4,22.3,19.7,82,X, ,X,낮음
9/18/2025,청양(618),X,28.2,27.6,21.1,18.1,89,X, ,X,낮음
9/18/2025,음성(619),X,25.5,24.3,20.6,17.6,85,X, ,X,낮음
9/18/2025,증평(623),X,26.4,25.6,21.8,18.9,77,X, ,X,낮음
9/18/2025,태안(627),X,27.7,26.2,22.1,19.2,86,X, ,X,낮음
9/18/2025,예산(628),X,27.8,26.9,22.3,20.1,81,X, ,X,낮음
9/18/2025,아산(634),X,27.5,27,22.6,20,78,X, ,X,낮음
9/18/2025,계룡(636),X,27.4,26.1,21,17.6,88,X, ,X,낮음
9/18/2025,연천청산(652),X,27.5,27.6,20.1,16.1,79,X, ,X,낮음
9/18/2025,양양(670),X,23.6,22.7,19.3,17.2,84,X, ,X,낮음
9/18/2025,무안(699),X,28.7,27.8,23.2,19.9,82,X, ,X,낮음
9/18/2025,무주(701),X,27.5,26.3,21.3,19,81,X, ,X,낮음
9/18/2025,익산(702),X,28.9,28.1,23.2,20.4,81,X, ,X,낮음
9/18/2025,진안(703),X,26.6,25.6,20.8,18.3,86,X, ,X,낮음
9/18/2025,담양(706),X,28.8,27.7,23.5,20.8,84,X, ,X,낮음
9/18/2025,구례(709),X,29.6,28.2,23.7,21.4,83,X, ,X,낮음
9/18/2025,나주(710),X,28.7,27.6,23.1,20.5,83,X, ,X,낮음
9/18/2025,순천시(712),X,29.4,27.7,23.8,21,82,X, ,X,낮음
9/18/2025,광양읍(713),X,31,29.9,24.3,20.9,80,X, ,X,낮음
9/18/2025,장성(730),X,29,28.7,23.4,20.8,83,X, ,X,낮음
9/18/2025,영암(731),X,29.2,28.5,23.5,20.8,86,X, ,X,낮음
9/18/2025,보성(732),X,28.1,27.2,22.5,20,84,X, ,X,낮음
9/18/2025,완주(734),X,28.9,27.8,22.5,19.9,83,X, ,X,낮음
9/18/2025,김제(737),X,28.8,27.9,22.8,20.5,85,X, ,X,낮음
9/18/2025,화순(741),X,29.5,28.6,23.2,20.5,83,X, ,X,낮음
9/18/2025,함평(754),X,28.4,28.1,23.1,20.1,81,X, ,X,낮음
9/18/2025,곡성(768),X,29.9,28.3,22.6,18.6,91,X, ,X,낮음
9/18/2025,압해도(789),X,30.2,29.1,23.6,20.3,86,X, ,X,낮음
9/18/2025,영양(801),X,22.8,22.1,18.3,14.2,87,X, ,X,낮음
9/18/2025,성주(810),X,26.6,24.8,21.6,19.1,84,X, ,X,낮음
9/18/2025,고령(812),X,28.2,25.4,22,18.9,86,X, ,X,낮음
9/18/2025,청도(813),X,26.7,23.8,21.4,19,86,X, ,X,낮음
9/18/2025,예천(815),X,25.4,24,20.5,15.9,85,X, ,X,낮음
9/18/2025,김천(822),X,25.4,23.7,20.5,17.8,85,X, ,X,낮음
9/18/2025,군위(823),X,26.1,23.1,21.2,18,83,X, ,X,낮음
9/18/2025,군위(823),X,26.1,23.1,21.2,18,83,X, ,X,낮음
9/18/2025,군위(823),X,26.1,23.1,21.2,18,83,X, ,X,낮음
9/18/2025,군위(823),X,26.1,23.1,21.2,18,83,X, ,X,낮음
9/18/2025,군위(823),X,26.1,23.1,21.2,18,83,X, ,X,낮음
9/18/2025,군위(823),X,26.1,23.1,21.2,18,83,X, ,X,낮음
9/18/2025,군위(823),X,26.1,23.1,21.2,18,83,X, ,X,낮음
9/18/2025,군위(823),X,26.1,23.1,21.2,18,83,X, ,X,낮음
9/18/2025,군위(823),X,26.1,23.1,21.2,18,83,X, ,X,낮음
9/18/2025,군위(823),X,26.1,23.1,21.2,18,83,X, ,X,낮음
9/18/2025,군위(823),X,26.1,23.1,21.2,18,83,X, ,X,낮음
9/18/2025,군위(823),X,26.1,23.1,21.2,18,83,X, ,X,낮음
9/18/2025,군위(823),X,26.1,23.1,21.2,18,83,X, ,X,낮음
9/18/2025,군위(823),X,26.1,23.1,21.2,18,83,X, ,X,낮음
9/18/2025,군위(823),X,26.1,23.1,21.2,18,83,X, ,X,낮음
9/18/2025,군위(823),X,26.1,23.1,21.2,18,83,X, ,X,낮음
9/18/2025,군위(823),X,26.1,23.1,21.2,18,83,X, ,X,낮음
9/18/2025,군위(823),X,26.1,23.1,21.2,18,83,X, ,X,낮음
9/18/2025,군위(823),X,26.1,23.1,21.2,18,83,X, ,X,낮음
9/18/2025,군위(823),X,26.1,23.1,21.2,18,83,X, ,X,낮음
9/18/2025,군위(823),X,26.1,23.1,21.2,18,83,X, ,X,낮음
9/18/2025,군위(823),X,26.1,23.1,21.2,18,83,X, ,X,낮음
9/18/2025,군위(823),X,26.1,23.1,21.2,18,83,X, ,X,낮음
9/18/2025,군위(823),X,26.1,23.1,21.2,18,83,X, ,X,낮음
9/18/2025,군위(823),X,26.1,23.1,21.2,18,83,X, ,X,낮음
9/18/2025,군위(823),X,26.1,23.1,21.2,18,83,X, ,X,낮음
9/18/2025,군위(823),X,26.1,23.1,21.2,18,83,X, ,X,낮음
9/18/2025,군위(823),X,26.1,23.1,21.2,18,83,X, ,X,낮음
9/18/2025,군위(823),X,26.1,23.1,21.2,18,83,X, ,X,낮음
9/18/2025,군위(823),X,26.1,23.1,21.2,18,83,X, ,X,낮음
9/18/2025,군위(823),X,26.1,23.1,21.2,18,83,X, ,X,낮음
9/18/2025,군위(823),X,26.1,23.1,21.2,18,83,X, ,X,낮음
9/18/2025,칠곡(825),X,27.3,24.6,21.5,19,,X, ,X,낮음
9/18/2025,경산(827),X,26.5,23.8,21.9,20,78,X, ,X,낮음
9/18/2025,삼척(876),X,25.1,24.6,19.7,18,84,X, ,X,낮음
9/18/2025,속초(90),X,23.8,23.5,20,17.3,77.6,X, ,X,낮음
9/18/2025,삼천포(907),X,28,26.4,23,19,82,X, ,X,낮음
9/18/2025,고성(918),X,28,25.9,22.7,18.5,85,X, ,X,낮음
9/18/2025,창녕(919),X,27.1,25.6,23,20.5,77,X, ,X,낮음
9/18/2025,함안(920),X,27.7,26.1,22.5,19.5,85,X, ,X,낮음
9/18/2025,북춘천(93),X,24.8,24.6,20,15.7,77.3,X, ,X,낮음
9/18/2025,하동(932),X,29.9,29,23.3,20.8,83,X, ,X,낮음
9/18/2025,철원(95),X,25,25,19.6,15.1,79.9,X, ,X,낮음
9/18/2025,동두천(98),X,26.9,26.1,20.5,17.1,84.6,X, ,X,낮음
9/18/2025,파주(99),X,27,26.1,20.1,16.6,88.4,X, ,X,낮음
9/19/2025,북강릉(104),X,23.6,22.3,18.7,16.2,89.3,X, ,X,낮음
9/19/2025,동해(106),X,24,23.1,19.5,16.7,82.6,X, ,X,낮음
9/19/2025,서울(108),X,23.1,21.4,19.4,17.9,82,X, ,X,낮음
9/19/2025,인천(112),X,23.3,21.5,19.7,17.8,82.5,X, ,X,낮음
9/19/2025,원주(114),X,23.4,22,18.4,16.3,83.6,X, ,X,낮음
9/19/2025,울릉도(115),X,24.4,23.4,20.2,17.9,74.6,X, ,X,낮음
9/19/2025,수원(119),X,22.6,21.5,19.3,17.3,78.4,X, ,X,낮음
9/19/2025,영월(121),X,24.3,23,17.4,14.5,90.1,X, ,X,낮음
9/19/2025,충주(127),X,23.3,22.1,19,17,80.9,X, ,X,낮음
9/19/2025,서산(129),X,24,22.1,19.3,17.9,92.5,X, ,X,낮음
9/19/2025,울진(130),X,23.7,22.9,19.4,16.2,81.8,X, ,X,낮음
9/19/2025,청주(131),X,23.4,22.8,20.7,18,70.6,X, ,X,낮음
9/19/2025,대전(133),X,24.2,23,20.3,18.1,77.8,X, ,X,낮음
9/19/2025,추풍령(135),X,22.5,21.3,18.7,17.1,80.8,X, ,X,낮음
9/19/2025,안동(136),X,23.6,22.7,19.1,15.6,80.5,X, ,X,낮음
9/19/2025,상주(137),X,24.1,22.8,19.3,16.7,83.8,X, ,X,낮음
9/19/2025,포항(138),X,25.1,24.8,22.3,20.6,66.3,X, ,X,낮음
9/19/2025,군산(140),X,25.1,23.6,20.8,18.7,80.9,X, ,X,낮음
9/19/2025,대구(143),X,24.4,24.4,21.6,19.8,67.5,X, ,X,낮음
9/19/2025,전주(146),X,26.8,26,22.5,20.1,72.6,X, ,X,낮음
9/19/2025,울산(152),X,24.9,24.4,21.5,20.1,68.9,X, ,X,낮음
9/19/2025,창원(155),X,27.2,26.8,22.6,19.2,71.8,X, ,X,낮음
9/19/2025,광주(156),X,27.4,26.5,22.9,19.3,75.9,X, ,X,낮음
9/19/2025,부산(159),X,27.9,27.7,23.5,20.8,66.3,X, ,X,낮음
9/19/2025,통영(162),X,27.3,27.1,23.3,20.3,68.1,X, ,X,낮음
9/19/2025,목포(165),X,27.7,26.8,23.5,21.2,79.5,X, ,X,낮음
9/19/2025,여수(168),X,25.4,24.4,22.8,21,70.4,X, ,X,낮음
9/19/2025,흑산도(169),X,26.7,25.2,23,20.9,84.1,X, ,X,낮음
9/19/2025,완도(170),X,29.7,29.1,24.3,21.4,75.6,X, ,X,낮음
9/19/2025,고창(172),X,26.7,26,23.3,20.6,77.1,X, ,X,낮음
9/19/2025,제주(184),X,30,29.2,26.3,23.6,73,X,관심,O,낮음
9/19/2025,진주(192),X,25.4,24.8,20.8,16.8,77.3,X, ,X,낮음
9/19/2025,양평(202),X,22.6,21.1,18.6,16.8,85.6,X, ,X,낮음
9/19/2025,이천(203),X,23.7,21.9,18.2,16.1,91.8,X, ,X,낮음
9/19/2025,인제(211),X,22.5,21.9,16.8,13.7,88.6,X, ,X,낮음
9/19/2025,홍천(212),X,22.6,21,17.7,14.7,90.5,X, ,X,낮음
9/19/2025,태백(216),X,19.5,18.2,15.1,12.8,85.5,X, ,X,낮음
9/19/2025,정선군(217),X,22.8,22,17.3,14.3,87.1,X, ,X,낮음
9/19/2025,제천(221),X,22.4,20.8,17.1,14.8,92,X, ,X,낮음
9/19/2025,보은(226),X,22.3,21.1,19.1,17.6,81.3,X, ,X,낮음
9/19/2025,천안(232),X,23.2,21.6,19,17.5,88.5,X, ,X,낮음
9/19/2025,보령(235),X,25.1,23.8,20.9,18.5,80.6,X, ,X,낮음
9/19/2025,부여(236),X,24.5,22.9,20,18.1,85.5,X, ,X,낮음
9/19/2025,금산(238),X,24.4,23.5,20.5,18.4,80.1,X, ,X,낮음
9/19/2025,세종(239),X,24.1,22.9,19.7,17.7,81.1,X, ,X,낮음
9/19/2025,부안(243),X,26.1,25.6,22.3,19.6,77.6,X, ,X,낮음
9/19/2025,임실(244),X,25,23.9,20.6,16.9,80.6,X, ,X,낮음
9/19/2025,정읍(245),X,26.6,26,23.1,20.8,71.8,X, ,X,낮음
9/19/2025,남원(247),X,25.8,24.7,21.6,18.6,74.6,X, ,X,낮음
9/19/2025,장수(248),X,23.9,23.1,19.8,16.2,81.5,X, ,X,낮음
9/19/2025,영광군(252),X,26.6,25.3,23,20.1,76.6,X, ,X,낮음
9/19/2025,김해시(253),X,28,27.5,22.8,19.4,71.3,X, ,X,낮음
9/19/2025,순창군(254),X,26,25.3,21.9,17.4,76.8,X, ,X,낮음
9/19/2025,양산시(257),X,27.2,26.8,23.7,21.6,70,X, ,X,낮음
9/19/2025,강진군(259),X,27.8,26.9,23.8,21.2,74.1,X, ,X,낮음
9/19/2025,장흥(260),X,27.7,26.8,23.4,20.6,72.5,X, ,X,낮음
9/19/2025,해남(261),X,28.2,27.3,23.9,21.1,77.6,X, ,X,낮음
9/19/2025,고흥(262),X,27.9,27.3,23.7,20.7,72,X, ,X,낮음
9/19/2025,의령군(263),X,25.5,25,21,17.7,76.1,X, ,X,낮음
9/19/2025,함양군(264),X,26.2,24.5,20.8,17.4,93,X, ,X,낮음
9/19/2025,진도군ASOS(268),X,27.8,27,24.1,20.9,76.5,X, ,X,낮음
9/19/2025,봉화(271),X,21.9,21.2,16.8,13.9,85.1,X, ,X,낮음
9/19/2025,영주(272),X,21.9,20.5,17.4,15.1,91.6,X, ,X,낮음
9/19/2025,문경(273),X,23.2,21.7,18.4,16.1,89.3,O, ,X,낮음
9/19/2025,청송군(276),X,24,23,19.2,14.6,85.8,X, ,X,낮음
9/19/2025,영덕(277),X,23.8,22.9,19.6,16.7,80.5,X, ,X,낮음
9/19/2025,의성(278),X,24.2,23.8,20.4,16.2,78.1,X, ,X,낮음
9/19/2025,구미(279),X,24.5,23.9,21.1,18.2,73.4,X, ,X,낮음
9/19/2025,영천(281),X,24.3,24.1,20.8,18.4,73.3,X, ,X,낮음
9/19/2025,경주시(283),X,25.9,25.1,20.9,18,80.5,X, ,X,낮음
9/19/2025,거창(284),X,25.1,24.2,20.2,17.5,79.8,X, ,X,낮음
9/19/2025,합천(285),X,25.6,24.9,21.5,18.7,81.3,X, ,X,낮음
9/19/2025,밀양(288),X,26.9,26.8,23.1,19.4,68.6,X, ,X,낮음
9/19/2025,산청(289),X,25.6,24.6,21,17.8,81.8,X, ,X,낮음
9/19/2025,거제(294),X,27.1,26.9,23,19.2,69.8,X, ,X,낮음
9/19/2025,남해(295),X,26.7,26.1,22.6,19.7,74,X, ,X,낮음
9/19/2025,부천(433),X,23.3,22.3,20.2,18.1,78,X, ,X,낮음
9/19/2025,안양(434),X,,21.7,19.8,17.6,,X, ,X,낮음
9/19/2025,광명(437),X,23.2,22.4,20.3,18.2,75,X, ,X,낮음
9/19/2025,군포(438),X,22.4,21.5,19.4,17.4,76,X, ,X,낮음
9/19/2025,김포(441),X,23.8,22.5,19.6,17.3,85,X, ,X,낮음
9/19/2025,하남(444),X,22.8,21.2,19.4,17.4,83,X, ,X,낮음
9/19/2025,의왕(445),X,22.5,20.7,18.7,16.8,88,X, ,X,낮음
9/19/2025,포천(504),X,22.6,21.3,18.4,16.2,88,X, ,X,낮음
9/19/2025,가평조종(505),X,23.1,21.5,17.9,14.8,94,X, ,X,낮음
9/19/2025,안성(516),X,23.7,22.3,19.5,17.6,84,X, ,X,낮음
9/19/2025,간성(517),X,23.4,22.5,18.4,16,85,X, ,X,낮음
9/19/2025,평창(526),X,22.2,20.8,16.8,14,88,X, ,X,낮음
9/19/2025,의정부(532),X,22.8,21.3,18.6,16.7,87,X, ,X,낮음
9/19/2025,횡성(536),X,23.1,21.4,18.2,15.8,87,X, ,X,낮음
9/19/2025,고양(540),X,23.1,21.7,18.5,16.6,87,X, ,X,낮음
9/19/2025,남양주(541),X,23.1,21.9,19.5,17.8,82,X, ,X,낮음
9/19/2025,안산(545),X,23.9,22.5,19.4,17.5,86,X, ,X,낮음
9/19/2025,경기광주(546),X,22.3,20.5,17.9,16.6,87,X, ,X,낮음
9/19/2025,여주(548),X,23.7,21.7,18,16,90,X, ,X,낮음
9/19/2025,용인(549),X,23.3,21.4,19,17.3,83,X, ,X,낮음
9/19/2025,오산(550),X,23.6,22,18.9,17.2,84,X, ,X,낮음
9/19/2025,평택(551),X,22.5,,,,,X, ,X,낮음
9/19/2025,화천(555),X,22.8,21.4,17.4,14.3,91,X, ,X,낮음
9/19/2025,양구(556),X,23.1,22.3,16.7,13.4,90,X, ,X,낮음
9/19/2025,시흥(565),X,23.1,21.8,19.7,17.5,82,X, ,X,낮음
9/19/2025,구리(569),X,22.9,21.2,18.8,17.3,82,X, ,X,낮음
9/19/2025,화성(571),X,23,21.6,19.4,17.4,82,X, ,X,낮음
9/19/2025,성남(572),X,22.5,21,18.8,17.2,84,X, ,X,낮음
9/19/2025,과천(590),X,23.2,21.4,19,17.4,85,X, ,X,낮음
9/19/2025,양주(598),X,23.4,21.8,18.5,16.1,90,X, ,X,낮음
9/19/2025,단양(601),X,22.7,21.2,17.3,14.9,90,X, ,X,낮음
9/19/2025,진천(602),X,23.4,22.1,18.5,16.9,87,X, ,X,낮음
9/19/2025,괴산(603),X,23.1,22.4,18.3,16.1,88,X, ,X,낮음
9/19/2025,옥천(604),X,24.1,23,20.2,18.4,78,X, ,X,낮음
9/19/2025,홍북(608),X,,,,,,X, ,X,낮음
9/19/2025,공주(612),X,23.7,22.4,19.6,17.5,82,X, ,X,낮음
9/19/2025,서천(614),X,24.6,23,20.2,18.4,86,X, ,X,낮음
9/19/2025,논산(615),X,24.6,23.4,20.8,18.4,75,X, ,X,낮음
9/19/2025,당진(616),X,24,21.8,19.1,17.7,88,X, ,X,낮음
9/19/2025,청양(618),X,23.8,22.1,19.1,17.3,92,X, ,X,낮음
9/19/2025,음성(619),X,22.9,21.4,18.1,16.8,88,X, ,X,낮음
9/19/2025,증평(623),X,23.2,22.1,19.3,17.2,80,X, ,X,낮음
9/19/2025,태안(627),X,24.4,22.1,19.6,18.1,90,X, ,X,낮음
9/19/2025,예산(628),X,24.2,22.5,19.7,17.7,87,X, ,X,낮음
9/19/2025,아산(634),X,23.6,22.4,20,17.8,79,X, ,X,낮음
9/19/2025,계룡(636),X,23.9,22.4,19.5,17.4,85,X, ,X,낮음
9/19/2025,연천청산(652),X,23.8,22.5,18.1,15.1,86,X, ,X,낮음
9/19/2025,양양(670),X,23.7,22.5,18.5,16,88,X, ,X,낮음
9/19/2025,무안(699),X,28.2,27.2,23.2,20,78,X, ,X,낮음
9/19/2025,무주(701),X,23.9,22.9,19.7,17.1,82,X, ,X,낮음
9/19/2025,익산(702),X,26.7,25.5,21.6,19.3,82,X, ,X,낮음
9/19/2025,진안(703),X,24.8,24.2,20,16.7,79,X, ,X,낮음
9/19/2025,담양(706),X,27,26,22.3,18.5,80,X, ,X,낮음
9/19/2025,구례(709),X,27.1,26.2,22.9,18.2,77,X, ,X,낮음
9/19/2025,나주(710),X,27.8,27.1,22.8,19.2,78,X, ,X,낮음
9/19/2025,순천시(712),X,27.1,25.9,22.8,20,76,X, ,X,낮음
9/19/2025,광양읍(713),X,28.5,27.9,23.7,21,70,X, ,X,낮음
9/19/2025,장성(730),X,27.5,26.9,23.2,19.4,76,X, ,X,낮음
9/19/2025,영암(731),X,29.1,28.9,23.8,20.2,73,X, ,X,낮음
9/19/2025,보성(732),X,25.6,24.7,21.9,18.6,74,X, ,X,낮음
9/19/2025,완주(734),X,26.7,26.1,21.2,18.9,83,X, ,X,낮음
9/19/2025,김제(737),X,26.6,25.7,21.9,19.4,82,X, ,X,낮음
9/19/2025,화순(741),X,28.9,28.2,22.5,18.3,78,X, ,X,낮음
9/19/2025,함평(754),X,27.9,27.1,22.8,19.9,79,X, ,X,낮음
9/19/2025,곡성(768),X,27.3,25.7,21.5,16.7,87,X, ,X,낮음
9/19/2025,압해도(789),X,28.5,27.7,23.6,20.7,81,X, ,X,낮음
9/19/2025,영양(801),X,23,22.5,18.3,14.4,82,X, ,X,낮음
9/19/2025,성주(810),X,25.4,24.5,21.1,18,80,X, ,X,낮음
9/19/2025,고령(812),X,23.7,,,,,X, ,X,낮음
9/19/2025,청도(813),X,26.2,25.3,21.2,17.9,81,X, ,X,낮음
9/19/2025,예천(815),X,23.8,22.5,18.5,15.9,85,X, ,X,낮음
9/19/2025,김천(822),X,23.8,22.6,19.4,17.2,82,X, ,X,낮음
9/19/2025,군위(823),X,24.5,23.7,20.3,17.2,81,X, ,X,낮음
9/19/2025,군위(823),X,24.5,23.7,20.3,17.2,81,X, ,X,낮음
9/19/2025,군위(823),X,24.5,23.7,20.3,17.2,81,X, ,X,낮음
9/19/2025,군위(823),X,24.5,23.7,20.3,17.2,81,X, ,X,낮음
9/19/2025,군위(823),X,24.5,23.7,20.3,17.2,81,X, ,X,낮음
9/19/2025,군위(823),X,24.5,23.7,20.3,17.2,81,X, ,X,낮음
9/19/2025,군위(823),X,24.5,23.7,20.3,17.2,81,X, ,X,낮음
9/19/2025,군위(823),X,24.5,23.7,20.3,17.2,81,X, ,X,낮음
9/19/2025,군위(823),X,24.5,23.7,20.3,17.2,81,X, ,X,낮음
9/19/2025,군위(823),X,24.5,23.7,20.3,17.2,81,X, ,X,낮음
9/19/2025,군위(823),X,24.5,23.7,20.3,17.2,81,X, ,X,낮음
9/19/2025,군위(823),X,24.5,23.7,20.3,17.2,81,X, ,X,낮음
9/19/2025,군위(823),X,24.5,23.7,20.3,17.2,81,X, ,X,낮음
9/19/2025,군위(823),X,24.5,23.7,20.3,17.2,81,X, ,X,낮음
9/19/2025,군위(823),X,24.5,23.7,20.3,17.2,81,X, ,X,낮음
9/19/2025,군위(823),X,24.5,23.7,20.3,17.2,81,X, ,X,낮음
9/19/2025,군위(823),X,24.5,23.7,20.3,17.2,81,X, ,X,낮음
9/19/2025,군위(823),X,24.5,23.7,20.3,17.2,81,X, ,X,낮음
9/19/2025,군위(823),X,24.5,23.7,20.3,17.2,81,X, ,X,낮음
9/19/2025,군위(823),X,24.5,23.7,20.3,17.2,81,X, ,X,낮음
9/19/2025,군위(823),X,24.5,23.7,20.3,17.2,81,X, ,X,낮음
9/19/2025,군위(823),X,24.5,23.7,20.3,17.2,81,X, ,X,낮음
9/19/2025,군위(823),X,24.5,23.7,20.3,17.2,81,X, ,X,낮음
9/19/2025,군위(823),X,24.5,23.7,20.3,17.2,81,X, ,X,낮음
9/19/2025,군위(823),X,24.5,23.7,20.3,17.2,81,X, ,X,낮음
9/19/2025,군위(823),X,24.5,23.7,20.3,17.2,81,X, ,X,낮음
9/19/2025,군위(823),X,24.5,23.7,20.3,17.2,81,X, ,X,낮음
9/19/2025,군위(823),X,24.5,23.7,20.3,17.2,81,X, ,X,낮음
9/19/2025,군위(823),X,24.5,23.7,20.3,17.2,81,X, ,X,낮음
9/19/2025,군위(823),X,24.5,23.7,20.3,17.2,81,X, ,X,낮음
9/19/2025,군위(823),X,24.5,23.7,20.3,17.2,81,X, ,X,낮음
9/19/2025,군위(823),X,24.5,23.7,20.3,17.2,81,X, ,X,낮음
9/19/2025,칠곡(825),X,25.3,24.3,21.1,18.3,,X, ,X,낮음
9/19/2025,경산(827),X,25.6,25.1,21.5,19.3,73,X, ,X,낮음
9/19/2025,삼척(876),X,23.7,22.8,19.5,16.4,81,X, ,X,낮음
9/19/2025,속초(90),X,23.5,22.7,19.4,16.3,78.6,X, ,X,낮음
9/19/2025,삼천포(907),X,27.8,27.2,22.5,18.3,75,X, ,X,낮음
9/19/2025,고성(918),X,27.5,26.9,22.3,17.7,78,X, ,X,낮음
9/19/2025,창녕(919),X,26.1,25.8,22.2,19.1,75,X, ,X,낮음
9/19/2025,함안(920),X,27,26.3,21.5,17.6,82,X, ,X,낮음
9/19/2025,북춘천(93),X,24,23,17.8,14.6,92.1,X, ,X,낮음
9/19/2025,하동(932),X,27.1,26.5,22.6,19.6,75,X, ,X,낮음
9/19/2025,철원(95),X,22.8,21.5,17.6,14.2,92.9,X, ,X,낮음
9/19/2025,동두천(98),X,24,22.2,18.2,15.6,94.5,X, ,X,낮음
9/19/2025,파주(99),X,23.6,21.5,18,15.6,93,X, ,X,낮음
9/20/2025,북강릉(104),X,22.3,19.2,17.2,15.8,99,X, ,X,낮음
9/20/2025,동해(106),X,23.8,21,18.1,16.3,94.5,X, ,X,낮음
9/20/2025,서울(108),X,24.8,23.6,20,17.5,85.4,X, ,X,낮음
9/20/2025,인천(112),X,24.9,23,19.5,17.4,89.8,X, ,X,낮음
9/20/2025,원주(114),X,23.6,21.5,18.6,16.3,90.1,X, ,X,낮음
9/20/2025,울릉도(115),X,23.2,20.3,19,17.3,93.3,X, ,X,낮음
9/20/2025,수원(119),X,24.6,23.5,19.7,17.1,83.9,X, ,X,낮음
9/20/2025,영월(121),X,25.6,23.2,18.4,15.6,92.6,X, ,X,낮음
9/20/2025,충주(127),X,23.1,20.7,18.9,17,92,X, ,X,낮음
9/20/2025,서산(129),X,25.6,24.5,19.9,17.3,89.4,X, ,X,낮음
9/20/2025,울진(130),X,25.1,23,18.7,16.7,95,X, ,X,낮음
9/20/2025,청주(131),X,24.7,23.7,20.6,17.7,81.9,X, ,X,낮음
9/20/2025,대전(133),X,25.2,23.2,20.1,17.6,90.6,X, ,X,낮음
9/20/2025,추풍령(135),X,23.1,21.5,19.2,16.6,87.3,X, ,X,낮음
9/20/2025,안동(136),X,26.2,24.2,19.5,17,90.8,X, ,X,낮음
9/20/2025,상주(137),X,25.7,24,19.9,16.7,88.8,X, ,X,낮음
9/20/2025,포항(138),X,26,24,21.3,19.6,84.9,X, ,X,낮음
9/20/2025,군산(140),X,25.8,24.4,21.3,18.2,84.8,X, ,X,낮음
9/20/2025,대구(143),X,27.8,27,21.7,18.7,78.4,X, ,X,낮음
9/20/2025,전주(146),X,26,24.7,22,18.9,82,X, ,X,낮음
9/20/2025,울산(152),X,28.2,27.1,21.8,19,81.1,X, ,X,낮음
9/20/2025,창원(155),X,30.6,29.4,24.4,20.9,77.4,X, ,X,낮음
9/20/2025,광주(156),X,27,25.5,22.5,19.6,82.1,X, ,X,낮음
9/20/2025,부산(159),X,30.3,29.8,25.1,22.3,74.5,X, ,X,낮음
9/20/2025,통영(162),X,29.3,29.1,24.2,20.5,78,X, ,X,낮음
9/20/2025,목포(165),X,28.9,25.8,23.2,21.5,85.4,X, ,X,낮음
9/20/2025,여수(168),X,28.2,27.6,23.9,21.2,77.4,X, ,X,낮음
9/20/2025,흑산도(169),X,27.5,25.5,22.9,21.5,80.6,X, ,X,낮음
9/20/2025,완도(170),X,29.9,28,24.4,20.7,79.5,X, ,X,낮음
9/20/2025,고창(172),X,27.9,25.2,22.2,18.1,88.3,X, ,X,낮음
9/20/2025,제주(184),X,29.8,28.5,25.1,22,70.9,X,관심,X,낮음
9/20/2025,진주(192),X,28.3,27.3,21.4,16,84.9,X, ,X,낮음
9/20/2025,양평(202),X,24,22.6,19.6,17.2,86.6,X, ,X,낮음
9/20/2025,이천(203),X,25.1,23.6,19.6,17,91.8,X, ,X,낮음
9/20/2025,인제(211),X,21.8,20,17,14.8,89.8,X, ,X,낮음
9/20/2025,홍천(212),X,23.5,21.9,18,15.9,90.4,X, ,X,낮음
9/20/2025,태백(216),X,21.4,19.6,15.6,13.5,94.4,X, ,X,낮음
9/20/2025,정선군(217),X,24.1,22.3,17.3,15,93.5,X, ,X,낮음
9/20/2025,제천(221),X,23.8,21.8,18,15.7,96,X, ,X,낮음
9/20/2025,보은(226),X,23.8,21.9,19,16.2,93.4,X, ,X,낮음
9/20/2025,천안(232),X,24.6,23.1,19.2,16.1,92.8,X, ,X,낮음
9/20/2025,보령(235),X,27.6,26.3,21,18.1,88.4,X, ,X,낮음
9/20/2025,부여(236),X,26,25.3,20.1,16.9,89.5,X, ,X,낮음
9/20/2025,금산(238),X,25.8,23.4,20.7,17.4,91.5,X, ,X,낮음
9/20/2025,세종(239),X,25.1,23.3,19.4,17.5,92.8,X, ,X,낮음
9/20/2025,부안(243),X,26.5,25.1,21.7,18.5,84.1,X, ,X,낮음
9/20/2025,임실(244),X,25.8,23.5,20.4,16.4,89.4,X, ,X,낮음
9/20/2025,정읍(245),X,27.1,25,22,18.1,85.1,X, ,X,낮음
9/20/2025,남원(247),X,26.7,24.8,21.7,17.3,84.6,X, ,X,낮음
9/20/2025,장수(248),X,25.9,23.7,19.4,14.1,88.5,X, ,X,낮음
9/20/2025,영광군(252),X,27.6,25.2,22.4,18.7,82.5,X, ,X,낮음
9/20/2025,김해시(253),X,29.9,29.3,24.1,19.9,80.9,X, ,X,낮음
9/20/2025,순창군(254),X,27.3,25,21.5,16.9,85,X, ,X,낮음
9/20/2025,양산시(257),X,31.4,31.3,24.5,19.9,83.5,X, ,X,낮음
9/20/2025,강진군(259),X,28.2,26.8,23.1,18.4,84.4,X, ,X,낮음
9/20/2025,장흥(260),X,27.8,26.9,22.5,17.5,85,X, ,X,낮음
9/20/2025,해남(261),X,29.5,27,23.2,18.1,84.3,X, ,X,낮음
9/20/2025,고흥(262),X,28.5,27.6,23.3,17.1,82.6,X, ,X,낮음
9/20/2025,의령군(263),X,28.2,27.8,21.9,16.5,80.6,X, ,X,낮음
9/20/2025,함양군(264),X,27.7,25.8,21.6,16.3,92.1,X, ,X,낮음
9/20/2025,진도군ASOS(268),X,29.1,26.6,22.6,18.1,85.5,X, ,X,낮음
9/20/2025,봉화(271),X,23.5,21.6,18.3,15.6,93.5,X, ,X,낮음
9/20/2025,영주(272),X,25,22.4,19,16.1,89.4,X, ,X,낮음
9/20/2025,문경(273),X,25.2,23.8,19.4,16.4,90.3,O, ,X,낮음
9/20/2025,청송군(276),X,26.4,24.3,19.9,17.8,94.9,X, ,X,낮음
9/20/2025,영덕(277),X,25.1,23,19.2,17.3,91.5,X, ,X,낮음
9/20/2025,의성(278),X,26.3,25.2,20.4,17.5,90.1,X, ,X,낮음
9/20/2025,구미(279),X,28.2,26.9,21.7,18.5,81.6,X, ,X,낮음
9/20/2025,영천(281),X,27.7,27.1,20.9,17.3,87,X, ,X,낮음
9/20/2025,경주시(283),X,29.6,28,21.6,18,85.9,X, ,X,낮음
9/20/2025,거창(284),X,28.6,27.8,21.4,15.9,81.3,X, ,X,낮음
9/20/2025,합천(285),X,29.8,29.1,22.6,18.1,84.9,X, ,X,낮음
9/20/2025,밀양(288),X,30.6,30.7,23.6,18.9,79,X, ,X,낮음
9/20/2025,산청(289),X,27.7,26.7,21.6,16.8,86.8,X, ,X,낮음
9/20/2025,거제(294),X,28.8,28,23.8,20.1,83.5,X, ,X,낮음
9/20/2025,남해(295),X,28.7,28.2,23.9,19,77.6,X, ,X,낮음
9/20/2025,부천(433),X,25.6,24.9,20.3,17.6,83,X, ,X,낮음
9/20/2025,안양(434),X,,22.8,20,17.5,,X, ,X,낮음
9/20/2025,광명(437),X,25.3,24.8,20.5,17.9,81,X, ,X,낮음
9/20/2025,군포(438),X,24.8,23.8,19.7,17.2,82,X, ,X,낮음
9/20/2025,김포(441),X,26.5,25.2,19.5,17.2,91,X, ,X,낮음
9/20/2025,하남(444),X,25.3,23.3,19.6,17.3,93,X, ,X,낮음
9/20/2025,의왕(445),X,25.6,23.7,18.9,16.7,94,X, ,X,낮음
9/20/2025,포천(504),X,24.8,22.9,18.9,16.8,88,X, ,X,낮음
9/20/2025,가평조종(505),X,24.3,22.2,18.4,16.4,96,X, ,X,낮음
9/20/2025,안성(516),X,25.8,24.6,19.5,17.4,90,X, ,X,낮음
9/20/2025,간성(517),X,21.1,18.1,16.9,15.5,97,X, ,X,낮음
9/20/2025,평창(526),X,23.6,22.1,17.3,14.9,92,X, ,X,낮음
9/20/2025,의정부(532),X,25.2,23.9,19.1,17.1,89,X, ,X,낮음
9/20/2025,횡성(536),X,23.2,20.9,18.3,16.1,93,X, ,X,낮음
9/20/2025,고양(540),X,27.1,26,18.8,16.7,92,X, ,X,낮음
9/20/2025,남양주(541),X,26.5,25,20.1,17.4,86,X, ,X,낮음
9/20/2025,안산(545),X,26.9,25.7,19.8,17.1,91,X, ,X,낮음
9/20/2025,경기광주(546),X,24.6,22.8,18.5,16.2,91,X, ,X,낮음
9/20/2025,여주(548),X,24.1,22.1,18.6,16.5,94,X, ,X,낮음
9/20/2025,용인(549),X,25.6,24.2,19.5,17,88,X, ,X,낮음
9/20/2025,오산(550),X,25.9,24.8,19.3,16.5,89,X, ,X,낮음
9/20/2025,평택(551),X,26.1,25.2,20.1,17.4,86,X, ,X,낮음
9/20/2025,화천(555),X,23.6,21.8,18.3,16.4,93,X, ,X,낮음
9/20/2025,양구(556),X,22.6,20.5,17.4,15.2,90,X, ,X,낮음
9/20/2025,시흥(565),X,25.6,24.5,20,17.5,86,X, ,X,낮음
9/20/2025,구리(569),X,25.4,24.1,19.4,16.9,86,X, ,X,낮음
9/20/2025,화성(571),X,25.7,24.7,19.9,17.3,86,X, ,X,낮음
9/20/2025,성남(572),X,24.5,23.1,19.3,17.1,87,X, ,X,낮음
9/20/2025,과천(590),X,25.4,24.2,19.4,17.3,91,X, ,X,낮음
9/20/2025,양주(598),X,26,24.5,19,17,90,X, ,X,낮음
9/20/2025,단양(601),X,23.6,21.8,18.4,15.9,92,X, ,X,낮음
9/20/2025,진천(602),X,25.1,23.8,18.8,16,89,X, ,X,낮음
9/20/2025,괴산(603),X,24.2,22.4,19.2,16.9,92,X, ,X,낮음
9/20/2025,옥천(604),X,25.1,23.4,19.9,18,92,X, ,X,낮음
9/20/2025,홍북(608),X,,,,,,X, ,X,낮음
9/20/2025,공주(612),X,25.6,24,19.6,16.8,92,X, ,X,낮음
9/20/2025,서천(614),X,26.1,24.9,20.6,16.6,89,X, ,X,낮음
9/20/2025,논산(615),X,26.2,25.1,20.3,17.1,86,X, ,X,낮음
9/20/2025,당진(616),X,25.5,24.6,19.7,17.3,91,X, ,X,낮음
9/20/2025,청양(618),X,25.3,23.9,19.2,16.3,92,X, ,X,낮음
9/20/2025,음성(619),X,24.6,22.4,18.9,16.9,94,X, ,X,낮음
9/20/2025,증평(623),X,24.7,23.2,19.3,16.4,87,X, ,X,낮음
9/20/2025,태안(627),X,25.9,24.7,20.1,17.2,89,X, ,X,낮음
9/20/2025,예산(628),X,25.5,24.3,19.6,17.5,90,X, ,X,낮음
9/20/2025,아산(634),X,25.9,24.8,19.7,17.5,88,X, ,X,낮음
9/20/2025,계룡(636),X,25.6,24,18.9,14.9,95,X, ,X,낮음
9/20/2025,연천청산(652),X,25.3,24.2,18.8,15.9,85,X, ,X,낮음
9/20/2025,양양(670),X,21.7,18.8,17,15.4,97,X, ,X,낮음
9/20/2025,무안(699),X,28.2,25.9,22.4,18.3,88,X, ,X,낮음
9/20/2025,무주(701),X,25.8,23.9,19.8,16.9,90,X, ,X,낮음
9/20/2025,익산(702),X,26.2,24.8,21.7,17.3,85,X, ,X,낮음
9/20/2025,진안(703),X,25.4,22.9,19.7,14.7,90,X, ,X,낮음
9/20/2025,담양(706),X,28,26.4,21.4,16.7,88,X, ,X,낮음
9/20/2025,구례(709),X,27.7,26.1,21.9,16.6,90,X, ,X,낮음
9/20/2025,나주(710),X,27.6,25.6,21.6,17.6,89,X, ,X,낮음
9/20/2025,순천시(712),X,28.6,27.7,22.7,18.2,85,X, ,X,낮음
9/20/2025,광양읍(713),X,29.2,28,22.7,17.9,87,X, ,X,낮음
9/20/2025,장성(730),X,27.3,25.3,21.8,17.6,88,X, ,X,낮음
9/20/2025,영암(731),X,28.6,25.9,22.5,17.9,87,X, ,X,낮음
9/20/2025,보성(732),X,26.6,25.7,21.6,15.8,86,X, ,X,낮음
9/20/2025,완주(734),X,26.7,25.2,21.2,17.1,88,X, ,X,낮음
9/20/2025,김제(737),X,26.4,25,21.7,19.1,88,X, ,X,낮음
9/20/2025,화순(741),X,26.7,25.2,21.7,16.9,85,X, ,X,낮음
9/20/2025,함평(754),X,28.1,25.4,22.2,17.4,85,X, ,X,낮음
9/20/2025,곡성(768),X,27.4,25.3,21.2,16.5,93,X, ,X,낮음
9/20/2025,압해도(789),X,28.4,27.1,23.1,20.7,88,X, ,X,낮음
9/20/2025,영양(801),X,25.8,24.4,18.9,16.6,96,X, ,X,낮음
9/20/2025,성주(810),X,27.7,26.4,21.2,17.5,86,X, ,X,낮음
9/20/2025,고령(812),X,28.4,,,,,X, ,X,낮음
9/20/2025,청도(813),X,29.4,28,22,16.5,89,X, ,X,낮음
9/20/2025,예천(815),X,26.2,25.1,19.8,17.1,88,X, ,X,낮음
9/20/2025,김천(822),X,26.1,25,20,16.8,84,X, ,X,낮음
9/20/2025,군위(823),X,27,25.6,20.5,17.3,92,X, ,X,낮음
9/20/2025,군위(823),X,27,25.6,20.5,17.3,92,X, ,X,낮음
9/20/2025,군위(823),X,27,25.6,20.5,17.3,92,X, ,X,낮음
9/20/2025,군위(823),X,27,25.6,20.5,17.3,92,X, ,X,낮음
9/20/2025,군위(823),X,27,25.6,20.5,17.3,92,X, ,X,낮음
9/20/2025,군위(823),X,27,25.6,20.5,17.3,92,X, ,X,낮음
9/20/2025,군위(823),X,27,25.6,20.5,17.3,92,X, ,X,낮음
9/20/2025,군위(823),X,27,25.6,20.5,17.3,92,X, ,X,낮음
9/20/2025,군위(823),X,27,25.6,20.5,17.3,92,X, ,X,낮음
9/20/2025,군위(823),X,27,25.6,20.5,17.3,92,X, ,X,낮음
9/20/2025,군위(823),X,27,25.6,20.5,17.3,92,X, ,X,낮음
9/20/2025,군위(823),X,27,25.6,20.5,17.3,92,X, ,X,낮음
9/20/2025,군위(823),X,27,25.6,20.5,17.3,92,X, ,X,낮음
9/20/2025,군위(823),X,27,25.6,20.5,17.3,92,X, ,X,낮음
9/20/2025,군위(823),X,27,25.6,20.5,17.3,92,X, ,X,낮음
9/20/2025,군위(823),X,27,25.6,20.5,17.3,92,X, ,X,낮음
9/20/2025,군위(823),X,27,25.6,20.5,17.3,92,X, ,X,낮음
9/20/2025,군위(823),X,27,25.6,20.5,17.3,92,X, ,X,낮음
9/20/2025,군위(823),X,27,25.6,20.5,17.3,92,X, ,X,낮음
9/20/2025,군위(823),X,27,25.6,20.5,17.3,92,X, ,X,낮음
9/20/2025,군위(823),X,27,25.6,20.5,17.3,92,X, ,X,낮음
9/20/2025,군위(823),X,27,25.6,20.5,17.3,92,X, ,X,낮음
9/20/2025,군위(823),X,27,25.6,20.5,17.3,92,X, ,X,낮음
9/20/2025,군위(823),X,27,25.6,20.5,17.3,92,X, ,X,낮음
9/20/2025,군위(823),X,27,25.6,20.5,17.3,92,X, ,X,낮음
9/20/2025,군위(823),X,27,25.6,20.5,17.3,92,X, ,X,낮음
9/20/2025,군위(823),X,27,25.6,20.5,17.3,92,X, ,X,낮음
9/20/2025,군위(823),X,27,25.6,20.5,17.3,92,X, ,X,낮음
9/20/2025,군위(823),X,27,25.6,20.5,17.3,92,X, ,X,낮음
9/20/2025,군위(823),X,27,25.6,20.5,17.3,92,X, ,X,낮음
9/20/2025,군위(823),X,27,25.6,20.5,17.3,92,X, ,X,낮음
9/20/2025,군위(823),X,27,25.6,20.5,17.3,92,X, ,X,낮음
9/20/2025,칠곡(825),X,27.9,26.7,21.6,18.7,90,X, ,X,낮음
9/20/2025,경산(827),X,29.1,28.5,21.9,18.1,81,X, ,X,낮음
9/20/2025,삼척(876),X,23.7,20.9,18.2,16.4,95,X, ,X,낮음
9/20/2025,속초(90),X,22.3,19.4,17.3,15.8,95.4,X, ,X,낮음
9/20/2025,삼천포(907),X,28.6,27.6,23.3,18.6,80,X, ,X,낮음
9/20/2025,고성(918),X,29.8,29,23,17.8,87,X, ,X,낮음
9/20/2025,창녕(919),X,30.4,30.2,22.9,18,83,X, ,X,낮음
9/20/2025,함안(920),X,29.5,28.7,22.6,17.3,83,X, ,X,낮음
9/20/2025,북춘천(93),X,24.1,22,18.3,16.3,93.1,X, ,X,낮음
9/20/2025,하동(932),X,28.7,27.8,22.7,17.9,83,X, ,X,낮음
9/20/2025,철원(95),X,23.2,21.6,18.3,16.2,89.6,X, ,X,낮음
9/20/2025,동두천(98),X,26.1,24.1,18.3,16.4,95.4,X, ,X,낮음
9/20/2025,파주(99),X,25.2,23.4,18.7,16.5,90.9,X, ,X,낮음
9/21/2025,북강릉(104),X,24.1,22.8,18.5,14.6,86.8,X, ,X,낮음
9/21/2025,동해(106),X,24.3,22.2,17.7,15.1,90.1,X, ,X,낮음
9/21/2025,서울(108),X,27.2,27.3,21.6,17.2,67,X, ,X,낮음
9/21/2025,인천(112),X,26,25.7,21.4,16.9,68.8,X, ,X,낮음
9/21/2025,원주(114),X,26.1,26.6,20.3,15.7,73.3,X, ,X,낮음
9/21/2025,울릉도(115),X,23.2,22.1,19.6,18,74.8,X, ,X,낮음
9/21/2025,수원(119),X,25.8,26.3,21.4,16.7,66.5,X, ,X,낮음
9/21/2025,영월(121),X,25.8,25.4,19,13.7,79.8,X, ,X,낮음
9/21/2025,충주(127),X,26.2,26.7,20.6,16.2,76,X, ,X,낮음
9/21/2025,서산(129),X,26.4,26.3,21.1,16.6,78.1,X, ,X,낮음
9/21/2025,울진(130),X,25.1,24,19.6,16.1,82.1,X, ,X,낮음
9/21/2025,청주(131),X,26.3,26.9,22.4,18.5,65.5,X, ,X,낮음
9/21/2025,대전(133),X,27.2,27.1,21.6,17.8,75.3,X, ,X,낮음
9/21/2025,추풍령(135),X,24.8,24.5,19.3,15.6,77.3,X, ,X,낮음
9/21/2025,안동(136),X,25.3,25.3,20,14.8,75.8,X, ,X,낮음
9/21/2025,상주(137),X,26.7,26.5,20.5,16.2,78.8,X, ,X,낮음
9/21/2025,포항(138),X,24.7,23.9,21.5,18.8,70.3,X, ,X,낮음
9/21/2025,군산(140),X,26.9,26.6,21.6,17,76.3,X, ,X,낮음
9/21/2025,대구(143),X,25.4,25.6,20.5,17,73.1,X, ,X,낮음
9/21/2025,전주(146),X,28,27.9,21.8,17,74.8,X, ,X,낮음
9/21/2025,울산(152),X,24.1,23.2,20.4,18,73.9,X, ,X,낮음
9/21/2025,창원(155),X,27,26.9,22.2,19,69.6,X, ,X,낮음
9/21/2025,광주(156),X,28.3,28,22.2,17.6,73.1,X, ,X,낮음
9/21/2025,부산(159),X,27.7,27.1,22.5,19.9,66.9,X, ,X,낮음
9/21/2025,통영(162),X,27.6,27.5,22.2,18.6,69.6,X, ,X,낮음
9/21/2025,목포(165),X,27.4,26.2,22.5,18.4,82.6,X, ,X,낮음
9/21/2025,여수(168),X,26.4,26,22.4,19.1,69.1,X, ,X,낮음
9/21/2025,흑산도(169),X,27.9,26.6,23,21.4,80.8,X, ,X,낮음
9/21/2025,완도(170),X,30.1,29.8,22.7,19.2,78.8,X, ,X,낮음
9/21/2025,고창(172),X,27.7,26.9,21.6,16.5,83.9,X, ,X,낮음
9/21/2025,제주(184),X,27.5,27.1,24.4,21.3,66.4,X, ,X,낮음
9/21/2025,진주(192),X,26.2,26.3,19.4,14.1,77.6,X, ,X,낮음
9/21/2025,양평(202),X,25.8,26.2,20.5,16.4,70,X, ,X,낮음
9/21/2025,이천(203),X,27.2,26.9,20.5,15.7,77.4,X, ,X,낮음
9/21/2025,인제(211),X,23.7,24.1,17.6,11.8,75,X, ,X,낮음
9/21/2025,홍천(212),X,25.5,26.1,18.9,13.7,75.4,X, ,X,낮음
9/21/2025,태백(216),X,19.2,17.5,14.3,10.9,90.1,X, ,X,낮음
9/21/2025,정선군(217),X,25,24.5,17.8,12.4,81,X, ,X,낮음
9/21/2025,제천(221),X,24.4,24.4,18.7,13.7,78.9,X, ,X,낮음
9/21/2025,보은(226),X,25.5,25.1,19.5,16,81.8,X, ,X,낮음
9/21/2025,천안(232),X,26,25.8,20.3,15.8,81.3,X, ,X,낮음
9/21/2025,보령(235),X,27.2,26.8,21.9,17.2,76.5,X, ,X,낮음
9/21/2025,부여(236),X,27.1,26.9,20.7,16.4,82.5,X, ,X,낮음
9/21/2025,금산(238),X,26.4,26.4,20.3,16.8,82.6,X, ,X,낮음
9/21/2025,세종(239),X,26.7,26.1,20.7,16.9,80.6,X, ,X,낮음
9/21/2025,부안(243),X,27.5,27.3,21.7,16.9,77.6,X, ,X,낮음
9/21/2025,임실(244),X,26.9,26.8,19.9,15.7,79.9,X, ,X,낮음
9/21/2025,정읍(245),X,28.2,27.9,21.2,16.5,82.5,X, ,X,낮음
9/21/2025,남원(247),X,27.3,27.4,20.9,15,76.9,X, ,X,낮음
9/21/2025,장수(248),X,25.7,25.7,18.5,13.4,82.6,X, ,X,낮음
9/21/2025,영광군(252),X,27.3,26.8,21.6,16.7,80.3,X, ,X,낮음
9/21/2025,김해시(253),X,27.8,27,21.6,17.6,73.6,X, ,X,낮음
9/21/2025,순창군(254),X,27.4,28.2,20.7,15.9,79.3,X, ,X,낮음
9/21/2025,양산시(257),X,27.2,26.6,22.1,17.7,75.8,X, ,X,낮음
9/21/2025,강진군(259),X,28.3,28.7,21.7,16.7,81.8,X, ,X,낮음
9/21/2025,장흥(260),X,28.6,28.9,21.2,15.9,82.9,X, ,X,낮음
9/21/2025,해남(261),X,28.4,28,21.7,17.1,83,X, ,X,낮음
9/21/2025,고흥(262),X,27.9,28.1,21.5,15.5,77.3,X, ,X,낮음
9/21/2025,의령군(263),X,26.1,26.1,19.2,14.2,77.3,X, ,X,낮음
9/21/2025,함양군(264),X,28.2,27.3,19.6,14.1,89.3,X, ,X,낮음
9/21/2025,진도군ASOS(268),X,27.3,27,21.1,17.2,84.6,X, ,X,낮음
9/21/2025,봉화(271),X,23,22.6,17.4,11.7,80.4,X, ,X,낮음
9/21/2025,영주(272),X,25.1,24.9,19,13.8,81.4,X, ,X,낮음
9/21/2025,문경(273),X,26.4,26,20.1,15.6,80.3,O, ,X,낮음
9/21/2025,청송군(276),X,25.3,24.6,19.1,13.8,83.6,X, ,X,낮음
9/21/2025,영덕(277),X,24.3,23.3,19.4,15.7,79.8,X, ,X,낮음
9/21/2025,의성(278),X,26.3,26.5,20.5,15.4,75.6,X, ,X,낮음
9/21/2025,구미(279),X,27,27.5,21,16.8,72.4,X, ,X,낮음
9/21/2025,영천(281),X,25.7,26,19.9,16.4,77.9,X, ,X,낮음
9/21/2025,경주시(283),X,25,24.4,20,16.1,80,X, ,X,낮음
9/21/2025,거창(284),X,26.1,25.5,19.2,14.8,78.4,X, ,X,낮음
9/21/2025,합천(285),X,27.4,27.4,20.5,16.3,81.8,X, ,X,낮음
9/21/2025,밀양(288),X,26.7,27.2,21.2,16.5,72.4,X, ,X,낮음
9/21/2025,산청(289),X,26.8,26.3,19.3,15,84,X, ,X,낮음
9/21/2025,거제(294),X,26.7,26.3,21.7,18.8,72.3,X, ,X,낮음
9/21/2025,남해(295),X,27.2,27,21.7,17.5,74.5,X, ,X,낮음
9/21/2025,부천(433),X,26.7,27.5,22,16.7,63,X, ,X,낮음
9/21/2025,안양(434),X,,26.1,21.9,18.5,,X, ,X,낮음
9/21/2025,광명(437),X,26.5,27.5,22.9,18.3,58,X, ,X,낮음
9/21/2025,군포(438),X,25.8,26.8,21.7,18.3,63,X, ,X,낮음
9/21/2025,김포(441),X,26.8,27,20.9,15.9,73,X, ,X,낮음
9/21/2025,하남(444),X,25.9,25.8,21.1,16.2,73,X, ,X,낮음
9/21/2025,의왕(445),X,26.8,26.7,20.2,16.2,79,X, ,X,낮음
9/21/2025,포천(504),X,26.9,27,19.6,14.4,76,X, ,X,낮음
9/21/2025,가평조종(505),X,26.2,26.2,18.9,13.2,85,X, ,X,낮음
9/21/2025,안성(516),X,27.5,27.6,21.2,16.5,77,X, ,X,낮음
9/21/2025,간성(517),X,23.7,22.4,17.8,13.5,83,X, ,X,낮음
9/21/2025,평창(526),X,24.4,24.4,17.5,12.7,81,X, ,X,낮음
9/21/2025,의정부(532),X,26.9,27,19.8,15.1,77,X, ,X,낮음
9/21/2025,횡성(536),X,26,26.5,19.4,14.6,74,X, ,X,낮음
9/21/2025,고양(540),X,27.1,27.6,20,15.1,77,X, ,X,낮음
9/21/2025,남양주(541),X,26.9,27.5,20.6,16.3,72,X, ,X,낮음
9/21/2025,안산(545),X,27,27.3,20.3,16.1,80,X, ,X,낮음
9/21/2025,경기광주(546),X,25,24.8,19.5,15.5,76,X, ,X,낮음
9/21/2025,여주(548),X,26.7,26.8,20.5,15.5,74,X, ,X,낮음
9/21/2025,용인(549),X,27,27.2,20.7,15.8,76,X, ,X,낮음
9/21/2025,오산(550),X,26.6,27,21.2,16.2,72,X, ,X,낮음
9/21/2025,평택(551),X,27.7,27.4,21.6,17,76,X, ,X,낮음
9/21/2025,화천(555),X,25.8,26.5,18.3,13.4,81,X, ,X,낮음
9/21/2025,양구(556),X,24.2,24.7,17.2,11.4,78,X, ,X,낮음
9/21/2025,시흥(565),X,26.8,27.4,20.7,15.8,76,X, ,X,낮음
9/21/2025,구리(569),X,26.5,26.8,20.9,15.7,68,X, ,X,낮음
9/21/2025,화성(571),X,27.4,28,21.9,17.7,68,X, ,X,낮음
9/21/2025,성남(572),X,25.9,26.1,20.5,16.3,74,X, ,X,낮음
9/21/2025,과천(590),X,26.3,26.4,19.9,15.6,80,X, ,X,낮음
9/21/2025,양주(598),X,26.3,26.4,19.5,14.3,79,X, ,X,낮음
9/21/2025,단양(601),X,26,26.4,18.9,14,82,X, ,X,낮음
9/21/2025,진천(602),X,26.6,26.3,20.1,15.9,83,X, ,X,낮음
9/21/2025,괴산(603),X,26.4,26.5,19.9,15.9,82,X, ,X,낮음
9/21/2025,옥천(604),X,27.4,27.3,20.7,17,80,X, ,X,낮음
9/21/2025,홍북(608),X,,,,,,X, ,X,낮음
9/21/2025,공주(612),X,26.9,26.6,20.6,16.4,80,X, ,X,낮음
9/21/2025,서천(614),X,27,26.8,20.6,15,81,X, ,X,낮음
9/21/2025,논산(615),X,26.5,26.4,20.7,15.5,77,X, ,X,낮음
9/21/2025,당진(616),X,27.1,26.7,21,16.8,81,X, ,X,낮음
9/21/2025,청양(618),X,27.1,26.9,19.6,15.8,86,X, ,X,낮음
9/21/2025,음성(619),X,25.9,25.8,20.3,16.5,83,X, ,X,낮음
9/21/2025,증평(623),X,26,26.7,21,16.3,72,X, ,X,낮음
9/21/2025,태안(627),X,27.1,26.4,21.5,16.6,80,X, ,X,낮음
9/21/2025,예산(628),X,26.8,26.8,21.4,16.5,76,X, ,X,낮음
9/21/2025,아산(634),X,27,27.4,21.9,16.1,70,X, ,X,낮음
9/21/2025,계룡(636),X,26.7,26.4,19.3,13.6,84,X, ,X,낮음
9/21/2025,연천청산(652),X,26.4,26.8,19.2,14.2,74,X, ,X,낮음
9/21/2025,양양(670),X,23.6,22.1,18.4,14.9,84,X, ,X,낮음
9/21/2025,무안(699),X,28.3,27.8,21.8,16.6,84,X, ,X,낮음
9/21/2025,무주(701),X,25.3,25.3,19.7,16.2,79,X, ,X,낮음
9/21/2025,익산(702),X,27.8,27.5,21.4,15.7,77,X, ,X,낮음
9/21/2025,진안(703),X,25.6,25.3,19.4,14.1,78,X, ,X,낮음
9/21/2025,담양(706),X,27.8,28.2,21.3,15.7,79,X, ,X,낮음
9/21/2025,구례(709),X,28.1,28.3,20.3,16,85,X, ,X,낮음
9/21/2025,나주(710),X,27.4,27.3,20.9,15.8,85,X, ,X,낮음
9/21/2025,순천시(712),X,27.2,26.7,21.5,16.1,77,X, ,X,낮음
9/21/2025,광양읍(713),X,29.7,29.4,22,15.9,74,X, ,X,낮음
9/21/2025,장성(730),X,28.5,28.8,21.2,16.1,85,X, ,X,낮음
9/21/2025,영암(731),X,28.6,28.4,20.6,15.6,88,X, ,X,낮음
9/21/2025,보성(732),X,27.2,27.7,20.1,14.5,78,X, ,X,낮음
9/21/2025,완주(734),X,27.5,27.6,20.7,16.6,81,X, ,X,낮음
9/21/2025,김제(737),X,27.8,27.1,21.5,16.8,81,X, ,X,낮음
9/21/2025,화순(741),X,29,28.6,20.8,15.8,80,X, ,X,낮음
9/21/2025,함평(754),X,27.9,28.5,21.5,16,82,X, ,X,낮음
9/21/2025,곡성(768),X,28.1,27.8,20.1,16.2,88,X, ,X,낮음
9/21/2025,압해도(789),X,29.7,28.2,22.7,17.9,86,X, ,X,낮음
9/21/2025,영양(801),X,24.4,24.1,18.4,13.2,80,X, ,X,낮음
9/21/2025,성주(810),X,26.4,26,19.8,16,81,X, ,X,낮음
9/21/2025,고령(812),X,,26.9,20,15.8,,X, ,X,낮음
9/21/2025,청도(813),X,25.8,25.3,19.6,15.6,84,X, ,X,낮음
9/21/2025,예천(815),X,27.6,27,20.3,15.4,77,X, ,X,낮음
9/21/2025,김천(822),X,26.4,26.3,19.6,14.9,78,X, ,X,낮음
9/21/2025,군위(823),X,26,26,20.2,15.3,83,X, ,X,낮음
9/21/2025,군위(823),X,26,26,20.2,15.3,83,X, ,X,낮음
9/21/2025,군위(823),X,26,26,20.2,15.3,83,X, ,X,낮음
9/21/2025,군위(823),X,26,26,20.2,15.3,83,X, ,X,낮음
9/21/2025,군위(823),X,26,26,20.2,15.3,83,X, ,X,낮음
9/21/2025,군위(823),X,26,26,20.2,15.3,83,X, ,X,낮음
9/21/2025,군위(823),X,26,26,20.2,15.3,83,X, ,X,낮음
9/21/2025,군위(823),X,26,26,20.2,15.3,83,X, ,X,낮음
9/21/2025,군위(823),X,26,26,20.2,15.3,83,X, ,X,낮음
9/21/2025,군위(823),X,26,26,20.2,15.3,83,X, ,X,낮음
9/21/2025,군위(823),X,26,26,20.2,15.3,83,X, ,X,낮음
9/21/2025,군위(823),X,26,26,20.2,15.3,83,X, ,X,낮음
9/21/2025,군위(823),X,26,26,20.2,15.3,83,X, ,X,낮음
9/21/2025,군위(823),X,26,26,20.2,15.3,83,X, ,X,낮음
9/21/2025,군위(823),X,26,26,20.2,15.3,83,X, ,X,낮음
9/21/2025,군위(823),X,26,26,20.2,15.3,83,X, ,X,낮음
9/21/2025,군위(823),X,26,26,20.2,15.3,83,X, ,X,낮음
9/21/2025,군위(823),X,26,26,20.2,15.3,83,X, ,X,낮음
9/21/2025,군위(823),X,26,26,20.2,15.3,83,X, ,X,낮음
9/21/2025,군위(823),X,26,26,20.2,15.3,83,X, ,X,낮음
9/21/2025,군위(823),X,26,26,20.2,15.3,83,X, ,X,낮음
9/21/2025,군위(823),X,26,26,20.2,15.3,83,X, ,X,낮음
9/21/2025,군위(823),X,26,26,20.2,15.3,83,X, ,X,낮음
9/21/2025,군위(823),X,26,26,20.2,15.3,83,X, ,X,낮음
9/21/2025,군위(823),X,26,26,20.2,15.3,83,X, ,X,낮음
9/21/2025,군위(823),X,26,26,20.2,15.3,83,X, ,X,낮음
9/21/2025,군위(823),X,26,26,20.2,15.3,83,X, ,X,낮음
9/21/2025,군위(823),X,26,26,20.2,15.3,83,X, ,X,낮음
9/21/2025,군위(823),X,26,26,20.2,15.3,83,X, ,X,낮음
9/21/2025,군위(823),X,26,26,20.2,15.3,83,X, ,X,낮음
9/21/2025,군위(823),X,26,26,20.2,15.3,83,X, ,X,낮음
9/21/2025,군위(823),X,26,26,20.2,15.3,83,X, ,X,낮음
9/21/2025,칠곡(825),X,26.9,26.9,20.7,17.1,82,X, ,X,낮음
9/21/2025,경산(827),X,26.7,26.7,20.4,16.8,75,X, ,X,낮음
9/21/2025,삼척(876),X,24.6,23.9,18.4,16.3,87,X, ,X,낮음
9/21/2025,속초(90),X,23.4,22.4,18.6,14.6,79.5,X, ,X,낮음
9/21/2025,삼천포(907),X,28.7,27.9,21.5,16.9,75,X, ,X,낮음
9/21/2025,고성(918),X,27.8,27.5,20.8,15.9,79,X, ,X,낮음
9/21/2025,창녕(919),X,27.1,27.3,20.8,16.2,75,X, ,X,낮음
9/21/2025,함안(920),X,27.7,27,19.8,14.8,80,X, ,X,낮음
9/21/2025,북춘천(93),X,25.5,26.1,18.9,13.3,76,X, ,X,낮음
9/21/2025,하동(932),X,28.1,28.2,21.3,15.5,74,X, ,X,낮음
9/21/2025,철원(95),X,25.1,25.6,19.1,13.3,74.1,X, ,X,낮음
9/21/2025,동두천(98),X,26.1,25.7,19.4,14.5,81.9,X, ,X,낮음
9/21/2025,파주(99),X,25.9,25.7,19.1,14.1,79.9,X, ,X,낮음
9/22/2025,북강릉(104),X,24.8,23.2,18.8,13.9,81.4,X, ,X,낮음
9/22/2025,동해(106),X,24.9,23.6,19,14.7,79.6,X, ,X,낮음
9/22/2025,서울(108),X,24.9,25.1,21.3,17.6,59.8,X, ,X,낮음
9/22/2025,인천(112),X,24.3,24.2,21.7,19,60.3,X, ,X,낮음
9/22/2025,원주(114),X,25.3,26.2,19.9,14.3,64.9,X, ,X,낮음
9/22/2025,울릉도(115),X,22.4,21.6,19.7,18.6,71.5,X, ,X,낮음
9/22/2025,수원(119),X,24.1,24.3,21.3,18.2,60,X, ,X,낮음
9/22/2025,영월(121),X,25.9,26.2,18.4,12.5,76.8,X, ,X,낮음
9/22/2025,충주(127),X,25.2,25.8,20.5,15.9,64.9,X, ,X,낮음
9/22/2025,서산(129),X,25.4,25.2,21,18.2,72.6,X, ,X,낮음
9/22/2025,울진(130),X,25.6,24.6,19.6,15.6,77.4,X, ,X,낮음
9/22/2025,청주(131),X,25,25.7,22.1,18.6,57.8,X, ,X,낮음
9/22/2025,대전(133),X,24.6,23.9,21.2,17.9,66.5,X, ,X,낮음
9/22/2025,추풍령(135),X,23.4,22.4,17.9,14.1,78.3,X, ,X,낮음
9/22/2025,안동(136),X,24.7,24.8,19.5,14.5,72.5,X, ,X,낮음
9/22/2025,상주(137),X,25.2,24.7,19.4,16,77.9,X, ,X,낮음
9/22/2025,포항(138),X,25.1,24.5,21.8,19.8,64.3,X, ,X,낮음
9/22/2025,군산(140),X,24.6,24,21.3,18.6,70.6,X, ,X,낮음
9/22/2025,대구(143),X,24.5,24.8,20,16,70.3,X, ,X,낮음
9/22/2025,전주(146),X,26,26.1,22.3,18.2,65,X, ,X,낮음
9/22/2025,울산(152),X,25.1,24.8,20.8,18.5,63.4,X, ,X,낮음
9/22/2025,창원(155),X,26.6,26.9,22.3,18.6,61.9,X, ,X,낮음
9/22/2025,광주(156),X,28,27.7,22.2,17.9,68.3,X, ,X,낮음
9/22/2025,부산(159),X,27.4,27.5,22.5,19.9,61,X, ,X,낮음
9/22/2025,통영(162),X,26.5,26.7,22.3,19.6,60,X, ,X,낮음
9/22/2025,목포(165),X,27.6,27.3,23.2,19.3,65.8,X, ,X,낮음
9/22/2025,여수(168),X,25.1,25,22.5,20.5,60,X, ,X,낮음
9/22/2025,흑산도(169),X,27.9,26.9,22.9,20.1,74.5,X, ,X,낮음
9/22/2025,완도(170),X,29.4,29.2,22.8,18.5,70.8,X, ,X,낮음
9/22/2025,고창(172),X,27.4,27.6,22.3,17.6,74.3,X, ,X,낮음
9/22/2025,제주(184),X,28.4,27.8,25,23.2,68,X, ,X,낮음
9/22/2025,진주(192),X,25.1,25,19.8,14.1,72.4,X, ,X,낮음
9/22/2025,양평(202),X,24.6,25.2,19.5,14.6,72.9,X, ,X,낮음
9/22/2025,이천(203),X,25.7,25.7,19.8,14.8,73.3,X, ,X,낮음
9/22/2025,인제(211),X,23.4,23.3,16,10.1,78.8,X, ,X,낮음
9/22/2025,홍천(212),X,25.1,25.1,18.3,12.5,74.5,X, ,X,낮음
9/22/2025,태백(216),X,20.8,20.4,14.3,9.9,81.5,X, ,X,낮음
9/22/2025,정선군(217),X,24.7,24.9,17.1,12.3,74.1,X, ,X,낮음
9/22/2025,제천(221),X,24.1,24.3,18.1,12.8,76.4,X, ,X,낮음
9/22/2025,보은(226),X,23.5,22.8,19.2,15.6,77.1,X, ,X,낮음
9/22/2025,천안(232),X,24.6,24.5,20.4,17.3,72.9,X, ,X,낮음
9/22/2025,보령(235),X,25.4,25.1,22.8,20.5,61.5,X, ,X,낮음
9/22/2025,부여(236),X,24.8,24.1,20.8,17.4,74.1,X, ,X,낮음
9/22/2025,금산(238),X,24.9,24.7,20.2,15.7,74.5,X, ,X,낮음
9/22/2025,세종(239),X,24.6,23.8,20.9,17.4,68.5,X, ,X,낮음
9/22/2025,부안(243),X,25.9,26.1,21.8,17.8,71.9,X, ,X,낮음
9/22/2025,임실(244),X,24.7,24.8,20.2,15.7,71.8,X, ,X,낮음
9/22/2025,정읍(245),X,27.9,27.8,22.2,17.1,69,X, ,X,낮음
9/22/2025,남원(247),X,26.6,26.4,21.9,19.4,66.3,X, ,X,낮음
9/22/2025,장수(248),X,23.8,23.7,18.1,13.6,80.1,X, ,X,낮음
9/22/2025,영광군(252),X,27.4,28,22.1,17.3,74.1,X, ,X,낮음
9/22/2025,김해시(253),X,27.7,27.3,22.3,18.8,63,X, ,X,낮음
9/22/2025,순창군(254),X,26.5,27,21.3,15.9,70.1,X, ,X,낮음
9/22/2025,양산시(257),X,26.8,26.8,22.9,20.8,63.6,X, ,X,낮음
9/22/2025,강진군(259),X,27.5,27.4,22.2,16.5,71.4,X, ,X,낮음
9/22/2025,장흥(260),X,27.1,26.9,21.9,16.4,68.1,X, ,X,낮음
9/22/2025,해남(261),X,27.6,27.3,22.7,18.2,69.3,X, ,X,낮음
9/22/2025,고흥(262),X,27.1,27.2,22.6,18.2,64.8,X, ,X,낮음
9/22/2025,의령군(263),X,25.4,25.1,19.4,14.3,73,X, ,X,낮음
9/22/2025,함양군(264),X,26.7,25.5,19.2,14.5,90.1,X, ,X,낮음
9/22/2025,진도군ASOS(268),X,27.1,26.8,21.8,16.8,75.4,X, ,X,낮음
9/22/2025,봉화(271),X,22.8,22.7,16.6,10.6,79.4,X, ,X,낮음
9/22/2025,영주(272),X,23.9,24.2,18.3,13.7,75.9,X, ,X,낮음
9/22/2025,문경(273),X,25.1,25,18.7,15.1,80.4,O, ,X,낮음
9/22/2025,청송군(276),X,24.1,23.2,17.4,13.4,86.6,X, ,X,낮음
9/22/2025,영덕(277),X,24.7,24.3,19,15.4,77,X, ,X,낮음
9/22/2025,의성(278),X,25,25.4,19.3,15,78,X, ,X,낮음
9/22/2025,구미(279),X,25.6,25.2,19.9,15.7,72.8,X, ,X,낮음
9/22/2025,영천(281),X,24.5,24.3,18.8,14.9,78,X, ,X,낮음
9/22/2025,경주시(283),X,25.7,25.6,19.5,15.8,79,X, ,X,낮음
9/22/2025,거창(284),X,25.8,25.4,18.8,14.3,77.5,X, ,X,낮음
9/22/2025,합천(285),X,26.1,25.4,19.9,15.6,82,X, ,X,낮음
9/22/2025,밀양(288),X,26.2,27,21.5,16.3,64.5,X, ,X,낮음
9/22/2025,산청(289),X,25.6,25.1,19.3,14.7,83.3,X, ,X,낮음
9/22/2025,거제(294),X,26,26,22,18.6,62.9,X, ,X,낮음
9/22/2025,남해(295),X,25.8,25.5,22.1,18.9,65.8,X, ,X,낮음
9/22/2025,부천(433),X,24.8,25.4,22.2,18.6,54,X, ,X,낮음
9/22/2025,안양(434),X,,24.7,21.8,18.6,,X, ,X,낮음
9/22/2025,광명(437),X,24.7,25.4,22.6,19.4,53,X, ,X,낮음
9/22/2025,군포(438),X,24.3,25,21.5,18.6,57,X, ,X,낮음
9/22/2025,김포(441),X,26.1,26.5,20.6,16.4,71,X, ,X,낮음
9/22/2025,하남(444),X,24.7,24.8,20.4,16,71,X, ,X,낮음
9/22/2025,의왕(445),X,25.1,24.4,20,16.2,75,X, ,X,낮음
9/22/2025,포천(504),X,24.8,25.2,18.9,13.5,74,X, ,X,낮음
9/22/2025,가평조종(505),X,24.7,24.6,17.8,11.7,82,X, ,X,낮음
9/22/2025,안성(516),X,25.6,25.8,21.5,17.8,66,X, ,X,낮음
9/22/2025,간성(517),X,23.9,22.5,18,12.9,77,X, ,X,낮음
9/22/2025,평창(526),X,23.3,24,17,12.1,74,X, ,X,낮음
9/22/2025,의정부(532),X,24.9,25.5,19,13.9,74,X, ,X,낮음
9/22/2025,횡성(536),X,25.4,26.3,19.1,13.5,69,X, ,X,낮음
9/22/2025,고양(540),X,24.9,25,19.6,15,72,X, ,X,낮음
9/22/2025,남양주(541),X,25.2,25.9,20.3,15,69,X, ,X,낮음
9/22/2025,안산(545),X,25.8,25.4,20,15.8,78,X, ,X,낮음
9/22/2025,경기광주(546),X,24,24.1,18.7,14.7,74,X, ,X,낮음
9/22/2025,여주(548),X,25.5,26,19.6,14.7,73,X, ,X,낮음
9/22/2025,용인(549),X,25.6,25.7,20.2,15.9,70,X, ,X,낮음
9/22/2025,오산(550),X,24.8,24.4,20.2,16.4,70,X, ,X,낮음
9/22/2025,평택(551),X,25.5,25,21.6,18,66,X, ,X,낮음
9/22/2025,화천(555),X,24,23.3,17.1,12,83,X, ,X,낮음
9/22/2025,양구(556),X,23.6,23.1,16.3,10.7,81,X, ,X,낮음
9/22/2025,시흥(565),X,24.8,25,20.8,16.7,70,X, ,X,낮음
9/22/2025,구리(569),X,25.2,25.3,20.3,16.3,66,X, ,X,낮음
9/22/2025,화성(571),X,24.9,24.7,21.5,18.2,63,X, ,X,낮음
9/22/2025,성남(572),X,24.5,24.2,20.1,16.7,71,X, ,X,낮음
9/22/2025,과천(590),X,24.6,24.4,19.6,15.8,78,X, ,X,낮음
9/22/2025,양주(598),X,25.1,25.5,18.9,13.3,79,X, ,X,낮음
9/22/2025,단양(601),X,24.5,25.5,18,13.4,77,X, ,X,낮음
9/22/2025,진천(602),X,24.7,25,19.7,15.7,76,X, ,X,낮음
9/22/2025,괴산(603),X,24.7,25,19.3,15.3,77,X, ,X,낮음
9/22/2025,옥천(604),X,24.4,23.8,20,15.9,74,X, ,X,낮음
9/22/2025,홍북(608),X,,,,,,X, ,X,낮음
9/22/2025,공주(612),X,24.6,23.9,20.6,16.6,70,X, ,X,낮음
9/22/2025,서천(614),X,24.6,23.8,20.9,17.1,74,X, ,X,낮음
9/22/2025,논산(615),X,24.6,24,21.1,16.8,67,X, ,X,낮음
9/22/2025,당진(616),X,26.2,25.8,20.8,17.8,74,X, ,X,낮음
9/22/2025,청양(618),X,24.6,23.7,19.3,15.4,85,X, ,X,낮음
9/22/2025,음성(619),X,25,24.9,19.5,15.6,73,X, ,X,낮음
9/22/2025,증평(623),X,24.6,24.7,20.6,17.2,65,X, ,X,낮음
9/22/2025,태안(627),X,26.3,25.6,20.8,17.6,80,X, ,X,낮음
9/22/2025,예산(628),X,25.6,25.5,21.4,18.2,68,X, ,X,낮음
9/22/2025,아산(634),X,25.6,25.9,21.8,18.2,62,X, ,X,낮음
9/22/2025,계룡(636),X,24,22.7,20.3,17.5,71,X, ,X,낮음
9/22/2025,연천청산(652),X,24.3,24.1,18.1,13.2,76,X, ,X,낮음
9/22/2025,양양(670),X,24.1,22.8,18.4,14.3,80,X, ,X,낮음
9/22/2025,무안(699),X,27.6,27.4,22.6,18,71,X, ,X,낮음
9/22/2025,무주(701),X,23.8,23.6,19.1,15.3,73,X, ,X,낮음
9/22/2025,익산(702),X,25.6,25.2,21.2,17.7,73,X, ,X,낮음
9/22/2025,진안(703),X,24.1,23.7,19.6,15.9,69,X, ,X,낮음
9/22/2025,담양(706),X,27,27.4,21.9,16.2,72,X, ,X,낮음
9/22/2025,구례(709),X,27.3,27.6,21.1,15,78,X, ,X,낮음
9/22/2025,나주(710),X,27.4,27.4,21.6,16.2,78,X, ,X,낮음
9/22/2025,순천시(712),X,26.5,26.1,21.8,16.3,70,X, ,X,낮음
9/22/2025,광양읍(713),X,28.4,28.3,22.8,16.8,66,X, ,X,낮음
9/22/2025,장성(730),X,28,28.3,21.9,16.5,76,X, ,X,낮음
9/22/2025,영암(731),X,27.9,27.8,21.6,16,77,X, ,X,낮음
9/22/2025,보성(732),X,25.6,25.3,20.5,14.9,72,X, ,X,낮음
9/22/2025,완주(734),X,25.6,25.6,20.4,16.1,76,X, ,X,낮음
9/22/2025,김제(737),X,24.2,,,,,X, ,X,낮음
9/22/2025,화순(741),X,28.1,27.8,21.1,15.6,78,X, ,X,낮음
9/22/2025,함평(754),X,27.2,27.3,22.1,17.7,71,X, ,X,낮음
9/22/2025,곡성(768),X,27.1,26.9,20.4,14.7,82,X, ,X,낮음
9/22/2025,압해도(789),X,28.2,28.1,22.9,17.3,71,X, ,X,낮음
9/22/2025,영양(801),X,23.8,23.7,17.9,13.1,82,X, ,X,낮음
9/22/2025,성주(810),X,25.5,24.9,19.4,15.5,78,X, ,X,낮음
9/22/2025,고령(812),X,22.4,25.6,19.3,15.1,,X, ,X,낮음
9/22/2025,청도(813),X,25.1,24.8,19.5,15.2,79,X, ,X,낮음
9/22/2025,예천(815),X,25.4,25.7,19.5,15.3,74,X, ,X,낮음
9/22/2025,김천(822),X,24.9,24.2,18.2,13.8,79,X, ,X,낮음
9/22/2025,군위(823),X,25.4,24.9,19,14.9,81,X, ,X,낮음
9/22/2025,군위(823),X,25.4,24.9,19,14.9,81,X, ,X,낮음
9/22/2025,군위(823),X,25.4,24.9,19,14.9,81,X, ,X,낮음
9/22/2025,군위(823),X,25.4,24.9,19,14.9,81,X, ,X,낮음
9/22/2025,군위(823),X,25.4,24.9,19,14.9,81,X, ,X,낮음
9/22/2025,군위(823),X,25.4,24.9,19,14.9,81,X, ,X,낮음
9/22/2025,군위(823),X,25.4,24.9,19,14.9,81,X, ,X,낮음
9/22/2025,군위(823),X,25.4,24.9,19,14.9,81,X, ,X,낮음
9/22/2025,군위(823),X,25.4,24.9,19,14.9,81,X, ,X,낮음
9/22/2025,군위(823),X,25.4,24.9,19,14.9,81,X, ,X,낮음
9/22/2025,군위(823),X,25.4,24.9,19,14.9,81,X, ,X,낮음
9/22/2025,군위(823),X,25.4,24.9,19,14.9,81,X, ,X,낮음
9/22/2025,군위(823),X,25.4,24.9,19,14.9,81,X, ,X,낮음
9/22/2025,군위(823),X,25.4,24.9,19,14.9,81,X, ,X,낮음
9/22/2025,군위(823),X,25.4,24.9,19,14.9,81,X, ,X,낮음
9/22/2025,군위(823),X,25.4,24.9,19,14.9,81,X, ,X,낮음
9/22/2025,군위(823),X,25.4,24.9,19,14.9,81,X, ,X,낮음
9/22/2025,군위(823),X,25.4,24.9,19,14.9,81,X, ,X,낮음
9/22/2025,군위(823),X,25.4,24.9,19,14.9,81,X, ,X,낮음
9/22/2025,군위(823),X,25.4,24.9,19,14.9,81,X, ,X,낮음
9/22/2025,군위(823),X,25.4,24.9,19,14.9,81,X, ,X,낮음
9/22/2025,군위(823),X,25.4,24.9,19,14.9,81,X, ,X,낮음
9/22/2025,군위(823),X,25.4,24.9,19,14.9,81,X, ,X,낮음
9/22/2025,군위(823),X,25.4,24.9,19,14.9,81,X, ,X,낮음
9/22/2025,군위(823),X,25.4,24.9,19,14.9,81,X, ,X,낮음
9/22/2025,군위(823),X,25.4,24.9,19,14.9,81,X, ,X,낮음
9/22/2025,군위(823),X,25.4,24.9,19,14.9,81,X, ,X,낮음
9/22/2025,군위(823),X,25.4,24.9,19,14.9,81,X, ,X,낮음
9/22/2025,군위(823),X,25.4,24.9,19,14.9,81,X, ,X,낮음
9/22/2025,군위(823),X,25.4,24.9,19,14.9,81,X, ,X,낮음
9/22/2025,군위(823),X,25.4,24.9,19,14.9,81,X, ,X,낮음
9/22/2025,군위(823),X,25.4,24.9,19,14.9,81,X, ,X,낮음
9/22/2025,칠곡(825),X,25.5,24.8,20.2,16.5,80,X, ,X,낮음
9/22/2025,경산(827),X,25.7,25.6,19.9,16.3,75,X, ,X,낮음
9/22/2025,삼척(876),X,25.7,25.2,19.5,16,74,X, ,X,낮음
9/22/2025,속초(90),X,24.5,23,19.2,13.6,73,X, ,X,낮음
9/22/2025,삼천포(907),X,26.4,26,21.4,17.2,65,X, ,X,낮음
9/22/2025,고성(918),X,26.8,27.2,20.9,16.6,72,X, ,X,낮음
9/22/2025,창녕(919),X,26.8,27.1,20.6,16.4,72,X, ,X,낮음
9/22/2025,함안(920),X,26.3,26.1,19.4,13.9,79,X, ,X,낮음
9/22/2025,북춘천(93),X,24.6,24.3,18.1,12.3,79.1,X, ,X,낮음
9/22/2025,하동(932),X,26.9,27,21.9,16.8,68,X, ,X,낮음
9/22/2025,철원(95),X,23.4,22.8,17.2,11.7,82.9,X, ,X,낮음
9/22/2025,동두천(98),X,24.3,24.3,18.3,13.5,82.9,X, ,X,낮음
9/22/2025,파주(99),X,24.2,23.2,18,13.5,83,X, ,X,낮음
9/23/2025,북강릉(104),X,25.5,24.3,20,15.5,78.9,X, ,X,낮음
9/23/2025,동해(106),X,25.2,24.3,19.8,15.8,77.9,X, ,X,낮음
9/23/2025,서울(108),X,25.6,26.8,22.7,19.2,56.5,X, ,X,낮음
9/23/2025,인천(112),X,25.2,26.6,23,20.1,54.8,X, ,X,낮음
9/23/2025,원주(114),X,26.3,27,21.3,16.2,62.1,X, ,X,낮음
9/23/2025,울릉도(115),X,24.8,23.4,20.9,19.1,75.5,X, ,X,낮음
9/23/2025,수원(119),X,24.5,25.1,22.2,19.3,55.4,X, ,X,낮음
9/23/2025,영월(121),X,26.2,26.4,19.3,14.2,74,X, ,X,낮음
9/23/2025,충주(127),X,26.2,27.4,21.4,17,61.5,X, ,X,낮음
9/23/2025,서산(129),X,26.2,26.4,21.7,18.1,68.5,X, ,X,낮음
9/23/2025,울진(130),X,26.4,25.4,20.5,16.7,78.3,X, ,X,낮음
9/23/2025,청주(131),X,26.4,28,23.2,18.8,53.6,X, ,X,낮음
9/23/2025,대전(133),X,26.6,26.9,22.3,18.4,60.8,X, ,X,낮음
9/23/2025,추풍령(135),X,24.7,24.3,19,14.8,75.9,X, ,X,낮음
9/23/2025,안동(136),X,25.6,25.9,20.3,15.6,73.5,X, ,X,낮음
9/23/2025,상주(137),X,26.7,26.7,20.6,16.4,73.5,X, ,X,낮음
9/23/2025,포항(138),X,25.7,25,22.3,19.6,64.5,X, ,X,낮음
9/23/2025,군산(140),X,27.4,27.9,22.2,18.8,67,X, ,X,낮음
9/23/2025,대구(143),X,25.2,25.9,21.2,16.9,65.8,X, ,X,낮음
9/23/2025,전주(146),X,28.7,30.2,23.2,18.3,60.4,X, ,X,낮음
9/23/2025,울산(152),X,25.3,25.3,21.5,17.7,66.9,X, ,X,낮음
9/23/2025,창원(155),X,28.3,28.6,23.2,19.8,61.8,X, ,X,낮음
9/23/2025,광주(156),X,28.1,28.7,23,19.1,64.5,X, ,X,낮음
9/23/2025,부산(159),X,28.2,28.6,23.5,20.3,62.5,X, ,X,낮음
9/23/2025,통영(162),X,27.9,28.1,23.3,19.6,61,X, ,X,낮음
9/23/2025,목포(165),X,27.5,28.7,24.3,20.2,59.3,X, ,X,낮음
9/23/2025,여수(168),X,26.2,25.9,23,20.3,59.4,X, ,X,낮음
9/23/2025,흑산도(169),X,28.7,28.2,22.9,20.8,72.9,X, ,X,낮음
9/23/2025,완도(170),X,29.6,30,24.1,18.2,66.1,X, ,X,낮음
9/23/2025,고창(172),X,27.9,28.7,23.1,18.9,67.9,X, ,X,낮음
9/23/2025,제주(184),X,28.4,26.9,24.6,22.8,75.1,X,관심,X,낮음
9/23/2025,진주(192),X,26.6,26.7,21,16.6,69.4,X, ,X,낮음
9/23/2025,양평(202),X,25,26.3,21.1,16.4,65,X, ,X,낮음
9/23/2025,이천(203),X,26.4,26.6,21.1,16.7,73.1,X, ,X,낮음
9/23/2025,인제(211),X,23.7,25,18.9,13.8,68.9,X, ,X,낮음
9/23/2025,홍천(212),X,25.8,26.8,20.5,15.6,66.8,X, ,X,낮음
9/23/2025,태백(216),X,21.3,20.1,15.4,10.6,79.3,X, ,X,낮음
9/23/2025,정선군(217),X,25.9,26.2,18,12.9,75.8,X, ,X,낮음
9/23/2025,제천(221),X,24.9,25,19.1,14.1,71.4,X, ,X,낮음
9/23/2025,보은(226),X,25.3,25.2,20.1,16.1,73.3,X, ,X,낮음
9/23/2025,천안(232),X,25.3,26.1,21.5,16.9,66.5,X, ,X,낮음
9/23/2025,보령(235),X,27.8,29.3,23.8,19.3,57,X, ,X,낮음
9/23/2025,부여(236),X,26.8,27.8,21.8,17.8,68,X, ,X,낮음
9/23/2025,금산(238),X,26.7,27.4,20.8,16.6,73.1,X, ,X,낮음
9/23/2025,세종(239),X,26.1,26.4,21.6,18,66.1,X, ,X,낮음
9/23/2025,부안(243),X,27.2,27.9,22.6,18.5,67.9,X, ,X,낮음
9/23/2025,임실(244),X,26.3,26.8,20.4,16.7,75.5,X, ,X,낮음
9/23/2025,정읍(245),X,28.1,28.9,22.9,18.6,65.9,X, ,X,낮음
9/23/2025,남원(247),X,27,27.3,22.3,18.9,63.9,X, ,X,낮음
9/23/2025,장수(248),X,25.1,25.8,18.4,14.8,80.9,X, ,X,낮음
9/23/2025,영광군(252),X,27.5,28.6,22.7,19,70.9,X, ,X,낮음
9/23/2025,김해시(253),X,28.8,28.7,22.7,18.8,66.4,X, ,X,낮음
9/23/2025,순창군(254),X,27.4,28.5,21.4,17.2,69.8,X, ,X,낮음
9/23/2025,양산시(257),X,27.9,28.2,23.8,20.8,64.5,X, ,X,낮음
9/23/2025,강진군(259),X,27.8,28.2,23.2,17.9,64.9,X, ,X,낮음
9/23/2025,장흥(260),X,27.2,27.7,22.7,17.3,66,X, ,X,낮음
9/23/2025,해남(261),X,27.9,28.4,23.2,18,65.4,X, ,X,낮음
9/23/2025,고흥(262),X,28.5,28.9,23.6,19,63.1,X, ,X,낮음
9/23/2025,의령군(263),X,26.4,27,20.7,16.1,70.5,X, ,X,낮음
9/23/2025,함양군(264),X,27.2,26.9,20.4,15.9,85.8,X, ,X,낮음
9/23/2025,진도군ASOS(268),X,27.5,27.5,22.9,17,66.5,X, ,X,낮음
9/23/2025,봉화(271),X,23.7,23.7,17.6,12.5,77.3,X, ,X,낮음
9/23/2025,영주(272),X,24.9,24.9,18.9,14.4,75.1,X, ,X,낮음
9/23/2025,문경(273),X,25.8,25.8,19.5,15.5,79.6,O, ,X,낮음
9/23/2025,청송군(276),X,25.1,24.5,18.4,13.9,86.4,X, ,X,낮음
9/23/2025,영덕(277),X,25.1,24,20,15.7,78.4,X, ,X,낮음
9/23/2025,의성(278),X,26.8,27.2,20.2,16.1,77.3,X, ,X,낮음
9/23/2025,구미(279),X,27.2,27.9,21.2,16.7,69.5,X, ,X,낮음
9/23/2025,영천(281),X,25.6,25.5,20,15.7,75.3,X, ,X,낮음
9/23/2025,경주시(283),X,26.2,26,20.8,15.9,77.4,X, ,X,낮음
9/23/2025,거창(284),X,26.3,26.1,19.8,15.4,76.3,X, ,X,낮음
9/23/2025,합천(285),X,27.2,27.3,21.4,17.2,77.3,X, ,X,낮음
9/23/2025,밀양(288),X,28.6,29.6,22.9,18.5,63.8,X, ,X,낮음
9/23/2025,산청(289),X,26.8,26.7,20.3,16.2,80.8,X, ,X,낮음
9/23/2025,거제(294),X,27.4,27.2,22.8,18.6,63.8,X, ,X,낮음
9/23/2025,남해(295),X,27.3,27.2,22.7,19.5,66.4,X, ,X,낮음
9/23/2025,부천(433),X,25.6,28.1,23.6,19.6,49,X, ,X,낮음
9/23/2025,안양(434),X,,25.6,22.8,19.7,,X, ,X,낮음
9/23/2025,광명(437),X,25,27.7,23.8,20.7,48,X, ,X,낮음
9/23/2025,군포(438),X,24.7,26.1,22.4,19.6,51,X, ,X,낮음
9/23/2025,김포(441),X,25.4,26.6,22.3,18,62,X, ,X,낮음
9/23/2025,하남(444),X,24.7,26.1,22.4,17,60,X, ,X,낮음
9/23/2025,의왕(445),X,25.1,25.5,21.2,16.8,65,X, ,X,낮음
9/23/2025,포천(504),X,25.3,26.4,21.4,16.4,68,X, ,X,낮음
9/23/2025,가평조종(505),X,25.2,25.5,20.5,15.5,74,X, ,X,낮음
9/23/2025,안성(516),X,26.8,27.2,22.3,18,62,X, ,X,낮음
9/23/2025,간성(517),X,24.4,23.7,19.8,15.3,72,X, ,X,낮음
9/23/2025,평창(526),X,24.1,24.5,18.2,13.6,71,X, ,X,낮음
9/23/2025,의정부(532),X,26.1,26.8,21.1,16.6,67,X, ,X,낮음
9/23/2025,횡성(536),X,25.8,27.5,21,15.2,60,X, ,X,낮음
9/23/2025,고양(540),X,25.5,26.6,21.3,16.5,66,X, ,X,낮음
9/23/2025,남양주(541),X,26.1,27.4,22.1,17.3,64,X, ,X,낮음
9/23/2025,안산(545),X,26.3,26.7,20.8,16.5,74,X, ,X,낮음
9/23/2025,경기광주(546),X,24.9,26.1,21,16.1,64,X, ,X,낮음
9/23/2025,여주(548),X,25.7,26.3,20.9,16.3,68,X, ,X,낮음
9/23/2025,용인(549),X,25.9,26.4,21.5,17.4,65,X, ,X,낮음
9/23/2025,오산(550),X,25.3,26.1,21.3,17.3,64,X, ,X,낮음
9/23/2025,평택(551),X,26.6,26.5,22.6,18.6,63,X, ,X,낮음
9/23/2025,화천(555),X,25.9,27,20.1,15.6,73,X, ,X,낮음
9/23/2025,양구(556),X,24.6,25.6,19,13.8,72,X, ,X,낮음
9/23/2025,시흥(565),X,24.8,26,21.7,17.5,63,X, ,X,낮음
9/23/2025,구리(569),X,26.4,27.1,21.8,18.2,61,X, ,X,낮음
9/23/2025,화성(571),X,26.2,27,22.5,19.1,56,X, ,X,낮음
9/23/2025,성남(572),X,24.6,25.2,21.6,17.2,64,X, ,X,낮음
9/23/2025,과천(590),X,25.3,26.2,21.3,16.8,66,X, ,X,낮음
9/23/2025,양주(598),X,26.6,28.2,21.4,16.2,70,X, ,X,낮음
9/23/2025,단양(601),X,25.6,26.5,18.9,14.5,73,X, ,X,낮음
9/23/2025,진천(602),X,26,27,20.5,16.4,71,X, ,X,낮음
9/23/2025,괴산(603),X,25.7,26.4,19.8,15.7,76,X, ,X,낮음
9/23/2025,옥천(604),X,26.2,26.6,21.3,16.1,69,X, ,X,낮음
9/23/2025,홍북(608),X,,,,,,X, ,X,낮음
9/23/2025,공주(612),X,26.1,26.7,21.6,17.3,66,X, ,X,낮음
9/23/2025,서천(614),X,27,27.5,21.7,18,69,X, ,X,낮음
9/23/2025,논산(615),X,25.9,27.2,22,18,62,X, ,X,낮음
9/23/2025,당진(616),X,26.9,27.1,21.5,18.1,70,X, ,X,낮음
9/23/2025,청양(618),X,26.1,26.7,20,15.8,79,X, ,X,낮음
9/23/2025,음성(619),X,26.2,26.3,20.2,15.9,73,X, ,X,낮음
9/23/2025,증평(623),X,25.5,26.4,21.4,17.6,63,X, ,X,낮음
9/23/2025,태안(627),X,26.5,26.9,22.2,17.8,70,X, ,X,낮음
9/23/2025,예산(628),X,26.6,27.6,22.5,18.1,65,X, ,X,낮음
9/23/2025,아산(634),X,26.6,27.9,23,18.5,58,X, ,X,낮음
9/23/2025,계룡(636),X,25.5,25.9,20.5,15.8,72,X, ,X,낮음
9/23/2025,연천청산(652),X,26,27.2,21,16.2,71,X, ,X,낮음
9/23/2025,양양(670),X,24.2,23.4,19.7,15.7,76,X, ,X,낮음
9/23/2025,무안(699),X,27.5,28.3,23.1,19.5,65,X, ,X,낮음
9/23/2025,무주(701),X,26.3,26.9,19.6,14.8,74,X, ,X,낮음
9/23/2025,익산(702),X,28.5,28.8,22.1,18.1,71,X, ,X,낮음
9/23/2025,진안(703),X,22.5,,,,,X, ,X,낮음
9/23/2025,담양(706),X,28.2,29.1,21.9,17.9,72,X, ,X,낮음
9/23/2025,구례(709),X,27.7,28.4,21.6,17.6,79,X, ,X,낮음
9/23/2025,나주(710),X,27.5,28.5,22.1,18.4,75,X, ,X,낮음
9/23/2025,순천시(712),X,27.9,27.6,22.8,17.9,68,X, ,X,낮음
9/23/2025,광양읍(713),X,29.1,29.2,23.2,18.3,67,X, ,X,낮음
9/23/2025,장성(730),X,28.4,29.3,22.1,18.4,73,X, ,X,낮음
9/23/2025,영암(731),X,28.3,28.8,23.3,17.7,64,X, ,X,낮음
9/23/2025,보성(732),X,25.8,26,21.1,16.1,70,X, ,X,낮음
9/23/2025,완주(734),X,27.9,28.5,21.1,16.4,74,X, ,X,낮음
9/23/2025,김제(737),X,28.2,28.5,22.8,18,67,X, ,X,낮음
9/23/2025,화순(741),X,27.8,27.8,22.3,18.1,71,X, ,X,낮음
9/23/2025,함평(754),X,27.4,28.5,22.7,19.3,66,X, ,X,낮음
9/23/2025,곡성(768),X,28.1,28.8,20.6,16.9,79,X, ,X,낮음
9/23/2025,압해도(789),X,28,28.8,23.4,19.4,70,X, ,X,낮음
9/23/2025,영양(801),X,25.1,25.3,18.7,14.6,81,X, ,X,낮음
9/23/2025,성주(810),X,26.6,26.5,20.7,16.6,75,X, ,X,낮음
9/23/2025,고령(812),X,27.5,27.6,20.9,16.3,77,X, ,X,낮음
9/23/2025,청도(813),X,26.6,26.6,20.5,15.7,79,X, ,X,낮음
9/23/2025,예천(815),X,26.6,27.2,20.2,16,74,X, ,X,낮음
9/23/2025,김천(822),X,26.2,26.5,19.3,15.2,74,X, ,X,낮음
9/23/2025,군위(823),X,27.3,27.3,20.4,16.1,78,X, ,X,낮음
9/23/2025,군위(823),X,27.3,27.3,20.4,16.1,78,X, ,X,낮음
9/23/2025,군위(823),X,27.3,27.3,20.4,16.1,78,X, ,X,낮음
9/23/2025,군위(823),X,27.3,27.3,20.4,16.1,78,X, ,X,낮음
9/23/2025,군위(823),X,27.3,27.3,20.4,16.1,78,X, ,X,낮음
9/23/2025,군위(823),X,27.3,27.3,20.4,16.1,78,X, ,X,낮음
9/23/2025,군위(823),X,27.3,27.3,20.4,16.1,78,X, ,X,낮음
9/23/2025,군위(823),X,27.3,27.3,20.4,16.1,78,X, ,X,낮음
9/23/2025,군위(823),X,27.3,27.3,20.4,16.1,78,X, ,X,낮음
9/23/2025,군위(823),X,27.3,27.3,20.4,16.1,78,X, ,X,낮음
9/23/2025,군위(823),X,27.3,27.3,20.4,16.1,78,X, ,X,낮음
9/23/2025,군위(823),X,27.3,27.3,20.4,16.1,78,X, ,X,낮음
9/23/2025,군위(823),X,27.3,27.3,20.4,16.1,78,X, ,X,낮음
9/23/2025,군위(823),X,27.3,27.3,20.4,16.1,78,X, ,X,낮음
9/23/2025,군위(823),X,27.3,27.3,20.4,16.1,78,X, ,X,낮음
9/23/2025,군위(823),X,27.3,27.3,20.4,16.1,78,X, ,X,낮음
9/23/2025,군위(823),X,27.3,27.3,20.4,16.1,78,X, ,X,낮음
9/23/2025,군위(823),X,27.3,27.3,20.4,16.1,78,X, ,X,낮음
9/23/2025,군위(823),X,27.3,27.3,20.4,16.1,78,X, ,X,낮음
9/23/2025,군위(823),X,27.3,27.3,20.4,16.1,78,X, ,X,낮음
9/23/2025,군위(823),X,27.3,27.3,20.4,16.1,78,X, ,X,낮음
9/23/2025,군위(823),X,27.3,27.3,20.4,16.1,78,X, ,X,낮음
9/23/2025,군위(823),X,27.3,27.3,20.4,16.1,78,X, ,X,낮음
9/23/2025,군위(823),X,27.3,27.3,20.4,16.1,78,X, ,X,낮음
9/23/2025,군위(823),X,27.3,27.3,20.4,16.1,78,X, ,X,낮음
9/23/2025,군위(823),X,27.3,27.3,20.4,16.1,78,X, ,X,낮음
9/23/2025,군위(823),X,27.3,27.3,20.4,16.1,78,X, ,X,낮음
9/23/2025,군위(823),X,27.3,27.3,20.4,16.1,78,X, ,X,낮음
9/23/2025,군위(823),X,27.3,27.3,20.4,16.1,78,X, ,X,낮음
9/23/2025,군위(823),X,27.3,27.3,20.4,16.1,78,X, ,X,낮음
9/23/2025,군위(823),X,27.3,27.3,20.4,16.1,78,X, ,X,낮음
9/23/2025,군위(823),X,27.3,27.3,20.4,16.1,78,X, ,X,낮음
9/23/2025,칠곡(825),X,26.7,27.2,20.9,17.2,79,X, ,X,낮음
9/23/2025,경산(827),X,26.7,26.8,21,16.7,71,X, ,X,낮음
9/23/2025,삼척(876),X,25.7,25.2,20.3,16.9,75,X, ,X,낮음
9/23/2025,속초(90),X,24.4,23.8,20.6,16.1,68.8,X, ,X,낮음
9/23/2025,삼천포(907),X,27.6,27.6,22.5,18,66,X, ,X,낮음
9/23/2025,고성(918),X,27.5,27.5,22.3,17.1,70,X, ,X,낮음
9/23/2025,창녕(919),X,27.4,28,22.3,18.1,68,X, ,X,낮음
9/23/2025,함안(920),X,27.8,28.6,21.7,16.4,74,X, ,X,낮음
9/23/2025,북춘천(93),X,25,26.7,21.1,15.1,67.5,X, ,X,낮음
9/23/2025,하동(932),X,27.1,28.2,22.8,18.1,63,X, ,X,낮음
9/23/2025,철원(95),X,25.3,26.9,20.8,15.7,69.5,X, ,X,낮음
9/23/2025,동두천(98),X,26.1,26.7,21.1,16.3,71.6,X, ,X,낮음
9/23/2025,파주(99),X,25.7,26.5,20.2,16.3,78.6,X, ,X,낮음
9/24/2025,북강릉(104),X,29,27.5,22.1,16.5,86.6,X, ,X,낮음
9/24/2025,동해(106),X,28.1,27.3,23.1,18,80.6,X, ,X,낮음
9/24/2025,서울(108),X,25.9,23.7,22,20.4,81.8,X, ,X,낮음
9/24/2025,인천(112),X,25.6,23.6,21.8,20.6,85.6,X, ,X,낮음
9/24/2025,원주(114),X,28.4,27,22.6,18.2,80.6,X, ,X,낮음
9/24/2025,울릉도(115),X,28,25.1,23.3,19.6,88.5,X, ,X,낮음
9/24/2025,수원(119),X,26,24.5,21.8,19.9,80.8,X, ,X,낮음
9/24/2025,영월(121),X,28.6,27.4,20.8,14.5,88.8,X, ,X,낮음
9/24/2025,충주(127),X,28,26.9,22.5,18.2,80.6,X, ,X,낮음
9/24/2025,서산(129),X,27.1,25,21.6,18,90.6,X, ,X,낮음
9/24/2025,울진(130),X,27.6,26.1,22.9,18,83.8,X, ,X,낮음
9/24/2025,청주(131),X,29,28,23.7,19.7,73.6,X, ,X,낮음
9/24/2025,대전(133),X,29.3,27.7,22.9,18.5,81.3,X, ,X,낮음
9/24/2025,추풍령(135),X,27.2,25.8,21,16.2,84,X, ,X,낮음
9/24/2025,안동(136),X,27.8,26.3,22.3,17.2,84.3,X, ,X,낮음
9/24/2025,상주(137),X,28.1,26.8,21.6,17.3,87.4,X, ,X,낮음
9/24/2025,포항(138),X,29.4,27.7,24.6,22.1,78.8,X, ,X,낮음
9/24/2025,군산(140),X,30.2,28.5,23.2,19.2,84,X, ,X,낮음
9/24/2025,대구(143),X,28.6,27.9,23.9,20.6,75.8,X, ,X,낮음
9/24/2025,전주(146),X,30.5,29.4,24.3,21.1,79,X, ,X,낮음
9/24/2025,울산(152),X,29.9,28.1,23,20.4,88.3,X, ,X,낮음
9/24/2025,창원(155),X,29.5,27.6,24,21,84.8,X,관심,X,낮음
9/24/2025,광주(156),X,30.2,28.5,23.9,20.2,83,X,관심,X,낮음
9/24/2025,부산(159),X,31.6,30.2,25.4,22.4,82.3,X, ,X,낮음
9/24/2025,통영(162),X,31,29.9,24.3,22,82.9,X, ,X,낮음
9/24/2025,목포(165),X,31.1,29,24.9,22.5,86.3,X, ,X,낮음
9/24/2025,여수(168),X,29.1,27.4,24.5,21.9,79.5,X, ,X,낮음
9/24/2025,흑산도(169),X,28.7,25.8,23.3,20.8,91.4,X,관심,X,낮음
9/24/2025,완도(170),X,31,29.2,25.4,22.7,81.3,X,관심,X,낮음
9/24/2025,고창(172),X,30.7,28.9,24.5,22.2,83,X, ,X,낮음
9/24/2025,제주(184),O,33.1,32.6,28.2,23.9,69.9,X,관심,O,낮음
9/24/2025,진주(192),X,27.7,25.8,22.1,18.6,85.1,X, ,X,낮음
9/24/2025,양평(202),X,25.6,24.1,21,17.4,85.1,X, ,X,낮음
9/24/2025,이천(203),X,27.5,25.8,21.6,16.1,89.1,X, ,X,낮음
9/24/2025,인제(211),X,24.8,23.1,20.1,16.3,86.1,X, ,X,낮음
9/24/2025,홍천(212),X,26.1,24.8,20.4,15.9,87.1,X, ,X,낮음
9/24/2025,태백(216),X,25.4,24.1,19.8,13.6,81.4,X, ,X,낮음
9/24/2025,정선군(217),X,27.5,26.5,20.6,13.7,84.8,X, ,X,낮음
9/24/2025,제천(221),X,26.6,24.9,20.9,14.8,89.1,X, ,X,낮음
9/24/2025,보은(226),X,27.4,26.1,21.1,15.8,90,X, ,X,낮음
9/24/2025,천안(232),X,27.2,25.5,21.5,17,88.8,X, ,X,낮음
9/24/2025,보령(235),X,28.8,27.2,23.8,19.7,80,X, ,X,낮음
9/24/2025,부여(236),X,28.1,26.4,22.1,17.1,85.5,X, ,X,낮음
9/24/2025,금산(238),X,29.4,27.9,22,16.2,87.4,X, ,X,낮음
9/24/2025,세종(239),X,28.5,26.8,22.2,18.2,83.9,X, ,X,낮음
9/24/2025,부안(243),X,30,28.8,23.9,20.5,81,X, ,X,낮음
9/24/2025,임실(244),X,28.9,27.5,22,16.3,89.3,X, ,X,낮음
9/24/2025,정읍(245),X,30.3,28.8,24.7,20.5,80,X, ,X,낮음
9/24/2025,남원(247),X,29.7,28.2,23.4,19,82.5,X, ,X,낮음
9/24/2025,장수(248),X,28,27,21.2,14.8,90.6,X, ,X,낮음
9/24/2025,영광군(252),X,30.5,28.9,24.1,20.5,81.8,X, ,X,낮음
9/24/2025,김해시(253),X,31.6,29.9,24.6,20.9,86.6,X,관심,X,낮음
9/24/2025,순창군(254),X,29.5,27.5,22.5,17.1,87.1,X, ,X,낮음
9/24/2025,양산시(257),X,31.8,30,25.4,21.9,87.8,X,관심,X,낮음
9/24/2025,강진군(259),X,31,29,24.8,22.2,83.9,X,관심,X,낮음
9/24/2025,장흥(260),X,30.6,28.7,24,20.1,87.1,X,관심,X,낮음
9/24/2025,해남(261),X,31.7,30.1,25.4,22,85.1,X,관심,X,낮음
9/24/2025,고흥(262),X,31,29.3,24.9,21.4,81.3,X,관심,X,낮음
9/24/2025,의령군(263),X,28.1,26.7,22.3,17.8,83,X, ,X,낮음
9/24/2025,함양군(264),X,29.8,26.9,22.8,18.1,93.8,X, ,X,낮음
9/24/2025,진도군ASOS(268),X,30.8,28.8,25.3,22.6,84.5,X,관심,X,낮음
9/24/2025,봉화(271),X,26.3,24.7,20.5,14.3,87.6,X, ,X,낮음
9/24/2025,영주(272),X,26,24,20.6,16.4,93.5,X, ,X,낮음
9/24/2025,문경(273),X,26.6,24.9,21,17.4,90,O, ,X,낮음
9/24/2025,청송군(276),X,29.7,27.7,22.3,15.2,93,X, ,X,낮음
9/24/2025,영덕(277),X,28.1,26.3,22.4,18.5,88.8,X, ,X,낮음
9/24/2025,의성(278),X,29.1,27.9,22.6,16.9,86.6,X, ,X,낮음
9/24/2025,구미(279),X,28.8,28.2,22.7,17.8,80.3,X, ,X,낮음
9/24/2025,영천(281),X,28.9,27.7,23.5,18.1,81,X, ,X,낮음
9/24/2025,경주시(283),X,31.2,29.2,23.7,20.1,88.6,X, ,X,낮음
9/24/2025,거창(284),X,27.8,26.3,22,17.7,83.8,X, ,X,낮음
9/24/2025,합천(285),X,28.7,27.1,23,19.4,87.5,X, ,X,낮음
9/24/2025,밀양(288),X,30.7,29.2,23.2,19.2,86,X, ,X,낮음
9/24/2025,산청(289),X,28.5,26.7,22,18.8,91.3,X, ,X,낮음
9/24/2025,거제(294),X,28.9,27.3,24.6,22,85.4,X, ,X,낮음
9/24/2025,남해(295),X,28.6,26.9,23.6,20.9,80.6,X, ,X,낮음
9/24/2025,부천(433),X,25.7,24.3,22.1,20.5,82,X, ,X,낮음
9/24/2025,안양(434),X,,24.4,22.2,21,,X, ,X,낮음
9/24/2025,광명(437),X,25.9,24.8,22.6,21.3,79,X, ,X,낮음
9/24/2025,군포(438),X,25.2,24,21.7,20.2,80,X, ,X,낮음
9/24/2025,김포(441),X,25.6,23.7,21.8,20.7,86,X, ,X,낮음
9/24/2025,하남(444),X,26.2,24.6,22.2,20.1,,X, ,X,낮음
9/24/2025,의왕(445),X,25.9,23.6,21.5,19.6,88,X, ,X,낮음
9/24/2025,포천(504),X,25.2,23.2,21.3,18.9,85,X, ,X,낮음
9/24/2025,가평조종(505),X,24.8,21.9,20.2,16.9,90,X, ,X,낮음
9/24/2025,안성(516),X,27.9,26.6,22.6,19.8,85,X, ,X,낮음
9/24/2025,간성(517),X,24.7,23.3,20.1,18.2,87,X, ,X,낮음
9/24/2025,평창(526),X,26.2,24.7,19.7,14,88,X, ,X,낮음
9/24/2025,의정부(532),X,25.3,23,21.3,19.3,84,X, ,X,낮음
9/24/2025,횡성(536),X,26.8,25.9,21.5,16.3,83,X, ,X,낮음
9/24/2025,고양(540),X,25,22.9,21,20.2,85,X, ,X,낮음
9/24/2025,남양주(541),X,25.8,24.2,22,19.8,82,X, ,X,낮음
9/24/2025,안산(545),X,26.2,24,21.3,17.4,90,X, ,X,낮음
9/24/2025,경기광주(546),X,24.9,23,20.8,17.6,86,X, ,X,낮음
9/24/2025,여주(548),X,27.5,26,21.5,16.4,87,X, ,X,낮음
9/24/2025,용인(549),X,26.7,25.2,21.9,19.1,83,X, ,X,낮음
9/24/2025,오산(550),X,26.7,24.9,21.3,18.3,87,X, ,X,낮음
9/24/2025,평택(551),X,26.7,25.4,22.3,20.5,84,X, ,X,낮음
9/24/2025,화천(555),X,24.2,21.2,19.5,17.4,93,X, ,X,낮음
9/24/2025,양구(556),X,24.3,22.6,19.6,16.6,88,X, ,X,낮음
9/24/2025,시흥(565),X,25.7,23.9,21.9,20.7,85,X, ,X,낮음
9/24/2025,구리(569),X,25.2,23.8,21.6,19,82,X, ,X,낮음
9/24/2025,화성(571),X,25.9,24.3,21.7,19.9,84,X, ,X,낮음
9/24/2025,성남(572),X,25.8,24.4,21.7,19.1,83,X, ,X,낮음
9/24/2025,과천(590),X,26,24.9,21.6,18.5,87,X, ,X,낮음
9/24/2025,양주(598),X,25.2,23.1,21.3,20.1,85,X, ,X,낮음
9/24/2025,단양(601),X,27.7,26.3,20.6,14.5,87,X, ,X,낮음
9/24/2025,진천(602),X,27.4,25.9,21.4,15.5,86,X, ,X,낮음
9/24/2025,괴산(603),X,28.3,26.9,21.6,15.3,86,X, ,X,낮음
9/24/2025,옥천(604),X,29.4,28.2,22.2,16.7,86,X, ,X,낮음
9/24/2025,홍북(608),X,,,,,,X, ,X,낮음
9/24/2025,공주(612),X,27.8,26.3,22.3,18,83,X, ,X,낮음
9/24/2025,서천(614),X,29.4,27.4,21.8,18.1,88,X, ,X,낮음
9/24/2025,논산(615),X,29.6,28.6,22.8,17.3,80,X, ,X,낮음
9/24/2025,당진(616),X,26.3,23.5,21.1,17.5,89,X, ,X,낮음
9/24/2025,청양(618),X,27.1,25.4,20.7,15.7,92,X, ,X,낮음
9/24/2025,음성(619),X,28.4,26.6,21.6,15.7,87,X, ,X,낮음
9/24/2025,증평(623),X,27.8,26.7,22.6,18.5,80,X, ,X,낮음
9/24/2025,태안(627),X,26.4,23.7,21.4,17.7,90,X, ,X,낮음
9/24/2025,예산(628),X,27.3,25.6,21.6,17.8,87,X, ,X,낮음
9/24/2025,아산(634),X,27.1,25,22.1,20.5,84,X, ,X,낮음
9/24/2025,계룡(636),X,28.8,26.7,21.1,15,92,X, ,X,낮음
9/24/2025,연천청산(652),X,24.8,23.7,20.6,18.8,85,X, ,X,낮음
9/24/2025,양양(670),X,26.6,24.5,21,17.3,88,X, ,X,낮음
9/24/2025,무안(699),X,31.1,29.6,24.4,20.9,84,X, ,X,낮음
9/24/2025,무주(701),X,28.5,27.2,21,15,88,X, ,X,낮음
9/24/2025,익산(702),X,30.2,28.6,23,17.6,86,X, ,X,낮음
9/24/2025,진안(703),X,28.3,26.7,21.4,15.9,90,X, ,X,낮음
9/24/2025,담양(706),X,30.7,28.6,23.4,18,87,X,관심,X,낮음
9/24/2025,구례(709),X,30.2,28.1,23.1,17.8,91,X, ,X,낮음
9/24/2025,나주(710),X,30.9,29.5,23.7,19,87,X,관심,X,낮음
9/24/2025,순천시(712),X,29.8,28,24.1,20.4,85,X,관심,X,낮음
9/24/2025,광양읍(713),X,30.5,29,24.8,21.7,87,X, ,X,낮음
9/24/2025,장성(730),X,30.8,29.1,23.5,18.2,87,X, ,X,낮음
9/24/2025,영암(731),X,31.2,29.5,24.9,22.1,82,X,관심,X,낮음
9/24/2025,보성(732),X,29.5,27.4,23.1,19.6,86,X,관심,X,낮음
9/24/2025,완주(734),X,30.6,29.4,22.2,16.6,89,X, ,X,낮음
9/24/2025,김제(737),X,30.8,29.4,24.1,19.6,83,X, ,X,낮음
9/24/2025,화순(741),X,30.7,29.1,24.1,21,84,X,관심,X,낮음
9/24/2025,함평(754),X,30.7,29,24.1,20.7,84,X,관심,X,낮음
9/24/2025,곡성(768),X,31,28.9,22.7,16.8,93,X, ,X,낮음
9/24/2025,압해도(789),X,30.7,28.8,24.4,21.8,89,X,관심,X,낮음
9/24/2025,영양(801),X,23.4,,,,,X, ,X,낮음
9/24/2025,성주(810),X,28.3,26.6,22.4,18.1,86,X, ,X,낮음
9/24/2025,고령(812),X,28.8,27.2,22.5,18.7,88,X, ,X,낮음
9/24/2025,청도(813),X,30.7,28.9,22.1,17.4,94,X, ,X,낮음
9/24/2025,예천(815),X,28,26.7,22,17.4,84,X, ,X,낮음
9/24/2025,김천(822),X,27.9,26.7,21.5,15.2,82,X, ,X,낮음
9/24/2025,군위(823),X,30.1,28.6,22.3,17,89,X, ,X,낮음
9/24/2025,군위(823),X,30.1,28.6,22.3,17,89,X, ,X,낮음
9/24/2025,군위(823),X,30.1,28.6,22.3,17,89,X, ,X,낮음
9/24/2025,군위(823),X,30.1,28.6,22.3,17,89,X, ,X,낮음
9/24/2025,군위(823),X,30.1,28.6,22.3,17,89,X, ,X,낮음
9/24/2025,군위(823),X,30.1,28.6,22.3,17,89,X, ,X,낮음
9/24/2025,군위(823),X,30.1,28.6,22.3,17,89,X, ,X,낮음
9/24/2025,군위(823),X,30.1,28.6,22.3,17,89,X, ,X,낮음
9/24/2025,군위(823),X,30.1,28.6,22.3,17,89,X, ,X,낮음
9/24/2025,군위(823),X,30.1,28.6,22.3,17,89,X, ,X,낮음
9/24/2025,군위(823),X,30.1,28.6,22.3,17,89,X, ,X,낮음
9/24/2025,군위(823),X,30.1,28.6,22.3,17,89,X, ,X,낮음
9/24/2025,군위(823),X,30.1,28.6,22.3,17,89,X, ,X,낮음
9/24/2025,군위(823),X,30.1,28.6,22.3,17,89,X, ,X,낮음
9/24/2025,군위(823),X,30.1,28.6,22.3,17,89,X, ,X,낮음
9/24/2025,군위(823),X,30.1,28.6,22.3,17,89,X, ,X,낮음
9/24/2025,군위(823),X,30.1,28.6,22.3,17,89,X, ,X,낮음
9/24/2025,군위(823),X,30.1,28.6,22.3,17,89,X, ,X,낮음
9/24/2025,군위(823),X,30.1,28.6,22.3,17,89,X, ,X,낮음
9/24/2025,군위(823),X,30.1,28.6,22.3,17,89,X, ,X,낮음
9/24/2025,군위(823),X,30.1,28.6,22.3,17,89,X, ,X,낮음
9/24/2025,군위(823),X,30.1,28.6,22.3,17,89,X, ,X,낮음
9/24/2025,군위(823),X,30.1,28.6,22.3,17,89,X, ,X,낮음
9/24/2025,군위(823),X,30.1,28.6,22.3,17,89,X, ,X,낮음
9/24/2025,군위(823),X,30.1,28.6,22.3,17,89,X, ,X,낮음
9/24/2025,군위(823),X,30.1,28.6,22.3,17,89,X, ,X,낮음
9/24/2025,군위(823),X,30.1,28.6,22.3,17,89,X, ,X,낮음
9/24/2025,군위(823),X,30.1,28.6,22.3,17,89,X, ,X,낮음
9/24/2025,군위(823),X,30.1,28.6,22.3,17,89,X, ,X,낮음
9/24/2025,군위(823),X,30.1,28.6,22.3,17,89,X, ,X,낮음
9/24/2025,군위(823),X,30.1,28.6,22.3,17,89,X, ,X,낮음
9/24/2025,군위(823),X,30.1,28.6,22.3,17,89,X, ,X,낮음
9/24/2025,칠곡(825),X,29,27.1,23.1,18.1,90,X, ,X,낮음
9/24/2025,경산(827),X,28.8,27.3,24,20.2,79,X, ,X,낮음
9/24/2025,삼척(876),X,29,28.4,24.2,18,74,X, ,X,낮음
9/24/2025,속초(90),X,25.9,24,21.2,19.9,84,X, ,X,낮음
9/24/2025,삼천포(907),X,29.9,27.6,23.3,19.7,87,X,관심,X,낮음
9/24/2025,고성(918),X,30.6,28.7,23.8,19.3,88,X, ,X,낮음
9/24/2025,창녕(919),X,29.2,27.8,23,19.3,83,X, ,X,낮음
9/24/2025,함안(920),X,29,27.5,22.5,18.2,86,X, ,X,낮음
9/24/2025,북춘천(93),X,24.7,23,20.1,16.9,91.3,X, ,X,낮음
9/24/2025,하동(932),X,29.4,27.8,23.4,20.1,90,X, ,X,낮음
9/24/2025,철원(95),X,25.2,23.9,20.3,17.9,91.5,X, ,X,낮음
9/24/2025,동두천(98),X,24.9,23.3,21,19.7,88.5,X, ,X,낮음
9/24/2025,파주(99),X,25,23,20.7,18.2,90.3,X, ,X,낮음
9/25/2025,북강릉(104),X,28.8,27.5,22.3,18.3,85.3,X, ,X,낮음
9/25/2025,동해(106),X,28.8,26.9,22.9,19.2,82.4,X, ,X,낮음
9/25/2025,서울(108),X,26.8,26.4,22.5,20.2,80,X, ,X,낮음
9/25/2025,인천(112),X,26.6,24.9,22.1,20.3,87.1,X, ,X,낮음
9/25/2025,원주(114),X,26.8,25.5,21.4,18.3,88.4,X, ,X,낮음
9/25/2025,울릉도(115),X,27.8,25.4,23.6,22,85.5,X, ,X,낮음
9/25/2025,수원(119),X,26.9,26.3,21.5,17.9,84.6,X, ,X,낮음
9/25/2025,영월(121),X,26.8,25.1,21,18.3,93.9,X, ,X,낮음
9/25/2025,충주(127),X,25.9,24,21.3,18.7,90.6,X, ,X,낮음
9/25/2025,서산(129),X,27.4,25.8,21.4,16.8,92,X, ,X,낮음
9/25/2025,울진(130),X,28.9,27.5,23.4,19.3,85.4,X, ,X,낮음
9/25/2025,청주(131),X,25.8,23.7,22.4,21.1,86,X, ,X,낮음
9/25/2025,대전(133),X,26.5,23.7,22.2,21.1,96.4,X, ,X,낮음
9/25/2025,추풍령(135),X,26.6,24.7,21.9,20.6,90.1,X, ,X,낮음
9/25/2025,안동(136),X,27.6,25.2,22.4,20.8,92.8,X, ,X,낮음
9/25/2025,상주(137),X,27.9,25.7,22.7,21.3,93.8,X, ,X,낮음
9/25/2025,포항(138),X,27.6,25.9,24.8,23.8,82,X, ,X,낮음
9/25/2025,군산(140),X,28.3,25.9,22.9,21.7,96.8,X, ,X,낮음
9/25/2025,대구(143),X,28,26.4,23.9,22.8,86.5,X, ,X,낮음
9/25/2025,전주(146),X,28,25.7,23.4,22.4,90.9,X, ,X,낮음
9/25/2025,울산(152),X,28.1,25.4,23.5,21.8,93.1,X, ,X,낮음
9/25/2025,창원(155),X,28.3,25.7,24.2,22.5,94.1,X,관심,X,낮음
9/25/2025,광주(156),X,26.7,24,22.7,21.9,92.9,X, ,X,낮음
9/25/2025,부산(159),X,29.5,26.9,25.2,23.5,87.6,X, ,X,낮음
9/25/2025,통영(162),X,28.4,25.6,23.5,22,94.3,X, ,X,낮음
9/25/2025,목포(165),X,28.3,25.4,23.7,22.5,97.3,X, ,X,낮음
9/25/2025,여수(168),X,27.8,25,23.9,22.9,91.5,X, ,X,낮음
9/25/2025,흑산도(169),X,28.6,25.8,22.8,21.9,94.8,X, ,X,낮음
9/25/2025,완도(170),X,27.8,25.1,23.7,22.6,93.8,X,관심,X,낮음
9/25/2025,고창(172),X,27.4,24.4,22.9,22.1,97,X, ,X,낮음
9/25/2025,제주(184),X,32.3,31.5,26.8,24.8,76.1,O,관심,O,낮음
9/25/2025,진주(192),X,26.3,23.4,21.9,20.3,97.3,X, ,X,낮음
9/25/2025,양평(202),X,26.9,26.4,21.4,17.8,87.6,X, ,X,낮음
9/25/2025,이천(203),X,27.7,26.1,21.5,17.9,92.8,X, ,X,낮음
9/25/2025,인제(211),X,25.7,25.3,20.2,16.3,85.4,X, ,X,낮음
9/25/2025,홍천(212),X,27.2,26.4,21.3,17.7,86.4,X, ,X,낮음
9/25/2025,태백(216),X,23.8,22.5,19,12.2,84.8,X, ,X,낮음
9/25/2025,정선군(217),X,26.3,24.9,20.8,17,89.8,X, ,X,낮음
9/25/2025,제천(221),X,25.5,23.6,19.9,14.6,94.9,X, ,X,낮음
9/25/2025,보은(226),X,26.4,23.9,21.4,19.3,99.1,X, ,X,낮음
9/25/2025,천안(232),X,26.6,24.5,21.2,18.7,95.3,X, ,X,낮음
9/25/2025,보령(235),X,27.1,24.3,22.1,20.8,95.4,X, ,X,낮음
9/25/2025,부여(236),X,27.3,24.3,22.4,20.7,99,X, ,X,낮음
9/25/2025,금산(238),X,27.7,25.7,22.7,21.2,96,X, ,X,낮음
9/25/2025,세종(239),X,25.6,22.5,21.5,20.5,97.4,X, ,X,낮음
9/25/2025,부안(243),X,27.9,25.8,23,21.7,95.1,X, ,X,낮음
9/25/2025,임실(244),X,25.9,22.8,21.9,20.7,96.6,X, ,X,낮음
9/25/2025,정읍(245),X,27.6,25.4,23.1,22.3,93.3,X, ,X,낮음
9/25/2025,남원(247),X,26.6,23.8,22.3,20.6,98.9,X, ,X,낮음
9/25/2025,장수(248),X,25.4,22.7,20.8,19.1,97.4,X, ,X,낮음
9/25/2025,영광군(252),X,27.2,24.5,23,22.2,93.4,X, ,X,낮음
9/25/2025,김해시(253),X,29,26,24.3,22.7,98.3,X,관심,X,낮음
9/25/2025,순창군(254),X,26.5,23.8,22.3,21.4,96,X, ,X,낮음
9/25/2025,양산시(257),X,30.3,27.5,25.1,23.5,95.3,X,관심,X,낮음
9/25/2025,강진군(259),X,27.8,25.1,23.6,22.6,97.4,X,관심,X,낮음
9/25/2025,장흥(260),X,27.9,25.2,23.3,22.1,97.6,X,관심,X,낮음
9/25/2025,해남(261),X,28.1,25.4,23.7,22.4,96.5,X, ,X,낮음
9/25/2025,고흥(262),X,27.9,25.2,23.5,21.7,93.9,X,관심,X,낮음
9/25/2025,의령군(263),X,27.2,24.9,22.6,20.4,91.9,X, ,X,낮음
9/25/2025,함양군(264),X,28.3,25.1,22.4,20.3,100,X, ,X,낮음
9/25/2025,진도군ASOS(268),X,28,25.2,23.4,22.4,98.8,X,관심,X,낮음
9/25/2025,봉화(271),X,25.8,23.2,20,15,96,X, ,X,낮음
9/25/2025,영주(272),X,26.7,23.9,20.7,15.9,95.5,X, ,X,낮음
9/25/2025,문경(273),X,27.3,24.3,21.5,18.6,97.3,O, ,X,낮음
9/25/2025,청송군(276),X,28.7,26.6,22.8,20.9,95.1,X, ,X,낮음
9/25/2025,영덕(277),X,27.5,25.6,23,20.2,86.8,X, ,X,낮음
9/25/2025,의성(278),X,28.4,26.5,23.1,21.2,96.3,X, ,X,낮음
9/25/2025,구미(279),X,28.3,26.3,23.6,22,90.8,X, ,X,낮음
9/25/2025,영천(281),X,28.4,26.3,23.3,21.6,92,X, ,X,낮음
9/25/2025,경주시(283),X,28.7,26.3,23.5,21.2,94.9,X, ,X,낮음
9/25/2025,거창(284),X,27.1,24.5,22.1,20.5,92,X, ,X,낮음
9/25/2025,합천(285),X,28.6,25.8,23.4,22,97.6,X, ,X,낮음
9/25/2025,밀양(288),X,29.6,27.3,23.9,22.3,94.1,X, ,X,낮음
9/25/2025,산청(289),X,27.4,24.4,22.2,20.7,98.3,X, ,X,낮음
9/25/2025,거제(294),X,28.8,26.2,23.7,21.7,94.5,X, ,X,낮음
9/25/2025,남해(295),X,27.5,24.5,23,21,94,X, ,X,낮음
9/25/2025,부천(433),X,27.4,26.7,22.3,20,82,X, ,X,낮음
9/25/2025,안양(434),X,,25.6,22.4,20.3,,X, ,X,낮음
9/25/2025,광명(437),X,27.3,27,23.2,20.8,77,X, ,X,낮음
9/25/2025,군포(438),X,27.2,26.6,22.2,19.3,80,X, ,X,낮음
9/25/2025,김포(441),X,27.6,26.9,21.5,18.5,90,X, ,X,낮음
9/25/2025,하남(444),X,27.5,26.3,21.6,17.5,,X, ,X,낮음
9/25/2025,의왕(445),X,27.8,26.5,21.3,17.7,92,X, ,X,낮음
9/25/2025,포천(504),X,27.3,26.9,21.1,16.2,87,X, ,X,낮음
9/25/2025,가평조종(505),X,26.9,26.3,20.8,15.8,89,X, ,X,낮음
9/25/2025,안성(516),X,27.5,25.8,21.5,18,93,X, ,X,낮음
9/25/2025,간성(517),X,28.9,29.5,22.5,18.1,69,X, ,X,낮음
9/25/2025,평창(526),X,25.1,23.3,19.6,14.9,92,X, ,X,낮음
9/25/2025,의정부(532),X,27.6,27,21,17.1,86,X, ,X,낮음
9/25/2025,횡성(536),X,26.8,25.8,20.9,17.8,90,X, ,X,낮음
9/25/2025,고양(540),X,27.6,26.7,20.9,17.2,90,X, ,X,낮음
9/25/2025,남양주(541),X,28.5,27.9,22,17.5,84,X, ,X,낮음
9/25/2025,안산(545),X,28.4,27.2,21.1,16,91,X, ,X,낮음
9/25/2025,경기광주(546),X,27.2,26,20.7,17.1,89,X, ,X,낮음
9/25/2025,여주(548),X,26.7,25,21.4,18.9,92,X, ,X,낮음
9/25/2025,용인(549),X,27.8,27,21.6,17.5,88,X, ,X,낮음
9/25/2025,오산(550),X,27.2,26.1,20.9,16.5,91,X, ,X,낮음
9/25/2025,평택(551),X,27.5,25.6,21.6,18.8,91,X, ,X,낮음
9/25/2025,화천(555),X,27.6,27.2,20.5,16.1,86,X, ,X,낮음
9/25/2025,양구(556),X,26.4,25.7,20,14.9,84,X, ,X,낮음
9/25/2025,시흥(565),X,27.3,26,21.6,17.4,88,X, ,X,낮음
9/25/2025,구리(569),X,27.6,27.1,21.7,17.7,83,X, ,X,낮음
9/25/2025,화성(571),X,27.3,26.1,21.6,18.9,89,X, ,X,낮음
9/25/2025,성남(572),X,26.7,25.8,21.6,18.3,86,X, ,X,낮음
9/25/2025,과천(590),X,27.9,27,21.6,17.3,89,X, ,X,낮음
9/25/2025,양주(598),X,27.7,27.4,21.3,16.3,85,X, ,X,낮음
9/25/2025,단양(601),X,26,23.8,20.8,18.2,93,X, ,X,낮음
9/25/2025,진천(602),X,26.3,24.3,20.8,17.6,92,X, ,X,낮음
9/25/2025,괴산(603),X,25.9,23.8,21.3,18.9,94,X, ,X,낮음
9/25/2025,옥천(604),X,27.4,24.9,22.4,21,96,X, ,X,낮음
9/25/2025,홍북(608),X,,,,,,X, ,X,낮음
9/25/2025,공주(612),X,26,22.8,21.5,19.9,98,X, ,X,낮음
9/25/2025,서천(614),X,27.5,24.7,22.3,19.9,98,X, ,X,낮음
9/25/2025,논산(615),X,27.2,24.6,22.1,20.3,93,X, ,X,낮음
9/25/2025,당진(616),X,27.8,25.8,21.1,17.5,92,X, ,X,낮음
9/25/2025,청양(618),X,26.5,23.3,21.3,19,99,X, ,X,낮음
9/25/2025,음성(619),X,26.1,24.2,20.9,17.8,92,X, ,X,낮음
9/25/2025,증평(623),X,25.8,23.7,21.6,19.8,89,X, ,X,낮음
9/25/2025,태안(627),X,27.3,25.3,21,16.3,92,X, ,X,낮음
9/25/2025,예산(628),X,26.9,25,21.4,18.1,92,X, ,X,낮음
9/25/2025,아산(634),X,26.8,24.6,21.3,17.4,91,X, ,X,낮음
9/25/2025,계룡(636),X,26.5,23.2,21.5,19.5,100,X, ,X,낮음
9/25/2025,연천청산(652),X,27.7,27.2,20.8,16.3,82,X, ,X,낮음
9/25/2025,양양(670),X,27.6,28.4,23.4,19.9,69,X, ,X,낮음
9/25/2025,무안(699),X,27.8,25.3,23.4,22.5,95,X, ,X,낮음
9/25/2025,무주(701),X,26.7,24.4,21.9,20.4,93,X, ,X,낮음
9/25/2025,익산(702),X,28,25.4,23.3,21.4,93,X, ,X,낮음
9/25/2025,진안(703),X,25.8,23.1,21.2,20.2,96,X, ,X,낮음
9/25/2025,담양(706),X,27,24.3,22.7,21.3,96,X, ,X,낮음
9/25/2025,구례(709),X,27.7,24.8,22.6,20.9,98,X, ,X,낮음
9/25/2025,나주(710),X,27.6,25.1,22.8,21.7,96,X, ,X,낮음
9/25/2025,순천시(712),X,27.7,25,23.3,21.6,94,X,관심,X,낮음
9/25/2025,광양읍(713),X,28.4,25,23.2,21.3,99,X,관심,X,낮음
9/25/2025,장성(730),X,27.3,24.5,22.9,21.6,97,X, ,X,낮음
9/25/2025,영암(731),X,28.8,26.4,23.4,22.3,96,X, ,X,낮음
9/25/2025,보성(732),X,27.1,24.3,22.2,21.1,97,X,관심,X,낮음
9/25/2025,완주(734),X,27.7,25.1,22.7,20.9,97,X, ,X,낮음
9/25/2025,김제(737),X,27.7,25.1,22.9,22,95,X, ,X,낮음
9/25/2025,화순(741),X,27.1,24.5,22.7,21.3,92,X, ,X,낮음
9/25/2025,함평(754),X,27.7,25.2,23.2,22,96,X, ,X,낮음
9/25/2025,곡성(768),X,27.1,24,22.2,20.4,99,X,관심,X,낮음
9/25/2025,압해도(789),X,28.4,25.6,23.7,22.6,99,X, ,X,낮음
9/25/2025,영양(801),X,27.2,,,,,X, ,X,낮음
9/25/2025,성주(810),X,28.1,25.6,23.2,22.1,96,X, ,X,낮음
9/25/2025,고령(812),X,28.3,25.5,23.3,21.8,95,X, ,X,낮음
9/25/2025,청도(813),X,28.8,26,22.6,20.7,98,X, ,X,낮음
9/25/2025,예천(815),X,27.6,25.4,22.3,19.1,93,X, ,X,낮음
9/25/2025,김천(822),X,27.3,25.5,22.3,20.1,90,X, ,X,낮음
9/25/2025,군위(823),X,28.9,27,23.1,21.2,95,X, ,X,낮음
9/25/2025,군위(823),X,28.9,27,23.1,21.2,95,X, ,X,낮음
9/25/2025,군위(823),X,28.9,27,23.1,21.2,95,X, ,X,낮음
9/25/2025,군위(823),X,28.9,27,23.1,21.2,95,X, ,X,낮음
9/25/2025,군위(823),X,28.9,27,23.1,21.2,95,X, ,X,낮음
9/25/2025,군위(823),X,28.9,27,23.1,21.2,95,X, ,X,낮음
9/25/2025,군위(823),X,28.9,27,23.1,21.2,95,X, ,X,낮음
9/25/2025,군위(823),X,28.9,27,23.1,21.2,95,X, ,X,낮음
9/25/2025,군위(823),X,28.9,27,23.1,21.2,95,X, ,X,낮음
9/25/2025,군위(823),X,28.9,27,23.1,21.2,95,X, ,X,낮음
9/25/2025,군위(823),X,28.9,27,23.1,21.2,95,X, ,X,낮음
9/25/2025,군위(823),X,28.9,27,23.1,21.2,95,X, ,X,낮음
9/25/2025,군위(823),X,28.9,27,23.1,21.2,95,X, ,X,낮음
9/25/2025,군위(823),X,28.9,27,23.1,21.2,95,X, ,X,낮음
9/25/2025,군위(823),X,28.9,27,23.1,21.2,95,X, ,X,낮음
9/25/2025,군위(823),X,28.9,27,23.1,21.2,95,X, ,X,낮음
9/25/2025,군위(823),X,28.9,27,23.1,21.2,95,X, ,X,낮음
9/25/2025,군위(823),X,28.9,27,23.1,21.2,95,X, ,X,낮음
9/25/2025,군위(823),X,28.9,27,23.1,21.2,95,X, ,X,낮음
9/25/2025,군위(823),X,28.9,27,23.1,21.2,95,X, ,X,낮음
9/25/2025,군위(823),X,28.9,27,23.1,21.2,95,X, ,X,낮음
9/25/2025,군위(823),X,28.9,27,23.1,21.2,95,X, ,X,낮음
9/25/2025,군위(823),X,28.9,27,23.1,21.2,95,X, ,X,낮음
9/25/2025,군위(823),X,28.9,27,23.1,21.2,95,X, ,X,낮음
9/25/2025,군위(823),X,28.9,27,23.1,21.2,95,X, ,X,낮음
9/25/2025,군위(823),X,28.9,27,23.1,21.2,95,X, ,X,낮음
9/25/2025,군위(823),X,28.9,27,23.1,21.2,95,X, ,X,낮음
9/25/2025,군위(823),X,28.9,27,23.1,21.2,95,X, ,X,낮음
9/25/2025,군위(823),X,28.9,27,23.1,21.2,95,X, ,X,낮음
9/25/2025,군위(823),X,28.9,27,23.1,21.2,95,X, ,X,낮음
9/25/2025,군위(823),X,28.9,27,23.1,21.2,95,X, ,X,낮음
9/25/2025,군위(823),X,28.9,27,23.1,21.2,95,X, ,X,낮음
9/25/2025,칠곡(825),X,28.8,26.1,23.7,22.2,99,X, ,X,낮음
9/25/2025,경산(827),X,28.3,26.2,23.8,21.8,91,X, ,X,낮음
9/25/2025,삼척(876),X,28.5,26.8,23.6,21.3,80,X, ,X,낮음
9/25/2025,속초(90),X,28.4,29.2,23.7,17.9,65.8,X, ,X,낮음
9/25/2025,삼천포(907),X,28.3,25.2,23.2,21.4,97,X, ,X,낮음
9/25/2025,고성(918),X,28.7,25.9,23.3,21.2,96,X, ,X,낮음
9/25/2025,창녕(919),X,28.3,26,23.5,21.9,94,X, ,X,낮음
9/25/2025,함안(920),X,27.9,25.2,22.9,20,95,X, ,X,낮음
9/25/2025,북춘천(93),X,27.1,26.5,21.1,16.1,87.1,X, ,X,낮음
9/25/2025,하동(932),X,27.7,24.8,23,21.5,96,X,관심,X,낮음
9/25/2025,철원(95),X,26.9,26.7,21,16,83.5,X, ,X,낮음
9/25/2025,동두천(98),X,27.9,26.8,21.3,17,88.9,X, ,X,낮음
9/25/2025,파주(99),X,27.6,26.6,20.9,16.6,89.3,X, ,X,낮음
9/26/2025,북강릉(104),X,26.2,26,20.7,16.3,73.1,X, ,X,낮음
9/26/2025,동해(106),X,25.5,25.5,20.8,16.9,71.8,X, ,X,낮음
9/26/2025,서울(108),X,27.6,27.1,21.7,17.8,78.1,X, ,X,낮음
9/26/2025,인천(112),X,26.6,25.6,21.9,18.3,82.5,X, ,X,낮음
9/26/2025,원주(114),X,27.3,26.8,21.3,18.3,77.5,X, ,X,낮음
9/26/2025,울릉도(115),X,27.9,26.7,23.2,20.6,77.3,X, ,X,낮음
9/26/2025,수원(119),X,26.9,26.8,20.5,16.5,82.6,X, ,X,낮음
9/26/2025,영월(121),X,27.1,27.1,20.3,16.4,81.9,X, ,X,낮음
9/26/2025,충주(127),X,27.4,27.3,21.1,17.8,80.6,X, ,X,낮음
9/26/2025,서산(129),X,27.1,26.5,20.6,15.3,85,X, ,X,낮음
9/26/2025,울진(130),X,26,25.8,20.4,14.8,74.9,X, ,X,낮음
9/26/2025,청주(131),X,26.7,27.3,22.6,19,71.4,X, ,X,낮음
9/26/2025,대전(133),X,26.9,26.1,21.3,18.3,83.5,X, ,X,낮음
9/26/2025,추풍령(135),X,26.3,26.2,20.3,16.2,80.8,X, ,X,낮음
9/26/2025,안동(136),X,27.5,27.7,21.2,17.7,82.8,X, ,X,낮음
9/26/2025,상주(137),X,27.1,26.2,21.3,17.8,84,X, ,X,낮음
9/26/2025,포항(138),X,26.2,26.1,22.8,20.3,69.9,X, ,X,낮음
9/26/2025,군산(140),X,27.7,26.7,21.9,18.9,87.8,X, ,X,낮음
9/26/2025,대구(143),X,27.2,28.1,23,19.8,68.5,X, ,X,낮음
9/26/2025,전주(146),X,28.5,28.3,23.3,20.4,77.3,X, ,X,낮음
9/26/2025,울산(152),X,26.9,27.2,22.4,18.5,74.3,X, ,X,낮음
9/26/2025,창원(155),X,28.7,30.3,24.1,21.8,79,X, ,X,낮음
9/26/2025,광주(156),X,29.2,29.3,24.3,21.9,75.3,X, ,X,낮음
9/26/2025,부산(159),X,29.2,29.3,24.8,22.5,72.6,X, ,X,낮음
9/26/2025,통영(162),X,29.7,28.7,24.2,21.9,82.9,X, ,X,낮음
9/26/2025,목포(165),X,28.5,26.2,23.8,21.9,86.9,X, ,X,낮음
9/26/2025,여수(168),X,29,27.7,24.5,22.9,84.8,X, ,X,낮음
9/26/2025,흑산도(169),X,27.1,24.8,22.1,20.8,88,X, ,X,낮음
9/26/2025,완도(170),X,29.4,27.6,24.4,22.3,88.1,X, ,X,낮음
9/26/2025,고창(172),X,27.9,28.2,23.2,20.7,84.4,X, ,X,낮음
9/26/2025,제주(184),X,29.1,27.2,25.9,25.4,83.6,O,경고,X,낮음
9/26/2025,진주(192),X,29,28.7,23.3,20.3,83.5,X, ,X,낮음
9/26/2025,양평(202),X,26,25.8,20,16.4,81.6,X, ,X,낮음
9/26/2025,이천(203),X,27.1,26.8,20.8,17.5,87.1,X, ,X,낮음
9/26/2025,인제(211),X,26,26.1,18.6,15,82.1,X, ,X,낮음
9/26/2025,홍천(212),X,25.9,25.8,19.4,16.9,84.3,X, ,X,낮음
9/26/2025,태백(216),X,25.3,26.1,16.3,9.1,77.5,X, ,X,낮음
9/26/2025,정선군(217),X,28.4,29.3,19.5,15.2,79,X, ,X,낮음
9/26/2025,제천(221),X,25.9,26.5,19,14.8,85,X, ,X,낮음
9/26/2025,보은(226),X,26.1,25.6,20.2,16.7,88,X, ,X,낮음
9/26/2025,천안(232),X,26.3,25.7,19.7,16.6,86.5,X, ,X,낮음
9/26/2025,보령(235),X,28.2,27.4,21.7,17,86,X, ,X,낮음
9/26/2025,부여(236),X,27,26.6,20.9,17.9,88.8,X, ,X,낮음
9/26/2025,금산(238),X,27.2,27.3,21.5,18.1,84.5,X, ,X,낮음
9/26/2025,세종(239),X,26.4,25.3,20.7,18.3,86.8,X, ,X,낮음
9/26/2025,부안(243),X,27.2,27.7,22.6,19.4,80.9,X, ,X,낮음
9/26/2025,임실(244),X,28,28.2,22.4,19,79.3,X, ,X,낮음
9/26/2025,정읍(245),X,28.5,28.1,23.2,20.8,83.6,X, ,X,낮음
9/26/2025,남원(247),X,29.3,29,23.3,20.3,81.5,X, ,X,낮음
9/26/2025,장수(248),X,27.4,27.3,20.9,17.7,84.8,X, ,X,낮음
9/26/2025,영광군(252),X,27.8,27.8,23.2,20.7,80.8,X, ,X,낮음
9/26/2025,김해시(253),X,30.2,30.8,24.4,21.3,77.5,X, ,X,낮음
9/26/2025,순창군(254),X,28.8,29.6,23.7,20.3,78,X, ,X,낮음
9/26/2025,양산시(257),X,30.9,31.4,25.2,21.9,75.8,X, ,X,낮음
9/26/2025,강진군(259),X,30.5,29.4,24.4,21.9,89.3,X, ,X,낮음
9/26/2025,장흥(260),X,30.2,28.8,24.4,21.4,88.3,X, ,X,낮음
9/26/2025,해남(261),X,30.3,28.6,24,21.4,89.6,X, ,X,낮음
9/26/2025,고흥(262),X,31.1,29.7,24.6,21.8,87,X, ,X,낮음
9/26/2025,의령군(263),X,28.4,29,22.9,19.4,76.6,X, ,X,낮음
9/26/2025,함양군(264),X,30.8,30.2,23.5,19.6,85.6,X, ,X,낮음
9/26/2025,진도군ASOS(268),X,28.6,26.9,23.4,20.8,90.9,X, ,X,낮음
9/26/2025,봉화(271),X,26.2,26.5,18,11.5,83,X, ,X,낮음
9/26/2025,영주(272),X,26.7,26.6,18.8,12.4,86.5,X, ,X,낮음
9/26/2025,문경(273),X,26.7,27,20.8,16.2,82.8,O, ,X,낮음
9/26/2025,청송군(276),X,28.9,28.8,20.7,16,86.4,X, ,X,낮음
9/26/2025,영덕(277),X,26,26.1,20.6,16.8,79,X, ,X,낮음
9/26/2025,의성(278),X,27.1,26.8,20.7,17,87.8,X, ,X,낮음
9/26/2025,구미(279),X,28,28.3,22.3,19.1,79.6,X, ,X,낮음
9/26/2025,영천(281),X,26.6,26.7,21.2,16.7,77.9,X, ,X,낮음
9/26/2025,경주시(283),X,27.5,27.5,22,16.9,78,X, ,X,낮음
9/26/2025,거창(284),X,29.2,29.5,22.4,18.7,76.1,X, ,X,낮음
9/26/2025,합천(285),X,28.5,29.4,23.7,20.2,79.5,X, ,X,낮음
9/26/2025,밀양(288),X,29.5,30.7,24.1,20.2,74.6,X, ,X,낮음
9/26/2025,산청(289),X,29.6,29.7,23.6,20.6,84.3,X, ,X,낮음
9/26/2025,거제(294),X,28.9,28.3,23.8,21.3,82.5,X, ,X,낮음
9/26/2025,남해(295),X,29.4,27.7,23.8,21.2,87.5,X, ,X,낮음
9/26/2025,부천(433),X,27.3,27.6,22.5,18.5,74,X, ,X,낮음
9/26/2025,안양(434),X,,26.7,21.6,18.4,,X, ,X,낮음
9/26/2025,광명(437),X,27.3,28.3,23,19.2,72,X, ,X,낮음
9/26/2025,군포(438),X,27.4,27.9,21.8,17.7,75,X, ,X,낮음
9/26/2025,김포(441),X,27,26.2,20.9,17.3,86,X, ,X,낮음
9/26/2025,하남(444),X,26.7,25.6,20.1,17,,X, ,X,낮음
9/26/2025,의왕(445),X,27.7,27.2,20.6,16,88,X, ,X,낮음
9/26/2025,포천(504),X,27.8,27.1,19.5,14.9,87,X, ,X,낮음
9/26/2025,가평조종(505),X,27,26.5,19,14.9,90,X, ,X,낮음
9/26/2025,안성(516),X,27.5,26.9,21.4,18.1,84,X, ,X,낮음
9/26/2025,간성(517),X,25.5,25.4,19.9,15,72,X, ,X,낮음
9/26/2025,평창(526),X,25.9,26.7,18.4,15.2,82,X, ,X,낮음
9/26/2025,의정부(532),X,27.2,26.9,19.9,16.2,87,X, ,X,낮음
9/26/2025,횡성(536),X,27.3,27.6,20.7,17.2,82,X, ,X,낮음
9/26/2025,고양(540),X,27.8,27.4,20,15.6,86,X, ,X,낮음
9/26/2025,남양주(541),X,27.3,27.1,20.1,15.5,84,X, ,X,낮음
9/26/2025,안산(545),X,28,27.1,19.9,14.7,90,X, ,X,낮음
9/26/2025,경기광주(546),X,26.5,25.9,18.9,16,87,X, ,X,낮음
9/26/2025,여주(548),X,27.5,27,20.6,17.4,84,X, ,X,낮음
9/26/2025,용인(549),X,27.8,27.8,20.4,16.9,85,X, ,X,낮음
9/26/2025,오산(550),X,26.8,26.2,19.8,15.1,87,X, ,X,낮음
9/26/2025,평택(551),X,27.4,26.7,21.1,17.4,85,X, ,X,낮음
9/26/2025,화천(555),X,26.2,25.3,18.3,15.4,89,X, ,X,낮음
9/26/2025,양구(556),X,26.4,26.4,18,14.6,85,X, ,X,낮음
9/26/2025,시흥(565),X,27.3,27,20.4,14.9,85,X, ,X,낮음
9/26/2025,구리(569),X,26.2,26.6,19.8,16,82,X, ,X,낮음
9/26/2025,화성(571),X,27.1,26.6,20.6,17,87,X, ,X,낮음
9/26/2025,성남(572),X,26.1,25.8,20.3,16.8,82,X, ,X,낮음
9/26/2025,과천(590),X,26.6,26.5,19.9,15.3,87,X, ,X,낮음
9/26/2025,양주(598),X,27.7,27.9,19.6,15.2,86,X, ,X,낮음
9/26/2025,단양(601),X,28,27.8,20.1,16,86,X, ,X,낮음
9/26/2025,진천(602),X,27,26.9,20.1,16.8,84,X, ,X,낮음
9/26/2025,괴산(603),X,27.4,28.1,21,17.6,83,X, ,X,낮음
9/26/2025,옥천(604),X,27.7,27.3,21,17.3,85,X, ,X,낮음
9/26/2025,홍북(608),X,,,,,,X, ,X,낮음
9/26/2025,공주(612),X,26.6,26,20.6,17.3,88,X, ,X,낮음
9/26/2025,서천(614),X,27.5,26.2,20.9,17.3,89,X, ,X,낮음
9/26/2025,논산(615),X,26.9,26.6,21.2,17.7,83,X, ,X,낮음
9/26/2025,당진(616),X,27,26.4,20.5,16.4,87,X, ,X,낮음
9/26/2025,청양(618),X,26.8,26.1,20.4,17.4,89,X, ,X,낮음
9/26/2025,음성(619),X,27.2,27.1,20.6,16.7,86,X, ,X,낮음
9/26/2025,증평(623),X,26.4,26.7,21.1,17.8,77,X, ,X,낮음
9/26/2025,태안(627),X,26.9,25.9,20.2,15,88,X, ,X,낮음
9/26/2025,예산(628),X,26.3,25.9,20.5,16.2,86,X, ,X,낮음
9/26/2025,아산(634),X,26.7,26.4,20.4,15.7,85,X, ,X,낮음
9/26/2025,계룡(636),X,26.9,26.1,19.2,15.1,93,X, ,X,낮음
9/26/2025,연천청산(652),X,26.6,26.2,18.9,15.6,86,X, ,X,낮음
9/26/2025,양양(670),X,25.5,25.2,21,16.6,73,X, ,X,낮음
9/26/2025,무안(699),X,28.9,27.6,23.8,21,84,X, ,X,낮음
9/26/2025,무주(701),X,26.2,27.1,20.9,17.1,81,X, ,X,낮음
9/26/2025,익산(702),X,27.8,27.5,22.5,19.5,81,X, ,X,낮음
9/26/2025,진안(703),X,27.3,28,21.3,18.2,83,X, ,X,낮음
9/26/2025,담양(706),X,29.8,29.2,24.1,21,81,X, ,X,낮음
9/26/2025,구례(709),X,31.2,30.4,24,20.8,85,X, ,X,낮음
9/26/2025,나주(710),X,29.2,28.6,23.7,21.3,82,X, ,X,낮음
9/26/2025,순천시(712),X,30.4,28.4,24.4,21.6,90,X, ,X,낮음
9/26/2025,광양읍(713),X,32,31,25,21.3,87,X, ,X,낮음
9/26/2025,장성(730),X,29.5,29.6,23.8,20.8,82,X, ,X,낮음
9/26/2025,영암(731),X,29.7,28,23.9,20.7,89,X, ,X,낮음
9/26/2025,보성(732),X,28.4,28.1,23.5,20.3,86,X, ,X,낮음
9/26/2025,완주(734),X,28.4,28.2,22.1,18.8,84,X, ,X,낮음
9/26/2025,김제(737),X,28.1,27.8,22.7,19.5,85,X, ,X,낮음
9/26/2025,화순(741),X,30.3,29.2,23.8,20.8,82,X, ,X,낮음
9/26/2025,함평(754),X,29,28,23.8,20.9,83,X, ,X,낮음
9/26/2025,곡성(768),X,30.2,29.9,23,20.1,86,X, ,X,낮음
9/26/2025,압해도(789),X,30,27.5,23.8,21.5,91,X, ,X,낮음
9/26/2025,영양(801),X,28.5,28.6,20,15.9,84,X, ,X,낮음
9/26/2025,성주(810),X,27.5,27.5,21.9,18.6,84,X, ,X,낮음
9/26/2025,고령(812),X,28.6,28.4,22.6,18.9,83,X, ,X,낮음
9/26/2025,청도(813),X,28.4,29.1,22.8,18.6,82,X, ,X,낮음
9/26/2025,예천(815),X,27.6,28.2,20.4,16.2,82,X, ,X,낮음
9/26/2025,김천(822),X,26.8,27.2,20.8,17,80,X, ,X,낮음
9/26/2025,군위(823),X,27.9,27.3,21.4,17.7,89,X, ,X,낮음
9/26/2025,군위(823),X,27.9,27.3,21.4,17.7,89,X, ,X,낮음
9/26/2025,군위(823),X,27.9,27.3,21.4,17.7,89,X, ,X,낮음
9/26/2025,군위(823),X,27.9,27.3,21.4,17.7,89,X, ,X,낮음
9/26/2025,군위(823),X,27.9,27.3,21.4,17.7,89,X, ,X,낮음
9/26/2025,군위(823),X,27.9,27.3,21.4,17.7,89,X, ,X,낮음
9/26/2025,군위(823),X,27.9,27.3,21.4,17.7,89,X, ,X,낮음
9/26/2025,군위(823),X,27.9,27.3,21.4,17.7,89,X, ,X,낮음
9/26/2025,군위(823),X,27.9,27.3,21.4,17.7,89,X, ,X,낮음
9/26/2025,군위(823),X,27.9,27.3,21.4,17.7,89,X, ,X,낮음
9/26/2025,군위(823),X,27.9,27.3,21.4,17.7,89,X, ,X,낮음
9/26/2025,군위(823),X,27.9,27.3,21.4,17.7,89,X, ,X,낮음
9/26/2025,군위(823),X,27.9,27.3,21.4,17.7,89,X, ,X,낮음
9/26/2025,군위(823),X,27.9,27.3,21.4,17.7,89,X, ,X,낮음
9/26/2025,군위(823),X,27.9,27.3,21.4,17.7,89,X, ,X,낮음
9/26/2025,군위(823),X,27.9,27.3,21.4,17.7,89,X, ,X,낮음
9/26/2025,군위(823),X,27.9,27.3,21.4,17.7,89,X, ,X,낮음
9/26/2025,군위(823),X,27.9,27.3,21.4,17.7,89,X, ,X,낮음
9/26/2025,군위(823),X,27.9,27.3,21.4,17.7,89,X, ,X,낮음
9/26/2025,군위(823),X,27.9,27.3,21.4,17.7,89,X, ,X,낮음
9/26/2025,군위(823),X,27.9,27.3,21.4,17.7,89,X, ,X,낮음
9/26/2025,군위(823),X,27.9,27.3,21.4,17.7,89,X, ,X,낮음
9/26/2025,군위(823),X,27.9,27.3,21.4,17.7,89,X, ,X,낮음
9/26/2025,군위(823),X,27.9,27.3,21.4,17.7,89,X, ,X,낮음
9/26/2025,군위(823),X,27.9,27.3,21.4,17.7,89,X, ,X,낮음
9/26/2025,군위(823),X,27.9,27.3,21.4,17.7,89,X, ,X,낮음
9/26/2025,군위(823),X,27.9,27.3,21.4,17.7,89,X, ,X,낮음
9/26/2025,군위(823),X,27.9,27.3,21.4,17.7,89,X, ,X,낮음
9/26/2025,군위(823),X,27.9,27.3,21.4,17.7,89,X, ,X,낮음
9/26/2025,군위(823),X,27.9,27.3,21.4,17.7,89,X, ,X,낮음
9/26/2025,군위(823),X,27.9,27.3,21.4,17.7,89,X, ,X,낮음
9/26/2025,군위(823),X,27.9,27.3,21.4,17.7,89,X, ,X,낮음
9/26/2025,칠곡(825),X,27.5,27.8,22.1,19.1,85,X, ,X,낮음
9/26/2025,경산(827),X,27.9,28.1,23,19.1,73,X, ,X,낮음
9/26/2025,삼척(876),X,26.6,26.8,22,18.7,66,X, ,X,낮음
9/26/2025,속초(90),X,25.7,25.5,21,16.8,68.4,X, ,X,낮음
9/26/2025,삼천포(907),X,30.2,28.9,24.1,21.4,85,X, ,X,낮음
9/26/2025,고성(918),X,30.8,29.7,24.4,20.7,85,X, ,X,낮음
9/26/2025,창녕(919),X,28.4,29.4,23.8,20.2,75,X, ,X,낮음
9/26/2025,함안(920),X,29.3,30.1,23.5,20.3,78,X, ,X,낮음
9/26/2025,북춘천(93),X,26.3,26.2,19.4,15.3,84.9,X, ,X,낮음
9/26/2025,하동(932),X,30.4,29.8,24.4,21.3,86,X, ,X,낮음
9/26/2025,철원(95),X,26.4,26.4,18.9,14.2,88.3,X, ,X,낮음
9/26/2025,동두천(98),X,27.3,26.2,19.3,15.8,90.1,X, ,X,낮음
9/26/2025,파주(99),X,26.7,25.8,18.9,15.5,91.8,X, ,X,낮음
9/27/2025,북강릉(104),X,27,25.6,20,15,85.9,X, ,X,낮음
9/27/2025,동해(106),X,26.4,24.8,20.1,15.1,82,X, ,X,낮음
9/27/2025,서울(108),X,27.4,27.2,22.5,17.6,71.1,X, ,X,낮음
9/27/2025,인천(112),X,27.8,27.1,23.2,19.3,77.5,X, ,X,낮음
9/27/2025,원주(114),X,26.1,27.5,20.9,16.7,73.6,X, ,X,낮음
9/27/2025,울릉도(115),X,27,25.4,22.1,19.7,75.5,X, ,X,낮음
9/27/2025,수원(119),X,26.5,26.1,21.8,16.5,74.1,X, ,X,낮음
9/27/2025,영월(121),X,28,28.8,19.2,13.8,81,X, ,X,낮음
9/27/2025,충주(127),X,27.1,28,20.9,15.6,77.3,X, ,X,낮음
9/27/2025,서산(129),X,27.2,26.8,21.7,17.1,85.1,X, ,X,낮음
9/27/2025,울진(130),X,26.4,24.9,20.1,15.4,85.4,X, ,X,낮음
9/27/2025,청주(131),X,27.6,28.1,23.6,18.2,67.3,X, ,X,낮음
9/27/2025,대전(133),X,29,28.8,23.1,17.7,78.3,X, ,X,낮음
9/27/2025,추풍령(135),X,26.5,25.7,20.3,15.8,81.5,X, ,X,낮음
9/27/2025,안동(136),X,27.7,28,21.9,16.5,73.6,X, ,X,낮음
9/27/2025,상주(137),X,28,27.5,21.6,16.8,82.1,X, ,X,낮음
9/27/2025,포항(138),X,26.8,25.7,22.6,19.8,74.9,X, ,X,낮음
9/27/2025,군산(140),X,29.3,28.8,23,18.6,83.6,X, ,X,낮음
9/27/2025,대구(143),X,27.1,27.5,22.9,18.9,70.4,X, ,X,낮음
9/27/2025,전주(146),X,29.9,29.7,24.1,19.7,76.9,X, ,X,낮음
9/27/2025,울산(152),X,26.7,26.5,22.4,18.3,73.5,X, ,X,낮음
9/27/2025,창원(155),X,29.5,28.7,23.6,21.3,74.5,X, ,X,낮음
9/27/2025,광주(156),X,29,28.2,24.1,21,75.8,X, ,X,낮음
9/27/2025,부산(159),X,28.9,28.8,24.7,22.3,67.1,X, ,X,낮음
9/27/2025,통영(162),X,29.2,29.3,24.1,21.3,74.4,X, ,X,낮음
9/27/2025,목포(165),X,27.5,25.4,23.3,20.7,87.6,X, ,X,낮음
9/27/2025,여수(168),X,27.8,27,23.9,21.6,77.4,X, ,X,낮음
9/27/2025,흑산도(169),X,27.2,25.2,22.1,20.1,88.5,X, ,X,낮음
9/27/2025,완도(170),X,27.6,26.1,22.9,20.7,88.5,X, ,X,낮음
9/27/2025,고창(172),X,29,27.8,23.2,19.5,89.8,X, ,X,낮음
9/27/2025,제주(184),X,27.7,25.6,24.6,23.3,82,X,주의,X,낮음
9/27/2025,진주(192),X,27.9,27.8,22.6,19.8,77.6,X, ,X,낮음
9/27/2025,양평(202),X,26.2,26.1,20.4,16.4,80.3,X, ,X,낮음
9/27/2025,이천(203),X,27.3,26.9,20.1,15.3,87.1,X, ,X,낮음
9/27/2025,인제(211),X,26.2,26.1,18.3,13.6,80.1,X, ,X,낮음
9/27/2025,홍천(212),X,26.3,27.1,20.1,15.9,77.3,X, ,X,낮음
9/27/2025,태백(216),X,24.1,24.6,16.3,9.4,79.8,X, ,X,낮음
9/27/2025,정선군(217),X,27.7,28.4,19,14.5,79.4,X, ,X,낮음
9/27/2025,제천(221),X,25.5,25.7,18.9,14.4,83.3,X, ,X,낮음
9/27/2025,보은(226),X,26.4,25.9,20.5,15.5,88.5,X, ,X,낮음
9/27/2025,천안(232),X,27.3,27.2,21.4,15.6,85.3,X, ,X,낮음
9/27/2025,보령(235),X,29.5,28.7,23.1,17.8,82.1,X, ,X,낮음
9/27/2025,부여(236),X,29.1,28.8,22.5,17.5,85.5,X, ,X,낮음
9/27/2025,금산(238),X,27.9,27.8,22.1,16.5,84.4,X, ,X,낮음
9/27/2025,세종(239),X,28.5,28,22.4,17.3,81.1,X, ,X,낮음
9/27/2025,부안(243),X,29.2,28.5,23,18.3,85,X, ,X,낮음
9/27/2025,임실(244),X,28.1,28,22.7,17.9,80.9,X, ,X,낮음
9/27/2025,정읍(245),X,29.8,29.3,23.8,19.2,83.5,X, ,X,낮음
9/27/2025,남원(247),X,29,28.5,23.5,19.3,77.9,X, ,X,낮음
9/27/2025,장수(248),X,27.1,27.3,21.3,16.5,83.8,X, ,X,낮음
9/27/2025,영광군(252),X,28.2,27,23.2,19.7,85.9,X, ,X,낮음
9/27/2025,김해시(253),X,29.9,29.7,23.8,20.2,72.6,X, ,X,낮음
9/27/2025,순창군(254),X,28.9,28.9,23.4,19.3,78.9,X, ,X,낮음
9/27/2025,양산시(257),X,29.9,29.4,25,21.4,70.6,X, ,X,낮음
9/27/2025,강진군(259),X,28,26.3,23.3,20.7,87,X, ,X,낮음
9/27/2025,장흥(260),X,27.9,26.4,23.1,21,86.3,X, ,X,낮음
9/27/2025,해남(261),X,27.5,25.5,22.9,19.8,87.6,X, ,X,낮음
9/27/2025,고흥(262),X,28.7,27.5,23.4,20.8,84.9,X, ,X,낮음
9/27/2025,의령군(263),X,28.2,28.2,22.5,18.9,74.9,X, ,X,낮음
9/27/2025,함양군(264),X,29.8,28.9,23.1,19.4,88.1,X, ,X,낮음
9/27/2025,진도군ASOS(268),X,27.1,25,22.4,19.1,87.5,X, ,X,낮음
9/27/2025,봉화(271),X,25.7,25.6,17.9,12.4,83.1,X, ,X,낮음
9/27/2025,영주(272),X,26.3,26.4,19.8,13.7,81.3,X, ,X,낮음
9/27/2025,문경(273),X,26.9,26.9,20.6,15.2,82.8,O, ,X,낮음
9/27/2025,청송군(276),X,28.1,27.7,20.3,14.4,85.8,X, ,X,낮음
9/27/2025,영덕(277),X,26.6,25.8,20.3,15.3,82.8,X, ,X,낮음
9/27/2025,의성(278),X,28.4,28.9,21.6,16.2,80.1,X, ,X,낮음
9/27/2025,구미(279),X,28.4,28.6,22.7,18,76.3,X, ,X,낮음
9/27/2025,영천(281),X,26.8,27.1,21.4,16.5,79,X, ,X,낮음
9/27/2025,경주시(283),X,28.1,28,21.6,16.9,81.5,X, ,X,낮음
9/27/2025,거창(284),X,28.5,27.8,22.3,17.8,79.6,X, ,X,낮음
9/27/2025,합천(285),X,28.8,28.6,23.2,19.4,81.4,X, ,X,낮음
9/27/2025,밀양(288),X,30.3,30.7,24.1,19.9,71.4,X, ,X,낮음
9/27/2025,산청(289),X,29,28.6,23.2,19.5,80,X, ,X,낮음
9/27/2025,거제(294),X,27.7,27.1,23.5,20.8,77.1,X, ,X,낮음
9/27/2025,남해(295),X,28.7,28,23.2,20.9,81.5,X, ,X,낮음
9/27/2025,부천(433),X,27.4,27.5,23.2,18.1,72,X, ,X,낮음
9/27/2025,안양(434),X,,26.3,22.5,18.8,,X, ,X,낮음
9/27/2025,광명(437),X,27.5,27.9,23.9,20.1,66,X, ,X,낮음
9/27/2025,군포(438),X,26.4,26.7,22.2,18.4,71,X, ,X,낮음
9/27/2025,김포(441),X,29.8,29.7,21.9,16.1,82,X, ,X,낮음
9/27/2025,하남(444),X,26.9,26.8,21,15.9,85,X, ,X,낮음
9/27/2025,의왕(445),X,27.2,26.3,20.8,15.6,85,X, ,X,낮음
9/27/2025,포천(504),X,26.6,27,19.8,14.4,81,X, ,X,낮음
9/27/2025,가평조종(505),X,26.2,26.1,19.6,15.8,86,X, ,X,낮음
9/27/2025,안성(516),X,28.6,28.2,22.4,17.3,79,X, ,X,낮음
9/27/2025,간성(517),X,26.1,24.6,18.9,14.4,85,X, ,X,낮음
9/27/2025,평창(526),X,25.2,26.1,18.2,13.3,80,X, ,X,낮음
9/27/2025,의정부(532),X,26.9,26.8,20.3,15.2,81,X, ,X,낮음
9/27/2025,횡성(536),X,26.3,27.4,19.9,14.3,77,X, ,X,낮음
9/27/2025,고양(540),X,27.9,28.3,20.7,15.1,81,X, ,X,낮음
9/27/2025,남양주(541),X,27.8,28.3,21.3,15.5,77,X, ,X,낮음
9/27/2025,안산(545),X,22,,,,,X, ,X,낮음
9/27/2025,경기광주(546),X,26.2,25.9,20.3,16.1,81,X, ,X,낮음
9/27/2025,여주(548),X,27.3,27.3,20.4,15.7,82,X, ,X,낮음
9/27/2025,용인(549),X,27.6,27.5,21,16,81,X, ,X,낮음
9/27/2025,오산(550),X,27.8,26.6,21,15.6,84,X, ,X,낮음
9/27/2025,평택(551),X,28.1,27.7,22.4,17.2,81,X, ,X,낮음
9/27/2025,화천(555),X,26.3,26.5,18.7,15.7,86,X, ,X,낮음
9/27/2025,양구(556),X,25.9,26.6,18.2,14.7,83,X, ,X,낮음
9/27/2025,시흥(565),X,27.3,27.1,21.7,15.7,82,X, ,X,낮음
9/27/2025,구리(569),X,27.3,27.4,21.2,16.4,76,X, ,X,낮음
9/27/2025,화성(571),X,27.8,27.3,22.3,17.2,80,X, ,X,낮음
9/27/2025,성남(572),X,26.2,25.8,21,16.4,78,X, ,X,낮음
9/27/2025,과천(590),X,26.9,26.6,20.4,15.2,85,X, ,X,낮음
9/27/2025,양주(598),X,27.6,27.7,19.6,13.8,84,X, ,X,낮음
9/27/2025,단양(601),X,26.3,27,19.4,14.4,83,X, ,X,낮음
9/27/2025,진천(602),X,27.7,28.2,20.8,15.4,82,X, ,X,낮음
9/27/2025,괴산(603),X,27.2,27.9,20.7,16.6,82,X, ,X,낮음
9/27/2025,옥천(604),X,29.1,29,22,16.4,82,X, ,X,낮음
9/27/2025,홍북(608),X,,,,,,X, ,X,낮음
9/27/2025,공주(612),X,28.2,27.7,22.3,16.5,84,X, ,X,낮음
9/27/2025,서천(614),X,28.5,27.4,22.3,16.7,86,X, ,X,낮음
9/27/2025,논산(615),X,29.1,29.4,22.7,16.5,80,X, ,X,낮음
9/27/2025,당진(616),X,28.9,28.3,21.8,16.8,87,X, ,X,낮음
9/27/2025,청양(618),X,28.6,27.8,21.5,15.8,89,X, ,X,낮음
9/27/2025,음성(619),X,27.4,27.8,20.2,16.1,85,X, ,X,낮음
9/27/2025,증평(623),X,27.6,28.5,22.1,16.4,72,X, ,X,낮음
9/27/2025,태안(627),X,27.3,26.2,21.4,16.1,87,X, ,X,낮음
9/27/2025,예산(628),X,28.1,27.4,21.9,16.2,86,X, ,X,낮음
9/27/2025,아산(634),X,30.4,30.2,22.6,17,81,X, ,X,낮음
9/27/2025,계룡(636),X,28.9,28.6,21.1,14.4,90,X, ,X,낮음
9/27/2025,연천청산(652),X,27.2,27.9,19.7,14.3,79,X, ,X,낮음
9/27/2025,양양(670),X,25.7,24.2,19.3,15.3,85,X, ,X,낮음
9/27/2025,무안(699),X,27.4,25.6,23,20.7,89,X, ,X,낮음
9/27/2025,무주(701),X,27.8,27.5,20.9,15.5,82,X, ,X,낮음
9/27/2025,익산(702),X,29.8,29.5,23.3,17.8,81,X, ,X,낮음
9/27/2025,진안(703),X,27.8,27.3,21.5,16,84,X, ,X,낮음
9/27/2025,담양(706),X,29.9,29.3,23.8,20,82,X, ,X,낮음
9/27/2025,구례(709),X,30.1,29.7,24.1,20.3,81,X, ,X,낮음
9/27/2025,나주(710),X,28.9,28.1,23.5,20.7,84,X, ,X,낮음
9/27/2025,순천시(712),X,29.4,28.6,24,21.7,85,X, ,X,낮음
9/27/2025,광양읍(713),X,30.2,29.6,24.6,22,81,X, ,X,낮음
9/27/2025,장성(730),X,29.3,28.4,23.5,20.1,84,X, ,X,낮음
9/27/2025,영암(731),X,27.9,26.3,23,19.8,87,X, ,X,낮음
9/27/2025,보성(732),X,27.2,25.8,22.5,20.2,86,X, ,X,낮음
9/27/2025,완주(734),X,29.8,29.6,22.9,17.8,84,X, ,X,낮음
9/27/2025,김제(737),X,30.2,29.6,23.3,18.7,85,X, ,X,낮음
9/27/2025,화순(741),X,29.1,28.1,23.6,20.6,81,X, ,X,낮음
9/27/2025,함평(754),X,28,26.7,23.2,20.5,85,X, ,X,낮음
9/27/2025,곡성(768),X,30.2,29.7,23.6,19.6,83,X, ,X,낮음
9/27/2025,압해도(789),X,27.5,25.7,23.1,20.9,94,X, ,X,낮음
9/27/2025,영양(801),X,27.2,27.2,19.8,14.2,83,X, ,X,낮음
9/27/2025,성주(810),X,28.5,28.1,22.3,17.9,81,X, ,X,낮음
9/27/2025,고령(812),X,28.8,28.5,22.7,18.3,83,X, ,X,낮음
9/27/2025,청도(813),X,28.9,28.8,22.2,18.3,83,X, ,X,낮음
9/27/2025,예천(815),X,28.4,28.5,21.4,15.8,78,X, ,X,낮음
9/27/2025,김천(822),X,28,28,20.8,16.4,81,X, ,X,낮음
9/27/2025,군위(823),X,28.4,28.5,21.8,17.1,81,X, ,X,낮음
9/27/2025,군위(823),X,28.4,28.5,21.8,17.1,81,X, ,X,낮음
9/27/2025,군위(823),X,28.4,28.5,21.8,17.1,81,X, ,X,낮음
9/27/2025,군위(823),X,28.4,28.5,21.8,17.1,81,X, ,X,낮음
9/27/2025,군위(823),X,28.4,28.5,21.8,17.1,81,X, ,X,낮음
9/27/2025,군위(823),X,28.4,28.5,21.8,17.1,81,X, ,X,낮음
9/27/2025,군위(823),X,28.4,28.5,21.8,17.1,81,X, ,X,낮음
9/27/2025,군위(823),X,28.4,28.5,21.8,17.1,81,X, ,X,낮음
9/27/2025,군위(823),X,28.4,28.5,21.8,17.1,81,X, ,X,낮음
9/27/2025,군위(823),X,28.4,28.5,21.8,17.1,81,X, ,X,낮음
9/27/2025,군위(823),X,28.4,28.5,21.8,17.1,81,X, ,X,낮음
9/27/2025,군위(823),X,28.4,28.5,21.8,17.1,81,X, ,X,낮음
9/27/2025,군위(823),X,28.4,28.5,21.8,17.1,81,X, ,X,낮음
9/27/2025,군위(823),X,28.4,28.5,21.8,17.1,81,X, ,X,낮음
9/27/2025,군위(823),X,28.4,28.5,21.8,17.1,81,X, ,X,낮음
9/27/2025,군위(823),X,28.4,28.5,21.8,17.1,81,X, ,X,낮음
9/27/2025,군위(823),X,28.4,28.5,21.8,17.1,81,X, ,X,낮음
9/27/2025,군위(823),X,28.4,28.5,21.8,17.1,81,X, ,X,낮음
9/27/2025,군위(823),X,28.4,28.5,21.8,17.1,81,X, ,X,낮음
9/27/2025,군위(823),X,28.4,28.5,21.8,17.1,81,X, ,X,낮음
9/27/2025,군위(823),X,28.4,28.5,21.8,17.1,81,X, ,X,낮음
9/27/2025,군위(823),X,28.4,28.5,21.8,17.1,81,X, ,X,낮음
9/27/2025,군위(823),X,28.4,28.5,21.8,17.1,81,X, ,X,낮음
9/27/2025,군위(823),X,28.4,28.5,21.8,17.1,81,X, ,X,낮음
9/27/2025,군위(823),X,28.4,28.5,21.8,17.1,81,X, ,X,낮음
9/27/2025,군위(823),X,28.4,28.5,21.8,17.1,81,X, ,X,낮음
9/27/2025,군위(823),X,28.4,28.5,21.8,17.1,81,X, ,X,낮음
9/27/2025,군위(823),X,28.4,28.5,21.8,17.1,81,X, ,X,낮음
9/27/2025,군위(823),X,28.4,28.5,21.8,17.1,81,X, ,X,낮음
9/27/2025,군위(823),X,28.4,28.5,21.8,17.1,81,X, ,X,낮음
9/27/2025,군위(823),X,28.4,28.5,21.8,17.1,81,X, ,X,낮음
9/27/2025,군위(823),X,28.4,28.5,21.8,17.1,81,X, ,X,낮음
9/27/2025,칠곡(825),X,28.2,28.4,22.5,18.2,84,X, ,X,낮음
9/27/2025,경산(827),X,28.4,28.2,22.8,18.9,75,X, ,X,낮음
9/27/2025,삼척(876),X,27.3,26.2,20.9,16.7,79,X, ,X,낮음
9/27/2025,속초(90),X,25.6,23.8,20,16.3,80.6,X, ,X,낮음
9/27/2025,삼천포(907),X,29.8,28.7,23.2,20.2,83,X, ,X,낮음
9/27/2025,고성(918),X,28.7,28.2,23.3,20.4,80,X, ,X,낮음
9/27/2025,창녕(919),X,29.8,30,23.7,19.7,74,X, ,X,낮음
9/27/2025,함안(920),X,29.8,30,22.5,19.4,81,X, ,X,낮음
9/27/2025,북춘천(93),X,26.4,26.7,19.2,13.2,81,X, ,X,낮음
9/27/2025,하동(932),X,29.4,29.4,24.3,21.6,79,X, ,X,낮음
9/27/2025,철원(95),X,26.4,26.7,19.4,14,81.4,X, ,X,낮음
9/27/2025,동두천(98),X,26.8,26.9,20,14.4,83.9,X, ,X,낮음
9/27/2025,파주(99),X,27.6,27,19.6,15,89.4,X, ,X,낮음
9/28/2025,북강릉(104),X,22.3,20.1,18.6,16.8,93.9,X, ,X,낮음
9/28/2025,동해(106),X,23.7,21.1,19,16.6,91.6,X, ,X,낮음
9/28/2025,서울(108),X,24,21.9,20,18.4,85.6,X, ,X,낮음
9/28/2025,인천(112),X,24.6,22.4,20.3,18.2,88.6,X, ,X,낮음
9/28/2025,원주(114),X,23.3,21,18.9,17.4,89.4,X, ,X,낮음
9/28/2025,울릉도(115),X,25.6,23.8,20.8,19,81,X, ,X,낮음
9/28/2025,수원(119),X,23.6,21.7,19.8,18.3,88,X, ,X,낮음
9/28/2025,영월(121),X,23.1,20.2,17.9,15.6,96.1,X, ,X,낮음
9/28/2025,충주(127),X,24,21.2,19.6,18.7,91.8,X, ,X,낮음
9/28/2025,서산(129),X,24.9,21.9,20.2,19,95,X, ,X,낮음
9/28/2025,울진(130),X,26.4,24.4,20.1,18.1,88.9,X, ,X,낮음
9/28/2025,청주(131),X,24.5,23.6,20.6,19.8,85.3,X, ,X,낮음
9/28/2025,대전(133),X,25.2,22.7,20.4,18.7,95.3,X, ,X,낮음
9/28/2025,추풍령(135),X,24.1,21.5,19.6,18.5,88.8,X, ,X,낮음
9/28/2025,안동(136),X,23.9,21.2,19.7,18.5,92.5,X, ,X,낮음
9/28/2025,상주(137),X,24.2,21.1,20,19.1,91.3,X, ,X,낮음
9/28/2025,포항(138),X,26.9,25.8,23,20.7,74.5,X, ,X,낮음
9/28/2025,군산(140),X,25.3,22.2,20.8,18.6,94.9,X, ,X,낮음
9/28/2025,대구(143),X,26.4,25,21.7,20.4,83.4,X, ,X,낮음
9/28/2025,전주(146),X,25.7,23.1,21.4,19,88.6,X, ,X,낮음
9/28/2025,울산(152),X,26.8,25.9,22.3,19.3,79.1,X, ,X,낮음
9/28/2025,창원(155),X,28.3,26.5,23.6,21.1,81.5,X, ,X,낮음
9/28/2025,광주(156),X,26.2,23.7,21.8,19.2,87.4,X, ,X,낮음
9/28/2025,부산(159),X,28.2,27.9,24.3,22.7,75,X, ,X,낮음
9/28/2025,통영(162),X,27.4,25.3,23.8,21.8,79.6,X, ,X,낮음
9/28/2025,목포(165),X,28.3,25.7,22.8,20.7,91.5,X, ,X,낮음
9/28/2025,여수(168),X,28,26.4,23.8,22.2,80.3,X, ,X,낮음
9/28/2025,흑산도(169),X,29,26.7,22.6,20.8,91.9,X, ,X,낮음
9/28/2025,완도(170),X,30.2,28.2,23.6,20.7,88.3,X, ,X,낮음
9/28/2025,고창(172),X,26.5,23.5,21.7,18.4,90.9,X, ,X,낮음
9/28/2025,제주(184),X,30.9,30,25.7,23,80,X, ,X,낮음
9/28/2025,진주(192),X,26.2,24.3,21.1,19.2,90.1,X, ,X,낮음
9/28/2025,양평(202),X,23.9,22.2,19.3,17.9,90,X, ,X,낮음
9/28/2025,이천(203),X,24.5,22,19.2,18.2,96.1,X, ,X,낮음
9/28/2025,인제(211),X,21.7,19.5,17.2,15.4,91.8,X, ,X,낮음
9/28/2025,홍천(212),X,23,21.2,17.8,15.8,93.3,X, ,X,낮음
9/28/2025,태백(216),X,23.3,21.1,17.2,12.7,88.1,X, ,X,낮음
9/28/2025,정선군(217),X,23,20.4,17.4,15.1,92.9,X, ,X,낮음
9/28/2025,제천(221),X,23.2,20,17.9,16.5,98.5,X, ,X,낮음
9/28/2025,보은(226),X,24.2,21,19.4,18.6,96.6,X, ,X,낮음
9/28/2025,천안(232),X,24.1,21.2,19.8,18.5,97.6,X, ,X,낮음
9/28/2025,보령(235),X,25.5,22.5,20.6,18.2,93.3,X, ,X,낮음
9/28/2025,부여(236),X,25.1,22.3,20.6,17.1,96.8,X, ,X,낮음
9/28/2025,금산(238),X,25.6,22.5,20.7,18.5,96.4,X, ,X,낮음
9/28/2025,세종(239),X,24.5,21.6,20.1,18,96.1,X, ,X,낮음
9/28/2025,부안(243),X,25.9,23.4,21.4,19.1,90.1,X, ,X,낮음
9/28/2025,임실(244),X,26.1,23.6,20.6,18.2,90,X, ,X,낮음
9/28/2025,정읍(245),X,26.5,24,21.5,18.9,89.5,X, ,X,낮음
9/28/2025,남원(247),X,26.3,23.5,21.1,19.3,91.8,X, ,X,낮음
9/28/2025,장수(248),X,24.6,22.5,19.7,17.6,92.5,X, ,X,낮음
9/28/2025,영광군(252),X,26.5,23.7,21.6,18.6,90.4,X, ,X,낮음
9/28/2025,김해시(253),X,27.6,25.9,23.3,20.8,81.3,X, ,X,낮음
9/28/2025,순창군(254),X,26.3,23.7,20.9,18.3,91.4,X, ,X,낮음
9/28/2025,양산시(257),X,29.3,27.4,23.7,21.5,85.8,X, ,X,낮음
9/28/2025,강진군(259),X,30.5,29.1,23.2,20.6,87,X, ,X,낮음
9/28/2025,장흥(260),X,29.3,28,22.9,19.6,87,X, ,X,낮음
9/28/2025,해남(261),X,29.7,27.8,23.6,20.7,86.5,X, ,X,낮음
9/28/2025,고흥(262),X,29.7,27.9,23.4,20.7,85.8,X, ,X,낮음
9/28/2025,의령군(263),X,26.4,24.5,21.1,18.8,86,X, ,X,낮음
9/28/2025,함양군(264),X,28.4,25.8,21.9,20,95.3,X, ,X,낮음
9/28/2025,진도군ASOS(268),X,28.7,26.5,23.1,20.7,88.9,X, ,X,낮음
9/28/2025,봉화(271),X,22.6,19.8,17.7,14.5,95.8,X, ,X,낮음
9/28/2025,영주(272),X,23.4,20.6,19,17.8,94,X, ,X,낮음
9/28/2025,문경(273),X,24,21,19.6,18.5,93,O, ,X,낮음
9/28/2025,청송군(276),X,25.3,22.6,19.4,16.2,96.9,X, ,X,낮음
9/28/2025,영덕(277),X,25.6,24.7,20.2,17.1,90.8,X, ,X,낮음
9/28/2025,의성(278),X,25.1,22.1,20.1,18,97.6,X, ,X,낮음
9/28/2025,구미(279),X,25.1,23.1,21.2,19.6,85.5,X, ,X,낮음
9/28/2025,영천(281),X,25.5,23.5,20.8,18.7,88.3,X, ,X,낮음
9/28/2025,경주시(283),X,28.6,27.4,22.3,18.6,85.9,X, ,X,낮음
9/28/2025,거창(284),X,27.3,25.6,21.5,19.8,86.4,X, ,X,낮음
9/28/2025,합천(285),X,28.6,27.6,22.3,20.4,89,X, ,X,낮음
9/28/2025,밀양(288),X,28.4,26.7,23,20.5,83.5,X, ,X,낮음
9/28/2025,산청(289),X,28.7,27.8,22.8,20.6,81.1,X, ,X,낮음
9/28/2025,거제(294),X,27.4,25.8,23.6,20.5,82.4,X, ,X,낮음
9/28/2025,남해(295),X,28.1,26.4,23.2,21.2,84.8,X, ,X,낮음
9/28/2025,부천(433),X,25,23.1,20.6,18.1,83,X, ,X,낮음
9/28/2025,안양(434),X,,22.4,20.1,18.3,,X, ,X,낮음
9/28/2025,광명(437),X,24.9,23.3,20.6,18.2,84,X, ,X,낮음
9/28/2025,군포(438),X,24,22.3,20,17.8,84,X, ,X,낮음
9/28/2025,김포(441),X,24.8,22.4,19.8,17.5,92,X, ,X,낮음
9/28/2025,하남(444),X,23.7,21.2,19.3,17.7,,X, ,X,낮음
9/28/2025,의왕(445),X,24.1,21.5,19.5,17.8,94,X, ,X,낮음
9/28/2025,포천(504),X,23.7,21.5,18.5,16.6,93,X, ,X,낮음
9/28/2025,가평조종(505),X,23.3,21.3,18.3,15.8,92,X, ,X,낮음
9/28/2025,안성(516),X,24.4,21.7,20.3,19.4,95,X, ,X,낮음
9/28/2025,간성(517),X,22,19.4,17.7,15.7,92,X, ,X,낮음
9/28/2025,평창(526),X,22.2,19.5,16.7,14.2,94,X, ,X,낮음
9/28/2025,의정부(532),X,23.9,22,18.9,17.3,92,X, ,X,낮음
9/28/2025,횡성(536),X,23.3,21.1,18.3,16.1,93,X, ,X,낮음
9/28/2025,고양(540),X,24.9,23.3,19.3,16.9,91,X, ,X,낮음
9/28/2025,남양주(541),X,25.3,23.6,19.5,17.8,92,X, ,X,낮음
9/28/2025,안산(545),X,,,,,,X, ,X,낮음
9/28/2025,경기광주(546),X,22.7,20.5,18.3,17.2,93,X, ,X,낮음
9/28/2025,여주(548),X,23.4,20.6,18.8,17.7,96,X, ,X,낮음
9/28/2025,용인(549),X,24.8,23,19.5,18.2,91,X, ,X,낮음
9/28/2025,오산(550),X,23.8,21.7,19.5,17.9,93,X, ,X,낮음
9/28/2025,평택(551),X,24.5,21.7,20.2,19.3,94,X, ,X,낮음
9/28/2025,화천(555),X,23,20.6,17.7,15.8,95,X, ,X,낮음
9/28/2025,양구(556),X,22.2,20,16.9,15.1,93,X, ,X,낮음
9/28/2025,시흥(565),X,24.2,21.8,19.9,17.9,90,X, ,X,낮음
9/28/2025,구리(569),X,24,22.4,19.2,17.5,90,X, ,X,낮음
9/28/2025,화성(571),X,24.5,22.6,20,18.1,91,X, ,X,낮음
9/28/2025,성남(572),X,22.8,21,19.4,18.1,88,X, ,X,낮음
9/28/2025,과천(590),X,23.4,21.6,19.2,17.7,94,X, ,X,낮음
9/28/2025,양주(598),X,24,22.1,18.5,16.7,93,X, ,X,낮음
9/28/2025,단양(601),X,23.4,20.7,18.3,16.5,95,X, ,X,낮음
9/28/2025,진천(602),X,23.7,21.1,19.6,18.4,92,X, ,X,낮음
9/28/2025,괴산(603),X,24,21.5,19.5,18.6,94,X, ,X,낮음
9/28/2025,옥천(604),X,24.7,21.7,20.2,18.9,95,X, ,X,낮음
9/28/2025,홍북(608),X,,,,,,X, ,X,낮음
9/28/2025,공주(612),X,24.7,21.6,20.3,18.2,96,X, ,X,낮음
9/28/2025,서천(614),X,25.4,22.5,20.5,17.2,97,X, ,X,낮음
9/28/2025,논산(615),X,24.9,22.1,20.5,17.3,92,X, ,X,낮음
9/28/2025,당진(616),X,24.4,21.5,19.9,18.5,95,X, ,X,낮음
9/28/2025,청양(618),X,24.6,21.4,19.7,17.3,97,X, ,X,낮음
9/28/2025,음성(619),X,23.9,21.3,19.6,18.6,95,X, ,X,낮음
9/28/2025,증평(623),X,23.5,21.8,19.8,18.8,90,X, ,X,낮음
9/28/2025,태안(627),X,24.5,21.5,20.2,18.3,92,X, ,X,낮음
9/28/2025,예산(628),X,24.6,21.6,20.3,18.8,93,X, ,X,낮음
9/28/2025,아산(634),X,24.5,21.5,20,18.5,94,X, ,X,낮음
9/28/2025,계룡(636),X,25,21.8,19.8,16,99,X, ,X,낮음
9/28/2025,연천청산(652),X,23.4,21.6,18,16.3,90,X, ,X,낮음
9/28/2025,양양(670),X,22,19.5,18,15.7,92,X, ,X,낮음
9/28/2025,무안(699),X,28.4,26,22.1,19,92,X, ,X,낮음
9/28/2025,무주(701),X,24.6,22.3,20,18.2,92,X, ,X,낮음
9/28/2025,익산(702),X,25.4,22.5,21.2,17.8,93,X, ,X,낮음
9/28/2025,진안(703),X,24.3,21.6,19.6,17.2,93,X, ,X,낮음
9/28/2025,담양(706),X,26.4,23.4,21.2,17.9,94,X, ,X,낮음
9/28/2025,구례(709),X,26.6,24,21.8,20.1,93,X, ,X,낮음
9/28/2025,나주(710),X,27.8,25.3,21.7,18.5,93,X, ,X,낮음
9/28/2025,순천시(712),X,27.6,25,22.6,20.9,90,X, ,X,낮음
9/28/2025,광양읍(713),X,27.2,24.1,22.2,20.6,94,X, ,X,낮음
9/28/2025,장성(730),X,26.5,23.5,21.3,18.2,93,X, ,X,낮음
9/28/2025,영암(731),X,29.4,27.3,23.1,19.8,88,X, ,X,낮음
9/28/2025,보성(732),X,27.5,26,21.7,19.7,89,X, ,X,낮음
9/28/2025,완주(734),X,25.7,22.8,20.5,17.8,98,X, ,X,낮음
9/28/2025,김제(737),X,25.5,22.5,21.2,19.5,93,X, ,X,낮음
9/28/2025,화순(741),X,26.3,23.8,21.6,18.9,88,X, ,X,낮음
9/28/2025,함평(754),X,27.6,25.2,22,18.8,91,X, ,X,낮음
9/28/2025,곡성(768),X,27.2,24.1,21.4,19.2,94,X, ,X,낮음
9/28/2025,압해도(789),X,28.3,25.7,22.4,20,95,X, ,X,낮음
9/28/2025,영양(801),X,24,21.9,19.3,16.2,93,X, ,X,낮음
9/28/2025,성주(810),X,27,24.8,21,18.8,91,X, ,X,낮음
9/28/2025,고령(812),X,28.5,26.9,22.2,19.7,88,X, ,X,낮음
9/28/2025,청도(813),X,28.1,26.4,21.3,18.9,94,X, ,X,낮음
9/28/2025,예천(815),X,24.2,21.4,20.1,18.6,89,X, ,X,낮음
9/28/2025,김천(822),X,24.2,22.4,20,17.9,86,X, ,X,낮음
9/28/2025,군위(823),X,25.1,22.9,20.4,18.6,96,X, ,X,낮음
9/28/2025,군위(823),X,25.1,22.9,20.4,18.6,96,X, ,X,낮음
9/28/2025,군위(823),X,25.1,22.9,20.4,18.6,96,X, ,X,낮음
9/28/2025,군위(823),X,25.1,22.9,20.4,18.6,96,X, ,X,낮음
9/28/2025,군위(823),X,25.1,22.9,20.4,18.6,96,X, ,X,낮음
9/28/2025,군위(823),X,25.1,22.9,20.4,18.6,96,X, ,X,낮음
9/28/2025,군위(823),X,25.1,22.9,20.4,18.6,96,X, ,X,낮음
9/28/2025,군위(823),X,25.1,22.9,20.4,18.6,96,X, ,X,낮음
9/28/2025,군위(823),X,25.1,22.9,20.4,18.6,96,X, ,X,낮음
9/28/2025,군위(823),X,25.1,22.9,20.4,18.6,96,X, ,X,낮음
9/28/2025,군위(823),X,25.1,22.9,20.4,18.6,96,X, ,X,낮음
9/28/2025,군위(823),X,25.1,22.9,20.4,18.6,96,X, ,X,낮음
9/28/2025,군위(823),X,25.1,22.9,20.4,18.6,96,X, ,X,낮음
9/28/2025,군위(823),X,25.1,22.9,20.4,18.6,96,X, ,X,낮음
9/28/2025,군위(823),X,25.1,22.9,20.4,18.6,96,X, ,X,낮음
9/28/2025,군위(823),X,25.1,22.9,20.4,18.6,96,X, ,X,낮음
9/28/2025,군위(823),X,25.1,22.9,20.4,18.6,96,X, ,X,낮음
9/28/2025,군위(823),X,25.1,22.9,20.4,18.6,96,X, ,X,낮음
9/28/2025,군위(823),X,25.1,22.9,20.4,18.6,96,X, ,X,낮음
9/28/2025,군위(823),X,25.1,22.9,20.4,18.6,96,X, ,X,낮음
9/28/2025,군위(823),X,25.1,22.9,20.4,18.6,96,X, ,X,낮음
9/28/2025,군위(823),X,25.1,22.9,20.4,18.6,96,X, ,X,낮음
9/28/2025,군위(823),X,25.1,22.9,20.4,18.6,96,X, ,X,낮음
9/28/2025,군위(823),X,25.1,22.9,20.4,18.6,96,X, ,X,낮음
9/28/2025,군위(823),X,25.1,22.9,20.4,18.6,96,X, ,X,낮음
9/28/2025,군위(823),X,25.1,22.9,20.4,18.6,96,X, ,X,낮음
9/28/2025,군위(823),X,25.1,22.9,20.4,18.6,96,X, ,X,낮음
9/28/2025,군위(823),X,25.1,22.9,20.4,18.6,96,X, ,X,낮음
9/28/2025,군위(823),X,25.1,22.9,20.4,18.6,96,X, ,X,낮음
9/28/2025,군위(823),X,25.1,22.9,20.4,18.6,96,X, ,X,낮음
9/28/2025,군위(823),X,25.1,22.9,20.4,18.6,96,X, ,X,낮음
9/28/2025,군위(823),X,25.1,22.9,20.4,18.6,96,X, ,X,낮음
9/28/2025,칠곡(825),X,26.7,23.7,21.7,20.1,96,X, ,X,낮음
9/28/2025,경산(827),X,26.3,24.7,22.2,20.1,83,X, ,X,낮음
9/28/2025,삼척(876),X,23.7,21.6,19.2,17.3,91,X, ,X,낮음
9/28/2025,속초(90),X,22,19.7,18.6,16.9,88.1,X, ,X,낮음
9/28/2025,삼천포(907),X,27.5,25.5,22.8,20.8,85,X, ,X,낮음
9/28/2025,고성(918),X,28.1,26.8,23.3,19.8,85,X, ,X,낮음
9/28/2025,창녕(919),X,27.8,26.1,22.4,20.3,86,X, ,X,낮음
9/28/2025,함안(920),X,27.7,25.6,21.8,18.8,90,X, ,X,낮음
9/28/2025,북춘천(93),X,23.2,20.8,17.7,15.5,96.4,X, ,X,낮음
9/28/2025,하동(932),X,29,26.5,22.1,20.5,93,X, ,X,낮음
9/28/2025,철원(95),X,22.3,20.1,17.9,16,95.5,X, ,X,낮음
9/28/2025,동두천(98),X,23.8,21,18.2,16.5,98.4,X, ,X,낮음
9/28/2025,파주(99),X,23.9,21.7,18,15.8,97,X, ,X,낮음
9/29/2025,북강릉(104),X,24.9,23.4,18.6,14.5,87.4,X, ,X,낮음
9/29/2025,동해(106),X,24.6,23.5,19.3,15,81.4,X, ,X,낮음
9/29/2025,서울(108),X,24.4,23.9,19.6,16.6,77.8,X, ,X,낮음
9/29/2025,인천(112),X,24,23.1,19.9,17.3,77.1,X, ,X,낮음
9/29/2025,원주(114),X,24.8,24.1,19.4,16.4,80.3,X, ,X,낮음
9/29/2025,울릉도(115),X,23.9,22.4,20.1,18.4,74.8,X, ,X,낮음
9/29/2025,수원(119),X,24.4,24.3,19.3,15.5,74.5,X, ,X,낮음
9/29/2025,영월(121),X,25.6,25.2,18.7,15.6,84.3,X, ,X,낮음
9/29/2025,충주(127),X,25,24.9,19.6,15.8,79,X, ,X,낮음
9/29/2025,서산(129),X,24.8,24.5,19.6,14.6,79.9,X, ,X,낮음
9/29/2025,울진(130),X,25.1,24.3,19.5,15.5,82.5,X, ,X,낮음
9/29/2025,청주(131),X,25.1,25.8,21.3,18.7,67.5,X, ,X,낮음
9/29/2025,대전(133),X,25,24.4,19.9,16.9,80,X, ,X,낮음
9/29/2025,추풍령(135),X,23.9,23.4,18.3,13.6,79.9,X, ,X,낮음
9/29/2025,안동(136),X,25.5,25.5,20,16.8,79,X, ,X,낮음
9/29/2025,상주(137),X,26.1,25.7,20.2,16,78,X, ,X,낮음
9/29/2025,포항(138),X,24.6,23.8,21.4,19,68.8,X, ,X,낮음
9/29/2025,군산(140),X,25.1,24,20.1,16.5,81.6,X, ,X,낮음
9/29/2025,대구(143),X,26.5,27.1,22,18.6,65.5,X, ,X,낮음
9/29/2025,전주(146),X,25.7,25.5,20.7,17.5,78.3,X, ,X,낮음
9/29/2025,울산(152),X,25.2,24.9,20.7,16.9,72.8,X, ,X,낮음
9/29/2025,창원(155),X,27.4,27.1,22.6,20.4,72.8,X, ,X,낮음
9/29/2025,광주(156),X,26.1,25.5,20.7,17.7,75.9,X, ,X,낮음
9/29/2025,부산(159),X,26.9,27.1,22.7,20.4,66.6,X, ,X,낮음
9/29/2025,통영(162),X,26.6,26.4,22.3,19.3,72.5,X, ,X,낮음
9/29/2025,목포(165),X,25.7,24.5,21.4,19.5,81,X, ,X,낮음
9/29/2025,여수(168),X,26.5,25.7,22.3,20.2,69.6,X, ,X,낮음
9/29/2025,흑산도(169),X,27.3,25.8,22,19.4,81.4,X, ,X,낮음
9/29/2025,완도(170),X,28.6,28.1,22.3,18.7,74.5,X, ,X,낮음
9/29/2025,고창(172),X,25.8,24.9,19.8,15.9,86.5,X, ,X,낮음
9/29/2025,제주(184),X,28,27.6,24.4,21.8,65.4,X, ,X,낮음
9/29/2025,진주(192),X,25.5,25.2,20.3,16.8,81.8,X, ,X,낮음
9/29/2025,양평(202),X,24.4,24,19.3,16,80,X, ,X,낮음
9/29/2025,이천(203),X,25.2,24.8,19.5,15.7,82.8,X, ,X,낮음
9/29/2025,인제(211),X,24.1,24.6,17.6,13.1,81.5,X, ,X,낮음
9/29/2025,홍천(212),X,24.9,24.8,18.9,15.7,83.1,X, ,X,낮음
9/29/2025,태백(216),X,21,20.9,15.6,9.9,80.5,X, ,X,낮음
9/29/2025,정선군(217),X,24.8,24.8,18.1,12.9,80.6,X, ,X,낮음
9/29/2025,제천(221),X,23.9,23.3,18.5,14.4,86,X, ,X,낮음
9/29/2025,보은(226),X,24.2,23.7,18.9,14.4,85.1,X, ,X,낮음
9/29/2025,천안(232),X,24.5,24.4,18.8,14.8,85,X, ,X,낮음
9/29/2025,보령(235),X,26.8,26.2,20.4,16.4,80.6,X, ,X,낮음
9/29/2025,부여(236),X,25.4,25.2,20,16,82.4,X, ,X,낮음
9/29/2025,금산(238),X,24.7,24.1,19.5,15.3,82.9,X, ,X,낮음
9/29/2025,세종(239),X,25.5,25,19.9,16.7,81.3,X, ,X,낮음
9/29/2025,부안(243),X,25.1,24.7,20.5,17,78,X, ,X,낮음
9/29/2025,임실(244),X,24.6,24.2,18.9,14.5,83.8,X, ,X,낮음
9/29/2025,정읍(245),X,25.5,24.8,20.1,15.7,80.1,X, ,X,낮음
9/29/2025,남원(247),X,25.7,25.1,19.8,16.2,83.9,X, ,X,낮음
9/29/2025,장수(248),X,24,23.8,17.9,12.9,85.1,X, ,X,낮음
9/29/2025,영광군(252),X,25.2,24.3,20,16.3,84,X, ,X,낮음
9/29/2025,김해시(253),X,28,28.1,22.4,19.1,72.3,X, ,X,낮음
9/29/2025,순창군(254),X,24.8,24.8,19.3,15,80.8,X, ,X,낮음
9/29/2025,양산시(257),X,28.4,28.8,23.3,20.6,70.3,X, ,X,낮음
9/29/2025,강진군(259),X,27.3,26.8,21,16.1,79,X, ,X,낮음
9/29/2025,장흥(260),X,26.5,26.1,20.9,15.6,78.9,X, ,X,낮음
9/29/2025,해남(261),X,26.7,26,21.1,15.7,81.4,X, ,X,낮음
9/29/2025,고흥(262),X,27.9,27.9,21,15.6,78.1,X, ,X,낮음
9/29/2025,의령군(263),X,26.4,26.6,20.7,17.4,79.3,X, ,X,낮음
9/29/2025,함양군(264),X,27.2,26.4,20.5,16.1,86.3,X, ,X,낮음
9/29/2025,진도군ASOS(268),X,26.3,25,20.8,16.4,84.8,X, ,X,낮음
9/29/2025,봉화(271),X,23.8,23.4,18.2,14.9,84.3,X, ,X,낮음
9/29/2025,영주(272),X,24.5,24.5,19.3,16.7,82.8,X, ,X,낮음
9/29/2025,문경(273),X,25.1,24.9,19.4,15.3,81,O, ,X,낮음
9/29/2025,청송군(276),X,25.7,25.1,19.5,14.8,84.3,X, ,X,낮음
9/29/2025,영덕(277),X,23.9,22.9,19.6,16,77.8,X, ,X,낮음
9/29/2025,의성(278),X,26,26.1,20.2,15.8,83.1,X, ,X,낮음
9/29/2025,구미(279),X,26.2,26.9,20.9,16.1,73.8,X, ,X,낮음
9/29/2025,영천(281),X,25.3,25.5,20.2,15.6,76.4,X, ,X,낮음
9/29/2025,경주시(283),X,26.5,26.1,20.8,15.9,75.6,X, ,X,낮음
9/29/2025,거창(284),X,26.1,25.4,19.5,15.1,79.8,X, ,X,낮음
9/29/2025,합천(285),X,26.8,26.6,21.5,18.1,83,X, ,X,낮음
9/29/2025,밀양(288),X,27.1,27.7,22.8,19.5,68.1,X, ,X,낮음
9/29/2025,산청(289),X,26.8,27.1,21,16.8,74.9,X, ,X,낮음
9/29/2025,거제(294),X,26.1,25.8,22.3,20.1,72,X, ,X,낮음
9/29/2025,남해(295),X,26,25.5,21.7,18.6,76.5,X, ,X,낮음
9/29/2025,부천(433),X,24.9,24.7,20.1,17.1,74,X, ,X,낮음
9/29/2025,안양(434),X,,23.5,19.9,17.4,,X, ,X,낮음
9/29/2025,광명(437),X,24.8,24.9,20.5,18,71,X, ,X,낮음
9/29/2025,군포(438),X,24.5,24.6,19.7,17.2,72,X, ,X,낮음
9/29/2025,김포(441),X,26,25.1,19.2,15.7,85,X, ,X,낮음
9/29/2025,하남(444),X,24.9,23.9,19.2,15.7,88,X, ,X,낮음
9/29/2025,의왕(445),X,25.2,24.6,18.9,15.1,84,X, ,X,낮음
9/29/2025,포천(504),X,25.9,25.2,18.3,14.2,87,X, ,X,낮음
9/29/2025,가평조종(505),X,25,24.6,18.6,14.4,86,X, ,X,낮음
9/29/2025,안성(516),X,25.2,24.9,19.7,15.7,81,X, ,X,낮음
9/29/2025,간성(517),X,24,22.9,18.3,14.5,83,X, ,X,낮음
9/29/2025,평창(526),X,24.2,23.8,17.7,13.8,84,X, ,X,낮음
9/29/2025,의정부(532),X,25.1,25,19,15.2,84,X, ,X,낮음
9/29/2025,횡성(536),X,24.9,24.9,19,15.5,82,X, ,X,낮음
9/29/2025,고양(540),X,25.3,24.7,18.2,14.5,88,X, ,X,낮음
9/29/2025,남양주(541),X,26.4,25.8,19.5,15.7,80,X, ,X,낮음
9/29/2025,안산(545),X,,,,,,X, ,X,낮음
9/29/2025,경기광주(546),X,24.5,24,18.4,15.1,82,X, ,X,낮음
9/29/2025,여주(548),X,24.6,23.9,19.2,16.1,83,X, ,X,낮음
9/29/2025,용인(549),X,25.4,25.2,19.4,15.5,79,X, ,X,낮음
9/29/2025,오산(550),X,24.9,24.5,18.7,14.3,81,X, ,X,낮음
9/29/2025,평택(551),X,25.3,24.8,20.1,16.4,76,X, ,X,낮음
9/29/2025,화천(555),X,25.1,25.1,18.5,15,85,X, ,X,낮음
9/29/2025,양구(556),X,24.8,25.2,17.9,13.8,82,X, ,X,낮음
9/29/2025,시흥(565),X,24.2,23.7,18.8,15.2,81,X, ,X,낮음
9/29/2025,구리(569),X,25,24.8,19.3,16,79,X, ,X,낮음
9/29/2025,화성(571),X,24.2,23.9,19.5,15.9,76,X, ,X,낮음
9/29/2025,성남(572),X,23.9,23.1,19,16.2,81,X, ,X,낮음
9/29/2025,과천(590),X,25,24.5,18.8,15.4,83,X, ,X,낮음
9/29/2025,양주(598),X,25.3,24.7,18.1,14.2,88,X, ,X,낮음
9/29/2025,단양(601),X,25,24.9,19.1,15.7,84,X, ,X,낮음
9/29/2025,진천(602),X,24.5,24.1,18.5,14.6,84,X, ,X,낮음
9/29/2025,괴산(603),X,24.9,24.8,18.6,14.3,84,X, ,X,낮음
9/29/2025,옥천(604),X,24.9,24.5,19.3,15.3,84,X, ,X,낮음
9/29/2025,홍북(608),X,,,,,,X, ,X,낮음
9/29/2025,공주(612),X,25.7,25.3,20.1,15.7,82,X, ,X,낮음
9/29/2025,서천(614),X,25.2,24.3,19.3,14.2,86,X, ,X,낮음
9/29/2025,논산(615),X,25.3,25.3,20.1,15.9,79,X, ,X,낮음
9/29/2025,당진(616),X,24.8,24.5,19.4,15.1,82,X, ,X,낮음
9/29/2025,청양(618),X,25.2,25.1,18.9,14.3,87,X, ,X,낮음
9/29/2025,음성(619),X,24.9,24.5,18.6,13.9,85,X, ,X,낮음
9/29/2025,증평(623),X,24.4,24.4,19.3,15.4,80,X, ,X,낮음
9/29/2025,태안(627),X,25,24.3,19.5,14.6,83,X, ,X,낮음
9/29/2025,예산(628),X,25,25.1,19.9,16.2,80,X, ,X,낮음
9/29/2025,아산(634),X,24.4,24.6,20.3,15.4,74,X, ,X,낮음
9/29/2025,계룡(636),X,24.6,24.4,18.6,14.2,88,X, ,X,낮음
9/29/2025,연천청산(652),X,24.7,24.2,17.8,14.6,86,X, ,X,낮음
9/29/2025,양양(670),X,24.1,22.6,18.9,15.5,83,X, ,X,낮음
9/29/2025,무안(699),X,26.2,25.4,20.3,15.8,84,X, ,X,낮음
9/29/2025,무주(701),X,23.8,23.4,18.3,13.7,84,X, ,X,낮음
9/29/2025,익산(702),X,25.6,25.3,20.1,15.3,80,X, ,X,낮음
9/29/2025,진안(703),X,24.1,23.2,18.1,13.8,86,X, ,X,낮음
9/29/2025,담양(706),X,26.2,25.8,19.4,14.4,85,X, ,X,낮음
9/29/2025,구례(709),X,26.7,26,20.4,15.6,84,X, ,X,낮음
9/29/2025,나주(710),X,26,25.4,19.6,15,85,X, ,X,낮음
9/29/2025,순천시(712),X,27.2,26.9,21.3,17,79,X, ,X,낮음
9/29/2025,광양읍(713),X,28.2,27.9,21.6,17.1,77,X, ,X,낮음
9/29/2025,장성(730),X,26.4,25.9,19.7,15.4,84,X, ,X,낮음
9/29/2025,영암(731),X,27.3,26.3,20,15.1,85,X, ,X,낮음
9/29/2025,보성(732),X,25.2,25.3,19.8,14.6,78,X, ,X,낮음
9/29/2025,완주(734),X,25.4,25.1,19.6,15.6,86,X, ,X,낮음
9/29/2025,김제(737),X,25.8,24.8,20.5,17.4,82,X, ,X,낮음
9/29/2025,화순(741),X,26,25.4,19.4,14.4,82,X, ,X,낮음
9/29/2025,함평(754),X,26,25.4,20.3,15.5,82,X, ,X,낮음
9/29/2025,곡성(768),X,27.3,26.1,19.4,15.1,88,X, ,X,낮음
9/29/2025,압해도(789),X,27.5,26.2,21.2,17.6,88,X, ,X,낮음
9/29/2025,영양(801),X,25.8,25.2,19,15.7,84,X, ,X,낮음
9/29/2025,성주(810),X,25.8,25.7,20.8,16.4,78,X, ,X,낮음
9/29/2025,고령(812),X,26.9,26.7,20.9,16.4,82,X, ,X,낮음
9/29/2025,청도(813),X,26.4,26.7,20.6,17.1,84,X, ,X,낮음
9/29/2025,예천(815),X,26,25.9,20.6,17.2,79,X, ,X,낮음
9/29/2025,김천(822),X,25.3,25.9,19.5,14.1,74,X, ,X,낮음
9/29/2025,군위(823),X,26.2,26.1,20.2,15.9,85,X, ,X,낮음
9/29/2025,군위(823),X,26.2,26.1,20.2,15.9,85,X, ,X,낮음
9/29/2025,군위(823),X,26.2,26.1,20.2,15.9,85,X, ,X,낮음
9/29/2025,군위(823),X,26.2,26.1,20.2,15.9,85,X, ,X,낮음
9/29/2025,군위(823),X,26.2,26.1,20.2,15.9,85,X, ,X,낮음
9/29/2025,군위(823),X,26.2,26.1,20.2,15.9,85,X, ,X,낮음
9/29/2025,군위(823),X,26.2,26.1,20.2,15.9,85,X, ,X,낮음
9/29/2025,군위(823),X,26.2,26.1,20.2,15.9,85,X, ,X,낮음
9/29/2025,군위(823),X,26.2,26.1,20.2,15.9,85,X, ,X,낮음
9/29/2025,군위(823),X,26.2,26.1,20.2,15.9,85,X, ,X,낮음
9/29/2025,군위(823),X,26.2,26.1,20.2,15.9,85,X, ,X,낮음
9/29/2025,군위(823),X,26.2,26.1,20.2,15.9,85,X, ,X,낮음
9/29/2025,군위(823),X,26.2,26.1,20.2,15.9,85,X, ,X,낮음
9/29/2025,군위(823),X,26.2,26.1,20.2,15.9,85,X, ,X,낮음
9/29/2025,군위(823),X,26.2,26.1,20.2,15.9,85,X, ,X,낮음
9/29/2025,군위(823),X,26.2,26.1,20.2,15.9,85,X, ,X,낮음
9/29/2025,군위(823),X,26.2,26.1,20.2,15.9,85,X, ,X,낮음
9/29/2025,군위(823),X,26.2,26.1,20.2,15.9,85,X, ,X,낮음
9/29/2025,군위(823),X,26.2,26.1,20.2,15.9,85,X, ,X,낮음
9/29/2025,군위(823),X,26.2,26.1,20.2,15.9,85,X, ,X,낮음
9/29/2025,군위(823),X,26.2,26.1,20.2,15.9,85,X, ,X,낮음
9/29/2025,군위(823),X,26.2,26.1,20.2,15.9,85,X, ,X,낮음
9/29/2025,군위(823),X,26.2,26.1,20.2,15.9,85,X, ,X,낮음
9/29/2025,군위(823),X,26.2,26.1,20.2,15.9,85,X, ,X,낮음
9/29/2025,군위(823),X,26.2,26.1,20.2,15.9,85,X, ,X,낮음
9/29/2025,군위(823),X,26.2,26.1,20.2,15.9,85,X, ,X,낮음
9/29/2025,군위(823),X,26.2,26.1,20.2,15.9,85,X, ,X,낮음
9/29/2025,군위(823),X,26.2,26.1,20.2,15.9,85,X, ,X,낮음
9/29/2025,군위(823),X,26.2,26.1,20.2,15.9,85,X, ,X,낮음
9/29/2025,군위(823),X,26.2,26.1,20.2,15.9,85,X, ,X,낮음
9/29/2025,군위(823),X,26.2,26.1,20.2,15.9,85,X, ,X,낮음
9/29/2025,군위(823),X,26.2,26.1,20.2,15.9,85,X, ,X,낮음
9/29/2025,칠곡(825),X,26,26.1,20.8,16.1,82,X, ,X,낮음
9/29/2025,경산(827),X,26.6,27.3,21.4,17.9,75,X, ,X,낮음
9/29/2025,삼척(876),X,24.8,24,19.9,16.4,81,X, ,X,낮음
9/29/2025,속초(90),X,23.9,22.7,19.3,15.5,76.9,X, ,X,낮음
9/29/2025,삼천포(907),X,26.7,26.3,21.7,18.9,77,X, ,X,낮음
9/29/2025,고성(918),X,26.6,26.5,21.3,17.3,79,X, ,X,낮음
9/29/2025,창녕(919),X,27.2,27.7,21.9,19.1,75,X, ,X,낮음
9/29/2025,함안(920),X,27.3,26.7,21.3,18.1,83,X, ,X,낮음
9/29/2025,북춘천(93),X,24.9,24.7,18.8,14.8,84.1,X, ,X,낮음
9/29/2025,하동(932),X,27.2,27.1,21.5,17.6,81,X, ,X,낮음
9/29/2025,철원(95),X,25.1,24.1,18.1,14.3,87.6,X, ,X,낮음
9/29/2025,동두천(98),X,25.1,23.8,18.4,15,90.6,X, ,X,낮음
9/29/2025,파주(99),X,24.9,23.8,17.4,13.5,90.5,X, ,X,낮음
9/30/2025,북강릉(104),X,25.5,24.5,18.4,13.6,81.1,X, ,X,낮음
9/30/2025,동해(106),X,25.4,24.6,18.9,13.7,75.6,X, ,X,낮음
9/30/2025,서울(108),X,25,24,19.8,17.3,81.3,X, ,X,낮음
9/30/2025,인천(112),X,24,22.8,19.9,17.5,80.8,X, ,X,낮음
9/30/2025,원주(114),X,24.3,23.4,18.1,15.4,84.6,X, ,X,낮음
9/30/2025,울릉도(115),X,25,23.9,20.7,17.8,73.1,X, ,X,낮음
9/30/2025,수원(119),X,23.9,23.6,18.3,14.8,81.5,X, ,X,낮음
9/30/2025,영월(121),X,24,22.8,17.2,14.2,87.5,X, ,X,낮음
9/30/2025,충주(127),X,24.3,23.4,18.2,14.8,86,X, ,X,낮음
9/30/2025,서산(129),X,24.8,24.8,18.1,13.9,85.9,X, ,X,낮음
9/30/2025,울진(130),X,25.4,24.4,19.5,14.2,79.5,X, ,X,낮음
9/30/2025,청주(131),X,24.2,24.1,20,16.7,71.9,X, ,X,낮음
9/30/2025,대전(133),X,25.1,25,19.3,15.7,79.8,X, ,X,낮음
9/30/2025,추풍령(135),X,24.7,24.3,17.4,12.3,82.4,X, ,X,낮음
9/30/2025,안동(136),X,25,24.5,18.7,14.6,83.9,X, ,X,낮음
9/30/2025,상주(137),X,25.4,24.8,18.4,13.8,85.5,X, ,X,낮음
9/30/2025,포항(138),X,25.2,24.7,21.2,17,69.4,X, ,X,낮음
9/30/2025,군산(140),X,25.9,25.2,19.6,15.3,82,X, ,X,낮음
9/30/2025,대구(143),X,26,26.4,20.6,15.8,74.9,X, ,X,낮음
9/30/2025,전주(146),X,25.8,26,20.4,16,73.6,X, ,X,낮음
9/30/2025,울산(152),X,25.8,25.8,20.1,15.5,75.1,X, ,X,낮음
9/30/2025,창원(155),X,26.4,26.1,21.5,18.5,79.3,X, ,X,낮음
9/30/2025,광주(156),X,25.4,25.1,20.2,16,74.1,X, ,X,낮음
9/30/2025,부산(159),X,26.9,26.6,22.6,19,66.4,X, ,X,낮음
9/30/2025,통영(162),X,26.9,26.6,21.7,18.6,76.8,X, ,X,낮음
9/30/2025,목포(165),X,25.5,24.8,20.9,17.4,83.9,X, ,X,낮음
9/30/2025,여수(168),X,25.7,25.1,21.7,19,76.1,X, ,X,낮음
9/30/2025,흑산도(169),X,27.1,26.1,22,19.7,74.8,X, ,X,낮음
9/30/2025,완도(170),X,26.8,26.6,21.2,16.8,77.8,X, ,X,낮음
9/30/2025,고창(172),X,25.9,25.7,19.1,14.9,84.9,X, ,X,낮음
9/30/2025,제주(184),X,26.4,26,22.5,20,63.5,X, ,X,낮음
9/30/2025,진주(192),X,25.8,25,19.1,15.5,82.8,X, ,X,낮음
9/30/2025,양평(202),X,24.1,23.3,18.3,15.7,88.5,X, ,X,낮음
9/30/2025,이천(203),X,24,22.9,17.9,15.3,94.5,X, ,X,낮음
9/30/2025,인제(211),X,24.1,23.2,16.3,12.5,85,X, ,X,낮음
9/30/2025,홍천(212),X,23.9,22.9,17.5,14.3,85.5,X, ,X,낮음
9/30/2025,태백(216),X,22.5,22.2,14.4,8.6,82.9,X, ,X,낮음
9/30/2025,정선군(217),X,24.9,24.5,16.5,12.5,84,X, ,X,낮음
9/30/2025,제천(221),X,23.3,22.8,16.8,13.2,89.6,X, ,X,낮음
9/30/2025,보은(226),X,24.1,23.4,17.1,13.5,90.3,X, ,X,낮음
9/30/2025,천안(232),X,24.4,23.5,17.6,13.6,89.9,X, ,X,낮음
9/30/2025,보령(235),X,26.6,25.8,19.5,15.8,81.1,X, ,X,낮음
9/30/2025,부여(236),X,25.2,24.8,18.7,15,88.1,X, ,X,낮음
9/30/2025,금산(238),X,24.9,24.5,18.4,14.4,86.6,X, ,X,낮음
9/30/2025,세종(239),X,24.7,23.9,18.4,15.2,85.4,X, ,X,낮음
9/30/2025,부안(243),X,25.3,25.4,19.8,16.2,77.6,X, ,X,낮음
9/30/2025,임실(244),X,24.3,24.1,17.6,13.8,85.9,X, ,X,낮음
9/30/2025,정읍(245),X,26.1,26.4,19.9,15.2,79.4,X, ,X,낮음
9/30/2025,남원(247),X,25.5,25.1,18.5,15.1,84.3,X, ,X,낮음
9/30/2025,장수(248),X,23.4,22.9,16.4,12.5,86.9,X, ,X,낮음
9/30/2025,영광군(252),X,25.5,25.2,19.5,15.3,80.8,X, ,X,낮음
9/30/2025,김해시(253),X,27.1,26.7,21.7,17.2,77.9,X, ,X,낮음
9/30/2025,순창군(254),X,25.6,25.9,18.4,13.8,83.8,X, ,X,낮음
9/30/2025,양산시(257),X,27.7,27.5,21.8,17.1,78.9,X, ,X,낮음
9/30/2025,강진군(259),X,26.2,26.2,19.6,14.9,83.3,X, ,X,낮음
9/30/2025,장흥(260),X,25.4,25.3,18.5,13.8,85,X, ,X,낮음
9/30/2025,해남(261),X,25.9,25.5,18.8,14.1,86.5,X, ,X,낮음
9/30/2025,고흥(262),X,27,27,19.3,13.8,82.6,X, ,X,낮음
9/30/2025,의령군(263),X,25.3,24.6,19.6,15.9,80.8,X, ,X,낮음
9/30/2025,함양군(264),X,26.6,25.5,18.3,13.9,90.5,X, ,X,낮음
9/30/2025,진도군ASOS(268),X,25.5,24.4,19,15.2,88.8,X, ,X,낮음
9/30/2025,봉화(271),X,23.6,23.3,16.8,12.7,86.1,X, ,X,낮음
9/30/2025,영주(272),X,23.9,23.4,17.1,13.5,90.5,X, ,X,낮음
9/30/2025,문경(273),X,24.9,24.1,17.9,13.8,87.8,O, ,X,낮음
9/30/2025,청송군(276),X,25.7,25,18,12.7,88.4,X, ,X,낮음
9/30/2025,영덕(277),X,25.2,24.3,18.7,14,81.9,X, ,X,낮음
9/30/2025,의성(278),X,26,26.1,18.8,13.7,84.9,X, ,X,낮음
9/30/2025,구미(279),X,23.7,,,,,X, ,X,낮음
9/30/2025,영천(281),X,25.7,25.5,19.3,13.4,82.6,X, ,X,낮음
9/30/2025,경주시(283),X,27.1,26.7,19.5,14,83.3,X, ,X,낮음
9/30/2025,거창(284),X,26.5,26,17.9,13.2,82.3,X, ,X,낮음
9/30/2025,합천(285),X,26.9,26.2,20.3,16.2,86.3,X, ,X,낮음
9/30/2025,밀양(288),X,27.3,26.9,20.9,17,78.8,X, ,X,낮음
9/30/2025,산청(289),X,26.3,25.5,18.8,14.9,88,X, ,X,낮음
9/30/2025,거제(294),X,25.6,24.9,20.7,17,79.6,X, ,X,낮음
9/30/2025,남해(295),X,25.7,24.7,20.7,18,83.3,X, ,X,낮음
9/30/2025,부천(433),X,24.7,24.4,19.9,17.1,77,X, ,X,낮음
9/30/2025,안양(434),X,,23.1,19.5,17.3,,X, ,X,낮음
9/30/2025,광명(437),X,24.6,24.2,20.4,17.9,74,X, ,X,낮음
9/30/2025,군포(438),X,24.2,23.8,19,16.6,77,X, ,X,낮음
9/30/2025,김포(441),X,26.2,25.1,19.2,15.8,89,X, ,X,낮음
9/30/2025,하남(444),X,24.8,23.1,18.6,15.6,91,X, ,X,낮음
9/30/2025,의왕(445),X,24.4,23.1,17.7,14.6,92,X, ,X,낮음
9/30/2025,포천(504),X,25.7,24.5,17.5,14.1,91,X, ,X,낮음
9/30/2025,가평조종(505),X,24.5,23.2,17.2,14.6,93,X, ,X,낮음
9/30/2025,안성(516),X,25.5,25.1,18.3,14.9,87,X, ,X,낮음
9/30/2025,간성(517),X,25.7,25.1,19,12.8,78,X, ,X,낮음
9/30/2025,평창(526),X,23.2,22.4,16.3,13,86,X, ,X,낮음
9/30/2025,의정부(532),X,25.3,24.2,18.1,15.2,89,X, ,X,낮음
9/30/2025,횡성(536),X,24.8,24.2,18,15.3,87,X, ,X,낮음
9/30/2025,고양(540),X,25.8,25.1,18.4,14.8,89,X, ,X,낮음
9/30/2025,남양주(541),X,26.4,25.6,18.9,15.8,85,X, ,X,낮음
9/30/2025,안산(545),X,,,,,,X, ,X,낮음
9/30/2025,경기광주(546),X,24.4,23,17.2,14.3,91,X, ,X,낮음
9/30/2025,여주(548),X,23.5,21.9,17.4,15.1,92,X, ,X,낮음
9/30/2025,용인(549),X,25.2,,,,,X, ,X,낮음
9/30/2025,오산(550),X,24.3,23.7,17.9,13.9,87,X, ,X,낮음
9/30/2025,평택(551),X,25.4,24.6,18.9,15.4,85,X, ,X,낮음
9/30/2025,화천(555),X,24,22.8,17.8,15.7,90,X, ,X,낮음
9/30/2025,양구(556),X,24.2,23.5,16.6,13.3,86,X, ,X,낮음
9/30/2025,시흥(565),X,24.1,23.4,17.9,14.5,87,X, ,X,낮음
9/30/2025,구리(569),X,24.7,24.2,18.8,16.1,85,X, ,X,낮음
9/30/2025,화성(571),X,25,24.6,18.8,15.2,81,X, ,X,낮음
9/30/2025,성남(572),X,23.7,22.5,18.2,15.4,85,X, ,X,낮음
9/30/2025,과천(590),X,24.4,23.2,17.8,14.7,90,X, ,X,낮음
9/30/2025,양주(598),X,25.2,24.4,17.8,13.8,90,X, ,X,낮음
9/30/2025,단양(601),X,24.4,23.5,17.7,14.2,86,X, ,X,낮음
9/30/2025,진천(602),X,24.2,23.3,17.4,13.5,87,X, ,X,낮음
9/30/2025,괴산(603),X,24.7,23.8,17.5,13.9,89,X, ,X,낮음
9/30/2025,옥천(604),X,25.2,24.4,18.1,14.8,87,X, ,X,낮음
9/30/2025,홍북(608),X,,,,,,X, ,X,낮음
9/30/2025,공주(612),X,24.8,24.3,18.3,14.8,87,X, ,X,낮음
9/30/2025,서천(614),X,25.3,24.5,18.2,13.2,87,X, ,X,낮음
9/30/2025,논산(615),X,25.1,25.2,18.6,14.3,81,X, ,X,낮음
9/30/2025,당진(616),X,25.6,25.2,18.2,14.4,86,X, ,X,낮음
9/30/2025,청양(618),X,23.9,23,17.1,12.6,90,X, ,X,낮음
9/30/2025,음성(619),X,24.1,23,17.2,13.6,91,X, ,X,낮음
9/30/2025,증평(623),X,24.1,23.5,17.9,14.2,83,X, ,X,낮음
9/30/2025,태안(627),X,25,24.4,18,14,87,X, ,X,낮음
9/30/2025,예산(628),X,24.6,24.6,18.7,15.1,84,X, ,X,낮음
9/30/2025,아산(634),X,25.1,24.7,18.4,14.9,84,X, ,X,낮음
9/30/2025,계룡(636),X,24.2,23.8,16.8,12.5,90,X, ,X,낮음
9/30/2025,연천청산(652),X,25.3,24.1,17.7,14,86,X, ,X,낮음
9/30/2025,양양(670),X,25.9,25.6,19.6,13.2,74,X, ,X,낮음
9/30/2025,무안(699),X,26,25.3,19,15.1,85,X, ,X,낮음
9/30/2025,무주(701),X,24.3,24.5,17.4,12.9,83,X, ,X,낮음
9/30/2025,익산(702),X,25.9,25.6,19.5,14.6,81,X, ,X,낮음
9/30/2025,진안(703),X,24,23.6,16.6,12.5,88,X, ,X,낮음
9/30/2025,담양(706),X,26,25.9,18.8,13.7,84,X, ,X,낮음
9/30/2025,구례(709),X,26.5,25.7,19,15.2,90,X, ,X,낮음
9/30/2025,나주(710),X,25.7,25.2,18.4,14,86,X, ,X,낮음
9/30/2025,순천시(712),X,27,25.9,20.4,16.4,83,X, ,X,낮음
9/30/2025,광양읍(713),X,27.9,27.3,20.6,16.3,83,X, ,X,낮음
9/30/2025,장성(730),X,26,25.8,18.9,14.6,86,X, ,X,낮음
9/30/2025,영암(731),X,26.2,25.7,18.6,13.9,87,X, ,X,낮음
9/30/2025,보성(732),X,25.6,25.6,17.6,12.6,82,X, ,X,낮음
9/30/2025,완주(734),X,25.9,25.3,19,15.2,84,X, ,X,낮음
9/30/2025,김제(737),X,26.2,25.6,20,15.5,80,X, ,X,낮음
9/30/2025,화순(741),X,25.9,25.5,18.1,13.1,82,X, ,X,낮음
9/30/2025,함평(754),X,26.5,26.4,19.1,14.8,83,X, ,X,낮음
9/30/2025,곡성(768),X,26.8,26,17.8,14.4,91,X, ,X,낮음
9/30/2025,압해도(789),X,27.6,26.5,20.8,17.9,88,X, ,X,낮음
9/30/2025,영양(801),X,25.8,25.2,17.7,14.3,87,X, ,X,낮음
9/30/2025,성주(810),X,24,,,,,X, ,X,낮음
9/30/2025,고령(812),X,27.2,,19.8,,86,X, ,X,낮음
9/30/2025,청도(813),X,26.9,25.8,19.7,15.3,90,X, ,X,낮음
9/30/2025,예천(815),X,25,24.5,18.4,14.5,85,X, ,X,낮음
9/30/2025,김천(822),X,25.6,25.5,18.1,12,79,X, ,X,낮음
9/30/2025,군위(823),X,26.2,25.7,18.7,14.4,89,X, ,X,낮음
9/30/2025,군위(823),X,26.2,25.7,18.7,14.4,89,X, ,X,낮음
9/30/2025,군위(823),X,26.2,25.7,18.7,14.4,89,X, ,X,낮음
9/30/2025,군위(823),X,26.2,25.7,18.7,14.4,89,X, ,X,낮음
9/30/2025,군위(823),X,26.2,25.7,18.7,14.4,89,X, ,X,낮음
9/30/2025,군위(823),X,26.2,25.7,18.7,14.4,89,X, ,X,낮음
9/30/2025,군위(823),X,26.2,25.7,18.7,14.4,89,X, ,X,낮음
9/30/2025,군위(823),X,26.2,25.7,18.7,14.4,89,X, ,X,낮음
9/30/2025,군위(823),X,26.2,25.7,18.7,14.4,89,X, ,X,낮음
9/30/2025,군위(823),X,26.2,25.7,18.7,14.4,89,X, ,X,낮음
9/30/2025,군위(823),X,26.2,25.7,18.7,14.4,89,X, ,X,낮음
9/30/2025,군위(823),X,26.2,25.7,18.7,14.4,89,X, ,X,낮음
9/30/2025,군위(823),X,26.2,25.7,18.7,14.4,89,X, ,X,낮음
9/30/2025,군위(823),X,26.2,25.7,18.7,14.4,89,X, ,X,낮음
9/30/2025,군위(823),X,26.2,25.7,18.7,14.4,89,X, ,X,낮음
9/30/2025,군위(823),X,26.2,25.7,18.7,14.4,89,X, ,X,낮음
9/30/2025,군위(823),X,26.2,25.7,18.7,14.4,89,X, ,X,낮음
9/30/2025,군위(823),X,26.2,25.7,18.7,14.4,89,X, ,X,낮음
9/30/2025,군위(823),X,26.2,25.7,18.7,14.4,89,X, ,X,낮음
9/30/2025,군위(823),X,26.2,25.7,18.7,14.4,89,X, ,X,낮음
9/30/2025,군위(823),X,26.2,25.7,18.7,14.4,89,X, ,X,낮음
9/30/2025,군위(823),X,26.2,25.7,18.7,14.4,89,X, ,X,낮음
9/30/2025,군위(823),X,26.2,25.7,18.7,14.4,89,X, ,X,낮음
9/30/2025,군위(823),X,26.2,25.7,18.7,14.4,89,X, ,X,낮음
9/30/2025,군위(823),X,26.2,25.7,18.7,14.4,89,X, ,X,낮음
9/30/2025,군위(823),X,26.2,25.7,18.7,14.4,89,X, ,X,낮음
9/30/2025,군위(823),X,26.2,25.7,18.7,14.4,89,X, ,X,낮음
9/30/2025,군위(823),X,26.2,25.7,18.7,14.4,89,X, ,X,낮음
9/30/2025,군위(823),X,26.2,25.7,18.7,14.4,89,X, ,X,낮음
9/30/2025,군위(823),X,26.2,25.7,18.7,14.4,89,X, ,X,낮음
9/30/2025,군위(823),X,26.2,25.7,18.7,14.4,89,X, ,X,낮음
9/30/2025,군위(823),X,26.2,25.7,18.7,14.4,89,X, ,X,낮음
9/30/2025,칠곡(825),X,24.1,,,,,X, ,X,낮음
9/30/2025,경산(827),X,26.1,25.9,20.4,15.6,79,X, ,X,낮음
9/30/2025,삼척(876),X,25,24.6,19.9,15.3,72,X, ,X,낮음
9/30/2025,속초(90),X,25.4,24.3,19.6,14.6,74.1,X, ,X,낮음
9/30/2025,삼천포(907),X,26.7,25.9,20.8,17.7,83,X, ,X,낮음
9/30/2025,고성(918),X,26.6,26.1,20.2,15.4,85,X, ,X,낮음
9/30/2025,창녕(919),X,26.9,26.5,20.8,16.8,80,X, ,X,낮음
9/30/2025,함안(920),X,26.7,25.7,19.8,16.1,86,X, ,X,낮음
9/30/2025,북춘천(93),X,23.6,21.7,17.6,14.3,91.4,X, ,X,낮음
9/30/2025,하동(932),X,26.8,26.3,20.5,16.5,85,X, ,X,낮음
9/30/2025,철원(95),X,24.6,24,17.8,14,88.9,X, ,X,낮음
9/30/2025,동두천(98),X,25.1,23.7,17.8,14.3,92.3,X, ,X,낮음
9/30/2025,파주(99),X,25.3,23.9,17.4,13.6,94.3,X, ,X,낮음
