일시,지점,폭염여부(O/X),최고체감온도(°C),최고기온(°C),평균기온(°C),최저기온(°C),평균상대습도(%),폭염특보(O/X),폭염영향예보(단계),열대야(O/X),자외선지수(단계)
8/1/2026,북강릉(104),O,36.6,37.1,32.6,27.1,61.9,X, ,O,낮음
8/1/2026,동해(106),O,36.2,36.9,33.1,29.5,54,X, ,O,낮음
8/1/2026,서울(108),O,34.8,34,30,27.4,76.9,O,경고,O,낮음
8/1/2026,인천(112),O,34.3,32.6,29.1,26.8,89.4,X, ,O,낮음
8/1/2026,원주(114),O,34.8,34.8,30.2,26.5,72.1,O,주의,O,낮음
8/1/2026,울릉도(115),O,35,35.2,32,28.9,58.4,O,주의,O,낮음
8/1/2026,수원(119),O,34.2,33.4,29.4,26.7,79.3,O,주의,O,낮음
8/1/2026,영월(121),O,34.8,34.1,28.4,23.9,79.4,O,주의,X,낮음
8/1/2026,충주(127),O,35.3,35.3,29.5,25.1,74.6,O,주의,O,낮음
8/1/2026,서산(129),O,35.1,34.2,29.9,27.1,84.9,O,주의,O,낮음
8/1/2026,울진(130),O,36.6,37.3,32.6,29,59.8,X, ,O,낮음
8/1/2026,청주(131),O,35.7,36,31,27.2,69.1,X, ,O,낮음
8/1/2026,대전(133),O,35.2,35.3,30.4,25.6,74.8,O,주의,O,낮음
8/1/2026,추풍령(135),O,33.7,33.5,28.9,23.7,73.6,O,주의,X,낮음
8/1/2026,안동(136),O,35.1,35,30.1,25.5,69.5,X, ,O,낮음
8/1/2026,상주(137),O,35.7,35.2,30.5,26.8,72.4,O,주의,O,낮음
8/1/2026,포항(138),O,35.4,37.3,33.2,29,52,O,경고,O,낮음
8/1/2026,군산(140),O,34.6,32.8,29.2,25.6,85.1,X, ,O,낮음
8/1/2026,대구(143),O,35.5,37.4,32.5,27.7,54.8,X, ,O,낮음
8/1/2026,전주(146),O,35,35,30.3,25.5,72.5,O,경고,O,낮음
8/1/2026,울산(152),O,35.3,37.2,32.5,28.2,50.5,X, ,O,낮음
8/1/2026,창원(155),O,38.1,40.4,33.4,27.6,55.1,O,심각,O,낮음
8/1/2026,광주(156),O,35.8,36.3,30.8,26.5,71.6,X, ,O,낮음
8/1/2026,부산(159),O,35.6,37.3,32.1,28.4,56.8,X, ,O,낮음
8/1/2026,통영(162),O,35,35.3,29.5,26,71.5,O,경고,O,낮음
8/1/2026,목포(165),O,34.2,32.6,29.2,26.5,84.1,O,주의,O,낮음
8/1/2026,여수(168),O,36.5,37.2,32.5,28.3,58.6,O,경고,O,낮음
8/1/2026,흑산도(169),O,35.7,34.7,29.4,26.2,79,O,경고,O,낮음
8/1/2026,완도(170),O,35.5,35.1,30.6,26.5,70.3,X, ,O,낮음
8/1/2026,고창(172),O,34.9,34.6,29.4,24.7,78.9,O,경고,X,낮음
8/1/2026,제주(184),O,35.2,35,31.2,27.9,66,X, ,O,낮음
8/1/2026,진주(192),O,37.1,38.8,31.1,23.9,65.6,O,경고,X,낮음
8/1/2026,양평(202),O,34.8,34.3,29.4,25.9,76.3,X, ,O,낮음
8/1/2026,이천(203),O,35.6,34.7,29.8,25.6,80.3,O,경고,O,낮음
8/1/2026,인제(211),O,33.2,32.4,29.1,26.4,72.8,X, ,X,낮음
8/1/2026,홍천(212),O,34.6,34.5,29.2,25,75.8,X, ,X,낮음
8/1/2026,태백(216),X,32,32,27.5,24.6,66.4,X,관심,X,낮음
8/1/2026,정선군(217),O,34.9,34.8,29.1,25.3,71.9,X, ,X,낮음
8/1/2026,제천(221),O,33.8,33.4,27.7,22.9,81,O,주의,X,낮음
8/1/2026,보은(226),O,34.3,33.8,28.2,23.3,80.8,O,주의,X,낮음
8/1/2026,천안(232),O,34.6,33.5,28.2,23.4,87,O,주의,X,낮음
8/1/2026,보령(235),O,35,33.4,29.9,27.1,85.1,X, ,X,낮음
8/1/2026,부여(236),O,35.1,34.8,29.4,25.5,81.9,O,경고,O,낮음
8/1/2026,금산(238),O,34.7,34.5,29,23.7,79.4,O,주의,X,낮음
8/1/2026,세종(239),O,34.8,34.5,29.4,25.4,79.6,X, ,X,낮음
8/1/2026,부안(243),O,34.7,34.4,29.6,25.8,74.9,X, ,X,낮음
8/1/2026,임실(244),O,33.9,33.8,27.9,22.2,79.5,O,주의,X,낮음
8/1/2026,정읍(245),O,35.4,35.3,29.7,24.6,74.9,O,경고,X,낮음
8/1/2026,남원(247),O,35.5,35.9,29.5,23.5,75.4,O,경고,X,낮음
8/1/2026,장수(248),O,33.3,32.8,26.7,21.4,83,O,주의,X,낮음
8/1/2026,영광군(252),O,35.8,34.9,29.2,25.2,82.4,X, ,X,낮음
8/1/2026,김해시(253),O,38.6,40.6,33.3,27.6,57.9,O,심각,O,낮음
8/1/2026,순창군(254),O,35.2,35.6,28.9,23,75.5,O,주의,X,낮음
8/1/2026,양산시(257),O,39.2,41.6,34,28.3,57.3,O,심각,O,낮음
8/1/2026,강진군(259),O,37.1,37,30.1,24.7,77.1,O,경고,X,낮음
8/1/2026,장흥(260),O,36.5,36.4,29.6,23.6,75.6,O,경고,X,낮음
8/1/2026,해남(261),O,35.3,34.1,29.1,24.7,82.9,X, ,X,낮음
8/1/2026,고흥(262),O,36.5,37.1,30.2,24.3,72.4,X, ,X,낮음
8/1/2026,의령군(263),O,37.7,39.3,32,24.3,64.5,O,경고,X,낮음
8/1/2026,함양군(264),O,36.1,36.5,30.1,23.8,73,X, ,X,낮음
8/1/2026,진도군ASOS(268),O,34.1,32.7,28.3,24.4,83.8,O,주의,X,낮음
8/1/2026,봉화(271),O,33.7,33.6,27.4,22.6,76.8,X, ,X,낮음
8/1/2026,영주(272),O,33.9,34,29.9,26.9,66.9,O,주의,X,낮음
8/1/2026,문경(273),O,34.7,34,29.2,25.5,76.9,O,주의,X,낮음
8/1/2026,청송군(276),O,35.5,35.6,30.2,26.1,72.8,O,주의,X,낮음
8/1/2026,영덕(277),O,36.3,37.9,32.3,27.5,56.3,O,경고,O,낮음
8/1/2026,의성(278),O,35.6,36.1,29.9,24,75.4,O,경고,X,낮음
8/1/2026,구미(279),O,36.5,37.6,31.4,26.1,64.1,O,경고,O,낮음
8/1/2026,영천(281),O,35.8,37.3,31.8,27.2,60.6,O,경고,O,낮음
8/1/2026,경주시(283),O,36.6,38.4,31.9,25.2,60.9,X, ,O,낮음
8/1/2026,거창(284),O,36.5,37.6,30.2,22.4,68.5,X, ,X,낮음
8/1/2026,합천(285),O,37.3,39.2,31.6,23.9,62.9,X, ,X,낮음
8/1/2026,밀양(288),O,37.6,39.4,32.4,25.5,61.1,O,경고,O,낮음
8/1/2026,산청(289),O,36.2,37,31,25,66,X, ,X,낮음
8/1/2026,거제(294),O,35.9,36.8,30.7,25.4,64.6,O,경고,O,낮음
8/1/2026,남해(295),O,35.9,37.2,31.4,26,63.4,O,경고,O,낮음
8/1/2026,부천(433),O,35,34.4,30.1,27.7,76,O,주의,O,낮음
8/1/2026,안양(434),X,,33,29.4,27.4,,O,주의,O,낮음
8/1/2026,광명(437),O,35,34.9,30.2,27.5,77,O,주의,O,낮음
8/1/2026,군포(438),O,34.9,34.6,29.6,26.9,75,O,주의,O,낮음
8/1/2026,김포(441),O,35.9,34.1,29.5,26.4,87,O,경고,O,낮음
8/1/2026,하남(444),O,36.7,35.9,30.2,26.6,80,O,경고,O,낮음
8/1/2026,의왕(445),X,,,,,,O,주의,X,낮음
8/1/2026,포천(504),O,35,33.7,28.9,26,85,O,주의,X,낮음
8/1/2026,가평조종(505),O,34.9,33.9,28.6,24.8,85,O,주의,X,낮음
8/1/2026,안성(516),O,35.8,35.2,29.8,25.8,80,O,경고,O,낮음
8/1/2026,간성(517),O,35.4,35.8,32.1,27.1,57,X, ,O,낮음
8/1/2026,평창(526),O,34,33.7,27.2,23.2,81,X, ,X,낮음
8/1/2026,의정부(532),O,35.3,33.9,29.4,26.1,81,O,주의,O,낮음
8/1/2026,횡성(536),O,34.9,34.8,28.7,24.7,78,O,주의,X,낮음
8/1/2026,고양(540),O,36.2,35,28.9,25.4,85,O,경고,O,낮음
8/1/2026,남양주(541),O,36.3,35.7,30.1,26.3,78,O,경고,O,낮음
8/1/2026,안산(545),O,35.5,34.2,29,25.9,87,O,주의,O,낮음
8/1/2026,경기광주(546),O,34.6,33.4,28.6,25.4,82,O,경고,X,낮음
8/1/2026,여주(548),O,36.4,35.8,29.9,25.6,77,X, ,O,낮음
8/1/2026,용인(549),O,35.6,35.1,30.1,26.8,77,X, ,O,낮음
8/1/2026,오산(550),O,35.7,34.9,29.1,24.8,82,O,경고,O,낮음
8/1/2026,평택(551),O,33.6,,,,,O,경고,O,낮음
8/1/2026,화천(555),O,35.4,34.4,28.9,24.9,83,O,주의,X,낮음
8/1/2026,양구(556),O,34.1,33,28.6,25.1,78,X, ,X,낮음
8/1/2026,시흥(565),O,33.9,32.7,28.8,25.9,84,O,주의,X,낮음
8/1/2026,구리(569),O,35.1,34.5,29.6,26.2,77,O,주의,O,낮음
8/1/2026,화성(571),O,35.4,34.4,29.3,26.5,82,O,경고,O,낮음
8/1/2026,성남(572),O,34.4,33.7,29.9,27.3,75,O,주의,O,낮음
8/1/2026,과천(590),O,35.4,34.5,29.4,26.6,81,O,주의,O,낮음
8/1/2026,양주(598),O,35.5,34.6,29.4,25.2,84,O,주의,O,낮음
8/1/2026,단양(601),O,34.1,34.1,28.2,23.6,78,O,주의,X,낮음
8/1/2026,진천(602),O,34.6,33.9,28.2,23.4,82,O,주의,X,낮음
8/1/2026,괴산(603),O,34.9,34.7,28.5,23.5,81,O,주의,X,낮음
8/1/2026,옥천(604),O,35.3,35.3,29.6,24.6,76,O,주의,X,낮음
8/1/2026,홍북(608),X,,,,,,X, ,X,낮음
8/1/2026,공주(612),O,35.3,35.2,29.8,25.9,81,O,주의,O,낮음
8/1/2026,서천(614),O,34,32,28.4,25.4,91,O,주의,X,낮음
8/1/2026,논산(615),O,34.8,34.2,29.1,25.1,78,O,주의,X,낮음
8/1/2026,당진(616),O,35.4,34.7,29.8,26.8,82,O,주의,O,낮음
8/1/2026,청양(618),O,35.9,35.2,28.2,23.5,86,O,경고,X,낮음
8/1/2026,음성(619),O,34.9,33.9,28.4,23.6,83,O,주의,X,낮음
8/1/2026,증평(623),O,34.6,34.7,29.3,25.1,76,O,주의,X,낮음
8/1/2026,태안(627),O,35,33.2,29.5,27.2,88,O,경고,O,낮음
8/1/2026,예산(628),O,34.8,34.7,29.6,25.8,78,O,주의,O,낮음
8/1/2026,아산(634),O,36.5,36.2,30.2,25.9,79,O,주의,O,낮음
8/1/2026,계룡(636),O,35.1,34.8,28.3,23.5,85,O,주의,X,낮음
8/1/2026,연천청산(652),O,35,33.8,28.8,25,80,O,주의,X,낮음
8/1/2026,양양(670),O,35.6,35.8,32.3,29.6,60,X, ,O,낮음
8/1/2026,무안(699),O,35.5,35.2,29.2,25.2,80,X, ,X,낮음
8/1/2026,무주(701),O,33.9,34.4,28,22.2,75,O,주의,X,낮음
8/1/2026,익산(702),O,35.1,34.1,29.1,25.4,82,O,주의,X,낮음
8/1/2026,진안(703),O,34,33.4,26.9,21.3,84,O,주의,X,낮음
8/1/2026,담양(706),O,36.2,35.7,29.1,23.6,81,O,경고,X,낮음
8/1/2026,구례(709),O,35.2,35,29.2,23.6,72,X, ,X,낮음
8/1/2026,나주(710),O,35.4,35.2,28.6,23.4,79,X, ,X,낮음
8/1/2026,순천시(712),O,37.3,37.2,31,24.8,75,O,경고,O,낮음
8/1/2026,광양읍(713),O,37.9,38.8,31.7,24.7,68,O,경고,X,낮음
8/1/2026,장성(730),O,36,36.2,29.3,23.5,76,O,경고,X,낮음
8/1/2026,영암(731),O,35.6,34.5,28.3,23.6,83,O,경고,X,낮음
8/1/2026,보성(732),O,34.6,35.2,28.5,22.3,71,O,경고,X,낮음
8/1/2026,완주(734),O,35.4,34.8,28.5,23.3,81,O,주의,X,낮음
8/1/2026,김제(737),O,35.6,34.2,29.4,26.1,84,O,경고,X,낮음
8/1/2026,화순(741),O,36.1,36.2,29,23,75,O,주의,X,낮음
8/1/2026,함평(754),O,35.4,35.1,29.2,24.4,79,O,주의,X,낮음
8/1/2026,곡성(768),O,36.6,36.6,29.3,22.8,80,X, ,X,낮음
8/1/2026,압해도(789),O,35.1,33.6,28.5,25.6,89,O,주의,X,낮음
8/1/2026,영양(801),O,35.8,35.9,29,24.5,76,X, ,X,낮음
8/1/2026,성주(810),O,35.6,35.9,30.2,23.8,71,O,경고,X,낮음
8/1/2026,고령(812),O,37.3,37.7,30.3,22.6,72,O,경고,X,낮음
8/1/2026,청도(813),O,35.6,36.9,29.8,22.6,70,O,경고,X,낮음
8/1/2026,예천(815),O,36.2,36.7,30.4,24.7,71,O,주의,X,낮음
8/1/2026,김천(822),O,36.1,36.8,30.3,23.1,69,X, ,X,낮음
8/1/2026,군위(823),O,36.6,36.3,29.8,23.8,78,O,경고,X,낮음
8/1/2026,군위(823),O,36.6,36.3,29.8,23.8,78,O,경고,X,낮음
8/1/2026,군위(823),O,36.6,36.3,29.8,23.8,78,O,경고,X,낮음
8/1/2026,군위(823),O,36.6,36.3,29.8,23.8,78,O,경고,X,낮음
8/1/2026,군위(823),O,36.6,36.3,29.8,23.8,78,O,경고,X,낮음
8/1/2026,군위(823),O,36.6,36.3,29.8,23.8,78,O,경고,X,낮음
8/1/2026,군위(823),O,36.6,36.3,29.8,23.8,78,O,경고,X,낮음
8/1/2026,군위(823),O,36.6,36.3,29.8,23.8,78,O,경고,X,낮음
8/1/2026,군위(823),O,36.6,36.3,29.8,23.8,78,O,경고,X,낮음
8/1/2026,군위(823),O,36.6,36.3,29.8,23.8,78,O,경고,X,낮음
8/1/2026,군위(823),O,36.6,36.3,29.8,23.8,78,O,경고,X,낮음
8/1/2026,군위(823),O,36.6,36.3,29.8,23.8,78,O,경고,X,낮음
8/1/2026,군위(823),O,36.6,36.3,29.8,23.8,78,O,경고,X,낮음
8/1/2026,군위(823),O,36.6,36.3,29.8,23.8,78,O,경고,X,낮음
8/1/2026,군위(823),O,36.6,36.3,29.8,23.8,78,O,경고,X,낮음
8/1/2026,군위(823),O,36.6,36.3,29.8,23.8,78,O,경고,X,낮음
8/1/2026,군위(823),O,36.6,36.3,29.8,23.8,78,O,경고,X,낮음
8/1/2026,군위(823),O,36.6,36.3,29.8,23.8,78,O,경고,X,낮음
8/1/2026,군위(823),O,36.6,36.3,29.8,23.8,78,O,경고,X,낮음
8/1/2026,군위(823),O,36.6,36.3,29.8,23.8,78,O,경고,X,낮음
8/1/2026,군위(823),O,36.6,36.3,29.8,23.8,78,O,경고,X,낮음
8/1/2026,군위(823),O,36.6,36.3,29.8,23.8,78,O,경고,X,낮음
8/1/2026,군위(823),O,36.6,36.3,29.8,23.8,78,O,경고,X,낮음
8/1/2026,군위(823),O,36.6,36.3,29.8,23.8,78,O,경고,X,낮음
8/1/2026,군위(823),O,36.6,36.3,29.8,23.8,78,O,경고,X,낮음
8/1/2026,군위(823),O,36.6,36.3,29.8,23.8,78,O,경고,X,낮음
8/1/2026,군위(823),O,36.6,36.3,29.8,23.8,78,O,경고,X,낮음
8/1/2026,군위(823),O,36.6,36.3,29.8,23.8,78,O,경고,X,낮음
8/1/2026,군위(823),O,36.6,36.3,29.8,23.8,78,O,경고,X,낮음
8/1/2026,군위(823),O,36.6,36.3,29.8,23.8,78,O,경고,X,낮음
8/1/2026,군위(823),O,36.6,36.3,29.8,23.8,78,O,경고,X,낮음
8/1/2026,군위(823),O,36.6,36.3,29.8,23.8,78,O,경고,X,낮음
8/1/2026,칠곡(825),O,36.1,37,31.3,24.7,70,O,경고,O,낮음
8/1/2026,경산(827),O,35.8,37.7,32.4,26,57,O,경고,O,낮음
8/1/2026,삼척(876),O,37.7,38.7,33.7,30.2,53,X, ,O,낮음
8/1/2026,속초(90),O,36.2,37.1,33.3,29.5,53.4,X, ,O,낮음
8/1/2026,삼천포(907),O,36.3,37.1,30.8,25.1,64,O,경고,X,낮음
8/1/2026,고성(918),O,35.8,35.6,29.9,24,77,O,경고,X,낮음
8/1/2026,창녕(919),O,36.3,37.5,31.1,24.5,65,O,경고,X,낮음
8/1/2026,함안(920),O,37.5,38.3,30.6,23.5,72,O,경고,X,낮음
8/1/2026,북춘천(93),O,35.5,34.5,29.3,25.3,81.4,O,경고,X,낮음
8/1/2026,하동(932),O,35.6,37.3,30.4,23.9,68,X, ,X,낮음
8/1/2026,철원(95),O,34.6,33.4,29.5,26.5,80.1,O,주의,X,낮음
8/1/2026,동두천(98),O,34.3,33.4,28.9,26.2,76.8,O,주의,O,낮음
8/1/2026,파주(99),O,34.8,33,28.5,25.2,87.3,X, ,X,낮음
8/2/2026,북강릉(104),O,35.8,35.5,29.9,26.4,76,X, ,O,낮음
8/2/2026,동해(106),O,35,35.3,30.7,27.2,69.1,X, ,O,낮음
8/2/2026,서울(108),O,34.9,34.9,30.4,27.5,67.3,O,경고,O,낮음
8/2/2026,인천(112),O,34.2,33.4,29.7,27.1,79.4,X, ,O,낮음
8/2/2026,원주(114),O,35.4,35.6,30.2,26.3,71.5,O,경고,O,낮음
8/2/2026,울릉도(115),O,34.8,34.4,31.1,27.6,65.6,O,주의,O,낮음
8/2/2026,수원(119),O,34.5,34.7,29.6,26,70.6,O,주의,X,낮음
8/2/2026,영월(121),O,35,35.8,28.7,22.9,76.9,O,주의,X,낮음
8/2/2026,충주(127),O,34.9,34.7,29.4,25.4,76.4,O,주의,X,낮음
8/2/2026,서산(129),O,34.6,33.7,29.4,25.3,78.6,O,주의,X,낮음
8/2/2026,울진(130),O,35.5,36.2,31.1,27.1,69.8,X, ,O,낮음
8/2/2026,청주(131),O,35.5,36.1,30.9,26.9,64.9,X, ,O,낮음
8/2/2026,대전(133),O,35,34.8,29.9,25.7,72.8,O,경고,X,낮음
8/2/2026,추풍령(135),O,33.8,33.5,28.5,24.1,73,O,주의,X,낮음
8/2/2026,안동(136),O,36,36.6,30.9,25.5,66.4,X, ,X,낮음
8/2/2026,상주(137),O,36.1,35.6,30.5,26.6,73.4,O,경고,X,낮음
8/2/2026,포항(138),O,34.9,36,31.4,28.3,59.6,O,심각,O,낮음
8/2/2026,군산(140),O,34.9,33.6,29,25.1,83.9,X, ,O,낮음
8/2/2026,대구(143),O,36.3,38.7,32.9,28.8,54.1,X, ,O,낮음
8/2/2026,전주(146),O,35.4,36,30.7,26,70.6,O,경고,O,낮음
8/2/2026,울산(152),O,35.1,37.1,31.5,27.9,55,X, ,O,낮음
8/2/2026,창원(155),O,37.2,39.5,32.4,27.9,56,O,심각,O,낮음
8/2/2026,광주(156),O,36.4,37.9,30.9,25.9,69.3,X, ,O,낮음
8/2/2026,부산(159),O,36.4,38,32,28.7,57.3,X, ,O,낮음
8/2/2026,통영(162),O,34.1,35.2,29.8,25.9,65.3,O,경고,O,낮음
8/2/2026,목포(165),O,34,33.1,28.9,25.8,84.5,O,경고,O,낮음
8/2/2026,여수(168),O,34.7,34.9,30.5,27.3,68.1,O,심각,O,낮음
8/2/2026,흑산도(169),O,33.9,32.5,28.5,25.6,83.8,O,경고,O,낮음
8/2/2026,완도(170),O,36.4,36.3,30.5,25.8,72,X, ,O,낮음
8/2/2026,고창(172),O,35.4,35.5,29.1,23.8,77.8,O,경고,X,낮음
8/2/2026,제주(184),O,34.5,34,30.4,27.3,66.9,X, ,O,낮음
8/2/2026,진주(192),O,37.7,39.9,31.3,23.5,65.3,O,심각,X,낮음
8/2/2026,양평(202),O,34.7,34.9,29.6,25,72.8,X, ,X,낮음
8/2/2026,이천(203),O,35.8,35.2,29.9,25.8,76.8,O,경고,X,낮음
8/2/2026,인제(211),O,33.9,33.9,28.1,23.9,78,X, ,X,낮음
8/2/2026,홍천(212),O,34.4,34.9,29,24.3,75,X, ,X,낮음
8/2/2026,태백(216),O,33,34.6,27.9,22.8,64.3,X,관심,X,낮음
8/2/2026,정선군(217),O,36.2,37.3,28.9,22.6,73.4,X, ,X,낮음
8/2/2026,제천(221),O,33.9,33.5,27.5,21.8,80.8,O,주의,X,낮음
8/2/2026,보은(226),O,33.7,33.4,28,23.7,81.8,O,주의,X,낮음
8/2/2026,천안(232),O,34.5,34.3,28.6,23.9,78.6,O,주의,X,낮음
8/2/2026,보령(235),O,35.3,34.8,29.2,24.9,80.9,X, ,X,낮음
8/2/2026,부여(236),O,35.6,36,29.4,25.2,79.4,O,경고,X,낮음
8/2/2026,금산(238),O,34.9,35,28.9,23.6,77.5,O,주의,X,낮음
8/2/2026,세종(239),O,34.7,34.3,28.9,24.3,77.3,X, ,X,낮음
8/2/2026,부안(243),O,35,34.7,29.2,24.6,75.4,X, ,X,낮음
8/2/2026,임실(244),O,34.5,35,28.6,23.6,75,O,경고,X,낮음
8/2/2026,정읍(245),O,35.8,36.4,29.7,23.5,71.6,O,경고,X,낮음
8/2/2026,남원(247),O,36.3,36.8,29.9,24,73.4,O,경고,X,낮음
8/2/2026,장수(248),O,33.9,34.2,26.8,20.9,80.9,O,주의,X,낮음
8/2/2026,영광군(252),O,35.3,34.9,28.8,23.7,79.9,X, ,X,낮음
8/2/2026,김해시(253),O,38.7,40.7,32.5,27.7,59.4,O,심각,O,낮음
8/2/2026,순창군(254),O,35.8,37.2,29.7,23.4,70.8,O,주의,X,낮음
8/2/2026,양산시(257),O,39.4,42.5,34.5,28.3,54.9,O,심각,O,낮음
8/2/2026,강진군(259),O,37.3,37.9,30.2,23.7,74.6,O,경고,X,낮음
8/2/2026,장흥(260),O,37.1,37.8,30.2,23.1,73.8,O,경고,X,낮음
8/2/2026,해남(261),O,36.4,35.8,29.5,24.4,79.8,X, ,X,낮음
8/2/2026,고흥(262),O,36.9,38.2,30.6,23.7,70.6,X, ,O,낮음
8/2/2026,의령군(263),O,38.4,40.6,32.1,23.7,65.5,O,심각,X,낮음
8/2/2026,함양군(264),O,37.4,39,30.7,22.5,69.8,X, ,X,낮음
8/2/2026,진도군ASOS(268),O,34,33.3,28.1,24.4,83.4,O,경고,X,낮음
8/2/2026,봉화(271),O,34.2,34.8,28.5,22,72.6,X, ,X,낮음
8/2/2026,영주(272),O,35,35.4,29.5,24.3,69.4,O,주의,X,낮음
8/2/2026,문경(273),O,34.8,34.5,29.7,24.2,74.4,O,주의,X,낮음
8/2/2026,청송군(276),O,36.9,37.9,30.4,23.7,69.8,O,주의,X,낮음
8/2/2026,영덕(277),O,35.8,37.2,31.1,24.8,56,O,심각,X,낮음
8/2/2026,의성(278),O,36.2,36.8,30,23.6,74.3,O,경고,X,낮음
8/2/2026,구미(279),O,36.5,37.5,31.2,25.5,66.3,O,경고,O,낮음
8/2/2026,영천(281),O,36.9,38.8,31.6,26.7,61,O,경고,X,낮음
8/2/2026,경주시(283),O,37.9,40.3,32.7,27.2,58.5,X, ,X,낮음
8/2/2026,거창(284),O,37.6,39.4,30.4,21.9,68.4,X, ,X,낮음
8/2/2026,합천(285),O,37.2,39.2,31.4,23.5,65.4,X, ,X,낮음
8/2/2026,밀양(288),O,38.5,41,33.1,26.9,59,O,심각,O,낮음
8/2/2026,산청(289),O,37.4,39.5,31.3,23,66,X, ,X,낮음
8/2/2026,거제(294),O,36.1,37.8,30.4,25.6,62.9,O,경고,O,낮음
8/2/2026,남해(295),O,36.3,37.6,30.6,25.5,64.9,O,경고,O,낮음
8/2/2026,부천(433),O,35.3,35.9,30.8,27.5,64,O,주의,O,낮음
8/2/2026,안양(434),X,,34.2,30,27.6,,O,주의,O,낮음
8/2/2026,광명(437),O,35.2,35.8,31.4,27.7,63,O,경고,O,낮음
8/2/2026,군포(438),O,34.8,35.5,30.8,27.1,63,O,주의,O,낮음
8/2/2026,김포(441),O,36.4,35.5,29.8,26.1,78,O,경고,O,낮음
8/2/2026,하남(444),O,36.1,35.4,29.5,25.6,79,O,경고,X,낮음
8/2/2026,의왕(445),X,,,,,,O,주의,X,낮음
8/2/2026,포천(504),O,35.4,35.2,29.3,24.5,80,O,경고,X,낮음
8/2/2026,가평조종(505),O,35.2,35.2,29,24,80,O,경고,X,낮음
8/2/2026,안성(516),O,36.1,35.8,29.9,25.5,75,O,경고,X,낮음
8/2/2026,간성(517),O,33.7,34.6,29.1,26.4,73,X, ,O,낮음
8/2/2026,평창(526),O,34.9,35,27.6,22.4,77,X, ,X,낮음
8/2/2026,의정부(532),O,35.6,35,29.6,25.2,74,O,경고,X,낮음
8/2/2026,횡성(536),O,35.1,35.5,28.4,23.4,80,O,경고,X,낮음
8/2/2026,고양(540),O,36.6,36.7,29.3,24.5,78,O,경고,X,낮음
8/2/2026,남양주(541),O,36.5,36.7,30.5,25.8,73,O,경고,X,낮음
8/2/2026,안산(545),O,35.4,35.2,28.8,24.1,81,O,주의,X,낮음
8/2/2026,경기광주(546),O,34.6,33.9,28.8,24.8,77,O,경고,X,낮음
8/2/2026,여주(548),O,35.9,35.8,29.7,25.5,75,X, ,X,낮음
8/2/2026,용인(549),O,36.4,36.8,30.2,25.7,72,X, ,X,낮음
8/2/2026,오산(550),O,35.2,35.3,28.7,23.6,78,O,경고,X,낮음
8/2/2026,평택(551),O,36,34.8,29.3,25.3,84,O,경고,X,낮음
8/2/2026,화천(555),O,35.3,34.6,28.7,24.4,81,O,주의,X,낮음
8/2/2026,양구(556),O,34.5,34.3,28.2,23.3,77,X, ,X,낮음
8/2/2026,시흥(565),O,34.2,34.1,28.8,24.2,76,O,주의,X,낮음
8/2/2026,구리(569),O,35,35,29.8,25.4,73,O,주의,X,낮음
8/2/2026,화성(571),O,35,35.2,29.9,26.5,72,O,경고,X,낮음
8/2/2026,성남(572),O,34.6,34.6,29.8,26,72,O,경고,X,낮음
8/2/2026,과천(590),O,35,34.7,29.2,24.1,77,O,주의,X,낮음
8/2/2026,양주(598),O,35.4,35,29.3,25,79,O,경고,X,낮음
8/2/2026,단양(601),O,34.4,34.3,28.2,22.9,78,O,주의,X,낮음
8/2/2026,진천(602),O,34.6,34.3,28.4,23.9,80,O,주의,X,낮음
8/2/2026,괴산(603),O,34.7,34.7,28.6,24.1,79,O,주의,X,낮음
8/2/2026,옥천(604),O,35.3,35.2,29.2,24.4,78,O,주의,X,낮음
8/2/2026,홍북(608),X,,,,,,X, ,X,낮음
8/2/2026,공주(612),O,35.4,35.4,29.1,24.8,79,O,주의,X,낮음
8/2/2026,서천(614),O,34,32.5,28.2,24.8,86,O,주의,X,낮음
8/2/2026,논산(615),O,35.1,35.3,29.3,24.8,77,O,주의,X,낮음
8/2/2026,당진(616),O,35.3,34.8,29.1,25.1,78,O,주의,X,낮음
8/2/2026,청양(618),O,35.8,35.4,28.2,22.3,82,O,경고,X,낮음
8/2/2026,음성(619),O,34.9,34.3,28.5,23.7,81,O,주의,X,낮음
8/2/2026,증평(623),O,34.4,35,29.1,24.4,73,O,주의,X,낮음
8/2/2026,태안(627),O,34.8,33.6,29.2,24.6,82,O,경고,X,낮음
8/2/2026,예산(628),O,34.6,34.6,29.1,25,76,O,주의,X,낮음
8/2/2026,아산(634),O,33.9,34.6,29.5,25.1,72,O,경고,X,낮음
8/2/2026,계룡(636),O,34.8,34.4,27.7,21.9,82,O,주의,X,낮음
8/2/2026,연천청산(652),O,34.7,34.6,28.7,24.4,76,O,주의,X,낮음
8/2/2026,양양(670),O,35,35.7,29.8,26.8,72,X, ,O,낮음
8/2/2026,무안(699),O,35.8,36.2,29.3,24.4,78,X, ,X,낮음
8/2/2026,무주(701),O,34,34.6,28.1,22.5,74,O,주의,X,낮음
8/2/2026,익산(702),O,35.8,35,29.3,24.2,82,O,주의,X,낮음
8/2/2026,진안(703),O,35,34.5,27.7,21.9,82,O,주의,X,낮음
8/2/2026,담양(706),O,36.2,37.1,30.2,23.7,72,O,경고,X,낮음
8/2/2026,구례(709),O,36.2,36.1,29.5,22.5,70,X, ,X,낮음
8/2/2026,나주(710),O,35.3,36,28.8,22.5,76,X, ,X,낮음
8/2/2026,순천시(712),O,36.5,36.5,30.7,25.3,79,O,경고,O,낮음
8/2/2026,광양읍(713),O,39.3,41,31.9,23.9,65,O,심각,O,낮음
8/2/2026,장성(730),O,36.4,37.9,29.6,22.6,73,O,경고,X,낮음
8/2/2026,영암(731),O,35.9,36.1,28.9,23.2,81,O,경고,X,낮음
8/2/2026,보성(732),O,34.7,36.3,29,22.4,68,O,심각,X,낮음
8/2/2026,완주(734),O,35.2,35.1,28.8,23.1,79,O,주의,X,낮음
8/2/2026,김제(737),O,36.5,36.1,29.7,24.9,82,O,경고,O,낮음
8/2/2026,화순(741),O,35.8,37.3,29.7,22.9,72,O,경고,X,낮음
8/2/2026,함평(754),O,35.8,35.1,28.9,23.3,81,O,경고,X,낮음
8/2/2026,곡성(768),O,36.4,37.8,29.9,23.2,75,X, ,X,낮음
8/2/2026,압해도(789),O,34.7,33.4,28.4,24.9,87,O,경고,X,낮음
8/2/2026,영양(801),O,37.4,37.7,29.3,22.3,73,X, ,X,낮음
8/2/2026,성주(810),O,36.5,36.8,30.7,24.1,70,O,경고,X,낮음
8/2/2026,고령(812),O,38,39.3,31.1,22.8,70,O,심각,X,낮음
8/2/2026,청도(813),O,36.3,38,30.7,23.2,68,O,경고,X,낮음
8/2/2026,예천(815),O,36.5,37.1,30.2,24.6,71,O,주의,X,낮음
8/2/2026,김천(822),O,36.8,37.4,30,23.3,70,X, ,X,낮음
8/2/2026,군위(823),O,36.2,36.4,29.9,24.3,78,O,경고,X,낮음
8/2/2026,군위(823),O,36.2,36.4,29.9,24.3,78,O,경고,X,낮음
8/2/2026,군위(823),O,36.2,36.4,29.9,24.3,78,O,경고,X,낮음
8/2/2026,군위(823),O,36.2,36.4,29.9,24.3,78,O,경고,X,낮음
8/2/2026,군위(823),O,36.2,36.4,29.9,24.3,78,O,경고,X,낮음
8/2/2026,군위(823),O,36.2,36.4,29.9,24.3,78,O,경고,X,낮음
8/2/2026,군위(823),O,36.2,36.4,29.9,24.3,78,O,경고,X,낮음
8/2/2026,군위(823),O,36.2,36.4,29.9,24.3,78,O,경고,X,낮음
8/2/2026,군위(823),O,36.2,36.4,29.9,24.3,78,O,경고,X,낮음
8/2/2026,군위(823),O,36.2,36.4,29.9,24.3,78,O,경고,X,낮음
8/2/2026,군위(823),O,36.2,36.4,29.9,24.3,78,O,경고,X,낮음
8/2/2026,군위(823),O,36.2,36.4,29.9,24.3,78,O,경고,X,낮음
8/2/2026,군위(823),O,36.2,36.4,29.9,24.3,78,O,경고,X,낮음
8/2/2026,군위(823),O,36.2,36.4,29.9,24.3,78,O,경고,X,낮음
8/2/2026,군위(823),O,36.2,36.4,29.9,24.3,78,O,경고,X,낮음
8/2/2026,군위(823),O,36.2,36.4,29.9,24.3,78,O,경고,X,낮음
8/2/2026,군위(823),O,36.2,36.4,29.9,24.3,78,O,경고,X,낮음
8/2/2026,군위(823),O,36.2,36.4,29.9,24.3,78,O,경고,X,낮음
8/2/2026,군위(823),O,36.2,36.4,29.9,24.3,78,O,경고,X,낮음
8/2/2026,군위(823),O,36.2,36.4,29.9,24.3,78,O,경고,X,낮음
8/2/2026,군위(823),O,36.2,36.4,29.9,24.3,78,O,경고,X,낮음
8/2/2026,군위(823),O,36.2,36.4,29.9,24.3,78,O,경고,X,낮음
8/2/2026,군위(823),O,36.2,36.4,29.9,24.3,78,O,경고,X,낮음
8/2/2026,군위(823),O,36.2,36.4,29.9,24.3,78,O,경고,X,낮음
8/2/2026,군위(823),O,36.2,36.4,29.9,24.3,78,O,경고,X,낮음
8/2/2026,군위(823),O,36.2,36.4,29.9,24.3,78,O,경고,X,낮음
8/2/2026,군위(823),O,36.2,36.4,29.9,24.3,78,O,경고,X,낮음
8/2/2026,군위(823),O,36.2,36.4,29.9,24.3,78,O,경고,X,낮음
8/2/2026,군위(823),O,36.2,36.4,29.9,24.3,78,O,경고,X,낮음
8/2/2026,군위(823),O,36.2,36.4,29.9,24.3,78,O,경고,X,낮음
8/2/2026,군위(823),O,36.2,36.4,29.9,24.3,78,O,경고,X,낮음
8/2/2026,군위(823),O,36.2,36.4,29.9,24.3,78,O,경고,X,낮음
8/2/2026,칠곡(825),O,36.3,37.3,31.3,25.6,72,O,경고,O,낮음
8/2/2026,경산(827),O,37.2,39.2,33.1,28.9,56,O,경고,O,낮음
8/2/2026,삼척(876),O,36.3,37.5,31.5,27.3,62,X, ,O,낮음
8/2/2026,속초(90),O,34.1,34.1,30,27.5,70.6,X, ,O,낮음
8/2/2026,삼천포(907),O,35.6,36.7,29.1,23.7,71,O,경고,X,낮음
8/2/2026,고성(918),O,36.4,37.6,29.9,24.2,74,O,경고,X,낮음
8/2/2026,창녕(919),O,36.6,38,31.6,24.7,63,O,심각,O,낮음
8/2/2026,함안(920),O,37.7,38.8,30.2,23.1,72,O,심각,X,낮음
8/2/2026,북춘천(93),O,35.4,35.2,29.2,23.8,80,O,경고,X,낮음
8/2/2026,하동(932),O,35.7,38.5,30.7,23.2,67,X, ,O,낮음
8/2/2026,철원(95),O,34.5,34,29.1,24.5,79.9,O,주의,X,낮음
8/2/2026,동두천(98),O,34.7,34.4,29.1,25.7,71.8,O,주의,X,낮음
8/2/2026,파주(99),O,34.3,33.3,28.3,24.4,82.4,X, ,X,낮음
8/3/2026,북강릉(104),O,33.3,31.4,27.8,25.5,89.8,X, ,O,낮음
8/3/2026,동해(106),O,33.5,31.3,28.4,26.6,86.4,X, ,O,낮음
8/3/2026,서울(108),O,36.5,36.7,31.5,26.5,67.3,O,경고,O,낮음
8/3/2026,인천(112),O,36.5,35.1,30.5,27,80.9,X, ,O,낮음
8/3/2026,원주(114),O,36.3,37.2,31,25.2,69.6,O,경고,O,낮음
8/3/2026,울릉도(115),O,33.1,31.1,28.3,26.3,83.5,O,경고,O,낮음
8/3/2026,수원(119),O,35.4,35.9,29.7,24.5,72.8,O,주의,O,낮음
8/3/2026,영월(121),O,36.3,37.8,30.2,23.3,70.8,O,주의,X,낮음
8/3/2026,충주(127),O,36.1,36.7,30.2,23.7,71.8,O,경고,O,낮음
8/3/2026,서산(129),O,35.3,35.2,29.5,23.9,73,O,경고,X,낮음
8/3/2026,울진(130),O,33.5,31.7,28.5,25.3,85.1,X, ,O,낮음
8/3/2026,청주(131),O,36.1,37.6,31.8,26.3,63.5,X, ,O,낮음
8/3/2026,대전(133),O,36.2,37,31,24.7,68.8,O,경고,O,낮음
8/3/2026,추풍령(135),O,34.8,35,28.3,22.4,76,O,경고,X,낮음
8/3/2026,안동(136),O,36,38,31.1,24.5,63.1,X, ,O,낮음
8/3/2026,상주(137),O,36,37,30.5,24.7,73,O,경고,O,낮음
8/3/2026,포항(138),O,33,31.8,28.8,26.6,75.8,O,경고,O,낮음
8/3/2026,군산(140),O,35.7,35.1,30.1,25.4,78.8,X, ,O,낮음
8/3/2026,대구(143),O,36.5,39.6,31.9,26.6,58.1,X, ,O,낮음
8/3/2026,전주(146),O,36.6,37.9,31.8,26,66.8,O,경고,O,낮음
8/3/2026,울산(152),O,33.6,33.8,29.3,25.5,69.1,X, ,O,낮음
8/3/2026,창원(155),O,36,36.8,30.5,27.1,66.9,O,심각,O,낮음
8/3/2026,광주(156),O,37.8,38.8,32,26.2,68.3,X, ,O,낮음
8/3/2026,부산(159),O,35,35.4,31.4,28.5,64,X, ,O,낮음
8/3/2026,통영(162),O,35.3,35.9,30.1,25.6,66.9,O,경고,O,낮음
8/3/2026,목포(165),O,35.3,34.9,29.9,25.5,78.8,O,주의,O,낮음
8/3/2026,여수(168),O,34.6,34.9,30.8,27.7,63.9,O,심각,O,낮음
8/3/2026,흑산도(169),O,35,33.2,29.3,25.8,83.1,O,경고,O,낮음
8/3/2026,완도(170),O,37,37.6,30.7,25.3,70.5,X, ,O,낮음
8/3/2026,고창(172),O,36.1,37.1,30,23.5,75.6,O,경고,O,낮음
8/3/2026,제주(184),O,34.3,33.2,30.3,26.7,64.9,X, ,O,낮음
8/3/2026,진주(192),O,37.3,38.8,30.9,24.5,69.4,O,심각,X,낮음
8/3/2026,양평(202),O,35.7,36,29.9,24.4,73.3,X, ,O,낮음
8/3/2026,이천(203),O,36,36.5,30.1,23.6,76.9,O,경고,O,낮음
8/3/2026,인제(211),O,35.5,35.9,28.7,24,75.6,X, ,X,낮음
8/3/2026,홍천(212),O,35.8,36.9,30.3,24.6,70.9,X, ,O,낮음
8/3/2026,태백(216),O,33.1,33.2,26.3,20.3,78.6,O,관심,X,낮음
8/3/2026,정선군(217),O,37.3,38.5,28.9,23,74.9,X, ,X,낮음
8/3/2026,제천(221),O,34.9,35.6,28.7,21.9,76,O,경고,X,낮음
8/3/2026,보은(226),O,34.7,34.3,28.2,22.6,81.6,O,주의,X,낮음
8/3/2026,천안(232),O,35.3,35.6,29.1,22.3,77.6,O,경고,O,낮음
8/3/2026,보령(235),O,37.4,37.3,30.7,24.6,73.4,X, ,O,낮음
8/3/2026,부여(236),O,35.7,36.5,29.9,23.4,73.9,O,경고,O,낮음
8/3/2026,금산(238),O,36,37,29.5,22.9,74.1,O,주의,X,낮음
8/3/2026,세종(239),O,35.6,36.1,29.7,23.7,72.6,X, ,O,낮음
8/3/2026,부안(243),O,35.8,36.6,30,24.9,74.6,X, ,O,낮음
8/3/2026,임실(244),O,35.3,36.6,29.4,22.7,72,O,경고,X,낮음
8/3/2026,정읍(245),O,36.8,37.8,30.8,24.5,71.6,O,경고,O,낮음
8/3/2026,남원(247),O,36.9,38.5,31.1,24.4,68.6,O,경고,O,낮음
8/3/2026,장수(248),O,34.7,34.9,27.8,21.3,78.4,O,주의,X,낮음
8/3/2026,영광군(252),O,36.4,36.6,29.6,23.9,77.6,X, ,O,낮음
8/3/2026,김해시(253),O,38,38.9,32.3,27.1,63.1,O,심각,O,낮음
8/3/2026,순창군(254),O,36.3,38.7,30.7,24.1,68,O,경고,O,낮음
8/3/2026,양산시(257),O,38.4,39.4,32.7,28,64.3,O,심각,O,낮음
8/3/2026,강진군(259),O,36.6,36.8,30.7,24.8,74.4,O,경고,O,낮음
8/3/2026,장흥(260),O,36.5,36.4,30,24.6,76.4,O,경고,O,낮음
8/3/2026,해남(261),O,37.6,36.7,29.9,24.1,80.6,X, ,O,낮음
8/3/2026,고흥(262),O,37.1,37.7,30.8,25.2,70.4,X, ,O,낮음
8/3/2026,의령군(263),O,38.8,40.8,31.7,24.6,67.8,O,심각,X,낮음
8/3/2026,함양군(264),O,37.9,40.3,31,23.4,69.9,X, ,X,낮음
8/3/2026,진도군ASOS(268),O,35.7,35.2,29.1,24,80.1,O,주의,X,낮음
8/3/2026,봉화(271),O,34.8,36.2,28.3,21.7,74.5,X, ,X,낮음
8/3/2026,영주(272),O,34.8,36,29.3,22.8,72.9,O,주의,O,낮음
8/3/2026,문경(273),O,35.9,36,29.6,23.5,78.1,O,경고,O,낮음
8/3/2026,청송군(276),O,37.1,37.9,29.5,21.6,76,O,경고,O,낮음
8/3/2026,영덕(277),O,34.1,33.4,28.2,23.2,78.3,O,경고,O,낮음
8/3/2026,의성(278),O,36.3,38.4,30.7,23.6,71,O,경고,O,낮음
8/3/2026,구미(279),O,37,38.7,31.9,25.1,62.8,O,경고,O,낮음
8/3/2026,영천(281),O,35.9,36.7,29.6,23.4,69.4,O,경고,O,낮음
8/3/2026,경주시(283),O,36.8,37.5,30.2,24.2,69.6,X, ,O,낮음
8/3/2026,거창(284),O,38,40.2,31,22.8,66.5,X, ,X,낮음
8/3/2026,합천(285),O,37.4,40.2,31.9,24.4,65.5,X, ,X,낮음
8/3/2026,밀양(288),O,38.6,41,32.7,25.7,62.4,O,심각,O,낮음
8/3/2026,산청(289),O,37.7,39.4,31.1,24.3,68.3,X, ,X,낮음
8/3/2026,거제(294),O,34.7,35,29.7,25.3,68.9,O,경고,O,낮음
8/3/2026,남해(295),O,36.3,37,30.4,26,65.4,O,경고,O,낮음
8/3/2026,부천(433),O,36.5,37,31.4,26.6,68,O,주의,O,낮음
8/3/2026,안양(434),X,,36.6,31,26.6,,O,주의,O,낮음
8/3/2026,광명(437),O,36.5,37.6,32.2,27.4,63,O,경고,O,낮음
8/3/2026,군포(438),O,36.3,36.9,31.4,26.3,63,O,주의,O,낮음
8/3/2026,김포(441),O,37.6,36.7,30.6,25.2,83,O,경고,O,낮음
8/3/2026,하남(444),O,37.1,37.5,30.4,24.2,75,O,경고,O,낮음
8/3/2026,의왕(445),X,,,,,,O,경고,X,낮음
8/3/2026,포천(504),O,36.8,36.6,29.9,23.6,80,O,경고,O,낮음
8/3/2026,가평조종(505),O,36.6,36.3,29.8,23.4,80,O,경고,O,낮음
8/3/2026,안성(516),O,36.8,37.4,30.5,24,74,O,경고,O,낮음
8/3/2026,간성(517),X,30.7,28.1,26.5,25,93,X, ,X,낮음
8/3/2026,평창(526),O,35.4,36.2,28.5,22.1,76,X, ,X,낮음
8/3/2026,의정부(532),O,37.4,37.2,30.5,24.3,74,O,경고,O,낮음
8/3/2026,횡성(536),O,36.4,37.4,30.5,23.7,70,O,경고,O,낮음
8/3/2026,고양(540),O,37.8,38.4,30,23,76,O,경고,O,낮음
8/3/2026,남양주(541),O,37.5,37.9,31,24.6,71,O,경고,O,낮음
8/3/2026,안산(545),O,36.8,36.3,28.8,22.7,82,O,경고,X,낮음
8/3/2026,경기광주(546),O,35.8,35.9,29,22.9,76,O,경고,O,낮음
8/3/2026,여주(548),O,37,37.2,30.1,24,75,X, ,O,낮음
8/3/2026,용인(549),O,37.1,38,30.6,23.7,72,X, ,O,낮음
8/3/2026,오산(550),O,36.6,36.8,29.3,23,78,O,경고,O,낮음
8/3/2026,평택(551),O,37.2,36.2,29.9,23.8,83,O,경고,O,낮음
8/3/2026,화천(555),O,36.5,36.3,29.7,24.8,81,O,경고,O,낮음
8/3/2026,양구(556),O,35.8,36.3,28.8,24.1,78,X, ,X,낮음
8/3/2026,시흥(565),O,35.7,35.8,29.1,22.7,79,O,주의,O,낮음
8/3/2026,구리(569),O,36.5,37.2,30.4,23.9,70,O,경고,O,낮음
8/3/2026,화성(571),O,36.2,35.9,29.8,24.5,74,O,경고,O,낮음
8/3/2026,성남(572),O,35.7,36.2,30.6,24.5,69,O,주의,O,낮음
8/3/2026,과천(590),O,36.3,36.3,29.7,22.9,77,O,경고,O,낮음
8/3/2026,양주(598),O,36.7,36.4,29.9,23.6,78,O,경고,O,낮음
8/3/2026,단양(601),O,35.5,36.8,29.2,23,75,O,주의,X,낮음
8/3/2026,진천(602),O,36.1,35.9,29.1,22.6,77,O,경고,O,낮음
8/3/2026,괴산(603),O,36.1,36.8,29.2,22.4,75,O,경고,X,낮음
8/3/2026,옥천(604),O,36,36.8,29.6,23.8,77,O,경고,X,낮음
8/3/2026,홍북(608),X,,,,,,X, ,X,낮음
8/3/2026,공주(612),O,35.4,36.3,29.7,22.4,76,O,경고,X,낮음
8/3/2026,서천(614),O,34.9,34.7,28.9,24.3,82,O,주의,O,낮음
8/3/2026,논산(615),O,36,36.6,29.9,23.7,72,O,경고,O,낮음
8/3/2026,당진(616),O,35.4,35.1,28.8,23.4,77,O,경고,X,낮음
8/3/2026,청양(618),O,36.4,36.3,28.9,22.3,81,O,경고,X,낮음
8/3/2026,음성(619),O,36,36.8,29.1,22.4,77,O,경고,X,낮음
8/3/2026,증평(623),O,35.6,36.7,30,23.4,69,O,주의,O,낮음
8/3/2026,태안(627),O,35.6,34.9,29,23.6,76,O,경고,X,낮음
8/3/2026,예산(628),O,35,35.5,29,23.4,76,O,주의,O,낮음
8/3/2026,아산(634),O,35.5,35.9,29.2,23.6,72,O,경고,O,낮음
8/3/2026,계룡(636),O,35,35.5,27.8,20.7,80,O,경고,X,낮음
8/3/2026,연천청산(652),O,35.7,35.9,29.4,23.4,76,O,경고,O,낮음
8/3/2026,양양(670),X,31.4,29,27.1,25.9,90,X, ,O,낮음
8/3/2026,무안(699),O,37.1,37.3,29.9,23.6,78,X, ,O,낮음
8/3/2026,무주(701),O,34.8,36.3,28.8,21.7,70,O,주의,X,낮음
8/3/2026,익산(702),O,37,36.4,30.5,24.3,78,O,경고,O,낮음
8/3/2026,진안(703),O,35.7,36.3,28.4,21.7,78,O,주의,X,낮음
8/3/2026,담양(706),O,37.9,38.1,30.7,24.2,76,O,경고,O,낮음
8/3/2026,구례(709),O,37.1,37.5,30,24,72,X, ,X,낮음
8/3/2026,나주(710),O,36.4,36.9,29.6,23.3,77,X, ,O,낮음
8/3/2026,순천시(712),O,36.6,35.8,30.3,26.1,81,O,경고,O,낮음
8/3/2026,광양읍(713),O,39.4,41.1,31.7,25.5,70,O,심각,O,낮음
8/3/2026,장성(730),O,37.6,39,30.8,23.3,72,O,경고,O,낮음
8/3/2026,영암(731),O,36.8,36.7,29.7,23.6,80,O,경고,O,낮음
8/3/2026,보성(732),O,34.8,35.4,28.7,23.4,72,O,심각,X,낮음
8/3/2026,완주(734),O,36.5,36.8,29.2,22.7,77,O,경고,X,낮음
8/3/2026,김제(737),O,37.2,37.4,30.6,25,80,O,경고,O,낮음
8/3/2026,화순(741),O,37.3,38,31,23.8,70,O,경고,O,낮음
8/3/2026,함평(754),O,37.3,37.5,30,23.6,78,O,경고,O,낮음
8/3/2026,곡성(768),O,38,38.5,30.6,23.8,75,X, ,X,낮음
8/3/2026,압해도(789),O,36,35.2,29.5,24.6,82,O,경고,O,낮음
8/3/2026,영양(801),O,37.5,38,29,21.8,76,X, ,X,낮음
8/3/2026,성주(810),O,37.1,38.3,31.3,24.5,68,O,경고,O,낮음
8/3/2026,고령(812),O,38.4,41.2,31.6,23.9,68,O,경고,X,낮음
8/3/2026,청도(813),O,37.6,39.7,30.8,23.7,69,O,경고,O,낮음
8/3/2026,예천(815),O,36.3,37.9,30.5,24.5,71,O,경고,O,낮음
8/3/2026,김천(822),O,37,38.1,30.4,23.2,67,X, ,X,낮음
8/3/2026,군위(823),O,37,37.7,30.8,24,72,O,경고,O,낮음
8/3/2026,군위(823),O,37,37.7,30.8,24,72,O,경고,O,낮음
8/3/2026,군위(823),O,37,37.7,30.8,24,72,O,경고,O,낮음
8/3/2026,군위(823),O,37,37.7,30.8,24,72,O,경고,O,낮음
8/3/2026,군위(823),O,37,37.7,30.8,24,72,O,경고,O,낮음
8/3/2026,군위(823),O,37,37.7,30.8,24,72,O,경고,O,낮음
8/3/2026,군위(823),O,37,37.7,30.8,24,72,O,경고,O,낮음
8/3/2026,군위(823),O,37,37.7,30.8,24,72,O,경고,O,낮음
8/3/2026,군위(823),O,37,37.7,30.8,24,72,O,경고,O,낮음
8/3/2026,군위(823),O,37,37.7,30.8,24,72,O,경고,O,낮음
8/3/2026,군위(823),O,37,37.7,30.8,24,72,O,경고,O,낮음
8/3/2026,군위(823),O,37,37.7,30.8,24,72,O,경고,O,낮음
8/3/2026,군위(823),O,37,37.7,30.8,24,72,O,경고,O,낮음
8/3/2026,군위(823),O,37,37.7,30.8,24,72,O,경고,O,낮음
8/3/2026,군위(823),O,37,37.7,30.8,24,72,O,경고,O,낮음
8/3/2026,군위(823),O,37,37.7,30.8,24,72,O,경고,O,낮음
8/3/2026,군위(823),O,37,37.7,30.8,24,72,O,경고,O,낮음
8/3/2026,군위(823),O,37,37.7,30.8,24,72,O,경고,O,낮음
8/3/2026,군위(823),O,37,37.7,30.8,24,72,O,경고,O,낮음
8/3/2026,군위(823),O,37,37.7,30.8,24,72,O,경고,O,낮음
8/3/2026,군위(823),O,37,37.7,30.8,24,72,O,경고,O,낮음
8/3/2026,군위(823),O,37,37.7,30.8,24,72,O,경고,O,낮음
8/3/2026,군위(823),O,37,37.7,30.8,24,72,O,경고,O,낮음
8/3/2026,군위(823),O,37,37.7,30.8,24,72,O,경고,O,낮음
8/3/2026,군위(823),O,37,37.7,30.8,24,72,O,경고,O,낮음
8/3/2026,군위(823),O,37,37.7,30.8,24,72,O,경고,O,낮음
8/3/2026,군위(823),O,37,37.7,30.8,24,72,O,경고,O,낮음
8/3/2026,군위(823),O,37,37.7,30.8,24,72,O,경고,O,낮음
8/3/2026,군위(823),O,37,37.7,30.8,24,72,O,경고,O,낮음
8/3/2026,군위(823),O,37,37.7,30.8,24,72,O,경고,O,낮음
8/3/2026,군위(823),O,37,37.7,30.8,24,72,O,경고,O,낮음
8/3/2026,군위(823),O,37,37.7,30.8,24,72,O,경고,O,낮음
8/3/2026,칠곡(825),O,36.9,38.3,31.6,25.5,69,O,경고,O,낮음
8/3/2026,경산(827),O,37.3,40,31.7,25.8,62,O,심각,O,낮음
8/3/2026,삼척(876),O,34.8,33.7,28.8,26.3,82,X, ,O,낮음
8/3/2026,속초(90),X,31.1,28.8,27.3,26.3,88.5,X, ,O,낮음
8/3/2026,삼천포(907),O,35.6,36.2,28.7,23.7,73,O,심각,X,낮음
8/3/2026,고성(918),O,35.8,35.8,29.5,24,77,O,경고,O,낮음
8/3/2026,창녕(919),O,38.4,40.2,32.1,25.4,64,O,심각,O,낮음
8/3/2026,함안(920),O,38.9,38.7,29.6,23.2,77,O,심각,X,낮음
8/3/2026,북춘천(93),O,36.6,37.3,30.8,24.5,74.4,O,경고,O,낮음
8/3/2026,하동(932),O,36.5,38.4,30.7,25.1,70,X, ,O,낮음
8/3/2026,철원(95),O,35.5,35.1,29.4,23.4,81.3,O,주의,O,낮음
8/3/2026,동두천(98),O,35.4,35.7,29.6,24.1,70.9,O,주의,O,낮음
8/3/2026,파주(99),O,36.2,35.6,29.4,23.8,83.3,X, ,O,낮음
8/4/2026,북강릉(104),X,32.6,30.3,27.1,25.1,91.8,X, ,X,낮음
8/4/2026,동해(106),X,32.2,29.8,27.1,25.4,90.5,X, ,O,낮음
8/4/2026,서울(108),O,37,36.9,32.6,28.9,65.8,O,경고,O,낮음
8/4/2026,인천(112),O,36.7,35.3,31.2,28.2,81.8,X, ,O,낮음
8/4/2026,원주(114),O,36,36.6,30.2,26.9,73.5,O,경고,O,낮음
8/4/2026,울릉도(115),X,32.1,29.9,27.1,24.8,86.1,X,주의,X,낮음
8/4/2026,수원(119),O,36.7,36.5,30.9,26.5,74.4,O,주의,O,낮음
8/4/2026,영월(121),O,37,38.5,30,24.2,71.3,O,경고,X,낮음
8/4/2026,충주(127),O,36.3,36,30.1,26.4,74.1,O,경고,O,낮음
8/4/2026,서산(129),O,36.3,36.6,30.6,24.8,75.8,O,경고,O,낮음
8/4/2026,울진(130),X,32.8,30.3,27.5,26.3,91.4,X, ,O,낮음
8/4/2026,청주(131),O,36.5,37.2,31.9,28.1,67,X, ,O,낮음
8/4/2026,대전(133),O,37.5,37.5,31.2,26.8,75.6,O,경고,O,낮음
8/4/2026,추풍령(135),O,34.7,34,28,23.2,78.8,O,경고,X,낮음
8/4/2026,안동(136),O,33.9,33.3,29.4,26.1,72,X, ,X,낮음
8/4/2026,상주(137),O,36.2,35.7,29.4,25.2,80.5,O,경고,O,낮음
8/4/2026,포항(138),X,32.6,31.1,28.6,27.5,81.4,O,주의,O,낮음
8/4/2026,군산(140),O,36.6,35.7,30.6,26.4,80.4,X, ,O,낮음
8/4/2026,대구(143),O,34.1,34.2,30,27.4,67,X, ,O,낮음
8/4/2026,전주(146),O,36.6,37.4,31.7,27.2,68.3,O,경고,O,낮음
8/4/2026,울산(152),X,32.9,32.3,28.6,26.5,74.8,X, ,O,낮음
8/4/2026,창원(155),O,35.3,35,30.3,26.9,73.1,O,심각,O,낮음
8/4/2026,광주(156),O,37.7,38.6,30.8,26.8,75,X, ,O,낮음
8/4/2026,부산(159),O,35.2,35.3,30.5,28,69.9,X, ,O,낮음
8/4/2026,통영(162),O,35.2,35.2,30.1,26.5,71.5,O,경고,O,낮음
8/4/2026,목포(165),O,34.8,34,29.8,27,82.3,O,주의,O,낮음
8/4/2026,여수(168),O,35,34.9,29.8,26.8,73.3,O,심각,O,낮음
8/4/2026,흑산도(169),O,35.1,33.7,29.4,25.5,80.1,O,경고,O,낮음
8/4/2026,완도(170),O,36.9,36.8,30.4,25.3,72.4,X, ,O,낮음
8/4/2026,고창(172),O,36.3,36.3,30.1,25.4,78.1,O,경고,O,낮음
8/4/2026,제주(184),O,33.7,32.9,30.2,28.2,75.1,X, ,O,낮음
8/4/2026,진주(192),O,36.3,36.9,29.3,24.5,78.6,O,심각,O,낮음
8/4/2026,양평(202),O,36,36.9,30.4,26.5,73.1,X, ,O,낮음
8/4/2026,이천(203),O,37,36.6,30.6,26.3,79.3,O,경고,O,낮음
8/4/2026,인제(211),O,35,35.4,28.7,23.7,74.9,X, ,X,낮음
8/4/2026,홍천(212),O,36,36.9,30.5,25.3,69.6,X, ,O,낮음
8/4/2026,태백(216),X,29.8,28.3,24.5,22.2,87.1,O,주의,X,낮음
8/4/2026,정선군(217),O,34.7,34.7,28.4,24.6,76.6,X, ,X,낮음
8/4/2026,제천(221),O,34.9,34.9,28.6,24.2,78,O,경고,X,낮음
8/4/2026,보은(226),O,34.4,33.6,28.2,23.7,83.4,O,주의,X,낮음
8/4/2026,천안(232),O,36,35.8,30.1,25.2,80.4,O,경고,O,낮음
8/4/2026,보령(235),O,37.2,37,30.9,25.8,75.1,X, ,O,낮음
8/4/2026,부여(236),O,36.4,36.7,29.1,25.4,82.3,O,경고,O,낮음
8/4/2026,금산(238),O,36.4,37,29.8,24.3,76,O,주의,O,낮음
8/4/2026,세종(239),O,36.4,36,29.8,25.8,80.5,X, ,O,낮음
8/4/2026,부안(243),O,36.5,36.4,30.5,26.2,75.8,X, ,O,낮음
8/4/2026,임실(244),O,35.5,36.8,28.6,24.2,79.3,O,경고,X,낮음
8/4/2026,정읍(245),O,36.9,37.6,30.9,26.1,73.6,O,경고,O,낮음
8/4/2026,남원(247),O,36.8,37.4,30.1,25.5,74.5,O,경고,O,낮음
8/4/2026,장수(248),O,34.5,34.5,27.4,22.1,83.8,O,경고,X,낮음
8/4/2026,영광군(252),O,36.6,36,29.8,25.5,81.3,X, ,O,낮음
8/4/2026,김해시(253),O,36.6,36.7,31.1,27.4,70,O,심각,O,낮음
8/4/2026,순창군(254),O,36.6,38.6,30.3,25.2,73.4,O,경고,O,낮음
8/4/2026,양산시(257),O,36.3,36.2,31.5,28.6,70.8,O,심각,O,낮음
8/4/2026,강진군(259),O,36.2,35.6,29.3,25.6,81.5,O,경고,O,낮음
8/4/2026,장흥(260),O,36.1,35.1,29.1,25,81,O,경고,O,낮음
8/4/2026,해남(261),O,36.5,35.9,30.2,25.5,78,X, ,O,낮음
8/4/2026,고흥(262),O,36.3,36.5,30.4,25.3,73.5,X, ,O,낮음
8/4/2026,의령군(263),O,37.1,37.2,31.1,24.8,71.1,O,심각,O,낮음
8/4/2026,함양군(264),O,36.8,37.3,29.5,24.3,81.5,X, ,O,낮음
8/4/2026,진도군ASOS(268),O,34.8,34.4,29.3,24.8,79,O,경고,O,낮음
8/4/2026,봉화(271),X,32.2,31.6,26.4,23,82.5,X, ,X,낮음
8/4/2026,영주(272),O,34,33.4,28.6,26,79.1,O,경고,X,낮음
8/4/2026,문경(273),O,35.6,34.8,28.5,25.3,83.4,O,경고,X,낮음
8/4/2026,청송군(276),O,33.2,32.5,28,24.8,83.5,O,경고,X,낮음
8/4/2026,영덕(277),X,32.4,31.1,27.4,25.8,84.4,X,주의,X,낮음
8/4/2026,의성(278),O,35,35,29.4,25,75.4,O,경고,X,낮음
8/4/2026,구미(279),O,36.4,37.2,30.5,25.9,68.3,O,심각,O,낮음
8/4/2026,영천(281),X,32.9,32.3,28.2,25.5,77.3,O,경고,X,낮음
8/4/2026,경주시(283),O,33.9,32.8,28.9,27,77.6,X, ,O,낮음
8/4/2026,거창(284),O,37.1,37.1,29.2,23.9,78.6,X, ,X,낮음
8/4/2026,합천(285),O,36.6,37.1,29.7,24.5,78,X, ,O,낮음
8/4/2026,밀양(288),O,35.9,36.4,31.3,27.6,66.9,O,심각,O,낮음
8/4/2026,산청(289),O,36.6,36.7,29.4,24.8,79.3,X, ,O,낮음
8/4/2026,거제(294),O,34.2,33.8,29.3,26,74.3,O,경고,O,낮음
8/4/2026,남해(295),O,36.2,36.3,29.7,25.8,74.5,O,경고,O,낮음
8/4/2026,부천(433),O,37,37.2,32.3,28.4,69,O,경고,O,낮음
8/4/2026,안양(434),X,,36.5,31.8,28.8,,O,주의,O,낮음
8/4/2026,광명(437),O,36.7,37.3,33,29.2,66,O,경고,O,낮음
8/4/2026,군포(438),O,36.4,36.8,31.5,27.9,69,O,주의,O,낮음
8/4/2026,김포(441),O,38,37.1,31.9,27.2,81,O,경고,O,낮음
8/4/2026,하남(444),O,37.4,37.4,32.1,27.4,74,O,경고,O,낮음
8/4/2026,의왕(445),X,,,,,,O,경고,X,낮음
8/4/2026,포천(504),O,37,36.7,31,26.4,77,O,경고,O,낮음
8/4/2026,가평조종(505),O,36.5,36,30.6,25.2,80,O,경고,O,낮음
8/4/2026,안성(516),O,37.4,37.9,30.7,26.2,77,O,경고,O,낮음
8/4/2026,간성(517),X,31.8,29.5,26.7,24.8,89,X, ,X,낮음
8/4/2026,평창(526),O,34.2,34.7,28.1,23.5,75,X, ,X,낮음
8/4/2026,의정부(532),O,37.1,36.7,31.4,26.5,74,O,경고,O,낮음
8/4/2026,횡성(536),O,36.1,36.9,28.9,25.2,78,O,경고,X,낮음
8/4/2026,고양(540),O,37.6,37.5,31,26,77,O,경고,O,낮음
8/4/2026,남양주(541),O,37.7,37.6,32.3,27.1,69,O,경고,O,낮음
8/4/2026,안산(545),O,38,37,30.1,24.6,85,O,경고,O,낮음
8/4/2026,경기광주(546),O,35.8,35.9,30.4,26.3,76,O,경고,O,낮음
8/4/2026,여주(548),O,37.3,37.3,30.1,26.4,79,X, ,O,낮음
8/4/2026,용인(549),O,38,38.9,32.1,26.8,70,X, ,O,낮음
8/4/2026,오산(550),O,37,36.8,30.4,25,79,O,경고,O,낮음
8/4/2026,평택(551),O,38.7,37.9,30.1,26,85,O,경고,O,낮음
8/4/2026,화천(555),O,36.6,36.7,30.1,25.2,78,O,경고,X,낮음
8/4/2026,양구(556),O,35.8,36.4,29.2,23.1,74,X, ,X,낮음
8/4/2026,시흥(565),O,36.1,35.5,30.1,25,80,O,주의,O,낮음
8/4/2026,구리(569),O,36.9,37.1,31.7,27.2,66,O,경고,O,낮음
8/4/2026,화성(571),O,36.5,36.3,30.2,26.1,80,O,경고,O,낮음
8/4/2026,성남(572),O,36.4,36.9,32.1,27.8,69,O,주의,O,낮음
8/4/2026,과천(590),O,36.9,37,31.1,26.4,78,O,경고,O,낮음
8/4/2026,양주(598),O,37,36.8,31.3,26.1,76,O,경고,O,낮음
8/4/2026,단양(601),O,35.2,35.2,28.9,24.9,77,O,주의,X,낮음
8/4/2026,진천(602),O,36.3,35.8,30.2,25.4,78,O,경고,O,낮음
8/4/2026,괴산(603),O,36.3,36.7,29.1,24.4,80,O,경고,X,낮음
8/4/2026,옥천(604),O,36.6,36.1,30,24.5,78,O,경고,O,낮음
8/4/2026,홍북(608),X,,,,,,X, ,X,낮음
8/4/2026,공주(612),O,36.6,37,29.3,24.9,86,O,경고,O,낮음
8/4/2026,서천(614),O,36.2,35.2,29.6,25.4,84,O,주의,O,낮음
8/4/2026,논산(615),O,36.1,36.4,30,25,77,O,경고,O,낮음
8/4/2026,당진(616),O,36.6,36.6,30.2,24.7,77,O,경고,O,낮음
8/4/2026,청양(618),O,37.4,37.2,29.5,23.9,82,O,경고,O,낮음
8/4/2026,음성(619),O,36.5,36.4,29.8,24.9,79,O,경고,X,낮음
8/4/2026,증평(623),O,35.8,36.4,30.2,26.1,73,O,주의,O,낮음
8/4/2026,태안(627),O,36.6,35.6,29.9,24.3,81,O,경고,O,낮음
8/4/2026,예산(628),O,35.8,36,30.1,25,76,O,주의,O,낮음
8/4/2026,아산(634),O,36.1,36.6,30.4,25.2,75,O,경고,O,낮음
8/4/2026,계룡(636),O,35.9,35.9,28.6,22.8,85,O,경고,X,낮음
8/4/2026,연천청산(652),O,36.6,36.1,30.5,25.8,75,O,경고,O,낮음
8/4/2026,양양(670),X,31.4,29.1,26.3,25,90,X, ,X,낮음
8/4/2026,무안(699),O,36.3,35.8,30.3,25.6,80,X, ,O,낮음
8/4/2026,무주(701),O,34.6,35.3,29,22.8,72,O,주의,X,낮음
8/4/2026,익산(702),O,37.4,36.7,30.6,26,80,O,경고,O,낮음
8/4/2026,진안(703),O,35.8,35.3,27.9,22.6,85,O,경고,X,낮음
8/4/2026,담양(706),O,37.5,37,30.1,25.6,80,O,경고,O,낮음
8/4/2026,구례(709),O,36.9,36.8,28.9,24.7,78,X, ,O,낮음
8/4/2026,나주(710),O,36.5,36.6,29.2,25.2,82,X, ,O,낮음
8/4/2026,순천시(712),O,36.2,34.8,29.7,25.5,84,O,심각,O,낮음
8/4/2026,광양읍(713),O,38.5,38.7,31.2,25.7,75,O,심각,O,낮음
8/4/2026,장성(730),O,37.3,38.1,30.4,25.2,78,O,경고,O,낮음
8/4/2026,영암(731),O,36.7,36.2,29.1,25.2,85,O,경고,O,낮음
8/4/2026,보성(732),O,34,34,28.1,23.3,76,O,심각,O,낮음
8/4/2026,완주(734),O,36.8,37.1,29.6,24.1,78,O,경고,O,낮음
8/4/2026,김제(737),O,37.7,37.2,30.9,26.5,81,O,경고,O,낮음
8/4/2026,화순(741),O,37.1,37.3,29.8,25,75,O,경고,O,낮음
8/4/2026,함평(754),O,36.8,36,30.1,25.5,83,O,경고,O,낮음
8/4/2026,곡성(768),O,37.6,38.4,29.6,24.5,81,X, ,O,낮음
8/4/2026,압해도(789),O,35.9,34.3,29.4,25.5,86,O,경고,O,낮음
8/4/2026,영양(801),O,33.1,31.5,27,23.9,86,X, ,X,낮음
8/4/2026,성주(810),O,36.4,36.5,29.6,25.5,75,O,경고,O,낮음
8/4/2026,고령(812),O,37.2,37.3,30.8,24.7,75,O,심각,O,낮음
8/4/2026,청도(813),O,35.3,34.8,29.5,25,76,O,경고,X,낮음
8/4/2026,예천(815),O,35.6,35.1,29.4,25.9,80,O,경고,X,낮음
8/4/2026,김천(822),O,36.2,36.5,30,24.1,72,X, ,O,낮음
8/4/2026,군위(823),O,36.1,35.7,29.8,25.7,76,O,경고,X,낮음
8/4/2026,군위(823),O,36.1,35.7,29.8,25.7,76,O,경고,X,낮음
8/4/2026,군위(823),O,36.1,35.7,29.8,25.7,76,O,경고,X,낮음
8/4/2026,군위(823),O,36.1,35.7,29.8,25.7,76,O,경고,X,낮음
8/4/2026,군위(823),O,36.1,35.7,29.8,25.7,76,O,경고,X,낮음
8/4/2026,군위(823),O,36.1,35.7,29.8,25.7,76,O,경고,X,낮음
8/4/2026,군위(823),O,36.1,35.7,29.8,25.7,76,O,경고,X,낮음
8/4/2026,군위(823),O,36.1,35.7,29.8,25.7,76,O,경고,X,낮음
8/4/2026,군위(823),O,36.1,35.7,29.8,25.7,76,O,경고,X,낮음
8/4/2026,군위(823),O,36.1,35.7,29.8,25.7,76,O,경고,X,낮음
8/4/2026,군위(823),O,36.1,35.7,29.8,25.7,76,O,경고,X,낮음
8/4/2026,군위(823),O,36.1,35.7,29.8,25.7,76,O,경고,X,낮음
8/4/2026,군위(823),O,36.1,35.7,29.8,25.7,76,O,경고,X,낮음
8/4/2026,군위(823),O,36.1,35.7,29.8,25.7,76,O,경고,X,낮음
8/4/2026,군위(823),O,36.1,35.7,29.8,25.7,76,O,경고,X,낮음
8/4/2026,군위(823),O,36.1,35.7,29.8,25.7,76,O,경고,X,낮음
8/4/2026,군위(823),O,36.1,35.7,29.8,25.7,76,O,경고,X,낮음
8/4/2026,군위(823),O,36.1,35.7,29.8,25.7,76,O,경고,X,낮음
8/4/2026,군위(823),O,36.1,35.7,29.8,25.7,76,O,경고,X,낮음
8/4/2026,군위(823),O,36.1,35.7,29.8,25.7,76,O,경고,X,낮음
8/4/2026,군위(823),O,36.1,35.7,29.8,25.7,76,O,경고,X,낮음
8/4/2026,군위(823),O,36.1,35.7,29.8,25.7,76,O,경고,X,낮음
8/4/2026,군위(823),O,36.1,35.7,29.8,25.7,76,O,경고,X,낮음
8/4/2026,군위(823),O,36.1,35.7,29.8,25.7,76,O,경고,X,낮음
8/4/2026,군위(823),O,36.1,35.7,29.8,25.7,76,O,경고,X,낮음
8/4/2026,군위(823),O,36.1,35.7,29.8,25.7,76,O,경고,X,낮음
8/4/2026,군위(823),O,36.1,35.7,29.8,25.7,76,O,경고,X,낮음
8/4/2026,군위(823),O,36.1,35.7,29.8,25.7,76,O,경고,X,낮음
8/4/2026,군위(823),O,36.1,35.7,29.8,25.7,76,O,경고,X,낮음
8/4/2026,군위(823),O,36.1,35.7,29.8,25.7,76,O,경고,X,낮음
8/4/2026,군위(823),O,36.1,35.7,29.8,25.7,76,O,경고,X,낮음
8/4/2026,군위(823),O,36.1,35.7,29.8,25.7,76,O,경고,X,낮음
8/4/2026,칠곡(825),O,36.1,36.5,30,26,77,O,심각,O,낮음
8/4/2026,경산(827),O,35.2,35.4,30.3,27.2,69,O,심각,O,낮음
8/4/2026,삼척(876),O,33.3,31.4,27.4,25.8,88,X, ,O,낮음
8/4/2026,속초(90),X,31.8,29.9,27.3,25.8,84.8,X, ,O,낮음
8/4/2026,삼천포(907),O,35.2,35.3,28.2,24.6,78,O,심각,O,낮음
8/4/2026,고성(918),O,36.2,35.8,29.7,25.2,80,O,경고,O,낮음
8/4/2026,창녕(919),O,36.8,37.3,31.2,26.2,67,O,심각,O,낮음
8/4/2026,함안(920),O,37.5,36.4,29.4,24.4,80,O,심각,X,낮음
8/4/2026,북춘천(93),O,36.9,37.6,31.2,25.4,71.6,O,경고,O,낮음
8/4/2026,하동(932),O,36,38.2,30.3,25.2,75,X, ,O,낮음
8/4/2026,철원(95),O,36,35.4,30.2,25,79,O,경고,X,낮음
8/4/2026,동두천(98),O,35.7,36,30.8,26.2,69.3,O,주의,O,낮음
8/4/2026,파주(99),O,36.5,35.9,30.2,25.5,81.1,X, ,O,낮음
8/5/2026,북강릉(104),O,33.4,31.3,27.7,24.4,88.5,X, ,X,낮음
8/5/2026,동해(106),O,33.4,31.5,27.9,25,84.6,X, ,X,낮음
8/5/2026,서울(108),O,37,36.9,32.8,29,67.4,O,심각,O,낮음
8/5/2026,인천(112),O,36.2,35.2,31.5,28.4,76.4,X, ,O,낮음
8/5/2026,원주(114),O,35.7,36.3,30.8,25.8,70.6,O,경고,O,낮음
8/5/2026,울릉도(115),X,32,30.1,26.3,24,83.8,X,관심,X,낮음
8/5/2026,수원(119),O,36.2,36.7,31,27.4,71.1,O,경고,O,낮음
8/5/2026,영월(121),O,36.3,37.3,29.7,23.4,71.5,O,경고,X,낮음
8/5/2026,충주(127),O,35.2,35.4,30.1,25.3,71.6,O,경고,O,낮음
8/5/2026,서산(129),O,35.4,35.8,30.6,26.6,76,O,경고,O,낮음
8/5/2026,울진(130),X,31.9,29.8,27.2,25.1,89.4,X, ,X,낮음
8/5/2026,청주(131),O,35.4,36.1,32.4,28.8,58.1,X, ,O,낮음
8/5/2026,대전(133),O,35.5,35.4,31.3,27,66.9,O,경고,O,낮음
8/5/2026,추풍령(135),O,33.5,33,28.2,24.5,75.3,O,경고,X,낮음
8/5/2026,안동(136),O,35,35.7,29.4,24.7,69.3,X, ,X,낮음
8/5/2026,상주(137),O,35.4,34.8,29.9,25.7,73.3,O,경고,X,낮음
8/5/2026,포항(138),X,32.7,32,28.8,26.8,74,O,주의,O,낮음
8/5/2026,군산(140),O,36.5,35.9,30.9,26.9,79.6,X, ,O,낮음
8/5/2026,대구(143),O,34.2,35.4,29.8,26.2,65.1,X, ,O,낮음
8/5/2026,전주(146),O,36.4,36.8,31.6,27.8,70.6,O,심각,O,낮음
8/5/2026,울산(152),X,32.2,31.6,28,25.8,74.6,X, ,X,낮음
8/5/2026,창원(155),O,34.7,34.6,29.3,26.5,75.1,O,경고,O,낮음
8/5/2026,광주(156),O,36.3,36.3,30.3,27.1,81.4,X, ,O,낮음
8/5/2026,부산(159),O,34.1,33.6,29.6,27.1,69.5,X, ,O,낮음
8/5/2026,통영(162),O,34.2,34.2,29.4,26.3,70.3,O,주의,O,낮음
8/5/2026,목포(165),O,34.2,33.4,29.1,27.1,84.8,O,경고,O,낮음
8/5/2026,여수(168),O,33.6,32.7,29.2,26.9,76.4,O,심각,O,낮음
8/5/2026,흑산도(169),O,33.9,32.6,29,26.1,82.8,O,경고,O,낮음
8/5/2026,완도(170),O,35.6,35.1,29.8,26.5,75.6,X, ,X,낮음
8/5/2026,고창(172),X,32.7,35.5,,26.7,,O,경고,O,낮음
8/5/2026,제주(184),O,33.2,32.1,29.7,27.7,76.5,X, ,O,낮음
8/5/2026,진주(192),O,35.7,35.7,29.6,26,76.6,O,경고,X,낮음
8/5/2026,양평(202),O,35.6,35.3,30.2,26.1,75.3,X, ,O,낮음
8/5/2026,이천(203),O,36.3,36,30.5,26,78.3,O,경고,O,낮음
8/5/2026,인제(211),O,35.9,36.8,28.5,23.5,72.6,X, ,X,낮음
8/5/2026,홍천(212),O,35.7,36.7,30.2,25.2,68.8,X, ,X,낮음
8/5/2026,태백(216),X,31.6,31.1,25.2,22,82.6,X,관심,X,낮음
8/5/2026,정선군(217),O,36.1,36.8,28.6,22.9,73.3,X, ,X,낮음
8/5/2026,제천(221),O,34.7,34.8,28.2,23,77.6,O,경고,X,낮음
8/5/2026,보은(226),O,33.6,33.4,28.7,23.8,76.6,O,경고,X,낮음
8/5/2026,천안(232),O,35,35,30.1,25.5,76.5,O,경고,O,낮음
8/5/2026,보령(235),O,37,36.7,31.1,27.3,76.1,X, ,O,낮음
8/5/2026,부여(236),O,35.5,35.4,30.4,26,78,O,경고,O,낮음
8/5/2026,금산(238),O,35.4,35.7,30.1,26.5,71.3,O,경고,O,낮음
8/5/2026,세종(239),O,35.5,35.6,30.5,26.6,72.6,X, ,O,낮음
8/5/2026,부안(243),O,35.6,35.1,30.4,27.1,78,X, ,O,낮음
8/5/2026,임실(244),O,34.6,34.6,29,24.9,79.1,O,경고,O,낮음
8/5/2026,정읍(245),O,36.1,35.9,30.6,26.5,77.3,O,경고,O,낮음
8/5/2026,남원(247),O,36.1,36.3,30.7,25.9,73,O,경고,O,낮음
8/5/2026,장수(248),O,33.9,33.6,27.5,23.3,81.8,O,경고,X,낮음
8/5/2026,영광군(252),O,35.3,33.9,29.5,25.7,84.1,X, ,O,낮음
8/5/2026,김해시(253),O,37,37.8,30.8,27,67.4,O,경고,O,낮음
8/5/2026,순창군(254),O,35.8,36.1,29.8,26.5,78.4,O,경고,O,낮음
8/5/2026,양산시(257),O,37.1,37.9,31.4,27.9,68.1,O,경고,O,낮음
8/5/2026,강진군(259),O,35.1,34.2,29.6,26.4,81.6,O,경고,X,낮음
8/5/2026,장흥(260),O,35.1,34,29.2,26.5,82.9,O,경고,X,낮음
8/5/2026,해남(261),O,35.8,34.4,29.7,26.8,82.3,X, ,X,낮음
8/5/2026,고흥(262),O,35,33.7,29.3,25.8,80.1,X, ,X,낮음
8/5/2026,의령군(263),O,37.1,37.8,31,25.9,72.1,O,경고,X,낮음
8/5/2026,함양군(264),O,36.2,36.7,30.9,26,74.9,X, ,X,낮음
8/5/2026,진도군ASOS(268),O,33.9,32.3,28.5,26.2,83,O,경고,X,낮음
8/5/2026,봉화(271),O,33.5,33.5,27.1,22.8,78,X, ,X,낮음
8/5/2026,영주(272),O,34.2,34.4,28.6,23.2,75.6,O,주의,X,낮음
8/5/2026,문경(273),O,34.7,34.5,29.1,24.2,76.1,O,경고,X,낮음
8/5/2026,청송군(276),O,35.3,35.5,27.8,23,81,O,주의,X,낮음
8/5/2026,영덕(277),O,33.2,32.3,27.5,24.8,79.9,X,관심,X,낮음
8/5/2026,의성(278),O,35.3,36.3,29.3,23.6,72.5,O,경고,X,낮음
8/5/2026,구미(279),O,36.2,37.3,31.1,26.4,63,O,경고,X,낮음
8/5/2026,영천(281),O,34,34.4,28.3,24.2,73.6,O,경고,X,낮음
8/5/2026,경주시(283),O,34.5,34.3,28.7,25,75.5,X, ,X,낮음
8/5/2026,거창(284),O,36.5,36.9,29.7,24.8,74.3,X, ,X,낮음
8/5/2026,합천(285),O,36.1,37,30.9,25.4,69.5,X, ,X,낮음
8/5/2026,밀양(288),O,36.1,37.6,31.5,26.4,62.9,O,경고,O,낮음
8/5/2026,산청(289),O,36.2,36.6,30.4,26,73.4,X, ,O,낮음
8/5/2026,거제(294),O,33.7,33.4,28.8,26,72.9,O,주의,X,낮음
8/5/2026,남해(295),O,34.5,34.3,28.9,25.7,78,O,경고,X,낮음
8/5/2026,부천(433),O,36.6,37.6,31.5,28.5,70,O,경고,O,낮음
8/5/2026,안양(434),X,,36.6,31.7,28.5,,O,경고,O,낮음
8/5/2026,광명(437),O,36.9,37.8,32.7,28.4,65,O,경고,O,낮음
8/5/2026,군포(438),O,36.3,37.3,31.6,27.4,67,O,경고,O,낮음
8/5/2026,김포(441),O,38.3,38.1,31.8,27.8,79,O,경고,O,낮음
8/5/2026,하남(444),O,37.3,37.5,31.5,27.4,73,O,심각,O,낮음
8/5/2026,의왕(445),X,,,,,,O,경고,X,낮음
8/5/2026,포천(504),O,37.1,37.3,31.3,26.2,77,O,경고,O,낮음
8/5/2026,가평조종(505),O,36.9,36.8,30.7,25.3,80,O,경고,X,낮음
8/5/2026,안성(516),O,36.4,36.2,30.7,25.8,75,O,심각,O,낮음
8/5/2026,간성(517),X,32.5,30.5,27.2,24.1,87,X, ,X,낮음
8/5/2026,평창(526),O,35.2,35.6,28.1,22.9,74,X, ,X,낮음
8/5/2026,의정부(532),O,37.7,37.4,31.4,27.2,74,O,경고,O,낮음
8/5/2026,횡성(536),O,36.1,36.7,29.4,24.3,73,O,경고,X,낮음
8/5/2026,고양(540),O,38.3,38.9,31,26.4,79,O,심각,O,낮음
8/5/2026,남양주(541),O,37.8,38,32.1,27.5,70,O,경고,O,낮음
8/5/2026,안산(545),O,37.2,36.3,30,25.9,84,O,경고,O,낮음
8/5/2026,경기광주(546),O,35.6,35.6,29.7,25.5,77,O,경고,O,낮음
8/5/2026,여주(548),O,36,35.7,29.9,25.6,78,X, ,O,낮음
8/5/2026,용인(549),O,36.9,37.6,31.6,27.3,70,X, ,O,낮음
8/5/2026,오산(550),O,36.4,36.5,30.4,25.7,76,O,심각,O,낮음
8/5/2026,평택(551),O,37.4,36.2,30.8,26,81,O,경고,O,낮음
8/5/2026,화천(555),O,36.9,36.8,30,24.9,78,O,경고,X,낮음
8/5/2026,양구(556),O,35.8,37.1,29,23,72,X, ,X,낮음
8/5/2026,시흥(565),O,36.3,35.9,30.2,25.2,78,O,경고,O,낮음
8/5/2026,구리(569),O,36.8,37.1,31.2,27.2,71,O,경고,O,낮음
8/5/2026,화성(571),O,36.9,37.2,30.7,26.2,75,O,경고,O,낮음
8/5/2026,성남(572),O,35.8,36.1,31.7,27.4,69,O,경고,O,낮음
8/5/2026,과천(590),O,36.3,36.8,30.8,26.4,77,O,경고,O,낮음
8/5/2026,양주(598),O,37.4,37.4,31.6,26.8,76,O,경고,O,낮음
8/5/2026,단양(601),O,34.9,35.5,29.2,24,75,O,경고,X,낮음
8/5/2026,진천(602),O,36.3,35.8,29.7,25.1,77,O,경고,X,낮음
8/5/2026,괴산(603),O,35.3,35.5,29.4,24.1,75,O,경고,X,낮음
8/5/2026,옥천(604),O,36,35.5,30.1,26.3,73,O,경고,O,낮음
8/5/2026,홍북(608),X,,,,,,X, ,X,낮음
8/5/2026,공주(612),O,35.6,35.7,30.1,25.3,76,O,경고,O,낮음
8/5/2026,서천(614),O,36.2,35.2,30,26.4,82,O,주의,O,낮음
8/5/2026,논산(615),O,35.6,35.8,30.9,26.4,70,O,경고,O,낮음
8/5/2026,당진(616),O,36.2,36,29.9,26,80,O,경고,O,낮음
8/5/2026,청양(618),O,35.8,35.5,29.7,25,82,O,경고,O,낮음
8/5/2026,음성(619),O,36.2,36.1,29.7,24.4,77,O,경고,O,낮음
8/5/2026,증평(623),O,35.2,36,30.8,25.9,66,O,경고,O,낮음
8/5/2026,태안(627),O,36.4,35.6,30.4,26.5,80,O,경고,O,낮음
8/5/2026,예산(628),O,35,35.1,30.1,25.7,76,O,경고,O,낮음
8/5/2026,아산(634),O,36.1,37.3,30.8,26.5,71,O,경고,O,낮음
8/5/2026,계룡(636),O,34.9,34.7,29,24.3,81,O,경고,X,낮음
8/5/2026,연천청산(652),O,36.7,36.5,31.1,26.1,74,O,경고,O,낮음
8/5/2026,양양(670),X,32.2,30,27,24,87,X, ,X,낮음
8/5/2026,무안(699),O,35.9,35.3,29.3,26.7,84,X, ,O,낮음
8/5/2026,무주(701),O,34.4,35.3,29.1,24.4,71,O,주의,X,낮음
8/5/2026,익산(702),O,36.6,35.7,31.1,26.8,79,O,경고,O,낮음
8/5/2026,진안(703),O,35.3,34.9,28.1,23.9,85,O,경고,X,낮음
8/5/2026,담양(706),O,36.6,35.7,30.3,26.7,84,O,경고,O,낮음
8/5/2026,구례(709),O,35.5,35.2,29.9,26.3,75,X, ,O,낮음
8/5/2026,나주(710),O,35,34.5,28.6,26.2,85,X, ,O,낮음
8/5/2026,순천시(712),O,34.9,33,29.2,26.4,87,O,심각,O,낮음
8/5/2026,광양읍(713),O,38.2,37.7,30.3,26.4,80,O,심각,X,낮음
8/5/2026,장성(730),O,36.5,36.7,30.3,26.8,81,O,심각,O,낮음
8/5/2026,영암(731),O,35.5,34.5,29.6,26.8,84,O,경고,O,낮음
8/5/2026,보성(732),O,33.7,33.1,28.5,25.4,76,O,심각,X,낮음
8/5/2026,완주(734),O,36,36.1,29.6,25.2,79,O,경고,O,낮음
8/5/2026,김제(737),O,37.1,36.6,30.9,27.1,81,O,경고,O,낮음
8/5/2026,화순(741),O,36.1,35.8,29.8,26.3,78,O,경고,X,낮음
8/5/2026,함평(754),O,35.9,35.1,29.2,25.7,86,O,경고,O,낮음
8/5/2026,곡성(768),O,36.7,37,30.4,25.5,80,X, ,O,낮음
8/5/2026,압해도(789),O,35.2,34.2,29.4,26.8,83,O,경고,O,낮음
8/5/2026,영양(801),O,35.7,35.2,27.4,22.8,83,X, ,X,낮음
8/5/2026,성주(810),O,35.5,35.4,30.1,25.5,71,O,경고,X,낮음
8/5/2026,고령(812),O,37,37.5,31,26,71,O,경고,X,낮음
8/5/2026,청도(813),O,35.5,36.1,29.1,24.7,74,O,경고,X,낮음
8/5/2026,예천(815),O,35.8,36.2,30,24.8,72,O,경고,X,낮음
8/5/2026,김천(822),O,36.3,36.8,30.8,25.6,66,X, ,X,낮음
8/5/2026,군위(823),O,35.8,36.2,30,24.2,73,O,경고,X,낮음
8/5/2026,군위(823),O,35.8,36.2,30,24.2,73,O,경고,X,낮음
8/5/2026,군위(823),O,35.8,36.2,30,24.2,73,O,경고,X,낮음
8/5/2026,군위(823),O,35.8,36.2,30,24.2,73,O,경고,X,낮음
8/5/2026,군위(823),O,35.8,36.2,30,24.2,73,O,경고,X,낮음
8/5/2026,군위(823),O,35.8,36.2,30,24.2,73,O,경고,X,낮음
8/5/2026,군위(823),O,35.8,36.2,30,24.2,73,O,경고,X,낮음
8/5/2026,군위(823),O,35.8,36.2,30,24.2,73,O,경고,X,낮음
8/5/2026,군위(823),O,35.8,36.2,30,24.2,73,O,경고,X,낮음
8/5/2026,군위(823),O,35.8,36.2,30,24.2,73,O,경고,X,낮음
8/5/2026,군위(823),O,35.8,36.2,30,24.2,73,O,경고,X,낮음
8/5/2026,군위(823),O,35.8,36.2,30,24.2,73,O,경고,X,낮음
8/5/2026,군위(823),O,35.8,36.2,30,24.2,73,O,경고,X,낮음
8/5/2026,군위(823),O,35.8,36.2,30,24.2,73,O,경고,X,낮음
8/5/2026,군위(823),O,35.8,36.2,30,24.2,73,O,경고,X,낮음
8/5/2026,군위(823),O,35.8,36.2,30,24.2,73,O,경고,X,낮음
8/5/2026,군위(823),O,35.8,36.2,30,24.2,73,O,경고,X,낮음
8/5/2026,군위(823),O,35.8,36.2,30,24.2,73,O,경고,X,낮음
8/5/2026,군위(823),O,35.8,36.2,30,24.2,73,O,경고,X,낮음
8/5/2026,군위(823),O,35.8,36.2,30,24.2,73,O,경고,X,낮음
8/5/2026,군위(823),O,35.8,36.2,30,24.2,73,O,경고,X,낮음
8/5/2026,군위(823),O,35.8,36.2,30,24.2,73,O,경고,X,낮음
8/5/2026,군위(823),O,35.8,36.2,30,24.2,73,O,경고,X,낮음
8/5/2026,군위(823),O,35.8,36.2,30,24.2,73,O,경고,X,낮음
8/5/2026,군위(823),O,35.8,36.2,30,24.2,73,O,경고,X,낮음
8/5/2026,군위(823),O,35.8,36.2,30,24.2,73,O,경고,X,낮음
8/5/2026,군위(823),O,35.8,36.2,30,24.2,73,O,경고,X,낮음
8/5/2026,군위(823),O,35.8,36.2,30,24.2,73,O,경고,X,낮음
8/5/2026,군위(823),O,35.8,36.2,30,24.2,73,O,경고,X,낮음
8/5/2026,군위(823),O,35.8,36.2,30,24.2,73,O,경고,X,낮음
8/5/2026,군위(823),O,35.8,36.2,30,24.2,73,O,경고,X,낮음
8/5/2026,군위(823),O,35.8,36.2,30,24.2,73,O,경고,X,낮음
8/5/2026,칠곡(825),O,36,36.5,30.4,26.1,73,O,경고,X,낮음
8/5/2026,경산(827),O,35.5,36.5,30.1,25.8,68,O,경고,X,낮음
8/5/2026,삼척(876),O,33.4,32.1,28,25.4,81,X, ,X,낮음
8/5/2026,속초(90),O,33,31.3,28,25.1,83.5,X, ,O,낮음
8/5/2026,삼천포(907),O,34.4,34,28.3,25.1,76,O,경고,X,낮음
8/5/2026,고성(918),O,34.9,34,28.8,25.3,81,O,경고,X,낮음
8/5/2026,창녕(919),O,36,36.8,31,26.5,64,O,경고,O,낮음
8/5/2026,함안(920),O,36.4,36,29.1,24.7,79,O,경고,X,낮음
8/5/2026,북춘천(93),O,37.1,37.9,30.9,25.2,71.9,O,경고,X,낮음
8/5/2026,하동(932),O,35.1,36.8,30.2,26.8,75,X, ,O,낮음
8/5/2026,철원(95),O,35.9,35.9,30.4,24.8,76.8,O,경고,X,낮음
8/5/2026,동두천(98),O,35.9,36.5,31.3,26.3,68.4,O,경고,O,낮음
8/5/2026,파주(99),O,36.8,36.3,30.8,26.1,80.4,X, ,O,낮음
8/6/2026,북강릉(104),O,33.1,31.2,27.1,24.1,88.3,X, ,X,낮음
8/6/2026,동해(106),O,33.1,31.7,27.4,24.1,81,X, ,X,낮음
8/6/2026,서울(108),O,36.8,37.9,32.9,28.9,62,O,심각,O,낮음
8/6/2026,인천(112),O,35.9,35.4,31.9,29.3,73.3,X, ,O,낮음
8/6/2026,원주(114),O,35.6,36.2,30.9,25.1,66.1,O,경고,O,낮음
8/6/2026,울릉도(115),X,31.9,30,26.4,23.9,84,X,관심,X,낮음
8/6/2026,수원(119),O,35.6,36.1,31.4,27.9,69.4,O,경고,O,낮음
8/6/2026,영월(121),O,36.7,38.1,30,22.7,68.9,O,경고,X,낮음
8/6/2026,충주(127),O,35.5,36.3,30.3,25.5,68.5,O,경고,X,낮음
8/6/2026,서산(129),O,35.4,36.1,30.6,26.7,76.9,O,경고,O,낮음
8/6/2026,울진(130),X,31.7,30.1,26.8,23.6,85.8,X, ,X,낮음
8/6/2026,청주(131),O,35.5,37,32.6,28.2,54.8,X, ,O,낮음
8/6/2026,대전(133),O,35.3,35.8,31.2,26.8,64.4,O,경고,O,낮음
8/6/2026,추풍령(135),O,33.3,33.4,27.8,22.2,72.8,O,경고,X,낮음
8/6/2026,안동(136),O,35.1,36.4,29.3,23.8,67.4,X, ,X,낮음
8/6/2026,상주(137),O,35.3,35.2,29.6,24.2,72.3,O,경고,X,낮음
8/6/2026,포항(138),X,32.1,31.5,28.4,25.8,72.9,O,주의,O,낮음
8/6/2026,군산(140),O,36.6,36,30.9,27.6,79.6,X, ,O,낮음
8/6/2026,대구(143),O,34,35.8,29.7,25,59.6,X, ,X,낮음
8/6/2026,전주(146),O,36.4,37.8,32.4,27.8,66.9,O,심각,O,낮음
8/6/2026,울산(152),X,32,31.7,27.5,23.8,69,X, ,X,낮음
8/6/2026,창원(155),O,34.1,34.8,29.5,25.9,68.4,O,경고,O,낮음
8/6/2026,광주(156),O,36.2,36.5,31,27.3,75.1,X, ,O,낮음
8/6/2026,부산(159),O,33.9,33.7,29.7,26.2,60.3,X, ,O,낮음
8/6/2026,통영(162),O,34.2,34.6,29.3,25.5,65.4,O,주의,O,낮음
8/6/2026,목포(165),O,35,33.7,28.8,26.4,86.3,O,주의,O,낮음
8/6/2026,여수(168),X,32.8,32.6,29.2,26.6,69.8,O,경고,O,낮음
8/6/2026,흑산도(169),O,34.8,33.5,29.2,25.3,79.8,O,경고,O,낮음
8/6/2026,완도(170),O,35.5,34.9,29.4,24.8,74.8,X, ,O,낮음
8/6/2026,고창(172),O,35.7,34.3,,27,,O,경고,X,낮음
8/6/2026,제주(184),X,32.7,31.5,28.8,26.8,78.1,X, ,O,낮음
8/6/2026,진주(192),O,35.7,36.6,29.4,24,72.5,O,경고,X,낮음
8/6/2026,양평(202),O,34.4,34.9,30.3,25.8,69.5,X, ,O,낮음
8/6/2026,이천(203),O,36.2,36.2,30.6,25.4,74,O,경고,O,낮음
8/6/2026,인제(211),O,34.5,35.8,28.3,22.6,70.8,X, ,X,낮음
8/6/2026,홍천(212),O,35.4,37,30.1,23.7,65.3,X, ,X,낮음
8/6/2026,태백(216),X,32,31.9,24.9,19,81.1,X,관심,X,낮음
8/6/2026,정선군(217),O,36.4,37.4,28.6,23,73,X, ,X,낮음
8/6/2026,제천(221),O,34.4,34.7,28,22.6,76.5,O,경고,X,낮음
8/6/2026,보은(226),O,33.7,33.9,28.3,23.7,74.8,O,경고,X,낮음
8/6/2026,천안(232),O,35,35.4,29.5,25.3,76.6,O,경고,X,낮음
8/6/2026,보령(235),O,36.4,35.5,31.1,27.3,77.8,X, ,O,낮음
8/6/2026,부여(236),O,35.4,35.8,30.9,27,72.8,O,경고,O,낮음
8/6/2026,금산(238),O,35.4,36.4,30.1,25.7,68.3,O,경고,X,낮음
8/6/2026,세종(239),O,35.4,35.7,30.7,26.6,66.6,X, ,O,낮음
8/6/2026,부안(243),O,35.9,36.4,30.3,26.8,79.4,X, ,O,낮음
8/6/2026,임실(244),O,34.7,35.6,29.1,25.2,76.6,O,경고,X,낮음
8/6/2026,정읍(245),O,36.4,36.9,31.2,26.6,75,O,경고,O,낮음
8/6/2026,남원(247),O,36.6,37.9,30.6,25.4,69.5,O,경고,X,낮음
8/6/2026,장수(248),O,33.9,35.2,27.8,22.4,75.6,O,경고,X,낮음
8/6/2026,영광군(252),O,36,34.6,28.7,25.7,88.5,X, ,O,낮음
8/6/2026,김해시(253),O,37,38,31.1,25.2,60.4,O,경고,O,낮음
8/6/2026,순창군(254),O,35.7,37.2,30.5,26,72.3,O,경고,X,낮음
8/6/2026,양산시(257),O,37.1,37.9,31.2,26.4,61.6,O,경고,O,낮음
8/6/2026,강진군(259),O,35.8,35.8,29.6,24.7,79,O,경고,X,낮음
8/6/2026,장흥(260),O,35.2,34.4,29.1,24.5,79.9,O,경고,X,낮음
8/6/2026,해남(261),O,36.3,35.4,29,24.3,80.8,X, ,X,낮음
8/6/2026,고흥(262),O,34.7,34.1,28.6,23.8,77,X, ,X,낮음
8/6/2026,의령군(263),O,36.9,38.5,30.5,23.8,70.8,O,경고,X,낮음
8/6/2026,함양군(264),O,36.1,37.4,30.4,24.8,70.6,X, ,X,낮음
8/6/2026,진도군ASOS(268),O,34.6,34.2,28.3,23.8,80.3,O,경고,O,낮음
8/6/2026,봉화(271),O,33.4,34.4,27,20.8,74.3,X, ,X,낮음
8/6/2026,영주(272),O,34.2,34.8,28.3,22.8,76,O,주의,X,낮음
8/6/2026,문경(273),O,34.5,34.7,28.3,23.6,76.6,O,경고,X,낮음
8/6/2026,청송군(276),O,35.7,36.6,27.8,21.1,77.4,O,주의,X,낮음
8/6/2026,영덕(277),O,33,32.5,26.4,22.5,80.3,O,관심,X,낮음
8/6/2026,의성(278),O,35.7,37.4,29,22.5,71.4,O,경고,X,낮음
8/6/2026,구미(279),O,36.2,38.4,30.7,24.4,61.5,O,경고,X,낮음
8/6/2026,영천(281),O,33.2,34.3,28,23,70.9,O,경고,X,낮음
8/6/2026,경주시(283),O,33.7,34.2,28,22.8,72.4,X, ,X,낮음
8/6/2026,거창(284),O,36.3,37.6,30,23.7,68.9,X, ,X,낮음
8/6/2026,합천(285),O,36.4,38.2,30.9,24.7,65.8,X, ,X,낮음
8/6/2026,밀양(288),O,36.6,38.6,31.3,25.4,58.8,O,경고,X,낮음
8/6/2026,산청(289),O,36.9,38.2,30.7,25.1,69.3,X, ,X,낮음
8/6/2026,거제(294),X,32.9,32.6,28.5,24.9,68.6,O,주의,X,낮음
8/6/2026,남해(295),O,34.4,35.1,28.6,24.8,72,O,경고,O,낮음
8/6/2026,부천(433),O,36.2,37.4,32.7,29.2,64,O,경고,O,낮음
8/6/2026,안양(434),X,,37.1,32.4,29.3,,O,경고,O,낮음
8/6/2026,광명(437),O,36.6,38.1,33.3,30.4,60,O,심각,O,낮음
8/6/2026,군포(438),O,35.8,37.1,32.2,28.8,63,O,경고,O,낮음
8/6/2026,김포(441),O,38.4,38.8,32.1,27.7,77,O,심각,O,낮음
8/6/2026,하남(444),O,36.9,37.2,31.3,27.3,72,O,심각,O,낮음
8/6/2026,의왕(445),X,,,,,,O,심각,X,낮음
8/6/2026,포천(504),O,36.5,37.5,31,25,70,O,심각,X,낮음
8/6/2026,가평조종(505),O,36.4,36.7,29.8,23.7,74,O,심각,X,낮음
8/6/2026,안성(516),O,36.3,37.2,31.4,26.9,71,O,심각,O,낮음
8/6/2026,간성(517),X,32.2,30.3,26.9,24.4,85,X, ,X,낮음
8/6/2026,평창(526),O,34.4,36.1,28.2,21.9,71,X, ,X,낮음
8/6/2026,의정부(532),O,36.6,37.2,31.3,25.9,68,O,경고,O,낮음
8/6/2026,횡성(536),O,35.8,36.6,29.6,23,71,O,경고,X,낮음
8/6/2026,고양(540),O,37.5,38.9,31.4,26.1,75,O,심각,O,낮음
8/6/2026,남양주(541),O,36.8,38.2,32.1,27,65,O,심각,O,낮음
8/6/2026,안산(545),O,36.9,36.9,30.4,25.8,80,O,심각,O,낮음
8/6/2026,경기광주(546),O,35.4,35.5,29.7,25.8,75,O,경고,O,낮음
8/6/2026,여주(548),O,36.2,36.5,30.6,25.7,72,X, ,O,낮음
8/6/2026,용인(549),O,36.6,37.8,31.5,27.4,67,X, ,O,낮음
8/6/2026,오산(550),O,35.6,35.7,30.2,26.1,76,O,심각,X,낮음
8/6/2026,평택(551),O,36.5,35.5,31,27.1,78,O,심각,O,낮음
8/6/2026,화천(555),O,36.4,36.6,29.3,24.1,76,O,경고,X,낮음
8/6/2026,양구(556),O,35.6,37.5,28.3,21.9,71,X, ,X,낮음
8/6/2026,시흥(565),O,35.8,35.8,30.1,25.5,76,O,경고,O,낮음
8/6/2026,구리(569),O,35.8,,,,,O,경고,O,낮음
8/6/2026,화성(571),O,35.8,36.4,31.2,27.4,71,O,심각,O,낮음
8/6/2026,성남(572),O,35.8,36.5,31.6,27.8,67,O,경고,O,낮음
8/6/2026,과천(590),O,35.8,36.3,30.7,26.3,74,O,경고,O,낮음
8/6/2026,양주(598),O,36.8,38.4,31.6,25.9,71,O,경고,O,낮음
8/6/2026,단양(601),O,34.9,36.1,28.7,23.2,73,O,경고,X,낮음
8/6/2026,진천(602),O,36.2,36.1,29.5,24.8,76,O,경고,X,낮음
8/6/2026,괴산(603),O,35.3,36.4,29.2,24.1,72,O,경고,X,낮음
8/6/2026,옥천(604),O,35.3,35.8,30,25.3,71,O,경고,X,낮음
8/6/2026,홍북(608),X,,,,,,X, ,X,낮음
8/6/2026,공주(612),O,35,35.9,30.1,25.7,74,O,경고,X,낮음
8/6/2026,서천(614),O,35.3,35.6,30.4,27,80,O,경고,O,낮음
8/6/2026,논산(615),O,36,36.5,31.1,27.1,68,O,경고,O,낮음
8/6/2026,당진(616),O,36.7,37,30.5,26.1,77,O,경고,O,낮음
8/6/2026,청양(618),O,35.6,36,29.8,25.7,82,O,심각,X,낮음
8/6/2026,음성(619),O,35.6,35.9,29.6,25.1,75,O,경고,X,낮음
8/6/2026,증평(623),O,35.1,36.2,30.5,26.3,62,O,경고,X,낮음
8/6/2026,태안(627),O,36.4,34.5,29.9,26.1,84,O,경고,O,낮음
8/6/2026,예산(628),O,34.7,35.6,30.5,26.4,74,O,경고,O,낮음
8/6/2026,아산(634),O,37,37.6,31.6,26.9,67,O,경고,O,낮음
8/6/2026,계룡(636),O,34.7,35.3,28.6,23.6,78,O,경고,X,낮음
8/6/2026,연천청산(652),O,36.5,37.2,30.7,25.5,71,O,심각,O,낮음
8/6/2026,양양(670),X,32,29.9,27,24.4,85,X, ,X,낮음
8/6/2026,무안(699),O,35.7,35.3,28.4,25.2,88,X, ,O,낮음
8/6/2026,무주(701),O,34.3,35.8,28.7,23,68,O,주의,X,낮음
8/6/2026,익산(702),O,36.6,36.3,31.5,27.1,77,O,경고,O,낮음
8/6/2026,진안(703),O,35.6,35.6,27.8,23.7,81,O,경고,X,낮음
8/6/2026,담양(706),O,36.9,36.7,30.6,26.6,81,O,경고,O,낮음
8/6/2026,구례(709),O,36.1,36.2,29.8,25.3,72,X, ,X,낮음
8/6/2026,나주(710),O,35.5,35.4,28.8,25.3,84,X, ,X,낮음
8/6/2026,순천시(712),O,34.8,34.1,29.1,25.1,83,O,경고,X,낮음
8/6/2026,광양읍(713),O,37.6,38.2,30.6,24.9,74,O,심각,X,낮음
8/6/2026,장성(730),O,37,37.1,30.1,26.2,81,O,경고,O,낮음
8/6/2026,영암(731),O,36.1,35.5,29.2,25.2,84,O,경고,X,낮음
8/6/2026,보성(732),O,33.6,33.9,27.8,23.1,75,O,경고,X,낮음
8/6/2026,완주(734),O,36.3,37.2,30.2,25.1,72,O,경고,X,낮음
8/6/2026,김제(737),O,37.3,37,31,26.9,83,O,경고,O,낮음
8/6/2026,화순(741),O,36.4,37.4,30,24.6,74,O,경고,X,낮음
8/6/2026,함평(754),O,35.9,35.4,28.5,25.6,91,O,경고,O,낮음
8/6/2026,곡성(768),O,37.4,38.6,30.4,25.3,75,X, ,X,낮음
8/6/2026,압해도(789),O,35.6,34.2,28.7,25.6,86,O,경고,O,낮음
8/6/2026,영양(801),O,35.6,35.5,26.9,21.2,81,X, ,X,낮음
8/6/2026,성주(810),O,35.9,37.2,29.6,23.7,68,O,경고,X,낮음
8/6/2026,고령(812),O,37.2,38.2,30,23.6,70,O,경고,X,낮음
8/6/2026,청도(813),O,35.7,37.3,29.4,22.5,66,O,경고,X,낮음
8/6/2026,예천(815),O,35.8,36.8,29.4,24.1,73,O,경고,X,낮음
8/6/2026,김천(822),O,35.9,37.2,29.6,23.2,66,X, ,X,낮음
8/6/2026,군위(823),O,36.4,37.3,29.5,22.9,71,O,경고,X,낮음
8/6/2026,군위(823),O,36.4,37.3,29.5,22.9,71,O,경고,X,낮음
8/6/2026,군위(823),O,36.4,37.3,29.5,22.9,71,O,경고,X,낮음
8/6/2026,군위(823),O,36.4,37.3,29.5,22.9,71,O,경고,X,낮음
8/6/2026,군위(823),O,36.4,37.3,29.5,22.9,71,O,경고,X,낮음
8/6/2026,군위(823),O,36.4,37.3,29.5,22.9,71,O,경고,X,낮음
8/6/2026,군위(823),O,36.4,37.3,29.5,22.9,71,O,경고,X,낮음
8/6/2026,군위(823),O,36.4,37.3,29.5,22.9,71,O,경고,X,낮음
8/6/2026,군위(823),O,36.4,37.3,29.5,22.9,71,O,경고,X,낮음
8/6/2026,군위(823),O,36.4,37.3,29.5,22.9,71,O,경고,X,낮음
8/6/2026,군위(823),O,36.4,37.3,29.5,22.9,71,O,경고,X,낮음
8/6/2026,군위(823),O,36.4,37.3,29.5,22.9,71,O,경고,X,낮음
8/6/2026,군위(823),O,36.4,37.3,29.5,22.9,71,O,경고,X,낮음
8/6/2026,군위(823),O,36.4,37.3,29.5,22.9,71,O,경고,X,낮음
8/6/2026,군위(823),O,36.4,37.3,29.5,22.9,71,O,경고,X,낮음
8/6/2026,군위(823),O,36.4,37.3,29.5,22.9,71,O,경고,X,낮음
8/6/2026,군위(823),O,36.4,37.3,29.5,22.9,71,O,경고,X,낮음
8/6/2026,군위(823),O,36.4,37.3,29.5,22.9,71,O,경고,X,낮음
8/6/2026,군위(823),O,36.4,37.3,29.5,22.9,71,O,경고,X,낮음
8/6/2026,군위(823),O,36.4,37.3,29.5,22.9,71,O,경고,X,낮음
8/6/2026,군위(823),O,36.4,37.3,29.5,22.9,71,O,경고,X,낮음
8/6/2026,군위(823),O,36.4,37.3,29.5,22.9,71,O,경고,X,낮음
8/6/2026,군위(823),O,36.4,37.3,29.5,22.9,71,O,경고,X,낮음
8/6/2026,군위(823),O,36.4,37.3,29.5,22.9,71,O,경고,X,낮음
8/6/2026,군위(823),O,36.4,37.3,29.5,22.9,71,O,경고,X,낮음
8/6/2026,군위(823),O,36.4,37.3,29.5,22.9,71,O,경고,X,낮음
8/6/2026,군위(823),O,36.4,37.3,29.5,22.9,71,O,경고,X,낮음
8/6/2026,군위(823),O,36.4,37.3,29.5,22.9,71,O,경고,X,낮음
8/6/2026,군위(823),O,36.4,37.3,29.5,22.9,71,O,경고,X,낮음
8/6/2026,군위(823),O,36.4,37.3,29.5,22.9,71,O,경고,X,낮음
8/6/2026,군위(823),O,36.4,37.3,29.5,22.9,71,O,경고,X,낮음
8/6/2026,군위(823),O,36.4,37.3,29.5,22.9,71,O,경고,X,낮음
8/6/2026,칠곡(825),O,36.1,37.7,29.9,24.4,69,O,경고,X,낮음
8/6/2026,경산(827),O,35.5,37.3,30,24.6,62,O,경고,X,낮음
8/6/2026,삼척(876),O,33.9,33.3,27.9,24.5,78,X, ,X,낮음
8/6/2026,속초(90),X,32.6,31,28,25.2,81.6,X, ,X,낮음
8/6/2026,삼천포(907),O,33.4,34,27.9,23.8,73,O,경고,X,낮음
8/6/2026,고성(918),O,34.7,34.6,28.5,24.1,79,O,경고,X,낮음
8/6/2026,창녕(919),O,36.2,37.8,31.2,25.5,59,O,경고,X,낮음
8/6/2026,함안(920),O,37.1,37,28.9,23.1,78,O,경고,X,낮음
8/6/2026,북춘천(93),O,36.1,37.4,30.5,24,69.1,O,경고,X,낮음
8/6/2026,하동(932),O,34.9,37.2,30,25,71,X, ,X,낮음
8/6/2026,철원(95),O,36.1,36.2,30,23.6,75,O,경고,X,낮음
8/6/2026,동두천(98),O,35.6,36.8,30.9,25.8,64.9,O,경고,O,낮음
8/6/2026,파주(99),O,36.1,36,30.6,25.7,77.6,X, ,O,낮음
8/7/2026,북강릉(104),O,33,31,27.4,23.3,87.5,X, ,X,낮음
8/7/2026,동해(106),X,32.8,31.3,28,23.7,83.6,X, ,O,낮음
8/7/2026,서울(108),O,37,38,33.1,28.6,58.9,O,심각,O,낮음
8/7/2026,인천(112),O,36.5,36.4,32.3,29,71.1,X, ,O,낮음
8/7/2026,원주(114),O,36.3,37.7,31.8,26.1,65.3,O,경고,O,낮음
8/7/2026,울릉도(115),O,34.3,32.4,28.9,25.3,80,X,관심,O,낮음
8/7/2026,수원(119),O,36.6,37.8,31.7,27,65.3,O,경고,O,낮음
8/7/2026,영월(121),O,37.3,39.8,30.6,23.3,65.4,O,경고,X,낮음
8/7/2026,충주(127),O,35.7,37,30.7,23.9,63,O,경고,O,낮음
8/7/2026,서산(129),O,35.3,37.2,31.4,26.6,65.9,O,경고,O,낮음
8/7/2026,울진(130),X,32.2,30.2,27.2,22.8,87.3,X, ,O,낮음
8/7/2026,청주(131),O,35.9,38.2,33.2,27.3,51.5,X, ,O,낮음
8/7/2026,대전(133),O,36.5,37.4,32,26.3,59.5,O,경고,O,낮음
8/7/2026,추풍령(135),O,34.2,34.5,28.2,20.9,70.8,O,경고,X,낮음
8/7/2026,안동(136),O,36.3,37.9,30.3,22.8,62.3,X, ,O,낮음
8/7/2026,상주(137),O,36.2,36.4,30,23.5,70.9,O,경고,O,낮음
8/7/2026,포항(138),X,32.9,31.7,28.5,25.3,79.6,O,주의,O,낮음
8/7/2026,군산(140),O,36.5,36.8,31.8,27.4,69,X, ,O,낮음
8/7/2026,대구(143),O,35.5,37.4,30.6,24.9,61,X, ,O,낮음
8/7/2026,전주(146),O,36.9,38.4,33,27,57.9,O,심각,O,낮음
8/7/2026,울산(152),O,33.6,33.6,28.7,23.6,69.1,X, ,O,낮음
8/7/2026,창원(155),O,35.9,36.9,31.4,26.2,57.8,O,경고,O,낮음
8/7/2026,광주(156),O,37,38.4,32.4,26,62.5,X, ,O,낮음
8/7/2026,부산(159),O,35.9,36,30.9,27.1,60.3,X, ,O,낮음
8/7/2026,통영(162),O,34.8,36.3,30.5,25.8,59.3,O,주의,O,낮음
8/7/2026,목포(165),O,36.1,36.3,30.9,26.2,73.1,O,주의,O,낮음
8/7/2026,여수(168),O,33.8,34.3,30.8,27.6,58.3,O,경고,O,낮음
8/7/2026,흑산도(169),O,36.1,35.4,30,26.5,82.1,O,주의,O,낮음
8/7/2026,완도(170),O,35.7,36.6,31.1,25.4,63.4,X, ,O,낮음
8/7/2026,고창(172),X,,,,,,O,경고,X,낮음
8/7/2026,제주(184),O,33.6,33.2,29.5,27.1,75.6,X, ,O,낮음
8/7/2026,진주(192),O,36.7,38,30.3,23.2,64.9,O,경고,X,낮음
8/7/2026,양평(202),O,35.3,36.3,30.5,25.7,69.1,X, ,O,낮음
8/7/2026,이천(203),O,36.6,37.1,30.8,25.1,75,O,경고,O,낮음
8/7/2026,인제(211),O,35.1,36.2,28.3,21.8,70.8,X, ,X,낮음
8/7/2026,홍천(212),O,35.4,37,30,24.3,66.5,X, ,O,낮음
8/7/2026,태백(216),O,33.3,34.6,26.6,19.6,72.9,X,관심,X,낮음
8/7/2026,정선군(217),O,37.6,39.5,30.3,24.2,70.4,X, ,X,낮음
8/7/2026,제천(221),O,34.7,36,28.6,23,74.6,O,경고,X,낮음
8/7/2026,보은(226),O,34.2,35.1,28.6,22.1,74.3,O,경고,X,낮음
8/7/2026,천안(232),O,35.1,36.2,29.5,23.3,72.8,O,경고,O,낮음
8/7/2026,보령(235),O,37.9,38.4,32.5,26.8,64.1,X, ,O,낮음
8/7/2026,부여(236),O,36,36.6,30.9,25.9,69.8,O,경고,O,낮음
8/7/2026,금산(238),O,36.2,37.6,30.2,23.4,67.1,O,경고,X,낮음
8/7/2026,세종(239),O,35.8,37,31.1,25.5,64.4,X, ,O,낮음
8/7/2026,부안(243),O,36.3,38,31.7,26.4,69.9,X, ,O,낮음
8/7/2026,임실(244),O,35.4,36.8,30.1,23.2,67.3,O,경고,X,낮음
8/7/2026,정읍(245),O,36.5,37.7,32.1,25.4,63.6,O,경고,O,낮음
8/7/2026,남원(247),O,36.7,38.6,31.7,24,60.6,O,경고,O,낮음
8/7/2026,장수(248),O,34.1,35.9,28.2,20.5,70.1,O,경고,X,낮음
8/7/2026,영광군(252),O,35.9,36,30.2,25.2,79.3,X, ,O,낮음
8/7/2026,김해시(253),O,37.7,39.4,32,26,56.4,O,경고,O,낮음
8/7/2026,순창군(254),O,36.3,38.2,31,24.6,66,O,경고,X,낮음
8/7/2026,양산시(257),O,37.6,38.8,32.1,27.2,61.5,O,경고,O,낮음
8/7/2026,강진군(259),O,36.5,37.5,31.5,24.7,65.6,O,경고,O,낮음
8/7/2026,장흥(260),O,35.3,35.9,30.6,24.2,66.6,O,경고,O,낮음
8/7/2026,해남(261),O,36.2,36.4,30.7,24.1,69.3,X, ,O,낮음
8/7/2026,고흥(262),O,35.3,36.6,31.2,24.4,61.1,X, ,O,낮음
8/7/2026,의령군(263),O,37.5,38.9,30.9,23.4,67,O,경고,O,낮음
8/7/2026,함양군(264),O,36.7,38.5,30.7,22.8,66.1,X, ,X,낮음
8/7/2026,진도군ASOS(268),O,35.9,37.5,30.8,25,69.1,O,주의,O,낮음
8/7/2026,봉화(271),O,34.6,36.3,27.8,19.7,71.5,X, ,X,낮음
8/7/2026,영주(272),O,35,36.3,28.4,21.1,72.6,O,경고,X,낮음
8/7/2026,문경(273),O,35.5,36.2,28.8,22.3,73.4,O,경고,X,낮음
8/7/2026,청송군(276),O,36,37.7,28.6,20.2,70.6,O,경고,X,낮음
8/7/2026,영덕(277),O,34.2,34.3,27.4,21.8,79.6,O,주의,X,낮음
8/7/2026,의성(278),O,36.7,39,30.1,21.6,65.4,O,경고,X,낮음
8/7/2026,구미(279),O,37.2,39.8,31.7,23.2,57.4,O,경고,O,낮음
8/7/2026,영천(281),O,35,35.8,28.7,22.2,70.8,O,경고,X,낮음
8/7/2026,경주시(283),O,35.8,36.6,29.1,23,72.3,X, ,O,낮음
8/7/2026,거창(284),O,36.6,38.3,30.3,22.2,65.4,X, ,X,낮음
8/7/2026,합천(285),O,36.7,38.6,31.2,23.3,61.6,X, ,X,낮음
8/7/2026,밀양(288),O,37.8,40,32,24.1,57.6,O,경고,O,낮음
8/7/2026,산청(289),O,36.7,38.3,30.7,23.2,64.6,X, ,X,낮음
8/7/2026,거제(294),O,34.8,35.5,29.5,24.3,66.8,O,주의,O,낮음
8/7/2026,남해(295),O,34.7,36.1,30,25.2,64.9,O,주의,O,낮음
8/7/2026,부천(433),O,36.6,37.9,33.2,28.8,62,O,경고,O,낮음
8/7/2026,안양(434),X,,37.2,33,28.9,,O,경고,O,낮음
8/7/2026,광명(437),O,37.2,39,33.6,30,60,O,심각,O,낮음
8/7/2026,군포(438),O,37,39,33.1,28.1,58,O,경고,O,낮음
8/7/2026,김포(441),O,37.9,38.2,32.1,27.5,75,O,심각,O,낮음
8/7/2026,하남(444),O,37.4,39.3,31.8,26.8,67,O,심각,O,낮음
8/7/2026,의왕(445),X,,,,,,O,심각,X,낮음
8/7/2026,포천(504),O,37.1,37.1,30.7,24.8,72,O,심각,O,낮음
8/7/2026,가평조종(505),O,36.9,37.1,30.2,23.7,77,O,심각,X,낮음
8/7/2026,안성(516),O,37,38,31.3,25.7,68,O,심각,O,낮음
8/7/2026,간성(517),X,32.3,30.4,26.7,22.4,85,X, ,O,낮음
8/7/2026,평창(526),O,34.9,36.8,29,23.2,70,X, ,X,낮음
8/7/2026,의정부(532),O,38,37.8,31.1,26.1,70,O,경고,O,낮음
8/7/2026,횡성(536),O,36.6,37.9,30.2,24.1,70,O,심각,O,낮음
8/7/2026,고양(540),O,37.9,38.9,30.7,25.5,75,O,심각,O,낮음
8/7/2026,남양주(541),O,37.8,39.1,32.3,26.6,63,O,심각,O,낮음
8/7/2026,안산(545),O,37.5,37.6,30.3,25.1,80,O,심각,O,낮음
8/7/2026,경기광주(546),O,35.7,36.6,30,25.4,70,O,경고,O,낮음
8/7/2026,여주(548),O,37.3,37.6,30.8,25.3,72,X, ,O,낮음
8/7/2026,용인(549),O,37.4,39.4,31.5,25.6,65,X, ,O,낮음
8/7/2026,오산(550),O,36.1,37.3,30.5,24.4,72,O,심각,O,낮음
8/7/2026,평택(551),O,37.8,37.7,31.5,25.8,74,O,심각,O,낮음
8/7/2026,화천(555),O,36.3,36.7,29,23.1,77,O,경고,X,낮음
8/7/2026,양구(556),O,35.2,36.3,28,21.3,72,X, ,X,낮음
8/7/2026,시흥(565),O,35.9,36.8,30.9,25.2,74,O,경고,O,낮음
8/7/2026,구리(569),O,36.4,37.6,31.4,26.1,63,O,경고,O,낮음
8/7/2026,화성(571),O,36.6,37.5,31.9,27,68,O,심각,O,낮음
8/7/2026,성남(572),O,36.4,37.8,32,27.3,64,O,경고,O,낮음
8/7/2026,과천(590),O,36.5,37.2,30.8,25.5,73,O,경고,O,낮음
8/7/2026,양주(598),O,37.4,37.8,31.3,25.8,72,O,경고,O,낮음
8/7/2026,단양(601),O,35.3,37.6,29.2,22.9,69,O,경고,X,낮음
8/7/2026,진천(602),O,36.3,36.6,29.6,23.5,73,O,경고,X,낮음
8/7/2026,괴산(603),O,35.7,37.3,29.7,22.4,69,O,경고,X,낮음
8/7/2026,옥천(604),O,36.1,36.8,29.9,23.5,71,O,경고,X,낮음
8/7/2026,홍북(608),X,,,,,,X, ,X,낮음
8/7/2026,공주(612),O,35.5,36.9,30.3,24.3,70,O,경고,O,낮음
8/7/2026,서천(614),O,35.9,36.4,31.1,26.3,70,O,경고,O,낮음
8/7/2026,논산(615),O,36.5,37.3,31.1,25.5,67,O,경고,O,낮음
8/7/2026,당진(616),O,36.4,37.2,30.8,25.7,71,O,경고,O,낮음
8/7/2026,청양(618),O,35.9,36.7,29.9,24.8,77,O,경고,X,낮음
8/7/2026,음성(619),O,36.6,37.3,29.5,22.8,73,O,경고,O,낮음
8/7/2026,증평(623),O,35.6,37.6,30.9,24.6,59,O,경고,O,낮음
8/7/2026,태안(627),O,36.3,37.3,31.4,25.9,71,O,경고,O,낮음
8/7/2026,예산(628),O,35.3,36.4,30.5,25.6,70,O,경고,O,낮음
8/7/2026,아산(634),O,37.3,38.7,32.2,26.4,60,O,경고,O,낮음
8/7/2026,계룡(636),O,35.2,36.4,28.8,21.8,75,O,경고,X,낮음
8/7/2026,연천청산(652),O,36.7,36.7,30.6,25.6,72,O,심각,X,낮음
8/7/2026,양양(670),X,31.9,29.6,26.9,23,85,X, ,O,낮음
8/7/2026,무안(699),O,36.1,36.3,30.6,25.4,73,X, ,O,낮음
8/7/2026,무주(701),O,34.8,37,29,21.3,64,O,주의,X,낮음
8/7/2026,익산(702),O,36.9,36.8,31.7,26,72,O,경고,O,낮음
8/7/2026,진안(703),O,36,36.5,28.8,21.4,73,O,경고,X,낮음
8/7/2026,담양(706),O,37.2,37.9,31.1,25,72,O,경고,O,낮음
8/7/2026,구례(709),O,36.2,36.6,29.8,23.2,68,X, ,X,낮음
8/7/2026,나주(710),O,35.9,36.1,30.5,24.8,71,X, ,O,낮음
8/7/2026,순천시(712),O,36.2,35.9,30.6,24.7,70,O,경고,O,낮음
8/7/2026,광양읍(713),O,38.1,40.2,32.2,24.8,60,O,심각,O,낮음
8/7/2026,장성(730),O,37.7,39.3,31.3,25.3,71,O,경고,O,낮음
8/7/2026,영암(731),O,36.1,36.7,30.4,24,71,O,경고,O,낮음
8/7/2026,보성(732),O,33.8,35.3,29.4,22.3,62,O,경고,O,낮음
8/7/2026,완주(734),O,36.8,37.6,30.5,24.2,68,O,경고,X,낮음
8/7/2026,김제(737),O,37.7,37.8,32.1,26.5,73,O,경고,O,낮음
8/7/2026,화순(741),O,36.8,38.3,30.9,23.3,65,O,경고,O,낮음
8/7/2026,함평(754),O,36.8,37,30.1,25,78,O,경고,O,낮음
8/7/2026,곡성(768),O,37.5,39.5,31.2,23.1,66,X, ,X,낮음
8/7/2026,압해도(789),O,36.7,37.3,30.7,25.1,74,O,경고,O,낮음
8/7/2026,영양(801),O,36.6,37.4,28,20.5,75,X, ,X,낮음
8/7/2026,성주(810),O,36.5,38.4,30.6,22.5,64,O,경고,O,낮음
8/7/2026,고령(812),O,37.8,39.5,31,22.4,65,O,경고,X,낮음
8/7/2026,청도(813),O,36.5,38.4,29.8,21.8,68,O,경고,X,낮음
8/7/2026,예천(815),O,36.9,38.8,30.3,23.1,67,O,경고,O,낮음
8/7/2026,김천(822),O,37,38.7,30.5,21.3,63,X, ,X,낮음
8/7/2026,군위(823),O,37.8,39.7,30,21.8,69,O,경고,X,낮음
8/7/2026,군위(823),O,37.8,39.7,30,21.8,69,O,경고,X,낮음
8/7/2026,군위(823),O,37.8,39.7,30,21.8,69,O,경고,X,낮음
8/7/2026,군위(823),O,37.8,39.7,30,21.8,69,O,경고,X,낮음
8/7/2026,군위(823),O,37.8,39.7,30,21.8,69,O,경고,X,낮음
8/7/2026,군위(823),O,37.8,39.7,30,21.8,69,O,경고,X,낮음
8/7/2026,군위(823),O,37.8,39.7,30,21.8,69,O,경고,X,낮음
8/7/2026,군위(823),O,37.8,39.7,30,21.8,69,O,경고,X,낮음
8/7/2026,군위(823),O,37.8,39.7,30,21.8,69,O,경고,X,낮음
8/7/2026,군위(823),O,37.8,39.7,30,21.8,69,O,경고,X,낮음
8/7/2026,군위(823),O,37.8,39.7,30,21.8,69,O,경고,X,낮음
8/7/2026,군위(823),O,37.8,39.7,30,21.8,69,O,경고,X,낮음
8/7/2026,군위(823),O,37.8,39.7,30,21.8,69,O,경고,X,낮음
8/7/2026,군위(823),O,37.8,39.7,30,21.8,69,O,경고,X,낮음
8/7/2026,군위(823),O,37.8,39.7,30,21.8,69,O,경고,X,낮음
8/7/2026,군위(823),O,37.8,39.7,30,21.8,69,O,경고,X,낮음
8/7/2026,군위(823),O,37.8,39.7,30,21.8,69,O,경고,X,낮음
8/7/2026,군위(823),O,37.8,39.7,30,21.8,69,O,경고,X,낮음
8/7/2026,군위(823),O,37.8,39.7,30,21.8,69,O,경고,X,낮음
8/7/2026,군위(823),O,37.8,39.7,30,21.8,69,O,경고,X,낮음
8/7/2026,군위(823),O,37.8,39.7,30,21.8,69,O,경고,X,낮음
8/7/2026,군위(823),O,37.8,39.7,30,21.8,69,O,경고,X,낮음
8/7/2026,군위(823),O,37.8,39.7,30,21.8,69,O,경고,X,낮음
8/7/2026,군위(823),O,37.8,39.7,30,21.8,69,O,경고,X,낮음
8/7/2026,군위(823),O,37.8,39.7,30,21.8,69,O,경고,X,낮음
8/7/2026,군위(823),O,37.8,39.7,30,21.8,69,O,경고,X,낮음
8/7/2026,군위(823),O,37.8,39.7,30,21.8,69,O,경고,X,낮음
8/7/2026,군위(823),O,37.8,39.7,30,21.8,69,O,경고,X,낮음
8/7/2026,군위(823),O,37.8,39.7,30,21.8,69,O,경고,X,낮음
8/7/2026,군위(823),O,37.8,39.7,30,21.8,69,O,경고,X,낮음
8/7/2026,군위(823),O,37.8,39.7,30,21.8,69,O,경고,X,낮음
8/7/2026,군위(823),O,37.8,39.7,30,21.8,69,O,경고,X,낮음
8/7/2026,칠곡(825),O,36.8,38.7,31.2,23.2,64,O,경고,O,낮음
8/7/2026,경산(827),O,36.5,38.2,30.5,24.3,65,O,경고,O,낮음
8/7/2026,삼척(876),O,33.8,32.8,28.3,24.2,79,X, ,O,낮음
8/7/2026,속초(90),X,32.2,30.6,27.2,23.6,82.9,X, ,O,낮음
8/7/2026,삼천포(907),O,35.6,37.2,30.8,24.1,59,O,경고,O,낮음
8/7/2026,고성(918),O,35.7,35.7,29.8,23.5,70,O,주의,O,낮음
8/7/2026,창녕(919),O,37,39.3,31.6,24.6,58,O,경고,O,낮음
8/7/2026,함안(920),O,37.8,37.1,29.5,22.6,74,O,경고,O,낮음
8/7/2026,북춘천(93),O,36.5,37.9,30.4,23.8,70.3,O,심각,O,낮음
8/7/2026,하동(932),O,35.5,38.9,31.1,24.4,59,X, ,O,낮음
8/7/2026,철원(95),O,35.8,35.4,29.9,23.9,76,O,경고,O,낮음
8/7/2026,동두천(98),O,35.8,36.7,30.5,26,66.6,O,경고,O,낮음
8/7/2026,파주(99),O,36.7,36.8,30.5,25.2,78.5,X, ,X,낮음
8/8/2026,북강릉(104),X,29.8,26.9,23.9,21.7,91.3,X, ,X,낮음
8/8/2026,동해(106),X,31.2,28.8,24.8,22.1,89.3,X, ,X,낮음
8/8/2026,서울(108),O,35.8,36.8,31.2,25.7,56.8,O,심각,X,낮음
8/8/2026,인천(112),O,35.8,36.4,31.3,27.3,62.4,X, ,O,낮음
8/8/2026,원주(114),O,34.8,35.9,29.6,24.6,61.9,O,경고,X,낮음
8/8/2026,울릉도(115),X,31.5,29.1,27.3,25.9,85,X,관심,O,낮음
8/8/2026,수원(119),O,35.2,35.9,30.5,26.3,60.5,O,경고,X,낮음
8/8/2026,영월(121),O,35.7,36.9,27.5,23.5,70,O,심각,X,낮음
8/8/2026,충주(127),O,35.7,36.6,28,24.3,68.6,O,경고,X,낮음
8/8/2026,서산(129),O,35.5,37.1,30.2,26.7,66.3,O,경고,X,낮음
8/8/2026,울진(130),X,32.2,29.9,25.5,23.1,91.9,X, ,X,낮음
8/8/2026,청주(131),O,36.3,37.6,30.5,24.3,61.9,X, ,X,낮음
8/8/2026,대전(133),O,36,36.5,30.2,26.3,67.3,O,경고,O,낮음
8/8/2026,추풍령(135),O,33.3,32.5,25.6,23.1,82.1,O,경고,X,낮음
8/8/2026,안동(136),O,34.9,35.4,28.4,25.3,68.5,X, ,X,낮음
8/8/2026,상주(137),O,36,35.6,26.9,24,82.1,O,경고,X,낮음
8/8/2026,포항(138),X,32.1,29,27.3,25.8,86.5,X,주의,O,낮음
8/8/2026,군산(140),O,35.9,35.9,30.3,27.3,71.8,X, ,O,낮음
8/8/2026,대구(143),O,33.6,33.7,28.6,26.6,70.6,X, ,O,낮음
8/8/2026,전주(146),O,35.8,37.2,30.7,27,62.4,O,심각,O,낮음
8/8/2026,울산(152),O,33.9,33,28.5,26.3,74.6,X, ,O,낮음
8/8/2026,창원(155),O,34.8,34.8,31,28.3,63.9,O,경고,O,낮음
8/8/2026,광주(156),O,34.9,34.7,31,28,64.5,X, ,O,낮음
8/8/2026,부산(159),O,35.3,34.7,30.9,28.3,65.3,X, ,O,낮음
8/8/2026,통영(162),O,33.5,33.9,30.2,27.8,63.3,O,주의,O,낮음
8/8/2026,목포(165),O,33.9,33.7,30.9,28.7,63.3,O,경고,O,낮음
8/8/2026,여수(168),X,32.9,32.7,30.1,28.9,64.3,O,경고,O,낮음
8/8/2026,흑산도(169),O,33.3,32.1,29.7,27.6,71,O,주의,O,낮음
8/8/2026,완도(170),O,34,33.7,30.2,28.5,66.4,X, ,O,낮음
8/8/2026,고창(172),X,,,,,,O,심각,X,낮음
8/8/2026,제주(184),X,32.6,31.4,29.9,28.7,70.9,X, ,O,낮음
8/8/2026,진주(192),O,34.6,34.3,28.4,24.7,78.4,O,경고,O,낮음
8/8/2026,양평(202),O,34.4,35,29.7,25.5,61.3,X, ,X,낮음
8/8/2026,이천(203),O,36.2,36.2,28.9,23.5,73.1,O,경고,X,낮음
8/8/2026,인제(211),X,29.8,28.7,24.4,21.3,72.5,X, ,X,낮음
8/8/2026,홍천(212),O,33.6,33.9,27.5,22.4,66.6,X, ,X,낮음
8/8/2026,태백(216),X,29.4,28.6,22.2,18.3,89.1,X,관심,X,낮음
8/8/2026,정선군(217),O,33,33,24.8,20.8,80.6,X, ,X,낮음
8/8/2026,제천(221),O,33.9,34.2,26.2,22.9,73.3,O,경고,X,낮음
8/8/2026,보은(226),O,34.3,34.3,26,23.5,86.1,O,경고,X,낮음
8/8/2026,천안(232),O,35.3,36.2,28.5,24.2,77.3,O,경고,X,낮음
8/8/2026,보령(235),O,37,38.1,31.4,27.7,63.1,X, ,O,낮음
8/8/2026,부여(236),O,35.6,36.1,29.2,25.6,74.5,O,경고,X,낮음
8/8/2026,금산(238),O,35.3,36,28.6,24.1,74.1,O,경고,O,낮음
8/8/2026,세종(239),O,36,36.8,29,24.4,73.8,X, ,X,낮음
8/8/2026,부안(243),O,35.7,37.3,29.6,24.8,70.4,X, ,X,낮음
8/8/2026,임실(244),O,34,34.5,27.5,24,78,O,경고,X,낮음
8/8/2026,정읍(245),O,35.6,36.6,29.7,25.5,67.1,O,심각,O,낮음
8/8/2026,남원(247),O,35,35.1,30.2,26.1,66,O,경고,O,낮음
8/8/2026,장수(248),O,33.4,33.3,27.3,21.7,72.5,O,경고,O,낮음
8/8/2026,영광군(252),O,34.6,34.8,29.4,24.2,73.1,X, ,X,낮음
8/8/2026,김해시(253),O,35.9,35.9,31.3,28.4,65.1,O,경고,O,낮음
8/8/2026,순창군(254),O,35.3,36.1,28.2,24.3,75.4,O,경고,O,낮음
8/8/2026,양산시(257),O,36,36.1,31.3,28.8,69,O,경고,O,낮음
8/8/2026,강진군(259),O,35.2,35,31.1,28.8,65.1,O,경고,O,낮음
8/8/2026,장흥(260),O,34,33.4,30.1,28.1,67.4,O,경고,O,낮음
8/8/2026,해남(261),O,34.5,33.5,30.8,28.8,68.9,X, ,O,낮음
8/8/2026,고흥(262),O,34.1,34.4,30.6,28,62.1,X, ,O,낮음
8/8/2026,의령군(263),O,35.4,34.9,30,25.5,72.5,O,경고,O,낮음
8/8/2026,함양군(264),O,35.3,35,29.3,24.1,74.1,X, ,O,낮음
8/8/2026,진도군ASOS(268),O,33.8,33.8,30.1,25.9,64.8,O,주의,O,낮음
8/8/2026,봉화(271),X,32.6,32.7,26,21.7,73.6,X, ,X,낮음
8/8/2026,영주(272),O,34.4,34.8,26.7,22.6,78.4,O,경고,X,낮음
8/8/2026,문경(273),O,35.7,35.9,26.2,22.4,86.9,O,경고,X,낮음
8/8/2026,청송군(276),O,34.6,34.2,26.2,22.2,85.5,O,경고,X,낮음
8/8/2026,영덕(277),X,32.4,30.9,25,23,94.5,X,주의,X,낮음
8/8/2026,의성(278),O,35.4,36,27.7,23.7,75.8,O,경고,X,낮음
8/8/2026,구미(279),O,36.3,37,28.4,25.5,73.3,O,심각,X,낮음
8/8/2026,영천(281),O,33,32.3,26.3,24.2,84.8,O,경고,X,낮음
8/8/2026,경주시(283),X,32.1,30.2,27.3,25.1,86.3,X, ,X,낮음
8/8/2026,거창(284),O,35.3,35.1,28.6,23.7,75,X, ,O,낮음
8/8/2026,합천(285),O,35.6,36,28.5,24.7,76.5,X, ,O,낮음
8/8/2026,밀양(288),O,35,35,30.2,26.2,69.4,O,경고,O,낮음
8/8/2026,산청(289),O,35.2,34.8,29.3,24.7,71.5,X, ,O,낮음
8/8/2026,거제(294),O,33.8,33.9,30,28,68.8,O,주의,O,낮음
8/8/2026,남해(295),O,33.6,33.9,30,26.3,68.1,O,주의,O,낮음
8/8/2026,부천(433),O,37.2,39.1,32,27,54,O,경고,O,낮음
8/8/2026,안양(434),X,,35.5,30.8,26.2,,O,경고,X,낮음
8/8/2026,광명(437),O,35.8,37.3,32.1,27.1,54,O,심각,O,낮음
8/8/2026,군포(438),O,35.3,36.4,31.1,26.4,56,O,경고,X,낮음
8/8/2026,김포(441),O,36.7,,30.9,,66,O,심각,X,낮음
8/8/2026,하남(444),O,36.5,36.7,30.5,25.6,64,O,심각,X,낮음
8/8/2026,의왕(445),X,,,,,,O,심각,X,낮음
8/8/2026,포천(504),O,35.6,,,,,O,심각,X,낮음
8/8/2026,가평조종(505),O,34.5,34,28.2,23.2,73,O,심각,X,낮음
8/8/2026,안성(516),O,37.3,38,30.1,25.8,68,O,심각,X,낮음
8/8/2026,간성(517),X,29.3,26.9,23.4,20.8,85,X, ,X,낮음
8/8/2026,평창(526),O,33.9,34.2,26.1,22.4,74,X, ,X,낮음
8/8/2026,의정부(532),O,35.3,35.4,29.7,25.1,63,O,경고,X,낮음
8/8/2026,횡성(536),O,34,34.8,28.3,23.3,64,O,심각,X,낮음
8/8/2026,고양(540),O,36.1,37.2,29.8,24.9,66,O,심각,X,낮음
8/8/2026,남양주(541),O,36,36.7,30.6,25.7,60,O,심각,X,낮음
8/8/2026,안산(545),O,37.5,37.7,29.2,25,74,O,심각,X,낮음
8/8/2026,경기광주(546),O,34.2,34.3,28.9,23.5,68,O,경고,X,낮음
8/8/2026,여주(548),O,35.7,36.3,28.9,23.9,71,X, ,X,낮음
8/8/2026,용인(549),O,36.9,38.3,30.3,25.4,64,X, ,X,낮음
8/8/2026,오산(550),O,36.1,36.9,29.6,25.6,67,O,심각,X,낮음
8/8/2026,평택(551),O,37.5,37.2,29.4,24,78,O,심각,X,낮음
8/8/2026,화천(555),X,32.9,32.6,26.6,21.8,73,O,경고,X,낮음
8/8/2026,양구(556),X,31,30.2,24.8,20.5,74,X, ,X,낮음
8/8/2026,시흥(565),O,35.4,36.3,30,25.9,66,O,경고,X,낮음
8/8/2026,구리(569),O,35,35.2,29.6,24.5,60,O,경고,X,낮음
8/8/2026,화성(571),O,36.7,38.1,30.6,25.7,65,O,심각,X,낮음
8/8/2026,성남(572),O,35.8,37,30.3,25.3,65,O,경고,X,낮음
8/8/2026,과천(590),O,35.8,36.4,30.2,25.4,65,O,경고,X,낮음
8/8/2026,양주(598),O,36.5,37.2,29.9,23.1,62,O,경고,X,낮음
8/8/2026,단양(601),O,34.3,35.1,25.7,21.8,82,O,경고,X,낮음
8/8/2026,진천(602),O,35.5,35.5,27.8,23.2,77,O,경고,X,낮음
8/8/2026,괴산(603),O,35.5,36.3,26.4,22.5,84,O,경고,X,낮음
8/8/2026,옥천(604),O,35.3,35.4,28.2,24.7,74,O,경고,O,낮음
8/8/2026,홍북(608),X,,,,,,X, ,X,낮음
8/8/2026,공주(612),O,36,36.9,28.4,23.4,80,O,경고,X,낮음
8/8/2026,서천(614),O,35.5,35.8,29.4,25.5,74,O,경고,X,낮음
8/8/2026,논산(615),O,36.1,36.1,29.7,25.3,70,O,경고,O,낮음
8/8/2026,당진(616),O,36.2,37.3,29.5,24.9,73,O,경고,X,낮음
8/8/2026,청양(618),O,36.3,36.6,29.1,24.5,76,O,경고,X,낮음
8/8/2026,음성(619),O,35.8,36.6,27.6,23.5,76,O,경고,X,낮음
8/8/2026,증평(623),O,35.4,36.6,29.2,23.7,66,O,경고,X,낮음
8/8/2026,태안(627),O,36,37.2,30.4,26.8,70,O,경고,X,낮음
8/8/2026,예산(628),O,35.6,36.9,29.2,25.5,72,O,경고,X,낮음
8/8/2026,아산(634),O,36.2,38.2,29.9,24.4,68,O,경고,X,낮음
8/8/2026,계룡(636),O,35.2,35.8,28,22.6,77,O,경고,O,낮음
8/8/2026,연천청산(652),O,34.3,34,28.1,23,68,O,심각,X,낮음
8/8/2026,양양(670),X,29.6,27,23.8,22,85,X, ,X,낮음
8/8/2026,무안(699),O,34.4,34.4,29.8,26.1,69,X, ,O,낮음
8/8/2026,무주(701),O,34,34.6,27.2,22.8,74,O,주의,X,낮음
8/8/2026,익산(702),O,36.7,35.9,30.3,25.9,72,O,경고,O,낮음
8/8/2026,진안(703),O,34.7,34.2,26.8,22.1,80,O,경고,X,낮음
8/8/2026,담양(706),O,35.8,35.1,28.7,25,79,O,경고,O,낮음
8/8/2026,구례(709),O,34.6,34.3,29,24.6,70,X, ,O,낮음
8/8/2026,나주(710),O,34,33.7,29.3,25.3,70,X, ,O,낮음
8/8/2026,순천시(712),O,34.5,33.6,30.2,26.8,74,O,심각,O,낮음
8/8/2026,광양읍(713),O,36.7,37.1,31.8,29,62,O,심각,O,낮음
8/8/2026,장성(730),O,35.8,36.5,29.1,23.9,75,O,경고,X,낮음
8/8/2026,영암(731),O,34.4,33.8,29.5,25.8,72,O,경고,O,낮음
8/8/2026,보성(732),X,32.6,32.7,29.1,27.1,64,O,경고,O,낮음
8/8/2026,완주(734),O,36.1,37.1,29.5,24,68,O,경고,O,낮음
8/8/2026,김제(737),O,37,37.6,29.5,23.8,75,O,심각,X,낮음
8/8/2026,화순(741),O,35,35.2,30.8,27.3,61,O,심각,O,낮음
8/8/2026,함평(754),O,34.8,34.3,29.5,25.4,74,O,경고,O,낮음
8/8/2026,곡성(768),O,35.9,36.3,29.6,24.4,73,X, ,X,낮음
8/8/2026,압해도(789),O,34.5,34.9,30.2,25.8,67,O,경고,O,낮음
8/8/2026,영양(801),O,33.3,32.5,25.9,22.3,86,X, ,X,낮음
8/8/2026,성주(810),O,34.2,33.5,28.2,25.2,77,O,경고,O,낮음
8/8/2026,고령(812),O,35.2,34.8,29.1,24.7,76,O,심각,O,낮음
8/8/2026,청도(813),O,34.1,33.8,28.5,24.1,78,O,경고,O,낮음
8/8/2026,예천(815),O,35.1,35.6,27.9,25,74,O,경고,X,낮음
8/8/2026,김천(822),O,35.7,35.9,26.8,24.1,82,X, ,X,낮음
8/8/2026,군위(823),O,35.3,35.1,26.9,23.5,88,O,경고,X,낮음
8/8/2026,군위(823),O,35.3,35.1,26.9,23.5,88,O,경고,X,낮음
8/8/2026,군위(823),O,35.3,35.1,26.9,23.5,88,O,경고,X,낮음
8/8/2026,군위(823),O,35.3,35.1,26.9,23.5,88,O,경고,X,낮음
8/8/2026,군위(823),O,35.3,35.1,26.9,23.5,88,O,경고,X,낮음
8/8/2026,군위(823),O,35.3,35.1,26.9,23.5,88,O,경고,X,낮음
8/8/2026,군위(823),O,35.3,35.1,26.9,23.5,88,O,경고,X,낮음
8/8/2026,군위(823),O,35.3,35.1,26.9,23.5,88,O,경고,X,낮음
8/8/2026,군위(823),O,35.3,35.1,26.9,23.5,88,O,경고,X,낮음
8/8/2026,군위(823),O,35.3,35.1,26.9,23.5,88,O,경고,X,낮음
8/8/2026,군위(823),O,35.3,35.1,26.9,23.5,88,O,경고,X,낮음
8/8/2026,군위(823),O,35.3,35.1,26.9,23.5,88,O,경고,X,낮음
8/8/2026,군위(823),O,35.3,35.1,26.9,23.5,88,O,경고,X,낮음
8/8/2026,군위(823),O,35.3,35.1,26.9,23.5,88,O,경고,X,낮음
8/8/2026,군위(823),O,35.3,35.1,26.9,23.5,88,O,경고,X,낮음
8/8/2026,군위(823),O,35.3,35.1,26.9,23.5,88,O,경고,X,낮음
8/8/2026,군위(823),O,35.3,35.1,26.9,23.5,88,O,경고,X,낮음
8/8/2026,군위(823),O,35.3,35.1,26.9,23.5,88,O,경고,X,낮음
8/8/2026,군위(823),O,35.3,35.1,26.9,23.5,88,O,경고,X,낮음
8/8/2026,군위(823),O,35.3,35.1,26.9,23.5,88,O,경고,X,낮음
8/8/2026,군위(823),O,35.3,35.1,26.9,23.5,88,O,경고,X,낮음
8/8/2026,군위(823),O,35.3,35.1,26.9,23.5,88,O,경고,X,낮음
8/8/2026,군위(823),O,35.3,35.1,26.9,23.5,88,O,경고,X,낮음
8/8/2026,군위(823),O,35.3,35.1,26.9,23.5,88,O,경고,X,낮음
8/8/2026,군위(823),O,35.3,35.1,26.9,23.5,88,O,경고,X,낮음
8/8/2026,군위(823),O,35.3,35.1,26.9,23.5,88,O,경고,X,낮음
8/8/2026,군위(823),O,35.3,35.1,26.9,23.5,88,O,경고,X,낮음
8/8/2026,군위(823),O,35.3,35.1,26.9,23.5,88,O,경고,X,낮음
8/8/2026,군위(823),O,35.3,35.1,26.9,23.5,88,O,경고,X,낮음
8/8/2026,군위(823),O,35.3,35.1,26.9,23.5,88,O,경고,X,낮음
8/8/2026,군위(823),O,35.3,35.1,26.9,23.5,88,O,경고,X,낮음
8/8/2026,군위(823),O,35.3,35.1,26.9,23.5,88,O,경고,X,낮음
8/8/2026,칠곡(825),O,34.9,35,28.4,26.1,81,O,심각,O,낮음
8/8/2026,경산(827),O,34.6,34.7,28.3,26.4,76,O,경고,O,낮음
8/8/2026,삼척(876),X,31.4,29.2,24.9,21.8,89,X, ,X,낮음
8/8/2026,속초(90),X,30.3,27.6,24.4,22.3,81,X, ,X,낮음
8/8/2026,삼천포(907),O,33.9,34.3,30.4,26.2,62,O,경고,O,낮음
8/8/2026,고성(918),O,34,33.8,29.8,26.3,70,O,주의,O,낮음
8/8/2026,창녕(919),O,35.3,35.2,29.8,26.6,70,O,경고,O,낮음
8/8/2026,함안(920),O,35.4,34,29.4,25,77,O,경고,O,낮음
8/8/2026,북춘천(93),O,34.2,34.1,27.9,23.5,67.4,O,심각,X,낮음
8/8/2026,하동(932),O,34.1,35,30.7,26.4,62,X, ,O,낮음
8/8/2026,철원(95),X,32.3,31.7,26.7,21.1,70.4,O,경고,X,낮음
8/8/2026,동두천(98),O,34.2,35,28.7,22.2,60.9,O,경고,X,낮음
8/8/2026,파주(99),O,34.5,33.9,27.7,21.9,70.9,X, ,X,낮음
8/9/2026,북강릉(104),X,26.1,23.1,21.5,18.9,92.1,X, ,X,낮음
8/9/2026,동해(106),X,27.2,24.4,22.5,21.7,91.3,X, ,X,낮음
8/9/2026,서울(108),X,31.4,31.6,27.6,24.5,58.9,O,경고,X,낮음
8/9/2026,인천(112),X,32.2,32.4,28.6,25,59,X, ,O,낮음
8/9/2026,원주(114),X,31.3,31.6,26.9,22.8,64.3,O,경고,X,낮음
8/9/2026,울릉도(115),X,28.9,26.1,25,23.6,89.1,X, ,X,낮음
8/9/2026,수원(119),X,32.3,32.5,28,24.4,59.4,O,경고,O,낮음
8/9/2026,영월(121),X,30.8,31,26.6,23.4,67.6,O,경고,X,낮음
8/9/2026,충주(127),X,31.6,31.6,27.3,23.7,65.9,O,경고,X,낮음
8/9/2026,서산(129),O,33,33.1,28,24.3,65.8,O,경고,X,낮음
8/9/2026,울진(130),X,28.4,25.3,23.6,22.5,96.1,X, ,X,낮음
8/9/2026,청주(131),X,32.9,33.5,28.5,24.3,62.8,X, ,O,낮음
8/9/2026,대전(133),O,33.3,33.1,28.6,25.2,68.6,O,경고,O,낮음
8/9/2026,추풍령(135),X,30.7,29.3,25.9,23.6,78.5,O,주의,X,낮음
8/9/2026,안동(136),X,32,31.8,26.5,23.6,75.4,X, ,X,낮음
8/9/2026,상주(137),X,32.4,31.1,26.2,23.3,83.9,O,경고,X,낮음
8/9/2026,포항(138),X,30.1,28.2,26.4,24.3,85.1,X,관심,O,낮음
8/9/2026,군산(140),O,33.2,32.9,29.1,25.9,71.9,X, ,O,낮음
8/9/2026,대구(143),X,31.9,31.7,27.5,25.6,73,X, ,X,낮음
8/9/2026,전주(146),O,33.6,34.1,30.1,26.4,62,O,경고,O,낮음
8/9/2026,울산(152),X,30.6,29,26.3,24.1,83,X, ,X,낮음
8/9/2026,창원(155),O,33.5,33.3,29.2,27.7,69.9,O,경고,O,낮음
8/9/2026,광주(156),O,34.7,34.8,30.1,27.3,67.9,X, ,O,낮음
8/9/2026,부산(159),X,32.9,32.3,28.8,27.5,72.4,X, ,O,낮음
8/9/2026,통영(162),X,32.3,31.6,28.5,27.3,72,O,주의,O,낮음
8/9/2026,목포(165),X,32.7,32.2,29.8,27.7,67.8,O,주의,O,낮음
8/9/2026,여수(168),X,31.5,30.7,28.8,27.4,70.6,O,경고,O,낮음
8/9/2026,흑산도(169),X,31.9,30.3,27.9,26.6,79.6,O,주의,O,낮음
8/9/2026,완도(170),X,32.9,32,28.8,27.8,74.1,X, ,O,낮음
8/9/2026,고창(172),O,34,33.1,,26.4,,O,경고,O,낮음
8/9/2026,제주(184),X,31.3,29.6,27.8,25.6,78.9,X, ,O,낮음
8/9/2026,진주(192),O,33.9,33.6,28.8,25,70.3,O,경고,O,낮음
8/9/2026,양평(202),X,31,31.1,26.9,22.6,61.6,X, ,X,낮음
8/9/2026,이천(203),X,32.5,32.1,26.4,22.1,69.3,O,경고,X,낮음
8/9/2026,인제(211),X,26.6,26,23,20.6,67.8,X, ,X,낮음
8/9/2026,홍천(212),X,29.5,29.6,25.2,21,65,X, ,X,낮음
8/9/2026,태백(216),X,23.8,20.8,19.7,18.3,97,X, ,X,낮음
8/9/2026,정선군(217),X,28.1,26.9,23.7,21,77.3,X, ,X,낮음
8/9/2026,제천(221),X,29.3,28.7,24.8,21.7,72.1,O,주의,X,낮음
8/9/2026,보은(226),X,31.5,30.7,26.2,21.9,78.8,O,주의,X,낮음
8/9/2026,천안(232),X,31.8,31.7,27.2,23.2,70.3,O,경고,X,낮음
8/9/2026,보령(235),O,34.4,34.7,30,26.7,62.4,X, ,O,낮음
8/9/2026,부여(236),O,33.2,33,28.1,24.4,71.4,O,경고,O,낮음
8/9/2026,금산(238),X,32.3,31.8,28.1,25.8,71.6,O,경고,O,낮음
8/9/2026,세종(239),O,33.3,33,27.6,23.7,70.8,X, ,O,낮음
8/9/2026,부안(243),O,34.1,34.6,29.4,25.6,67.1,X, ,O,낮음
8/9/2026,임실(244),X,32.2,32.1,28.5,24.3,66.8,O,경고,X,낮음
8/9/2026,정읍(245),O,33.7,34.1,29.4,25.1,68.5,O,경고,O,낮음
8/9/2026,남원(247),O,33.6,33.4,29.6,27.4,66.9,O,경고,O,낮음
8/9/2026,장수(248),X,30.9,30.4,27.2,25.2,67.4,O,주의,X,낮음
8/9/2026,영광군(252),O,33.8,33,28.4,24.7,79.5,X, ,O,낮음
8/9/2026,김해시(253),O,34.5,34.1,28.8,25.9,74.8,O,경고,O,낮음
8/9/2026,순창군(254),O,33.6,33.9,29.8,25.5,62.5,O,경고,O,낮음
8/9/2026,양산시(257),X,32.8,31.7,27.9,25.7,83.3,O,경고,O,낮음
8/9/2026,강진군(259),X,32.8,31.7,29.5,27.9,72.6,O,경고,O,낮음
8/9/2026,장흥(260),X,32.6,31.4,29.2,27.7,72.9,O,경고,O,낮음
8/9/2026,해남(261),X,32.7,31.3,29.3,27.8,74.9,X, ,O,낮음
8/9/2026,고흥(262),X,32.1,31.5,29.4,27.8,69.3,X, ,O,낮음
8/9/2026,의령군(263),O,34.2,33.9,29.4,27.1,70.3,O,경고,O,낮음
8/9/2026,함양군(264),O,33.5,32.8,28.4,25.4,75.1,X, ,O,낮음
8/9/2026,진도군ASOS(268),X,32.9,32.4,29.3,28.1,68.5,O,주의,O,낮음
8/9/2026,봉화(271),X,28.8,28.2,24.2,21.8,81.4,X, ,X,낮음
8/9/2026,영주(272),X,30.8,30.1,24.6,21.3,86.1,O,주의,X,낮음
8/9/2026,문경(273),X,32.2,31.2,25.8,21.5,80.6,O,경고,X,낮음
8/9/2026,청송군(276),X,30.6,29,25.9,24.1,87.4,O,경고,X,낮음
8/9/2026,영덕(277),X,28.9,26.8,24.3,22.9,91,X,관심,X,낮음
8/9/2026,의성(278),X,31.8,31.2,27.3,24.1,77.3,O,경고,X,낮음
8/9/2026,구미(279),O,33.2,33.4,27.6,24.7,74.4,O,경고,X,낮음
8/9/2026,영천(281),X,31.5,30.7,26.4,24.1,83,O,주의,X,낮음
8/9/2026,경주시(283),X,31,29.1,25.7,24.1,88.4,X, ,X,낮음
8/9/2026,거창(284),O,33.5,32.6,28.2,25.2,73.5,X, ,O,낮음
8/9/2026,합천(285),O,33.2,33,28.3,26.1,74.5,X, ,X,낮음
8/9/2026,밀양(288),O,33,32.8,29.1,27.4,70.3,O,경고,O,낮음
8/9/2026,산청(289),X,32.7,32.4,28.3,25.6,72.1,X, ,O,낮음
8/9/2026,거제(294),X,31.8,30.7,28.4,27.3,73.8,O,주의,O,낮음
8/9/2026,남해(295),X,32.8,32.2,28.6,26.7,73.3,O,주의,O,낮음
8/9/2026,부천(433),X,32.8,33.7,28.7,25.3,54,O,경고,O,낮음
8/9/2026,안양(434),X,,31.8,27.8,24.7,,O,경고,O,낮음
8/9/2026,광명(437),X,32.2,33,28.7,25.7,54,O,경고,O,낮음
8/9/2026,군포(438),X,31.8,32.2,28,24.7,56,O,경고,X,낮음
8/9/2026,김포(441),O,33.5,33.7,27.6,23.1,67,O,경고,X,낮음
8/9/2026,하남(444),X,31.6,31,27.4,24.8,64,O,경고,X,낮음
8/9/2026,의왕(445),X,,,,,,O,경고,X,낮음
8/9/2026,포천(504),X,,,,,,O,경고,X,낮음
8/9/2026,가평조종(505),X,31.1,30.3,26.1,22.8,66,O,경고,X,낮음
8/9/2026,안성(516),O,33.8,33.7,27.9,23.7,64,O,경고,X,낮음
8/9/2026,간성(517),X,27.3,25.8,21.8,19.3,87,X, ,X,낮음
8/9/2026,평창(526),X,28.8,28,24.3,20.4,74,X, ,X,낮음
8/9/2026,의정부(532),X,31.6,31.4,26.6,22.5,63,O,경고,X,낮음
8/9/2026,횡성(536),X,30.8,31,26.1,21.7,64,O,경고,X,낮음
8/9/2026,고양(540),X,32.4,32.5,26.3,21.6,69,O,경고,X,낮음
8/9/2026,남양주(541),X,31.7,31.9,27.8,24.1,58,O,경고,X,낮음
8/9/2026,안산(545),O,33.7,33.4,27.7,22.5,68,O,경고,X,낮음
8/9/2026,경기광주(546),X,31.2,30.5,25.6,22.3,68,O,경고,X,낮음
8/9/2026,여주(548),X,32.3,32.1,26.2,22.1,69,X, ,X,낮음
8/9/2026,용인(549),O,34,34.6,27.7,23.5,61,X, ,X,낮음
8/9/2026,오산(550),X,32.5,32.4,27.5,23.9,65,O,경고,X,낮음
8/9/2026,평택(551),O,33.7,32.4,27.4,23.2,73,O,경고,X,낮음
8/9/2026,화천(555),X,30.2,30.2,24.8,20.7,70,O,경고,X,낮음
8/9/2026,양구(556),X,28.2,28,23.4,18.9,69,X, ,X,낮음
8/9/2026,시흥(565),X,31.8,31.8,27.4,23.1,62,O,경고,X,낮음
8/9/2026,구리(569),X,30.6,30.5,26.6,23.4,59,O,경고,X,낮음
8/9/2026,화성(571),O,33.9,34.2,28.3,24.5,61,O,경고,X,낮음
8/9/2026,성남(572),X,31.9,31.8,27.3,23.5,64,O,경고,X,낮음
8/9/2026,과천(590),X,32.3,32.2,27.1,23.1,64,O,경고,X,낮음
8/9/2026,양주(598),O,33.2,34.2,27.3,22.1,60,O,경고,X,낮음
8/9/2026,단양(601),X,30.3,29.6,24.9,20.7,79,O,주의,X,낮음
8/9/2026,진천(602),X,31.6,31,26.3,22,74,O,경고,X,낮음
8/9/2026,괴산(603),X,32.1,31.9,26.3,21.4,76,O,경고,X,낮음
8/9/2026,옥천(604),X,32.8,32.4,28,26,72,O,주의,O,낮음
8/9/2026,홍북(608),X,,,,,,X, ,X,낮음
8/9/2026,공주(612),O,33.1,32.9,27.4,22.9,74,O,경고,X,낮음
8/9/2026,서천(614),O,33,32.6,28.3,24.9,73,O,경고,O,낮음
8/9/2026,논산(615),O,33.3,32.5,28.7,26,71,O,경고,O,낮음
8/9/2026,당진(616),O,33.1,33,27.9,23.9,66,O,경고,X,낮음
8/9/2026,청양(618),O,33.1,32.7,28.4,24,69,O,경고,O,낮음
8/9/2026,음성(619),X,31.9,31.3,26.5,22,74,O,경고,X,낮음
8/9/2026,증평(623),X,32.1,31.9,27.3,23.3,67,O,경고,X,낮음
8/9/2026,태안(627),O,33,32.8,28.5,24.9,68,O,경고,O,낮음
8/9/2026,예산(628),X,32.5,32.4,27.7,23.3,68,O,경고,X,낮음
8/9/2026,아산(634),O,33.2,34,28.1,23.6,63,O,경고,X,낮음
8/9/2026,계룡(636),X,32.2,31.8,27.6,25.1,73,O,경고,X,낮음
8/9/2026,연천청산(652),X,32.8,32.6,26.6,21.7,64,O,경고,X,낮음
8/9/2026,양양(670),X,26.5,24.3,22.1,18.6,84,X, ,X,낮음
8/9/2026,무안(699),O,33.7,33.5,29.5,25.2,70,X, ,O,낮음
8/9/2026,무주(701),X,31.3,30.8,27.5,25.2,70,O,주의,X,낮음
8/9/2026,익산(702),O,33.5,32.7,29.4,26.7,70,O,경고,O,낮음
8/9/2026,진안(703),O,33,32.2,27.6,24.2,72,O,경고,X,낮음
8/9/2026,담양(706),O,34.2,33.7,29.4,25.1,74,O,경고,O,낮음
8/9/2026,구례(709),O,33.1,32.6,29.8,26.4,63,X, ,O,낮음
8/9/2026,나주(710),O,33.8,34.2,29,25.4,71,X, ,O,낮음
8/9/2026,순천시(712),O,33.6,32.6,29.6,28.2,74,O,경고,O,낮음
8/9/2026,광양읍(713),O,35.5,35.9,30.9,28.8,64,O,경고,O,낮음
8/9/2026,장성(730),O,34.7,34.9,29.1,24.4,75,O,경고,O,낮음
8/9/2026,영암(731),O,33,32.4,28.8,26.1,76,O,경고,O,낮음
8/9/2026,보성(732),X,31.8,31.2,28.2,26.3,69,O,경고,O,낮음
8/9/2026,완주(734),O,33.8,33.9,29.5,25.1,65,O,경고,X,낮음
8/9/2026,김제(737),O,34.7,34.2,29.1,26,76,O,경고,O,낮음
8/9/2026,화순(741),O,34.7,34.9,30.3,27.1,62,O,경고,O,낮음
8/9/2026,함평(754),O,34.1,33.6,29.1,26.2,77,O,경고,O,낮음
8/9/2026,곡성(768),O,35.3,36.3,29.3,24.5,71,X, ,O,낮음
8/9/2026,압해도(789),O,33.7,33.7,29.9,26.6,67,O,경고,O,낮음
8/9/2026,영양(801),X,30.8,28.9,24.7,23,90,X, ,X,낮음
8/9/2026,성주(810),X,32.2,31.2,27.1,25,80,O,경고,X,낮음
8/9/2026,고령(812),O,33.7,33.2,28.9,26.2,75,O,경고,O,낮음
8/9/2026,청도(813),X,31.4,30.7,27.4,24.9,78,O,주의,X,낮음
8/9/2026,예천(815),O,33.1,33,26.4,23.4,78,O,경고,X,낮음
8/9/2026,김천(822),O,33,32.3,26.6,23.6,81,X, ,X,낮음
8/9/2026,군위(823),X,32.4,31.5,26.8,23.4,84,O,경고,X,낮음
8/9/2026,군위(823),X,32.4,31.5,26.8,23.4,84,O,경고,X,낮음
8/9/2026,군위(823),X,32.4,31.5,26.8,23.4,84,O,경고,X,낮음
8/9/2026,군위(823),X,32.4,31.5,26.8,23.4,84,O,경고,X,낮음
8/9/2026,군위(823),X,32.4,31.5,26.8,23.4,84,O,경고,X,낮음
8/9/2026,군위(823),X,32.4,31.5,26.8,23.4,84,O,경고,X,낮음
8/9/2026,군위(823),X,32.4,31.5,26.8,23.4,84,O,경고,X,낮음
8/9/2026,군위(823),X,32.4,31.5,26.8,23.4,84,O,경고,X,낮음
8/9/2026,군위(823),X,32.4,31.5,26.8,23.4,84,O,경고,X,낮음
8/9/2026,군위(823),X,32.4,31.5,26.8,23.4,84,O,경고,X,낮음
8/9/2026,군위(823),X,32.4,31.5,26.8,23.4,84,O,경고,X,낮음
8/9/2026,군위(823),X,32.4,31.5,26.8,23.4,84,O,경고,X,낮음
8/9/2026,군위(823),X,32.4,31.5,26.8,23.4,84,O,경고,X,낮음
8/9/2026,군위(823),X,32.4,31.5,26.8,23.4,84,O,경고,X,낮음
8/9/2026,군위(823),X,32.4,31.5,26.8,23.4,84,O,경고,X,낮음
8/9/2026,군위(823),X,32.4,31.5,26.8,23.4,84,O,경고,X,낮음
8/9/2026,군위(823),X,32.4,31.5,26.8,23.4,84,O,경고,X,낮음
8/9/2026,군위(823),X,32.4,31.5,26.8,23.4,84,O,경고,X,낮음
8/9/2026,군위(823),X,32.4,31.5,26.8,23.4,84,O,경고,X,낮음
8/9/2026,군위(823),X,32.4,31.5,26.8,23.4,84,O,경고,X,낮음
8/9/2026,군위(823),X,32.4,31.5,26.8,23.4,84,O,경고,X,낮음
8/9/2026,군위(823),X,32.4,31.5,26.8,23.4,84,O,경고,X,낮음
8/9/2026,군위(823),X,32.4,31.5,26.8,23.4,84,O,경고,X,낮음
8/9/2026,군위(823),X,32.4,31.5,26.8,23.4,84,O,경고,X,낮음
8/9/2026,군위(823),X,32.4,31.5,26.8,23.4,84,O,경고,X,낮음
8/9/2026,군위(823),X,32.4,31.5,26.8,23.4,84,O,경고,X,낮음
8/9/2026,군위(823),X,32.4,31.5,26.8,23.4,84,O,경고,X,낮음
8/9/2026,군위(823),X,32.4,31.5,26.8,23.4,84,O,경고,X,낮음
8/9/2026,군위(823),X,32.4,31.5,26.8,23.4,84,O,경고,X,낮음
8/9/2026,군위(823),X,32.4,31.5,26.8,23.4,84,O,경고,X,낮음
8/9/2026,군위(823),X,32.4,31.5,26.8,23.4,84,O,경고,X,낮음
8/9/2026,군위(823),X,32.4,31.5,26.8,23.4,84,O,경고,X,낮음
8/9/2026,칠곡(825),O,33.9,34.1,27.4,25.4,86,O,경고,X,낮음
8/9/2026,경산(827),O,33.2,33,27.5,25.6,76,O,경고,X,낮음
8/9/2026,삼척(876),X,27.1,24.1,22.4,21.5,93,X, ,X,낮음
8/9/2026,속초(90),X,27.4,25.7,22.5,19.9,82.4,X, ,X,낮음
8/9/2026,삼천포(907),X,32.8,32.6,29.2,26.8,65,O,경고,O,낮음
8/9/2026,고성(918),X,32.7,31.5,28.3,25.9,77,O,주의,O,낮음
8/9/2026,창녕(919),X,32.9,32.7,28.8,26.7,70,O,경고,O,낮음
8/9/2026,함안(920),O,34.5,33.1,28.5,26.1,76,O,경고,X,낮음
8/9/2026,북춘천(93),X,29.8,29.7,25.6,21.9,65.9,O,경고,X,낮음
8/9/2026,하동(932),O,33.4,34.3,30.2,28,61,X, ,O,낮음
8/9/2026,철원(95),X,31,30.7,24.7,20.8,69.3,O,경고,X,낮음
8/9/2026,동두천(98),X,31.8,32.3,26.4,21.7,59.4,O,경고,X,낮음
8/9/2026,파주(99),X,32.3,31.7,25.7,21.2,67.5,X, ,X,낮음
8/10/2026,북강릉(104),X,28.4,26.3,23.3,21.1,90.8,X, ,X,낮음
8/10/2026,동해(106),X,28.9,27.5,24,21.5,84,X, ,X,낮음
8/10/2026,서울(108),O,33.1,34.3,29.1,24.8,57.6,O,경고,X,낮음
8/10/2026,인천(112),O,33.2,33.9,29.4,25.8,57.8,X, ,O,낮음
8/10/2026,원주(114),X,32.3,33.8,27.7,22.7,60,O,경고,X,낮음
8/10/2026,울릉도(115),X,27.6,26.3,24.1,22.2,74.9,X, ,X,낮음
8/10/2026,수원(119),X,31.1,31.9,28.4,25,57.8,O,경고,X,낮음
8/10/2026,영월(121),X,31.6,32.5,25.9,21.8,63.9,X,경고,X,낮음
8/10/2026,충주(127),X,32,32,27.3,23.8,62.1,O,주의,X,낮음
8/10/2026,서산(129),X,31.2,31.7,28.1,24.7,61.4,O,경고,X,낮음
8/10/2026,울진(130),X,29.5,27.6,24.2,21.7,83.4,X, ,X,낮음
8/10/2026,청주(131),X,31,31.6,28.4,25.7,56.6,X, ,X,낮음
8/10/2026,대전(133),X,31.3,31.1,27.8,25.4,64.9,O,경고,X,낮음
8/10/2026,추풍령(135),X,28.7,27.6,24.7,21.7,74.1,O,주의,X,낮음
8/10/2026,안동(136),X,29.4,29.2,25.7,22.8,65.5,X, ,X,낮음
8/10/2026,상주(137),X,30.9,30.3,26.3,23.1,71.1,O,주의,X,낮음
8/10/2026,포항(138),X,29.3,27.7,26.1,25,71,X, ,X,낮음
8/10/2026,군산(140),X,32.5,32.2,28.7,26.2,70.5,X, ,X,낮음
8/10/2026,대구(143),X,29.5,29.6,26.1,23.3,68.1,X, ,X,낮음
8/10/2026,전주(146),O,33.2,34.5,30,26.5,56.5,O,경고,X,낮음
8/10/2026,울산(152),X,28.9,28.3,25.7,23.5,70.3,X, ,X,낮음
8/10/2026,창원(155),X,31.4,32.1,28.2,25.5,64.3,O,경고,X,낮음
8/10/2026,광주(156),O,33,32.2,29,26.1,69.5,X, ,X,낮음
8/10/2026,부산(159),X,31.2,31.5,27.4,25,65.9,X, ,X,낮음
8/10/2026,통영(162),X,32.3,33,27.9,25.1,65,O,주의,X,낮음
8/10/2026,목포(165),X,32.3,31.6,29.1,26.6,68.6,O,주의,X,낮음
8/10/2026,여수(168),X,30.5,30.4,28,26.2,67.3,O,경고,X,낮음
8/10/2026,흑산도(169),X,30.8,29.1,26.8,23.9,81.8,O,주의,X,낮음
8/10/2026,완도(170),X,31,29.7,27.8,25.6,75.3,X, ,X,낮음
8/10/2026,고창(172),X,32.7,31.8,28.1,24.9,79,O,경고,X,낮음
8/10/2026,제주(184),X,32.9,32.4,28.5,26.7,73,X, ,O,낮음
8/10/2026,진주(192),X,32.4,33.4,28.2,24.6,65.8,O,경고,X,낮음
8/10/2026,양평(202),X,31.7,32.2,27.5,22.8,62.4,X, ,X,낮음
8/10/2026,이천(203),X,32.7,33,27,22.1,70.3,O,경고,X,낮음
8/10/2026,인제(211),X,29.1,28.7,24.2,20.9,73.4,X, ,X,낮음
8/10/2026,홍천(212),X,32.3,33.1,26,20.1,68.3,X, ,X,낮음
8/10/2026,태백(216),X,24.9,22.9,20,18,85.9,X, ,X,낮음
8/10/2026,정선군(217),X,28.7,27.9,23.7,21.3,74,X, ,X,낮음
8/10/2026,제천(221),X,29.9,29.2,24.5,20.3,70.9,O,주의,X,낮음
8/10/2026,보은(226),X,29.3,28.6,25.8,22.7,68,O,주의,X,낮음
8/10/2026,천안(232),X,30.1,30.2,27.1,24.3,62.8,O,경고,X,낮음
8/10/2026,보령(235),O,33.8,34.5,29.9,27.2,60,X, ,X,낮음
8/10/2026,부여(236),X,31.7,31.6,27.7,25.3,68.1,O,경고,X,낮음
8/10/2026,금산(238),X,31.1,31.6,27.4,24.5,67.3,O,주의,X,낮음
8/10/2026,세종(239),X,30.9,30.9,27.4,24.8,64.3,X, ,X,낮음
8/10/2026,부안(243),X,32.4,33.2,29.2,25.7,64.4,X, ,X,낮음
8/10/2026,임실(244),X,30.8,30.5,27.5,24.2,62.9,O,경고,X,낮음
8/10/2026,정읍(245),X,32.8,33.1,29.1,26,63.1,O,경고,X,낮음
8/10/2026,남원(247),X,31.7,31.6,27.9,25.2,66,O,경고,X,낮음
8/10/2026,장수(248),X,29.3,29.2,25.7,20.7,67.5,O,주의,X,낮음
8/10/2026,영광군(252),X,32.5,31.9,28.4,25.3,73.1,X, ,X,낮음
8/10/2026,김해시(253),X,32.7,33.2,27.9,24.2,67.8,O,경고,X,낮음
8/10/2026,순창군(254),X,32,32.2,28.7,25.6,61.6,O,경고,X,낮음
8/10/2026,양산시(257),X,31.5,31.1,27.4,25.5,72.4,O,주의,X,낮음
8/10/2026,강진군(259),X,31.9,30.8,28.5,25.1,73.6,O,경고,X,낮음
8/10/2026,장흥(260),X,31.5,30.3,28,24.3,74.9,O,경고,X,낮음
8/10/2026,해남(261),X,31.6,29.9,27.9,24,78.1,X, ,X,낮음
8/10/2026,고흥(262),X,31.4,30.7,28.1,24.8,70.8,X, ,X,낮음
8/10/2026,의령군(263),X,32.9,33.6,28.4,24.6,67.5,O,경고,X,낮음
8/10/2026,함양군(264),X,31.3,30.8,27.1,22.1,73.3,X, ,X,낮음
8/10/2026,진도군ASOS(268),X,31.3,30.2,28.4,24.6,70.5,O,주의,X,낮음
8/10/2026,봉화(271),X,27.6,27,23.6,19.2,71.3,X, ,X,낮음
8/10/2026,영주(272),X,30.4,30.3,24.5,20.2,75.9,O,주의,X,낮음
8/10/2026,문경(273),X,30.4,30.1,25.5,20.9,71.5,O,주의,X,낮음
8/10/2026,청송군(276),X,28.7,27.6,24.3,21.5,78.4,O,주의,X,낮음
8/10/2026,영덕(277),X,28.3,27,23.7,21.9,82.8,X, ,X,낮음
8/10/2026,의성(278),X,30,29.9,26.1,21.6,68,O,경고,X,낮음
8/10/2026,구미(279),X,31.4,31.8,27,24.1,65.4,O,주의,X,낮음
8/10/2026,영천(281),X,28.6,27.7,24.8,21.6,74.4,O,주의,X,낮음
8/10/2026,경주시(283),X,29.8,28.9,25.3,21.9,77.6,X, ,X,낮음
8/10/2026,거창(284),X,31.2,31,26.5,22.2,69.5,X, ,X,낮음
8/10/2026,합천(285),X,31.7,31.9,27,23.7,71.4,X, ,X,낮음
8/10/2026,밀양(288),X,32,33.4,28.1,25.4,62.3,O,경고,X,낮음
8/10/2026,산청(289),X,31.2,30.7,27,23.3,70.9,X, ,X,낮음
8/10/2026,거제(294),X,30.6,30.4,26.8,24.8,70.6,O,주의,X,낮음
8/10/2026,남해(295),X,30.9,30.8,27.9,25.1,68.3,O,주의,X,낮음
8/10/2026,부천(433),O,33.3,34.9,29.5,25.9,53,O,경고,O,낮음
8/10/2026,안양(434),X,,32.5,28.6,25.2,,O,경고,X,낮음
8/10/2026,광명(437),X,32.7,34.4,29.5,25.8,53,O,경고,O,낮음
8/10/2026,군포(438),X,31.5,32.9,28.7,24.8,55,O,경고,X,낮음
8/10/2026,김포(441),O,33.9,34.7,29,23.4,64,O,경고,X,낮음
8/10/2026,하남(444),X,32.9,33.2,28.5,24.7,65,O,경고,X,낮음
8/10/2026,의왕(445),X,32.2,,,,,O,경고,X,낮음
8/10/2026,포천(504),X,,,,,,O,주의,X,낮음
8/10/2026,가평조종(505),O,33,33,27.5,21.9,68,O,경고,X,낮음
8/10/2026,안성(516),X,31.9,32.4,28.2,24.5,61,O,경고,X,낮음
8/10/2026,간성(517),X,27.4,25.4,22.9,20.6,91,X, ,X,낮음
8/10/2026,평창(526),X,29.1,29.3,23.7,19.6,74,X, ,X,낮음
8/10/2026,의정부(532),O,33.1,33.7,27.8,22,66,O,경고,X,낮음
8/10/2026,횡성(536),X,31.8,32.9,26.4,21.6,64,O,경고,X,낮음
8/10/2026,고양(540),X,32.7,33.8,27.3,21.8,69,O,경고,X,낮음
8/10/2026,남양주(541),O,33.9,34.5,29,24.3,60,O,경고,X,낮음
8/10/2026,안산(545),X,32.1,32.2,27.4,22.2,70,O,경고,X,낮음
8/10/2026,경기광주(546),X,31.4,32,26.9,22.7,66,O,경고,X,낮음
8/10/2026,여주(548),X,32.4,32.8,26.7,21.8,69,X, ,X,낮음
8/10/2026,용인(549),X,32.1,33.3,28,24.1,61,X, ,X,낮음
8/10/2026,오산(550),X,31.2,31.3,27.6,24.2,64,O,경고,X,낮음
8/10/2026,평택(551),X,32.8,31.7,27.3,23.8,73,O,경고,X,낮음
8/10/2026,화천(555),X,32.3,32.5,25.6,19.4,73,X,주의,X,낮음
8/10/2026,양구(556),X,31.2,31.7,24.4,18.9,72,X, ,X,낮음
8/10/2026,시흥(565),X,31.5,32.2,28,24.2,62,O,경고,X,낮음
8/10/2026,구리(569),X,32.6,33.4,28,23.7,61,O,경고,X,낮음
8/10/2026,화성(571),X,31.5,32.1,28.4,24.9,60,O,경고,X,낮음
8/10/2026,성남(572),X,32.1,32.8,28.2,23.7,63,O,경고,X,낮음
8/10/2026,과천(590),X,32.4,32.8,27.6,22.5,65,O,경고,X,낮음
8/10/2026,양주(598),O,34.4,36,28.7,21.8,61,O,경고,X,낮음
8/10/2026,단양(601),X,30.7,30.8,25.3,20.8,73,O,주의,X,낮음
8/10/2026,진천(602),X,31.6,31.1,26.1,22.1,72,O,경고,X,낮음
8/10/2026,괴산(603),X,30.7,30.9,26.2,21.7,69,O,주의,X,낮음
8/10/2026,옥천(604),X,30.8,30.5,27.1,24.1,68,O,주의,X,낮음
8/10/2026,홍북(608),X,,,,,,X, ,X,낮음
8/10/2026,공주(612),X,31.1,31.1,27.2,24.2,66,O,경고,X,낮음
8/10/2026,서천(614),X,32,31.7,28.1,25.5,69,O,경고,X,낮음
8/10/2026,논산(615),X,32.2,31.7,28,25.7,68,O,경고,X,낮음
8/10/2026,당진(616),X,32,32.3,27.6,24.6,66,O,경고,X,낮음
8/10/2026,청양(618),X,31.8,31.7,27.4,23.5,70,O,경고,X,낮음
8/10/2026,음성(619),X,31.1,31,26.4,22.9,70,O,주의,X,낮음
8/10/2026,증평(623),X,30.2,30.4,26.8,23.8,63,O,주의,X,낮음
8/10/2026,태안(627),X,32.2,32.4,28.4,25.6,67,O,경고,X,낮음
8/10/2026,예산(628),X,31,31.1,27.6,23.9,65,O,주의,X,낮음
8/10/2026,아산(634),X,31.8,32.5,28.1,24.2,60,O,경고,X,낮음
8/10/2026,계룡(636),X,30.9,30.4,26.9,24.4,68,O,주의,X,낮음
8/10/2026,연천청산(652),O,33.6,33.7,27.4,20.7,70,O,주의,X,낮음
8/10/2026,양양(670),X,28,25.8,23,20.8,90,X, ,X,낮음
8/10/2026,무안(699),X,32.6,32.4,28.6,24.9,70,X, ,X,낮음
8/10/2026,무주(701),X,29.7,29.7,26.4,23.4,67,O,주의,X,낮음
8/10/2026,익산(702),O,34.2,33.6,28.8,25.2,70,O,경고,X,낮음
8/10/2026,진안(703),X,30.9,30.2,26.4,22.7,71,O,경고,X,낮음
8/10/2026,담양(706),X,32.6,31.8,28.4,25,73,O,경고,X,낮음
8/10/2026,구례(709),X,31.7,31.5,28.6,24.7,63,X, ,X,낮음
8/10/2026,나주(710),X,32.1,31.6,27.9,24.1,74,X, ,X,낮음
8/10/2026,순천시(712),X,31.8,30.8,28.4,26,74,O,경고,X,낮음
8/10/2026,광양읍(713),O,34,34.4,29.7,26.3,63,O,경고,X,낮음
8/10/2026,장성(730),O,33,33.1,28.2,24,73,O,경고,X,낮음
8/10/2026,영암(731),X,32.2,31.4,28,23.6,74,O,경고,X,낮음
8/10/2026,보성(732),X,29.8,29.2,26.9,24.2,69,O,경고,X,낮음
8/10/2026,완주(734),O,33,33.4,28.6,24.2,65,O,경고,X,낮음
8/10/2026,김제(737),O,34,34,29.1,25.3,71,O,경고,X,낮음
8/10/2026,화순(741),X,32.8,32.7,28.7,24.1,67,O,경고,X,낮음
8/10/2026,함평(754),X,32.9,32.1,28,24.1,79,O,경고,X,낮음
8/10/2026,곡성(768),O,33.5,33.8,28.6,25.1,69,X, ,X,낮음
8/10/2026,압해도(789),X,32.8,32.7,29.1,23.9,67,O,경고,X,낮음
8/10/2026,영양(801),X,28.8,27.7,23.3,20.1,84,X, ,X,낮음
8/10/2026,성주(810),X,30.5,30.4,26.3,22.8,73,O,주의,X,낮음
8/10/2026,고령(812),X,31.6,31.2,27.6,24.5,69,O,주의,X,낮음
8/10/2026,청도(813),X,30.6,30.7,26.2,22.5,71,O,주의,X,낮음
8/10/2026,예천(815),X,31.5,31,25.8,22.2,70,O,경고,X,낮음
8/10/2026,김천(822),X,31,30.7,26.4,23,70,X, ,X,낮음
8/10/2026,군위(823),X,30.4,30,25.8,20.9,75,O,주의,X,낮음
8/10/2026,군위(823),X,30.4,30,25.8,20.9,75,O,주의,X,낮음
8/10/2026,군위(823),X,30.4,30,25.8,20.9,75,O,주의,X,낮음
8/10/2026,군위(823),X,30.4,30,25.8,20.9,75,O,주의,X,낮음
8/10/2026,군위(823),X,30.4,30,25.8,20.9,75,O,주의,X,낮음
8/10/2026,군위(823),X,30.4,30,25.8,20.9,75,O,주의,X,낮음
8/10/2026,군위(823),X,30.4,30,25.8,20.9,75,O,주의,X,낮음
8/10/2026,군위(823),X,30.4,30,25.8,20.9,75,O,주의,X,낮음
8/10/2026,군위(823),X,30.4,30,25.8,20.9,75,O,주의,X,낮음
8/10/2026,군위(823),X,30.4,30,25.8,20.9,75,O,주의,X,낮음
8/10/2026,군위(823),X,30.4,30,25.8,20.9,75,O,주의,X,낮음
8/10/2026,군위(823),X,30.4,30,25.8,20.9,75,O,주의,X,낮음
8/10/2026,군위(823),X,30.4,30,25.8,20.9,75,O,주의,X,낮음
8/10/2026,군위(823),X,30.4,30,25.8,20.9,75,O,주의,X,낮음
8/10/2026,군위(823),X,30.4,30,25.8,20.9,75,O,주의,X,낮음
8/10/2026,군위(823),X,30.4,30,25.8,20.9,75,O,주의,X,낮음
8/10/2026,군위(823),X,30.4,30,25.8,20.9,75,O,주의,X,낮음
8/10/2026,군위(823),X,30.4,30,25.8,20.9,75,O,주의,X,낮음
8/10/2026,군위(823),X,30.4,30,25.8,20.9,75,O,주의,X,낮음
8/10/2026,군위(823),X,30.4,30,25.8,20.9,75,O,주의,X,낮음
8/10/2026,군위(823),X,30.4,30,25.8,20.9,75,O,주의,X,낮음
8/10/2026,군위(823),X,30.4,30,25.8,20.9,75,O,주의,X,낮음
8/10/2026,군위(823),X,30.4,30,25.8,20.9,75,O,주의,X,낮음
8/10/2026,군위(823),X,30.4,30,25.8,20.9,75,O,주의,X,낮음
8/10/2026,군위(823),X,30.4,30,25.8,20.9,75,O,주의,X,낮음
8/10/2026,군위(823),X,30.4,30,25.8,20.9,75,O,주의,X,낮음
8/10/2026,군위(823),X,30.4,30,25.8,20.9,75,O,주의,X,낮음
8/10/2026,군위(823),X,30.4,30,25.8,20.9,75,O,주의,X,낮음
8/10/2026,군위(823),X,30.4,30,25.8,20.9,75,O,주의,X,낮음
8/10/2026,군위(823),X,30.4,30,25.8,20.9,75,O,주의,X,낮음
8/10/2026,군위(823),X,30.4,30,25.8,20.9,75,O,주의,X,낮음
8/10/2026,군위(823),X,30.4,30,25.8,20.9,75,O,주의,X,낮음
8/10/2026,칠곡(825),X,31.4,31.8,26.9,23.6,73,O,주의,X,낮음
8/10/2026,경산(827),X,30.8,30.7,26,22.9,73,O,주의,X,낮음
8/10/2026,삼척(876),X,28.8,27.6,23.8,21.4,84,X, ,X,낮음
8/10/2026,속초(90),X,27.9,25.9,23.9,20.8,85.5,X, ,X,낮음
8/10/2026,삼천포(907),X,31.8,32.4,28.1,24.3,62,O,경고,X,낮음
8/10/2026,고성(918),X,31.7,31.5,27.6,23.5,71,O,주의,X,낮음
8/10/2026,창녕(919),X,31.7,32,27.4,24.2,66,O,경고,X,낮음
8/10/2026,함안(920),O,33,32.1,27.2,23.4,76,O,경고,X,낮음
8/10/2026,북춘천(93),X,32.3,32.6,27,21.1,67,X,주의,X,낮음
8/10/2026,하동(932),X,32.4,33.3,29,25.6,60,X, ,X,낮음
8/10/2026,철원(95),X,32.9,33,26.5,21.4,72.1,X,주의,X,낮음
8/10/2026,동두천(98),X,32.3,33.9,27.8,22.2,60.3,O,주의,X,낮음
8/10/2026,파주(99),O,33.1,32.8,26.7,20.8,75.1,X, ,X,낮음
8/11/2026,북강릉(104),X,28.2,26.7,23,19.3,83.5,X, ,X,낮음
8/11/2026,동해(106),X,28.7,27.4,23.7,21.8,75.3,X, ,X,낮음
8/11/2026,서울(108),X,32.9,34.4,28.1,24.2,55.4,O,주의,X,낮음
8/11/2026,인천(112),X,32.6,33.7,28.6,25.2,57,X, ,X,낮음
8/11/2026,원주(114),X,31.5,33,26.2,21.2,56.8,X,관심,X,낮음
8/11/2026,울릉도(115),X,27.2,26.4,23.5,21.5,70.9,X, ,X,낮음
8/11/2026,수원(119),X,31.4,32.8,27.7,24.2,54.4,X,주의,X,낮음
8/11/2026,영월(121),X,31.7,33.5,24,18,63.3,X,관심,X,낮음
8/11/2026,충주(127),X,31.4,32.4,25.7,20.5,59,X,주의,X,낮음
8/11/2026,서산(129),X,30.9,31.9,26.9,23.8,57.9,X,주의,X,낮음
8/11/2026,울진(130),X,27.9,26.9,24.5,23,70.8,X, ,X,낮음
8/11/2026,청주(131),X,30.9,32.2,27.6,24.2,51.9,X, ,X,낮음
8/11/2026,대전(133),X,30.7,31.2,26.2,23.1,58,X,관심,X,낮음
8/11/2026,추풍령(135),X,28.3,28.2,22.6,17.3,70,X,관심,X,낮음
8/11/2026,안동(136),X,29.3,30.2,24.3,19.2,61.9,X, ,X,낮음
8/11/2026,상주(137),X,30.7,31,24.7,20.1,67.1,X,관심,X,낮음
8/11/2026,포항(138),X,27.7,27.5,25.3,23.7,62.4,X, ,X,낮음
8/11/2026,군산(140),X,30.5,30.6,26.6,24,64.5,X, ,X,낮음
8/11/2026,대구(143),X,28.3,29.1,24.8,21.7,58.5,X, ,X,낮음
8/11/2026,전주(146),X,30.8,32.2,27.5,24.3,53.9,X,경고,X,낮음
8/11/2026,울산(152),X,27.4,27.9,24.5,22.5,60.3,X, ,X,낮음
8/11/2026,창원(155),X,30.4,31.8,26.3,23.3,56.6,X,주의,X,낮음
8/11/2026,광주(156),X,31.5,31.5,27.1,23.6,64.9,X, ,X,낮음
8/11/2026,부산(159),X,30,31.1,26,23.4,57.1,X, ,X,낮음
8/11/2026,통영(162),X,29.5,30.5,26.1,23.2,57.3,X,주의,X,낮음
8/11/2026,목포(165),X,31,31.6,27.1,24.5,64.5,O,주의,X,낮음
8/11/2026,여수(168),X,28.8,29,25.8,24.3,61.8,X,주의,X,낮음
8/11/2026,흑산도(169),X,31,30.3,25.8,23.4,78.4,X,주의,X,낮음
8/11/2026,완도(170),X,31.4,31.7,26.5,23,68.1,X, ,X,낮음
8/11/2026,고창(172),X,31,30.6,25.5,21.4,79.9,O,경고,X,낮음
8/11/2026,제주(184),X,30.8,31.2,27.3,25.1,64.3,X, ,X,낮음
8/11/2026,진주(192),X,30.8,31.9,25.8,21.3,59.1,X,주의,X,낮음
8/11/2026,양평(202),X,31.5,32.6,26.5,21.8,57.9,X, ,X,낮음
8/11/2026,이천(203),X,32.8,33.2,25.5,20.6,68.3,X,주의,X,낮음
8/11/2026,인제(211),X,27.3,27,22.6,19,72.6,X, ,X,낮음
8/11/2026,홍천(212),X,30.8,31.8,24.6,19.5,66,X, ,X,낮음
8/11/2026,태백(216),X,24.7,23.5,19.3,17.7,80.5,X, ,X,낮음
8/11/2026,정선군(217),X,28.2,28,22.4,18.1,71,X, ,X,낮음
8/11/2026,제천(221),X,28.9,29.4,23,16.7,68.5,X,관심,X,낮음
8/11/2026,보은(226),X,29,29.4,24.1,19.4,67.4,X,관심,X,낮음
8/11/2026,천안(232),X,29.8,30.8,26.1,22.2,59,X,주의,X,낮음
8/11/2026,보령(235),X,30.6,31.3,26.6,23.7,60.9,X, ,X,낮음
8/11/2026,부여(236),X,30.2,30.3,25.8,22,64.9,X,주의,X,낮음
8/11/2026,금산(238),X,29.3,30,25.1,21.6,61.5,X,관심,X,낮음
8/11/2026,세종(239),X,30.6,31.2,26,22.7,60,X, ,X,낮음
8/11/2026,부안(243),X,30.5,32.1,26.3,23.2,63.8,X, ,X,낮음
8/11/2026,임실(244),X,28.5,29.3,24.2,20.2,67.9,X,관심,X,낮음
8/11/2026,정읍(245),X,31.3,32.8,26.5,22.4,63.1,X,주의,X,낮음
8/11/2026,남원(247),X,29.7,30.1,25.9,22.6,61,X,주의,X,낮음
8/11/2026,장수(248),X,28.1,29.4,22.5,18.2,71.4,X,관심,X,낮음
8/11/2026,영광군(252),X,31.1,31.1,25.3,22.1,76.6,X, ,X,낮음
8/11/2026,김해시(253),X,31.7,32.8,26.2,23,58.6,X,주의,X,낮음
8/11/2026,순창군(254),X,30.4,31.8,26.3,22.3,57.6,X,주의,X,낮음
8/11/2026,양산시(257),X,31.5,32.5,26.4,23.8,62.6,X,주의,X,낮음
8/11/2026,강진군(259),X,30.8,31.1,26.1,22.1,68.9,X,주의,X,낮음
8/11/2026,장흥(260),X,29.9,29.9,25.8,21.3,69.1,X,주의,X,낮음
8/11/2026,해남(261),X,31.6,31.3,26.2,21.8,72.4,X, ,X,낮음
8/11/2026,고흥(262),X,30.3,31.1,26.2,21.8,63.6,X, ,X,낮음
8/11/2026,의령군(263),X,31.1,32.1,25.9,21.2,62,O,주의,X,낮음
8/11/2026,함양군(264),X,29.7,30.4,24.5,18.9,69.3,X, ,X,낮음
8/11/2026,진도군ASOS(268),X,30.7,30.5,25.4,21.3,72.5,X,주의,X,낮음
8/11/2026,봉화(271),X,27.7,28.2,21.6,16.4,70.9,X, ,X,낮음
8/11/2026,영주(272),X,29.5,30,23.3,17.8,70.6,X,관심,X,낮음
8/11/2026,문경(273),X,30.4,30.6,23.8,18.7,71.1,X, ,X,낮음
8/11/2026,청송군(276),X,28,28.1,22.4,16.2,75.3,X, ,X,낮음
8/11/2026,영덕(277),X,27.4,26.7,23.3,20.1,71.5,X, ,X,낮음
8/11/2026,의성(278),X,29.5,30.5,24.1,18.6,67.5,X,주의,X,낮음
8/11/2026,구미(279),X,30.8,32.5,25.8,20.5,58.3,X,주의,X,낮음
8/11/2026,영천(281),X,28.1,28,23.5,19.4,67.1,X,주의,X,낮음
8/11/2026,경주시(283),X,28.1,28.3,23.8,20.1,71.3,X, ,X,낮음
8/11/2026,거창(284),X,29.7,30.1,24.1,18.2,68.9,X, ,X,낮음
8/11/2026,합천(285),X,29.9,30.7,24.8,19.5,65.1,X, ,X,낮음
8/11/2026,밀양(288),X,30.1,31.6,26.5,23.5,55.3,X,주의,X,낮음
8/11/2026,산청(289),X,30.5,31.4,24.8,19.8,65.3,X, ,X,낮음
8/11/2026,거제(294),X,28.9,29.1,25.3,23.1,61.1,X,주의,X,낮음
8/11/2026,남해(295),X,29.2,30,25.4,23.2,65.6,X,주의,X,낮음
8/11/2026,부천(433),O,33,35.2,28.9,25.2,51,X,주의,X,낮음
8/11/2026,안양(434),X,,33,27.6,24.4,,X,주의,X,낮음
8/11/2026,광명(437),X,32.3,34.2,28.7,25.4,51,X,주의,X,낮음
8/11/2026,군포(438),X,32.5,34,27.7,24.1,52,O,주의,X,낮음
8/11/2026,김포(441),O,33.7,,28.4,,59,O,주의,X,낮음
8/11/2026,하남(444),O,33.6,33.8,27.4,24.5,61,O,주의,X,낮음
8/11/2026,의왕(445),O,33.3,33.4,26.6,21.9,66,O,주의,X,낮음
8/11/2026,포천(504),O,33.3,,,,,X,주의,X,낮음
8/11/2026,가평조종(505),X,31.5,31.7,25.6,19.8,67,O,주의,X,낮음
8/11/2026,안성(516),X,32.4,33.7,27.6,23,58,O,주의,X,낮음
8/11/2026,간성(517),X,26.9,25.2,22.3,19.2,89,X, ,X,낮음
8/11/2026,평창(526),X,28.4,29,22.6,17.2,68,X, ,X,낮음
8/11/2026,의정부(532),X,32.8,33.9,27.1,21.6,60,X,주의,X,낮음
8/11/2026,횡성(536),X,30.6,32.1,24.7,18.9,63,X,관심,X,낮음
8/11/2026,고양(540),O,33.9,35.5,26.8,21.3,61,O,주의,X,낮음
8/11/2026,남양주(541),X,32.5,33.7,27.6,22.6,57,O,주의,X,낮음
8/11/2026,안산(545),X,32.9,33.9,27.2,22.5,62,X,주의,X,낮음
8/11/2026,경기광주(546),X,31,31.5,25.5,21.6,64,O,주의,X,낮음
8/11/2026,여주(548),X,32.3,32.9,25.7,21.4,62,X, ,X,낮음
8/11/2026,용인(549),O,33.1,34.5,27.4,23.1,57,X, ,X,낮음
8/11/2026,오산(550),X,32.3,32.9,27,23,60,X,주의,X,낮음
8/11/2026,평택(551),X,32.9,32.5,27,22.5,67,O,주의,X,낮음
8/11/2026,화천(555),X,29.7,29.9,24.2,19.5,72,X,관심,X,낮음
8/11/2026,양구(556),X,28.4,28.8,23.1,18,73,X, ,X,낮음
8/11/2026,시흥(565),X,32,32.9,27.4,23.4,58,O,주의,X,낮음
8/11/2026,구리(569),X,31.9,33,26.8,22.8,58,X,주의,X,낮음
8/11/2026,화성(571),X,32.5,33.7,27.7,24,58,O,주의,X,낮음
8/11/2026,성남(572),X,32.3,33.3,27.1,23,60,O,주의,X,낮음
8/11/2026,과천(590),X,32.2,33.1,26.9,22.6,61,O,주의,X,낮음
8/11/2026,양주(598),O,33.7,35,27.1,21.4,60,X,주의,X,낮음
8/11/2026,단양(601),X,29.9,31,24,17.3,67,X,관심,X,낮음
8/11/2026,진천(602),X,31,31.7,25.9,21.2,63,X,주의,X,낮음
8/11/2026,괴산(603),X,31.1,31.5,24.6,19.6,68,X,관심,X,낮음
8/11/2026,옥천(604),X,30.3,31.1,25.1,20.7,64,X,관심,X,낮음
8/11/2026,홍북(608),X,,,,,,X, ,X,낮음
8/11/2026,공주(612),X,30.3,30.8,25.6,22.8,63,X,관심,X,낮음
8/11/2026,서천(614),X,30,29.9,25.4,21,69,O,주의,X,낮음
8/11/2026,논산(615),X,30.2,30.6,25.9,21.6,63,X,주의,X,낮음
8/11/2026,당진(616),X,31.6,32.3,27.3,23.6,61,X,주의,X,낮음
8/11/2026,청양(618),X,30.5,30.6,24.5,20.4,73,X,관심,X,낮음
8/11/2026,음성(619),X,31.6,31.4,24.9,19.8,67,X,주의,X,낮음
8/11/2026,증평(623),X,30.7,31.7,25.8,21.3,61,X,주의,X,낮음
8/11/2026,태안(627),X,31.2,31.7,26.8,24.5,62,X,주의,X,낮음
8/11/2026,예산(628),X,30.6,31.6,26.5,23,62,X,관심,X,낮음
8/11/2026,아산(634),X,31.7,33.4,27.7,24.3,54,X,주의,X,낮음
8/11/2026,계룡(636),X,29.8,30.1,24.3,18.8,68,X,관심,X,낮음
8/11/2026,연천청산(652),X,32.8,33.4,26.1,20.2,66,X,주의,X,낮음
8/11/2026,양양(670),X,27.4,25.7,22.8,19.5,84,X, ,X,낮음
8/11/2026,무안(699),X,31,31.6,25.9,22.6,74,X, ,X,낮음
8/11/2026,무주(701),X,28.1,28.8,24,19.9,62,X,관심,X,낮음
8/11/2026,익산(702),X,31,30.4,25.9,21.8,68,O,주의,X,낮음
8/11/2026,진안(703),X,29.9,29.8,23.7,18.6,72,X,주의,X,낮음
8/11/2026,담양(706),X,31,31.3,25.8,21.2,71,X,주의,X,낮음
8/11/2026,구례(709),X,30.7,30.8,24.7,20.2,70,X, ,X,낮음
8/11/2026,나주(710),X,30.6,31.2,25.5,21.4,74,X, ,X,낮음
8/11/2026,순천시(712),X,30.9,30.7,26.1,23.4,68,X,주의,X,낮음
8/11/2026,광양읍(713),X,32.5,34.1,27.1,23.3,57,O,경고,X,낮음
8/11/2026,장성(730),X,31.8,32,25.7,21.5,74,O,주의,X,낮음
8/11/2026,영암(731),X,31.1,31.5,26,21.7,69,O,주의,X,낮음
8/11/2026,보성(732),X,28.5,29.2,24.4,19.6,66,X,주의,X,낮음
8/11/2026,완주(734),X,30.6,31.6,26,20.8,61,X,주의,X,낮음
8/11/2026,김제(737),X,31.6,31.6,26.5,23.5,69,O,경고,X,낮음
8/11/2026,화순(741),X,31.5,32.4,26.2,20.9,66,X,주의,X,낮음
8/11/2026,함평(754),X,31.8,32.2,25.9,22.5,76,O,주의,X,낮음
8/11/2026,곡성(768),X,31.2,32.1,25.7,21.4,67,X, ,X,낮음
8/11/2026,압해도(789),X,31.1,31.5,26.7,22.8,68,O,경고,X,낮음
8/11/2026,영양(801),X,28.2,27.3,22.2,17.3,78,X, ,X,낮음
8/11/2026,성주(810),X,30.1,30.5,24.5,19.9,69,X,주의,X,낮음
8/11/2026,고령(812),X,30.3,30.8,24.4,19,69,X,주의,X,낮음
8/11/2026,청도(813),X,28.4,29.2,24.1,20.2,67,X,주의,X,낮음
8/11/2026,예천(815),X,30.6,31.8,24.4,19.4,67,X,관심,X,낮음
8/11/2026,김천(822),X,30.2,31,24.3,18.8,65,X, ,X,낮음
8/11/2026,군위(823),X,29.9,30.3,24.2,18.1,71,X,주의,X,낮음
8/11/2026,군위(823),X,29.9,30.3,24.2,18.1,71,X,주의,X,낮음
8/11/2026,군위(823),X,29.9,30.3,24.2,18.1,71,X,주의,X,낮음
8/11/2026,군위(823),X,29.9,30.3,24.2,18.1,71,X,주의,X,낮음
8/11/2026,군위(823),X,29.9,30.3,24.2,18.1,71,X,주의,X,낮음
8/11/2026,군위(823),X,29.9,30.3,24.2,18.1,71,X,주의,X,낮음
8/11/2026,군위(823),X,29.9,30.3,24.2,18.1,71,X,주의,X,낮음
8/11/2026,군위(823),X,29.9,30.3,24.2,18.1,71,X,주의,X,낮음
8/11/2026,군위(823),X,29.9,30.3,24.2,18.1,71,X,주의,X,낮음
8/11/2026,군위(823),X,29.9,30.3,24.2,18.1,71,X,주의,X,낮음
8/11/2026,군위(823),X,29.9,30.3,24.2,18.1,71,X,주의,X,낮음
8/11/2026,군위(823),X,29.9,30.3,24.2,18.1,71,X,주의,X,낮음
8/11/2026,군위(823),X,29.9,30.3,24.2,18.1,71,X,주의,X,낮음
8/11/2026,군위(823),X,29.9,30.3,24.2,18.1,71,X,주의,X,낮음
8/11/2026,군위(823),X,29.9,30.3,24.2,18.1,71,X,주의,X,낮음
8/11/2026,군위(823),X,29.9,30.3,24.2,18.1,71,X,주의,X,낮음
8/11/2026,군위(823),X,29.9,30.3,24.2,18.1,71,X,주의,X,낮음
8/11/2026,군위(823),X,29.9,30.3,24.2,18.1,71,X,주의,X,낮음
8/11/2026,군위(823),X,29.9,30.3,24.2,18.1,71,X,주의,X,낮음
8/11/2026,군위(823),X,29.9,30.3,24.2,18.1,71,X,주의,X,낮음
8/11/2026,군위(823),X,29.9,30.3,24.2,18.1,71,X,주의,X,낮음
8/11/2026,군위(823),X,29.9,30.3,24.2,18.1,71,X,주의,X,낮음
8/11/2026,군위(823),X,29.9,30.3,24.2,18.1,71,X,주의,X,낮음
8/11/2026,군위(823),X,29.9,30.3,24.2,18.1,71,X,주의,X,낮음
8/11/2026,군위(823),X,29.9,30.3,24.2,18.1,71,X,주의,X,낮음
8/11/2026,군위(823),X,29.9,30.3,24.2,18.1,71,X,주의,X,낮음
8/11/2026,군위(823),X,29.9,30.3,24.2,18.1,71,X,주의,X,낮음
8/11/2026,군위(823),X,29.9,30.3,24.2,18.1,71,X,주의,X,낮음
8/11/2026,군위(823),X,29.9,30.3,24.2,18.1,71,X,주의,X,낮음
8/11/2026,군위(823),X,29.9,30.3,24.2,18.1,71,X,주의,X,낮음
8/11/2026,군위(823),X,29.9,30.3,24.2,18.1,71,X,주의,X,낮음
8/11/2026,군위(823),X,29.9,30.3,24.2,18.1,71,X,주의,X,낮음
8/11/2026,칠곡(825),X,30.7,32,25.7,20.7,65,X,주의,X,낮음
8/11/2026,경산(827),X,29.5,30.8,24.9,20.9,61,X,주의,X,낮음
8/11/2026,삼척(876),X,28.9,27.9,23.7,21.2,75,X, ,X,낮음
8/11/2026,속초(90),X,27.3,26,23.4,20.5,78,X, ,X,낮음
8/11/2026,삼천포(907),X,30.4,31.7,25.9,21.9,58,X,주의,X,낮음
8/11/2026,고성(918),X,29.4,29.7,24.6,20.4,69,X,주의,X,낮음
8/11/2026,창녕(919),X,30.7,31.7,24.9,20.1,63,O,주의,X,낮음
8/11/2026,함안(920),X,31.2,31.1,24.7,19.8,69,O,주의,X,낮음
8/11/2026,북춘천(93),X,30,30.2,25,20.3,67.5,X,관심,X,낮음
8/11/2026,하동(932),X,30.1,31.7,26.3,22.8,57,X, ,X,낮음
8/11/2026,철원(95),X,31.3,31.7,25.3,20.5,68.8,X,관심,X,낮음
8/11/2026,동두천(98),X,32,33.4,26.5,21.3,58.6,X,주의,X,낮음
8/11/2026,파주(99),X,32.4,32.5,25.8,20.7,69.6,X, ,X,낮음
8/12/2026,북강릉(104),X,25.6,23.5,21.2,19.7,90.6,X, ,X,낮음
8/12/2026,동해(106),X,25.9,23.8,22.9,21.8,80.8,X, ,X,낮음
8/12/2026,서울(108),X,30.7,32,26.5,21.3,52.6,X,주의,X,낮음
8/12/2026,인천(112),X,30.8,31.9,27.2,22.8,51.8,X, ,X,낮음
8/12/2026,원주(114),X,29.2,30.2,24,17.9,63.3,X,관심,X,낮음
8/12/2026,울릉도(115),X,28.5,26.4,24.1,22.3,85.4,X, ,X,낮음
8/12/2026,수원(119),X,29.9,31,26.1,21.6,53.1,X,관심,X,낮음
8/12/2026,영월(121),X,29.2,29.9,22.4,16.4,72.6,X, ,X,낮음
8/12/2026,충주(127),X,29.9,30.7,23.7,16.3,66.6,X,관심,X,낮음
8/12/2026,서산(129),X,29.5,30.6,25.9,20.2,56.3,X,관심,X,낮음
8/12/2026,울진(130),X,28.3,26.4,23.8,22.7,81.4,X, ,X,낮음
8/12/2026,청주(131),X,29.5,30.5,26.1,20.6,54.3,X, ,X,낮음
8/12/2026,대전(133),X,30.3,31.4,25.5,19.5,61,X,관심,X,낮음
8/12/2026,추풍령(135),X,27.5,26.8,21.7,15.3,74.9,X,관심,X,낮음
8/12/2026,안동(136),X,28.6,28.6,23.2,15.6,68.3,X, ,X,낮음
8/12/2026,상주(137),X,29.1,28.7,23.4,16.3,75,X,관심,X,낮음
8/12/2026,포항(138),X,27.9,27,25.1,23.5,69.6,X, ,X,낮음
8/12/2026,군산(140),X,31.4,31.7,26.3,21.1,61.5,X, ,X,낮음
8/12/2026,대구(143),X,28.1,28.2,24.7,18.8,61.6,X, ,X,낮음
8/12/2026,전주(146),X,31.2,33.3,27,19.9,51,X,관심,X,낮음
8/12/2026,울산(152),X,27.4,26.4,24.2,21.9,70.9,X, ,X,낮음
8/12/2026,창원(155),X,29.9,30.3,26.1,22.2,61,X,관심,X,낮음
8/12/2026,광주(156),X,31,32.5,26.7,20.5,56,X, ,X,낮음
8/12/2026,부산(159),X,31,31.9,26.6,22.6,61,X, ,X,낮음
8/12/2026,통영(162),X,29.8,30.6,25.7,21.2,60,X,관심,X,낮음
8/12/2026,목포(165),X,29.8,30.6,26.1,21.7,64,X,주의,X,낮음
8/12/2026,여수(168),X,29.9,30.9,26.7,22.8,55.4,X,관심,O,낮음
8/12/2026,흑산도(169),X,30.8,31.2,25.8,22.3,68.1,X, ,X,낮음
8/12/2026,완도(170),X,32.1,33,27.3,21.9,58.3,X, ,X,낮음
8/12/2026,고창(172),X,30.3,30.9,,18.8,67.1,X,주의,X,낮음
8/12/2026,제주(184),X,29.5,29.2,26.4,23.3,66.6,X, ,O,낮음
8/12/2026,진주(192),X,30.9,31.7,25.5,19,61.5,X,주의,X,낮음
8/12/2026,양평(202),X,29.8,30.6,24.8,18.9,61.3,X, ,X,낮음
8/12/2026,이천(203),X,31.4,31.8,24.5,17.5,68,X,관심,X,낮음
8/12/2026,인제(211),X,25.5,25.1,20.5,16.2,79.1,X, ,X,낮음
8/12/2026,홍천(212),X,28.4,28.7,22.9,16.7,69.1,X, ,X,낮음
8/12/2026,태백(216),X,22.3,19.6,18.1,16.7,93.1,X, ,X,낮음
8/12/2026,정선군(217),X,26.5,25.4,21.3,17.7,77.6,X, ,X,낮음
8/12/2026,제천(221),X,28.1,27.9,21.3,14.1,77.1,X, ,X,낮음
8/12/2026,보은(226),X,28.2,28,22.1,15.2,78.4,X, ,X,낮음
8/12/2026,천안(232),X,29,30,24.6,17.3,62.8,X,관심,X,낮음
8/12/2026,보령(235),X,31.5,32.9,26.9,21,57.1,X, ,X,낮음
8/12/2026,부여(236),X,30.6,31.4,25.5,19.4,63,X,관심,X,낮음
8/12/2026,금산(238),X,29.5,30.2,24,16.5,68.5,X,관심,X,낮음
8/12/2026,세종(239),X,29.9,30.7,25.2,18.7,61.3,X, ,X,낮음
8/12/2026,부안(243),X,30.7,32.4,25.7,19.4,62.6,X, ,X,낮음
8/12/2026,임실(244),X,29.8,30.9,23.8,15.2,66.8,X,관심,X,낮음
8/12/2026,정읍(245),X,31.6,33.5,26,18.9,58.9,X,관심,X,낮음
8/12/2026,남원(247),X,30.9,31.8,26.2,20.8,59.8,X,관심,X,낮음
8/12/2026,장수(248),X,28.8,29.4,21.8,13.6,73,X, ,X,낮음
8/12/2026,영광군(252),X,29.8,30.8,25.3,19.2,66.8,X, ,X,낮음
8/12/2026,김해시(253),X,31.4,31.7,26.3,21.6,64.5,X,주의,X,낮음
8/12/2026,순창군(254),X,31,32.7,26.1,18.9,54.5,X,관심,X,낮음
8/12/2026,양산시(257),X,30.4,30.1,26.3,22.1,67.6,X,관심,X,낮음
8/12/2026,강진군(259),X,31.4,32.3,26.2,18.5,63.4,X,관심,X,낮음
8/12/2026,장흥(260),X,30.8,32,25.9,18.1,63.1,X,관심,X,낮음
8/12/2026,해남(261),X,31.5,31.8,26,19.7,67.3,X, ,X,낮음
8/12/2026,고흥(262),X,31.5,32.8,26.3,20.5,59.9,X, ,X,낮음
8/12/2026,의령군(263),X,30.6,31.1,24.8,20,67.4,X,주의,X,낮음
8/12/2026,함양군(264),X,30.1,30.6,23.5,14.9,72.9,X, ,X,낮음
8/12/2026,진도군ASOS(268),X,30.1,30.8,24.9,18.6,66.9,X,관심,X,낮음
8/12/2026,봉화(271),X,27.4,27.2,22.5,16.7,71,X, ,X,낮음
8/12/2026,영주(272),X,28.2,28.1,22,14.7,74.8,X,관심,X,낮음
8/12/2026,문경(273),X,28.7,28.4,23.1,15.3,72.9,X,관심,X,낮음
8/12/2026,청송군(276),X,27.8,26.7,22,14.8,80.9,X, ,X,낮음
8/12/2026,영덕(277),X,28.2,27.3,24,20,75.3,X, ,X,낮음
8/12/2026,의성(278),X,29.3,29.4,23.1,15.3,74.6,X,관심,X,낮음
8/12/2026,구미(279),X,29.1,29.7,24.5,17.7,65.6,X,관심,X,낮음
8/12/2026,영천(281),X,28.5,28.2,23.3,17.2,73.5,X,관심,X,낮음
8/12/2026,경주시(283),X,28.3,27.5,24.3,21.9,72.5,X, ,X,낮음
8/12/2026,거창(284),X,30,30.3,22.9,14.7,72.8,X, ,X,낮음
8/12/2026,합천(285),X,30.3,31,24.1,16.6,70,X, ,X,낮음
8/12/2026,밀양(288),X,30.7,31.4,26.4,22.7,60.8,X,주의,X,낮음
8/12/2026,산청(289),X,31.2,32,24,15.9,69.8,X, ,X,낮음
8/12/2026,거제(294),X,29.9,29.9,25.4,21.6,64,X,관심,X,낮음
8/12/2026,남해(295),X,30.8,31.8,26.1,21.1,60.5,X,관심,X,낮음
8/12/2026,부천(433),X,31.6,33.5,27.4,22.1,48,X,관심,X,낮음
8/12/2026,안양(434),X,,30.4,26.3,22.7,,X,관심,X,낮음
8/12/2026,광명(437),X,30.6,32.3,27.3,23.4,48,X,관심,X,낮음
8/12/2026,군포(438),X,30.1,31.6,26.5,22.2,50,X,관심,X,낮음
8/12/2026,김포(441),X,31.5,32.5,26.5,20.6,58,O,주의,X,낮음
8/12/2026,하남(444),X,30.3,30.6,26.1,21.5,59,X,주의,X,낮음
8/12/2026,의왕(445),X,31.9,32,25.1,19.3,66,X,관심,X,낮음
8/12/2026,포천(504),X,31,32.2,24.3,16.1,64,X,관심,X,낮음
8/12/2026,가평조종(505),X,29.5,29.7,23.6,16.6,68,X,주의,X,낮음
8/12/2026,안성(516),X,31.5,32.8,26,19.3,60,X,주의,X,낮음
8/12/2026,간성(517),X,25.8,24.7,21.3,17.7,85,X, ,X,낮음
8/12/2026,평창(526),X,26.8,26.2,20.6,14.3,78,X, ,X,낮음
8/12/2026,의정부(532),X,30.4,31.3,25,18.2,59,X,관심,X,낮음
8/12/2026,횡성(536),X,28.8,29.4,22.9,16,69,X, ,X,낮음
8/12/2026,고양(540),X,31.3,32.8,25.5,18.5,58,X,관심,X,낮음
8/12/2026,남양주(541),X,30.6,31.5,25.8,18.4,58,X,주의,X,낮음
8/12/2026,안산(545),X,31.5,32.6,25.2,17.8,64,X,관심,X,낮음
8/12/2026,경기광주(546),X,29.2,29.9,24,19.1,64,X,주의,X,낮음
8/12/2026,여주(548),X,30.2,30.8,24.2,17.9,67,X, ,X,낮음
8/12/2026,용인(549),X,31.1,32.1,25.7,19.4,58,X, ,X,낮음
8/12/2026,오산(550),X,30.7,31.8,25.3,18.5,60,X,관심,X,낮음
8/12/2026,평택(551),X,32.6,32.2,25.5,18.3,68,X,주의,X,낮음
8/12/2026,화천(555),X,29.2,29.1,23.3,16.1,68,X, ,X,낮음
8/12/2026,양구(556),X,26.5,26.2,20.9,14.7,76,X, ,X,낮음
8/12/2026,시흥(565),X,30.1,31,25.9,20.9,55,X,주의,X,낮음
8/12/2026,구리(569),X,30.2,31.3,25.4,19,55,X,관심,X,낮음
8/12/2026,화성(571),X,30.8,32.2,26.4,20.6,54,O,주의,X,낮음
8/12/2026,성남(572),X,30.2,31.3,26.1,21.1,58,X,관심,X,낮음
8/12/2026,과천(590),X,30.9,31.6,25.4,19.5,60,X,관심,X,낮음
8/12/2026,양주(598),X,32.5,34.6,25.1,17,59,X,관심,X,낮음
8/12/2026,단양(601),X,28.2,28,22,15.2,75,X, ,X,낮음
8/12/2026,진천(602),X,29.3,29.5,23.7,16.6,69,X, ,X,낮음
8/12/2026,괴산(603),X,29.3,29.6,22.8,15.2,73,X,관심,X,낮음
8/12/2026,옥천(604),X,29.2,29.7,23.6,16,73,X,관심,X,낮음
8/12/2026,홍북(608),X,,,,,,X, ,X,낮음
8/12/2026,공주(612),X,29.4,30.2,24.3,17.1,67,X,관심,X,낮음
8/12/2026,서천(614),X,30.5,31.4,25.5,20.2,63,X,주의,X,낮음
8/12/2026,논산(615),X,30.7,30.9,25,17.1,65,X,관심,X,낮음
8/12/2026,당진(616),X,30.6,31.3,25.8,20.9,60,X,관심,X,낮음
8/12/2026,청양(618),X,30.1,30.9,24.2,16.2,71,X,관심,X,낮음
8/12/2026,음성(619),X,29.9,30,23.4,15.9,73,X, ,X,낮음
8/12/2026,증평(623),X,29.5,30.6,24.5,17.4,61,X,관심,X,낮음
8/12/2026,태안(627),X,30.2,30.8,26.1,21.2,58,X,관심,X,낮음
8/12/2026,예산(628),X,29.4,30.4,25.3,19,60,X,관심,X,낮음
8/12/2026,아산(634),X,30.3,31.7,26.4,20.8,54,X,관심,X,낮음
8/12/2026,계룡(636),X,29.2,30,23.4,15.1,71,X, ,X,낮음
8/12/2026,연천청산(652),X,29.9,31.5,24.3,16.8,61,X, ,X,낮음
8/12/2026,양양(670),X,25.9,24.3,21.4,18.2,86,X, ,X,낮음
8/12/2026,무안(699),X,30.6,,,,,X, ,X,낮음
8/12/2026,무주(701),X,28.1,28.8,22.8,15.2,67,X, ,X,낮음
8/12/2026,익산(702),X,31.8,32.1,26.1,20.2,64,X,주의,X,낮음
8/12/2026,진안(703),X,29.9,30.2,22.6,13.6,74,X, ,X,낮음
8/12/2026,담양(706),X,31.9,32.5,25.8,17.6,64,X,주의,X,낮음
8/12/2026,구례(709),X,31.8,32.3,24.7,16.2,69,X, ,X,낮음
8/12/2026,나주(710),X,30.5,31.6,25.1,18.5,69,X, ,X,낮음
8/12/2026,순천시(712),X,31.7,31.9,26,18.6,67,X,관심,X,낮음
8/12/2026,광양읍(713),O,33.1,34.8,27.1,19.1,59,X,주의,X,낮음
8/12/2026,장성(730),X,31.4,33.3,25.5,17.3,64,X,주의,X,낮음
8/12/2026,영암(731),X,31.3,32.2,25.3,17.7,69,X,주의,X,낮음
8/12/2026,보성(732),X,29.4,30.9,24.2,16,64,X,관심,X,낮음
8/12/2026,완주(734),X,31.7,33.2,25.1,16.6,64,X,관심,X,낮음
8/12/2026,김제(737),X,32.2,32.5,26.2,19.4,66,X,주의,X,낮음
8/12/2026,화순(741),X,32.1,33.4,26.1,17.5,63,X,관심,X,낮음
8/12/2026,함평(754),X,31.1,32,25.7,19.1,67,X,주의,X,낮음
8/12/2026,곡성(768),X,32.7,34.3,25.2,16.1,65,X, ,X,낮음
8/12/2026,압해도(789),X,30.1,30.8,25.7,20,66,X,주의,X,낮음
8/12/2026,영양(801),X,28.4,27.1,23.4,17.7,77,X, ,X,낮음
8/12/2026,성주(810),X,28.9,28.3,23.9,17.2,72,X,관심,X,낮음
8/12/2026,고령(812),X,30.3,30.5,24.1,16.7,74,X,관심,X,낮음
8/12/2026,청도(813),X,28.3,28,23.9,18.1,74,X,관심,X,낮음
8/12/2026,예천(815),X,29.5,29.6,23.8,16.2,69,X,관심,X,낮음
8/12/2026,김천(822),X,29.1,29.3,22.8,15.1,72,X, ,X,낮음
8/12/2026,군위(823),X,29.2,28.5,22.6,15.7,82,X,관심,X,낮음
8/12/2026,군위(823),X,29.2,28.5,22.6,15.7,82,X,관심,X,낮음
8/12/2026,군위(823),X,29.2,28.5,22.6,15.7,82,X,관심,X,낮음
8/12/2026,군위(823),X,29.2,28.5,22.6,15.7,82,X,관심,X,낮음
8/12/2026,군위(823),X,29.2,28.5,22.6,15.7,82,X,관심,X,낮음
8/12/2026,군위(823),X,29.2,28.5,22.6,15.7,82,X,관심,X,낮음
8/12/2026,군위(823),X,29.2,28.5,22.6,15.7,82,X,관심,X,낮음
8/12/2026,군위(823),X,29.2,28.5,22.6,15.7,82,X,관심,X,낮음
8/12/2026,군위(823),X,29.2,28.5,22.6,15.7,82,X,관심,X,낮음
8/12/2026,군위(823),X,29.2,28.5,22.6,15.7,82,X,관심,X,낮음
8/12/2026,군위(823),X,29.2,28.5,22.6,15.7,82,X,관심,X,낮음
8/12/2026,군위(823),X,29.2,28.5,22.6,15.7,82,X,관심,X,낮음
8/12/2026,군위(823),X,29.2,28.5,22.6,15.7,82,X,관심,X,낮음
8/12/2026,군위(823),X,29.2,28.5,22.6,15.7,82,X,관심,X,낮음
8/12/2026,군위(823),X,29.2,28.5,22.6,15.7,82,X,관심,X,낮음
8/12/2026,군위(823),X,29.2,28.5,22.6,15.7,82,X,관심,X,낮음
8/12/2026,군위(823),X,29.2,28.5,22.6,15.7,82,X,관심,X,낮음
8/12/2026,군위(823),X,29.2,28.5,22.6,15.7,82,X,관심,X,낮음
8/12/2026,군위(823),X,29.2,28.5,22.6,15.7,82,X,관심,X,낮음
8/12/2026,군위(823),X,29.2,28.5,22.6,15.7,82,X,관심,X,낮음
8/12/2026,군위(823),X,29.2,28.5,22.6,15.7,82,X,관심,X,낮음
8/12/2026,군위(823),X,29.2,28.5,22.6,15.7,82,X,관심,X,낮음
8/12/2026,군위(823),X,29.2,28.5,22.6,15.7,82,X,관심,X,낮음
8/12/2026,군위(823),X,29.2,28.5,22.6,15.7,82,X,관심,X,낮음
8/12/2026,군위(823),X,29.2,28.5,22.6,15.7,82,X,관심,X,낮음
8/12/2026,군위(823),X,29.2,28.5,22.6,15.7,82,X,관심,X,낮음
8/12/2026,군위(823),X,29.2,28.5,22.6,15.7,82,X,관심,X,낮음
8/12/2026,군위(823),X,29.2,28.5,22.6,15.7,82,X,관심,X,낮음
8/12/2026,군위(823),X,29.2,28.5,22.6,15.7,82,X,관심,X,낮음
8/12/2026,군위(823),X,29.2,28.5,22.6,15.7,82,X,관심,X,낮음
8/12/2026,군위(823),X,29.2,28.5,22.6,15.7,82,X,관심,X,낮음
8/12/2026,군위(823),X,29.2,28.5,22.6,15.7,82,X,관심,X,낮음
8/12/2026,칠곡(825),X,29,29,24.6,18.9,72,X,관심,X,낮음
8/12/2026,경산(827),X,28.7,28.4,24.8,18.5,66,X,관심,X,낮음
8/12/2026,삼척(876),X,25.6,23.6,22.8,21.3,82,X, ,X,낮음
8/12/2026,속초(90),X,26.5,25.5,22.2,20.2,80.6,X, ,X,낮음
8/12/2026,삼천포(907),X,30.7,32.3,26.3,21.2,55,X,주의,X,낮음
8/12/2026,고성(918),X,30.4,30.6,24.6,19.6,71,X,관심,X,낮음
8/12/2026,창녕(919),X,30.4,31,24.6,18.3,69,X,주의,X,낮음
8/12/2026,함안(920),X,31.2,30.8,23,16.9,80,X,주의,X,낮음
8/12/2026,북춘천(93),X,28.6,28.6,23.4,16.7,70.5,X, ,X,낮음
8/12/2026,하동(932),X,30.3,32.3,26.2,18.8,57,X, ,X,낮음
8/12/2026,철원(95),X,28.7,30,23.5,17.9,63.1,X, ,X,낮음
8/12/2026,동두천(98),X,30,31.7,24.6,18.6,55.3,X, ,X,낮음
8/12/2026,파주(99),X,29.5,30.8,24.2,17.8,63,X, ,X,낮음
8/13/2026,북강릉(104),X,27.1,24.3,22.8,21.5,97.3,X, ,X,낮음
8/13/2026,동해(106),X,29.1,27.3,24.2,22.7,89.6,X, ,X,낮음
8/13/2026,서울(108),X,32,32.7,27.3,22.1,60.4,O,관심,X,낮음
8/13/2026,인천(112),X,31.8,31.7,27.5,23.1,62.9,X, ,O,낮음
8/13/2026,원주(114),X,30.5,30.4,25.3,21.2,71,X,관심,X,낮음
8/13/2026,울릉도(115),X,31.9,29.8,26.2,23.8,86,X, ,X,낮음
8/13/2026,수원(119),X,30.9,31.5,27.4,22,60.6,X,관심,X,낮음
8/13/2026,영월(121),X,30.8,29.4,23.6,19.5,86.1,X,관심,X,낮음
8/13/2026,충주(127),X,30.7,30.4,25.3,19.7,73.8,X,관심,X,낮음
8/13/2026,서산(129),X,31.1,31.3,26.4,21.7,69,X,관심,X,낮음
8/13/2026,울진(130),X,30.9,29.3,25.6,22.8,87.5,X, ,X,낮음
8/13/2026,청주(131),X,31.2,31.7,27,22.2,62.1,X, ,X,낮음
8/13/2026,대전(133),X,31.5,31.7,26.1,20.9,71.8,X,관심,X,낮음
8/13/2026,추풍령(135),X,30.1,29.8,23.6,17.3,78.1,X,관심,X,낮음
8/13/2026,안동(136),X,31.1,31.1,25.5,19.7,71.3,X, ,X,낮음
8/13/2026,상주(137),X,31.9,31.8,25.5,19.7,77.8,O,주의,X,낮음
8/13/2026,포항(138),X,30.4,29.6,26.6,24.6,72.8,X,관심,X,낮음
8/13/2026,군산(140),X,31.3,31.1,26.2,22.7,75.3,X, ,X,낮음
8/13/2026,대구(143),X,30.5,31.4,27.3,22.3,60.5,X, ,X,낮음
8/13/2026,전주(146),X,30.9,31.6,27.2,21.9,63.5,X,주의,X,낮음
8/13/2026,울산(152),X,30.1,30.1,25.9,22.9,72.9,X, ,X,낮음
8/13/2026,창원(155),X,32.7,33.4,27.1,23.8,69.8,O,주의,X,낮음
8/13/2026,광주(156),X,32.5,33.9,27.7,23.6,64.8,X, ,X,낮음
8/13/2026,부산(159),X,32.3,32.1,27.6,24.3,67.9,X, ,X,낮음
8/13/2026,통영(162),X,31.3,32.1,26.8,22.8,67,X,관심,X,낮음
8/13/2026,목포(165),X,31.3,31.8,27,24.4,71.3,X,관심,X,낮음
8/13/2026,여수(168),X,31,31.7,27.6,25.2,62.3,O,주의,X,낮음
8/13/2026,흑산도(169),O,33.1,32.5,27,23.2,73.3,X,관심,X,낮음
8/13/2026,완도(170),X,32.6,33.1,27.6,23.1,64.5,X, ,X,낮음
8/13/2026,고창(172),X,31.8,32,25.8,20.5,77.6,O,주의,X,낮음
8/13/2026,제주(184),X,31.1,30.6,27.6,25.1,69.5,X, ,X,낮음
8/13/2026,진주(192),O,33,33.7,26,19.2,71.8,O,주의,X,낮음
8/13/2026,양평(202),X,31.1,31.5,26.2,21.7,67.4,X, ,X,낮음
8/13/2026,이천(203),X,32.1,32.1,25.4,20.3,75.5,X,관심,X,낮음
8/13/2026,인제(211),X,27.2,25.9,22.9,19.7,84.1,X, ,X,낮음
8/13/2026,홍천(212),X,29.9,30.2,24.1,19.7,74.8,X, ,X,낮음
8/13/2026,태백(216),X,27.2,25.5,20.8,19.2,89.9,X, ,X,낮음
8/13/2026,정선군(217),X,29.5,28.5,22.9,19.8,91.1,X, ,X,낮음
8/13/2026,제천(221),X,29.9,28.7,22.8,19.1,87.6,X,관심,X,낮음
8/13/2026,보은(226),X,30,29.7,24,18.1,80.3,X,관심,X,낮음
8/13/2026,천안(232),X,30.1,30.4,24.7,19.1,78.4,X,주의,X,낮음
8/13/2026,보령(235),O,33.2,33.8,27,22.4,69.5,X, ,X,낮음
8/13/2026,부여(236),X,31.5,31.7,26,21.1,72.5,O,주의,X,낮음
8/13/2026,금산(238),X,31.4,31.6,24.8,18.7,76.8,X,관심,X,낮음
8/13/2026,세종(239),X,30.8,30.9,25.5,20.2,73,X, ,X,낮음
8/13/2026,부안(243),X,31.2,32.4,26,21.6,70.9,X, ,X,낮음
8/13/2026,임실(244),X,30.3,30.9,24.2,18,73.6,X,관심,X,낮음
8/13/2026,정읍(245),X,31.6,33.2,26.4,20.6,68.1,O,주의,X,낮음
8/13/2026,남원(247),X,31.3,31.8,26.2,20.4,68.3,X,주의,X,낮음
8/13/2026,장수(248),X,28.5,28.8,22.5,15.7,79.5,X, ,X,낮음
8/13/2026,영광군(252),X,31,30.9,25.8,21.1,74.1,X, ,X,낮음
8/13/2026,김해시(253),O,33.8,34.1,27.3,23,68.4,O,주의,X,낮음
8/13/2026,순창군(254),X,31,32.3,26.2,19.9,66.6,X,주의,X,낮음
8/13/2026,양산시(257),O,33.2,33.6,25.5,22.3,82.4,O,주의,X,낮음
8/13/2026,강진군(259),X,32.7,33.8,26.7,21.9,71.8,X,관심,X,낮음
8/13/2026,장흥(260),X,32.4,33,26.8,21.4,71.5,X,관심,X,낮음
8/13/2026,해남(261),X,32.8,32.8,26.4,22.2,75.9,X, ,X,낮음
8/13/2026,고흥(262),X,32.4,33.2,26.7,21,69.4,X, ,X,낮음
8/13/2026,의령군(263),O,33.1,34.4,25.7,18.5,73.9,O,주의,X,낮음
8/13/2026,함양군(264),X,32.4,32.9,25.2,17.6,75.6,X, ,X,낮음
8/13/2026,진도군ASOS(268),X,31.8,32.1,26,20.2,71.6,X,주의,X,낮음
8/13/2026,봉화(271),X,29,28.2,22.5,18.9,87,X, ,X,낮음
8/13/2026,영주(272),X,29.7,29.4,24.5,19.7,77.8,O,관심,X,낮음
8/13/2026,문경(273),X,30.9,30.6,25.7,19.8,73.5,O,주의,X,낮음
8/13/2026,청송군(276),X,31.3,31.4,24.5,18.8,82.8,X,관심,X,낮음
8/13/2026,영덕(277),X,30.8,29.5,24.9,22.7,83.3,X,관심,X,낮음
8/13/2026,의성(278),X,31.5,31.9,24.9,18.3,76,O,주의,X,낮음
8/13/2026,구미(279),X,32.3,33.5,26.6,20.3,67.4,O,주의,X,낮음
8/13/2026,영천(281),X,30.9,31.1,25.3,20.4,76.5,O,주의,X,낮음
8/13/2026,경주시(283),X,30.9,30.3,26.1,22.2,75.6,X, ,X,낮음
8/13/2026,거창(284),X,30.1,29.5,24.4,17.2,77.5,X, ,X,낮음
8/13/2026,합천(285),X,32.2,32.6,26.5,19.3,70.1,X, ,X,낮음
8/13/2026,밀양(288),X,32.7,34,27.1,21.9,68.5,O,주의,X,낮음
8/13/2026,산청(289),O,33,33.7,25.8,18.7,72.9,X, ,X,낮음
8/13/2026,거제(294),X,30.8,30.8,25.6,21.8,71.6,X,관심,X,낮음
8/13/2026,남해(295),X,31.1,31.5,26.3,22.1,68.9,X,관심,X,낮음
8/13/2026,부천(433),X,31.9,33.1,27.8,23.2,57,X,관심,O,낮음
8/13/2026,안양(434),X,,31.5,27.6,23.8,,X,관심,O,낮음
8/13/2026,광명(437),X,31.7,32.7,28.5,24.5,55,X,관심,O,낮음
8/13/2026,군포(438),X,30.9,31.8,27.7,23.5,56,X,관심,O,낮음
8/13/2026,김포(441),X,32.2,32.3,26.7,21.2,69,O,주의,X,낮음
8/13/2026,하남(444),X,32,31.9,26.6,21.3,71,O,주의,X,낮음
8/13/2026,의왕(445),O,33.2,32.8,26,20.6,74,X,관심,X,낮음
8/13/2026,포천(504),X,32.6,32.8,25.6,18.8,71,X,관심,X,낮음
8/13/2026,가평조종(505),X,31.1,30.4,24.5,18.8,80,X,관심,X,낮음
8/13/2026,안성(516),X,32.5,32.8,26.1,20.9,72,O,주의,X,낮음
8/13/2026,간성(517),X,26.1,23.6,22.6,21.2,94,X, ,X,낮음
8/13/2026,평창(526),X,29.1,28.7,23,19.1,81,X, ,X,낮음
8/13/2026,의정부(532),X,32,32.3,25.8,20.2,67,X,관심,X,낮음
8/13/2026,횡성(536),X,30.3,30.3,24.3,19.7,75,X,주의,X,낮음
8/13/2026,고양(540),X,32.9,33.4,25.8,19.8,70,X,관심,X,낮음
8/13/2026,남양주(541),X,32.1,32.6,26.3,21.1,67,X,관심,X,낮음
8/13/2026,안산(545),X,31.8,32.2,26,19.5,74,O,관심,X,낮음
8/13/2026,경기광주(546),X,30.1,29.9,24.7,20.6,74,X,관심,X,낮음
8/13/2026,여주(548),X,31,30.6,25.2,20.6,73,X, ,X,낮음
8/13/2026,용인(549),X,31.9,32.3,26.4,21.4,68,X, ,X,낮음
8/13/2026,오산(550),X,31.3,31.8,26.1,20.9,69,O,관심,X,낮음
8/13/2026,평택(551),O,34,33.3,26.3,20.7,77,O,주의,X,낮음
8/13/2026,화천(555),X,30.7,30.5,24.7,21,76,X,관심,X,낮음
8/13/2026,양구(556),X,29.6,29.9,23.7,19.1,78,X, ,X,낮음
8/13/2026,시흥(565),X,31.2,31.5,25.9,20.2,68,X,관심,X,낮음
8/13/2026,구리(569),X,31.5,31.8,26,20.5,65,X,관심,X,낮음
8/13/2026,화성(571),X,31.6,32,27.3,23.1,64,O,주의,X,낮음
8/13/2026,성남(572),X,30.9,31.3,26.9,22.9,66,X,관심,X,낮음
8/13/2026,과천(590),X,32.1,32.6,25.7,19.7,71,X,관심,X,낮음
8/13/2026,양주(598),X,32.8,33.5,25.9,19,68,X,관심,X,낮음
8/13/2026,단양(601),X,29.9,29,23.2,18.9,86,X,관심,X,낮음
8/13/2026,진천(602),X,30.6,30.1,24.2,18.8,79,X,관심,X,낮음
8/13/2026,괴산(603),X,31.1,31.2,24.5,18,78,X,관심,X,낮음
8/13/2026,옥천(604),X,31.7,31.6,24.9,19.5,79,X,관심,X,낮음
8/13/2026,홍북(608),X,,,,,,X, ,X,낮음
8/13/2026,공주(612),X,31.4,31.6,25.3,18.9,77,X,주의,X,낮음
8/13/2026,서천(614),X,30.7,31.1,25.3,21.7,79,X,관심,X,낮음
8/13/2026,논산(615),X,31.4,32,25.7,19.7,74,X,주의,X,낮음
8/13/2026,당진(616),X,31.8,31.8,26.2,21.1,73,X,관심,X,낮음
8/13/2026,청양(618),X,31.2,31,24.6,18.6,81,O,주의,X,낮음
8/13/2026,음성(619),X,30.7,30.1,24.5,18.9,81,X,관심,X,낮음
8/13/2026,증평(623),X,30.7,30.8,25.4,19.4,71,X,관심,X,낮음
8/13/2026,태안(627),X,30.9,30.4,26.3,21.8,71,X,관심,X,낮음
8/13/2026,예산(628),X,30.7,30.9,26.1,21.3,70,X,관심,X,낮음
8/13/2026,아산(634),X,31.9,32.7,26.7,22,66,X,관심,X,낮음
8/13/2026,계룡(636),X,31.5,32.1,24.4,17.6,80,X,관심,X,낮음
8/13/2026,연천청산(652),X,31.2,31.2,25,18.6,70,X,관심,X,낮음
8/13/2026,양양(670),X,27.1,24.7,23.1,21.5,91,X, ,X,낮음
8/13/2026,무안(699),X,,,,,,X, ,X,낮음
8/13/2026,무주(701),X,30.1,30.5,23.9,17.3,73,X,관심,X,낮음
8/13/2026,익산(702),X,32.5,32,26.1,20.5,77,X,주의,X,낮음
8/13/2026,진안(703),X,30.3,30.1,23.4,16.3,80,X,관심,X,낮음
8/13/2026,담양(706),X,32.5,32.7,26.9,20.5,72,O,주의,X,낮음
8/13/2026,구례(709),X,31.8,32,25.5,18.8,71,X, ,X,낮음
8/13/2026,나주(710),X,31.5,31.7,26,21.1,73,X, ,X,낮음
8/13/2026,순천시(712),X,31.7,30.9,26.1,20.8,79,O,주의,X,낮음
8/13/2026,광양읍(713),O,34.2,35.3,27.4,20.6,66,O,주의,X,낮음
8/13/2026,장성(730),X,32.7,33.5,26.3,20.6,73,O,주의,X,낮음
8/13/2026,영암(731),X,31.9,32.4,26.4,21.7,75,O,주의,X,낮음
8/13/2026,보성(732),X,30.3,31.2,24.8,19.5,72,X,관심,X,낮음
8/13/2026,완주(734),X,31.6,31.8,24.6,19,78,X,주의,X,낮음
8/13/2026,김제(737),X,32.1,31.9,26.3,21.6,77,O,주의,X,낮음
8/13/2026,화순(741),X,32.1,33.2,26,20.4,70,O,주의,X,낮음
8/13/2026,함평(754),X,31.9,32,26.5,21.8,75,O,주의,X,낮음
8/13/2026,곡성(768),O,33.4,35.3,25.9,18.8,72,X, ,X,낮음
8/13/2026,압해도(789),X,31.9,32.6,26.4,22.4,74,X,관심,X,낮음
8/13/2026,영양(801),X,30.9,30,23.5,19.4,90,X, ,X,낮음
8/13/2026,성주(810),X,32.1,32.2,26.3,19.8,72,O,주의,X,낮음
8/13/2026,고령(812),X,32.6,33,26.6,19.4,73,O,주의,X,낮음
8/13/2026,청도(813),X,31.2,31.6,25.7,19.2,75,O,주의,X,낮음
8/13/2026,예천(815),X,32.5,33.3,25.9,20.3,72,O,주의,X,낮음
8/13/2026,김천(822),X,31.7,32,25.5,18.2,73,X, ,X,낮음
8/13/2026,군위(823),X,32.2,32,24.9,18.6,80,O,주의,X,낮음
8/13/2026,군위(823),X,32.2,32,24.9,18.6,80,O,주의,X,낮음
8/13/2026,군위(823),X,32.2,32,24.9,18.6,80,O,주의,X,낮음
8/13/2026,군위(823),X,32.2,32,24.9,18.6,80,O,주의,X,낮음
8/13/2026,군위(823),X,32.2,32,24.9,18.6,80,O,주의,X,낮음
8/13/2026,군위(823),X,32.2,32,24.9,18.6,80,O,주의,X,낮음
8/13/2026,군위(823),X,32.2,32,24.9,18.6,80,O,주의,X,낮음
8/13/2026,군위(823),X,32.2,32,24.9,18.6,80,O,주의,X,낮음
8/13/2026,군위(823),X,32.2,32,24.9,18.6,80,O,주의,X,낮음
8/13/2026,군위(823),X,32.2,32,24.9,18.6,80,O,주의,X,낮음
8/13/2026,군위(823),X,32.2,32,24.9,18.6,80,O,주의,X,낮음
8/13/2026,군위(823),X,32.2,32,24.9,18.6,80,O,주의,X,낮음
8/13/2026,군위(823),X,32.2,32,24.9,18.6,80,O,주의,X,낮음
8/13/2026,군위(823),X,32.2,32,24.9,18.6,80,O,주의,X,낮음
8/13/2026,군위(823),X,32.2,32,24.9,18.6,80,O,주의,X,낮음
8/13/2026,군위(823),X,32.2,32,24.9,18.6,80,O,주의,X,낮음
8/13/2026,군위(823),X,32.2,32,24.9,18.6,80,O,주의,X,낮음
8/13/2026,군위(823),X,32.2,32,24.9,18.6,80,O,주의,X,낮음
8/13/2026,군위(823),X,32.2,32,24.9,18.6,80,O,주의,X,낮음
8/13/2026,군위(823),X,32.2,32,24.9,18.6,80,O,주의,X,낮음
8/13/2026,군위(823),X,32.2,32,24.9,18.6,80,O,주의,X,낮음
8/13/2026,군위(823),X,32.2,32,24.9,18.6,80,O,주의,X,낮음
8/13/2026,군위(823),X,32.2,32,24.9,18.6,80,O,주의,X,낮음
8/13/2026,군위(823),X,32.2,32,24.9,18.6,80,O,주의,X,낮음
8/13/2026,군위(823),X,32.2,32,24.9,18.6,80,O,주의,X,낮음
8/13/2026,군위(823),X,32.2,32,24.9,18.6,80,O,주의,X,낮음
8/13/2026,군위(823),X,32.2,32,24.9,18.6,80,O,주의,X,낮음
8/13/2026,군위(823),X,32.2,32,24.9,18.6,80,O,주의,X,낮음
8/13/2026,군위(823),X,32.2,32,24.9,18.6,80,O,주의,X,낮음
8/13/2026,군위(823),X,32.2,32,24.9,18.6,80,O,주의,X,낮음
8/13/2026,군위(823),X,32.2,32,24.9,18.6,80,O,주의,X,낮음
8/13/2026,군위(823),X,32.2,32,24.9,18.6,80,O,주의,X,낮음
8/13/2026,칠곡(825),X,31.8,32.1,26.6,21,75,O,주의,X,낮음
8/13/2026,경산(827),X,31.4,32.2,27.3,21.6,64,O,주의,X,낮음
8/13/2026,삼척(876),X,29.6,28,24.3,22.5,89,X, ,X,낮음
8/13/2026,속초(90),X,26.9,24.4,23.2,21.8,90.6,X, ,X,낮음
8/13/2026,삼천포(907),X,31.8,32.7,26.2,21.6,68,X,주의,X,낮음
8/13/2026,고성(918),X,31.5,31.6,25.7,20.8,78,X,관심,X,낮음
8/13/2026,창녕(919),X,32.7,33.5,26.5,20.1,70,O,주의,X,낮음
8/13/2026,함안(920),O,33.1,33,24.9,18.5,80,O,주의,X,낮음
8/13/2026,북춘천(93),X,30.7,30.7,24.6,21.4,79,X,관심,X,낮음
8/13/2026,하동(932),X,31.6,33.8,26.5,20.1,69,X, ,X,낮음
8/13/2026,철원(95),X,30.2,30,24.5,18.6,76,X,관심,X,낮음
8/13/2026,동두천(98),X,31.1,31.7,25.4,19.8,63.8,X,관심,X,낮음
8/13/2026,파주(99),X,31.2,30.7,24.2,19.1,74.3,X, ,X,낮음
8/14/2026,북강릉(104),X,28.8,26,23.6,22.5,96,X, ,X,낮음
8/14/2026,동해(106),X,30,27.7,24.5,23.1,91.3,X, ,X,낮음
8/14/2026,서울(108),X,31.6,31.7,27.8,24.7,66.6,O,주의,O,낮음
8/14/2026,인천(112),X,32,31.5,28.1,25,68.9,X, ,O,낮음
8/14/2026,원주(114),X,32.1,32.3,26.7,22.8,76,X,주의,X,낮음
8/14/2026,울릉도(115),X,31.4,29.6,26,24,85.3,X,관심,X,낮음
8/14/2026,수원(119),X,31.5,31.6,27.4,24.1,67.1,X,관심,O,낮음
8/14/2026,영월(121),X,32.7,32.5,24.3,21.7,88.4,X,관심,X,낮음
8/14/2026,충주(127),X,31.2,31.1,26.7,23.3,75.4,X,관심,X,낮음
8/14/2026,서산(129),X,31.2,31.3,26.7,22.8,74.8,X,관심,X,낮음
8/14/2026,울진(130),X,29.6,27.3,24.8,23.6,94.5,X, ,X,낮음
8/14/2026,청주(131),X,31.2,31.2,28.1,24.7,65.1,X, ,O,낮음
8/14/2026,대전(133),X,31.8,31.7,26.9,23.1,76,X,관심,X,낮음
8/14/2026,추풍령(135),X,30.8,30.5,25,19.7,77.3,X,관심,X,낮음
8/14/2026,안동(136),X,31.3,31.8,26.8,23.2,72.5,X, ,X,낮음
8/14/2026,상주(137),X,31.9,30.7,26.3,22.2,80.4,O,주의,X,낮음
8/14/2026,포항(138),X,32.3,32.4,28.1,24.2,68.4,X,관심,X,낮음
8/14/2026,군산(140),X,31.8,31.1,26.4,23,82.5,X, ,X,낮음
8/14/2026,대구(143),O,33.1,35.5,28.9,23.3,58.3,X, ,X,낮음
8/14/2026,전주(146),X,32.9,33.7,26.9,24,75.1,X,관심,X,낮음
8/14/2026,울산(152),X,31.8,32.5,27.6,22.4,62,X, ,X,낮음
8/14/2026,창원(155),O,33,32.9,27.6,23.6,74.4,O,주의,X,낮음
8/14/2026,광주(156),X,32.3,32.1,27.3,24.1,74.9,X, ,X,낮음
8/14/2026,부산(159),X,31.9,31,27.7,24.7,72.5,X, ,O,낮음
8/14/2026,통영(162),X,31.9,31.7,27.2,23.3,74.8,X,관심,X,낮음
8/14/2026,목포(165),X,31.1,30.9,27.2,24.3,71.5,X,관심,X,낮음
8/14/2026,여수(168),X,31.5,31.4,27.4,24.7,72.8,O,주의,O,낮음
8/14/2026,흑산도(169),X,31.6,31.1,26.7,24,71.1,O,주의,X,낮음
8/14/2026,완도(170),O,34.5,34.7,27.5,23.1,72,X, ,X,낮음
8/14/2026,고창(172),X,31.8,31.7,26,21.5,85.5,O,주의,X,낮음
8/14/2026,제주(184),X,31.2,30.3,27.2,24.3,69.1,X, ,X,낮음
8/14/2026,진주(192),O,33.2,33.8,26.5,22,74.5,O,주의,X,낮음
8/14/2026,양평(202),X,31.8,31.9,26.8,22.8,72.9,X, ,X,낮음
8/14/2026,이천(203),X,32.8,32.6,26.4,22.6,80.5,X,주의,X,낮음
8/14/2026,인제(211),X,29.1,28,23.9,21.5,81.1,X, ,X,낮음
8/14/2026,홍천(212),X,31.6,31.6,25.5,21,74.1,X, ,X,낮음
8/14/2026,태백(216),X,27.9,26.5,21.2,19.9,93.6,X, ,X,낮음
8/14/2026,정선군(217),X,31.1,29.8,24.1,21.7,92,X, ,X,낮음
8/14/2026,제천(221),X,30.8,30.1,24.3,21.3,85.8,X,관심,X,낮음
8/14/2026,보은(226),X,30.2,29.4,25,20.9,85.1,X,관심,X,낮음
8/14/2026,천안(232),X,30.3,30.2,25.4,21.2,83,X,관심,X,낮음
8/14/2026,보령(235),X,31.8,30.5,26.5,22.9,80.1,X, ,X,낮음
8/14/2026,부여(236),X,31.7,31.1,26.3,21.5,82,O,주의,X,낮음
8/14/2026,금산(238),X,31.9,32.1,26.1,20.8,80.3,X,관심,X,낮음
8/14/2026,세종(239),X,31,30.5,26,21.9,80,X, ,X,낮음
8/14/2026,부안(243),X,31.9,31.6,26.4,23,76.6,X, ,X,낮음
8/14/2026,임실(244),X,31.3,31.4,25.2,20.6,80.4,X,관심,X,낮음
8/14/2026,정읍(245),X,32.8,33.4,26.9,23.1,74,O,주의,X,낮음
8/14/2026,남원(247),X,32.8,33.1,26.6,21.5,74.5,X,관심,X,낮음
8/14/2026,장수(248),X,30.6,30.8,24.3,18.5,80.9,X, ,X,낮음
8/14/2026,영광군(252),X,31.6,31.6,26,21.7,78.8,X, ,X,낮음
8/14/2026,김해시(253),O,34,34.1,27.9,22.4,71.5,O,주의,X,낮음
8/14/2026,순창군(254),X,31.7,32,26.6,22,74.8,X,주의,X,낮음
8/14/2026,양산시(257),O,33.7,34.6,27.6,21.4,72.4,O,주의,X,낮음
8/14/2026,강진군(259),O,33.1,33,27.2,22.3,77,X,관심,X,낮음
8/14/2026,장흥(260),X,32,31.8,26.6,21.8,76.9,X,관심,X,낮음
8/14/2026,해남(261),O,33.5,33.2,27,22.2,77.5,X, ,X,낮음
8/14/2026,고흥(262),X,32.8,32.5,26.1,20.9,76.3,X, ,X,낮음
8/14/2026,의령군(263),O,33.4,34.5,27,21.6,71.1,O,주의,X,낮음
8/14/2026,함양군(264),X,32.7,33.3,26.8,20.7,76,X, ,X,낮음
8/14/2026,진도군ASOS(268),X,32.4,32.9,26,21.5,72.3,X,관심,X,낮음
8/14/2026,봉화(271),X,29.5,28.4,23.5,21.1,87.3,X, ,X,낮음
8/14/2026,영주(272),X,30.5,29.2,24.9,22.1,87.3,O,주의,X,낮음
8/14/2026,문경(273),X,31.7,30.6,25.7,22.4,81.6,O,주의,X,낮음
8/14/2026,청송군(276),X,32.3,32.4,26.5,21.8,79.8,X,주의,X,낮음
8/14/2026,영덕(277),X,30.7,29.3,24.8,22.5,87.1,X,관심,X,낮음
8/14/2026,의성(278),X,32,32.5,27,21.4,74.9,O,주의,X,낮음
8/14/2026,구미(279),O,33.7,34.7,28.1,22.5,67.1,O,주의,X,낮음
8/14/2026,영천(281),O,33.1,34.3,27.2,21.2,70.9,O,주의,X,낮음
8/14/2026,경주시(283),O,34.2,35.4,28.1,21.8,69.5,X, ,X,낮음
8/14/2026,거창(284),O,33.6,34.5,26.2,19.6,74.6,X, ,X,낮음
8/14/2026,합천(285),O,34.2,35.8,27.8,22.6,67.8,X, ,X,낮음
8/14/2026,밀양(288),O,34.7,36,28.4,22.2,65.6,O,주의,X,낮음
8/14/2026,산청(289),O,34.4,35.6,27,21,73.3,X, ,X,낮음
8/14/2026,거제(294),X,31.7,31.8,26.5,22.2,73.4,X,관심,X,낮음
8/14/2026,남해(295),X,32.1,32,26.6,22.5,73.8,X,관심,X,낮음
8/14/2026,부천(433),X,31.4,32,28.8,25.5,61,X,관심,O,낮음
8/14/2026,안양(434),X,,31.2,28.3,25.7,,X,관심,O,낮음
8/14/2026,광명(437),X,32.4,33,29.1,26.6,59,X,관심,O,낮음
8/14/2026,군포(438),X,31.6,31.7,28.2,25,61,X,관심,O,낮음
8/14/2026,김포(441),O,33.3,33.1,27.8,23.4,74,O,주의,O,낮음
8/14/2026,하남(444),X,32.6,32.2,27.1,23.2,77,O,주의,X,낮음
8/14/2026,의왕(445),X,32.6,32,26.8,22.1,78,O,관심,X,낮음
8/14/2026,포천(504),X,32.1,31.8,27.3,22.4,71,X,주의,X,낮음
8/14/2026,가평조종(505),X,32.2,31.4,25.9,21,81,X,주의,X,낮음
8/14/2026,안성(516),X,32.2,32.1,27.1,22.6,74,O,주의,X,낮음
8/14/2026,간성(517),X,27.8,25.5,23.4,22.3,93,X, ,X,낮음
8/14/2026,평창(526),X,30.9,30.3,23.6,21.1,89,X, ,X,낮음
8/14/2026,의정부(532),X,32.3,32.6,27.2,22.9,70,X,관심,X,낮음
8/14/2026,횡성(536),X,32.1,31.4,25.5,22.3,80,X,주의,X,낮음
8/14/2026,고양(540),X,32.9,33.7,27,22.2,72,X,주의,X,낮음
8/14/2026,남양주(541),X,32.6,32.8,27.5,23.4,72,X,관심,X,낮음
8/14/2026,안산(545),O,33,33.3,26.6,21.1,78,O,주의,X,낮음
8/14/2026,경기광주(546),X,31.2,30.8,26.1,21.4,77,X,주의,X,낮음
8/14/2026,여주(548),X,32.8,32.6,26.4,23.1,78,X, ,X,낮음
8/14/2026,용인(549),X,32.3,32.2,27.4,22.6,72,X, ,X,낮음
8/14/2026,오산(550),X,31.6,31.2,26.5,21.5,75,O,주의,X,낮음
8/14/2026,평택(551),X,32.5,31.4,26.8,22.6,80,O,주의,X,낮음
8/14/2026,화천(555),X,30.9,30.3,25,20.8,82,X,관심,X,낮음
8/14/2026,양구(556),X,30.5,30.1,24.4,21.2,79,X, ,X,낮음
8/14/2026,시흥(565),X,31.7,31.5,26.8,21.5,73,X,관심,X,낮음
8/14/2026,구리(569),X,32.4,32.6,26.6,23.1,72,X,관심,X,낮음
8/14/2026,화성(571),X,31.9,31.7,27.7,23.2,68,O,주의,O,낮음
8/14/2026,성남(572),X,31.7,31.7,27.3,23.4,73,X,관심,X,낮음
8/14/2026,과천(590),X,32.2,32.2,27.1,22.2,72,X,관심,X,낮음
8/14/2026,양주(598),X,32.2,32.2,26.8,22.4,71,X,관심,X,낮음
8/14/2026,단양(601),X,31.4,31.3,25,21.7,83,X,관심,X,낮음
8/14/2026,진천(602),X,30.7,29.9,25.1,21.3,83,X,관심,X,낮음
8/14/2026,괴산(603),X,31.7,31.1,25.5,21.8,81,X,관심,X,낮음
8/14/2026,옥천(604),X,32,31.9,26.4,21.3,78,X,관심,X,낮음
8/14/2026,홍북(608),X,,,,,,X, ,X,낮음
8/14/2026,공주(612),X,31.9,31.3,25.8,21.1,85,X,관심,X,낮음
8/14/2026,서천(614),X,31.9,31,25.8,22,87,X,관심,X,낮음
8/14/2026,논산(615),X,31.9,32.1,26.6,21.5,78,X,관심,X,낮음
8/14/2026,당진(616),X,31.6,30.9,26.4,22.6,77,X,관심,X,낮음
8/14/2026,청양(618),X,31.2,30.4,25.3,20.6,87,O,주의,X,낮음
8/14/2026,음성(619),X,31.3,31.1,25.7,22.1,83,X,관심,X,낮음
8/14/2026,증평(623),X,30.5,30.4,26.1,22.3,75,X,관심,X,낮음
8/14/2026,태안(627),X,32,31.1,26,22.2,81,X,관심,X,낮음
8/14/2026,예산(628),X,30.9,30.8,26.2,21.9,77,X,관심,X,낮음
8/14/2026,아산(634),X,31.4,31.5,26.7,22.6,72,X,관심,X,낮음
8/14/2026,계룡(636),X,31.2,30.5,24.7,19.1,87,X,관심,X,낮음
8/14/2026,연천청산(652),X,31.8,31.4,26.4,22.1,73,X,관심,X,낮음
8/14/2026,양양(670),X,28.3,25.9,23.5,22.6,92,X, ,X,낮음
8/14/2026,무안(699),X,29.1,,,,,X, ,X,낮음
8/14/2026,무주(701),X,31.9,32.6,25.3,19.3,76,X, ,X,낮음
8/14/2026,익산(702),X,32.5,31.8,26.4,22.7,83,X,관심,X,낮음
8/14/2026,진안(703),X,31.9,31.7,24.7,19.2,84,X,관심,X,낮음
8/14/2026,담양(706),O,33.1,31.9,26.4,22.3,82,O,주의,X,낮음
8/14/2026,구례(709),X,32.9,33,26.7,22.3,73,X, ,X,낮음
8/14/2026,나주(710),X,31.8,31.7,26,21.4,79,X, ,X,낮음
8/14/2026,순천시(712),X,32.3,30.6,26.1,22.1,85,O,주의,X,낮음
8/14/2026,광양읍(713),O,35.3,35.4,27.7,22.7,73,O,주의,X,낮음
8/14/2026,장성(730),X,32.7,33,26.1,21.6,79,O,주의,X,낮음
8/14/2026,영암(731),O,33.1,33.1,26.5,22,79,O,주의,X,낮음
8/14/2026,보성(732),X,30.8,31.1,25,20.2,77,X,관심,X,낮음
8/14/2026,완주(734),O,33.1,33.3,26.1,20.7,81,X,주의,X,낮음
8/14/2026,김제(737),O,33.1,32.5,26.7,23.4,85,O,주의,X,낮음
8/14/2026,화순(741),O,33.6,34,27,21.5,72,O,주의,X,낮음
8/14/2026,함평(754),X,31.6,31,26.4,21.7,79,O,주의,X,낮음
8/14/2026,곡성(768),O,33.8,34.7,27,21.7,77,X, ,X,낮음
8/14/2026,압해도(789),X,31.7,32.2,26.3,23.2,74,X,관심,X,낮음
8/14/2026,영양(801),X,32.3,31.7,25.3,21.9,87,X, ,X,낮음
8/14/2026,성주(810),O,34,34.8,28.1,22.5,72,O,주의,X,낮음
8/14/2026,고령(812),O,33.3,33.9,27.8,22.3,70,O,주의,X,낮음
8/14/2026,청도(813),X,32.6,34.8,27.2,20.6,68,O,주의,X,낮음
8/14/2026,예천(815),X,31.5,31.7,26.7,23.7,78,O,경고,X,낮음
8/14/2026,김천(822),O,33.9,34.3,26.9,20.5,73,X, ,X,낮음
8/14/2026,군위(823),X,32.5,32.5,26.5,21.3,81,O,주의,X,낮음
8/14/2026,군위(823),X,32.5,32.5,26.5,21.3,81,O,주의,X,낮음
8/14/2026,군위(823),X,32.5,32.5,26.5,21.3,81,O,주의,X,낮음
8/14/2026,군위(823),X,32.5,32.5,26.5,21.3,81,O,주의,X,낮음
8/14/2026,군위(823),X,32.5,32.5,26.5,21.3,81,O,주의,X,낮음
8/14/2026,군위(823),X,32.5,32.5,26.5,21.3,81,O,주의,X,낮음
8/14/2026,군위(823),X,32.5,32.5,26.5,21.3,81,O,주의,X,낮음
8/14/2026,군위(823),X,32.5,32.5,26.5,21.3,81,O,주의,X,낮음
8/14/2026,군위(823),X,32.5,32.5,26.5,21.3,81,O,주의,X,낮음
8/14/2026,군위(823),X,32.5,32.5,26.5,21.3,81,O,주의,X,낮음
8/14/2026,군위(823),X,32.5,32.5,26.5,21.3,81,O,주의,X,낮음
8/14/2026,군위(823),X,32.5,32.5,26.5,21.3,81,O,주의,X,낮음
8/14/2026,군위(823),X,32.5,32.5,26.5,21.3,81,O,주의,X,낮음
8/14/2026,군위(823),X,32.5,32.5,26.5,21.3,81,O,주의,X,낮음
8/14/2026,군위(823),X,32.5,32.5,26.5,21.3,81,O,주의,X,낮음
8/14/2026,군위(823),X,32.5,32.5,26.5,21.3,81,O,주의,X,낮음
8/14/2026,군위(823),X,32.5,32.5,26.5,21.3,81,O,주의,X,낮음
8/14/2026,군위(823),X,32.5,32.5,26.5,21.3,81,O,주의,X,낮음
8/14/2026,군위(823),X,32.5,32.5,26.5,21.3,81,O,주의,X,낮음
8/14/2026,군위(823),X,32.5,32.5,26.5,21.3,81,O,주의,X,낮음
8/14/2026,군위(823),X,32.5,32.5,26.5,21.3,81,O,주의,X,낮음
8/14/2026,군위(823),X,32.5,32.5,26.5,21.3,81,O,주의,X,낮음
8/14/2026,군위(823),X,32.5,32.5,26.5,21.3,81,O,주의,X,낮음
8/14/2026,군위(823),X,32.5,32.5,26.5,21.3,81,O,주의,X,낮음
8/14/2026,군위(823),X,32.5,32.5,26.5,21.3,81,O,주의,X,낮음
8/14/2026,군위(823),X,32.5,32.5,26.5,21.3,81,O,주의,X,낮음
8/14/2026,군위(823),X,32.5,32.5,26.5,21.3,81,O,주의,X,낮음
8/14/2026,군위(823),X,32.5,32.5,26.5,21.3,81,O,주의,X,낮음
8/14/2026,군위(823),X,32.5,32.5,26.5,21.3,81,O,주의,X,낮음
8/14/2026,군위(823),X,32.5,32.5,26.5,21.3,81,O,주의,X,낮음
8/14/2026,군위(823),X,32.5,32.5,26.5,21.3,81,O,주의,X,낮음
8/14/2026,군위(823),X,32.5,32.5,26.5,21.3,81,O,주의,X,낮음
8/14/2026,칠곡(825),O,33.7,34.7,28.6,23,70,O,주의,X,낮음
8/14/2026,경산(827),O,33.9,36.5,29,23.4,60,O,주의,X,낮음
8/14/2026,삼척(876),X,29.6,27,24.2,22.7,92,X, ,X,낮음
8/14/2026,속초(90),X,27.9,25.6,24,22.9,89.1,X, ,X,낮음
8/14/2026,삼천포(907),X,32.5,32.4,26.8,22.6,75,X,주의,X,낮음
8/14/2026,고성(918),X,31.4,30.6,26.1,21.6,82,X,관심,X,낮음
8/14/2026,창녕(919),O,34.7,36.6,28.4,22.8,64,O,주의,X,낮음
8/14/2026,함안(920),O,33.5,33.1,25.9,21.1,79,O,주의,X,낮음
8/14/2026,북춘천(93),X,31.3,30.9,25.7,21.3,79.9,X,관심,X,낮음
8/14/2026,하동(932),X,32.2,33.5,27.3,22.5,72,X, ,X,낮음
8/14/2026,철원(95),X,31.1,30.6,25.6,21.8,76.1,X,관심,X,낮음
8/14/2026,동두천(98),X,31.5,31.8,26.4,22.7,66.9,X,관심,X,낮음
8/14/2026,파주(99),X,32,31.1,26.3,22,75.5,X, ,X,낮음
8/15/2026,북강릉(104),X,28.6,25.9,23.8,22.2,95.5,X, ,X,낮음
8/15/2026,동해(106),X,29.3,26.8,24.2,22.9,92.4,X, ,X,낮음
8/15/2026,서울(108),X,30.7,29.5,26.1,25.1,80,O,주의,X,낮음
8/15/2026,인천(112),X,30.4,28.3,26,24.1,87.5,X, ,X,낮음
8/15/2026,원주(114),X,30.1,29.4,26.2,24.3,77.1,X,관심,X,낮음
8/15/2026,울릉도(115),X,31.3,29.2,26.2,24.8,85.4,X, ,X,낮음
8/15/2026,수원(119),X,30.2,29.4,27,25.5,74.1,X,관심,X,낮음
8/15/2026,영월(121),X,30.2,28.1,24.7,22.1,88.6,X,관심,X,낮음
8/15/2026,충주(127),X,29.3,28,26.2,24,77.8,X,관심,X,낮음
8/15/2026,서산(129),X,30.9,29.1,25.6,24.1,89,X,관심,X,낮음
8/15/2026,울진(130),X,29.1,26.7,24.5,22.9,94.1,X, ,X,낮음
8/15/2026,청주(131),X,29.7,29,27.2,26,72.9,X, ,X,낮음
8/15/2026,대전(133),X,29.9,27.4,25.4,24.2,90.3,X,관심,X,낮음
8/15/2026,추풍령(135),X,29.3,28.3,24,21.1,85.3,X,관심,X,낮음
8/15/2026,안동(136),X,30.6,30.7,26.5,23.7,75.5,X, ,X,낮음
8/15/2026,상주(137),X,30.7,29.4,25.6,24,85.3,X,관심,X,낮음
8/15/2026,포항(138),X,30.2,28.7,26.5,24.5,79.5,X,관심,X,낮음
8/15/2026,군산(140),X,30.4,28.3,25.9,24.1,87.6,X, ,X,낮음
8/15/2026,대구(143),X,31.6,32.9,27.7,24.3,68,X, ,X,낮음
8/15/2026,전주(146),X,31.2,30,27.2,24.9,76.3,X,관심,X,낮음
8/15/2026,울산(152),X,31.7,32.2,26.5,23.3,76.4,X, ,X,낮음
8/15/2026,창원(155),X,32.3,32.2,26.9,24.3,81.1,X,주의,X,낮음
8/15/2026,광주(156),X,31.6,30.5,27,23.9,77.6,X, ,X,낮음
8/15/2026,부산(159),O,33.3,33.7,28,25.4,73.9,X, ,X,낮음
8/15/2026,통영(162),X,31.7,31.9,26.9,24.4,77,X, ,X,낮음
8/15/2026,목포(165),X,30.7,29.4,26.1,23.8,81.3,X,관심,X,낮음
8/15/2026,여수(168),X,30.4,28.5,25.8,24.6,87.8,O,주의,X,낮음
8/15/2026,흑산도(169),X,28.9,26.9,24.8,23.4,84.6,O,주의,X,낮음
8/15/2026,완도(170),X,31.6,30.5,25.5,23.1,86.1,X, ,X,낮음
8/15/2026,고창(172),X,31.6,30.4,26.5,23.4,86.3,X,주의,X,낮음
8/15/2026,제주(184),X,30.7,29.5,26.5,24.7,79.6,X, ,O,낮음
8/15/2026,진주(192),X,31.5,31.4,25.8,22.7,81.3,X,주의,X,낮음
8/15/2026,양평(202),X,29.7,28.7,25.7,23.6,82.1,X, ,X,낮음
8/15/2026,이천(203),X,30.6,28.5,25.4,23.2,91.3,X,관심,X,낮음
8/15/2026,인제(211),X,28,25.9,23.3,20.9,89.4,X, ,X,낮음
8/15/2026,홍천(212),X,29.8,28.5,24.8,22.1,84.9,X, ,X,낮음
8/15/2026,태백(216),X,28.3,26.9,22.1,20.1,85.6,X, ,X,낮음
8/15/2026,정선군(217),X,30.6,29,24.6,22.2,89.1,X, ,X,낮음
8/15/2026,제천(221),X,29,27.3,24.5,22.2,85,X,관심,X,낮음
8/15/2026,보은(226),X,28.7,26.8,24.2,22.1,93.9,X,관심,X,낮음
8/15/2026,천안(232),X,29.4,27.8,25.4,23.7,87.1,X,관심,X,낮음
8/15/2026,보령(235),X,30.6,29.9,26.5,24.1,81.4,X, ,X,낮음
8/15/2026,부여(236),X,29.2,27.2,25.6,23.2,88.4,X,주의,X,낮음
8/15/2026,금산(238),X,30,28.7,25.3,23.4,91,X,관심,X,낮음
8/15/2026,세종(239),X,29.6,27.4,25.2,23.7,89.6,X, ,X,낮음
8/15/2026,부안(243),X,30.5,29.5,25.6,23.1,84,X, ,X,낮음
8/15/2026,임실(244),X,29.5,28.6,25.3,22.4,80.5,X, ,X,낮음
8/15/2026,정읍(245),X,31,30,26.3,23,79.1,O,주의,X,낮음
8/15/2026,남원(247),X,31,30.4,25.9,23.2,79.4,X,관심,X,낮음
8/15/2026,장수(248),X,29,28.5,24.7,21.4,78.3,X, ,X,낮음
8/15/2026,영광군(252),X,31.1,29.8,26.1,23.1,82.4,X, ,X,낮음
8/15/2026,김해시(253),O,33.6,34.5,27.6,23.8,77,X,주의,X,낮음
8/15/2026,순창군(254),X,30.8,30.2,26.3,23.3,75.8,X,관심,X,낮음
8/15/2026,양산시(257),O,33.5,34.2,27.9,24,75.3,X,주의,X,낮음
8/15/2026,강진군(259),X,32.3,31.2,25.4,22.8,88.1,O,관심,X,낮음
8/15/2026,장흥(260),X,30.9,29.3,24.9,22.2,88.5,X, ,X,낮음
8/15/2026,해남(261),X,31.6,30.3,25,22.2,88.3,X, ,X,낮음
8/15/2026,고흥(262),X,31.3,30.4,25.8,22.3,84.4,X, ,X,낮음
8/15/2026,의령군(263),X,32.1,32.1,26,21.6,80.9,X,주의,X,낮음
8/15/2026,함양군(264),X,31.9,31,25.9,22.7,81.9,X, ,X,낮음
8/15/2026,진도군ASOS(268),X,30.5,29.4,25,21.6,85.4,X,관심,X,낮음
8/15/2026,봉화(271),X,29.1,28.5,24.1,21.3,85.6,X, ,X,낮음
8/15/2026,영주(272),X,29.2,27.9,24.8,22.5,84.8,X,관심,X,낮음
8/15/2026,문경(273),X,29.6,28.2,24.5,22.6,93.4,X,관심,X,낮음
8/15/2026,청송군(276),X,31.8,32.1,25.9,22.1,81.4,X,관심,X,낮음
8/15/2026,영덕(277),X,30.4,29,24.8,22.5,88.6,X, ,X,낮음
8/15/2026,의성(278),X,31.2,31.5,26.6,22.9,79.9,X,관심,X,낮음
8/15/2026,구미(279),X,32.4,32.7,27.9,24,67.1,X,주의,X,낮음
8/15/2026,영천(281),X,31.1,31,26,22.7,80.8,X,주의,X,낮음
8/15/2026,경주시(283),X,32.8,32.9,26.4,22.8,79.5,X, ,X,낮음
8/15/2026,거창(284),X,31.3,30.7,25.7,22.1,79.5,X, ,X,낮음
8/15/2026,합천(285),X,31.9,31.8,26.3,21.9,77.1,X, ,X,낮음
8/15/2026,밀양(288),X,32.5,33.7,27.3,23.1,71.9,X,주의,X,낮음
8/15/2026,산청(289),X,32,31.2,25.6,22.2,81.1,X, ,X,낮음
8/15/2026,거제(294),X,31.3,31.1,26.4,23.5,78,X, ,X,낮음
8/15/2026,남해(295),X,31.1,30,25.4,22.8,86,X, ,X,낮음
8/15/2026,부천(433),X,30.5,29.7,25.8,22.8,82,X,관심,X,낮음
8/15/2026,안양(434),X,,29.2,26.7,24.9,,X,관심,X,낮음
8/15/2026,광명(437),X,30.8,29.9,26.5,23.8,77,X,관심,X,낮음
8/15/2026,군포(438),X,30.3,29.7,26.6,25,74,X,관심,X,낮음
8/15/2026,김포(441),X,29.8,27.5,25.5,22.9,90,X,주의,X,낮음
8/15/2026,하남(444),X,31.6,30.1,26.4,23.5,87,X,주의,X,낮음
8/15/2026,의왕(445),X,31.4,29.5,25.9,23.7,88,X,주의,X,낮음
8/15/2026,포천(504),X,29.2,26.7,24.8,22.8,88,X,관심,X,낮음
8/15/2026,가평조종(505),X,29.8,27.4,24.4,22.4,95,X,관심,X,낮음
8/15/2026,안성(516),X,30.7,29.5,26.5,24.9,83,X,주의,X,낮음
8/15/2026,간성(517),X,28.1,25.6,23.3,21.3,95,X, ,X,낮음
8/15/2026,평창(526),X,28.9,27.2,24,21.7,86,X, ,X,낮음
8/15/2026,의정부(532),X,30.1,28,25,23.8,88,X,관심,X,낮음
8/15/2026,횡성(536),X,30.2,29.3,25.5,23.2,81,O,관심,X,낮음
8/15/2026,고양(540),X,31.7,30.4,24.6,22.1,90,X,관심,X,낮음
8/15/2026,남양주(541),X,31,29.6,26.4,24.2,84,X,관심,X,낮음
8/15/2026,안산(545),X,32.3,31.5,26,23.5,85,X,주의,X,낮음
8/15/2026,경기광주(546),X,30,28.5,24.9,23,88,X,관심,X,낮음
8/15/2026,여주(548),X,30.4,28.2,25.5,23.2,87,X, ,X,낮음
8/15/2026,용인(549),X,30.5,29.4,26.5,24.3,80,X, ,X,낮음
8/15/2026,오산(550),X,30.7,29.2,25.9,23.7,83,X,주의,X,낮음
8/15/2026,평택(551),X,31.1,28.9,26.5,24.6,88,X,주의,X,낮음
8/15/2026,화천(555),X,29.2,27.3,24.6,22.1,87,X,관심,X,낮음
8/15/2026,양구(556),X,28.4,26.5,23.7,21.2,88,X, ,X,낮음
8/15/2026,시흥(565),X,30.5,29.3,24.6,22.5,89,X,관심,X,낮음
8/15/2026,구리(569),X,30.5,29.1,25.8,22.6,83,X,관심,X,낮음
8/15/2026,화성(571),X,30.9,29.8,26.6,25,78,X,주의,X,낮음
8/15/2026,성남(572),X,30.6,29.1,25.9,23.3,87,X,관심,X,낮음
8/15/2026,과천(590),X,30.7,29.2,25.6,23.6,85,X,관심,X,낮음
8/15/2026,양주(598),X,28.9,27.2,24.4,23.1,88,X,관심,X,낮음
8/15/2026,단양(601),X,29.5,27.7,24.7,22.2,87,X,관심,X,낮음
8/15/2026,진천(602),X,29.7,28.1,25.4,23.2,84,X,관심,X,낮음
8/15/2026,괴산(603),X,29.4,28.1,25.2,23.2,86,X,관심,X,낮음
8/15/2026,옥천(604),X,29.9,28.4,25.3,22.6,90,X,관심,X,낮음
8/15/2026,홍북(608),X,,,,,,X, ,X,낮음
8/15/2026,공주(612),X,29.6,27.4,25.2,23.4,93,X,관심,X,낮음
8/15/2026,서천(614),X,30.1,27.9,25.3,23.4,91,X,관심,X,낮음
8/15/2026,논산(615),X,29.8,27.7,25.5,23.4,85,X,관심,X,낮음
8/15/2026,당진(616),X,31.1,29.4,25.3,23.8,88,X,관심,X,낮음
8/15/2026,청양(618),X,29.6,27.7,25.2,23.4,90,X,주의,X,낮음
8/15/2026,음성(619),X,29.7,27.8,25.4,23.8,86,X,관심,X,낮음
8/15/2026,증평(623),X,29.5,28.2,26,24.3,78,X,관심,X,낮음
8/15/2026,태안(627),X,30.7,28.5,25.3,23.2,89,X,관심,X,낮음
8/15/2026,예산(628),X,29.9,28.5,26,24.4,83,X,관심,X,낮음
8/15/2026,아산(634),X,30.9,29.2,26.2,24.5,82,X,관심,X,낮음
8/15/2026,계룡(636),X,29.5,26.3,23.9,21.4,97,X,관심,X,낮음
8/15/2026,연천청산(652),X,28.4,26,24.2,22.6,86,X,관심,X,낮음
8/15/2026,양양(670),X,28.1,25.7,23.7,21.7,92,X, ,X,낮음
8/15/2026,무안(699),X,,,,,,X, ,X,낮음
8/15/2026,무주(701),X,30.1,29.6,24.8,21.6,84,X, ,X,낮음
8/15/2026,익산(702),X,30.5,29.1,26.1,23.7,86,X,관심,X,낮음
8/15/2026,진안(703),X,30,28.5,24.5,21.6,87,X, ,X,낮음
8/15/2026,담양(706),X,31.4,30.5,26.2,23.5,84,O,주의,X,낮음
8/15/2026,구례(709),X,31.2,30.5,25.5,23,78,X, ,X,낮음
8/15/2026,나주(710),X,30.9,29.5,25.7,22.7,83,X, ,X,낮음
8/15/2026,순천시(712),X,31.8,30.1,25.9,22.9,89,O,주의,X,낮음
8/15/2026,광양읍(713),O,33.2,33.2,26.6,23.3,81,O,주의,X,낮음
8/15/2026,장성(730),X,31.7,30.9,26.2,23,82,O,주의,X,낮음
8/15/2026,영암(731),X,31.1,30.1,25.3,22.5,86,O,주의,X,낮음
8/15/2026,보성(732),X,29.7,28.6,24.3,21.3,85,O, ,X,낮음
8/15/2026,완주(734),X,30.4,28.5,25.1,22.5,90,X,관심,X,낮음
8/15/2026,김제(737),X,31.4,29.4,25.9,23.9,90,O,주의,X,낮음
8/15/2026,화순(741),X,31.6,30.8,26.1,23.1,78,O,주의,X,낮음
8/15/2026,함평(754),X,31.9,30.2,26.2,23.5,85,O,주의,X,낮음
8/15/2026,곡성(768),X,32.2,31.4,26.3,23,81,X, ,X,낮음
8/15/2026,압해도(789),X,30.6,29.7,25.9,23.1,80,X,관심,X,낮음
8/15/2026,영양(801),X,31.8,30.7,24.8,21.8,89,X, ,X,낮음
8/15/2026,성주(810),X,32.4,32.2,27.3,23.1,74,X,주의,X,낮음
8/15/2026,고령(812),X,32.4,32.1,26.7,21.8,79,X,주의,X,낮음
8/15/2026,청도(813),X,31.2,31.4,25.9,21.4,80,X,주의,X,낮음
8/15/2026,예천(815),X,30.8,30.2,26,23.9,82,X,관심,X,낮음
8/15/2026,김천(822),X,31.4,31.3,26.1,22.3,81,X, ,X,낮음
8/15/2026,군위(823),X,32.1,31.5,26.3,23,86,X,주의,X,낮음
8/15/2026,군위(823),X,32.1,31.5,26.3,23,86,X,주의,X,낮음
8/15/2026,군위(823),X,32.1,31.5,26.3,23,86,X,주의,X,낮음
8/15/2026,군위(823),X,32.1,31.5,26.3,23,86,X,주의,X,낮음
8/15/2026,군위(823),X,32.1,31.5,26.3,23,86,X,주의,X,낮음
8/15/2026,군위(823),X,32.1,31.5,26.3,23,86,X,주의,X,낮음
8/15/2026,군위(823),X,32.1,31.5,26.3,23,86,X,주의,X,낮음
8/15/2026,군위(823),X,32.1,31.5,26.3,23,86,X,주의,X,낮음
8/15/2026,군위(823),X,32.1,31.5,26.3,23,86,X,주의,X,낮음
8/15/2026,군위(823),X,32.1,31.5,26.3,23,86,X,주의,X,낮음
8/15/2026,군위(823),X,32.1,31.5,26.3,23,86,X,주의,X,낮음
8/15/2026,군위(823),X,32.1,31.5,26.3,23,86,X,주의,X,낮음
8/15/2026,군위(823),X,32.1,31.5,26.3,23,86,X,주의,X,낮음
8/15/2026,군위(823),X,32.1,31.5,26.3,23,86,X,주의,X,낮음
8/15/2026,군위(823),X,32.1,31.5,26.3,23,86,X,주의,X,낮음
8/15/2026,군위(823),X,32.1,31.5,26.3,23,86,X,주의,X,낮음
8/15/2026,군위(823),X,32.1,31.5,26.3,23,86,X,주의,X,낮음
8/15/2026,군위(823),X,32.1,31.5,26.3,23,86,X,주의,X,낮음
8/15/2026,군위(823),X,32.1,31.5,26.3,23,86,X,주의,X,낮음
8/15/2026,군위(823),X,32.1,31.5,26.3,23,86,X,주의,X,낮음
8/15/2026,군위(823),X,32.1,31.5,26.3,23,86,X,주의,X,낮음
8/15/2026,군위(823),X,32.1,31.5,26.3,23,86,X,주의,X,낮음
8/15/2026,군위(823),X,32.1,31.5,26.3,23,86,X,주의,X,낮음
8/15/2026,군위(823),X,32.1,31.5,26.3,23,86,X,주의,X,낮음
8/15/2026,군위(823),X,32.1,31.5,26.3,23,86,X,주의,X,낮음
8/15/2026,군위(823),X,32.1,31.5,26.3,23,86,X,주의,X,낮음
8/15/2026,군위(823),X,32.1,31.5,26.3,23,86,X,주의,X,낮음
8/15/2026,군위(823),X,32.1,31.5,26.3,23,86,X,주의,X,낮음
8/15/2026,군위(823),X,32.1,31.5,26.3,23,86,X,주의,X,낮음
8/15/2026,군위(823),X,32.1,31.5,26.3,23,86,X,주의,X,낮음
8/15/2026,군위(823),X,32.1,31.5,26.3,23,86,X,주의,X,낮음
8/15/2026,군위(823),X,32.1,31.5,26.3,23,86,X,주의,X,낮음
8/15/2026,칠곡(825),X,32,32.6,27.7,24.5,75,X,주의,X,낮음
8/15/2026,경산(827),X,32.2,33,27.4,23.8,69,X,주의,X,낮음
8/15/2026,삼척(876),X,29.2,27.1,24.3,22.8,91,X, ,X,낮음
8/15/2026,속초(90),X,28.7,26.6,24,22.1,90,X, ,X,낮음
8/15/2026,삼천포(907),X,31.8,31.1,25.8,22.7,85,X,관심,X,낮음
8/15/2026,고성(918),X,31.8,31.2,26.1,22.6,86,X, ,X,낮음
8/15/2026,창녕(919),X,32.2,32.8,26.8,22.7,75,X,주의,X,낮음
8/15/2026,함안(920),X,32.5,32.1,25.8,21.6,83,X,주의,X,낮음
8/15/2026,북춘천(93),X,29.8,28,24.8,23.1,89.8,X,관심,X,낮음
8/15/2026,하동(932),X,31.3,31.2,25.5,23.1,87,X, ,X,낮음
8/15/2026,철원(95),X,28.6,25.6,23.6,22.2,95.4,X,관심,X,낮음
8/15/2026,동두천(98),X,27.7,25.6,24.1,23.2,84,X,관심,X,낮음
8/15/2026,파주(99),X,29.1,26.8,23.8,22,90.9,X, ,X,낮음
8/16/2026,북강릉(104),X,27.9,25.1,23,22,95.9,X, ,X,낮음
8/16/2026,동해(106),X,27.7,25.2,23,21.3,93.5,X, ,X,낮음
8/16/2026,서울(108),X,28,25.5,24.1,22.6,88.8,O,관심,X,낮음
8/16/2026,인천(112),X,28.6,26.3,24.9,23,87.8,X, ,X,낮음
8/16/2026,원주(114),X,28.6,27.4,24.5,22.5,81.6,X, ,X,낮음
8/16/2026,울릉도(115),X,28.9,26.1,24.5,21.7,89.1,X, ,X,낮음
8/16/2026,수원(119),X,28.1,26.3,24.2,21.6,83.8,X,관심,X,낮음
8/16/2026,영월(121),X,29,27.2,23,20.8,89.6,X, ,X,낮음
8/16/2026,충주(127),X,28.3,27,24.5,22.5,82.4,X, ,X,낮음
8/16/2026,서산(129),X,30.5,29,25,22.3,87.6,X, ,X,낮음
8/16/2026,울진(130),X,27.1,24.1,22.7,21.4,97.1,X, ,X,낮음
8/16/2026,청주(131),X,29.2,28.7,25.3,22.8,77.4,X, ,X,낮음
8/16/2026,대전(133),X,30.8,29.7,24.9,22.6,84.6,X, ,X,낮음
8/16/2026,추풍령(135),X,25.8,23.1,21.8,20.6,91.1,X, ,X,낮음
8/16/2026,안동(136),X,27.4,25.3,22.7,21.2,91,X, ,X,낮음
8/16/2026,상주(137),X,27.5,24.6,22.3,21.1,97.9,X, ,X,낮음
8/16/2026,포항(138),X,28.7,26.4,24.1,23.1,90,X, ,X,낮음
8/16/2026,군산(140),X,31.7,30,25.1,22.2,88.1,X, ,X,낮음
8/16/2026,대구(143),X,27.3,24.6,22.7,21.4,94,X, ,X,낮음
8/16/2026,전주(146),X,30.8,29.5,25.6,22.5,80.3,X, ,X,낮음
8/16/2026,울산(152),X,27.5,24.5,22.9,21.6,94.3,X, ,X,낮음
8/16/2026,창원(155),X,28.2,25.1,23.3,22.6,96.4,X, ,X,낮음
8/16/2026,광주(156),X,31,29.1,25.5,22.9,88.5,X, ,X,낮음
8/16/2026,부산(159),X,29.5,26.9,23.4,21.7,89.4,X, ,X,낮음
8/16/2026,통영(162),X,27.4,24.5,23.4,22.4,96.3,X, ,X,낮음
8/16/2026,목포(165),X,31.8,29.4,26,23.2,91.5,X, ,O,낮음
8/16/2026,여수(168),X,28,25.6,23.6,22.7,95.9,X,주의,X,낮음
8/16/2026,흑산도(169),X,32,30.4,25.9,22.7,88,X,관심,X,낮음
8/16/2026,완도(170),X,30.9,27.9,25.7,23.1,94.4,X, ,X,낮음
8/16/2026,고창(172),X,32.3,30.5,25.5,22.6,93.6,X, ,X,낮음
8/16/2026,제주(184),X,31,29.1,27.4,25.8,85,X, ,O,낮음
8/16/2026,진주(192),X,26.3,23.2,22.3,21.6,96.1,X, ,X,낮음
8/16/2026,양평(202),X,27.6,25.5,23.7,22.8,90.8,X, ,X,낮음
8/16/2026,이천(203),X,29.2,26.2,23.6,22.4,96,X, ,X,낮음
8/16/2026,인제(211),X,27.1,24.4,22.8,21.5,91.9,X, ,X,낮음
8/16/2026,홍천(212),X,27.7,25.5,23.5,22.2,91.4,X, ,X,낮음
8/16/2026,태백(216),X,24.2,21.8,19.7,18,95.1,X, ,X,낮음
8/16/2026,정선군(217),X,27.8,25.3,22.8,21.3,94,X, ,X,낮음
8/16/2026,제천(221),X,26.9,24.8,22.4,21,91.8,X, ,X,낮음
8/16/2026,보은(226),X,27.4,25.6,22.9,21.3,90.8,X, ,X,낮음
8/16/2026,천안(232),X,28.6,27.2,24.1,21.7,87.5,X, ,X,낮음
8/16/2026,보령(235),X,31.7,30.8,25.4,22.1,85.8,X, ,X,낮음
8/16/2026,부여(236),X,31.3,30.3,24.8,21.9,87.1,X, ,X,낮음
8/16/2026,금산(238),X,30.2,29.7,24.7,21.9,85,X, ,X,낮음
8/16/2026,세종(239),X,30,28.2,24.5,22,87.5,X, ,X,낮음
8/16/2026,부안(243),X,31,30.1,25.6,22.2,83.5,X, ,X,낮음
8/16/2026,임실(244),X,28.7,27.4,23.9,22,84.5,X, ,X,낮음
8/16/2026,정읍(245),X,31.3,30.3,25.9,22.6,83.1,X, ,X,낮음
8/16/2026,남원(247),X,27.6,26,23.8,22.5,85.4,X, ,X,낮음
8/16/2026,장수(248),X,26.9,25.2,22.3,21,90.8,X, ,X,낮음
8/16/2026,영광군(252),X,31.9,30.1,25.1,22.2,91.4,X, ,X,낮음
8/16/2026,김해시(253),X,28.5,25.9,22.8,21.6,99,X, ,X,낮음
8/16/2026,순창군(254),X,29.5,27.9,24.4,22.3,85.3,X, ,X,낮음
8/16/2026,양산시(257),X,28.8,25.9,23.3,21.7,99.3,X, ,X,낮음
8/16/2026,강진군(259),X,31,28.3,25,23.2,95.8,X,주의,X,낮음
8/16/2026,장흥(260),X,29.9,27,24.8,23.3,94.1,X, ,X,낮음
8/16/2026,해남(261),X,32.2,29.6,26.4,23,92.1,X, ,X,낮음
8/16/2026,고흥(262),X,29.3,26.3,24.1,23.4,95.3,X, ,X,낮음
8/16/2026,의령군(263),X,26.7,23.5,22.1,21.1,98.6,X, ,X,낮음
8/16/2026,함양군(264),X,26.2,23.1,22.6,21.9,97.4,X, ,X,낮음
8/16/2026,진도군ASOS(268),X,31.7,29.7,26.7,23.4,90.5,X,관심,O,낮음
8/16/2026,봉화(271),X,26.2,23.2,21.4,20,95.9,X, ,X,낮음
8/16/2026,영주(272),X,26.3,23.3,21.6,20.3,99.5,X, ,X,낮음
8/16/2026,문경(273),X,26.7,23.4,22.2,20.9,99.4,X, ,X,낮음
8/16/2026,청송군(276),X,27.8,24.5,22.3,20.7,98.6,X, ,X,낮음
8/16/2026,영덕(277),X,26.8,23.7,22.6,21,98.1,X, ,X,낮음
8/16/2026,의성(278),X,27.5,24.4,23,21.4,97.5,X, ,X,낮음
8/16/2026,구미(279),X,28.4,26.8,23.1,21.5,92,X, ,X,낮음
8/16/2026,영천(281),X,27.3,24.1,22.5,21.3,97.6,X, ,X,낮음
8/16/2026,경주시(283),X,27.7,24.7,23,21.6,95.5,X, ,X,낮음
8/16/2026,거창(284),X,25.6,22.7,22.1,21.1,94,X, ,X,낮음
8/16/2026,합천(285),X,26.8,23.6,22.5,21.5,98.6,X, ,X,낮음
8/16/2026,밀양(288),X,27.4,24.4,23.1,21.7,94.6,X, ,X,낮음
8/16/2026,산청(289),X,26.3,23.1,22.2,21.5,98.4,X, ,X,낮음
8/16/2026,거제(294),X,27.1,24.1,23.1,22.2,95.5,X, ,X,낮음
8/16/2026,남해(295),X,27.1,23.9,22.8,22.2,96.9,X, ,X,낮음
8/16/2026,부천(433),X,28.7,26.8,24.6,22.3,86,X,관심,X,낮음
8/16/2026,안양(434),X,,26.1,24.5,22.2,,X,관심,X,낮음
8/16/2026,광명(437),X,28.5,26.3,24.9,22.4,83,X,관심,X,낮음
8/16/2026,군포(438),X,27.7,26,24,21.9,82,X,관심,X,낮음
8/16/2026,김포(441),X,28.6,25.9,24.3,22.3,93,X,관심,X,낮음
8/16/2026,하남(444),X,28.6,26.2,24.1,22.2,92,X,관심,X,낮음
8/16/2026,의왕(445),X,28.5,26.1,23.6,21,94,X,관심,X,낮음
8/16/2026,포천(504),X,27.6,25.2,23.4,21.3,95,X,관심,X,낮음
8/16/2026,가평조종(505),X,28,25.1,23,21.7,99,X,관심,X,낮음
8/16/2026,안성(516),X,30.1,28.7,24.7,22,85,X,관심,X,낮음
8/16/2026,간성(517),X,27.4,24.8,22.9,21.6,94,X, ,X,낮음
8/16/2026,평창(526),X,27,25.4,22.2,20.8,88,X, ,X,낮음
8/16/2026,의정부(532),X,28.1,25.7,23.6,21.6,93,X,관심,X,낮음
8/16/2026,횡성(536),X,28,26.9,24.1,22,82,X,관심,X,낮음
8/16/2026,고양(540),X,28.4,25.8,23.8,21.5,93,X,관심,X,낮음
8/16/2026,남양주(541),X,28.6,26.1,24.1,21.8,92,X,관심,X,낮음
8/16/2026,안산(545),X,29.4,27.1,24.6,22.2,88,X,관심,X,낮음
8/16/2026,경기광주(546),X,27.3,24.5,22.9,21.7,93,X, ,X,낮음
8/16/2026,여주(548),X,28.8,27.1,23.9,22.7,90,X, ,X,낮음
8/16/2026,용인(549),X,28.6,26.7,24.2,22,86,X, ,X,낮음
8/16/2026,오산(550),X,29,26.6,23.9,21.2,88,X,관심,X,낮음
8/16/2026,평택(551),X,31.5,29.2,24.4,22,91,X, ,X,낮음
8/16/2026,화천(555),X,27.9,25.4,23.8,22.8,95,X, ,X,낮음
8/16/2026,양구(556),X,27.8,25.9,22.9,21.9,92,X, ,X,낮음
8/16/2026,시흥(565),X,28.1,26,23.9,21.7,88,X,관심,X,낮음
8/16/2026,구리(569),X,27.8,25.6,23.4,21.4,91,X, ,X,낮음
8/16/2026,화성(571),X,29.1,27.3,24.7,22.1,85,X,관심,X,낮음
8/16/2026,성남(572),X,28.2,25.7,23.3,21.8,96,X,관심,X,낮음
8/16/2026,과천(590),X,27.5,24.7,23.5,21.6,95,X,관심,X,낮음
8/16/2026,양주(598),X,28.1,25.6,23.7,21.8,94,X,관심,X,낮음
8/16/2026,단양(601),X,28.4,27,23.1,21.7,91,X, ,X,낮음
8/16/2026,진천(602),X,28.4,26.7,23.8,21.8,87,X, ,X,낮음
8/16/2026,괴산(603),X,27.6,26,23.5,22.1,88,X, ,X,낮음
8/16/2026,옥천(604),X,30.1,28.6,24.4,22.4,86,X, ,X,낮음
8/16/2026,홍북(608),X,,,,,,X, ,X,낮음
8/16/2026,공주(612),X,30.9,29,24.4,21.8,89,X, ,X,낮음
8/16/2026,서천(614),X,30.8,29.1,24.7,21.6,91,X,관심,X,낮음
8/16/2026,논산(615),X,31.1,30.4,25.1,22,82,X, ,X,낮음
8/16/2026,당진(616),X,31.1,29.8,24.6,22,87,X, ,X,낮음
8/16/2026,청양(618),X,30.6,28.7,24.5,21.5,92,X, ,X,낮음
8/16/2026,음성(619),X,29,26.6,23.7,22.2,89,X, ,X,낮음
8/16/2026,증평(623),X,28,26.5,23.8,21.9,84,X, ,X,낮음
8/16/2026,태안(627),X,30.8,29,25,22.2,89,X, ,X,낮음
8/16/2026,예산(628),X,30.2,28.6,24.7,22,85,X, ,X,낮음
8/16/2026,아산(634),X,30.6,30.2,25,21.9,82,X, ,X,낮음
8/16/2026,계룡(636),X,30.5,29,24.1,21.7,91,X, ,X,낮음
8/16/2026,연천청산(652),X,27.5,25.2,23.4,21.9,90,X,관심,X,낮음
8/16/2026,양양(670),X,27.8,25.5,23,21.8,91,X, ,X,낮음
8/16/2026,무안(699),X,31.8,,,,,X, ,X,낮음
8/16/2026,무주(701),X,28.6,27.8,23.1,21.1,86,X, ,X,낮음
8/16/2026,익산(702),X,30.8,29.1,25.4,22.7,86,X, ,X,낮음
8/16/2026,진안(703),X,29.1,27.5,23,21.3,89,X, ,X,낮음
8/16/2026,담양(706),X,30.5,28.7,24.9,22.6,88,X,주의,X,낮음
8/16/2026,구례(709),X,27.3,25.9,24,23,83,X, ,X,낮음
8/16/2026,나주(710),X,30.1,28,24.9,22.6,90,X, ,X,낮음
8/16/2026,순천시(712),X,27.6,24.4,23.5,22.7,97,X,주의,X,낮음
8/16/2026,광양읍(713),X,27.5,24.3,23.5,22.9,97,X,주의,X,낮음
8/16/2026,장성(730),X,32,30.8,25.7,22.8,85,X, ,X,낮음
8/16/2026,영암(731),X,31.3,28.9,25.5,23.3,92,X,관심,X,낮음
8/16/2026,보성(732),X,26.8,24.1,23.2,22.4,90,X,주의,X,낮음
8/16/2026,완주(734),X,32,31.6,25.2,21.8,84,X, ,X,낮음
8/16/2026,김제(737),X,31.3,29.8,25.6,22.3,88,X,관심,X,낮음
8/16/2026,화순(741),X,29.6,27.3,24.8,23,88,X,주의,X,낮음
8/16/2026,함평(754),X,31.8,29,25.4,22.9,93,X, ,X,낮음
8/16/2026,곡성(768),X,29.8,27.2,23.9,22.3,95,X, ,X,낮음
8/16/2026,압해도(789),X,32,30.4,26.3,23.1,86,X,관심,O,낮음
8/16/2026,영양(801),X,27,24,22,20.3,98,X, ,X,낮음
8/16/2026,성주(810),X,27.4,24.5,22.5,21,96,X, ,X,낮음
8/16/2026,고령(812),X,27.2,23.9,22.5,21.3,99,X, ,X,낮음
8/16/2026,청도(813),X,26.7,23.4,22.3,21.1,100,X, ,X,낮음
8/16/2026,예천(815),X,27.1,24.1,22.6,21.4,94,X, ,X,낮음
8/16/2026,김천(822),X,27.2,24.4,22.6,21.2,91,X, ,X,낮음
8/16/2026,군위(823),X,27.8,24.5,23.1,21.5,98,X, ,X,낮음
8/16/2026,군위(823),X,27.8,24.5,23.1,21.5,98,X, ,X,낮음
8/16/2026,군위(823),X,27.8,24.5,23.1,21.5,98,X, ,X,낮음
8/16/2026,군위(823),X,27.8,24.5,23.1,21.5,98,X, ,X,낮음
8/16/2026,군위(823),X,27.8,24.5,23.1,21.5,98,X, ,X,낮음
8/16/2026,군위(823),X,27.8,24.5,23.1,21.5,98,X, ,X,낮음
8/16/2026,군위(823),X,27.8,24.5,23.1,21.5,98,X, ,X,낮음
8/16/2026,군위(823),X,27.8,24.5,23.1,21.5,98,X, ,X,낮음
8/16/2026,군위(823),X,27.8,24.5,23.1,21.5,98,X, ,X,낮음
8/16/2026,군위(823),X,27.8,24.5,23.1,21.5,98,X, ,X,낮음
8/16/2026,군위(823),X,27.8,24.5,23.1,21.5,98,X, ,X,낮음
8/16/2026,군위(823),X,27.8,24.5,23.1,21.5,98,X, ,X,낮음
8/16/2026,군위(823),X,27.8,24.5,23.1,21.5,98,X, ,X,낮음
8/16/2026,군위(823),X,27.8,24.5,23.1,21.5,98,X, ,X,낮음
8/16/2026,군위(823),X,27.8,24.5,23.1,21.5,98,X, ,X,낮음
8/16/2026,군위(823),X,27.8,24.5,23.1,21.5,98,X, ,X,낮음
8/16/2026,군위(823),X,27.8,24.5,23.1,21.5,98,X, ,X,낮음
8/16/2026,군위(823),X,27.8,24.5,23.1,21.5,98,X, ,X,낮음
8/16/2026,군위(823),X,27.8,24.5,23.1,21.5,98,X, ,X,낮음
8/16/2026,군위(823),X,27.8,24.5,23.1,21.5,98,X, ,X,낮음
8/16/2026,군위(823),X,27.8,24.5,23.1,21.5,98,X, ,X,낮음
8/16/2026,군위(823),X,27.8,24.5,23.1,21.5,98,X, ,X,낮음
8/16/2026,군위(823),X,27.8,24.5,23.1,21.5,98,X, ,X,낮음
8/16/2026,군위(823),X,27.8,24.5,23.1,21.5,98,X, ,X,낮음
8/16/2026,군위(823),X,27.8,24.5,23.1,21.5,98,X, ,X,낮음
8/16/2026,군위(823),X,27.8,24.5,23.1,21.5,98,X, ,X,낮음
8/16/2026,군위(823),X,27.8,24.5,23.1,21.5,98,X, ,X,낮음
8/16/2026,군위(823),X,27.8,24.5,23.1,21.5,98,X, ,X,낮음
8/16/2026,군위(823),X,27.8,24.5,23.1,21.5,98,X, ,X,낮음
8/16/2026,군위(823),X,27.8,24.5,23.1,21.5,98,X, ,X,낮음
8/16/2026,군위(823),X,27.8,24.5,23.1,21.5,98,X, ,X,낮음
8/16/2026,군위(823),X,27.8,24.5,23.1,21.5,98,X, ,X,낮음
8/16/2026,칠곡(825),X,28.7,25.3,23.3,21.6,99,X, ,X,낮음
8/16/2026,경산(827),X,27.4,24.2,22.7,21.6,96,X, ,X,낮음
8/16/2026,삼척(876),X,27.9,25.4,23.2,21.4,92,X, ,X,낮음
8/16/2026,속초(90),X,27.5,25.2,23.7,22.8,89.6,X, ,X,낮음
8/16/2026,삼천포(907),X,27.3,24,22.9,22.2,99,X, ,X,낮음
8/16/2026,고성(918),X,27.7,24.5,23.5,22.5,98,X, ,X,낮음
8/16/2026,창녕(919),X,27.7,24.6,23.1,21.9,93,X, ,X,낮음
8/16/2026,함안(920),X,27.1,23.9,22.7,21.7,95,X, ,X,낮음
8/16/2026,북춘천(93),X,28.1,25.4,23.8,22.8,95.8,X,관심,X,낮음
8/16/2026,하동(932),X,26.8,23.6,23,22.5,98,X, ,X,낮음
8/16/2026,철원(95),X,27.9,25.2,23.2,21.5,96.9,X,관심,X,낮음
8/16/2026,동두천(98),X,26.9,25,23.3,21.5,87.1,X,관심,X,낮음
8/16/2026,파주(99),X,27.4,25,23.6,22.5,93.8,X, ,X,낮음
8/17/2026,북강릉(104),X,30.3,27.8,24.5,21.5,93,X, ,X,낮음
8/17/2026,동해(106),X,30.9,29,24.6,21.5,91,X, ,X,낮음
8/17/2026,서울(108),X,28.7,26,24.9,23.7,86.9,O,관심,X,낮음
8/17/2026,인천(112),X,30.5,28.5,26.3,24.6,82.6,X, ,X,낮음
8/17/2026,원주(114),X,30.7,29.1,25.2,22.7,82.3,X,관심,X,낮음
8/17/2026,울릉도(115),X,28.6,25.8,24.4,21.1,93.3,X, ,X,낮음
8/17/2026,수원(119),X,29.5,27.5,24.5,22.8,89,X,관심,X,낮음
8/17/2026,영월(121),X,29,26.9,23.3,21.1,93.3,X, ,X,낮음
8/17/2026,충주(127),X,29.6,28.1,24.9,22.6,83.3,X, ,X,낮음
8/17/2026,서산(129),X,30.8,28.8,24.8,23,94.6,X,관심,X,낮음
8/17/2026,울진(130),X,30.4,28.1,24.9,22.5,93.6,X, ,X,낮음
8/17/2026,청주(131),X,30.8,29.6,26.4,23,78.1,X, ,X,낮음
8/17/2026,대전(133),X,30.7,28.8,25.2,22.8,89.6,X,관심,X,낮음
8/17/2026,추풍령(135),X,28.1,26,23.1,21,90,X, ,X,낮음
8/17/2026,안동(136),X,29.1,27,24,21.3,91.6,X, ,X,낮음
8/17/2026,상주(137),X,29.2,26.6,23.7,21.2,96.6,X, ,X,낮음
8/17/2026,포항(138),X,29.9,29,25.5,22.8,82.8,X,관심,X,낮음
8/17/2026,군산(140),O,33.3,31.8,26.9,23,85,X, ,X,낮음
8/17/2026,대구(143),X,30.2,29.2,24.6,21.8,86.6,X, ,X,낮음
8/17/2026,전주(146),X,32.1,31.2,27,24.5,80.8,X,관심,X,낮음
8/17/2026,울산(152),X,28.3,26.1,23.9,21.9,93.8,X, ,X,낮음
8/17/2026,창원(155),X,29.2,26,24.1,22.3,97.5,X, ,X,낮음
8/17/2026,광주(156),X,31.7,29.9,25.8,23.7,91.8,X, ,X,낮음
8/17/2026,부산(159),X,28.5,25.5,23.9,21.7,93,X, ,X,낮음
8/17/2026,통영(162),X,28.8,25.9,24,21.8,96.8,X, ,X,낮음
8/17/2026,목포(165),X,31.9,30.1,27.4,25.2,87,X,관심,X,낮음
8/17/2026,여수(168),X,29.4,26.7,24.5,22.4,94.1,X, ,X,낮음
8/17/2026,흑산도(169),O,33.9,32.8,27.7,24.6,81.5,O,관심,X,낮음
8/17/2026,완도(170),X,31.2,28.3,25.9,24.1,91.9,X, ,X,낮음
8/17/2026,고창(172),O,33.4,31.9,26.6,24.3,93.4,O,관심,X,낮음
8/17/2026,제주(184),O,33.5,32.4,28.4,25.7,80.1,X, ,X,낮음
8/17/2026,진주(192),X,28.5,26.4,23.6,22.1,95.4,X, ,X,낮음
8/17/2026,양평(202),X,29.2,27.2,24,22.4,91.9,X, ,X,낮음
8/17/2026,이천(203),X,29.6,26.7,24.1,22.5,97.3,X,관심,X,낮음
8/17/2026,인제(211),X,29.1,27.5,23.4,21.3,89.4,X, ,X,낮음
8/17/2026,홍천(212),X,28.3,26.1,24,22.6,90.4,X, ,X,낮음
8/17/2026,태백(216),X,28.2,27.4,22.5,19.2,86.4,X, ,X,낮음
8/17/2026,정선군(217),X,28.9,26.4,23.4,21.8,94.5,X, ,X,낮음
8/17/2026,제천(221),X,27.2,24.6,22.8,21.1,94.9,X, ,X,낮음
8/17/2026,보은(226),X,29.1,26.6,23.7,21.6,94.3,X, ,X,낮음
8/17/2026,천안(232),X,30.1,28.7,25.1,21.9,90.4,X,관심,X,낮음
8/17/2026,보령(235),X,32.2,30.8,26.5,23.3,85.6,X, ,X,낮음
8/17/2026,부여(236),X,31.7,30,25.8,22.3,89.4,X,관심,X,낮음
8/17/2026,금산(238),X,30.2,28,24.8,22.1,92.8,X, ,X,낮음
8/17/2026,세종(239),X,31.1,29.1,25.3,22.4,89.4,X, ,X,낮음
8/17/2026,부안(243),X,32.4,31.6,26.6,23.9,84.6,X, ,X,낮음
8/17/2026,임실(244),X,29.4,27.7,24.5,22.4,91,X, ,X,낮음
8/17/2026,정읍(245),O,33.1,32.4,26.7,24.3,84.5,X,관심,X,낮음
8/17/2026,남원(247),X,30.1,28.7,25.2,22.4,88.6,X,관심,X,낮음
8/17/2026,장수(248),X,28.3,26.8,23.8,21.3,89,X, ,X,낮음
8/17/2026,영광군(252),X,32.3,31,26.4,24.2,89.6,X, ,X,낮음
8/17/2026,김해시(253),X,,,,,,X, ,X,낮음
8/17/2026,순창군(254),X,31.2,29.7,25.1,22.3,90.3,X,관심,X,낮음
8/17/2026,양산시(257),X,29.7,26.3,24,22,99.9,X, ,X,낮음
8/17/2026,강진군(259),X,30.6,28.2,25.5,24.2,94.5,X,관심,X,낮음
8/17/2026,장흥(260),X,30.6,28.2,25.3,23.8,92,X, ,X,낮음
8/17/2026,해남(261),X,32.3,29.8,26.5,24.7,92.3,X, ,X,낮음
8/17/2026,고흥(262),X,31.8,30.2,25.9,23.6,89.3,X, ,X,낮음
8/17/2026,의령군(263),X,29.2,26.4,23.4,21.4,97.3,X,관심,X,낮음
8/17/2026,함양군(264),X,30.8,29,24.6,22.2,91.8,X, ,X,낮음
8/17/2026,진도군ASOS(268),X,32.6,30.8,26.6,24.2,90.6,X,관심,X,낮음
8/17/2026,봉화(271),X,27.6,25.4,22.7,20.3,94.4,X, ,X,낮음
8/17/2026,영주(272),X,27.8,24.8,22.5,20.4,99.6,X, ,X,낮음
8/17/2026,문경(273),X,28.2,25.1,23,21,99.5,X, ,X,낮음
8/17/2026,청송군(276),X,31.1,30,24.8,21.3,90.5,X, ,X,낮음
8/17/2026,영덕(277),X,30.4,28.6,24.5,21.6,89.8,X, ,X,낮음
8/17/2026,의성(278),X,30.9,29.7,24.9,21.8,92.8,X,관심,X,낮음
8/17/2026,구미(279),X,29.8,28.8,25,21.9,84.9,X, ,X,낮음
8/17/2026,영천(281),X,30.3,29.2,24.1,21.7,91.6,X, ,X,낮음
8/17/2026,경주시(283),X,30.1,28.5,24.7,21.8,89.3,X, ,X,낮음
8/17/2026,거창(284),X,29.4,27.3,23.7,21.6,92.3,X, ,X,낮음
8/17/2026,합천(285),X,30,28.5,24,21.8,94.6,X, ,X,낮음
8/17/2026,밀양(288),X,29.1,26.7,24.5,22.1,93.1,X, ,X,낮음
8/17/2026,산청(289),X,30.2,28.9,24.1,21.6,92.9,X, ,X,낮음
8/17/2026,거제(294),X,28.5,25.5,23.7,21.4,96.3,X, ,X,낮음
8/17/2026,남해(295),X,28.5,25.3,23.6,22,96.8,X, ,X,낮음
8/17/2026,부천(433),X,29.6,27.8,25.9,24.5,79,X,관심,X,낮음
8/17/2026,안양(434),X,,26.9,25.1,23.6,,X,관심,X,낮음
8/17/2026,광명(437),X,29.3,27.1,25.8,24.7,81,X,관심,X,낮음
8/17/2026,군포(438),X,29.2,27.1,24.5,23.3,86,X,관심,X,낮음
8/17/2026,김포(441),X,31.1,29.1,25.7,23.8,89,X,관심,X,낮음
8/17/2026,하남(444),X,29,26.7,24.8,23,94,X,관심,X,낮음
8/17/2026,의왕(445),X,29.8,26.8,24.1,22.7,96,X,관심,X,낮음
8/17/2026,포천(504),X,29.2,26.7,24.2,22.4,95,X,관심,X,낮음
8/17/2026,가평조종(505),X,29.3,26.3,23.5,22.3,100,X,관심,X,낮음
8/17/2026,안성(516),X,31.4,29.9,25.2,22.6,92,X,관심,X,낮음
8/17/2026,간성(517),X,28.9,26.7,24,21.9,91,X, ,X,낮음
8/17/2026,평창(526),X,26.8,24.2,22.3,20.6,95,X, ,X,낮음
8/17/2026,의정부(532),X,28.6,26.2,24.1,22.7,94,X,관심,X,낮음
8/17/2026,횡성(536),X,29.7,28,24.5,22.7,86,X,관심,X,낮음
8/17/2026,고양(540),X,30.1,28.2,24.7,22.6,89,X,관심,X,낮음
8/17/2026,남양주(541),X,29.2,27.4,24.7,23,93,X,관심,X,낮음
8/17/2026,안산(545),X,30.1,27.5,24.6,22.5,93,X,관심,X,낮음
8/17/2026,경기광주(546),X,28.7,26,23.4,21.6,95,X,관심,X,낮음
8/17/2026,여주(548),X,29.9,27.5,23.9,22.3,94,X, ,X,낮음
8/17/2026,용인(549),X,30.1,28.3,24.9,22.3,89,X, ,X,낮음
8/17/2026,오산(550),X,30.7,28.5,24.1,21.9,92,X,관심,X,낮음
8/17/2026,평택(551),X,31.8,28.7,25.3,22.5,96,X,관심,X,낮음
8/17/2026,화천(555),X,28.6,26.1,24.2,22.6,93,X, ,X,낮음
8/17/2026,양구(556),X,29.1,27.5,23.6,21.8,91,X, ,X,낮음
8/17/2026,시흥(565),X,28.8,26.1,24.3,22.5,89,X,관심,X,낮음
8/17/2026,구리(569),X,29.3,27.5,24.7,22.6,88,X,관심,X,낮음
8/17/2026,화성(571),X,29.4,26.9,24.5,23.3,92,X,관심,X,낮음
8/17/2026,성남(572),X,29.1,26.2,24.3,22,94,X,관심,X,낮음
8/17/2026,과천(590),X,29.9,26.8,24.4,22.3,94,X,관심,X,낮음
8/17/2026,양주(598),X,30.7,28.8,24.8,22.3,92,X,관심,X,낮음
8/17/2026,단양(601),X,28.4,26.3,23.1,21,93,X, ,X,낮음
8/17/2026,진천(602),X,30.3,28.3,24.9,21.9,89,X, ,X,낮음
8/17/2026,괴산(603),X,29.2,27.4,24.1,21,88,X, ,X,낮음
8/17/2026,옥천(604),X,30.4,28.4,25,22.5,89,X, ,X,낮음
8/17/2026,홍북(608),X,,,,,,X, ,X,낮음
8/17/2026,공주(612),X,31.1,28.8,25.5,22.2,91,X, ,X,낮음
8/17/2026,서천(614),X,32.8,31.1,26,22.6,90,X,관심,X,낮음
8/17/2026,논산(615),X,32.4,31.2,26,22.6,85,X,관심,X,낮음
8/17/2026,당진(616),X,30.3,27.5,24.4,22.4,95,X,관심,X,낮음
8/17/2026,청양(618),X,32.3,30.9,25.5,22.1,91,X, ,X,낮음
8/17/2026,음성(619),X,29.4,27.2,24.6,21.9,89,X, ,X,낮음
8/17/2026,증평(623),X,29.5,27.7,25.3,22.2,83,X, ,X,낮음
8/17/2026,태안(627),X,31.2,28.8,24.8,22.8,93,X,관심,X,낮음
8/17/2026,예산(628),X,30.4,28.2,25.2,22.5,90,X,관심,X,낮음
8/17/2026,아산(634),X,31,28.8,25.2,22.3,89,X,관심,X,낮음
8/17/2026,계룡(636),X,31,28.6,24.6,21.9,97,X, ,X,낮음
8/17/2026,연천청산(652),X,29.6,28,24.6,21.6,85,X,관심,X,낮음
8/17/2026,양양(670),X,28.7,26.5,24.2,22,89,X, ,X,낮음
8/17/2026,무안(699),X,,,,,,X, ,X,낮음
8/17/2026,무주(701),X,30.6,29.1,24.1,21.1,89,X, ,X,낮음
8/17/2026,익산(702),X,32.4,30.4,26.2,23.9,89,X,관심,X,낮음
8/17/2026,진안(703),X,29.7,27.4,24.2,21.7,93,X, ,X,낮음
8/17/2026,담양(706),X,31.9,30,25.4,22.9,93,X,관심,X,낮음
8/17/2026,구례(709),X,31,29.8,25.7,23.1,82,X, ,X,낮음
8/17/2026,나주(710),X,31,28.9,25.4,23.5,92,X, ,X,낮음
8/17/2026,순천시(712),X,31.5,29.3,25.4,23,94,X, ,X,낮음
8/17/2026,광양읍(713),X,32,30.5,25.8,23,90,X, ,X,낮음
8/17/2026,장성(730),X,32.3,30.7,26.2,24.1,88,X,관심,X,낮음
8/17/2026,영암(731),X,31.2,29.1,26.2,24.4,90,O,관심,X,낮음
8/17/2026,보성(732),X,29.7,27.7,24.3,22.6,88,X, ,X,낮음
8/17/2026,완주(734),X,31.1,29.6,25.3,22.9,90,X, ,X,낮음
8/17/2026,김제(737),X,32.9,30.9,26.2,23.5,94,X,관심,X,낮음
8/17/2026,화순(741),X,31,29.6,25.5,24,86,X,관심,X,낮음
8/17/2026,함평(754),X,32.2,29.8,26.2,24.4,95,X,관심,X,낮음
8/17/2026,곡성(768),X,31.7,30.1,25,22.3,95,X, ,X,낮음
8/17/2026,압해도(789),X,32.8,32.3,27.4,25,82,O,관심,X,낮음
8/17/2026,영양(801),X,31.1,29.1,24.4,21.3,94,X, ,X,낮음
8/17/2026,성주(810),X,30.1,28.4,24.3,21.3,91,X, ,X,낮음
8/17/2026,고령(812),X,30.2,28.2,24.4,21.7,96,X, ,X,낮음
8/17/2026,청도(813),X,28.9,26.4,23.5,21.6,98,X, ,X,낮음
8/17/2026,예천(815),X,28.8,26.1,23.7,21.4,95,X, ,X,낮음
8/17/2026,김천(822),X,30.2,29.2,24.6,21.4,85,X, ,X,낮음
8/17/2026,군위(823),X,31.9,30.6,25,21.8,93,X,관심,X,낮음
8/17/2026,군위(823),X,31.9,30.6,25,21.8,93,X,관심,X,낮음
8/17/2026,군위(823),X,31.9,30.6,25,21.8,93,X,관심,X,낮음
8/17/2026,군위(823),X,31.9,30.6,25,21.8,93,X,관심,X,낮음
8/17/2026,군위(823),X,31.9,30.6,25,21.8,93,X,관심,X,낮음
8/17/2026,군위(823),X,31.9,30.6,25,21.8,93,X,관심,X,낮음
8/17/2026,군위(823),X,31.9,30.6,25,21.8,93,X,관심,X,낮음
8/17/2026,군위(823),X,31.9,30.6,25,21.8,93,X,관심,X,낮음
8/17/2026,군위(823),X,31.9,30.6,25,21.8,93,X,관심,X,낮음
8/17/2026,군위(823),X,31.9,30.6,25,21.8,93,X,관심,X,낮음
8/17/2026,군위(823),X,31.9,30.6,25,21.8,93,X,관심,X,낮음
8/17/2026,군위(823),X,31.9,30.6,25,21.8,93,X,관심,X,낮음
8/17/2026,군위(823),X,31.9,30.6,25,21.8,93,X,관심,X,낮음
8/17/2026,군위(823),X,31.9,30.6,25,21.8,93,X,관심,X,낮음
8/17/2026,군위(823),X,31.9,30.6,25,21.8,93,X,관심,X,낮음
8/17/2026,군위(823),X,31.9,30.6,25,21.8,93,X,관심,X,낮음
8/17/2026,군위(823),X,31.9,30.6,25,21.8,93,X,관심,X,낮음
8/17/2026,군위(823),X,31.9,30.6,25,21.8,93,X,관심,X,낮음
8/17/2026,군위(823),X,31.9,30.6,25,21.8,93,X,관심,X,낮음
8/17/2026,군위(823),X,31.9,30.6,25,21.8,93,X,관심,X,낮음
8/17/2026,군위(823),X,31.9,30.6,25,21.8,93,X,관심,X,낮음
8/17/2026,군위(823),X,31.9,30.6,25,21.8,93,X,관심,X,낮음
8/17/2026,군위(823),X,31.9,30.6,25,21.8,93,X,관심,X,낮음
8/17/2026,군위(823),X,31.9,30.6,25,21.8,93,X,관심,X,낮음
8/17/2026,군위(823),X,31.9,30.6,25,21.8,93,X,관심,X,낮음
8/17/2026,군위(823),X,31.9,30.6,25,21.8,93,X,관심,X,낮음
8/17/2026,군위(823),X,31.9,30.6,25,21.8,93,X,관심,X,낮음
8/17/2026,군위(823),X,31.9,30.6,25,21.8,93,X,관심,X,낮음
8/17/2026,군위(823),X,31.9,30.6,25,21.8,93,X,관심,X,낮음
8/17/2026,군위(823),X,31.9,30.6,25,21.8,93,X,관심,X,낮음
8/17/2026,군위(823),X,31.9,30.6,25,21.8,93,X,관심,X,낮음
8/17/2026,군위(823),X,31.9,30.6,25,21.8,93,X,관심,X,낮음
8/17/2026,칠곡(825),X,31.1,29.4,25.2,22.1,94,X,관심,X,낮음
8/17/2026,경산(827),X,30.4,29.5,24.4,21.8,91,X, ,X,낮음
8/17/2026,삼척(876),X,30.7,29.2,24.8,21.5,90,X, ,X,낮음
8/17/2026,속초(90),X,28.8,26.9,24.5,22.8,87,X, ,X,낮음
8/17/2026,삼천포(907),X,28.6,25.2,23.5,21.3,99,X, ,X,낮음
8/17/2026,고성(918),X,29.3,26.2,23.9,21.5,98,X, ,X,낮음
8/17/2026,창녕(919),X,30.1,28.3,24.6,22.1,91,X,관심,X,낮음
8/17/2026,함안(920),X,28.8,26.2,23.5,21.6,96,X, ,X,낮음
8/17/2026,북춘천(93),X,28.7,26.4,24.1,22.6,94.8,X,관심,X,낮음
8/17/2026,하동(932),X,30.1,28.3,25,22.8,92,X, ,X,낮음
8/17/2026,철원(95),X,29.4,27.2,24.5,21.6,91.9,X, ,X,낮음
8/17/2026,동두천(98),X,29,27.8,24.5,22.2,83.8,X, ,X,낮음
8/17/2026,파주(99),X,29.5,27.9,24.5,22.6,89.5,X, ,X,낮음
